"Country ";"Short";"League ";"Hour";"Status";"Home Team";"Result Home";"Result Visitor";"Visitor Team";"Result Home HT";"Result Visitor HT";"Odds";"Odds";"Casa";"Fora";"Casa";"Fora";"Global";"Casa";"Fora";"Casa";"Fora";"Casa";"Fora";"Casa";"Fora";"Global";"Casa";"Fora";"Global";"Casa";"Fora";"Casa";"Fora";"Casa";"Fora";"Casa";"Fora";"Casa";"Fora";"Casa";"Fora";"Casa";"Fora";"Casa";"Fora";"Global";"Casa";"Fora";"Casa";"Fora";"Global";"Casa";"Fora";"Casa";"Fora";"Casa";"Fora";"Casa";"Fora";"Casa";"Fora";"Global";"Casa";"Fora";"Casa";"Fora";"Casa";"Fora";"Casa";"Fora";"Global";"Global"
"World";"WOR";"World Cup";"27-06-2026 00:00";"FT";"New Zealand";"1";"5";"Belgium";"0";"1";"13.34";"1.18";"38";"80";"31";"88";"4";"41";"67";"0.5";"2";"40";"72";"9.3";"5.8";"";"";"";"";"10";"50";"20";"50";"70";"0";"17";"67";"30";"100";"80";"50";"90";"50";"0x1";"1x1";"25.1";"0.9";"2.6";"1.9";"0.7";"3";"44";"61";"";"";"10";"10";"9";"18.1";"15.5";"7.6";"9.1";"5.3";"2.3";"3.7";"6.9";"1.1";"1.6";"1";"2";"2.8";"2.6"
"World";"WOR";"World Cup";"27-06-2026 00:00";"FT";"Egypt";"1";"1";"Iran";"1";"1";"2.54";"3.50";"77";"80";"48";"48";"5";"40";"38";"1.6";"1.4";"36";"35";"5";"4.6";"";"";"";"";"40";"30";"40";"50";"20";"20";"53";"47";"80";"80";"60";"50";"60";"70";"1x1";"0x0";"18.2";"1.4";"1.4";"0.8";"0.7";"2.2";"45";"45";"";"";"10";"10";"9.2";"7.5";"10.6";"9.2";"6.9";"3.7";"4";"3.8";"2.3";"1.7";"1.5";"1.8";"1.9";"3.4";"2.6"
"World";"WOR";"World Cup";"27-06-2026 18:00";"FT";"Croatia";"2";"1";"Ghana";"1";"0";"1.80";"5.43";"56";"60";"58";"34";"1";"58";"39";"1.9";"1.1";"54";"35";"6.9";"7.3";"";"";"";"";"60";"30";"10";"20";"30";"50";"63";"37";"70";"50";"90";"80";"40";"70";"2x1";"0x1";"21.7";"1.7";"1";"1.4";"1.3";"2.7";"56";"38";"";"";"10";"10";"13.7";"7.9";"10.3";"11.5";"7.5";"4.2";"3.6";"4.2";"3";"1.2";"1.4";"0.9";"0.9";"2.2";"2.6"
"World";"WOR";"World Cup";"27-06-2026 18:00";"FT";"Panama";"0";"2";"England";"0";"0";"15.88";"1.15";"52";"100";"48";"71";"4";"44";"76";"1.2";"2.3";"41";"69";"6.2";"7.4";"";"";"";"";"30";"70";"30";"20";"40";"10";"40";"77";"60";"90";"70";"80";"70";"30";"0x1";"0x2";"22.2";"1.4";"2.1";"1.5";"0.4";"2.7";"45";"68";"";"";"10";"10";"9.3";"19.8";"9.5";"5.9";"7.8";"3.8";"1.7";"4.1";"6";"1.7";"0.7";"1.2";"1.6";"2.6";"2.6"
"World";"WOR";"World Cup";"27-06-2026 20:30";"FT";"Colombia";"0";"0";"Portugal";"0";"0";"3.93";"1.86";"77";"77";"68";"82";"2";"59";"70";"2.2";"2.1";"48";"72";"6.2";"6.9";"";"";"";"";"70";"60";"10";"30";"20";"10";"73";"70";"80";"90";"90";"70";"30";"40";"3x1";"1x2";"24.8";"2";"2.4";"0.8";"0.8";"3";"59";"68";"";"";"10";"10";"13.6";"18.5";"8.9";"8.7";"8.6";"2.7";"2.6";"5.4";"6.4";"0.9";"1.6";"2";"1.8";"3.2";"2.6"
"World";"WOR";"World Cup";"27-06-2026 20:30";"FT";"Congo DR";"3";"1";"Uzbekistan";"0";"1";"1.66";"5.18";"88";"46";"31";"41";"1";"50";"41";"1.4";"1.1";"42";"38";"10.3";"5.8";"";"";"";"";"30";"30";"50";"20";"20";"50";"47";"37";"80";"50";"50";"80";"70";"70";"0x0";"0x0";"21.1";"0.9";"1.2";"0.5";"1.7";"2.2";"44";"42";"";"";"10";"10";"12";"8.3";"9.8";"12.1";"7";"3.3";"4.3";"3.2";"3.1";"1";"0.8";"1.9";"0.9";"2.3";"2.6"
"World";"WOR";"World Cup";"27-06-2026 23:00";"FT";"Algeria";"3";"3";"Austria";"1";"1";"3.48";"3.54";"80";"80";"61";"85";"5";"52";"60";"2";"2.2";"44";"48";"5.1";"3.7";"";"";"";"";"60";"70";"20";"10";"20";"20";"67";"73";"80";"80";"80";"90";"40";"30";"1x0";"0x1";"20.4";"1.8";"2.5";"0.7";"0.7";"2.8";"52";"60";"";"";"10";"10";"11.6";"10";"10.1";"9.1";"7";"3.7";"1.9";"4";"4.3";"1.8";"1.8";"1.8";"1.5";"3.4";"2.6"
"World";"WOR";"World Cup";"27-06-2026 23:00";"FT";"Jordan";"1";"3";"Argentina";"0";"2";"19.75";"1.13";"46";"100";"48";"88";"4";"39";"64";"1.2";"2.7";"38";"54";"5.8";"4.4";"";"";"";"";"30";"90";"30";"0";"40";"10";"40";"90";"60";"90";"70";"100";"70";"10";"2x2";"0x2";"21.5";"1.4";"2.6";"1.7";"0.2";"3";"33";"63";"";"";"10";"10";"9.7";"12.9";"14.1";"6.2";"8.4";"5.3";"1.6";"4.1";"5.9";"1";"1.4";"1.3";"1.9";"2.8";"2.6"
"Brazil";"BRA";"Serie B";"27-06-2026 11:00";"FT";"Operário PR";"1";"0";"América Mineiro";"0";"0";"1.82";"4.57";"42";"38";"54";"37";"1";"44";"46";"1.3";"0.7";"42";"42";"6.9";"8.6";"9";"33";"33";"33";"40";"20";"10";"10";"50";"70";"43";"23";"50";"30";"90";"90";"60";"80";"1x2";"2x1";"28.2";"1.6";"1.1";"1.8";"1.9";"3.2";"50";"49";"7";"20";"10";"10";"13.4";"11.5";"15.3";"16.1";"10.2";"6.2";"5.9";"4.1";"4.3";"3.1";"2.9";"3.3";"2.5";"5.9";"5.5"
"Brazil";"BRA";"Serie B";"27-06-2026 16:00";"FT";"Criciúma";"1";"0";"São Bernardo";"1";"0";"1.67";"5.55";"74";"74";"44";"51";"1";"53";"41";"1.7";"1.7";"46";"36";"7.5";"5";"2";"50";"0";"50";"40";"40";"50";"50";"10";"10";"57";"57";"90";"90";"50";"50";"60";"60";"1x1";"1x1";"25.3";"1.3";"1.5";"0.9";"0.9";"2.3";"53";"47";"5";"3";"10";"10";"13.1";"10.1";"13.5";"13.9";"7.9";"4.2";"3.8";"3.9";"3.9";"2";"2.9";"1.9";"2.8";"4.8";"5.5"
"Brazil";"BRA";"Paraense A2";"27-06-2026 15:00";"FT_PEN";"Urumajó";"1";"1";"Izabelense";"1";"0";"";"";"84";"56";"44";"44";"";"";"59";"1.9";"1.5";"";"67";"";"";"";"";"";"";"50";"40";"40";"30";"10";"30";"63";"50";"90";"70";"60";"70";"50";"60";"0x0";"1x2";"";"1.3";"1.3";"0.6";"1.4";"2.3";"";"53";"";"";"10";"10";"";"14.7";"";"6.7";"";"";"3.7";"";"9";"";"2";"";"3";"";"6.2"
"China";"CHN";"League One";"27-06-2026 04:30";"FT";"Changchun Yatai";"1";"2";"Guangxi Hengchen";"0";"0";"2.55";"2.60";"46";"60";"54";"48";"5";"52";"59";"1.7";"1.3";"46";"57";"5.3";"6.4";"";"";"";"";"50";"30";"20";"40";"30";"30";"57";"43";"70";"70";"80";"60";"50";"70";"2x1";"1x1";"21";"1.6";"1.4";"1.7";"1.3";"3";"50";"59";"6";"5";"10";"10";"10.6";"13.2";"10.7";"7.6";"7.6";"3.9";"2.9";"4.2";"4.1";"2.2";"1.2";"1.3";"1.3";"3";"3.8"
"China";"CHN";"League One";"27-06-2026 08:00";"FT";"Dalian Kuncheng City";"5";"4";"Shenzhen Juniors FC";"3";"3";"2.17";"3.01";"56";"74";"31";"65";"5";"52";"50";"0.7";"2";"49";"45";"10.2";"4.5";"4";"75";"25";"0";"10";"60";"40";"20";"50";"20";"23";"67";"50";"80";"60";"80";"90";"40";"1x1";"0x0";"21.5";"0.9";"1.9";"1.4";"0.9";"2.6";"47";"54";"13";"2";"10";"10";"11.7";"9.8";"11.1";"10.4";"7.8";"3.9";"3.7";"3.6";"4.4";"1.8";"1.9";"1.5";"1.7";"3.4";"3.8"
"China";"CHN";"League One";"27-06-2026 08:30";"FT";"Guangzhou E-Power FC";"2";"1";"Shaanxi Union FC";"1";"1";"1.69";"4.32";"70";"84";"61";"48";"1";"54";"46";"2";"1.4";"48";"42";"6.3";"4.7";"4";"25";"0";"75";"60";"30";"20";"50";"20";"20";"67";"47";"80";"80";"80";"50";"40";"70";"1x0";"1x1";"22.7";"1.8";"1.4";"1";"0.6";"2.4";"52";"51";"1";"11";"10";"10";"15.5";"8.8";"10.3";"10.8";"8.5";"4.2";"4.4";"5.3";"3.1";"1.3";"1.6";"2.8";"2.2";"4";"3.8"
"China";"CHN";"League One";"27-06-2026 08:30";"FT";"Shijiazhuang Gongfu";"2";"1";"Nanjing City";"1";"1";"3.01";"2.42";"63";"70";"7";"27";"5";"44";"49";"0.4";"1.1";"31";"42";"31.5";"11.9";"8";"38";"25";"38";"0";"30";"40";"20";"60";"50";"13";"37";"40";"50";"60";"80";"100";"70";"0x0";"1x0";"20.8";"0.2";"0.8";"1.2";"1";"1.6";"51";"49";"16";"10";"10";"10";"9.8";"11.9";"9.2";"10.8";"6.4";"3.3";"4.1";"2.2";"3.2";"1.2";"2.4";"2.2";"2.3";"4";"3.8"
"China";"CHN";"League One";"27-06-2026 08:30";"FT";"Nantong Zhiyun";"1";"3";"Meizhou Hakka";"0";"1";"1.46";"6.24";"84";"42";"31";"31";"1";"56";"47";"1.8";"1.1";"53";"46";"9.1";"8.6";"8";"25";"50";"25";"50";"30";"30";"20";"20";"50";"60";"37";"80";"50";"70";"80";"50";"70";"1x0";"0x1";"22.6";"0.9";"0.9";"0.6";"1.8";"2.1";"52";"47";"3";"12";"10";"10";"11.4";"9.4";"11.4";"12.9";"7.2";"2.9";"4.6";"3.8";"3.1";"2.9";"1.6";"2";"1.5";"4";"3.8"
"China";"CHN";"League One";"27-06-2026 08:30";"FT";"Foshan Nashi FC";"0";"2";"Yanbian Longding";"0";"2";"2.80";"2.49";"46";"63";"41";"34";"5";"45";"46";"1";"1.1";"40";"40";"6.9";"7.9";"7";"29";"43";"29";"20";"20";"40";"50";"40";"30";"33";"37";"60";"70";"60";"50";"80";"80";"1x1";"0x0";"22";"1.2";"1";"1.7";"1.2";"2.6";"42";"50";"14";"7";"10";"10";"10.3";"9.7";"12";"12.1";"7.2";"4.2";"2.9";"3.4";"3.8";"2.1";"2";"1.8";"3";"4.4";"3.8"
"Finland";"FIN";"Ykkönen";"27-06-2026 16:15";"FT";"RoPS";"2";"2";"SalPa";"1";"1";"1.86";"3.38";"66";"35";"58";"75";"1";"54";"55";"1.7";"1.5";"48";"57";"6.1";"5.8";"";"";"";"";"50";"40";"20";"30";"30";"30";"57";"50";"70";"70";"80";"70";"50";"60";"1x0";"1x1";"19.5";"1.7";"2.2";"1.1";"2";"3.5";"48";"54";"3";"5";"10";"10";"10.4";"12.7";"6.5";"9.4";"9.4";"3.2";"5";"5";"5.6";"1";"1.7";"2.2";"2.2";"3.6";"3.9"
"Morocco";"MAR";"Botola 2";"27-06-2026 12:00";"FT";"Amal Tiznit";"1";"1";"Mouloudia Oujda";"1";"1";"1.53";"5.99";"63";"49";"31";"27";"1";"48";"52";"1.1";"0.7";"40";"45";"6.9";"11.9";"";"";"";"";"20";"10";"50";"40";"30";"50";"37";"23";"70";"50";"50";"60";"80";"90";"1x1";"1x1";"17.2";"0.9";"0.8";"1.2";"1.6";"2.2";"51";"51";"4";"9";"10";"10";"6.2";"9.5";"10.2";"8.2";"7.6";"5";"3.8";"1.8";"4.8";"1.5";"2.8";"3.5";"3";"5.4";"5.1"
"Morocco";"MAR";"Botola 2";"27-06-2026 12:00";"FT";"Racing de Casablanca";"0";"2";"Moghreb Tétouan";"0";"1";"7.07";"1.41";"52";"74";"27";"34";"2";"53";"48";"0.5";"1.3";"51";"40";"14.4";"8.3";"6";"0";"50";"50";"10";"30";"20";"40";"70";"30";"17";"43";"30";"70";"80";"60";"90";"70";"0x1";"1x0";"19.2";"0.8";"1";"1.5";"0.9";"2.1";"48";"51";"16";"2";"10";"10";"11.5";"8.3";"9.3";"9.3";"8.2";"4.7";"3.7";"4.7";"3.3";"2";"1.7";"3.1";"1.3";"4";"5.1"
"Morocco";"MAR";"Botola 2";"27-06-2026 12:00";"FT";"Raja Beni Mellal";"2";"0";"Chabab Mohammédia";"2";"0";"1.80";"4.31";"66";"60";"34";"17";"1";"55";"46";"1.2";"0.7";"45";"38";"12.5";"13.4";"";"";"";"";"30";"10";"30";"40";"40";"50";"40";"23";"60";"50";"70";"60";"70";"90";"1x1";"1x0";"19.2";"1";"0.5";"1.1";"1.3";"2";"54";"47";"15";"13";"10";"10";"12.5";"6.7";"8.6";"10.8";"8.4";"3.4";"5";"5.6";"2.8";"3.2";"2.8";"3.2";"2.6";"5.9";"5.1"
"Morocco";"MAR";"Botola 2";"27-06-2026 12:00";"FT";"Stade Marocain";"0";"1";"Widad Témara";"0";"0";"2.07";"3.64";"100";"74";"27";"48";"5";"44";"55";"2.1";"2";"42";"44";"9.9";"7.8";"5";"80";"0";"20";"70";"50";"0";"50";"30";"0";"70";"67";"70";"100";"100";"50";"30";"50";"1x0";"1x1";"18.4";"0.8";"1.4";"0.4";"0.9";"1.8";"45";"57";"5";"1";"10";"10";"7.9";"10.9";"10.2";"7.8";"8.3";"4.5";"3.4";"3.9";"4.8";"2.9";"3";"1.4";"3.1";"5.2";"5.1"
"Morocco";"MAR";"Botola 2";"27-06-2026 12:00";"FT";"Wydad Fès";"3";"0";"JS EL Massira";"1";"0";"2.79";"2.48";"56";"74";"31";"37";"5";"49";"49";"0.8";"1.3";"41";"42";"10.3";"8.4";"10";"20";"50";"30";"10";"30";"50";"40";"40";"30";"27";"43";"60";"70";"50";"60";"90";"70";"1x1";"1x1";"17.5";"0.9";"1.1";"1.4";"0.9";"2.2";"49";"48";"11";"6";"10";"10";"9.3";"9.2";"7.7";"8.8";"7.2";"3.1";"3.6";"3.7";"3.8";"1.9";"1.6";"1.6";"1.8";"3.4";"5.1"
"Morocco";"MAR";"Botola 2";"27-06-2026 12:00";"FT";"Chabab Ben Guerir";"0";"0";"Union Sportive Boujaad";"0";"0";"2.45";"2.99";"100";"66";"34";"20";"5";"45";"56";"2";"0.7";"38";"50";"7.2";"15.3";"2";"50";"50";"0";"50";"10";"50";"40";"0";"50";"67";"23";"100";"50";"50";"60";"50";"90";"1x0";"1x0";"16.8";"1";"0.6";"0.3";"1.1";"1.5";"48";"52";"10";"14";"10";"10";"7.2";"9.2";"9.6";"7.6";"6.2";"2.6";"3.2";"3";"3.6";"2.9";"1.8";"2.1";"2.6";"4.7";"5.1"
"Morocco";"MAR";"Botola 2";"27-06-2026 12:00";"FT";"KAC Kénitra";"1";"2";"JS Soualem";"0";"1";"2.11";"3.38";"70";"49";"41";"37";"5";"49";"48";"1.6";"0.9";"38";"40";"5.8";"7.7";"7";"14";"29";"57";"40";"20";"40";"30";"20";"50";"53";"30";"80";"50";"60";"70";"60";"80";"1x1";"1x1";"17.8";"1.2";"1.1";"1";"1.6";"2.4";"48";"50";"8";"7";"10";"10";"7";"8.5";"9.5";"10.5";"7.8";"4.5";"5.3";"2.7";"3.2";"2.2";"3.2";"2.7";"3.3";"5.6";"5.1"
"Morocco";"MAR";"Botola 2";"27-06-2026 12:00";"FT";"USM Oujda";"1";"1";"Chabab Atlas Khénifra";"0";"0";"3.27";"2.22";"74";"70";"24";"41";"5";"48";"49";"1.2";"1.7";"44";"36";"11.7";"7.5";"10";"30";"10";"60";"30";"50";"30";"20";"40";"30";"40";"57";"60";"70";"70";"80";"70";"50";"0x2";"0x1";"17.2";"0.7";"1.2";"0.9";"1";"1.9";"46";"51";"12";"3";"10";"10";"8.2";"9";"8.2";"9";"7.5";"4.8";"3.7";"3.2";"3.3";"1.3";"3.2";"2.5";"2.4";"4.8";"5.1"
"Sweden";"SWE";"Damallsvenskan";"27-06-2026 09:00";"FT";"Malmö FF W";"6";"0";"Kristianstads W";"3";"0";"1.43";"5.54";"77";"46";"54";"61";"1";"60";"52";"1.8";"1.5";"60";"48";"7.9";"5.1";"4";"25";"50";"25";"50";"40";"30";"30";"20";"30";"60";"50";"80";"70";"70";"70";"50";"60";"1x0";"2x2";"18.1";"1.6";"1.8";"0.8";"1.7";"3";"58";"54";"4";"6";"10";"10";"12.7";"9.1";"6.7";"7.7";"8.4";"3.1";"4.5";"5.2";"4.1";"1";"0.7";"1.1";"0.4";"1.6";"1.7"
"Uruguay";"URU";"Segunda Division";"27-06-2026 10:00";"FT";"Atenas";"2";"0";"Tacuarembó";"2";"0";"2.47";"2.77";"60";"70";"58";"31";"5";"47";"47";"1.8";"1.4";"45";"49";"5.2";"11";"10";"40";"30";"30";"60";"40";"0";"20";"40";"40";"60";"47";"60";"60";"100";"80";"40";"60";"1x2";"0x1";"18";"1.7";"0.9";"1.3";"1";"2.4";"48";"44";"1";"2";"10";"10";"8.8";"9.9";"8.7";"8.6";"7";"2.7";"4";"4.1";"3.1";"2.9";"3.3";"3.4";"3.1";"6.4";"6.8"
"Uruguay";"URU";"Segunda Division";"27-06-2026 13:00";"FT";"Uruguay Montevideo";"3";"2";"Fénix";"1";"2";"3.80";"1.86";"56";"66";"34";"54";"2";"48";"55";"0.8";"1.6";"50";"61";"7.1";"5.1";"3";"0";"67";"33";"20";"40";"20";"40";"60";"20";"27";"53";"40";"80";"80";"60";"80";"60";"0x1";"1x1";"15.6";"1";"1.6";"1.4";"1.1";"2.6";"50";"54";"14";"6";"10";"10";"7.1";"8.1";"9.6";"6.5";"7.2";"4.2";"3.6";"3";"3.6";"3.8";"3.4";"3.6";"3";"6.9";"6.8"
"Uruguay";"URU";"Segunda Division";"27-06-2026 16:00";"FT";"Huracán";"1";"2";"Rentistas";"0";"1";"2.78";"2.27";"77";"63";"41";"27";"5";"46";"54";"1.9";"1.2";"42";"56";"5.1";"11.2";"2";"0";"0";"100";"50";"30";"40";"30";"10";"40";"63";"40";"90";"60";"60";"70";"50";"70";"1x0";"0x1";"15.8";"1.2";"0.8";"0.8";"1.2";"2";"50";"53";"3";"12";"10";"10";"6.1";"9";"8.4";"8.1";"6.9";"3.2";"3.9";"2.9";"3.8";"4.1";"3.1";"2.5";"3.8";"6.8";"6.8"
"Uruguay";"URU";"Segunda Division";"27-06-2026 19:00";"FT";"Paysandu FC";"2";"3";"Miramar Misiones";"1";"0";"2.91";"2.32";"52";"66";"31";"41";"5";"50";"49";"0.5";"1.1";"47";"45";"11.4";"6.4";"2";"50";"0";"50";"10";"20";"20";"50";"70";"30";"17";"37";"30";"70";"80";"50";"90";"80";"0x1";"1x1";"17.2";"0.9";"1.2";"1.5";"1.1";"2.3";"49";"48";"14";"9";"10";"10";"10.3";"7.7";"9";"7.5";"6.7";"4";"2.6";"3.6";"3.2";"4.6";"3.2";"3.7";"3.5";"7.5";"6.8"
"Argentina";"ARG";"Torneo Promocional Amateur";"27-06-2026 13:00";"FT";"Uribelarrea";"1";"0";"Everton La Plata";"0";"0";"";"";"77";"70";"31";"37";"";"55";"49";"1.2";"1.5";"56";"48";"13.9";"10.5";"";"";"";"";"20";"40";"60";"30";"20";"30";"40";"50";"80";"70";"40";"70";"80";"60";"0x0";"0x1";"20.2";"0.9";"1.1";"0.8";"1";"1.9";"54";"47";"2";"5";"10";"10";"12.5";"11.5";"6";"10.2";"7.2";"2.2";"3";"4.5";"4.5";"2.5";"2.2";"2.5";"3.5";"5.4";"6.3"
"Argentina";"ARG";"Torneo Promocional Amateur";"27-06-2026 15:00";"FT";"Defensores Glew";"4";"2";"Provincial Lobos";"2";"0";"1.58";"5.49";"63";"42";"68";"27";"1";"";"40";"1.6";"1";"";"50";"";"";"2";"0";"0";"100";"50";"30";"10";"10";"40";"60";"53";"33";"60";"40";"90";"90";"50";"70";"0x1";"0x1";"";"2";"0.8";"1.2";"1.8";"2.9";"54";"44";"5";"7";"10";"10";"";"11";"";"16.5";"";"";"6";"";"6";"";"2.5";"";"2.5";"";"6.3"
"Argentina";"ARG";"Torneo Promocional Amateur";"27-06-2026 15:00";"FT";"Náutico Hacoaj";"2";"2";"Estrella de Berisso";"1";"1";"2.21";"3.31";"100";"60";"48";"17";"5";"42";"54";"1.9";"1.1";"40";"46";"5.4";"22";"2";"0";"0";"100";"60";"30";"10";"20";"30";"50";"63";"37";"70";"50";"90";"80";"40";"70";"1x0";"0x1";"20.4";"1.4";"0.5";"0.4";"1.3";"1.8";"44";"51";"2";"4";"10";"10";"7.5";"11";"14";"8.3";"10.2";"8";"4.3";"4";"4";"2.5";"3.3";"2";"1.7";"4.8";"6.3"
"Chile";"CHI";"Chilean Cup";"27-06-2026 18:00";"FT";"Deportes Santa Cruz";"0";"0";"Palestino";"0";"0";"3.38";"2.02";"52";"60";"37";"65";"5";"55";"49";"1";"1.7";"70";"52";"15.1";"6.9";"";"";"";"";"20";"50";"40";"20";"40";"30";"33";"57";"60";"70";"60";"80";"80";"50";"1x0";"1x2";"29.3";"1.1";"1.9";"1.5";"1.3";"2.9";"53";"48";"";"";"10";"10";"16.6";"15.7";"11.6";"14.7";"10.6";"4.6";"5.3";"5.7";"5.7";"2.4";"2.6";"2.8";"2";"4.9";"4"
"Chile";"CHI";"Chilean Cup";"27-06-2026 18:00";"FT";"Deportes Limache";"1";"4";"Deportes Iquique";"0";"2";"1.59";"4.71";"32";"46";"48";"41";"1";"48";"52";"0.6";"0.8";"52";"70";"6.6";"11.7";"2";"50";"50";"0";"10";"10";"30";"50";"60";"40";"20";"27";"40";"60";"70";"50";"90";"90";"2x3";"1x1";"26.1";"1.4";"1.2";"2.1";"1.7";"3.2";"50";"56";"";"";"10";"10";"11.7";"14";"13.4";"13.1";"9.6";"4.8";"5.1";"4.5";"4.8";"1.8";"2.3";"2.1";"1.9";"4";"4"
"Chile";"CHI";"Chilean Cup";"27-06-2026 18:00";"FT";"San Marcos";"0";"1";"Coquimbo Unido";"0";"0";"4.24";"1.74";"66";"84";"51";"58";"2";"51";"54";"1.7";"2.1";"58";"56";"7.2";"6.2";"10";"20";"60";"20";"50";"60";"20";"30";"30";"10";"57";"70";"70";"90";"80";"70";"50";"40";"0x1";"0x3";"22.2";"1.5";"1.7";"1.1";"0.6";"2.4";"50";"48";"";"";"10";"10";"10.8";"12.8";"10.6";"10.2";"8.4";"4.5";"3.3";"4.2";"4.8";"2.2";"2.7";"2.9";"2";"4.9";"4"
"Chile";"CHI";"Chilean Cup";"27-06-2026 18:30";"FT";"Audax Italiano";"2";"1";"Magallanes";"2";"0";"1.46";"5.36";"56";"32";"48";"54";"1";"48";"50";"1.5";"1.1";"53";"65";"7.1";"9.5";"10";"40";"30";"30";"40";"30";"30";"20";"30";"50";"50";"37";"70";"50";"70";"80";"60";"70";"2x1";"3x2";"28.4";"1.4";"1.6";"1.4";"2.1";"3.2";"52";"50";"";"";"10";"10";"12.9";"15.2";"15";"13.6";"10.9";"4.7";"6.3";"4.1";"6.6";"2.3";"3.6";"2.6";"2.6";"5.6";"4"
"Chile";"CHI";"Chilean Cup";"27-06-2026 21:00";"FT";"Universidad Católica";"4";"2";"San Luis";"2";"1";"1.35";"7.02";"84";"56";"88";"61";"1";"54";"53";"2.5";"1.7";"56";"69";"4.8";"9.4";"5";"20";"60";"20";"80";"50";"10";"20";"10";"30";"83";"57";"90";"70";"90";"80";"20";"50";"2x0";"3x1";"28.3";"2.6";"1.8";"0.6";"1.4";"3.2";"57";"56";"";"";"10";"10";"14.7";"16.9";"12.1";"12.9";"9.4";"2.8";"4.7";"5";"6.4";"2.4";"2.4";"2.8";"2.5";"5.1";"4"
"Chile";"CHI";"Segunda División";"27-06-2026 17:00";"FT";"Deportes Rengo";"0";"1";"Colchagua";"0";"0";"4.94";"1.55";"35";"80";"27";"51";"2";"40";"55";"0.8";"1.9";"38";"50";"11.4";"8.7";"3";"33";"67";"0";"20";"50";"20";"40";"60";"10";"27";"63";"40";"90";"80";"60";"80";"50";"0x0";"0x0";"23.4";"0.8";"1.5";"2";"0.7";"2.5";"45";"57";"7";"1";"10";"10";"9.1";"13.1";"15.7";"8.8";"10";"6.8";"3.8";"3.9";"5.4";"3.2";"2.9";"2.9";"3.6";"6.3";"6.6"
"Chile";"CHI";"Segunda División";"27-06-2026 18:00";"FT";"Concón National";"1";"1";"Colina";"0";"0";"1.85";"3.67";"84";"66";"51";"31";"1";"46";"52";"2";"0.9";"42";"47";"5.7";"12.9";"5";"60";"0";"40";"60";"20";"20";"30";"20";"50";"67";"30";"80";"50";"80";"70";"40";"80";"1x0";"1x0";"19.7";"1.5";"0.9";"0.6";"1.1";"2";"46";"53";"2";"6";"10";"10";"8.6";"11.6";"9.8";"9.5";"7.4";"3.6";"2.9";"4";"4.4";"3.6";"3.2";"3.3";"2.9";"6.5";"6.6"
"Cape Verde";"CPV";"Campeonato Nacional";"27-06-2026 13:30";"AWAITING_UPDATES";"Mindelense";"2";"2";"Académica Porto Novo";"";"";"";"";"74";"77";"61";"54";"";"";"";"2.1";"2";"";"";"";"";"";"";"";"";"62";"60";"25";"20";"12";"20";"71";"67";"88";"80";"75";"80";"38";"40";"0x0";"0x1";"";"1.8";"1.6";"0.9";"0.8";"2.5";"";"";"1";"2";"8";"5";"";"";"";"";"";"";"";"";"";"";"";"";"";"";""
"Cape Verde";"CPV";"Campeonato Nacional";"27-06-2026 13:30";"AWAITING_UPDATES";"Palmeira";"0";"1";"África Show";"";"";"";"";"84";"70";"48";"75";"";"";"";"2";"2.2";"";"";"";"";"";"";"";"";"50";"60";"50";"40";"0";"0";"67";"73";"100";"100";"50";"60";"50";"40";"0x0";"1x2";"";"1.4";"2.2";"0.6";"1";"2.6";"";"";"1";"2";"10";"5";"";"";"";"";"";"";"";"";"";"";"";"";"";"";""
"Republic of Ireland";"IRL";"Premier Division";"27-06-2026 15:45";"FT";"Sligo Rovers";"2";"2";"Shelbourne";"1";"0";"4.44";"1.74";"49";"66";"31";"41";"2";"41";"49";"1.1";"1.7";"42";"48";"8.6";"7.4";"10";"20";"60";"20";"30";"40";"20";"50";"50";"10";"37";"57";"50";"90";"80";"50";"70";"60";"2x0";"1x2";"28.4";"0.9";"1.2";"1.6";"1.1";"2.4";"47";"48";"9";"5";"10";"10";"9.9";"13.8";"22";"11.1";"7.8";"5.2";"3.2";"3";"4.3";"1.2";"3.1";"2";"2.4";"4.4";"4.4"
"South Korea";"KOR";"WK-League";"27-06-2026 07:00";"FT";"Changnyeong W";"0";"0";"Gumi Sportstoto W";"0";"0";"3.33";"1.98";"21";"38";"44";"44";"2";"41";"43";"0.7";"1.3";"48";"45";"5.2";"5.4";"10";"0";"70";"30";"20";"40";"10";"10";"70";"50";"23";"43";"30";"50";"90";"90";"80";"60";"1x3";"1x3";"18.5";"1.3";"1.3";"2.4";"1.9";"3.4";"47";"48";"8";"6";"10";"10";"6.8";"7";"13.2";"10";"8.3";"5.3";"4.7";"3.8";"2.7";"1.5";"1.7";"0.2";"1.3";"2.4";"2.5"
"South Korea";"KOR";"WK-League";"27-06-2026 07:00";"FT";"Boeun Sangmu W";"1";"1";"Incheon Red Angels W";"0";"0";"3.57";"1.91";"49";"56";"34";"41";"2";"48";"44";"1";"1.4";"51";"45";"11.3";"8.1";"10";"10";"50";"40";"30";"40";"10";"20";"60";"40";"33";"47";"40";"60";"90";"80";"70";"60";"1x0";"1x0";"21.2";"1";"1.2";"1.6";"1.4";"2.6";"47";"51";"5";"3";"10";"10";"11.3";"9.7";"12";"9.3";"8.6";"5";"3.5";"5.3";"3.5";"1";"1.9";"1";"1.1";"2.5";"2.5"
"Argentina";"ARG";"Primera C";"27-06-2026 13:00";"FT";"Deportivo Paraguayo";"0";"2";"Centro Español";"0";"1";"3.86";"2.01";"70";"77";"24";"48";"5";"47";"52";"1.1";"1.8";"49";"58";"9.6";"8";"10";"30";"50";"20";"20";"50";"50";"30";"30";"20";"37";"60";"70";"80";"50";"70";"80";"50";"0x0";"0x1";"18.1";"0.7";"1.4";"1";"0.8";"2";"48";"52";"25";"4";"10";"10";"6.7";"11.2";"8.4";"9.9";"7";"3";"4";"2.7";"4.4";"3.4";"2.9";"2.1";"2.9";"5.6";"6.4"
"Argentina";"ARG";"Primera C";"27-06-2026 13:00";"FT";"Sacachispas";"0";"1";"Lugano";"0";"0";"1.71";"4.96";"80";"66";"37";"37";"1";"52";"46";"1.6";"1.1";"58";"58";"7.5";"7.9";"2";"50";"50";"0";"40";"20";"40";"50";"20";"30";"53";"37";"80";"70";"60";"50";"60";"80";"0x0";"0x0";"17.6";"1.1";"1.1";"0.7";"1.1";"2";"52";"48";"2";"14";"10";"10";"8.8";"8.7";"7.9";"9.9";"6.6";"2.7";"4.1";"3.4";"2.9";"3.8";"4";"2.5";"3.3";"6.8";"6.4"
"Argentina";"ARG";"Primera C";"27-06-2026 15:00";"FT";"El Porvenir";"0";"0";"Leones de Rosario";"0";"0";"2.60";"2.83";"88";"74";"24";"37";"5";"55";"54";"1.6";"1.6";"56";"57";"15.3";"9.7";"";"";"";"";"40";"40";"40";"40";"20";"20";"53";"53";"80";"80";"60";"60";"60";"60";"0x0";"0x0";"18.1";"0.7";"1.1";"0.5";"0.9";"1.6";"54";"56";"12";"4";"10";"10";"10.7";"10.7";"6.5";"8.3";"7.2";"2.6";"4.1";"3.8";"3.8";"3.3";"2.3";"3.1";"3.1";"5.9";"6.4"
"Argentina";"ARG";"Primera C";"27-06-2026 15:00";"FT";"Mercedes";"5";"0";"JJ Urquiza";"4";"0";"2.31";"3.50";"84";"80";"20";"10";"5";"49";"49";"1.1";"0.8";"47";"50";"11.3";"26.7";"5";"40";"40";"20";"20";"10";"50";"50";"30";"40";"37";"27";"70";"60";"50";"50";"80";"90";"0x0";"0x0";"17";"0.6";"0.3";"0.6";"0.7";"1.1";"51";"44";"19";"26";"10";"10";"6.8";"8";"10";"9.2";"5.8";"3.3";"3.6";"2.5";"2.2";"2.5";"3.2";"3.8";"3.5";"6.5";"6.4"
"Argentina";"ARG";"Primera C";"27-06-2026 15:00";"FT";"Juventud Unida G.";"3";"0";"Argentino Rosario";"1";"0";"2.42";"2.92";"60";"63";"44";"37";"5";"49";"46";"1.2";"1";"52";"56";"6.4";"7.5";"10";"30";"40";"30";"30";"10";"30";"70";"40";"20";"40";"33";"60";"80";"70";"30";"70";"90";"1x1";"1x1";"17.4";"1.3";"1.1";"1.3";"1.2";"2.4";"48";"51";"21";"24";"10";"10";"8.3";"8.3";"8";"10.1";"8";"3.6";"3.9";"4";"4.4";"2.8";"4.1";"2.5";"4.2";"6.8";"6.4"
"Argentina";"ARG";"Primera C";"27-06-2026 15:00";"FT";"Central Córdoba";"0";"0";"Deportivo Muñiz";"0";"0";"2.14";"3.46";"74";"70";"34";"34";"5";"49";"54";"1.5";"1.1";"52";"45";"8.1";"7.6";"5";"60";"40";"0";"40";"30";"30";"20";"30";"50";"50";"37";"70";"50";"70";"80";"60";"70";"0x0";"2x1";"15.4";"1";"1";"0.9";"1";"2";"51";"52";"20";"27";"10";"10";"8.1";"7.6";"8.3";"6.9";"6.5";"3.6";"2.9";"3.1";"3.4";"2.8";"3";"3.3";"2.9";"6";"6.4"
"Argentina";"ARG";"Primera C";"27-06-2026 15:00";"FT";"Yupanqui";"1";"2";"Deportivo Español";"1";"0";"2.97";"2.35";"66";"84";"44";"31";"5";"48";"47";"1.3";"1.6";"57";"41";"5.5";"8.8";"5";"40";"40";"20";"30";"40";"40";"40";"30";"20";"43";"53";"70";"80";"60";"60";"70";"60";"0x0";"0x0";"16.2";"1.3";"0.9";"1.1";"0.6";"2";"51";"46";"10";"15";"10";"10";"7.1";"7.9";"8.9";"8.5";"7.2";"4.1";"3.3";"3.9";"3.1";"3.6";"3.3";"3.7";"2.8";"6.7";"6.4"
"Argentina";"ARG";"Primera B Metropolitana";"27-06-2026 13:00";"FT";"Real Pilar";"0";"0";"San Martín Burzaco";"0";"0";"1.81";"4.39";"66";"77";"24";"27";"1";"48";"51";"1";"1.5";"53";"56";"11.4";"11.6";"10";"60";"0";"40";"20";"40";"40";"30";"40";"30";"33";"50";"60";"70";"60";"70";"80";"60";"1x1";"2x0";"17.8";"0.7";"0.8";"1.1";"0.8";"1.7";"48";"50";"7";"10";"10";"10";"8";"9.3";"9.1";"9.2";"6.3";"3.2";"3.3";"2.7";"3.4";"3";"2.8";"2.7";"2.8";"5.6";"5.9"
"Argentina";"ARG";"Primera B Metropolitana";"27-06-2026 13:00";"FT";"Villa Dálmine";"0";"1";"Deportivo Camioneros";"0";"1";"1.92";"4.22";"84";"77";"34";"41";"1";"50";"48";"1.6";"1.6";"59";"54";"8";"6.9";"";"";"";"";"40";"40";"40";"40";"20";"20";"53";"53";"80";"80";"60";"60";"60";"60";"0x0";"0x0";"17.6";"1";"1.2";"0.6";"0.8";"1.8";"50";"53";"3";"5";"10";"10";"8";"8.3";"8.4";"10.6";"6.6";"2.6";"4.3";"2.7";"3.7";"3";"2.7";"2.7";"3.5";"6";"5.9"
"Argentina";"ARG";"Primera B Metropolitana";"27-06-2026 15:00";"FT";"Excursionistas";"5";"0";"Deportivo Merlo";"3";"0";"1.64";"5.13";"84";"56";"54";"41";"1";"54";"51";"2.1";"1.5";"60";"52";"5.7";"7.5";"10";"50";"40";"10";"60";"40";"30";"30";"10";"30";"70";"50";"90";"70";"70";"70";"40";"60";"1x0";"2x0";"18.2";"1.6";"1.2";"0.6";"1.4";"2.4";"52";"49";"1";"9";"10";"10";"9.2";"9";"8.8";"9.3";"7.2";"3.5";"3.9";"4.1";"2.8";"2.5";"3.7";"2.9";"2.4";"5.8";"5.9"
"Argentina";"ARG";"Primera B Metropolitana";"27-06-2026 15:00";"FT";"Talleres Remedios de Escalada";"1";"0";"Defensores Unidos";"1";"0";"1.56";"6.01";"100";"63";"44";"27";"1";"50";"47";"2.1";"1.2";"62";"58";"7.7";"10.7";"10";"20";"30";"50";"60";"30";"30";"30";"10";"40";"70";"40";"90";"60";"70";"70";"40";"70";"0x0";"1x1";"18.9";"1.3";"0.8";"0.4";"1.2";"1.8";"46";"50";"4";"17";"10";"10";"10";"8.6";"7.5";"11.7";"7.8";"2.3";"5";"4.3";"4.1";"2.9";"3.2";"3.1";"3.8";"6.5";"5.9"
"Argentina";"ARG";"Primera B Metropolitana";"27-06-2026 15:00";"FT";"Brown de Adrogué";"2";"0";"Flandria";"0";"0";"2.21";"3.34";"63";"77";"27";"24";"5";"51";"50";"0.9";"1";"56";"54";"9.8";"13.6";"10";"40";"20";"40";"20";"20";"30";"40";"50";"40";"30";"33";"50";"60";"70";"60";"80";"80";"0x0";"0x0";"17";"0.8";"0.7";"1.2";"0.8";"1.8";"50";"50";"20";"18";"10";"10";"7.8";"9.5";"7";"9.8";"6.8";"3.4";"3.9";"3.1";"3.3";"2.2";"2.9";"2.6";"1.9";"4.8";"5.9"
"Argentina";"ARG";"Primera B Metropolitana";"27-06-2026 15:30";"FT";"Deportivo Armenio";"2";"1";"Ituzaingó";"0";"1";"1.73";"4.65";"66";"38";"48";"34";"1";"52";"48";"1.5";"0.5";"53";"59";"8";"10.7";"9";"56";"11";"33";"40";"10";"30";"20";"30";"70";"50";"17";"70";"30";"70";"80";"60";"90";"1x1";"2x0";"19.2";"1.4";"1";"1.1";"1.9";"2.7";"49";"45";"11";"22";"10";"10";"11.2";"10.7";"6.6";"10";"8.1";"3.1";"4.5";"4.3";"4.3";"2.2";"3.6";"3.8";"4";"6.8";"5.9"
"Argentina";"ARG";"Torneo Federal A";"27-06-2026 11:30";"FT";"FADEP";"0";"0";"Cipolletti";"0";"0";"1.87";"4.37";"77";"74";"41";"37";"1";"50";"51";"1.4";"1.6";"50";"48";"6.9";"9.7";"";"";"";"";"30";"50";"50";"10";"20";"40";"47";"53";"80";"60";"50";"90";"70";"50";"0x0";"1x0";"20.8";"1.2";"1.1";"0.8";"0.9";"2";"52";"52";"8";"1";"10";"10";"8.3";"10.7";"11.1";"11.6";"9";"3.7";"5.3";"3.8";"5.2";"1.7";"2.4";"1.2";"1.9";"3.6";"4.7"
"Argentina";"ARG";"Torneo Federal A";"27-06-2026 15:30";"FT";"Argentino Monte Maíz";"0";"0";"Juventud Unida Univ.";"0";"0";"1.72";"4.78";"74";"77";"44";"24";"1";"50";"46";"1.7";"1";"56";"47";"9.6";"11.1";"10";"50";"0";"50";"50";"20";"20";"40";"30";"40";"57";"33";"70";"60";"80";"60";"50";"80";"0x2";"0x0";"19.8";"1.3";"0.7";"0.9";"0.8";"1.8";"44";"46";"2";"6";"10";"10";"12.5";"7.8";"9.2";"10";"8";"3.8";"4.2";"4.5";"3.6";"1.5";"2.1";"2.1";"1.7";"3.7";"4.7"
"Argentina";"ARG";"Torneo Federal A";"27-06-2026 15:30";"FT";"Deportivo Rincón";"0";"1";"Atenas";"0";"0";"1.60";"5.88";"66";"77";"27";"24";"1";"47";"47";"1.2";"1.5";"40";"52";"11.1";"12.6";"2";"0";"50";"50";"30";"40";"30";"30";"40";"30";"40";"50";"60";"70";"70";"70";"70";"60";"0x0";"0x1";"19.8";"0.8";"0.7";"1.1";"0.8";"1.7";"49";"50";"4";"3";"10";"10";"8.9";"8.8";"10.7";"11.2";"8.4";"4.9";"4.6";"4.2";"3.2";"2.1";"2.3";"1.7";"2.4";"4.2";"4.7"
"Argentina";"ARG";"Torneo Federal A";"27-06-2026 16:30";"FT";"Sportivo Las Parejas";"1";"1";"Defensores Belgrano VR";"1";"1";"1.57";"5.81";"80";"74";"27";"34";"1";"50";"46";"1.8";"1.4";"55";"50";"11.5";"10.7";"10";"20";"40";"40";"50";"40";"30";"20";"20";"40";"60";"47";"80";"60";"70";"80";"50";"60";"1x0";"0x2";"21.2";"0.8";"1";"0.7";"0.9";"1.7";"50";"48";"6";"5";"10";"10";"9.2";"10.7";"9.3";"13.1";"8.5";"4.2";"5.2";"3.5";"4.1";"2.2";"2.7";"2.2";"1.8";"4.4";"4.7"
"Argentina";"ARG";"Reserve League";"27-06-2026 12:00";"FT";"River Plate Res.";"3";"1";"Lanús Res.";"2";"1";"1.62";"4.51";"74";"52";"41";"78";"1";"59";"56";"1.8";"1.6";"62";"61";"11.4";"4.8";"8";"50";"25";"25";"50";"50";"30";"10";"20";"40";"60";"53";"80";"60";"70";"90";"50";"50";"1x0";"0x1";"19.6";"1.2";"2.3";"0.9";"1.5";"3";"53";"62";"1";"2";"10";"10";"13.7";"11.1";"6.3";"8.1";"9.3";"3";"4.1";"6.1";"5.4";"2.8";"1.6";"2.5";"2.7";"4.8";"5.2"
"Argentina";"ARG";"Reserve League";"27-06-2026 15:00";"FT";"Independiente Riva. Res.";"2";"3";"Racing Club Res.";"0";"1";"2.21";"3.08";"60";"56";"48";"48";"5";"51";"52";"1.6";"1.6";"64";"56";"6";"5.7";"4";"25";"75";"0";"50";"40";"10";"40";"40";"20";"53";"53";"60";"80";"90";"60";"50";"60";"1x0";"1x2";"17.6";"1.4";"1.4";"1.3";"1.4";"2.8";"52";"54";"1";"2";"10";"10";"8.4";"8";"10.2";"8.7";"7.9";"4.5";"3.5";"3.3";"4.5";"2.6";"2.8";"2.9";"1.6";"5";"5.2"
"Argentina";"ARG";"Copa Santa Fe";"27-06-2026 15:30";"AWAITING_UPDATES";"Colón San Justo";"";"";"Ciclón Racing";"";"";"";"";"";"";"";"";"";"";"";"0.8";"";"";"";"";"";"";"";"";"";"10";"";"50";"";"40";"";"27";"";"60";"";"50";"";"90";"";"";"";"";"1.1";"";"1.2";"";"";"";"";"";"";"10";"";"";"";"";"";"";"";"";"";"";"";"";"";"";"";""
"Argentina";"ARG";"Copa Santa Fe";"27-06-2026 16:00";"AWAITING_UPDATES";"Racing de Reconquista";"";"";"Romang FC";"";"";"";"";"46";"100";"24";"37";"";"";"";"0.3";"2.1";"";"";"";"";"";"";"";"";"0";"62";"33";"25";"67";"12";"11";"71";"33";"88";"67";"75";"100";"38";"0x0";"0x0";"";"0.7";"1.1";"1.7";"0.4";"1.9";"";"";"";"";"3";"8";"";"";"";"";"";"";"";"";"";"";"";"";"";"";"5.5"
"Australia";"AUS";"Queensland Premier League 3 Metro";"27-06-2026 04:00";"FT";"AC Carina";"3";"1";"North Lakes United";"3";"1";"1.44";"4.76";"42";"38";"82";"88";"1";"53";"48";"1.6";"1.9";"56";"53";"6.4";"6.3";"";"";"";"";"40";"60";"40";"10";"20";"30";"53";"63";"80";"70";"60";"90";"60";"40";"2x2";"2x4";"33.2";"2.4";"2.6";"1.8";"1.9";"4.4";"50";"53";"4";"6";"10";"10";"15.3";"16.5";"15.7";"18.8";"19.6";"8.1";"11.3";"9.3";"10.5";"2.2";"1.7";"2.5";"1.8";"4.2";"3.8"
"Australia";"AUS";"Queensland Premier League 3 Metro";"27-06-2026 04:00";"FT";"Springfield United";"2";"2";"Newmarket";"2";"0";"4.18";"1.52";"38";"42";"68";"100";"2";"52";"53";"1.5";"2.2";"60";"70";"6.5";"5.3";"5";"80";"20";"0";"40";"70";"30";"10";"30";"20";"50";"73";"70";"80";"70";"90";"60";"30";"2x2";"0x2";"28.8";"2";"3.4";"1.9";"1.8";"4.6";"49";"53";"5";"2";"10";"10";"13";"17.9";"11.3";"15.4";"17.5";"6.7";"9.9";"7.3";"11.1";"1.3";"1.7";"1.5";"1.6";"3";"3.8"
"Australia";"AUS";"Queensland Premier League 3 Metro";"27-06-2026 06:15";"FT";"Univ. Queensland";"0";"0";"Moggill";"0";"0";"4.99";"1.40";"18";"35";"68";"100";"2";"50";"58";"1";"2.1";"54";"69";"5.6";"4.6";"2";"0";"50";"50";"20";"70";"40";"0";"40";"30";"33";"70";"60";"70";"60";"100";"80";"30";"1x1";"0x4";"24.4";"2";"3.4";"2.5";"2";"5";"50";"50";"9";"3";"10";"10";"11.3";"15.5";"11.7";"10.2";"15.4";"7.2";"6.7";"7.1";"9.8";"1.1";"1.6";"2.1";"1.4";"3.1";"3.8"
"Australia";"AUS";"Capital Territory";"27-06-2026 01:30";"FT";"O'Connor Knights";"1";"0";"Canberra Olympic";"0";"0";"3.29";"1.78";"35";"0";"41";"92";"2";"46";"55";"1.2";"1";"50";"60";"7.3";"5";"10";"50";"40";"10";"40";"30";"0";"10";"60";"60";"40";"33";"40";"40";"100";"90";"60";"70";"2x1";"3x2";"22.5";"1.2";"2.7";"2";"3";"4.4";"49";"53";"";"";"10";"10";"8.8";"13.6";"12.3";"10.3";"11.3";"6.7";"4.8";"4.6";"6.5";"1.2";"2.9";"1.6";"1.9";"3.8";"3.7"
"Australia";"AUS";"Capital Territory";"27-06-2026 02:00";"FT";"Queanbeyan City";"2";"1";"Canberra White Eagles";"1";"0";"1.18";"9.29";"63";"0";"78";"27";"3";"56";"40";"2.2";"0.3";"54";"45";"6.2";"11";"10";"80";"10";"10";"70";"10";"10";"0";"20";"90";"73";"10";"80";"10";"90";"100";"30";"90";"0x0";"2x0";"23.4";"2.3";"0.8";"1.2";"3";"3.6";"54";"44";"";"";"10";"10";"14.3";"8.8";"7.9";"15.8";"11.8";"3.9";"8.2";"7.8";"3.6";"2.4";"1.9";"1.8";"1.3";"3.7";"3.7"
"Australia";"AUS";"Capital Territory";"27-06-2026 04:45";"FT";"Monaro Panthers";"2";"0";"Cooma Tigers";"1";"0";"2.18";"2.55";"28";"74";"100";"100";"5";"57";"59";"1.8";"2.8";"62";"56";"4.6";"3.9";"10";"30";"60";"10";"60";"90";"0";"10";"40";"0";"60";"93";"60";"100";"100";"90";"40";"10";"1x3";"1x3";"22.2";"3";"3.3";"2.2";"0.9";"4.7";"51";"56";"";"";"10";"10";"13.7";"13";"9.7";"8.1";"12.4";"5.1";"4.6";"7.1";"8.1";"2";"1.9";"1.3";"1.9";"3.6";"3.7"
"Australia";"AUS";"New South Wales";"27-06-2026 02:00";"FT";"University of NSW";"1";"3";"Sutherland Sharks";"1";"1";"2.20";"2.83";"56";"63";"37";"44";"5";"55";"46";"1.3";"1.4";"65";"50";"13";"7.2";"";"";"";"";"40";"40";"10";"20";"50";"40";"43";"47";"50";"60";"90";"80";"60";"60";"0x2";"0x1";"23.7";"1.1";"1.3";"1.4";"1.2";"2.5";"51";"49";"13";"6";"10";"10";"14.3";"9.3";"10.5";"13.3";"9.7";"4.3";"5.2";"6.2";"3.7";"2.9";"1.1";"1.8";"1.2";"3.5";"3.7"
"Australia";"AUS";"New South Wales";"27-06-2026 02:00";"FT";"Western Sydney W. II";"3";"3";"Manly United";"1";"2";"2.23";"2.78";"60";"70";"71";"37";"5";"53";"48";"1.2";"1.4";"55";"49";"5.8";"9.7";"8";"50";"25";"25";"30";"40";"30";"20";"40";"40";"40";"47";"60";"60";"70";"80";"70";"60";"1x2";"0x2";"22.2";"2.1";"1.1";"1.3";"1";"2.8";"52";"55";"8";"11";"10";"10";"12.1";"10.7";"11";"10.5";"10.4";"5.1";"5.4";"5.4";"5";"0.9";"1.9";"1.8";"1.8";"3.2";"3.7"
"Australia";"AUS";"New South Wales";"27-06-2026 04:00";"FT";"SD Raiders";"3";"1";"St George City FA";"0";"1";"2.59";"2.42";"60";"60";"48";"48";"5";"48";"43";"1.5";"1.7";"47";"52";"8.6";"7.4";"4";"25";"75";"0";"40";"50";"30";"20";"30";"30";"50";"57";"70";"70";"70";"80";"60";"50";"2x1";"0x1";"23.2";"1.4";"1.4";"1.3";"1.3";"2.7";"51";"45";"12";"10";"10";"10";"12";"10.3";"11.1";"13.1";"11.2";"4.4";"5.7";"6.3";"5.9";"3.2";"0.8";"3";"1.2";"4.1";"3.7"
"Australia";"AUS";"New South Wales";"27-06-2026 04:30";"FT";"NWS Spirit";"2";"0";"Wollongong Wolves";"2";"0";"1.78";"3.81";"60";"70";"27";"34";"1";"56";"44";"0.7";"1.4";"53";"50";"13.2";"9.7";"8";"38";"12";"50";"20";"40";"10";"20";"70";"40";"23";"47";"30";"60";"90";"80";"80";"60";"0x1";"1x0";"20.2";"0.8";"1";"1.3";"1";"2";"54";"48";"9";"7";"10";"10";"10.6";"9.7";"7.5";"12.8";"9";"2.8";"7.2";"3.1";"5";"1.5";"2";"2";"1.8";"3.6";"3.7"
"Australia";"AUS";"New South Wales";"27-06-2026 05:30";"FT";"St. George Saints";"1";"2";"Sydney Olympic";"0";"1";"2.12";"2.96";"32";"28";"27";"51";"5";"48";"46";"0.3";"1.1";"54";"47";"12.2";"4.9";"8";"62";"25";"12";"10";"30";"0";"20";"90";"50";"10";"37";"10";"50";"100";"80";"90";"70";"0x2";"1x1";"22";"0.8";"1.5";"2.1";"2.2";"3.3";"49";"45";"14";"16";"10";"10";"9.8";"7.4";"13.1";"13.7";"9.6";"5.6";"5.7";"3.9";"3.9";"1.2";"2.4";"2.2";"1.3";"3.6";"3.7"
"Australia";"AUS";"Npl Western Australia";"27-06-2026 04:00";"FT";"Armadale";"1";"4";"Perth";"0";"2";"4.02";"1.57";"21";"35";"75";"71";"2";"55";"57";"1.3";"1.6";"62";"61";"5.3";"6.7";"10";"30";"50";"20";"40";"40";"10";"40";"50";"20";"43";"53";"50";"80";"90";"60";"60";"60";"0x1";"1x1";"22.2";"2.2";"2.1";"2.4";"2";"4.4";"52";"58";"10";"4";"10";"10";"11.7";"14";"8.2";"10.4";"9.6";"3.5";"5.1";"4.4";"6.2";"1.4";"1.9";"1.2";"2.1";"3.3";"3.7"
"Australia";"AUS";"Npl Western Australia";"27-06-2026 04:00";"FT";"Olympic Kingsway";"5";"4";"Balcatta";"3";"2";"1.37";"6.02";"49";"14";"68";"34";"1";"55";"55";"1.9";"0.5";"61";"60";"5.6";"10";"10";"60";"10";"30";"60";"10";"10";"20";"30";"70";"63";"17";"70";"30";"90";"80";"40";"90";"2x1";"0x0";"19.6";"2";"1";"1.6";"2.6";"3.6";"52";"49";"3";"12";"10";"10";"11.3";"10";"9.6";"8.4";"10.2";"4.8";"4.8";"6.1";"4.7";"1.9";"1.8";"1.9";"2";"3.8";"3.7"
"Australia";"AUS";"Npl Western Australia";"27-06-2026 04:00";"FT";"Fremantle City";"3";"0";"Western Knights";"0";"0";"2.36";"2.39";"52";"28";"82";"61";"5";"47";"52";"2.1";"0.9";"54";"59";"4.2";"6.6";"10";"50";"40";"10";"60";"20";"30";"30";"10";"50";"70";"30";"90";"50";"70";"70";"40";"80";"2x2";"2x1";"22.4";"2.4";"1.8";"1.5";"2.2";"4";"49";"49";"6";"8";"10";"10";"10.1";"11.9";"12.1";"10.8";"9.8";"4.9";"5.5";"4.5";"4.6";"1.2";"1.9";"1.1";"2.1";"3.2";"3.7"
"Australia";"AUS";"Npl Western Australia";"27-06-2026 04:00";"FT";"Perth Glory II";"1";"1";"Stirling Lions";"1";"0";"3.94";"1.62";"32";"35";"54";"75";"2";"45";"47";"0.7";"1.3";"53";"53";"5.4";"4.9";"10";"30";"60";"10";"20";"40";"10";"10";"70";"50";"23";"43";"30";"50";"90";"90";"80";"60";"1x2";"2x1";"23.5";"1.6";"2.2";"2.1";"2";"4";"50";"51";"11";"5";"10";"10";"8.7";"10.7";"13.5";"14.1";"11";"5.2";"7";"4.5";"5.3";"1.9";"2.1";"1.2";"2.4";"3.8";"3.7"
"Australia";"AUS";"Npl Western Australia";"27-06-2026 06:00";"FT";"Dianella White Eagles";"2";"1";"Sorrento";"0";"1";"1.55";"4.53";"32";"42";"78";"41";"1";"51";"35";"1.1";"1.2";"62";"38";"5.3";"5.3";"4";"25";"50";"25";"30";"40";"20";"0";"50";"60";"37";"40";"50";"40";"80";"100";"70";"60";"2x2";"0x1";"19.2";"2.3";"1.2";"2.1";"1.8";"3.7";"53";"38";"9";"7";"10";"10";"12.1";"6.4";"9.1";"10.8";"9";"4.8";"4.5";"5.9";"3";"2.5";"1";"1.5";"2";"3.5";"3.7"
"Australia";"AUS";"Npl Tasmania";"27-06-2026 01:00";"FT";"South Hobart";"6";"1";"Glenorchy Knights";"2";"0";"1.15";"11.02";"70";"52";"100";"54";"3";"68";"55";"2.4";"1.1";"105";"67";"4";"7.5";"10";"70";"10";"20";"70";"30";"30";"20";"0";"50";"80";"37";"100";"50";"70";"80";"30";"70";"1x1";"2x1";"22.2";"3.8";"1.6";"1";"1.5";"4";"61";"52";"1";"7";"10";"10";"15.2";"12";"7.7";"9.6";"9.6";"2.8";"4.6";"6.2";"5.6";"1.5";"2.1";"1.1";"1.9";"3.3";"3.4"
"Australia";"AUS";"Npl Tasmania";"27-06-2026 01:30";"FT";"Clarence Zebras";"1";"1";"Launceston United";"0";"0";"1.20";"8.80";"49";"2";"58";"44";"3";"51";"42";"1.6";"0.4";"62";"55";"5.3";"8";"10";"70";"30";"0";"50";"10";"10";"10";"40";"80";"53";"13";"60";"20";"90";"90";"50";"90";"2x1";"7x1";"21.4";"1.7";"1.3";"1.6";"3.7";"4.2";"49";"45";"5";"9";"10";"10";"9";"10.4";"9.9";"13.6";"9.8";"4.4";"6.4";"4.6";"4.2";"1.5";"1.3";"2.2";"1.1";"3.1";"3.4"
"Australia";"AUS";"Npl Tasmania";"27-06-2026 01:30";"FT";"Riverside Olympic";"6";"0";"Ulverstone";"3";"0";"1.22";"8.34";"35";"2";"51";"24";"3";"46";"33";"1.4";"0";"54";"40";"6.8";"8.6";"";"";"";"";"40";"0";"20";"0";"40";"100";"47";"0";"60";"0";"80";"100";"60";"100";"0x3";"3x2";"21.5";"1.5";"0.7";"2";"3.9";"4";"49";"39";"6";"10";"10";"10";"10.2";"6";"14.1";"12.6";"10.3";"6.3";"6.2";"4.7";"3.4";"2.2";"1.7";"1";"1.7";"3.2";"3.4"
"Australia";"AUS";"Npl Queensland";"27-06-2026 01:30";"FT";"Magic United";"3";"5";"Brisbane City";"2";"2";"4.92";"1.44";"4";"28";"37";"71";"2";"44";"48";"0.4";"1.4";"56";"55";"8.7";"5.9";"2";"0";"50";"50";"10";"40";"10";"20";"80";"40";"13";"47";"20";"60";"90";"80";"90";"60";"0x2";"2x2";"25.1";"1.1";"2.1";"2.9";"2.2";"4.2";"45";"47";"11";"7";"10";"10";"9.6";"12.4";"15.2";"13";"11.3";"7.3";"4.9";"4.8";"5.6";"2.2";"2.1";"1.2";"1.4";"3.4";"3.9"
"Australia";"AUS";"Npl Queensland";"27-06-2026 03:00";"FT";"Peninsula Power";"3";"1";"Brisbane Roar II";"1";"1";"1.20";"9.29";"70";"10";"100";"44";"3";"55";"45";"3";"0.6";"76";"51";"5.2";"6.1";"10";"70";"10";"20";"100";"20";"0";"0";"0";"80";"100";"20";"100";"20";"100";"100";"0";"80";"3x2";"2x1";"24.2";"3.6";"1.3";"1";"2.7";"4.3";"52";"51";"1";"12";"10";"10";"18.8";"7.9";"11.1";"10.6";"11.6";"5.1";"5";"9.9";"3.2";"1.7";"2.5";"1.3";"1.8";"3.6";"3.9"
"Australia";"AUS";"Npl Queensland";"27-06-2026 06:00";"FT";"Eastern Suburbs Brisbane";"1";"2";"Olympic FC Brisbane";"1";"2";"1.78";"3.49";"66";"28";"75";"71";"1";"49";"52";"2.3";"0.9";"59";"68";"5.4";"6.2";"10";"30";"40";"30";"70";"30";"20";"0";"10";"70";"77";"30";"90";"30";"80";"100";"30";"70";"2x1";"3x1";"24.6";"2.2";"2.1";"1.1";"2.2";"3.8";"51";"50";"4";"8";"10";"10";"11.8";"13";"12.2";"12.1";"11.8";"5.7";"5.6";"5.8";"6.4";"1.1";"1.8";"0.8";"1.3";"2.5";"3.9"
"Australia";"AUS";"Npl South Australian";"27-06-2026 02:30";"FT";"Playford City Patriots";"0";"1";"White City Woodville";"0";"1";"2.11";"2.79";"46";"74";"78";"78";"5";"52";"50";"1.6";"2.2";"71";"60";"5.5";"5";"8";"25";"25";"50";"40";"70";"40";"10";"20";"20";"53";"73";"80";"80";"60";"90";"60";"30";"0x0";"0x2";"23.2";"2.3";"2.3";"1.7";"0.9";"3.6";"48";"53";"4";"5";"10";"10";"12.6";"11.6";"10";"12.1";"10.4";"4.1";"4.5";"5.8";"6.3";"1.4";"2.1";"1.5";"2.4";"3.7";"3.6"
"Australia";"AUS";"Npl South Australian";"27-06-2026 02:30";"FT";"Campbelltown City";"0";"0";"West Adelaide";"0";"0";"1.72";"3.67";"42";"18";"54";"68";"1";"51";"48";"1";"0.9";"64";"57";"5.9";"5.2";"10";"50";"10";"40";"30";"20";"10";"30";"60";"50";"33";"30";"40";"50";"90";"70";"70";"80";"1x2";"2x1";"20.8";"1.6";"2";"1.8";"2.5";"4";"52";"48";"10";"9";"10";"10";"9.5";"10.5";"9.9";"11.7";"8.2";"3.6";"5.6";"3.2";"4.1";"1.7";"1.4";"1.8";"1.7";"3.3";"3.6"
"Australia";"AUS";"Npl South Australian";"27-06-2026 02:30";"FT";"Para Hills Knights";"0";"9";"NE MetroStars";"0";"4";"38.42";"1.03";"2";"70";"27";"75";"4";"39";"58";"0.4";"2.1";"52";"69";"11.5";"5.2";"10";"10";"60";"30";"10";"60";"10";"30";"80";"10";"13";"70";"20";"90";"90";"70";"90";"40";"1x5";"0x0";"23.6";"0.8";"2.2";"3.8";"1";"3.9";"43";"59";"12";"3";"10";"10";"9.2";"11.4";"18.9";"7.8";"10.8";"8.8";"3.4";"4.2";"5.1";"1.1";"1.6";"0.4";"2.1";"2.6";"3.6"
"Australia";"AUS";"Npl Victoria";"27-06-2026 04:00";"FT";"Dandenong Thunder";"1";"3";"Hume City";"0";"1";"8.57";"1.25";"4";"66";"41";"82";"4";"43";"48";"0.7";"2.3";"47";"54";"6.6";"4.1";"10";"20";"50";"30";"20";"70";"10";"20";"70";"10";"23";"77";"30";"90";"90";"80";"80";"30";"0x2";"0x1";"20.6";"1.2";"2.4";"2.9";"1.1";"3.8";"48";"48";"13";"2";"10";"10";"7.9";"9.9";"14.3";"9.1";"11.4";"7.3";"5.1";"3.7";"6.6";"1.7";"1.6";"1.9";"1.1";"3.2";"3.5"
"Australia";"AUS";"Npl Victoria";"27-06-2026 05:00";"FT";"Caroline Springs George Cross FC";"0";"2";"Preston Lions";"0";"0";"4.20";"1.69";"32";"100";"58";"58";"2";"47";"56";"1.5";"2.2";"50";"60";"5.6";"9.6";"6";"33";"50";"17";"40";"70";"30";"10";"30";"20";"50";"73";"70";"80";"70";"90";"60";"30";"0x0";"0x1";"23";"1.7";"1.7";"2.1";"0.3";"2.9";"45";"52";"8";"5";"10";"10";"9.6";"16.4";"10.4";"9.5";"12.8";"5.5";"4.6";"5.1";"10.4";"1.2";"1.4";"1.8";"1.8";"3.1";"3.5"
"Australia";"AUS";"Northern Nsw";"27-06-2026 01:00";"FT";"Newcastle Olympic";"0";"0";"Cooks Hill United";"0";"0";"2.24";"2.45";"35";"49";"54";"68";"5";"46";"46";"0.6";"1.7";"57";"55";"6.8";"4.6";"10";"60";"10";"30";"10";"50";"30";"20";"60";"30";"20";"57";"40";"70";"70";"80";"90";"50";"0x2";"0x3";"23";"1.6";"2";"2";"1.6";"3.6";"49";"47";"10";"7";"10";"10";"10.8";"9.1";"16.1";"9.9";"10";"6.1";"4.4";"5";"4.3";"1.9";"1.1";"1.2";"1.3";"2.8";"3.1"
"Australia";"AUS";"Northern Nsw";"27-06-2026 01:00";"FT";"Edgeworth Eagles";"3";"2";"Adamstown Rosebuds";"1";"2";"1.74";"3.45";"52";"46";"58";"58";"1";"53";"51";"1.2";"1.4";"61";"60";"8.5";"7.1";"10";"70";"0";"30";"30";"40";"30";"20";"40";"40";"40";"47";"60";"60";"70";"80";"70";"60";"0x1";"0x2";"25.2";"1.7";"1.7";"1.5";"1.7";"3.3";"50";"50";"5";"8";"10";"10";"14.4";"12";"11.7";"12.2";"12.4";"6";"5.2";"7.4";"6.2";"1.2";"1.6";"1.6";"0.7";"2.5";"3.1"
"Australia";"AUS";"Northern Nsw";"27-06-2026 01:00";"FT";"Charlestown Azzurri";"1";"3";"Belmont Swansea";"0";"3";"2.86";"2.02";"28";"46";"48";"75";"5";"52";"50";"0.8";"1.9";"67";"64";"10.4";"5.6";"4";"50";"25";"25";"20";"50";"20";"40";"60";"10";"27";"63";"40";"90";"80";"60";"80";"50";"1x2";"2x2";"26";"1.4";"2.2";"2.2";"1.7";"3.8";"54";"41";"11";"2";"10";"10";"14.5";"12.4";"14";"11.1";"13.5";"8.7";"4.7";"8.3";"5.3";"2";"0.9";"2.1";"1.8";"3.4";"3.1"
"Australia";"AUS";"Northern Nsw";"27-06-2026 03:30";"FT";"Valentine";"1";"1";"Lambton Jaffas";"0";"0";"4.38";"1.56";"35";"56";"31";"71";"2";"48";"55";"1.1";"1.6";"50";"64";"7.9";"6.8";"10";"40";"50";"10";"30";"50";"20";"10";"50";"40";"37";"53";"50";"60";"80";"90";"70";"50";"0x3";"2x1";"20.6";"0.9";"2.1";"2";"1.4";"3.2";"47";"53";"10";"6";"10";"10";"7.1";"14.2";"9.1";"10.9";"9.6";"4.7";"4.6";"3";"6.8";"1.6";"1.4";"2.2";"1.3";"3.2";"3.1"
"Australia";"AUS";"Victoria NPL Youth League";"27-06-2026 00:00";"FT";"Bentleigh Greens U23";"4";"5";"Altona Magic U23";"0";"3";"1.68";"3.45";"2";"25";"65";"71";"1";"51";"48";"1.3";"1.8";"52";"60";"5.7";"6.5";"";"";"";"";"40";"60";"10";"0";"50";"40";"43";"60";"50";"60";"90";"100";"60";"40";"2x0";"1x3";"23.2";"1.9";"2.1";"3.4";"2.3";"4.8";"51";"51";"5";"7";"10";"10";"10.1";"13.7";"8.7";"13.7";"14.4";"6.3";"6.6";"7.7";"8.3";"1.2";"2.2";"2.5";"1.9";"4";"3.6"
"Australia";"AUS";"Victoria NPL Youth League";"27-06-2026 01:30";"POSTPONED";"Dandenong Thunder U23";"";"";"Hume City U23";"";"";"2.88";"1.91";"2";"21";"58";"37";"2";"33";"41";"0.6";"0.7";"35";"41";"4.7";"5.4";"5";"0";"20";"80";"20";"20";"0";"10";"80";"70";"20";"23";"20";"30";"100";"90";"80";"80";"2x3";"3x1";"22.8";"1.7";"1.1";"3.4";"2.4";"4.3";"42";"43";"13";"14";"10";"10";"8";"6.3";"17.9";"13.4";"12";"8.9";"7.3";"4.9";"3";"1.8";"2";"2.1";"1.2";"3.6";"3.6"
"Australia";"AUS";"Victoria NPL Youth League";"27-06-2026 02:00";"FT";"Dandenong City U23";"1";"2";"Avondale U23";"0";"1";"4.10";"1.56";"2";"46";"65";"100";"2";"49";"59";"0.8";"1.9";"52";"62";"5.8";"4";"5";"40";"60";"0";"20";"60";"20";"10";"60";"30";"27";"63";"40";"70";"80";"90";"80";"40";"1x3";"2x5";"23.2";"1.9";"3.2";"3.1";"1.7";"5";"45";"56";"12";"6";"10";"10";"10.9";"13.3";"13.4";"8.9";"13.2";"8.6";"5";"5.8";"7.1";"2.2";"0.8";"1.4";"1.1";"2.8";"3.6"
"Australia";"AUS";"Victoria NPL Youth League";"27-06-2026 02:45";"FT";"George Cross U23";"3";"0";"Preston Lions U23";"0";"0";"1.66";"3.76";"56";"56";"92";"61";"1";"62";"55";"2.1";"1.6";"66";"64";"6.3";"6.2";"3";"0";"33";"67";"70";"50";"0";"10";"30";"40";"70";"53";"70";"60";"100";"90";"30";"50";"3x1";"1x0";"21.6";"2.7";"1.8";"1.4";"1.4";"3.6";"52";"51";"2";"11";"10";"10";"16.6";"11.2";"6.9";"8.6";"10.8";"3.9";"4.2";"8.7";"4.7";"2.2";"1.8";"2";"2.6";"4.2";"3.6"
"Australia";"AUS";"Victoria NPL Youth League";"27-06-2026 23:30";"FT";"South Melbourne U23";"3";"2";"Green Gully U23";"1";"1";"1.88";"2.90";"10";"46";"58";"58";"1";"43";"44";"0.9";"1.3";"46";"43";"5.8";"5.6";"5";"20";"40";"40";"30";"40";"0";"10";"70";"50";"30";"43";"30";"50";"100";"90";"70";"60";"0x2";"1x3";"23.5";"1.7";"1.7";"2.7";"1.7";"3.9";"49";"46";"8";"9";"10";"10";"10.4";"9.8";"13.4";"13.3";"13";"7.5";"7";"5.2";"6.1";"1.9";"2.2";"2.1";"1.7";"4";"3.6"
"Australia";"AUS";"Brisbane Reserves Premier League";"27-06-2026 02:00";"AWAITING_UPDATES";"Carina U23";"";"";"North Lakes United U23";"";"";"";"";"66";"35";"95";"61";"";"";"";"2";"1";"";"";"";"";"";"";"";"";"60";"30";"20";"10";"20";"60";"67";"33";"80";"40";"80";"90";"40";"70";"3x0";"2x1";"";"2.8";"1.8";"1.1";"2";"3.8";"";"";"5";"8";"10";"10";"";"";"";"";"";"";"";"";"";"";"";"";"";"";"0"
"Australia";"AUS";"Brisbane Reserves Premier League";"27-06-2026 02:00";"AWAITING_UPDATES";"Springfield United U23";"";"";"Newmarket U23";"";"";"";"";"2";"35";"58";"100";"";"";"";"0.9";"2.1";"";"";"";"";"5";"40";"40";"20";"30";"70";"0";"0";"70";"30";"30";"70";"30";"70";"100";"100";"70";"30";"0x3";"1x7";"";"1.7";"5.5";"3.1";"2";"6.2";"";"";"10";"4";"10";"10";"";"";"";"";"";"";"";"";"";"";"";"";"";"";"0"
"Australia";"AUS";"Brisbane Reserves Premier League";"27-06-2026 04:00";"AWAITING_UPDATES";"Univ. Queensland U23";"";"";"Moggill U23";"";"";"";"";"49";"100";"92";"71";"";"";"";"1.3";"2.2";"";"";"";"";"";"";"";"";"40";"60";"10";"40";"50";"0";"43";"73";"50";"100";"90";"60";"60";"40";"1x2";"0x0";"";"2.7";"2.1";"1.6";"0.4";"3.4";"";"";"9";"2";"10";"10";"";"";"";"";"";"";"";"";"";"";"";"";"";"";"0"
"Australia";"AUS";"Northern Territory Premier League";"27-06-2026 05:30";"FT";"Palmerston Rovers";"3";"2";"Casuarina";"1";"1";"4.26";"1.45";"2";"14";"54";"88";"2";"42";"45";"0.9";"1.5";"49";"47";"6.3";"3.9";"";"";"";"";"30";"50";"0";"0";"70";"50";"30";"50";"30";"50";"100";"100";"70";"50";"1x6";"4x2";"24.7";"1.6";"2.6";"3.9";"2.6";"5.4";"43";"47";"8";"6";"10";"10";"10.1";"10.2";"17";"12.1";"14.8";"10.3";"6.9";"6";"6.3";"1.1";"1.2";"0.8";"1.3";"2.2";"2.6"
"Australia";"AUS";"Western Australia State League 1";"27-06-2026 04:00";"FT";"Quinns";"3";"1";"Murdoch Uni Melville";"0";"1";"2.84";"2.02";"14";"32";"44";"61";"5";"50";"45";"1.1";"1.1";"56";"43";"6";"6.3";"3";"0";"33";"67";"30";"30";"20";"20";"50";"50";"37";"37";"50";"50";"80";"80";"70";"70";"0x3";"2x1";"22.1";"1.3";"1.8";"2.6";"2.1";"3.9";"48";"49";"8";"9";"10";"10";"7.8";"11.4";"12.2";"12.9";"11.9";"7.5";"5.6";"4.5";"6.1";"2.3";"2.5";"1.8";"2";"4.4";"4.4"
"Australia";"AUS";"Western Australia State League 1";"27-06-2026 04:00";"FT";"Mandurah City";"3";"1";"Kingsley";"1";"1";"1.82";"3.29";"42";"52";"75";"61";"1";"57";"49";"1.6";"1.5";"81";"70";"7.2";"7.2";"6";"17";"33";"50";"50";"50";"10";"0";"40";"50";"53";"50";"60";"50";"90";"100";"50";"50";"1x2";"0x1";"25.5";"2.2";"1.8";"1.8";"1.5";"3.6";"54";"49";"3";"4";"10";"10";"15.8";"12.9";"10.8";"11.4";"13.4";"5.2";"6.2";"9.8";"5.6";"3.2";"1.7";"1.2";"2.3";"4.2";"4.4"
"Australia";"AUS";"Western Australia State League 1";"27-06-2026 04:00";"FT";"Subiaco";"1";"4";"Joondalup City";"1";"3";"3.12";"1.91";"14";"52";"71";"51";"2";"51";"48";"0.6";"1.6";"61";"55";"5.7";"8.7";"4";"25";"50";"25";"20";"50";"0";"10";"80";"40";"20";"53";"20";"60";"100";"90";"80";"50";"1x2";"1x2";"26.2";"2.1";"1.5";"2.6";"1.5";"3.8";"47";"52";"11";"5";"10";"10";"11.9";"13";"12.7";"14.8";"15.6";"7.7";"8.4";"5.8";"9.4";"1.4";"2";"2.4";"1.4";"3.6";"4.4"
"Australia";"AUS";"Western Australia State League 1";"27-06-2026 04:00";"FT";"UWA Nedlands";"2";"1";"Cockburn City";"0";"0";"1.32";"6.45";"70";"35";"88";"58";"1";"63";"42";"2.5";"1.2";"65";"48";"6.1";"6";"3";"33";"67";"0";"80";"30";"10";"30";"10";"40";"83";"40";"90";"60";"90";"70";"20";"70";"3x0";"3x1";"24.8";"2.6";"1.7";"1";"2";"3.6";"58";"47";"1";"7";"10";"10";"15.9";"10.2";"8";"15.5";"14.6";"4.6";"8.4";"9.7";"6.5";"2";"1.9";"2.3";"2.6";"4.4";"4.4"
"Australia";"AUS";"Western Australia State League 1";"27-06-2026 04:00";"FT";"Floreat Athena";"2";"0";"Inglewood United";"1";"0";"1.67";"3.84";"63";"60";"82";"31";"1";"60";"53";"2";"1.6";"58";"54";"5.5";"10.6";"10";"70";"10";"20";"60";"50";"20";"10";"20";"40";"67";"53";"80";"60";"80";"90";"40";"50";"0x0";"0x1";"18.8";"2.4";"0.9";"1.2";"1.3";"2.9";"55";"52";"2";"6";"10";"10";"13.2";"9.5";"6.2";"8.8";"7.5";"2.7";"3.8";"4.8";"3.8";"1.5";"2.6";"0.8";"2.4";"3.6";"4.4"
"Australia";"AUS";"Western Australia State League 1";"27-06-2026 04:00";"FT";"Gwelup Croatia SC";"0";"0";"Curtin University";"0";"0";"1.75";"3.60";"21";"49";"54";"31";"1";"47";"38";"0.9";"0.8";"72";"44";"7.3";"10.2";"4";"75";"0";"25";"20";"20";"30";"20";"50";"60";"30";"27";"50";"40";"70";"80";"80";"80";"1x2";"1x0";"24.4";"1.6";"0.9";"2.4";"1.6";"3.2";"46";"44";"10";"12";"10";"10";"11.7";"9.2";"12.3";"15.6";"13.1";"7";"8.4";"6.3";"4.5";"2.8";"1.5";"2.2";"2";"4.2";"4.4"
"Australia";"AUS";"South Australia State League 1";"27-06-2026 02:30";"FT";"Salisbury United";"0";"4";"The Cove";"0";"3";"2.47";"2.26";"10";"49";"51";"41";"5";"46";"50";"0.7";"1.3";"54";"54";"5.7";"9.1";"3";"67";"33";"0";"20";"40";"10";"10";"70";"50";"23";"43";"30";"50";"90";"90";"80";"60";"0x3";"1x2";"21.7";"1.5";"1.2";"2.7";"1.6";"3.5";"42";"49";"11";"8";"10";"10";"8.6";"10.9";"14";"9.9";"11.1";"7.6";"4.2";"4.9";"5.5";"1.4";"2.2";"0.8";"2.7";"3.6";"3.6"
"Australia";"AUS";"South Australia State League 1";"27-06-2026 02:30";"FT";"South Adelaide Panthers";"0";"1";"Fulham United";"0";"1";"4.69";"1.47";"38";"35";"44";"75";"2";"43";"50";"1.1";"1.6";"49";"59";"7.8";"5";"5";"40";"60";"0";"30";"40";"20";"40";"50";"20";"37";"53";"50";"80";"80";"60";"70";"60";"1x1";"3x3";"23.4";"1.3";"2.2";"1.9";"2";"3.7";"47";"50";"12";"3";"10";"10";"10.1";"10.9";"16.1";"9.7";"13.2";"8.9";"5.8";"6";"5.7";"0.9";"1.5";"2";"1.5";"3";"3.6"
"Australia";"AUS";"South Australia State League 1";"27-06-2026 02:30";"FT";"Adelaide Raiders";"7";"0";"Adelaide Cobras";"1";"0";"1.61";"4.06";"38";"38";"78";"44";"1";"47";"45";"1.6";"0.7";"64";"51";"5";"5.6";"3";"67";"0";"33";"50";"20";"10";"10";"40";"70";"53";"23";"60";"30";"90";"90";"50";"80";"3x1";"2x0";"20.4";"2.3";"1.3";"1.9";"1.9";"3.7";"49";"50";"1";"9";"10";"10";"11.6";"7.3";"13";"8.8";"9.9";"6.3";"4.2";"5.5";"3.8";"2.2";"1.2";"1.5";"2.3";"3.6";"3.6"
"Australia";"AUS";"South Australia State League 1";"27-06-2026 02:30";"FT";"Modbury Jets";"4";"1";"Adelaide Olympic";"1";"0";"1.65";"3.84";"74";"63";"54";"51";"1";"57";"55";"1.7";"1.5";"61";"54";"6.6";"6.5";"8";"50";"38";"12";"50";"50";"20";"0";"30";"50";"57";"50";"70";"50";"80";"100";"50";"50";"3x0";"0x2";"17.8";"1.6";"1.5";"0.9";"1.2";"2.6";"56";"54";"6";"2";"10";"10";"10.6";"9.7";"6.1";"9.1";"7.8";"2.7";"4";"4.7";"4.2";"1.8";"1.7";"1.5";"1.5";"3.2";"3.6"
"Australia";"AUS";"South Australia State League 1";"27-06-2026 02:30";"FT";"Adelaide Atletico";"4";"0";"Adelaide Blue Eagles";"1";"0";"2.98";"1.95";"52";"70";"54";"75";"2";"48";"51";"1.4";"2.5";"53";"54";"6.6";"4.7";"";"";"";"";"40";"80";"20";"10";"40";"10";"47";"83";"60";"90";"80";"90";"60";"20";"2x1";"0x1";"20";"1.6";"2.2";"1.5";"1";"3.2";"50";"55";"4";"7";"10";"10";"10.5";"10.4";"9.7";"9.5";"9.8";"6.2";"3.3";"5.2";"4.8";"2.4";"2.1";"1.5";"3.1";"4.6";"3.6"
"Australia";"AUS";"South Australia Reserves Premier League";"27-06-2026 00:15";"FT";"Playford City Res.";"2";"1";"Beograd Res.";"2";"0";"5.11";"1.43";"2";"4";"41";"48";"2";"35";"41";"0.1";"0.7";"43";"49";"5.8";"6";"3";"67";"0";"33";"0";"20";"10";"10";"90";"70";"3";"23";"10";"30";"90";"90";"100";"80";"0x1";"4x0";"23.9";"1.2";"1.4";"5.9";"2.9";"5.7";"38";"42";"12";"11";"10";"10";"6.9";"8.4";"18.9";"13.7";"13.4";"10.4";"8.4";"3.6";"4.3";"1.7";"1.8";"0.7";"1.1";"2.6";"3.7"
"Australia";"AUS";"South Australia Reserves Premier League";"27-06-2026 00:15";"FT";"Campbelltown City Res.";"3";"0";"West Adelaide Res.";"2";"0";"1.11";"14.60";"70";"7";"100";"37";"3";"62";"36";"2.4";"1.1";"64";"40";"3.2";"5.1";"3";"67";"0";"33";"80";"30";"0";"20";"20";"50";"80";"37";"80";"50";"100";"80";"20";"70";"3x0";"0x1";"18.5";"3.4";"1.1";"1";"2.8";"4.2";"54";"48";"2";"9";"10";"10";"11";"5.6";"6.2";"14.3";"10.1";"3.1";"7.9";"6.4";"2.9";"1.6";"1.6";"2";"2";"3.6";"3.7"
"Australia";"AUS";"South Australia Reserves Premier League";"27-06-2026 00:15";"FT";"Para Hills Knights Res.";"2";"1";"MetroStars Res.";"1";"1";"4.89";"1.42";"25";"74";"65";"100";"2";"46";"67";"1.4";"2.8";"52";"84";"4.7";"4.1";"7";"14";"57";"29";"40";"90";"20";"10";"40";"0";"47";"93";"60";"100";"80";"90";"60";"10";"0x2";"1x6";"20";"1.9";"4";"2.3";"0.9";"4.6";"50";"62";"6";"1";"10";"10";"8.9";"16.5";"10.6";"4.1";"10.9";"6.2";"1.6";"5.6";"8.2";"2.6";"0.9";"2.2";"1.2";"3.4";"3.7"
"Australia";"AUS";"South Australia Reserves Premier League";"27-06-2026 03:15";"FT";"Adelaide Comets Res.";"3";"1";"Adelaide City Res.";"0";"1";"1.53";"4.11";"25";"14";"100";"48";"1";"59";"50";"1.5";"0.4";"73";"55";"4.7";"7.4";"10";"50";"20";"30";"50";"0";"0";"40";"50";"60";"50";"13";"50";"40";"100";"60";"50";"100";"1x4";"2x2";"22.6";"3.2";"1.4";"2.3";"2.6";"4.8";"53";"46";"8";"10";"10";"10";"14.9";"10.3";"8.8";"11.3";"13.4";"5.8";"7";"8";"6.1";"1.6";"2.1";"1.2";"1.9";"3.4";"3.7"
"Australia";"AUS";"South Australia Reserves Premier League";"27-06-2026 06:45";"FT";"West Torrens Res.";"3";"0";"Sturt Lions Res.";"2";"0";"1.96";"2.72";"32";"46";"92";"95";"1";"52";"49";"1.6";"1.7";"53";"52";"4.4";"3.6";"5";"40";"20";"40";"50";"50";"10";"20";"40";"30";"53";"57";"60";"70";"90";"80";"50";"50";"0x3";"2x1";"20.6";"2.7";"2.8";"2.1";"1.7";"4.6";"52";"53";"5";"6";"10";"10";"12";"10";"7.5";"11.8";"12";"4.8";"6.4";"6.1";"6.8";"2";"1.5";"1.3";"2.8";"3.8";"3.7"
"Australia";"AUS";"Queensland Premier League";"27-06-2026 03:30";"FT";"St George Willawong";"2";"0";"North Star";"2";"0";"2.59";"2.26";"0";"18";"20";"58";"5";"45";"49";"0.4";"1.2";"50";"58";"15.5";"7.5";"4";"50";"25";"25";"10";"40";"10";"0";"80";"60";"13";"40";"20";"40";"90";"100";"90";"60";"0x2";"3x1";"24";"0.6";"1.7";"3";"2.5";"3.9";"48";"51";"12";"10";"10";"10";"9.3";"12.8";"12.7";"13.2";"11.6";"6.6";"6.6";"3.8";"6.3";"1.9";"2.1";"1.8";"1.2";"3.5";"4.1"
"Australia";"AUS";"Queensland Premier League";"27-06-2026 04:00";"FT";"Logan Lightning";"1";"3";"Caboolture";"1";"1";"2.40";"2.34";"46";"42";"44";"78";"5";"53";"49";"1.3";"1.8";"66";"56";"10.9";"5";"7";"29";"29";"43";"40";"60";"10";"0";"50";"40";"43";"60";"50";"60";"90";"100";"60";"40";"2x0";"2x1";"23.7";"1.3";"2.3";"1.7";"1.8";"3.6";"52";"53";"9";"6";"10";"10";"14.2";"11.4";"11.6";"10.1";"12.4";"6.4";"5.2";"6.5";"6.8";"1.5";"1.9";"0.2";"2.2";"2.9";"4.1"
"Australia";"AUS";"Queensland Premier League";"27-06-2026 05:00";"FT";"Broadbeach United";"3";"1";"Capalaba";"2";"0";"1.07";"17.15";"80";"2";"82";"31";"3";"53";"40";"2.6";"0.3";"54";"50";"4.5";"8.8";"5";"100";"0";"0";"80";"10";"20";"0";"0";"90";"87";"10";"100";"10";"80";"100";"20";"90";"0x0";"2x1";"23.5";"2.4";"0.9";"0.7";"3.7";"3.8";"46";"43";"1";"11";"10";"10";"10.8";"7.9";"9.6";"18.8";"11.9";"4.2";"10.3";"6.3";"3";"1.1";"2.4";"2.2";"1.1";"3.4";"4.1"
"Australia";"AUS";"Queensland Premier League";"27-06-2026 05:00";"FT";"SC Wanderers";"0";"0";"Robina City";"0";"0";"2.12";"2.74";"52";"56";"95";"61";"5";"55";"54";"1.7";"1.9";"54";"68";"4.4";"5.9";"";"";"";"";"50";"60";"20";"10";"30";"30";"57";"63";"70";"70";"80";"90";"50";"40";"0x3";"0x1";"19.4";"2.8";"1.8";"1.5";"1.4";"3.8";"52";"49";"4";"5";"10";"10";"12.3";"10.6";"7";"8.9";"9.6";"3.4";"4.3";"6.6";"4.9";"1";"2.2";"1.5";"1.6";"3.2";"4.1"
"Australia";"AUS";"New South Wales NPL Youth League";"27-06-2026 00:00";"FT";"UNSW U20";"3";"1";"Sutherland Sharks U20";"1";"1";"2.17";"2.61";"18";"38";"61";"82";"5";"47";"47";"1";"1.6";"60";"59";"7.7";"5.2";"";"";"";"";"30";"50";"10";"10";"60";"40";"33";"53";"40";"60";"90";"90";"70";"50";"0x1";"2x0";"25.2";"1.8";"2.4";"2.5";"1.9";"4.3";"51";"51";"14";"12";"10";"10";"13.9";"12.5";"10.9";"13.1";"12";"5.3";"5.1";"6.4";"7.1";"0.9";"1.2";"1.4";"1.2";"2.3";"3"
"Australia";"AUS";"New South Wales NPL Youth League";"27-06-2026 03:30";"FT";"St. George Saints U20";"3";"3";"Sydney Olympic U20";"2";"1";"1.70";"3.59";"2";"4";"41";"34";"1";"42";"30";"0";"0";"49";"29";"7.9";"5.8";"5";"40";"40";"20";"0";"0";"0";"0";"100";"100";"0";"0";"0";"0";"100";"100";"100";"100";"1x5";"3x1";"24.2";"1.2";"1";"4.1";"2.9";"4.6";"41";"41";"15";"16";"10";"10";"9.5";"5.8";"15.1";"18";"12.1";"8";"8.8";"4.3";"3.1";"1.2";"0.9";"1.5";"1.2";"2.4";"3"
"Australia";"AUS";"New South Wales NPL Youth League";"27-06-2026 04:00";"FT";"WS Wanderers U20";"2";"8";"Manly United U20";"2";"2";"2.00";"2.95";"35";"60";"58";"68";"5";"52";"50";"1.2";"2";"61";"53";"4.4";"4";"7";"57";"43";"0";"40";"60";"0";"20";"60";"20";"40";"67";"40";"80";"100";"80";"60";"40";"1x5";"2x3";"17.1";"1.7";"2";"2";"1.3";"3.5";"50";"52";"9";"5";"10";"10";"7.4";"7.9";"8";"10.9";"7.1";"3.3";"4.8";"1.9";"4.3";"0.9";"2.1";"0.8";"2";"2.8";"3"
"Australia";"AUS";"New South Wales NPL Youth League";"27-06-2026 06:00";"FT";"SD Raiders U20";"2";"2";"St. George City U20";"0";"1";"2.13";"2.72";"32";"10";"58";"68";"5";"53";"51";"1.4";"1.1";"49";"64";"7.5";"6.9";"3";"33";"67";"0";"40";"30";"20";"20";"40";"50";"47";"37";"60";"50";"80";"80";"60";"70";"1x0";"0x2";"24.8";"1.7";"2";"2.1";"2.7";"4.2";"50";"46";"7";"12";"10";"10";"12.8";"13.8";"10.1";"12.9";"12.2";"5.4";"7.7";"5.8";"5.7";"1";"1.6";"1.8";"1";"2.7";"3"
"Australia";"AUS";"New South Wales NPL Youth League";"27-06-2026 06:45";"FT";"NWS Spirit U20";"7";"1";"Wollongong Wolves U20";"1";"1";"2.00";"2.90";"35";"56";"65";"68";"5";"50";"48";"1.6";"1.7";"59";"57";"6.4";"6.2";"7";"29";"29";"43";"50";"40";"10";"50";"40";"10";"53";"57";"60";"90";"90";"50";"50";"60";"1x2";"1x1";"24.3";"1.9";"2";"2";"1.4";"3.6";"50";"53";"4";"8";"10";"10";"12.2";"12.4";"12.5";"11.4";"12.4";"6.7";"5";"6.3";"6.9";"0.8";"1.4";"1";"0.6";"1.9";"3"
"Australia";"AUS";"South Australia State League 1 Reserves";"27-06-2026 00:15";"FT";"Salisbury Unted Res.";"0";"4";"The Cove Res.";"0";"3";"5.16";"1.40";"2";"46";"48";"51";"2";"48";"48";"0.6";"1.9";"55";"48";"6.5";"8.1";"3";"33";"33";"33";"20";"60";"0";"10";"80";"30";"20";"63";"20";"70";"100";"90";"80";"40";"1x2";"3x0";"21.6";"1.4";"1.5";"3.1";"1.7";"3.8";"46";"51";"12";"5";"10";"10";"9.1";"12.2";"10.6";"11.4";"12.2";"5.7";"6.9";"4.9";"6.9";"1.4";"2";"1.4";"1.9";"3.4";"3.4"
"Australia";"AUS";"South Australia State League 1 Reserves";"27-06-2026 00:15";"FT";"South Adelaide Res.";"4";"1";"Fulham United Res.";"2";"0";"2.32";"2.24";"49";"42";"44";"71";"5";"50";"52";"1.1";"1.6";"54";"58";"11.9";"4.7";"3";"33";"67";"0";"30";"50";"20";"10";"50";"40";"37";"53";"50";"60";"80";"90";"70";"50";"1x1";"0x1";"24.6";"1.3";"2.1";"1.6";"1.8";"3.4";"50";"49";"10";"7";"10";"10";"15.5";"9.9";"15.4";"8.6";"14.6";"9.5";"4.6";"10.2";"4.7";"1";"1.6";"1.5";"1.7";"2.9";"3.4"
"Australia";"AUS";"South Australia State League 1 Reserves";"27-06-2026 00:15";"FT";"Adelaide Raiders Res.";"1";"0";"Adelaide Cobras Res.";"1";"0";"1.76";"3.11";"21";"46";"71";"58";"1";"52";"45";"1";"1.8";"60";"53";"4.3";"5.1";"3";"33";"67";"0";"30";"60";"10";"0";"60";"40";"33";"60";"40";"60";"90";"100";"70";"40";"0x1";"0x1";"18.7";"2.1";"1.7";"2.4";"1.7";"4";"50";"52";"9";"6";"10";"10";"9";"8.7";"10.4";"9.3";"10.8";"6.6";"4.6";"5.9";"4.7";"2.1";"1.1";"1.3";"1.6";"3";"3.4"
"Australia";"AUS";"South Australia State League 1 Reserves";"27-06-2026 00:15";"FT";"Modbury Jets Res.";"1";"6";"Adelaide Olympic Res.";"0";"2";"2.79";"1.89";"52";"49";"88";"100";"2";"56";"55";"2";"2.4";"69";"63";"5.7";"4.8";"7";"43";"29";"29";"60";"80";"20";"0";"20";"20";"67";"80";"80";"80";"80";"100";"40";"20";"3x1";"0x3";"26.8";"2.6";"3.3";"1.5";"1.6";"4.5";"54";"54";"4";"1";"10";"10";"14.7";"15.8";"9.7";"13.5";"14.4";"6";"7.2";"7.7";"7.8";"1.8";"1.5";"1.4";"2.2";"3.5";"3.4"
"Australia";"AUS";"Capital Territory NPL Youth League";"27-06-2026 02:30";"FT";"Monaro Panthers U23";"0";"3";"Cooma Tigers U23";"0";"1";"2.62";"2.18";"52";"74";"100";"99";"5";"56";"53";"2.1";"2.1";"57";"49";"4.9";"5.8";"10";"30";"50";"20";"70";"60";"0";"30";"30";"10";"70";"70";"70";"90";"100";"70";"30";"40";"2x3";"1x1";"29.7";"3.4";"2.9";"1.5";"0.9";"4.4";"54";"55";"2";"1";"10";"10";"16.5";"16.9";"10.9";"15.1";"19.3";"7.1";"9.8";"10.5";"11.2";"2";"0.8";"1.2";"1.4";"2.7";"2.6"
"Australia";"AUS";"Capital Territory NPL Youth League";"27-06-2026 23:30";"FT";"Canberra Croatia U23";"3";"1";"Tuggeranong United U23";"2";"0";"1.89";"2.98";"35";"42";"78";"88";"1";"53";"58";"1.4";"2.1";"51";"58";"4.8";"6.2";"10";"40";"30";"30";"40";"70";"20";"0";"40";"30";"47";"70";"60";"70";"80";"100";"60";"30";"0x4";"1x2";"23.6";"2.3";"2.6";"2";"1.8";"4.4";"46";"56";"9";"4";"10";"10";"11";"16";"12.1";"8.1";"15.4";"7.9";"4.9";"6.6";"11.5";"1.7";"1.4";"0.9";"1.5";"2.8";"2.6"
"Australia";"AUS";"Capital Territory NPL Youth League";"27-06-2026 23:30";"FT";"Canberra Juventus U23";"1";"0";"Brindabella Blues U23";"0";"0";"1.06";"17.58";"42";"2";"78";"31";"3";"51";"36";"1.5";"0.7";"55";"31";"6";"9.2";"10";"40";"40";"20";"40";"20";"30";"10";"30";"70";"50";"23";"70";"30";"70";"90";"60";"80";"2x0";"7x0";"24.8";"2.3";"0.9";"1.8";"3.8";"4.4";"51";"43";"6";"10";"10";"10";"13.8";"8.3";"10.9";"16.6";"15.8";"6.9";"11.3";"8.7";"4.9";"1.3";"1.3";"1.3";"1";"2.5";"2.6"
"Australia";"AUS";"Queensland NPL Youth League";"27-06-2026 03:45";"FT";"Eastern Suburbs U23";"3";"0";"Olympic U23";"3";"0";"1.76";"3.35";"60";"21";"82";"54";"1";"45";"43";"1.9";"0.9";"54";"57";"5.1";"5.9";"7";"29";"57";"14";"60";"30";"10";"0";"30";"70";"63";"30";"70";"30";"90";"100";"40";"70";"3x1";"1x2";"23.9";"2.4";"1.6";"1.3";"2.4";"3.8";"55";"47";"5";"6";"10";"10";"12.3";"9.4";"9.9";"16.3";"12";"4.4";"8";"6.6";"5.1";"1.2";"1";"2";"1.7";"3";"2.9"
"Australia";"AUS";"Queensland NPL Youth League";"27-06-2026 23:45";"FT";"Rochedale Rovers U23";"1";"3";"Gold Coast Knights U23";"1";"2";"1.72";"3.61";"70";"52";"95";"100";"1";"55";"51";"2.2";"2.5";"88";"60";"4.1";"4.8";"5";"40";"60";"0";"70";"80";"10";"10";"20";"10";"73";"83";"80";"90";"90";"90";"30";"20";"2x0";"1x3";"23";"2.8";"3.2";"1";"1.5";"4.2";"52";"56";"2";"3";"10";"10";"11.6";"15.3";"7.8";"11.3";"13";"3.9";"7";"4.9";"10.2";"1.4";"2.5";"0.4";"1.5";"2.9";"2.9"
"Australia";"AUS";"Queensland NPL Youth League";"27-06-2026 23:45";"FT";"Gold Coast United U23";"2";"1";"Moreton City U23";"1";"1";"6.34";"1.33";"21";"52";"75";"78";"2";"46";"64";"1.1";"1.6";"54";"88";"5.2";"8.2";"5";"20";"40";"40";"30";"50";"20";"10";"50";"40";"37";"53";"50";"60";"80";"90";"70";"50";"0x3";"2x1";"27";"2.2";"2.3";"2.4";"1.5";"4.2";"49";"53";"8";"5";"10";"10";"11.4";"18.8";"16.3";"7.6";"14.8";"9.2";"3.9";"7";"9.4";"1.3";"1.1";"1.5";"1.6";"2.8";"2.9"
"Australia";"AUS";"NSW League One Youth";"27-06-2026 04:00";"FT";"Mt Druitt Town U20";"1";"3";"Bankstown City U20";"1";"2";"";"";"18";"38";"65";"68";"";"43";"54";"1.3";"1.3";"42";"58";"6.1";"5.4";"3";"0";"100";"0";"40";"40";"10";"10";"50";"50";"43";"43";"50";"50";"90";"90";"60";"60";"0x3";"2x1";"22.4";"1.9";"2";"2.5";"1.9";"4.2";"50";"48";"11";"12";"10";"10";"11.6";"10.9";"13.1";"9";"11.4";"7.6";"5";"6.8";"3.5";"1.8";"1.9";"1.2";"1.8";"3.3";"3.1"
"Australia";"AUS";"NSW League One Youth";"27-06-2026 05:30";"FT";"Northern Tigers U20";"0";"1";"Dulwich Hill U20";"0";"1";"";"";"70";"42";"78";"54";"";"59";"50";"2.2";"1.5";"59";"53";"6";"6.6";"7";"43";"29";"29";"60";"40";"40";"30";"0";"30";"73";"50";"100";"70";"60";"70";"40";"60";"1x1";"1x2";"20.2";"2.3";"1.6";"1";"1.8";"3.4";"54";"48";"4";"6";"10";"10";"13.9";"10.5";"8.3";"7.6";"10.6";"3.7";"4.1";"7.9";"5.4";"1.4";"1.8";"1.7";"1.4";"3.1";"3.1"
"Australia";"AUS";"NSW League One Youth";"27-06-2026 05:30";"FT";"Macarthur Rams U20";"1";"2";"Hakoah Sydney U20";"1";"1";"";"";"52";"84";"88";"88";"";"46";"58";"1.7";"2.1";"42";"62";"4.2";"5.2";"7";"43";"43";"14";"50";"60";"20";"30";"30";"10";"57";"70";"70";"90";"80";"70";"50";"40";"0x1";"0x4";"21.4";"2.6";"2.6";"1.5";"0.6";"3.6";"60";"55";"8";"1";"10";"10";"10.8";"13.6";"12.2";"6.3";"12";"6.2";"3.4";"6.8";"7.6";"0.8";"0.9";"1.5";"1.6";"2.3";"3.1"
"Australia";"AUS";"NSW League One Youth";"27-06-2026 06:00";"FT";"Bankstown Berries U20";"0";"1";"CC Mariners U20";"";"";"";"";"10";"42";"54";"100";"";"46";"";"0.8";"1.8";"54";"";"";"";"";"";"";"";"20";"60";"20";"0";"60";"40";"27";"60";"40";"60";"80";"100";"80";"40";"0x4";"0x1";"";"1.6";"3.2";"2.7";"1.8";"4.6";"47";"";"15";"7";"10";"10";"11.4";"";"14.1";"";"";"7.6";"";"5.3";"";"1.4";"";"1.1";"";"";"3.1"
"Australia";"AUS";"NSW League One Youth";"27-06-2026 06:00";"FT";"Hurstville U20";"1";"3";"Hills United U20";"0";"3";"";"";"2";"52";"58";"82";"";"51";"63";"1";"1.7";"61";"64";"7.5";"7.2";"";"";"";"";"30";"50";"10";"20";"60";"30";"33";"57";"40";"70";"90";"80";"70";"50";"1x4";"1x1";"25.6";"1.7";"2.4";"3.3";"1.5";"4.4";"48";"60";"13";"9";"10";"10";"12.8";"17.3";"12.8";"8.3";"12.7";"7.2";"3.5";"5.9";"8.8";"1.2";"1.5";"0.8";"1.5";"2.5";"3.1"
"Australia";"AUS";"NSW League One Youth";"27-06-2026 06:00";"AWAITING_UPDATES";"Inter Lions U20";"";"";"Newcastle Jets U20";"";"";"";"";"0";"18";"20";"99";"";"38";"52";"0.6";"1.6";"45";"58";"11.3";"4.7";"3";"0";"100";"0";"20";"50";"0";"10";"80";"40";"20";"53";"20";"60";"100";"90";"80";"50";"0x3";"0x1";"25.8";"0.6";"2.9";"3";"2.5";"4.5";"40";"56";"16";"5";"10";"10";"6.8";"13.5";"18.5";"13";"17.4";"10.8";"11";"3.5";"9.5";"1.6";"1.5";"1.8";"1";"3";"3.1"
"Australia";"AUS";"Northern NSW Reserve League";"27-06-2026 01:30";"FT";"Valentine Res.";"4";"3";"Lambton Jaffas Res.";"2";"0";"1.79";"3.19";"66";"49";"68";"58";"1";"58";"45";"2";"1.5";"46";"55";"7.8";"11.4";"9";"33";"44";"22";"60";"40";"20";"30";"20";"30";"67";"50";"80";"70";"80";"70";"40";"60";"0x0";"0x0";"35";"2";"1.7";"1.1";"1.6";"3.2";"56";"43";"3";"5";"10";"10";"15.7";"19.4";"11.3";"23.6";"24.1";"7";"16.8";"10";"14.4";"1";"1.4";"1.2";"0.6";"2.1";"2.6"
"Australia";"AUS";"Northern NSW State League 1 Reserves";"27-06-2026 03:00";"POSTPONED";"South Cardiff Res.";"";"";"New Lambton Res.";"";"";"";"";"2";"63";"44";"100";"";"";"";"0.3";"2.7";"";"";"";"";"3";"0";"100";"0";"10";"90";"0";"0";"90";"10";"10";"90";"10";"90";"100";"100";"90";"10";"1x3";"0x2";"";"1.3";"3";"3.3";"1.2";"4.4";"";"";"8";"1";"10";"10";"";"";"";"";"";"";"";"";"";"";"";"";"";"";""
"Australia";"AUS";"New South Wales NPL 2";"27-06-2026 03:30";"FT";"Northern Tigers";"3";"1";"Dulwich Hill";"2";"0";"1.50";"5.25";"80";"49";"37";"31";"1";"57";"50";"1.6";"1.1";"59";"53";"9.4";"11.4";"7";"71";"29";"0";"40";"20";"40";"50";"20";"30";"53";"37";"80";"70";"60";"50";"60";"80";"1x0";"1x1";"18.2";"1.1";"0.9";"0.7";"1.6";"2.2";"52";"47";"2";"13";"10";"10";"10.3";"10.3";"7.7";"8.1";"9";"3.9";"4";"4.8";"5.3";"1";"1.9";"1.3";"0.9";"2.6";"3.7"
"Australia";"AUS";"New South Wales NPL 2";"27-06-2026 03:30";"FT";"Macarthur Rams";"1";"1";"Hakoah Sydney City";"1";"1";"2.10";"2.70";"74";"21";"37";"75";"5";"46";"50";"1.9";"1.6";"42";"50";"9.3";"4.4";"7";"0";"57";"43";"60";"50";"10";"10";"30";"40";"63";"53";"70";"60";"90";"90";"40";"50";"1x0";"0x1";"20.1";"1.1";"2.2";"0.9";"2.4";"3.3";"54";"51";"4";"9";"10";"10";"10.2";"9.7";"10.6";"9.8";"11";"5.2";"5.4";"6.4";"5";"3.6";"2.3";"2.6";"2.3";"5.4";"3.7"
"Australia";"AUS";"New South Wales NPL 2";"27-06-2026 04:00";"FT";"Inter Lions";"2";"1";"Newcastle Jets II";"1";"0";"2.05";"2.70";"52";"28";"58";"61";"5";"46";"48";"1.8";"0.8";"48";"56";"4.8";"6.4";"3";"33";"67";"0";"60";"20";"0";"20";"40";"60";"60";"27";"60";"40";"100";"80";"40";"80";"2x1";"1x0";"22.4";"1.7";"1.8";"1.5";"2.2";"3.6";"49";"48";"14";"10";"10";"10";"8.2";"11.6";"8.3";"16.6";"11.2";"4.3";"7.6";"4.1";"6.2";"2.2";"1.4";"1.9";"1.5";"3.5";"3.7"
"Australia";"AUS";"New South Wales NPL 2";"27-06-2026 04:00";"FT";"Hurstville";"2";"1";"Hills United";"0";"1";"2.62";"2.15";"42";"52";"41";"71";"5";"45";"59";"1.1";"1.8";"48";"59";"8.4";"7.7";"";"";"";"";"30";"50";"20";"30";"50";"20";"37";"60";"50";"80";"80";"70";"70";"50";"1x2";"1x2";"25";"1.2";"2.1";"1.8";"1.5";"3.3";"49";"53";"12";"6";"10";"10";"10.1";"16.2";"12.6";"11.1";"12.6";"5.6";"6.6";"4.4";"8.8";"2";"1.4";"2";"1.3";"3.4";"3.7"
"Australia";"AUS";"New South Wales NPL 2";"27-06-2026 04:00";"FT";"Bankstown Berries";"6";"0";"Central Coast II";"2";"0";"1.80";"3.40";"46";"42";"92";"82";"1";"51";"40";"2";"1.4";"51";"45";"4.5";"5";"";"";"";"";"60";"40";"20";"20";"20";"40";"67";"47";"80";"60";"80";"80";"40";"60";"0x0";"0x4";"24.6";"2.7";"2.4";"1.7";"1.8";"4.3";"53";"51";"5";"8";"10";"10";"12.1";"12";"9.3";"15.8";"14.2";"4.5";"10.5";"7.1";"6.2";"1.8";"1.6";"1.4";"2";"3.4";"3.7"
"Australia";"AUS";"New South Wales NPL 2";"27-06-2026 06:00";"FT";"Mt Druitt Town";"2";"3";"Bankstown City Lions";"0";"2";"";"";"32";"25";"20";"51";"";"44";"50";"0.4";"1.4";"44";"55";"13.5";"6.8";"4";"75";"25";"0";"0";"40";"40";"20";"60";"40";"13";"47";"40";"60";"60";"80";"100";"60";"1x1";"1x2";"22";"0.6";"1.5";"2.1";"2.3";"3.2";"47";"48";"16";"4";"10";"10";"8.1";"10.2";"14.2";"11.3";"11.4";"8.6";"5.1";"4.6";"4.4";"1.6";"1.8";"1.7";"2.3";"3.6";"3.7"
"Australia";"AUS";"Western Australia State League 1 Reserves";"27-06-2026 02:00";"FT";"Quinns Res.";"7";"2";"MUM Res.";"1";"1";"1.50";"4.33";"56";"38";"100";"51";"1";"58";"59";"1.9";"1.1";"72";"65";"4.1";"11.8";"3";"67";"33";"0";"60";"30";"10";"20";"30";"50";"63";"37";"70";"50";"90";"80";"40";"70";"0x0";"2x0";"25.7";"3.8";"1.5";"1.4";"1.9";"4.3";"53";"50";"2";"8";"10";"10";"15.4";"17.7";"9.9";"8.4";"13.6";"5.1";"4.9";"8.4";"8.9";"1.3";"1.3";"1.3";"1.6";"2.8";"2.8"
"Australia";"AUS";"Western Australia State League 1 Reserves";"27-06-2026 02:00";"FT";"Mandurah City Res.";"2";"0";"Kingsley Westside Res.";"0";"0";"2.50";"2.25";"32";"66";"65";"65";"5";"44";"46";"1.4";"2.4";"46";"50";"4.4";"5.9";"5";"20";"80";"0";"40";"80";"20";"0";"40";"20";"47";"80";"60";"80";"80";"100";"60";"20";"3x1";"0x2";"22.2";"1.9";"1.9";"2.1";"1.1";"3.5";"47";"51";"7";"1";"10";"10";"8.3";"11.3";"11.7";"13.1";"13.3";"8";"7.1";"5.3";"6.1";"0.7";"2.8";"2";"0.8";"3.2";"2.8"
"Australia";"AUS";"Western Australia State League 1 Reserves";"27-06-2026 02:00";"FT";"Subiaco Res.";"1";"2";"Joondalup City Res.";"1";"1";"5.50";"1.40";"4";"49";"14";"61";"2";"36";"50";"0.4";"1.5";"41";"62";"17";"6.2";"4";"50";"50";"0";"10";"40";"10";"30";"80";"30";"13";"50";"20";"70";"90";"70";"90";"60";"0x1";"2x2";"25.6";"0.4";"1.8";"2.9";"1.6";"3.4";"44";"51";"11";"5";"10";"10";"6.8";"11.2";"17.8";"15.5";"11.8";"8.5";"7.2";"3.1";"4.8";"1.2";"1.2";"1.9";"0.8";"2.6";"2.8"
"Australia";"AUS";"Western Australia State League 1 Reserves";"27-06-2026 02:00";"FT";"UWA Nedlands Res.";"0";"2";"Cockburn City Res.";"0";"0";"1.72";"3.50";"63";"46";"75";"54";"1";"59";"56";"1.9";"1.5";"56";"56";"7.3";"9.6";"2";"50";"0";"50";"60";"50";"10";"0";"30";"50";"63";"50";"70";"50";"90";"100";"40";"50";"2x0";"0x1";"25.8";"2.2";"1.6";"1.2";"1.7";"3.4";"54";"50";"3";"9";"10";"10";"16.1";"15.3";"7.9";"12.3";"14.4";"3.7";"7.6";"8.9";"8.7";"1.6";"1.3";"2.1";"1";"3";"2.8"
"Australia";"AUS";"Western Australia State League 1 Reserves";"27-06-2026 02:00";"FT";"Floreat Athena Res.";"1";"1";"Inglewood United Res.";"1";"0";"1.25";"7.00";"60";"4";"78";"27";"3";"46";"46";"1.8";"0.3";"50";"44";"4.8";"15.2";"";"";"";"";"60";"10";"0";"0";"40";"90";"60";"10";"60";"10";"100";"100";"40";"90";"0x1";"3x1";"26.2";"2.3";"0.8";"1.3";"2.9";"3.6";"51";"45";"6";"12";"10";"10";"11";"12.2";"12.5";"16.6";"14.3";"5.2";"9.6";"6";"7.8";"0.2";"2.2";"1.8";"0.8";"2.5";"2.8"
"Australia";"AUS";"Western Australia State League 1 Reserves";"27-06-2026 02:00";"FT";"Gwelup Croatia Res.";"6";"3";"Curtin University Res.";"4";"1";"1.60";"4.00";"46";"10";"95";"44";"1";"50";"46";"2";"1";"56";"51";"4.6";"6.8";"3";"33";"0";"67";"60";"30";"20";"10";"20";"60";"67";"33";"80";"40";"80";"90";"40";"70";"4x1";"5x0";"23.8";"2.8";"1.3";"1.7";"2.7";"4.2";"56";"46";"4";"10";"10";"10";"12.9";"8.9";"14";"11.9";"12.4";"7.7";"6.1";"7.3";"3.6";"0.7";"1.1";"1.1";"0.7";"1.9";"2.8"
"Australia";"AUS";"Northern NSW State League 1";"27-06-2026 01:00";"FT";"Toronto Awaba";"0";"2";"Cessnock City";"0";"1";"";"";"4";"14";"51";"27";"";"";"";"0.7";"0.3";"";"";"";"";"10";"60";"20";"20";"20";"0";"10";"30";"70";"70";"23";"10";"30";"30";"90";"70";"80";"100";"0x3";"1x0";"";"1.5";"0.8";"2.9";"2.6";"3.9";"";"";"8";"9";"10";"10";"";"";"";"";"";"";"";"";"";"";"";"";"";"";"0"
"Australia";"AUS";"Northern NSW State League 1";"27-06-2026 05:00";"POSTPONED";"South Cardiff";"";"";"New Lambton";"";"";"";"";"42";"56";"37";"88";"";"";"";"1";"1.9";"";"";"";"";"3";"0";"67";"33";"30";"60";"10";"10";"60";"30";"33";"63";"40";"70";"90";"90";"70";"40";"0x1";"0x3";"";"1.1";"2.6";"1.8";"1.4";"3.4";"";"";"7";"4";"10";"10";"";"";"";"";"";"";"";"";"";"";"";"";"";"";"0"
"Australia";"AUS";"New South Wales NPL 3";"27-06-2026 04:00";"FT";"Stanmore Hawks";"1";"2";"Hawkesbury City";"1";"0";"2.40";"2.34";"35";"35";"34";"71";"5";"39";"43";"0.5";"1.8";"37";"46";"8.5";"6.5";"7";"57";"43";"0";"10";"50";"20";"30";"70";"20";"17";"60";"30";"80";"80";"70";"90";"50";"0x1";"1x1";"25.7";"1";"2.1";"2";"2";"3.6";"43";"54";"13";"7";"10";"10";"8.5";"13.6";"15.2";"14";"15.3";"9.9";"8.6";"3.9";"8.2";"2.4";"1.2";"2.4";"0.8";"3.4";"4"
"Australia";"AUS";"New South Wales NPL 3";"27-06-2026 04:00";"FT";"Sydney University";"2";"0";"Fraser Park";"0";"0";"2.64";"2.20";"46";"63";"44";"34";"5";"53";"46";"1.2";"1.3";"56";"48";"12.4";"9.3";"7";"29";"43";"29";"30";"30";"30";"40";"40";"30";"40";"43";"60";"70";"70";"60";"70";"70";"0x1";"1x1";"27.1";"1.3";"1";"1.7";"1.2";"2.6";"51";"48";"11";"3";"10";"10";"16.1";"9.3";"15.1";"13.7";"15.8";"10.2";"7.1";"9.8";"4.4";"2.6";"1.9";"2.2";"1.7";"4.2";"4"
"Australia";"AUS";"New South Wales NPL 3";"27-06-2026 04:00";"FT";"Central Coast United";"4";"1";"Gladesville Ryde Magic";"2";"0";"1.63";"4.02";"74";"35";"61";"65";"1";"54";"44";"2";"1.5";"43";"44";"7.2";"6.5";"8";"50";"12";"38";"60";"50";"20";"0";"20";"50";"67";"50";"80";"50";"80";"100";"40";"50";"2x1";"0x1";"26.9";"1.8";"1.9";"0.9";"2";"3.3";"55";"51";"8";"10";"10";"10";"13";"12.4";"11.5";"16.9";"16.6";"5.5";"10";"9.2";"8.3";"1.5";"1.4";"2.5";"1.6";"3.5";"4"
"Australia";"AUS";"New South Wales NPL 3";"27-06-2026 04:00";"FT";"Parramatta";"3";"1";"Nepean";"1";"1";"1.64";"3.86";"60";"38";"68";"58";"1";"55";"45";"1.7";"1.1";"49";"44";"6";"6.9";"5";"40";"60";"0";"50";"30";"20";"20";"30";"50";"57";"37";"70";"50";"80";"80";"50";"70";"0x0";"1x0";"22.5";"2";"1.7";"1.3";"1.9";"3.4";"49";"48";"2";"6";"10";"10";"12";"11.8";"8.6";"12.6";"14.1";"6.2";"7.5";"6.6";"7.9";"1";"2.6";"1.6";"1.6";"3.4";"4"
"Australia";"AUS";"New South Wales NPL 3";"27-06-2026 06:00";"FT";"Camden Tigers";"1";"1";"South Coast Flame";"0";"0";"3.50";"1.73";"2";"38";"44";"41";"2";"48";"50";"0.2";"0.9";"50";"57";"8.5";"11.8";"6";"17";"50";"33";"0";"20";"20";"30";"80";"50";"7";"30";"20";"50";"80";"70";"100";"80";"1x4";"1x1";"28.8";"1.3";"1.2";"3.4";"1.9";"3.9";"42";"45";"15";"12";"10";"10";"11";"14.2";"16.4";"15.9";"16.2";"10.8";"8.8";"5.8";"7";"1.8";"1.4";"1";"1.4";"2.8";"4"
"Australia";"AUS";"New South Wales NPL 3";"27-06-2026 06:00";"FT";"Dunbar Rovers";"1";"1";"Mounties Wanderers";"0";"0";"8.54";"1.20";"63";"80";"54";"100";"4";"49";"64";"1.6";"2.2";"45";"71";"8.6";"5.2";"3";"67";"33";"0";"50";"70";"10";"10";"40";"20";"53";"73";"60";"80";"90";"90";"50";"30";"0x1";"0x4";"25.6";"1.6";"3.3";"1.2";"0.7";"3.4";"54";"59";"4";"1";"10";"10";"13.8";"17.3";"10.5";"9.7";"15";"6.3";"4.3";"8.8";"10.6";"1.6";"1.9";"3.4";"1.1";"4";"4"
"Australia";"AUS";"New South Wales NPL 3 Youth";"27-06-2026 02:00";"AWAITING_UPDATES";"Parramatta U20";"";"";"Nepean U20";"";"";"";"";"74";"28";"41";"31";"";"";"";"2";"0.7";"";"";"";"";"5";"40";"60";"0";"60";"20";"20";"10";"20";"70";"67";"23";"80";"30";"80";"90";"40";"80";"2x1";"2x0";"";"1.2";"0.9";"0.9";"2.2";"2.6";"";"";"6";"14";"10";"10";"";"";"";"";"";"";"";"";"";"";"";"";"";"";""
"Australia";"AUS";"New South Wales NPL 3 Youth";"27-06-2026 02:00";"AWAITING_UPDATES";"Sydney University U20";"";"";"Fraser Park U20";"";"";"";"";"46";"49";"68";"58";"";"";"";"1.5";"1.5";"";"";"";"";"7";"29";"71";"0";"50";"40";"0";"30";"50";"30";"50";"50";"50";"70";"100";"70";"50";"60";"1x2";"2x2";"";"2";"1.7";"1.7";"1.6";"3.5";"";"";"8";"10";"10";"10";"";"";"";"";"";"";"";"";"";"";"";"";"";"";""
"Australia";"AUS";"New South Wales NPL 3 Youth";"27-06-2026 04:00";"AWAITING_UPDATES";"Camden Tigers U20";"";"";"South Coast Flame U20";"";"";"";"";"14";"66";"78";"65";"";"";"";"1.3";"2";"";"";"";"";"7";"29";"57";"14";"40";"60";"10";"20";"50";"20";"43";"67";"50";"80";"90";"80";"60";"40";"1x2";"1x2";"";"2.3";"1.9";"2.6";"1.1";"4";"";"";"11";"3";"10";"10";"";"";"";"";"";"";"";"";"";"";"";"";"";"";""
"Australia";"AUS";"New South Wales NPL 3 Youth";"27-06-2026 04:00";"AWAITING_UPDATES";"Dunbar Rovers U20";"";"";"Mounties Wanderers U20";"";"";"";"";"46";"56";"65";"78";"";"";"";"1.5";"1.9";"";"";"";"";"3";"0";"100";"0";"40";"60";"30";"10";"30";"30";"50";"63";"70";"70";"70";"90";"60";"40";"2x1";"1x3";"";"1.9";"2.3";"1.7";"1.4";"3.6";"";"";"4";"2";"10";"10";"";"";"";"";"";"";"";"";"";"";"";"";"";"";""
"Australia";"AUS";"New South Wales NPL 3 Youth";"27-06-2026 06:00";"AWAITING_UPDATES";"Inner West Hawks U20";"";"";"Hawkesbury City U20";"";"";"";"";"63";"52";"78";"54";"";"";"";"1.7";"1.5";"";"";"";"";"7";"14";"43";"43";"50";"50";"20";"0";"30";"50";"57";"50";"70";"50";"80";"100";"50";"50";"0x1";"1x2";"";"2.3";"1.6";"1.2";"1.5";"3.3";"";"";"7";"9";"10";"10";"";"";"";"";"";"";"";"";"";"";"";"";"";"";""
"Australia";"AUS";"New South Wales NPL 3 Youth";"27-06-2026 06:00";"AWAITING_UPDATES";"Central Coast Utd U20";"";"";"Gladesville Ryde U20";"";"";"";"";"46";"70";"54";"78";"";"";"";"1.3";"2.2";"";"";"";"";"7";"86";"14";"0";"40";"70";"10";"10";"50";"20";"43";"73";"50";"80";"90";"90";"60";"30";"2x1";"1x2";"";"1.6";"2.3";"1.7";"1";"3.3";"";"";"12";"5";"10";"10";"";"";"";"";"";"";"";"";"";"";"";"";"";"";""
"Australia";"AUS";"Queensland PL Youth";"27-06-2026 01:30";"FT";"St George Willawong U23";"2";"1";"North Star U23";"1";"0";"";"";"0";"18";"27";"85";"";"31";"55";"0.3";"1.6";"33";"64";"7.2";"6";"3";"33";"67";"0";"10";"50";"0";"10";"90";"40";"10";"53";"10";"60";"100";"90";"90";"50";"1x4";"2x4";"24.1";"0.8";"2.5";"3";"2.5";"4.4";"38";"52";"12";"6";"10";"10";"5.8";"15";"16.1";"11.3";"12.1";"8";"5.7";"2.8";"7.7";"2.1";"0.9";"1.2";"1.9";"3";"2.3"
"Australia";"AUS";"Queensland PL Youth";"27-06-2026 01:45";"FT";"Logan Lightning U23";"1";"0";"Caboolture U23";"0";"0";"";"";"42";"38";"100";"82";"";"56";"52";"2";"1.3";"73";"67";"5";"7.4";"7";"57";"29";"14";"60";"30";"20";"40";"20";"30";"67";"43";"80";"70";"80";"60";"40";"70";"0x0";"2x2";"29.7";"3.2";"2.4";"1.8";"1.9";"4.6";"54";"49";"5";"8";"10";"10";"15.9";"17.8";"12.2";"13.5";"17";"5.9";"8";"8.4";"11.7";"0.9";"0.8";"0.3";"1.3";"1.7";"2.3"
"Australia";"AUS";"Queensland PL Youth";"27-06-2026 02:45";"FT";"Broadbeach United U23";"2";"0";"Capalaba U23";"1";"0";"";"";"4";"14";"48";"48";"";"59";"43";"0.7";"0.6";"56";"48";"6.6";"6.1";"5";"60";"0";"40";"20";"20";"10";"0";"70";"80";"23";"20";"30";"20";"90";"100";"80";"80";"0x3";"2x1";"18.4";"1.4";"1.4";"2.9";"2.6";"4.2";"49";"46";"7";"11";"10";"10";"9.2";"8.6";"5";"14";"8.6";"2.5";"7";"4";"3.7";"1.7";"1.2";"0.2";"1.6";"2.3";"2.3"
"Australia";"AUS";"Queensland PL Youth";"27-06-2026 02:45";"TBA";"SC Wanderers U23";"";"";"Robina City U23";"";"";"";"";"74";"32";"75";"100";"";"55";"57";"2.5";"2.1";"60";"65";"7.1";"3.7";"";"";"";"";"80";"70";"10";"0";"10";"30";"83";"70";"90";"70";"90";"100";"20";"30";"2x0";"2x4";"24.2";"2.2";"3.7";"0.9";"2.1";"4.4";"56";"57";"1";"3";"10";"10";"15.7";"13.6";"10.2";"9";"13.4";"5.8";"5.4";"7.7";"8";"0.9";"0.9";"0.8";"1";"1.8";"2.3"
"Australia";"AUS";"Tasmania Southern Championship";"27-06-2026 01:30";"FT";"Hobart City Beachside";"2";"2";"New Town Eagles";"0";"1";"";"";"42";"63";"78";"100";"";"53";"56";"1.7";"2.1";"67";"74";"5.2";"4.1";"10";"0";"90";"10";"50";"60";"20";"30";"30";"10";"57";"70";"70";"90";"80";"70";"50";"40";"3x1";"1x1";"21.2";"2.3";"3.7";"1.8";"1.2";"4.5";"52";"58";"4";"3";"10";"10";"12";"15";"9.3";"6";"11.8";"6.7";"2.8";"7.3";"6.8";"2";"0.8";"0.7";"1.6";"2.6";"3.3"
"Australia";"AUS";"Tasmania Southern Championship";"27-06-2026 03:45";"FT";"Clarence Zebras II";"2";"2";"Hobart United";"1";"1";"1.40";"4.94";"0";"2";"78";"65";"1";"42";"44";"1.5";"0.7";"52";"52";"3.3";"3.8";"8";"12";"75";"12";"50";"20";"0";"10";"50";"70";"50";"23";"50";"30";"100";"90";"50";"80";"0x2";"0x5";"20.4";"2.3";"1.9";"3";"5.1";"6.2";"45";"44";"6";"8";"10";"10";"7.7";"7.2";"14";"12";"10.5";"6.2";"6.8";"3.3";"4.8";"1.8";"2";"1.2";"1.8";"3.4";"3.3"
"Australia";"AUS";"TAS NPL Youth";"27-06-2026 23:15";"AWAITING_UPDATES";"Kingborough Lions U21";"";"";"Devonport Strikers U21";"";"";"";"";"66";"49";"100";"88";"";"";"";"2.5";"1.6";"";"";"";"";"10";"30";"70";"0";"80";"50";"10";"10";"10";"40";"83";"53";"90";"60";"90";"90";"20";"50";"4x0";"0x3";"";"5.8";"2.6";"1.1";"1.6";"5.6";"";"";"1";"5";"10";"10";"";"";"";"";"";"";"";"";"";"";"";"";"";"";"0"
"Australia";"AUS";"TAS NPL Youth";"27-06-2026 23:15";"AWAITING_UPDATES";"Launceston City U21";"";"";"South East United U21";"";"";"";"";"60";"2";"75";"27";"";"";"";"2";"0.6";"";"";"";"";"";"";"";"";"60";"20";"20";"0";"20";"80";"67";"20";"80";"20";"80";"100";"40";"80";"1x0";"0x1";"";"2.2";"0.8";"1.3";"3.5";"3.9";"";"";"3";"9";"10";"10";"";"";"";"";"";"";"";"";"";"";"";"";"";"";"0"
"Bhutan";"BHU";"Bhutan Premier League";"27-06-2026 07:00";"FT";"Ugyen Academy";"1";"7";"Thimphu City";"1";"4";"22.71";"1.05";"0";"60";"65";"100";"4";"48";"60";"1.5";"2.1";"64";"61";"8.7";"5.9";"10";"10";"70";"20";"50";"60";"0";"30";"50";"10";"50";"70";"50";"90";"100";"70";"50";"40";"3x2";"0x3";"33";"1.9";"3.1";"3";"1.3";"4.6";"46";"54";"10";"2";"10";"10";"16.6";"18.3";"19";"12";"9";"5.7";"2.7";"4";"5.6";"1.1";"2";"1.1";"2.5";"3.4";"3.4"
"Belarus";"BLR";"Vysshaya Liga";"27-06-2026 08:30";"FT";"Torpedo BelAZ";"3";"0";"BATE";"1";"0";"1.59";"6.16";"74";"66";"61";"41";"1";"51";"46";"1.7";"1.2";"46";"38";"4.5";"5.5";"10";"60";"30";"10";"40";"20";"50";"60";"10";"20";"57";"40";"90";"80";"50";"40";"60";"80";"1x1";"1x1";"15.1";"1.8";"1.2";"0.9";"1.1";"2.5";"52";"48";"5";"14";"10";"10";"8.1";"6.6";"6.9";"8.6";"6.1";"2.7";"3.7";"3";"2.7";"0.9";"1.9";"2.5";"2.6";"4";"3.6"
"Belarus";"BLR";"Vysshaya Liga";"27-06-2026 10:30";"FT";"ML Vitebsk";"2";"1";"Naftan";"1";"1";"1.16";"15.70";"66";"25";"61";"24";"3";"56";"42";"1.6";"0.5";"52";"35";"5.6";"7.9";"6";"67";"17";"17";"40";"10";"40";"20";"20";"70";"53";"17";"80";"30";"60";"80";"60";"90";"0x0";"3x1";"16.1";"1.8";"0.7";"1.1";"2.3";"3";"54";"45";"2";"16";"10";"10";"10.6";"5.5";"7.3";"8.8";"6.9";"2.6";"4.3";"4.3";"2.6";"1.9";"2.5";"1.7";"1";"3.6";"3.6"
"Belarus";"BLR";"Vysshaya Liga";"27-06-2026 12:30";"FT";"Dinamo Brest";"0";"0";"Minsk";"0";"0";"1.52";"5.77";"74";"56";"54";"54";"1";"50";"46";"1.7";"1.5";"42";"38";"4";"3.6";"10";"60";"30";"10";"50";"40";"20";"30";"30";"30";"57";"50";"70";"70";"80";"70";"50";"60";"3x0";"0x0";"12.4";"1.6";"1.6";"0.9";"1.4";"2.8";"50";"51";"9";"7";"10";"10";"6.4";"5.8";"6.1";"6.4";"5.8";"2.8";"3";"3.1";"2.7";"1.2";"1.1";"1.5";"1.8";"2.8";"3.6"
"Belarus";"BLR";"Vysshaya Liga";"27-06-2026 14:30";"FT";"Dinamo Minsk";"1";"1";"Vitebsk";"1";"1";"1.47";"6.20";"77";"63";"58";"34";"1";"53";"52";"2.3";"1.2";"49";"48";"4.8";"6.2";"10";"40";"30";"30";"70";"30";"20";"30";"10";"40";"77";"40";"90";"60";"80";"70";"30";"70";"1x0";"1x1";"13.8";"1.7";"1";"0.8";"1.2";"2.4";"53";"50";"1";"11";"10";"10";"8.1";"6.5";"6.4";"6.4";"6";"2.6";"3";"4.2";"2.2";"1.6";"1.4";"2.1";"2.1";"3.6";"3.6"
"Belarus";"BLR";"Pershaya Liga";"27-06-2026 08:00";"FT";"Volna";"2";"1";"Bumprom";"0";"0";"3.49";"1.92";"46";"52";"61";"82";"2";"50";"57";"1.7";"1.9";"45";"61";"3.4";"3.4";"6";"33";"33";"33";"50";"60";"20";"10";"30";"30";"57";"63";"70";"70";"80";"90";"50";"40";"1x3";"0x2";"13.6";"1.8";"2.4";"1.7";"1.5";"3.7";"50";"54";"9";"3";"10";"10";"6.1";"8.1";"6.8";"6.1";"5.6";"2.8";"2.6";"2.7";"3.1";"1.4";"2";"2.1";"2";"3.8";"3.8"
"Belarus";"BLR";"Pershaya Liga";"27-06-2026 09:00";"FT";"Smorgon";"2";"0";"Shakhtyor Soligorsk";"0";"0";"5.33";"1.45";"49";"56";"44";"95";"2";"52";"51";"0.9";"2";"47";"44";"7.4";"2.6";"";"";"";"";"20";"60";"30";"20";"50";"20";"30";"67";"50";"80";"70";"80";"80";"40";"0x0";"0x1";"16.6";"1.3";"2.8";"1.6";"1.4";"3.6";"50";"54";"16";"5";"10";"10";"9.6";"7.4";"8.5";"7.8";"7.6";"3.9";"3.1";"4.6";"3.7";"1.8";"2";"2.5";"2.2";"4.2";"3.8"
"Belarus";"BLR";"Pershaya Liga";"27-06-2026 10:00";"FT";"Slonim";"2";"1";"Slutsk";"1";"1";"4.02";"1.67";"70";"66";"65";"65";"2";"49";"46";"1.9";"2.2";"44";"47";"3.5";"3.3";"";"";"";"";"60";"70";"10";"10";"30";"20";"63";"73";"70";"80";"90";"90";"40";"30";"2x0";"1x3";"13.4";"1.9";"1.9";"1";"1.1";"3";"49";"49";"4";"1";"10";"10";"6.7";"6.2";"7.3";"6.4";"6.2";"3.7";"2.9";"3.2";"2.7";"2.3";"1.4";"2.3";"1.7";"3.8";"3.8"
"Belarus";"BLR";"Pershaya Liga";"27-06-2026 11:00";"FT";"Gomel II";"5";"2";"Osipovichy";"3";"0";"1.67";"4.32";"46";"2";"48";"37";"1";"44";"48";"0.9";"0.3";"43";"42";"4.9";"7.5";"4";"50";"25";"25";"20";"10";"30";"0";"50";"90";"30";"10";"50";"10";"70";"100";"80";"90";"1x2";"2x1";"14.8";"1.4";"1.1";"1.7";"3.3";"3.8";"48";"48";"15";"18";"10";"10";"6.8";"8.3";"7.2";"7.4";"7.4";"3.7";"3.7";"3.4";"3.9";"2";"2.5";"1.1";"1.7";"3.6";"3.8"
"Belarus";"BLR";"Pershaya Liga";"27-06-2026 12:00";"FT";"Molodechno-DYuSSh 4";"0";"2";"Lida";"0";"1";"3.16";"2.04";"10";"42";"37";"61";"5";"47";"52";"1";"1.7";"46";"55";"6.9";"3.9";"8";"62";"25";"12";"30";"50";"10";"20";"60";"30";"33";"57";"40";"70";"90";"80";"70";"50";"1x4";"1x2";"16.7";"1.1";"1.8";"2.7";"1.8";"3.7";"49";"49";"10";"9";"10";"10";"7.6";"7";"10.4";"8.4";"7.6";"4.8";"3.6";"3.7";"3.1";"2.1";"2.1";"1.4";"1.2";"3.4";"3.8"
"Belarus";"BLR";"Pershaya Liga";"27-06-2026 13:30";"FT";"Uni Minsk";"1";"3";"Niva";"0";"3";"4.27";"1.65";"32";"70";"24";"78";"2";"59";"58";"0.5";"2";"72";"55";"9.9";"5.3";"2";"0";"50";"50";"10";"60";"20";"20";"70";"20";"17";"67";"30";"80";"80";"80";"90";"40";"0x3";"0x1";"16.8";"0.7";"2.3";"2.1";"1";"3";"52";"55";"15";"6";"10";"10";"6.9";"12.3";"7.3";"7.1";"7.4";"3.4";"3.7";"2.1";"5.6";"1.4";"1.2";"2.2";"2.4";"3.6";"3.8"
"Brazil";"BRA";"Serie C";"27-06-2026 11:00";"FT";"Inter de Limeira";"2";"2";"Maringá";"0";"0";"2.46";"2.56";"70";"35";"41";"58";"5";"50";"56";"1.8";"1.2";"56";"65";"10.7";"9.1";"6";"17";"50";"33";"50";"30";"30";"30";"20";"40";"60";"40";"80";"60";"70";"70";"50";"70";"2x1";"1x1";"24.3";"1.2";"1.7";"1";"2";"3";"51";"54";"6";"11";"10";"10";"12.8";"15.4";"11.2";"9.2";"9";"3.7";"4";"5.1";"5.1";"3.2";"2.9";"2.6";"2.9";"5.8";"5.6"
"Brazil";"BRA";"Serie C";"27-06-2026 16:00";"FT";"Floresta";"2";"1";"Barra FC";"1";"0";"2.16";"3.28";"63";"66";"37";"31";"5";"46";"42";"1.2";"0.8";"50";"43";"10.6";"10.7";"";"";"";"";"30";"10";"30";"50";"40";"40";"40";"27";"60";"60";"70";"50";"70";"90";"1x2";"1x0";"23.5";"1.1";"0.9";"1.2";"1.1";"2.2";"44";"43";"11";"17";"10";"10";"11.7";"9.7";"11.5";"14.2";"7.6";"3.2";"4.2";"4.1";"3.8";"2.3";"2.2";"2.5";"1.6";"4.3";"5.6"
"Brazil";"BRA";"Serie C";"27-06-2026 17:00";"FT";"Paysandu";"1";"3";"Santa Cruz";"0";"2";"1.62";"4.60";"56";"77";"58";"27";"1";"52";"48";"1.6";"1.2";"61";"46";"8.1";"10.5";"10";"40";"10";"50";"50";"30";"10";"30";"40";"40";"53";"40";"60";"60";"90";"70";"50";"70";"1x0";"1x0";"23.4";"1.7";"0.8";"1.4";"0.8";"2.4";"53";"49";"3";"10";"10";"10";"14.1";"8.4";"13.1";"11.2";"8.5";"5.2";"3.6";"5.3";"2.9";"3";"3.8";"3.8";"2.6";"6.6";"5.6"
"Brazil";"BRA";"Serie C";"27-06-2026 19:00";"FT";"Itabaiana";"1";"0";"Ferroviária";"0";"0";"2.38";"2.88";"46";"88";"34";"34";"5";"48";"54";"0.8";"1.9";"54";"60";"10.7";"13.4";"";"";"";"";"10";"50";"50";"40";"40";"10";"27";"63";"60";"90";"50";"60";"90";"50";"0x0";"0x1";"23.2";"1";"1";"1.7";"0.5";"2.1";"50";"52";"20";"4";"10";"10";"10.7";"13.4";"12.6";"9.8";"8.2";"5.4";"2.9";"4.1";"3.9";"2";"3.2";"2.3";"3.2";"5.4";"5.6"
"Brazil";"BRA";"Serie D";"27-06-2026 14:30";"FT_PEN";"Blumenau";"1";"1";"São Luiz";"0";"1";"1.90";"4.01";"70";"77";"85";"41";"1";"53";"46";"1.9";"1.6";"55";"45";"4.3";"9.4";"";"";"";"";"60";"40";"10";"40";"30";"20";"63";"53";"70";"80";"90";"60";"40";"60";"0x1";"1x0";"22.9";"2.5";"1.2";"1";"0.8";"2.8";"53";"45";"1";"2";"10";"10";"10.7";"11.3";"10.2";"13.6";"9.6";"3.7";"5.8";"4.7";"5.1";"3.4";"2.9";"3.1";"3.6";"6.5";"5.6"
"Brazil";"BRA";"Serie D";"27-06-2026 15:00";"FT";"Betim";"2";"0";"Vitória ES";"0";"0";"1.90";"3.94";"74";"80";"37";"48";"1";"52";"48";"1.4";"1.6";"49";"44";"9.5";"6";"";"";"";"";"40";"40";"20";"40";"40";"20";"47";"53";"60";"80";"80";"60";"60";"60";"0x1";"0x0";"19.6";"1.1";"1.4";"0.9";"0.7";"2";"49";"51";"1";"2";"10";"10";"10.4";"8.4";"11";"9.4";"7.4";"3.4";"3.7";"3.9";"3.9";"1.9";"1.7";"2.7";"2.6";"4.4";"5.6"
"Brazil";"BRA";"Serie D";"27-06-2026 15:00";"FT_PEN";"Santa Catarina";"1";"1";"EC São José";"0";"0";"1.83";"4.07";"74";"84";"54";"24";"1";"48";"56";"2";"1.4";"51";"58";"8.3";"18.4";"";"";"";"";"60";"30";"20";"50";"20";"20";"67";"47";"80";"80";"80";"50";"40";"70";"1x0";"0x1";"23.8";"1.6";"0.7";"0.9";"0.6";"1.9";"49";"54";"1";"2";"10";"10";"13.3";"12.9";"13.4";"7.9";"8.5";"3.6";"3.2";"6.2";"4";"3.6";"3.2";"2.6";"2.4";"5.8";"5.6"
"Brazil";"BRA";"Serie D";"27-06-2026 15:30";"FT";"Trem";"1";"2";"Sampaio Corrêa";"1";"2";"2.69";"2.44";"63";"77";"58";"41";"5";"45";"54";"2.1";"1.2";"46";"65";"7.1";"9.4";"3";"67";"33";"0";"70";"30";"0";"30";"30";"40";"70";"40";"70";"60";"100";"70";"30";"70";"2x0";"1x0";"23";"1.7";"1.2";"1.2";"0.8";"2.4";"46";"54";"1";"2";"10";"10";"12";"11.3";"13";"9.6";"8.6";"4.6";"3.2";"5.4";"4";"2.6";"2.1";"2.3";"2.1";"4.6";"5.6"
"Brazil";"BRA";"Serie D";"27-06-2026 15:30";"FT_PEN";"Maracanã";"0";"0";"Imperatriz";"0";"0";"1.72";"4.75";"88";"70";"37";"48";"1";"51";"46";"1.9";"1.5";"50";"40";"10.6";"6.9";"3";"0";"33";"67";"50";"40";"40";"30";"10";"30";"63";"50";"90";"70";"60";"70";"50";"60";"1x1";"1x1";"21.4";"1.1";"1.4";"0.5";"1";"2";"50";"48";"1";"2";"10";"10";"11.7";"9.7";"9";"12.6";"8";"3.1";"4.8";"4.3";"3.8";"3.1";"1.7";"2.5";"2.4";"4.8";"5.6"
"Brazil";"BRA";"Serie D";"27-06-2026 16:00";"FT";"Iguatu";"1";"1";"Tuna Luso";"1";"0";"1.78";"4.15";"77";"38";"54";"51";"1";"45";"54";"2.2";"1.2";"46";"53";"6.3";"9.2";"";"";"";"";"60";"30";"40";"30";"0";"40";"73";"40";"100";"60";"60";"70";"40";"70";"1x0";"3x3";"23.3";"1.6";"1.5";"0.8";"1.9";"2.9";"48";"53";"1";"2";"10";"10";"10.1";"13.8";"10.4";"12.2";"10.6";"3.7";"6.1";"5";"6.3";"3.7";"3.7";"3.2";"3.4";"7";"5.6"
"Brazil";"BRA";"Serie D";"27-06-2026 16:00";"FT";"Portuguesa";"1";"0";"Sampaio Corrêa RJ";"0";"0";"1.20";"12.05";"84";"66";"54";"24";"3";"60";"41";"2.1";"0.9";"60";"42";"7.7";"12";"";"";"";"";"60";"20";"30";"30";"10";"50";"70";"30";"90";"50";"70";"70";"40";"80";"1x1";"1x1";"20.4";"1.6";"0.7";"0.6";"1.1";"2";"58";"44";"1";"2";"10";"10";"12.3";"8.4";"5.6";"14.5";"7.2";"2";"5.7";"4.7";"2.1";"2.3";"3.2";"2.8";"3.5";"5.9";"5.6"
"Brazil";"BRA";"Serie D";"27-06-2026 16:00";"FT";"Piauí";"1";"0";"Maguary PE";"0";"0";"2.59";"2.59";"63";"88";"41";"24";"5";"48";"52";"1.4";"1.3";"50";"53";"7.2";"23.9";"";"";"";"";"40";"30";"20";"40";"40";"30";"47";"43";"60";"70";"80";"60";"60";"70";"1x0";"0x0";"24.6";"1.2";"0.7";"1.2";"0.5";"1.8";"48";"51";"1";"2";"10";"10";"8.6";"16.7";"12.7";"11.1";"9.8";"5";"3.9";"3.6";"7.2";"3.2";"2.3";"2.2";"2.7";"5.2";"5.6"
"Brazil";"BRA";"Serie D";"27-06-2026 16:00";"FT_PEN";"Água Santa";"1";"1";"Velo Clube";"0";"1";"1.87";"4.17";"84";"77";"37";"31";"1";"47";"51";"1.5";"1.4";"42";"60";"7.7";"13";"5";"20";"60";"20";"40";"30";"30";"50";"30";"20";"50";"47";"70";"80";"70";"50";"60";"70";"0x1";"1x1";"20.5";"1.1";"0.9";"0.6";"0.8";"1.7";"49";"51";"1";"2";"10";"10";"8.5";"11.7";"10.9";"9.9";"6.4";"2.9";"2.8";"3.2";"3.8";"3.5";"2.4";"2.3";"3";"5.6";"5.6"
"Brazil";"BRA";"Serie D";"27-06-2026 17:00";"FT";"Capital Brasilia";"4";"0";"Aparecidense";"2";"0";"1.65";"4.78";"74";"66";"58";"48";"1";"51";"45";"1.9";"1.4";"53";"51";"7.1";"8.3";"3";"0";"67";"33";"50";"30";"40";"50";"10";"20";"63";"47";"90";"80";"60";"50";"50";"70";"1x1";"1x1";"25.6";"1.7";"1.4";"0.9";"1.1";"2.6";"52";"46";"1";"2";"10";"10";"12";"11.6";"12.3";"15.4";"9.4";"3.6";"5.5";"5.2";"4.5";"3";"2.7";"3.4";"2.3";"5.7";"5.6"
"Brazil";"BRA";"Serie D";"27-06-2026 17:00";"FT";"Águia de Marabá";"2";"0";"Parnahyba";"1";"0";"1.49";"5.62";"52";"60";"65";"41";"1";"50";"47";"1.6";"1.6";"44";"40";"6.6";"7.6";"";"";"";"";"50";"50";"10";"10";"40";"40";"53";"53";"60";"60";"90";"90";"50";"50";"1x2";"0x1";"21.8";"1.9";"1.2";"1.5";"1.3";"3";"51";"46";"1";"2";"10";"10";"12.6";"9.1";"11";"10.9";"9.2";"4.6";"4";"5.9";"4";"2.2";"2.7";"2.6";"3.2";"5.4";"5.6"
"Brazil";"BRA";"Serie D";"27-06-2026 17:00";"FT";"Uberlândia";"2";"2";"Rio Branco ES";"0";"1";"1.90";"3.82";"77";"60";"44";"44";"1";"57";"55";"1.8";"1.3";"64";"52";"9.8";"8.8";"3";"100";"0";"0";"50";"40";"30";"10";"20";"50";"60";"43";"80";"50";"70";"90";"50";"60";"2x1";"0x4";"20.8";"1.3";"1.3";"0.8";"1.3";"2.4";"54";"55";"1";"2";"10";"10";"12.7";"11.5";"7.8";"9.7";"6.5";"1.8";"3.8";"4.6";"2.8";"3.6";"3";"3";"4.3";"7";"5.6"
"Brazil";"BRA";"Serie D";"27-06-2026 17:00";"FT";"Sergipe";"0";"1";"ASA";"0";"1";"2.16";"3.34";"60";"77";"51";"31";"5";"56";"49";"1.5";"1.1";"58";"47";"7.9";"10.4";"10";"20";"50";"30";"40";"20";"30";"50";"30";"30";"50";"37";"70";"70";"70";"50";"60";"80";"1x1";"1x1";"21.8";"1.5";"0.9";"1.3";"0.8";"2.2";"56";"50";"1";"2";"10";"10";"11.8";"9.4";"11.3";"11.1";"8.5";"5";"4.2";"4.6";"3.2";"4";"3.1";"3.8";"2.8";"6.8";"5.6"
"Brazil";"BRA";"Serie D";"27-06-2026 17:00";"FT";"CSA";"2";"0";"Lagarto";"0";"0";"1.27";"8.53";"74";"52";"78";"48";"3";"59";"46";"1.9";"1.3";"55";"46";"5.3";"6.4";"";"";"";"";"50";"30";"40";"40";"10";"30";"63";"43";"90";"70";"60";"60";"50";"70";"1x1";"1x1";"18.6";"2.3";"1.4";"0.9";"1.5";"3";"55";"47";"1";"2";"10";"10";"12.2";"9";"5.9";"10.2";"7.8";"1.5";"4.4";"5.5";"4.1";"2.7";"2.6";"2.9";"2.5";"5.4";"5.6"
"Brazil";"BRA";"Serie D";"27-06-2026 18:00";"FT";"América RN";"1";"0";"Fluminense PI";"1";"0";"1.13";"15.74";"88";"63";"51";"31";"3";"59";"46";"1.8";"1.1";"56";"50";"11.1";"13.6";"";"";"";"";"50";"20";"30";"50";"20";"30";"60";"37";"80";"70";"70";"50";"50";"80";"1x2";"1x1";"26.1";"1.5";"0.9";"0.5";"1.2";"2";"54";"46";"1";"2";"10";"10";"16.6";"12.2";"8.9";"14.6";"9.6";"2.8";"5";"7.1";"4.3";"2.8";"2.8";"2.7";"3.1";"5.6";"5.6"
"Brazil";"BRA";"Serie D";"27-06-2026 18:00";"FT";"XV de Piracicaba";"2";"0";"América RJ";"2";"0";"1.49";"6.26";"80";"52";"34";"48";"1";"56";"48";"1.7";"1.5";"62";"53";"11.5";"8.3";"";"";"";"";"40";"40";"50";"30";"10";"30";"57";"50";"90";"70";"50";"70";"60";"60";"1x1";"1x2";"21.5";"1";"1.4";"0.7";"1.5";"2.3";"53";"49";"1";"2";"10";"10";"11.5";"11.6";"8.9";"11";"7.2";"2.4";"4.2";"3.7";"4.2";"2.3";"2.9";"2.2";"2.9";"5.2";"5.6"
"Brazil";"BRA";"Serie D";"27-06-2026 18:00";"FT";"Tombense";"0";"0";"CRAC";"0";"0";"1.69";"4.77";"66";"84";"41";"27";"1";"52";"51";"1.1";"1.6";"48";"52";"10.3";"11.1";"";"";"";"";"20";"40";"50";"40";"30";"20";"37";"53";"70";"80";"50";"60";"80";"60";"0x0";"0x0";"21.8";"1.2";"0.8";"1.1";"0.6";"1.8";"53";"51";"1";"2";"10";"10";"12.3";"8.9";"12.3";"10.1";"7.7";"3.8";"3.7";"4.8";"3.1";"3";"2.6";"3.6";"2.1";"5.6";"5.6"
"Brazil";"BRA";"Serie D";"27-06-2026 18:30";"FT";"Goiatuba EC";"1";"0";"Brasiliense";"1";"0";"2.19";"3.37";"88";"74";"37";"34";"5";"53";"56";"1.9";"1.4";"57";"63";"11.8";"13.3";"";"";"";"";"50";"30";"40";"50";"10";"20";"63";"47";"90";"80";"60";"50";"50";"70";"1x0";"1x1";"22.4";"1.1";"1";"0.5";"0.9";"1.8";"53";"50";"1";"2";"10";"10";"13";"13.3";"9";"9.4";"7.8";"3.1";"2.7";"4.6";"5.2";"2.4";"3.1";"2.2";"3.6";"5.7";"5.6"
"Brazil";"BRA";"Serie D";"27-06-2026 19:30";"FT";"Gama";"1";"0";"Mixto";"1";"0";"1.52";"5.69";"74";"66";"75";"37";"1";"58";"55";"2.3";"1.1";"64";"51";"6.2";"12.9";"3";"67";"0";"33";"70";"20";"20";"50";"10";"30";"77";"37";"90";"70";"80";"50";"30";"80";"2x1";"1x1";"22.9";"2.2";"1.1";"0.9";"1.1";"2.7";"58";"50";"1";"2";"10";"10";"13.6";"14.2";"7.5";"10.5";"9.3";"3.1";"4.4";"5.6";"5.5";"2.7";"2.8";"3.3";"2.9";"5.8";"5.6"
"Brazil";"BRA";"Mineiro 2";"27-06-2026 16:00";"FT";"Villa Nova";"6";"0";"Ipatinga";"1";"0";"";"";"49";"42";"37";"14";"";"49";"35";"1.1";"0.7";"47";"36";"8.8";"21.7";"8";"62";"12";"25";"30";"20";"20";"10";"50";"70";"37";"23";"50";"30";"80";"90";"70";"80";"0x1";"1x0";"23.7";"1.1";"0.4";"1.6";"1.8";"2.4";"46";"43";"1";"2";"10";"10";"11.3";"8.7";"13.4";"14";"10";"5";"5.8";"4.7";"4.5";"2.1";"2.2";"2.1";"1.2";"3.8";"5.2"
"Brazil";"BRA";"Mineiro 2";"27-06-2026 16:00";"FT";"Democrata SL";"1";"0";"Coimbra";"1";"0";"2.23";"3.13";"77";"74";"44";"58";"5";"49";"64";"1.6";"1.8";"44";"70";"7.9";"8.5";"3";"33";"0";"67";"40";"50";"40";"30";"20";"20";"53";"60";"80";"80";"60";"70";"60";"50";"0x0";"0x0";"19.8";"1.3";"1.7";"0.8";"0.9";"2.4";"50";"58";"1";"2";"10";"10";"10.3";"14.4";"8.1";"6.9";"7.6";"3.3";"2.9";"3.9";"5.2";"2.6";"2";"3";"3.1";"5.4";"5.2"
"Brazil";"BRA";"Mineiro 2";"27-06-2026 17:30";"FT";"Guarani MG";"2";"0";"Caldense";"0";"0";"";"";"63";"84";"27";"17";"";"57";"47";"0.9";"1.1";"59";"51";"16.8";"22";"10";"20";"30";"50";"20";"20";"30";"50";"50";"30";"30";"37";"50";"70";"70";"50";"80";"80";"1x2";"0x0";"23.2";"0.8";"0.5";"1.2";"0.6";"1.6";"57";"49";"1";"2";"10";"10";"13.4";"11";"11";"11";"8.3";"4.7";"4.1";"4.1";"3.6";"2.4";"2.7";"2.6";"4";"5.8";"5.2"
"Brazil";"BRA";"Paulista Série B";"27-06-2026 15:00";"FT";"São Carlos";"0";"1";"Paulinense";"0";"0";"1.72";"4.27";"66";"49";"65";"31";"1";"59";"44";"1.5";"1.5";"61";"53";"6.4";"8";"";"";"";"";"40";"50";"30";"0";"30";"50";"50";"50";"70";"50";"70";"100";"60";"50";"1x1";"1x2";"19.4";"1.9";"0.9";"1.1";"1.6";"2.8";"52";"50";"1";"2";"10";"10";"12.2";"7.2";"8.4";"11";"8.2";"4.1";"4";"5.9";"2.4";"3";"2.4";"2.4";"3.6";"5.7";"5.9"
"Brazil";"BRA";"Paulista Série B";"27-06-2026 15:00";"FT";"União Mogi";"2";"3";"Mauá";"1";"1";"2.34";"2.76";"60";"52";"48";"68";"5";"46";"50";"1.7";"1.6";"55";"61";"7.9";"5.7";"8";"0";"62";"38";"50";"40";"20";"40";"30";"20";"57";"53";"70";"80";"80";"60";"50";"60";"1x0";"1x1";"22.4";"1.4";"2";"1.3";"1.5";"3.1";"49";"51";"1";"2";"10";"10";"11";"11.4";"11.4";"11";"10.2";"4.5";"5.2";"4.9";"5.7";"2.9";"3.2";"2.8";"3.2";"6.1";"5.9"
"Brazil";"BRA";"Paulista Série B";"27-06-2026 15:00";"FT";"Manthiqueira";"0";"2";"José Bonifácio";"0";"1";"6.04";"1.45";"49";"84";"51";"58";"2";"46";"50";"1.2";"2.2";"63";"50";"6.5";"5.3";"";"";"";"";"30";"60";"30";"40";"40";"0";"40";"73";"60";"100";"70";"60";"70";"40";"0x2";"1x1";"20.6";"1.5";"1.7";"1.6";"0.6";"2.7";"48";"50";"1";"2";"10";"10";"9.7";"9";"14";"8.5";"7.8";"4.7";"2.8";"5.1";"2.8";"1.8";"3.3";"2.5";"4";"5.8";"5.9"
"Brazil";"BRA";"Paulista Série B";"27-06-2026 19:30";"FT";"Assisense";"0";"1";"Matonense";"0";"0";"2.57";"2.44";"52";"70";"58";"95";"5";"56";"39";"1.4";"2.2";"53";"44";"7.9";"3";"";"";"";"";"30";"70";"50";"10";"20";"20";"47";"73";"80";"80";"50";"90";"70";"30";"1x1";"1x2";"22.8";"1.7";"2.8";"1.5";"1";"3.5";"56";"51";"1";"2";"10";"10";"13.4";"8.4";"9.1";"14.6";"8.8";"4.1";"5.3";"5.4";"2.9";"3.1";"2.6";"3.8";"3.4";"6.4";"5.9"
"Brazil";"BRA";"Paulista U20";"27-06-2026 10:00";"FT";"Palmeiras U20";"4";"0";"Guarani U20";"1";"0";"1.41";"6.31";"84";"74";"100";"58";"1";"58";"53";"2.6";"1.6";"71";"61";"5.1";"6.7";"2";"50";"0";"50";"80";"50";"20";"10";"0";"40";"87";"53";"100";"60";"80";"90";"20";"50";"2x2";"0x4";"23";"3";"1.7";"0.6";"0.9";"3.1";"55";"55";"5";"4";"10";"10";"15.4";"11.4";"8.9";"10.2";"8.9";"2.8";"4.1";"6.5";"4.4";"3.6";"2.4";"2.6";"2.6";"5.6";"6"
"Brazil";"BRA";"Paulista U20";"27-06-2026 15:00";"FT";"Sertãozinho U20";"0";"0";"São Bento U20";"0";"0";"2.02";"3.26";"56";"14";"17";"44";"5";"44";"48";"1.2";"0.7";"54";"55";"17.4";"7.2";"";"";"";"";"40";"20";"0";"10";"60";"70";"40";"23";"40";"30";"100";"90";"60";"80";"0x2";"3x2";"21.8";"0.5";"1.3";"1.4";"2.6";"2.9";"45";"47";"8";"12";"10";"10";"8.7";"9.4";"13.3";"12.3";"9.8";"5.9";"6";"3.6";"4";"2.1";"2.6";"2.7";"2.2";"4.8";"6"
"Brazil";"BRA";"Mineiro U20";"27-06-2026 15:00";"FT";"Nacional AC MG U20";"4";"1";"Minas Boca U20";"3";"0";"1.39";"6.72";"70";"10";"41";"24";"1";"56";"46";"1.6";"0.6";"64";"49";"13.6";"20.7";"";"";"";"";"40";"10";"40";"30";"20";"60";"53";"20";"80";"40";"60";"70";"60";"90";"0x0";"0x0";"29.4";"1.2";"0.7";"1";"2.7";"2.8";"52";"42";"6";"14";"10";"10";"16.3";"14.5";"11.3";"16.5";"11.8";"4";"7";"7";"5.5";"3.3";"2.3";"1.8";"2.5";"5";"5.7"
"Brazil";"BRA";"Mineiro U20";"27-06-2026 15:00";"FT";"Boston City U20";"2";"1";"América Mineiro U20";"1";"1";"";"";"49";"35";"41";"61";"";"40";"48";"1.4";"1.5";"34";"52";"6.7";"7.2";"6";"33";"50";"17";"40";"40";"20";"30";"40";"30";"47";"50";"60";"70";"80";"70";"60";"60";"2x1";"1x1";"25.8";"1.2";"1.8";"1.6";"2";"3.3";"43";"45";"9";"5";"10";"10";"8";"13";"15.2";"15.4";"10.3";"6.8";"6.5";"2.6";"4.7";"3.6";"2.7";"4";"3.1";"6.7";"5.7"
"Brazil";"BRA";"Mineiro U20";"27-06-2026 15:00";"FT";"Uberabinha U20";"0";"1";"Betim U20";"0";"1";"";"";"32";"38";"20";"44";"";"40";"46";"0.1";"1.2";"38";"48";"13";"10.3";"";"";"";"";"0";"30";"11";"30";"89";"40";"4";"40";"11";"60";"89";"70";"100";"70";"0x1";"0x0";"25";"0.6";"1.3";"2.1";"1.9";"3";"44";"48";"15";"8";"9";"10";"7.8";"13.4";"13.2";"15.7";"9.6";"4.8";"7.6";"1.8";"5.1";"2.4";"3.4";"2.4";"3.7";"5.9";"5.7"
"Brazil";"BRA";"Mineiro U20";"27-06-2026 15:00";"FT";"Coimbra U20";"0";"1";"Atletico Mineiro U20";"0";"0";"";"";"56";"74";"27";"82";"";"58";"55";"1.4";"1.9";"62";"55";"16.2";"5.9";"6";"17";"50";"33";"40";"60";"20";"10";"40";"30";"47";"63";"60";"70";"80";"90";"60";"40";"1x0";"0x3";"21.8";"0.8";"2.4";"1.4";"0.9";"2.8";"55";"58";"7";"1";"10";"10";"13";"14.2";"7.7";"8.8";"7.8";"2.6";"2.7";"5";"5.3";"3.4";"2";"3.1";"2.9";"5.8";"5.7"
"Brazil";"BRA";"Mineiro U20";"27-06-2026 15:00";"FT";"Cruzeiro U20";"3";"2";"Athletic Club U20";"0";"1";"1.63";"4.49";"63";"70";"44";"68";"1";"62";"59";"1.5";"2";"67";"63";"12.3";"7.9";"5";"100";"0";"0";"40";"60";"30";"20";"30";"20";"50";"67";"70";"80";"70";"80";"60";"40";"0x0";"1x2";"25.2";"1.3";"2";"1.2";"1";"2.8";"58";"52";"3";"2";"10";"10";"16";"15.8";"9.1";"9.6";"9.8";"3.6";"4.4";"5.5";"6.1";"2.6";"4.1";"1.9";"3.4";"6";"5.7"
"Brazil";"BRA";"Mineiro U20";"27-06-2026 15:00";"FT";"São João del-Rei U20";"0";"1";"Inter de Minas U20";"0";"0";"2.24";"2.87";"60";"52";"41";"34";"5";"46";"40";"1";"1.2";"45";"42";"8.7";"9.1";"";"";"";"";"11";"30";"67";"30";"22";"40";"33";"40";"78";"60";"33";"70";"89";"70";"1x1";"0x0";"24.9";"1.2";"1";"1.3";"1.5";"2.6";"48";"48";"10";"12";"9";"10";"10.4";"9.1";"13.7";"16.6";"9.2";"5";"5.9";"4.1";"3.4";"3.2";"2.7";"2.9";"3.6";"6.2";"5.7"
"Brazil";"BRA";"Mineiro U20";"27-06-2026 15:00";"FT";"Social";"3";"0";"Villa Real U20";"1";"0";"";"";"38";"63";"41";"14";"";"33";"33";"0.9";"0.7";"38";"35";"7.5";"13.5";"";"";"";"";"20";"10";"30";"40";"50";"50";"30";"23";"50";"50";"70";"60";"80";"90";"2x2";"0x0";"28.8";"1.2";"0.4";"1.9";"1.2";"2.4";"37";"43";"11";"13";"10";"10";"9";"5.4";"24.5";"18.6";"11.1";"9.5";"7.6";"4.5";"0.6";"3";"3";"3.5";"2";"5.8";"5.7"
"Brazil";"BRA";"Copa Gaúcha";"27-06-2026 15:00";"FT";"Santa Cruz RS";"1";"1";"Brasil de Pelotas";"1";"0";"3.07";"2.31";"74";"80";"51";"48";"5";"49";"58";"1.8";"1.7";"47";"53";"5.9";"12.1";"";"";"";"";"40";"40";"60";"50";"0";"10";"60";"57";"100";"90";"40";"50";"60";"60";"1x1";"0x0";"22.2";"1.5";"1.4";"0.9";"0.7";"2.2";"49";"56";"";"";"10";"10";"8.8";"16.9";"9.8";"8.9";"8.8";"3.9";"2.8";"3.4";"7.6";"1.7";"2.6";"2.1";"2.4";"4.4";"5.2"
"Brazil";"BRA";"Copa Gaúcha";"27-06-2026 15:00";"FT";"Bage";"0";"1";"Gramadense";"0";"0";"2.11";"3.46";"77";"46";"24";"37";"5";"60";"46";"1.3";"1.3";"44";"43";"20";"7.6";"";"";"";"";"30";"30";"40";"40";"30";"30";"43";"43";"70";"70";"60";"60";"70";"70";"1x0";"0x1";"20";"0.7";"1.1";"0.8";"1.7";"2.2";"56";"48";"";"";"10";"10";"14";"8.4";"7.6";"10";"8.8";"4";"4.3";"5.7";"3.6";"2.6";"3.4";"4";"1.9";"5.9";"5.2"
"Brazil";"BRA";"Brasiliense U20";"27-06-2026 10:00";"FT";"Real Brasília U20";"4";"0";"EC Cruzeiro U20";"1";"0";"1.05";"24.96";"56";"2";"99";"34";"3";"49";"45";"1.6";"0.8";"58";"58";"4.6";"10.5";"2";"100";"0";"0";"50";"20";"10";"20";"40";"60";"53";"27";"60";"40";"90";"80";"50";"80";"3x0";"2x2";"25.8";"2.9";"1";"1.4";"3.1";"4.2";"49";"43";"3";"7";"10";"10";"13.2";"10.5";"11.8";"16";"11.2";"5.2";"6.5";"6.7";"4";"2";"2.5";"1.9";"2.8";"4.6";"5.7"
"Brazil";"BRA";"Brasiliense U20";"27-06-2026 10:00";"FT";"Gama U20";"3";"3";"Planaltina U20";"1";"1";"";"";"35";"2";"100";"17";"";"53";"34";"1.6";"0.6";"59";"44";"4.3";"14";"3";"100";"0";"0";"50";"20";"10";"0";"40";"80";"53";"20";"60";"20";"90";"100";"50";"80";"0x1";"4x0";"23.5";"3.1";"0.5";"2";"5.2";"5.4";"48";"40";"9";"7";"10";"10";"13.2";"7";"9.8";"17";"10.2";"5";"8.5";"5.4";"1.5";"3.8";"1.5";"3.4";"3";"5.8";"5.7"
"Brazil";"BRA";"Brasiliense U20";"27-06-2026 10:00";"AWAITING_UPDATES";"Sobradinho U20";"";"";"ARUC U20";"";"";"";"";"66";"2";"61";"17";"";"48";"";"1.2";"0.3";"50";"";"";"";"";"";"";"";"40";"10";"0";"0";"60";"90";"40";"10";"40";"10";"100";"100";"60";"90";"0x1";"4x0";"";"1.8";"0.5";"1.1";"3.2";"3.3";"49";"";"6";"11";"10";"10";"8.4";"";"10.6";"";"";"4.3";"";"3.9";"";"3.6";"";"2.7";"";"";"5.7"
"Brazil";"BRA";"Brasiliense U20";"27-06-2026 15:30";"AWAITING_UPDATES";"Canaã U20";"";"";"Grêmio Valparaíso U20";"";"";"";"";"52";"46";"100";"65";"";"48";"44";"2.4";"1.6";"68";"53";"4.6";"5.8";"2";"100";"0";"0";"80";"50";"0";"10";"20";"40";"80";"53";"80";"60";"100";"90";"20";"50";"0x3";"1x3";"27";"3.5";"1.9";"1.5";"1.7";"4.3";"49";"54";"2";"4";"10";"10";"16.2";"11";"12.8";"14";"10.1";"3.7";"6.3";"6";"4.2";"3.5";"2.7";"2.3";"2.2";"5.3";"5.7"
"Brazil";"BRA";"Brasiliense U20";"27-06-2026 15:30";"AWAITING_UPDATES";"CFZ Brasilia U20";"";"";"Legião U20";"";"";"";"";"2";"60";"44";"85";"";"";"40";"1.2";"2.4";"";"48";"";"";"2";"0";"50";"50";"40";"80";"0";"0";"60";"20";"40";"80";"40";"80";"100";"100";"60";"20";"0x1";"0x4";"";"1.3";"2.5";"3.5";"1.3";"4.3";"";"52";"8";"2";"10";"10";"";"7.7";"";"17.7";"";"";"7.3";"";"5";"";"3";"";"2.7";"";"5.7"
"Brazil";"BRA";"Baiano U20";"27-06-2026 15:00";"FT";"Jacuipense U20";"3";"3";"Fluminense de Feira U20";"3";"1";"2.16";"2.95";"63";"60";"58";"71";"5";"53";"50";"1.9";"1.9";"53";"44";"7.4";"4.4";"5";"40";"60";"0";"60";"60";"10";"10";"30";"30";"63";"63";"70";"70";"90";"90";"40";"40";"2x0";"0x1";"18.8";"1.7";"2.1";"1.2";"1.3";"3.2";"53";"50";"1";"2";"10";"10";"12.5";"9.2";"9.2";"6.8";"7.8";"3";"3.8";"4.5";"4.2";"3";"2.2";"3.4";"2.2";"5.4";"5.6"
"Brazil";"BRA";"Baiano U20";"27-06-2026 15:00";"FT";"SSA U20";"1";"2";"Camaçariense U20";"0";"0";"2.14";"2.98";"56";"46";"58";"58";"5";"53";"48";"1.3";"1.8";"50";"44";"5.9";"6.4";"5";"20";"40";"40";"40";"60";"10";"0";"50";"40";"43";"60";"50";"60";"90";"100";"60";"40";"0x1";"0x1";"21.5";"1.7";"1.7";"1.4";"1.7";"3.2";"54";"50";"1";"2";"10";"10";"10";"10.8";"10.5";"11.8";"8.4";"4.8";"4.8";"3.5";"3.8";"3";"1.2";"3.8";"3";"5.5";"5.6"
"Brazil";"BRA";"Goiano U20";"27-06-2026 16:00";"FT";"Cerrado U20";"2";"1";"Atlético GO U20";"1";"0";"2.11";"3.08";"77";"70";"61";"78";"5";"45";"59";"1.8";"2";"53";"75";"6.8";"7";"5";"0";"20";"80";"40";"60";"60";"20";"0";"20";"60";"67";"100";"80";"40";"80";"60";"40";"1x1";"0x3";"26";"1.8";"2.3";"0.8";"1";"3";"48";"56";"1";"2";"10";"10";"12.2";"16.1";"15.1";"8.4";"11.1";"5.4";"3.9";"5.9";"7.1";"2.4";"3.6";"1.6";"2.8";"5.2";"5.4"
"Brazil";"BRA";"Gaúcho - Estadual Junior U20";"27-06-2026 11:00";"FT";"Internacional U20";"4";"2";"Gremio U20";"1";"1";"1.85";"3.75";"84";"60";"88";"44";"1";"61";"54";"2.7";"1.3";"59";"62";"5.5";"9.8";"10";"40";"30";"30";"90";"40";"0";"10";"10";"50";"90";"43";"90";"50";"100";"90";"10";"60";"1x0";"1x0";"22";"2.6";"1.3";"0.6";"1.3";"2.9";"56";"54";"1";"2";"10";"10";"14.4";"12.7";"7.2";"9.7";"9.3";"2.8";"4.2";"6.9";"4.7";"3.1";"2.1";"2.8";"2";"5";"5.5"
"Brazil";"BRA";"Carioca A2";"27-06-2026 14:45";"FT";"Audax Rio";"2";"0";"Resende";"2";"0";"4.93";"1.68";"52";"80";"24";"75";"2";"50";"53";"0.7";"2.2";"46";"51";"12.7";"5.1";"6";"50";"17";"33";"20";"60";"10";"40";"70";"0";"23";"73";"30";"100";"90";"60";"80";"40";"0x1";"1x1";"19.4";"0.7";"2.2";"1.5";"0.7";"2.6";"50";"53";"12";"2";"10";"10";"8.9";"11.3";"9.2";"9.3";"7.7";"3.9";"3.6";"2.7";"5.2";"3.3";"2.8";"4.3";"2.6";"6.4";"6"
"Brazil";"BRA";"Carioca A2";"27-06-2026 14:45";"FT";"Serrano RJ";"0";"3";"São Gonçalo EC RJ";"0";"0";"2.30";"3.08";"63";"70";"37";"31";"5";"48";"55";"1.1";"1.2";"50";"61";"7.3";"15.8";"10";"40";"40";"20";"20";"30";"50";"30";"30";"40";"37";"40";"70";"60";"50";"70";"80";"70";"0x0";"0x0";"21.4";"1.1";"0.9";"1.2";"1";"2.1";"49";"49";"8";"9";"10";"10";"8";"14.2";"11.8";"8.8";"7.1";"3.3";"3.4";"3.2";"4.2";"3.1";"3.6";"3";"3.5";"6.6";"6"
"Brazil";"BRA";"Carioca A2";"27-06-2026 14:45";"FT";"Cabofriense";"1";"2";"Perolas Negras";"0";"0";"2.04";"3.64";"60";"60";"34";"61";"5";"48";"50";"0.9";"1.6";"53";"53";"9.3";"7.3";"";"";"";"";"20";"50";"30";"10";"50";"40";"30";"53";"50";"60";"70";"90";"80";"50";"0x1";"2x0";"21.5";"1";"1.8";"1.3";"1.3";"2.7";"50";"52";"7";"6";"10";"10";"9.3";"13.1";"11.4";"9.3";"8";"3.6";"3.6";"3.3";"5.6";"2.6";"3";"2";"3.3";"5.4";"6"
"Brazil";"BRA";"Carioca A2";"27-06-2026 14:45";"FT";"Americano";"1";"1";"CFRJ / Marica";"0";"0";"2.28";"3.13";"77";"80";"51";"34";"5";"55";"48";"2.2";"2";"51";"58";"8.7";"13.3";"3";"67";"0";"33";"70";"60";"10";"20";"20";"20";"73";"67";"80";"80";"90";"80";"30";"40";"2x1";"0x1";"24.5";"1.5";"1";"0.8";"0.7";"2";"58";"48";"1";"3";"10";"10";"13.1";"13.3";"8.7";"13.9";"8.9";"3";"4.8";"5.4";"4.6";"2.2";"2.6";"2.5";"2.3";"4.8";"6"
"Brazil";"BRA";"Carioca A2";"27-06-2026 16:00";"FT";"CEAC / Araruama";"1";"0";"Olaria";"0";"0";"3.50";"2.12";"56";"77";"31";"51";"5";"47";"55";"0.8";"1.6";"46";"60";"8";"7.6";"3";"33";"33";"33";"20";"40";"20";"40";"60";"20";"27";"53";"40";"80";"80";"60";"80";"60";"1x2";"0x2";"19.4";"0.9";"1.5";"1.4";"0.8";"2.3";"50";"54";"11";"4";"10";"10";"7.2";"11.4";"12.2";"8";"6.8";"3.6";"3.6";"2.8";"3.8";"3.5";"2.8";"3.6";"2.3";"6.1";"6"
"Brazil";"BRA";"Paraibano U20";"27-06-2026 16:00";"FT";"Cruzeiro Itaporanga U20";"1";"0";"Sousa U20";"0";"0";"";"";"60";"74";"68";"37";"";"48";"53";"1.9";"1.2";"56";"46";"4.2";"8.2";"3";"67";"33";"0";"50";"30";"40";"30";"10";"40";"63";"40";"90";"60";"60";"70";"50";"70";"1x1";"0x0";"18.6";"2";"1.1";"1.3";"0.9";"2.6";"48";"53";"1";"2";"10";"10";"9";"9";"10.5";"8.7";"7.6";"4.3";"3";"3.2";"4.7";"3";"5.3";"2.5";"2.7";"6.8";"5.7"
"Brazil";"BRA";"Catarinense U20";"27-06-2026 11:00";"FT";"Brusque U20";"0";"5";"Avaí U20";"0";"2";"8.78";"1.23";"0";"52";"34";"44";"4";"44";"50";"0.1";"1.5";"42";"55";"7.5";"9";"9";"0";"67";"33";"0";"40";"10";"30";"90";"30";"3";"50";"10";"70";"90";"70";"100";"60";"1x2";"0x1";"23.6";"1";"1.3";"3";"1.5";"3.4";"43";"50";"";"";"10";"10";"7.5";"11.7";"15.1";"12.8";"9";"6.9";"4.5";"2.5";"4.1";"3.1";"2.3";"2.8";"2.8";"5.5";"7.1"
"Brazil";"BRA";"Catarinense U20";"27-06-2026 15:00";"FT";"Figueirense U20";"3";"2";"Barra SC U20";"1";"0";"3.26";"1.89";"66";"66";"51";"85";"2";"50";"58";"1.3";"2.4";"172";"56";"7.5";"5";"9";"0";"33";"67";"30";"70";"40";"30";"30";"0";"43";"80";"70";"100";"60";"70";"70";"30";"0x1";"0x2";"21.2";"1.5";"2.5";"1.1";"1.1";"3.1";"54";"55";"";"";"10";"10";"11.2";"12.5";"11.1";"7.8";"9";"4.1";"3.4";"4.3";"6.1";"4.3";"4.9";"4.3";"3.9";"8.7";"7.1"
"Brazil";"BRA";"Maranhense 2";"27-06-2026 16:00";"FT";"Timon MA";"0";"0";"Cordino";"0";"0";"";"";"84";"49";"31";"24";"";"";"";"1.5";"0.7";"";"";"";"";"";"";"";"";"30";"20";"60";"10";"10";"70";"50";"23";"90";"30";"40";"90";"70";"80";"0x0";"2x1";"";"0.9";"0.7";"0.6";"1.6";"1.9";"";"48";"1";"2";"10";"10";"";"11.3";"";"10.7";"";"";"5.7";"";"5";"";"1.3";"";"1.3";"";"0"
"Brazil";"BRA";"Maranhense 2";"27-06-2026 16:00";"FT";"São José MA";"0";"2";"São Luís";"0";"0";"2.73";"2.30";"66";"49";"31";"65";"5";"";"";"1";"1.3";"";"";"";"";"2";"0";"50";"50";"20";"40";"40";"10";"40";"50";"33";"43";"60";"50";"60";"90";"80";"60";"1x1";"1x0";"";"0.9";"1.9";"1.1";"1.6";"2.8";"";"";"5";"3";"10";"10";"";"";"";"";"";"";"";"";"";"";"";"";"";"";"0"
"Canada";"CAN";"PCSL";"27-06-2026 17:00";"CANCELLED";"AFA";"";"";"Kamloops Rivers II";"";"";"";"";"21";"32";"44";"58";"";"";"";"0.6";"1.8";"";"";"";"";"7";"43";"29";"29";"10";"50";"30";"30";"60";"20";"20";"60";"40";"80";"70";"70";"90";"50";"2x3";"1x1";"";"1.3";"1.7";"2.4";"2.1";"3.8";"";"";"";"";"10";"10";"";"";"";"";"";"";"";"";"";"";"";"";"";"";"0"
"Canada";"CAN";"PCSL";"27-06-2026 20:00";"AWAITING_UPDATES";"WIA";"";"";"Mid Isle Highlanders";"";"";"";"";"32";"21";"54";"14";"";"";"";"1";"0.1";"";"";"";"";"8";"38";"50";"12";"30";"0";"10";"10";"60";"90";"33";"3";"40";"10";"90";"90";"70";"100";"0x1";"2x0";"";"1.6";"0.4";"2.1";"2.4";"3.2";"";"";"5";"7";"10";"10";"";"";"";"";"";"";"";"";"";"";"";"";"";"";"0"
"Canada";"CAN";"PCSL";"27-06-2026 20:00";"AWAITING_UPDATES";"Victoria United";"";"";"Blues";"";"";"";"";"63";"46";"71";"82";"";"";"";"2.3";"2";"";"";"";"";"5";"60";"0";"40";"70";"60";"20";"20";"10";"20";"77";"67";"90";"80";"80";"80";"30";"40";"2x0";"0x2";"";"2.1";"2.4";"1.2";"1.7";"3.7";"";"";"2";"1";"10";"10";"";"";"";"";"";"";"";"";"";"";"";"";"";"";"0"
"Canada";"CAN";"PCSL";"27-06-2026 22:00";"AWAITING_UPDATES";"Gorge";"";"";"Khalsa";"";"";"";"";"66";"60";"85";"51";"";"";"";"2";"1.4";"";"";"";"";"";"";"";"";"62";"40";"12";"20";"25";"40";"67";"47";"75";"60";"88";"80";"38";"60";"5x1";"1x1";"";"2.5";"1.5";"1.1";"1.3";"3.2";"";"";"3";"4";"8";"10";"";"";"";"";"";"";"";"";"";"";"";"";"";"";"0"
"Chile";"CHI";"Tercera A";"27-06-2026 13:00";"FT";"Deportes Rancagua";"2";"1";"Imperial Unido";"1";"1";"2.21";"2.75";"49";"38";"34";"48";"5";"52";"50";"0.8";"1";"49";"56";"15.9";"11.5";"";"";"";"";"20";"30";"20";"10";"60";"60";"27";"33";"40";"40";"80";"90";"80";"70";"1x2";"3x1";"29.9";"1";"1.4";"1.6";"1.9";"3";"48";"47";"11";"9";"10";"10";"15.9";"16.1";"13.7";"14.1";"13.8";"6.7";"6.5";"7.3";"7.1";"2.4";"3.9";"2.5";"2.8";"5.8";"6.3"
"Chile";"CHI";"Tercera A";"27-06-2026 16:00";"FT";"Naval";"1";"1";"Malleco Unido";"0";"0";"2.15";"2.92";"66";"70";"61";"65";"5";"52";"54";"1.6";"2";"50";"49";"5.9";"7.6";"2";"0";"100";"0";"50";"60";"10";"20";"40";"20";"53";"67";"60";"80";"90";"80";"50";"40";"1x2";"0x1";"23.8";"1.8";"1.9";"1.1";"1";"2.9";"50";"50";"6";"3";"10";"10";"10.7";"14.5";"12.2";"10.2";"9.8";"4.8";"4";"4.8";"6";"2.8";"1.8";"3.5";"4.2";"6.1";"6.3"
"Chile";"CHI";"Tercera A";"27-06-2026 17:30";"FT";"Constitución Unido";"2";"4";"Quintero Unido";"1";"1";"";"";"60";"77";"68";"61";"";"48";"51";"1.7";"1.8";"51";"44";"7.2";"6";"2";"0";"100";"0";"50";"50";"20";"30";"30";"20";"57";"60";"70";"80";"80";"70";"50";"50";"0x1";"1x4";"24";"2";"1.8";"1.3";"0.8";"3";"51";"56";"7";"2";"10";"10";"14.4";"10.8";"13";"9.8";"11.1";"6";"4.7";"6.6";"5";"3.8";"3.3";"3";"3.4";"6.8";"6.3"
"Chile";"CHI";"Tercera A";"27-06-2026 18:00";"FT";"Comunal Cabrero";"3";"2";"Atlético Oriente";"1";"1";"1.52";"5.17";"66";"35";"48";"41";"1";"59";"53";"1.6";"1.5";"60";"59";"11";"10.9";"";"";"";"";"50";"50";"10";"0";"40";"50";"53";"50";"60";"50";"90";"100";"50";"50";"1x0";"1x2";"27.2";"1.4";"1.2";"1.1";"2";"2.8";"52";"52";"8";"5";"10";"10";"15.4";"13.1";"11";"14.9";"10.8";"4";"8";"5";"4.7";"2.7";"3.2";"2.9";"2.2";"5.6";"6.3"
"China";"CHN";"Super League";"27-06-2026 08:00";"FT";"Liaoning Tieren FC";"1";"5";"Shandong Taishan";"0";"2";"2.65";"2.35";"52";"46";"44";"75";"5";"50";"55";"1";"1.7";"43";"51";"7.2";"4.9";"";"";"";"";"30";"50";"10";"20";"60";"30";"33";"57";"40";"70";"90";"80";"70";"50";"0x1";"1x2";"25.2";"1.3";"2.2";"1.5";"1.7";"3.4";"51";"54";"8";"5";"10";"10";"11.2";"14.8";"11.4";"13";"8.5";"4";"4.4";"4";"4.6";"2";"2";"1.7";"2.3";"4";"4.4"
"China";"CHN";"Super League";"27-06-2026 08:35";"FT";"Shenzhen Peng City";"2";"3";"Chengdu Rongcheng";"0";"1";"4.62";"1.63";"63";"80";"44";"68";"2";"44";"58";"1.4";"2.4";"40";"56";"6.5";"5.3";"8";"12";"62";"25";"40";"80";"20";"0";"40";"20";"47";"80";"60";"80";"80";"100";"60";"20";"1x1";"0x1";"25.1";"1.3";"2";"1.2";"0.7";"2.6";"46";"56";"9";"1";"10";"10";"11.6";"14.5";"12.9";"11.2";"8.4";"3.9";"2.9";"4.2";"5.8";"2";"2.6";"2.2";"3.1";"5";"4.4"
"China";"CHN";"Super League";"27-06-2026 08:35";"FT";"Henan Songshan Longmen";"1";"2";"Shanghai Port";"1";"1";"2.49";"2.70";"66";"52";"41";"58";"5";"55";"59";"1.7";"1.3";"48";"53";"7.9";"4.7";"10";"30";"70";"0";"50";"30";"20";"40";"30";"30";"57";"43";"70";"70";"80";"60";"50";"70";"0x3";"1x1";"20.2";"1.2";"1.7";"1.1";"1.5";"2.8";"55";"57";"11";"14";"10";"10";"11";"10.6";"8.8";"9.9";"6.8";"3.4";"3.6";"3.5";"3.1";"1.5";"2.5";"2.1";"1.8";"4";"4.4"
"China";"CHN";"Super League";"27-06-2026 09:00";"FT";"Beijing Guoan";"1";"0";"Wuhan Three Towns";"0";"0";"1.29";"8.43";"46";"42";"75";"48";"3";"65";"51";"1.8";"1";"60";"42";"6.3";"6.6";"9";"33";"33";"33";"50";"10";"30";"70";"20";"20";"60";"33";"80";"80";"70";"30";"50";"90";"1x0";"2x2";"24.9";"2.2";"1.4";"1.7";"1.8";"3.6";"64";"47";"10";"15";"10";"10";"17.4";"11.7";"8.9";"11.8";"9.7";"3.9";"4.1";"7.2";"4.2";"1.6";"2.9";"2.3";"2.3";"4.6";"4.4"
"China";"CHN";"Super League";"27-06-2026 09:00";"FT";"Chongqing Tonglianglong FC";"1";"0";"Tianjin Jinmen Tiger";"0";"0";"2.04";"3.91";"63";"56";"41";"48";"5";"38";"38";"1.3";"1.1";"31";"32";"4.3";"5.1";"";"";"";"";"30";"20";"40";"50";"30";"30";"43";"37";"70";"70";"60";"50";"70";"80";"1x1";"1x1";"20";"1.2";"1.4";"1.2";"1.4";"2.6";"46";"46";"2";"16";"10";"10";"6.7";"8.9";"11.2";"13.1";"7.2";"3.7";"4.1";"3.1";"3.4";"2";"2.1";"2.7";"1.8";"4.3";"4.4"
"China";"CHN";"League Two";"27-06-2026 05:00";"FT";"Changchun Xidu";"0";"0";"Haimen Codion";"0";"0";"5.31";"1.60";"46";"66";"24";"34";"2";"51";"61";"0.5";"1";"48";"58";"10.7";"7.5";"3";"0";"67";"33";"0";"10";"50";"70";"50";"20";"17";"33";"50";"80";"50";"30";"100";"90";"0x3";"0x0";"19.5";"0.7";"1";"1.7";"1.1";"2.2";"48";"55";"11";"7";"10";"10";"9.6";"10.3";"10.9";"8.2";"6";"4.3";"2.5";"2.4";"2.8";"1.8";"1.8";"2.3";"1.9";"3.9";"3.7"
"China";"CHN";"League Two";"27-06-2026 05:00";"FT";"Shanghai Segenda";"0";"2";"Qingdao Red Lions";"0";"1";"2.68";"2.55";"66";"77";"34";"31";"5";"42";"45";"1.2";"1.4";"48";"39";"6.3";"7.6";"";"";"";"";"30";"30";"30";"50";"40";"20";"40";"47";"60";"80";"70";"50";"70";"70";"1x2";"1x1";"19.4";"1";"0.9";"1.1";"0.8";"1.9";"43";"45";"10";"8";"10";"10";"8.1";"9";"11.3";"10.3";"5.4";"2.8";"2.7";"2.5";"2.7";"2.2";"3";"1.5";"1.8";"4.2";"3.7"
"China";"CHN";"League Two";"27-06-2026 05:00";"FT";"Dalian Kewei";"1";"0";"Shanghai Port B";"0";"0";"2.13";"3.39";"88";"84";"34";"48";"5";"55";"50";"1.7";"2.1";"46";"53";"8.1";"6.6";"";"";"";"";"40";"60";"50";"30";"10";"10";"57";"70";"90";"90";"50";"70";"60";"40";"0x0";"0x1";"21.9";"1";"1.4";"0.5";"0.6";"1.8";"52";"52";"4";"1";"10";"10";"10.3";"12.5";"7.5";"13.5";"6.4";"2.3";"4.2";"3";"3.4";"2.3";"1.7";"1.5";"2";"3.8";"3.7"
"China";"CHN";"League Two";"27-06-2026 08:30";"FT";"Lanzhou Longyuan";"0";"0";"Dalian Yingbo B";"0";"0";"2.19";"3.50";"88";"74";"17";"34";"5";"45";"53";"1.2";"1.4";"43";"51";"14";"6";"";"";"";"";"20";"30";"60";"50";"20";"20";"40";"47";"80";"80";"40";"50";"80";"70";"0x0";"1x1";"17.8";"0.5";"1";"0.5";"0.9";"1.4";"46";"48";"9";"5";"10";"10";"9.3";"7.9";"10.4";"8";"5.6";"2.9";"3.1";"2.7";"2.4";"2.2";"1.8";"1";"2.5";"3.8";"3.7"
"China";"CHN";"League Two";"27-06-2026 08:30";"FT";"Hubei Istar";"2";"0";"Guizhou Zhucheng Athletic";"2";"0";"3.99";"1.80";"66";"84";"37";"65";"2";"43";"55";"1.5";"2.2";"35";"49";"5.4";"5.5";"";"";"";"";"40";"70";"30";"10";"30";"20";"50";"73";"70";"80";"70";"90";"60";"30";"0x0";"0x1";"21.6";"1.1";"1.9";"1.1";"0.6";"2.4";"48";"51";"2";"1";"10";"10";"8.4";"12.9";"12.7";"9.1";"7";"3.7";"2.8";"2.4";"5";"1.8";"1.9";"1.4";"1.4";"3.2";"3.7"
"China";"CHN";"League Two";"27-06-2026 08:30";"FT";"Guangdong Mingtu";"1";"2";"Xiamen Feilu";"1";"1";"3.19";"2.03";"74";"74";"27";"41";"5";"52";"48";"1.1";"1.4";"42";"38";"11.2";"5.2";"";"";"";"";"20";"40";"50";"20";"30";"40";"37";"47";"70";"60";"50";"80";"80";"60";"1x1";"1x0";"19.2";"0.8";"1.2";"0.9";"0.9";"1.9";"50";"49";"9";"4";"10";"10";"11.5";"8.3";"9.8";"8.7";"6.4";"2.9";"2.7";"4";"3.3";"1.8";"2.4";"1.8";"1.7";"3.8";"3.7"
"Cameroon";"CMR";"Elite One";"27-06-2026 12:00";"FT";"Fortuna Mfou";"1";"2";"Stade Renard";"1";"1";"";"";"28";"46";"27";"48";"";"52";"50";"0.9";"1.1";"48";"49";"11.5";"6";"10";"30";"30";"40";"20";"30";"30";"20";"50";"50";"30";"37";"50";"50";"70";"80";"80";"70";"0x3";"2x1";"19.4";"0.8";"1.4";"2.2";"1.7";"3";"50";"50";"13";"10";"10";"10";"10.2";"9";"10.7";"8.8";"5.9";"3.5";"2.5";"2.5";"3.3";"1.3";"1.7";"1.5";"2.3";"3.4";"3.8"
"Ecuador";"ECU";"Superliga Femenina";"27-06-2026 11:00";"FT";"Quito FC W";"0";"5";"Barcelona W";"0";"0";"";"";"2";"88";"44";"99";"";"42";"46";"0.6";"2.5";"42";"36";"8.5";"2.8";"5";"0";"80";"20";"20";"80";"0";"10";"80";"10";"20";"83";"20";"90";"100";"90";"80";"20";"1x3";"0x5";"20.4";"1.3";"2.9";"4.1";"0.5";"4.4";"36";"48";"11";"2";"10";"10";"11";"8.2";"10.5";"11";"10.2";"5.5";"4.8";"5";"5";"1.2";"3.5";"1.5";"2.2";"4.2";"3.1"
"Ecuador";"ECU";"Superliga Femenina";"27-06-2026 17:30";"FT";"Carneras W";"1";"0";"Espuce W";"0";"0";"1.70";"3.93";"42";"10";"27";"37";"1";"47";"43";"1.2";"0.6";"41";"42";"13.5";"10";"3";"33";"67";"0";"40";"20";"0";"0";"60";"80";"40";"20";"40";"20";"100";"100";"60";"80";"1x0";"5x0";"25.6";"0.8";"1.1";"1.8";"2.7";"3.2";"51";"41";"6";"9";"10";"10";"10.8";"11";"14.2";"15.2";"11.4";"5.2";"6.4";"5.5";"5.6";"1.2";"1.2";"1.2";"2.2";"2.8";"3.1"
"Ethiopia";"ETH";"Premier League";"27-06-2026 09:00";"FT";"Hadiya Hosaena";"1";"1";"Dire Dawa Kenema";"1";"0";"3.96";"1.95";"80";"56";"27";"20";"2";"48";"51";"1.4";"0.6";"45";"55";"7.8";"9";"10";"40";"30";"30";"30";"10";"50";"30";"20";"60";"47";"20";"80";"40";"50";"70";"70";"90";"1x0";"1x1";"13.4";"0.8";"0.6";"0.7";"1.4";"1.8";"47";"55";"11";"19";"10";"10";"6.2";"5.4";"7.9";"7.4";"4.9";"3.1";"2.5";"2.6";"1.6";"3.6";"2.4";"2.6";"3.3";"6";"4.7"
"Ethiopia";"ETH";"Premier League";"27-06-2026 12:00";"FT";"Ethiopian Medhin";"0";"3";"Shire Endaselassie";"0";"2";"2.61";"2.68";"80";"74";"34";"14";"5";"49";"45";"1.7";"1.1";"46";"49";"7.1";"11";"3";"67";"0";"33";"40";"20";"50";"50";"10";"30";"57";"37";"90";"70";"50";"50";"60";"80";"1x1";"0x0";"13.8";"1";"0.4";"0.7";"0.9";"1.5";"51";"47";"15";"18";"10";"10";"7.1";"4.4";"8.1";"7.9";"5.5";"3.1";"3.1";"3.2";"1.6";"2.3";"2.2";"1.9";"2.2";"4.3";"4.7"
"Europe";"EUR";"All-Island Cup";"27-06-2026 09:00";"FT";"Shelbourne W";"4";"0";"Bohemians WFC W";"1";"0";"";"";"56";"60";"92";"34";"";"58";"56";"2.3";"0.9";"60";"62";"4.5";"10.9";"10";"60";"10";"30";"70";"20";"20";"30";"10";"50";"77";"30";"90";"50";"80";"70";"30";"80";"4x2";"1x0";"19.8";"2.7";"1";"1.4";"1.3";"3.2";"55";"54";"";"";"10";"10";"12.1";"10.9";"7.8";"8.9";"9.8";"3.4";"4.6";"7.1";"4.2";"1.2";"1.1";"1.4";"1.5";"2.7";"2.3"
"Europe";"EUR";"All-Island Cup";"27-06-2026 13:00";"FT";"Galway United W";"1";"1";"Peamount United W";"0";"1";"";"";"84";"18";"78";"61";"";"61";"53";"2.6";"1";"66";"56";"5";"6";"9";"56";"11";"33";"80";"30";"20";"10";"0";"60";"87";"33";"100";"40";"80";"90";"20";"70";"2x0";"0x1";"18.8";"2.3";"1.8";"0.6";"2.5";"3.6";"62";"46";"";"";"10";"10";"11.6";"10.8";"7.4";"7.9";"8.6";"3.6";"4";"4.8";"4.8";"1.6";"0.8";"1.2";"1.6";"2.6";"2.3"
"Fiji";"FIJ";"FA Cup";"27-06-2026 01:30";"FT";"Lautoka";"1";"2";"Navua";"0";"0";"";"";"70";"60";"88";"41";"";"54";"49";"2.3";"1.2";"45";"34";"4.4";"4";"10";"50";"20";"30";"70";"30";"20";"30";"10";"40";"77";"40";"90";"60";"80";"70";"30";"70";"2x0";"1x1";"13.3";"2.6";"1.2";"1";"1.3";"3";"50";"46";"";"";"10";"10";"11.5";"4.8";"6.2";"4";"7.4";"2.2";"2.8";"6";"3.8";"1.2";"2.6";"2.2";"1.8";"3.9";"3.2"
"Finland";"FIN";"Veikkausliiga";"27-06-2026 08:00";"FT";"Ilves";"2";"2";"SJK";"0";"0";"2.17";"2.90";"49";"56";"82";"58";"5";"51";"62";"1.9";"1.1";"53";"74";"4.5";"8.9";"10";"20";"30";"50";"60";"30";"10";"20";"30";"50";"63";"37";"70";"50";"90";"80";"40";"70";"1x0";"2x1";"25.4";"2.4";"1.7";"1.6";"1.4";"3.6";"50";"57";"8";"10";"10";"10";"11.9";"17.2";"9.9";"11.7";"10.4";"4";"4.4";"6.2";"6.2";"1.9";"2.4";"1.9";"2";"4.1";"3.6"
"Finland";"FIN";"Veikkausliiga";"27-06-2026 11:00";"FT";"Mariehamn";"0";"2";"Inter Turku";"0";"1";"8.62";"1.30";"46";"70";"20";"85";"4";"42";"56";"0.5";"2.2";"45";"58";"11.8";"4.2";"10";"20";"60";"20";"10";"60";"20";"40";"70";"0";"17";"73";"30";"100";"80";"60";"90";"40";"0x1";"1x2";"24.9";"0.6";"2.5";"1.7";"1";"2.9";"44";"54";"12";"1";"10";"10";"9.2";"12.5";"18.5";"9.6";"9.4";"7.6";"3.2";"2.9";"5.2";"2";"1.7";"1.3";"2.5";"3.8";"3.6"
"Finland";"FIN";"Veikkausliiga";"27-06-2026 11:00";"FT";"HJK";"0";"4";"KuPS";"0";"1";"2.28";"2.83";"63";"77";"100";"58";"5";"63";"60";"2";"2.2";"72";"60";"3.4";"6.9";"10";"30";"50";"20";"60";"60";"20";"40";"20";"0";"67";"73";"80";"100";"80";"60";"40";"40";"4x0";"1x1";"24.9";"3.8";"1.7";"1.2";"0.8";"3.8";"59";"58";"4";"2";"10";"10";"16.9";"15.6";"9.2";"8.1";"8.8";"3.1";"3";"7";"4.6";"1.5";"1.2";"1.6";"2.1";"3.2";"3.6"
"Finland";"FIN";"Veikkausliiga";"27-06-2026 13:00";"FT";"TPS";"3";"2";"Jaro";"1";"2";"2.03";"3.41";"74";"0";"31";"41";"5";"46";"50";"1.1";"0.5";"49";"51";"8.8";"7.9";"10";"50";"30";"20";"30";"10";"20";"20";"50";"70";"37";"17";"50";"30";"80";"80";"70";"90";"0x1";"5x0";"24.7";"0.9";"1.2";"0.9";"3";"3";"47";"51";"7";"11";"10";"10";"9.9";"12.3";"14.2";"13";"9.4";"4.6";"5.9";"3.8";"4.4";"2.1";"1.5";"2.2";"1.9";"3.8";"3.6"
"Finland";"FIN";"Veikkausliiga";"27-06-2026 13:00";"FT";"Gnistan";"1";"1";"VPS";"1";"1";"2.58";"2.59";"70";"80";"58";"78";"5";"45";"54";"1.8";"1.9";"42";"52";"5.8";"4.4";"10";"40";"30";"30";"50";"50";"30";"40";"20";"10";"60";"63";"80";"90";"70";"60";"50";"50";"1x1";"1x1";"23";"1.7";"2.3";"1";"0.7";"2.8";"44";"52";"6";"5";"10";"10";"11.9";"12.6";"11.1";"10.4";"8.2";"3.8";"2.4";"4.2";"6.1";"2.7";"1.8";"1.9";"2";"4.2";"3.6"
"Finland";"FIN";"Veikkausliiga";"27-06-2026 15:00";"FT";"Oulu";"1";"1";"Lahti";"0";"0";"2.00";"3.45";"60";"56";"41";"54";"5";"45";"56";"1.6";"1.2";"42";"51";"6.2";"7";"10";"50";"20";"30";"50";"30";"10";"30";"40";"40";"53";"40";"60";"60";"90";"70";"50";"70";"1x0";"1x1";"23.2";"1.2";"1.6";"1.3";"1.4";"2.8";"45";"56";"3";"9";"10";"10";"10.7";"14.2";"11.9";"9.5";"8.9";"4.1";"3.7";"4.3";"5.6";"1.3";"2.8";"2.2";"1.8";"4";"3.6"
"Finland";"FIN";"Ykkösliiga";"27-06-2026 10:00";"FT";"JIPPO";"1";"1";"EIF";"1";"0";"1.65";"4.63";"80";"42";"41";"58";"1";"56";"51";"1.5";"1.5";"54";"52";"9.9";"5.5";"6";"50";"17";"33";"40";"50";"30";"0";"30";"50";"50";"50";"70";"50";"70";"100";"60";"50";"0x0";"0x1";"19.1";"1.2";"1.7";"0.7";"1.8";"2.7";"52";"49";"4";"6";"10";"10";"11.9";"9.3";"8.3";"8.7";"8.2";"2.6";"4.8";"5.1";"4";"1.6";"1.8";"2.2";"2.2";"3.9";"3.9"
"Finland";"FIN";"Ykkösliiga";"27-06-2026 10:00";"FT";"Haka";"0";"2";"KTP";"0";"1";"2.37";"2.64";"63";"70";"58";"51";"5";"54";"56";"1.9";"2.2";"56";"58";"6.7";"9.3";"10";"70";"20";"10";"60";"70";"10";"10";"30";"20";"63";"73";"70";"80";"90";"90";"40";"30";"2x0";"0x1";"21.3";"1.7";"1.5";"1.2";"1";"2.7";"53";"51";"3";"1";"10";"10";"11.4";"13.9";"10.3";"7";"9.2";"4.1";"3.2";"5.3";"5.7";"2.6";"1.9";"2.5";"2.3";"4.6";"3.9"
"Finland";"FIN";"Kakkonen";"27-06-2026 08:00";"FT";"Union Plaani";"0";"3";"HIFK";"0";"2";"5.94";"1.34";"2";"56";"37";"65";"2";"44";"52";"0.2";"1.7";"52";"48";"11";"4.5";"";"";"";"";"0";"50";"20";"20";"80";"30";"7";"57";"20";"70";"80";"80";"100";"50";"0x2";"1x2";"23.4";"1.1";"1.9";"3.1";"1.4";"3.8";"48";"53";"10";"2";"10";"10";"12.1";"8.6";"16.5";"9.6";"10.4";"7.9";"4.3";"4.8";"3.8";"1.5";"2.9";"1.8";"2.7";"4.4";"4.3"
"Finland";"FIN";"Kakkonen";"27-06-2026 09:00";"FT";"GBK";"7";"0";"JS Hercules";"5";"0";"1.39";"5.28";"28";"0";"48";"51";"1";"44";"42";"1.2";"0.9";"45";"49";"8.3";"5.7";"10";"50";"40";"10";"40";"30";"0";"0";"60";"70";"40";"30";"40";"30";"100";"100";"60";"70";"0x2";"2x1";"23.4";"1.4";"1.5";"2.2";"3";"4";"42";"46";"6";"10";"10";"10";"11.6";"8.6";"13";"13.5";"11";"6.1";"7.5";"4.4";"4";"1.9";"1.8";"2.3";"2";"4";"4.3"
"Finland";"FIN";"Kakkonen";"27-06-2026 10:00";"FT";"MuSa";"2";"2";"P-Iirot";"1";"2";"3.64";"1.66";"10";"42";"34";"48";"2";"33";"44";"0.8";"1.3";"34";"48";"5.4";"7.3";"10";"40";"50";"10";"20";"40";"20";"10";"60";"50";"27";"43";"40";"50";"80";"90";"80";"60";"0x0";"2x0";"21.8";"1";"1.4";"2.7";"1.8";"3.4";"39";"49";"9";"5";"10";"10";"5.4";"10.2";"16.2";"11.7";"10.6";"8.2";"5.6";"3.3";"4.2";"1.8";"2.8";"1";"2.3";"4";"4.3"
"Finland";"FIN";"Kakkonen";"27-06-2026 10:00";"FT";"Huima / Urho";"3";"2";"JBK";"2";"1";"1.99";"2.86";"28";"63";"85";"51";"1";"52";"49";"1.4";"1.4";"58";"47";"5.8";"8.1";"";"";"";"";"40";"40";"20";"20";"40";"40";"47";"47";"60";"60";"80";"80";"60";"60";"1x2";"0x3";"24.8";"2.5";"1.5";"2.2";"1.2";"3.7";"51";"49";"3";"5";"10";"10";"14.4";"12.1";"12.1";"11.1";"10.6";"6.1";"3.8";"6.8";"4.4";"2.4";"2.7";"2";"2.3";"4.7";"4.3"
"Finland";"FIN";"Kakkonen";"27-06-2026 11:00";"FT";"PuiU Helsinki";"0";"2";"HPS";"0";"1";"2.45";"2.33";"25";"46";"24";"65";"5";"47";"43";"0.6";"1.4";"49";"40";"13.7";"4.4";"2";"50";"50";"0";"10";"40";"30";"20";"60";"40";"20";"47";"40";"60";"70";"80";"90";"60";"1x1";"2x1";"22";"0.7";"1.9";"2.3";"1.7";"3.3";"49";"45";"9";"6";"10";"10";"9.6";"8.4";"12.1";"13.8";"10";"6.2";"5.7";"4";"4.2";"2.6";"3.3";"2";"2";"4.9";"4.3"
"Finland";"FIN";"Kakkonen";"27-06-2026 11:00";"FT";"PEPO";"2";"2";"PPJ";"1";"1";"1.88";"3.14";"63";"66";"54";"65";"1";"52";"51";"2";"1.5";"59";"53";"8.9";"5.9";"5";"0";"40";"60";"60";"30";"20";"60";"20";"10";"67";"50";"80";"90";"80";"40";"40";"70";"2x1";"1x1";"24.2";"1.6";"1.9";"1.2";"1.1";"2.9";"49";"51";"2";"5";"10";"10";"14.3";"11.2";"13";"10";"10.8";"5.6";"4.5";"5.4";"6.1";"1.7";"1.6";"2.2";"2.1";"3.8";"4.3"
"Finland";"FIN";"Kakkonen";"27-06-2026 11:00";"FT";"MYPA";"1";"2";"Atlantis";"1";"1";"2.90";"1.90";"4";"21";"44";"92";"2";"41";"54";"0.9";"1.1";"49";"59";"7.1";"5.3";"4";"50";"50";"0";"20";"30";"30";"20";"50";"50";"30";"37";"50";"50";"70";"80";"80";"70";"1x3";"3x3";"24.9";"1.3";"2.7";"2.9";"2.4";"4.6";"45";"46";"8";"7";"10";"10";"9.2";"14.2";"16.6";"9.8";"12.2";"7.7";"5.2";"4.6";"7.1";"2.4";"1.3";"2.6";"1.6";"4";"4.3"
"Finland";"FIN";"Kakkonen";"27-06-2026 11:00";"FT";"EPS";"1";"3";"GrIFK";"0";"1";"2.06";"2.82";"49";"38";"65";"37";"5";"53";"48";"1.4";"1";"54";"53";"4.9";"11.3";"9";"33";"56";"11";"40";"20";"20";"40";"40";"40";"47";"33";"60";"60";"80";"60";"60";"80";"1x2";"1x1";"20";"1.9";"1.1";"1.6";"1.9";"3.2";"54";"47";"6";"7";"10";"10";"9.3";"12.4";"9.1";"9.1";"8.7";"4.4";"3.6";"4.6";"4.8";"1.6";"2.9";"2.9";"3.6";"5.4";"4.3"
"Finland";"FIN";"Kakkonen";"27-06-2026 11:00";"FT";"HJS Akatemia";"3";"0";"NJS";"2";"0";"1.10";"14.16";"60";"2";"41";"20";"3";"46";"38";"1.5";"0.1";"45";"40";"6.9";"10.5";"3";"67";"0";"33";"40";"0";"30";"10";"30";"90";"50";"3";"70";"10";"70";"90";"60";"100";"2x0";"0x0";"19.6";"1.2";"0.6";"1.3";"3.1";"3.1";"47";"43";"3";"10";"10";"10";"8.3";"6.3";"10.9";"13.8";"8.8";"4.3";"7";"4.2";"2.1";"1.9";"2.3";"1.6";"2.2";"4";"4.3"
"Finland";"FIN";"Kakkonen";"27-06-2026 11:00";"FT";"TP-47";"0";"3";"VPS II";"0";"1";"2.03";"2.65";"42";"14";"68";"78";"5";"42";"56";"1.6";"1";"47";"60";"4.6";"6.3";"6";"17";"50";"33";"40";"20";"40";"40";"20";"40";"53";"33";"80";"60";"60";"60";"60";"80";"2x1";"2x2";"25.2";"2";"2.3";"1.8";"2.6";"4.4";"45";"53";"2";"7";"10";"10";"9.2";"14.5";"13.7";"13";"11";"5.9";"6";"4.3";"5.7";"2.2";"1.5";"1.4";"2.3";"3.8";"4.3"
"Finland";"FIN";"Kakkonen";"27-06-2026 13:26";"FT";"Kiffen";"3";"2";"Reipas";"2";"1";"1.90";"2.99";"49";"52";"68";"71";"1";"50";"50";"1.7";"1.7";"56";"55";"6.8";"7";"10";"50";"30";"20";"50";"50";"20";"20";"30";"30";"57";"57";"70";"70";"80";"80";"50";"50";"2x0";"2x1";"27.2";"2";"2.1";"1.6";"1.5";"3.6";"50";"52";"6";"5";"10";"10";"13.7";"14.7";"14.6";"11.5";"13";"6.8";"5.8";"6.5";"6.8";"2";"1.8";"2.5";"2";"4.2";"4.3"
"Finland";"FIN";"Kolmonen - Eastern Group";"27-06-2026 08:00";"FT";"NiemU";"0";"1";"Kings";"";"";"2.13";"2.36";"88";"60";"95";"100";"5";"48";"53";"2.7";"2.7";"40";"41";"3.8";"4";"9";"44";"56";"0";"90";"90";"0";"0";"10";"10";"90";"90";"90";"90";"100";"100";"10";"10";"2x1";"1x3";"21.4";"2.8";"3.4";"0.5";"1.3";"4";"42";"44";"1";"2";"10";"10";"10.7";"13.7";"10.3";"8";"10.7";"5.3";"4.7";"5.3";"6";"3.3";"2";"1";"2.7";"4.5";"2.8"
"Finland";"FIN";"Kolmonen - Eastern Group";"27-06-2026 09:00";"FT";"HaPK";"2";"3";"IPS Edustus";"";"";"2.53";"2.05";"35";"74";"82";"85";"5";"33";"56";"1.9";"2.4";"43";"63";"5.2";"5.8";"10";"40";"60";"0";"60";"70";"10";"30";"30";"0";"63";"80";"70";"100";"90";"70";"40";"30";"0x0";"0x1";"31.6";"2.4";"2.5";"2";"0.9";"3.9";"38";"52";"4";"3";"10";"10";"12.5";"14.5";"23.2";"13";"15.8";"11.2";"5.2";"7.2";"7.8";"2";"1.5";"1.8";"1.2";"3.3";"2.8"
"Finland";"FIN";"Kolmonen - Eastern Group";"27-06-2026 09:00";"FT";"STPS";"3";"1";"KJP";"";"";"7.90";"1.22";"32";"49";"27";"68";"4";"";"48";"0.4";"1.3";"";"58";"";"";"6";"67";"33";"0";"10";"40";"10";"10";"80";"50";"13";"43";"20";"50";"90";"90";"90";"60";"0x1";"0x4";"";"0.8";"2";"2.1";"1.6";"3.2";"";"54";"10";"7";"10";"10";"";"15";"";"15.8";"";"";"5.5";"";"6.2";"";"0.8";"";"1.5";"";"2.8"
"Finland";"FIN";"Kolmonen - Eastern Group";"27-06-2026 09:00";"FT";"MiPK";"4";"0";"KoPa";"2";"0";"1.24";"7.14";"49";"35";"71";"37";"3";"58";"44";"1.7";"1.3";"72";"51";"11.3";"10.5";"8";"62";"25";"12";"50";"40";"20";"10";"30";"50";"57";"43";"70";"50";"80";"90";"50";"60";"2x0";"0x2";"30.3";"2.1";"1.1";"1.6";"2";"3.4";"48";"42";"5";"8";"10";"10";"23.8";"11.5";"14";"11.3";"13.8";"6.4";"5.8";"9.8";"5.5";"2.4";"1.8";"1.4";"1.5";"3.6";"2.8"
"Finland";"FIN";"Kolmonen - Northern Group";"27-06-2026 11:00";"FT";"PonPa";"2";"4";"Ajax Sarkkiranta";"1";"3";"8.16";"1.19";"2";"21";"58";"58";"4";"44";"45";"1.2";"1.3";"50";"43";"11.2";"7.5";"3";"67";"0";"33";"30";"40";"30";"10";"40";"50";"40";"43";"60";"50";"70";"90";"70";"60";"1x1";"5x0";"27.4";"1.7";"1.7";"4.2";"2.4";"5";"49";"48";"9";"7";"10";"10";"19";"12.7";"9.5";"13.7";"13.4";"7.5";"5";"8.5";"5.7";"1";"0.7";"1";"1.3";"2";"2.4"
"Finland";"FIN";"Kolmonen - Northern Group";"27-06-2026 11:00";"FT";"KajHa";"3";"2";"HauPa";"0";"1";"1.41";"4.86";"56";"63";"99";"100";"1";"49";"76";"2.1";"1.8";"47";"128";"5.1";"2.3";"10";"50";"40";"10";"70";"50";"0";"30";"30";"20";"70";"60";"70";"80";"100";"70";"30";"50";"2x1";"2x2";"19.8";"2.9";"3.3";"1.4";"1.2";"4.4";"43";"62";"4";"2";"10";"10";"14.7";"7.5";"14";"3.5";"7";"5.7";"1.5";"4.3";"2.5";"2.7";"0.3";"0.7";"1.7";"2.6";"2.4"
"Finland";"FIN";"Kolmonen - Northern Group";"27-06-2026 11:30";"CANCELLED";"Hercules-j";"";"";"KaPa Kajaani";"";"";"15.75";"1.08";"10";"66";"78";"100";"4";"";"51";"1.3";"1.7";"";"47";"";"";"";"";"";"";"33";"50";"33";"20";"33";"30";"44";"57";"67";"70";"67";"80";"67";"50";"0x3";"0x5";"";"2.3";"3";"2.7";"1.1";"4.6";"";"53";"10";"6";"3";"10";"";"12.3";"";"11.7";"";"";"4.3";"";"4.7";"";"1.3";"";"3";"";"2.4"
"Finland";"FIN";"Kolmonen - Western Group";"27-06-2026 09:00";"FT";"MaPS";"0";"2";"PIF";"0";"0";"3.28";"1.82";"42";"74";"54";"61";"2";"52";"59";"1.3";"1.8";"65";"76";"7.9";"8.7";"7";"0";"29";"71";"40";"50";"10";"30";"50";"20";"43";"60";"50";"80";"90";"70";"60";"50";"0x1";"1x1";"23.5";"1.6";"1.8";"1.8";"0.9";"3";"51";"54";"6";"7";"10";"10";"12.6";"15.7";"11.9";"6.9";"11";"6.3";"3.4";"4.9";"7.4";"2";"1.9";"1.9";"1.4";"3.6";"3.4"
"Finland";"FIN";"Kolmonen - Western Group";"27-06-2026 11:00";"FT";"TP-T";"0";"2";"Tampere United II";"0";"1";"3.69";"1.62";"32";"66";"54";"61";"2";"47";"53";"0.8";"2.2";"44";"58";"5.3";"6.1";"8";"75";"25";"0";"20";"70";"20";"10";"60";"20";"27";"73";"40";"80";"80";"90";"80";"30";"1x3";"0x2";"22.2";"1.6";"1.8";"2.1";"1.1";"3.3";"50";"53";"9";"3";"10";"10";"8.5";"11";"12.4";"12.4";"10";"6";"4.6";"4.1";"5.3";"2.8";"1.7";"2.1";"1.7";"4.2";"3.4"
"Finland";"FIN";"Kolmonen - Western Group";"27-06-2026 14:00";"FT";"Mariehamn II";"2";"1";"EuPa";"1";"0";"2.53";"2.05";"56";"84";"95";"82";"5";"47";"53";"2.1";"2.5";"63";"67";"3.9";"5.7";"4";"50";"50";"0";"70";"80";"0";"10";"30";"10";"70";"83";"70";"90";"100";"90";"30";"20";"2x0";"0x1";"22.3";"2.8";"2.4";"1.4";"0.6";"3.6";"53";"50";"3";"1";"10";"10";"11";"13.6";"10.3";"9.7";"11.4";"5.3";"3.9";"6.7";"7";"2";"1.4";"2";"1.6";"3.5";"3.4"
"Finland";"FIN";"Kolmonen - Southern Group";"27-06-2026 09:00";"FT";"Futura";"8";"0";"Gnistan/Ogeli";"6";"0";"1.11";"10.50";"63";"28";"100";"54";"3";"";"46";"2.6";"1";"";"51";"";"";"2";"50";"50";"0";"80";"20";"20";"40";"0";"40";"87";"33";"100";"60";"80";"60";"20";"80";"1x0";"1x1";"";"3.8";"1.6";"1.2";"2.2";"4.4";"";"50";"1";"8";"10";"10";"";"10.7";"";"12.8";"";"";"6.8";"";"4.3";"";"1.7";"";"2";"";"3.6"
"Finland";"FIN";"Kolmonen - Southern Group";"27-06-2026 10:00";"FT";"Ponnistus";"0";"0";"TuPS";"0";"0";"4.94";"1.40";"2";"49";"54";"68";"2";"46";"52";"0.7";"1.2";"42";"51";"5";"4.8";"";"";"";"";"20";"40";"10";"0";"70";"60";"23";"40";"30";"40";"90";"100";"80";"60";"1x3";"1x0";"18.2";"1.6";"2";"3.9";"1.6";"4.6";"50";"51";"10";"7";"10";"10";"8";"9.5";"10.5";"8.4";"10.6";"6";"4.6";"5.5";"5";"2.2";"2";"3";"1.4";"4.3";"3.6"
"Faroe Islands";"FRO";"1. Deild";"27-06-2026 09:00";"FT";"Víkingur II";"3";"1";"HB II";"2";"0";"1.37";"5.76";"52";"74";"65";"41";"1";"56";"53";"1.8";"1.4";"75";"71";"5.5";"10.6";"10";"70";"30";"0";"50";"40";"30";"20";"20";"40";"60";"47";"80";"60";"70";"80";"50";"60";"2x2";"1x0";"24";"1.9";"1.2";"1.5";"0.9";"2.8";"42";"50";"2";"7";"10";"10";"10.5";"12.7";"14.5";"10.3";"10.4";"6.5";"4.7";"4";"5.5";"2.5";"1.5";"3";"1.7";"4.4";"4.1"
"Faroe Islands";"FRO";"1. Deild";"27-06-2026 10:15";"FT";"NSÍ II";"0";"1";"B36 II";"0";"1";"1.99";"2.85";"56";"28";"44";"71";"1";"45";"56";"1.4";"1.3";"69";"67";"7.4";"6.2";"10";"20";"50";"30";"40";"40";"20";"10";"40";"50";"47";"43";"60";"50";"80";"90";"60";"60";"1x1";"2x1";"22.4";"1.3";"2.1";"1.4";"2.2";"3.5";"49";"57";"4";"6";"10";"10";"9.6";"13.1";"14.6";"7.4";"11";"6.6";"4.7";"4.4";"6.1";"2.2";"1.6";"2";"2.3";"4";"4.1"
"Faroe Islands";"FRO";"1. Deild";"27-06-2026 10:15";"FT";"EB / Streymur II";"0";"2";"Suduroy";"0";"1";"";"";"10";"42";"24";"99";"";"34";"";"0.5";"1.6";"48";"";"";"";"10";"20";"60";"20";"10";"50";"20";"10";"70";"40";"17";"53";"30";"60";"80";"90";"90";"50";"0x0";"0x5";"";"0.7";"2.9";"2.7";"1.8";"4";"41";"";"10";"3";"10";"10";"7.5";"";"22.5";"";"";"8.5";"";"3.5";"";"1.5";"";"2";"";"";"4.1"
"Faroe Islands";"FRO";"1. Deild";"27-06-2026 13:00";"FT";"Hoyvik";"1";"2";"ÍF";"1";"2";"4.33";"1.54";"2";"35";"51";"54";"2";"35";"46";"0.9";"1.1";"51";"62";"4.3";"6.2";"";"";"";"";"30";"20";"0";"50";"70";"30";"30";"37";"30";"70";"100";"50";"70";"80";"0x3";"1x1";"21.3";"1.5";"1.6";"3.2";"2";"4.2";"39";"46";"9";"6";"10";"10";"6.5";"10";"13.8";"12.4";"9.7";"6.2";"5.6";"2.8";"4.8";"2";"2.5";"2";"1.7";"4.1";"4.1"
"Faroe Islands";"FRO";"2. Deild";"27-06-2026 08:00";"FT";"Víkingur III";"0";"3";"07 Vestur II";"0";"1";"";"";"18";"18";"100";"99";"";"";"";"1.9";"1.7";"";"";"";"";"5";"20";"60";"20";"60";"50";"10";"20";"30";"30";"63";"57";"70";"70";"90";"80";"40";"50";"1x1";"1x1";"";"3.2";"2.9";"2.5";"2.5";"5.6";"";"";"5";"6";"10";"10";"";"";"";"";"";"";"";"";"";"";"";"";"";"";"0"
"Faroe Islands";"FRO";"2. Deild";"27-06-2026 08:00";"FT";"MB";"2";"3";"Skála II";"2";"3";"";"";"2";"0";"82";"65";"";"";"";"0.6";"0.8";"";"";"";"";"7";"0";"100";"0";"20";"20";"0";"20";"80";"60";"20";"27";"20";"40";"100";"80";"80";"80";"0x1";"2x0";"";"2.4";"1.9";"4.5";"3";"5.9";"";"";"11";"9";"10";"10";"";"";"";"";"";"";"";"";"";"";"";"";"";"";"0"
"Faroe Islands";"FRO";"2. Deild";"27-06-2026 09:00";"FT";"KÍ II";"6";"1";"B71 II";"3";"1";"";"";"60";"7";"100";"68";"";"";"";"2.3";"0.9";"";"";"";"";"";"";"";"";"70";"30";"20";"0";"10";"70";"77";"30";"90";"30";"80";"100";"30";"70";"2x1";"2x1";"";"3.4";"2";"1.3";"2.8";"4.8";"";"";"1";"8";"10";"10";"";"";"";"";"";"";"";"";"";"";"";"";"";"";"0"
"Faroe Islands";"FRO";"2. Deild";"27-06-2026 10:00";"FT";"AB Argir II";"1";"4";"ÍF II";"0";"2";"";"";"52";"0";"85";"54";"";"";"";"2.1";"0.7";"";"";"";"";"9";"56";"0";"44";"60";"20";"30";"10";"10";"70";"70";"23";"90";"30";"70";"90";"40";"80";"1x1";"6x1";"";"2.5";"1.6";"1.5";"3";"4.3";"";"";"2";"10";"10";"10";"";"";"";"";"";"";"";"";"";"";"";"";"";"";"0"
"Faroe Islands";"FRO";"2. Deild";"27-06-2026 13:00";"FT";"B68 II";"3";"0";"Suduroy II";"0";"0";"";"";"42";"49";"99";"100";"";"";"";"1.9";"1.9";"";"";"";"";"5";"40";"60";"0";"60";"60";"10";"10";"30";"30";"63";"63";"70";"70";"90";"90";"40";"40";"2x1";"2x1";"";"2.9";"3.6";"1.8";"1.6";"5";"";"";"4";"3";"10";"10";"";"";"";"";"";"";"";"";"";"";"";"";"";"";"0"
"Gabon";"GAB";"Champoinnat D1";"27-06-2026 10:00";"FT";"Lozo";"0";"0";"FC 105";"0";"0";"";"";"56";"56";"44";"44";"";"";"";"1.4";"1.5";"";"";"";"";"7";"29";"57";"14";"40";"50";"20";"0";"40";"50";"47";"50";"60";"50";"80";"100";"60";"50";"1x0";"0x2";"";"1.3";"1.3";"1.4";"1.4";"2.7";"";"";"10";"6";"10";"10";"";"";"";"";"";"";"";"";"";"";"";"";"";"";"0"
"Gabon";"GAB";"Champoinnat D1";"27-06-2026 11:30";"FT";"Stade Mandji";"3";"1";"Dikaki";"0";"0";"";"";"80";"0";"51";"20";"";"";"";"2";"0.1";"";"";"";"";"6";"83";"0";"17";"60";"0";"20";"10";"20";"90";"67";"3";"80";"10";"80";"90";"40";"100";"1x0";"2x0";"";"1.5";"0.6";"0.7";"3";"2.9";"";"";"2";"14";"10";"10";"";"";"";"";"";"";"";"";"";"";"";"";"";"";"0"
"Gabon";"GAB";"Champoinnat D1";"27-06-2026 11:30";"FT";"Ogooue";"0";"0";"Oyem AC";"0";"0";"";"";"56";"63";"51";"41";"";"";"";"1.7";"1";"";"";"";"";"";"";"";"";"50";"30";"20";"10";"30";"60";"57";"33";"70";"40";"80";"90";"50";"70";"0x2";"1x0";"";"1.5";"1.2";"1.4";"1.2";"2.6";"";"";"3";"4";"10";"10";"";"";"";"";"";"";"";"";"";"";"";"";"";"";"0"
"Gabon";"GAB";"Champoinnat D1";"27-06-2026 11:30";"FT";"Lambaréné";"3";"2";"Bitam";"0";"0";"";"";"52";"63";"41";"51";"";"";"";"0.9";"1.8";"";"";"";"";"";"";"";"";"20";"50";"30";"30";"50";"20";"30";"60";"50";"80";"70";"70";"80";"50";"1x2";"1x2";"";"1.2";"1.5";"1.5";"1.2";"2.7";"";"";"11";"12";"10";"10";"";"";"";"";"";"";"";"";"";"";"";"";"";"";"0"
"Gabon";"GAB";"Champoinnat D1";"27-06-2026 11:30";"FT";"Oyem";"1";"0";"Mangasport";"0";"0";"";"";"66";"63";"58";"82";"";"";"";"1.7";"2.4";"";"";"";"";"10";"0";"60";"40";"50";"80";"20";"0";"30";"20";"57";"80";"70";"80";"80";"100";"50";"20";"1x2";"1x2";"";"1.7";"2.4";"1.1";"1.2";"3.2";"";"";"8";"1";"10";"10";"";"";"";"";"";"";"";"";"";"";"";"";"";"";"0"
"Gabon";"GAB";"Champoinnat D1";"27-06-2026 11:30";"FT";"Vautour Club";"2";"1";"Stade Migovéen";"1";"1";"";"";"77";"66";"41";"24";"";"";"";"1.8";"0.8";"";"";"";"";"";"";"";"";"50";"10";"30";"50";"20";"40";"60";"27";"80";"60";"70";"50";"50";"90";"0x1";"0x0";"";"1.2";"0.7";"0.8";"1.1";"1.9";"";"";"7";"9";"10";"10";"";"";"";"";"";"";"";"";"";"";"";"";"";"";"0"
"Gabon";"GAB";"Champoinnat D1";"27-06-2026 12:00";"FT";"Bouenguidi";"1";"0";"Cercle Mbéri";"0";"0";"";"";"52";"77";"27";"51";"";"";"";"0.5";"1.8";"";"";"";"";"5";"20";"60";"20";"0";"50";"50";"30";"50";"20";"17";"60";"50";"80";"50";"70";"100";"50";"1x1";"1x1";"";"0.8";"1.5";"1.5";"0.8";"2.3";"";"";"13";"5";"10";"10";"";"";"";"";"";"";"";"";"";"";"";"";"";"";"0"
"Georgia";"GEO";"Super Cup";"27-06-2026 12:00";"FT";"FC Iberia 1999";"1";"0";"Dinamo Tbilisi";"1";"0";"2.52";"2.64";"66";"60";"48";"78";"5";"56";"57";"1.7";"2";"60";"66";"7.4";"5.8";"10";"50";"40";"10";"50";"60";"20";"20";"30";"20";"57";"67";"70";"80";"80";"80";"50";"40";"1x0";"1x2";"19.3";"1.4";"2.3";"1.1";"1.3";"3";"54";"51";"";"";"10";"10";"10.4";"13.4";"7.7";"7.1";"8.4";"3";"3.6";"4.4";"5.8";"2.9";"1.6";"2.4";"1.6";"4.2";""
"Georgia";"GEO";"Super Cup";"27-06-2026 14:00";"FT";"Dila";"0";"1";"Torpedo Kutaisi";"0";"0";"2.37";"2.94";"60";"63";"44";"48";"5";"50";"51";"1";"1.3";"52";"53";"6.2";"7.4";"10";"50";"30";"20";"30";"30";"10";"40";"60";"30";"33";"43";"40";"70";"90";"60";"70";"70";"0x1";"1x1";"18.5";"1.3";"1.4";"1.3";"1.2";"2.6";"49";"55";"";"";"10";"10";"8.1";"10.4";"8.9";"9.6";"7.8";"4.1";"4.2";"3.5";"3.7";"2.4";"1.7";"1.9";"2.4";"4.2";""
"Grenada";"GRN";"Premier Division";"27-06-2026 19:00";"AWAITING_UPDATES";"Hurricanes";"";"";"St. David’s";"";"";"";"";"46";"49";"82";"41";"";"";"";"1.9";"1.5";"";"";"";"";"2";"50";"0";"50";"60";"40";"10";"30";"30";"30";"63";"50";"70";"70";"90";"70";"40";"60";"0x1";"0x0";"";"2.4";"1.2";"1.7";"1.6";"3.4";"";"";"6";"2";"10";"10";"";"";"";"";"";"";"";"";"";"";"";"";"";"";"0"
"Grenada";"GRN";"Premier Division";"27-06-2026 20:00";"AWAITING_UPDATES";"St. Andrew's FL";"";"";"Hard Rock";"";"";"";"";"52";"60";"34";"41";"";"";"";"0.5";"1.5";"";"";"";"";"";"";"";"";"0";"40";"50";"30";"50";"30";"17";"50";"50";"70";"50";"70";"100";"60";"1x1";"0x1";"";"1";"1.2";"1.5";"1.3";"2.5";"";"";"10";"7";"2";"10";"";"";"";"";"";"";"";"";"";"";"";"";"";"";"0"
"French Guiana";"GUF";"Régional 1";"27-06-2026 15:45";"CANCELLED";"Remire";"";"";"Matoury";"";"";"";"";"35";"77";"14";"54";"";"";"";"0.8";"1.7";"";"";"";"";"4";"75";"0";"25";"10";"40";"50";"50";"40";"10";"27";"57";"60";"90";"50";"50";"90";"60";"0x0";"1x1";"";"0.4";"1.6";"2";"0.8";"2.4";"";"";"13";"8";"10";"10";"";"";"";"";"";"";"";"";"";"";"";"";"";"";"0"
"French Guiana";"GUF";"Régional 1";"27-06-2026 15:45";"CANCELLED";"Sinnamary";"";"";"Olympique Cayenne";"";"";"";"";"56";"77";"51";"27";"";"";"";"1.1";"1.5";"";"";"";"";"6";"50";"17";"33";"20";"40";"50";"30";"30";"30";"37";"50";"70";"70";"50";"70";"80";"60";"0x0";"0x0";"";"1.5";"0.8";"1.4";"0.8";"2.2";"";"";"6";"12";"10";"10";"";"";"";"";"";"";"";"";"";"";"";"";"";"";"0"
"French Guiana";"GUF";"Régional 1";"27-06-2026 15:45";"CANCELLED";"CSC Cayenne";"";"";"Loyola";"";"";"";"";"42";"38";"10";"37";"";"";"";"0.4";"1";"";"";"";"";"7";"57";"29";"14";"0";"20";"40";"40";"60";"40";"13";"33";"40";"60";"60";"60";"100";"80";"0x0";"2x2";"";"0.3";"1.1";"1.8";"1.9";"2.6";"";"";"14";"10";"10";"10";"";"";"";"";"";"";"";"";"";"";"";"";"";"";"0"
"French Guiana";"GUF";"Régional 1";"27-06-2026 15:45";"CANCELLED";"Aigles d'Or de Mana";"";"";"Agouado";"";"";"";"";"49";"88";"44";"34";"";"";"";"0.7";"1.5";"";"";"";"";"";"";"";"";"10";"30";"40";"60";"50";"10";"23";"50";"50";"90";"60";"40";"90";"70";"0x0";"0x0";"";"1.3";"1";"1.6";"0.5";"2.2";"";"";"11";"5";"10";"10";"";"";"";"";"";"";"";"";"";"";"";"";"";"";"0"
"French Guiana";"GUF";"Régional 1";"27-06-2026 15:45";"CANCELLED";"Etoile Matoury";"";"";"Karib";"";"";"";"";"80";"77";"58";"61";"";"";"";"1.4";"2.1";"";"";"";"";"5";"60";"40";"0";"30";"60";"50";"30";"20";"10";"47";"70";"80";"90";"50";"70";"70";"40";"0x0";"0x0";"";"1.7";"1.8";"0.7";"0.8";"2.5";"";"";"1";"2";"10";"10";"";"";"";"";"";"";"";"";"";"";"";"";"";"";"0"
"French Guiana";"GUF";"Régional 1";"27-06-2026 15:45";"CANCELLED";"Le Geldar";"";"";"Armire";"";"";"";"";"77";"74";"54";"17";"";"";"";"2";"0.9";"";"";"";"";"";"";"";"";"50";"10";"50";"60";"0";"30";"67";"30";"100";"70";"50";"40";"50";"90";"0x0";"0x0";"";"1.6";"0.5";"0.8";"0.9";"1.9";"";"";"4";"9";"8";"10";"";"";"";"";"";"";"";"";"";"";"";"";"";"";"0"
"French Guiana";"GUF";"Régional 1";"27-06-2026 15:45";"CANCELLED";"Cosma";"";"";"Grand Santi";"";"";"";"";"66";"70";"54";"31";"";"";"";"1.7";"0.9";"";"";"";"";"";"";"";"";"40";"0";"50";"90";"10";"10";"57";"30";"90";"90";"50";"10";"60";"100";"0x0";"0x0";"";"1.6";"0.9";"1.1";"1";"2.3";"";"";"3";"7";"10";"10";"";"";"";"";"";"";"";"";"";"";"";"";"";"";"0"
"Republic of Ireland";"IRL";"U20 National League";"27-06-2026 08:00";"FT";"UCD U20";"3";"1";"Drogheda United U20";"2";"0";"";"";"46";"70";"100";"78";"";"53";"52";"1.8";"2.4";"50";"48";"3.7";"5.1";"2";"0";"50";"50";"50";"80";"30";"0";"20";"20";"60";"80";"80";"80";"70";"100";"50";"20";"1x0";"0x3";"22.2";"3.3";"2.3";"1.7";"1";"4.2";"55";"50";"5";"1";"10";"10";"12.2";"11.7";"11.8";"8.8";"10.9";"6.2";"3.7";"6.6";"5.3";"1.4";"1.3";"3";"1.2";"3.4";"3.6"
"Republic of Ireland";"IRL";"U20 National League";"27-06-2026 09:00";"FT";"Longford Town U20";"1";"0";"Klub Kildare U20";"0";"0";"";"";"2";"25";"37";"41";"";"35";"45";"0.4";"0.6";"40";"51";"9.8";"8.3";"2";"0";"100";"0";"10";"20";"10";"0";"80";"80";"13";"20";"20";"20";"90";"100";"90";"80";"0x2";"2x1";"27.2";"1.1";"1.2";"3.3";"2.3";"4";"42";"48";"1";"3";"10";"10";"10.8";"10";"19";"14.5";"15.7";"10.2";"9.5";"5.2";"6.5";"1.8";"2";"1.4";"2.5";"3.8";"3.6"
"Republic of Ireland";"IRL";"U20 National League";"27-06-2026 10:00";"FT";"Derry City U20";"1";"1";"Dundalk U20";"0";"0";"3.57";"1.68";"32";"49";"68";"85";"2";"53";"54";"1.1";"1.8";"41";"51";"5.2";"5.1";"10";"20";"70";"10";"30";"60";"20";"0";"50";"40";"37";"60";"50";"60";"80";"100";"70";"40";"0x1";"1x2";"20.5";"2";"2.5";"2.1";"1.6";"4.1";"48";"52";"6";"2";"10";"10";"10.3";"12.7";"9.3";"8.7";"10.4";"4.9";"4.9";"5.1";"5.9";"1.8";"2.2";"1.7";"1.7";"3.6";"3.6"
"Republic of Ireland";"IRL";"U20 National League";"27-06-2026 10:00";"FT";"Shelbourne U20";"2";"3";"Cork City U20";"0";"0";"";"";"60";"60";"100";"71";"";"54";"58";"2.5";"1.9";"51";"53";"3.1";"6.2";"2";"50";"50";"0";"80";"60";"10";"10";"10";"30";"83";"63";"90";"70";"90";"90";"20";"40";"2x1";"1x0";"22.2";"3.7";"2.1";"1.3";"1.3";"4.2";"52";"59";"3";"2";"10";"10";"11.5";"13";"9.8";"10";"10.7";"3.8";"4.8";"6.3";"6.5";"1.8";"3.5";"1.8";"1.8";"4.4";"3.6"
"Republic of Ireland";"IRL";"U20 National League";"27-06-2026 10:00";"AWAITING_UPDATES";"Finn Harps U20";"";"";"Mayo U20";"";"";"";"";"35";"2";"58";"17";"";"46";"32";"1.4";"0";"37";"37";"4.6";"18";"";"";"";"";"40";"0";"20";"0";"40";"100";"47";"0";"60";"0";"80";"100";"60";"100";"1x3";"1x0";"25.9";"1.7";"0.5";"2";"4.1";"4.2";"52";"42";"5";"8";"10";"10";"7.8";"9";"11";"24";"12.4";"4.8";"13";"3.7";"3.3";"2.3";"1";"2.3";"1.7";"3.7";"3.6"
"Republic of Ireland";"IRL";"U20 National League";"27-06-2026 10:00";"AWAITING_UPDATES";"Waterford U20";"";"";"Galway United U20";"";"";"";"";"60";"42";"48";"44";"";"";"51";"1.7";"1";"";"56";"";"";"2";"100";"0";"0";"50";"30";"20";"10";"30";"60";"57";"33";"70";"40";"80";"90";"50";"70";"2x0";"0x2";"";"1.4";"1.3";"1.3";"1.8";"2.9";"";"49";"2";"3";"10";"10";"";"12";"";"11.6";"";"";"4.2";"";"5.6";"";"2.8";"";"1.4";"";"3.6"
"Republic of Ireland";"IRL";"U20 National League";"27-06-2026 11:00";"AWAITING_UPDATES";"Shamrock Rovers U20";"";"";"St Patrick's U20";"";"";"";"";"66";"42";"100";"51";"";"62";"";"2.3";"1.5";"54";"";"";"";"2";"50";"50";"0";"70";"50";"20";"0";"10";"50";"77";"50";"90";"50";"80";"100";"30";"50";"6x1";"0x1";"";"3.8";"1.5";"1.1";"1.8";"4.1";"50";"";"7";"6";"10";"10";"10";"";"8.5";"";"";"5.5";"";"5";"";"2";"";"1";"";"";"3.6"
"Republic of Ireland";"IRL";"U20 National League";"27-06-2026 11:00";"AWAITING_UPDATES";"Bray Wanderers U20";"";"";"Bohemians U20";"";"";"";"";"32";"70";"78";"71";"";"54";"53";"1.6";"2.1";"53";"43";"5.7";"4";"2";"50";"50";"0";"50";"70";"10";"0";"40";"30";"53";"70";"60";"70";"90";"100";"50";"30";"3x1";"1x3";"17.9";"2.3";"2.1";"2.1";"1";"3.8";"52";"56";"8";"4";"10";"10";"13";"8.4";"8.3";"6.1";"10.2";"5";"2.2";"8.3";"5";"1.3";"1.5";"1.7";"2.4";"3.4";"3.6"
"Republic of Ireland";"IRL";"U20 National League";"27-06-2026 12:00";"AWAITING_UPDATES";"Wexford U20";"";"";"Treaty United U20";"";"";"";"";"10";"42";"37";"54";"";"";"46";"1";"1.1";"";"42";"";"";"4";"25";"50";"25";"30";"30";"10";"20";"60";"50";"33";"37";"40";"50";"90";"80";"70";"70";"0x2";"3x0";"";"1.1";"1.6";"2.7";"1.8";"3.6";"";"46";"4";"7";"10";"10";"";"13.2";"";"13";"";"";"6.5";"";"7.8";"";"1.8";"";"1.8";"";"3.6"
"Republic of Ireland";"IRL";"U20 National League";"27-06-2026 13:00";"AWAITING_UPDATES";"CK United U20";"";"";"Kerry FC U20";"";"";"";"";"56";"38";"41";"51";"";"";"47";"1.4";"1.1";"";"41";"";"";"8";"12";"88";"0";"40";"30";"20";"20";"40";"50";"47";"37";"60";"50";"80";"80";"60";"70";"0x0";"3x0";"";"1.2";"1.5";"1.4";"1.9";"3";"";"44";"1";"5";"10";"10";"";"11.5";"";"15";"";"";"9";"";"4.5";"";"1.5";"";"2.5";"";"3.6"
"Iran";"IRN";"Azadegan League";"27-06-2026 11:15";"FT";"Shahrdari Noshahr";"1";"1";"Mes Kerman";"0";"1";"2.39";"3.55";"74";"88";"7";"27";"5";"49";"53";"0.6";"1.4";"33";"44";"31";"10.9";"3";"0";"33";"67";"0";"30";"60";"50";"40";"20";"20";"47";"60";"80";"40";"50";"100";"70";"0x0";"0x0";"12.6";"0.2";"0.8";"0.9";"0.5";"1.2";"50";"50";"16";"7";"10";"10";"6.2";"8.7";"7";"3.3";"5.6";"2.8";"1.6";"2.6";"4.1";"1.6";"2.4";"3.8";"2.4";"5.2";"4.6"
"Iran";"IRN";"Azadegan League";"27-06-2026 12:00";"FT";"Havadar";"4";"1";"Damash Gilanian";"3";"1";"1.20";"18.00";"100";"42";"17";"17";"3";"59";"33";"1.6";"0.8";"40";"27";"9";"12";"";"";"";"";"30";"20";"70";"20";"0";"60";"53";"27";"100";"40";"30";"80";"70";"80";"0x0";"1x0";"14.2";"0.5";"0.5";"0.1";"1.8";"1.4";"51";"40";"6";"18";"10";"10";"4.5";"6";"6.2";"11.5";"5.9";"1";"6.2";"2";"2.5";"2.8";"1.8";"2";"2";"4.3";"4.6"
"Iran";"IRN";"Azadegan League";"27-06-2026 13:00";"FT";"Mes Shahr-e Babak";"1";"0";"Niroye Zamini";"0";"0";"1.58";"6.28";"100";"77";"44";"24";"1";"57";"48";"2";"1";"49";"41";"6.2";"4.3";"3";"33";"0";"67";"60";"20";"20";"40";"20";"40";"67";"33";"80";"60";"80";"60";"40";"80";"1x0";"0x0";"12";"1.3";"0.7";"0.2";"0.8";"1.5";"51";"47";"2";"14";"10";"10";"8.1";"3";"5.9";"7";"5.2";"2.6";"4";"3.4";"0.5";"1.2";"1.5";"1.5";"2";"3.2";"4.6"
"Iran";"IRN";"Azadegan League";"27-06-2026 13:00";"FT";"Naft Gachsaran";"0";"3";"Nassaji Mazandaran";"0";"2";"4.63";"1.77";"63";"100";"31";"51";"2";"45";"64";"1.3";"2.4";"36";"62";"2.2";"7.8";"3";"0";"100";"0";"30";"70";"40";"30";"30";"0";"43";"80";"70";"100";"60";"70";"70";"30";"0x0";"0x2";"12.4";"0.9";"1.5";"1.2";"0.3";"2";"50";"58";"12";"1";"10";"10";"2";"11.7";"7";"4.2";"4.9";"2.5";"1.3";"0.5";"5.5";"2";"2";"1.5";"2.3";"3.9";"4.6"
"Iran";"IRN";"Azadegan League";"27-06-2026 13:00";"FT";"Naft Bandar Abbas";"0";"0";"Sanat Naft";"0";"0";"2.57";"2.80";"88";"77";"20";"27";"5";"48";"51";"1.3";"1.5";"34";"33";"5.8";"7.2";"3";"0";"67";"33";"30";"40";"40";"30";"30";"30";"43";"50";"70";"70";"60";"70";"70";"60";"0x0";"0x0";"9.9";"0.6";"0.8";"0.5";"0.8";"1.4";"42";"48";"9";"3";"10";"10";"3.5";"5.8";"5.5";"5";"3";"2";"2.2";"0.5";"1.2";"0.5";"1.5";"1.5";"1.5";"2.5";"4.6"
"Iran";"IRN";"Azadegan League";"27-06-2026 13:00";"FT";"Pars Jonoubi Jam";"2";"0";"Navad Urmia";"0";"0";"1.21";"14.00";"88";"42";"27";"7";"3";"44";"24";"1.4";"0.5";"903";"18";"6.2";"6.5";"3";"33";"33";"33";"30";"10";"50";"20";"20";"70";"47";"17";"80";"30";"50";"80";"70";"90";"0x0";"2x0";"12.8";"0.8";"0.2";"0.5";"1.8";"1.6";"49";"44";"5";"17";"10";"10";"5";"1.3";"8.2";"11";"5.2";"3.6";"3.3";"3";"0.3";"3.6";"2.3";"2";"0.7";"4.3";"4.6"
"Iran";"IRN";"Azadegan League";"27-06-2026 13:15";"FT";"Ario Eslamshahr";"2";"0";"Be'sat Kermanshah";"2";"0";"2.08";"4.51";"100";"80";"10";"27";"";"57";"";"1.1";"1.2";"34";"";"";"";"3";"33";"0";"67";"20";"30";"50";"30";"30";"40";"37";"40";"70";"60";"50";"70";"80";"70";"0x0";"0x0";"";"0.3";"0.8";"0.4";"0.7";"1.1";"54";"";"11";"10";"10";"10";"5.2";"";"2.8";"";"";"1";"";"2.2";"";"2.8";"";"1.8";"";"";"4.6"
"Iran";"IRN";"Azadegan League";"27-06-2026 13:15";"FT";"Fard Alborz";"2";"1";"Saipa";"1";"1";"2.56";"3.23";"84";"80";"37";"27";"5";"46";"45";"1.4";"1.6";"636";"33";"4.7";"6.2";"";"";"";"";"40";"40";"20";"40";"40";"20";"47";"53";"60";"80";"80";"60";"60";"60";"1x0";"0x0";"11.2";"1.1";"0.8";"0.6";"0.7";"1.6";"50";"52";"8";"4";"10";"10";"5.2";"5";"5.2";"6.8";"4.9";"2.5";"3.8";"2.5";"1";"1.2";"1.8";"2.5";"1.8";"3.6";"4.6"
"Iran";"IRN";"Azadegan League";"27-06-2026 13:45";"FT";"Kara Gostar";"1";"1";"Shenavarsazi Qeshm";"0";"0";"2.16";"3.53";"70";"66";"34";"27";"5";"";"";"1";"1.1";"";"";"";"";"";"";"";"";"0";"30";"100";"20";"0";"50";"33";"37";"100";"50";"0";"80";"100";"70";"1x1";"0x0";"";"1";"0.8";"1";"1.1";"2";"";"";"15";"13";"2";"10";"";"";"";"";"";"";"";"";"";"";"";"";"";"";"4.6"
"Iceland";"ISL";"Inkasso-Deildin";"27-06-2026 11:00";"FT";"Thróttur Reykjavík";"1";"1";"Vestri";"0";"1";"1.46";"5.06";"60";"35";"78";"68";"1";"59";"49";"1.9";"1.8";"60";"44";"6";"5";"8";"25";"75";"0";"60";"60";"10";"0";"30";"40";"63";"60";"70";"60";"90";"100";"40";"40";"3x1";"0x1";"22.6";"2.3";"2";"1.3";"2";"3.8";"54";"52";"1";"4";"10";"10";"13.8";"10.1";"8.7";"12.6";"10.8";"3.2";"6";"6.5";"5.9";"1.6";"1.9";"3.3";"1.6";"4.2";"3.9"
"Iceland";"ISL";"Inkasso-Deildin";"27-06-2026 12:00";"FT";"Völsungur";"2";"2";"Grótta";"1";"0";"3.09";"1.86";"28";"38";"37";"71";"2";"40";"47";"0.6";"1.6";"37";"54";"7.5";"5.9";"10";"30";"50";"20";"10";"50";"30";"10";"60";"40";"20";"53";"40";"60";"70";"90";"90";"50";"0x1";"2x1";"23.6";"1.1";"2.1";"2.2";"1.9";"3.6";"46";"48";"12";"8";"10";"10";"8.3";"12.4";"12.6";"13.9";"11.8";"6.8";"6.8";"3.7";"6.4";"2";"1.8";"1.7";"1.7";"3.6";"3.9"
"Iceland";"ISL";"2. Deild";"27-06-2026 11:00";"FT";"Kormákur / Hvöt";"4";"0";"Hvíti riddarinn";"2";"0";"1.55";"4.11";"25";"49";"71";"54";"1";"48";"47";"1.2";"1.2";"41";"49";"4.4";"6.1";"9";"44";"44";"11";"30";"20";"30";"60";"40";"20";"40";"40";"60";"80";"70";"40";"70";"80";"2x2";"1x1";"21.2";"2.1";"1.6";"2.3";"1.6";"3.8";"49";"51";"6";"8";"10";"10";"9.3";"9.8";"12.4";"10.8";"10.6";"7.2";"4.8";"5.6";"3.6";"2.8";"3.1";"1.8";"3";"5.4";"5.1"
"Iceland";"ISL";"2. Deild";"27-06-2026 11:00";"FT";"Dalvík / Reynir";"1";"0";"KFA";"0";"0";"1.70";"3.56";"56";"25";"61";"99";"1";"45";"56";"1.6";"1.3";"41";"51";"5.6";"3.6";"7";"29";"29";"43";"50";"40";"10";"10";"40";"50";"53";"43";"60";"50";"90";"90";"50";"60";"1x2";"3x2";"20.4";"1.8";"2.9";"1.4";"2.3";"4.2";"48";"49";"3";"10";"10";"10";"10.1";"10.4";"12.3";"7.9";"10";"5";"3.9";"4.9";"6.3";"2.4";"2.5";"4";"2.8";"5.8";"5.1"
"Iceland";"ISL";"2. Deild";"27-06-2026 11:00";"FT";"Víkingur Ólafsvík";"1";"0";"KFG";"0";"0";"1.40";"5.00";"35";"0";"51";"58";"1";"50";"44";"1.2";"1.5";"45";"42";"6.3";"5.5";"8";"75";"0";"25";"30";"50";"30";"0";"40";"50";"40";"50";"60";"50";"70";"100";"70";"50";"2x1";"2x3";"21.4";"1.5";"1.7";"2";"3";"4.1";"48";"46";"9";"7";"10";"10";"9.5";"9.4";"11.9";"11.9";"10";"5.2";"6.7";"4";"4.1";"1.8";"3";"1.8";"2.5";"4.5";"5.1"
"Iceland";"ISL";"2. Deild";"27-06-2026 13:00";"FT";"Kári";"1";"1";"Magni";"0";"0";"1.41";"4.96";"46";"0";"100";"41";"1";"51";"45";"1.9";"0.8";"49";"43";"3.9";"6.1";"6";"33";"33";"33";"50";"20";"40";"20";"10";"60";"63";"27";"90";"40";"60";"80";"50";"80";"2x2";"1x1";"21.4";"3.1";"1.2";"1.7";"3";"4.5";"47";"48";"3";"12";"10";"10";"12.1";"7.3";"11.9";"11.3";"10.5";"5.3";"6.3";"5.9";"3.6";"1.9";"3";"1.2";"2.1";"4.1";"5.1"
"Iceland";"ISL";"3. Deild";"27-06-2026 11:00";"FT";"Höttur";"1";"1";"KA Asvellir";"0";"0";"";"";"56";"28";"44";"48";"";"54";"52";"1.1";"1";"45";"51";"9.2";"10.2";"";"";"";"";"20";"30";"50";"10";"30";"60";"37";"33";"70";"40";"50";"90";"80";"70";"1x1";"0x0";"25.3";"1.3";"1.4";"1.4";"2.2";"3.2";"52";"52";"9";"10";"10";"10";"12";"14.3";"12.3";"12";"12";"7.7";"5.6";"4.7";"6";"2.3";"2.3";"2";"2.3";"4.4";"4.3"
"Iceland";"ISL";"3. Deild";"27-06-2026 13:00";"FT";"KF";"2";"2";"Árbær";"1";"0";"1.52";"4.40";"52";"18";"51";"54";"1";"46";"43";"1.3";"1";"42";"48";"7.3";"6.3";"2";"0";"100";"0";"30";"30";"40";"10";"30";"60";"43";"33";"70";"40";"60";"90";"70";"70";"0x0";"3x1";"24.1";"1.5";"1.6";"1.5";"2.5";"3.6";"46";"43";"6";"12";"10";"10";"11";"10.1";"11.2";"15.9";"10.4";"5.5";"6.3";"6";"3.1";"3";"2.9";"1.8";"1.9";"4.8";"4.3"
"Iceland";"ISL";"U19 League";"27-06-2026 11:00";"FT";"FH / ÍH U19";"0";"3";"KA / D / KF / Hamrar U19";"0";"3";"";"";"";"";"";"";"";"44";"";"2.2";"";"62";"";"";"";"";"";"";"";"70";"";"10";"";"20";"";"73";"";"80";"";"90";"";"30";"";"";"";"";"3.8";"";"1.8";"";"";"46";"";"1";"";"10";"";"18.5";"";"22.5";"";"";"16.5";"";"11";"";"2";"";"2";"";"";""
"Iceland";"ISL";"U19 League B";"27-06-2026 11:00";"AWAITING_UPDATES";"Víkingur / BF108 U19";"";"";"Stjarnan / KFG U19";"";"";"";"";"60";"14";"100";"85";"";"";"40";"2.4";"1.4";"";"44";"";"";"";"";"";"";"70";"40";"30";"20";"0";"40";"80";"47";"100";"60";"70";"80";"30";"60";"1x1";"0x0";"";"4.4";"2.5";"1.3";"2.6";"5.4";"";"51";"1";"2";"10";"10";"";"11";"";"15";"";"";"6.5";"";"5";"";"1";"";"1.5";"";"6"
"Iceland";"ISL";"U19 League B";"27-06-2026 16:00";"AWAITING_UPDATES";"Haukar / KÁ U19";"";"";"KA/D/KF/Hö/H U19 II";"";"";"";"";"2";"2";"68";"48";"";"";"";"0.4";"0.9";"";"";"";"";"2";"50";"50";"0";"10";"30";"10";"0";"80";"70";"13";"30";"20";"30";"90";"100";"90";"70";"1x4";"2x3";"";"2";"1.4";"4.7";"3.6";"5.8";"";"";"1";"2";"10";"10";"";"";"";"";"";"";"";"";"";"";"";"";"";"";"6"
"Iceland";"ISL";"U19 League C";"27-06-2026 11:00";"AWAITING_UPDATES";"Valur / KH / Fálkar U19";"";"";"Aftur / Hvíti / Ál U19";"";"";"";"";"2";"2";"75";"48";"";"";"";"0.9";"0.8";"";"";"";"";"";"";"";"";"30";"20";"0";"20";"70";"60";"30";"27";"30";"40";"100";"80";"70";"80";"4x3";"0x3";"";"2.2";"1.4";"3.4";"4.2";"5.6";"";"";"10";"7";"10";"10";"";"";"";"";"";"";"";"";"";"";"";"";"";"";"0"
"Japan";"JPN";"Nadeshiko League 1";"27-06-2026 01:00";"FT";"Iga Kunoichi W";"0";"0";"Viamaterras Miyazaki W";"0";"0";"2.25";"2.68";"80";"66";"48";"65";"5";"62";"57";"2.2";"1.8";"52";"62";"10.9";"7.7";"5";"40";"40";"20";"70";"50";"10";"30";"20";"20";"73";"60";"80";"80";"90";"70";"30";"50";"1x0";"1x1";"24.1";"1.4";"1.9";"0.7";"1.1";"2.6";"53";"59";"5";"3";"10";"10";"15.2";"14.6";"7";"11.4";"10.2";"2.8";"4.7";"6";"6.9";"0.4";"0.3";"0.2";"0.1";"0.6";"0.5"
"Japan";"JPN";"Nadeshiko League 1";"27-06-2026 04:00";"FT";"Nittaidai W";"0";"1";"Kamogawa W";"0";"0";"5.53";"1.51";"4";"80";"34";"41";"2";"37";"44";"0.6";"1.8";"39";"38";"8";"7.7";"10";"30";"30";"40";"20";"50";"0";"30";"80";"20";"20";"60";"20";"80";"100";"70";"80";"50";"0x1";"0x1";"23.9";"1";"1.2";"2.9";"0.7";"2.9";"45";"45";"11";"5";"10";"10";"8";"9.2";"19.6";"11";"11.4";"9.6";"5.8";"3.2";"4.1";"0";"0.1";"0.1";"0.2";"0.2";"0.5"
"Japan";"JPN";"Nadeshiko League 1";"27-06-2026 04:00";"DELAYED";"Setagaya Sfida W";"0";"0";"Yokohama W";"0";"0";"2.14";"2.90";"56";"38";"44";"54";"5";"49";"51";"1.2";"0.9";"44";"48";"7.4";"8.4";"10";"30";"30";"40";"30";"20";"30";"30";"40";"50";"40";"30";"60";"50";"70";"70";"70";"80";"0x0";"2x1";"23.6";"1.3";"1.6";"1.4";"1.9";"3.1";"50";"51";"8";"10";"10";"10";"9.6";"13.4";"11.9";"12.5";"10.9";"5.8";"5.2";"4.6";"6.3";"0.4";"0.3";"0.4";"0.4";"0.8";"0.5"
"Japan";"JPN";"Nadeshiko League 2";"27-06-2026 00:00";"DELAYED";"Nankatsu W";"0";"0";"Diosa Izumo W";"0";"0";"4.89";"1.60";"32";"74";"44";"41";"2";"38";"55";"1.4";"1.5";"36";"46";"6.9";"8.2";"3";"0";"100";"0";"40";"40";"20";"30";"40";"30";"47";"50";"60";"70";"80";"70";"60";"60";"0x4";"0x0";"21.6";"1.3";"1.2";"2.1";"0.9";"2.8";"48";"54";"7";"6";"10";"10";"9";"9.8";"15.1";"9.2";"10";"8.1";"3";"5";"4";"0.1";"0";"0.4";"0.2";"0.4";"0.6"
"Japan";"JPN";"Nadeshiko League 2";"27-06-2026 01:00";"FT";"Speranza W";"1";"0";"Yamato Sylphid W";"1";"0";"1.40";"6.79";"84";"49";"31";"20";"1";"54";"50";"1.5";"0.6";"45";"43";"13";"20.2";"5";"40";"20";"40";"40";"10";"30";"30";"30";"60";"50";"20";"70";"40";"70";"70";"60";"90";"0x0";"1x0";"20.6";"0.9";"0.6";"0.6";"1.6";"1.8";"53";"49";"4";"12";"10";"10";"11.7";"12.1";"6.7";"10.8";"9.5";"2.1";"5.1";"5.9";"5.9";"0.5";"0.1";"0.5";"0.2";"0.7";"0.6"
"Japan";"JPN";"Nadeshiko League 2";"27-06-2026 23:00";"FT";"JFA Academy W";"2";"0";"Veertien Mie W";"2";"0";"3.07";"2.23";"42";"66";"37";"34";"5";"45";"43";"0.7";"1.4";"34";"34";"9.3";"7.2";"9";"44";"11";"44";"20";"30";"10";"50";"70";"20";"23";"47";"30";"80";"90";"50";"80";"70";"0x1";"0x0";"20.8";"1.1";"1";"1.8";"1.1";"2.5";"50";"47";"11";"9";"10";"10";"10.2";"7.2";"14.2";"10";"7.7";"6.2";"3.6";"2.8";"2.9";"0";"0.3";"0.2";"0";"0.2";"0.6"
"Japan";"JPN";"Regional Leagues: Kyushu";"27-06-2026 00:15";"FT";"Atletico Celeste";"2";"3";"Nobeoka";"0";"0";"";"";"14";"63";"20";"99";"";"41";"58";"0.9";"2.4";"38";"52";"10";"5.9";"";"";"";"";"22";"80";"22";"0";"56";"20";"30";"80";"44";"80";"78";"100";"78";"20";"0x4";"1x4";"24.4";"0.6";"2.9";"2.6";"1.2";"3.6";"47";"57";"8";"3";"9";"10";"6";"17";"16.8";"9";"8.6";"7";"3";"1.8";"5.5";"0";"0.5";"0.5";"3";"2";"2"
"Japan";"JPN";"Regional Leagues: Kyushu";"27-06-2026 01:15";"FT";"Miyakonojo";"1";"7";"Veroskronos Tsuno";"0";"4";"";"";"32";"100";"48";"95";"";"43";"55";"1.1";"2.7";"40";"45";"5.6";"4.1";"";"";"";"";"33";"90";"11";"0";"56";"10";"37";"90";"44";"90";"89";"100";"67";"10";"0x1";"0x4";"22.9";"1.4";"2.8";"2.1";"0.2";"3.3";"51";"55";"5";"1";"9";"10";"7.8";"11.4";"17.4";"9.2";"7.6";"7";"1.6";"3.2";"3.4";"0.8";"1.2";"1";"1.2";"2.1";"2"
"Japan";"JPN";"Regional Leagues: Kyushu";"27-06-2026 03:30";"FT";"NIFS Kanoya FC";"0";"1";"KMG Holdings";"0";"1";"";"";"63";"84";"31";"88";"";"48";"62";"0.9";"2.4";"45";"53";"12.2";"5.6";"9";"22";"78";"0";"20";"80";"30";"0";"50";"20";"30";"80";"50";"80";"70";"100";"80";"20";"0x1";"0x4";"21.3";"0.9";"2.6";"1.2";"0.6";"2.7";"53";"56";"9";"2";"10";"10";"11";"14.6";"10.7";"6.2";"7.4";"2.8";"2";"4";"5.9";"0.8";"0.9";"0.3";"1.4";"1.7";"2"
"Japan";"JPN";"Regional Leagues: Kyushu";"27-06-2026 22:00";"FT";"NIFS Kanoya FC";"2";"1";"Miyakonojo";"1";"1";"";"";"63";"14";"20";"48";"";"46";"39";"0.6";"1";"42";"36";"16.3";"4.9";"";"";"";"";"10";"30";"30";"10";"60";"60";"20";"33";"40";"40";"70";"90";"90";"70";"0x1";"0x1";"23.5";"0.6";"1.4";"1.2";"2.6";"2.9";"52";"48";"9";"5";"10";"10";"9.8";"6.8";"11.2";"19.2";"8.8";"3.5";"8.3";"3";"2.8";"0.7";"1.3";"0.8";"1";"1.9";"2"
"Japan";"JPN";"Regional Leagues: Kyushu";"27-06-2026 23:00";"FT";"Heavy Industries";"0";"1";"Brew Saga";"0";"0";"";"";"52";"42";"37";"37";"";"57";"55";"1.5";"0.9";"57";"57";"9.3";"15.6";"3";"33";"0";"67";"40";"20";"30";"30";"30";"50";"50";"30";"70";"50";"70";"70";"60";"80";"1x1";"0x0";"23.5";"1.1";"1.1";"1.5";"1.8";"2.8";"52";"51";"4";"7";"10";"10";"10.2";"17.2";"8.6";"11";"8.2";"3.4";"3.5";"3.8";"5.8";"2.2";"1.2";"0.4";"0.8";"2.3";"2"
"Japan";"JPN";"Regional Leagues: Chugoku";"27-06-2026 23:00";"FT";"Mizushima";"0";"3";"Fukuyama City";"0";"2";"";"";"63";"80";"88";"100";"";"";"";"2";"2.8";"";"";"3.8";"4.8";"10";"0";"70";"30";"60";"90";"20";"10";"20";"0";"67";"93";"80";"100";"80";"90";"40";"10";"3x1";"0x3";"22";"2.6";"3.7";"1.2";"0.7";"4.1";"48";"66";"1";"2";"10";"10";"9.8";"17.7";"11";"5.7";"10";"4.3";"3";"4.3";"8.3";"1.5";"1";"0.7";"1.3";"2.2";""
"Japan";"JPN";"Regional Leagues: Kanto";"27-06-2026 02:00";"POSTPONED";"Shibuya City";"";"";"Nihon University";"";"";"";"";"74";"60";"54";"31";"";"";"";"1.3";"1.1";"";"";"";"";"";"";"";"";"29";"30";"43";"20";"29";"50";"43";"37";"71";"50";"57";"80";"71";"70";"0x0";"2x0";"";"1.6";"0.9";"0.9";"1.3";"2.3";"";"";"5";"9";"7";"10";"";"";"";"";"";"";"";"";"";"";"";"";"";"";"0"
"Japan";"JPN";"Regional Leagues: Kanto";"27-06-2026 05:30";"POSTPONED";"Toho Titanium";"";"";"Tokyo United";"";"";"";"";"88";"80";"75";"44";"";"";"";"2.6";"2";"";"";"";"";"8";"0";"50";"50";"80";"60";"20";"20";"0";"20";"87";"67";"100";"80";"80";"80";"20";"40";"2x1";"0x1";"";"2.2";"1.3";"0.5";"0.7";"2.4";"";"";"1";"2";"10";"10";"";"";"";"";"";"";"";"";"";"";"";"";"";"";"0"
"Japan";"JPN";"Regional Leagues: Kanto";"27-06-2026 06:00";"POSTPONED";"Aries Toshima";"";"";"Toin Yokohama UFC";"";"";"";"";"38";"42";"27";"51";"";"";"";"1";"1.2";"";"";"";"";"2";"0";"50";"50";"30";"30";"10";"30";"60";"40";"33";"40";"40";"60";"90";"70";"70";"70";"0x2";"2x3";"";"0.8";"1.5";"1.9";"1.8";"3";"";"";"4";"7";"10";"10";"";"";"";"";"";"";"";"";"";"";"";"";"";"";"0"
"Japan";"JPN";"Regional Leagues: Kansai";"27-06-2026 03:00";"FT";"Ococias Kyoto";"1";"1";"Asuka FC";"1";"1";"";"";"56";"46";"41";"44";"";"";"45";"1.2";"1";"";"38";"11.2";"8.7";"5";"20";"80";"0";"30";"20";"30";"40";"40";"40";"40";"33";"60";"60";"70";"60";"70";"80";"0x0";"1x1";"22.2";"1.2";"1.3";"1.4";"1.7";"2.8";"44";"49";"4";"6";"10";"10";"13.5";"11.3";"8.5";"11";"8.8";"2";"5.4";"6";"4.1";"1.5";"1.7";"3.5";"1.4";"4";""
"Japan";"JPN";"Regional Leagues: Kansai";"27-06-2026 06:00";"FT";"Laranja Kyoto";"0";"5";"Cento Cuore Harima";"0";"2";"";"";"2";"80";"27";"48";"";"";"";"0.5";"1.7";"";"";"8.8";"10";"5";"20";"40";"40";"10";"40";"20";"50";"70";"10";"17";"57";"30";"90";"80";"50";"90";"60";"0x5";"0x0";"22";"0.8";"1.4";"3.3";"0.7";"3.1";"44";"56";"7";"1";"10";"10";"7";"14";"14";"9";"9.3";"6.8";"3";"2";"6.8";"2";"0.8";"0.8";"2.5";"3";""
"Japan";"JPN";"Regional Leagues: Tokai";"27-06-2026 22:30";"AWAITING_UPDATES";"Sapporo FC";"";"";"ASC Hokkaido";"";"";"";"";"25";"42";"14";"61";"";"";"";"0.4";"1.6";"";"";"";"";"2";"50";"50";"0";"10";"50";"10";"10";"80";"40";"13";"53";"20";"60";"90";"90";"90";"50";"0x2";"0x1";"";"0.4";"1.8";"2.3";"1.8";"3.2";"";"";"6";"2";"10";"10";"";"";"";"";"";"";"";"";"";"";"";"";"";"";"3.2"
"Japan";"JPN";"Regional Leagues: Tokai";"27-06-2026 23:00";"AWAITING_UPDATES";"Hokkaido University";"";"";"Norbritz Hokkaido";"";"";"";"";"63";"56";"95";"48";"";"";"";"2.4";"1.4";"";"";"";"";"2";"100";"0";"0";"80";"40";"0";"20";"20";"40";"80";"47";"80";"60";"100";"80";"20";"60";"3x1";"1x3";"";"2.8";"1.4";"1.2";"1.4";"3.4";"";"";"3";"4";"10";"10";"";"";"";"";"";"";"";"";"";"";"";"";"";"";"3.2"
"Kazakhstan";"KAZ";"Premier League";"27-06-2026 09:00";"FT";"Okzhetpes";"1";"3";"Kairat";"1";"1";"4.01";"1.75";"66";"70";"44";"54";"2";"54";"60";"1.6";"1.8";"46";"49";"8.2";"8.8";"10";"20";"70";"10";"40";"50";"40";"30";"20";"20";"53";"60";"80";"80";"60";"70";"60";"50";"1x0";"1x1";"21";"1.3";"1.6";"1.1";"1";"2.5";"52";"58";"3";"2";"10";"10";"10.7";"14";"8.9";"8.5";"9.7";"4.1";"4.4";"5";"5.9";"1.8";"2.8";"2.6";"3.1";"5.2";"4.6"
"Kazakhstan";"KAZ";"Premier League";"27-06-2026 10:00";"FT";"Zhetysu";"1";"0";"Aktobe";"1";"0";"3.31";"2.10";"52";"80";"51";"48";"5";"44";"55";"1";"1.9";"35";"47";"7";"10.3";"10";"30";"60";"10";"20";"50";"40";"40";"40";"10";"33";"63";"60";"90";"60";"60";"80";"50";"2x0";"0x2";"23.8";"1.5";"1.4";"1.5";"0.7";"2.6";"50";"53";"10";"5";"10";"10";"10.5";"14.4";"10.8";"12";"11.2";"4.4";"5.7";"4.8";"7.5";"2.8";"3.4";"2.4";"2.4";"5.5";"4.6"
"Kazakhstan";"KAZ";"Premier League";"27-06-2026 11:00";"FT";"Yelimay Semey";"2";"0";"Kyzyl-Zhar";"0";"0";"1.65";"4.41";"42";"38";"48";"31";"1";"54";"44";"0.9";"0.7";"53";"38";"11.5";"9.1";"6";"50";"0";"50";"20";"20";"30";"10";"50";"70";"30";"23";"50";"30";"70";"90";"80";"80";"2x2";"2x0";"24.2";"1.4";"0.9";"1.8";"1.9";"3";"52";"46";"7";"11";"10";"10";"16.1";"8.2";"11";"13";"11.4";"5.7";"6.5";"6.6";"4";"2.6";"3.4";"2.5";"2.1";"5.3";"4.6"
"Kazakhstan";"KAZ";"Premier League";"27-06-2026 12:00";"FT";"Kaspiy";"2";"0";"Atyrau";"2";"0";"2.94";"2.36";"52";"74";"20";"24";"5";"31";"41";"0.7";"1.1";"25";"32";"9.5";"9";"6";"33";"50";"17";"20";"20";"10";"50";"70";"30";"23";"37";"30";"70";"90";"50";"80";"80";"0x1";"1x1";"20.4";"0.6";"0.7";"1.5";"0.9";"1.8";"43";"41";"16";"8";"10";"10";"7.7";"6.3";"15.3";"11.5";"6.6";"4";"4.4";"2.1";"2.8";"3";"2.1";"2";"2.2";"4.6";"4.6"
"South Korea";"KOR";"K3 League";"27-06-2026 04:00";"FT";"Changwon City";"2";"2";"Yeoju Sejong";"1";"0";"2.00";"3.63";"80";"56";"34";"41";"5";"52";"48";"1.6";"1.2";"45";"44";"10";"7.2";"5";"60";"20";"20";"40";"30";"40";"30";"20";"40";"53";"40";"80";"60";"60";"70";"60";"70";"1x1";"0x1";"19.3";"1";"1.2";"0.7";"1.4";"2.2";"49";"51";"5";"6";"10";"10";"10";"8.6";"8.8";"11.2";"8.2";"4.1";"4.8";"4";"3.6";"2";"2.5";"1.6";"2.3";"4.2";"3.9"
"South Korea";"KOR";"K3 League";"27-06-2026 04:00";"FT";"Siheung Citizen";"1";"1";"Jeonbuk Motors II";"0";"0";"1.26";"8.20";"80";"25";"48";"27";"3";"54";"42";"2.4";"0.6";"49";"33";"6.5";"4.4";"3";"100";"0";"0";"70";"10";"30";"30";"0";"60";"80";"20";"100";"40";"70";"70";"30";"90";"1x0";"1x1";"15";"1.4";"0.8";"0.7";"2.3";"2.6";"58";"47";"1";"14";"10";"10";"9.1";"3.5";"9.8";"7.5";"6.4";"3.2";"4.2";"3.5";"1.8";"2.3";"1.5";"1.7";"1.6";"3.6";"3.9"
"South Korea";"KOR";"K3 League";"27-06-2026 07:00";"FT";"Ulsan Citize";"4";"1";"Mokpo City";"1";"0";"2.18";"3.19";"63";"60";"14";"24";"5";"48";"43";"0.4";"0.9";"37";"36";"12.5";"7.9";"10";"30";"50";"20";"0";"10";"40";"60";"60";"30";"13";"30";"40";"70";"60";"40";"100";"90";"0x1";"1x1";"14.7";"0.4";"0.7";"1.2";"1.3";"1.8";"50";"46";"11";"12";"10";"10";"5";"5.5";"9.6";"9.3";"6.2";"3.5";"4.5";"2";"2.5";"1.9";"1.5";"1.8";"1.9";"3.6";"3.9"
"South Korea";"KOR";"K3 League";"27-06-2026 07:00";"FT";"Chuncheon";"3";"3";"Yangpyeong";"1";"0";"2.35";"2.80";"56";"49";"61";"10";"5";"53";"52";"1.2";"0.5";"46";"48";"5.9";"37";"10";"30";"60";"10";"30";"10";"30";"20";"40";"70";"40";"17";"60";"30";"70";"80";"70";"90";"0x1";"1x0";"19.6";"1.8";"0.3";"1.4";"1.6";"2.6";"47";"49";"10";"13";"10";"10";"10.7";"11.1";"8";"9.5";"8.2";"3.8";"4.5";"4.3";"3.8";"1.8";"3";"2";"2.6";"4.7";"3.9"
"South Korea";"KOR";"K4 League";"27-06-2026 04:00";"FT";"Jinju Citizen";"1";"0";"Seosan Pioneer";"0";"0";"1.19";"10.28";"70";"18";"82";"34";"3";"60";"46";"2.5";"0.6";"48";"38";"3.6";"9";"";"";"";"";"80";"20";"10";"0";"10";"80";"83";"20";"90";"20";"90";"100";"20";"80";"1x0";"2x0";"16.5";"2.4";"1";"1";"2.5";"3.4";"53";"45";"1";"12";"10";"10";"8.6";"9";"3.7";"11.6";"8";"2.1";"4.8";"5.4";"3.8";"1.6";"1.7";"2.3";"1.8";"3.7";"3.7"
"South Korea";"KOR";"K4 League";"27-06-2026 06:00";"FT";"Haman";"1";"3";"Geumsan Insam";"1";"0";"5.01";"1.54";"49";"63";"37";"61";"2";"39";"51";"1.1";"1.4";"37";"45";"8.7";"6.2";"";"";"";"";"30";"30";"20";"50";"50";"20";"37";"47";"50";"80";"80";"50";"70";"70";"0x2";"1x1";"24.1";"1.1";"1.8";"1.6";"1.2";"2.8";"41";"56";"11";"4";"10";"10";"9.6";"11.2";"15.8";"11.6";"9.8";"5.7";"5";"3.5";"5.4";"1.9";"1.8";"1.9";"2.3";"4";"3.7"
"South Korea";"KOR";"K4 League";"27-06-2026 07:00";"FT";"Pyeongtaek Citizen";"1";"1";"Jungnang Chorus Mustang";"1";"0";"3.60";"1.70";"14";"52";"37";"48";"2";"46";"54";"0.4";"1.2";"47";"53";"11.6";"9.6";"10";"20";"30";"50";"10";"30";"10";"30";"80";"40";"13";"40";"20";"60";"90";"70";"90";"70";"0x2";"2x1";"26.6";"1.1";"1.4";"2.6";"1.5";"3.3";"47";"55";"13";"5";"10";"10";"12.8";"13.4";"15.7";"11.4";"12.2";"6.9";"6.3";"4.6";"6.7";"2.6";"2.2";"3";"1.1";"4.4";"3.7"
"Lithuania";"LTU";"1. Lyga";"27-06-2026 09:00";"FT";"Hegelmann II";"2";"1";"Jonava";"0";"0";"4.85";"1.54";"32";"56";"41";"27";"2";"38";"44";"0.9";"0.9";"34";"39";"5.4";"9.2";"2";"0";"50";"50";"30";"20";"0";"30";"70";"50";"30";"30";"30";"50";"100";"70";"70";"80";"2x3";"1x0";"18.5";"1.2";"0.8";"2.1";"1.4";"2.8";"43";"46";"13";"9";"10";"10";"6.5";"7.4";"13.7";"9.5";"8.2";"6.7";"4.1";"2.6";"3.1";"1.7";"1.4";"1.3";"2";"3.2";"3.6"
"Lithuania";"LTU";"1. Lyga";"27-06-2026 10:00";"FT";"Dainava";"1";"0";"Neptūną Klaipėda";"1";"0";"2.37";"2.57";"77";"66";"71";"61";"5";"57";"52";"2.2";"2.4";"61";"49";"6.4";"5.7";"2";"50";"50";"0";"70";"80";"10";"0";"20";"20";"73";"80";"80";"80";"90";"100";"30";"20";"2x0";"1x2";"20.3";"2.1";"1.8";"0.8";"1.1";"2.9";"50";"50";"5";"4";"10";"10";"13.5";"10.2";"7.7";"9.2";"8.6";"3.2";"3.2";"6.6";"4.3";"2";"2.7";"2";"2";"4.4";"3.6"
"Lithuania";"LTU";"1. Lyga";"27-06-2026 10:00";"FT";"Ekranas";"1";"2";"Atmosfera";"1";"2";"3.33";"1.94";"49";"60";"41";"44";"2";"48";"50";"0.8";"1.2";"48";"43";"9.1";"6.8";"6";"50";"50";"0";"20";"30";"20";"30";"60";"40";"27";"40";"40";"60";"80";"70";"80";"70";"1x2";"1x1";"19.6";"1.2";"1.3";"1.6";"1.3";"2.7";"45";"49";"14";"8";"10";"10";"10.9";"8.9";"10.8";"8.6";"7.9";"4.9";"3.3";"4.4";"3.2";"2.3";"2.4";"2.4";"1.9";"4.6";"3.6"
"Lithuania";"LTU";"1. Lyga";"27-06-2026 10:00";"FT";"TransINVEST Vilnius II";"0";"1";"Tauras";"0";"0";"9.61";"1.22";"7";"49";"24";"61";"4";"42";"52";"0.7";"1.3";"43";"54";"12.6";"5.7";"";"";"";"";"20";"40";"10";"10";"70";"50";"23";"43";"30";"50";"90";"90";"80";"60";"0x3";"0x2";"21.2";"0.7";"1.8";"2.8";"1.6";"3.4";"48";"53";"12";"7";"10";"10";"8.8";"10.3";"14.7";"8.6";"10";"7.1";"4.3";"4.1";"4.5";"1";"2";"1.7";"2";"3.4";"3.6"
"Lithuania";"LTU";"1. Lyga";"27-06-2026 12:00";"FT";"FA Šiauliai II";"0";"1";"Babrungas";"0";"1";"6.83";"1.32";"14";"100";"37";"44";"2";"38";"50";"0.6";"2.1";"38";"45";"5.3";"7.8";"8";"25";"75";"0";"10";"60";"30";"30";"60";"10";"20";"70";"40";"90";"70";"70";"90";"40";"2x2";"0x1";"20";"1.1";"1.3";"2.6";"0.3";"2.7";"47";"51";"16";"2";"10";"10";"5.8";"10.1";"15.7";"8.4";"8.2";"8";"1.8";"2.3";"4.3";"1.4";"1.3";"0.8";"2.3";"2.9";"3.6"
"Latvia";"LVA";"First Liga";"27-06-2026 09:00";"FT";"Super Nova II";"3";"1";"Tukums II";"2";"0";"2.58";"2.23";"52";"14";"51";"51";"5";"45";"46";"1.5";"0.8";"52";"54";"6";"6.9";"";"";"";"";"40";"20";"30";"20";"30";"60";"50";"27";"70";"40";"70";"80";"60";"80";"1x1";"3x1";"21.9";"1.5";"1.5";"1.5";"2.6";"3.6";"47";"46";"7";"11";"10";"10";"9.6";"10.3";"10.7";"13.2";"9.9";"3.9";"7.3";"3.6";"5";"2.1";"1.1";"2.3";"1";"3.2";"4.4"
"Latvia";"LVA";"First Liga";"27-06-2026 11:00";"FT";"Rīgas FS II";"1";"3";"Riga FC II";"1";"1";"2.25";"2.48";"28";"32";"44";"48";"5";"45";"42";"0.8";"1";"54";"47";"7.1";"5.4";"8";"25";"50";"25";"20";"30";"20";"10";"60";"60";"27";"33";"40";"40";"80";"90";"80";"70";"1x2";"2x0";"21.4";"1.3";"1.4";"2.2";"2.1";"3.5";"47";"49";"10";"9";"10";"10";"9.2";"7.6";"13.4";"12.5";"9.2";"5.6";"5.1";"3.7";"3.9";"2";"2.9";"2.5";"2.4";"4.9";"4.4"
"Latvia";"LVA";"First Liga";"27-06-2026 12:00";"FT";"Rēzekne / BJSS";"2";"4";"JDFS Alberts";"1";"2";"11.79";"1.14";"4";"66";"27";"82";"4";"30";"55";"0.4";"2";"33";"65";"5.1";"6.2";"10";"10";"70";"20";"10";"60";"10";"20";"80";"20";"13";"67";"20";"80";"90";"80";"90";"40";"0x1";"0x0";"21.8";"0.8";"2.4";"2.9";"1.1";"3.6";"41";"53";"14";"5";"10";"10";"4.1";"15";"14.7";"9.8";"10.8";"8";"4.3";"2.6";"6.8";"1.7";"2.3";"1";"1.6";"3.3";"4.4"
"Latvia";"LVA";"First Liga";"27-06-2026 13:00";"FT";"Beitar / Riga Mariners";"2";"0";"Mārupe";"1";"0";"1.50";"4.97";"74";"52";"99";"54";"1";"56";"55";"2.4";"1.4";"68";"58";"5";"6.4";"2";"100";"0";"0";"70";"40";"30";"20";"0";"40";"80";"47";"100";"60";"70";"80";"30";"60";"2x2";"1x2";"22.2";"2.9";"1.6";"0.9";"1.5";"3.4";"51";"51";"4";"7";"10";"10";"14.5";"10.3";"11.2";"8.3";"11.1";"6.4";"3.6";"7.1";"5.1";"2.5";"2.4";"2.5";"2.3";"4.8";"4.4"
"Macau";"MAC";"Primeira Division";"27-06-2026 08:00";"FT";"Artilheiros";"1";"10";"CPK";"0";"6";"";"";"2";"100";"37";"100";"";"33";"73";"0.4";"2.5";"32";"87";"5.9";"3.8";"";"";"";"";"10";"80";"10";"10";"80";"10";"13";"83";"20";"90";"90";"90";"90";"20";"0x4";"0x13";"23.8";"1.1";"4.8";"5.6";"0.3";"5.9";"39";"63";"9";"2";"10";"10";"6.5";"18";"16.8";"6.4";"10.4";"8";"2.3";"3.4";"7.1";"1.8";"1.9";"1.8";"1.1";"3.3";"3.9"
"Macau";"MAC";"Primeira Division";"27-06-2026 10:00";"FT";"Cheng Fung";"1";"4";"Jia Hua";"0";"1";"4.83";"1.46";"38";"56";"68";"100";"2";"41";"59";"1.5";"2.2";"40";"54";"5.6";"4.3";"2";"50";"0";"50";"40";"70";"30";"10";"30";"20";"50";"73";"70";"80";"70";"90";"60";"30";"2x1";"0x5";"25.7";"2";"3.1";"1.9";"1.4";"4.2";"46";"59";"5";"3";"10";"10";"11.2";"13.2";"15.7";"11.3";"10.2";"7";"3.8";"4.5";"5.2";"1.7";"2.3";"3";"2";"4.5";"3.9"
"Madagascar";"MAD";"Pro League";"27-06-2026 21:00";"AWAITING_UPDATES";"Ajesaia";"";"";"CFFA";"";"";"";"";"80";"63";"48";"58";"";"";"";"1.9";"1.6";"";"";"";"";"2";"0";"50";"50";"50";"40";"40";"40";"10";"20";"63";"53";"90";"80";"60";"60";"50";"60";"0x0";"1x1";"";"1.4";"1.7";"0.7";"1.2";"2.5";"";"";"1";"2";"10";"10";"";"";"";"";"";"";"";"";"";"";"";"";"";"";"0"
"Moldova";"MDA";"Super Liga";"27-06-2026 12:00";"FT";"CSF Bălți";"3";"0";"FC Politehnica";"2";"0";"1.98";"3.28";"52";"66";"17";"65";"1";"48";"50";"0.9";"2.1";"47";"59";"13.2";"4.2";"3";"67";"33";"0";"20";"60";"30";"30";"50";"10";"30";"70";"50";"90";"70";"70";"80";"40";"0x2";"0x2";"13.6";"0.5";"1.9";"1.5";"1.1";"2.5";"50";"50";"7";"8";"10";"10";"6.6";"8";"6.1";"6.6";"5.9";"3.4";"1.8";"2.3";"4.2";"2.2";"1.7";"1.9";"1.2";"3.4";""
"Moldova";"MDA";"Super Liga";"27-06-2026 14:00";"FT";"Milsami";"0";"0";"Zimbru";"0";"0";"3.45";"1.98";"56";"74";"17";"65";"2";"49";"59";"0.8";"1.9";"61";"54";"18";"4.3";"10";"40";"50";"10";"20";"60";"20";"10";"60";"30";"27";"63";"40";"70";"80";"90";"80";"40";"0x0";"0x1";"15";"0.5";"1.9";"1.4";"0.9";"2.3";"51";"55";"4";"3";"10";"10";"9";"8.1";"7.9";"5.1";"5.9";"3.3";"2.2";"2.8";"3.5";"2.3";"1.5";"1.9";"2.1";"3.9";""
"Mongolia";"MNG";"Premier League";"27-06-2026 05:00";"FT";"Deren";"0";"2";"Ulaanbaatar";"0";"1";"";"";"66";"63";"100";"100";"";"59";"56";"1.9";"2.4";"63";"62";"3.6";"4.8";"10";"30";"50";"20";"60";"80";"10";"0";"30";"20";"63";"80";"70";"80";"90";"100";"40";"20";"1x2";"0x3";"22.5";"3.8";"3";"1.1";"1.2";"4.6";"57";"56";"3";"1";"10";"10";"13.5";"14.3";"7.4";"9.8";"10.4";"3.6";"4.2";"6.6";"6.4";"1";"1.9";"1.2";"1.5";"2.8";"3.5"
"Mongolia";"MNG";"Premier League";"27-06-2026 08:00";"FT";"Central Stallions";"2";"2";"Khangarid";"2";"0";"";"";"63";"52";"92";"95";"";"54";"57";"1.7";"1.9";"59";"66";"5";"4.6";"8";"25";"50";"25";"50";"60";"20";"10";"30";"30";"57";"63";"70";"70";"80";"90";"50";"40";"1x1";"1x2";"22.3";"2.7";"2.8";"1.2";"1.5";"4.1";"53";"52";"2";"4";"10";"10";"13.4";"12.8";"10.1";"8.2";"10";"4.2";"4.1";"6.6";"5.1";"1.9";"1.9";"1.2";"2.8";"3.9";"3.5"
"Mozambique";"MOZ";"Mocambola";"27-06-2026 09:45";"FT";"Sofala";"0";"0";"Ferroviário Nacala";"0";"0";"2.07";"3.68";"70";"80";"20";"34";"5";"45";"";"1.3";"1.8";"53";"";"";"";"";"";"";"";"29";"50";"43";"30";"29";"20";"43";"60";"71";"80";"57";"70";"71";"50";"0x0";"0x1";"";"0.6";"1";"1";"0.7";"1.6";"48";"";"8";"5";"7";"10";"10.4";"";"14.2";"";"";"7";"";"4.8";"";"1.8";"";"1";"";"";"4.5"
"Malawi";"MWI";"Super League";"27-06-2026 09:30";"FT";"Mitundu Baptist";"3";"2";"Blue eagles Malawi";"1";"0";"3.87";"1.94";"66";"80";"24";"51";"2";"48";"50";"1";"2.3";"65";"74";"16";"7.5";"";"";"";"";"29";"70";"14";"20";"57";"10";"33";"77";"43";"90";"86";"80";"71";"30";"0x2";"0x1";"19.7";"0.7";"1.5";"1.1";"0.7";"2";"45";"54";"12";"1";"7";"10";"11.2";"11.2";"8.6";"8.4";"7.5";"2.8";"3";"3.4";"5.8";"0.8";"2";"1";"1";"2.4";"2.7"
"Malawi";"MWI";"Super League";"27-06-2026 09:30";"FT";"Chitipa United";"2";"1";"Kamuzu Barracks";"0";"0";"2.33";"2.96";"49";"49";"20";"27";"5";"51";"53";"0.7";"0.7";"67";"50";"11.2";"14.1";"10";"30";"50";"20";"20";"20";"10";"10";"70";"70";"23";"23";"30";"30";"90";"90";"80";"80";"0x1";"1x0";"19";"0.6";"0.8";"1.6";"1.6";"2.3";"48";"46";"13";"15";"10";"10";"6.7";"11.3";"8.1";"11.7";"7.8";"3.4";"5.2";"2.9";"4.2";"1.1";"1.6";"1.5";"1.1";"2.7";"2.7"
"New Caledonia";"NCL";"Super Ligue";"27-06-2026 01:00";"POSTPONED";"Gaïca";"";"";"Magenta";"";"";"";"";"100";"100";"34";"48";"";"";"";"1.4";"1.8";"";"";"";"";"6";"17";"50";"33";"20";"40";"80";"60";"0";"0";"47";"60";"100";"100";"20";"40";"80";"60";"0x0";"0x0";"";"1";"1.4";"0.3";"0.1";"1.4";"";"";"2";"1";"10";"10";"";"";"";"";"";"";"";"";"";"";"";"";"";"";"0"
"New Caledonia";"NCL";"Super Ligue";"27-06-2026 01:00";"POSTPONED";"AS Mont-Dore";"";"";"Lössi";"";"";"";"";"42";"70";"14";"27";"";"";"";"0.3";"1.2";"";"";"";"";"6";"50";"17";"33";"0";"20";"30";"60";"70";"20";"10";"40";"30";"80";"70";"40";"100";"80";"0x0";"0x0";"";"0.4";"0.8";"1.8";"1";"2";"";"";"10";"3";"10";"10";"";"";"";"";"";"";"";"";"";"";"";"";"";"";"0"
"New Caledonia";"NCL";"Super Ligue";"27-06-2026 01:00";"POSTPONED";"Hienghene Sport";"";"";"Kunié";"";"";"";"";"70";"88";"44";"31";"";"";"";"1.4";"1.6";"";"";"";"";"6";"50";"33";"17";"30";"30";"50";"70";"20";"0";"47";"53";"80";"100";"50";"30";"70";"70";"1x1";"0x0";"";"1.3";"0.9";"1";"0.5";"1.8";"";"";"4";"6";"10";"10";"";"";"";"";"";"";"";"";"";"";"";"";"";"";"0"
"New Caledonia";"NCL";"Super Ligue";"27-06-2026 03:30";"POSTPONED";"Ne Drehu";"";"";"Horizon Patho";"";"";"";"";"60";"74";"34";"17";"";"";"";"1.6";"0.8";"";"";"";"";"7";"14";"29";"57";"40";"10";"40";"50";"20";"40";"53";"27";"80";"60";"60";"50";"60";"90";"0x0";"0x0";"";"1";"0.5";"1.3";"0.9";"1.8";"";"";"7";"9";"10";"10";"";"";"";"";"";"";"";"";"";"";"";"";"";"";"0"
"Norway";"NOR";"1. Division";"27-06-2026 11:00";"FT";"Åsane";"3";"0";"Ranheim";"0";"0";"3.76";"1.72";"46";"25";"44";"82";"2";"43";"48";"1";"1.4";"41";"48";"6.8";"4.5";"10";"20";"50";"30";"30";"40";"10";"20";"60";"40";"33";"47";"40";"60";"90";"80";"70";"60";"0x1";"2x3";"22.5";"1.3";"2.4";"1.7";"2.3";"3.8";"47";"52";"13";"6";"10";"10";"8.8";"10.8";"11.6";"13.8";"9.5";"4.8";"5";"4";"5.2";"2.6";"1.3";"1.8";"1.8";"3.8";"3.4"
"Norway";"NOR";"1. Division";"27-06-2026 11:00";"FT";"Strømmen";"3";"2";"Moss";"2";"1";"2.46";"2.36";"14";"21";"34";"58";"5";"46";"49";"0.5";"1.1";"41";"52";"8.9";"6.8";"5";"0";"80";"20";"10";"30";"20";"20";"70";"50";"17";"37";"30";"50";"80";"80";"90";"70";"2x2";"1x1";"21";"1";"1.7";"2.6";"2.4";"3.8";"42";"49";"16";"7";"10";"10";"8.9";"11.5";"9";"12.7";"10";"5.1";"6.3";"3.7";"5";"1.6";"2";"1.1";"1.4";"3";"3.4"
"Norway";"NOR";"1. Division";"27-06-2026 11:00";"FT";"Stabæk";"2";"0";"Bryne";"2";"0";"1.80";"3.61";"63";"56";"68";"54";"1";"55";"52";"1.8";"1.6";"61";"55";"7";"7";"8";"50";"12";"38";"50";"50";"30";"10";"20";"40";"60";"53";"80";"60";"70";"90";"50";"50";"2x2";"1x0";"22.9";"2";"1.6";"1.2";"1.4";"3.1";"51";"50";"5";"10";"10";"10";"13.9";"11.2";"10.7";"10";"9";"4.6";"3.1";"5.5";"4.9";"2";"2.7";"2.2";"1.7";"4.3";"3.4"
"Norway";"NOR";"1. Division";"27-06-2026 11:00";"FT";"Sandnes Ulf";"3";"0";"Raufoss";"0";"0";"1.61";"4.52";"56";"35";"54";"48";"1";"48";"41";"1.6";"1";"46";"40";"7.2";"5.9";"10";"10";"20";"70";"50";"30";"10";"10";"40";"60";"53";"33";"60";"40";"90";"90";"50";"70";"2x0";"1x0";"22";"1.6";"1.4";"1.4";"2";"3.2";"46";"44";"8";"14";"10";"10";"11.5";"8.3";"9.9";"14.4";"9.4";"4.3";"6.7";"4.7";"3.2";"2.2";"1.4";"1.9";"0.7";"3.1";"3.4"
"Norway";"NOR";"1. Division";"27-06-2026 11:00";"FT";"Lyn";"1";"4";"Hødd";"1";"2";"2.06";"3.17";"35";"60";"17";"41";"5";"48";"44";"0.7";"1.2";"52";"45";"18";"8.8";"4";"75";"25";"0";"20";"30";"10";"30";"70";"40";"23";"40";"30";"60";"90";"70";"80";"70";"0x3";"0x0";"23.6";"0.5";"1.2";"2";"1.3";"2.5";"50";"50";"15";"11";"10";"10";"9";"10.5";"14.1";"13.7";"9.1";"5.5";"5.2";"2.9";"4.6";"1";"1.8";"1.6";"2.2";"3.3";"3.4"
"Norway";"NOR";"1. Division";"27-06-2026 11:00";"FT";"Haugesund";"4";"2";"Kongsvinger";"3";"2";"2.04";"2.84";"38";"52";"95";"78";"5";"58";"56";"1.9";"2.1";"60";"56";"5.1";"6.3";"9";"44";"22";"33";"60";"60";"10";"30";"30";"10";"63";"70";"70";"90";"90";"70";"40";"40";"2x0";"1x2";"24.5";"2.8";"2.3";"1.9";"1.5";"4.2";"57";"54";"3";"2";"10";"10";"14.4";"14.4";"9.5";"10.8";"11.3";"4.6";"4.6";"6.7";"6.7";"1.4";"1.3";"2.1";"1.6";"3.2";"3.4"
"Norway";"NOR";"1. Division";"27-06-2026 13:00";"FT";"Strømsgodset";"2";"2";"Odd";"1";"1";"1.52";"4.85";"66";"60";"100";"58";"1";"59";"56";"2.4";"1.7";"64";"57";"5.9";"7.1";"10";"30";"40";"30";"70";"50";"30";"20";"0";"30";"80";"57";"100";"70";"70";"80";"30";"50";"3x0";"0x1";"25.3";"3.2";"1.7";"1.1";"1.3";"3.6";"56";"56";"2";"5";"10";"10";"18.9";"12.1";"10.3";"9.3";"11";"4";"3.8";"8.7";"5.6";"0.9";"1.5";"1.6";"1.8";"2.9";"3.4"
"Norway";"NOR";"1. Division";"27-06-2026 15:00";"FT";"Sogndal";"4";"2";"Egersund";"3";"1";"2.16";"2.78";"28";"32";"68";"51";"5";"49";"50";"1.2";"1";"58";"51";"6.5";"7.1";"4";"50";"25";"25";"30";"30";"30";"10";"40";"60";"40";"33";"60";"40";"70";"90";"70";"70";"2x2";"3x1";"26.3";"2";"1.5";"2.2";"2.1";"3.9";"46";"48";"13";"10";"10";"10";"13";"10.6";"16";"13";"11.2";"7.6";"5.4";"5.4";"4";"1.9";"1.7";"2";"1.3";"3.4";"3.4"
"Norway";"NOR";"2. Division - Group 1";"27-06-2026 07:00";"FT";"Træff";"3";"1";"Eik Tønsberg";"2";"1";"1.57";"4.70";"35";"28";"61";"24";"1";"52";"47";"1";"0.4";"54";"57";"5.6";"14.6";"2";"0";"50";"50";"20";"10";"40";"10";"40";"80";"33";"13";"60";"20";"60";"90";"80";"90";"1x1";"2x0";"20.6";"1.8";"0.7";"2";"2.2";"3.4";"45";"45";"9";"13";"10";"10";"10.1";"10.2";"7.5";"13.4";"8";"3.5";"5.8";"3.8";"3";"2.4";"1.9";"1.7";"2";"4";"3.5"
"Norway";"NOR";"2. Division - Group 1";"27-06-2026 08:00";"FT";"Vidar";"2";"4";"Kvik Halden";"1";"0";"3.45";"1.80";"25";"66";"20";"58";"2";"44";"48";"0.3";"1.8";"43";"41";"15.3";"5.2";"2";"50";"50";"0";"0";"50";"30";"30";"70";"20";"10";"60";"30";"80";"70";"70";"100";"50";"1x1";"1x2";"20.5";"0.6";"1.7";"2.3";"1.1";"2.8";"52";"47";"14";"4";"10";"10";"9.2";"8";"13.9";"9.9";"8.5";"5.6";"4.3";"2.5";"4.6";"1.7";"1.3";"2.4";"2.1";"3.8";"3.5"
"Norway";"NOR";"2. Division - Group 1";"27-06-2026 08:00";"FT";"Lysekloster";"1";"1";"Brattvåg";"0";"0";"4.07";"1.64";"32";"84";"41";"71";"2";"49";"50";"0.9";"2.4";"48";"39";"6.8";"4";"4";"25";"50";"25";"20";"80";"30";"0";"50";"20";"30";"80";"50";"80";"70";"100";"80";"20";"0x4";"0x2";"16.8";"1.2";"2.1";"2.1";"0.6";"3";"53";"49";"11";"2";"10";"10";"8.1";"8.3";"9.4";"7.8";"8";"4.6";"3.9";"3.6";"3.8";"2";"1.6";"2.1";"2.3";"4";"3.5"
"Norway";"NOR";"2. Division - Group 1";"27-06-2026 08:30";"FT";"Mjøndalen";"1";"0";"Bjarg";"1";"0";"2.21";"2.56";"56";"46";"58";"65";"5";"52";"60";"1.7";"1.9";"52";"60";"7.2";"7.2";"";"";"";"";"50";"60";"20";"10";"30";"30";"57";"63";"70";"70";"80";"90";"50";"40";"2x1";"0x2";"21";"1.7";"1.9";"1.4";"1.7";"3.4";"55";"59";"5";"3";"10";"10";"12.2";"13.7";"9.2";"7";"10";"3.8";"3.8";"6.5";"5.9";"2.1";"2.3";"2.5";"2";"4.4";"3.5"
"Norway";"NOR";"2. Division - Group 1";"27-06-2026 10:00";"FT";"Pors Grenland";"2";"4";"Arendal";"1";"1";"2.64";"2.30";"63";"56";"41";"31";"5";"43";"46";"1.5";"0.8";"44";"52";"6.1";"10.2";"8";"12";"75";"12";"40";"10";"30";"50";"30";"40";"50";"27";"70";"60";"70";"50";"60";"90";"1x0";"2x0";"19.8";"1.2";"0.9";"1.2";"1.4";"2.3";"45";"48";"9";"12";"10";"10";"7.3";"9.2";"11.4";"11.6";"9";"4.7";"5.4";"3.1";"4.9";"1.4";"1.5";"0.9";"1.5";"2.6";"3.5"
"Norway";"NOR";"2. Division - Group 1";"27-06-2026 10:00";"FT";"Sandviken";"0";"4";"Notodden";"0";"2";"3.10";"1.99";"52";"66";"34";"48";"2";"45";"56";"1.1";"1.2";"42";"56";"8.9";"6.5";"2";"50";"0";"50";"30";"30";"20";"30";"50";"40";"37";"40";"50";"60";"80";"70";"70";"70";"1x0";"2x1";"20.2";"1";"1.4";"1.5";"1.1";"2.5";"48";"55";"10";"8";"10";"10";"8.9";"9.1";"12.9";"9.4";"8.8";"5.5";"4.2";"3.6";"4.4";"2.2";"2.1";"1.4";"1.8";"3.8";"3.5"
"Norway";"NOR";"2. Division: Group 2";"27-06-2026 08:00";"FT";"Ullensaker / Kisa";"1";"3";"Rana";"0";"2";"2.22";"2.48";"2";"38";"41";"51";"5";"47";"45";"0.6";"1.1";"50";"40";"7.6";"5.6";"2";"50";"0";"50";"20";"30";"0";"20";"80";"50";"20";"37";"20";"50";"100";"80";"80";"70";"0x3";"2x1";"20.2";"1.2";"1.5";"3.3";"1.9";"4";"48";"46";"12";"9";"10";"10";"9.1";"8.4";"11.4";"11.4";"9.6";"6";"5.1";"4.1";"3.9";"1.8";"2.4";"1.5";"2";"3.8";"3.9"
"Norway";"NOR";"2. Division: Group 2";"27-06-2026 09:00";"FT";"Lørenskog";"1";"0";"Grorud";"1";"0";"2.23";"2.71";"66";"70";"82";"58";"5";"54";"52";"2.2";"2";"53";"55";"4.9";"6.4";"6";"17";"33";"50";"70";"60";"10";"20";"20";"20";"73";"67";"80";"80";"90";"80";"30";"40";"1x0";"0x0";"20.7";"2.4";"1.7";"1.1";"1";"3.1";"49";"54";"4";"6";"10";"10";"11.7";"10.9";"8.9";"9.9";"9.4";"3";"4.5";"6.6";"4.8";"2.3";"2.1";"2";"1.9";"4.2";"3.9"
"Norway";"NOR";"2. Division: Group 2";"27-06-2026 09:00";"FT";"Kjelsås";"1";"3";"Hønefoss";"1";"1";"1.74";"3.53";"60";"56";"82";"75";"1";"49";"59";"2.5";"1.9";"47";"62";"4.7";"6.8";"3";"67";"33";"0";"80";"60";"10";"10";"10";"30";"83";"63";"90";"70";"90";"90";"20";"40";"3x2";"1x2";"22.2";"2.4";"2.2";"1.3";"1.4";"3.6";"45";"51";"1";"5";"10";"10";"11.2";"14.9";"7.5";"10.7";"9.8";"2.9";"4.9";"5.2";"6.6";"1.1";"1.7";"2.5";"1.3";"3.3";"3.9"
"Norway";"NOR";"3. Division - Group 1";"27-06-2026 08:00";"FT";"Grei";"1";"5";"Nordstrand";"1";"3";"2.71";"1.99";"2";"28";"65";"48";"2";"42";"49";"0.7";"1";"41";"48";"4.6";"6.6";"2";"0";"100";"0";"20";"30";"10";"10";"70";"60";"23";"33";"30";"40";"90";"90";"80";"70";"3x2";"1x2";"19.8";"1.9";"1.4";"3.4";"2.2";"4.4";"49";"50";"13";"11";"10";"10";"8.8";"9.3";"11.1";"10.4";"9.8";"5.9";"5.2";"4.4";"4.1";"2.1";"1.7";"2.2";"1.6";"3.8";"4"
"Norway";"NOR";"3. Division - Group 1";"27-06-2026 09:00";"FT";"Frigg";"1";"1";"Bærum";"1";"0";"2.99";"1.83";"42";"35";"92";"100";"2";"54";"58";"1.9";"1.8";"53";"55";"3.9";"4.3";"10";"40";"50";"10";"60";"60";"10";"0";"30";"40";"63";"60";"70";"60";"90";"100";"40";"40";"1x2";"1x5";"20.6";"2.7";"3.3";"1.8";"2";"4.9";"53";"54";"7";"5";"10";"10";"10.5";"14.2";"8.3";"8.2";"10.8";"4.5";"4.4";"5.6";"7";"1.6";"1.9";"1.4";"1.6";"3.2";"4"
"Norway";"NOR";"3. Division - Group 1";"27-06-2026 09:00";"FT";"Asker";"3";"2";"Ullern";"0";"1";"1.10";"14.10";"66";"21";"100";"61";"3";"60";"51";"2.5";"1";"57";"50";"4.7";"6.9";"6";"50";"50";"0";"80";"30";"10";"10";"10";"60";"83";"33";"90";"40";"90";"90";"20";"70";"0x4";"2x3";"23";"3.4";"1.8";"1.1";"2.4";"4.4";"56";"49";"1";"10";"10";"10";"16";"12.4";"7";"10.7";"10.8";"2.4";"5.9";"8.2";"4.9";"1";"2.3";"2.7";"1.8";"3.9";"4"
"Norway";"NOR";"3. Division - Group 2";"27-06-2026 08:00";"FT";"Kvik Trondheim";"0";"2";"Volda";"0";"1";"3.20";"1.85";"32";"52";"61";"82";"2";"39";"52";"1.1";"1.7";"38";"54";"4.9";"3.2";"2";"0";"50";"50";"30";"50";"20";"20";"50";"30";"37";"57";"50";"70";"80";"80";"70";"50";"1x1";"0x2";"19.7";"1.8";"2.4";"2.1";"1.5";"3.9";"44";"53";"5";"3";"10";"10";"8.9";"7.6";"15.3";"7.6";"9.4";"7";"4.2";"4.1";"3.6";"2.7";"1.6";"1.2";"2";"3.8";"3.8"
"Norway";"NOR";"3. Division - Group 2";"27-06-2026 10:00";"FT";"Orkla";"3";"5";"Molde II";"1";"2";"2.08";"2.54";"28";"0";"54";"78";"5";"41";"49";"1.1";"1.1";"39";"53";"4.2";"5";"";"";"";"";"30";"30";"20";"20";"50";"50";"37";"37";"50";"50";"80";"80";"70";"70";"0x3";"0x6";"22.8";"1.6";"2.3";"2.2";"3";"4.6";"50";"54";"8";"12";"10";"10";"6.7";"11.4";"12";"15.6";"11.6";"5.8";"7.6";"3.2";"6.6";"1.5";"1.6";"1.3";"1.6";"3";"3.8"
"Norway";"NOR";"3. Division - Group 2";"27-06-2026 10:00";"FT";"Rosenborg II";"2";"1";"Spjelkavik";"0";"0";"1.72";"3.41";"46";"38";"71";"61";"1";"61";"54";"1.5";"1.2";"56";"57";"6.2";"6.8";"2";"100";"0";"0";"40";"30";"30";"30";"30";"40";"50";"40";"70";"60";"70";"70";"60";"70";"0x3";"3x1";"20.8";"2.1";"1.8";"1.7";"1.9";"3.8";"55";"48";"7";"10";"10";"10";"13";"12.3";"8.1";"8.1";"11.1";"4.2";"4.9";"6.7";"6.4";"1.2";"1.6";"2.2";"1.9";"3.4";"3.8"
"Norway";"NOR";"3. Division - Group 2";"27-06-2026 10:00";"FT";"Herd";"2";"2";"NTNUI";"0";"2";"1.36";"5.58";"60";"32";"88";"48";"1";"50";"53";"2.2";"1.1";"45";"44";"3.2";"8.2";"";"";"";"";"70";"30";"10";"20";"20";"50";"73";"37";"80";"50";"90";"80";"30";"70";"3x1";"2x2";"18.6";"2.6";"1.4";"1.3";"2.1";"3.7";"57";"51";"1";"11";"10";"10";"8.4";"11.5";"8.4";"9";"9.9";"4.6";"4.8";"5.2";"5.1";"2.8";"1.6";"2.4";"2.5";"4.6";"3.8"
"Norway";"NOR";"3. Division - Group 2";"27-06-2026 10:00";"FT";"Ranheim II";"5";"3";"Nardo";"2";"3";"";"";"21";"28";"99";"65";"";"46";"48";"1.3";"1.1";"44";"46";"4.5";"5.5";"2";"0";"100";"0";"30";"30";"40";"20";"30";"50";"43";"37";"70";"50";"60";"80";"70";"70";"5x2";"4x1";"25.9";"2.9";"1.9";"2.4";"2.2";"4.7";"48";"46";"9";"13";"10";"10";"13";"10.4";"16.7";"11.7";"12.8";"8.3";"5.1";"6.7";"5.6";"1";"2.1";"2.3";"1";"3.2";"3.8"
"Norway";"NOR";"3. Division - Group 2";"27-06-2026 12:00";"FT";"Byåsen";"2";"1";"Aalesund II";"1";"1";"1.31";"6.03";"25";"2";"65";"54";"1";"54";"46";"1.3";"1";"54";"42";"6.6";"5.1";"9";"67";"33";"0";"40";"30";"10";"10";"50";"60";"43";"33";"50";"40";"90";"90";"60";"70";"3x2";"0x1";"20.8";"1.9";"1.6";"2.3";"3.2";"4.5";"49";"51";"8";"14";"10";"10";"12.6";"8.2";"9";"11.6";"11";"5.2";"6.1";"6.1";"4.4";"2.1";"2.2";"2";"1";"3.6";"3.8"
"Norway";"NOR";"3. Division - Group 3";"27-06-2026 07:00";"FT";"Sogndal II";"0";"2";"Stord";"0";"0";"";"";"42";"18";"100";"68";"";"45";"39";"1.8";"1.1";"43";"39";"3.3";"4.5";"5";"20";"60";"20";"60";"20";"0";"50";"40";"30";"60";"37";"60";"70";"100";"50";"40";"80";"0x1";"2x2";"23";"3";"2";"1.8";"2.5";"4.6";"45";"39";"4";"10";"10";"10";"10";"9";"15";"12";"10.8";"6.3";"5.7";"6.3";"3.3";"0.3";"1.7";"1.7";"1.7";"2.6";"3.3"
"Norway";"NOR";"3. Division - Group 3";"27-06-2026 08:00";"FT";"Brann II";"3";"2";"Fana";"3";"0";"2.02";"2.75";"42";"35";"78";"85";"5";"43";"64";"1.5";"1.6";"43";"67";"3.8";"5.4";"10";"30";"60";"10";"40";"50";"30";"10";"30";"40";"50";"53";"70";"60";"70";"90";"60";"50";"2x2";"2x1";"20.8";"2.3";"2.5";"1.8";"2";"4.3";"49";"54";"5";"8";"10";"10";"8.8";"13.5";"13.8";"5.8";"9.5";"6.5";"2.2";"4.2";"6";"1.2";"1.8";"1.2";"1.8";"3";"3.3"
"Norway";"NOR";"3. Division - Group 3";"27-06-2026 09:00";"FT";"Djerv";"6";"2";"Gneist";"3";"0";"1.30";"5.78";"63";"2";"61";"75";"3";"58";"43";"1.6";"0.7";"65";"43";"7.7";"4.6";"";"";"";"";"40";"20";"40";"10";"20";"70";"53";"23";"80";"30";"60";"90";"60";"80";"1x1";"0x1";"22.4";"1.8";"2.2";"1.2";"3.1";"4.2";"55";"44";"7";"11";"10";"10";"13.8";"10.2";"5.8";"15";"10.2";"3";"6.2";"7";"4.2";"2";"1.5";"2.2";"1.5";"3.6";"3.3"
"Norway";"NOR";"3. Division - Group 3";"27-06-2026 10:00";"FT";"Askøy";"2";"0";"Forde";"1";"0";"1.82";"3.20";"60";"42";"58";"61";"1";"45";"39";"2.1";"1.6";"45";"49";"4.4";"3.9";"4";"25";"50";"25";"60";"50";"30";"10";"10";"40";"70";"53";"90";"60";"70";"90";"40";"50";"2x1";"1x2";"17.1";"1.7";"1.8";"1.3";"1.8";"3.3";"45";"55";"3";"6";"10";"10";"7.5";"7";"12";"7.7";"10";"6";"4";"5";"5";"1";"2";"0";"2.7";"2.8";"3.3"
"Norway";"NOR";"3. Division - Group 4";"27-06-2026 10:00";"FT";"Madla";"2";"2";"Mandalskameratene";"0";"0";"1.65";"3.59";"63";"46";"71";"85";"1";"50";"42";"1.8";"1.8";"59";"52";"6.2";"3.8";"5";"40";"40";"20";"50";"50";"30";"30";"20";"20";"60";"60";"80";"80";"70";"70";"50";"50";"2x2";"0x2";"24.8";"2.1";"2.5";"1.2";"1.7";"3.8";"51";"51";"2";"5";"10";"10";"13";"9.5";"12.4";"14.7";"9.8";"5";"4.3";"5.8";"4.5";"1.6";"1";"1";"1.3";"2.4";"3.2"
"Norway";"NOR";"3. Division - Group 5";"27-06-2026 07:00";"FT";"Fauske / Sprint";"3";"1";"Fløya";"2";"0";"";"";"10";"60";"92";"78";"";"40";"55";"1.8";"1.9";"50";"50";"3.9";"5.1";"";"";"";"";"50";"60";"30";"10";"20";"30";"60";"63";"80";"70";"70";"90";"50";"40";"3x2";"1x3";"24.5";"2.7";"2.3";"2.7";"1.3";"4.5";"43";"55";"4";"3";"10";"10";"10.5";"11.7";"18.5";"8.3";"10";"6";"3.3";"5";"5.7";"0.8";"0.5";"3";"3";"3.6";"3.3"
"Norway";"NOR";"3. Division - Group 5";"27-06-2026 11:00";"FT";"Ulfstind";"1";"1";"Harstad";"1";"0";"5.32";"1.35";"2";"42";"61";"92";"2";"35";"40";"0.6";"1.4";"36";"44";"3.5";"3.2";"4";"50";"25";"25";"20";"40";"0";"20";"80";"40";"20";"47";"20";"60";"100";"80";"80";"60";"1x3";"1x5";"23.8";"1.8";"2.7";"3.5";"1.8";"4.9";"37";"49";"14";"7";"10";"10";"6.3";"8.7";"15.3";"17.3";"13.7";"9";"8.7";"3.7";"6";"3";"2.3";"1.7";"1.3";"4.2";"3.3"
"Norway";"NOR";"3. Division - Group 5";"27-06-2026 11:00";"FT";"Bossekop";"0";"2";"Kongsvinger II";"0";"2";"";"";"2";"14";"65";"65";"";"";"49";"0.8";"1.1";"";"56";"";"";"";"";"";"";"20";"30";"20";"20";"60";"50";"27";"37";"40";"50";"80";"80";"80";"70";"1x1";"1x0";"";"1.9";"1.9";"3.2";"2.6";"4.8";"";"50";"13";"9";"10";"10";"";"8.2";"";"12";"";"";"7";"";"3.2";"0.7";"1.4";"0.7";"0.4";"1.6";"3.3"
"Norway";"NOR";"3. Division - Group 6";"27-06-2026 09:00";"FT";"Oppsal";"3";"1";"Raelingen";"1";"0";"1.65";"3.65";"60";"18";"61";"75";"1";"54";"44";"1.6";"1.7";"69";"48";"7.2";"4.3";"";"";"";"";"50";"50";"10";"20";"40";"30";"53";"57";"60";"70";"90";"80";"50";"50";"0x1";"0x0";"22.8";"1.8";"2.2";"1.3";"2.5";"3.9";"51";"50";"8";"6";"10";"10";"12.9";"9.5";"10.8";"12.5";"11";"3.9";"7.6";"4.5";"5.9";"1.2";"1.6";"1.8";"1.8";"3.2";"3.7"
"Norway";"NOR";"3. Division - Group 6";"27-06-2026 09:00";"FT";"Lillehammer";"2";"2";"Elverum";"1";"2";"1.64";"3.90";"52";"49";"100";"82";"1";"54";"49";"2.5";"1.8";"62";"59";"3.5";"2.9";"9";"11";"44";"44";"80";"60";"10";"0";"10";"40";"83";"60";"90";"60";"90";"100";"20";"40";"2x1";"0x1";"21.2";"4.4";"2.4";"1.5";"1.6";"5";"54";"51";"1";"4";"10";"10";"15.5";"7";"10.5";"9.5";"10.2";"4";"3.5";"7";"6";"1.5";"1.8";"2.2";"1.8";"3.6";"3.7"
"Norway";"NOR";"3. Division - Group 6";"27-06-2026 09:00";"FT";"Ørn Horten";"4";"3";"Sandefjord II";"1";"2";"1.58";"4.00";"52";"38";"61";"85";"1";"56";"53";"1.5";"1.6";"64";"67";"7.2";"5.7";"2";"0";"50";"50";"40";"50";"30";"10";"30";"40";"50";"53";"70";"60";"70";"90";"60";"50";"0x3";"0x3";"24.8";"1.8";"2.5";"1.5";"1.9";"3.8";"54";"52";"7";"5";"10";"10";"13";"14.3";"10.3";"11.9";"9.6";"4.3";"4.7";"5";"5.1";"2";"1.6";"2";"1.7";"3.6";"3.7"
"Norway";"NOR";"3. Division - Group 6";"27-06-2026 10:00";"FT";"Fram";"1";"1";"Drøbak / Frogn";"0";"0";"1.90";"3.05";"21";"60";"48";"51";"1";"50";"39";"0.8";"1.4";"59";"44";"10.9";"5.5";"2";"50";"50";"0";"20";"40";"20";"20";"60";"40";"27";"47";"40";"60";"80";"80";"80";"60";"0x4";"1x0";"25.6";"1.4";"1.5";"2.4";"1.3";"3.3";"47";"46";"12";"10";"10";"10";"15.3";"8.3";"14.3";"13.2";"9";"4.2";"5";"5.2";"3.7";"2.2";"1.5";"1.3";"1";"3";"3.7"
"New Zealand";"NZL";"National League";"27-06-2026 00:00";"FT";"Auckland United";"3";"0";"Melville United";"2";"0";"1.21";"9.27";"80";"38";"71";"34";"3";"56";"44";"2";"0.7";"50";"40";"6";"9.7";"10";"90";"10";"0";"60";"20";"20";"10";"20";"70";"67";"23";"80";"30";"80";"90";"40";"80";"3x0";"1x0";"23.4";"2.1";"1";"0.7";"1.9";"2.8";"51";"46";"1";"2";"10";"10";"12.6";"9.7";"8.3";"16.1";"10";"3.6";"6.7";"6.1";"3.8";"2.1";"3";"1.4";"1.2";"3.9";"3.1"
"New Zealand";"NZL";"National League";"27-06-2026 00:00";"FT";"Eastern Suburbs";"1";"1";"Birkenhead United";"0";"0";"2.89";"2.16";"100";"66";"48";"100";"5";"64";"65";"2";"2.4";"56";"68";"12.1";"6";"10";"50";"40";"10";"60";"80";"20";"0";"20";"20";"67";"80";"80";"80";"80";"100";"40";"20";"0x0";"0x1";"23.1";"1.4";"3";"0.2";"1.1";"2.8";"56";"52";"1";"2";"10";"10";"16.9";"17.9";"5.3";"6.1";"10.2";"2.2";"2.9";"7.6";"7.7";"1.1";"2";"1.8";"2";"3.4";"3.1"
"New Zealand";"NZL";"National League";"27-06-2026 04:30";"FT";"Auckland II";"3";"2";"Manukau United";"2";"1";"1.21";"9.54";"63";"2";"58";"41";"3";"50";"34";"1.8";"0.3";"46";"26";"6.3";"3.3";"";"";"";"";"60";"10";"0";"0";"40";"90";"60";"10";"60";"10";"100";"100";"40";"90";"2x0";"2x0";"21.4";"1.7";"1.2";"1.2";"3.7";"3.9";"48";"44";"1";"2";"10";"10";"10.7";"4";"12";"16.2";"9.6";"5.2";"7.6";"5.2";"1.3";"1.7";"1.1";"2.6";"0.8";"3";"3.1"
"New Zealand";"NZL";"National League";"27-06-2026 20:00";"FT";"FC Western";"1";"1";"Western Suburbs";"0";"1";"";"";"2";"66";"20";"65";"";"28";"52";"0.3";"2";"28";"51";"6.7";"7.1";"";"";"";"";"10";"60";"0";"20";"90";"20";"10";"67";"10";"80";"100";"80";"90";"40";"0x5";"0x1";"22.3";"0.6";"1.9";"3.4";"1.1";"3.5";"37";"54";"10";"4";"10";"10";"4";"13.4";"13.5";"13.7";"9.7";"6.8";"5.9";"1.8";"5";"1.1";"1.6";"0.9";"1.7";"2.6";"3.1"
"New Zealand";"NZL";"National League";"27-06-2026 21:45";"FT";"South City Royals";"1";"4";"Nelson Suburbs";"0";"4";"4.18";"1.55";"35";"42";"48";"100";"2";"39";"60";"1.2";"2.1";"37";"66";"1.1";"4.6";"10";"30";"40";"30";"40";"70";"0";"0";"60";"30";"40";"70";"40";"70";"100";"100";"60";"30";"0x2";"0x6";"15.4";"1.4";"3.5";"2";"1.8";"4.4";"50";"53";"8";"6";"10";"10";"1.5";"16.2";"5";"8.1";"9.4";"2.8";"5.1";"1";"9.8";"1.3";"1.9";"0.7";"1.4";"2.6";"3.1"
"New Zealand";"NZL";"National League";"27-06-2026 23:00";"FT";"Napier City Rovers";"3";"2";"Wellington Olympic";"1";"1";"2.49";"2.28";"80";"70";"100";"100";"5";"65";"63";"2.5";"2.4";"60";"61";"5.2";"4.5";"10";"20";"70";"10";"80";"80";"10";"0";"10";"20";"83";"80";"90";"80";"90";"100";"20";"20";"1x0";"1x5";"23";"3.1";"3";"0.7";"1";"3.9";"57";"55";"3";"2";"10";"10";"16";"13.6";"7.1";"9.3";"10.8";"3.5";"3.5";"7.9";"6.7";"1.6";"0.9";"1.4";"1.2";"2.6";"3.1"
"Paraguay";"PAR";"Division Intermedia";"27-06-2026 10:00";"FT";"Tacuary";"4";"2";"Atlético Tembetary";"1";"1";"2.15";"3.09";"42";"63";"37";"44";"5";"46";"51";"0.5";"1.4";"58";"68";"5.6";"4.7";"";"";"";"";"0";"40";"50";"20";"50";"40";"17";"47";"50";"60";"50";"80";"100";"60";"2x2";"1x0";"15.2";"1.1";"1.3";"1.8";"1.2";"2.7";"48";"53";"15";"7";"10";"10";"6.2";"6.1";"9";"9";"6.8";"4";"3.7";"3";"2.9";"3.4";"2.7";"2.6";"3.6";"6.2";"5.7"
"Paraguay";"PAR";"Division Intermedia";"27-06-2026 15:30";"FT";"Deportivo Capiatá";"5";"2";"Sportivo Carapeguá";"2";"1";"1.83";"3.69";"70";"60";"41";"34";"1";"49";"48";"1.6";"1.4";"50";"46";"6.8";"7.1";"2";"0";"0";"100";"40";"40";"40";"20";"20";"40";"53";"47";"80";"60";"60";"80";"60";"60";"1x1";"0x1";"15.8";"1.2";"1";"1";"1.3";"2.2";"46";"50";"8";"11";"10";"10";"8.2";"7.1";"8.6";"7.6";"6.6";"3";"3.3";"4";"2.8";"3.1";"2.5";"2.8";"2.4";"5.4";"5.7"
"Paraguay";"PAR";"Division Intermedia";"27-06-2026 18:00";"FT";"General Caballero JLM";"2";"3";"Fernando de la Mora";"0";"1";"1.70";"4.04";"60";"56";"68";"27";"1";"53";"54";"2.1";"1";"52";"63";"6.4";"13.4";"4";"75";"0";"25";"60";"30";"30";"10";"10";"60";"70";"33";"90";"40";"70";"90";"40";"70";"3x2";"0x1";"21.6";"2";"0.8";"1.3";"1.4";"2.8";"55";"52";"1";"12";"10";"10";"12.7";"10.7";"10.8";"9.1";"9";"4.7";"3.7";"5.9";"3.6";"2.6";"3.1";"2.9";"3.4";"6";"5.7"
"Paraguay";"PAR";"Campeonato Femenino";"27-06-2026 16:30";"FT";"Olimpia W";"7";"0";"Sportivo Luqueño W";"0";"0";"";"";"88";"2";"100";"20";"";"62";"43";"1.7";"0.5";"66";"46";"4.6";"11.3";"6";"100";"0";"0";"50";"10";"20";"20";"30";"70";"57";"17";"70";"30";"80";"80";"50";"90";"0x1";"1x1";"19.3";"3.1";"0.6";"0.5";"4.1";"4.2";"56";"44";"4";"11";"10";"10";"14.4";"6.8";"7.1";"10.4";"8.3";"3.4";"4.5";"5.9";"2.9";"1.8";"2.3";"1.5";"2.2";"4";"3.9"
"Paraguay";"PAR";"Campeonato Femenino";"27-06-2026 18:30";"FT";"Club Libertad W";"3";"1";"Nacional / Humaitá W";"2";"0";"1.02";"64.50";"88";"32";"100";"68";"3";"69";"47";"2.6";"1.6";"72";"50";"2.9";"5.1";"6";"100";"0";"0";"80";"50";"20";"10";"0";"40";"87";"53";"100";"60";"80";"90";"20";"50";"3x0";"0x1";"21";"5";"2";"0.5";"2.1";"4.8";"65";"52";"1";"5";"10";"10";"14.4";"10.2";"4.1";"13.1";"9.3";"1.1";"5.1";"6.9";"5.5";"1.6";"2.1";"1.9";"2.1";"3.8";"3.9"
"Paraguay";"PAR";"Campeonato Femenino";"27-06-2026 20:30";"FT";"Guaraní W";"1";"0";"Deportivo Recoleta W";"1";"0";"1.04";"35.00";"80";"2";"99";"48";"3";"59";"33";"2.6";"1";"62";"34";"3.5";"5";"2";"50";"0";"50";"80";"30";"20";"10";"0";"60";"87";"33";"100";"40";"80";"90";"20";"70";"1x1";"8x0";"21.8";"2.9";"1.4";"0.7";"3.3";"4.2";"55";"40";"2";"8";"10";"10";"10.2";"7";"5.3";"21";"10";"2.2";"10.2";"4.2";"3.5";"2.2";"2.4";"1.3";"0.6";"3.3";"3.9"
"Russia";"RUS";"FNL 2 - Group 1";"27-06-2026 11:00";"FT";"Sevastopol";"1";"0";"Angusht";"1";"0";"1.16";"13.10";"84";"56";"44";"17";"3";"77";"45";"2.1";"0.7";"116";"52";"4.9";"11.6";"4";"50";"0";"50";"60";"20";"30";"10";"10";"70";"70";"23";"90";"30";"70";"90";"40";"80";"2x1";"1x0";"12";"1.3";"0.5";"0.6";"1.4";"1.9";"65";"48";"1";"13";"10";"10";"6.4";"5.8";"3.4";"8.5";"3";"0.8";"2.8";"1.4";"1";"1";"2.2";"2.2";"1.8";"3.6";"3.9"
"Russia";"RUS";"FNL 2 - Group 1";"27-06-2026 11:00";"FT";"Kyzyltash";"3";"2";"Druzhba";"0";"1";"2.39";"2.39";"52";"88";"65";"44";"5";"64";"26";"1.6";"2";"70";"25";"4.6";"4.8";"";"";"";"";"50";"60";"10";"20";"40";"20";"53";"67";"60";"80";"90";"80";"50";"40";"1x2";"0x1";"14.2";"1.9";"1.3";"1.5";"0.5";"2.6";"56";"37";"5";"4";"10";"10";"8.7";"6.2";"6";"7.4";"4";"2.1";"1";"3.1";"1.6";"2";"1.2";"2";"1.6";"3.4";"3.9"
"Russia";"RUS";"FNL 2 - Group 1";"27-06-2026 11:00";"FT";"Rubin Yalta";"1";"2";"Nart Cherkessk";"0";"1";"2.35";"2.66";"70";"77";"48";"34";"5";"50";"47";"1.5";"1.3";"55";"49";"5.7";"4.5";"4";"50";"50";"0";"40";"30";"30";"40";"30";"30";"50";"43";"70";"70";"70";"60";"60";"70";"1x0";"1x0";"11.9";"1.4";"1";"1";"0.8";"2.1";"54";"51";"8";"7";"10";"10";"8";"4.5";"6.4";"4.9";"3.9";"1.6";"1.6";"3.1";"1.4";"1.6";"1.3";"2.6";"1.3";"3.4";"3.9"
"Russia";"RUS";"FNL 2 - Group 1";"27-06-2026 11:00";"FT";"Zarya Lugansk";"1";"2";"Pobeda";"1";"0";"5.91";"1.43";"56";"77";"34";"71";"2";"45";"56";"1.1";"1.7";"73";"71";"9.6";"4.3";"";"";"";"";"30";"50";"20";"20";"50";"30";"37";"57";"50";"70";"80";"80";"70";"50";"1x2";"0x0";"16.8";"1";"2.1";"1.4";"0.8";"2.6";"48";"54";"14";"9";"10";"10";"9.6";"9";"7.8";"7.1";"4.3";"1.8";"1.6";"2.2";"3";"1.9";"2.1";"1.5";"1.8";"3.6";"3.9"
"Russia";"RUS";"FNL 2 - Group 1";"27-06-2026 11:00";"FT";"Shakhter Donetsk";"3";"0";"Neftyanik Ufa";"3";"0";"1.27";"8.45";"80";"21";"61";"37";"3";"58";"38";"2.3";"1.2";"59";"46";"3.8";"6.1";"";"";"";"";"70";"40";"20";"0";"10";"60";"77";"40";"90";"40";"80";"100";"30";"60";"1x0";"1x2";"14.5";"1.8";"1.1";"0.7";"2.4";"3";"52";"42";"2";"12";"10";"10";"6.9";"6.7";"5.9";"9.6";"5.4";"1.4";"4.4";"2.4";"2.6";"2";"1.9";"2";"2.1";"4";"3.9"
"Russia";"RUS";"FNL 2 - Group 1";"27-06-2026 12:00";"FT";"Rostov II";"2";"0";"Astrakhan";"2";"0";"1.33";"7.70";"74";"56";"78";"51";"1";"64";"46";"2.5";"1.4";"69";"52";"3.9";"3.1";"4";"75";"25";"0";"80";"40";"10";"20";"10";"40";"83";"47";"90";"60";"90";"80";"20";"60";"2x1";"3x0";"13";"2.3";"1.5";"0.9";"1.4";"3";"61";"49";"3";"11";"10";"10";"9";"4.6";"5.6";"6.7";"5.6";"2.2";"2.7";"4.4";"1.9";"1.9";"1.6";"2.4";"2.3";"4.1";"3.9"
"Russia";"RUS";"FNL 2 - Group 1";"27-06-2026 12:00";"FT";"Chayka II";"3";"0";"Dinamo Makhachkala 2";"3";"0";"3.24";"2.01";"0";"35";"14";"24";"5";"37";"34";"0";"0.5";"30";"40";"13";"9.1";"";"";"";"";"0";"10";"0";"20";"100";"70";"0";"17";"0";"30";"100";"80";"100";"90";"0x3";"2x0";"15.6";"0.4";"0.7";"3";"2";"3";"43";"39";"16";"15";"10";"10";"5.2";"6.4";"8.6";"10.9";"4.9";"3";"3.9";"1.2";"1.7";"1.8";"2.1";"0.7";"1.7";"3.1";"3.9"
"Russia";"RUS";"FNL 2 - Group 3";"27-06-2026 01:00";"FT";"SKA-Energiya II";"3";"2";"Rotor-2";"1";"0";"1.97";"3.24";"38";"49";"65";"20";"1";"40";"35";"1.1";"0.7";"32";"35";"3.6";"8.7";"3";"67";"33";"0";"30";"20";"20";"10";"50";"70";"37";"23";"50";"30";"80";"90";"70";"80";"0x0";"1x0";"14.4";"1.9";"0.6";"1.9";"1.6";"3";"46";"38";"11";"13";"10";"10";"6.9";"5.2";"8.7";"8";"5";"3.4";"2.8";"2.6";"1.4";"2.1";"2.1";"2";"1.5";"3.8";"4"
"Russia";"RUS";"FNL 2 - Group 3";"27-06-2026 07:00";"FT";"Avangard Kursk";"6";"3";"Saturn Ramenskoye";"2";"0";"";"";"74";"77";"48";"34";"";"50";"58";"1.8";"1.8";"38";"69";"4.9";"9.6";"4";"50";"50";"0";"50";"50";"30";"30";"20";"20";"60";"60";"80";"80";"70";"70";"50";"50";"1x0";"0x0";"13.8";"1.4";"1";"0.9";"0.8";"2";"51";"56";"7";"6";"10";"10";"6.8";"9.6";"6";"5.1";"4.6";"1.8";"2.1";"2";"3.2";"2.6";"2.7";"1.7";"2.7";"4.8";"4"
"Russia";"RUS";"FNL 2 - Group 3";"27-06-2026 10:00";"FT";"Metallurg Lipetsk";"3";"2";"Rodina Moskva III";"1";"2";"";"";"60";"63";"71";"71";"";"56";"51";"1.7";"1.4";"58";"40";"3.8";"3.2";"2";"50";"50";"0";"50";"40";"20";"20";"30";"40";"57";"47";"70";"60";"80";"80";"50";"60";"0x1";"0x2";"13.8";"2.1";"2.1";"1.3";"1.2";"3.4";"53";"49";"4";"10";"10";"10";"8";"6.7";"7";"5.9";"5.4";"2.5";"1.8";"3.4";"3.1";"1.8";"1.8";"2.3";"3.1";"4.5";"4"
"Russia";"RUS";"FNL 2 - Group 3";"27-06-2026 10:00";"FT";"Zenit Penza";"3";"1";"Orel";"1";"0";"";"";"7";"52";"27";"54";"";"44";"52";"0.4";"1.5";"44";"52";"6.1";"5.3";"5";"20";"80";"0";"10";"40";"10";"30";"80";"30";"13";"50";"20";"70";"90";"70";"90";"60";"0x1";"1x1";"15.2";"0.8";"1.6";"2.8";"1.5";"3.4";"45";"54";"14";"8";"10";"10";"4.9";"8.5";"9.2";"7.8";"5.4";"4.2";"2.5";"1.6";"2.5";"2.2";"2.5";"2.2";"2.5";"4.7";"4"
"Russia";"RUS";"FNL 2 - Group 3";"27-06-2026 11:00";"FT";"Shumbrat";"2";"0";"Ryazan";"1";"0";"";"";"63";"77";"75";"41";"";"48";"53";"2.4";"1.4";"54";"47";"3.7";"5.5";"";"";"";"";"80";"30";"0";"50";"20";"20";"80";"47";"80";"80";"100";"50";"20";"70";"1x0";"0x0";"14.2";"2.2";"1.2";"1.2";"0.8";"2.7";"51";"54";"3";"5";"10";"10";"8.2";"6.6";"7.8";"5.9";"4.1";"2.2";"1.4";"2.5";"2";"1.2";"1.5";"1.8";"2.5";"3.5";"4"
"Russia";"RUS";"FNL 2 - Group 3";"27-06-2026 12:00";"FT";"Spartak Tambov";"0";"2";"Volna Kovernino";"0";"1";"2.30";"2.94";"100";"88";"71";"75";"5";"73";"53";"2.8";"2.7";"78";"49";"3.7";"2.6";"";"";"";"";"90";"90";"10";"0";"0";"10";"93";"90";"100";"90";"90";"100";"10";"10";"1x0";"0x2";"11.5";"2.1";"2.2";"0.4";"0.5";"2.6";"60";"51";"1";"2";"10";"10";"7.7";"5.8";"4.1";"5.4";"3.4";"0.6";"1.3";"2.7";"2.3";"2.3";"3.1";"1.9";"1.9";"4.6";"4"
"Russia";"RUS";"FNL 2 - Group 3";"27-06-2026 13:00";"FT";"Strogino";"3";"1";"Kvant";"3";"0";"1.39";"6.56";"35";"2";"34";"24";"1";"31";"33";"0.5";"0.1";"29";"31";"6";"8.1";"10";"80";"10";"10";"10";"0";"20";"10";"70";"90";"17";"3";"30";"10";"80";"90";"90";"100";"0x1";"3x1";"15.6";"1";"0.7";"2";"3.1";"3.4";"40";"40";"15";"16";"10";"10";"6";"5.7";"8.7";"10.8";"4.1";"2.6";"3.2";"1.4";"1";"2";"1.8";"1.4";"1.8";"3.5";"4"
"Sierra Leone";"SLE";"Premier League";"27-06-2026 13:15";"FT";"Bhantal";"1";"2";"Abacha City";"1";"2";"";"";"74";"70";"14";"24";"";"58";"46";"0.7";"1";"44";"37";"16.5";"15.4";"3";"0";"67";"33";"10";"20";"40";"40";"50";"40";"23";"33";"50";"60";"60";"60";"90";"80";"0x0";"0x0";"14.4";"0.4";"0.7";"0.9";"1";"1.5";"47";"53";"9";"16";"10";"10";"6.6";"10.8";"4.1";"7.2";"5.4";"2";"2.5";"1.7";"4.8";"1.9";"0.7";"1.2";"1.3";"2.6";"2.4"
"Sierra Leone";"SLE";"Premier League";"27-06-2026 13:30";"FT";"Bai Bureh Warriors";"0";"0";"Wusum Stars";"0";"0";"1.80";"4.75";"84";"70";"41";"31";"1";"51";"42";"1.8";"1.3";"44";"42";"8.8";"9.6";"9";"33";"44";"22";"50";"40";"30";"10";"20";"50";"60";"43";"80";"50";"70";"90";"50";"60";"1x0";"0x1";"17.8";"1.2";"0.9";"0.6";"1";"1.8";"51";"47";"3";"13";"10";"10";"10.6";"8.6";"7";"9.4";"7";"2";"3.7";"4.2";"4";"1";"1.2";"0.9";"1";"2";"2.4"
"Sweden";"SWE";"Superettan";"27-06-2026 10:00";"FT";"Varberg BoIS";"2";"1";"Öster";"0";"0";"1.76";"4.08";"66";"49";"65";"58";"1";"54";"46";"2";"1.6";"54";"41";"6.1";"5.8";"10";"40";"30";"30";"60";"50";"20";"10";"20";"40";"67";"53";"80";"60";"80";"90";"40";"50";"3x1";"0x1";"22.8";"1.9";"1.7";"1.1";"1.6";"3.2";"52";"51";"3";"7";"10";"10";"11.7";"9.8";"9.7";"14.3";"9.4";"3";"6.3";"5.1";"4.5";"2";"1.3";"2.4";"2.1";"3.9";"3.3"
"Sweden";"SWE";"Superettan";"27-06-2026 10:00";"FT";"Ljungskile";"3";"2";"Örebro";"1";"2";"1.96";"3.48";"60";"49";"48";"27";"1";"53";"46";"1.2";"0.7";"56";"45";"9.1";"12.4";"9";"11";"78";"11";"30";"10";"30";"40";"40";"50";"40";"23";"60";"50";"70";"60";"70";"90";"4x1";"1x1";"22";"1.4";"0.8";"1.3";"1.6";"2.6";"49";"48";"13";"12";"10";"10";"12.7";"10.1";"10.7";"10.4";"8.7";"4.3";"4.1";"5.3";"3.7";"1.7";"1.7";"2.1";"1.9";"3.7";"3.3"
"Sweden";"SWE";"Superettan";"27-06-2026 12:00";"FT";"United Nordic";"3";"3";"Oddevold";"2";"0";"2.61";"2.48";"66";"63";"48";"54";"5";"50";"59";"1.8";"1.5";"50";"54";"9.3";"6.4";"";"";"";"";"50";"40";"30";"30";"20";"30";"60";"50";"80";"70";"70";"70";"50";"60";"1x1";"2x1";"19.8";"1.4";"1.6";"1.1";"1.2";"2.6";"51";"52";"5";"8";"10";"10";"13";"10.2";"8.8";"7.5";"7.6";"3.5";"3.2";"4.6";"3.8";"1.7";"1.2";"1.3";"2";"3.1";"3.3"
"Sweden";"SWE";"Superettan";"27-06-2026 12:00";"FT";"GIF Sundsvall";"0";"2";"Östersunds FK";"0";"0";"3.47";"1.99";"28";"52";"24";"54";"2";"40";"56";"0.6";"1.5";"36";"51";"10.7";"6.7";"10";"50";"30";"20";"20";"40";"0";"30";"80";"30";"20";"50";"20";"70";"100";"70";"80";"60";"0x1";"1x0";"19.4";"0.7";"1.6";"2.2";"1.5";"3";"40";"52";"16";"9";"10";"10";"7.5";"10.7";"11.6";"8.9";"8.2";"5.5";"3.8";"3.4";"3.8";"1.3";"2.1";"1";"1.2";"2.8";"3.3"
"Sweden";"SWE";"Ettan: North";"27-06-2026 08:00";"FT";"Stockholm Internazionale";"2";"0";"Enkoping";"1";"0";"1.36";"6.42";"63";"70";"75";"58";"1";"60";"50";"2";"1.9";"58";"46";"5.1";"5.1";"5";"60";"20";"20";"60";"60";"20";"10";"20";"30";"67";"63";"80";"70";"80";"90";"40";"40";"0x2";"0x2";"18.8";"2.2";"1.7";"1.2";"1";"3";"59";"52";"5";"4";"10";"10";"11.2";"8.6";"8.1";"9.6";"8.4";"3.7";"3.7";"5.5";"3.8";"1.3";"1.7";"1";"2";"3";"3.2"
"Sweden";"SWE";"Ettan: North";"27-06-2026 11:00";"FT";"Gefle";"2";"1";"Stocksund";"0";"1";"1.80";"3.32";"42";"25";"24";"65";"1";"45";"49";"0.9";"0.7";"44";"46";"12";"5.8";"2";"0";"50";"50";"20";"10";"30";"40";"50";"50";"30";"23";"50";"50";"70";"60";"80";"90";"0x2";"1x0";"20.5";"0.7";"1.9";"1.8";"2.3";"3.4";"45";"50";"14";"16";"10";"10";"8.4";"11";"10";"11.6";"9.7";"5.2";"5.1";"3.9";"5.2";"1.3";"2";"1.5";"2.5";"3.6";"3.2"
"Sweden";"SWE";"Ettan: North";"27-06-2026 12:00";"FT";"Arlanda";"1";"0";"IF Karlstad Fotboll";"0";"0";"3.21";"1.94";"77";"84";"48";"61";"2";"52";"60";"1.9";"2.1";"50";"56";"7.7";"6.3";"2";"0";"100";"0";"50";"60";"40";"30";"10";"10";"63";"70";"90";"90";"60";"70";"50";"40";"1x1";"0x2";"19.4";"1.4";"1.8";"0.8";"0.6";"2.3";"51";"56";"3";"2";"10";"10";"10.8";"11.4";"10.6";"6";"8.1";"4.3";"2.4";"4.8";"4.7";"2";"1.4";"1.5";"1.4";"3.2";"3.2"
"Sweden";"SWE";"Ettan: South";"27-06-2026 08:00";"FT";"Laholm";"3";"1";"Utsikten";"3";"0";"1.67";"3.97";"18";"10";"58";"17";"1";"46";"45";"0.9";"0.2";"45";"47";"7.1";"11.4";"";"";"";"";"30";"0";"0";"20";"70";"80";"30";"7";"30";"20";"100";"80";"70";"100";"1x2";"3x0";"20.6";"1.7";"0.5";"2.5";"2.7";"3.7";"46";"47";"15";"16";"10";"10";"12";"5.7";"11.7";"11.9";"9.4";"4.7";"5.8";"5.6";"2.7";"1.8";"0.9";"1.5";"0.7";"2.4";"3"
"Sweden";"SWE";"Ettan: South";"27-06-2026 08:00";"FT";"Trollhättan";"1";"1";"Ängelholm";"0";"0";"2.24";"2.64";"35";"56";"41";"71";"5";"54";"53";"0.8";"1.5";"57";"55";"8.8";"6";"10";"50";"20";"30";"10";"40";"50";"30";"40";"30";"27";"50";"60";"70";"50";"70";"90";"60";"0x2";"1x1";"20.8";"1.2";"2.1";"2";"1.4";"3.4";"56";"50";"14";"12";"10";"10";"10.5";"12.7";"9.1";"9.4";"8.2";"4.2";"3.6";"3.7";"4.9";"1";"1.3";"2.5";"0.5";"2.6";"3"
"Sweden";"SWE";"Ettan: South";"27-06-2026 11:00";"FT";"Åtvidaberg";"3";"3";"Rosengård";"3";"2";"2.43";"2.52";"63";"63";"82";"54";"5";"52";"59";"1.9";"1.8";"50";"57";"4.1";"8.1";"";"";"";"";"50";"60";"40";"0";"10";"40";"63";"60";"90";"60";"60";"100";"50";"40";"2x2";"1x2";"19.6";"2.4";"1.6";"1.2";"1.2";"3.2";"53";"54";"2";"6";"10";"10";"9.8";"13";"8.7";"7.8";"8.6";"3.5";"4";"4.5";"5.2";"1.3";"1.7";"1.6";"1.4";"3";"3"
"Sweden";"SWE";"Ettan: South";"27-06-2026 11:00";"FT";"Lund";"2";"1";"Skövde AIK";"2";"0";"1.43";"5.61";"60";"38";"68";"37";"1";"56";"43";"1.8";"1.3";"58";"41";"6.3";"6.9";"10";"40";"60";"0";"50";"30";"30";"40";"20";"30";"60";"43";"80";"70";"70";"60";"50";"70";"1x0";"1x1";"21.3";"2";"1.1";"1.3";"1.9";"3.2";"54";"46";"4";"11";"10";"10";"12.6";"7.6";"9.2";"13.2";"10";"4.1";"5.7";"6.4";"3.7";"1.5";"0.9";"1.1";"0.9";"2.2";"3"
"Sweden";"SWE";"Ettan: South";"27-06-2026 11:00";"FT";"Ariana";"1";"0";"Jönköpings Södra";"1";"0";"2.20";"2.73";"56";"74";"88";"58";"5";"53";"54";"2.1";"1.7";"52";"55";"4.8";"6.8";"4";"0";"75";"25";"70";"50";"0";"20";"30";"30";"70";"57";"70";"70";"100";"80";"30";"50";"0x1";"0x3";"20.6";"2.6";"1.7";"1.4";"0.9";"3.3";"50";"53";"3";"8";"10";"10";"12.5";"11.5";"9";"8.1";"7.8";"3.6";"2.6";"5.2";"4.1";"1.5";"1.7";"1.1";"2.2";"3.2";"3"
"Sweden";"SWE";"Division 2: Norra Gotaland";"27-06-2026 11:00";"FT";"Ahlafors";"2";"2";"Tord";"1";"1";"1.60";"4.29";"70";"38";"88";"27";"1";"48";"52";"2";"0.4";"52";"48";"4.9";"12.7";"3";"33";"33";"33";"60";"0";"20";"40";"20";"60";"67";"13";"80";"40";"80";"60";"40";"100";"2x3";"1x0";"23";"2.6";"0.8";"1";"1.9";"3.2";"50";"48";"5";"14";"10";"10";"12.7";"10.2";"14.7";"8.6";"10.1";"6.1";"4.3";"5.8";"4";"1.5";"1.7";"1.6";"1.2";"3";"3"
"Sweden";"SWE";"Division 2: Norra Gotaland";"27-06-2026 11:00";"FT";"Motala";"0";"1";"Vänersborgs FK";"0";"0";"1.56";"4.60";"60";"32";"44";"51";"1";"53";"42";"1.4";"0.9";"58";"41";"9.3";"4.2";"5";"40";"40";"20";"40";"20";"20";"30";"40";"50";"47";"30";"60";"50";"80";"70";"60";"80";"0x0";"3x1";"20.8";"1.3";"1.5";"1.3";"2.1";"3.1";"54";"45";"7";"10";"10";"10";"12.1";"6.3";"11.5";"11.6";"9.3";"5.4";"6.6";"3.6";"3";"1.5";"1";"0.6";"1";"2";"3"
"Sweden";"SWE";"Division 2: Norra Gotaland";"27-06-2026 11:00";"FT";"Husqvarna";"3";"1";"IF Karlstad II";"1";"1";"1.19";"10.23";"77";"35";"88";"31";"3";"58";"48";"2.6";"0.5";"56";"48";"4.2";"9.6";"";"";"";"";"80";"10";"20";"20";"0";"70";"87";"17";"100";"30";"80";"80";"20";"90";"3x1";"2x0";"19";"2.6";"0.9";"0.8";"2";"3.2";"54";"48";"1";"12";"10";"10";"11";"8.6";"7.1";"11.4";"8.6";"2.9";"5.8";"4.8";"3.8";"1.4";"1.8";"1.5";"2.4";"3.5";"3"
"Sweden";"SWE";"Division 2: Norra Svealand";"27-06-2026 08:00";"FT";"Franke";"1";"2";"Viggbyholms IK";"1";"0";"1.62";"4.14";"46";"28";"65";"24";"1";"47";"35";"1.3";"0.8";"46";"32";"5.6";"9.7";"7";"14";"71";"14";"30";"20";"40";"20";"30";"60";"43";"27";"70";"40";"60";"80";"70";"80";"2x2";"2x0";"21.2";"1.9";"0.7";"1.7";"2.2";"3.2";"45";"47";"7";"13";"10";"10";"10.7";"6.8";"14.2";"10.7";"9.8";"5.8";"5.2";"5.2";"3.3";"1.2";"1.2";"1";"1.5";"2.4";"2.9"
"Sweden";"SWE";"Division 2: Norra Svealand";"27-06-2026 10:00";"FT";"Täby";"2";"1";"Gute";"0";"1";"1.49";"4.76";"80";"38";"75";"34";"1";"55";"40";"2.3";"1";"50";"34";"5.9";"7.8";"7";"57";"29";"14";"70";"20";"20";"40";"10";"40";"77";"33";"90";"60";"80";"60";"30";"80";"3x0";"1x1";"21.7";"2.2";"1";"0.7";"1.9";"2.9";"52";"46";"5";"8";"10";"10";"12.9";"7.8";"8";"14.8";"8.2";"2.5";"5.2";"5";"3.5";"1";"1.4";"1.7";"0.4";"2.2";"2.9"
"Sweden";"SWE";"Division 2: Norra Svealand";"27-06-2026 11:00";"FT";"Bollstanäs";"5";"1";"Korsnäs IF FK";"1";"1";"1.66";"3.96";"38";"35";"65";"34";"1";"51";"42";"1.1";"0.7";"43";"36";"4";"4.3";"3";"67";"33";"0";"20";"20";"50";"10";"30";"70";"37";"23";"70";"30";"50";"90";"80";"80";"1x3";"1x0";"15.6";"1.9";"1";"1.9";"2";"3.4";"51";"46";"9";"12";"10";"10";"7.6";"4.3";"8.6";"10.7";"7.8";"3.9";"5.3";"3.7";"2.7";"1.4";"1.7";"1.2";"2";"3.2";"2.9"
"Sweden";"SWE";"Division 2: Norra Svealand";"27-06-2026 11:00";"FT";"Falu BS";"2";"0";"Lidingö";"1";"0";"1.40";"5.96";"74";"35";"54";"48";"1";"54";"50";"1.8";"1";"46";"43";"5.1";"7.2";"";"";"";"";"50";"20";"30";"40";"20";"40";"60";"33";"80";"60";"70";"60";"50";"80";"2x1";"1x1";"18.2";"1.6";"1.4";"0.9";"2";"3";"50";"54";"4";"10";"10";"10";"8.2";"10.1";"7.4";"10.6";"8.6";"2.8";"5.2";"4.6";"4.5";"1.6";"2.2";"1.8";"1.8";"3.7";"2.9"
"Sweden";"SWE";"Division 2: Norrland";"27-06-2026 08:00";"FT";"Täfteå";"1";"1";"Boden";"0";"0";"";"";"77";"60";"100";"41";"";"70";"43";"2.4";"1.3";"70";"32";"5.2";"3.9";"10";"20";"70";"10";"80";"30";"0";"40";"20";"30";"80";"43";"80";"70";"100";"60";"20";"70";"0x1";"1x1";"15.8";"3.2";"1.2";"0.8";"1.3";"3.2";"56";"49";"2";"4";"10";"10";"16.8";"4.7";"4.8";"5.3";"7.8";"2";"3.7";"7.5";"2.3";"1";"1.5";"2.2";"0.5";"2.6";"2.5"
"Sweden";"SWE";"Division 2: Norrland";"27-06-2026 08:00";"FT";"IFK Umeå";"2";"1";"Storfors";"0";"0";"4.08";"1.59";"2";"7";"27";"41";"2";"31";"32";"0.1";"0.8";"30";"27";"7.9";"3.7";"";"";"";"";"0";"20";"10";"20";"90";"60";"3";"27";"10";"40";"90";"80";"100";"80";"0x1";"2x0";"20.6";"0.8";"1.2";"3.4";"2.8";"4.1";"40";"38";"7";"6";"10";"10";"6.3";"4.4";"18.8";"11.6";"9.7";"8.2";"6";"2.8";"2.4";"2.5";"0.8";"0.7";"0.8";"2.4";"2.5"
"Sweden";"SWE";"Division 2: Norrland";"27-06-2026 09:00";"FT";"IFK Luleå";"0";"1";"Skellefteå";"0";"0";"2.16";"2.81";"60";"77";"95";"82";"5";"65";"76";"2.2";"2.1";"50";"70";"3.4";"8.3";"10";"20";"30";"50";"70";"60";"10";"30";"20";"10";"73";"70";"80";"90";"90";"70";"30";"40";"0x1";"1x1";"19.1";"2.8";"2.4";"1.3";"0.8";"3.6";"58";"66";"1";"3";"10";"10";"9.6";"20";"4.6";"4";"9.1";"2.8";"2";"5.8";"7.7";"0.6";"0.2";"1.4";"1.2";"1.8";"2.5"
"Sweden";"SWE";"Division 2: Norrland";"27-06-2026 11:00";"FT";"Tegs SK";"3";"3";"Friska Viljor";"2";"0";"";"";"35";"52";"61";"51";"";"60";"58";"1";"1.1";"56";"106";"9.7";"6.3";"5";"80";"0";"20";"20";"20";"40";"50";"40";"30";"33";"37";"60";"70";"60";"50";"80";"80";"1x1";"1x1";"24.2";"1.8";"1.5";"2";"1.5";"3.4";"56";"62";"6";"5";"10";"10";"17.5";"9.5";"10.5";"11";"11.5";"4.5";"4";"9";"5.5";"2";"1";"1.7";"1.2";"3";"2.5"
"Sweden";"SWE";"Division 2: Sodra Gotaland";"27-06-2026 11:00";"FT";"Räppe";"1";"4";"Staffanstorp United";"0";"2";"2.38";"2.49";"46";"42";"31";"68";"5";"37";"56";"0.8";"1.3";"40";"52";"7.6";"5.4";"";"";"";"";"20";"30";"20";"40";"60";"30";"27";"43";"40";"70";"80";"60";"80";"70";"1x2";"0x0";"19.6";"0.9";"2";"1.7";"1.8";"3.2";"47";"51";"13";"11";"10";"10";"6.8";"10.8";"15.6";"6.2";"9.4";"7.8";"3.1";"2.8";"5.1";"2.2";"1.4";"2.1";"1.1";"3.4";"3"
"Sweden";"SWE";"Division 2: Sodra Gotaland";"27-06-2026 11:00";"FT";"Solvesborg";"1";"0";"Oskarshamns AIK";"0";"0";"3.44";"1.82";"38";"52";"41";"68";"2";"55";"52";"0.7";"1.5";"44";"51";"11.3";"6.2";"3";"0";"100";"0";"20";"40";"10";"30";"70";"30";"23";"50";"30";"70";"90";"70";"80";"60";"0x1";"1x1";"22.8";"1.2";"2";"1.9";"1.5";"3.3";"53";"48";"12";"2";"10";"10";"13.6";"12.3";"9.8";"9.9";"10.9";"4.8";"4.4";"6.4";"6.1";"1";"1.3";"1.8";"2.7";"3.4";"3"
"Sweden";"SWE";"Division 2: Sodra Gotaland";"27-06-2026 11:00";"FT";"Österlen";"0";"3";"Karlskrona";"0";"3";"3.01";"1.99";"56";"56";"51";"54";"2";"56";"58";"1.5";"1.7";"53";"57";"7.8";"6.6";"10";"10";"60";"30";"40";"50";"30";"20";"30";"30";"50";"57";"70";"70";"70";"80";"60";"50";"1x1";"1x1";"19.3";"1.5";"1.6";"1.4";"1.4";"3";"53";"53";"8";"1";"10";"10";"11.7";"10.5";"7.3";"9.1";"8.8";"3.5";"3.4";"5.2";"5.6";"1.1";"1";"2";"1.2";"2.7";"3"
"Sweden";"SWE";"Division 2: Sodra Gotaland";"27-06-2026 11:00";"DELAYED";"Nosaby";"0";"0";"IFK Trelleborg";"0";"0";"2.54";"2.24";"46";"70";"61";"54";"5";"49";"60";"1.5";"1.8";"50";"59";"5.7";"7.2";"7";"43";"29";"29";"40";"50";"30";"30";"30";"20";"50";"60";"70";"80";"70";"70";"60";"50";"3x1";"1x1";"19.1";"1.8";"1.6";"1.7";"1";"3";"50";"54";"7";"3";"10";"10";"10.3";"11.6";"10.9";"5.6";"9.5";"6.1";"2.9";"4.1";"5.9";"2.3";"1.6";"1";"1.6";"3.2";"3"
"Sweden";"SWE";"Division 2: Sodra Svealand";"27-06-2026 08:00";"FT";"Haninge";"6";"1";"Sleipner";"3";"0";"1.86";"3.20";"56";"52";"100";"68";"1";"54";"56";"2.7";"1.9";"50";"55";"4";"4.8";"9";"56";"44";"0";"90";"50";"0";"40";"10";"10";"90";"63";"90";"90";"100";"60";"10";"50";"4x1";"1x1";"19";"3.1";"2";"1.4";"1.5";"4";"55";"51";"3";"4";"10";"10";"12.5";"9.5";"7.8";"8.1";"9.5";"4.2";"4";"6.4";"4.4";"1.6";"1.5";"1.4";"2.3";"3.4";"3.3"
"Sweden";"SWE";"Division 2: Sodra Svealand";"27-06-2026 11:00";"FT";"Eker Örebro";"1";"4";"Farsta";"1";"2";"4.33";"1.60";"25";"70";"44";"65";"2";"38";"58";"1.3";"1.9";"33";"50";"6.7";"6.2";"3";"33";"67";"0";"40";"60";"10";"10";"50";"30";"43";"63";"50";"70";"90";"90";"60";"40";"1x0";"0x1";"20.9";"1.3";"1.9";"2.3";"1";"3.2";"42";"52";"10";"6";"10";"10";"8.7";"11.7";"13";"8.4";"9";"6";"3.2";"3.8";"5.1";"1.6";"1.6";"1";"1.6";"2.8";"3.3"
"Sweden";"SWE";"Division 2: Vastra Gotaland";"27-06-2026 11:00";"FT";"Astorps FF";"1";"1";"Torslanda";"1";"0";"2.06";"2.84";"38";"60";"44";"48";"5";"56";"50";"1";"1.3";"54";"50";"8.8";"6.7";"";"";"";"";"20";"30";"40";"40";"40";"30";"33";"43";"60";"70";"60";"60";"80";"70";"0x3";"1x1";"18.6";"1.3";"1.4";"1.9";"1.3";"3";"53";"52";"11";"10";"10";"10";"11.5";"9.4";"7.5";"8.9";"8.1";"3.4";"3.9";"4.6";"4.3";"2.2";"1.2";"2.3";"2";"3.8";"2.8"
"Sweden";"SWE";"Division 2: Vastra Gotaland";"27-06-2026 11:00";"FT";"Astrio";"1";"2";"Hestrafor";"0";"1";"3.66";"1.71";"18";"35";"24";"71";"2";"38";"53";"0.4";"1.4";"36";"57";"12.4";"5.6";"3";"0";"0";"100";"10";"40";"10";"20";"80";"40";"13";"47";"20";"60";"90";"80";"90";"60";"0x2";"0x0";"22.4";"0.7";"2.1";"2.5";"2";"3.6";"48";"47";"14";"6";"10";"10";"8.7";"11.7";"14.5";"9.9";"10";"7.2";"4.7";"3.6";"4.5";"1.5";"1.3";"0.9";"1.2";"2.4";"2.8"
"Syria";"SYR";"Premier League";"27-06-2026 11:00";"FT";"Wahda";"1";"0";"Tishreen";"1";"0";"1.67";"4.24";"80";"63";"48";"41";"1";"";"";"2";"1.1";"";"";"";"";"10";"20";"60";"20";"60";"30";"20";"20";"20";"50";"67";"37";"80";"50";"80";"80";"40";"70";"1x0";"0x2";"";"1.4";"1.2";"0.7";"1.2";"2.2";"";"";"3";"6";"10";"10";"";"";"";"";"";"";"";"";"";"";"";"";"";"";"3"
"Tanzania";"TAN";"Ligi kuu Bara";"27-06-2026 10:00";"FT";"Namungo";"0";"0";"Fountain Gate";"0";"0";"1.66";"4.93";"63";"49";"24";"44";"1";"48";"46";"0.8";"1.3";"63";"65";"14.4";"6.8";"7";"14";"57";"29";"10";"40";"50";"10";"40";"50";"27";"43";"60";"50";"50";"90";"90";"60";"0x0";"1x0";"19.4";"0.7";"1.3";"1.2";"1.6";"2.4";"48";"43";"10";"12";"10";"10";"10.1";"8.8";"10.3";"9.8";"8.1";"4";"4.8";"4.1";"3.4";"1.9";"1";"1.2";"1.5";"2.8";"3"
"Tanzania";"TAN";"Ligi kuu Bara";"27-06-2026 10:00";"FT";"Young Africans";"3";"0";"TRA United SC";"1";"0";"1.13";"13.36";"84";"80";"92";"48";"3";"63";"54";"2.5";"1.8";"76";"70";"4.9";"7.1";"5";"60";"20";"20";"80";"50";"10";"30";"10";"20";"83";"60";"90";"80";"90";"70";"20";"50";"3x0";"1x1";"19.5";"2.7";"1.4";"0.6";"0.7";"2.7";"57";"53";"1";"5";"10";"10";"13.3";"10";"7";"8.6";"8.8";"2.9";"2.7";"6.9";"5";"0.9";"0.9";"1.8";"1.3";"2.4";"3"
"Tanzania";"TAN";"Ligi kuu Bara";"27-06-2026 10:00";"FT";"Dodoma Jiji";"1";"1";"Mbeya City";"1";"1";"3.85";"1.85";"52";"49";"24";"24";"2";"47";"48";"1";"1.1";"53";"53";"9.6";"8";"7";"29";"29";"43";"20";"30";"40";"20";"40";"50";"33";"37";"60";"50";"60";"80";"80";"70";"0x0";"1x0";"15";"0.7";"0.7";"1.5";"1.6";"2.2";"51";"45";"8";"13";"10";"10";"6.7";"5.6";"11.2";"6.4";"5.8";"5.4";"2.2";"2.8";"1.2";"1.8";"0.8";"1.6";"1";"2.6";"3"
"Tanzania";"TAN";"Ligi kuu Bara";"27-06-2026 10:00";"FT";"Coastal Union";"0";"2";"Azam";"0";"2";"";"";"60";"80";"54";"65";"";"45";"55";"1.7";"2.4";"59";"81";"5.6";"5.8";"10";"10";"50";"40";"50";"80";"20";"0";"30";"20";"57";"80";"70";"80";"80";"100";"50";"20";"1x1";"0x2";"18.6";"1.6";"1.9";"1.3";"0.7";"2.8";"50";"55";"9";"3";"10";"10";"8.9";"11.1";"10.3";"6.9";"8.1";"4.1";"2.9";"3.9";"5.3";"1.1";"1.3";"1.5";"1.8";"2.8";"3"
"Tanzania";"TAN";"Ligi kuu Bara";"27-06-2026 10:00";"FT";"Tanzania Prisons";"2";"1";"Mtibwa Sugar";"0";"0";"";"";"42";"18";"37";"27";"";"42";"46";"1.3";"0.4";"46";"58";"3.8";"9.8";"10";"10";"30";"60";"40";"10";"10";"10";"50";"80";"43";"13";"50";"20";"90";"90";"60";"90";"1x0";"1x0";"16.2";"1.1";"0.8";"1.8";"2.5";"3.1";"42";"45";"15";"14";"10";"10";"4.6";"7.8";"10.2";"9.7";"6.4";"3.8";"4.8";"1.8";"2.3";"1.9";"1.8";"1.2";"0.8";"2.9";"3"
"Tanzania";"TAN";"Ligi kuu Bara";"27-06-2026 10:00";"FT";"Pamba Jiji";"1";"2";"JKT Tanzania";"1";"1";"3.98";"1.93";"56";"63";"37";"27";"2";"50";"46";"1";"1";"69";"53";"7.2";"6.6";"3";"33";"33";"33";"30";"20";"10";"40";"60";"40";"33";"33";"40";"60";"90";"60";"70";"80";"0x2";"0x1";"14.6";"1.1";"0.8";"1.4";"1.2";"2.2";"46";"50";"7";"6";"10";"10";"7.9";"5.3";"8.1";"7.8";"6.4";"3.6";"3.7";"3";"2.5";"2";"3.4";"0.9";"1.4";"3.8";"3"
"Tanzania";"TAN";"Ligi kuu Bara";"27-06-2026 10:00";"FT";"Mashujaa";"2";"0";"KMC";"2";"0";"1.12";"46.95";"70";"32";"14";"31";"3";"44";"46";"1";"0.1";"63";"54";"22";"8.1";"5";"20";"40";"40";"20";"0";"40";"10";"40";"90";"33";"3";"60";"10";"60";"90";"80";"100";"0x0";"1x0";"18.4";"0.4";"0.9";"1";"2.1";"2.2";"48";"49";"11";"16";"10";"10";"8.8";"7.6";"10.6";"9.8";"7.5";"4.2";"4.9";"2.8";"3.1";"1.5";"1";"1.4";"1.4";"2.6";"3"
"Tanzania";"TAN";"Ligi kuu Bara";"27-06-2026 10:00";"FT";"Simba";"2";"0";"Singida Black Stars";"1";"0";"1.30";"8.60";"88";"70";"75";"82";"3";"64";"54";"2.8";"2.2";"72";"68";"5.4";"4.3";"4";"100";"0";"0";"90";"70";"10";"10";"0";"20";"93";"73";"100";"80";"90";"90";"10";"30";"1x0";"1x3";"18.2";"2.2";"2.4";"0.5";"1";"3";"60";"52";"2";"4";"10";"10";"11.9";"10.4";"6.4";"7.8";"7.4";"2.2";"3.1";"4.7";"4.7";"0.8";"1";"2.7";"1.2";"2.8";"3"
"Tajikistan";"TJK";"Vysshaya Liga";"27-06-2026 11:00";"FT";"Barkchi Hisar";"2";"2";"Vakhsh Bokhtar";"1";"2";"";"";"52";"56";"44";"37";"";"";"";"1.5";"1";"";"";"";"";"5";"60";"20";"20";"50";"20";"0";"40";"50";"40";"50";"33";"50";"60";"100";"60";"50";"80";"1x2";"1x1";"";"1.3";"1.1";"1.5";"1.4";"2.6";"";"";"6";"9";"10";"10";"";"";"";"";"";"";"";"";"";"0";"0.5";"1";"0";"0.8";"0.9"
"Tajikistan";"TJK";"Vysshaya Liga";"27-06-2026 12:00";"FT";"Eskhata";"0";"1";"Khujand";"0";"1";"";"";"35";"70";"48";"27";"";"";"";"1.4";"1";"";"";"";"";"10";"20";"60";"20";"40";"20";"20";"40";"40";"40";"47";"33";"60";"60";"80";"60";"60";"80";"2x1";"0x0";"";"1.4";"0.8";"2";"1";"2.6";"";"";"7";"8";"10";"10";"";"";"";"";"";"";"";"";"";"0";"";"0.5";"";"";"0.9"
"Uruguay";"URU";"Primera División Amateur";"27-06-2026 10:00";"FT";"Basáñez";"4";"1";"Potencia";"";"";"";"";"46";"25";"31";"41";"";"41";"48";"1";"1.2";"38";"46";"11.1";"11.7";"";"";"";"";"30";"40";"10";"0";"60";"60";"33";"40";"40";"40";"90";"100";"70";"60";"0x1";"1x2";"23.8";"0.9";"1.2";"1.7";"2.3";"3";"46";"45";"9";"8";"10";"10";"10";"14";"12.8";"10.7";"9.6";"5.2";"4";"5.8";"4.3";"1.5";"4.7";"2.8";"3.7";"6.2";"6.3"
"Uruguay";"URU";"Primera División Amateur";"27-06-2026 10:00";"FT";"Bella Vista";"9";"0";"Frontera Rivera";"";"";"";"";"63";"25";"68";"37";"";"62";"";"1.9";"1.3";"59";"";"";"";"";"";"";"";"60";"40";"10";"10";"30";"50";"63";"43";"70";"50";"90";"90";"40";"60";"0x2";"1x2";"";"2";"1.1";"1.2";"2.3";"3.3";"56";"";"3";"7";"10";"10";"15";"";"13";"";"";"5";"";"5.7";"";"2.8";"";"3.2";"";"";"6.3"
"Uruguay";"URU";"Primera División Amateur";"27-06-2026 10:00";"FT";"Deutscher";"0";"2";"Rampla Juniors";"";"";"";"";"77";"74";"85";"68";"";"62";"55";"2.2";"1.8";"65";"60";"6.2";"7.6";"";"";"";"";"70";"50";"10";"30";"20";"20";"73";"60";"80";"80";"90";"70";"30";"50";"2x0";"1x1";"22.4";"2.5";"2";"0.8";"0.9";"3.1";"57";"54";"1";"2";"10";"10";"15.5";"15.1";"6";"8.3";"9.2";"1.5";"3.4";"7.5";"6";"3";"3.6";"2";"4.3";"6.4";"6.3"
"Uruguay";"URU";"Primera División Amateur";"27-06-2026 15:00";"FT";"Salus";"1";"0";"Durazno FC";"0";"0";"2.44";"2.61";"84";"70";"51";"54";"5";"64";"51";"1.6";"1.5";"59";"41";"11.3";"5.2";"2";"0";"100";"0";"40";"50";"40";"0";"20";"50";"53";"50";"80";"50";"60";"100";"60";"50";"1x1";"1x0";"21.6";"1.5";"1.6";"0.6";"1";"2.4";"59";"49";"3";"7";"10";"10";"17";"8.3";"8";"10";"8.8";"3.7";"2.7";"8.3";"3";"3.3";"2";"3.3";"4";"6.4";"6.3"
"Uruguay";"URU";"Primera División Amateur";"27-06-2026 15:00";"AWAITING_UPDATES";"Rocha";"";"";"Mar de Fondo";"";"";"";"";"56";"60";"17";"51";"";"44";"50";"0.8";"1.2";"43";"44";"19.4";"6.3";"2";"0";"50";"50";"20";"40";"20";"0";"60";"60";"27";"40";"40";"40";"80";"100";"80";"60";"0x1";"1x0";"22.2";"0.5";"1.5";"1.4";"1.3";"2.3";"47";"50";"4";"6";"10";"10";"9.7";"9.5";"15.7";"9.5";"7.4";"4.7";"2.5";"4.7";"3";"2.7";"2";"4.3";"2.5";"5.8";"6.3"
"Uruguay";"URU";"Primera División Amateur";"27-06-2026 15:00";"AWAITING_UPDATES";"Villa Teresa";"";"";"Deportivo Colonia";"";"";"";"";"52";"49";"41";"41";"";"51";"";"1.1";"1";"50";"";"";"";"3";"33";"33";"33";"30";"30";"20";"10";"50";"60";"37";"33";"50";"40";"80";"90";"70";"70";"0x1";"0x3";"";"1.2";"1.2";"1.5";"1.6";"2.8";"50";"";"6";"2";"10";"10";"9.3";"";"11.7";"";"";"6.2";"";"2.8";"";"2.8";"";"2.7";"";"";"6.3"
"United States";"USA";"USL League Two";"27-06-2026 12:00";"FT";"New Jersey Copa";"1";"2";"Ironbound";"0";"1";"4.76";"1.48";"7";"66";"41";"68";"2";"34";"53";"0.7";"2.3";"39";"61";"9.8";"7.2";"5";"20";"60";"20";"20";"70";"10";"20";"70";"10";"23";"77";"30";"90";"90";"80";"80";"30";"0x2";"0x1";"27.2";"1.2";"2";"2.8";"1.1";"3.6";"45";"51";"7";"3";"10";"10";"11.8";"14.3";"17.5";"11";"12.8";"8.2";"5.7";"5.2";"6.3";"3.3";"1.7";"2.3";"1.3";"4.4";"4"
"United States";"USA";"USL League Two";"27-06-2026 14:00";"FT";"Edgewater Castle";"0";"5";"Chicago Dutch Lions";"0";"3";"";"";"7";"7";"54";"41";"";"49";"46";"0.8";"1.3";"50";"55";"6.4";"7.5";"";"";"";"";"25";"40";"0";"10";"75";"50";"25";"43";"25";"50";"100";"90";"75";"60";"1x2";"1x2";"21.5";"1.6";"1.2";"2.8";"2.8";"4.2";"49";"47";"8";"3";"8";"10";"10.2";"9.1";"10.5";"13.3";"10.6";"5.5";"6.1";"5.2";"4.4";"2.5";"1.4";"2.3";"1.7";"4";"4"
"United States";"USA";"USL League Two";"27-06-2026 16:00";"FT";"Louisville City II";"2";"0";"Kings Hammer Columbus";"0";"0";"";"";"60";"63";"68";"48";"";"58";"55";"1.8";"1.3";"50";"44";"5.4";"9.6";"";"";"";"";"56";"40";"11";"10";"33";"50";"59";"43";"67";"50";"89";"90";"44";"60";"0x2";"1x0";"20.9";"2";"1.4";"1.3";"1.2";"3";"50";"63";"2";"5";"9";"10";"10.7";"13.5";"6.7";"11";"9.4";"3.7";"5.5";"4";"5.5";"2";"1";"3.3";"0.5";"3.4";"4"
"United States";"USA";"USL League Two";"27-06-2026 16:00";"DELAYED";"Midwest United";"0";"0";"Union Macomb";"0";"0";"1.34";"6.27";"63";"4";"68";"58";"1";"60";"50";"1.4";"0.8";"47";"48";"8.8";"5.4";"5";"80";"20";"0";"40";"20";"20";"20";"40";"60";"47";"27";"60";"40";"80";"80";"60";"80";"0x1";"3x2";"22.4";"2";"1.7";"1.2";"2.9";"3.9";"43";"49";"3";"6";"10";"10";"17.7";"9.2";"6.7";"11.2";"10.6";"2.3";"5";"9";"5";"2.3";"1.6";"2";"1.8";"3.8";"4"
"United States";"USA";"USL League Two";"27-06-2026 17:30";"FT";"Rochester";"0";"2";"Rockford Raptors";"0";"1";"2.87";"1.92";"0";"21";"58";"58";"2";"45";"41";"1.2";"1.3";"45";"52";"6.6";"6.9";"";"";"";"";"40";"44";"0";"0";"60";"56";"40";"44";"40";"44";"100";"100";"60";"56";"0x3";"4x1";"24.5";"1.7";"1.7";"3";"2.4";"4.4";"49";"45";"9";"4";"10";"9";"11.2";"11.7";"13.2";"13";"13.2";"6.5";"7.7";"5.5";"6.7";"2.2";"0.8";"2.7";"1.2";"3.4";"4"
"United States";"USA";"USL League Two";"27-06-2026 18:00";"FT";"Buffalo";"1";"1";"Steel City";"0";"0";"";"";"70";"80";"100";"61";"";"62";"52";"2.3";"2";"62";"38";"6.6";"4.7";"4";"0";"75";"25";"70";"60";"20";"20";"10";"20";"77";"67";"90";"80";"80";"80";"30";"40";"3x1";"0x0";"25.8";"3.1";"1.8";"1";"0.7";"3.3";"50";"44";"1";"2";"10";"10";"20.5";"9.5";"11.5";"10";"11.8";"5";"4";"10";"4.5";"0.5";"2.5";"1.5";"1.5";"3";"4"
"United States";"USA";"USL League Two";"27-06-2026 18:00";"FT";"West Virginia Chaos";"2";"1";"Dayton Dutch Lions";"1";"0";"";"";"77";"49";"61";"37";"";"";"36";"2.4";"1.3";"";"28";"";"";"7";"29";"57";"14";"70";"40";"30";"10";"0";"50";"80";"43";"100";"50";"70";"90";"30";"60";"1x1";"0x1";"";"1.8";"1.1";"0.8";"1.6";"2.7";"";"39";"1";"4";"10";"10";"";"7.3";"";"15.7";"";"";"4.7";"";"3";"";"1";"";"1.7";"";"4"
"United States";"USA";"USL League Two";"27-06-2026 19:00";"FT";"Staten Island Athletic";"0";"6";"Long Island Rough Riders";"0";"3";"";"";"32";"74";"41";"75";"";"40";"61";"0.4";"2";"41";"75";"8.3";"8.4";"4";"0";"75";"25";"10";"60";"10";"20";"80";"20";"13";"67";"20";"80";"90";"80";"90";"40";"0x1";"0x4";"25";"1.2";"2.2";"2.1";"0.9";"3.2";"39";"57";"9";"3";"10";"10";"10";"18.4";"12.7";"8.9";"10.6";"5.7";"3.2";"4";"8.1";"2";"2.1";"2.3";"2.4";"4.4";"4"
"United States";"USA";"USL League Two";"27-06-2026 19:00";"FT";"Inter Gainesville";"4";"1";"Sporting JAX II";"2";"1";"";"";"32";"77";"24";"14";"";"49";"42";"0.8";"0.9";"42";"37";"20.7";"19.2";"2";"50";"0";"50";"20";"10";"20";"60";"60";"30";"27";"30";"40";"70";"80";"40";"80";"90";"0x0";"0x0";"23.2";"0.7";"0.4";"2.1";"0.8";"2";"44";"44";"6";"4";"10";"10";"14.5";"7.7";"13.5";"10.8";"9.8";"7.5";"4.3";"5.5";"2.3";"1";"2.3";"2.5";"3.2";"4.5";"4"
"United States";"USA";"USL League Two";"27-06-2026 19:30";"FT";"Port City";"0";"3";"Appalachian";"0";"2";"";"";"21";"63";"31";"82";"";"";"";"0.4";"1.8";"";"";"";"";"2";"0";"100";"0";"10";"50";"10";"30";"80";"20";"13";"60";"20";"80";"90";"70";"90";"50";"1x2";"0x4";"";"0.9";"2.4";"2.4";"1.2";"3.4";"";"";"10";"3";"10";"10";"";"";"";"";"";"";"";"";"";"";"";"";"";"";"4"
"United States";"USA";"USL League Two";"27-06-2026 20:00";"FT";"River Light";"2";"5";"Minneapolis City";"0";"3";"5.24";"1.38";"46";"84";"75";"100";"2";"50";"64";"1.5";"2.8";"79";"55";"6.7";"4.9";"2";"0";"50";"50";"40";"90";"30";"10";"30";"0";"50";"93";"70";"100";"70";"90";"60";"10";"2x1";"1x3";"25.6";"2.2";"3.4";"1.7";"0.6";"4";"51";"58";"6";"1";"10";"10";"14.8";"16.8";"12.8";"6.8";"12";"6.5";"2.4";"6.8";"8.4";"2.1";"3.6";"1.1";"2.6";"4.7";"4"
"United States";"USA";"USL League Two";"27-06-2026 20:00";"FT";"Lansing City";"2";"5";"AFC Ann Arbor";"1";"2";"4.94";"1.40";"2";"28";"31";"51";"2";"36";"48";"0.6";"1.3";"30";"40";"12.2";"6.1";"9";"11";"78";"11";"20";"40";"0";"10";"80";"50";"20";"43";"20";"50";"100";"90";"80";"60";"1x2";"1x2";"24.4";"0.9";"1.5";"3.4";"2.2";"4";"51";"54";"7";"5";"10";"10";"11";"9.1";"17";"11.7";"12";"8.5";"5.7";"5";"4.9";"2.5";"2.6";"3.8";"1.3";"5";"4"
"United States";"USA";"USL League Two";"27-06-2026 20:00";"FT";"Michigan Bucks";"1";"1";"Oakland County";"1";"0";"";"";"66";"77";"78";"85";"";"57";"";"2.2";"2.3";"51";"";"";"";"10";"80";"10";"10";"70";"70";"10";"20";"20";"10";"73";"77";"80";"90";"90";"80";"30";"30";"2x1";"1x2";"";"2.3";"2.5";"1.1";"0.8";"3.4";"51";"";"2";"1";"10";"10";"14.8";"";"10.4";"";"";"4";"";"7.2";"";"1.6";"";"2.4";"";"";"4"
"United States";"USA";"USL League Two";"27-06-2026 20:00";"FT";"Toledo Villa";"2";"3";"Northern Indiana";"1";"1";"";"";"18";"52";"31";"54";"";"43";"50";"0.4";"1.3";"40";"55";"7.8";"5.6";"";"";"";"";"10";"40";"10";"10";"80";"50";"13";"43";"20";"50";"90";"90";"90";"60";"0x1";"2x1";"17.1";"0.9";"1.6";"2.5";"1.5";"3.2";"42";"56";"6";"3";"10";"10";"7";"9";"9.5";"8.7";"7.2";"4.5";"3.7";"2";"4.3";"3.5";"3.3";"3.5";"1.7";"6";"4"
"United States";"USA";"USL League Two";"27-06-2026 20:00";"FT";"Akron City";"4";"0";"Lorain County Leviathan";"3";"0";"4.37";"1.53";"56";"56";"41";"88";"2";"53";"46";"1.1";"2";"51";"44";"12.7";"5.3";"";"";"";"";"30";"62";"20";"12";"50";"25";"37";"67";"50";"75";"80";"88";"70";"38";"1x4";"1x3";"27.5";"1.2";"2.6";"1.4";"1.4";"3.3";"52";"50";"6";"4";"10";"8";"15.2";"13.8";"12.8";"13.2";"12.2";"5.8";"5.8";"7";"5.8";"2.8";"1.2";"2";"1.8";"3.9";"4"
"United States";"USA";"USL League Two";"27-06-2026 20:00";"FT";"Reading United";"4";"1";"Pennsylvania Classics";"2";"1";"";"";"42";"10";"54";"51";"";"50";"46";"1.3";"0.9";"51";"50";"8.4";"3.7";"";"";"";"";"40";"20";"10";"30";"50";"50";"43";"30";"50";"50";"90";"70";"60";"80";"1x3";"1x1";"23.8";"1.6";"1.5";"1.8";"2.7";"3.8";"54";"50";"8";"6";"10";"10";"13.5";"5.5";"13.5";"15";"10";"7.5";"5.5";"4.5";"2.5";"1";"3.5";"1";"1";"3.2";"4"
"United States";"USA";"USL League Two";"27-06-2026 20:00";"FT";"Delaware FC";"5";"1";"Real Central New Jersey";"3";"0";"2.83";"2.00";"32";"49";"65";"61";"5";"48";"48";"1";"1.4";"59";"48";"7.5";"6.1";"3";"33";"33";"33";"30";"40";"10";"20";"60";"40";"33";"47";"40";"60";"90";"80";"70";"60";"1x2";"1x0";"25.5";"1.9";"1.8";"2.1";"1.6";"3.7";"51";"44";"7";"3";"10";"10";"14.3";"11";"16.7";"9";"12.4";"7.8";"4.5";"6";"6.5";"1.3";"1";"0.8";"2";"2.6";"4"
"United States";"USA";"USL League Two";"27-06-2026 20:00";"FT";"Tobacco Road";"2";"3";"Wake";"1";"1";"";"";"10";"0";"65";"31";"";"43";"45";"0.8";"0.3";"41";"37";"5.1";"5.6";"10";"60";"30";"10";"20";"10";"20";"0";"60";"90";"27";"10";"40";"10";"80";"100";"80";"90";"0x1";"2x1";"19.2";"1.9";"0.9";"2.7";"3";"4.2";"51";"38";"9";"11";"10";"10";"9.6";"5";"13.2";"10.7";"9.2";"7.2";"5";"4.8";"1.3";"1.8";"2.7";"3";"1.7";"4.6";"4"
"United States";"USA";"USL League Two";"27-06-2026 20:00";"FT";"SC United Bantams";"3";"3";"Salem City";"2";"3";"";"";"49";"28";"51";"58";"";"50";"";"1.5";"1";"38";"";"";"";"8";"12";"38";"50";"40";"30";"30";"10";"30";"60";"50";"33";"70";"40";"70";"90";"60";"70";"0x0";"2x1";"";"1.5";"1.7";"1.6";"2.2";"3.5";"49";"";"5";"8";"10";"10";"10.8";"";"9";"";"";"5.2";"";"5.8";"";"3";"";"2.2";"";"";"4"
"United States";"USA";"USL League Two";"27-06-2026 20:00";"FT";"Boston City";"1";"1";"Connecticut Rush";"1";"1";"6.25";"1.31";"2";"49";"41";"51";"2";"38";"46";"0.2";"1.2";"31";"37";"7.3";"6.6";"";"";"";"";"0";"40";"20";"0";"80";"60";"7";"40";"20";"40";"80";"100";"100";"60";"0x2";"1x3";"23.6";"1.2";"1.5";"3.9";"1.6";"4.1";"38";"49";"10";"6";"10";"10";"8.8";"9.9";"15.2";"13.2";"12.5";"10.3";"6.6";"3.5";"4.6";"1.5";"2.4";"1";"2.4";"3.6";"4"
"United States";"USA";"USL League Two";"27-06-2026 20:00";"FT";"Hickory";"0";"2";"Charlotte Independence 2";"0";"0";"";"";"74";"84";"82";"78";"";"";"";"2.4";"2.6";"";"";"";"";"";"";"";"";"80";"80";"0";"20";"20";"0";"80";"87";"80";"100";"100";"80";"20";"20";"2x1";"0x1";"";"2.4";"2.3";"0.9";"0.6";"3.1";"";"";"2";"1";"10";"10";"";"";"";"";"";"";"";"";"";"";"";"";"";"";"4"
"United States";"USA";"USL League Two";"27-06-2026 20:00";"FT";"Loudoun United II";"4";"0";"Virginia Marauders";"2";"0";"";"";"14";"0";"82";"10";"";"49";"32";"1.3";"0.3";"59";"34";"4.5";"22.7";"";"";"";"";"40";"10";"10";"0";"50";"90";"43";"10";"50";"10";"90";"100";"60";"90";"1x4";"3x0";"22.8";"2.4";"0.3";"2.6";"3";"4.2";"47";"43";"8";"10";"10";"10";"10.9";"6.8";"12.3";"15.8";"11.1";"5.6";"9.2";"5.1";"2.2";"2.3";"2.8";"2.1";"1.2";"4.2";"4"
"United States";"USA";"USL League Two";"27-06-2026 20:00";"FT";"Hill City";"1";"1";"Virginia Beach United";"0";"1";"";"";"35";"63";"95";"82";"";"42";"46";"1.6";"2";"38";"38";"3.6";"3.5";"";"";"";"";"50";"60";"10";"20";"40";"20";"53";"67";"60";"80";"90";"80";"50";"40";"0x0";"0x2";"22.4";"2.8";"2.4";"2";"1.2";"4.2";"48";"49";"6";"3";"10";"10";"10.2";"8.3";"14.5";"11.7";"10.6";"7.2";"4.3";"4.8";"5";"2.2";"1.3";"1.2";"2.7";"3.8";"4"
"United States";"USA";"USL League Two";"27-06-2026 20:00";"FT";"Shark Coast";"3";"2";"Nona";"2";"2";"";"";"42";"84";"41";"65";"";"44";"59";"0.9";"1.9";"45";"50";"8.8";"6.2";"2";"0";"100";"0";"10";"50";"60";"40";"30";"10";"30";"63";"70";"90";"40";"60";"90";"50";"1x1";"0x0";"22";"1.2";"1.9";"1.8";"0.6";"2.8";"46";"55";"5";"1";"10";"10";"10.5";"11.8";"15";"6.8";"9.6";"8";"1.8";"4.5";"5";"2";"3.5";"2.5";"3.2";"5.6";"4"
"United States";"USA";"USL League Two";"27-06-2026 20:00";"FT";"Brave";"4";"1";"Brooke House";"0";"0";"";"";"84";"42";"75";"51";"";"50";"58";"2";"1.3";"43";"52";"5.4";"7.5";"7";"43";"0";"57";"50";"30";"50";"40";"0";"30";"67";"43";"100";"70";"50";"60";"50";"70";"0x0";"2x2";"22.2";"2.2";"1.5";"0.6";"1.8";"3";"54";"56";"2";"3";"10";"10";"11.8";"11.3";"11.6";"9.7";"8.2";"3.2";"4.3";"6";"3";"2.8";"3";"1.6";"2.3";"4.8";"4"
"United States";"USA";"USL League Two";"27-06-2026 20:30";"FT";"Westchester Flames";"0";"1";"Cedar Stars Rush";"0";"1";"6.06";"1.34";"2";"49";"48";"51";"2";"37";"61";"0.4";"1.6";"48";"88";"5.9";"12";"8";"25";"75";"0";"10";"50";"10";"10";"80";"40";"13";"53";"20";"60";"90";"90";"90";"50";"1x3";"1x2";"30.6";"1.4";"1.5";"3.4";"1.6";"4";"40";"47";"10";"5";"10";"10";"8.3";"18";"20.3";"14.5";"12.6";"9.2";"6";"3.2";"7";"1.3";"1.7";"1.2";"1.7";"2.9";"4"
"United States";"USA";"USL League Two";"27-06-2026 20:30";"FT";"Hudson Valley Hammers";"4";"3";"Morris Elite";"1";"1";"";"";"42";"32";"82";"27";"";"52";"41";"1.7";"1";"61";"45";"7.1";"11.4";"7";"57";"14";"29";"50";"30";"20";"10";"30";"60";"57";"33";"70";"40";"80";"90";"50";"70";"3x1";"2x0";"28.6";"2.4";"0.8";"1.8";"2.1";"3.6";"56";"48";"4";"8";"10";"10";"17";"9.1";"14.2";"16.9";"12";"5.4";"7.1";"7.6";"3.7";"1.2";"2.4";"1.8";"1.6";"3.5";"4"
"United States";"USA";"USL League Two";"27-06-2026 20:30";"FT";"Bethesda SC";"1";"0";"Patuxent";"1";"0";"";"";"14";"2";"71";"10";"";"39";"30";"1.2";"0";"47";"40";"2.5";"13.3";"";"";"";"";"33";"0";"22";"0";"44";"100";"41";"0";"56";"0";"78";"100";"67";"100";"0x3";"7x0";"21.8";"2.1";"0.3";"2.6";"4.8";"4.9";"44";"36";"9";"11";"9";"10";"5.2";"4";"15.5";"18.8";"10";"6.2";"9.8";"3.2";"0.8";"2";"3.2";"1.8";"0.5";"3.8";"4"
"United States";"USA";"USL League Two";"27-06-2026 20:30";"FT";"Annapolis Blues";"6";"2";"Christos";"1";"2";"1.48";"4.59";"49";"28";"71";"51";"1";"63";"46";"1.3";"1.4";"74";"57";"7.1";"8";"3";"67";"33";"0";"40";"40";"10";"20";"50";"40";"43";"47";"50";"60";"90";"80";"60";"60";"0x2";"1x2";"23.1";"2.1";"1.5";"1.6";"2.2";"3.7";"60";"44";"7";"4";"10";"10";"14.9";"12";"6.4";"12.9";"10";"3.2";"5";"5.6";"6.2";"2";"2";"2.1";"2.2";"4.2";"4"
"United States";"USA";"USL League Two";"27-06-2026 21:00";"FT";"Sunflower State";"0";"5";"Santafé Wanderers";"0";"2";"";"";"25";"70";"48";"75";"";"56";"50";"1";"1.8";"60";"50";"7.9";"6.8";"4";"25";"50";"25";"30";"50";"10";"30";"60";"20";"33";"60";"40";"80";"90";"70";"70";"50";"1x3";"1x1";"25.2";"1.4";"2.2";"2.3";"1";"3.4";"48";"55";"5";"2";"10";"10";"11";"15";"12.5";"12";"12.8";"6";"5";"6.5";"8";"2.5";"2.3";"3";"2";"4.9";"4"
"United States";"USA";"USL League Two";"27-06-2026 21:00";"FT";"St. Louis Ambush";"0";"3";"Springfield";"0";"1";"";"";"46";"18";"51";"27";"";"";"";"1.1";"0.5";"";"";"";"";"5";"40";"40";"20";"30";"10";"20";"20";"50";"70";"37";"17";"50";"30";"80";"80";"70";"90";"0x2";"0x0";"";"1.5";"0.8";"1.7";"2.5";"3.2";"";"";"3";"6";"10";"10";"";"";"";"";"";"";"";"";"";"2";"";"1";"";"";"4"
"United States";"USA";"USL League Two";"27-06-2026 21:00";"FT";"Des Moines Menace";"1";"2";"Peoria";"1";"0";"";"";"32";"84";"58";"75";"";"";"48";"1.3";"2.6";"";"64";"";"";"10";"50";"10";"40";"40";"80";"10";"20";"50";"0";"43";"87";"50";"100";"90";"80";"60";"20";"3x1";"1x3";"";"1.7";"2.2";"2.1";"0.6";"3.3";"";"51";"4";"1";"10";"10";"";"14.7";"";"12.7";"";"";"7";"";"5";"";"1.7";"";"2.3";"";"4"
"United States";"USA";"USL League Two";"27-06-2026 21:00";"FT";"Mississippi Brilla";"4";"1";"Jackson Boom";"3";"1";"";"";"49";"21";"41";"3";"";"";"";"0.9";"0";"";"";"";"";"";"";"";"";"20";"0";"30";"0";"50";"100";"30";"0";"50";"0";"70";"100";"80";"100";"0x1";"1x0";"";"1.2";"0.1";"1.6";"2.4";"2.6";"";"";"5";"7";"10";"8";"5.5";"";"8.5";"";"";"3.5";"";"3";"";"2.3";"";"1";"";"";"4"
"United States";"USA";"USL League Two";"27-06-2026 21:00";"FT";"Little Rock Rangers";"3";"1";"Red River";"1";"1";"";"";"77";"63";"51";"71";"";"53";"";"2";"1.8";"45";"";"";"";"2";"50";"0";"50";"60";"50";"20";"30";"20";"20";"67";"60";"80";"80";"80";"70";"40";"50";"1x0";"1x4";"";"1.5";"2.1";"0.8";"1.2";"2.8";"56";"";"1";"3";"10";"10";"15";"";"11.3";"";"";"5";"";"6";"";"1.3";"";"3";"";"";"4"
"United States";"USA";"USL League Two";"27-06-2026 21:00";"FT";"Lubbock Matadors";"1";"2";"Texoma";"0";"0";"";"";"63";"60";"54";"68";"";"52";"57";"1.4";"1.5";"42";"93";"5.3";"5.8";"";"";"";"";"40";"50";"20";"0";"40";"50";"47";"50";"60";"50";"80";"100";"60";"50";"1x2";"2x1";"19.8";"1.6";"2";"1.2";"1.3";"3";"58";"54";"4";"3";"10";"10";"8.5";"11.7";"10.5";"8.8";"8.1";"4";"3";"4";"5.2";"2.7";"2.3";"1";"2.2";"4.1";"4"
"United States";"USA";"USL League Two";"27-06-2026 21:00";"FT";"Lonestar";"2";"1";"Houston FC";"0";"1";"";"";"63";"35";"51";"71";"";"";"61";"1.6";"1.4";"";"68";"";"";"";"";"";"";"40";"40";"40";"20";"20";"40";"53";"47";"80";"60";"60";"80";"60";"60";"1x1";"1x1";"";"1.5";"2.1";"1.2";"2";"3.4";"";"55";"4";"6";"10";"10";"";"18";"";"7";"";"";"2";"";"8";"";"1";"";"2.5";"";"4"
"United States";"USA";"USL League Two";"27-06-2026 21:00";"FT";"Hill Country Lobos";"4";"0";"Houston Sur";"3";"0";"";"";"18";"2";"61";"34";"";"";"32";"1.1";"0.2";"";"36";"";"";"4";"25";"0";"75";"30";"0";"20";"20";"50";"80";"37";"7";"50";"20";"80";"80";"70";"100";"0x3";"3x0";"";"1.8";"1";"2.5";"3.3";"4.3";"";"45";"8";"9";"10";"10";"";"6.8";"";"21.5";"";"";"8.8";"";"3.2";"4";"2.8";"0.5";"2.5";"4.8";"4"
"United States";"USA";"USL League Two";"27-06-2026 21:00";"POSTPONED";"San Antonio II";"";"";"GFI";"";"";"";"";"14";"49";"68";"99";"";"";"";"1.4";"2";"";"";"";"";"";"";"";"";"44";"60";"11";"20";"44";"20";"48";"67";"56";"80";"89";"80";"56";"40";"0x3";"0x0";"";"2";"2.9";"2.6";"1.6";"4.6";"";"";"5";"2";"9";"10";"";"";"";"";"";"";"";"";"";"";"";"";"";"";"4"
"United States";"USA";"USL League Two";"27-06-2026 21:30";"FT";"West Texas";"5";"5";"Denton Diablos";"1";"2";"";"";"56";"66";"58";"88";"";"52";"52";"1.4";"2.1";"68";"76";"6.3";"4.2";"5";"40";"60";"0";"40";"70";"20";"0";"40";"30";"47";"70";"60";"70";"80";"100";"60";"30";"0x1";"1x2";"19.1";"1.7";"2.6";"1.4";"1.1";"3.4";"43";"47";"5";"2";"10";"10";"10.7";"11";"8.3";"8.2";"8.4";"3";"4.6";"5";"4.2";"2";"2.4";"2.3";"1";"3.8";"4"
"United States";"USA";"USL League Two";"27-06-2026 22:00";"FT";"Flatirons Rush";"3";"3";"Colorado ISA";"3";"1";"";"";"21";"2";"24";"34";"";"";"";"0.1";"0.3";"";"";"";"";"10";"60";"0";"40";"0";"0";"10";"30";"90";"70";"3";"10";"10";"30";"90";"70";"100";"100";"1x2";"4x0";"";"0.7";"1";"2.4";"3.6";"3.8";"";"";"7";"6";"10";"10";"";"";"";"";"";"";"";"";"";"";"";"";"";"";"4"
"United States";"USA";"USL League Two";"27-06-2026 22:00";"FT";"Almaden";"2";"0";"Project 51O";"0";"0";"";"";"66";"63";"71";"82";"";"38";"54";"1.7";"2.5";"32";"47";"3.6";"5.2";"5";"60";"40";"0";"50";"80";"20";"10";"30";"10";"57";"83";"70";"90";"80";"90";"50";"20";"3x0";"1x2";"20.2";"2.1";"2.4";"1.1";"1.2";"3.4";"42";"54";"3";"2";"10";"10";"7.5";"12.5";"12.2";"8";"9.8";"4.8";"4";"4.2";"6.7";"1.6";"2.7";"1.8";"1.1";"3.6";"4"
"United States";"USA";"USL League Two";"27-06-2026 22:00";"FT";"Laredo Heat";"1";"0";"AHFC Royals";"1";"0";"";"";"80";"56";"78";"85";"";"67";"49";"2.1";"1.6";"61";"56";"7.4";"6.3";"2";"100";"0";"0";"60";"40";"30";"40";"10";"20";"70";"53";"90";"80";"70";"60";"40";"60";"1x1";"1x1";"28.4";"2.3";"2.5";"0.7";"1.4";"3.4";"58";"46";"1";"3";"10";"10";"18.3";"15.7";"11.3";"11.3";"12.2";"4";"4.3";"9";"7";"3";"4";"4";"4";"7.5";"4"
"United States";"USA";"USL League Two";"27-06-2026 22:30";"FT";"Real Colorado";"1";"3";"Utah United";"1";"1";"";"";"14";"84";"71";"99";"";"";"66";"1.5";"2.4";"";"76";"";"";"";"";"";"";"50";"70";"0";"30";"50";"0";"50";"80";"50";"100";"100";"70";"50";"30";"1x4";"0x0";"";"2.1";"2.9";"2.6";"0.6";"4.2";"";"58";"4";"1";"8";"10";"";"9.5";"";"6";"";"";"3";"";"4.8";"";"3.2";"";"3";"";"4"
"United States";"USA";"USL League Two";"27-06-2026 22:30";"FT";"Midlakes United";"2";"3";"Ballard";"2";"1";"7.69";"1.27";"38";"77";"51";"82";"4";"47";"58";"1";"2.5";"50";"68";"4.6";"4.7";"5";"0";"100";"0";"30";"80";"10";"10";"60";"10";"33";"83";"40";"90";"90";"90";"70";"20";"1x2";"1x2";"16";"1.5";"2.4";"1.9";"0.8";"3.3";"52";"56";"5";"2";"10";"10";"6.9";"11.2";"7.6";"6.2";"7.9";"3.3";"2.6";"3.6";"6.2";"2.4";"1.6";"1.3";"1.6";"3.4";"4"
"United States";"USA";"USL League Two";"27-06-2026 23:00";"FT";"Redlands";"1";"1";"Stars FC";"0";"1";"";"";"49";"60";"68";"51";"";"53";"47";"1.7";"1.5";"52";"47";"6.2";"6.7";"3";"67";"0";"33";"50";"40";"20";"30";"30";"30";"57";"50";"70";"70";"80";"70";"50";"60";"0x0";"1x1";"23.3";"2";"1.5";"1.6";"1.3";"3.2";"50";"52";"2";"3";"10";"10";"12.3";"10";"10.3";"13.9";"12";"6";"6.7";"6";"5.1";"1.3";"3.5";"2.7";"1.5";"4.5";"4"
"United States";"USA";"USL League Two";"27-06-2026 23:00";"FT";"Davis Legacy";"2";"2";"San Juan SC";"1";"1";"";"";"38";"7";"54";"41";"";"61";"48";"1.1";"0.5";"54";"46";"7.1";"10.3";"3";"33";"67";"0";"30";"10";"20";"20";"50";"70";"37";"17";"50";"30";"80";"80";"70";"90";"1x2";"3x0";"23.2";"1.6";"1.2";"1.9";"2.8";"3.8";"53";"50";"5";"8";"10";"10";"11.3";"12.3";"8.9";"14";"10.4";"4.7";"6";"4.1";"6";"1.8";"2.5";"2";"1.7";"4";"4"
"United States";"USA";"USL League Two";"27-06-2026 23:00";"DELAYED";"Capo II";"0";"0";"So Cal Eagles";"0";"0";"1.38";"5.25";"46";"25";"68";"37";"1";"48";"51";"1.5";"0.8";"46";"52";"6.1";"10.9";"4";"75";"25";"0";"40";"20";"30";"20";"30";"60";"50";"27";"70";"40";"70";"80";"60";"80";"1x1";"5x1";"26.5";"2";"1.1";"1.7";"2.3";"3.6";"49";"45";"6";"7";"10";"10";"12.2";"12";"16.8";"12";"11.4";"8";"6.5";"5.2";"3";"2";"1.5";"2.5";"2";"4";"4"
"United States";"USA";"NPSL";"27-06-2026 13:00";"FT";"Burlington United";"3";"4";"Bristol Rhythm";"3";"2";"";"";"25";"66";"44";"61";"";"";"";"0.9";"2.2";"";"";"";"";"2";"0";"100";"0";"20";"70";"30";"10";"50";"20";"30";"73";"50";"80";"70";"90";"80";"30";"2x4";"0x1";"";"1.3";"1.8";"2.3";"1.1";"3.2";"";"";"5";"1";"10";"10";"";"";"";"";"";"";"";"";"";"";"";"";"";"";"4.2"
"United States";"USA";"NPSL";"27-06-2026 15:00";"AWAITING_UPDATES";"Sun City";"";"";"Vacaville Elite";"";"";"";"";"70";"2";"100";"27";"";"59";"";"1.8";"0.6";"45";"";"";"";"";"";"";"";"60";"11";"0";"22";"40";"67";"60";"19";"60";"33";"100";"78";"40";"89";"11x0";"1x1";"";"5.2";"0.8";"1";"5.8";"6.4";"52";"";"4";"5";"5";"9";"12";"";"6";"";"";"5.5";"";"5";"";"1";"";"5";"";"";"4.2"
"United States";"USA";"NPSL";"27-06-2026 16:00";"FT";"New Jersey United";"3";"3";"PDA";"0";"1";"";"";"28";"2";"71";"54";"";"45";"";"1";"0.6";"50";"";"";"";"4";"100";"0";"0";"30";"20";"10";"0";"60";"80";"33";"20";"40";"20";"90";"100";"70";"80";"1x2";"0x5";"";"2.1";"1.6";"2.2";"3.1";"4.5";"40";"";"5";"7";"10";"10";"5";"";"6";"";"";"4";"";"1.5";"";"1.5";"";"1.5";"";"";"4.2"
"United States";"USA";"NPSL";"27-06-2026 18:30";"FT";"Virginia Dream";"0";"1";"Ristozi";"0";"1";"2.23";"2.51";"60";"52";"85";"100";"5";"45";"49";"1.9";"2.4";"50";"58";"4.2";"2.2";"2";"50";"50";"0";"60";"80";"10";"0";"30";"20";"63";"80";"70";"80";"90";"100";"40";"20";"0x2";"1x2";"19.8";"2.5";"3.3";"1.3";"1.5";"4.3";"50";"52";"2";"1";"10";"10";"10.6";"7.4";"12.8";"8.8";"9.7";"5.2";"5";"4.6";"4.6";"2.6";"1.4";"3.2";"1.6";"4.4";"4.2"
"United States";"USA";"NPSL";"27-06-2026 19:00";"FT";"SI Guardians";"1";"3";"Milwaukee Torrent";"1";"1";"";"";"2";"52";"31";"92";"";"";"60";"0";"1.6";"";"65";"";"";"3";"0";"100";"0";"0";"50";"0";"10";"100";"40";"0";"53";"0";"60";"100";"90";"100";"50";"1x3";"0x2";"";"0.9";"2.7";"5.7";"1.5";"5.4";"";"57";"6";"4";"10";"10";"";"16.2";"";"14";"";"";"8.2";"";"8.5";"";"1.5";"";"3";"";"4.2"
"United States";"USA";"NPSL";"27-06-2026 19:00";"FT";"Flower City Union";"2";"0";"Buffalo Stallions";"1";"0";"";"";"49";"2";"65";"48";"";"47";"";"1.2";"0.6";"50";"";"";"";"2";"100";"0";"0";"30";"20";"30";"0";"40";"80";"40";"20";"60";"20";"70";"100";"70";"80";"1x1";"2x1";"";"1.9";"1.4";"1.6";"3.2";"4";"40";"";"4";"6";"10";"10";"11.3";"";"14.3";"";"";"4";"";"5.3";"";"2";"";"1.3";"";"";"4.2"
"United States";"USA";"NPSL";"27-06-2026 19:00";"AWAITING_UPDATES";"Hershey";"";"";"Philadelphia Ukrainians";"";"";"";"";"2";"42";"10";"100";"";"";"60";"0";"1.9";"";"96";"";"";"8";"12";"75";"12";"0";"60";"0";"10";"100";"30";"0";"63";"0";"70";"100";"90";"100";"40";"0x5";"1x3";"";"0.3";"3.4";"7.9";"1.8";"6.7";"";"56";"8";"3";"10";"10";"";"33";"";"15.5";"";"";"9";"";"11";"";"3";"";"1.5";"";"4.2"
"United States";"USA";"NPSL";"27-06-2026 19:30";"FT";"DMV Elite";"0";"3";"FC Frederick";"0";"2";"";"";"21";"0";"31";"71";"";"47";"";"0.3";"1.4";"56";"";"";"";"3";"33";"33";"33";"10";"40";"0";"20";"90";"40";"10";"47";"10";"60";"100";"80";"90";"60";"0x2";"0x2";"";"0.9";"2.1";"2.4";"3";"4.2";"47";"";"9";"6";"10";"10";"9.7";"";"13.3";"";"";"6.3";"";"4.7";"";"2";"";"2.3";"";"";"4.2"
"United States";"USA";"NPSL";"27-06-2026 19:30";"FT";"District Elite";"1";"2";"Virginia Beach City";"0";"1";"";"";"32";"28";"65";"71";"";"51";"42";"1.4";"1.8";"58";"42";"5.5";"3.7";"";"";"";"";"40";"60";"20";"0";"40";"40";"47";"60";"60";"60";"80";"100";"60";"40";"0x0";"1x3";"19.2";"1.9";"2.1";"2.1";"2.2";"4.2";"48";"47";"5";"3";"10";"10";"10.4";"7.8";"7";"13.2";"9.5";"4.4";"4.5";"5.6";"4.5";"2.2";"1";"1.8";"2";"3.5";"4.2"
"United States";"USA";"NPSL";"27-06-2026 20:00";"FT";"Ambassadors Ohio";"12";"0";"Niagara 1812";"7";"0";"";"";"56";"2";"51";"34";"";"45";"";"1.8";"0.5";"49";"";"";"";"2";"100";"0";"0";"60";"10";"0";"20";"40";"70";"60";"17";"60";"30";"100";"80";"40";"90";"2x1";"4x0";"";"1.5";"1";"1.4";"3.2";"3.6";"49";"";"3";"7";"10";"10";"12.2";"";"17.5";"";"";"8.5";"";"4.2";"";"2";"";"1.8";"";"";"4.2"
"United States";"USA";"NPSL";"27-06-2026 20:00";"FT";"Santa Cruz FC";"4";"4";"American SC New York";"3";"1";"";"";"42";"46";"44";"75";"";"";"";"1.4";"1.3";"";"";"";"";"";"";"";"";"44";"30";"11";"40";"44";"30";"48";"43";"56";"70";"89";"60";"56";"70";"0x2";"3x3";"";"1.3";"2.2";"1.8";"1.7";"3.5";"";"";"3";"4";"9";"10";"";"";"";"";"";"";"";"";"";"";"";"";"";"";"4.2"
"United States";"USA";"NPSL";"27-06-2026 20:00";"FT";"New York Shockers";"0";"0";"New Haven United";"0";"0";"";"";"42";"60";"99";"88";"";"";"";"1.8";"2.5";"";"";"";"";"4";"25";"50";"25";"60";"80";"0";"10";"40";"10";"60";"83";"60";"90";"100";"90";"40";"20";"2x0";"1x2";"";"2.9";"2.6";"1.8";"1.3";"4.3";"";"";"2";"1";"10";"10";"";"";"";"";"";"";"";"";"";"";"";"";"";"";"4.2"
"United States";"USA";"NPSL";"27-06-2026 20:00";"FT";"WC Predators";"1";"3";"Motown";"0";"2";"2.99";"1.96";"14";"52";"92";"68";"2";"40";"58";"1.2";"1.6";"40";"70";"3.3";"7.6";"2";"0";"100";"0";"30";"50";"30";"10";"40";"40";"40";"53";"60";"60";"70";"90";"70";"50";"2x3";"3x1";"24.8";"2.7";"2";"2.6";"1.5";"4.4";"42";"54";"6";"4";"10";"10";"9";"16.7";"15.5";"8.3";"9.6";"5";"3.7";"5";"5.7";"1.5";"2";"2";"2.3";"3.9";"4.2"
"United States";"USA";"NPSL";"27-06-2026 20:00";"FT";"865 Alliance";"1";"1";"Charlottetowne Hops";"1";"0";"";"";"38";"14";"65";"58";"";"";"";"1.3";"1";"";"";"";"";"5";"0";"20";"80";"40";"30";"10";"10";"50";"60";"43";"33";"50";"40";"90";"90";"60";"70";"0x1";"2x1";"";"1.9";"1.7";"1.9";"2.6";"4";"";"";"2";"6";"10";"10";"";"";"";"";"";"";"";"";"";"";"";"";"";"";"4.2"
"United States";"USA";"NPSL";"27-06-2026 20:00";"FT";"Statesville";"1";"1";"Greenville United";"0";"0";"";"";"52";"46";"82";"51";"";"";"";"1.5";"1.4";"";"";"";"";"";"";"";"";"50";"40";"0";"20";"50";"40";"50";"47";"50";"60";"100";"80";"50";"60";"0x1";"1x2";"";"2.4";"1.5";"1.5";"1.7";"3.6";"";"";"4";"3";"8";"10";"";"";"";"";"";"";"";"";"";"";"";"";"";"";"4.2"
"United States";"USA";"NPSL";"27-06-2026 20:00";"AWAITING_UPDATES";"Wisconsin Conquerors";"";"";"Gio's Lions";"";"";"";"";"0";"46";"54";"78";"";"27";"43";"1.2";"1.7";"31";"46";"6.2";"5.3";"5";"0";"80";"20";"40";"50";"0";"20";"60";"30";"40";"57";"40";"70";"100";"80";"60";"50";"1x5";"1x1";"27.6";"1.6";"2.3";"3";"1.7";"4.3";"28";"48";"5";"3";"10";"10";"10";"12.3";"20";"13";"14.8";"11";"6.3";"6.5";"5.7";"3";"3.2";"0.5";"1.5";"4.2";"4.2"
"United States";"USA";"NPSL";"27-06-2026 20:00";"AWAITING_UPDATES";"Erie Commodores";"";"";"Cleveland SC";"";"";"";"";"100";"60";"100";"78";"";"";"52";"2.8";"1.9";"";"54";"";"";"10";"30";"60";"10";"90";"60";"10";"10";"0";"30";"93";"63";"100";"70";"90";"90";"10";"40";"4x0";"2x0";"";"3.1";"2.3";"0.2";"1.3";"3.4";"";"55";"1";"2";"10";"10";"";"15";"";"11.2";"";"";"4.5";"";"6";"";"1.5";"";"2.5";"";"4.2"
"United States";"USA";"NPSL";"27-06-2026 20:00";"AWAITING_UPDATES";"Grove Soccer United";"";"";"Alexandria Reds";"";"";"";"";"35";"63";"37";"88";"";"48";"46";"0.8";"1.6";"54";"48";"11.8";"3.4";"8";"12";"62";"25";"20";"50";"20";"10";"60";"40";"27";"53";"40";"60";"80";"90";"80";"50";"1x2";"2x1";"24.6";"1.1";"2.6";"2";"1.2";"3.4";"44";"50";"7";"4";"10";"10";"13";"8.8";"13";"14.4";"9.5";"5";"5.8";"5";"3.2";"2.5";"1.2";"0.5";"2";"3.1";"4.2"
"United States";"USA";"NPSL";"27-06-2026 20:30";"FT";"Minnesota Blizzard";"0";"4";"Duluth";"0";"4";"4.28";"1.62";"46";"60";"37";"85";"2";"42";"";"0.9";"1.8";"42";"";"";"";"5";"0";"80";"20";"20";"50";"30";"30";"50";"20";"30";"60";"50";"80";"70";"70";"80";"50";"0x2";"0x0";"";"1.1";"2.5";"1.7";"1.3";"3.3";"43";"";"4";"2";"10";"10";"12.3";"";"17";"";"";"7";"";"3.3";"";"2.7";"";"2.3";"";"";"4.2"
"United States";"USA";"NPSL";"27-06-2026 20:30";"FT";"Osner’s";"0";"5";"Newport";"0";"4";"2.48";"2.25";"18";"0";"17";"54";"5";"49";"";"0.2";"0.7";"54";"";"";"";"";"";"";"";"0";"14";"20";"29";"80";"57";"7";"24";"20";"43";"80";"71";"100";"86";"0x0";"2x0";"";"0.5";"1.6";"2.5";"3";"3.8";"48";"";"6";"5";"10";"7";"11.5";"";"12";"";"";"4.5";"";"4.8";"";"1.8";"";"0.8";"";"";"4.2"
"United States";"USA";"NPSL";"27-06-2026 21:00";"FT";"Sioux Falls Thunder";"1";"2";"Dakota Fusion";"1";"1";"";"";"7";"49";"48";"78";"";"";"";"0.8";"1.6";"";"";"";"";"9";"11";"67";"22";"20";"50";"20";"10";"60";"40";"27";"53";"40";"60";"80";"90";"80";"50";"0x2";"0x2";"";"1.4";"2.3";"2.8";"1.6";"4";"";"";"5";"3";"10";"10";"";"";"";"";"";"";"";"";"";"";"";"";"";"";"4.2"
"United States";"USA";"NPSL";"27-06-2026 21:30";"FT";"Oakland Stompers";"6";"3";"Real San Jose";"4";"1";"";"";"46";"2";"100";"20";"";"49";"27";"2";"0.1";"52";"25";"2.8";"9.5";"4";"100";"0";"0";"60";"0";"20";"10";"20";"90";"67";"3";"80";"10";"80";"90";"40";"100";"1x0";"2x1";"22.2";"3.6";"0.6";"1.7";"5.8";"5.8";"55";"36";"2";"6";"10";"10";"10";"5.7";"10.5";"18.3";"8.5";"2.5";"8.7";"4.5";"1.3";"4";"4";"1.5";"2";"5.8";"4.2"
"United States";"USA";"WPSL";"27-06-2026 14:00";"AWAITING_UPDATES";"Erie W";"";"";"Rochester New York W";"";"";"";"";"2";"52";"31";"37";"";"";"";"0.7";"1.1";"";"";"";"";"6";"0";"67";"33";"10";"30";"40";"20";"50";"50";"23";"37";"50";"50";"60";"80";"90";"70";"1x1";"1x0";"";"0.9";"1.1";"3.5";"1.5";"3.5";"";"";"5";"3";"10";"10";"";"";"";"";"";"";"";"";"";"";"";"";"";"";"0.9"
"United States";"USA";"WPSL";"27-06-2026 15:00";"AWAITING_UPDATES";"New York Dutch Lions W";"";"";"Brooklyn City W";"";"";"";"";"2";"56";"27";"68";"";"31";"42";"0.1";"1.5";"27";"45";"7.1";"5.5";"5";"20";"80";"0";"0";"50";"10";"0";"90";"50";"3";"50";"10";"50";"90";"100";"100";"50";"0x3";"2x1";"22.7";"0.8";"2";"4.5";"1.4";"4.4";"41";"43";"7";"3";"10";"10";"5.7";"11";"16";"12.7";"11.4";"8";"6.3";"2.7";"5.7";"0.3";"0.3";"0.7";"0.3";"0.8";"0.9"
"United States";"USA";"WPSL";"27-06-2026 15:00";"AWAITING_UPDATES";"Gulf Coast United W";"";"";"Union 10 W";"";"";"";"";"21";"28";"75";"58";"";"";"";"1.4";"1.1";"";"";"";"";"3";"67";"33";"0";"40";"30";"20";"20";"40";"50";"47";"37";"60";"50";"80";"80";"60";"70";"4x1";"0x1";"";"2.2";"1.7";"2.4";"2.2";"4.2";"";"";"4";"3";"10";"10";"";"";"";"";"";"";"";"";"";"";"";"";"";"";"0.9"
"United States";"USA";"WPSL";"27-06-2026 16:00";"AWAITING_UPDATES";"STA W";"";"";"SUSA W";"";"";"";"";"25";"42";"54";"44";"";"60";"";"0.8";"1.4";"63";"";"";"";"6";"67";"33";"0";"20";"40";"20";"20";"60";"40";"27";"47";"40";"60";"80";"80";"80";"60";"0x2";"0x0";"";"1.6";"1.3";"2.3";"1.8";"3.5";"55";"";"5";"4";"10";"10";"16.7";"";"10.3";"";"";"6.7";"";"4.7";"";"0";"";"0.3";"";"";"0.9"
"United States";"USA";"WPSL";"27-06-2026 16:00";"AWAITING_UPDATES";"Clarkstown W";"";"";"New York Athletic W";"";"";"";"";"70";"84";"100";"82";"";"63";"53";"2.2";"2.2";"67";"52";"7.3";"6";"2";"0";"50";"50";"70";"70";"10";"10";"20";"20";"73";"73";"80";"80";"90";"90";"30";"30";"0x0";"0x2";"30.8";"3.1";"2.4";"1";"0.6";"3.6";"54";"51";"2";"1";"10";"10";"22.5";"14.3";"10.5";"14.2";"15";"6.5";"5.8";"11";"6.7";"0";"0.5";"0";"0.2";"0.4";"0.9"
"United States";"USA";"WPSL";"27-06-2026 17:00";"AWARDED";"Little Rock Rangers W";"";"";"Baton Rouge United W";"";"";"";"";"100";"2";"100";"34";"";"78";"32";"2.8";"0.5";"85";"35";"7.5";"11";"";"";"";"";"88";"10";"12";"20";"0";"70";"92";"17";"100";"30";"88";"80";"12";"90";"0x0";"2x0";"40";"4.2";"1";"0.4";"3.3";"4.4";"64";"42";"1";"5";"8";"10";"31.5";"11";"7.5";"30";"18.9";"4.5";"15";"13";"5.3";"0.5";"0.3";"0";"1.7";"1.2";"0.9"
"United States";"USA";"WPSL";"27-06-2026 17:00";"AWAITING_UPDATES";"Chicago KICS W";"";"";"Green Bay Glory W";"";"";"";"";"2";"14";"61";"44";"";"30";"36";"0.7";"0.5";"29";"33";"5";"8.7";"5";"20";"60";"20";"20";"10";"10";"20";"70";"70";"23";"17";"30";"30";"90";"80";"80";"90";"0x6";"4x0";"32.5";"1.8";"1.3";"3.1";"2.6";"4.4";"46";"43";"5";"4";"10";"10";"9";"11.3";"21";"23.7";"16.6";"9.5";"13";"5";"5.7";"0";"0.7";"0";"1";"0.8";"0.9"
"United States";"USA";"WPSL";"27-06-2026 17:00";"AWAITING_UPDATES";"Missouri Rush W";"";"";"FC Pride W";"";"";"";"";"2";"52";"20";"82";"";"";"66";"0.3";"1.5";"";"65";"";"";"";"";"";"";"0";"50";"29";"0";"71";"50";"10";"50";"29";"50";"71";"100";"100";"50";"0x0";"1x4";"";"0.6";"2.4";"4.1";"1.5";"4.3";"";"54";"5";"3";"7";"10";"";"19";"";"9.6";"";"";"5.4";"";"9.6";"";"0.2";"";"0.8";"";"0.9"
"United States";"USA";"WPSL";"27-06-2026 17:00";"AWAITING_UPDATES";"Arlington Red W";"";"";"Alexandria Reds W";"";"";"";"";"52";"18";"71";"41";"";"47";"42";"1.4";"1.3";"54";"48";"6.7";"11.5";"3";"100";"0";"0";"40";"40";"20";"10";"40";"50";"47";"43";"60";"50";"80";"90";"60";"60";"1x2";"1x2";"31.1";"2.1";"1.2";"1.5";"2.5";"3.6";"48";"48";"3";"2";"10";"10";"14";"13.8";"13";"21.5";"16.4";"6.8";"11.5";"7.8";"6.8";"0.2";"0";"0.8";"0";"0.5";"0.9"
"United States";"USA";"WPSL";"27-06-2026 17:00";"AWAITING_UPDATES";"Valdosta W";"";"";"Pensacola W";"";"";"";"";"2";"100";"31";"100";"";"";"";"0.1";"2.8";"";"";"";"";"";"";"";"";"0";"90";"14";"10";"86";"0";"5";"93";"14";"100";"86";"90";"100";"10";"0x17";"0x4";"";"0.9";"6.3";"6.7";"0.2";"7";"";"";"6";"1";"7";"10";"";"";"";"";"";"";"";"";"";"";"";"";"";"";"0.9"
"United States";"USA";"WPSL";"27-06-2026 18:00";"AWAITING_UPDATES";"Chicago House W";"";"";"Milwaukee Bavarian W";"";"";"";"";"100";"74";"92";"100";"";"54";"66";"2.2";"2.2";"44";"64";"5.4";"5.5";"3";"0";"67";"33";"70";"60";"10";"40";"20";"0";"73";"73";"80";"100";"90";"60";"30";"40";"2x0";"0x4";"29.6";"2.7";"4.2";"0.4";"0.9";"4.1";"53";"55";"2";"3";"10";"10";"14.5";"23";"11.5";"10.2";"16";"8";"4.8";"8.5";"10.8";"1.5";"0.6";"0.5";"0.2";"1.4";"0.9"
"United States";"USA";"WPSL";"27-06-2026 19:00";"FT";"Rhode Island Rogues W";"6";"0";"Albany Rush W";"0";"0";"1.49";"5.17";"60";"63";"68";"41";"1";"62";"";"1.8";"1";"54";"";"";"";"2";"50";"0";"50";"60";"30";"0";"10";"40";"60";"60";"33";"60";"40";"100";"90";"40";"70";"2x0";"1x0";"";"2";"1.2";"1.3";"1.2";"2.8";"51";"";"3";"5";"10";"10";"21.2";"";"9.5";"";"";"4.8";"";"11.8";"";"0";"";"0.2";"";"";"0.9"
"United States";"USA";"WPSL";"27-06-2026 19:00";"AWAITING_UPDATES";"Columbus Eagles W";"";"";"Corktown W";"";"";"";"";"84";"18";"100";"7";"";"";"";"2.4";"0";"";"";"";"";"5";"80";"0";"20";"80";"0";"0";"0";"20";"100";"80";"0";"80";"0";"100";"100";"20";"100";"4x0";"3x0";"";"3.1";"0.2";"0.6";"2.5";"3.2";"";"";"2";"5";"10";"10";"";"";"";"";"";"";"";"";"";"";"";"";"";"";"0.9"
"United States";"USA";"WPSL";"27-06-2026 19:00";"AWAITING_UPDATES";"Vermont Wild W";"";"";"Inter CT FC W";"";"";"";"";"18";"2";"7";"7";"";"";"12";"0";"0";"";"10";"";"";"";"";"";"";"0";"0";"0";"0";"100";"100";"0";"0";"0";"0";"100";"100";"100";"100";"0x2";"5x0";"";"0.2";"0.2";"2.5";"4.2";"3.5";"";"34";"7";"8";"6";"6";"";"3";"";"30.5";"";"";"17.5";"";"1";"";"0";"";"0";"";"0.9"
"United States";"USA";"WPSL";"27-06-2026 19:00";"AWAITING_UPDATES";"North Carolina W";"";"";"WFC Charlotte W";"";"";"";"";"38";"63";"41";"100";"";"";"";"1";"2.7";"";"";"";"";"3";"0";"100";"0";"30";"90";"10";"0";"60";"10";"33";"90";"40";"90";"90";"100";"70";"10";"1x2";"1x2";"";"1.2";"3";"1.9";"1.2";"3.6";"";"";"4";"2";"10";"10";"";"";"";"";"";"";"";"";"";"";"";"";"";"";"0.9"
"United States";"USA";"WPSL";"27-06-2026 19:00";"AWAITING_UPDATES";"UFA Gunners W";"";"";"Chattanooga W";"";"";"";"";"46";"66";"48";"41";"";"";"";"1.2";"1.5";"";"";"";"";"3";"33";"67";"0";"30";"40";"30";"30";"40";"30";"40";"50";"60";"70";"70";"70";"70";"60";"0x0";"1x1";"";"1.4";"1.2";"1.7";"1.1";"2.7";"";"";"5";"6";"10";"10";"";"";"";"";"";"";"";"";"";"";"";"";"";"";"0.9"
"United States";"USA";"WPSL";"27-06-2026 20:00";"FT";"Vale W";"1";"1";"Middletown Sporting CT W";"0";"0";"7.70";"1.26";"35";"56";"34";"100";"4";"43";"60";"1";"2.4";"41";"54";"13.7";"5.5";"";"";"";"";"29";"80";"14";"0";"57";"20";"33";"80";"43";"80";"86";"100";"71";"20";"0x2";"0x1";"32";"1";"3.3";"2";"1.4";"3.8";"47";"58";"6";"2";"7";"10";"13.7";"18.3";"21.7";"10.3";"18.2";"13.3";"5.7";"8";"9.3";"0.3";"0.7";"0.3";"0.3";"0.8";"0.9"
"United States";"USA";"WPSL";"27-06-2026 20:00";"AWAITING_UPDATES";"SJEB W";"";"";"Real Central NJ W";"";"";"";"";"74";"49";"100";"65";"";"59";"";"2.8";"1.5";"69";"";"";"";"3";"100";"0";"0";"90";"50";"10";"0";"0";"50";"93";"50";"100";"50";"90";"100";"10";"50";"2x0";"2x1";"";"3.1";"1.9";"0.9";"1.6";"3.8";"56";"";"1";"6";"10";"10";"19.2";"";"13.4";"";"";"5.6";"";"11";"";"0.8";"";"0.6";"";"";"0.9"
"United States";"USA";"WPSL";"27-06-2026 20:00";"AWAITING_UPDATES";"Junction W";"";"";"Missouri Reign W";"";"";"";"";"25";"28";"58";"24";"";"50";"26";"1.2";"0.6";"45";"22";"5.5";"8.3";"3";"33";"67";"0";"40";"10";"0";"30";"60";"60";"40";"20";"40";"40";"100";"70";"60";"90";"2x1";"2x0";"23.2";"1.7";"0.7";"2.3";"2.2";"3.4";"47";"46";"2";"4";"10";"10";"9.3";"5.8";"11.3";"20";"12.5";"5.7";"10.8";"5.3";"3.2";"1";"0.5";"0";"0.2";"0.9";"0.9"
"United States";"USA";"WPSL";"27-06-2026 20:00";"AWAITING_UPDATES";"Napa Valley 1839 W";"";"";"Nevada W";"";"";"";"";"7";"2";"58";"27";"";"38";"";"1.2";"0.5";"44";"";"";"";"";"";"";"";"30";"12";"30";"12";"40";"75";"40";"17";"60";"25";"70";"88";"70";"88";"2x2";"3x0";"";"1.7";"0.8";"2.8";"3.2";"4.2";"39";"";"3";"6";"10";"8";"11.7";"";"24";"";"";"13";"";"5.7";"";"0.7";"";"0.3";"";"";"0.9"
"United States";"USA";"WPSL";"27-06-2026 20:00";"AWAITING_UPDATES";"LA Krewe Rush W";"";"";"Shreveport United W";"";"";"";"";"49";"25";"100";"58";"";"46";"";"2.3";"0.9";"46";"";"";"";"3";"100";"0";"0";"70";"20";"20";"30";"10";"50";"77";"30";"90";"50";"80";"70";"30";"80";"0x0";"1x1";"";"3.3";"1.7";"1.6";"2.3";"4.4";"42";"";"2";"3";"10";"10";"16";"";"15";"";"";"7";"";"9.5";"";"1.5";"";"0.5";"";"";"0.9"
"United States";"USA";"WPSL";"27-06-2026 20:00";"AWAITING_UPDATES";"Carolina W";"";"";"Soda City W";"";"";"";"";"46";"0";"54";"10";"";"";"";"1.1";"0.1";"";"";"";"";"3";"100";"0";"0";"30";"0";"20";"10";"50";"90";"37";"3";"50";"10";"80";"90";"70";"100";"1x2";"3x0";"";"1.6";"0.3";"1.7";"3";"3.3";"42";"";"3";"5";"10";"10";"3";"";"7";"";"";"3.5";"";"0.5";"";"";"";"";"";"";"0.9"
"United States";"USA";"WPSL";"27-06-2026 20:00";"AWAITING_UPDATES";"Decatur W";"";"";"Georgia Impact W";"";"";"";"";"74";"56";"100";"54";"";"";"";"2.1";"1.8";"";"";"";"";"4";"50";"25";"25";"60";"50";"30";"30";"10";"20";"70";"60";"90";"80";"70";"70";"40";"50";"1x1";"0x0";"";"3";"1.6";"0.9";"1.4";"3.4";"";"";"3";"1";"10";"10";"";"";"";"";"";"";"";"";"";"";"";"";"";"";"0.9"
"United States";"USA";"WPSL";"27-06-2026 20:00";"AWAITING_UPDATES";"Arlington VA W";"";"";"District Elite W";"";"";"";"";"70";"25";"100";"27";"";"";"42";"2.5";"0.3";"";"50";"";"";"";"";"";"";"80";"0";"10";"33";"10";"67";"83";"11";"90";"33";"90";"67";"20";"100";"4x1";"0x0";"";"3.2";"0.8";"1";"2.3";"3.7";"";"44";"1";"5";"10";"6";"";"14.5";"";"18.5";"";"";"8.5";"";"6.5";"";"0";"";"0";"";"0.9"
"United States";"USA";"WPSL";"27-06-2026 20:00";"AWAITING_UPDATES";"Bay City Reign W";"";"";"Kings Hammer Swan City W";"";"";"";"";"";"";"";"";"";"";"";"0.2";"";"";"";"";"";"";"";"";"";"0";"";"17";"";"83";"";"6";"";"17";"";"83";"";"100";"";"";"";"";"0.5";"";"6.8";"";"";"";"";"4";"";"6";"";"";"";"";"";"";"";"";"";"";"";"";"";"";"";""
"United States";"USA";"WPSL";"27-06-2026 20:30";"AWAITING_UPDATES";"Monmouth W";"";"";"Love City W";"";"";"";"";"21";"49";"99";"78";"";"40";"";"1.6";"2.1";"57";"";"";"";"";"";"";"";"50";"57";"10";"43";"40";"0";"53";"71";"60";"100";"90";"57";"50";"43";"1x2";"1x1";"";"2.9";"2.3";"2.4";"1.6";"4.6";"45";"";"4";"3";"10";"7";"19.5";"";"24";"";"";"10.5";"";"11";"";"0.5";"";"0";"";"";"0.9"
"United States";"USA";"WPSL";"27-06-2026 21:00";"FT";"Joy W";"1";"1";"St. Croix W";"0";"1";"6.44";"1.32";"18";"77";"17";"78";"2";"34";"63";"0.7";"2.3";"30";"53";"16.6";"7.9";"5";"0";"60";"40";"20";"70";"10";"20";"70";"10";"23";"77";"30";"90";"90";"80";"80";"30";"0x3";"0x4";"26.4";"0.5";"2.3";"2.5";"0.8";"3";"43";"56";"6";"3";"10";"10";"8.3";"18.2";"18.3";"8";"14";"9.3";"4.8";"5.2";"8.8";"0";"0";"0.3";"0";"0.2";"0.9"
"United States";"USA";"WPSL";"27-06-2026 21:00";"DELAYED";"Spokane SC Shadow W";"0";"0";"Portland Thorns II W";"0";"0";"3.75";"1.57";"56";"100";"82";"100";"2";"";"";"1.6";"3";"";"";"";"";"5";"20";"60";"20";"50";"100";"10";"0";"40";"0";"53";"100";"60";"100";"90";"100";"50";"0";"0x2";"0x3";"";"2.4";"3.5";"1.4";"0.4";"3.8";"";"";"2";"1";"10";"10";"";"";"";"";"";"";"";"";"";"";"";"";"";"";"0.9"
"United States";"USA";"WPSL";"27-06-2026 21:00";"AWAITING_UPDATES";"Wichita W";"";"";"Kansas City Current II W";"";"";"";"";"2";"84";"24";"100";"";"28";"63";"0.6";"2.2";"30";"62";"11";"4.9";"";"";"";"";"20";"67";"0";"22";"80";"11";"20";"74";"20";"89";"100";"78";"80";"33";"1x0";"0x2";"28";"0.7";"3.6";"3.5";"0.6";"4.2";"50";"56";"6";"1";"10";"9";"7.7";"17.5";"22.3";"8.5";"13";"8.7";"4";"3.3";"10";"1";"1.5";"0.5";"0.5";"1.8";"0.9"
"United States";"USA";"WPSL";"27-06-2026 21:00";"AWAITING_UPDATES";"Oklahoma City W";"";"";"Kansas City SG W";"";"";"";"";"56";"66";"54";"78";"";"65";"50";"1.6";"2.3";"64";"45";"11.9";"5.2";"5";"20";"40";"40";"50";"70";"10";"20";"40";"10";"53";"77";"60";"90";"90";"80";"50";"30";"0x2";"1x2";"24.6";"1.6";"2.3";"1.4";"1.1";"3.2";"54";"50";"3";"2";"10";"10";"19";"12";"7.2";"11";"11";"2.8";"5";"7.6";"6.5";"0.8";"0";"0.8";"0.5";"1";"0.9"
"United States";"USA";"WPSL";"27-06-2026 21:00";"AWAITING_UPDATES";"SouthStar W";"";"";"Austin Rise W";"";"";"";"";"28";"70";"54";"68";"";"";"54";"1.6";"1.9";"";"60";"";"";"5";"40";"40";"20";"50";"60";"10";"10";"40";"30";"53";"63";"60";"70";"90";"90";"50";"40";"2x0";"0x2";"";"1.6";"2";"2.2";"1";"3.4";"";"52";"3";"1";"10";"10";"";"21";"";"12.5";"";"";"7.5";"";"11";"";"2";"";"1";"";"0.9"
"United States";"USA";"WPSL";"27-06-2026 21:00";"AWAITING_UPDATES";"Westside Timbers W";"";"";"Vancouver Victory W";"";"";"";"";"46";"2";"44";"27";"";"";"";"0.8";"0.7";"";"";"";"";"5";"40";"0";"60";"20";"20";"20";"10";"60";"70";"27";"23";"40";"30";"80";"90";"80";"80";"0x3";"0x0";"";"1.3";"0.8";"1.7";"3.6";"3.7";"";"";"3";"4";"10";"10";"";"";"";"";"";"";"";"";"";"";"";"";"";"";"0.9"
"United States";"USA";"WPSL";"27-06-2026 22:00";"AWAITING_UPDATES";"El Paso Surf W";"";"";"SC del Sol W";"";"";"";"";"4";"66";"31";"100";"";"";"";"0.8";"2.1";"";"";"";"";"9";"0";"89";"11";"20";"70";"20";"0";"60";"30";"27";"70";"40";"70";"80";"100";"80";"30";"0x4";"1x4";"";"0.9";"3.5";"2.9";"1.1";"4.2";"";"";"4";"3";"10";"10";"";"";"";"";"";"";"";"";"";"";"";"";"";"";"0.9"
"United States";"USA";"WPSL";"27-06-2026 22:00";"AWAITING_UPDATES";"Future W";"";"";"Rebels Chula Vista W";"";"";"";"";"25";"66";"51";"78";"";"";"48";"1.1";"2.2";"";"43";"";"";"";"";"";"";"30";"70";"20";"10";"50";"20";"37";"73";"50";"80";"80";"90";"70";"30";"1x4";"0x0";"";"1.5";"2.3";"2.3";"1.1";"3.6";"";"56";"4";"1";"10";"10";"";"13.7";"";"16.8";"";"";"7.7";"";"6";"";"0.5";"";"0.2";"";"0.9"
"United States";"USA";"WPSL";"27-06-2026 23:00";"FT";"Tucson W";"3";"0";"Royals AZ W";"1";"0";"4.84";"1.54";"28";"80";"68";"100";"2";"62";"";"1.9";"2.7";"60";"";"";"";"6";"0";"33";"67";"60";"90";"10";"0";"30";"10";"63";"90";"70";"90";"90";"100";"40";"10";"2x1";"0x3";"";"2";"3.7";"2.2";"0.7";"4.3";"53";"";"2";"1";"10";"10";"18.8";"";"12.8";"";"";"6.8";"";"9";"";"0.7";"";"0.7";"";"";"0.9"
"United States";"USA";"WPSL";"27-06-2026 23:00";"AWAITING_UPDATES";"Fresno Freeze W";"";"";"Fuego W";"";"";"";"";"18";"60";"51";"82";"";"";"";"1.3";"2.1";"";"";"";"";"";"";"";"";"40";"71";"10";"0";"50";"29";"43";"71";"50";"71";"90";"100";"60";"29";"2x1";"2x1";"";"1.5";"2.4";"2.5";"1.3";"3.8";"";"";"7";"3";"10";"7";"";"";"";"";"";"";"";"";"";"";"";"";"";"";"0.9"
"United States";"USA";"WPSL";"27-06-2026 23:00";"AWAITING_UPDATES";"Desert Dreams W";"";"";"Arizona Arsenal W";"";"";"";"";"10";"10";"44";"44";"";"";"44";"0.7";"0.8";"";"41";"";"";"2";"50";"50";"0";"20";"20";"10";"20";"70";"60";"23";"27";"30";"40";"90";"80";"80";"80";"1x2";"2x1";"";"1.3";"1.3";"2.7";"2.7";"4";"";"45";"6";"5";"10";"10";"";"13";"";"18.5";"";"";"6.5";"";"7";"";"0";"";"0.5";"";"0.9"
"United States";"USA";"WPSL";"27-06-2026 23:00";"AWAITING_UPDATES";"So Cal Eagles W";"";"";"Beach W";"";"";"";"";"66";"56";"51";"82";"";"62";"58";"1.2";"1.6";"44";"49";"4.7";"6";"4";"0";"100";"0";"40";"50";"0";"10";"60";"40";"40";"53";"40";"60";"100";"90";"60";"50";"0x1";"1x0";"17.2";"1.5";"2.4";"1.1";"1.4";"3.2";"52";"49";"2";"4";"10";"10";"7";"14.5";"5";"8";"4.6";"1";"3.3";"0.5";"4.3";"0.5";"0.3";"0.5";"0.5";"0.9";"0.9"
"United States";"USA";"WPSL";"27-06-2026 23:30";"AWAITING_UPDATES";"Iron Rose W";"";"";"Yuba W";"";"";"";"";"63";"21";"92";"31";"";"44";"";"1.8";"0.5";"42";"";"";"";"";"";"";"";"50";"12";"30";"12";"20";"75";"60";"17";"80";"25";"70";"88";"50";"88";"1x1";"1x0";"";"2.7";"0.9";"1.2";"2.4";"3.6";"49";"";"2";"5";"10";"8";"11";"";"12.7";"";"";"6";"";"5.7";"";"1";"";"0.3";"";"";"0.9"
"United States";"USA";"MLS Next Pro";"27-06-2026 17:00";"FT";"Portland Timbers II";"2";"3";"San Jose Earthquakes II";"1";"1";"2.26";"2.56";"60";"63";"54";"78";"5";"53";"46";"2";"1.7";"54";"51";"6.4";"4.2";"10";"40";"40";"20";"60";"50";"20";"20";"20";"30";"67";"57";"80";"70";"80";"80";"40";"50";"1x0";"0x1";"27.4";"1.6";"2.3";"1.3";"1.2";"3.2";"47";"47";"4";"8";"10";"10";"15.7";"13.4";"11";"14.6";"10.1";"4.5";"4.8";"5.7";"5.2";"2.6";"2.7";"2.6";"1.9";"4.9";"4.6"
"United States";"USA";"MLS Next Pro";"27-06-2026 20:00";"FT";"Chattanooga";"2";"2";"Chicago Fire II";"1";"0";"1.54";"4.68";"42";"49";"61";"54";"1";"51";"45";"1.4";"1.4";"49";"43";"5.8";"5.8";"3";"0";"67";"33";"40";"40";"20";"20";"40";"40";"47";"47";"60";"60";"80";"80";"60";"60";"0x1";"2x1";"24.2";"1.8";"1.6";"1.8";"1.6";"3.4";"46";"49";"6";"9";"10";"10";"12.9";"11.9";"12.8";"10.8";"8.7";"4.6";"4.1";"4.8";"3.9";"1.3";"2.4";"2.3";"1.7";"3.8";"4.6"
"United States";"USA";"MLS Next Pro";"27-06-2026 20:00";"FT";"Atlanta United II";"3";"3";"Crown Legacy";"2";"2";"1.86";"3.21";"49";"52";"78";"68";"1";"58";"59";"1.6";"1.6";"60";"55";"6";"4.9";"10";"30";"50";"20";"50";"40";"10";"40";"40";"20";"53";"53";"60";"80";"90";"60";"50";"60";"0x2";"2x2";"27.6";"2.3";"2";"1.6";"1.5";"3.7";"54";"56";"8";"2";"10";"10";"17.8";"14.5";"12.1";"10.7";"10.2";"4.6";"4.1";"6.9";"4.7";"1.9";"2.3";"3";"3.4";"5.3";"4.6"
"United States";"USA";"MLS Next Pro";"27-06-2026 21:00";"FT";"Colorado Rapids II";"1";"0";"Whitecaps FC II";"0";"0";"2.03";"2.90";"38";"25";"20";"37";"5";"47";"55";"0.3";"0.5";"49";"62";"15.3";"8.6";"9";"67";"0";"33";"0";"10";"30";"20";"70";"70";"10";"17";"30";"30";"70";"80";"100";"90";"0x2";"2x1";"25.4";"0.6";"1.1";"1.9";"2.3";"3";"53";"51";"14";"12";"10";"10";"10.9";"13.1";"14.2";"12.5";"9.6";"5.5";"4.9";"4.2";"4.5";"3.1";"2.4";"2";"2.4";"4.9";"4.6"
"United States";"USA";"MLS Next Pro";"27-06-2026 23:00";"FT";"Ventura County";"3";"1";"Real Monarchs";"0";"1";"2.40";"2.40";"49";"46";"54";"41";"5";"49";"52";"1.2";"1";"51";"52";"6.1";"8.3";"10";"40";"30";"30";"30";"30";"30";"10";"40";"60";"40";"33";"60";"40";"70";"90";"70";"70";"1x1";"1x0";"27.3";"1.6";"1.2";"1.6";"1.7";"3";"55";"55";"5";"9";"10";"10";"13.4";"14.4";"15";"11.8";"11.1";"6.5";"4.9";"5.1";"5.7";"1.6";"2.9";"2.2";"2.9";"4.8";"4.6"
"United States";"USA";"USL W League";"27-06-2026 15:00";"FT";"Rochester W";"1";"3";"Rockford Raptors W";"1";"1";"";"";"21";"46";"14";"51";"";"34";"53";"0.6";"1.3";"30";"62";"23.8";"11.8";"";"";"";"";"20";"40";"0";"10";"80";"50";"20";"43";"20";"50";"100";"90";"80";"60";"0x1";"0x1";"33.8";"0.4";"1.5";"2.4";"1.7";"3";"50";"50";"8";"5";"10";"10";"9.5";"17.7";"25";"15.3";"17.6";"14.5";"7.7";"5";"8";"0.7";"0.7";"0.7";"0.3";"1.2";"1.4"
"United States";"USA";"USL W League";"27-06-2026 15:00";"FT";"New Jersey Copa W";"3";"2";"Morris Elite W";"0";"2";"11.64";"1.12";"2";"49";"41";"100";"4";"57";"54";"0.9";"2.5";"92";"80";"16.7";"5";"2";"0";"100";"0";"30";"80";"0";"10";"70";"10";"30";"83";"30";"90";"100";"90";"70";"20";"2x1";"1x2";"32.2";"1.2";"3.8";"3.4";"1.6";"5";"56";"50";"5";"2";"10";"10";"20";"19";"14";"11.5";"15.8";"7";"6";"7.5";"11";"0";"0";"0.5";"0";"0.2";"1.4"
"United States";"USA";"USL W League";"27-06-2026 16:00";"POSTPONED";"Port City NC W";"";"";"United Bantams W";"";"";"";"";"52";"35";"85";"48";"";"";"";"1.8";"0.6";"";"";"";"";"2";"50";"50";"0";"60";"20";"0";"0";"40";"80";"60";"20";"60";"20";"100";"100";"40";"80";"3x0";"2x0";"";"2.5";"1.4";"1.5";"2";"3.7";"";"";"3";"6";"10";"10";"";"";"";"";"";"";"";"";"";"";"";"";"";"";"1.4"
"United States";"USA";"USL W League";"27-06-2026 18:00";"FT";"Erie Sports Center W";"3";"3";"Flower City 1872 W";"1";"2";"";"";"4";"28";"34";"65";"";"";"";"0.6";"1.4";"";"";"";"";"3";"33";"67";"0";"20";"40";"0";"20";"80";"40";"20";"47";"20";"60";"100";"80";"80";"60";"0x1";"0x2";"";"1";"1.9";"2.9";"2.2";"4";"";"";"6";"3";"10";"10";"";"";"";"";"";"";"";"";"";"";"";"";"";"";"1.4"
"United States";"USA";"USL W League";"27-06-2026 18:00";"FT";"Cleveland Force W";"4";"1";"Buffalo W";"3";"1";"";"";"42";"38";"61";"75";"";"";"";"1.5";"1.3";"";"";"";"";"3";"33";"67";"0";"50";"40";"0";"10";"50";"50";"50";"43";"50";"50";"100";"90";"50";"60";"1x3";"1x0";"";"1.8";"2.2";"1.8";"1.9";"3.8";"";"";"4";"5";"10";"10";"";"";"";"";"";"";"";"";"";"";"";"";"";"";"1.4"
"United States";"USA";"USL W League";"27-06-2026 18:00";"FT";"Annapolis Blues W";"4";"0";"Virginia Atlantic W";"3";"0";"1.33";"7.00";"63";"70";"51";"34";"1";"60";"";"1.4";"1";"54";"";"";"";"";"";"";"";"40";"0";"20";"100";"40";"0";"47";"33";"60";"100";"80";"0";"60";"100";"1x2";"1x1";"";"1.5";"1";"1.2";"1";"2.4";"55";"";"3";"5";"10";"2";"11";"";"6.5";"";"";"2";"";"3.5";"";"0.5";"";"1.5";"";"";"1.4"
"United States";"USA";"USL W League";"27-06-2026 19:00";"FT";"Flatirons II W";"1";"1";"Colorado ISA W";"1";"1";"";"";"2";"2";"24";"17";"";"";"";"0.4";"0.4";"";"";"";"";"7";"100";"0";"0";"10";"10";"10";"10";"80";"80";"13";"13";"20";"20";"90";"90";"90";"90";"0x8";"5x0";"";"0.7";"0.5";"6.1";"5.8";"6.6";"";"";"5";"6";"10";"10";"";"";"";"";"";"";"";"";"";"";"";"";"";"";"1.4"
"United States";"USA";"USL W League";"27-06-2026 19:00";"FT";"NC Courage II W";"0";"4";"Charlotte Eagles II W";"0";"1";"1.16";"9.80";"100";"84";"100";"61";"3";"78";"";"3";"2.7";"98";"";"";"";"4";"100";"0";"0";"100";"90";"0";"0";"0";"10";"100";"90";"100";"90";"100";"100";"0";"10";"4x0";"0x1";"";"3.7";"1.8";"0.4";"0.6";"3.2";"72";"";"1";"2";"10";"10";"22";"";"4";"";"";"2.5";"";"9";"";"0";"";"0";"";"";"1.4"
"United States";"USA";"USL W League";"27-06-2026 19:00";"FT";"New England Mutiny W";"0";"3";"Vermont Green W";"0";"2";"4.43";"1.56";"60";"80";"71";"99";"2";"62";"";"1.4";"2.1";"76";"";"";"";"2";"0";"50";"50";"40";"56";"20";"44";"40";"0";"47";"70";"60";"100";"80";"56";"60";"44";"1x2";"1x1";"";"2.1";"2.9";"1.3";"0.7";"3.5";"42";"";"4";"2";"10";"9";"22.3";"";"12.7";"";"";"6.3";"";"11.3";"";"0.3";"";"0.7";"";"";"1.4"
"United States";"USA";"USL W League";"27-06-2026 19:00";"AWAITING_UPDATES";"Racing Louisville II W";"";"";"Toledo Villa W";"";"";"";"";"66";"2";"58";"24";"";"";"";"2";"0.3";"";"";"";"";"2";"100";"0";"0";"60";"10";"20";"0";"20";"90";"67";"10";"80";"10";"80";"100";"40";"90";"1x1";"3x1";"";"1.7";"0.7";"1.1";"3.1";"3.3";"";"";"2";"4";"10";"10";"";"";"";"";"";"";"";"";"";"";"";"";"";"";"1.4"
"United States";"USA";"USL W League";"27-06-2026 19:30";"FT";"Real Colorado Foxes W";"3";"0";"Utah United W";"1";"0";"";"";"100";"52";"100";"100";"";"";"43";"2.7";"1.8";"";"46";"";"";"";"";"";"";"89";"60";"0";"0";"11";"40";"89";"60";"89";"60";"100";"100";"11";"40";"2x0";"0x8";"";"5.1";"4.6";"0.1";"1.5";"5.6";"";"43";"1";"3";"9";"10";"";"8.3";"";"16.3";"";"";"7";"";"3";"";"0.3";"";"0.7";"";"1.4"
"United States";"USA";"USL W League";"27-06-2026 20:00";"FT";"Carolina Ascent II W";"2";"2";"United Bantams W";"1";"1";"1.90";"3.20";"35";"35";"41";"48";"1";"";"";"1.2";"0.6";"";"";"";"";"3";"67";"33";"0";"40";"20";"0";"0";"60";"80";"40";"20";"40";"20";"100";"100";"60";"80";"2x0";"2x0";"";"1.2";"1.4";"2";"2";"3.3";"";"";"4";"6";"10";"10";"";"";"";"";"";"";"";"";"";"";"";"";"";"";"1.4"
"United States";"USA";"USL W League";"27-06-2026 20:00";"FT";"TLH Reckoning W";"2";"0";"Fort Lauderdale Utd II W";"0";"0";"";"";"60";"52";"51";"71";"";"51";"62";"1.4";"0.8";"50";"70";"5.8";"7.2";"";"";"";"";"40";"20";"20";"20";"40";"60";"47";"27";"60";"40";"80";"80";"60";"80";"0x1";"2x1";"20";"1.5";"2.1";"1.3";"1.5";"3.2";"58";"44";"4";"6";"10";"10";"8.7";"15.2";"8";"8";"11.1";"4.3";"5.5";"3.7";"8.8";"0.7";"1.5";"2.3";"0.8";"2.6";"1.4"
"United States";"USA";"USL W League";"27-06-2026 20:00";"FT";"Detroit City W";"1";"3";"Union Macomb W";"0";"2";"";"";"56";"70";"61";"51";"";"";"";"1.4";"1.9";"";"";"";"";"4";"25";"25";"50";"40";"60";"20";"10";"40";"30";"47";"63";"60";"70";"80";"90";"60";"40";"1x2";"0x1";"";"1.8";"1.5";"1.4";"1";"2.8";"";"";"3";"1";"10";"10";"";"";"";"";"";"";"";"";"";"";"";"";"";"";"1.4"
"United States";"USA";"USL W League";"27-06-2026 20:00";"FT";"Pittsburgh Riveters W";"5";"0";"Steel City W";"2";"0";"";"";"80";"63";"92";"41";"";"";"";"2.5";"1.5";"";"";"";"";"3";"100";"0";"0";"80";"50";"10";"0";"10";"50";"83";"50";"90";"50";"90";"100";"20";"50";"3x0";"0x1";"";"2.7";"1.2";"0.7";"1.2";"2.9";"";"";"1";"2";"10";"10";"";"";"";"";"";"";"";"";"";"";"";"";"";"";"1.4"
"United States";"USA";"USL W League";"27-06-2026 20:00";"FT";"Challenge W";"5";"2";"Hill Country Linces W";"4";"2";"1.43";"5.00";"35";"2";"58";"17";"1";"44";"";"1.8";"0";"60";"";"";"";"";"";"";"";"60";"0";"0";"0";"40";"100";"60";"0";"60";"0";"100";"100";"40";"100";"2x1";"3x0";"";"1.7";"0.5";"2";"4.5";"4.4";"44";"";"3";"5";"10";"2";"12.5";"";"17.5";"";"";"7";"";"5";"";"0";"";"0";"";"";"1.4"
"United States";"USA";"USL W League";"27-06-2026 20:00";"FT";"Virginia Beach United W";"1";"3";"Virginia DA W";"0";"3";"2.43";"2.34";"80";"77";"41";"78";"5";"54";"";"1.9";"2.7";"44";"";"";"";"";"";"";"";"60";"89";"10";"0";"30";"11";"63";"89";"70";"89";"90";"100";"40";"11";"1x0";"1x2";"";"1.2";"2.3";"0.7";"0.8";"2.5";"55";"";"2";"1";"10";"9";"7";"";"8.5";"";"";"4.2";"";"3";"";"1.3";"";"0.7";"";"";"1.4"
"United States";"USA";"USL W League";"27-06-2026 20:00";"FT";"Richmond W";"3";"0";"Charlottesville Blues W";"1";"0";"";"";"52";"14";"44";"31";"";"";"";"1";"0.5";"";"";"";"";"5";"60";"0";"40";"20";"10";"40";"20";"40";"70";"33";"17";"60";"30";"60";"80";"80";"90";"1x1";"4x0";"";"1.3";"0.9";"1.5";"2.6";"3.2";"";"";"4";"6";"10";"10";"";"";"";"";"";"";"";"";"";"";"";"";"";"";"1.4"
"United States";"USA";"USL W League";"27-06-2026 22:00";"FT";"Sta Clarita Blue Heat W";"7";"0";"AMSG W";"5";"0";"";"";"74";"18";"100";"48";"";"72";"";"1.8";"0.7";"65";"";"";"";"4";"100";"0";"0";"50";"10";"30";"40";"20";"50";"60";"23";"80";"50";"70";"60";"50";"90";"2x2";"1x0";"";"3";"1.4";"0.9";"2.5";"3.9";"";"";"2";"4";"10";"10";"17";"";"5.5";"";"";"3.5";"";"7.5";"";"1";"";"1";"";"";"1.4"
"United States";"USA";"USL W League";"27-06-2026 23:00";"FT";"Los Angeles SC W";"1";"0";"Oceanside Dutch Lions W";"";"";"";"";"2";"4";"65";"31";"";"";"23";"1.3";"0.7";"";"23";"";"";"";"";"";"";"40";"10";"10";"40";"50";"50";"43";"23";"50";"50";"90";"60";"60";"90";"1x4";"1x1";"";"1.9";"0.9";"3.7";"2.9";"4.7";"";"44";"3";"5";"10";"10";"";"3.8";"";"25.4";"";"";"11.4";"";"2.6";"";"0.6";"";"0.8";"";"1.4"
"United States";"USA";"USL W League";"27-06-2026 23:00";"FT";"Stockton Cargo W";"3";"2";"Marin FC Alliance W";"2";"0";"";"";"49";"2";"44";"37";"";"50";"36";"0.9";"0.6";"57";"34";"6.9";"6.6";"5";"100";"0";"0";"20";"20";"30";"0";"50";"80";"30";"20";"50";"20";"70";"100";"80";"80";"1x1";"3x4";"25.5";"1.3";"1.1";"1.6";"3.5";"3.8";"47";"46";"5";"7";"10";"10";"9";"7.3";"16";"18.7";"14.2";"7";"11";"6";"4.3";"2.5";"0";"1";"0.3";"1.9";"1.4"
"United States";"USA";"USL W League";"27-06-2026 23:00";"FT";"Monterey Bay W";"3";"2";"Pleasanton Rage W";"2";"1";"";"";"74";"35";"78";"37";"";"";"53";"2.4";"0.9";"";"58";"";"";"";"";"";"";"78";"30";"11";"0";"11";"70";"81";"30";"89";"30";"89";"100";"22";"70";"3x0";"1x0";"";"2.3";"1.1";"0.9";"2";"3.2";"";"55";"1";"6";"9";"10";"";"17.3";"";"9.7";"";"";"6.3";"";"9.7";"";"0.7";"";"0.3";"";"1.4"
"United States";"USA";"USL W League";"27-06-2026 23:00";"AWAITING_UPDATES";"San Juan SC W";"";"";"California Storm II W";"";"";"";"";"35";"70";"68";"78";"";"";"";"1.1";"2.4";"";"";"";"";"3";"33";"33";"33";"30";"80";"20";"0";"50";"20";"37";"80";"50";"80";"80";"100";"70";"20";"2x3";"0x2";"";"2";"2.3";"2";"1";"3.6";"";"";"4";"2";"10";"10";"";"";"";"";"";"";"";"";"";"";"";"";"";"";"1.4"
"United States";"USA";"UWS";"27-06-2026 15:00";"AWAITING_UPDATES";"Worcester Wanderers W";"";"";"Maine Mystics W";"";"";"";"";"42";"2";"78";"17";"";"";"";"1.5";"0.2";"";"";"";"";"";"";"";"";"50";"0";"0";"17";"50";"83";"50";"6";"50";"17";"100";"83";"50";"100";"2x1";"7x0";"";"2.3";"0.5";"1.8";"4.7";"4.7";"";"";"2";"5";"6";"6";"";"";"";"";"";"";"";"";"";"";"";"";"";"";"0"
"United States";"USA";"UWS";"27-06-2026 17:00";"AWAITING_UPDATES";"Maine Footy W";"";"";"Connecticut Legends W";"";"";"";"";"32";"80";"41";"100";"";"";"";"0.8";"3";"";"";"";"";"";"";"";"";"20";"100";"20";"0";"60";"0";"27";"100";"40";"100";"80";"100";"80";"0";"1x1";"0x7";"";"1.2";"4.3";"2.1";"0.7";"4.2";"";"";"3";"4";"10";"3";"";"";"";"";"";"";"";"";"";"";"";"";"";"";"0"
"United States";"USA";"UWS";"27-06-2026 18:00";"AWAITING_UPDATES";"Midland Fusion W";"";"";"Tulip City United W";"";"";"";"";"18";"32";"51";"54";"";"";"";"0.7";"1.7";"";"";"";"";"";"";"";"";"17";"57";"17";"0";"67";"43";"22";"57";"33";"57";"83";"100";"83";"43";"0x4";"0x1";"";"1.5";"1.6";"2.5";"2.1";"3.8";"";"";"10";"3";"6";"7";"";"";"";"";"";"";"";"";"";"";"";"";"";"";"0"
"United States";"USA";"UWS";"27-06-2026 18:00";"AWAITING_UPDATES";"MSI Soccer W";"";"";"Baltimore Blast W";"";"";"";"";"2";"38";"14";"51";"";"";"";"0.1";"1.1";"";"";"";"";"2";"0";"50";"50";"0";"30";"10";"20";"90";"50";"3";"37";"10";"50";"90";"80";"100";"70";"0x1";"1x0";"";"0.4";"1.5";"3.2";"1.9";"3.5";"";"";"5";"2";"10";"10";"";"";"";"";"";"";"";"";"";"";"";"";"";"";"0"
"United States";"USA";"UWS";"27-06-2026 20:00";"AWAITING_UPDATES";"Racing Power W";"";"";"Lancaster W";"";"";"";"";"84";"2";"100";"34";"";"";"";"2.7";"0.8";"";"";"";"";"";"";"";"";"90";"25";"0";"0";"10";"75";"90";"25";"90";"25";"100";"100";"10";"75";"1x0";"0x3";"";"3.8";"1";"0.6";"3.2";"4.3";"";"";"1";"4";"10";"4";"";"";"";"";"";"";"";"";"";"";"";"";"";"";"0"
"United States";"USA";"UWS";"27-06-2026 21:00";"AWAITING_UPDATES";"Berber City W";"";"";"Crystal Lake Force W";"";"";"";"";"77";"42";"100";"78";"";"";"";"2.5";"1.5";"";"";"";"";"";"";"";"";"75";"40";"25";"30";"0";"30";"83";"50";"100";"70";"75";"70";"25";"60";"2x0";"1x4";"";"3.5";"2.3";"0.8";"1.8";"4.2";"";"";"2";"3";"4";"10";"";"";"";"";"";"";"";"";"";"";"";"";"";"";"0"
"United States";"USA";"UWS";"27-06-2026 23:00";"AWAITING_UPDATES";"SoCal W";"";"";"United City II";"";"";"";"";"56";"77";"95";"100";"";"";"";"2.4";"3";"";"";"";"";"";"";"";"";"80";"100";"0";"0";"20";"0";"80";"100";"80";"100";"100";"100";"20";"0";"1x0";"0x13";"";"2.8";"7.2";"1.4";"0.8";"6.1";"";"";"2";"1";"10";"4";"";"";"";"";"";"";"";"";"";"";"";"";"";"";"0"
"Vietnam";"VIE";"U21 Championship";"27-06-2026 06:00";"AWAITING_UPDATES";"SLNA U21";"";"";"Thanh Hóa U21";"";"";"";"";"80";"66";"58";"92";"";"56";"";"1.5";"1.8";"34";"";"5.8";"5.9";"4";"25";"0";"75";"30";"50";"60";"30";"10";"20";"50";"60";"90";"80";"40";"70";"70";"50";"0x0";"2x0";"18.4";"1.7";"2.7";"0.7";"1.1";"3.1";"53";"58";"1";"2";"10";"10";"9.8";"16";"5.6";"5.3";"8.6";"2";"2.6";"5.2";"7.4";"2";"1.8";"2.2";"1.8";"4";""
"Vietnam";"VIE";"U21 Championship";"27-06-2026 06:00";"AWAITING_UPDATES";"Phù Đổng U21";"";"";"PVF-CAND U21";"";"";"";"";"";"";"";"";"";"";"50";"";"2.1";"";"32";"";"";"";"";"";"";"";"60";"";"30";"";"10";"";"70";"";"90";"";"70";"";"40";"";"";"";"";"1.8";"";"0.7";"";"";"48";"";"2";"";"10";"";"10";"";"8.8";"";"";"4";"";"5.2";"";"2.7";"";"3";"";""
"Yemen";"YEM";"Yemeni League";"27-06-2026 10:00";"FT";"Salam Al Gharfa FC";"0";"2";"Ahli Sana'a FC";"0";"0";"";"";"56";"56";"17";"27";"";"";"40";"0.6";"1.1";"";"28";"";"";"";"";"";"";"12";"30";"25";"20";"62";"50";"21";"37";"38";"50";"75";"80";"88";"70";"0x2";"0x0";"";"0.5";"0.8";"1.4";"1.4";"2";"";"39";"14";"6";"8";"10";"";"5.2";"";"9.8";"";"";"5";"";"2";"";"2.2";"";"1";"";"1.2"
"Yemen";"YEM";"Yemeni League";"27-06-2026 10:00";"FT";"Alsadd FC";"1";"0";"Ittihad FC IBB";"0";"0";"";"";"52";"80";"27";"7";"";"";"";"0.9";"0.8";"";"";"";"";"10";"60";"0";"40";"20";"10";"30";"50";"50";"40";"30";"27";"50";"60";"70";"50";"80";"90";"1x2";"0x0";"";"0.8";"0.2";"1.5";"0.7";"1.6";"";"";"9";"12";"10";"10";"";"";"";"";"";"";"";"";"";"0.5";"";"1";"";"";"1.2"
"Yemen";"YEM";"Yemeni League";"27-06-2026 10:00";"FT";"Al Orouba FC";"1";"0";"Ittihad Hadramout FC";"1";"0";"";"";"100";"77";"14";"20";"";"";"";"1.3";"0.9";"";"";"";"";"2";"0";"0";"100";"20";"10";"70";"60";"10";"30";"43";"30";"90";"70";"30";"40";"80";"90";"0x0";"0x0";"";"0.4";"0.6";"0.3";"0.8";"1";"";"";"7";"11";"10";"10";"";"";"";"";"";"";"";"";"";"";"";"";"";"";"1.2"
"Zimbabwe";"ZIM";"Premier Soccer League";"27-06-2026 10:00";"FT";"CAPS United";"2";"2";"Triangle United";"1";"2";"1.49";"6.44";"66";"42";"31";"20";"1";"58";"42";"1.1";"0.3";"56";"45";"10";"8.8";"10";"50";"20";"30";"20";"0";"50";"30";"30";"70";"37";"10";"70";"30";"50";"70";"80";"100";"0x0";"1x0";"15.2";"0.9";"0.6";"1.1";"1.8";"2.2";"52";"41";"4";"18";"10";"10";"9";"5.3";"5.5";"10.7";"4.7";"1";"4.7";"2.1";"1.7";"1.2";"3";"1.1";"2";"3.7";"2.8"
"Zimbabwe";"ZIM";"Premier Soccer League";"27-06-2026 10:00";"FT";"MWOS";"1";"2";"Highlanders";"0";"1";"";"";"84";"88";"31";"31";"";"56";"61";"1.4";"1.9";"64";"50";"13.6";"6.7";"3";"67";"0";"33";"30";"50";"50";"40";"20";"10";"47";"63";"80";"90";"50";"60";"70";"50";"0x0";"0x1";"14.5";"0.9";"0.9";"0.6";"0.5";"1.4";"54";"54";"7";"8";"10";"10";"12.2";"6";"6.5";"4.2";"3.8";"2.2";"0.3";"3.8";"1.2";"2.5";"2.3";"1.8";"1.8";"4.2";"2.8"
"Zimbabwe";"ZIM";"Premier Soccer League";"27-06-2026 10:00";"FT";"Platinum";"1";"1";"Hunters";"1";"0";"";"";"100";"49";"14";"41";"";"";"48";"1.4";"1.1";"";"50";"";"";"";"";"";"";"30";"20";"50";"50";"20";"30";"47";"37";"80";"70";"50";"50";"70";"80";"0x0";"1x1";"";"0.4";"1.2";"0.4";"1.6";"1.8";"";"48";"11";"14";"10";"10";"";"8.8";"";"8.5";"";"";"2.7";"";"2.5";"";"0.8";"";"1.3";"";"2.8"
"Zimbabwe";"ZIM";"Premier Soccer League";"27-06-2026 10:00";"FT";"Kariba";"1";"1";"Ngezi Platinum";"0";"0";"";"";"63";"74";"20";"37";"";"39";"53";"0.8";"1.5";"48";"57";"11.7";"5.5";"10";"0";"70";"30";"10";"40";"50";"30";"40";"30";"27";"50";"60";"70";"50";"70";"90";"60";"0x0";"1x1";"18.8";"0.6";"1.1";"1.2";"0.9";"1.9";"48";"54";"13";"5";"10";"10";"7";"6";"18.5";"6";"5.9";"6.5";"1.3";"3";"1";"1.3";"1.7";"0.7";"1";"2.4";"2.8"
"Zimbabwe";"ZIM";"Premier Soccer League";"27-06-2026 10:00";"FT";"Chicken Inn";"0";"2";"Hardrock";"0";"0";"3.42";"2.27";"80";"88";"17";"65";"5";"40";"56";"1.2";"1.8";"27";"49";"8.4";"3.7";"";"";"";"";"30";"50";"30";"30";"40";"20";"40";"60";"60";"80";"70";"70";"70";"50";"0x0";"0x3";"12.5";"0.5";"1.9";"0.7";"0.5";"1.8";"50";"52";"10";"2";"10";"10";"4.2";"7";"7.8";"6";"2.6";"1.3";"1.5";"1";"1.5";"1.5";"0.5";"0.5";"1";"1.8";"2.8"
"Zimbabwe";"ZIM";"Premier Soccer League";"27-06-2026 10:00";"FT";"Simba Bhora";"1";"2";"TelOne";"0";"1";"";"";"56";"56";"41";"27";"";"52";"46";"1.4";"1";"51";"47";"10.8";"10";"5";"60";"20";"20";"40";"20";"20";"40";"40";"40";"47";"33";"60";"60";"80";"60";"60";"80";"1x1";"1x1";"22";"1.2";"0.8";"1.4";"1.4";"2.4";"45";"47";"9";"15";"10";"10";"13";"8";"11.3";"11.7";"5.4";"2.7";"4";"2";"2";"1.5";"2.3";"2.2";"0.3";"3.2";"2.8"
"Argentina";"ARG";"Primera Division Women";"27-06-2026 11:00";"FT";"SAT W";"0";"2";"Lanús W";"0";"2";"";"";"70";"38";"48";"17";"";"51";"43";"1.4";"0.8";"51";"49";"6.4";"15";"2";"100";"0";"0";"30";"20";"50";"20";"20";"60";"47";"27";"80";"40";"50";"80";"70";"80";"1x1";"1x0";"18.2";"1.4";"0.5";"1";"1.9";"2.4";"48";"46";"7";"14";"10";"10";"9";"7.5";"9.4";"10.5";"8.6";"5";"5.6";"3.5";"3.1";"1.9";"2.3";"1.7";"1.3";"3.6";"4.4"
"Argentina";"ARG";"Primera Division Women";"27-06-2026 15:00";"FT";"Banfield W";"2";"2";"Gimnasia La Plata W";"1";"0";"1.79";"4.06";"66";"46";"37";"51";"1";"51";"50";"1.8";"1.5";"60";"48";"10.6";"5.7";"5";"40";"60";"0";"60";"40";"0";"30";"40";"30";"60";"50";"60";"70";"100";"70";"40";"60";"2x0";"4x1";"18.6";"1.1";"1.5";"1.1";"1.7";"2.7";"49";"52";"5";"6";"10";"10";"11.7";"8.5";"8.2";"8.9";"8.6";"3.3";"4.5";"5.3";"4.2";"1.8";"2.7";"2.1";"2.8";"4.7";"4.4"
"Australia";"AUS";"Western Australia NPL Women";"27-06-2026 02:00";"FT";"West NTC W";"1";"0";"UWA Nedlands W";"0";"0";"";"";"38";"14";"61";"14";"";"46";"37";"1.2";"0.4";"54";"44";"4.6";"18";"9";"67";"0";"33";"30";"10";"30";"10";"40";"80";"40";"13";"60";"20";"70";"90";"70";"90";"1x1";"3x0";"18";"1.8";"0.4";"1.9";"2.6";"3.4";"48";"42";"5";"8";"10";"10";"8.2";"7.2";"8.1";"12.4";"7.6";"3.3";"5.8";"3.8";"2.4";"0.2";"0.8";"0.6";"0.7";"1.1";"1.4"
"Australia";"AUS";"Capital Territory NPL Women";"27-06-2026 02:00";"FT";"Tuggeranong United W";"0";"1";"Canberra Olympic W";"0";"0";"15.46";"1.12";"0";"38";"20";"61";"4";"51";"55";"0.8";"1.3";"49";"58";"18";"6.1";"10";"0";"90";"10";"20";"40";"20";"10";"60";"50";"27";"43";"40";"50";"80";"90";"80";"60";"0x4";"0x3";"20.6";"0.6";"1.8";"3";"1.9";"3.6";"46";"52";"5";"3";"10";"10";"10.8";"11";"10.8";"8.5";"11";"5.8";"5";"5.8";"5.4";"0.4";"0.9";"0.4";"0.8";"1.2";"1"
"Australia";"AUS";"Queensland NPL Women";"27-06-2026 04:00";"FT";"Gold Coast Knights W";"1";"1";"Sunshine Coast Wanderers W";"0";"1";"1.06";"23.70";"77";"32";"100";"48";"3";"68";"41";"2.3";"0.7";"132";"45";"7";"5.6";"4";"100";"0";"0";"70";"20";"20";"10";"10";"70";"77";"23";"90";"30";"80";"90";"30";"80";"0x0";"2x1";"22.5";"3.2";"1.4";"0.8";"2.1";"3.8";"58";"49";"4";"8";"10";"10";"22.3";"7.9";"4.7";"10.1";"10.9";"1.8";"5";"11";"4";"0.2";"0.9";"0.5";"0.3";"0.9";"1.3"
"Australia";"AUS";"South Australia NPL Women";"27-06-2026 02:45";"FT";"Salisbury Inter W";"2";"1";"Adelaide University W";"1";"1";"1.20";"8.53";"66";"35";"100";"44";"3";"60";"44";"2";"1.1";"81";"56";"3.9";"6";"10";"50";"20";"30";"60";"30";"20";"20";"20";"50";"67";"37";"80";"50";"80";"80";"40";"70";"5x1";"3x0";"20.6";"3.4";"1.3";"1.1";"2";"3.9";"52";"47";"3";"7";"10";"10";"13.4";"7.5";"7.5";"12.9";"10";"2.8";"6.6";"7.1";"3.4";"0.7";"0.6";"0.6";"0.6";"1.2";"1.3"
"Australia";"AUS";"South Australia NPL Women";"27-06-2026 04:30";"FT";"Campbelltown City W";"1";"0";"West Adelaide W";"0";"0";"4.36";"1.53";"60";"80";"71";"100";"2";"58";"65";"2";"3";"75";"83";"6.9";"3.7";"6";"17";"83";"0";"60";"100";"20";"0";"20";"0";"67";"100";"80";"100";"80";"100";"40";"0";"5x1";"0x3";"21.9";"2.1";"4.6";"1.3";"0.7";"4.4";"54";"56";"5";"1";"10";"10";"12.8";"18";"7.9";"5.2";"12.4";"4.1";"2.7";"7.9";"10.2";"0.8";"0.2";"1";"1";"1.5";"1.3"
"Australia";"AUS";"South Australia NPL Women";"27-06-2026 04:30";"FT";"MetroStars";"5";"4";"Modbury Vista W";"2";"1";"2.39";"2.27";"14";"4";"24";"65";"5";"44";"48";"0.6";"1.3";"56";"59";"11.4";"5.3";"2";"50";"50";"0";"20";"40";"0";"10";"80";"50";"20";"43";"20";"50";"100";"90";"80";"60";"0x1";"4x0";"23";"0.7";"1.9";"2.6";"2.9";"4";"46";"51";"9";"8";"10";"10";"8";"10";"14.6";"13.3";"11.8";"7.8";"7.6";"3.5";"4.9";"1.1";"0.6";"0.6";"0.1";"1.2";"1.3"
"Australia";"AUS";"Victoria NPL Women";"27-06-2026 02:00";"FT";"Melbourne City II";"1";"6";"Avondale W";"0";"3";"18.26";"1.07";"2";"63";"48";"54";"4";"39";"51";"0.4";"1.6";"41";"54";"3.6";"7.1";"";"";"";"";"10";"50";"10";"10";"80";"40";"13";"53";"20";"60";"90";"90";"90";"50";"0x3";"1x0";"22.4";"1.4";"1.6";"4.3";"1.2";"4.2";"47";"53";"13";"5";"10";"10";"5.1";"11.3";"18";"10.4";"12.8";"11.2";"5.4";"2.5";"6.3";"1.2";"1";"0.6";"0.2";"1.5";"1.5"
"Australia";"AUS";"Victoria NPL Women";"27-06-2026 02:00";"FT";"Keilor ParkW";"2";"1";"Melbourne Victory II";"0";"0";"3.96";"1.68";"42";"63";"34";"61";"2";"32";"57";"1";"1.6";"36";"80";"4.8";"7.6";"";"";"";"";"30";"50";"10";"10";"60";"40";"33";"53";"40";"60";"90";"90";"70";"50";"0x2";"2x0";"21.5";"1";"1.8";"1.8";"1.2";"2.9";"38";"56";"12";"8";"10";"10";"4.8";"13.7";"14.4";"10.2";"9.8";"6.8";"4.3";"2.8";"5.8";"1.1";"0.4";"0.8";"0.8";"1.5";"1.5"
"Australia";"AUS";"Victoria NPL Women";"27-06-2026 02:00";"FT";"Essendon Royals W";"1";"2";"Bulleen Lions W";"0";"1";"2.02";"2.89";"84";"77";"100";"68";"5";"64";"58";"2.6";"2.3";"77";"61";"5";"7";"5";"80";"20";"0";"80";"70";"20";"20";"0";"10";"87";"77";"100";"90";"80";"80";"20";"30";"1x1";"0x1";"23.4";"3.2";"2";"0.6";"0.8";"3.3";"57";"56";"1";"3";"10";"10";"16.1";"13.9";"8.2";"8.6";"12.2";"3.8";"4.4";"9.9";"6.3";"0.8";"0.8";"1.4";"0.6";"1.7";"1.5"
"Australia";"AUS";"Victoria NPL Women";"27-06-2026 02:30";"FT";"South Melbourne W";"2";"2";"Box Hill United W";"1";"1";"2.02";"2.95";"74";"60";"99";"75";"5";"68";"56";"2.3";"2.2";"75";"58";"6.5";"5.3";"10";"40";"40";"20";"70";"70";"20";"10";"10";"20";"77";"73";"90";"80";"80";"90";"30";"30";"2x0";"1x3";"22.5";"2.9";"2.2";"0.9";"1.3";"3.6";"56";"59";"4";"2";"10";"10";"18.8";"11.6";"6.1";"8.6";"12.1";"4.5";"3.8";"10.5";"5.4";"0.8";"0.7";"1.1";"0.4";"1.5";"1.5"
"Australia";"AUS";"Victoria NPL Women";"27-06-2026 03:15";"FT";"Heidelberg United W";"1";"3";"Boroondara Eagles W";"0";"1";"2.52";"2.22";"42";"42";"92";"58";"5";"48";"54";"1.6";"1.2";"56";"82";"3.6";"7.5";"7";"57";"14";"29";"50";"40";"10";"0";"40";"60";"53";"40";"60";"40";"90";"100";"50";"60";"0x1";"2x1";"22.8";"2.7";"1.7";"1.8";"1.8";"4";"50";"49";"10";"7";"10";"10";"9.8";"12.7";"12.9";"10.3";"10.9";"5.9";"5.3";"4";"6.6";"0.6";"0.6";"1";"0.8";"1.5";"1.5"
"Australia";"AUS";"New South Wales NPL Women";"27-06-2026 02:00";"FT";"NWS Spirit W";"2";"1";"Northern Tigers W";"0";"1";"2.27";"2.49";"2";"60";"54";"61";"5";"37";"51";"1";"1.6";"47";"54";"5.7";"5.3";"9";"33";"44";"22";"30";"50";"10";"10";"60";"40";"33";"53";"40";"60";"90";"90";"70";"50";"0x5";"3x2";"23.6";"1.6";"1.8";"3.4";"1.3";"4";"45";"54";"13";"6";"10";"10";"9.2";"9.5";"16.5";"12";"12.2";"8.6";"5.8";"5";"5.1";"1.2";"1.1";"0.8";"1.6";"2.4";"1.8"
"Australia";"AUS";"Tasmania Women's Super League";"27-06-2026 03:45";"FT";"Riverside Olympic W";"0";"6";"Launceston United W";"0";"1";"18.69";"1.05";"2";"7";"20";"85";"4";"34";"53";"0.2";"1.2";"29";"66";"4";"5.3";"8";"12";"88";"0";"0";"40";"20";"0";"80";"60";"7";"40";"20";"40";"80";"100";"100";"60";"0x6";"0x2";"20.1";"0.6";"2.5";"6.3";"2.8";"6.1";"43";"48";"8";"6";"10";"10";"2.4";"13.3";"14.4";"10.1";"11.8";"8.8";"6.1";"1.6";"7";"0.8";"0.1";"0.8";"0.9";"1.3";"1"
"Australia";"AUS";"Tasmania Women's Super League";"27-06-2026 03:45";"FT";"Taroona W";"0";"2";"Glenorchy Knights W";"0";"2";"6.97";"1.25";"7";"60";"51";"100";"4";"40";"60";"1";"1.9";"44";"75";"5.5";"4";"9";"0";"89";"11";"30";"60";"10";"10";"60";"30";"33";"63";"40";"70";"90";"90";"70";"40";"0x1";"1x6";"20.8";"1.5";"3.5";"2.8";"1.3";"4.6";"47";"52";"7";"2";"10";"10";"8.2";"14";"11.6";"7.7";"11.9";"6.4";"4.4";"5.3";"7.6";"0.4";"0.4";"0.2";"0.4";"0.8";"1"
"Australia";"AUS";"QLD FQPL 1 Women";"27-06-2026 06:00";"DELAYED";"Grange Thistle W";"";"";"Logan Lightning W";"";"";"";"";"18";"4";"51";"51";"";"46";"47";"0.8";"1.5";"45";"53";"8.5";"7.2";"2";"0";"100";"0";"20";"50";"20";"0";"60";"50";"27";"50";"40";"50";"80";"100";"80";"50";"0x1";"0x1";"26.2";"1.5";"1.5";"2.5";"2.9";"4.2";"44";"52";"9";"5";"10";"10";"12.7";"10.8";"14.6";"14.4";"14.4";"8.7";"7.8";"6.8";"5.8";"0.8";"0.2";"0.3";"0.6";"1";"1.2"
"Australia";"AUS";"Northern NSW NPL Women";"27-06-2026 03:30";"FT";"New Lambton W";"2";"1";"Maitland W";"1";"0";"5.75";"1.30";"38";"84";"100";"100";"4";"54";"71";"2.5";"2.8";"60";"83";"3.8";"3.6";"10";"30";"70";"0";"80";"90";"10";"10";"10";"0";"83";"93";"90";"100";"90";"90";"20";"10";"3x2";"0x4";"20.6";"3.3";"4.7";"1.9";"0.6";"5.2";"47";"63";"2";"1";"10";"10";"12.6";"16.9";"7.7";"3.9";"11.8";"4.4";"2";"7.1";"10.1";"0.6";"0.2";"0.4";"0.6";"0.9";"1"
"Belarus";"BLR";"Vysshaya Liga Women";"27-06-2026 10:00";"FT";"Dnepr Mogilev W";"5";"1";"ABFF U19 W";"2";"0";"";"";"77";"2";"100";"27";"";"42";"44";"2.2";"0.7";"39";"44";"1.3";"8.5";"10";"30";"40";"30";"70";"20";"10";"10";"20";"70";"73";"23";"80";"30";"90";"90";"30";"80";"4x0";"3x0";"13.6";"4.3";"0.8";"0.8";"3.3";"4.6";"47";"43";"4";"8";"10";"10";"5.5";"6.8";"6.5";"8.5";"4.8";"2.5";"3.5";"1.5";"2";"1.2";"0.6";"0.5";"0.9";"1.6";"1.4"
"Belarus";"BLR";"Vysshaya Liga Women";"27-06-2026 10:00";"FT";"Gomel W";"0";"8";"Dinamo-BGU W";"0";"4";"";"";"2";"77";"20";"88";"";"22";"78";"0.7";"2.1";"22";"115";"";"";"10";"0";"100";"0";"20";"70";"10";"0";"70";"30";"23";"70";"30";"70";"90";"100";"80";"30";"1x11";"2x1";"";"0.6";"2.6";"5.4";"0.8";"4.7";"26";"67";"9";"5";"10";"10";"";"9.8";"";"7.8";"";"";"1.5";"";"3";"0.2";"0.4";"1";"1.8";"1.6";"1.4"
"Belarus";"BLR";"Vysshaya Liga Women";"27-06-2026 11:00";"FT";"Smorgon W";"0";"6";"Minsk FK W";"0";"3";"";"";"2";"100";"17";"100";"";"7";"72";"0.3";"3";"7";"76";"5";"3.2";"10";"0";"100";"0";"10";"100";"0";"0";"90";"0";"10";"100";"10";"100";"100";"100";"90";"0";"0x3";"0x1";"20.1";"0.5";"3.8";"5.2";"0.4";"5";"21";"67";"12";"1";"10";"10";"2.5";"12.2";"18.5";"7";"7.2";"8";"1.6";"0.5";"4.2";"0";"0.7";"0.3";"0.7";"0.8";"1.4"
"Europe";"EUR";"Euro U19 Women";"27-06-2026 12:00";"FT";"Bosnia & Herzegovina U19 W";"0";"5";"Germany U19 W";"0";"1";"79.50";"1.04";"70";"60";"92";"78";"4";"59";"69";"1.4";"1.9";"60";"79";"4.9";"8.7";"";"";"";"";"40";"60";"20";"10";"40";"30";"47";"63";"60";"70";"80";"90";"60";"40";"1x2";"0x1";"23.8";"2.7";"2.3";"1";"1.3";"3.6";"57";"63";"2";"1";"10";"10";"13.1";"19.9";"8.1";"6.4";"12";"3.7";"3.6";"7.6";"9";"1.2";"1.2";"2.4";"1.5";"3.2";""
"Europe";"EUR";"Euro U19 Women";"27-06-2026 15:00";"FT";"Sweden U19 W";"1";"0";"Poland U19 W";"0";"0";"3.52";"1.82";"60";"84";"31";"68";"2";"48";"58";"1.6";"2.1";"45";"53";"10.2";"7.4";"3";"0";"100";"0";"50";"60";"10";"30";"40";"10";"53";"70";"60";"90";"90";"70";"50";"40";"1x0";"0x3";"22.7";"0.9";"2";"1.3";"0.6";"2.4";"50";"54";"4";"3";"10";"10";"9.2";"14.9";"10.3";"11";"9";"3.4";"4.9";"3.4";"6.3";"1.4";"0.5";"1.2";"2.2";"2.7";""
"Finland";"FIN";"Kansallinen Liiga Women";"27-06-2026 09:00";"FT";"KuPS W";"5";"1";"VIFK W";"2";"0";"1.02";"34.40";"66";"2";"82";"14";"3";"61";"32";"2.5";"0";"55";"35";"6.1";"13.5";"5";"80";"0";"20";"80";"0";"10";"0";"10";"100";"83";"0";"90";"0";"90";"100";"20";"100";"2x1";"2x1";"23.5";"2.4";"0.4";"1.1";"3.2";"3.6";"56";"42";"2";"8";"10";"10";"14.7";"5.4";"8.2";"18.8";"10.3";"3.6";"8.8";"6.4";"1.8";"1.7";"1.2";"1.4";"0.6";"2.4";"2.4"
"Finland";"FIN";"Kansallinen Liiga Women";"27-06-2026 09:00";"FT";"Gnistan W";"3";"0";"PK-35 Vantaa W";"2";"0";"2.13";"2.63";"28";"21";"82";"95";"5";"46";"46";"1.2";"1.2";"45";"44";"3.2";"2.8";"";"";"";"";"40";"40";"0";"0";"60";"60";"40";"40";"40";"40";"100";"100";"60";"60";"0x2";"2x0";"19.6";"2.4";"2.8";"2.2";"2.4";"4.9";"44";"48";"6";"7";"10";"10";"7.6";"7.9";"13.5";"10.1";"10.1";"6.5";"5.6";"4.1";"4";"1.9";"0.8";"1";"0.9";"2.2";"2.4"
"Finland";"FIN";"Kansallinen Liiga Women";"27-06-2026 12:30";"FT";"Ilves W";"1";"3";"HJK W";"0";"3";"8.39";"1.23";"42";"74";"65";"100";"4";"52";"67";"1.5";"2.7";"61";"73";"7.4";"5.5";"10";"0";"100";"0";"50";"90";"0";"0";"50";"10";"50";"90";"50";"90";"100";"100";"50";"10";"1x2";"0x5";"24";"1.9";"3.2";"1.8";"0.9";"3.9";"53";"61";"5";"2";"10";"10";"14.1";"17.6";"11.1";"5.3";"11.2";"5.3";"2.2";"6.4";"8.3";"0.6";"0.3";"1.3";"0.8";"1.5";"2.4"
"Finland";"FIN";"Ykkönen Women";"27-06-2026 08:00";"FT";"ONS W";"3";"0";"PKKU W";"0";"0";"1.59";"4.10";"38";"38";"41";"61";"1";"51";"49";"1";"1.5";"47";"57";"7.7";"5.5";"5";"100";"0";"0";"30";"50";"10";"0";"60";"50";"33";"50";"40";"50";"90";"100";"70";"50";"0x1";"1x2";"18.6";"1.2";"1.8";"1.9";"1.9";"3.4";"49";"51";"6";"7";"10";"10";"9.2";"9.9";"9.2";"9";"9.7";"4.7";"4.6";"5.1";"5";"0.9";"1";"1.2";"0.3";"1.7";"1.7"
"Finland";"FIN";"Ykkönen Women";"27-06-2026 08:00";"FT";"EBK W";"3";"0";"JyPK W";"0";"0";"1.21";"9.01";"77";"28";"100";"54";"3";"61";"51";"2.7";"1";"74";"59";"2.5";"7.3";"5";"40";"60";"0";"90";"30";"0";"10";"10";"60";"90";"33";"90";"40";"100";"90";"10";"70";"4x1";"3x0";"17";"3.3";"1.6";"0.8";"2.2";"4";"57";"49";"1";"5";"10";"10";"8.2";"11.7";"3.5";"10.6";"9.2";"1.8";"5.9";"5";"5.7";"0.8";"0.6";"1.8";"0.7";"2";"1.7"
"Finland";"FIN";"Ykkönen Women";"27-06-2026 10:00";"FT";"Honka W";"1";"0";"HJK II W";"1";"0";"1.50";"4.62";"100";"52";"85";"85";"1";"59";"55";"2.3";"1.9";"57";"58";"4";"4.6";"3";"33";"67";"0";"70";"60";"20";"10";"10";"30";"77";"63";"90";"70";"80";"90";"30";"40";"1x0";"1x4";"18.3";"2.5";"2.5";"0.4";"1.5";"3.4";"58";"55";"2";"4";"10";"10";"10.1";"11.5";"6.4";"8.5";"10.4";"2.3";"5.1";"6.7";"6.8";"0.6";"0.4";"0.6";"0.8";"1.2";"1.7"
"Republic of Ireland";"IRL";"Women's National League";"27-06-2026 09:00";"FT";"Shamrock Rovers W";"2";"4";"Wexford Youths";"1";"3";"1.60";"4.35";"60";"56";"58";"65";"1";"59";"47";"1.7";"1.3";"55";"52";"8";"4.9";"10";"20";"40";"40";"50";"30";"20";"40";"30";"30";"57";"43";"70";"70";"80";"60";"50";"70";"0x0";"1x1";"20.8";"1.7";"1.9";"1.3";"1.4";"3.2";"53";"48";"4";"7";"10";"10";"13.6";"9.4";"5.8";"12.9";"9";"3";"4.8";"5.9";"4.5";"1.6";"1.5";"0.4";"0.8";"2.1";"2.5"
"Republic of Ireland";"IRL";"Women's National League";"27-06-2026 11:00";"FT";"Waterford W";"0";"0";"Cork City W";"0";"0";"2.20";"2.73";"28";"28";"27";"37";"5";"36";"35";"0.8";"0.6";"35";"39";"7.4";"4.9";"2";"50";"50";"0";"20";"10";"20";"30";"60";"60";"27";"20";"40";"40";"80";"70";"80";"90";"0x3";"2x0";"19.8";"0.8";"1.1";"2.2";"2.2";"3.2";"41";"42";"10";"12";"10";"10";"5.9";"5.4";"14";"14.3";"8.9";"6.7";"6.9";"2.2";"2";"1.2";"0.9";"0.9";"1.1";"2";"2.5"
"Republic of Ireland";"IRL";"Women's National League";"27-06-2026 11:00";"DELAYED";"Bohemians WFC W";"0";"0";"Galway United W";"0";"0";"4.12";"1.70";"56";"84";"31";"78";"2";"54";"61";"0.9";"2.6";"60";"66";"12";"5";"6";"33";"50";"17";"20";"80";"30";"20";"50";"0";"30";"87";"50";"100";"70";"80";"80";"20";"0x0";"0x2";"19.8";"0.9";"2.3";"1.4";"0.6";"2.6";"53";"62";"9";"1";"10";"10";"10.8";"11.6";"9.9";"7.4";"9.2";"5.6";"3.6";"4.4";"4.8";"1.1";"1.6";"1.4";"1.2";"2.7";"2.5"
"Republic of Ireland";"IRL";"Women's National League";"27-06-2026 13:00";"DELAYED";"Peamount United W";"0";"0";"DLR Waves W";"0";"0";"1.26";"8.88";"18";"42";"61";"17";"3";"53";"35";"1";"0.8";"56";"37";"6";"10.4";"10";"50";"20";"30";"30";"20";"10";"20";"60";"60";"33";"27";"40";"40";"90";"80";"70";"80";"0x2";"1x1";"18.4";"1.8";"0.5";"2.5";"1.8";"3.3";"46";"40";"8";"11";"10";"10";"10.8";"5.2";"7.9";"13";"8.2";"4";"5.1";"4.8";"2.5";"0.8";"0.9";"1.6";"0.9";"2.1";"2.5"
"Republic of Ireland";"IRL";"Women's National League";"27-06-2026 15:35";"FT";"Treaty United W";"1";"1";"Sligo Rovers W";"1";"1";"1.65";"4.17";"77";"35";"37";"58";"1";"52";"52";"1.5";"1.4";"56";"54";"8.9";"6.6";"9";"33";"11";"56";"40";"40";"30";"20";"30";"40";"50";"47";"70";"60";"70";"80";"60";"60";"0x0";"5x0";"20.2";"1.1";"1.7";"0.8";"2";"2.8";"51";"52";"6";"7";"10";"10";"9.8";"11.2";"9.7";"9.7";"9.2";"3.7";"5.3";"4.2";"5.4";"0.2";"1.5";"1.2";"1.2";"2";"2.5"
"Iceland";"ISL";"1. Deild Women";"27-06-2026 11:00";"FT";"Fjardab Höttur Leiknir W";"3";"1";"Keflavík W";"0";"1";"";"";"32";"46";"65";"78";"";"46";"49";"1.1";"1.2";"53";"42";"8.1";"4.7";"";"";"";"";"30";"30";"20";"30";"50";"40";"37";"40";"50";"60";"80";"70";"70";"70";"0x0";"0x0";"27";"1.9";"2.3";"2.1";"1.7";"4";"44";"50";"9";"8";"10";"10";"15.3";"10.8";"17";"11";"12.6";"8";"5.2";"6.3";"5.8";"1.5";"1.9";"1";"0.8";"2.6";"2"
"Iceland";"ISL";"1. Deild Women";"27-06-2026 13:00";"FT";"Grótta W";"2";"1";"Volsungur Husavik W";"2";"0";"1.50";"4.65";"25";"35";"92";"58";"1";"52";"51";"1.8";"1.1";"48";"50";"5.1";"7.5";"5";"40";"40";"20";"60";"30";"0";"20";"40";"50";"60";"37";"60";"50";"100";"80";"40";"70";"2x0";"2x0";"25.8";"2.7";"1.7";"2.3";"2";"4.4";"56";"46";"3";"7";"10";"10";"13.7";"12.7";"12.2";"13";"12.5";"6.5";"6";"6.8";"5.7";"0.2";"1";"1.6";"1.5";"2.2";"2"
"Iceland";"ISL";"1. Deild Women";"27-06-2026 13:00";"FT";"KR W";"6";"0";"Tindastóll W";"5";"0";"1.04";"25.50";"56";"2";"85";"44";"3";"60";"";"2.1";"0.7";"68";"";"";"";"2";"50";"0";"50";"60";"20";"30";"10";"10";"70";"70";"23";"90";"30";"70";"90";"40";"80";"1x1";"5x0";"";"2.5";"1.3";"1.4";"4.1";"4.6";"56";"";"2";"10";"10";"10";"14.2";"";"10";"";"";"4.7";"";"7.7";"";"1";"1";"1.1";"0.8";"2";"2"
"Latvia";"LVA";"Women League";"27-06-2026 12:00";"FT";"Rigas W";"0";"3";"SFK Rīga W";"0";"3";"";"";"2";"84";"44";"100";"";"";"";"0.9";"2.5";"";"";"";"";"10";"10";"90";"0";"30";"80";"0";"10";"70";"10";"30";"83";"30";"90";"100";"90";"70";"20";"0x9";"0x16";"";"1.3";"5.6";"4.4";"0.6";"6";"";"";"6";"2";"10";"10";"";"";"";"";"";"";"";"";"";"";"";"";"";"";"0"
"Norway";"NOR";"1. Division Women";"27-06-2026 08:00";"FT";"Bryne W";"0";"1";"Fyllingsdalen W";"0";"0";"1.67";"3.97";"70";"21";"44";"51";"1";"39";"46";"1.7";"0.9";"44";"47";"7.6";"7.5";"";"";"";"";"50";"30";"20";"0";"30";"70";"57";"30";"70";"30";"80";"100";"50";"70";"1x2";"2x1";"24.2";"1.3";"1.5";"1";"2.4";"3.1";"45";"44";"6";"10";"10";"10";"9.9";"11.2";"14.6";"12.8";"11";"6";"6.6";"4.9";"4.4";"1";"0.8";"0.6";"0.8";"1.6";"2"
"Norway";"NOR";"1. Division Women";"27-06-2026 09:00";"FT";"Odd W";"1";"0";"Frigg W";"0";"0";"";"";"46";"14";"58";"20";"";"56";"43";"1.6";"0.6";"58";"41";"8.9";"13.7";"";"";"";"";"40";"20";"40";"0";"20";"80";"53";"20";"80";"20";"60";"100";"60";"80";"2x1";"2x0";"23.4";"1.7";"0.6";"1.7";"2.6";"3.3";"56";"46";"7";"12";"10";"10";"15.2";"8.2";"11.8";"11.5";"11.4";"5.8";"6";"7.8";"3.4";"1";"0.9";"1.7";"0.2";"1.9";"2"
"Norway";"NOR";"Cup Women";"27-06-2026 09:00";"FT";"Viking FK W";"0";"3";"Brann W";"0";"0";"39.00";"1.03";"56";"100";"100";"100";"4";"62";"73";"2.5";"2.8";"66";"81";"4.6";"5.9";"";"";"";"";"80";"90";"10";"10";"10";"0";"83";"93";"90";"100";"90";"90";"20";"10";"3x0";"0x3";"22.8";"3.4";"3.3";"1.4";"0.2";"4.2";"56";"64";"";"";"10";"10";"15.6";"19.4";"7.9";"2.6";"10.5";"3";"1";"8.5";"8.5";"1";"0.9";"0.8";"1.2";"2";"1.6"
"New Zealand";"NZL";"National League Women";"27-06-2026 21:00";"FT";"Coastal Spirit W";"2";"1";"Roslyn Wakari W";"";"";"";"";"28";"2";"100";"27";"";"";"";"1.3";"0.4";"";"";"";"";"2";"100";"0";"0";"40";"0";"10";"40";"50";"60";"43";"13";"50";"40";"90";"60";"60";"100";"0x0";"4x0";"";"3.1";"0.8";"2.2";"3.2";"4.6";"";"";"6";"8";"10";"10";"";"";"";"";"";"";"";"";"";"";"";"";"";"";"2.8"
"New Zealand";"NZL";"National League Women";"27-06-2026 23:00";"FT";"Taradale W";"2";"6";"Seatoun W";"";"";"";"";"2";"2";"51";"41";"";"";"";"0.6";"0.7";"";"";"";"";"";"";"";"";"20";"20";"0";"10";"80";"70";"20";"23";"20";"30";"100";"90";"80";"80";"0x10";"0x1";"";"1.5";"1.2";"4.8";"3.4";"5.4";"";"";"10";"7";"10";"10";"";"";"";"";"";"";"";"";"";"";"";"";"";"";"2.8"
"New Zealand";"NZL";"National League Women";"27-06-2026 23:00";"FT";"Melville United W";"1";"2";"Tauranga Moana W";"";"";"";"";"2";"2";"44";"14";"";"";"";"0.3";"0.3";"";"";"";"";"";"";"";"";"10";"10";"0";"0";"90";"90";"10";"10";"10";"10";"100";"100";"90";"90";"0x3";"4x0";"";"1.3";"0.4";"5.4";"4";"5.6";"";"";"6";"8";"10";"10";"";"";"";"";"";"";"";"";"";"";"";"";"";"";"2.8"
"Russia";"RUS";"Premier League Women";"27-06-2026 10:00";"FT";"Krylya Sovetov W";"4";"0";"Rostov W";"3";"0";"1.26";"10.20";"60";"28";"37";"10";"3";"47";"42";"1.7";"0.6";"48";"36";"3.4";"14.7";"9";"22";"56";"22";"50";"20";"20";"0";"30";"80";"57";"20";"70";"20";"80";"100";"50";"80";"2x0";"2x0";"12.6";"1.1";"0.3";"1.3";"2.2";"2.4";"48";"43";"5";"12";"10";"10";"3.6";"4.8";"8";"8.9";"5.6";"3.7";"4.4";"1";"2.1";"1.2";"2.1";"0.9";"1.7";"3";"2.6"
"Russia";"RUS";"Premier League Women";"27-06-2026 10:30";"FT";"CSKA Moscow W";"0";"0";"Zenit W";"0";"0";"2.28";"2.83";"84";"100";"71";"95";"5";"60";"62";"2.4";"2.8";"53";"61";"5.2";"4.7";"10";"50";"20";"30";"80";"90";"0";"10";"20";"0";"80";"93";"80";"100";"100";"90";"20";"10";"3x0";"0x2";"17.9";"2.1";"2.8";"0.6";"0.3";"2.9";"57";"58";"2";"1";"10";"10";"11";"12.6";"8";"4.2";"9.6";"3.4";"2.3";"5.9";"7.7";"1.3";"0.8";"1";"1.6";"2.3";"2.6"
"Russia";"RUS";"Premier League Women";"27-06-2026 11:00";"FT";"Rubin Kazan W";"2";"2";"Chertanovo W";"0";"1";"1.54";"5.05";"60";"38";"44";"44";"1";"53";"45";"1.1";"1.2";"42";"44";"6.1";"5.3";"10";"10";"70";"20";"20";"40";"50";"0";"30";"60";"37";"40";"70";"40";"50";"100";"80";"60";"0x0";"1x0";"14.8";"1.3";"1.3";"1.3";"1.9";"2.9";"52";"49";"8";"7";"10";"10";"8.6";"6.4";"7.1";"7.6";"8.9";"4.7";"5.3";"4.4";"3.4";"1.6";"1.2";"1.7";"1.6";"3";"2.6"
"Russia";"RUS";"Premier League Women";"27-06-2026 11:00";"FT";"Dinamo Moskva W";"0";"0";"Zvezda 2005 W";"0";"0";"1.84";"3.89";"70";"49";"20";"27";"1";"44";"37";"1.2";"1.1";"35";"37";"5.8";"7.4";"7";"29";"29";"43";"40";"30";"0";"20";"60";"50";"40";"37";"40";"50";"100";"80";"60";"70";"0x2";"1x1";"13.6";"0.6";"0.8";"1";"1.6";"2";"46";"40";"6";"9";"10";"10";"3.6";"5.7";"8.1";"9.6";"6.9";"4.2";"5.3";"1.9";"2.4";"1";"1.4";"1.2";"0.9";"2.2";"2.6"
"Russia";"RUS";"Premier League Women";"27-06-2026 13:00";"FT";"Spartak Moskva W";"1";"1";"Lokomotiv Moscow W";"0";"1";"1.65";"4.41";"88";"84";"65";"78";"1";"70";"61";"2.4";"2.2";"62";"65";"6.1";"4.3";"4";"25";"0";"75";"70";"70";"30";"10";"0";"20";"80";"73";"100";"80";"70";"90";"30";"30";"1x1";"0x3";"14.3";"1.9";"2.3";"0.5";"0.6";"2.6";"66";"57";"3";"4";"10";"10";"10.5";"9.1";"4.2";"4.8";"7.2";"1.8";"1.9";"6.3";"4.2";"1";"1.4";"2.1";"0.6";"2.6";"2.6"
"World";"WOR";"Club Friendlies 3";"27-06-2026 04:00";"FT";"Ansbach";"4";"0";"Kornburg";"0";"0";"";"";"42";"38";"68";"51";"";"";"";"1.6";"1.2";"";"";"";"";"";"";"";"";"50";"30";"10";"30";"40";"40";"53";"40";"60";"60";"90";"70";"50";"70";"1x3";"0x0";"";"2";"1.5";"1.8";"1.9";"3.6";"";"";"1";"2";"10";"10";"";"";"";"";"";"";"";"";"";"";"";"";"";"";"2.1"
"World";"WOR";"Club Friendlies 3";"27-06-2026 04:00";"FT";"Zlín";"0";"2";"Hanácká";"0";"1";"2.13";"2.78";"38";"77";"48";"48";"5";"44";"47";"1.2";"1.5";"43";"44";"6";"6.6";"3";"67";"0";"33";"30";"40";"30";"30";"40";"30";"40";"50";"60";"70";"70";"70";"70";"60";"1x1";"1x0";"22.2";"1.4";"1.4";"1.9";"0.8";"2.8";"44";"46";"1";"2";"10";"10";"10.6";"9.2";"15.8";"8.8";"8.1";"5.6";"3.7";"3.3";"3.6";"2.3";"2.1";"1.6";"1.7";"3.8";"2.1"
"World";"WOR";"Club Friendlies 3";"27-06-2026 05:00";"FT";"Viktoria Plzeň";"4";"2";"SK Artis Brno";"0";"1";"1.29";"7.44";"80";"49";"51";"54";"3";"59";"54";"1.8";"1.4";"58";"49";"8.7";"6.6";"";"";"";"";"50";"40";"30";"20";"20";"40";"60";"47";"80";"60";"70";"80";"50";"60";"0x0";"1x1";"24.5";"1.5";"1.6";"0.7";"1.6";"2.7";"57";"48";"1";"2";"10";"10";"17.8";"11.1";"9.2";"10.9";"9.4";"2.9";"5.2";"7";"3.7";"1.2";"1.7";"2.3";"1.6";"3.4";"2.1"
"World";"WOR";"Club Friendlies 3";"27-06-2026 05:00";"FT";"Wisła Kraków";"3";"4";"Nieciecza";"0";"1";"";"";"70";"25";"61";"51";"";"60";"47";"2.2";"1.2";"62";"47";"8.6";"6";"10";"40";"20";"40";"60";"40";"40";"0";"0";"60";"73";"40";"100";"40";"60";"100";"40";"60";"1x1";"2x3";"26";"1.8";"1.5";"1";"2.3";"3.3";"56";"48";"1";"2";"10";"10";"15.5";"12";"8.5";"15.9";"9.4";"2.8";"5.4";"5.9";"4.8";"1.5";"2.6";"1.4";"2.2";"3.8";"2.1"
"World";"WOR";"Club Friendlies 3";"27-06-2026 05:00";"FT";"Puszcza Niepołomice";"3";"0";"Star Starachowice";"1";"0";"";"";"63";"46";"37";"48";"";"48";"47";"1.5";"1.2";"44";"43";"7.5";"6.9";"";"";"";"";"40";"30";"30";"30";"30";"40";"50";"40";"70";"60";"70";"70";"60";"70";"1x0";"1x1";"19.8";"1.1";"1.4";"1.2";"1.7";"2.7";"48";"46";"1";"2";"10";"10";"8.3";"9.6";"11";"10.7";"7";"3.8";"3.4";"3.2";"3.7";"3.1";"1.3";"1.2";"2.3";"4";"2.1"
"World";"WOR";"Club Friendlies 3";"27-06-2026 05:00";"FT";"UTA Arad";"4";"0";"Dumbrăviţa";"1";"0";"1.26";"9.56";"88";"70";"54";"27";"3";"58";"39";"2";"1.1";"62";"46";"8.8";"8.9";"2";"100";"0";"0";"60";"30";"20";"20";"20";"50";"67";"37";"80";"50";"80";"80";"40";"70";"0x1";"1x0";"23.6";"1.6";"0.8";"0.5";"1";"2";"48";"43";"1";"2";"10";"10";"16.8";"7.1";"11.2";"12.2";"7";"2.2";"3.2";"5.5";"3";"1.9";"2.5";"2.1";"1.9";"4.2";"2.1"
"World";"WOR";"Club Friendlies 3";"27-06-2026 05:00";"FT";"Viktoria Žižkov";"3";"2";"Slavia Praha B";"2";"0";"2.03";"2.91";"21";"25";"41";"41";"5";"44";"50";"0.7";"1.3";"41";"47";"6.8";"8.3";"6";"33";"0";"67";"20";"40";"10";"10";"70";"50";"23";"43";"30";"50";"90";"90";"80";"60";"0x3";"1x2";"19.6";"1.2";"1.2";"2.4";"2.3";"3.6";"50";"55";"1";"2";"10";"10";"8.1";"10";"12.3";"8.9";"8.4";"5.1";"4.1";"3.6";"4";"1.1";"1.9";"1.1";"1.4";"2.8";"2.1"
"World";"WOR";"Club Friendlies 3";"27-06-2026 05:00";"FT";"Zlaté Moravce";"2";"0";"Banská Bystrica";"1";"0";"3.23";"1.86";"52";"88";"44";"58";"2";"55";"54";"0.9";"1.9";"59";"59";"8.5";"6.4";"10";"10";"40";"50";"20";"50";"30";"40";"50";"10";"30";"63";"50";"90";"70";"60";"80";"50";"0x1";"0x0";"20";"1.3";"1.7";"1.5";"0.5";"2.5";"51";"52";"1";"2";"10";"10";"11";"10.8";"10.4";"7.9";"8";"4.6";"3.7";"3.4";"4.2";"2.7";"1.3";"1.9";"1.6";"3.8";"2.1"
"World";"WOR";"Club Friendlies 3";"27-06-2026 05:00";"FT";"Luckenwalde";"0";"0";"RSV Eintracht";"0";"0";"";"";"56";"74";"31";"51";"";"";"";"1.1";"2";"";"";"";"";"4";"75";"25";"0";"30";"60";"20";"20";"50";"20";"37";"67";"50";"80";"80";"80";"70";"40";"0x1";"1x2";"";"0.9";"1.5";"1.4";"0.9";"2.3";"";"";"1";"2";"10";"10";"";"";"";"";"";"";"";"";"";"";"";"";"";"";"2.1"
"World";"WOR";"Club Friendlies 3";"27-06-2026 05:00";"CANCELLED";"Radomiak Radom";"";"";"Górnik Łęczna";"";"";"";"";"46";"46";"41";"44";"";"44";"42";"1.2";"1.1";"43";"48";"6.5";"6.6";"8";"38";"38";"25";"30";"30";"30";"20";"40";"50";"40";"37";"60";"50";"70";"80";"70";"70";"1x1";"0x1";"25.3";"1.2";"1.3";"1.7";"1.7";"3";"51";"46";"1";"2";"10";"10";"11.3";"8.6";"15.9";"14.8";"7.4";"5.2";"4.3";"2.7";"2.6";"2.9";"2.1";"2.4";"1.4";"4.4";"2.1"
"World";"WOR";"Club Friendlies 3";"27-06-2026 05:30";"FT";"Prostějov";"1";"1";"Opava";"1";"0";"3.40";"1.90";"46";"63";"34";"31";"2";"42";"56";"1.1";"0.7";"39";"50";"5.8";"13.9";"10";"30";"30";"40";"20";"10";"50";"40";"30";"50";"37";"23";"70";"50";"50";"60";"80";"90";"1x1";"0x0";"19.7";"1";"0.9";"1.7";"1.2";"2.4";"43";"54";"1";"2";"10";"10";"5.8";"12.5";"11.7";"9.4";"7.4";"4.4";"4.2";"2.3";"3.8";"1.9";"1.7";"1.3";"1.9";"3.4";"2.1"
"World";"WOR";"Club Friendlies 3";"27-06-2026 05:30";"FT";"Trenčín";"4";"2";"Petržalka akadémia";"0";"1";"1.61";"4.26";"60";"66";"61";"65";"1";"46";"52";"2.1";"1.9";"44";"53";"5.8";"6.2";"";"";"";"";"70";"60";"0";"10";"30";"30";"70";"63";"70";"70";"100";"90";"30";"40";"1x0";"1x2";"24.9";"1.8";"1.9";"1.3";"1.1";"3";"54";"52";"1";"2";"10";"10";"14.3";"11.8";"14.2";"9.5";"9.4";"4.8";"3.1";"4.9";"6.1";"1.4";"1.3";"1.8";"1.4";"3";"2.1"
"World";"WOR";"Club Friendlies 3";"27-06-2026 05:30";"FT";"Mezőkövesd-Zsóry";"2";"3";"FK Košice";"1";"1";"3.19";"1.92";"66";"49";"31";"51";"2";"45";"50";"1.3";"1.6";"42";"51";"9.8";"7.5";"";"";"";"";"40";"50";"10";"10";"50";"40";"43";"53";"50";"60";"90";"90";"60";"50";"0x2";"1x2";"24.1";"0.9";"1.5";"1.1";"1.6";"2.6";"50";"50";"1";"2";"10";"10";"8.8";"14.9";"10.1";"14.4";"8.8";"3.6";"4.7";"3.4";"5.8";"2";"1.8";"2.4";"1.5";"3.8";"2.1"
"World";"WOR";"Club Friendlies 3";"27-06-2026 05:30";"FT";"Lugano";"2";"1";"Neuchâtel Xamax";"1";"1";"1.25";"26.92";"74";"32";"48";"68";"3";"46";"47";"1.8";"1.3";"45";"47";"7";"4.6";"10";"20";"20";"60";"50";"40";"30";"10";"20";"50";"60";"43";"80";"50";"70";"90";"50";"60";"1x0";"2x1";"26.9";"1.4";"2";"0.9";"2.1";"3.2";"54";"47";"1";"2";"10";"10";"13.5";"12.2";"13.5";"14.6";"9.8";"4.4";"5.3";"5.4";"4.3";"2.3";"2";"2.8";"1.6";"4.4";"2.1"
"World";"WOR";"Club Friendlies 3";"27-06-2026 05:30";"FT";"Hartberg";"3";"1";"Admira";"1";"0";"1.67";"4.22";"49";"70";"37";"27";"1";"34";"54";"0.9";"1.3";"31";"55";"5.6";"14.5";"10";"60";"10";"30";"20";"30";"30";"40";"50";"30";"30";"43";"50";"70";"70";"60";"80";"70";"0x0";"0x0";"24.6";"1.1";"0.8";"1.6";"1";"2.2";"43";"51";"1";"2";"10";"10";"8.7";"12.3";"19.5";"8.7";"7.7";"5.1";"3";"2.5";"4.8";"1.7";"1.7";"2.3";"2.6";"4.2";"2.1"
"World";"WOR";"Club Friendlies 3";"27-06-2026 06:00";"FT";"Piast Gliwice";"0";"2";"Raków Częstochowa";"0";"1";"1.83";"3.68";"52";"63";"51";"65";"1";"57";"48";"1.2";"1.8";"58";"51";"8.3";"5.2";"10";"40";"60";"0";"30";"50";"30";"30";"40";"20";"40";"60";"60";"80";"70";"70";"70";"50";"1x1";"1x1";"26.5";"1.5";"1.9";"1.5";"1.2";"3";"55";"51";"1";"2";"10";"10";"17.4";"12.5";"9.3";"13.8";"9.9";"4.2";"5.2";"5.8";"4.6";"2.5";"1.4";"1.5";"3";"4.2";"2.1"
"World";"WOR";"Club Friendlies 3";"27-06-2026 06:00";"FT";"Sigma Olomouc";"1";"0";"Ružomberok";"0";"0";"1.65";"4.12";"46";"60";"61";"37";"1";"51";"53";"1.3";"1.3";"50";"48";"7.1";"7.4";"3";"33";"33";"33";"40";"30";"10";"40";"50";"30";"43";"43";"50";"70";"90";"60";"60";"70";"0x2";"0x0";"26";"1.8";"1.1";"1.7";"1.3";"3";"51";"49";"1";"2";"10";"10";"16.1";"10.7";"13.7";"11.6";"8.7";"4.7";"3.5";"6.2";"3";"1.7";"1.5";"1.6";"1.7";"3.2";"2.1"
"World";"WOR";"Club Friendlies 3";"27-06-2026 06:00";"FT";"Wisła Płock";"2";"1";"Pogon Grodzisk Mazowiecki";"1";"0";"1.69";"3.52";"52";"32";"34";"34";"1";"41";"47";"1.3";"0.6";"40";"52";"8.4";"11.3";"";"";"";"";"40";"10";"10";"30";"50";"60";"43";"20";"50";"40";"90";"70";"60";"90";"0x1";"0x0";"26.8";"1";"1";"1.5";"2.1";"2.8";"42";"50";"1";"2";"10";"10";"11.4";"11.3";"17";"13.8";"9.1";"5.6";"5.5";"3.5";"3.6";"2";"1.7";"1.4";"1.4";"3.2";"2.1"
"World";"WOR";"Club Friendlies 3";"27-06-2026 06:00";"FT";"Paksi SE";"4";"1";"Komárno";"2";"1";"1.56";"4.36";"60";"63";"100";"34";"1";"57";"54";"2";"1";"63";"54";"4.5";"10.1";"";"";"";"";"60";"30";"20";"10";"20";"60";"67";"33";"80";"40";"80";"90";"40";"70";"0x2";"2x1";"26.1";"3";"1";"1.3";"1.2";"3.2";"55";"52";"1";"2";"10";"10";"15.5";"13.9";"11.1";"11.7";"9.4";"3.6";"3.7";"7.3";"4.1";"1.9";"2.4";"2.1";"2.2";"4.3";"2.1"
"World";"WOR";"Club Friendlies 3";"27-06-2026 06:00";"FT";"Sportfreunde Siegen";"6";"0";"Cosmos Koblenz";"2";"0";"1.35";"5.49";"56";"42";"61";"68";"1";"";"";"1.4";"1.9";"";"";"";"";"";"";"";"";"40";"60";"20";"10";"40";"30";"47";"63";"60";"70";"80";"90";"60";"40";"1x2";"0x1";"";"1.8";"2";"1.4";"1.8";"3.5";"";"";"1";"2";"10";"10";"";"";"";"";"";"";"";"";"";"0.7";"";"0.7";"";"";"2.1"
"World";"WOR";"Club Friendlies 3";"27-06-2026 06:00";"FT";"Slovan Liberec";"2";"0";"Ústí nad Labem";"0";"0";"1.41";"5.69";"52";"63";"31";"61";"1";"48";"50";"1";"2.1";"46";"50";"9.1";"5.6";"6";"50";"33";"17";"30";"70";"10";"0";"60";"30";"33";"70";"40";"70";"90";"100";"70";"30";"2x1";"1x2";"23.4";"0.9";"1.8";"1.5";"1.2";"2.7";"48";"51";"1";"2";"10";"10";"11.6";"10.1";"12.4";"12.6";"8.6";"4.7";"5.5";"3.3";"3.8";"2.8";"1";"1.9";"1.3";"3.5";"2.1"
"World";"WOR";"Club Friendlies 3";"27-06-2026 06:00";"FT";"Teplice";"2";"0";"Spartak Trnava";"1";"0";"2.04";"3.10";"56";"74";"54";"54";"5";"45";"52";"1.4";"1.9";"41";"42";"4.9";"5.9";"";"";"";"";"40";"60";"20";"10";"40";"30";"47";"63";"60";"70";"80";"90";"60";"40";"2x0";"0x1";"24.8";"1.6";"1.6";"1.4";"0.9";"2.8";"46";"52";"1";"2";"10";"10";"10.1";"12.4";"15.1";"12.1";"7.6";"4.7";"3.3";"3.1";"4.2";"1.4";"3.5";"1.1";"2.2";"4.1";"2.1"
"World";"WOR";"Club Friendlies 3";"27-06-2026 06:00";"FT";"FC Utrecht";"1";"2";"De Graafschap";"1";"2";"1.48";"4.66";"60";"52";"68";"71";"1";"46";"51";"2.2";"1.5";"46";"49";"6.4";"5.5";"10";"30";"20";"50";"70";"40";"10";"30";"20";"30";"73";"50";"80";"70";"90";"70";"30";"60";"2x0";"2x2";"30.6";"2";"2.1";"1.3";"1.5";"3.4";"44";"55";"1";"2";"10";"10";"16.7";"14.9";"15.1";"14.5";"11.6";"5.6";"4.5";"7.1";"6";"1.3";"0.9";"1.2";"1.8";"2.6";"2.1"
"World";"WOR";"Club Friendlies 3";"27-06-2026 06:00";"FT";"Bayreuth";"5";"0";"Neumarkt Germany";"3";"0";"";"";"42";"32";"37";"61";"";"";"";"0.9";"1.3";"";"";"";"";"6";"67";"17";"17";"20";"40";"30";"10";"50";"50";"30";"43";"50";"50";"70";"90";"80";"60";"1x1";"3x0";"";"1.1";"1.8";"1.8";"2.1";"3.4";"";"";"1";"2";"10";"10";"";"";"";"";"";"";"";"";"";"";"";"";"";"";"2.1"
"World";"WOR";"Club Friendlies 3";"27-06-2026 06:00";"FT";"Diósgyőr";"1";"0";"Zemplín Michalovce";"1";"0";"2.74";"2.19";"10";"56";"24";"44";"5";"45";"50";"0.4";"1.8";"41";"45";"9.7";"7.1";"";"";"";"";"10";"60";"10";"0";"80";"40";"13";"60";"20";"60";"90";"100";"90";"40";"1x3";"1x2";"23.9";"0.7";"1.3";"2.7";"1.4";"3";"46";"48";"1";"2";"10";"10";"9.6";"13.2";"11.9";"13.1";"7.6";"4.8";"4.1";"2.7";"3.5";"2.2";"1.8";"1.6";"1.7";"3.6";"2.1"
"World";"WOR";"Club Friendlies 3";"27-06-2026 06:00";"FT";"Vysočina Jihlava";"3";"1";"Příbram";"1";"0";"2.20";"2.60";"56";"80";"48";"34";"5";"54";"53";"1.3";"1.5";"52";"51";"6.8";"11.8";"10";"30";"20";"50";"40";"40";"10";"30";"50";"30";"43";"50";"50";"70";"90";"70";"60";"60";"1x2";"0x0";"18.7";"1.4";"1";"1.4";"0.7";"2.2";"52";"53";"1";"2";"10";"10";"9.5";"11.8";"7.9";"8.2";"7.4";"3.1";"3";"3.9";"4.8";"1.4";"1.7";"1.4";"1.5";"3";"2.1"
"World";"WOR";"Club Friendlies 3";"27-06-2026 06:00";"CANCELLED";"Memmingen";"";"";"Gundelfingen";"";"";"";"";"42";"77";"41";"51";"";"";"";"1";"1.9";"";"";"";"";"3";"33";"67";"0";"30";"60";"10";"10";"60";"30";"33";"63";"40";"70";"90";"90";"70";"40";"0x1";"0x1";"";"1.2";"1.5";"1.8";"0.8";"2.6";"";"";"1";"2";"10";"10";"";"";"";"";"";"";"";"";"";"1";"";"0.5";"";"";"2.1"
"World";"WOR";"Club Friendlies 3";"27-06-2026 06:00";"CANCELLED";"Almere City";"";"";"HHC";"";"";"1.24";"8.10";"49";"49";"61";"61";"3";"58";"51";"1.3";"1.4";"58";"50";"7.1";"6.1";"";"";"";"";"40";"40";"10";"20";"50";"40";"43";"47";"50";"60";"90";"80";"60";"60";"1x2";"0x2";"25.1";"1.8";"1.8";"1.6";"1.6";"3.4";"52";"50";"1";"2";"10";"10";"17";"10.9";"11.9";"10.4";"9.8";"4.3";"4.2";"5.8";"5.3";"1.2";"1.6";"0.8";"1.4";"2.5";"2.1"
"World";"WOR";"Club Friendlies 3";"27-06-2026 06:00";"TBA";"Gau-Odernheim";"";"";"Mainz 05 II";"";"";"";"";"56";"56";"65";"41";"";"";"";"1.6";"1.3";"";"";"";"";"";"";"";"";"50";"30";"10";"40";"40";"30";"53";"43";"60";"70";"90";"60";"50";"70";"1x3";"1x1";"";"1.9";"1.2";"1.4";"1.4";"3";"";"";"1";"2";"10";"10";"";"";"";"";"";"";"";"";"";"";"";"";"";"";"2.1"
"World";"WOR";"Club Friendlies 3";"27-06-2026 06:15";"FT";"Zlín";"1";"2";"Skalica";"0";"0";"2.00";"3.06";"42";"70";"48";"48";"5";"44";"48";"1.2";"1.9";"41";"43";"5.7";"5.9";"2";"0";"100";"0";"30";"60";"30";"10";"40";"30";"40";"63";"60";"70";"70";"90";"70";"40";"1x1";"0x1";"24.6";"1.4";"1.4";"1.8";"1";"2.8";"44";"42";"1";"2";"10";"10";"9.8";"11.3";"14.8";"13.3";"7.8";"5";"3.9";"3.3";"3.5";"2";"2.1";"1.5";"2";"3.8";"2.1"
"World";"WOR";"Club Friendlies 3";"27-06-2026 06:30";"FT";"Zürich";"3";"2";"FC Schaffhausen";"2";"0";"1.30";"6.91";"46";"60";"31";"68";"3";"44";"50";"0.7";"1.8";"43";"55";"8.7";"7.1";"10";"70";"20";"10";"20";"60";"10";"0";"70";"40";"23";"60";"30";"60";"90";"100";"80";"40";"1x2";"2x1";"26.2";"0.9";"2";"1.7";"1.3";"3";"50";"52";"1";"2";"10";"10";"10.8";"14.2";"15.3";"12.2";"9.5";"5.1";"5.2";"3.5";"5.2";"2.4";"1.6";"2.3";"1.4";"3.8";"2.1"
"World";"WOR";"Club Friendlies 3";"27-06-2026 07:00";"FT";"Pogoń Siedlce";"0";"3";"Unia Skierniewice";"0";"0";"";"";"52";"38";"27";"58";"";"42";"56";"0.9";"1.2";"46";"59";"10.2";"7.5";"";"";"";"";"30";"30";"0";"30";"70";"40";"30";"40";"30";"60";"100";"70";"70";"70";"0x1";"0x2";"21.3";"0.8";"1.7";"1.5";"1.9";"3";"45";"56";"1";"2";"10";"10";"8.2";"12.8";"13.7";"7.9";"8.5";"5.6";"3.5";"2.8";"5.1";"1.4";"2.3";"1.5";"2.9";"4";"2.1"
"World";"WOR";"Club Friendlies 3";"27-06-2026 07:00";"FT";"FC Dordrecht";"3";"0";"Schalke 04 II";"1";"0";"1.89";"3.14";"38";"46";"34";"78";"1";"51";"";"0.7";"1.5";"45";"";"";"";"";"";"";"";"10";"40";"40";"30";"50";"30";"23";"50";"50";"70";"60";"70";"90";"60";"1x1";"0x0";"";"1";"2.3";"1.9";"1.7";"3.4";"50";"";"1";"2";"10";"10";"13.8";"";"12.3";"";"";"5.2";"";"3.9";"";"2.4";"";"1.5";"";"";"2.1"
"World";"WOR";"Club Friendlies 3";"27-06-2026 07:00";"FT";"Esbjerg";"3";"3";"Vejle Boldklub";"0";"1";"2.74";"2.11";"56";"52";"44";"34";"5";"49";"42";"1.5";"1";"50";"40";"7.7";"7.8";"10";"40";"50";"10";"40";"20";"30";"40";"30";"40";"50";"33";"70";"60";"70";"60";"60";"80";"1x1";"1x1";"26.6";"1.3";"1";"1.4";"1.5";"2.6";"46";"47";"1";"2";"10";"10";"14.2";"10.3";"13.1";"15.6";"9.2";"4.8";"5.4";"4.9";"3.4";"1.4";"2";"1.2";"1.5";"3";"2.1"
"World";"WOR";"Club Friendlies 3";"27-06-2026 08:00";"FT";"Widzew Lodz";"4";"0";"Stal Rzeszów";"1";"0";"1.22";"8.97";"80";"14";"34";"44";"3";"50";"47";"1.5";"0.7";"45";"53";"7.8";"10.2";"6";"67";"0";"33";"40";"20";"30";"10";"30";"70";"50";"23";"70";"30";"70";"90";"60";"80";"0x0";"2x1";"23.8";"1";"1.3";"0.7";"2.6";"2.8";"48";"46";"1";"2";"10";"10";"11.3";"13.2";"10.6";"12.3";"7.4";"2.4";"4.9";"2.8";"4.7";"2.2";"1.7";"2.2";"1.7";"3.8";"2.1"
"World";"WOR";"Club Friendlies 3";"27-06-2026 08:00";"FT";"AGF";"1";"1";"Viborg FF";"1";"1";"1.75";"3.59";"74";"49";"54";"41";"1";"53";"51";"1.7";"1.1";"50";"52";"7.2";"9.9";"10";"60";"10";"30";"40";"30";"50";"20";"10";"50";"57";"37";"90";"50";"50";"80";"60";"70";"1x1";"0x1";"28.8";"1.6";"1.2";"0.9";"1.6";"2.6";"54";"47";"1";"2";"10";"10";"15.2";"15.2";"13.1";"14.1";"10";"4.6";"4.7";"5.7";"5.1";"1.4";"1.9";"2.8";"1.9";"4";"2.1"
"World";"WOR";"Club Friendlies 3";"27-06-2026 08:00";"FT";"SK Rapid";"4";"1";"Floridsdorfer AC";"3";"1";"1.43";"5.31";"49";"80";"31";"61";"1";"52";"49";"0.8";"1.6";"43";"45";"7.8";"4.7";"4";"25";"50";"25";"20";"50";"20";"10";"60";"40";"27";"53";"40";"60";"80";"90";"80";"50";"0x2";"0x5";"20.8";"0.9";"1.8";"1.6";"0.7";"2.5";"58";"50";"1";"2";"10";"10";"9.9";"8.9";"11.6";"11.3";"6.4";"3.5";"3.1";"2.8";"3.3";"1.9";"1.5";"1.3";"1.9";"3.3";"2.1"
"World";"WOR";"Club Friendlies 3";"27-06-2026 08:00";"FT";"Ayr United";"3";"0";"Glenafton Athletic";"0";"0";"";"";"49";"25";"20";"41";"";"52";"";"0.5";"0.9";"52";"";"";"";"";"";"";"";"10";"20";"20";"30";"70";"50";"17";"30";"30";"50";"80";"70";"90";"80";"1x2";"3x0";"";"0.6";"1.2";"1.6";"2.3";"2.8";"51";"";"1";"2";"10";"10";"9.1";"";"8.2";"";"";"3.6";"";"3.3";"";"2.5";"";"1.9";"";"";"2.1"
"World";"WOR";"Club Friendlies 3";"27-06-2026 08:00";"FT";"FSV Optik Rathenow";"0";"1";"Altglienicke";"0";"0";"";"";"66";"66";"48";"68";"";"";"";"1.4";"1.8";"";"";"";"";"9";"22";"44";"33";"30";"50";"50";"30";"20";"20";"47";"60";"80";"80";"50";"70";"70";"50";"1x1";"1x1";"";"1.4";"2";"1.1";"1.1";"2.8";"";"";"1";"2";"10";"10";"";"";"";"";"";"";"";"";"";"";"";"";"";"";"2.1"
"World";"WOR";"Club Friendlies 3";"27-06-2026 08:00";"DELAYED";"Hannover 96 II";"0";"0";"Hertha BSC II";"0";"0";"";"";"49";"52";"68";"34";"";"";"";"1.8";"1";"";"";"";"";"9";"67";"22";"11";"60";"30";"0";"10";"40";"60";"60";"33";"60";"40";"100";"90";"40";"70";"3x2";"1x0";"";"2";"1";"1.6";"1.5";"3";"";"";"1";"2";"10";"10";"";"";"";"";"";"";"";"";"";"";"0.5";"";"0.5";"";"2.1"
"World";"WOR";"Club Friendlies 3";"27-06-2026 08:00";"DELAYED";"Bremer SV";"0";"0";"Süderelbe";"0";"0";"1.72";"3.57";"63";"35";"65";"68";"1";"";"";"1.8";"1.4";"";"";"";"";"";"";"";"";"50";"40";"30";"20";"20";"40";"60";"47";"80";"60";"70";"80";"50";"60";"0x0";"2x1";"";"1.9";"2";"1.2";"2";"3.6";"";"";"1";"2";"10";"10";"";"";"";"";"";"";"";"";"";"";"";"";"";"";"2.1"
"World";"WOR";"Club Friendlies 3";"27-06-2026 09:00";"FT";"Stranraer";"4";"0";"Dundela";"1";"0";"";"";"74";"52";"37";"41";"";"57";"42";"1.5";"1.1";"54";"38";"8.1";"4.2";"";"";"";"";"40";"20";"30";"50";"30";"30";"50";"37";"70";"70";"70";"50";"60";"80";"0x1";"1x1";"15.9";"1.1";"1.2";"0.9";"1.5";"2.4";"55";"54";"1";"2";"10";"10";"11.9";"5";"9.9";"5";"6.1";"3.6";"2";"4.1";"2.5";"1.6";"2.5";"1.9";"2";"4";"2.1"
"World";"WOR";"Club Friendlies 3";"27-06-2026 09:00";"FT";"Clachnacuddin";"1";"3";"Inverness CT";"0";"1";"14.73";"1.09";"42";"66";"71";"54";"4";"42";"60";"1.6";"1.9";"38";"51";"6.2";"6";"6";"0";"83";"17";"50";"50";"10";"40";"40";"10";"53";"63";"60";"90";"90";"60";"50";"50";"0x1";"1x1";"22.9";"2.1";"1.6";"1.8";"1.1";"3.3";"46";"57";"1";"2";"10";"10";"13";"11.6";"14.5";"6.8";"9.4";"6";"4.3";"3";"5.3";"1.5";"1.7";"0";"1.8";"2.4";"2.1"
"World";"WOR";"Club Friendlies 3";"27-06-2026 09:00";"FT";"FC København";"5";"3";"Mjällby";"3";"2";"1.96";"3.07";"77";"70";"100";"65";"1";"61";"45";"2.3";"1.9";"57";"46";"4.4";"4.7";"";"";"";"";"70";"50";"20";"40";"10";"10";"77";"63";"90";"90";"80";"60";"30";"50";"2x1";"1x1";"28";"3.1";"1.9";"0.8";"1";"3.4";"54";"52";"1";"2";"10";"10";"18.9";"10.8";"9.6";"16.7";"10.3";"2.9";"5.1";"7.2";"5.4";"2.3";"1.7";"1.2";"1.9";"3.6";"2.1"
"World";"WOR";"Club Friendlies 3";"27-06-2026 09:00";"FT";"Nordsjælland";"1";"1";"Horsens";"0";"1";"1.51";"4.79";"80";"100";"48";"54";"1";"52";"47";"1.9";"2.4";"50";"45";"7.7";"4.9";"10";"40";"20";"40";"50";"70";"40";"30";"10";"0";"63";"80";"90";"100";"60";"70";"50";"30";"1x1";"0x1";"25.3";"1.4";"1.6";"0.7";"0.3";"2";"56";"46";"1";"2";"10";"10";"14.5";"10.6";"13.8";"11.7";"9";"4.8";"3.4";"5.9";"4";"2.1";"1.6";"2.1";"1.2";"3.5";"2.1"
"World";"WOR";"Club Friendlies 3";"27-06-2026 09:00";"FT";"Zulte-Waregem";"0";"6";"Racing Waregem";"0";"1";"";"";"66";"42";"58";"85";"";"54";"";"1.9";"1.5";"48";"";"";"";"6";"83";"17";"0";"60";"50";"10";"0";"30";"50";"63";"50";"70";"50";"90";"100";"40";"50";"2x1";"0x2";"";"1.7";"2.5";"1.1";"1.8";"3.6";"50";"";"1";"2";"10";"10";"13.2";"";"10.9";"";"";"4.1";"";"4.6";"";"0.9";"";"2";"";"";"2.1"
"World";"WOR";"Club Friendlies 3";"27-06-2026 09:00";"CANCELLED";"Stuttgart II";"";"";"Augsburg II";"";"";"";"";"25";"74";"78";"41";"";"54";"";"1.1";"1.4";"56";"";"";"";"3";"67";"0";"33";"30";"40";"20";"20";"50";"40";"37";"47";"50";"60";"80";"80";"70";"60";"1x3";"1x0";"";"2.3";"1.2";"2.3";"0.9";"3.4";"55";"";"1";"2";"10";"10";"13";"";"11.1";"";"";"5.9";"";"6.6";"";"1.8";"";"2.3";"";"";"2.1"
"World";"WOR";"Club Friendlies 3";"27-06-2026 09:00";"CANCELLED";"Schwaben Augsburg";"";"";"Rain / Lech";"";"";"";"";"63";"80";"48";"65";"";"";"";"1.8";"2.3";"";"";"";"";"7";"29";"0";"71";"60";"70";"0";"20";"40";"10";"60";"77";"60";"90";"100";"80";"40";"30";"1x0";"0x0";"";"1.4";"1.9";"1.2";"0.7";"2.6";"";"";"1";"2";"10";"10";"";"";"";"";"";"";"";"";"";"";"";"";"";"";"2.1"
"World";"WOR";"Club Friendlies 3";"27-06-2026 09:00";"CANCELLED";"Telstar";"";"";"Helmond Sport";"";"";"";"";"49";"56";"65";"24";"";"46";"53";"1.6";"0.7";"43";"46";"5.2";"10.7";"10";"40";"10";"50";"50";"10";"10";"40";"40";"50";"53";"23";"60";"50";"90";"60";"50";"90";"4x1";"1x0";"25.1";"1.9";"0.7";"1.6";"1.4";"2.8";"47";"54";"1";"2";"10";"10";"12.3";"11.2";"15.9";"10.8";"8.8";"6";"3.6";"5.2";"2.9";"1.3";"1.7";"2.2";"1.1";"3.2";"2.1"
"World";"WOR";"Club Friendlies 3";"27-06-2026 10:00";"FT";"Livingston";"2";"0";"Dundee";"0";"0";"2.45";"2.44";"46";"49";"34";"51";"5";"43";"44";"0.8";"1.4";"41";"38";"7.7";"4.3";"10";"30";"50";"20";"10";"40";"50";"20";"40";"40";"27";"47";"60";"60";"50";"80";"90";"60";"0x0";"2x2";"25.4";"1";"1.5";"1.7";"1.6";"2.9";"46";"46";"1";"2";"10";"10";"10.8";"9.2";"15.4";"15.3";"8.4";"4.1";"6";"3.2";"3.4";"1.7";"1.5";"1.4";"2.2";"3.4";"2.1"
"World";"WOR";"Club Friendlies 3";"27-06-2026 10:00";"FT";"Bielawianka Bielawa";"0";"11";"Śląsk Wrocław";"0";"5";"";"";"25";"70";"24";"82";"";"";"54";"0.7";"2.2";"";"57";"";"";"";"";"";"";"20";"60";"10";"40";"70";"0";"23";"73";"30";"100";"90";"60";"80";"40";"0x3";"0x4";"";"0.7";"2.4";"2.3";"1";"3.2";"";"52";"1";"2";"10";"10";"";"14.1";"";"9.3";"";"";"3.3";"";"6.1";"";"1.3";"";"1.7";"";"2.1"
"World";"WOR";"Club Friendlies 3";"27-06-2026 10:00";"FT";"Airdrieonians";"1";"1";"Elgin City";"1";"1";"1.64";"4.20";"49";"63";"44";"44";"1";"48";"50";"1";"1.2";"45";"38";"5.8";"6";"";"";"";"";"20";"30";"40";"30";"40";"40";"33";"40";"60";"60";"60";"70";"80";"70";"2x2";"1x1";"19.7";"1.3";"1.3";"1.6";"1.2";"2.7";"50";"50";"1";"2";"10";"10";"9.7";"9";"11.4";"9.3";"8";"4.3";"4.1";"4";"3.6";"2.1";"1.8";"1.9";"2.2";"4";"2.1"
"World";"WOR";"Club Friendlies 3";"27-06-2026 10:00";"FT";"ASV Salzburg";"1";"5";"Austria Salzburg";"";"";"";"";"2";"70";"48";"48";"";"";"47";"0.7";"1.5";"";"45";"";"";"";"";"";"";"20";"30";"10";"60";"70";"10";"23";"50";"30";"90";"90";"40";"80";"70";"0x5";"2x2";"";"1.4";"1.4";"3.1";"1";"3.4";"43";"47";"1";"2";"10";"10";"";"9.6";"";"10.9";"";"";"5.1";"";"4.3";"";"2.1";"";"2";"";"2.1"
"World";"WOR";"Club Friendlies 3";"27-06-2026 10:00";"FT";"Forres Mechanics";"0";"0";"Ross County";"0";"0";"";"";"46";"42";"54";"37";"";"";"51";"1.1";"0.8";"";"42";"";"";"";"";"";"";"30";"20";"20";"20";"50";"60";"37";"27";"50";"40";"80";"80";"70";"80";"0x1";"1x0";"";"1.6";"1.1";"1.7";"1.8";"3.1";"";"50";"1";"2";"10";"10";"";"7.3";"";"7.3";"";"";"3.1";"";"3.2";"";"3.3";"";"1.7";"";"2.1"
"World";"WOR";"Club Friendlies 3";"27-06-2026 10:00";"FT";"Diksmuide";"1";"5";"KV Kortrijk";"0";"2";"14.85";"1.08";"66";"70";"58";"82";"4";"";"60";"1.7";"2.2";"";"61";"";"";"";"";"";"";"50";"70";"20";"10";"30";"20";"57";"73";"70";"80";"80";"90";"50";"30";"1x2";"1x3";"";"1.7";"2.4";"1.1";"1";"3.1";"";"52";"1";"2";"10";"10";"";"16.5";"";"8.5";"";"";"3.6";"";"6";"";"1.4";"";"1.8";"";"2.1"
"World";"WOR";"Club Friendlies 3";"27-06-2026 10:00";"FT";"Forfar Athletic";"1";"1";"Montrose";"0";"0";"2.44";"2.38";"63";"32";"48";"48";"5";"48";"47";"1.5";"0.9";"41";"40";"5.4";"5.1";"10";"30";"50";"20";"40";"20";"30";"30";"30";"50";"50";"30";"70";"50";"70";"70";"60";"80";"1x0";"1x1";"19.8";"1.4";"1.4";"1.2";"2.1";"3";"48";"47";"1";"2";"10";"10";"8.6";"9.4";"8.7";"12.8";"9.2";"3.3";"5.9";"5.2";"4.1";"1.6";"2.3";"1.4";"1.7";"3.5";"2.1"
"World";"WOR";"Club Friendlies 3";"27-06-2026 10:00";"FT";"Invergordon";"1";"5";"Ross County";"0";"2";"";"";"2";"42";"27";"37";"";"";"51";"0.2";"0.8";"";"42";"";"";"";"";"";"";"0";"20";"20";"20";"80";"60";"7";"27";"20";"40";"80";"80";"100";"80";"0x4";"1x0";"";"0.8";"1.1";"3.4";"1.8";"3.6";"";"50";"1";"2";"5";"10";"";"7.3";"";"7.3";"";"";"3.1";"";"3.2";"";"3.3";"";"1.7";"";"2.1"
"World";"WOR";"Club Friendlies 3";"27-06-2026 10:00";"FT";"Arbroath";"2";"4";"St. Mirren";"1";"2";"3.16";"2.07";"74";"66";"20";"31";"5";"51";"54";"1";"1.2";"48";"49";"8.3";"9.7";"3";"33";"33";"33";"20";"30";"40";"30";"40";"40";"33";"40";"60";"60";"60";"70";"80";"70";"0x0";"0x2";"18.4";"0.6";"0.9";"0.9";"1.1";"1.8";"50";"52";"1";"2";"10";"10";"7.1";"12.5";"7.4";"9.8";"7";"2.8";"3.8";"2.8";"4.7";"2.2";"1.8";"2.2";"1.6";"3.9";"2.1"
"World";"WOR";"Club Friendlies 3";"27-06-2026 10:00";"FT";"Kristiansund";"0";"3";"Aalesund";"0";"1";"2.41";"2.41";"49";"42";"27";"48";"5";"43";"45";"0.8";"1";"39";"45";"10.5";"6.6";"10";"50";"30";"20";"20";"20";"20";"40";"60";"40";"27";"33";"40";"60";"80";"60";"80";"80";"1x1";"2x2";"27.4";"0.8";"1.4";"1.6";"1.8";"2.8";"43";"43";"1";"2";"10";"10";"11.5";"14.4";"13.5";"15.3";"9.5";"5.1";"5.8";"3.6";"4.5";"2.4";"2.4";"1.5";"1.4";"3.8";"2.1"
"World";"WOR";"Club Friendlies 3";"27-06-2026 10:00";"FT";"Cove Rangers";"0";"1";"Aberdeen";"0";"1";"";"";"70";"46";"41";"37";"";"47";"46";"1.5";"1.1";"38";"40";"5";"6.3";"";"";"";"";"40";"30";"30";"20";"30";"50";"50";"37";"70";"50";"70";"80";"60";"70";"2x0";"2x0";"18.8";"1.2";"1.1";"1";"1.7";"2.5";"48";"47";"1";"2";"10";"10";"6.7";"9.5";"10.5";"10.8";"7.2";"4.4";"4.1";"3.2";"2.6";"1.2";"1.5";"1.8";"1.8";"3.2";"2.1"
"World";"WOR";"Club Friendlies 3";"27-06-2026 10:00";"CANCELLED";"Mjällby";"";"";"Malmö FF";"";"";"";"";"52";"32";"65";"71";"";"44";"47";"1.6";"1.3";"47";"43";"4.5";"4";"10";"60";"20";"20";"40";"40";"40";"10";"20";"50";"53";"43";"80";"50";"60";"90";"60";"60";"1x1";"3x2";"27.4";"1.9";"2.1";"1.5";"2.1";"3.8";"51";"51";"1";"2";"10";"10";"10.3";"12.6";"16.6";"15.3";"10.9";"5.4";"6.5";"5.3";"4.6";"1.7";"1.4";"1.7";"1.7";"3.2";"2.1"
"World";"WOR";"Club Friendlies 3";"27-06-2026 10:00";"CANCELLED";"Eichstätt";"";"";"1860 München II";"";"";"";"";"70";"77";"34";"95";"";"";"";"1.2";"2.2";"";"";"";"";"";"";"";"";"30";"70";"30";"10";"40";"20";"40";"73";"60";"80";"70";"90";"70";"30";"0x1";"0x5";"";"1";"2.8";"1";"0.8";"2.8";"";"";"1";"2";"10";"10";"";"";"";"";"";"";"";"";"";"";"1";"";"1";"";"2.1"
"World";"WOR";"Club Friendlies 3";"27-06-2026 11:00";"FT";"Luzern";"3";"2";"Stade Lausanne-Ouchy";"1";"2";"1.70";"3.80";"60";"49";"75";"54";"1";"54";"58";"2";"1.4";"54";"50";"5";"6.2";"5";"40";"60";"0";"60";"40";"20";"20";"20";"40";"67";"47";"80";"60";"80";"80";"40";"60";"3x1";"3x0";"25";"2.2";"1.6";"1.3";"1.6";"3.4";"52";"58";"1";"2";"10";"10";"14.9";"12.5";"12.6";"9.9";"8.6";"3.7";"4";"4.9";"4.5";"1.8";"1.9";"1.7";"3.2";"4.3";"2.1"
"World";"WOR";"Club Friendlies 3";"27-06-2026 11:00";"FT";"St. Gallen";"3";"2";"Rheindorf Altach";"2";"1";"1.68";"4.10";"66";"46";"61";"44";"1";"57";"43";"2.1";"1.1";"56";"38";"7.1";"5.8";"5";"40";"20";"40";"60";"20";"30";"50";"10";"30";"70";"37";"90";"70";"70";"50";"40";"80";"2x1";"2x2";"26.2";"1.8";"1.3";"1.1";"1.7";"3";"48";"50";"1";"2";"10";"10";"17.5";"9.5";"12";"13.3";"9.5";"3.7";"6.5";"5.4";"3.4";"3.9";"1.5";"2.8";"2.5";"5.4";"2.1"
"World";"WOR";"Club Friendlies 3";"27-06-2026 11:00";"FT";"IFK Göteborg";"1";"2";"HamKam";"1";"0";"3.03";"1.82";"32";"49";"37";"58";"2";"48";"44";"0.8";"1.7";"46";"42";"9.5";"4.9";"";"";"";"";"10";"50";"50";"20";"40";"30";"27";"57";"60";"70";"50";"80";"90";"50";"1x1";"1x2";"27";"1.1";"1.7";"2.1";"1.6";"3.2";"50";"46";"1";"2";"10";"10";"14";"11.5";"13.7";"14.9";"9.6";"5.4";"4.6";"4.4";"4.8";"2.8";"1.3";"1.6";"1.9";"3.8";"2.1"
"World";"WOR";"Club Friendlies 3";"27-06-2026 11:00";"FT";"Queen of the South";"0";"1";"Connah's Quay";"0";"1";"2.55";"2.34";"66";"60";"61";"44";"5";"53";"49";"1.6";"1.1";"48";"54";"5.8";"6.8";"";"";"";"";"30";"20";"70";"50";"0";"30";"53";"37";"100";"70";"30";"50";"70";"80";"1x1";"1x1";"20.2";"1.8";"1.3";"1.1";"1.3";"2.8";"55";"49";"1";"2";"10";"10";"12.9";"8.8";"10";"8.8";"9.4";"4.7";"4.3";"5.3";"4.5";"2.1";"2.4";"2";"2.2";"4.4";"2.1"
"World";"WOR";"Club Friendlies 3";"27-06-2026 11:00";"FT";"Clyde";"1";"2";"Dunfermline Athletic";"1";"2";"4.30";"1.65";"52";"70";"58";"27";"2";"52";"46";"1.7";"1.1";"47";"44";"4.9";"7.8";"10";"0";"70";"30";"50";"20";"20";"50";"30";"30";"57";"37";"70";"70";"80";"50";"50";"80";"2x0";"0x0";"18.5";"1.7";"0.8";"1.5";"1";"2.5";"50";"48";"1";"2";"10";"10";"10.7";"8";"9.1";"9.1";"7";"4.5";"3.3";"4";"2.3";"1.6";"1.8";"1.7";"2.2";"3.6";"2.1"
"World";"WOR";"Club Friendlies 3";"27-06-2026 11:00";"FT";"Lokomotiv Moskva";"0";"0";"Rodina Moskva";"0";"0";"1.67";"4.45";"63";"74";"44";"82";"1";"60";"52";"1.3";"2.5";"67";"45";"8.4";"2";"";"";"";"";"30";"80";"40";"10";"30";"10";"43";"83";"70";"90";"60";"90";"70";"20";"1x0";"1x3";"18.4";"1.3";"2.4";"1.2";"0.9";"2.9";"53";"51";"1";"2";"10";"10";"14.3";"6.3";"10.1";"6.1";"6.2";"3.5";"1.8";"5";"2.2";"2.9";"2.2";"2.6";"2.8";"5.2";"2.1"
"World";"WOR";"Club Friendlies 3";"27-06-2026 11:00";"FT";"BFC Dynamo";"0";"3";"Pogoń Szczecin";"0";"1";"";"";"52";"63";"61";"48";"";"";"48";"1.3";"1.4";"";"46";"";"";"";"";"";"";"30";"40";"40";"20";"30";"40";"43";"47";"70";"60";"60";"80";"70";"60";"2x2";"1x1";"";"1.8";"1.4";"1.5";"1.2";"3";"";"52";"1";"2";"10";"10";"";"12.6";"";"13";"";"";"5.7";"";"4";"0";"1.7";"1.5";"1.5";"2.4";"2.1"
"World";"WOR";"Club Friendlies 3";"27-06-2026 11:00";"FT";"East Kilbride";"4";"0";"Kelty Hearts";"3";"0";"1.82";"3.42";"77";"60";"78";"37";"1";"59";"48";"2.2";"1.1";"55";"39";"4.7";"6.5";"5";"60";"40";"0";"70";"30";"10";"20";"20";"50";"73";"37";"80";"50";"90";"80";"30";"70";"0x1";"1x1";"19.2";"2.3";"1.1";"0.8";"1.3";"2.8";"56";"48";"1";"2";"10";"10";"13.8";"9";"6.4";"9.3";"8.3";"2.7";"3.7";"6.1";"4.1";"2.2";"2.2";"2.7";"1.8";"4.4";"2.1"
"World";"WOR";"Club Friendlies 3";"27-06-2026 11:00";"FT";"Pollok";"0";"0";"Partick Thistle";"0";"0";"";"";"42";"74";"61";"44";"";"";"51";"1.5";"1.5";"";"48";"";"";"";"";"";"";"50";"30";"0";"60";"50";"10";"50";"50";"50";"90";"100";"40";"50";"70";"0x1";"1x1";"";"1.8";"1.3";"1.8";"0.9";"2.9";"";"51";"1";"2";"10";"10";"";"10.7";"";"11";"";"";"3.5";"";"4.3";"";"1.5";"";"1.4";"";"2.1"
"World";"WOR";"Club Friendlies 3";"27-06-2026 11:00";"FT";"Annan Athletic";"0";"0";"Queen's Park";"0";"0";"3.34";"1.88";"63";"56";"58";"20";"2";"52";"39";"1.6";"1";"46";"36";"3.6";"8.2";"10";"40";"50";"10";"50";"20";"10";"40";"40";"40";"53";"33";"60";"60";"90";"60";"50";"80";"1x2";"1x1";"16.8";"1.7";"0.6";"1.2";"1.4";"2.4";"51";"41";"1";"2";"10";"10";"6.9";"5.7";"9.2";"11.9";"6.3";"2.9";"4.4";"2.9";"2.3";"1.7";"1.7";"2.1";"2";"3.8";"2.1"
"World";"WOR";"Club Friendlies 3";"27-06-2026 11:00";"FT";"Gala Fairydean Rovers";"3";"3";"Edinburgh City";"1";"1";"";"";"52";"32";"65";"27";"";"48";"39";"1.5";"0.7";"54";"33";"5.6";"9";"3";"0";"67";"33";"50";"20";"0";"10";"50";"70";"50";"23";"50";"30";"100";"90";"50";"80";"1x2";"3x0";"21.5";"1.9";"0.8";"1.5";"2.1";"3.2";"49";"48";"1";"2";"10";"10";"10.7";"8.3";"13.7";"10.3";"9.2";"6";"5.4";"3.3";"3.8";"2.7";"2.3";"1.3";"1.8";"4";"2.1"
"World";"WOR";"Club Friendlies 3";"27-06-2026 11:00";"DELAYED";"Vroomshoopse Boys";"";"";"FC Twente";"";"";"";"";"46";"56";"65";"68";"";"";"53";"1.2";"2";"";"52";"";"";"";"";"";"";"30";"60";"30";"20";"40";"20";"40";"67";"60";"80";"70";"80";"70";"40";"1x1";"1x2";"";"1.9";"2";"1.7";"1.4";"3.5";"";"53";"1";"2";"10";"10";"";"16";"";"12.2";"";"";"4.6";"";"6.4";"";"0.6";"";"1.6";"";"2.1"
"World";"WOR";"Club Friendlies 3";"27-06-2026 11:30";"FT";"Bayern München II";"0";"2";"Legia Warszawa";"0";"1";"7.12";"1.31";"52";"77";"41";"48";"2";"";"52";"1.1";"2.1";"";"48";"";"";"";"";"";"";"30";"60";"20";"30";"50";"10";"37";"70";"50";"90";"80";"70";"70";"40";"1x0";"0x1";"";"1.2";"1.4";"1.5";"0.8";"2.4";"";"48";"1";"2";"10";"10";"";"11.9";"";"11.3";"";"";"3.2";"";"3.8";"1";"1.9";"0";"2.3";"2.6";"2.1"
"World";"WOR";"Club Friendlies 3";"27-06-2026 11:30";"FT";"Mačva Šabac";"0";"0";"Petrovac";"0";"0";"2.42";"2.78";"84";"70";"41";"24";"5";"57";"51";"2";"1";"45";"59";"7.9";"13";"";"";"";"";"60";"20";"20";"40";"20";"40";"67";"33";"80";"60";"80";"60";"40";"80";"0x2";"1x1";"17.2";"1.2";"0.7";"0.6";"1";"1.8";"53";"48";"1";"2";"10";"10";"9.5";"9.1";"6.5";"9.4";"6.5";"2.4";"2.9";"4.7";"3";"2.7";"3";"2.6";"2.8";"5.5";"2.1"
"World";"WOR";"Club Friendlies 3";"27-06-2026 11:30";"FT";"Kreuzlingen";"0";"4";"Grasshopper";"0";"1";"";"";"46";"49";"44";"37";"";"36";"41";"1.2";"1.1";"36";"38";"4.6";"7.5";"";"";"";"";"20";"30";"60";"20";"20";"50";"40";"37";"80";"50";"40";"80";"80";"70";"1x1";"2x0";"20.8";"1.3";"1.1";"1.7";"1.6";"2.8";"50";"44";"1";"2";"10";"10";"6";"11.3";"9";"15.3";"7.6";"3.5";"4.7";"3";"4";"1.5";"2.9";"0.8";"2.8";"4";"2.1"
"World";"WOR";"Club Friendlies 3";"27-06-2026 11:30";"FT";"Thalwil";"4";"6";"Zürich";"2";"2";"15.69";"1.10";"66";"46";"100";"37";"4";"";"47";"2.5";"1";"";"46";"";"";"";"";"";"";"80";"30";"10";"10";"10";"60";"83";"33";"90";"40";"90";"90";"20";"70";"2x1";"2x1";"";"3";"1.1";"1.1";"1.7";"3.4";"";"51";"1";"2";"10";"10";"";"11.7";"";"14.1";"";"";"5";"";"3.7";"";"2.4";"";"1.9";"";"2.1"
"World";"WOR";"Club Friendlies 3";"27-06-2026 12:00";"FT";"Kriens";"1";"2";"Vaduz";"1";"0";"3.72";"1.63";"70";"46";"100";"85";"2";"56";"49";"2.2";"2.2";"58";"48";"6.1";"4";"10";"30";"70";"0";"70";"70";"10";"10";"20";"20";"73";"73";"80";"80";"90";"90";"30";"30";"4x0";"1x2";"32.6";"3";"2.5";"1";"1.7";"4.1";"47";"50";"1";"2";"10";"10";"18.2";"14";"16.5";"16.4";"10";"5";"4.5";"6.2";"4.4";"3";"2.8";"3.5";"2.4";"5.8";"2.1"
"World";"WOR";"Club Friendlies 3";"27-06-2026 12:00";"FT";"La Sarraz-Eclépens";"0";"3";"Lausanne Sport";"0";"2";"";"";"35";"35";"34";"58";"";"";"49";"1.1";"0.9";"";"50";"";"";"";"";"";"";"30";"30";"20";"0";"50";"70";"37";"30";"50";"30";"80";"100";"70";"70";"0x0";"2x0";"";"1";"1.7";"2";"2";"3.4";"";"48";"1";"2";"10";"10";"";"13.2";"";"11.6";"";"";"5.1";"";"4.6";"0.5";"2.6";"2.5";"1.4";"3.5";"2.1"
"World";"WOR";"Club Friendlies 3";"27-06-2026 12:00";"FT";"Sion";"7";"0";"Étoile Carouge";"3";"0";"1.43";"5.33";"77";"52";"78";"61";"1";"54";"52";"2.2";"1.5";"54";"52";"4.7";"6.2";"3";"100";"0";"0";"60";"40";"40";"30";"0";"30";"73";"50";"100";"70";"60";"70";"40";"60";"1x1";"1x3";"29.8";"2.3";"1.8";"0.8";"1.5";"3.2";"54";"53";"1";"2";"10";"10";"14.8";"16.1";"13.5";"15.3";"9.4";"4";"4.5";"5.5";"4.8";"2.1";"2.5";"3";"1.9";"4.8";"2.1"
"World";"WOR";"Club Friendlies 3";"27-06-2026 12:00";"CANCELLED";"Dinklage";"";"";"Meppen";"";"";"";"";"32";"74";"27";"100";"";"";"";"1.3";"2.7";"";"";"";"";"";"";"";"";"40";"90";"10";"0";"50";"10";"43";"90";"50";"90";"90";"100";"60";"10";"0x3";"1x2";"";"0.8";"3";"2.1";"0.9";"3.4";"";"";"1";"2";"10";"10";"";"";"";"";"";"";"";"";"";"";"";"";"";"";"2.1"
"World";"WOR";"Club Friendlies 3";"27-06-2026 12:00";"CANCELLED";"Karviná";"";"";"Polonia Bytom";"";"";"";"";"38";"42";"48";"61";"";"47";"48";"1.5";"1.4";"46";"48";"7";"5.1";"";"";"";"";"50";"40";"0";"20";"50";"40";"50";"47";"50";"60";"100";"80";"50";"60";"2x1";"1x1";"24.2";"1.4";"1.8";"1.9";"1.8";"3.4";"50";"49";"1";"2";"10";"10";"13";"9.1";"14.2";"12.2";"9.4";"5.9";"4.7";"4.2";"3.9";"2.6";"1.7";"2.2";"1.8";"4.1";"2.1"
"World";"WOR";"Club Friendlies 3";"27-06-2026 12:00";"CANCELLED";"Wolfenbüttel";"";"";"HSC Hannover";"";"";"";"";"28";"25";"88";"61";"";"";"";"1.8";"1.3";"";"";"";"";"2";"50";"0";"50";"60";"40";"0";"10";"40";"50";"60";"43";"60";"50";"100";"90";"40";"60";"2x1";"0x1";"";"2.6";"1.8";"2.2";"2.3";"4.4";"";"";"1";"2";"10";"10";"";"";"";"";"";"";"";"";"";"";"";"";"";"";"2.1"
"World";"WOR";"Club Friendlies 3";"27-06-2026 12:00";"CANCELLED";"CSKA Sofia";"";"";"Qarabağ";"";"";"";"";"60";"66";"24";"82";"";"56";"58";"1.2";"1.7";"62";"60";"16.4";"5.2";"3";"33";"67";"0";"30";"50";"30";"20";"40";"30";"40";"57";"60";"70";"70";"80";"70";"50";"1x0";"2x1";"21";"0.7";"2.4";"1.3";"1.1";"2.8";"54";"60";"1";"2";"10";"10";"11.5";"12.5";"8.9";"9.2";"8.2";"3";"2.9";"4.5";"6";"3.4";"1.9";"2.5";"2.7";"5.2";"2.1"
"World";"WOR";"Club Friendlies 3";"27-06-2026 12:00";"DELAYED";"AZ";"0";"0";"Jong AZ";"0";"0";"";"";"52";"32";"61";"41";"";"53";"51";"1.4";"1";"49";"53";"6.3";"10";"";"";"";"";"30";"30";"50";"10";"20";"60";"47";"33";"80";"40";"50";"90";"70";"70";"2x2";"2x0";"29";"1.8";"1.2";"1.5";"2.1";"3.3";"54";"49";"1";"2";"10";"10";"15.4";"15.7";"11.9";"14.9";"11";"4.7";"5.6";"5.7";"5.9";"1.4";"1";"1.7";"1.6";"2.8";"2.1"
"World";"WOR";"Club Friendlies 3";"27-06-2026 12:30";"FT";"Wolfsberger AC";"2";"0";"Nyíregyháza Spartacus";"1";"0";"1.79";"3.75";"70";"42";"37";"54";"1";"50";"53";"1.5";"1.5";"41";"54";"6.7";"6.9";"";"";"";"";"40";"40";"30";"30";"30";"30";"50";"50";"70";"70";"70";"70";"60";"60";"1x0";"1x1";"24.3";"1.1";"1.6";"1";"1.8";"2.8";"47";"51";"1";"2";"10";"10";"10.3";"14.6";"11.9";"11.8";"8.3";"3.4";"4.6";"3.5";"5.1";"1.6";"2.3";"1.6";"2.4";"4";"2.1"
"World";"WOR";"Club Friendlies 3";"27-06-2026 12:30";"FT";"Botev Vratsa";"1";"1";"Levski Sofia";"0";"0";"";"";"74";"100";"51";"65";"";"47";"59";"1.9";"2.1";"50";"76";"6.1";"5.7";"10";"0";"80";"20";"50";"60";"40";"30";"10";"10";"63";"70";"90";"90";"60";"70";"50";"40";"1x1";"0x1";"18.6";"1.5";"1.9";"0.9";"0.4";"2.3";"47";"56";"1";"2";"10";"10";"9.2";"10.9";"10.1";"7";"6.2";"3.5";"1.5";"3";"4.4";"1.7";"1.5";"2.8";"2";"4";"2.1"
"World";"WOR";"Club Friendlies 3";"27-06-2026 13:00";"FT";"SV Rohrbach";"0";"3";"Gloggnitz";"0";"0";"";"";"66";"28";"48";"75";"";"";"56";"1.6";"1.9";"";"61";"";"";"";"";"";"";"40";"60";"40";"10";"20";"30";"53";"63";"80";"70";"60";"90";"60";"40";"0x1";"4x0";"";"1.4";"2.2";"1.1";"2.2";"3.4";"";"50";"1";"2";"10";"10";"";"14.3";"";"9.6";"";"";"5.6";"";"6.4";"";"1.8";"";"1.6";"";"2.1"
"World";"WOR";"Club Friendlies 3";"27-06-2026 13:00";"DELAYED";"Sporting Hasselt";"";"";"Anderlecht";"";"";"";"";"70";"35";"61";"51";"";"64";"46";"2";"1.2";"62";"44";"10.6";"6.3";"";"";"";"";"60";"30";"20";"30";"20";"40";"67";"40";"80";"60";"80";"70";"40";"70";"1x0";"1x1";"27.9";"1.8";"1.5";"1";"2";"3.2";"60";"50";"1";"2";"10";"10";"19";"13.6";"7.5";"15.7";"10.5";"3";"5.6";"7.4";"5";"1.4";"2.8";"2";"2.6";"4.4";"2.1"
"World";"WOR";"Club Friendlies 3";"27-06-2026 13:15";"FT";"LNZ Cherkasy";"0";"1";"Hajduk Split";"0";"1";"3.06";"2.10";"84";"66";"37";"68";"5";"57";"51";"1.6";"1.8";"42";"54";"7.5";"4.6";"";"";"";"";"40";"50";"40";"30";"20";"20";"53";"60";"80";"80";"60";"70";"60";"50";"0x0";"1x3";"18.3";"1.1";"2";"0.6";"1.1";"2.4";"48";"56";"1";"2";"10";"10";"8.3";"11.3";"5.6";"11.4";"7.4";"2.1";"3.9";"3.6";"5.3";"1.4";"1.6";"1.8";"1.4";"3.1";"2.1"
"World";"WOR";"Club Friendlies 3";"27-06-2026 13:30";"FT";"Újpest";"0";"0";"Universitatea Cluj";"0";"0";"2.42";"2.51";"42";"66";"54";"37";"5";"45";"44";"1.1";"1.5";"46";"41";"5.6";"7.5";"";"";"";"";"30";"40";"20";"30";"50";"30";"37";"50";"50";"70";"80";"70";"70";"60";"1x2";"1x1";"26.4";"1.6";"1.1";"1.8";"1.1";"2.8";"46";"47";"1";"2";"10";"10";"11.6";"10.6";"15.8";"14.9";"8.3";"5";"3.9";"4.3";"3.4";"2.3";"2.8";"2.2";"1.8";"4.6";"2.1"
"World";"WOR";"Club Friendlies 3";"27-06-2026 13:30";"FT";"WSPG Wels";"0";"5";"LASK Linz";"0";"2";"";"";"60";"56";"68";"88";"";"49";"52";"1.6";"2.1";"44";"51";"4.3";"5.3";"";"";"";"";"50";"60";"10";"30";"40";"10";"53";"70";"60";"90";"90";"70";"50";"40";"1x2";"1x1";"21.4";"2";"2.6";"1.3";"1.4";"3.6";"50";"46";"1";"2";"10";"10";"8.8";"17";"8.1";"8.8";"8";"2.7";"2.6";"4.1";"6.7";"2.1";"1.3";"2";"2";"3.7";"2.1"
"World";"WOR";"Club Friendlies 3";"27-06-2026 15:00";"FT";"Malmundaria";"0";"7";"RFC Liège";"0";"0";"";"";"70";"46";"71";"34";"";"";"47";"1.9";"1.1";"";"46";"";"";"";"";"";"";"50";"30";"40";"20";"10";"50";"63";"37";"90";"50";"60";"80";"50";"70";"2x2";"1x1";"";"2.1";"1";"1";"1.7";"2.9";"";"47";"1";"2";"10";"10";"";"11.3";"";"14.8";"";"";"5.3";"";"3";"";"1.7";"";"2";"";"2.1"
"World";"WOR";"Club Friendlies 3";"27-06-2026 21:00";"FT";"Rotor Volgograd";"1";"0";"Ufa";"0";"0";"";"";"84";"88";"68";"27";"";"61";"41";"2.3";"1.7";"62";"38";"4.4";"6.6";"10";"20";"50";"30";"70";"50";"20";"20";"10";"30";"77";"57";"90";"70";"80";"80";"30";"50";"1x0";"0x1";"15.6";"2";"0.8";"0.6";"0.5";"2";"53";"48";"1";"2";"10";"10";"9.9";"5.3";"5.6";"10.3";"6.2";"2.1";"4.1";"3.4";"2.9";"2.2";"2.6";"2.7";"3.2";"5.4";"2.1"
"World";"WOR";"Club Friendlies 3";"27-06-2026 21:00";"AWAITING_UPDATES";"Spartak Kostroma";"";"";"Volga Ulyanovsk";"";"";"";"";"63";"60";"37";"20";"";"62";"46";"1.2";"0.9";"68";"44";"8.6";"11.7";"8";"38";"25";"38";"30";"20";"30";"30";"40";"50";"40";"30";"60";"50";"70";"70";"70";"80";"1x1";"1x0";"14.4";"1.1";"0.6";"1.2";"1.3";"2.1";"54";"47";"1";"2";"10";"10";"9.5";"7.6";"6.1";"5.6";"5.8";"3.1";"2.1";"3.9";"2.6";"1.9";"2.2";"1.9";"1.3";"3.7";"2.1"
"World";"WOR";"Club Friendlies 3";"27-06-2026 21:00";"AWAITING_UPDATES";"Aluminij";"";"";"Noah";"";"";"";"";"52";"74";"20";"88";"";"42";"54";"1";"1.9";"48";"50";"11.7";"3.8";"";"";"";"";"30";"50";"10";"40";"60";"10";"33";"63";"40";"90";"90";"60";"70";"50";"0x1";"0x0";"18.4";"0.6";"2.6";"1.5";"0.9";"2.8";"44";"52";"1";"2";"10";"10";"7";"10";"10.5";"9.3";"7";"4.6";"3.4";"2.4";"3.4";"1.2";"2";"1.5";"2";"3.4";"2.1"
"World";"WOR";"Club Friendlies Women";"27-06-2026 05:00";"AWAITING_UPDATES";"Kleinmünchen / BW Linz W";"";"";"Rapid W";"";"";"";"";"18";"100";"27";"99";"";"35";"65";"0.7";"2.6";"35";"58";"8";"6.8";"";"";"";"";"20";"80";"10";"20";"70";"0";"23";"87";"30";"100";"90";"80";"80";"20";"0x1";"0x3";"25.2";"0.8";"2.9";"2.5";"0.4";"3.3";"41";"63";"1";"2";"10";"10";"6.4";"19.8";"18.4";"5.8";"12.9";"8.6";"2.8";"2.8";"11.6";"2.1";"0.4";"1";"0.6";"2";"1"
"Australia";"AUS";"Tasmania Northern Championship";"27-06-2026 01:30";"FT";"Devonport City II";"4";"1";"Launceston City II";"2";"0";"";"";"70";"38";"100";"58";"";"";"";"2.4";"1.2";"";"";"";"";"10";"60";"40";"0";"70";"40";"30";"0";"0";"60";"80";"40";"100";"40";"70";"100";"30";"60";"0x0";"1x0";"";"4.6";"1.7";"1";"1.9";"4.6";"";"";"2";"4";"10";"10";"";"";"";"";"";"";"";"";"";"";"";"";"";"";""
"Australia";"AUS";"Tasmania Northern Championship";"27-06-2026 01:30";"FT";"Burnie United";"0";"6";"Northern Rangers";"0";"0";"";"";"2";"56";"88";"100";"";"";"";"1";"2.7";"";"";"";"";"10";"0";"100";"0";"30";"90";"10";"0";"60";"10";"33";"90";"40";"90";"90";"100";"70";"10";"5x1";"0x10";"";"2.6";"6.1";"4.2";"1.4";"7.2";"";"";"6";"1";"10";"10";"";"";"";"";"";"";"";"";"";"";"";"";"";"";""
"Australia";"AUS";"Tasmania Northern Championship";"27-06-2026 01:30";"FT";"Somerset";"2";"2";"Ulverstone II";"1";"1";"";"";"4";"46";"75";"100";"";"";"";"0.7";"2";"";"";"";"";"";"";"";"";"20";"60";"10";"20";"70";"20";"23";"67";"30";"80";"90";"80";"80";"40";"0x1";"0x4";"";"2.2";"3.1";"2.9";"1.7";"4.9";"";"";"5";"3";"10";"10";"";"";"";"";"";"";"";"";"";"";"";"";"";"";""
"Australia";"AUS";"Tasmania Northern Championship";"27-06-2026 06:00";"FT";"Riverside II";"2";"0";"Launceston United II";"2";"0";"";"";"2";"2";"61";"10";"";"";"";"0.9";"0.4";"";"";"";"";"10";"80";"10";"10";"30";"10";"0";"10";"70";"80";"30";"13";"30";"20";"100";"90";"70";"90";"1x4";"6x0";"";"1.8";"0.3";"4.5";"4.6";"5.6";"";"";"7";"8";"10";"10";"";"";"";"";"";"";"";"";"";"";"";"";"";"";""
"Peru";"PER";"Copa de La Liga";"27-06-2026 15:00";"FT";"Comerciantes Unidos";"0";"0";"ADC Juan Pablo II";"0";"0";"1.87";"3.52";"70";"35";"20";"31";"1";"47";"44";"1";"0.7";"51";"40";"18.8";"6.8";"3";"67";"0";"33";"20";"10";"40";"40";"40";"50";"33";"23";"60";"50";"60";"60";"80";"90";"0x1";"1x1";"25";"0.6";"0.9";"1";"2";"2.2";"47";"49";"";"";"10";"10";"13.9";"8.1";"13.7";"14.4";"8";"3.6";"5.8";"3.9";"2.7";"2.5";"2.2";"2.8";"2.7";"5.1";"5.8"
"Peru";"PER";"Copa de La Liga";"27-06-2026 17:15";"FT";"Sporting Cristal";"2";"0";"Unión Comercio";"0";"0";"1.34";"6.56";"38";"100";"44";"37";"1";"51";"62";"0.9";"2";"46";"54";"8.9";"9";"10";"80";"20";"0";"20";"60";"30";"20";"50";"20";"30";"67";"50";"80";"70";"80";"80";"40";"0x2";"0x1";"23.7";"1.3";"1.1";"1.9";"0.4";"2.4";"52";"54";"";"";"10";"10";"15.4";"9.9";"14.2";"7.8";"7.8";"5";"2.9";"5.6";"2";"2.5";"2.3";"2.9";"2.7";"5.2";"5.8"
"Peru";"PER";"Copa de La Liga";"27-06-2026 17:15";"FT";"Comerciantes";"0";"0";"Estudiantil CNI";"0";"0";"2.44";"2.73";"84";"56";"44";"37";"5";"52";"53";"2";"0.9";"40";"49";"5.4";"9.6";"3";"0";"0";"100";"50";"20";"50";"30";"0";"50";"67";"30";"100";"50";"50";"70";"50";"80";"1x1";"3x1";"17.3";"1.3";"1.1";"0.6";"1.4";"2.2";"46";"54";"";"";"10";"10";"7";"10.6";"6.7";"10.3";"7";"2.3";"4.4";"3.6";"3.7";"1.7";"2.7";"2.7";"2.4";"4.7";"5.8"
"Peru";"PER";"Copa de La Liga";"27-06-2026 21:30";"FT";"Sport Boys";"3";"0";"Academia Cantolao";"0";"0";"1.35";"6.00";"63";"32";"37";"48";"1";"55";"44";"1.3";"1";"46";"50";"9.6";"6.6";"10";"50";"30";"20";"30";"30";"40";"10";"30";"60";"43";"33";"70";"40";"60";"90";"70";"70";"1x0";"2x1";"25.6";"1.1";"1.4";"1.2";"2.1";"2.9";"54";"47";"";"";"10";"10";"14.5";"9.2";"12.1";"15.3";"8.9";"3.5";"5.9";"5";"3.4";"3.5";"3";"3.2";"2.9";"6.3";"5.8"
"South Africa";"RSA";"Super League Women";"27-06-2026 04:00";"FT";"JVW W";"2";"1";"Ezemvelo W";"2";"1";"1.09";"20.72";"100";"42";"100";"31";"3";"";"46";"3";"0.6";"";"40";"";"";"2";"100";"0";"0";"100";"10";"0";"30";"0";"60";"100";"20";"100";"40";"100";"70";"0";"90";"3x0";"3x1";"";"3.2";"0.9";"0.4";"1.8";"3.2";"66";"49";"1";"7";"10";"10";"";"9.2";"";"9.4";"";"";"3.8";"";"4.8";"";"1";"";"1.4";"";"2.4"
"South Africa";"RSA";"Super League Women";"27-06-2026 07:00";"FT";"University of Pretoria W";"2";"0";"UWC Ladies";"0";"0";"5.23";"1.57";"49";"80";"37";"48";"2";"";"61";"1.4";"1.6";"";"63";"";"";"4";"0";"25";"75";"40";"40";"20";"40";"40";"20";"47";"53";"60";"80";"80";"60";"60";"60";"0x4";"0x0";"";"1.1";"1.4";"1.6";"0.7";"2.4";"";"57";"6";"3";"10";"10";"";"9.7";"";"5";"";"";"4";"";"5.7";"";"1.3";"";"2.3";"";"2.4"
"South Africa";"RSA";"Super League Women";"27-06-2026 10:00";"FT";"Mamelodi Sundowns W";"5";"0";"Richmond United W";"2";"0";"1.05";"41.00";"100";"52";"100";"51";"3";"74";"38";"3";"1.5";"69";"35";"5.1";"5.7";"4";"100";"0";"0";"100";"50";"0";"0";"0";"50";"100";"50";"100";"50";"100";"100";"0";"50";"4x0";"3x1";"27.4";"4.2";"1.5";"0.1";"1.5";"3.6";"67";"45";"2";"5";"10";"10";"21.3";"8.5";"5.3";"19.5";"14.5";"3.7";"10.5";"10.3";"4.5";"1";"1";"1.3";"1.5";"2.4";"2.4"