"Country ";"Short";"League ";"Hour";"Status";"Home Team";"Result Home";"Result Visitor";"Visitor Team";"Result Home HT";"Result Visitor HT";"Odds";"Odds";"Odds";"Odds";"Casa";"Fora";"Casa";"Fora";"Global";"Casa";"Fora";"Global";"Global";"Global";"Global";"Casa";"Fora";"Casa";"Fora";"Global";"Global";"Global";"Global";"Global";"Global";"Global";"Global";"Casa";"Fora";"Global";"Casa";"Fora";"Casa";"Fora";"Casa";"Fora";"Casa";"Fora";"Casa";"Fora";"Global";"Global";"Casa";"Fora";"Casa";"Fora";"Global";"Casa";"Fora";"Casa";"Fora";"Casa";"Fora";"Global";"Global";"Global"
"World";"WOR";"World Cup";"27-06-2026 00:00";"FT";"Egypt";"1";"1";"Iran";"1";"1";"2.54";"3.50";"1.57";"1.12";"";"";"";"";"";"";"";"";"";"";"";"";"";"";"";"";"";"";"";"";"";"";"";"";"";"";"";"";"";"";"";"";"";"";"";"";"";"";"";"";"";"";"";"";"";"";"";"";"";"";"";""
"World";"WOR";"World Cup";"27-06-2026 00:00";"FT";"New Zealand";"1";"5";"Belgium";"0";"1";"13.34";"1.18";"1.06";"2.17";"";"";"";"";"";"";"";"";"";"";"";"";"";"";"";"";"";"";"";"";"";"";"";"";"";"";"";"";"";"";"";"";"";"";"";"";"";"";"";"";"";"";"";"";"";"";"";"";"";"";"";""
"World";"WOR";"World Cup";"27-06-2026 18:00";"FT";"Croatia";"2";"1";"Ghana";"1";"0";"1.80";"5.43";"1.43";"1.22";"";"";"";"";"";"";"";"";"";"";"";"";"";"";"";"";"";"";"";"";"";"";"";"";"";"";"";"";"";"";"";"";"";"";"";"";"";"";"";"";"";"";"";"";"";"";"";"";"";"";"";""
"World";"WOR";"World Cup";"27-06-2026 18:00";"FT";"Panama";"0";"2";"England";"0";"0";"15.88";"1.15";"1.10";"1.81";"";"";"";"";"";"";"";"";"";"";"";"";"";"";"";"";"";"";"";"";"";"";"";"";"";"";"";"";"";"";"";"";"";"";"";"";"";"";"";"";"";"";"";"";"";"";"";"";"";"";"";""
"World";"WOR";"World Cup";"27-06-2026 20:30";"FT";"Colombia";"0";"0";"Portugal";"0";"0";"3.93";"1.86";"1.22";"1.44";"";"";"";"";"";"";"";"";"";"";"";"";"";"";"";"";"";"";"";"";"";"";"";"";"";"";"";"";"";"";"";"";"";"";"";"";"";"";"";"";"";"";"";"";"";"";"";"";"";"";"";""
"World";"WOR";"World Cup";"27-06-2026 20:30";"FT";"Congo DR";"3";"1";"Uzbekistan";"0";"1";"1.66";"5.18";"1.38";"1.23";"";"";"";"";"";"";"";"";"";"";"";"";"";"";"";"";"";"";"";"";"";"";"";"";"";"";"";"";"";"";"";"";"";"";"";"";"";"";"";"";"";"";"";"";"";"";"";"";"";"";"";""
"World";"WOR";"World Cup";"27-06-2026 23:00";"FT";"Algeria";"3";"3";"Austria";"1";"1";"3.48";"3.54";"1.62";"1.13";"";"";"";"";"";"";"";"";"";"";"";"";"";"";"";"";"";"";"";"";"";"";"";"";"";"";"";"";"";"";"";"";"";"";"";"";"";"";"";"";"";"";"";"";"";"";"";"";"";"";"";""
"World";"WOR";"World Cup";"27-06-2026 23:00";"FT";"Jordan";"1";"3";"Argentina";"0";"2";"19.75";"1.13";"1.16";"1.58";"";"";"";"";"";"";"";"";"";"";"";"";"";"";"";"";"";"";"";"";"";"";"";"";"";"";"";"";"";"";"";"";"";"";"";"";"";"";"";"";"";"";"";"";"";"";"";"";"";"";"";""
"Brazil";"BRA";"Serie B";"27-06-2026 11:00";"FT";"Operário PR";"1";"0";"América Mineiro";"0";"0";"1.82";"4.57";"1.38";"1.21";"7";"20";"57";"24";"1";"44";"31";"72";"";"2.6";"3";"1.3";"0.9";"1.1";"1.9";"43";"78";"50";"78";"2.3";"28.1";"9.8";"10.9";"1.7";"0.7";"11";"66";"38";"43";"57";"";"";"0.7";"0.4";"0.3";"1";"1.4";"1.2";"0.9";"0.9";"0.6";"0.4";"";"43";"14";"6.4";"5.7";"4.9";"4.7";"10.4";"86";"78"
"Brazil";"BRA";"Serie B";"27-06-2026 16:00";"FT";"Criciúma";"1";"0";"São Bernardo";"1";"0";"1.67";"5.55";"1.45";"1.18";"5";"3";"67";"89";"1";"44";"75";"75";"";"2.5";"2";"1.3";"2.2";"0.7";"0.8";"67";"67";"42";"75";"2.3";"29.2";"8.2";"12.1";"2";"2.7";"11";"80";"77";"67";"67";"";"";"0.7";"0.5";"0.2";"0.5";"1.6";"0.9";"0.5";"0.3";"0.7";"1.7";"";"50";"83";"7.5";"3.2";"5";"8.5";"10.4";"92";"83"
"Brazil";"BRA";"Paraense A2";"27-06-2026 15:00";"FT_PEN";"Urumajó";"1";"1";"Izabelense";"1";"0";"";"";"";"";"";"";"83";"58";"";"61";"51";"62";"";"2.3";"2";"1.8";"1.5";"0";"1.2";"38";"";"62";"88";"2.3";"";"";"";"2.5";"1.8";"";"100";"63";"50";"75";"";"";"1.3";"";"0";"";"0.5";"0.9";"0";"";"1";"";"";"75";"50";"";"";"";"";"8.2";"";""
"China";"CHN";"League One";"27-06-2026 04:30";"FT";"Changchun Yatai";"1";"2";"Guangxi Hengchen";"0";"0";"2.55";"2.60";"1.33";"1.23";"6";"5";"60";"28";"5";"41";"41";"82";"";"2.6";"2";"1.2";"1.2";"1.6";"1.2";"64";"82";"65";"90";"2.4";"22.7";"7.8";"10";"1.8";"0.8";"9";"49";"63";"80";"50";"";"";"0.8";"0.5";"1.2";"0.5";"1";"1.5";"0.4";"0.7";"0.4";"0.7";"";"60";"17";"4.2";"8.2";"4.4";"3.3";"9.2";"80";"62"
"China";"CHN";"League One";"27-06-2026 08:00";"FT";"Dalian Kuncheng City";"5";"4";"Shenzhen Juniors FC";"3";"3";"2.17";"3.01";"1.29";"1.27";"13";"2";"27";"72";"5";"34";"78";"82";"";"2.8";"2";"1";"2.3";"1.2";"1";"56";"72";"62";"56";"2.4";"23";"8.4";"8.8";"0.8";"2.2";"9";"63";"70";"40";"67";"";"";"0.6";"1.3";"0.8";"0.3";"1.2";"1.5";"0.4";"0.7";"0.4";"1";"";"0";"67";"6";"3";"3.8";"4.8";"9.2";"74";"46"
"China";"CHN";"League One";"27-06-2026 08:30";"FT";"Guangzhou E-Power FC";"2";"1";"Shaanxi Union FC";"1";"1";"1.69";"4.32";"1.24";"1.34";"1";"11";"72";"44";"1";"68";"58";"67";"";"2.6";"3";"2";"1.7";"0.8";"0.7";"33";"83";"50";"75";"2.4";"23.9";"8.5";"9.4";"2.2";"1.3";"9";"77";"80";"50";"50";"";"";"1";"0.8";"0.3";"0.5";"1.2";"1.3";"0.5";"0.2";"1";"0.8";"";"67";"33";"6.2";"3.5";"5";"4";"9.2";"75";"58"
"China";"CHN";"League One";"27-06-2026 08:30";"FT";"Shijiazhuang Gongfu";"2";"1";"Nanjing City";"1";"1";"3.01";"2.42";"1.47";"1.16";"16";"10";"22";"33";"5";"17";"20";"45";"";"1.6";"2";"0.5";"0.6";"1.3";"0.8";"36";"82";"16";"100";"2.4";"22.8";"6.8";"9.4";"0.7";"1";"9";"60";"77";"50";"40";"";"";"0.3";"0.4";"0.7";"0.4";"0.7";"0.9";"0.7";"0.4";"0.2";"0.2";"";"17";"20";"3.5";"4.2";"3.8";"7.2";"9.2";"65";"56"
"China";"CHN";"League One";"27-06-2026 08:30";"FT";"Nantong Zhiyun";"1";"3";"Meizhou Hakka";"0";"1";"1.46";"6.24";"1.24";"1.33";"3";"12";"100";"47";"1";"44";"20";"46";"";"1.6";"2";"1.3";"0.6";"0.2";"1.2";"18";"56";"18";"100";"2.4";"23.2";"6.1";"8.6";"3";"1.4";"8";"100";"63";"33";"60";"";"";"0.3";"0.4";"0";"0.6";"1";"0.6";"0.2";"0.6";"1";"0.2";"";"100";"40";"6.7";"2.8";"2.8";"4.8";"9.2";"64";"45"
"China";"CHN";"League One";"27-06-2026 08:30";"FT";"Foshan Nashi FC";"0";"2";"Yanbian Longding";"0";"2";"2.80";"2.49";"1.38";"1.19";"14";"7";"11";"56";"5";"27";"51";"75";"";"3";"3";"0.8";"1.5";"2.3";"1.2";"50";"67";"50";"66";"2.4";"20.8";"7";"8.4";"0.3";"1.7";"9";"25";"63";"50";"50";"";"";"0.2";"0.8";"0.8";"0.3";"1.8";"1.1";"1.5";"0.8";"0.7";"0.7";"";"0";"50";"3.8";"2.5";"4";"6.5";"9.2";"67";"42"
"Finland";"FIN";"Ykkönen";"27-06-2026 16:15";"FT";"RoPS";"2";"2";"SalPa";"1";"1";"1.86";"3.38";"";"";"3";"5";"67";"33";"1";"82";"34";"80";"";"3.2";"3";"2.4";"1";"0.8";"2.2";"50";"70";"50";"60";"3.4";"22.3";"11.4";"9.8";"2";"1";"11";"77";"28";"40";"40";"";"";"0.8";"0.4";"0.2";"0.8";"2.1";"1.1";"0.6";"1.4";"1.6";"0.6";"";"60";"20";"4";"5.4";"6.7";"3.4";"11";"90";"64"
"Morocco";"MAR";"Botola 2";"27-06-2026 12:00";"FT";"Raja Beni Mellal";"2";"0";"Chabab Mohammédia";"2";"0";"1.80";"4.31";"1.44";"1.14";"15";"13";"63";"27";"1";"37";"14";"50";"";"1.5";"2";"1.1";"0.4";"0.6";"1";"35";"50";"20";"95";"1.9";"15.5";"6";"7.6";"1.9";"0.8";"9";"84";"70";"50";"50";"";"";"0.8";"0.1";"0.3";"0.3";"0.8";"0.8";"0.3";"0.7";"0.3";"0.3";"";"50";"10";"4.2";"3";"3.2";"4.6";"8.7";"48";"26"
"Morocco";"MAR";"Botola 2";"27-06-2026 12:00";"FT";"Stade Marocain";"0";"1";"Widad Témara";"0";"0";"2.07";"3.64";"1.56";"1.10";"5";"1";"60";"53";"5";"44";"37";"65";"";"2";"2";"1.3";"1.1";"0.8";"0.8";"55";"40";"35";"85";"1.9";"17.8";"7.8";"8.8";"1.8";"1.6";"9";"77";"77";"40";"70";"";"";"0.3";"0.2";"0.4";"0.2";"1.4";"0.6";"0.4";"0.6";"1";"0.9";"";"50";"30";"4.7";"6.4";"3.4";"3";"8.7";"75";"55"
"Morocco";"MAR";"Botola 2";"27-06-2026 12:00";"FT";"Wydad Fès";"3";"0";"JS EL Massira";"1";"0";"2.79";"2.48";"";"";"11";"6";"47";"30";"5";"37";"20";"45";"";"1.7";"2";"1.1";"0.6";"0.9";"0.8";"40";"70";"25";"85";"1.9";"18.7";"6.6";"7.9";"1.4";"0.9";"8";"74";"77";"60";"30";"";"";"0.7";"0.2";"0.4";"0.5";"0.8";"0.9";"0.5";"0.3";"0.4";"0.4";"";"30";"20";"4.1";"2.9";"4.2";"4.6";"8.7";"48";"36"
"Morocco";"MAR";"Botola 2";"27-06-2026 12:00";"FT";"Chabab Ben Guerir";"0";"0";"Union Sportive Boujaad";"0";"0";"2.45";"2.99";"";"";"10";"14";"53";"27";"5";"34";"20";"40";"";"1.5";"2";"1";"0.6";"0.6";"0.8";"20";"50";"25";"90";"1.9";"17.2";"6.5";"9.3";"1.6";"0.8";"9";"84";"77";"40";"40";"";"";"0.4";"0.1";"0.1";"0.5";"1";"0.6";"0.5";"0.3";"0.6";"0.5";"";"40";"20";"6.3";"4.8";"3.1";"4.5";"8.7";"73";"73"
"Morocco";"MAR";"Botola 2";"27-06-2026 12:00";"FT";"KAC Kénitra";"1";"2";"JS Soualem";"0";"1";"2.11";"3.38";"1.50";"1.10";"8";"7";"53";"53";"5";"34";"58";"70";"";"2.6";"2";"1";"1.7";"0.8";"1.7";"65";"55";"60";"75";"1.9";"18.9";"8.7";"10.9";"1.6";"1.6";"10";"77";"46";"50";"40";"";"";"0.1";"0.6";"0.2";"0.7";"1.8";"0.8";"0.6";"1";"0.9";"1.1";"";"40";"50";"6";"6.2";"3.8";"5.8";"8.7";"88";"81"
"Morocco";"MAR";"Botola 2";"27-06-2026 12:00";"FT";"USM Oujda";"1";"1";"Chabab Atlas Khénifra";"0";"0";"3.27";"2.22";"1.55";"1.09";"12";"3";"63";"43";"5";"44";"24";"50";"";"1.8";"2";"1.3";"0.7";"0.8";"0.8";"30";"65";"35";"85";"1.9";"18.3";"8.8";"8";"1.9";"1.3";"9";"77";"77";"40";"40";"";"";"0.5";"0.4";"0.5";"0.4";"0.9";"0.9";"0.3";"0.4";"0.8";"0.3";"";"50";"30";"4.3";"2.2";"3.7";"5.8";"8.7";"58";"58"
"Morocco";"MAR";"Botola 2";"27-06-2026 12:00";"FT";"Amal Tiznit";"1";"1";"Mouloudia Oujda";"1";"1";"1.53";"5.99";"";"";"4";"9";"67";"33";"1";"41";"44";"75";"";"2.4";"3";"1.2";"1.3";"0.5";"1.7";"50";"70";"45";"75";"1.9";"19.9";"7.6";"7.8";"2";"1";"8";"88";"46";"60";"60";"";"";"0.5";"0.6";"0.1";"0.8";"1.4";"1";"0.4";"0.9";"0.7";"0.7";"";"50";"20";"6";"2";"4";"3.7";"8.7";"57";"57"
"Morocco";"MAR";"Botola 2";"27-06-2026 12:00";"FT";"Racing de Casablanca";"0";"2";"Moghreb Tétouan";"0";"1";"7.07";"1.41";"1.39";"1.18";"16";"2";"23";"37";"2";"20";"27";"55";"";"1.8";"2";"0.6";"0.8";"1.2";"1.1";"20";"55";"35";"85";"1.9";"20.2";"8.8";"8";"0.7";"1.1";"8";"63";"66";"60";"50";"";"";"0.3";"0.3";"0.5";"0.4";"1.1";"0.8";"0.7";"0.7";"0.3";"0.5";"";"20";"20";"5.7";"2.7";"3";"4.7";"8.7";"62";"42"
"Sweden";"SWE";"Damallsvenskan";"27-06-2026 09:00";"FT";"Malmö FF W";"6";"0";"Kristianstads W";"3";"0";"1.43";"5.54";"1.14";"1.55";"4";"6";"75";"42";"1";"75";"68";"100";"";"3.4";"3";"2.2";"2";"0.5";"2";"62";"100";"75";"62";"2.7";"20.6";"10.2";"10.2";"2.2";"1.2";"11";"88";"35";"75";"75";"";"";"1.2";"1";"0.2";"1.2";"1.5";"1.8";"0.2";"0.8";"1";"1";"";"75";"25";"7.8";"5.2";"3";"4.2";"11";"75";"50"
"Uruguay";"URU";"Segunda Division";"27-06-2026 10:00";"FT";"Atenas";"2";"0";"Tacuarembó";"2";"0";"2.47";"2.77";"1.43";"1.14";"1";"2";"67";"22";"5";"61";"34";"75";"";"3";"2";"1.8";"1";"1.3";"1.7";"58";"75";"58";"66";"2.4";"17.2";"7.2";"9.4";"2";"0.7";"10";"60";"46";"50";"50";"";"";"0.5";"0.5";"0.8";"0.5";"1.8";"1.2";"0.5";"1.2";"1.3";"0.5";"";"67";"17";"4.3";"4.7";"4.5";"5.3";"9.7";"84";"75"
"Uruguay";"URU";"Segunda Division";"27-06-2026 13:00";"FT";"Uruguay Montevideo";"3";"2";"Fénix";"1";"2";"3.80";"1.86";"1.34";"1.22";"14";"6";"39";"50";"2";"44";"51";"92";"";"2.6";"2";"1.3";"1.5";"1.3";"1";"83";"83";"33";"75";"2.4";"15.8";"6.2";"11.6";"1.2";"1.5";"10";"60";"70";"33";"33";"";"";"0.3";"0.5";"0.8";"0.5";"1.5";"1.1";"0.5";"0.5";"1";"1";"";"17";"33";"6.2";"6.3";"5.5";"5.2";"9.7";"100";"100"
"Uruguay";"URU";"Segunda Division";"27-06-2026 16:00";"FT";"Huracán";"1";"2";"Rentistas";"0";"1";"2.78";"2.27";"1.25";"1.33";"3";"12";"67";"50";"5";"44";"34";"83";"";"2.2";"2";"1.3";"1";"0.8";"1.2";"75";"58";"33";"100";"2.4";"15.4";"7.6";"8.4";"2";"1.5";"9";"77";"63";"33";"33";"";"";"0.2";"0.7";"0.3";"0.3";"1.4";"0.8";"0.5";"0.8";"1.2";"0.3";"";"50";"33";"5.3";"3.8";"3.8";"3.8";"9.7";"52";"44"
"Uruguay";"URU";"Segunda Division";"27-06-2026 19:00";"FT";"Paysandu FC";"2";"3";"Miramar Misiones";"1";"0";"2.91";"2.32";"1.40";"1.17";"14";"9";"22";"39";"5";"27";"44";"75";"";"2.4";"2";"0.8";"1.3";"1.3";"1.3";"50";"58";"42";"75";"2.4";"20.4";"7.4";"9.1";"0.7";"1.2";"9";"60";"60";"33";"50";"";"";"0.2";"0.7";"0.5";"0.5";"1.5";"1";"0.8";"0.8";"0.7";"0.7";"";"17";"33";"5";"3.5";"4";"5.7";"9.7";"80";"64"
"Argentina";"ARG";"Torneo Promocional Amateur";"27-06-2026 13:00";"FT";"Uribelarrea";"1";"0";"Everton La Plata";"0";"0";"";"";"";"";"2";"5";"100";"50";"";"68";"51";"100";"";"2.8";"2";"2";"1.5";"0.5";"1.5";"75";"25";"75";"100";"1.7";"";"";"";"3";"1.5";"";"88";"52";"50";"100";"";"";"0";"0";"0";"0.5";"2.5";"0.2";"0.5";"1";"2";"1.5";"";"100";"50";"";"4";"";"3.5";"7.8";"";""
"Argentina";"ARG";"Torneo Promocional Amateur";"27-06-2026 15:00";"FT";"Defensores Glew";"4";"2";"Provincial Lobos";"2";"0";"1.58";"5.49";"";"";"5";"";"50";"";"";"";"";"";"";"";"";"2";"";"1.5";"";"";"";"";"";"";"";"";"";"1.5";"";"";"";"";"50";"";"";"";"1";"";"1";"";"";"";"0.5";"";"1";"";"";"50";"";"";"";"";"";"";"";""
"Argentina";"ARG";"Torneo Promocional Amateur";"27-06-2026 15:00";"FT";"Náutico Hacoaj";"2";"2";"Estrella de Berisso";"1";"1";"2.21";"3.31";"1.52";"1.09";"";"";"";"";"";"";"";"";"";"";"";"";"";"";"";"";"";"";"";"";"";"";"";"";"";"";"";"";"";"";"";"";"";"";"";"";"";"";"";"";"";"";"";"";"";"";"";"";"";"";"";""
"Chile";"CHI";"Chilean Cup";"27-06-2026 18:00";"FT";"Deportes Santa Cruz";"0";"0";"Palestino";"0";"0";"3.38";"2.02";"1.27";"1.28";"";"";"";"";"";"";"";"";"";"";"";"";"";"";"";"";"";"";"";"";"";"";"";"";"";"";"";"";"";"";"";"";"";"";"";"";"";"";"";"";"";"";"";"";"";"";"";"";"";"";"";""
"Chile";"CHI";"Chilean Cup";"27-06-2026 18:00";"FT";"Deportes Limache";"1";"4";"Deportes Iquique";"0";"2";"1.59";"4.71";"1.14";"1.51";"";"";"";"17";"";"";"";"";"";"";"";"";"0";"";"1.5";"";"";"";"";"";"";"";"";"";"0.5";"";"";"";"";"50";"";"";"";"0";"";"0.5";"";"";"";"1";"";"0";"";"";"0";"";"";"";"";"";"";""
"Chile";"CHI";"Chilean Cup";"27-06-2026 18:00";"FT";"San Marcos";"0";"1";"Coquimbo Unido";"0";"0";"4.24";"1.74";"1.26";"1.32";"";"";"17";"";"";"";"";"";"";"";"";"0.5";"";"1.5";"";"";"";"";"";"";"";"";"";"0.5";"";"";"";"";"50";"";"";"";"0.5";"";"0.5";"";"";"";"1";"";"0";"";"";"0";"";"";"";"";"";"";"";""
"Chile";"CHI";"Chilean Cup";"27-06-2026 18:30";"FT";"Audax Italiano";"2";"1";"Magallanes";"2";"0";"1.46";"5.36";"1.24";"1.34";"";"";"";"0";"";"";"";"";"";"";"";"";"1";"";"4";"";"";"";"";"";"";"";"";"";"0";"";"";"";"";"100";"";"";"";"0";"";"1.5";"";"";"";"2.5";"";"1";"";"";"0";"";"";"";"";"";"";""
"Chile";"CHI";"Chilean Cup";"27-06-2026 21:00";"FT";"Universidad Católica";"4";"2";"San Luis";"2";"1";"1.35";"7.02";"1.12";"1.57";"";"";"";"17";"";"";"";"";"";"";"";"";"1";"";"1.5";"";"";"";"";"";"";"";"";"";"0.5";"";"";"";"";"50";"";"";"";"0";"";"1";"";"";"";"0.5";"";"1";"";"";"0";"";"";"";"";"";"";""
"Chile";"CHI";"Segunda División";"27-06-2026 17:00";"FT";"Deportes Rengo";"0";"1";"Colchagua";"0";"0";"4.94";"1.55";"1.23";"1.34";"7";"1";"44";"67";"2";"44";"41";"75";"";"2.4";"2";"1.3";"1.2";"1.3";"0.8";"58";"58";"42";"71";"1.9";"20";"8.8";"10.4";"1.3";"2";"10";"60";"77";"33";"50";"";"";"0.3";"0";"0.7";"0.8";"1.4";"0.9";"0.7";"0";"1";"1.2";"";"33";"50";"4.7";"6.8";"5";"4.2";"9.6";"84";"71"
"Chile";"CHI";"Segunda División";"27-06-2026 18:00";"FT";"Concón National";"1";"1";"Colina";"0";"0";"1.85";"3.67";"1.31";"1.26";"2";"6";"33";"33";"1";"27";"17";"38";"";"1.5";"2";"0.8";"0.5";"1";"0.8";"38";"100";"12";"100";"1.9";"15";"4.6";"8.1";"1";"1";"9";"70";"77";"50";"25";"";"";"0.8";"0.5";"0.8";"0.5";"0.2";"1.2";"0.2";"0.2";"0";"0";"";"25";"25";"3.5";"3.2";"3.8";"5.8";"9.6";"50";"38"
"Cape Verde";"CPV";"Campeonato Nacional";"27-06-2026 13:30";"AWAITING_UPDATES";"Mindelense";"2";"2";"Académica Porto Novo";"";"";"";"";"";"";"1";"2";"100";"67";"";"78";"34";"84";"";"2.4";"";"2.3";"1";"0.3";"1";"33";"";"50";"100";"";"";"";"";"3";"2";"";"100";"70";"67";"67";"";"";"";"";"";"";"0";"0";"";"";"";"";"";"100";"67";"";"";"";"";"";"";""
"Cape Verde";"CPV";"Campeonato Nacional";"27-06-2026 13:30";"AWAITING_UPDATES";"Palmeira";"0";"1";"África Show";"";"";"";"";"";"";"1";"2";"100";"78";"";"58";"78";"84";"";"2.5";"";"1.7";"2.3";"0.3";"0.7";"50";"";"50";"84";"";"";"";"";"3";"2.3";"";"100";"80";"67";"67";"";"";"";"";"";"";"0";"0";"";"";"";"";"";"100";"67";"";"";"";"";"";"";""
"Republic of Ireland";"IRL";"Premier Division";"27-06-2026 15:45";"FT";"Sligo Rovers";"2";"2";"Shelbourne";"1";"0";"4.44";"1.74";"1.28";"1.29";"9";"5";"37";"63";"2";"31";"51";"75";"";"2.6";"3";"0.9";"1.5";"1.6";"1.1";"55";"75";"50";"70";"2.7";"25.8";"7.4";"9.8";"1.1";"1.9";"10";"49";"66";"40";"60";"";"";"0.5";"0.7";"0.7";"0.7";"1.2";"1.3";"0.9";"0.4";"0.4";"0.8";"";"30";"50";"3.9";"4.5";"6.9";"4.2";"10.1";"75";"65"
"South Korea";"KOR";"WK-League";"27-06-2026 07:00";"FT";"Changnyeong W";"0";"0";"Gumi Sportstoto W";"0";"0";"3.33";"1.98";"";"";"8";"6";"0";"50";"2";"34";"34";"92";"";"3.6";"3";"1";"1";"3.2";"2";"65";"84";"74";"62";"2.7";"19.2";"8";"8.8";"0";"1.5";"9";"2";"35";"40";"67";"";"";"0";"0.5";"1.2";"0.7";"2.4";"1.2";"2";"1.3";"1";"0.5";"";"0";"50";"2";"4.5";"5.5";"5.8";"8.9";"62";"62"
"South Korea";"KOR";"WK-League";"27-06-2026 07:00";"FT";"Boeun Sangmu W";"1";"1";"Incheon Red Angels W";"0";"0";"3.57";"1.91";"1.24";"1.28";"5";"3";"29";"53";"2";"34";"54";"84";"";"2.7";"3";"1";"1.6";"1.8";"1";"55";"84";"61";"68";"2.7";"16.5";"5.2";"8.6";"0.9";"1.6";"9";"42";"70";"62";"60";"";"";"0.6";"0.8";"0.8";"0.8";"1.2";"1.5";"1";"0.2";"0.4";"0.8";"";"25";"40";"3";"4.3";"6";"4";"8.9";"75";"42"
"Argentina";"ARG";"Primera C";"27-06-2026 13:00";"FT";"Deportivo Paraguayo";"0";"2";"Centro Español";"0";"1";"3.86";"2.01";"1.58";"1.10";"25";"4";"24";"50";"5";"14";"37";"54";"";"1.8";"2";"0.4";"1.1";"1.3";"0.6";"34";"34";"20";"87";"1.9";"17.4";"7.4";"8.3";"0.7";"1.5";"8";"60";"84";"57";"50";"";"";"0.3";"0.1";"0.4";"0.1";"1.2";"0.4";"0.9";"0.5";"0.1";"1";"";"14";"38";"5.6";"2.9";"3.9";"4.4";"7.8";"34";"34"
"Argentina";"ARG";"Primera C";"27-06-2026 13:00";"FT";"Sacachispas";"0";"1";"Lugano";"0";"0";"1.71";"4.96";"1.52";"1.11";"2";"14";"74";"33";"1";"54";"37";"72";"";"2.4";"3";"1.6";"1.1";"0.8";"1.4";"38";"56";"44";"78";"1.9";"20";"7.6";"8.6";"2.2";"1";"8";"77";"56";"33";"56";"";"";"0.3";"0.6";"0.1";"0.8";"1.5";"0.8";"0.7";"0.7";"1.2";"0.6";"";"67";"22";"4.1";"3";"3.9";"6.1";"7.8";"67";"56"
"Argentina";"ARG";"Primera C";"27-06-2026 15:00";"FT";"El Porvenir";"0";"0";"Leones de Rosario";"0";"0";"2.60";"2.83";"1.62";"1.10";"12";"4";"42";"62";"5";"31";"37";"54";"";"1.9";"2";"0.9";"1.1";"0.9";"0.9";"40";"66";"27";"87";"1.9";"16.6";"6.6";"7";"1.2";"1.9";"7";"74";"74";"50";"57";"";"";"0.6";"0.9";"0.6";"0.4";"0.6";"1.2";"0.2";"0.4";"0.2";"0.3";"";"25";"57";"4.2";"2.9";"2.4";"4.6";"7.8";"46";"13"
"Argentina";"ARG";"Primera C";"27-06-2026 15:00";"FT";"Mercedes";"5";"0";"JJ Urquiza";"4";"0";"2.31";"3.50";"1.69";"1.07";"19";"26";"57";"33";"5";"24";"14";"44";"";"1.1";"2";"0.7";"0.4";"0.4";"0.7";"24";"26";"0";"100";"1.9";"15.4";"5";"7.1";"1.7";"1";"7";"100";"80";"43";"44";"";"";"0.3";"0";"0.1";"0.2";"0.8";"0.3";"0.3";"0.4";"0.4";"0.4";"";"43";"11";"3.7";"2.4";"2.7";"5.3";"7.8";"29";"29"
"Argentina";"ARG";"Primera C";"27-06-2026 15:00";"FT";"Juventud Unida G.";"3";"0";"Argentino Rosario";"1";"0";"2.42";"2.92";"1.51";"1.12";"21";"24";"21";"17";"5";"27";"41";"58";"";"2.3";"2";"0.8";"1.2";"1.1";"1.7";"52";"71";"31";"69";"1.9";"14.2";"6.1";"7.2";"0.6";"0.5";"7";"66";"46";"50";"50";"";"";"0.5";"0.8";"0.5";"0.5";"1.2";"1.2";"0.6";"1.2";"0.2";"0.3";"";"12";"0";"3.9";"1.8";"4.1";"4.5";"7.8";"42";"34"
"Argentina";"ARG";"Primera C";"27-06-2026 15:00";"FT";"Central Córdoba";"0";"0";"Deportivo Muñiz";"0";"0";"2.14";"3.46";"1.59";"1.10";"20";"27";"38";"29";"5";"27";"20";"44";"";"1.6";"2";"0.8";"0.6";"0.9";"0.9";"44";"44";"18";"94";"1.9";"15.6";"6.4";"8.1";"1.1";"0.9";"8";"74";"74";"38";"50";"";"";"0.5";"0.5";"0.4";"0.1";"0.8";"0.8";"0.5";"0.8";"0.2";"0.1";"";"25";"12";"4.1";"4.1";"4.1";"3.9";"7.8";"50";"44"
"Argentina";"ARG";"Primera C";"27-06-2026 15:00";"FT";"Yupanqui";"1";"2";"Deportivo Español";"1";"0";"2.97";"2.35";"1.58";"1.10";"10";"15";"54";"33";"5";"48";"31";"62";"";"2";"2";"1.4";"0.9";"0.8";"1";"44";"44";"25";"82";"1.9";"14.8";"6";"7";"1.6";"1";"8";"77";"70";"38";"50";"";"";"0.4";"0.2";"0.1";"0.2";"1.5";"0.5";"0.6";"0.8";"1";"0.6";"";"38";"12";"3.9";"2.4";"4.2";"3.5";"7.8";"31";"19"
"Argentina";"ARG";"Primera B Metropolitana";"27-06-2026 13:00";"FT";"Real Pilar";"0";"0";"San Martín Burzaco";"0";"0";"1.81";"4.39";"1.49";"1.14";"7";"10";"47";"60";"1";"41";"37";"65";"";"2.1";"2";"1.2";"1.1";"1.2";"0.7";"40";"70";"35";"85";"2";"18";"6.9";"9.2";"1.4";"1.8";"9";"63";"80";"40";"60";"";"";"0.5";"0.6";"0.4";"0.3";"1.2";"0.9";"0.8";"0.4";"0.7";"0.5";"";"40";"50";"4.2";"4.6";"4.8";"4.9";"8.6";"70";"50"
"Argentina";"ARG";"Primera B Metropolitana";"27-06-2026 13:00";"FT";"Villa Dálmine";"0";"1";"Deportivo Camioneros";"0";"1";"1.92";"4.22";"1.58";"1.08";"3";"5";"57";"60";"1";"34";"37";"55";"";"1.6";"2";"1";"1.1";"0.6";"0.4";"40";"60";"20";"90";"2";"16.7";"6.3";"8.9";"1.7";"1.8";"9";"84";"100";"50";"60";"";"";"0.4";"0.6";"0.5";"0.2";"0.7";"0.8";"0.1";"0.2";"0.6";"0.5";"";"40";"40";"4.7";"3.1";"4.2";"5.7";"8.6";"55";"40"
"Argentina";"ARG";"Primera B Metropolitana";"27-06-2026 15:00";"FT";"Excursionistas";"5";"0";"Deportivo Merlo";"3";"0";"1.64";"5.13";"1.41";"1.16";"1";"9";"70";"40";"1";"44";"37";"65";"";"2.1";"2";"1.3";"1.1";"0.4";"1.4";"45";"70";"20";"85";"2";"15.2";"5.6";"8.8";"2.1";"1.2";"9";"100";"56";"50";"30";"";"";"0.4";"0.5";"0.1";"1";"1.1";"1";"0.3";"0.4";"0.9";"0.6";"";"60";"30";"5.5";"4.3";"3.1";"4.8";"8.6";"65";"55"
"Argentina";"ARG";"Primera B Metropolitana";"27-06-2026 15:00";"FT";"Talleres Remedios de Escalada";"1";"0";"Defensores Unidos";"1";"0";"1.56";"6.01";"1.46";"1.14";"4";"17";"57";"10";"1";"27";"14";"45";"";"1.6";"1";"0.8";"0.4";"0.5";"1.4";"20";"55";"15";"95";"2";"19.2";"7.5";"8.5";"1.7";"0.3";"8";"88";"56";"40";"50";"";"";"0.3";"0.1";"0.3";"0.7";"0.8";"0.7";"0.2";"0.7";"0.5";"0.3";"";"50";"0";"4.8";"3.7";"2.8";"5.7";"8.6";"60";"45"
"Argentina";"ARG";"Primera B Metropolitana";"27-06-2026 15:00";"FT";"Brown de Adrogué";"2";"0";"Flandria";"0";"0";"2.21";"3.34";"1.58";"1.10";"20";"18";"20";"27";"5";"27";"17";"60";"";"2.2";"2";"0.8";"0.5";"1.9";"1.2";"40";"50";"40";"80";"2";"15.8";"6.6";"9.8";"0.6";"0.8";"9";"38";"63";"60";"50";"";"";"0.1";"0.1";"0.8";"0.6";"1.4";"0.8";"1.1";"0.6";"0.7";"0.4";"";"10";"20";"5.8";"4.8";"3.8";"5.2";"8.6";"65";"60"
"Argentina";"ARG";"Primera B Metropolitana";"27-06-2026 15:30";"FT";"Deportivo Armenio";"2";"1";"Ituzaingó";"0";"1";"1.73";"4.65";"1.46";"1.15";"11";"22";"57";"3";"1";"48";"31";"90";"";"2.9";"3";"1.4";"0.9";"1.1";"2.4";"60";"80";"65";"75";"2";"15.8";"7";"7.4";"1.7";"0.1";"8";"66";"21";"50";"40";"";"";"0.8";"0.5";"0.5";"0.8";"1.6";"1.3";"0.6";"1.6";"0.6";"0.4";"";"50";"0";"3.6";"2.8";"3.3";"5.2";"8.6";"30";"25"
"Argentina";"ARG";"Torneo Federal A";"27-06-2026 11:30";"FT";"FADEP";"0";"0";"Cipolletti";"0";"0";"1.87";"4.37";"1.57";"1.10";"8";"1";"61";"22";"1";"68";"24";"75";"";"2.7";"3";"2";"0.7";"1.2";"1.5";"50";"58";"50";"58";"1.9";"19.8";"7.6";"9.4";"1.8";"0.7";"10";"63";"52";"67";"33";"";"";"0.5";"0.5";"0.2";"0.7";"1.8";"1";"1";"0.8";"1.5";"0.2";"";"50";"17";"6.5";"3.6";"3.2";"5.6";"8.9";"82";"55"
"Argentina";"ARG";"Torneo Federal A";"27-06-2026 15:30";"FT";"Argentino Monte Maíz";"0";"0";"Juventud Unida Univ.";"0";"0";"1.72";"4.78";"";"";"2";"6";"78";"44";"1";"51";"34";"50";"";"1.8";"2";"1.5";"1";"0.2";"0.8";"34";"42";"25";"83";"1.9";"21.3";"8.3";"10.2";"2.3";"1.3";"10";"100";"77";"50";"50";"";"";"0.8";"0.3";"0";"0.2";"1";"0.6";"0.2";"0.7";"0.7";"0.7";"";"67";"33";"4.7";"3";"4.5";"8.2";"8.9";"75";"66"
"Argentina";"ARG";"Torneo Federal A";"27-06-2026 15:30";"FT";"Deportivo Rincón";"0";"1";"Atenas";"0";"0";"1.60";"5.88";"";"";"4";"3";"72";"33";"1";"41";"10";"34";"";"1.6";"1";"1.2";"0.3";"0.5";"1.2";"16";"66";"25";"92";"1.9";"18.2";"8.4";"7.4";"2.2";"1";"8";"88";"63";"50";"17";"";"";"0.5";"0.3";"0.3";"0.5";"0.8";"0.8";"0.2";"0.7";"0.7";"0";"";"67";"33";"5.2";"2.8";"2.2";"4.5";"8.9";"42";"21"
"Argentina";"ARG";"Torneo Federal A";"27-06-2026 16:30";"FT";"Sportivo Las Parejas";"1";"1";"Defensores Belgrano VR";"1";"1";"1.57";"5.81";"";"";"6";"5";"71";"19";"1";"31";"34";"50";"";"1.9";"1";"0.9";"1";"0.3";"1.7";"36";"50";"28";"86";"1.9";"20.5";"9.1";"10.3";"2.1";"0.6";"10";"100";"46";"29";"43";"";"";"0.4";"0.4";"0";"0.4";"1.3";"0.6";"0.3";"1.3";"0.4";"0.6";"";"57";"14";"7.3";"3.6";"4.6";"5.1";"8.9";"86";"72"
"Argentina";"ARG";"Reserve League";"27-06-2026 12:00";"FT";"River Plate Res.";"3";"1";"Lanús Res.";"2";"1";"1.62";"4.51";"1.21";"1.36";"1";"2";"67";"63";"1";"54";"75";"72";"";"2.8";"3";"1.6";"2.2";"0.9";"1";"56";"72";"44";"72";"2.5";"19.8";"9.6";"8.4";"2";"1.9";"9";"74";"70";"44";"33";"";"";"0.6";"0.8";"0.4";"0.4";"1.7";"1.1";"0.4";"0.6";"1";"1.4";"";"56";"56";"6.4";"4.1";"2.4";"3.8";"9";"62";"38"
"Argentina";"ARG";"Reserve League";"27-06-2026 15:00";"FT";"Independiente Riva. Res.";"2";"3";"Racing Club Res.";"0";"1";"2.21";"3.08";"1.38";"1.18";"1";"2";"48";"52";"5";"61";"54";"89";"";"3.2";"3";"1.8";"1.6";"1.3";"1.7";"72";"84";"67";"67";"2.5";"19.4";"8.4";"9";"1.4";"1.6";"9";"60";"46";"33";"33";"";"";"0.9";"0.8";"0.9";"0.3";"1.7";"1.5";"0.4";"1.3";"0.9";"0.8";"";"44";"44";"5.4";"4.1";"3.8";"4.6";"9";"67";"38"
"Argentina";"ARG";"Copa Santa Fe";"27-06-2026 15:30";"AWAITING_UPDATES";"Colón San Justo";"";"";"Ciclón Racing";"";"";"";"";"";"";"";"";"";"";"";"";"";"";"";"";"";"";"";"";"";"";"";"";"";"";"";"";"";"";"";"";"";"";"";"";"";"";"";"";"";"";"";"";"";"";"";"";"";"";"";"";"";"";"";"";"";""
"Argentina";"ARG";"Copa Santa Fe";"27-06-2026 16:00";"AWAITING_UPDATES";"Racing de Reconquista";"";"";"Romang FC";"";"";"";"";"";"";"";"";"";"";"";"";"";"";"";"";"";"";"";"";"";"";"";"";"";"";"";"";"";"";"";"";"";"";"";"";"";"";"";"";"";"";"";"";"";"";"";"";"";"";"";"";"";"";"";"";"";""
"Australia";"AUS";"Queensland Premier League 3 Metro";"27-06-2026 04:00";"FT";"AC Carina";"3";"1";"North Lakes United";"3";"1";"1.44";"4.76";"";"";"4";"6";"87";"57";"1";"100";"92";"100";"";"5.1";"5";"3.6";"2.7";"1.6";"2.3";"93";"83";"100";"14";"4.6";"35.2";"21.4";"11.5";"2.6";"1.7";"11";"49";"25";"20";"57";"";"";"0.6";"1.3";"0.6";"1";"3.4";"1.8";"1";"1.3";"3";"1.4";"";"80";"57";"7";"7.2";"3.8";"5";"10.4";"100";"100"
"Australia";"AUS";"Queensland Premier League 3 Metro";"27-06-2026 04:00";"FT";"Springfield United";"2";"2";"Newmarket";"2";"0";"4.18";"1.52";"";"";"5";"2";"50";"79";"2";"68";"100";"94";"";"4.5";"5";"2";"3.5";"1.8";"1.8";"82";"75";"75";"38";"4.6";"24.8";"12.5";"9.5";"1.5";"2.4";"10";"42";"42";"50";"62";"";"";"0.9";"1.5";"0.8";"0.2";"2.8";"1.7";"1";"1.5";"1.1";"2";"";"38";"75";"5";"4.8";"5.2";"4";"10.4";"79";"58"
"Australia";"AUS";"Queensland Premier League 3 Metro";"27-06-2026 06:15";"FT";"Univ. Queensland";"0";"0";"Moggill";"0";"0";"4.99";"1.40";"";"";"9";"3";"46";"25";"2";"100";"54";"88";"";"4.7";"5";"3";"1.6";"2.8";"2";"69";"81";"82";"38";"4.6";"25";"14";"9.9";"1.4";"0.8";"11";"7";"35";"50";"50";"";"";"1.4";"0.5";"1.4";"0.5";"2.8";"1.9";"1.4";"1.5";"1.6";"1.1";"";"38";"12";"6";"7.2";"4";"2.6";"10.4";"78";"68"
"Australia";"AUS";"Capital Territory";"27-06-2026 01:30";"FT";"O'Connor Knights";"1";"0";"Canberra Olympic";"0";"0";"3.29";"1.78";"1.01";"2.18";"";"";"38";"43";"2";"37";"88";"87";"";"4.3";"4";"1.1";"2.6";"2.4";"2.6";"66";"60";"87";"52";"4.3";"23.6";"12";"9";"1.1";"1.3";"9";"21";"14";"38";"43";"";"";"0.1";"1.3";"0.8";"0.6";"3";"1.4";"1.6";"2";"1";"1.3";"";"38";"43";"4.9";"5";"5.2";"2.9";"9.5";"78";"52"
"Australia";"AUS";"Capital Territory";"27-06-2026 02:00";"FT";"Queanbeyan City";"2";"1";"Canberra White Eagles";"1";"0";"1.18";"9.29";"1.03";"2.09";"";"";"67";"25";"3";"75";"27";"92";"";"4.1";"4";"2.2";"0.8";"1.5";"3.8";"50";"84";"84";"50";"4.3";"20.6";"11.5";"7.6";"2";"0.8";"9";"52";"2";"50";"50";"";"";"1.2";"0.5";"0.5";"1.2";"2.4";"1.8";"1";"2.5";"1";"0.2";"";"67";"25";"3";"2.8";"3.7";"5.8";"9.5";"54";"34"
"Australia";"AUS";"Capital Territory";"27-06-2026 04:45";"FT";"Monaro Panthers";"2";"0";"Cooma Tigers";"1";"0";"2.18";"2.55";"1.04";"2.00";"";"";"100";"60";"5";"100";"68";"90";"";"4.1";"4";"3.8";"2";"1.5";"1";"80";"80";"80";"65";"4.3";"21.6";"11.4";"9.6";"3";"1.8";"9";"52";"70";"50";"60";"";"";"0.8";"0.4";"0.8";"0.4";"3";"1.2";"0.8";"0.6";"3";"1.6";"";"100";"60";"8";"5";"2.2";"4";"9.5";"68";"58"
"Australia";"AUS";"New South Wales";"27-06-2026 02:00";"FT";"Western Sydney W. II";"3";"3";"Manly United";"1";"2";"2.23";"2.78";"1.19";"1.42";"8";"11";"23";"23";"5";"34";"20";"75";"";"2.4";"2";"1";"0.6";"1.5";"1.8";"40";"65";"45";"80";"2.8";"19.4";"7.8";"9";"0.7";"0.7";"9";"52";"42";"40";"50";"";"";"0.5";"0.1";"0.6";"1";"1.4";"1.1";"0.9";"0.8";"0.5";"0.5";"";"10";"20";"4";"4.1";"4.4";"5.4";"9.4";"60";"45"
"Australia";"AUS";"New South Wales";"27-06-2026 02:00";"FT";"University of NSW";"1";"3";"Sutherland Sharks";"1";"1";"2.20";"2.83";"1.22";"1.36";"13";"6";"63";"57";"5";"65";"51";"80";"";"2.8";"2";"1.9";"1.5";"1.1";"1.1";"60";"75";"60";"70";"2.8";"22.2";"9.4";"10.6";"1.9";"1.7";"10";"66";"66";"50";"70";"";"";"0.7";"0.7";"0.6";"0.4";"1.6";"1.2";"0.5";"0.7";"1.2";"0.8";"";"50";"50";"4.8";"4.3";"4.7";"7.4";"9.4";"75";"65"
"Australia";"AUS";"New South Wales";"27-06-2026 04:00";"FT";"SD Raiders";"3";"1";"St George City FA";"0";"1";"2.59";"2.42";"1.24";"1.33";"12";"10";"40";"25";"5";"44";"17";"60";"";"2.4";"2";"1.3";"0.5";"1.5";"1.5";"42";"59";"38";"68";"2.8";"21.4";"8.7";"8.8";"1.2";"0.8";"9";"52";"52";"50";"50";"";"";"0.8";"0";"0.7";"0.6";"1.4";"1";"0.8";"0.9";"0.5";"0.5";"";"30";"12";"4.3";"3.1";"4.9";"5.2";"9.4";"61";"50"
"Australia";"AUS";"New South Wales";"27-06-2026 04:30";"FT";"NWS Spirit";"2";"0";"Wollongong Wolves";"2";"0";"1.78";"3.81";"1.27";"1.31";"9";"7";"50";"47";"1";"44";"24";"65";"";"2.2";"3";"1.3";"0.7";"1.6";"0.9";"30";"65";"45";"85";"2.8";"18.8";"8.4";"9";"1.5";"1.4";"9";"49";"74";"70";"40";"";"";"0.6";"0.4";"0.4";"0.7";"1.2";"1";"1.2";"0.2";"0.7";"0.3";"";"50";"40";"5";"3.7";"3.6";"5.7";"9.4";"65";"50"
"Australia";"AUS";"New South Wales";"27-06-2026 05:30";"FT";"St. George Saints";"1";"2";"Sydney Olympic";"0";"1";"2.12";"2.96";"1.18";"1.44";"14";"16";"33";"23";"5";"34";"37";"89";"";"3";"2";"1";"1.1";"1.7";"2.2";"42";"84";"64";"74";"2.8";"22.2";"8.6";"10.5";"1";"0.7";"10";"46";"28";"67";"30";"";"";"0.6";"0.4";"0.9";"0.9";"1.6";"1.4";"0.8";"1.3";"0.4";"0.7";"";"33";"20";"5";"4";"4.3";"7.7";"9.4";"84";"62"
"Australia";"AUS";"Npl Western Australia";"27-06-2026 04:00";"FT";"Armadale";"1";"4";"Perth";"0";"2";"4.02";"1.57";"";"";"10";"4";"48";"58";"2";"68";"71";"100";"";"4.2";"4";"2";"2.1";"2.4";"1.9";"86";"100";"80";"40";"3.7";"20.2";"8.6";"9.1";"1.4";"1.8";"9";"21";"38";"71";"50";"";"";"1.3";"1";"1";"1.2";"2";"2.2";"1.4";"0.6";"0.7";"1.1";"";"43";"50";"5.7";"6.4";"4";"2.2";"9.5";"80";"73"
"Australia";"AUS";"Npl Western Australia";"27-06-2026 04:00";"FT";"Olympic Kingsway";"5";"4";"Balcatta";"3";"2";"1.37";"6.02";"1.07";"1.72";"3";"12";"56";"14";"1";"58";"34";"92";"";"4";"4";"1.7";"1";"1.5";"3.7";"62";"84";"84";"48";"3.7";"20.4";"8.9";"10";"1.7";"0.4";"9";"52";"2";"33";"57";"";"";"0.3";"0.3";"0.8";"2.4";"2";"2";"0.7";"1.3";"1.3";"0.7";"";"50";"14";"5.2";"4.6";"4.3";"6";"9.5";"75";"60"
"Australia";"AUS";"Npl Western Australia";"27-06-2026 04:00";"FT";"Fremantle City";"3";"0";"Western Knights";"0";"0";"2.36";"2.39";"1.07";"1.75";"6";"8";"58";"21";"5";"68";"31";"56";"";"2.8";"4";"2";"0.9";"1.5";"1.2";"56";"56";"56";"62";"3.7";"19";"7.8";"11";"1.8";"0.6";"10";"52";"63";"50";"50";"";"";"0.8";"0.4";"1.1";"0.5";"1.4";"1.4";"0.4";"0.8";"1.2";"0.5";"";"50";"12";"6";"6.4";"4.4";"5.1";"9.5";"94";"82"
"Australia";"AUS";"Npl Western Australia";"27-06-2026 04:00";"FT";"Perth Glory II";"1";"1";"Stirling Lions";"1";"0";"3.94";"1.62";"1.03";"1.98";"11";"5";"33";"62";"2";"44";"78";"76";"";"3.3";"3";"1.3";"2.3";"1.7";"1.3";"62";"69";"76";"69";"3.7";"24.4";"9.8";"9.4";"1";"1.9";"10";"46";"60";"67";"29";"";"";"1";"1.1";"0.8";"0.6";"1.5";"1.8";"0.8";"0.7";"0.3";"1.1";"";"33";"57";"3.3";"4.4";"5";"6";"9.5";"68";"60"
"Australia";"AUS";"Npl Western Australia";"27-06-2026 06:00";"FT";"Dianella White Eagles";"2";"1";"Sorrento";"0";"1";"1.55";"4.53";"";"";"9";"7";"43";"72";"1";"48";"44";"60";"";"2.4";"3";"1.4";"1.3";"1.3";"0.8";"45";"76";"38";"70";"3.7";"19.6";"7.8";"11";"1.3";"2.2";"10";"60";"77";"43";"33";"";"";"0.6";"0.3";"0.4";"0.5";"1.5";"0.9";"0.9";"0.3";"0.9";"1";"";"29";"67";"6.4";"2.5";"4.9";"8.2";"9.5";"84";"76"
"Australia";"AUS";"Npl Tasmania";"27-06-2026 01:00";"FT";"South Hobart";"6";"1";"Glenorchy Knights";"2";"0";"1.15";"11.02";"1.04";"2.08";"1";"7";"100";"14";"3";"100";"34";"93";"";"3.8";"4";"4";"1";"0.8";"1.9";"52";"58";"76";"46";"4.2";"20.6";"9.4";"10.8";"3";"0.4";"11";"77";"38";"80";"71";"";"";"1.2";"0.3";"0.2";"0.7";"2.6";"1.2";"0.6";"1.1";"2.8";"0.7";"";"100";"14";"9.4";"4.9";"2.4";"4.9";"11.5";"76";"68"
"Australia";"AUS";"Npl Tasmania";"27-06-2026 01:30";"FT";"Clarence Zebras";"1";"1";"Launceston United";"0";"0";"1.20";"8.80";"1.01";"2.32";"5";"9";"50";"8";"3";"61";"17";"100";"";"3.3";"3";"1.8";"0.5";"2";"2.2";"50";"66";"54";"54";"4.2";"22.8";"9.4";"14.1";"1.5";"0.2";"12";"35";"28";"67";"25";"";"";"0.5";"0.2";"1";"0.2";"2.2";"1";"1";"2";"1.3";"0.2";"";"50";"0";"7.3";"5.5";"6.7";"8.8";"11.5";"92";"92"
"Australia";"AUS";"Npl Tasmania";"27-06-2026 01:30";"FT";"Riverside Olympic";"6";"0";"Ulverstone";"3";"0";"1.22";"8.34";"1.05";"2.05";"6";"10";"56";"0";"3";"61";"24";"92";"";"3.2";"3";"1.8";"0.7";"1.2";"2.8";"34";"66";"67";"66";"4.2";"22.5";"9.8";"12";"1.7";"0";"12";"63";"7";"67";"50";"";"";"1";"0.3";"0.2";"1";"2";"1.2";"1";"1.8";"0.8";"0.3";"";"50";"0";"5.3";"4";"5.8";"8.8";"11.5";"92";"92"
"Australia";"AUS";"Npl Queensland";"27-06-2026 01:30";"FT";"Magic United";"3";"5";"Brisbane City";"2";"2";"4.92";"1.44";"1.02";"2.16";"11";"7";"25";"72";"2";"37";"92";"100";"";"4.4";"4";"1.1";"2.7";"3.4";"1.7";"66";"94";"86";"28";"3.9";"22.3";"9.9";"8.8";"0.8";"2.2";"9";"2";"46";"38";"33";"";"";"0.5";"1.3";"1.6";"1.2";"2.1";"2.3";"1.8";"0.5";"0.6";"1.3";"";"25";"67";"4.4";"4.5";"5.5";"3.3";"10.4";"78";"62"
"Australia";"AUS";"Npl Queensland";"27-06-2026 03:00";"FT";"Peninsula Power";"3";"1";"Brisbane Roar II";"1";"1";"1.20";"9.29";"1.06";"2.16";"1";"12";"79";"14";"3";"75";"48";"87";"";"3.9";"3";"2.2";"1.4";"1.5";"2.6";"73";"87";"74";"40";"3.9";"22.8";"10.4";"10.6";"2.4";"0.4";"11";"52";"14";"62";"57";"";"";"0.8";"0.9";"0.6";"1.1";"2.2";"1.7";"0.9";"1.4";"1.5";"0.6";"";"75";"14";"4";"3.9";"5.6";"7.7";"10.4";"88";"69"
"Australia";"AUS";"Npl Queensland";"27-06-2026 06:00";"FT";"Eastern Suburbs Brisbane";"1";"2";"Olympic FC Brisbane";"1";"2";"1.78";"3.49";"1.08";"1.84";"4";"8";"62";"24";"1";"78";"82";"93";"";"4.5";"4";"2.3";"2.4";"1.4";"2.9";"93";"93";"86";"36";"3.9";"23.4";"9.6";"9.1";"1.9";"0.7";"10";"56";"4";"57";"57";"";"";"1.4";"0.9";"1.1";"0.9";"2.4";"2.2";"0.3";"2";"0.9";"1.6";"";"57";"14";"4.3";"3.9";"4.6";"5.4";"10.4";"72";"72"
"Australia";"AUS";"Npl South Australian";"27-06-2026 02:30";"FT";"Playford City Patriots";"0";"1";"White City Woodville";"0";"1";"2.11";"2.79";"1.09";"1.69";"4";"5";"71";"46";"5";"99";"51";"82";"";"3.5";"4";"2.9";"1.5";"1.4";"1.2";"62";"68";"68";"56";"3.6";"21.8";"9.4";"10.2";"2.1";"1.4";"10";"56";"63";"50";"62";"";"";"0.5";"0.9";"0.8";"0.5";"2.2";"1.3";"0.6";"0.8";"2.4";"0.6";"";"62";"38";"6.8";"4.4";"5.1";"4.2";"9.2";"75";"50"
"Australia";"AUS";"Npl South Australian";"27-06-2026 02:30";"FT";"Campbelltown City";"0";"0";"West Adelaide";"0";"0";"1.72";"3.67";"1.05";"1.95";"10";"9";"48";"33";"1";"58";"65";"100";"";"3.6";"4";"1.7";"1.9";"1.3";"2.3";"78";"93";"78";"64";"3.6";"21";"7.8";"10.8";"1.4";"1";"10";"60";"25";"71";"43";"";"";"0.7";"0.7";"0.6";"1";"2";"1.5";"0.7";"1.3";"1";"1.1";"";"43";"29";"5.4";"4.7";"5.3";"6.3";"9.2";"72";"64"
"Australia";"AUS";"Npl South Australian";"27-06-2026 02:30";"FT";"Para Hills Knights";"0";"9";"NE MetroStars";"0";"4";"38.42";"1.03";"1.03";"3.29";"12";"3";"8";"71";"4";"27";"75";"88";"";"4";"3";"0.8";"2.2";"3.5";"1.5";"62";"94";"75";"38";"3.6";"22";"10.4";"8.5";"0.2";"2.1";"7";"2";"52";"50";"50";"";"";"0";"1.5";"1.9";"0.6";"2";"2";"1.6";"0.9";"0.8";"0.8";"";"0";"62";"2.1";"5.4";"5.1";"4.4";"9.2";"63";"50"
"Australia";"AUS";"Npl Victoria";"27-06-2026 04:00";"FT";"Dandenong Thunder";"1";"3";"Hume City";"0";"1";"8.57";"1.25";"1.07";"1.71";"13";"2";"25";"71";"4";"37";"82";"75";"";"3";"3";"1.1";"2.4";"1.2";"1.2";"69";"62";"50";"62";"3";"16";"7.9";"9.3";"0.8";"2.1";"10";"63";"63";"38";"50";"";"";"0";"1.5";"0.5";"0.6";"1.7";"1.3";"0.8";"0.6";"1.1";"0.9";"";"12";"62";"5";"4.9";"3.5";"5.2";"10.1";"62";"50"
"Australia";"AUS";"Npl Victoria";"27-06-2026 05:00";"FT";"Caroline Springs George Cross FC";"0";"2";"Preston Lions";"0";"0";"4.20";"1.69";"1.21";"1.38";"8";"5";"50";"70";"2";"41";"61";"66";"";"2.6";"3";"1.2";"1.8";"1.5";"0.7";"48";"64";"53";"71";"3";"20.6";"10.2";"9.6";"1.5";"2.1";"10";"52";"80";"62";"44";"";"";"0.9";"0.8";"0.6";"0.3";"1.2";"1.3";"0.9";"0.3";"0.4";"1";"";"38";"67";"4";"4.9";"4.9";"5.4";"10.1";"64";"52"
"Australia";"AUS";"Northern Nsw";"27-06-2026 01:00";"FT";"Charlestown Azzurri";"1";"3";"Belmont Swansea";"0";"3";"2.86";"2.02";"1.10";"1.70";"11";"2";"33";"57";"5";"54";"65";"93";"";"3.5";"4";"1.6";"1.9";"2";"1.6";"86";"86";"86";"57";"3.6";"22.4";"10.3";"11.2";"1";"1.7";"11";"35";"49";"43";"43";"";"";"0.3";"1";"0.7";"0.7";"2.2";"1.4";"1.3";"0.9";"1.3";"0.9";"";"29";"43";"5.4";"6.4";"3.9";"6.6";"10.9";"78";"72"
"Australia";"AUS";"Northern Nsw";"27-06-2026 01:00";"FT";"Edgeworth Eagles";"3";"2";"Adamstown Rosebuds";"1";"2";"1.74";"3.45";"1.10";"1.64";"5";"8";"83";"43";"1";"61";"54";"84";"";"3";"4";"1.8";"1.6";"1";"1.6";"69";"84";"69";"62";"3.6";"20";"7.9";"9.9";"2.5";"1.3";"10";"70";"49";"67";"43";"";"";"1";"0.7";"0.5";"0.9";"1.5";"1.6";"0.5";"0.7";"0.8";"0.9";"";"83";"29";"4.7";"5.3";"5.2";"4.6";"10.9";"60";"54"
"Australia";"AUS";"Northern Nsw";"27-06-2026 01:00";"FT";"Newcastle Olympic";"0";"0";"Cooks Hill United";"0";"0";"2.24";"2.45";"1.05";"1.80";"10";"7";"14";"42";"5";"54";"61";"94";"";"4";"4";"1.6";"1.8";"2.4";"2.1";"60";"94";"73";"40";"3.6";"25.5";"10.8";"11.2";"0.4";"1.2";"11";"21";"32";"57";"62";"";"";"0.7";"1.1";"1.4";"1.5";"1.5";"2.4";"1";"0.6";"0.9";"0.6";"";"0";"38";"6.1";"5.8";"5.1";"5.5";"10.9";"80";"73"
"Australia";"AUS";"Northern Nsw";"27-06-2026 03:30";"FT";"Valentine";"1";"1";"Lambton Jaffas";"0";"0";"4.38";"1.56";"1.10";"1.65";"10";"6";"24";"57";"2";"31";"78";"100";"";"3.6";"4";"0.9";"2.3";"2.9";"1.3";"71";"86";"78";"64";"3.6";"21.6";"9.2";"11.4";"0.7";"1.7";"11";"4";"60";"29";"43";"";"";"0.3";"0.9";"1.9";"0.3";"2";"1.6";"1";"1";"0.6";"1.4";"";"14";"57";"4.4";"7.7";"5.7";"4.9";"10.9";"78";"78"
"Australia";"AUS";"Victoria NPL Youth League";"27-06-2026 00:00";"FT";"Bentleigh Greens U23";"4";"5";"Altona Magic U23";"0";"3";"1.68";"3.45";"";"";"5";"7";"67";"50";"1";"68";"68";"100";"";"4.8";"4";"2";"2";"2.3";"3.4";"72";"94";"89";"29";"4.3";"25";"15.4";"8.6";"2";"1.5";"9";"25";"2";"33";"62";"";"";"1";"1.4";"0.9";"0.9";"2.8";"2";"1.4";"2.5";"1";"0.6";"";"67";"50";"3.8";"3.4";"2.8";"7";"8.9";"69";"60"
"Australia";"AUS";"Victoria NPL Youth League";"27-06-2026 01:30";"POSTPONED";"Dandenong Thunder U23";"";"";"Hume City U23";"";"";"2.88";"1.91";"";"";"13";"14";"38";"29";"2";"61";"34";"93";"";"4.8";"4";"1.8";"1";"3.8";"3";"66";"86";"86";"27";"4.3";"23.4";"12.6";"9.5";"1.1";"0.9";"9";"2";"0";"50";"71";"";"";"0.8";"0.1";"1.4";"1.4";"2.9";"1.8";"2.4";"1.6";"1";"0.9";"";"38";"29";"5.1";"3.1";"4.1";"6.6";"8.9";"86";"64"
"Australia";"AUS";"Victoria NPL Youth League";"27-06-2026 02:00";"FT";"Dandenong City U23";"1";"2";"Avondale U23";"0";"1";"4.10";"1.56";"";"";"12";"6";"37";"67";"2";"61";"100";"89";"";"4.6";"5";"1.8";"3";"3.1";"1.4";"71";"100";"83";"34";"4.3";"23.4";"14.1";"8.9";"1.1";"2";"9";"2";"56";"56";"50";"";"";"0.9";"1.2";"1";"0.8";"2.7";"2";"2.1";"0.6";"0.9";"1.8";"";"33";"62";"4.4";"4.9";"4.4";"4";"8.9";"58";"48"
"Australia";"AUS";"Victoria NPL Youth League";"27-06-2026 02:45";"FT";"George Cross U23";"3";"0";"Preston Lions U23";"0";"0";"1.66";"3.76";"";"";"2";"11";"75";"37";"1";"82";"44";"71";"";"3.4";"4";"2.4";"1.3";"1.1";"2.1";"48";"60";"60";"47";"4.3";"20.6";"9";"8.6";"2.2";"1.1";"9";"66";"32";"62";"44";"";"";"0.8";"0.2";"0.2";"0.8";"2.4";"1";"0.9";"1.3";"1.6";"1.1";"";"75";"33";"4.8";"4.3";"3.6";"4.6";"8.9";"66";"27"
"Australia";"AUS";"Victoria NPL Youth League";"27-06-2026 23:30";"FT";"South Melbourne U23";"3";"2";"Green Gully U23";"1";"1";"1.88";"2.90";"";"";"8";"9";"29";"46";"1";"68";"65";"94";"";"3.9";"4";"2";"1.9";"2.4";"1.5";"72";"100";"66";"40";"4.3";"23.8";"12.4";"10.4";"0.9";"1.4";"10";"21";"52";"57";"50";"";"";"0.7";"0.6";"1";"1";"2.2";"1.6";"1.4";"0.5";"1.3";"1.2";"";"29";"38";"4.8";"3.6";"6.6";"5.7";"8.9";"83";"62"
"Australia";"AUS";"Brisbane Reserves Premier League";"27-06-2026 02:00";"AWAITING_UPDATES";"Carina U23";"";"";"North Lakes United U23";"";"";"";"";"";"";"5";"8";"87";"48";"";"100";"78";"90";"";"3.7";"4";"3.4";"2.3";"0.4";"1.3";"56";"";"76";"48";"4.7";"";"";"";"2.6";"1.4";"";"100";"60";"60";"43";"";"";"";"";"";"";"0";"0";"";"";"";"";"";"80";"43";"";"";"";"";"0";"";""
"Australia";"AUS";"Brisbane Reserves Premier League";"27-06-2026 02:00";"AWAITING_UPDATES";"Springfield United U23";"";"";"Newmarket U23";"";"";"";"";"";"";"10";"4";"21";"62";"";"65";"100";"100";"";"5.9";"5";"1.9";"4.4";"3";"2.5";"88";"";"100";"18";"4.7";"";"";"";"0.6";"1.9";"";"0";"18";"50";"50";"";"";"";"";"";"";"0";"0";"";"";"";"";"";"12";"62";"";"";"";"";"0";"";""
"Australia";"AUS";"Brisbane Reserves Premier League";"27-06-2026 04:00";"AWAITING_UPDATES";"Univ. Queensland U23";"";"";"Moggill U23";"";"";"";"";"";"";"9";"2";"29";"57";"";"41";"48";"86";"";"2.4";"4";"1.2";"1.4";"1.6";"0.6";"46";"";"46";"73";"4.7";"";"";"";"0.9";"1.7";"";"49";"84";"62";"71";"";"";"";"";"";"";"0";"0";"";"";"";"";"";"25";"43";"";"";"";"";"0";"";""
"Australia";"AUS";"Northern Territory Premier League";"27-06-2026 05:30";"FT";"Palmerston Rovers";"3";"2";"Casuarina";"1";"1";"4.26";"1.45";"";"";"8";"6";"17";"47";"2";"51";"95";"92";"";"5.6";"5";"1.5";"2.8";"4.3";"2.6";"74";"92";"82";"26";"5";"29.6";"16.9";"7.6";"0.5";"1.4";"9";"2";"14";"67";"80";"";"";"0.7";"1";"2";"0.8";"3.4";"2.2";"2.3";"1.8";"0.8";"1.8";"";"17";"40";"3.7";"2.6";"6.3";"2.6";"8.9";"52";"52"
"Australia";"AUS";"Western Australia State League 1";"27-06-2026 04:00";"FT";"Quinns";"3";"1";"Murdoch Uni Melville";"0";"1";"2.84";"2.02";"";"";"8";"9";"8";"33";"5";"34";"51";"100";"";"3.6";"4";"1";"1.5";"2.8";"2";"79";"100";"92";"38";"3.4";"";"";"";"0.2";"1";"";"7";"35";"75";"50";"";"";"0.5";"1";"1.2";"1";"1.8";"1.9";"1.5";"1";"0.5";"0.5";"";"0";"17";"";"5.5";"";"3.8";"10.1";"";""
"Australia";"AUS";"Western Australia State League 1";"27-06-2026 04:00";"FT";"Mandurah City";"3";"1";"Kingsley";"1";"1";"1.82";"3.29";"1.12";"1.68";"3";"4";"56";"50";"1";"75";"51";"83";"";"3.2";"4";"2.2";"1.5";"1.3";"1.5";"75";"75";"75";"58";"3.4";"31.6";"18";"9.2";"1.7";"1.5";"10";"60";"52";"50";"67";"";"";"0.5";"0.3";"0.5";"0.8";"2.2";"1.1";"0.8";"0.7";"1.7";"1.2";"";"50";"50";"5.5";"5.7";"2.5";"4.7";"10.1";"66";"66"
"Australia";"AUS";"Western Australia State League 1";"27-06-2026 04:00";"FT";"Subiaco";"1";"4";"Joondalup City";"1";"3";"3.12";"1.91";"1.11";"1.68";"11";"5";"17";"67";"2";"75";"71";"92";"";"4.2";"4";"2.2";"2.1";"2.7";"1.5";"78";"86";"71";"42";"3.4";"24.3";"13.6";"10.4";"0.5";"2";"10";"10";"52";"67";"50";"";"";"1";"1.4";"1.2";"0.9";"2";"2.2";"1.5";"0.6";"1.2";"0.8";"";"17";"62";"5.5";"5.3";"4";"6";"10.1";"92";"84"
"Australia";"AUS";"Western Australia State League 1";"27-06-2026 04:00";"FT";"UWA Nedlands";"2";"1";"Cockburn City";"0";"0";"1.32";"6.45";"1.10";"1.80";"1";"7";"90";"33";"1";"92";"75";"100";"";"4.1";"3";"2.7";"2.2";"0.7";"2.6";"72";"93";"86";"38";"3.4";"23";"11.4";"11.5";"2.7";"1";"11";"80";"14";"43";"40";"";"";"0.7";"1";"0.4";"0.8";"2.6";"1.5";"0.3";"1.8";"2";"1.2";"";"86";"20";"7.6";"6.8";"2.6";"6";"10.1";"90";"90"
"Australia";"AUS";"Western Australia State League 1";"27-06-2026 04:00";"FT";"Floreat Athena";"2";"0";"Inglewood United";"1";"0";"1.67";"3.84";"1.13";"1.59";"2";"6";"100";"67";"1";"100";"27";"70";"";"3.2";"3";"3.2";"0.8";"1.3";"1";"52";"82";"60";"56";"3.4";"21.6";"8.9";"10.7";"3";"2";"10";"60";"70";"17";"40";"";"";"0.8";"0.4";"0.7";"0.6";"1.9";"1.2";"0.7";"0.4";"2.3";"0.4";"";"100";"60";"5.6";"3.3";"4.8";"7.7";"10.1";"90";"90"
"Australia";"AUS";"Western Australia State League 1";"27-06-2026 04:00";"FT";"Gwelup Croatia SC";"0";"0";"Curtin University";"0";"0";"1.75";"3.60";"1.14";"1.59";"10";"12";"33";"38";"1";"71";"31";"72";"";"3.1";"4";"2.1";"0.9";"2.1";"1";"64";"64";"50";"57";"3.4";"25";"13.2";"8.8";"1";"1.1";"10";"32";"70";"29";"43";"";"";"1";"0.4";"1.1";"0.3";"1.6";"1.4";"1";"0.7";"1.1";"0.4";"";"14";"29";"4.2";"3.2";"4.8";"5.5";"10.1";"74";"65"
"Australia";"AUS";"South Australia State League 1";"27-06-2026 02:30";"FT";"Salisbury United";"0";"4";"The Cove";"0";"3";"2.47";"2.26";"";"";"11";"8";"42";"29";"5";"61";"31";"94";"";"3.4";"4";"1.8";"0.9";"2.1";"2.1";"69";"94";"69";"62";"3.4";"19";"9.4";"10.8";"1.2";"0.9";"10";"32";"32";"38";"50";"";"";"0.9";"0.5";"0.5";"1.2";"1.8";"1.6";"1.6";"0.9";"0.9";"0.4";"";"38";"25";"5.6";"5.4";"5";"5.5";"9.8";"62";"62"
"Australia";"AUS";"South Australia State League 1";"27-06-2026 02:30";"FT";"South Adelaide Panthers";"0";"1";"Fulham United";"0";"1";"4.69";"1.47";"1.10";"1.81";"12";"3";"48";"48";"2";"34";"34";"93";"";"2.7";"3";"1";"1";"1.7";"1.7";"36";"57";"57";"78";"3.4";"21.8";"12.2";"9.7";"1.4";"1.4";"9";"46";"46";"43";"71";"";"";"0.7";"0.3";"0.6";"0.1";"1.8";"0.8";"1.1";"1.6";"0.3";"0.7";"";"43";"43";"4.8";"5.6";"5.2";"3.9";"9.8";"93";"78"
"Australia";"AUS";"South Australia State League 1";"27-06-2026 02:30";"FT";"Adelaide Raiders";"7";"0";"Adelaide Cobras";"1";"0";"1.61";"4.06";"1.12";"1.62";"1";"9";"71";"57";"1";"92";"54";"93";"";"3.6";"3";"2.7";"1.6";"1.3";"1.6";"50";"93";"64";"50";"3.4";"21.2";"10.5";"12";"2.1";"1.7";"11";"60";"49";"71";"29";"";"";"1.7";"0.9";"0.1";"1";"1.7";"1.9";"1.1";"0.6";"1";"0.7";"";"71";"57";"5.4";"5.3";"7.6";"5.9";"9.8";"93";"86"
"Australia";"AUS";"South Australia State League 1";"27-06-2026 02:30";"FT";"Modbury Jets";"4";"1";"Adelaide Olympic";"1";"0";"1.65";"3.84";"1.13";"1.56";"6";"2";"67";"43";"1";"82";"65";"94";"";"3.5";"3";"2.4";"1.9";"0.8";"2";"62";"81";"74";"52";"3.4";"24.3";"11";"10";"2";"1.3";"10";"77";"35";"38";"57";"";"";"1.2";"0.7";"0.4";"1.1";"1.8";"1.8";"0.4";"0.9";"1.1";"1.1";"";"62";"43";"5.6";"6.7";"3.6";"4.1";"9.8";"74";"74"
"Australia";"AUS";"South Australia State League 1";"27-06-2026 02:30";"FT";"Adelaide Atletico";"4";"0";"Adelaide Blue Eagles";"1";"0";"2.98";"1.95";"";"";"4";"7";"54";"67";"2";"75";"65";"88";"";"3.3";"4";"2.2";"1.9";"1.1";"1.4";"68";"82";"75";"62";"3.4";"18.8";"8.2";"8.2";"1.6";"2";"9";"66";"56";"38";"38";"";"";"1";"0.9";"0.5";"0.9";"1.7";"1.6";"0.6";"0.5";"1.2";"1";"";"50";"62";"4.5";"2.6";"5.2";"4.1";"9.8";"51";"44"
"Australia";"AUS";"South Australia Reserves Premier League";"27-06-2026 00:15";"FT";"Para Hills Knights Res.";"2";"1";"MetroStars Res.";"1";"1";"4.89";"1.42";"";"";"6";"1";"48";"83";"2";"48";"100";"100";"";"3.7";"4";"1.4";"3.6";"1.4";"0.9";"52";"100";"73";"62";"4.6";"20";"9.6";"9.4";"1.4";"2.5";"9";"56";"74";"71";"50";"";"";"0.7";"1.4";"1.1";"0.6";"1.8";"2";"0.3";"0.2";"0.7";"2.2";"";"43";"75";"3.9";"6.9";"3.6";"4.6";"10.2";"64";"50"
"Australia";"AUS";"South Australia Reserves Premier League";"27-06-2026 00:15";"FT";"Campbelltown City Res.";"3";"0";"West Adelaide Res.";"2";"0";"1.11";"14.60";"";"";"2";"9";"76";"43";"3";"92";"20";"72";"";"3.3";"4";"2.7";"0.6";"1.1";"2.1";"36";"62";"57";"57";"4.6";"19.8";"9.9";"10.5";"2.3";"1.3";"10";"66";"32";"57";"43";"";"";"0.7";"0.1";"0.5";"0.9";"1.8";"1";"1.3";"1.3";"2";"0.4";"";"71";"43";"8.6";"3";"2.6";"6.8";"10.2";"74";"74"
"Australia";"AUS";"South Australia Reserves Premier League";"27-06-2026 00:15";"FT";"Playford City Res.";"2";"1";"Beograd Res.";"2";"0";"5.11";"1.43";"";"";"12";"11";"4";"33";"2";"37";"71";"94";"";"5.6";"5";"1.1";"2.1";"4.8";"3.3";"80";"92";"94";"34";"4.6";"23.4";"12.8";"8.8";"0.1";"1";"10";"2";"2";"62";"57";"";"";"0.2";"1.3";"3";"1.7";"2.2";"2.7";"2.5";"1.6";"2.2";"0.9";"";"0";"29";"3.3";"3.3";"4";"7.1";"10.2";"68";"60"
"Australia";"AUS";"South Australia Reserves Premier League";"27-06-2026 03:15";"FT";"Adelaide Comets Res.";"3";"1";"Adelaide City Res.";"0";"1";"1.53";"4.11";"";"";"8";"10";"29";"25";"1";"88";"51";"94";"";"4.6";"5";"2.6";"1.5";"3.1";"2";"88";"84";"88";"19";"4.6";"22.3";"13.2";"9.4";"0.9";"0.8";"10";"2";"35";"57";"62";"";"";"1";"0.9";"0.8";"0.4";"2.4";"1.4";"2.3";"1.9";"2.5";"0.9";"";"29";"12";"6.4";"4";"3.6";"4.7";"10.2";"58";"42"
"Australia";"AUS";"South Australia Reserves Premier League";"27-06-2026 06:45";"FT";"West Torrens Res.";"3";"0";"Sturt Lions Res.";"2";"0";"1.96";"2.72";"";"";"5";"6";"71";"48";"1";"99";"78";"86";"";"4.4";"4";"2.9";"2.3";"2";"1.7";"71";"71";"86";"43";"4.6";"20";"10.3";"10.1";"2.1";"1.4";"10";"35";"46";"43";"57";"";"";"1";"0.9";"0.4";"0.7";"2.9";"1.5";"1.6";"1";"1.9";"1.4";"";"71";"43";"5.4";"5.3";"4.3";"5.3";"10.2";"78";"64"
"Australia";"AUS";"Queensland Premier League";"27-06-2026 03:30";"FT";"St George Willawong";"2";"0";"North Star";"2";"0";"2.59";"2.26";"";"";"12";"10";"0";"33";"5";"7";"34";"71";"";"3";"3";"0.2";"1";"2.7";"2.2";"34";"69";"56";"52";"3.4";"20.2";"9.4";"7.9";"0";"1";"9";"10";"28";"50";"62";"";"";"0.2";"0.2";"0.7";"1.4";"1.8";"1.2";"2";"0.9";"0";"0.8";"";"0";"25";"3.7";"4.6";"2.5";"5";"9.9";"60";"54"
"Australia";"AUS";"Queensland Premier League";"27-06-2026 04:00";"FT";"Logan Lightning";"1";"3";"Caboolture";"1";"1";"2.40";"2.34";"1.08";"1.90";"9";"6";"39";"67";"5";"58";"68";"83";"";"3.7";"4";"1.7";"2";"2";"1.7";"58";"75";"67";"42";"3.4";"20.2";"10";"9.4";"1.2";"2";"10";"35";"46";"67";"50";"";"";"1";"0.7";"1.3";"0.5";"1.9";"1.8";"0.7";"1.2";"0.7";"1.3";"";"33";"67";"4.7";"4.7";"4";"5.5";"9.9";"66";"58"
"Australia";"AUS";"Queensland Premier League";"27-06-2026 05:00";"FT";"Broadbeach United";"3";"1";"Capalaba";"2";"0";"1.07";"17.15";"1.05";"2.38";"1";"11";"90";"19";"3";"71";"24";"71";"";"3";"2";"2.1";"0.7";"0.6";"2.7";"50";"57";"57";"71";"3.4";"20.2";"9.8";"9.6";"2.7";"0.6";"10";"84";"10";"57";"29";"";"";"0.4";"0.1";"0";"1.4";"2.1";"1";"0.6";"1.3";"1.7";"0.6";"";"86";"14";"6.4";"3.7";"4";"5.1";"9.9";"72";"64"
"Australia";"AUS";"Queensland Premier League";"27-06-2026 05:00";"FT";"SC Wanderers";"0";"0";"Robina City";"0";"0";"2.12";"2.74";"";"";"4";"5";"57";"28";"5";"88";"41";"84";"";"3.4";"3";"2.6";"1.2";"1";"2";"69";"76";"55";"60";"3.4";"22.4";"12.6";"12";"1.7";"0.8";"11";"70";"35";"29";"50";"";"";"1.3";"0.2";"0.3";"0.8";"2.1";"1.3";"0.7";"1.2";"1.3";"1";"";"43";"17";"8.4";"6.8";"4.6";"4.2";"9.9";"80";"80"
"Australia";"AUS";"New South Wales NPL Youth League";"27-06-2026 00:00";"FT";"UNSW U20";"3";"1";"Sutherland Sharks U20";"1";"1";"2.17";"2.61";"";"";"14";"12";"40";"47";"5";"75";"75";"100";"";"4.6";"4";"2.2";"2.2";"2.6";"2.1";"70";"95";"75";"40";"3.8";"23.6";"11.2";"9.4";"1.2";"1.4";"9";"14";"32";"50";"50";"";"";"1.1";"1.3";"1.4";"0.9";"2.2";"2.4";"1.2";"1.2";"1.1";"0.9";"";"30";"40";"4.4";"4.3";"4.6";"5.5";"9";"66";"61"
"Australia";"AUS";"New South Wales NPL Youth League";"27-06-2026 03:30";"FT";"St. George Saints U20";"3";"3";"Sydney Olympic U20";"2";"1";"1.70";"3.59";"";"";"15";"16";"15";"0";"1";"58";"34";"95";"";"4.4";"4";"1.7";"1";"3.3";"2.9";"85";"95";"95";"36";"3.8";"24.1";"13.2";"8.9";"0.4";"0";"9";"2";"4";"56";"50";"";"";"0.7";"0.5";"2";"1.1";"2.3";"2.2";"1.3";"1.8";"1";"0.5";"";"11";"0";"4.4";"2.5";"4.3";"6.5";"9";"63";"53"
"Australia";"AUS";"New South Wales NPL Youth League";"27-06-2026 04:00";"FT";"WS Wanderers U20";"2";"8";"Manly United U20";"2";"2";"2.00";"2.95";"";"";"9";"5";"33";"40";"5";"58";"71";"80";"";"3.8";"4";"1.7";"2.1";"2.1";"1.8";"55";"75";"70";"45";"3.8";"20.4";"10.1";"9";"1";"1.2";"9";"32";"42";"40";"70";"";"";"0.8";"0.9";"0.9";"0.9";"2.1";"1.8";"1.2";"0.9";"0.9";"1.2";"";"30";"40";"4.1";"4.5";"5.4";"4.1";"9";"61";"39"
"Australia";"AUS";"New South Wales NPL Youth League";"27-06-2026 06:00";"FT";"SD Raiders U20";"2";"2";"St. George City U20";"0";"1";"2.13";"2.72";"";"";"7";"12";"60";"38";"5";"68";"75";"74";"";"4.1";"4";"2";"2.2";"1.8";"2.1";"68";"82";"68";"49";"3.8";"25.7";"14.8";"8.7";"1.8";"1.1";"8";"42";"32";"40";"38";"";"";"0.9";"1.5";"0.9";"0.9";"2";"2.1";"0.9";"1.2";"1.1";"0.8";"";"60";"25";"3.8";"4.2";"4.5";"5";"9";"64";"38"
"Australia";"AUS";"New South Wales NPL Youth League";"27-06-2026 06:45";"FT";"NWS Spirit U20";"7";"1";"Wollongong Wolves U20";"1";"1";"2.00";"2.90";"";"";"4";"8";"53";"47";"5";"65";"68";"80";"";"3.8";"4";"1.9";"2";"1.7";"2.1";"80";"80";"80";"40";"3.8";"21";"10.6";"8.7";"1.6";"1.4";"9";"46";"32";"60";"40";"";"";"1";"1";"0.9";"1";"1.9";"2";"0.8";"1.1";"0.9";"1";"";"50";"40";"4.3";"3.1";"4.1";"5.9";"9";"47";"40"
"Australia";"AUS";"South Australia State League 1 Reserves";"27-06-2026 00:15";"FT";"Modbury Jets Res.";"1";"6";"Adelaide Olympic Res.";"0";"2";"2.79";"1.89";"";"";"4";"1";"71";"100";"2";"88";"100";"94";"";"5";"4";"2.6";"4.4";"1.4";"1.6";"80";"86";"94";"20";"4";"26";"15";"11.2";"2.1";"3";"11";"56";"49";"75";"57";"";"";"1";"1.5";"0.9";"0.5";"2.6";"1.8";"0.5";"1.3";"1.6";"3.7";"";"62";"100";"6.3";"8.5";"4.3";"3.2";"9.6";"73";"66"
"Australia";"AUS";"South Australia State League 1 Reserves";"27-06-2026 00:15";"FT";"Adelaide Raiders Res.";"1";"0";"Adelaide Cobras Res.";"1";"0";"1.76";"3.11";"";"";"9";"6";"33";"29";"1";"44";"37";"84";"";"4";"4";"1.3";"1.1";"3";"2.4";"76";"100";"84";"45";"4";"21.7";"13.5";"8.8";"1";"0.9";"9";"0";"21";"50";"43";"";"";"0.5";"1";"1.3";"0.9";"2.1";"1.8";"1.7";"1.6";"0.8";"0.1";"";"33";"29";"5.2";"3";"2.8";"6.5";"9.6";"58";"50"
"Australia";"AUS";"South Australia State League 1 Reserves";"27-06-2026 00:15";"FT";"South Adelaide Res.";"4";"1";"Fulham United Res.";"2";"0";"2.32";"2.24";"";"";"10";"7";"48";"48";"5";"65";"58";"93";"";"3.4";"4";"1.9";"1.7";"1.7";"1.6";"64";"78";"72";"57";"4";"24.5";"14.4";"9.7";"1.4";"1.4";"10";"46";"49";"43";"43";"";"";"0.4";"0.7";"0.6";"0.9";"2.2";"1.3";"1.1";"0.7";"1.4";"1";"";"43";"43";"5";"4";"4.4";"6";"9.6";"86";"76"
"Australia";"AUS";"South Australia State League 1 Reserves";"27-06-2026 00:15";"FT";"Salisbury Unted Res.";"0";"4";"The Cove Res.";"0";"3";"5.16";"1.40";"";"";"12";"5";"25";"46";"2";"34";"51";"94";"";"4.2";"5";"1";"1.5";"3.6";"2.2";"50";"94";"82";"56";"4";"19.5";"10.3";"10.4";"0.8";"1.4";"10";"2";"28";"38";"38";"";"";"0.7";"0.9";"1.1";"1.5";"1.6";"2";"2.3";"0.8";"1.1";"0.6";"";"25";"38";"3.8";"4.4";"5.3";"7.1";"9.6";"84";"76"
"Australia";"AUS";"Capital Territory NPL Youth League";"27-06-2026 02:30";"FT";"Monaro Panthers U23";"0";"3";"Cooma Tigers U23";"0";"1";"2.62";"2.18";"";"";"2";"1";"75";"87";"5";"100";"100";"90";"";"4.6";"4";"3.2";"3.4";"1.8";"0.8";"68";"100";"90";"22";"4.3";"28.2";"17.9";"9.2";"2.2";"2.6";"9";"42";"77";"50";"60";"";"";"1.8";"2.4";"1.5";"0.4";"1.6";"3";"0.2";"0.4";"1.5";"1";"";"75";"80";"7.5";"4.2";"2.5";"4.2";"8.7";"62";"62"
"Australia";"AUS";"Capital Territory NPL Youth League";"27-06-2026 23:30";"FT";"Canberra Croatia U23";"3";"1";"Tuggeranong United U23";"2";"0";"1.89";"2.98";"";"";"9";"4";"58";"60";"1";"68";"68";"88";"";"3.6";"4";"2";"2";"1.5";"1.8";"75";"100";"88";"32";"4.3";"24.6";"14.4";"9.4";"1.8";"1.8";"9";"52";"42";"75";"60";"";"";"1";"1.4";"0.8";"0.6";"1.8";"1.9";"0.8";"1.2";"1";"0.6";"";"50";"60";"5.7";"5.4";"3.7";"4";"8.7";"90";"64"
"Australia";"AUS";"Capital Territory NPL Youth League";"27-06-2026 23:30";"FT";"Canberra Juventus U23";"1";"0";"Brindabella Blues U23";"0";"0";"1.06";"17.58";"";"";"6";"10";"50";"27";"3";"68";"27";"90";"";"4.8";"4";"2";"0.8";"2.5";"4.4";"58";"90";"78";"22";"4.3";"26.6";"17.5";"7.4";"1.5";"0.8";"8";"18";"2";"75";"60";"";"";"0.5";"0.6";"1.2";"2.6";"2.4";"2.5";"1.2";"1.8";"1.5";"0.2";"";"50";"20";"3";"2.6";"3.2";"6";"8.7";"30";"20"
"Australia";"AUS";"Queensland NPL Youth League";"27-06-2026 03:45";"FT";"Eastern Suburbs U23";"3";"0";"Olympic U23";"3";"0";"1.76";"3.35";"";"";"5";"6";"67";"50";"1";"82";"58";"84";"";"3.4";"4";"2.4";"1.7";"1.1";"1.7";"60";"84";"76";"40";"4.2";"23.6";"10.9";"10.8";"2";"1.5";"11";"66";"46";"86";"33";"";"";"1.3";"0.5";"0.1";"0.8";"2";"1.4";"1";"0.8";"1.1";"1.2";"";"57";"50";"5.7";"3.2";"6.2";"6.5";"10.2";"83";"83"
"Australia";"AUS";"Queensland NPL Youth League";"27-06-2026 23:45";"FT";"Rochedale Rovers U23";"1";"3";"Gold Coast Knights U23";"1";"2";"1.72";"3.61";"";"";"2";"3";"90";"67";"1";"100";"88";"87";"";"4.4";"4";"3.6";"2.6";"0.9";"1.8";"52";"69";"73";"48";"4.2";"23.8";"12.6";"9.1";"2.7";"2";"10";"74";"42";"43";"50";"";"";"1.3";"0.9";"0.2";"0.9";"2.7";"1.6";"1";"0.9";"2.7";"1.8";"";"86";"62";"4.8";"6.4";"2.8";"4.3";"10.2";"66";"56"
"Australia";"AUS";"Queensland NPL Youth League";"27-06-2026 23:45";"FT";"Gold Coast United U23";"2";"1";"Moreton City U23";"1";"1";"6.34";"1.33";"";"";"8";"5";"67";"61";"2";"100";"100";"100";"";"4.7";"4";"3";"3.2";"1.4";"1.8";"82";"100";"90";"28";"4.2";"22";"12.9";"10.8";"2";"1.8";"10";"56";"42";"60";"33";"";"";"0.8";"1.3";"1";"0.7";"2.4";"1.7";"2.2";"1.2";"1.5";"1.8";"";"60";"50";"4.2";"6.2";"7.5";"3.5";"10.2";"84";"84"
"Australia";"AUS";"NSW League One Youth";"27-06-2026 04:00";"FT";"Mt Druitt Town U20";"1";"3";"Bankstown City U20";"1";"2";"";"";"";"";"11";"12";"27";"33";"";"61";"61";"100";"";"4.6";"4";"1.8";"1.8";"2.9";"2.8";"79";"93";"84";"43";"3.9";"20.9";"12.3";"7.2";"0.8";"1";"8";"4";"7";"60";"33";"";"";"0.9";"1";"1.3";"1.3";"1.8";"1.9";"1.6";"1.4";"3";"0.8";"";"20";"33";"2.4";"4.7";"3.8";"3.6";"9";"38";"16"
"Australia";"AUS";"NSW League One Youth";"27-06-2026 05:30";"FT";"Northern Tigers U20";"0";"1";"Dulwich Hill U20";"0";"1";"";"";"";"";"4";"6";"63";"67";"";"82";"54";"84";"";"3.3";"4";"2.4";"1.6";"1.1";"1.6";"58";"74";"74";"69";"3.9";"18.9";"11.5";"9.2";"1.9";"2";"9";"66";"49";"40";"22";"";"";"1.7";"0.9";"0.4";"0.7";"1.2";"1.5";"0.9";"1.3";"0.9";"1.1";"";"60";"56";"6";"4.3";"3.4";"4.7";"9";"76";"54"
"Australia";"AUS";"NSW League One Youth";"27-06-2026 05:30";"FT";"Macarthur Rams U20";"1";"2";"Hakoah Sydney U20";"1";"1";"";"";"";"";"8";"1";"40";"81";"";"71";"68";"78";"";"3.2";"4";"2.1";"2";"1.7";"0.6";"36";"94";"63";"64";"3.9";"28.4";"17.2";"8.9";"1.2";"2.4";"9";"46";"84";"50";"56";"";"";"1.5";"1";"0.5";"0.6";"1.2";"1.2";"1.4";"0.4";"1.4";"2.6";"";"30";"78";"4.5";"6.5";"3.5";"3.2";"9";"62";"50"
"Australia";"AUS";"NSW League One Youth";"27-06-2026 06:00";"FT";"Bankstown Berries U20";"0";"1";"CC Mariners U20";"";"";"";"";"";"";"15";"7";"29";"63";"";"65";"78";"79";"";"4.2";"4";"1.9";"2.3";"3.1";"1";"50";"75";"72";"38";"3.9";"23";"11.8";"9";"0.9";"1.9";"9";"2";"70";"62";"50";"";"";"1";"0.6";"1.3";"0.6";"1.8";"1.4";"1.2";"0.6";"3.2";"2";"";"25";"60";"3.8";"6";"5";"3.3";"9";"75";"75"
"Australia";"AUS";"NSW League One Youth";"27-06-2026 06:00";"FT";"Hurstville U20";"1";"3";"Hills United U20";"0";"3";"";"";"";"";"13";"9";"43";"57";"";"58";"88";"95";"";"4.4";"4";"1.7";"2.6";"2.6";"2";"65";"94";"75";"35";"3.9";"24.8";"11.6";"8.4";"1.3";"1.7";"9";"14";"35";"50";"50";"";"";"0.8";"1.3";"1.2";"1.1";"2.1";"2";"1.8";"1.1";"1";"1.6";"";"40";"50";"4.3";"5";"4.9";"2.6";"9";"59";"42"
"Australia";"AUS";"NSW League One Youth";"27-06-2026 06:00";"AWAITING_UPDATES";"Inter Lions U20";"";"";"Newcastle Jets U20";"";"";"";"";"";"";"16";"5";"15";"59";"";"24";"71";"78";"";"4";"4";"0.7";"2.1";"2.3";"3";"50";"68";"72";"44";"3.9";"";"";"";"0.4";"1.8";"";"25";"0";"56";"33";"";"";"0";"0.4";"1.4";"2";"1.6";"1.5";"1.2";"1.9";"0.8";"2.3";"";"11";"56";"3.2";"";"6.5";"";"9";"";""
"Australia";"AUS";"Northern NSW Reserve League";"27-06-2026 01:30";"FT";"Valentine Res.";"4";"3";"Lambton Jaffas Res.";"2";"0";"1.79";"3.19";"";"";"3";"5";"67";"52";"1";"58";"54";"78";"";"3.1";"4";"1.7";"1.6";"1.1";"1.7";"71";"78";"57";"64";"3.9";"26.4";"17.9";"9.5";"2";"1.6";"10";"66";"46";"57";"29";"";"";"1";"0.9";"0.6";"0.7";"1.5";"1.6";"0.6";"1";"0.7";"0.7";"";"57";"43";"5.2";"5";"4.8";"4";"10.3";"88";"55"
"Australia";"AUS";"Northern NSW State League 1 Reserves";"27-06-2026 03:00";"POSTPONED";"South Cardiff Res.";"";"";"New Lambton Res.";"";"";"";"";"";"";"8";"1";"17";"83";"";"68";"85";"83";"";"4.1";"";"2";"2.5";"2.7";"1";"67";"";"75";"42";"";"";"";"";"0.5";"2.5";"";"10";"70";"33";"50";"";"";"";"";"";"";"0";"0";"";"";"";"";"";"17";"83";"";"";"";"";"";"";""
"Australia";"AUS";"New South Wales NPL 2";"27-06-2026 03:30";"FT";"Northern Tigers";"3";"1";"Dulwich Hill";"2";"0";"1.50";"5.25";"";"";"2";"13";"77";"37";"1";"51";"34";"69";"";"2.2";"3";"1.5";"1";"0.6";"1.4";"42";"58";"37";"90";"3.2";"19.2";"10.2";"9.1";"2.3";"1.1";"9";"84";"56";"30";"44";"";"";"0.8";"0.6";"0.4";"0.3";"1.2";"1";"0.2";"1.1";"0.7";"0.4";"";"70";"33";"5";"4.2";"4";"5";"9.9";"68";"44"
"Australia";"AUS";"New South Wales NPL 2";"27-06-2026 03:30";"FT";"Macarthur Rams";"1";"1";"Hakoah Sydney City";"1";"1";"2.10";"2.70";"";"";"4";"9";"50";"37";"5";"54";"61";"90";"";"3.4";"4";"1.6";"1.8";"1.4";"1.9";"70";"74";"53";"52";"3.2";"23.9";"13.9";"10.2";"1.5";"1.1";"10";"56";"38";"50";"56";"";"";"0.6";"0.8";"0.7";"0.8";"1.9";"1.5";"0.7";"1.1";"1";"1";"";"40";"22";"5.8";"4.7";"5.2";"4.6";"9.9";"80";"73"
"Australia";"AUS";"New South Wales NPL 2";"27-06-2026 04:00";"FT";"Inter Lions";"2";"1";"Newcastle Jets II";"1";"0";"2.05";"2.70";"";"";"14";"10";"44";"48";"5";"41";"61";"78";"";"3.2";"4";"1.2";"1.8";"2";"1.6";"67";"50";"56";"72";"3.2";"24.2";"12.6";"9.4";"1.3";"1.4";"10";"35";"49";"22";"33";"";"";"0.3";"0.4";"0.9";"0.7";"2.1";"1.2";"1.1";"0.9";"0.9";"1.3";"";"44";"33";"3.3";"3.4";"5.2";"6.9";"9.9";"71";"54"
"Australia";"AUS";"New South Wales NPL 2";"27-06-2026 04:00";"FT";"Bankstown Berries";"6";"0";"Central Coast II";"2";"0";"1.80";"3.40";"";"";"5";"8";"48";"47";"1";"71";"61";"84";"";"3.8";"4";"2.1";"1.8";"2.3";"1.4";"80";"69";"80";"52";"3.2";"21.4";"10.2";"12.2";"1.4";"1.4";"12";"25";"56";"33";"40";"";"";"1.1";"0.8";"0.9";"0.2";"2.3";"1.5";"1.4";"1.2";"1";"1";"";"44";"40";"6.9";"5.6";"6.6";"5.6";"9.9";"94";"88"
"Australia";"AUS";"New South Wales NPL 2";"27-06-2026 04:00";"FT";"Hurstville";"2";"1";"Hills United";"0";"1";"2.62";"2.15";"";"";"12";"6";"50";"63";"5";"51";"78";"90";"";"3.4";"4";"1.5";"2.3";"1.4";"1.7";"70";"80";"60";"60";"3.2";"23";"10.9";"9.2";"1.5";"1.9";"10";"56";"46";"50";"50";"";"";"0.5";"1.3";"0.2";"0.7";"2.1";"1.4";"1.2";"1";"1";"1";"";"40";"60";"5.2";"5.6";"3.5";"4.2";"9.9";"68";"58"
"Australia";"AUS";"New South Wales NPL 2";"27-06-2026 06:00";"FT";"Mt Druitt Town";"2";"3";"Bankstown City Lions";"0";"2";"";"";"";"";"16";"4";"27";"59";"";"27";"58";"64";"";"2.8";"3";"0.8";"1.7";"1.6";"1.4";"54";"68";"54";"68";"3.2";"22";"12";"10.2";"0.8";"1.8";"10";"49";"56";"40";"44";"";"";"0.3";"0.8";"1";"0.7";"1.4";"1.4";"0.6";"0.8";"0.5";"0.9";"";"20";"56";"5.1";"4.7";"5.8";"4.8";"9.9";"78";"61"
"Australia";"AUS";"Western Australia State League 1 Reserves";"27-06-2026 02:00";"FT";"Quinns Res.";"7";"2";"MUM Res.";"1";"1";"1.50";"4.33";"";"";"2";"8";"53";"50";"1";"100";"61";"74";"";"4.2";"4";"3.4";"1.8";"1.2";"1.8";"45";"74";"74";"26";"3.7";"";"";"";"1.6";"1.5";"";"63";"42";"60";"67";"";"";"2.2";"1";"0.8";"1.2";"1.6";"2.6";"0.4";"0.7";"1.2";"0.8";"";"40";"33";"";"9.3";"";"3.3";"9.8";"";""
"Australia";"AUS";"Western Australia State League 1 Reserves";"27-06-2026 02:00";"FT";"Mandurah City Res.";"2";"0";"Kingsley Westside Res.";"0";"0";"2.50";"2.25";"";"";"7";"1";"67";"67";"5";"100";"61";"100";"";"4.2";"4";"3.5";"1.8";"1.8";"1.2";"58";"92";"75";"34";"3.7";"";"";"";"2";"2";"";"42";"63";"33";"50";"";"";"2";"1.5";"0.8";"0.5";"1.8";"2.4";"1";"0.7";"1.5";"0.3";"";"67";"67";"";"4.2";"";"7.8";"9.8";"";""
"Australia";"AUS";"Western Australia State League 1 Reserves";"27-06-2026 02:00";"FT";"Subiaco Res.";"1";"2";"Joondalup City Res.";"1";"1";"5.50";"1.40";"";"";"11";"5";"22";"62";"2";"34";"68";"79";"";"3.6";"3";"1";"2";"2.7";"1.6";"56";"79";"71";"36";"3.7";"27.1";"13";"10";"0.7";"1.9";"10";"10";"49";"67";"62";"";"";"0.5";"1.2";"1.5";"0.8";"1.6";"2";"1.2";"0.9";"0.5";"0.8";"";"17";"50";"4";"6.6";"6.2";"3.2";"9.8";"64";"64"
"Australia";"AUS";"Western Australia State League 1 Reserves";"27-06-2026 02:00";"FT";"UWA Nedlands Res.";"0";"2";"Cockburn City Res.";"0";"0";"1.72";"3.50";"";"";"3";"9";"62";"60";"1";"65";"54";"83";"";"3";"4";"1.9";"1.6";"1.3";"1.2";"66";"83";"66";"58";"3.7";"25.4";"14.5";"11";"1.9";"1.8";"11";"60";"63";"43";"60";"";"";"0.7";"0.8";"1";"0.2";"1.6";"1.4";"0.3";"1";"1.1";"0.8";"";"57";"60";"4.8";"7";"6.6";"3.5";"9.8";"90";"80"
"Australia";"AUS";"Western Australia State League 1 Reserves";"27-06-2026 02:00";"FT";"Floreat Athena Res.";"1";"1";"Inglewood United Res.";"1";"0";"1.25";"7.00";"";"";"6";"12";"50";"0";"3";"85";"14";"100";"";"3.8";"4";"2.5";"0.4";"1.7";"3";"45";"90";"74";"45";"3.7";"26";"13.2";"10";"1.5";"0";"10";"46";"0";"50";"60";"";"";"1.6";"0.2";"0.8";"1";"2";"1.6";"1";"2";"1.6";"0.2";"";"50";"0";"6";"2.5";"5.5";"6";"9.8";"75";"50"
"Australia";"AUS";"Western Australia State League 1 Reserves";"27-06-2026 02:00";"FT";"Gwelup Croatia Res.";"6";"3";"Curtin University Res.";"4";"1";"1.60";"4.00";"";"";"4";"10";"38";"43";"1";"68";"68";"86";"";"4.6";"4";"2";"2";"2.1";"3";"64";"86";"78";"22";"3.7";"24.8";"11.9";"10.8";"1.1";"1.3";"10";"32";"0";"43";"71";"";"";"0.7";"0.9";"1";"1.7";"2.4";"2.2";"1.1";"1.3";"1.3";"1.1";"";"29";"43";"4.7";"6.2";"5";"5.5";"9.8";"79";"79"
"Australia";"AUS";"Northern NSW State League 1";"27-06-2026 01:00";"FT";"Toronto Awaba";"0";"2";"Cessnock City";"0";"1";"";"";"";"";"8";"9";"50";"20";"";"51";"34";"72";"";"3";"4";"1.5";"1";"1.8";"1.6";"35";"79";"72";"82";"3.6";"";"";"";"1.5";"0.6";"";"42";"49";"17";"60";"";"";"0.5";"0.5";"1";"0.5";"1.5";"1.2";"0.8";"1.5";"1";"0.8";"";"50";"20";"";"";"";"";"0";"";""
"Australia";"AUS";"Northern NSW State League 1";"27-06-2026 05:00";"POSTPONED";"South Cardiff";"";"";"New Lambton";"";"";"";"";"";"";"7";"4";"27";"80";"";"27";"100";"80";"";"4.1";"3";"0.8";"3.6";"2.4";"1.4";"40";"60";"70";"50";"3.6";"";"";"";"0.8";"2.4";"";"21";"56";"40";"60";"";"";"0.4";"1.2";"1";"0.2";"2.7";"1.4";"1.4";"1.2";"0.4";"2.4";"";"20";"80";"";"";"";"";"0";"";""
"Australia";"AUS";"New South Wales NPL 3";"27-06-2026 04:00";"FT";"Stanmore Hawks";"1";"2";"Hawkesbury City";"1";"0";"2.40";"2.34";"";"";"13";"7";"46";"43";"5";"48";"37";"71";"";"3";"4";"1.4";"1.1";"1.5";"2.1";"45";"78";"55";"56";"3.5";"23.6";"13.7";"9.2";"1.4";"1.3";"10";"52";"32";"50";"50";"";"";"0.8";"0.6";"0.6";"0.9";"1.6";"1.4";"0.9";"1.2";"0.6";"0.5";"";"38";"40";"3.7";"2.2";"7.2";"5.5";"10";"66";"50"
"Australia";"AUS";"New South Wales NPL 3";"27-06-2026 04:00";"FT";"Sydney University";"2";"0";"Fraser Park";"0";"0";"2.64";"2.20";"";"";"11";"3";"46";"30";"5";"48";"24";"79";"";"2.2";"3";"1.4";"0.7";"1.2";"1.2";"50";"62";"46";"84";"3.5";"20.5";"10.8";"11.8";"1.4";"0.9";"11";"63";"63";"62";"70";"";"";"0.6";"0.3";"0.4";"0.6";"1.3";"1";"0.9";"0.6";"0.8";"0.4";"";"38";"10";"7";"5.6";"5.7";"5.4";"10";"93";"93"
"Australia";"AUS";"New South Wales NPL 3";"27-06-2026 04:00";"FT";"Central Coast United";"4";"1";"Gladesville Ryde Magic";"2";"0";"1.63";"4.02";"";"";"8";"10";"30";"44";"1";"31";"65";"90";"";"3.7";"4";"0.9";"1.9";"1.8";"2.8";"69";"80";"64";"46";"3.5";"25";"17.4";"11.8";"0.9";"1.3";"11";"42";"7";"40";"67";"";"";"0.3";"0.9";"0.9";"0.8";"2.2";"1.4";"0.9";"2";"0.6";"1";"";"20";"44";"6.5";"5.4";"4";"7.6";"10";"90";"90"
"Australia";"AUS";"New South Wales NPL 3";"27-06-2026 04:00";"FT";"Parramatta";"3";"1";"Nepean";"1";"1";"1.64";"3.86";"";"";"2";"6";"57";"53";"1";"82";"58";"90";"";"3.6";"3";"2.4";"1.7";"1";"2.2";"60";"85";"80";"45";"3.5";"25.2";"16.4";"10.2";"1.7";"1.6";"10";"70";"28";"50";"60";"";"";"1";"0.8";"0.6";"1.1";"1.9";"1.8";"0.4";"1.1";"1.4";"0.9";"";"50";"50";"5.8";"3.4";"4.2";"7";"10";"77";"77"
"Australia";"AUS";"New South Wales NPL 3";"27-06-2026 06:00";"FT";"Camden Tigers";"1";"1";"South Coast Flame";"0";"0";"3.50";"1.73";"";"";"15";"12";"19";"37";"2";"54";"44";"84";"";"3.6";"4";"1.6";"1.3";"2.6";"1.9";"72";"84";"66";"44";"3.5";"29.6";"18.4";"12.6";"0.6";"1.1";"11";"14";"38";"56";"44";"";"";"0.9";"0.8";"1.1";"1";"1.8";"1.9";"1.4";"0.9";"0.7";"0.6";"";"11";"33";"6.7";"6.4";"7";"5";"10";"100";"94"
"Australia";"AUS";"New South Wales NPL 3";"27-06-2026 06:00";"FT";"Dunbar Rovers";"1";"1";"Mounties Wanderers";"0";"0";"8.54";"1.20";"";"";"4";"1";"57";"71";"4";"58";"95";"84";"";"3.4";"3";"1.7";"2.8";"1.3";"1.1";"59";"79";"61";"44";"3.5";"25";"16.4";"9.9";"1.7";"2.1";"9";"60";"66";"60";"62";"";"";"1";"1.4";"0.9";"0.5";"1.6";"1.9";"0.4";"0.6";"0.7";"1.4";"";"50";"62";"5.7";"5.5";"4.7";"4";"10";"75";"66"
"Australia";"AUS";"New South Wales NPL 3 Youth";"27-06-2026 02:00";"AWAITING_UPDATES";"Parramatta U20";"";"";"Nepean U20";"";"";"";"";"";"";"6";"14";"63";"23";"";"54";"20";"85";"";"2.8";"";"1.6";"0.6";"1";"2.4";"50";"";"65";"80";"";"";"";"";"1.9";"0.7";"";"70";"21";"70";"60";"";"";"";"";"";"";"0";"0";"";"";"";"";"";"50";"20";"";"";"";"";"";"";""
"Australia";"AUS";"New South Wales NPL 3 Youth";"27-06-2026 02:00";"AWAITING_UPDATES";"Sydney University U20";"";"";"Fraser Park U20";"";"";"";"";"";"";"8";"10";"50";"30";"";"71";"41";"84";"";"3.4";"";"2.1";"1.2";"1.9";"1.6";"62";"";"79";"55";"";"";"";"";"1.5";"0.9";"";"38";"49";"50";"70";"";"";"";"";"";"";"0";"0";"";"";"";"";"";"50";"20";"";"";"";"";"";"";""
"Australia";"AUS";"New South Wales NPL 3 Youth";"27-06-2026 04:00";"AWAITING_UPDATES";"Camden Tigers U20";"";"";"South Coast Flame U20";"";"";"";"";"";"";"11";"3";"52";"74";"";"75";"92";"94";"";"4.2";"";"2.2";"2.7";"2.1";"1.3";"78";"";"89";"33";"";"";"";"";"1.6";"2.2";"";"32";"60";"56";"67";"";"";"";"";"";"";"0";"0";"";"";"";"";"";"44";"67";"";"";"";"";"";"";""
"Australia";"AUS";"New South Wales NPL 3 Youth";"27-06-2026 04:00";"AWAITING_UPDATES";"Dunbar Rovers U20";"";"";"Mounties Wanderers U20";"";"";"";"";"";"";"4";"2";"77";"71";"";"95";"95";"94";"";"4.3";"";"2.8";"2.8";"1.3";"1.8";"72";"";"89";"21";"";"";"";"";"2.3";"2.1";"";"60";"42";"30";"50";"";"";"";"";"";"";"0";"0";"";"";"";"";"";"70";"62";"";"";"";"";"";"";""
"Australia";"AUS";"New South Wales NPL 3 Youth";"27-06-2026 06:00";"AWAITING_UPDATES";"Inner West Hawks U20";"";"";"Hawkesbury City U20";"";"";"";"";"";"";"7";"9";"58";"40";"";"82";"51";"88";"";"3.1";"";"2.4";"1.5";"0.5";"1.8";"42";"";"65";"78";"";"";"";"";"1.8";"1.2";"";"88";"42";"50";"20";"";"";"";"";"";"";"0";"0";"";"";"";"";"";"50";"40";"";"";"";"";"";"";""
"Australia";"AUS";"New South Wales NPL 3 Youth";"27-06-2026 06:00";"AWAITING_UPDATES";"Central Coast Utd U20";"";"";"Gladesville Ryde U20";"";"";"";"";"";"";"12";"5";"47";"48";"";"48";"58";"79";"";"3.1";"";"1.4";"1.7";"1.9";"1.2";"46";"";"68";"64";"";"";"";"";"1.4";"1.4";"";"38";"63";"40";"67";"";"";"";"";"";"";"0";"0";"";"";"";"";"";"40";"44";"";"";"";"";"";"";""
"Australia";"AUS";"Queensland PL Youth";"27-06-2026 01:30";"FT";"St George Willawong U23";"2";"1";"North Star U23";"1";"0";"";"";"";"";"12";"6";"6";"52";"";"24";"68";"92";"";"3.8";"4";"0.7";"2";"2.8";"2.1";"62";"78";"69";"40";"3.7";"22.4";"10.6";"9";"0.2";"1.6";"10";"7";"32";"50";"43";"";"";"0.4";"0";"1.8";"1.5";"1.4";"1.4";"1.4";"2.2";"0.6";"3.5";"";"0";"43";"1.6";"5.3";"7.8";"3.3";"9.9";"56";"46"
"Australia";"AUS";"Queensland PL Youth";"27-06-2026 01:45";"FT";"Logan Lightning U23";"1";"0";"Caboolture U23";"0";"0";"";"";"";"";"5";"8";"78";"22";"";"100";"44";"83";"";"4.1";"4";"3.3";"1.3";"1.3";"2.2";"67";"84";"75";"42";"3.7";"25.2";"12.2";"11.5";"2.3";"0.7";"11";"60";"28";"50";"50";"";"";"2.3";"1";"0.3";"1";"0.9";"1.3";"4";"2.2";"2.7";"1";"";"67";"17";"7.7";"4";"5.3";"6";"9.9";"88";"88"
"Australia";"AUS";"Queensland PL Youth";"27-06-2026 02:45";"FT";"Broadbeach United U23";"2";"0";"Capalaba U23";"1";"0";"";"";"";"";"7";"11";"14";"33";"";"37";"51";"100";"";"3.8";"4";"1.1";"1.5";"2.6";"2.5";"46";"92";"86";"54";"3.7";"20.3";"10.4";"9.4";"0.4";"1";"10";"14";"18";"43";"50";"";"";"0.8";"0.8";"1.2";"1.5";"1.7";"2";"1.5";"1";"0.8";"0.7";"";"14";"33";"4.4";"4.5";"4.6";"5.2";"9.9";"64";"54"
"Australia";"AUS";"Queensland PL Youth";"27-06-2026 02:45";"TBA";"SC Wanderers U23";"";"";"Robina City U23";"";"";"";"";"";"";"1";"3";"53";"80";"";"54";"100";"80";"";"4.1";"4";"1.6";"3.4";"1";"2.2";"70";"90";"80";"40";"3.7";"26.4";"17.2";"9.7";"1.6";"2.4";"10";"70";"28";"60";"60";"";"";"0.8";"1.7";"0.6";"0.7";"1.7";"1.4";"0.4";"3";"0.8";"4";"";"40";"80";"5";"7.7";"2.7";"4";"9.9";"66";"66"
"Australia";"AUS";"Tasmania Southern Championship";"27-06-2026 01:30";"FT";"Hobart City Beachside";"2";"2";"New Town Eagles";"0";"1";"";"";"";"";"4";"3";"67";"78";"";"95";"100";"100";"";"4.5";"5";"2.8";"4";"1.2";"1";"82";"72";"84";"35";"5.3";"19";"12.4";"9.4";"2";"2.3";"9";"63";"70";"80";"50";"";"";"0.8";"0.8";"0.4";"0.3";"3.3";"1.2";"0.8";"0.7";"2";"3.2";"";"60";"67";"4";"5";"3";"6.7";"9";"58";"34"
"Australia";"AUS";"Tasmania Southern Championship";"27-06-2026 03:45";"FT";"Clarence Zebras II";"2";"2";"Hobart United";"1";"1";"1.40";"4.94";"";"2.76";"6";"8";"40";"25";"1";"61";"68";"100";"";"6";"6";"1.8";"2";"2.2";"6";"52";"90";"90";"10";"5.3";"19.5";"10.2";"8.6";"1.2";"0.8";"9";"28";"2";"80";"50";"";"";"0.6";"0.8";"1";"2.8";"3.4";"2.6";"1.2";"3.2";"1.2";"1.2";"";"40";"25";"3.8";"4.7";"5.5";"3.3";"9";"71";"42"
"Australia";"AUS";"TAS NPL Youth";"27-06-2026 23:15";"AWAITING_UPDATES";"Kingborough Lions U21";"";"";"Devonport Strikers U21";"";"";"";"";"";"";"1";"5";"89";"67";"";"100";"78";"83";"";"4.7";"5";"4.5";"2.3";"1.2";"1.3";"50";"";"83";"34";"4.7";"";"";"";"2.7";"2";"";"63";"60";"67";"50";"";"";"";"";"";"";"0";"0";"";"";"";"";"";"83";"67";"";"";"";"";"0";"";""
"Australia";"AUS";"TAS NPL Youth";"27-06-2026 23:15";"AWAITING_UPDATES";"Launceston City U21";"";"";"South East United U21";"";"";"";"";"";"";"3";"9";"89";"33";"";"95";"41";"83";"";"3.8";"5";"2.8";"1.2";"1";"2.5";"58";"";"75";"33";"4.7";"";"";"";"2.7";"1";"";"70";"18";"67";"67";"";"";"";"";"";"";"0";"0";"";"";"";"";"";"83";"33";"";"";"";"";"0";"";""
"Bhutan";"BHU";"Bhutan Premier League";"27-06-2026 07:00";"FT";"Ugyen Academy";"1";"7";"Thimphu City";"1";"4";"22.71";"1.05";"";"";"10";"2";"0";"78";"4";"68";"68";"84";"";"3.8";"2";"2";"2";"3.5";"0";"50";"84";"84";"50";"3.1";"";"";"";"0";"2.3";"";"2";"100";"50";"67";"";"";"1";"1";"1.5";"0";"2";"1.8";"2";"0";"1";"1";"";"0";"67";"";"5.3";"";"3";"9.9";"";""
"Belarus";"BLR";"Vysshaya Liga";"27-06-2026 08:30";"FT";"Torpedo BelAZ";"3";"0";"BATE";"1";"0";"1.59";"6.16";"1.33";"1.29";"5";"14";"43";"22";"1";"44";"10";"45";"";"1.6";"2";"1.3";"0.3";"1";"0.7";"38";"46";"14";"93";"2.4";"12.7";"4.6";"7.4";"1.3";"0.7";"9";"70";"80";"29";"67";"";"";"0.3";"0.2";"0.4";"0.3";"1";"0.6";"0.6";"0.3";"1";"0.2";"";"29";"0";"4.4";"4";"3.1";"3.3";"10";"38";"38"
"Belarus";"BLR";"Vysshaya Liga";"27-06-2026 10:30";"FT";"ML Vitebsk";"2";"1";"Naftan";"1";"1";"1.16";"15.70";"1.14";"1.62";"2";"16";"40";"0";"3";"48";"34";"80";"";"3.3";"2";"1.4";"1";"0.8";"3.4";"70";"80";"60";"50";"2.4";"14.9";"7.5";"10.4";"1.2";"0";"10";"77";"2";"40";"40";"";"";"0.6";"0.4";"0.6";"1.8";"1.6";"1.7";"0.2";"1.6";"0.8";"0.6";"";"20";"0";"6.8";"4.6";"3.2";"6.2";"10";"90";"90"
"Belarus";"BLR";"Vysshaya Liga";"27-06-2026 12:30";"FT";"Dinamo Brest";"0";"0";"Minsk";"0";"0";"1.52";"5.77";"1.23";"1.41";"9";"7";"40";"25";"1";"54";"27";"100";"";"2.9";"3";"1.6";"0.8";"1.4";"2";"45";"90";"78";"90";"2.4";"12.6";"6.2";"10.2";"1.2";"0.8";"10";"56";"35";"80";"75";"";"";"0.6";"0.2";"0.4";"1";"1.8";"1.1";"1";"1";"1";"0.5";"";"40";"25";"9";"3.8";"2.8";"4.8";"10";"78";"78"
"Belarus";"BLR";"Vysshaya Liga";"27-06-2026 14:30";"FT";"Dinamo Minsk";"1";"1";"Vitebsk";"1";"1";"1.47";"6.20";"1.29";"1.29";"1";"11";"67";"28";"1";"68";"24";"92";"";"2.7";"3";"2";"0.7";"1.2";"1.5";"65";"82";"46";"80";"2.4";"15.4";"6.6";"9.6";"2";"0.8";"10";"63";"52";"40";"33";"";"";"0.8";"0.3";"0.6";"0.7";"1.5";"1.2";"0.6";"0.8";"1.2";"0.3";"";"60";"17";"5.4";"3.8";"4";"5.8";"10";"64";"64"
"Belarus";"BLR";"Pershaya Liga";"27-06-2026 08:00";"FT";"Volna";"2";"1";"Bumprom";"0";"0";"3.49";"1.92";"";"";"9";"3";"52";"83";"2";"48";"75";"86";"";"3";"3";"1.4";"2.2";"1.3";"1";"60";"60";"41";"73";"3.1";"13";"5.2";"8.9";"1.6";"2.5";"10";"60";"70";"57";"25";"";"";"0.9";"0.8";"0.6";"0.2";"1.8";"1.2";"0.7";"0.8";"0.6";"1.5";"";"43";"75";"6";"6";"3.8";"2";"10.1";"58";"58"
"Belarus";"BLR";"Pershaya Liga";"27-06-2026 09:00";"FT";"Smorgon";"2";"0";"Shakhtyor Soligorsk";"0";"0";"5.33";"1.45";"";"1.68";"16";"5";"22";"44";"2";"34";"78";"75";"";"3.8";"3";"1";"2.3";"2.2";"2";"50";"67";"66";"50";"3.1";"15.9";"7.2";"10.6";"0.7";"1.3";"10";"28";"35";"33";"50";"";"";"0.3";"1";"0.7";"0.7";"2.4";"1.4";"1.5";"1.3";"0.7";"1.3";"";"17";"33";"6.8";"4.5";"4.8";"5";"10.1";"67";"67"
"Belarus";"BLR";"Pershaya Liga";"27-06-2026 10:00";"FT";"Slonim";"2";"1";"Slutsk";"1";"1";"4.02";"1.67";"";"1.61";"4";"1";"78";"80";"2";"78";"88";"90";"";"3.5";"4";"2.3";"2.6";"0.7";"1.4";"74";"64";"74";"44";"3.1";"12";"5.6";"10.2";"2.3";"2.4";"10";"80";"56";"67";"80";"";"";"0.7";"0.8";"0";"0.4";"2.6";"1";"0.7";"1";"1.7";"1.8";"";"67";"80";"4";"5.6";"6.5";"4.2";"10.1";"90";"80"
"Belarus";"BLR";"Pershaya Liga";"27-06-2026 11:00";"FT";"Gomel II";"5";"2";"Osipovichy";"3";"0";"1.67";"4.32";"";"";"15";"18";"22";"0";"1";"41";"34";"84";"";"3.3";"3";"1.2";"1";"1.7";"2.8";"65";"56";"65";"64";"3.1";"15.4";"7.8";"11";"0.7";"0";"11";"46";"7";"50";"40";"";"";"0.3";"0.6";"0.2";"0.8";"2.3";"1";"1.5";"2";"0.8";"0.4";"";"17";"0";"4.5";"5.2";"6";"6.4";"10.1";"92";"72"
"Belarus";"BLR";"Pershaya Liga";"27-06-2026 12:00";"FT";"Molodechno-DYuSSh 4";"0";"2";"Lida";"0";"1";"3.16";"2.04";"";"1.64";"10";"9";"47";"47";"5";"41";"68";"80";"";"3.3";"4";"1.2";"2";"1.2";"2.2";"70";"80";"70";"70";"3.1";"17";"7.2";"8.5";"1.4";"1.4";"10";"63";"28";"40";"20";"";"";"0.6";"0.6";"0.4";"0.6";"2.2";"1.1";"0.8";"1.6";"0.6";"1.4";"";"40";"40";"6.7";"5.8";"2.3";"2.2";"10.1";"46";"46"
"Belarus";"BLR";"Pershaya Liga";"27-06-2026 13:30";"FT";"Uni Minsk";"1";"3";"Niva";"0";"3";"4.27";"1.65";"";"1.55";"15";"6";"33";"50";"2";"17";"51";"58";"";"2.2";"3";"0.5";"1.5";"1";"1.5";"46";"58";"34";"84";"3.1";"15";"7.7";"10.5";"1";"1.5";"11";"70";"52";"50";"67";"";"";"0.2";"0.3";"0.2";"0.8";"1.4";"0.8";"0.8";"0.7";"0.2";"1.2";"";"25";"50";"5.8";"5.7";"6.2";"3.3";"10.1";"92";"84"
"Brazil";"BRA";"Serie C";"27-06-2026 11:00";"FT";"Inter de Limeira";"2";"2";"Maringá";"0";"0";"2.46";"2.56";"1.22";"1.40";"6";"11";"33";"47";"5";"34";"68";"90";"";"3";"2";"1";"2";"1.2";"1.8";"90";"80";"70";"70";"2.3";"25";"8.7";"11";"1";"1.4";"11";"63";"42";"60";"60";"";"";"0.4";"0.8";"0.4";"1.2";"1.6";"1.4";"0.8";"0.6";"0.6";"1.2";"";"20";"40";"8.2";"5.4";"2.2";"6.2";"10.5";"90";"80"
"Brazil";"BRA";"Serie C";"27-06-2026 16:00";"FT";"Floresta";"2";"1";"Barra FC";"1";"0";"2.16";"3.28";"1.47";"1.14";"11";"17";"44";"33";"5";"41";"34";"64";"";"2";"2";"1.2";"1";"1.2";"0.8";"54";"62";"35";"92";"2.3";"23";"6.9";"9.8";"1.3";"1";"10";"63";"77";"50";"60";"";"";"0.8";"0.4";"0.7";"0.2";"1";"1";"0.5";"0.6";"0.3";"0.6";"";"33";"20";"2.5";"2.8";"5.7";"8.6";"10.5";"66";"56"
"Brazil";"BRA";"Serie C";"27-06-2026 17:00";"FT";"Paysandu";"1";"3";"Santa Cruz";"0";"2";"1.62";"4.60";"1.24";"1.37";"3";"10";"61";"44";"1";"61";"27";"75";"";"2.4";"3";"1.8";"0.8";"1.3";"0.8";"75";"58";"42";"92";"2.3";"24.4";"8.8";"11.2";"1.8";"1.3";"11";"60";"77";"17";"50";"";"";"1.2";"0.3";"0.5";"0.5";"1.2";"1.2";"0.8";"0.3";"0.7";"0.5";"";"50";"33";"10.2";"3.8";"4";"4.5";"10.5";"84";"66"
"Brazil";"BRA";"Serie C";"27-06-2026 19:00";"FT";"Itabaiana";"1";"0";"Ferroviária";"0";"0";"2.38";"2.88";"1.44";"1.16";"20";"4";"13";"40";"5";"27";"34";"60";"";"2.3";"2";"0.8";"1";"1.8";"1";"60";"60";"50";"70";"2.3";"21.8";"7.1";"9.2";"0.4";"1.2";"10";"42";"70";"60";"60";"";"";"0.4";"0.4";"0.6";"0.2";"1.5";"0.8";"1.2";"0.8";"0.4";"0.6";"";"0";"20";"5.6";"4.2";"4";"4.6";"10.5";"70";"70"
"Brazil";"BRA";"Serie D";"27-06-2026 14:30";"FT_PEN";"Blumenau";"1";"1";"São Luiz";"0";"1";"1.90";"4.01";"1.47";"1.12";"1";"2";"47";"47";"1";"27";"14";"20";"";"1.3";"2";"0.8";"0.4";"0.8";"0.6";"10";"40";"10";"90";"2.3";"21";"7";"9.5";"1.4";"1.4";"10";"77";"84";"20";"80";"";"";"0.6";"0.2";"0.2";"0.2";"0.7";"0.6";"0.6";"0.4";"0.2";"0.2";"";"40";"40";"5.8";"2.6";"4.6";"6";"9.6";"70";"70"
"Brazil";"BRA";"Serie D";"27-06-2026 15:00";"FT";"Betim";"2";"0";"Vitória ES";"0";"0";"1.90";"3.94";"1.44";"1.14";"1";"2";"67";"53";"1";"41";"34";"60";"";"1.7";"2";"1.2";"1";"0.6";"0.6";"20";"40";"30";"90";"2.3";"22.4";"7.8";"8.6";"2";"1.6";"9";"84";"84";"60";"60";"";"";"0.4";"0.4";"0";"0.2";"1.2";"0.5";"0.6";"0.4";"0.8";"0.6";"";"60";"40";"4.4";"4.7";"3.8";"4.3";"9.6";"36";"26"
"Brazil";"BRA";"Serie D";"27-06-2026 15:00";"FT_PEN";"Santa Catarina";"1";"1";"EC São José";"0";"0";"1.83";"4.07";"1.40";"1.14";"1";"2";"100";"33";"1";"48";"20";"30";"";"1.4";"3";"1.4";"0.6";"0";"0.8";"20";"40";"20";"100";"2.3";"22.5";"6.4";"10";"3";"1";"10";"100";"77";"20";"40";"";"";"0.4";"0";"0";"0.8";"0.8";"0.6";"0";"0";"1";"0.6";"";"100";"20";"3.5";"5.8";"5";"5.6";"9.6";"75";"65"
"Brazil";"BRA";"Serie D";"27-06-2026 15:30";"FT";"Trem";"1";"2";"Sampaio Corrêa";"1";"2";"2.69";"2.44";"1.33";"1.19";"1";"2";"87";"33";"5";"100";"27";"70";"";"3";"3";"3";"0.8";"1.4";"0.8";"60";"50";"50";"60";"2.3";"25.4";"11.8";"10.1";"2.6";"1";"10";"56";"77";"60";"40";"";"";"1";"0.2";"0.8";"0";"2";"1";"0.6";"0.8";"2";"0.6";"";"80";"20";"5";"5.4";"5.8";"4";"9.6";"78";"68"
"Brazil";"BRA";"Serie D";"27-06-2026 15:30";"FT_PEN";"Maracanã";"0";"0";"Imperatriz";"0";"0";"1.72";"4.75";"1.40";"1.17";"1";"2";"73";"33";"1";"48";"20";"70";"";"1.7";"3";"1.4";"0.6";"0.4";"1";"40";"60";"10";"100";"2.3";"22.2";"7.3";"8.4";"2.2";"1";"9";"100";"70";"80";"60";"";"";"0.6";"0.2";"0";"0.6";"1";"0.7";"0.4";"0.4";"0.8";"0.4";"";"60";"20";"4.4";"3.8";"2.6";"6";"9.6";"60";"60"
"Brazil";"BRA";"Serie D";"27-06-2026 16:00";"FT";"Iguatu";"1";"1";"Tuna Luso";"1";"0";"1.78";"4.15";"1.32";"1.20";"1";"2";"73";"20";"1";"61";"48";"80";"";"3.4";"3";"1.8";"1.4";"1";"2.6";"60";"50";"60";"40";"2.3";"23.6";"11.8";"8.7";"2.2";"0.6";"9";"70";"14";"60";"60";"";"";"0.4";"0.4";"0.4";"0.8";"2.4";"1";"0.6";"1.8";"1.4";"1";"";"60";"0";"3.2";"4.4";"4.6";"5.2";"9.6";"80";"70"
"Brazil";"BRA";"Serie D";"27-06-2026 16:00";"FT";"Piauí";"1";"0";"Maguary PE";"0";"0";"2.59";"2.59";"1.42";"1.14";"1";"2";"53";"20";"5";"48";"7";"50";"";"1.6";"2";"1.4";"0.2";"1";"0.6";"50";"20";"20";"90";"2.3";"22.5";"8.6";"11.5";"1.6";"0.6";"10";"70";"84";"40";"60";"";"";"0";"0";"0.2";"0.2";"1.4";"0.2";"0.8";"0.4";"1.4";"0.2";"";"40";"0";"5.4";"6.2";"4.6";"6.8";"9.6";"80";"80"
"Brazil";"BRA";"Serie D";"27-06-2026 16:00";"FT_PEN";"Água Santa";"1";"1";"Velo Clube";"0";"1";"1.87";"4.17";"1.50";"1.11";"1";"2";"80";"13";"1";"75";"14";"60";"";"2.2";"3";"2.2";"0.4";"0.4";"1.4";"30";"80";"40";"80";"2.3";"19.4";"6.2";"9";"2.4";"0.4";"9";"100";"56";"40";"60";"";"";"0.8";"0.4";"0.2";"0.4";"1.3";"0.9";"0.2";"1";"1.4";"0";"";"80";"0";"3.2";"6.2";"3";"5.6";"9.6";"70";"60"
"Brazil";"BRA";"Serie D";"27-06-2026 16:00";"FT";"Portuguesa";"1";"0";"Sampaio Corrêa RJ";"0";"0";"1.20";"12.05";"1.20";"1.37";"1";"2";"87";"7";"3";"75";"20";"70";"";"2.4";"2";"2.2";"0.6";"0.4";"1.6";"40";"60";"50";"80";"2.3";"18";"6.4";"8.1";"2.6";"0.2";"8";"100";"49";"60";"40";"";"";"1";"0.2";"0.2";"0.6";"1.4";"1";"0.2";"1";"1.2";"0.4";"";"80";"0";"5.6";"2";"3.2";"5.4";"9.6";"40";"40"
"Brazil";"BRA";"Serie D";"27-06-2026 17:00";"FT";"Capital Brasilia";"4";"0";"Aparecidense";"2";"0";"1.65";"4.78";"1.34";"1.18";"1";"2";"80";"40";"1";"41";"48";"60";"";"2.1";"3";"1.2";"1.4";"0.4";"1.2";"50";"80";"30";"80";"2.3";"24.1";"9.1";"9.7";"2.4";"1.2";"9";"100";"63";"40";"40";"";"";"0.8";"1";"0.2";"0.4";"0.9";"1.2";"0.2";"0.8";"0.4";"0.4";"";"80";"20";"3";"5.2";"4";"7.2";"9.6";"60";"60"
"Brazil";"BRA";"Serie D";"27-06-2026 17:00";"FT";"Águia de Marabá";"2";"0";"Parnahyba";"1";"0";"1.49";"5.62";"1.28";"1.27";"1";"2";"73";"33";"1";"82";"41";"90";"";"3.1";"3";"2.4";"1.2";"0.8";"1.8";"80";"70";"50";"60";"2.3";"23.8";"10";"8.9";"2.2";"1";"9";"77";"42";"40";"60";"";"";"1";"0.6";"0.4";"0.6";"1.8";"1.3";"0.4";"1.2";"1.4";"0.6";"";"60";"20";"3.5";"3.2";"5.8";"5.4";"9.6";"88";"58"
"Brazil";"BRA";"Serie D";"27-06-2026 17:00";"FT";"Uberlândia";"2";"2";"Rio Branco ES";"0";"1";"1.90";"3.82";"1.45";"1.14";"1";"2";"47";"33";"1";"41";"34";"70";"";"2.4";"2";"1.2";"1";"1.2";"1.4";"70";"60";"60";"80";"2.3";"19.8";"6.5";"9.4";"1.4";"1";"9";"63";"56";"60";"60";"";"";"0.4";"0.4";"0.2";"1";"1.4";"1";"1";"0.4";"0.8";"0.6";"";"40";"20";"7.6";"3.8";"3.6";"3.8";"9.6";"60";"60"
"Brazil";"BRA";"Serie D";"27-06-2026 17:00";"FT";"Sergipe";"0";"1";"ASA";"0";"1";"2.16";"3.34";"1.50";"1.12";"1";"2";"67";"33";"5";"48";"34";"70";"";"2.2";"2";"1.4";"1";"0.8";"1.2";"70";"60";"40";"90";"2.3";"21.6";"8.4";"11.1";"2";"1";"11";"77";"63";"40";"40";"";"";"0.4";"0.6";"0.6";"0.2";"1.3";"0.9";"0.2";"1";"1";"0.4";"";"60";"20";"8.2";"4.8";"5";"4.2";"9.6";"90";"80"
"Brazil";"BRA";"Serie D";"27-06-2026 17:00";"FT";"CSA";"2";"0";"Lagarto";"0";"0";"1.27";"8.53";"1.15";"1.48";"1";"2";"60";"40";"3";"54";"34";"90";"";"2.2";"3";"1.6";"1";"0.6";"1.2";"70";"70";"30";"90";"2.3";"21.2";"7.4";"10.1";"1.8";"1.2";"10";"84";"63";"20";"40";"";"";"0.6";"0.6";"0.2";"0.6";"1.2";"1";"0.4";"0.6";"1";"0.4";"";"40";"20";"8.6";"4.4";"2";"5.2";"9.6";"90";"80"
"Brazil";"BRA";"Serie D";"27-06-2026 18:00";"FT";"América RN";"1";"0";"Fluminense PI";"1";"0";"1.13";"15.74";"1.18";"1.40";"1";"2";"67";"53";"3";"61";"41";"60";"";"2";"1";"1.8";"1.2";"0.4";"0.6";"30";"60";"30";"90";"2.3";"25.3";"9";"11";"2";"1.6";"9";"100";"84";"40";"60";"";"";"0.8";"0.4";"0.2";"0.2";"1.2";"0.8";"0.2";"0.4";"1";"0.8";"";"60";"40";"9.4";"4.2";"3";"5.4";"9.6";"70";"50"
"Brazil";"BRA";"Serie D";"27-06-2026 18:00";"FT";"XV de Piracicaba";"2";"0";"América RJ";"2";"0";"1.49";"6.26";"1.36";"1.18";"1";"2";"73";"27";"1";"54";"41";"80";"";"3.2";"3";"1.6";"1.2";"0.6";"3";"60";"70";"60";"50";"2.3";"22.6";"8.7";"9.6";"2.2";"0.8";"10";"84";"0";"20";"40";"";"";"0.6";"0.6";"0.4";"1";"1.9";"1.3";"0.2";"2";"1";"0.6";"";"60";"20";"5.8";"4";"3.2";"6.2";"9.6";"60";"60"
"Brazil";"BRA";"Serie D";"27-06-2026 18:00";"FT";"Tombense";"0";"0";"CRAC";"0";"0";"1.69";"4.77";"1.45";"1.12";"1";"2";"60";"27";"1";"48";"20";"60";"";"1.7";"3";"1.4";"0.6";"0.4";"1";"30";"50";"30";"90";"2.3";"21";"7.8";"9.1";"1.8";"0.8";"9";"100";"70";"60";"60";"";"";"0.6";"0.2";"0.2";"0.2";"1.1";"0.6";"0.2";"0.8";"0.8";"0.4";"";"40";"20";"5.4";"5.6";"2.6";"4.6";"9.6";"50";"50"
"Brazil";"BRA";"Serie D";"27-06-2026 18:30";"FT";"Goiatuba EC";"1";"0";"Brasiliense";"1";"0";"2.19";"3.37";"1.56";"1.10";"1";"2";"87";"47";"5";"61";"41";"50";"";"2.3";"2";"1.8";"1.2";"0.4";"1.2";"50";"90";"40";"80";"2.3";"20.5";"7.6";"8.8";"2.6";"1.4";"9";"100";"63";"20";"60";"";"";"1";"0.8";"0.4";"0.8";"0.8";"1.5";"0";"0.4";"0.8";"0.4";"";"80";"40";"5.8";"5.4";"2.4";"4";"9.6";"70";"60"
"Brazil";"BRA";"Serie D";"27-06-2026 19:30";"FT";"Gama";"1";"0";"Mixto";"1";"0";"1.52";"5.69";"1.34";"1.20";"1";"2";"87";"33";"1";"100";"20";"60";"";"2.6";"3";"3";"0.6";"0.8";"0.8";"30";"90";"50";"50";"2.3";"22.3";"8.9";"8.4";"2.6";"1";"9";"77";"77";"80";"20";"";"";"1.2";"0.2";"0.4";"0.8";"1.3";"1.3";"0.4";"0";"1.8";"0.4";"";"80";"20";"5.4";"4";"3.8";"3.6";"9.6";"50";"50"
"Brazil";"BRA";"Mineiro 2";"27-06-2026 16:00";"FT";"Villa Nova";"6";"0";"Ipatinga";"1";"0";"";"";"";"";"1";"2";"78";"11";"";"78";"10";"100";"";"3.6";"3";"2.3";"0.3";"1.7";"3";"66";"100";"84";"33";"2.4";"18.4";"9.5";"10.1";"2.3";"0.3";"9";"46";"0";"67";"67";"";"";"1.7";"0.3";"0.3";"2.3";"1.4";"2.4";"1.3";"0.7";"0.7";"0";"";"67";"0";"6";"2.3";"5.5";"6.3";"8.1";"84";"84"
"Brazil";"BRA";"Mineiro 2";"27-06-2026 16:00";"FT";"Democrata SL";"1";"0";"Coimbra";"1";"0";"2.23";"3.13";"";"";"1";"2";"67";"11";"5";"44";"34";"67";"";"2.6";"2";"1.3";"1";"1";"2";"67";"67";"67";"66";"2.4";"19.2";"8.4";"10";"2";"0.3";"9";"70";"35";"67";"67";"";"";"0.3";"0";"0.3";"1";"1.8";"0.8";"0.7";"1";"1";"1";"";"67";"0";"4.3";"6.5";"3.7";"5.5";"8.1";"66";"66"
"Brazil";"BRA";"Mineiro 2";"27-06-2026 17:30";"FT";"Guarani MG";"2";"0";"Caldense";"0";"0";"";"";"";"";"1";"2";"44";"11";"";"44";"10";"84";"";"2.4";"2";"1.3";"0.3";"1.7";"1.3";"50";"50";"34";"84";"2.4";"";"";"";"1.3";"0.3";"";"46";"60";"67";"67";"";"";"0.3";"0";"0.7";"0.3";"1.6";"0.6";"1";"1";"1";"0.3";"";"33";"0";"";"4";"";"4";"8.1";"";""
"Brazil";"BRA";"Paulista Série B";"27-06-2026 15:00";"FT";"São Carlos";"0";"1";"Paulinense";"0";"0";"1.72";"4.27";"";"";"1";"2";"67";"40";"1";"88";"27";"90";"";"2.7";"3";"2.6";"0.8";"0.6";"1.4";"30";"60";"30";"90";"2.9";"19.9";"7.2";"8.7";"2";"1.2";"10";"84";"56";"20";"40";"";"";"1";"0.2";"0.4";"0.6";"1.6";"1.1";"0.2";"0.8";"1.6";"0.6";"";"60";"40";"6";"3.5";"2.2";"5.8";"9.5";"50";"38"
"Brazil";"BRA";"Paulista Série B";"27-06-2026 15:00";"FT";"União Mogi";"2";"3";"Mauá";"1";"1";"2.34";"2.76";"";"";"1";"2";"60";"47";"5";"48";"61";"80";"";"3.4";"3";"1.4";"1.8";"1";"2.6";"70";"90";"60";"60";"2.9";"24.6";"11.2";"9.8";"1.8";"1.4";"10";"70";"14";"40";"60";"";"";"0.8";"0.8";"0.6";"1.8";"1.4";"2";"0.4";"0.8";"0.6";"1";"";"60";"40";"4.6";"5.2";"5.6";"4.2";"9.5";"80";"80"
"Brazil";"BRA";"Paulista Série B";"27-06-2026 15:00";"FT";"Manthiqueira";"0";"2";"José Bonifácio";"0";"1";"6.04";"1.45";"";"";"1";"2";"53";"73";"2";"54";"68";"80";"";"2.8";"3";"1.6";"2";"1.4";"0.6";"50";"60";"50";"60";"2.9";"18.8";"7.6";"10.2";"1.6";"2.2";"9";"56";"84";"60";"40";"";"";"0.6";"1";"0.4";"0";"1.8";"1";"1";"0.6";"1";"1";"";"40";"60";"3";"3.3";"7.5";"6.7";"9.5";"88";"88"
"Brazil";"BRA";"Paulista Série B";"27-06-2026 19:30";"FT";"Assisense";"0";"1";"Matonense";"0";"0";"2.57";"2.44";"";"";"1";"2";"60";"80";"5";"95";"100";"100";"";"4.9";"4";"2.8";"4";"2.2";"0.8";"70";"100";"70";"40";"2.9";"23";"9.9";"10.6";"1.8";"2.4";"10";"28";"77";"60";"20";"";"";"1.6";"2.8";"1";"0.6";"1.9";"3";"1.2";"0.2";"1.2";"1.2";"";"40";"80";"7.4";"1";"6.2";"6.7";"9.5";"84";"40"
"Brazil";"BRA";"Paulista U20";"27-06-2026 10:00";"FT";"Palmeiras U20";"4";"0";"Guarani U20";"1";"0";"1.41";"6.31";"1.20";"1.36";"";"";"";"";"";"";"";"";"";"";"";"";"";"";"";"";"";"";"";"";"";"";"";"";"";"";"";"";"";"";"";"";"";"";"";"";"";"";"";"";"";"";"";"";"";"";"";"";"";"";"";""
"Brazil";"BRA";"Paulista U20";"27-06-2026 15:00";"FT";"Sertãozinho U20";"0";"0";"São Bento U20";"0";"0";"2.02";"3.26";"";"";"";"";"";"";"";"";"";"";"";"";"";"";"";"";"";"";"";"";"";"";"";"";"";"";"";"";"";"";"";"";"";"";"";"";"";"";"";"";"";"";"";"";"";"";"";"";"";"";"";"";"";""
"Brazil";"BRA";"Mineiro U20";"27-06-2026 15:00";"FT";"Nacional AC MG U20";"4";"1";"Minas Boca U20";"3";"0";"1.39";"6.72";"";"";"6";"14";"58";"8";"1";"51";"7";"62";"";"3.2";"3";"1.5";"0.2";"1.5";"3.2";"50";"88";"62";"62";"2.9";"28.8";"13.2";"9.2";"1.8";"0.2";"10";"52";"2";"75";"25";"";"";"1";"0.2";"0.7";"2";"1";"1.7";"0.7";"1.2";"1.7";"0";"";"50";"0";"4";"3.7";"6";"4.7";"9.7";"84";"66"
"Brazil";"BRA";"Mineiro U20";"27-06-2026 15:00";"FT";"Boston City U20";"2";"1";"América Mineiro U20";"1";"1";"";"";"";"";"9";"5";"42";"33";"";"27";"85";"88";"";"3.2";"3";"0.8";"2.5";"1.2";"2";"62";"62";"62";"62";"2.9";"27.3";"11.5";"8.5";"1.2";"1";"9";"63";"35";"75";"50";"";"";"0.8";"0.8";"0.2";"0.5";"2.1";"1.1";"1";"1.5";"0";"1.8";"";"25";"25";"2";"7.7";"5";"2.3";"9.7";"84";"34"
"Brazil";"BRA";"Mineiro U20";"27-06-2026 15:00";"FT";"Uberabinha U20";"0";"1";"Betim U20";"0";"1";"";"";"";"";"15";"8";"0";"17";"";"27";"51";"88";"";"3.6";"4";"0.8";"1.5";"2.2";"2.8";"75";"88";"62";"62";"2.9";"25.8";"9";"11.2";"0";"0.5";"11";"28";"7";"50";"25";"";"";"0.7";"0.5";"1.3";"1";"1.9";"1.5";"1";"1.8";"1";"1";"";"0";"0";"4.3";"5.2";"4.7";"8.2";"9.7";"84";"84"
"Brazil";"BRA";"Mineiro U20";"27-06-2026 15:00";"FT";"São João del-Rei U20";"0";"1";"Inter de Minas U20";"0";"0";"2.24";"2.87";"1.30";"1.22";"10";"12";"33";"25";"5";"41";"51";"88";"";"3.5";"3";"1.2";"1.5";"1.2";"3";"88";"50";"50";"50";"2.9";"27.4";"10.1";"9";"1";"0.8";"9";"63";"0";"25";"50";"";"";"0";"0.8";"0.2";"1";"2.5";"1";"1";"2";"1.2";"0.8";"";"0";"25";"3.2";"4";"5.8";"5";"9.7";"62";"50"
"Brazil";"BRA";"Mineiro U20";"27-06-2026 15:00";"FT";"Social";"3";"0";"Villa Real U20";"1";"0";"";"";"";"";"11";"13";"50";"25";"";"61";"7";"50";"";"2";"2";"1.8";"0.2";"1.5";"0.5";"38";"25";"25";"75";"2.9";"";"";"";"1.5";"0.8";"";"52";"88";"50";"50";"";"";"1";"0";"0.5";"0";"1.3";"0.8";"1";"0.5";"0.8";"0.2";"";"50";"0";"";"3.3";"";"8.3";"9.7";"";""
"Brazil";"BRA";"Mineiro U20";"27-06-2026 15:00";"FT";"Coimbra U20";"0";"1";"Atletico Mineiro U20";"0";"0";"";"";"";"";"7";"1";"83";"50";"";"41";"95";"75";"";"3";"2";"1.2";"2.8";"0.2";"1.8";"50";"50";"62";"62";"2.9";"18.8";"6.4";"9.4";"2.5";"1.5";"10";"100";"42";"50";"75";"";"";"0.2";"1";"0.2";"0.5";"2";"1";"0";"1.2";"1";"1.8";"";"75";"50";"8";"3.5";"2.5";"4.8";"9.7";"75";"62"
"Brazil";"BRA";"Mineiro U20";"27-06-2026 15:00";"FT";"Cruzeiro U20";"3";"2";"Athletic Club U20";"0";"1";"1.63";"4.49";"1.21";"1.30";"3";"2";"83";"75";"1";"100";"61";"75";"";"3.2";"3";"3";"1.8";"1";"0.8";"38";"54";"62";"62";"2.9";"23.5";"9.4";"10.4";"2.5";"2.2";"10";"70";"77";"50";"50";"";"";"1.5";"0.3";"0.5";"0";"1.6";"1.1";"0.5";"1";"1.5";"2";"";"75";"75";"9.5";"5.5";"1.2";"4.5";"9.7";"88";"62"
"Brazil";"BRA";"Copa Gaúcha";"27-06-2026 15:00";"FT";"Santa Cruz RS";"1";"1";"Brasil de Pelotas";"1";"0";"3.07";"2.31";"";"";"";"";"56";"56";"5";"68";"58";"84";"";"3.2";"2";"2";"1.7";"1.3";"1.3";"84";"84";"50";"50";"2.3";"25.6";"10.2";"10.4";"1.7";"1.7";"10";"60";"60";"67";"33";"";"";"1.3";"0.7";"1";"0.3";"1.5";"1.6";"0.3";"1";"0.7";"1";"";"33";"33";"5.3";"6.5";"4.3";"4.5";"9.2";"75";"75"
"Brazil";"BRA";"Copa Gaúcha";"27-06-2026 15:00";"FT";"Bage";"0";"1";"Gramadense";"0";"0";"2.11";"3.46";"";"";"";"";"22";"78";"5";"34";"58";"84";"";"2.5";"2";"1";"1.7";"1.3";"1";"84";"34";"50";"84";"2.3";"19";"8";"8.6";"0.7";"2.3";"9";"60";"70";"33";"67";"";"";"0";"0.7";"0";"1";"1.4";"0.8";"2";"0";"1.5";"1";"";"0";"67";"5";"4.3";"2.5";"5.3";"9.2";"75";"58"
"Brazil";"BRA";"Brasiliense U20";"27-06-2026 10:00";"FT";"Real Brasília U20";"4";"0";"EC Cruzeiro U20";"1";"0";"1.05";"24.96";"";"";"3";"7";"67";"33";"3";"100";"68";"100";"";"5.8";"4";"6.3";"2";"1.3";"2";"84";"";"100";"34";"4.4";"";"";"";"2";"1";"";"60";"35";"33";"100";"";"";"3";"";"0.7";"";"2.2";"2.6";"0.7";"";"3.3";"";"";"67";"0";"5.3";"";"2.7";"";"10.5";"";""
"Brazil";"BRA";"Brasiliense U20";"27-06-2026 10:00";"FT";"Gama U20";"3";"3";"Planaltina U20";"1";"1";"";"";"";"";"9";"7";"33";"33";"";"92";"24";"67";"";"4";"4";"2.7";"0.7";"2.3";"2.3";"16";"58";"50";"50";"4.4";"";"";"";"1";"1";"";"25";"25";"67";"33";"";"";"0";"0.3";"2";"1";"1.4";"1.3";"5.5";"1.3";"0";"0.3";"";"33";"33";"";"2";"";"10";"10.5";"";""
"Brazil";"BRA";"Brasiliense U20";"27-06-2026 10:00";"AWAITING_UPDATES";"Sobradinho U20";"";"";"ARUC U20";"";"";"";"";"";"";"6";"11";"50";"0";"";"51";"0";"75";"";"3.8";"4";"1.5";"0";"1";"5";"25";"";"50";"50";"4.4";"";"";"";"1.5";"0";"";"70";"2";"50";"50";"";"";"";"";"";"";"0";"0.2";"";"";"";"";"";"50";"0";"";"";"";"";"10.5";"";""
"Brazil";"BRA";"Brasiliense U20";"27-06-2026 15:30";"AWAITING_UPDATES";"Canaã U20";"";"";"Grêmio Valparaíso U20";"";"";"";"";"";"";"2";"4";"100";"67";"";"100";"92";"100";"";"4.9";"5";"4";"2.7";"1.5";"1.7";"75";"";"75";"25";"4.4";"";"";"";"3";"2";"";"52";"46";"50";"33";"";"";"";"0.3";"";"0.7";"1.6";"0.5";"";"1";"";"2.3";"";"100";"67";"";"";"";"";"10.5";"";""
"Brazil";"BRA";"Brasiliense U20";"27-06-2026 15:30";"AWAITING_UPDATES";"CFZ Brasilia U20";"";"";"Legião U20";"";"";"";"";"";"";"8";"2";"33";"100";"";"24";"78";"84";"";"5";"4";"0.7";"2.3";"6.7";"0.3";"16";"";"67";"50";"4.4";"";"";"";"1";"3";"";"2";"100";"67";"67";"";"";"";"";"";"";"0.2";"0";"";"";"";"";"";"33";"100";"";"";"";"";"10.5";"";""
"Brazil";"BRA";"Baiano U20";"27-06-2026 15:00";"FT";"Jacuipense U20";"3";"3";"Fluminense de Feira U20";"3";"1";"2.16";"2.95";"1.23";"1.37";"1";"2";"62";"67";"5";"71";"75";"94";"";"3.4";"4";"2.1";"2.2";"1.4";"1.1";"68";"62";"75";"62";"2.8";"20.4";"8.6";"13.8";"1.9";"2";"11";"56";"66";"38";"38";"";"";"0.5";"0.5";"0.6";"0.5";"2.4";"1";"0.8";"0.6";"1.6";"1.8";"";"62";"62";"9.6";"5.2";"6.3";"6.4";"10";"100";"100"
"Brazil";"BRA";"Baiano U20";"27-06-2026 15:00";"FT";"SSA U20";"1";"2";"Camaçariense U20";"0";"0";"2.14";"2.98";"1.22";"1.40";"1";"2";"54";"62";"5";"85";"54";"62";"";"3.2";"3";"2.5";"1.6";"0.8";"1.5";"32";"79";"38";"75";"2.8";"21";"7.8";"9.4";"1.6";"1.9";"9";"77";"52";"25";"25";"";"";"1.1";"0.8";"0.4";"1.7";"1.3";"1.7";"0.4";"0.3";"1.4";"1.3";"";"50";"62";"6.2";"5.7";"2.2";"4.7";"10";"90";"54"
"Brazil";"BRA";"Goiano U20";"27-06-2026 16:00";"FT";"Cerrado U20";"2";"1";"Atlético GO U20";"1";"0";"2.11";"3.08";"1.28";"1.23";"1";"2";"67";"48";"5";"65";"54";"71";"";"3";"3";"1.9";"1.6";"1";"1.4";"57";"78";"71";"64";"2.7";"25.3";"10.2";"10.8";"2";"1.4";"11";"70";"56";"71";"71";"";"";"1";"0.7";"0.4";"0.7";"1.5";"1.4";"0.6";"0.7";"0.9";"0.9";"";"57";"43";"4.8";"6.8";"5.2";"4.8";"10.3";"55";"55"
"Brazil";"BRA";"Gaúcho - Estadual Junior U20";"27-06-2026 11:00";"FT";"Internacional U20";"4";"2";"Gremio U20";"1";"1";"1.85";"3.75";"1.29";"1.23";"1";"2";"100";"67";"1";"100";"51";"75";"";"2.9";"3";"3.8";"1.5";"0";"0.5";"25";"88";"50";"62";"2.6";"20.5";"8.2";"8.6";"3";"2";"9";"100";"88";"75";"75";"";"";"2.5";"1.2";"0";"0.2";"0.8";"2";"0";"0.2";"1.2";"0.2";"";"100";"50";"7.2";"4.7";"1.5";"3.7";"9.7";"42";"42"
"Brazil";"BRA";"Carioca A2";"27-06-2026 14:45";"FT";"Audax Rio";"2";"0";"Resende";"2";"0";"4.93";"1.68";"";"";"12";"2";"25";"67";"2";"34";"41";"75";"";"2.5";"3";"1";"1.2";"2";"0.8";"62";"88";"50";"88";"2.3";"19.9";"7.6";"8.6";"0.8";"2";"9";"35";"77";"75";"75";"";"";"0.2";"0.8";"1.2";"0.2";"1.2";"1.2";"0.8";"0.5";"0.8";"0.5";"";"25";"50";"6.8";"2.7";"3.5";"4.3";"9.7";"66";"38"
"Brazil";"BRA";"Carioca A2";"27-06-2026 14:45";"FT";"Serrano RJ";"0";"3";"São Gonçalo EC RJ";"0";"0";"2.30";"3.08";"";"";"8";"9";"22";"33";"5";"24";"27";"58";"";"1.8";"2";"0.7";"0.8";"1";"1";"58";"71";"29";"100";"2.3";"20.6";"6.6";"10.2";"0.7";"1";"10";"70";"70";"67";"50";"";"";"0.7";"0";"0.7";"0.8";"0.6";"1";"0.3";"0.2";"0";"0.8";"";"0";"25";"9.3";"3.8";"4";"3.2";"9.7";"62";"62"
"Brazil";"BRA";"Carioca A2";"27-06-2026 14:45";"FT";"Cabofriense";"1";"2";"Perolas Negras";"0";"0";"2.04";"3.64";"";"";"7";"6";"58";"50";"5";"41";"27";"50";"";"2.2";"2";"1.2";"0.8";"1";"1.5";"38";"88";"38";"75";"2.3";"17";"6.5";"9.2";"1.8";"1.5";"10";"70";"52";"50";"25";"";"";"0.5";"0.5";"0.8";"0.8";"1";"1.2";"0.2";"0.8";"0.8";"0.2";"";"50";"50";"6";"3";"2.2";"7.2";"9.7";"75";"50"
"Brazil";"BRA";"Carioca A2";"27-06-2026 14:45";"FT";"Americano";"1";"1";"CFRJ / Marica";"0";"0";"2.28";"3.13";"";"";"1";"3";"75";"67";"5";"61";"24";"54";"";"2.2";"2";"1.8";"0.7";"0.8";"1.3";"25";"88";"42";"71";"2.3";"25";"11";"7.8";"2.2";"2";"9";"77";"60";"50";"33";"";"";"0.8";"0.7";"0.2";"0.7";"1.1";"1.2";"0.5";"0.7";"1";"0";"";"75";"67";"5";"2";"4.5";"4";"9.7";"50";"50"
"Brazil";"BRA";"Carioca A2";"27-06-2026 16:00";"FT";"CEAC / Araruama";"1";"0";"Olaria";"0";"0";"3.50";"2.12";"";"";"11";"4";"33";"17";"5";"34";"27";"75";"";"2.1";"2";"1";"0.8";"1.2";"1.2";"75";"75";"50";"100";"2.3";"20.2";"8.5";"7.8";"1";"0.5";"9";"63";"63";"50";"75";"";"";"0.5";"0.5";"0.8";"0.2";"1.1";"1";"0.5";"1";"0.5";"0.2";"";"25";"0";"1.5";"4.7";"2";"7.3";"9.7";"50";"50"
"Brazil";"BRA";"Paraibano U20";"27-06-2026 16:00";"FT";"Cruzeiro Itaporanga U20";"1";"0";"Sousa U20";"0";"0";"";"";"";"";"1";"2";"100";"50";"";"100";"17";"75";"";"2.6";"3";"3";"0.5";"0.7";"1";"34";"";"50";"84";"3.2";"";"";"";"3";"1.5";"";"80";"70";"33";"50";"";"";"";"";"";"";"0.5";"0";"";"";"";"";"";"100";"50";"";"";"";"";"9.8";"";""
"Brazil";"BRA";"Catarinense U20";"27-06-2026 11:00";"FT";"Brusque U20";"0";"5";"Avaí U20";"0";"2";"8.78";"1.23";"";"";"";"";"6";"60";"4";"44";"82";"100";"";"3.8";"3";"1.3";"2.4";"3";"1";"82";"62";"72";"36";"3.1";"21.6";"8.8";"9.2";"0.2";"1.8";"9";"0";"70";"50";"60";"";"";"0.5";"1";"1.2";"0.2";"2.4";"1.4";"1.8";"0.8";"0.8";"1.4";"";"0";"40";"3.8";"3.8";"5.6";"5.2";"9.1";"90";"50"
"Brazil";"BRA";"Catarinense U20";"27-06-2026 15:00";"FT";"Figueirense U20";"3";"2";"Barra SC U20";"1";"0";"3.26";"1.89";"";"";"";"";"67";"83";"2";"68";"100";"90";"";"3.3";"4";"2";"3";"0.6";"1";"58";"80";"55";"65";"3.1";"20.8";"8.9";"9.6";"2";"2.5";"9";"84";"70";"60";"50";"";"";"0.8";"1.7";"0.4";"0.7";"1.6";"1.5";"0.2";"0.7";"1.2";"2.3";"";"60";"75";"5.4";"4.3";"4";"5.3";"9.1";"90";"46"
"Brazil";"BRA";"Maranhense 2";"27-06-2026 16:00";"FT";"Timon MA";"0";"0";"Cordino";"0";"0";"";"";"";"";"";"";"";"";"";"";"";"";"";"";"";"";"";"";"";"";"";"";"";"";"";"";"";"";"";"";"";"";"";"";"";"";"";"";"";"";"";"";"";"";"";"";"";"";"";"";"";"";"";"";"";""
"Brazil";"BRA";"Maranhense 2";"27-06-2026 16:00";"FT";"São José MA";"0";"2";"São Luís";"0";"0";"2.73";"2.30";"1.22";"1.30";"";"";"";"";"";"";"";"";"";"";"";"";"";"";"";"";"";"";"";"";"";"";"";"";"";"";"";"";"";"";"";"";"";"";"";"";"";"";"";"";"";"";"";"";"";"";"";"";"";"";"";""
"Canada";"CAN";"PCSL";"27-06-2026 17:00";"CANCELLED";"AFA";"";"";"Kamloops Rivers II";"";"";"";"";"";"";"";"";"42";"";"";"";"";"";"";"";"";"2.2";"";"2";"";"";"";"";"";"";"";"";"";"1.2";"";"";"";"";"50";"";"";"";"";"";"";"";"";"";"";"";"";"";"";"25";"";"";"";"";"";"";"";""
"Canada";"CAN";"PCSL";"27-06-2026 20:00";"AWAITING_UPDATES";"WIA";"";"";"Mid Isle Highlanders";"";"";"";"";"";"";"5";"7";"40";"0";"";"54";"10";"90";"";"3.4";"3";"1.6";"0.3";"2";"3";"26";"";"64";"46";"3.3";"";"";"";"1.2";"0";"";"35";"0";"40";"67";"";"";"";"";"";"";"0";"0";"";"";"";"";"";"40";"0";"";"";"";"";"0";"";""
"Canada";"CAN";"PCSL";"27-06-2026 20:00";"AWAITING_UPDATES";"Victoria United";"";"";"Blues";"";"";"";"";"";"";"2";"1";"83";"73";"";"61";"82";"100";"";"3.2";"4";"1.8";"2.4";"0.8";"1.4";"78";"";"55";"80";"3.3";"";"";"";"2.5";"2.2";"";"77";"56";"50";"40";"";"";"";"";"";"";"0";"0";"";"";"";"";"";"75";"60";"";"";"";"";"0";"";""
"Canada";"CAN";"PCSL";"27-06-2026 22:00";"AWAITING_UPDATES";"Gorge";"";"";"Khalsa";"";"";"";"";"";"";"3";"4";"75";"33";"";"100";"51";"88";"";"3.8";"3";"3.5";"1.5";"1";"1.5";"62";"";"62";"50";"3.3";"";"";"";"2.2";"1";"";"70";"52";"50";"50";"";"";"";"";"";"";"0";"0";"";"";"";"";"";"75";"25";"";"";"";"";"0";"";""
"Chile";"CHI";"Tercera A";"27-06-2026 13:00";"FT";"Deportes Rancagua";"2";"1";"Imperial Unido";"1";"1";"2.21";"2.75";"";"";"11";"9";"39";"56";"5";"41";"44";"67";"";"2.4";"2";"1.2";"1.3";"1.2";"1.2";"58";"58";"50";"83";"2.7";"29.3";"12.7";"10.5";"1.2";"1.7";"10";"63";"63";"50";"50";"";"";"0.5";"0.7";"0.3";"0.3";"1.5";"0.9";"0.8";"0.8";"0.7";"0.7";"";"33";"50";"7.6";"3.6";"4";"5.8";"10.2";"80";"80"
"Chile";"CHI";"Tercera A";"27-06-2026 16:00";"FT";"Naval";"1";"1";"Malleco Unido";"0";"0";"2.15";"2.92";"";"";"6";"3";"72";"67";"5";"68";"68";"75";"";"2.8";"2";"2";"2";"0.5";"1.2";"58";"92";"58";"58";"2.7";"22.2";"10";"9.2";"2.2";"2";"10";"88";"63";"67";"50";"";"";"1.2";"1";"0.3";"0.7";"1.2";"1.6";"0.2";"0.5";"0.8";"1";"";"67";"50";"6.2";"4.2";"3.8";"4.2";"10.2";"62";"50"
"Chile";"CHI";"Tercera A";"27-06-2026 17:30";"FT";"Constitución Unido";"2";"4";"Quintero Unido";"1";"1";"";"";"";"";"7";"2";"56";"56";"";"68";"68";"75";"";"3";"2";"2";"2";"1";"1";"58";"75";"58";"67";"2.7";"26.4";"10.8";"8.8";"1.7";"1.7";"9";"70";"70";"67";"50";"";"";"0.7";"1.7";"0.5";"0.7";"1.2";"1.8";"0.5";"0.3";"1.3";"0.3";"";"50";"50";"5.8";"4.8";"2";"5";"10.2";"62";"62"
"Chile";"CHI";"Tercera A";"27-06-2026 18:00";"FT";"Comunal Cabrero";"3";"2";"Atlético Oriente";"1";"1";"1.52";"5.17";"";"";"8";"5";"71";"40";"1";"65";"34";"78";"";"3.4";"3";"1.9";"1";"1.4";"2.6";"52";"83";"78";"52";"2.7";"28.8";"12.8";"10.2";"2.1";"1.2";"10";"56";"14";"57";"40";"";"";"1.3";"0.4";"1.1";"1.2";"1.4";"2";"0.3";"1.4";"0.6";"0.6";"";"71";"40";"5.8";"4.5";"3.4";"6.8";"10.2";"78";"78"
"China";"CHN";"Super League";"27-06-2026 08:00";"FT";"Liaoning Tieren FC";"1";"5";"Shandong Taishan";"0";"2";"2.65";"2.35";"1.11";"1.68";"8";"5";"57";"43";"5";"54";"34";"71";"";"2.9";"3";"1.6";"1";"1.1";"2.1";"57";"86";"71";"72";"3";"24";"8";"9.8";"1.7";"1.3";"10";"66";"32";"71";"43";"";"";"0.7";"0.4";"0.3";"1";"1.7";"1.2";"0.9";"1.1";"0.9";"0.6";"";"57";"43";"3.6";"4.3";"6";"5.6";"10.4";"71";"64"
"China";"CHN";"Super League";"27-06-2026 08:35";"FT";"Shenzhen Peng City";"2";"3";"Chengdu Rongcheng";"0";"1";"4.62";"1.63";"1.15";"1.56";"9";"1";"54";"76";"2";"65";"58";"66";"";"3.2";"3";"1.9";"1.7";"1.5";"1.3";"60";"59";"54";"66";"3";"24.3";"7.4";"11";"1.6";"2.3";"11";"52";"60";"38";"57";"";"";"1";"0.6";"0.6";"0.4";"1.9";"1.3";"0.9";"0.9";"0.9";"1.1";"";"50";"71";"5.6";"6.6";"5";"4.7";"10.4";"100";"80"
"China";"CHN";"Super League";"27-06-2026 08:35";"FT";"Henan Songshan Longmen";"1";"2";"Shanghai Port";"1";"1";"2.49";"2.70";"1.24";"1.38";"11";"14";"48";"24";"5";"37";"34";"64";"";"2.4";"2";"1.1";"1";"1.1";"1.6";"43";"64";"43";"72";"3";"22.9";"7";"10.2";"1.4";"0.7";"11";"66";"49";"43";"43";"";"";"0.4";"0.4";"0.4";"0.3";"1.6";"0.8";"0.7";"1.3";"0.7";"0.6";"";"43";"14";"7.6";"4.3";"3.7";"4.7";"10.4";"78";"50"
"China";"CHN";"Super League";"27-06-2026 09:00";"FT";"Beijing Guoan";"1";"0";"Wuhan Three Towns";"0";"0";"1.29";"8.43";"1.08";"1.90";"10";"15";"38";"21";"3";"68";"51";"100";"";"4";"3";"2";"1.5";"1.9";"2.5";"87";"73";"80";"48";"3";"24.6";"9.4";"9.8";"1.1";"0.6";"10";"38";"18";"43";"62";"";"";"0.7";"0.4";"0.4";"1.4";"2.4";"1.5";"1.4";"1.1";"1.3";"1.1";"";"29";"0";"6.6";"4.4";"3.9";"4.9";"10.4";"73";"48"
"China";"CHN";"Super League";"27-06-2026 09:00";"FT";"Chongqing Tonglianglong FC";"1";"0";"Tianjin Jinmen Tiger";"0";"0";"2.04";"3.91";"1.44";"1.18";"2";"16";"54";"43";"5";"51";"48";"80";"";"2.7";"2";"1.5";"1.4";"1.1";"1.3";"60";"54";"40";"80";"3";"22.7";"7.8";"10.2";"1.6";"1.3";"11";"66";"60";"38";"43";"";"";"0.4";"0.6";"0.5";"0.3";"1.8";"0.9";"0.6";"1";"1.1";"0.9";"";"38";"29";"5.1";"4";"4.4";"7";"10.4";"73";"60"
"China";"CHN";"League Two";"27-06-2026 05:00";"FT";"Changchun Xidu";"0";"0";"Haimen Codion";"0";"0";"5.31";"1.60";"1.35";"1.20";"11";"7";"39";"24";"2";"17";"20";"38";"";"1.3";"2";"0.5";"0.6";"0.5";"1";"38";"46";"22";"100";"2.2";"19.2";"5.8";"10.3";"1.2";"0.7";"9";"88";"70";"67";"43";"";"";"0.3";"0.3";"0.2";"0.4";"0.7";"0.6";"0.3";"0.6";"0.2";"0.3";"";"17";"14";"5";"6.4";"5";"4.1";"8.7";"77";"54"
"China";"CHN";"League Two";"27-06-2026 05:00";"FT";"Shanghai Segenda";"0";"2";"Qingdao Red Lions";"0";"1";"2.68";"2.55";"1.40";"1.17";"10";"8";"28";"28";"5";"24";"27";"58";"";"1.9";"2";"0.7";"0.8";"1.2";"1.2";"50";"42";"25";"92";"2.2";"20.8";"6";"7.8";"0.8";"0.8";"8";"63";"63";"67";"50";"";"";"0.2";"0.5";"0.2";"0.3";"1.4";"0.6";"1";"0.8";"0.5";"0.3";"";"17";"17";"2.5";"4.3";"4.7";"4.2";"8.7";"50";"42"
"China";"CHN";"League Two";"27-06-2026 05:00";"FT";"Dalian Kewei";"1";"0";"Shanghai Port B";"0";"0";"2.13";"3.39";"1.47";"1.14";"4";"1";"78";"76";"5";"41";"78";"52";"";"2.2";"2";"1.2";"2.3";"0.2";"0.7";"30";"75";"45";"86";"2.2";"23.3";"7";"9.6";"2.3";"2.3";"9";"100";"80";"33";"57";"";"";"0.7";"1.4";"0";"0.6";"0.8";"1.4";"0.2";"0.1";"0.5";"0.9";"";"67";"71";"5.5";"4.7";"4";"5";"8.7";"62";"62"
"China";"CHN";"League Two";"27-06-2026 08:30";"FT";"Lanzhou Longyuan";"0";"0";"Dalian Yingbo B";"0";"0";"2.19";"3.50";"1.57";"1.09";"9";"5";"39";"39";"5";"7";"24";"42";"";"1.1";"2";"0.2";"0.7";"0.5";"0.8";"25";"34";"17";"100";"2.2";"17";"5";"11.2";"1.2";"1.2";"10";"88";"77";"33";"67";"";"";"0";"0.3";"0.2";"0.7";"0.5";"0.6";"0.3";"0.2";"0.2";"0.3";"";"17";"17";"6.2";"5.5";"5.5";"5.2";"8.7";"84";"67"
"China";"CHN";"League Two";"27-06-2026 08:30";"FT";"Hubei Istar";"2";"0";"Guizhou Zhucheng Athletic";"2";"0";"3.99";"1.80";"1.30";"1.25";"2";"1";"61";"39";"2";"58";"24";"75";"";"2.2";"2";"1.7";"0.7";"1";"1.2";"50";"50";"50";"92";"2.2";"23.8";"6.6";"8";"1.8";"1.2";"9";"70";"63";"67";"67";"";"";"0.7";"0";"0.5";"0.2";"1.6";"0.7";"0.5";"1";"1";"0.7";"";"50";"33";"3.5";"5.5";"3.7";"3.2";"8.7";"50";"42"
"China";"CHN";"League Two";"27-06-2026 08:30";"FT";"Guangdong Mingtu";"1";"2";"Xiamen Feilu";"1";"1";"3.19";"2.03";"1.27";"1.30";"9";"4";"22";"29";"5";"17";"54";"60";"";"2.3";"2";"0.5";"1.6";"0.8";"1.7";"60";"52";"52";"72";"2.2";"22";"7.7";"8.2";"0.7";"0.9";"8";"77";"46";"50";"57";"";"";"0";"0.7";"0.2";"0.9";"1.4";"0.9";"0.7";"0.9";"0.5";"0.9";"";"0";"14";"4.7";"3.4";"3.8";"4.4";"8.7";"62";"45"
"Cameroon";"CMR";"Elite One";"27-06-2026 12:00";"FT";"Fortuna Mfou";"1";"2";"Stade Renard";"1";"1";"";"";"";"";"13";"10";"20";"13";"";"17";"37";"75";"";"2.6";"2";"0.5";"1.1";"1.6";"2";"55";"75";"50";"75";"2.5";"17.6";"6.3";"9.2";"0.6";"0.4";"9";"49";"35";"40";"40";"";"";"0.2";"0.1";"0.8";"1.2";"1.5";"1.2";"0.8";"0.8";"0.3";"1";"";"10";"0";"4.8";"5";"3.3";"5.3";"8.6";"75";"60"
"Ecuador";"ECU";"Superliga Femenina";"27-06-2026 11:00";"FT";"Quito FC W";"0";"5";"Barcelona W";"0";"0";"";"";"";"";"11";"2";"0";"87";"";"34";"61";"90";"";"4.2";"4";"1";"1.8";"5.2";"0.4";"60";"60";"70";"60";"3.8";"20.9";"9.2";"8.1";"0";"2.6";"8";"2";"100";"20";"40";"";"";"0.6";"0.4";"2.4";"0";"2.5";"1.7";"2.8";"0.4";"0.4";"1.4";"";"0";"80";"3";"3.5";"5.7";"4";"7.7";"58";"58"
"Ecuador";"ECU";"Superliga Femenina";"27-06-2026 17:30";"FT";"Carneras W";"1";"0";"Espuce W";"0";"0";"1.70";"3.93";"";"";"6";"9";"33";"6";"1";"17";"17";"84";"";"3.2";"3";"0.5";"0.5";"2.3";"3";"25";"58";"58";"58";"3.8";"26.9";"11.2";"8.1";"1";"0.2";"8";"25";"0";"67";"50";"";"";"0.2";"0.2";"0.8";"1.2";"2";"1.2";"1.5";"1.8";"0.3";"0.3";"";"33";"0";"4.5";"0.3";"4.8";"6.7";"7.7";"54";"54"
"Ethiopia";"ETH";"Premier League";"27-06-2026 09:00";"FT";"Hadiya Hosaena";"1";"1";"Dire Dawa Kenema";"1";"0";"3.96";"1.95";"1.58";"1.08";"11";"19";"27";"33";"2";"24";"24";"65";"";"1.8";"2";"0.7";"0.7";"1.1";"1.2";"50";"70";"20";"95";"1.8";"14.6";"5.2";"8.6";"0.8";"1";"8";"66";"63";"60";"70";"";"";"0.2";"0.4";"0.6";"0.7";"0.9";"1";"0.5";"0.5";"0.5";"0.3";"";"10";"20";"4.1";"5.3";"3.5";"4.4";"7.6";"60";"40"
"Ethiopia";"ETH";"Premier League";"27-06-2026 12:00";"FT";"Ethiopian Medhin";"0";"3";"Shire Endaselassie";"0";"2";"2.61";"2.68";"1.53";"1.08";"15";"18";"53";"17";"5";"34";"7";"50";"";"1.5";"2";"1";"0.2";"0.6";"1.2";"30";"45";"20";"95";"1.8";"14.4";"5.4";"8";"1.6";"0.5";"8";"84";"63";"50";"50";"";"";"0.5";"0.1";"0.2";"0.5";"0.8";"0.6";"0.4";"0.7";"0.5";"0.1";"";"40";"0";"3.9";"4";"4.2";"4";"7.6";"63";"37"
"Europe";"EUR";"All-Island Cup";"27-06-2026 09:00";"FT";"Shelbourne W";"4";"0";"Bohemians WFC W";"1";"0";"";"";"";"";"";"";"100";"50";"";"85";"34";"75";"";"2.8";"3";"2.5";"1";"1";"1";"75";"75";"75";"75";"3.8";"";"";"";"3";"1.5";"";"70";"70";"50";"50";"";"";"2";"0.5";"0.5";"1";"0.8";"2";"0.5";"0";"0.5";"0.5";"";"100";"50";"7.5";"";"5";"";"10.1";"";""
"Europe";"EUR";"All-Island Cup";"27-06-2026 13:00";"FT";"Galway United W";"1";"1";"Peamount United W";"0";"1";"";"";"";"";"";"";"100";"50";"";"100";"17";"75";"";"3.1";"3";"3";"0.5";"0.7";"2";"16";"";"58";"42";"3.8";"";"";"";"3";"1.5";"";"80";"35";"67";"50";"";"";"0.5";"";"0.5";"";"1.1";"0.4";"2.5";"";"2";"";"";"100";"50";"8.5";"";"2.5";"";"10.1";"";""
"Fiji";"FIJ";"FA Cup";"27-06-2026 01:30";"FT";"Lautoka";"1";"2";"Navua";"0";"0";"";"";"";"";"";"";"";"50";"";"";"";"";"";"";"";"";"1.5";"";"1";"";"";"";"";"";"";"";"";"";"1.5";"";"";"";"";"50";"";"";"";"1";"";"0";"";"";"";"1";"";"0.5";"";"";"50";"";"3.5";"";"4.5";"";"";""
"Finland";"FIN";"Veikkausliiga";"27-06-2026 08:00";"FT";"Ilves";"2";"2";"SJK";"0";"0";"2.17";"2.90";"1.15";"1.57";"8";"10";"67";"28";"5";"61";"34";"75";"";"2.8";"3";"1.8";"1";"1";"1.8";"42";"83";"50";"58";"2.6";"22.6";"8.7";"8.6";"2";"0.8";"9";"70";"42";"50";"50";"";"";"1.2";"0.5";"0.7";"0.7";"1.4";"1.5";"0.3";"1.2";"0.7";"0.5";"";"67";"17";"3.5";"4";"4";"5.7";"9.7";"58";"58"
"Finland";"FIN";"Veikkausliiga";"27-06-2026 11:00";"FT";"Mariehamn";"0";"2";"Inter Turku";"0";"1";"8.62";"1.30";"1.17";"1.51";"12";"1";"17";"61";"4";"24";"68";"92";"";"3";"3";"0.7";"2";"2";"1.3";"58";"84";"50";"58";"2.6";"25.4";"9.4";"10.6";"0.5";"1.8";"10";"35";"60";"50";"50";"";"";"0.5";"1";"1";"0.5";"1.5";"1.5";"1";"0.8";"0.2";"1";"";"0";"50";"4.2";"4.8";"6.8";"5.3";"9.7";"84";"84"
"Finland";"FIN";"Veikkausliiga";"27-06-2026 11:00";"FT";"HJK";"0";"4";"KuPS";"0";"1";"2.28";"2.83";"1.17";"1.50";"4";"2";"61";"50";"5";"58";"44";"75";"";"2.6";"2";"1.7";"1.3";"1";"1.2";"58";"92";"42";"75";"2.6";"24.9";"8.4";"10";"1.8";"1.5";"10";"70";"63";"50";"33";"";"";"0.7";"0.7";"0.7";"0.7";"1.2";"1.3";"0.3";"0.5";"1";"0.7";"";"50";"33";"5.8";"6.8";"3.8";"3.5";"9.7";"75";"58"
"Finland";"FIN";"Veikkausliiga";"27-06-2026 13:00";"FT";"TPS";"3";"2";"Jaro";"1";"2";"2.03";"3.41";"1.26";"1.32";"7";"11";"72";"10";"5";"44";"10";"76";"";"2.4";"3";"1.3";"0.3";"0.7";"2.6";"40";"60";"45";"86";"2.6";"26";"9.1";"9.6";"2.2";"0.3";"10";"80";"14";"67";"57";"";"";"0.3";"0.1";"0.2";"1.1";"1.6";"0.9";"0.5";"1.4";"1";"0.1";"";"67";"0";"4.8";"3.4";"6";"5";"9.7";"86";"69"
"Finland";"FIN";"Veikkausliiga";"27-06-2026 13:00";"FT";"Gnistan";"1";"1";"VPS";"1";"1";"2.58";"2.59";"1.26";"1.32";"6";"5";"67";"44";"5";"68";"24";"58";"";"2.5";"2";"2";"0.7";"1.7";"0.7";"33";"66";"42";"75";"2.6";"25.2";"8.8";"9.2";"2";"1.3";"9";"46";"80";"50";"33";"";"";"0.7";"0.3";"0.7";"0.3";"1.5";"1";"1";"0.3";"1.3";"0.3";"";"67";"33";"3.3";"4.8";"6.2";"4.2";"9.7";"66";"58"
"Finland";"FIN";"Veikkausliiga";"27-06-2026 15:00";"FT";"Oulu";"1";"1";"Lahti";"0";"0";"2.00";"3.45";"1.24";"1.35";"3";"9";"100";"20";"5";"54";"20";"50";"";"1.9";"2";"1.6";"0.6";"0.4";"1.2";"40";"50";"40";"100";"2.6";"25.3";"8.1";"10.5";"3";"0.6";"10";"100";"63";"60";"40";"";"";"0.2";"0.4";"0";"0.8";"1.2";"0.7";"0.4";"0.4";"1.4";"0.2";"";"100";"20";"6.6";"5.2";"5";"4.2";"9.7";"90";"70"
"Finland";"FIN";"Ykkösliiga";"27-06-2026 10:00";"FT";"JIPPO";"1";"1";"EIF";"1";"0";"1.65";"4.63";"1.24";"1.34";"4";"6";"50";"0";"1";"27";"41";"56";"";"2.9";"3";"0.8";"1.2";"0.3";"3.4";"38";"66";"48";"70";"2.3";"20.3";"8";"9.2";"1.5";"0";"9";"100";"2";"33";"60";"";"";"0.3";"0.6";"0.2";"1.8";"1.5";"1.4";"0.2";"1.6";"0.5";"0.6";"";"33";"0";"4.7";"5.8";"3";"5";"9.7";"55";"46"
"Finland";"FIN";"Ykkösliiga";"27-06-2026 10:00";"FT";"Haka";"0";"2";"KTP";"0";"1";"2.37";"2.64";"1.23";"1.34";"3";"1";"61";"72";"5";"85";"41";"66";"";"3.1";"2";"2.5";"1.2";"1.5";"1";"58";"66";"58";"66";"2.3";"20.7";"9.6";"10";"1.8";"2.2";"10";"52";"70";"50";"33";"";"";"0.7";"0.5";"0.8";"0.5";"1.8";"1.2";"0.7";"0.5";"1.8";"0.7";"";"50";"67";"6.8";"6.8";"3";"3.3";"9.7";"75";"58"
"Finland";"FIN";"Kakkonen";"27-06-2026 08:00";"FT";"Union Plaani";"0";"3";"HIFK";"0";"2";"5.94";"1.34";"1.02";"2.24";"10";"2";"8";"58";"2";"27";"51";"88";"";"2.8";"3";"0.8";"1.5";"2.2";"1";"50";"62";"38";"62";"3.7";"22.4";"10.6";"11.5";"0.2";"1.8";"11";"28";"70";"50";"25";"";"";"0.2";"1";"0.5";"0.8";"1.5";"1.3";"1.8";"0.2";"0.5";"0.5";"";"0";"50";"6.5";"3";"8.5";"5";"11.1";"75";"75"
"Finland";"FIN";"Kakkonen";"27-06-2026 09:00";"FT";"GBK";"7";"0";"JS Hercules";"5";"0";"1.39";"5.28";"1.02";"2.67";"6";"10";"25";"25";"1";"34";"51";"88";"";"3.2";"3";"1";"1.5";"1.2";"2.8";"25";"88";"62";"75";"3.7";"33.6";"14.6";"11.9";"0.8";"0.8";"12";"63";"7";"25";"25";"";"";"0.8";"0.8";"0.5";"1.2";"1.6";"1.6";"0.8";"1.5";"0.2";"0.8";"";"25";"25";"5.2";"5.3";"7.5";"5.7";"11.1";"88";"88"
"Finland";"FIN";"Kakkonen";"27-06-2026 10:00";"FT";"MuSa";"2";"2";"P-Iirot";"1";"2";"3.64";"1.66";"1.03";"2.06";"9";"5";"8";"8";"2";"27";"27";"88";"";"3.3";"4";"0.8";"0.8";"3";"2";"38";"62";"38";"62";"3.7";"21.9";"10.1";"11.3";"0.2";"0.2";"11";"0";"35";"50";"25";"";"";"0.8";"0.5";"0.8";"0.5";"2";"1.2";"2.2";"1.5";"0";"0.2";"";"0";"0";"3";"2.5";"9.8";"7.2";"11.1";"75";"50"
"Finland";"FIN";"Kakkonen";"27-06-2026 10:00";"FT";"Huima / Urho";"3";"2";"JBK";"2";"1";"1.99";"2.86";"1.05";"1.94";"3";"5";"58";"33";"1";"100";"41";"88";"";"4.5";"4";"4";"1.2";"2.2";"1.5";"88";"75";"75";"50";"3.7";"27";"12";"12.1";"1.8";"1";"11";"28";"52";"50";"50";"";"";"1.8";"0.8";"0.5";"0.8";"2.6";"1.8";"1.8";"0.8";"2.2";"0.5";"";"50";"25";"7";"4.8";"6";"6.5";"11.1";"75";"62"
"Finland";"FIN";"Kakkonen";"27-06-2026 11:00";"FT";"PuiU Helsinki";"0";"2";"HPS";"0";"1";"2.45";"2.33";"1.10";"1.57";"9";"6";"33";"83";"5";"41";"75";"100";"";"2.9";"3";"1.2";"2.2";"1.5";"0.8";"62";"62";"50";"62";"3.7";"26";"10";"10.2";"1";"2.5";"10";"52";"77";"50";"50";"";"";"0.8";"0.8";"0.5";"0.8";"1.5";"1.4";"1";"0";"0.5";"1.5";"";"25";"75";"4.3";"6.8";"3";"6.5";"11.1";"84";"66"
"Finland";"FIN";"Kakkonen";"27-06-2026 11:00";"FT";"MYPA";"1";"2";"Atlantis";"1";"1";"2.90";"1.90";"1.02";"2.58";"8";"7";"7";"7";"2";"14";"54";"70";"";"3.8";"4";"0.4";"1.6";"2.4";"3.2";"60";"80";"70";"30";"3.7";"24.2";"11.1";"10.4";"0.2";"0.2";"11";"21";"2";"60";"80";"";"";"0.4";"0.8";"1.4";"2";"1.5";"2.3";"1";"1.2";"0";"0.8";"";"0";"0";"5";"5";"6.4";"4.5";"11.1";"100";"65"
"Finland";"FIN";"Kakkonen";"27-06-2026 11:00";"FT";"EPS";"1";"3";"GrIFK";"0";"1";"2.06";"2.82";"1.08";"1.71";"6";"7";"42";"33";"5";"85";"24";"66";"";"3";"3";"2.5";"0.7";"1.5";"1.3";"66";"84";"54";"58";"3.7";"18";"7.9";"9.6";"1.2";"1";"10";"52";"60";"50";"33";"";"";"1.2";"0.3";"0.8";"1";"1.4";"1.6";"0.8";"0.3";"1.2";"0.3";"";"25";"33";"6.5";"4.3";"4.5";"4";"11.1";"71";"54"
"Finland";"FIN";"Kakkonen";"27-06-2026 11:00";"FT";"HJS Akatemia";"3";"0";"NJS";"2";"0";"1.10";"14.16";"1.04";"2.23";"3";"10";"33";"8";"3";"34";"17";"88";"";"3";"3";"1";"0.5";"1.5";"3";"50";"62";"50";"50";"3.7";"16.6";"8.1";"9.6";"1";"0.2";"10";"52";"0";"25";"75";"";"";"0.5";"0.2";"0.5";"1.5";"1.6";"1.4";"1";"1.5";"0.5";"0.2";"";"25";"0";"5.2";"3.2";"4.8";"6";"11.1";"75";"62"
"Finland";"FIN";"Kakkonen";"27-06-2026 11:00";"FT";"TP-47";"0";"3";"VPS II";"0";"1";"2.03";"2.65";"1.03";"2.30";"2";"7";"50";"33";"5";"85";"100";"100";"";"5";"4";"2.5";"3";"2";"2.5";"100";"100";"88";"25";"3.7";"30.2";"14.6";"11.6";"1.5";"1";"12";"35";"18";"25";"50";"";"";"1.2";"1";"1.2";"1";"2.8";"2.2";"0.8";"1.5";"1.2";"2";"";"25";"25";"7.7";"6.5";"4.7";"4.2";"11.1";"58";"58"
"Finland";"FIN";"Kakkonen";"27-06-2026 11:00";"FT";"PEPO";"2";"2";"PPJ";"1";"1";"1.88";"3.14";"1.08";"1.72";"2";"5";"83";"67";"1";"75";"95";"100";"";"3.6";"4";"2.2";"2.8";"1";"1.2";"88";"88";"88";"38";"3.7";"27.8";"11.9";"10.8";"2.5";"2";"11";"70";"63";"25";"100";"";"";"0.5";"1.2";"0.8";"0.5";"2.1";"1.5";"0.2";"0.8";"1.8";"1.5";"";"75";"50";"8.2";"5";"3.8";"4.5";"11.1";"88";"75"
"Finland";"FIN";"Kakkonen";"27-06-2026 13:26";"FT";"Kiffen";"3";"2";"Reipas";"2";"1";"1.90";"2.99";"1.05";"1.88";"6";"5";"75";"25";"1";"75";"61";"100";"";"3.6";"4";"2.2";"1.8";"1.5";"1.8";"50";"100";"88";"50";"3.7";"24.2";"10.6";"10.9";"2.2";"0.8";"11";"52";"42";"75";"25";"";"";"1";"1.2";"0.8";"0.8";"1.8";"1.9";"0.8";"1";"1.2";"0.5";"";"75";"25";"4.8";"5.8";"5.2";"6";"11.1";"100";"88"
"Finland";"FIN";"Kolmonen - Eastern Group";"27-06-2026 08:00";"FT";"NiemU";"0";"1";"Kings";"";"";"2.13";"2.36";"";"";"1";"2";"100";"100";"5";"100";"100";"100";"";"4.8";"4";"4.2";"3.8";"0";"1.8";"38";"100";"88";"25";"4";"";"";"";"3";"3";"";"100";"42";"25";"50";"";"";"2";"1.5";"0";"1";"2.6";"2.2";"0";"0.8";"2.2";"2.2";"";"100";"100";"";"";"";"";"10.6";"";""
"Finland";"FIN";"Kolmonen - Eastern Group";"27-06-2026 09:00";"FT";"HaPK";"2";"3";"IPS Edustus";"";"";"2.53";"2.05";"";"";"4";"3";"58";"67";"5";"41";"51";"62";"";"2.2";"3";"1.2";"1.5";"1";"0.8";"25";"";"38";"62";"4";"";"";"";"1.8";"2";"";"70";"77";"50";"25";"";"";"";"0.7";"";"0.7";"0.9";"0.6";"";"0.3";"";"1.3";"";"50";"50";"";"6.5";"";"4";"10.6";"";""
"Finland";"FIN";"Kolmonen - Eastern Group";"27-06-2026 09:00";"FT";"STPS";"3";"1";"KJP";"";"";"7.90";"1.22";"";"";"10";"7";"33";"50";"4";"61";"41";"62";"";"2.8";"3";"1.8";"1.2";"1.5";"1.2";"50";"";"62";"50";"4";"";"";"";"1";"1.5";"";"52";"63";"50";"50";"";"";"";"1";"";"0.7";"0.6";"1";"";"1";"";"0.7";"";"25";"50";"";"3.7";"";"7";"10.6";"";""
"Finland";"FIN";"Kolmonen - Eastern Group";"27-06-2026 09:00";"FT";"MiPK";"4";"0";"KoPa";"2";"0";"1.24";"7.14";"";"";"5";"8";"58";"25";"3";"75";"27";"88";"";"3.6";"3";"2.2";"0.8";"1.8";"2.5";"50";"100";"62";"50";"4";"33.2";"13.8";"8";"1.8";"0.8";"9";"42";"18";"50";"50";"";"";"0.5";"0.3";"2.5";"1";"1.5";"1.2";"2";"2.3";"3";"0.7";"";"50";"25";"4";"2.3";"4";"5.7";"10.6";"66";"16"
"Finland";"FIN";"Kolmonen - Northern Group";"27-06-2026 11:00";"FT";"PonPa";"2";"4";"Ajax Sarkkiranta";"1";"3";"8.16";"1.19";"";"";"9";"7";"0";"17";"4";"0";"34";"100";"";"6.2";"4";"0";"1";"8";"3.5";"25";"";"100";"0";"4";"";"";"";"0";"0.5";"";"2";"2";"50";"50";"";"";"";"";"";"";"0";"0";"";"";"";"";"";"0";"0";"";"";"";"";"11.4";"";""
"Finland";"FIN";"Kolmonen - Northern Group";"27-06-2026 11:00";"FT";"KajHa";"3";"2";"HauPa";"0";"1";"1.41";"4.86";"";"";"4";"2";"100";"78";"1";"100";"44";"84";"";"2.8";"3";"3.5";"1.3";"0.5";"0.3";"42";"";"50";"75";"4";"";"";"";"3";"2.3";"";"88";"100";"50";"67";"";"";"";"";"";"";"0.6";"0.4";"";"";"";"";"";"100";"67";"";"";"";"";"11.4";"";""
"Finland";"FIN";"Kolmonen - Northern Group";"27-06-2026 11:30";"CANCELLED";"Hercules-j";"";"";"KaPa Kajaani";"";"";"15.75";"1.08";"";"";"";"6";"";"11";"";"";"";"";"";"";"";"";"1.7";"";"2.3";"";"";"";"";"";"";"";"";"";"0.3";"";"";"";"";"67";"";"";"";"";"";"";"";"";"";"";"";"";"";"";"0";"";"";"";"";"";"";""
"Finland";"FIN";"Kolmonen - Western Group";"27-06-2026 09:00";"FT";"MaPS";"0";"2";"PIF";"0";"0";"3.28";"1.82";"";"";"6";"7";"80";"83";"2";"82";"68";"78";"";"3";"4";"2.4";"2";"1";"0.5";"55";"100";"65";"58";"3.7";"20";"10.4";"13.6";"2.4";"2.5";"12";"70";"88";"60";"50";"";"";"1.4";"1.7";"0.2";"0.3";"1.2";"1.6";"0.8";"0.3";"1";"1";"";"80";"75";"7.7";"8.7";"5.7";"5.3";"10";"100";"100"
"Finland";"FIN";"Kolmonen - Western Group";"27-06-2026 11:00";"FT";"TP-T";"0";"2";"Tampere United II";"0";"1";"3.69";"1.62";"";"";"9";"3";"20";"67";"2";"54";"61";"90";"";"3.5";"3";"1.6";"1.8";"2.6";"1";"70";"90";"70";"40";"3.7";"24.2";"10.4";"8.3";"0.6";"2";"9";"14";"70";"20";"40";"";"";"1";"1";"0.6";"0.4";"2";"1.5";"2";"0.6";"0.6";"0.8";"";"20";"60";"3.6";"3.5";"5";"4.5";"10";"65";"35"
"Finland";"FIN";"Kolmonen - Western Group";"27-06-2026 14:00";"FT";"Mariehamn II";"2";"1";"EuPa";"1";"0";"2.53";"2.05";"";"";"3";"1";"75";"72";"5";"100";"78";"92";"";"3.8";"4";"3.2";"2.3";"1.2";"0.7";"75";"92";"84";"54";"3.7";"";"";"";"2.2";"2.2";"";"63";"80";"50";"67";"";"";"2.2";"1.2";"0.2";"0.3";"1.8";"2";"1";"0.3";"1";"1.2";"";"75";"67";"";"6.4";"";"4.2";"10";"";""
"Finland";"FIN";"Kolmonen - Southern Group";"27-06-2026 09:00";"FT";"Futura";"8";"0";"Gnistan/Ogeli";"6";"0";"1.11";"10.50";"";"";"1";"8";"87";"22";"3";"100";"24";"90";"";"3.6";"4";"3";"0.7";"1.2";"2.3";"74";"74";"56";"44";"4.1";"";"";"";"2.6";"0.7";"";"63";"25";"60";"33";"";"";"1.2";"0";"0.8";"1";"2.1";"1.5";"0.4";"1.3";"1.8";"0.7";"";"80";"0";"";"5.7";"";"7.7";"9.8";"";""
"Finland";"FIN";"Kolmonen - Southern Group";"27-06-2026 10:00";"FT";"Ponnistus";"0";"0";"TuPS";"0";"0";"4.94";"1.40";"";"";"10";"7";"58";"40";"2";"61";"61";"68";"";"4.4";"5";"1.8";"1.8";"3.8";"1.4";"68";"78";"68";"42";"4.1";"16.5";"10.2";"7.2";"1.8";"1.2";"8";"2";"56";"25";"40";"";"";"1.2";"0.4";"1.5";"0.6";"2.5";"1.9";"2.2";"0.8";"0.5";"1.4";"";"50";"40";"2";"4.3";"5.5";"2.7";"9.8";"42";"16"
"Faroe Islands";"FRO";"1. Deild";"27-06-2026 09:00";"FT";"Víkingur II";"3";"1";"HB II";"2";"0";"1.37";"5.76";"";"";"2";"7";"71";"48";"1";"71";"44";"86";"";"3";"3";"2.1";"1.3";"1.3";"1.4";"57";"78";"72";"57";"3.8";"";"";"";"2.1";"1.4";"";"60";"56";"57";"57";"";"";"1";"0.6";"0.7";"0.4";"1.7";"1.4";"0.6";"1";"1.1";"0.7";"";"57";"43";"";"5";"";"6.3";"11.1";"";""
"Faroe Islands";"FRO";"1. Deild";"27-06-2026 10:15";"FT";"EB / Streymur II";"0";"2";"Suduroy";"0";"1";"";"";"";"";"10";"3";"17";"57";"";"41";"71";"87";"";"3.6";"4";"1.2";"2.1";"2.5";"1.3";"54";"80";"66";"54";"3.8";"";"";"";"0.5";"1.7";"";"18";"60";"50";"43";"";"";"0.2";"0.4";"1.1";"0.9";"2.2";"1.4";"1.4";"0.4";"1";"1.7";"";"12";"57";"3.5";"";"9";"";"11.1";"";""
"Faroe Islands";"FRO";"1. Deild";"27-06-2026 10:15";"FT";"NSÍ II";"0";"1";"B36 II";"0";"1";"1.99";"2.85";"1.08";"1.84";"4";"6";"33";"47";"1";"44";"75";"92";"";"4";"4";"1.3";"2.2";"2.2";"2.2";"45";"90";"74";"64";"3.8";"26.4";"12";"12.8";"1";"1.4";"12";"28";"28";"33";"40";"";"";"0.8";"0.6";"1";"0.6";"2.4";"1.5";"1.2";"1.6";"0.5";"1.6";"";"33";"40";"6.2";"7";"6.2";"6";"11.1";"100";"88"
"Faroe Islands";"FRO";"1. Deild";"27-06-2026 13:00";"FT";"Hoyvik";"1";"2";"ÍF";"1";"2";"4.33";"1.54";"1.06";"2.09";"9";"6";"29";"46";"2";"65";"71";"100";"";"5";"5";"1.9";"2.1";"3";"2.9";"66";"93";"94";"13";"3.8";"27.2";"13.1";"12.1";"0.9";"1.4";"12";"0";"4";"57";"62";"";"";"0.9";"0.6";"1.1";"0.8";"3.2";"1.7";"1.9";"2.1";"1";"1.5";"";"29";"38";"5.7";"6.2";"6";"6.2";"11.1";"84";"84"
"Faroe Islands";"FRO";"2. Deild";"27-06-2026 08:00";"FT";"Víkingur III";"0";"3";"07 Vestur II";"0";"1";"";"";"";"";"5";"6";"60";"47";"";"100";"54";"90";"";"5.3";"5";"3.4";"1.6";"2.4";"3.2";"90";"100";"80";"30";"5";"";"";"";"1.8";"1.4";"";"21";"2";"60";"60";"";"";"1.5";"1";"1.5";"3";"1.3";"1.4";"6.5";"5";"5";"3";"";"60";"40";"";"";"";"";"0";"";""
"Faroe Islands";"FRO";"2. Deild";"27-06-2026 08:00";"FT";"MB";"2";"3";"Skála II";"2";"3";"";"";"";"";"11";"9";"40";"20";"";"100";"48";"90";"";"5.6";"5";"3";"1.4";"3";"3.8";"60";"";"80";"30";"5";"";"";"";"1.2";"0.6";"";"0";"2";"60";"40";"";"";"";"0.3";"";"2.3";"1.4";"1.4";"";"4";"";"2";"";"40";"20";"";"";"";"";"0";"";""
"Faroe Islands";"FRO";"2. Deild";"27-06-2026 09:00";"FT";"KÍ II";"6";"1";"B71 II";"3";"1";"";"";"";"";"1";"8";"87";"0";"";"100";"48";"90";"";"4.9";"5";"3.8";"1.4";"0.8";"3.8";"80";"84";"70";"40";"5";"";"";"";"2.6";"0";"";"77";"2";"40";"60";"";"";"2";"0.5";"0.3";"0.5";"0.9";"0.9";"3";"9";"2.3";"3";"";"80";"0";"";"";"";"";"0";"";""
"Faroe Islands";"FRO";"2. Deild";"27-06-2026 10:00";"FT";"AB Argir II";"1";"4";"ÍF II";"0";"2";"";"";"";"";"2";"10";"100";"20";"";"100";"54";"100";"";"5.4";"5";"3.8";"1.6";"1.2";"4.2";"80";"";"90";"30";"5";"";"";"";"3";"0.6";"";"63";"2";"40";"80";"";"";"1";"";"1";"";"1.4";"0.6";"4";"";"2.3";"";"";"100";"20";"";"";"";"";"0";"";""
"Faroe Islands";"FRO";"2. Deild";"27-06-2026 13:00";"FT";"B68 II";"3";"0";"Suduroy II";"0";"0";"";"";"";"";"4";"3";"60";"60";"";"100";"95";"90";"";"5.2";"6";"3.6";"2.8";"2.4";"1.6";"80";"75";"90";"20";"5";"";"";"";"1.8";"1.8";"";"21";"49";"80";"60";"";"";"0.5";"0.5";"0";"0.5";"1.1";"0.3";"6";"3";"8.5";"4.5";"";"60";"60";"";"";"";"";"0";"";""
"Gabon";"GAB";"Champoinnat D1";"27-06-2026 10:00";"FT";"Lozo";"0";"0";"FC 105";"0";"0";"";"";"";"";"10";"6";"57";"63";"";"34";"51";"55";"";"2";"2";"1";"1.5";"0.4";"1.1";"25";"55";"30";"80";"2.4";"";"";"";"1.7";"1.9";"";"100";"66";"30";"50";"";"";"0.9";"0.3";"0.1";"0.4";"1.2";"0.8";"0.3";"0.7";"0.1";"1.2";"";"50";"60";"";"";"";"";"0";"";""
"Gabon";"GAB";"Champoinnat D1";"27-06-2026 11:30";"FT";"Stade Mandji";"3";"1";"Dikaki";"0";"0";"";"";"";"";"2";"14";"90";"13";"";"78";"24";"80";"";"2.8";"3";"2.3";"0.7";"0.4";"2.3";"35";"55";"50";"65";"2.4";"";"";"";"2.7";"0.4";"";"100";"25";"40";"60";"";"";"0.7";"0.1";"0.1";"1.2";"1.8";"1";"0.3";"1.1";"1.6";"0.6";"";"90";"10";"";"";"";"";"0";"";""
"Gabon";"GAB";"Champoinnat D1";"27-06-2026 11:30";"FT";"Ogooue";"0";"0";"Oyem AC";"0";"0";"";"";"";"";"3";"4";"93";"60";"";"78";"65";"70";"";"3.2";"2";"2.3";"1.9";"1.1";"1.1";"55";"65";"60";"60";"2.4";"";"";"";"2.8";"1.8";"";"66";"66";"50";"40";"";"";"1.2";"0.7";"0.2";"0.5";"1.9";"1.3";"0.9";"0.6";"1.1";"1.2";"";"90";"60";"";"";"";"";"0";"";""
"Gabon";"GAB";"Champoinnat D1";"27-06-2026 11:30";"FT";"Lambaréné";"3";"2";"Bitam";"0";"0";"";"";"";"";"11";"12";"43";"57";"";"37";"44";"78";"";"2.6";"2";"1.1";"1.3";"1.1";"1.7";"56";"73";"63";"80";"2.4";"";"";"";"1.3";"1.7";"";"66";"46";"40";"86";"";"";"0.6";"0.6";"0.2";"0.9";"1.5";"1.1";"0.9";"0.9";"0.5";"0.7";"";"40";"57";"";"";"";"";"0";"";""
"Gabon";"GAB";"Champoinnat D1";"27-06-2026 11:30";"FT";"Oyem";"1";"0";"Mangasport";"0";"0";"";"";"";"";"8";"1";"63";"80";"";"54";"68";"70";"";"2.6";"2";"1.6";"2";"0.9";"0.6";"45";"74";"65";"85";"2.4";"";"";"";"1.9";"2.4";"";"74";"84";"60";"70";"";"";"0.7";"0.9";"0.4";"0.3";"1.3";"1.1";"0.5";"0.3";"0.9";"1.3";"";"60";"80";"";"";"";"";"0";"";""
"Gabon";"GAB";"Champoinnat D1";"27-06-2026 11:30";"FT";"Vautour Club";"2";"1";"Stade Migovéen";"1";"1";"";"";"";"";"7";"9";"44";"40";"";"27";"31";"47";"";"1.8";"2";"0.8";"0.9";"0.7";"1.4";"36";"68";"31";"85";"2.4";"";"";"";"1.3";"1.2";"";"80";"56";"44";"40";"";"";"0.3";"0.4";"0.6";"1";"0.8";"1.2";"0.1";"0.4";"0.4";"0.5";"";"33";"30";"";"";"";"";"0";"";""
"Gabon";"GAB";"Champoinnat D1";"27-06-2026 12:00";"FT";"Bouenguidi";"1";"0";"Cercle Mbéri";"0";"0";"";"";"";"";"13";"5";"30";"50";"";"20";"48";"70";"";"2";"2";"0.6";"1.4";"0.9";"1";"40";"55";"20";"85";"2.4";"";"";"";"0.9";"1.5";"";"74";"70";"70";"30";"";"";"0.2";"0.7";"0.3";"0.6";"1";"0.9";"0.6";"0.4";"0.4";"0.7";"";"10";"40";"";"";"";"";"0";"";""
"Georgia";"GEO";"Super Cup";"27-06-2026 12:00";"FT";"FC Iberia 1999";"1";"0";"Dinamo Tbilisi";"1";"0";"2.52";"2.64";"";"";"";"";"";"";"";"";"";"";"";"";"";"";"";"";"";"";"";"";"";"";"";"";"";"";"";"";"";"";"";"";"";"";"";"";"";"";"";"";"";"";"";"";"";"";"";"";"";"";"";"";"";""
"Georgia";"GEO";"Super Cup";"27-06-2026 14:00";"FT";"Dila";"0";"1";"Torpedo Kutaisi";"0";"0";"2.37";"2.94";"";"";"";"";"";"";"";"";"";"";"";"";"";"";"";"";"";"";"";"";"";"";"";"";"";"";"";"";"";"";"";"";"";"";"";"";"";"";"";"";"";"";"";"";"";"";"";"";"";"";"";"";"";""
"Grenada";"GRN";"Premier Division";"27-06-2026 19:00";"AWAITING_UPDATES";"Hurricanes";"";"";"St. David’s";"";"";"";"";"";"";"";"";"";"";"";"";"";"";"";"";"";"";"";"";"";"";"";"";"";"";"";"";"";"";"";"";"";"";"";"";"";"";"";"";"";"";"";"";"";"";"";"";"";"";"";"";"";"";"";"";"";""
"Grenada";"GRN";"Premier Division";"27-06-2026 20:00";"AWAITING_UPDATES";"St. Andrew's FL";"";"";"Hard Rock";"";"";"";"";"";"";"10";"";"17";"";"";"";"";"";"";"";"";"1";"";"1.5";"";"";"";"";"";"";"";"";"";"0.5";"";"";"";"";"50";"";"";"";"";"";"";"";"";"";"";"";"";"";"";"0";"";"";"";"";"";"";"";""
"French Guiana";"GUF";"Régional 1";"27-06-2026 15:45";"CANCELLED";"Remire";"";"";"Matoury";"";"";"";"";"";"";"13";"8";"44";"43";"";"31";"34";"63";"";"2";"2";"0.9";"1";"0.9";"1.1";"47";"";"31";"84";"2.3";"";"";"";"1.3";"1.3";"";"74";"66";"56";"40";"";"";"";"";"";"";"0";"0";"";"";"";"";"";"22";"30";"";"";"";"";"0";"";""
"French Guiana";"GUF";"Régional 1";"27-06-2026 15:45";"CANCELLED";"Sinnamary";"";"";"Olympique Cayenne";"";"";"";"";"";"";"6";"12";"37";"30";"";"51";"27";"63";"";"2.4";"2";"1.5";"0.8";"1.4";"1.2";"47";"";"42";"74";"2.3";"";"";"";"1.1";"0.9";"";"56";"63";"40";"56";"";"";"";"";"";"";"0";"0";"";"";"";"";"";"20";"22";"";"";"";"";"0";"";""
"French Guiana";"GUF";"Régional 1";"27-06-2026 15:45";"CANCELLED";"CSC Cayenne";"";"";"Loyola";"";"";"";"";"";"";"14";"10";"7";"19";"";"27";"37";"84";"";"3.6";"3";"0.8";"1.1";"2.7";"2.6";"53";"";"64";"47";"2.3";"";"";"";"0.2";"0.6";"";"10";"14";"50";"56";"";"";"";"";"";"";"0";"0";"";"";"";"";"";"0";"11";"";"";"";"";"0";"";""
"French Guiana";"GUF";"Régional 1";"27-06-2026 15:45";"CANCELLED";"Aigles d'Or de Mana";"";"";"Agouado";"";"";"";"";"";"";"11";"5";"40";"54";"";"61";"61";"66";"";"2.8";"2";"1.8";"1.8";"1.4";"0.6";"50";"";"49";"68";"2.3";"";"";"";"1.2";"1.6";"";"56";"84";"40";"38";"";"";"";"";"";"";"0";"0";"";"";"";"";"";"30";"38";"";"";"";"";"0";"";""
"French Guiana";"GUF";"Régional 1";"27-06-2026 15:45";"CANCELLED";"Etoile Matoury";"";"";"Karib";"";"";"";"";"";"";"1";"2";"67";"47";"";"78";"34";"58";"";"2.1";"2";"2.3";"1";"0.3";"0.5";"20";"";"32";"78";"2.3";"";"";"";"2";"1.4";"";"100";"88";"44";"50";"";"";"";"";"";"";"0";"0";"";"";"";"";"";"56";"30";"";"";"";"";"0";"";""
"French Guiana";"GUF";"Régional 1";"27-06-2026 15:45";"CANCELLED";"Le Geldar";"";"";"Armire";"";"";"";"";"";"";"4";"9";"67";"30";"";"61";"24";"50";"";"2.2";"2";"1.8";"0.7";"1";"0.9";"45";"";"40";"65";"2.3";"";"";"";"2";"0.9";"";"70";"74";"50";"50";"";"";"";"";"";"";"0";"0";"";"";"";"";"";"50";"10";"";"";"";"";"0";"";""
"French Guiana";"GUF";"Régional 1";"27-06-2026 15:45";"CANCELLED";"Cosma";"";"";"Grand Santi";"";"";"";"";"";"";"3";"7";"57";"37";"";"54";"54";"76";"";"3.3";"2";"1.6";"1.6";"1.7";"1.7";"64";"";"68";"42";"2.3";"";"";"";"1.7";"1.1";"";"46";"46";"57";"60";"";"";"";"";"";"";"0";"0";"";"";"";"";"";"43";"20";"";"";"";"";"0";"";""
"Republic of Ireland";"IRL";"U20 National League";"27-06-2026 08:00";"FT";"UCD U20";"3";"1";"Drogheda United U20";"2";"0";"";"";"";"";"5";"1";"60";"60";"";"100";"68";"100";"";"4.6";"4";"4.4";"2";"1.6";"1.2";"70";"66";"80";"50";"3.9";"20.8";"11.2";"11";"1.8";"1.8";"10";"49";"63";"60";"20";"";"";"0.7";"1.3";"0.3";"1.3";"1.6";"1.1";"5";"0.7";"4";"2";"";"40";"60";"6.3";"5";"6";"4.7";"9.8";"84";"67"
"Republic of Ireland";"IRL";"U20 National League";"27-06-2026 09:00";"FT";"Longford Town U20";"1";"0";"Klub Kildare U20";"0";"0";"";"";"";"";"1";"3";"22";"20";"";"51";"20";"80";"";"3";"4";"1.5";"0.6";"2.2";"1.8";"44";"";"54";"65";"3.9";"";"";"";"0.7";"0.6";"";"28";"42";"50";"40";"";"";"";"";"";"";"0.6";"0.6";"";"";"";"";"";"17";"20";"";"";"";"";"9.8";"";""
"Republic of Ireland";"IRL";"U20 National League";"27-06-2026 10:00";"FT";"Derry City U20";"1";"1";"Dundalk U20";"0";"0";"3.57";"1.68";"";"";"6";"2";"40";"40";"2";"68";"61";"90";"";"4";"4";"2";"1.8";"2";"2.2";"70";"100";"80";"50";"3.9";"17.8";"9.6";"8.9";"1.2";"1.2";"10";"35";"28";"60";"40";"";"";"1";"1.3";"1.4";"2.3";"1.1";"2.3";"0.6";"1.3";"1";"1.7";"";"40";"40";"6.6";"5.3";"3.2";"2.7";"9.8";"84";"56"
"Republic of Ireland";"IRL";"U20 National League";"27-06-2026 10:00";"FT";"Shelbourne U20";"2";"3";"Cork City U20";"0";"0";"";"";"";"";"3";"2";"100";"33";"";"100";"34";"75";"";"3.6";"3";"4.2";"1";"0.8";"1.2";"50";"50";"75";"54";"3.9";"18.6";"9.4";"10.2";"3";"1";"10";"77";"63";"50";"50";"";"";"1.7";"0";"0";"0";"0.9";"0.4";"4";"2.5";"4.3";"2";"";"100";"25";"7";"6";"4";"3.5";"9.8";"75";"58"
"Republic of Ireland";"IRL";"U20 National League";"27-06-2026 10:00";"AWAITING_UPDATES";"Finn Harps U20";"";"";"Mayo U20";"";"";"";"";"";"";"5";"8";"47";"0";"";"68";"24";"100";"";"5";"5";"2";"0.7";"2";"5.3";"36";"100";"92";"46";"3.9";"26.8";"12.4";"9.2";"1.4";"0";"9";"35";"2";"40";"50";"";"";"1.5";"0";"1.2";"2";"1.2";"1.6";"0.5";"8.7";"1.8";"1.3";"";"40";"0";"5.5";"3";"5";"5";"9.8";"71";"54"
"Republic of Ireland";"IRL";"U20 National League";"27-06-2026 10:00";"AWAITING_UPDATES";"Waterford U20";"";"";"Galway United U20";"";"";"";"";"";"";"2";"3";"53";"8";"";"41";"41";"78";"";"3.2";"3";"1.2";"1.2";"0.8";"3.2";"45";"";"58";"62";"3.9";"";"";"";"1.6";"0.2";"";"77";"2";"80";"75";"";"";"";"0.5";"";"2";"0.8";"0.6";"";"4.5";"";"2";"";"40";"0";"";"6.5";"";"6.5";"9.8";"";""
"Republic of Ireland";"IRL";"U20 National League";"27-06-2026 11:00";"AWAITING_UPDATES";"Shamrock Rovers U20";"";"";"St Patrick's U20";"";"";"";"";"";"";"7";"6";"100";"75";"";"100";"68";"90";"";"3.8";"4";"4.4";"2";"0.4";"0.8";"45";"";"78";"60";"3.9";"";"";"";"3";"2.2";"";"100";"77";"60";"75";"";"";"";"";"";"";"0";"0";"";"";"";"";"";"100";"75";"";"";"";"";"9.8";"";""
"Republic of Ireland";"IRL";"U20 National League";"27-06-2026 11:00";"AWAITING_UPDATES";"Bray Wanderers U20";"";"";"Bohemians U20";"";"";"";"";"";"";"8";"4";"87";"40";"";"100";"41";"100";"";"4.3";"4";"4";"1.2";"1.8";"1.6";"50";"100";"80";"40";"3.9";"18.9";"10.1";"8.4";"2.6";"1.2";"9";"42";"49";"40";"60";"";"";"1";"0.3";"1";"1.3";"1.4";"0.9";"6.5";"1.3";"6";"1.7";"";"80";"40";"4.5";"4.7";"2.5";"5";"9.8";"75";"50"
"Republic of Ireland";"IRL";"U20 National League";"27-06-2026 12:00";"AWAITING_UPDATES";"Wexford U20";"";"";"Treaty United U20";"";"";"";"";"";"";"4";"7";"40";"33";"";"27";"68";"90";"";"3.5";"4";"0.8";"2";"2.2";"2";"58";"";"58";"52";"3.9";"";"";"";"1.2";"1";"";"28";"35";"40";"75";"";"";"";"1";"";"1.3";"0.9";"0.9";"";"1.3";"";"1.7";"";"40";"25";"";"2";"";"4.7";"9.8";"";""
"Republic of Ireland";"IRL";"U20 National League";"27-06-2026 13:00";"AWAITING_UPDATES";"CK United U20";"";"";"Kerry FC U20";"";"";"";"";"";"";"1";"5";"47";"25";"";"34";"51";"80";"";"3.2";"4";"1";"1.5";"1.2";"2.8";"45";"";"60";"65";"3.9";"";"";"";"1.4";"0.8";"";"63";"7";"20";"25";"";"";"";"";"";"";"0.2";"0.1";"";"";"";"";"";"40";"25";"";"";"";"";"9.8";"";""
"Iran";"IRN";"Azadegan League";"27-06-2026 11:15";"FT";"Shahrdari Noshahr";"1";"1";"Mes Kerman";"0";"1";"2.39";"3.55";"1.91";"1.01";"16";"7";"43";"57";"5";"17";"31";"40";"";"1.2";"2";"0.5";"0.9";"0.5";"0.4";"20";"35";"5";"100";"1.5";"12.2";"5.8";"7.2";"1.3";"1.7";"7";"88";"100";"70";"50";"";"";"0";"0.3";"0.3";"0.3";"0.7";"0.4";"0.2";"0.1";"0.5";"0.6";"";"30";"40";"4.5";"4";"2.5";"3.3";"7";"42";"25"
"Iran";"IRN";"Azadegan League";"27-06-2026 12:00";"FT";"Havadar";"4";"1";"Damash Gilanian";"3";"1";"1.20";"18.00";"";"";"6";"18";"50";"10";"3";"31";"10";"55";"";"1.7";"1";"0.9";"0.3";"0.5";"1.7";"30";"50";"25";"85";"1.5";"15.5";"7";"6.6";"1.5";"0.3";"6";"88";"46";"50";"60";"";"";"0.5";"0";"0.1";"0.5";"1.2";"0.6";"0.4";"1.2";"0.4";"0.3";"";"30";"0";"3.8";"1";"3.2";"5.2";"7";"28";"28"
"Iran";"IRN";"Azadegan League";"27-06-2026 13:00";"FT";"Mes Shahr-e Babak";"1";"0";"Niroye Zamini";"0";"0";"1.58";"6.28";"1.59";"1.07";"2";"14";"80";"23";"1";"44";"27";"50";"";"1.8";"1";"1.3";"0.8";"0.3";"1.2";"35";"70";"35";"90";"1.5";"11.7";"6.2";"7.8";"2.4";"0.7";"7";"100";"63";"50";"50";"";"";"0.9";"0.3";"0";"0.7";"0.8";"1";"0.3";"0.5";"0.4";"0.5";"";"70";"10";"2.9";"4";"2.7";"6";"7";"72";"57"
"Iran";"IRN";"Azadegan League";"27-06-2026 13:00";"FT";"Naft Gachsaran";"0";"3";"Nassaji Mazandaran";"0";"2";"4.63";"1.77";"";"";"12";"1";"60";"47";"2";"37";"34";"75";"";"2";"2";"1.1";"1";"1";"0.8";"55";"75";"35";"100";"1.5";"";"";"";"1.8";"1.4";"";"70";"77";"40";"70";"";"";"0.8";"0.5";"0.5";"0.4";"0.8";"1.1";"0.5";"0.4";"0.3";"0.5";"";"50";"30";"";"4.3";"";"2.7";"7";"";""
"Iran";"IRN";"Azadegan League";"27-06-2026 13:00";"FT";"Naft Bandar Abbas";"0";"0";"Sanat Naft";"0";"0";"2.57";"2.80";"";"";"9";"3";"60";"47";"5";"31";"27";"50";"";"1.5";"2";"0.9";"0.8";"0.5";"0.8";"40";"50";"20";"100";"1.5";"";"";"";"1.8";"1.4";"";"88";"77";"50";"50";"";"";"0.6";"0";"0.1";"0.4";"1";"0.6";"0.4";"0.4";"0.3";"0.8";"";"40";"40";"";"2.8";"";"3.6";"7";"";""
"Iran";"IRN";"Azadegan League";"27-06-2026 13:00";"FT";"Pars Jonoubi Jam";"2";"0";"Navad Urmia";"0";"0";"1.21";"14.00";"";"";"5";"17";"40";"7";"3";"37";"7";"55";"";"1.8";"1";"1.1";"0.2";"0.7";"1.6";"30";"55";"40";"90";"1.5";"";"";"";"1.2";"0.2";"";"80";"49";"50";"60";"";"";"0.4";"0.1";"0.4";"0.8";"1";"0.8";"0.3";"0.8";"0.7";"0.1";"";"20";"0";"";"2.3";"";"6.2";"7";"";""
"Iran";"IRN";"Azadegan League";"27-06-2026 13:15";"FT";"Ario Eslamshahr";"2";"0";"Be'sat Kermanshah";"2";"0";"2.08";"4.51";"1.82";"1.01";"11";"10";"53";"17";"";"24";"14";"30";"";"1.2";"1";"0.7";"0.4";"0.4";"1";"25";"30";"20";"90";"1.5";"11.8";"5.7";"5.8";"1.6";"0.5";"7";"100";"70";"20";"40";"";"";"0.2";"0.1";"0.2";"0.3";"0.8";"0.4";"0.2";"0.7";"0.5";"0.3";"";"40";"0";"2.9";"2.8";"1.9";"4.2";"7";"32";"20"
"Iran";"IRN";"Azadegan League";"27-06-2026 13:15";"FT";"Fard Alborz";"2";"1";"Saipa";"1";"1";"2.56";"3.23";"1.77";"1.03";"8";"4";"47";"47";"5";"17";"27";"35";"";"1.4";"2";"0.5";"0.8";"0.5";"0.9";"30";"35";"25";"95";"1.5";"13.6";"6.4";"7.8";"1.4";"1.4";"7";"88";"74";"60";"40";"";"";"0.2";"0.3";"0";"0.2";"1";"0.4";"0.5";"0.7";"0.3";"0.5";"";"30";"40";"4.9";"3.5";"3.4";"3.8";"7";"60";"54"
"Iran";"IRN";"Azadegan League";"27-06-2026 13:45";"FT";"Kara Gostar";"1";"1";"Shenavarsazi Qeshm";"0";"0";"2.16";"3.53";"1.62";"1.07";"";"13";"";"20";"";"";"";"";"";"";"";"";"0.3";"";"1.1";"";"";"";"";"";"";"";"";"";"0.6";"";"";"";"";"50";"";"";"";"0.3";"";"0.5";"";"";"";"0.6";"";"0";"";"";"10";"";"5";"";"6.3";"";"";""
"Iceland";"ISL";"Inkasso-Deildin";"27-06-2026 11:00";"FT";"Thróttur Reykjavík";"1";"1";"Vestri";"0";"1";"1.46";"5.06";"1.08";"1.75";"1";"4";"72";"40";"1";"68";"41";"80";"";"2.9";"3";"2";"1.2";"0.8";"1.8";"45";"44";"36";"74";"3.3";"18.9";"7.4";"11.5";"2.2";"1.2";"12";"77";"42";"33";"40";"";"";"1.2";"0.2";"0.2";"0.2";"2";"0.8";"0.7";"1.6";"0.8";"1";"";"67";"40";"6.5";"4.8";"5.3";"6.4";"12.3";"90";"90"
"Iceland";"ISL";"Inkasso-Deildin";"27-06-2026 12:00";"FT";"Völsungur";"2";"2";"Grótta";"1";"0";"3.09";"1.86";"1.06";"1.89";"12";"8";"27";"60";"2";"34";"54";"80";"";"3.1";"4";"1";"1.6";"1.8";"1.8";"70";"80";"70";"70";"3.3";"23.4";"10.3";"13.3";"0.8";"1.8";"12";"42";"42";"60";"40";"";"";"0";"0.6";"1.6";"0.6";"1.7";"1.4";"0.2";"1.2";"1";"1";"";"20";"60";"4.8";"6";"7.2";"8.6";"12.3";"90";"80"
"Iceland";"ISL";"2. Deild";"27-06-2026 11:00";"FT";"Kormákur / Hvöt";"4";"0";"Hvíti riddarinn";"2";"0";"1.55";"4.11";"";"";"6";"8";"67";"27";"1";"100";"34";"80";"";"4.1";"4";"4.3";"1";"1.7";"1.2";"80";"80";"60";"40";"4";"18.4";"10";"13.6";"2";"0.8";"12";"46";"63";"33";"20";"";"";"2.3";"0.2";"1.3";"0.6";"1.8";"2.2";"0.3";"0.6";"2";"0.8";"";"67";"0";"9.7";"5.8";"4.7";"7";"11.6";"100";"100"
"Iceland";"ISL";"2. Deild";"27-06-2026 11:00";"FT";"Dalvík / Reynir";"1";"0";"KFA";"0";"0";"1.70";"3.56";"1.07";"2.06";"3";"10";"83";"25";"1";"61";"75";"75";"";"3.6";"4";"1.8";"2.2";"0.5";"2.8";"50";"62";"62";"50";"4";"21.9";"10.9";"10.5";"2.5";"0.8";"11";"88";"7";"50";"75";"";"";"0.5";"1.8";"0.5";"1.2";"1.6";"2";"0";"1.5";"1.2";"0.5";"";"75";"25";"5.5";"4.2";"5.5";"5.8";"11.6";"100";"100"
"Iceland";"ISL";"2. Deild";"27-06-2026 11:00";"FT";"Víkingur Ólafsvík";"1";"0";"KFG";"0";"0";"1.40";"5.00";"1.04";"2.39";"9";"7";"53";"33";"1";"75";"58";"100";"";"5";"5";"2.2";"1.7";"2";"4";"90";"100";"90";"20";"4";"22.8";"12.5";"12.2";"1.6";"1";"11";"35";"2";"40";"67";"";"";"1";"1";"0.6";"3";"2.2";"2.8";"1.4";"1";"1.2";"0.7";"";"40";"33";"4.2";"2.5";"4.8";"13";"11.6";"88";"88"
"Iceland";"ISL";"2. Deild";"27-06-2026 13:00";"FT";"Kári";"1";"1";"Magni";"0";"0";"1.41";"4.96";"";"";"3";"12";"67";"17";"1";"100";"34";"88";"";"4.6";"4";"3.2";"1";"0.8";"4.2";"66";"66";"88";"21";"4";"16.6";"9.1";"9.7";"2";"0.5";"11";"77";"2";"75";"33";"";"";"1.5";"0.5";"0";"1.8";"2.6";"1.9";"0.8";"2.3";"1.8";"0.5";"";"50";"17";"5";"4.5";"3.7";"6.2";"11.6";"84";"67"
"Iceland";"ISL";"3. Deild";"27-06-2026 11:00";"FT";"Höttur";"1";"1";"KA Asvellir";"0";"0";"";"";"";"";"9";"10";"40";"40";"";"41";"68";"80";"";"3";"4";"1.2";"2";"0.8";"2";"70";"70";"60";"60";"4";"";"";"";"1.2";"1.2";"";"77";"35";"60";"60";"";"";"0.8";"0.6";"0.6";"0.8";"1.6";"1.4";"0.2";"1.2";"0.4";"1.4";"";"20";"40";"";"9.7";"";"7";"12.3";"";""
"Iceland";"ISL";"3. Deild";"27-06-2026 13:00";"FT";"KF";"2";"2";"Árbær";"1";"0";"1.52";"4.40";"";"";"6";"12";"44";"17";"1";"34";"34";"75";"";"2.6";"3";"1";"1";"1";"2.3";"67";"58";"75";"75";"4";"";"";"";"1.3";"0.5";"";"70";"25";"67";"50";"";"";"0";"0.5";"0.3";"1.5";"1.5";"1.2";"0.7";"0.8";"1";"0.5";"";"33";"17";"";"4.2";"";"6.5";"12.3";"";""
"Iceland";"ISL";"U19 League";"27-06-2026 11:00";"FT";"FH / ÍH U19";"0";"3";"KA / D / KF / Hamrar U19";"0";"3";"";"";"";"";"1";"";"76";"";"";"";"";"";"";"";"";"4.3";"";"2.1";"";"";"";"";"";"";"";"";"";"2.3";"";"";"";"";"43";"";"";"";"2.5";"";"0.5";"";"";"";"4";"";"4.2";"";"";"71";"";"";"";"";"";"";"";""
"Iceland";"ISL";"U19 League B";"27-06-2026 11:00";"AWAITING_UPDATES";"Víkingur / BF108 U19";"";"";"Stjarnan / KFG U19";"";"";"";"";"";"";"1";"";"78";"";"";"";"";"";"";"";"";"3.3";"";"0.5";"";"";"";"";"";"";"";"";"";"2.3";"";"";"";"";"67";"";"";"";"";"";"";"";"";"";"";"";"";"";"";"67";"";"";"";"";"";"";"";""
"Iceland";"ISL";"U19 League B";"27-06-2026 16:00";"AWAITING_UPDATES";"Haukar / KÁ U19";"";"";"KA/D/KF/Hö/H U19 II";"";"";"";"";"";"";"1";"2";"39";"0";"";"100";"10";"100";"";"7.2";"7";"4.3";"0.3";"4.3";"5.4";"64";"";"100";"7";"5.8";"";"";"";"1.2";"0";"";"2";"2";"50";"57";"";"";"";"";"";"";"0";"0";"";"";"";"";"";"33";"0";"";"";"";"";"11.7";"";""
"Iceland";"ISL";"U19 League C";"27-06-2026 11:00";"AWAITING_UPDATES";"Valur / KH / Fálkar U19";"";"";"Aftur / Hvíti / Ál U19";"";"";"";"";"";"";"10";"7";"0";"53";"";"68";"88";"100";"";"6.6";"7";"2";"2.6";"6.5";"2.2";"90";"";"100";"10";"6.5";"";"";"";"0";"1.6";"";"2";"28";"50";"40";"";"";"";"";"";"";"0";"0";"";"";"";"";"";"0";"40";"";"";"";"";"15";"";""
"Japan";"JPN";"Nadeshiko League 1";"27-06-2026 01:00";"FT";"Iga Kunoichi W";"0";"0";"Viamaterras Miyazaki W";"0";"0";"2.25";"2.68";"";"";"5";"3";"57";"57";"5";"37";"54";"71";"";"2.2";"2";"1.1";"1.6";"0.9";"0.9";"64";"64";"50";"78";"3.1";"21.6";"9";"9.5";"1.7";"1.7";"10";"74";"74";"71";"43";"";"";"0.4";"0.7";"0.1";"0.7";"1.2";"1";"0.7";"0.1";"0.7";"0.9";"";"43";"43";"5.8";"5.9";"3.6";"3.7";"8.8";"73";"48"
"Japan";"JPN";"Nadeshiko League 1";"27-06-2026 04:00";"FT";"Nittaidai W";"0";"1";"Kamogawa W";"0";"0";"5.53";"1.51";"";"";"11";"5";"33";"44";"2";"44";"27";"68";"";"3.1";"3";"1.3";"0.8";"3.1";"0.8";"38";"77";"52";"56";"3.1";"24.8";"11.4";"7.5";"1";"1.3";"9";"2";"77";"57";"50";"";"";"0.3";"0.5";"1.6";"0.7";"1.6";"1.5";"1.6";"0.2";"1";"0.3";"";"29";"33";"2.9";"2.8";"5.9";"3.5";"8.8";"45";"45"
"Japan";"JPN";"Nadeshiko League 1";"27-06-2026 04:00";"DELAYED";"Setagaya Sfida W";"0";"0";"Yokohama W";"0";"0";"2.14";"2.90";"";"";"8";"10";"44";"19";"5";"68";"48";"92";"";"3.7";"4";"2";"1.4";"1.8";"2.1";"68";"84";"76";"38";"3.1";"23.4";"11.6";"9.3";"1.3";"0.6";"9";"42";"32";"67";"57";"";"";"1";"0.6";"0.5";"1.1";"2.1";"1.6";"1.3";"1";"1";"0.9";"";"33";"14";"3.8";"4.1";"5.3";"5.3";"8.8";"69";"54"
"Japan";"JPN";"Nadeshiko League 2";"27-06-2026 00:00";"DELAYED";"Nankatsu W";"0";"0";"Diosa Izumo W";"0";"0";"4.89";"1.60";"";"";"7";"6";"29";"58";"2";"37";"34";"68";"";"2.6";"3";"1.1";"1";"2.1";"0.9";"48";"80";"54";"66";"2.2";"24.2";"11.1";"6.2";"0.9";"1.8";"6";"32";"74";"57";"50";"";"";"0.4";"0.8";"1";"0.8";"1.2";"1.4";"1.1";"0.1";"0.7";"0.2";"";"14";"50";"1.7";"4.8";"4.1";"1.7";"6.9";"16";"8"
"Japan";"JPN";"Nadeshiko League 2";"27-06-2026 01:00";"FT";"Speranza W";"1";"0";"Yamato Sylphid W";"1";"0";"1.40";"6.79";"";"";"4";"12";"86";"14";"1";"48";"31";"57";"";"2.2";"2";"1.4";"0.9";"0.1";"1.9";"28";"57";"28";"78";"2.2";"22.5";"10.6";"6.6";"2.6";"0.4";"7";"100";"38";"57";"57";"";"";"0.6";"0.4";"0";"1.1";"1";"1.1";"0.1";"0.7";"0.9";"0.4";"";"86";"0";"3";"3.4";"3.3";"3.6";"6.9";"24";"24"
"Japan";"JPN";"Nadeshiko League 2";"27-06-2026 23:00";"FT";"JFA Academy W";"2";"0";"Veertien Mie W";"2";"0";"3.07";"2.23";"";"";"11";"9";"14";"48";"5";"37";"20";"57";"";"2.2";"2";"1.1";"0.6";"2";"0.9";"36";"64";"36";"78";"2.2";"";"";"";"0.4";"1.4";"";"35";"74";"43";"43";"";"";"0.6";"0.1";"1.1";"0.4";"1.2";"1.2";"0.9";"0.4";"0.6";"0.4";"";"14";"43";"";"3.4";"";"4.7";"6.9";"";""
"Japan";"JPN";"Regional Leagues: Kyushu";"27-06-2026 00:15";"FT";"Atletico Celeste";"2";"3";"Nobeoka";"0";"0";"";"";"";"";"8";"3";"33";"60";"";"34";"68";"100";"";"3.6";"3";"1";"2";"2.3";"1.8";"54";"";"90";"54";"3.1";"";"";"";"1";"1.8";"";"25";"42";"33";"60";"";"";"";"1";"";"0.5";"0.6";"0.4";"";"4";"";"4";"";"33";"60";"";"8.5";"";"3";"9.8";"";""
"Japan";"JPN";"Regional Leagues: Kyushu";"27-06-2026 01:15";"FT";"Miyakonojo";"1";"7";"Veroskronos Tsuno";"0";"4";"";"";"";"";"5";"1";"33";"100";"";"61";"100";"88";"";"3.5";"3";"1.8";"3.5";"1.8";"0";"25";"66";"88";"38";"3.1";"24.9";"7.4";"9.2";"1";"3";"9";"42";"100";"50";"75";"";"";"0";"1";"2";"0";"1.3";"0.9";"3";"0";"2";"3.7";"";"25";"100";"3.5";"5.7";"6";"3.3";"9.8";"84";"58"
"Japan";"JPN";"Regional Leagues: Kyushu";"27-06-2026 03:30";"FT";"NIFS Kanoya FC";"0";"1";"KMG Holdings";"0";"1";"";"";"";"";"9";"2";"17";"100";"";"17";"100";"50";"";"2.5";"3";"0.5";"3";"1.5";"0";"25";"50";"38";"62";"3.1";"18";"5.2";"9";"0.5";"3";"9";"52";"100";"50";"50";"";"";"0";"1.5";"0";"0";"0.8";"0.8";"1.5";"0";"2.5";"1.5";"";"0";"100";"5";"4.5";"5.5";"3";"9.8";"75";"75"
"Japan";"JPN";"Regional Leagues: Kyushu";"27-06-2026 22:00";"FT";"NIFS Kanoya FC";"2";"1";"Miyakonojo";"1";"1";"";"";"";"";"9";"5";"13";"40";"";"14";"41";"50";"";"2.7";"2";"0.4";"1.2";"1.4";"2.4";"40";"66";"40";"60";"3.1";"21.3";"7.7";"9";"0.4";"1.2";"10";"56";"21";"40";"60";"";"";"0";"0.7";"0.3";"1";"0.9";"0.6";"1";"3";"1.7";"1.3";"";"0";"40";"5";"3";"6";"4";"9.8";"66";"66"
"Japan";"JPN";"Regional Leagues: Kyushu";"27-06-2026 23:00";"FT";"Heavy Industries";"0";"1";"Brew Saga";"0";"0";"";"";"";"";"4";"7";"42";"13";"";"34";"48";"78";"";"3.2";"3";"1";"1.4";"1.5";"2.4";"65";"67";"65";"58";"3.1";"28";"11.2";"9";"1.2";"0.4";"10";"52";"21";"50";"60";"";"";"0.7";"1";"0.7";"0.3";"1.1";"0.9";"1.3";"3.7";"0.7";"1.3";"";"25";"0";"5.7";"5";"3.7";"3.7";"9.8";"100";"50"
"Japan";"JPN";"Regional Leagues: Chugoku";"27-06-2026 23:00";"FT";"Mizushima";"0";"3";"Fukuyama City";"0";"2";"";"";"";"";"1";"2";"86";"100";"";"100";"100";"86";"";"3.8";"";"3";"3.8";"0.6";"0.2";"30";"";"77";"40";"";"";"";"";"2.6";"3";"";"84";"100";"71";"50";"";"";"0.6";"";"0.2";"";"1.1";"0.4";"2";"";"2.2";"";"";"86";"100";"3.4";"";"3.4";"";"";"";""
"Japan";"JPN";"Regional Leagues: Kanto";"27-06-2026 02:00";"POSTPONED";"Shibuya City";"";"";"Nihon University";"";"";"";"";"";"";"5";"9";"33";"11";"";"34";"24";"66";"";"2.4";"2";"1";"0.7";"1";"2";"33";"75";"33";"67";"2.7";"";"";"";"1";"0.3";"";"70";"35";"33";"33";"";"";"0";"0";"0.5";"1";"1.7";"0.6";"1";"1";"1.5";"0.7";"";"0";"0";"";"";"";"";"0";"";""
"Japan";"JPN";"Regional Leagues: Kanto";"27-06-2026 05:30";"POSTPONED";"Toho Titanium";"";"";"Tokyo United";"";"";"";"";"";"";"1";"2";"87";"42";"";"88";"27";"75";"";"2.2";"3";"2.6";"0.8";"0.4";"0.8";"45";"12";"42";"80";"2.7";"";"";"";"2.6";"1.2";"";"100";"77";"60";"50";"";"";"0.2";"0";"0";"0";"1.4";"0.1";"1.5";"1.5";"2";"1.5";"";"80";"25";"";"";"";"";"0";"";""
"Japan";"JPN";"Regional Leagues: Kanto";"27-06-2026 06:00";"POSTPONED";"Aries Toshima";"";"";"Toin Yokohama UFC";"";"";"";"";"";"";"4";"7";"58";"56";"";"41";"92";"100";"";"3.8";"4";"1.2";"2.7";"1.2";"2.3";"88";"";"75";"50";"2.7";"";"";"";"1.8";"1.7";"";"63";"25";"50";"67";"";"";"0.5";"";"0.2";"";"1.8";"0.6";"1";"";"0.8";"";"";"50";"33";"";"";"";"";"0";"";""
"Japan";"JPN";"Regional Leagues: Kansai";"27-06-2026 03:00";"FT";"Ococias Kyoto";"1";"1";"Asuka FC";"1";"1";"";"";"";"";"4";"6";"22";"17";"";"24";"0";"58";"";"2.1";"";"0.7";"0";"1";"2.5";"34";"";"42";"75";"";"";"";"";"0.7";"0.5";"";"70";"18";"67";"50";"";"";"";"0";"";"0.5";"1.2";"0.4";"";"2";"";"0";"";"0";"0";"";"5.5";"";"4";"";"";""
"Japan";"JPN";"Regional Leagues: Kansai";"27-06-2026 06:00";"FT";"Laranja Kyoto";"0";"5";"Cento Cuore Harima";"0";"2";"";"";"";"";"7";"1";"33";"83";"";"17";"68";"62";"";"2.6";"";"0.5";"2";"2";"0.8";"50";"66";"62";"62";"";"20.6";"8.4";"7.6";"1";"2.5";"";"35";"77";"50";"75";"";"";"0";"1.5";"0.3";"0.5";"1";"0.6";"0.7";"1";"2.3";"2.5";"";"25";"75";"2.7";"6";"5.7";"1";"";"58";"58"
"Japan";"JPN";"Regional Leagues: Tokai";"27-06-2026 22:30";"AWAITING_UPDATES";"Sapporo FC";"";"";"ASC Hokkaido";"";"";"";"";"";"";"6";"2";"0";"100";"";"17";"68";"75";"";"2.8";"3";"0.5";"2";"3";"0";"25";"";"50";"75";"2.9";"";"";"";"0";"3";"";"0";"100";"50";"50";"";"";"";"";"";"";"0";"0";"";"";"";"";"";"0";"100";"";"";"";"";"9.2";"";""
"Japan";"JPN";"Regional Leagues: Tokai";"27-06-2026 23:00";"AWAITING_UPDATES";"Hokkaido University";"";"";"Norbritz Hokkaido";"";"";"";"";"";"";"3";"4";"50";"100";"";"68";"85";"75";"";"3.2";"3";"2";"2.5";"1.5";"0.5";"50";"";"50";"50";"2.9";"";"";"";"1.5";"3";"";"52";"88";"50";"50";"";"";"";"";"";"";"0";"0";"";"";"";"";"";"50";"100";"";"";"";"";"9.2";"";""
"Kazakhstan";"KAZ";"Premier League";"27-06-2026 09:00";"FT";"Okzhetpes";"1";"3";"Kairat";"1";"1";"4.01";"1.75";"1.24";"1.34";"3";"2";"67";"67";"2";"48";"48";"71";"";"2.2";"2";"1.4";"1.4";"0.9";"0.9";"71";"71";"47";"88";"2.2";"18.8";"8.8";"9.4";"2";"2";"9";"74";"74";"50";"44";"";"";"0.4";"0.8";"0.6";"0.4";"1.2";"1.1";"0.2";"0.4";"1";"0.7";"";"50";"56";"5.5";"5.3";"5.2";"2.8";"9.2";"60";"54"
"Kazakhstan";"KAZ";"Premier League";"27-06-2026 10:00";"FT";"Zhetysu";"1";"0";"Aktobe";"1";"0";"3.31";"2.10";"1.33";"1.23";"10";"5";"33";"13";"5";"34";"20";"55";"";"2";"2";"1";"0.6";"1";"1.4";"36";"46";"26";"74";"2.2";"21";"7.9";"8.8";"1";"0.4";"9";"70";"56";"50";"60";"";"";"0.5";"0.2";"0.3";"0.6";"1.2";"0.8";"0.7";"0.8";"0.5";"0.4";"";"17";"0";"3.8";"3";"5.2";"5.6";"9.2";"64";"64"
"Kazakhstan";"KAZ";"Premier League";"27-06-2026 11:00";"FT";"Yelimay Semey";"2";"0";"Kyzyl-Zhar";"0";"0";"1.65";"4.41";"1.26";"1.30";"7";"11";"38";"24";"1";"37";"10";"57";"";"2";"2";"1.1";"0.3";"1.4";"1.1";"42";"42";"43";"86";"2.2";"24.2";"10.6";"10.6";"1.1";"0.7";"10";"56";"66";"57";"43";"";"";"0.7";"0";"0.6";"0.1";"1.3";"0.7";"0.9";"1";"0.4";"0.3";"";"29";"14";"7";"3.4";"4.4";"6.4";"9.2";"78";"64"
"Kazakhstan";"KAZ";"Premier League";"27-06-2026 12:00";"FT";"Kaspiy";"2";"0";"Atyrau";"2";"0";"2.94";"2.36";"1.45";"1.15";"16";"8";"27";"38";"5";"34";"31";"68";"";"2.2";"2";"1";"0.9";"1.6";"0.9";"68";"71";"42";"80";"2.2";"20";"7";"10";"0.8";"1.1";"9";"49";"74";"60";"75";"";"";"0.2";"0.5";"0.8";"0.6";"1.1";"1";"0.8";"0.2";"0.8";"0.4";"";"20";"12";"4.6";"3.2";"5.2";"6.9";"9.2";"84";"61"
"South Korea";"KOR";"K3 League";"27-06-2026 04:00";"FT";"Changwon City";"2";"2";"Yeoju Sejong";"1";"0";"2.00";"3.63";"1.43";"1.15";"5";"6";"57";"47";"5";"37";"27";"58";"";"1.8";"2";"1.1";"0.8";"0.7";"1";"42";"62";"27";"93";"2.5";"15.7";"5.8";"8.8";"1.7";"1.4";"9";"80";"70";"57";"60";"";"";"0.3";"0.2";"0.1";"0.8";"1.1";"0.7";"0.6";"0.2";"0.9";"0.6";"";"43";"40";"5.2";"3.4";"2.7";"6.4";"8.6";"75";"75"
"South Korea";"KOR";"K3 League";"27-06-2026 04:00";"FT";"Siheung Citizen";"1";"1";"Jeonbuk Motors II";"0";"0";"1.26";"8.20";"1.14";"1.51";"1";"14";"81";"11";"3";"48";"17";"69";"";"2.7";"3";"1.4";"0.5";"0.7";"2.8";"60";"84";"46";"75";"2.5";"16.4";"7.2";"8.4";"2.4";"0.3";"8";"80";"7";"43";"50";"";"";"0.9";"0.2";"0.3";"1.5";"1.4";"1.4";"0.4";"1.3";"0.6";"0.3";"";"71";"0";"5.3";"4.3";"2.7";"4.3";"8.6";"54";"46"
"South Korea";"KOR";"K3 League";"27-06-2026 07:00";"FT";"Ulsan Citize";"4";"1";"Mokpo City";"1";"0";"2.18";"3.19";"1.40";"1.18";"11";"12";"21";"33";"5";"17";"24";"54";"";"1.8";"2";"0.5";"0.7";"1";"1.4";"40";"40";"40";"93";"2.5";"14.8";"5.8";"8.6";"0.6";"1";"9";"70";"56";"38";"43";"";"";"0.2";"0.3";"0.4";"0.4";"1.2";"0.6";"0.6";"1";"0.2";"0.4";"";"12";"14";"4.2";"2.6";"4";"6.4";"8.6";"60";"41"
"South Korea";"KOR";"K3 League";"27-06-2026 07:00";"FT";"Chuncheon";"3";"3";"Yangpyeong";"1";"0";"2.35";"2.80";"1.32";"1.22";"10";"13";"44";"20";"5";"65";"17";"64";"";"2.5";"2";"1.9";"0.5";"1.2";"1.4";"42";"64";"37";"63";"2.5";"17.9";"8";"8.8";"1.3";"0.6";"9";"63";"56";"44";"60";"";"";"1";"0.3";"0.6";"0.7";"1.2";"1.3";"0.7";"0.7";"0.9";"0.2";"";"33";"0";"4.4";"3.6";"4.1";"5.3";"8.6";"68";"58"
"South Korea";"KOR";"K4 League";"27-06-2026 04:00";"FT";"Jinju Citizen";"1";"0";"Seosan Pioneer";"0";"0";"1.19";"10.28";"";"";"1";"12";"88";"12";"3";"88";"34";"94";"";"3.8";"3";"2.6";"1";"1";"2.9";"38";"75";"62";"50";"2.9";"15.5";"8.2";"9";"2.6";"0.4";"9";"70";"4";"50";"50";"";"";"1.1";"0.2";"0.4";"1.2";"2.2";"1.5";"0.6";"1.6";"1.5";"0.8";"";"88";"12";"5.1";"5";"2.7";"5.2";"9.5";"66";"52"
"South Korea";"KOR";"K4 League";"27-06-2026 06:00";"FT";"Haman";"1";"3";"Geumsan Insam";"1";"0";"5.01";"1.54";"";"";"11";"4";"22";"29";"2";"41";"58";"93";"";"3.3";"3";"1.2";"1.7";"2.2";"1.6";"77";"62";"56";"69";"2.9";"23";"10.8";"8.9";"0.7";"0.9";"9";"28";"49";"33";"29";"";"";"0.3";"0.6";"1.2";"0.7";"1.9";"1.4";"1";"0.9";"0.8";"1.1";"";"17";"14";"2.8";"5.3";"4.6";"5";"9.5";"62";"62"
"South Korea";"KOR";"K4 League";"27-06-2026 07:00";"FT";"Pyeongtaek Citizen";"1";"1";"Jungnang Chorus Mustang";"1";"0";"3.60";"1.70";"";"";"13";"5";"12";"72";"2";"34";"78";"71";"";"3.5";"3";"1";"2.3";"2.5";"1.2";"58";"56";"58";"64";"2.9";"24.3";"10.6";"10.7";"0.4";"2.2";"10";"18";"63";"38";"33";"";"";"0.6";"0.7";"0.8";"0.5";"2.2";"1.3";"1.8";"0.7";"0.4";"1.7";"";"12";"67";"4.6";"6.4";"6";"4.4";"9.5";"84";"74"
"Lithuania";"LTU";"1. Lyga";"27-06-2026 09:00";"FT";"Hegelmann II";"2";"1";"Jonava";"0";"0";"4.85";"1.54";"1.18";"1.44";"13";"9";"17";"33";"2";"27";"31";"84";"";"2.7";"3";"0.8";"0.9";"2";"1.7";"38";"77";"62";"84";"2.9";"20.7";"8.8";"11.1";"0.5";"1";"11";"35";"46";"67";"57";"";"";"0.2";"0.4";"1.3";"0.9";"1.3";"1.4";"0.7";"0.9";"0.7";"0.4";"";"17";"29";"4.3";"5.6";"7.2";"5.1";"10.2";"92";"77"
"Lithuania";"LTU";"1. Lyga";"27-06-2026 10:00";"FT";"Dainava";"1";"0";"Neptūną Klaipėda";"1";"0";"2.37";"2.57";"1.21";"1.35";"5";"4";"83";"72";"5";"85";"51";"66";"";"2.8";"3";"2.5";"1.5";"0.7";"0.8";"42";"75";"58";"67";"2.9";"19.4";"8.2";"10.2";"2.5";"2.2";"11";"80";"77";"33";"50";"";"";"0.7";"1";"0.3";"0";"1.8";"1";"0.3";"0.8";"1.8";"0.5";"";"83";"67";"7.7";"4.7";"3.5";"4.5";"10.2";"84";"84"
"Lithuania";"LTU";"1. Lyga";"27-06-2026 10:00";"FT";"Ekranas";"1";"2";"Atmosfera";"1";"2";"3.33";"1.94";"1.20";"1.36";"14";"8";"33";"67";"2";"44";"88";"92";"";"3.2";"3";"1.3";"2.6";"1.7";"0.8";"45";"84";"72";"64";"2.9";"17.6";"7.8";"9.4";"1";"2";"10";"46";"77";"83";"40";"";"";"0.7";"1.2";"0.5";"0.6";"1.7";"1.5";"1.2";"0.2";"0.7";"1.4";"";"33";"60";"5";"5.4";"4.8";"3.6";"10.2";"64";"64"
"Lithuania";"LTU";"1. Lyga";"27-06-2026 10:00";"FT";"TransINVEST Vilnius II";"0";"1";"Tauras";"0";"0";"9.61";"1.22";"1.10";"1.68";"12";"7";"28";"22";"4";"41";"34";"67";"";"3.2";"3";"1.2";"1";"2.5";"1.7";"58";"58";"58";"58";"2.9";"19.8";"9.5";"11.2";"0.8";"0.7";"11";"18";"46";"50";"67";"";"";"0.5";"0.2";"0.7";"0.5";"2.2";"1";"1.8";"1.2";"0.7";"0.8";"";"17";"17";"2.8";"6.3";"9";"4.2";"10.2";"83";"83"
"Lithuania";"LTU";"1. Lyga";"27-06-2026 12:00";"FT";"FA Šiauliai II";"0";"1";"Babrungas";"0";"1";"6.83";"1.32";"1.12";"1.63";"16";"2";"33";"73";"2";"44";"54";"82";"";"2.6";"3";"1.3";"1.6";"1.7";"0.6";"64";"74";"54";"75";"2.9";"17.4";"6.2";"10";"1";"2.2";"10";"46";"84";"67";"40";"";"";"0.7";"0.8";"0.8";"0.2";"1.4";"1.2";"0.8";"0.4";"0.7";"0.8";"";"17";"60";"3.7";"3.6";"7";"5.8";"10.2";"72";"62"
"Latvia";"LVA";"First Liga";"27-06-2026 09:00";"FT";"Super Nova II";"3";"1";"Tukums II";"2";"0";"2.58";"2.23";"1.10";"1.74";"7";"11";"56";"33";"5";"44";"68";"75";"";"3.8";"4";"1.3";"2";"1";"3.2";"75";"84";"75";"34";"3.5";"20";"9.8";"11";"1.7";"1";"11";"70";"2";"50";"25";"";"";"0.8";"1";"0.3";"1.5";"2";"1.8";"0.7";"1.8";"0.5";"1";"";"50";"25";"3";"4.3";"7.6";"7";"11.4";"100";"90"
"Latvia";"LVA";"First Liga";"27-06-2026 11:00";"FT";"Rīgas FS II";"1";"3";"Riga FC II";"1";"1";"2.25";"2.48";"1.11";"1.60";"10";"9";"22";"7";"5";"51";"34";"100";"";"3.6";"4";"1.5";"1";"2.5";"2.2";"64";"90";"80";"64";"3.5";"22.9";"9.8";"13.6";"0.7";"0.2";"13";"18";"28";"33";"40";"";"";"1";"0.4";"0.3";"0.8";"2.4";"1.2";"2.2";"1.4";"0.5";"0.6";"";"17";"0";"6.3";"5.2";"7";"8.8";"11.4";"92";"92"
"Latvia";"LVA";"First Liga";"27-06-2026 12:00";"FT";"Rēzekne / BJSS";"2";"4";"JDFS Alberts";"1";"2";"11.79";"1.14";"1.07";"1.91";"14";"5";"27";"27";"4";"41";"48";"100";"";"3.9";"3";"1.2";"1.4";"3";"2.2";"90";"80";"80";"50";"3.5";"20.9";"9";"9";"0.8";"0.8";"9";"0";"28";"40";"40";"";"";"0.6";"0.8";"0.8";"1.4";"2.1";"1.8";"2.2";"0.8";"0.6";"0.6";"";"20";"20";"1.5";"8";"5.5";"3";"11.4";"65";"65"
"Latvia";"LVA";"First Liga";"27-06-2026 13:00";"FT";"Beitar / Riga Mariners";"2";"0";"Mārupe";"1";"0";"1.50";"4.97";"1.12";"1.59";"4";"7";"60";"67";"1";"61";"54";"70";"";"2.6";"3";"1.8";"1.6";"1.2";"0.6";"60";"40";"60";"60";"3.5";"20.2";"8.1";"11";"1.8";"2";"11";"63";"84";"60";"60";"";"";"0.4";"0.4";"0.8";"0";"1.8";"0.8";"0.4";"0.6";"1.4";"1.2";"";"40";"60";"7.2";"6.4";"4.2";"4";"11.4";"100";"90"
"Macau";"MAC";"Primeira Division";"27-06-2026 08:00";"FT";"Artilheiros";"1";"10";"CPK";"0";"6";"";"";"";"";"9";"2";"6";"80";"";"41";"100";"100";"";"6.4";"6";"1.2";"5.4";"5.5";"0.8";"54";"80";"90";"10";"4.9";"21.3";"9.4";"9.2";"0.2";"2.4";"9";"2";"77";"33";"40";"";"";"0.7";"2.6";"2.8";"0.4";"3.2";"3.2";"2.7";"0.4";"0.5";"2.8";"";"0";"80";"1.2";"10.4";"5.2";"1.6";"10.4";"52";"52"
"Macau";"MAC";"Primeira Division";"27-06-2026 10:00";"FT";"Cheng Fung";"1";"4";"Jia Hua";"0";"1";"4.83";"1.46";"";"";"5";"3";"33";"67";"2";"88";"95";"94";"";"4.8";"5";"2.6";"2.8";"2.6";"1.6";"71";"88";"84";"35";"4.9";"26.6";"11.4";"10.7";"1";"2";"11";"14";"49";"40";"38";"";"";"1";"1.2";"1.2";"1";"2.6";"2.2";"1.4";"0.6";"1.6";"1.5";"";"20";"62";"5.5";"7.8";"4.5";"3.6";"10.4";"88";"62"
"Madagascar";"MAD";"Pro League";"27-06-2026 21:00";"AWAITING_UPDATES";"Ajesaia";"";"";"CFFA";"";"";"";"";"";"";"1";"2";"67";"50";"";"48";"68";"78";"";"2.8";"2";"1.4";"2";"0.7";"1.6";"58";"";"46";"73";"2.8";"";"";"";"2";"1.5";"";"80";"49";"43";"25";"";"";"";"";"";"";"0";"0";"";"";"";"";"";"57";"38";"";"";"";"";"0";"";""
"Moldova";"MDA";"Super Liga";"27-06-2026 12:00";"FT";"CSF Bălți";"3";"0";"FC Politehnica";"2";"0";"1.98";"3.28";"1.18";"1.36";"";"";"";"";"";"";"";"";"";"";"";"";"";"";"";"";"";"";"";"";"";"";"";"";"";"";"";"";"";"";"";"";"";"";"";"";"";"";"";"";"";"";"";"";"";"";"";"";"";"";"";""
"Moldova";"MDA";"Super Liga";"27-06-2026 14:00";"FT";"Milsami";"0";"0";"Zimbru";"0";"0";"3.45";"1.98";"1.30";"1.24";"";"";"";"";"";"";"";"";"";"";"";"";"";"";"";"";"";"";"";"";"";"";"";"";"";"";"";"";"";"";"";"";"";"";"";"";"";"";"";"";"";"";"";"";"";"";"";"";"";"";"";""
"Mongolia";"MNG";"Premier League";"27-06-2026 05:00";"FT";"Deren";"0";"2";"Ulaanbaatar";"0";"1";"";"";"";"";"3";"1";"67";"79";"";"100";"100";"94";"";"4.6";"4";"4";"3.6";"0.9";"0.6";"58";"82";"66";"47";"5.1";"20";"9.4";"9.2";"2";"2.4";"10";"74";"84";"44";"38";"";"";"1.9";"1.4";"0.4";"0";"2.8";"1.8";"0.4";"0.6";"2.1";"2.2";"";"56";"75";"6.4";"5.2";"3.4";"3.4";"10.5";"70";"53"
"Mongolia";"MNG";"Premier League";"27-06-2026 08:00";"FT";"Central Stallions";"2";"2";"Khangarid";"2";"0";"";"";"";"";"2";"4";"78";"59";"";"95";"100";"89";"";"4.3";"4";"2.8";"3.6";"1.1";"1.1";"50";"72";"78";"50";"5.1";"20.6";"10.8";"10.8";"2.3";"1.8";"11";"66";"66";"44";"33";"";"";"1.5";"0.6";"0.6";"0.3";"2.8";"1.4";"1";"0.8";"1.2";"3";"";"78";"56";"6.2";"7";"5.8";"2.6";"10.5";"84";"66"
"Mozambique";"MOZ";"Mocambola";"27-06-2026 09:45";"FT";"Sofala";"0";"0";"Ferroviário Nacala";"0";"0";"2.07";"3.68";"";"";"8";"5";"67";"67";"5";"27";"68";"62";"";"2";"2";"0.8";"2";"0.2";"1";"62";"25";"25";"75";"1.7";"";"";"";"2";"2";"";"100";"70";"75";"50";"";"";"0";"1";"0";"0";"1.5";"0.5";"0.2";"1";"0.8";"1";"";"50";"50";"5.7";"";"5.3";"";"10.6";"";""
"Malawi";"MWI";"Super League";"27-06-2026 09:30";"FT";"Mitundu Baptist";"3";"2";"Blue eagles Malawi";"1";"0";"3.87";"1.94";"";"";"12";"1";"67";"67";"2";"44";"44";"67";"";"1.8";"2";"1.3";"1.3";"0.7";"0.3";"0";"67";"16";"100";"2.1";"";"";"5.9";"2";"2";"7";"80";"100";"67";"67";"";"";"0.3";"0.7";"0.7";"0";"1";"0.8";"0";"0.3";"1";"0.7";"";"67";"67";"3.7";"2.5";"2.7";"3";"7.7";"16";"16"
"Malawi";"MWI";"Super League";"27-06-2026 09:30";"FT";"Chitipa United";"2";"1";"Kamuzu Barracks";"0";"0";"2.33";"2.96";"";"";"13";"15";"67";"33";"5";"24";"34";"33";"";"2";"2";"0.7";"1";"1.3";"1";"16";"33";"33";"67";"2.1";"17.5";"7.8";"6.8";"2";"1";"7";"60";"70";"33";"33";"";"";"0";"0.7";"1";"0.3";"1";"1";"0.3";"0.7";"0.7";"0.3";"";"67";"33";"2.3";"3.3";"2.3";"5.7";"7.7";"34";"34"
"New Caledonia";"NCL";"Super Ligue";"27-06-2026 01:00";"POSTPONED";"Gaïca";"";"";"Magenta";"";"";"";"";"";"";"2";"1";"44";"62";"";"27";"44";"40";"";"1.3";"2";"0.8";"1.3";"0.5";"0";"25";"";"23";"77";"2.1";"";"";"";"1.3";"1.9";"";"88";"100";"50";"29";"";"";"";"";"";"";"0";"0";"";"";"";"";"";"17";"43";"";"";"";"";"0";"";""
"New Caledonia";"NCL";"Super Ligue";"27-06-2026 01:00";"POSTPONED";"AS Mont-Dore";"";"";"Lössi";"";"";"";"";"";"";"10";"3";"0";"40";"";"20";"41";"90";"";"3.1";"3";"0.6";"1.2";"3.2";"1.2";"60";"";"70";"50";"2.1";"";"";"";"0";"1.2";"";"2";"63";"80";"60";"";"";"";"";"";"";"0";"0";"";"";"";"";"";"0";"20";"";"";"";"";"0";"";""
"New Caledonia";"NCL";"Super Ligue";"27-06-2026 01:00";"POSTPONED";"Hienghene Sport";"";"";"Kunié";"";"";"";"";"";"";"4";"6";"48";"50";"";"24";"27";"46";"";"1.3";"2";"0.7";"0.8";"0.4";"0.7";"40";"";"24";"100";"2.1";"";"";"";"1.4";"1.5";"";"100";"80";"43";"50";"";"";"";"";"";"";"0";"0";"";"";"";"";"";"29";"33";"";"";"";"";"0";"";""
"New Caledonia";"NCL";"Super Ligue";"27-06-2026 03:30";"POSTPONED";"Ne Drehu";"";"";"Horizon Patho";"";"";"";"";"";"";"7";"9";"58";"29";"";"61";"34";"78";"";"2.9";"2";"1.8";"1";"2";"1";"40";"";"72";"60";"2.1";"";"";"";"1.8";"0.9";"";"35";"70";"50";"57";"";"";"";"";"";"";"0";"0";"";"";"";"";"";"50";"14";"";"";"";"";"0";"";""
"Norway";"NOR";"1. Division";"27-06-2026 11:00";"FT";"Åsane";"3";"0";"Ranheim";"0";"0";"3.76";"1.72";"1.08";"1.86";"13";"6";"50";"20";"2";"75";"61";"100";"";"4.7";"4";"2.2";"1.8";"2";"3.4";"65";"84";"92";"44";"3.6";"23";"9.2";"10.6";"1.5";"0.6";"11";"35";"2";"33";"20";"";"";"0.7";"1";"0.5";"1.2";"3";"1.7";"1.5";"2.2";"1.5";"0.8";"";"50";"20";"3.3";"4.2";"7";"6.6";"11";"82";"82"
"Norway";"NOR";"1. Division";"27-06-2026 11:00";"FT";"Strømmen";"3";"2";"Moss";"2";"1";"2.46";"2.36";"1.09";"1.79";"16";"7";"22";"50";"5";"34";"68";"92";"";"4.2";"4";"1";"2";"2.8";"2.5";"66";"67";"92";"34";"3.6";"20.2";"10";"10.5";"0.7";"1.5";"11";"7";"18";"50";"50";"";"";"0";"0.7";"1.2";"1.2";"2.7";"1.5";"1.7";"1.3";"1";"1.3";"";"17";"50";"3.8";"7.5";"4.2";"5.5";"11";"66";"66"
"Norway";"NOR";"1. Division";"27-06-2026 11:00";"FT";"Stabæk";"2";"0";"Bryne";"2";"0";"1.80";"3.61";"1.10";"1.75";"5";"10";"80";"33";"1";"88";"34";"84";"";"3.2";"3";"2.6";"1";"1";"1.7";"38";"74";"74";"62";"3.6";"24.1";"9.4";"10.6";"2.4";"1";"11";"70";"46";"60";"67";"";"";"1";"0.5";"0.6";"0.5";"1.8";"1.3";"0.4";"1.2";"1.6";"0.5";"";"80";"33";"7.8";"4.5";"3.4";"5.5";"11";"84";"74"
"Norway";"NOR";"1. Division";"27-06-2026 11:00";"FT";"Sandnes Ulf";"3";"0";"Raufoss";"0";"0";"1.61";"4.52";"1.13";"1.61";"8";"14";"56";"17";"1";"58";"27";"83";"";"3.3";"3";"1.7";"0.8";"1.2";"3";"58";"75";"58";"67";"3.6";"22.2";"10.2";"11.8";"1.7";"0.5";"11";"63";"0";"33";"33";"";"";"0.7";"0.5";"0.3";"1.2";"2";"1.4";"0.8";"1.8";"1";"0.3";"";"50";"17";"5.3";"4.7";"6.2";"7.5";"11";"92";"83"
"Norway";"NOR";"1. Division";"27-06-2026 11:00";"FT";"Lyn";"1";"4";"Hødd";"1";"2";"2.06";"3.17";"1.16";"1.51";"15";"11";"17";"28";"5";"17";"27";"66";"";"2.6";"3";"0.5";"0.8";"2.7";"1.2";"34";"58";"50";"75";"3.6";"23.1";"8.9";"11.5";"0.5";"0.8";"11";"10";"63";"33";"50";"";"";"0.3";"0.3";"1.2";"0.3";"1.5";"1.1";"1.5";"0.8";"0.2";"0.5";"";"17";"17";"6.3";"4.7";"5.8";"6.2";"11";"84";"75"
"Norway";"NOR";"1. Division";"27-06-2026 11:00";"FT";"Haugesund";"4";"2";"Kongsvinger";"3";"2";"2.04";"2.84";"1.06";"2.13";"3";"2";"87";"61";"5";"95";"61";"100";"";"3.4";"4";"2.8";"1.8";"1";"1.2";"74";"80";"64";"54";"3.6";"24.3";"9.8";"12";"2.6";"1.8";"12";"70";"63";"60";"67";"";"";"0.8";"1";"0.4";"0.7";"2";"1.4";"0.6";"0.5";"2";"0.8";"";"80";"50";"6.8";"5.8";"6.4";"5";"11";"84";"84"
"Norway";"NOR";"1. Division";"27-06-2026 13:00";"FT";"Strømsgodset";"2";"2";"Odd";"1";"1";"1.52";"4.85";"1.07";"1.91";"2";"5";"100";"60";"1";"100";"61";"82";"";"3.8";"3";"3.3";"1.8";"1";"1.6";"65";"65";"82";"64";"3.6";"25";"10";"9.6";"3";"1.8";"10";"70";"49";"33";"40";"";"";"0.5";"0.6";"0.3";"0.6";"2.8";"1";"0.7";"1";"2.8";"1.2";"";"100";"60";"5.7";"5.6";"4.8";"3";"11";"82";"82"
"Norway";"NOR";"1. Division";"27-06-2026 15:00";"FT";"Sogndal";"4";"2";"Egersund";"3";"1";"2.16";"2.78";"1.09";"1.82";"13";"10";"47";"20";"5";"75";"54";"100";"";"4.1";"4";"2.2";"1.6";"2";"2.4";"70";"90";"90";"40";"3.6";"25.7";"11.5";"10.5";"1.4";"0.6";"11";"35";"21";"40";"60";"";"";"1.4";"0.4";"1.4";"1";"2";"2.1";"0.6";"1.4";"0.8";"1.2";"";"40";"20";"5.8";"4";"7.4";"3.8";"11";"70";"60"
"Norway";"NOR";"2. Division - Group 1";"27-06-2026 07:00";"FT";"Træff";"3";"1";"Eik Tønsberg";"2";"1";"1.57";"4.70";"1.14";"1.52";"9";"13";"44";"0";"1";"75";"7";"90";"";"3.4";"3";"2.2";"0.2";"1.7";"2.8";"35";"72";"54";"46";"2.8";"18.4";"8.4";"9.8";"1.3";"0";"9";"46";"7";"67";"40";"";"";"1";"0";"0.8";"1.8";"1.6";"1.8";"0.8";"1";"1.2";"0.2";"";"33";"0";"4.8";"5";"4.3";"5.4";"9.3";"82";"65"
"Norway";"NOR";"2. Division - Group 1";"27-06-2026 08:00";"FT";"Vidar";"2";"4";"Kvik Halden";"1";"0";"3.45";"1.80";"1.10";"1.67";"14";"4";"11";"53";"2";"24";"54";"82";"";"3";"3";"0.7";"1.6";"2.3";"1.4";"74";"82";"55";"65";"2.8";"23.6";"9";"10.3";"0.3";"1.6";"10";"25";"56";"50";"60";"";"";"0.5";"0.8";"1.2";"1";"1.2";"1.8";"1.2";"0.4";"0.2";"0.8";"";"0";"40";"4.7";"5.6";"5.2";"5.2";"9.3";"90";"64"
"Norway";"NOR";"2. Division - Group 1";"27-06-2026 08:00";"FT";"Lysekloster";"1";"1";"Brattvåg";"0";"0";"4.07";"1.64";"1.11";"1.61";"11";"2";"33";"67";"2";"41";"61";"84";"";"2.7";"3";"1.2";"1.8";"1.4";"0.8";"48";"66";"28";"82";"2.8";"13.2";"6";"9.5";"1";"2";"9";"56";"77";"40";"17";"";"";"1";"1";"0.8";"0.2";"1.2";"1.5";"0.6";"0.7";"0.2";"0.8";"";"20";"67";"5";"4.3";"5.3";"4.3";"9.3";"67";"58"
"Norway";"NOR";"2. Division - Group 1";"27-06-2026 08:30";"FT";"Mjøndalen";"1";"0";"Bjarg";"1";"0";"2.21";"2.56";"1.10";"1.70";"5";"3";"87";"80";"5";"100";"61";"90";"";"3.5";"3";"3";"1.8";"1";"1.2";"60";"70";"70";"50";"2.8";"20.2";"9.7";"8.3";"2.6";"2.4";"9";"70";"63";"60";"60";"";"";"1.2";"0.8";"0.2";"0.4";"2.2";"1.3";"0.8";"0.8";"1.8";"1";"";"80";"80";"5.4";"5.6";"3.8";"1.8";"9.3";"80";"30"
"Norway";"NOR";"2. Division - Group 1";"27-06-2026 10:00";"FT";"Pors Grenland";"2";"4";"Arendal";"1";"1";"2.64";"2.30";"1.20";"1.40";"9";"12";"39";"13";"5";"24";"20";"65";"";"2.2";"2";"0.7";"0.6";"1";"2";"38";"55";"36";"80";"2.8";"20.2";"8";"8.8";"1.2";"0.4";"9";"70";"35";"50";"40";"";"";"0";"0";"0.7";"0.6";"1.5";"0.6";"0.3";"1.4";"0.7";"0.6";"";"33";"0";"4.2";"4.5";"5.2";"3.8";"9.3";"92";"38"
"Norway";"NOR";"2. Division - Group 1";"27-06-2026 10:00";"FT";"Sandviken";"0";"4";"Notodden";"0";"2";"3.10";"1.99";"";"";"10";"8";"40";"72";"2";"54";"68";"72";"";"3.1";"3";"1.6";"2";"1.8";"0.8";"46";"80";"55";"54";"2.8";"19.2";"8.8";"8.8";"1.2";"2.2";"9";"42";"77";"60";"50";"";"";"1";"1.3";"0.6";"0.5";"1.4";"1.7";"1.2";"0.3";"0.6";"0.7";"";"40";"67";"5.2";"4.3";"4.6";"3.3";"9.3";"55";"55"
"Norway";"NOR";"2. Division: Group 2";"27-06-2026 08:00";"FT";"Ullensaker / Kisa";"1";"3";"Rana";"0";"2";"2.22";"2.48";"1.04";"2.12";"12";"9";"40";"27";"5";"75";"54";"100";"";"4.6";"4";"2.2";"1.6";"3";"2.4";"90";"80";"100";"50";"3.4";"20.3";"10.4";"9.9";"1.2";"0.8";"9";"0";"21";"40";"40";"";"";"0.6";"0.6";"1.4";"1.6";"2.5";"2.1";"1.6";"0.8";"1.6";"1";"";"40";"20";"4.6";"3.2";"4.8";"7.2";"9.3";"70";"60"
"Norway";"NOR";"2. Division: Group 2";"27-06-2026 09:00";"FT";"Lørenskog";"1";"0";"Grorud";"1";"0";"2.23";"2.71";"1.14";"1.59";"4";"6";"80";"47";"5";"100";"48";"80";"";"3.2";"3";"3";"1.4";"0.8";"1.2";"60";"60";"70";"70";"3.4";"18";"9";"8.4";"2.4";"1.4";"9";"77";"63";"40";"60";"";"";"1";"0.6";"0.2";"0.4";"2.1";"1.1";"0.6";"0.8";"2";"0.8";"";"80";"40";"4.8";"5";"2.4";"4.6";"9.3";"50";"40"
"Norway";"NOR";"2. Division: Group 2";"27-06-2026 09:00";"FT";"Kjelsås";"1";"3";"Hønefoss";"1";"1";"1.74";"3.53";"1.07";"1.84";"1";"5";"83";"47";"1";"75";"88";"92";"";"4";"4";"2.2";"2.6";"1.3";"1.8";"55";"92";"92";"45";"3.4";"22.2";"10.6";"9.2";"2.5";"1.4";"9";"60";"42";"50";"40";"";"";"0.8";"1.2";"0.2";"0.8";"2.4";"1.5";"1.2";"1";"1.3";"1.4";"";"83";"40";"3.7";"5.5";"4.7";"4.5";"9.3";"75";"75"
"Norway";"NOR";"3. Division - Group 1";"27-06-2026 08:00";"FT";"Grei";"1";"5";"Nordstrand";"1";"3";"2.71";"1.99";"";"";"13";"11";"27";"20";"2";"95";"34";"100";"";"5";"4";"2.8";"1";"3.8";"2.4";"80";"90";"100";"40";"4.5";"21";"9.8";"11";"0.8";"0.6";"11";"2";"21";"60";"20";"";"";"1.2";"0.6";"1";"0.8";"3.2";"1.8";"2.8";"1.6";"1.6";"0.4";"";"20";"20";"4.6";"5.4";"6.2";"5.8";"10.5";"90";"80"
"Norway";"NOR";"3. Division - Group 1";"27-06-2026 09:00";"FT";"Frigg";"1";"1";"Bærum";"1";"0";"2.99";"1.83";"";"";"7";"5";"39";"60";"2";"78";"95";"100";"";"4.6";"4";"2.3";"2.8";"2.3";"1.6";"80";"92";"90";"36";"4.5";"19.6";"11";"9.5";"1.2";"1.8";"10";"25";"49";"50";"60";"";"";"0.7";"1.4";"1.3";"0.4";"2.7";"1.9";"1";"1.2";"1.7";"1.4";"";"33";"60";"6";"5.8";"5";"2.2";"10.5";"80";"62"
"Norway";"NOR";"3. Division - Group 1";"27-06-2026 09:00";"FT";"Asker";"3";"2";"Ullern";"0";"1";"1.10";"14.10";"";"";"1";"10";"80";"40";"3";"100";"61";"90";"";"4.1";"4";"3.4";"1.8";"0.8";"2.2";"40";"90";"90";"30";"4.5";"17.9";"8.2";"11";"2.4";"1.2";"10";"77";"28";"40";"80";"";"";"1";"0.4";"0.4";"1.2";"2.6";"1.5";"0.4";"1";"2.4";"1.4";"";"80";"40";"6.5";"5.2";"3.5";"6.8";"10.5";"88";"78"
"Norway";"NOR";"3. Division - Group 2";"27-06-2026 08:00";"FT";"Kvik Trondheim";"0";"2";"Volda";"0";"1";"3.20";"1.85";"";"";"5";"3";"39";"53";"2";"61";"75";"100";"";"3.8";"4";"1.8";"2.2";"2.2";"1.4";"90";"90";"72";"55";"4.2";"19";"9.5";"10.5";"1.2";"1.6";"11";"28";"56";"50";"40";"";"";"0.8";"0.8";"1";"1";"2";"1.8";"1.2";"0.4";"1";"1.4";"";"33";"40";"3.2";"5.5";"6.2";"6";"10.3";"88";"75"
"Norway";"NOR";"3. Division - Group 2";"27-06-2026 10:00";"FT";"Orkla";"3";"5";"Molde II";"1";"2";"2.08";"2.54";"1.03";"2.56";"8";"12";"39";"22";"5";"58";"58";"100";"";"4.5";"4";"1.7";"1.7";"2.5";"3.2";"58";"84";"92";"34";"4.2";"";"";"";"1.2";"0.7";"";"18";"2";"33";"67";"";"";"0.5";"0.7";"1";"1";"3";"1.6";"1.5";"2.2";"1.2";"1";"";"33";"17";"";"4.3";"";"4";"10.3";"";""
"Norway";"NOR";"3. Division - Group 2";"27-06-2026 10:00";"FT";"Rosenborg II";"2";"1";"Spjelkavik";"0";"0";"1.72";"3.41";"1.05";"2.06";"7";"10";"67";"47";"1";"95";"68";"90";"";"4";"4";"2.8";"2";"1";"2.2";"50";"80";"90";"40";"4.2";"20.7";"10.8";"9.6";"2";"1.4";"10";"70";"28";"60";"40";"";"";"1.8";"0.6";"0";"1";"2.3";"1.7";"1";"1.2";"1";"1.4";"";"60";"40";"8.2";"5.5";"2.8";"2.8";"10.3";"78";"65"
"Norway";"NOR";"3. Division - Group 2";"27-06-2026 10:00";"FT";"Herd";"2";"2";"NTNUI";"0";"2";"1.36";"5.58";"";"";"1";"11";"67";"33";"1";"88";"48";"90";"";"3.7";"3";"2.6";"1.4";"1.4";"2";"60";"90";"70";"40";"4.2";"20.6";"11.4";"10.2";"2";"1";"11";"56";"35";"60";"60";"";"";"0.8";"0.6";"0.6";"1";"2.2";"1.5";"0.8";"1";"1.8";"0.8";"";"60";"20";"6";"3.7";"5.8";"5";"10.3";"74";"74"
"Norway";"NOR";"3. Division - Group 2";"27-06-2026 10:00";"FT";"Ranheim II";"5";"3";"Nardo";"2";"3";"";"";"";"";"9";"13";"50";"7";"";"95";"48";"100";"";"4.9";"5";"2.8";"1.4";"2.5";"3.2";"100";"92";"92";"18";"4.2";"27.4";"13.4";"10.6";"1.5";"0.2";"10";"18";"2";"50";"60";"";"";"1.3";"1";"1";"1.6";"2.5";"2.4";"1.5";"1.6";"1.5";"0.4";"";"33";"0";"2.8";"4.3";"7";"7";"10.3";"88";"71"
"Norway";"NOR";"3. Division - Group 2";"27-06-2026 12:00";"FT";"Byåsen";"2";"1";"Aalesund II";"1";"1";"1.31";"6.03";"1.03";"2.63";"8";"14";"60";"39";"1";"54";"51";"82";"";"3.7";"4";"1.6";"1.5";"1.6";"2.7";"55";"100";"64";"46";"4.2";"22.3";"11.1";"10.2";"1.8";"1.2";"10";"49";"10";"40";"50";"";"";"0.4";"1";"0.8";"1.2";"2";"1.7";"0.8";"1.5";"1.2";"0.5";"";"60";"33";"5.6";"4.5";"2.8";"7.5";"10.3";"78";"68"
"Norway";"NOR";"3. Division - Group 3";"27-06-2026 07:00";"FT";"Sogndal II";"0";"2";"Stord";"0";"0";"";"";"";"";"4";"10";"50";"47";"";"68";"54";"88";"";"3.6";"4";"2";"1.6";"1.5";"2.2";"78";"90";"68";"55";"4.1";"";"";"";"1.5";"1.4";"";"52";"28";"50";"40";"";"";"1";"0.6";"0.8";"1.2";"1.9";"1.8";"0.8";"1";"1";"1";"";"50";"40";"";"2";"";"5.8";"10.5";"";""
"Norway";"NOR";"3. Division - Group 3";"27-06-2026 08:00";"FT";"Brann II";"3";"2";"Fana";"3";"0";"2.02";"2.75";"1.01";"2.15";"5";"8";"80";"40";"5";"100";"75";"100";"";"4.6";"4";"3.4";"2.2";"1.2";"2.4";"60";"100";"80";"50";"4.1";"19";"9.1";"13.2";"2.4";"1.2";"12";"63";"21";"40";"40";"";"";"1.4";"1.4";"0.8";"1.4";"2.1";"2.5";"0.4";"1";"2";"0.8";"";"80";"40";"3";"10.5";"6";"7";"10.5";"84";"84"
"Norway";"NOR";"3. Division - Group 3";"27-06-2026 09:00";"FT";"Djerv";"6";"2";"Gneist";"3";"0";"1.30";"5.78";"";"";"7";"11";"53";"27";"3";"54";"54";"80";"";"3.6";"3";"1.6";"1.6";"1.4";"2.6";"80";"60";"60";"50";"4.1";"20.2";"8.6";"9.1";"1.6";"0.8";"10";"56";"14";"40";"40";"";"";"1";"0.6";"0.8";"1";"1.9";"1.7";"0.6";"1.6";"0.6";"1";"";"40";"20";"4.5";"2.7";"4";"7";"10.5";"88";"58"
"Norway";"NOR";"3. Division - Group 3";"27-06-2026 10:00";"FT";"Askøy";"2";"0";"Forde";"1";"0";"1.82";"3.20";"1.02";"2.01";"3";"6";"73";"27";"1";"61";"41";"90";"";"3.2";"3";"1.8";"1.2";"0.6";"2.8";"60";"70";"80";"50";"4.1";"";"";"";"2.2";"0.8";"";"84";"7";"60";"80";"";"";"0.6";"0.6";"0";"1.4";"1.9";"1.3";"0.6";"1.4";"1.2";"0.6";"";"60";"20";"";"3.7";"";"6";"10.5";"";""
"Norway";"NOR";"3. Division - Group 4";"27-06-2026 10:00";"FT";"Madla";"2";"2";"Mandalskameratene";"0";"0";"1.65";"3.59";"1.05";"2.27";"2";"5";"87";"47";"1";"75";"100";"100";"";"4.7";"4";"2.2";"3.6";"0.6";"3";"80";"70";"80";"50";"3.9";"31.6";"12.8";"14.1";"2.6";"1.4";"12";"84";"0";"60";"40";"";"";"0.4";"1.8";"0.2";"1.4";"2.8";"1.9";"0.4";"1.6";"1.8";"1.8";"";"80";"40";"10";"3";"7.5";"7.7";"11.3";"100";"100"
"Norway";"NOR";"3. Division - Group 5";"27-06-2026 07:00";"FT";"Fauske / Sprint";"3";"1";"Fløya";"2";"0";"";"";"";"";"4";"3";"53";"47";"";"88";"68";"90";"";"4.5";"4";"2.6";"2";"2.6";"1.8";"80";"80";"90";"30";"4.1";"";"";"";"1.6";"1.4";"";"14";"42";"60";"60";"";"";"0.6";"1";"0.6";"0.4";"3.2";"1.3";"2";"1.4";"2";"1";"";"40";"40";"";"7";"";"5";"9.6";"";""
"Norway";"NOR";"3. Division - Group 5";"27-06-2026 11:00";"FT";"Ulfstind";"1";"1";"Harstad";"1";"0";"5.32";"1.35";"";"";"14";"7";"40";"22";"2";"88";"51";"100";"";"4.4";"4";"2.6";"1.5";"2.4";"2.2";"90";"100";"100";"44";"4.1";"";"";"";"1.2";"0.7";"";"21";"28";"40";"33";"";"";"1.2";"0.5";"1.2";"1.2";"2.3";"2";"1.2";"1";"1.4";"1";"";"40";"17";"";"4.7";"";"10.3";"9.6";"";""
"Norway";"NOR";"3. Division - Group 5";"27-06-2026 11:00";"FT";"Bossekop";"0";"2";"Kongsvinger II";"0";"2";"";"";"";"";"13";"9";"27";"33";"";"54";"58";"92";"";"4.5";"4";"1.6";"1.7";"3.2";"2.5";"84";"82";"82";"45";"4.1";"";"";"";"0.8";"1";"";"2";"18";"60";"33";"";"";"0.6";"0.8";"1.4";"1";"2.6";"1.9";"1.8";"1.5";"1";"0.8";"";"20";"33";"";"";"";"";"9.6";"";""
"Norway";"NOR";"3. Division - Group 6";"27-06-2026 09:00";"FT";"Oppsal";"3";"1";"Raelingen";"1";"0";"1.65";"3.65";"";"";"8";"6";"50";"20";"1";"51";"68";"84";"";"4.8";"5";"1.5";"2";"1.5";"4.6";"66";"65";"66";"34";"4";"25.8";"13.6";"10.2";"1.5";"0.6";"10";"52";"2";"33";"60";"";"";"0.3";"0.4";"0.7";"1.6";"3.3";"1.5";"0.8";"3";"1.2";"1.6";"";"50";"20";"6";"2.8";"5.3";"6.5";"9.8";"75";"58"
"Norway";"NOR";"3. Division - Group 6";"27-06-2026 09:00";"FT";"Lillehammer";"2";"2";"Elverum";"1";"2";"1.64";"3.90";"";"";"1";"4";"100";"40";"1";"100";"75";"90";"";"4.6";"5";"4.8";"2.2";"1";"1.2";"60";"90";"90";"30";"4";"";"";"";"3";"1.2";"";"70";"63";"40";"40";"";"";"2.6";"1.2";"0.4";"0.4";"2.3";"2.3";"0.6";"0.8";"2.2";"1";"";"100";"40";"";"6";"";"4.5";"9.8";"";""
"Norway";"NOR";"3. Division - Group 6";"27-06-2026 09:00";"FT";"Ørn Horten";"4";"3";"Sandefjord II";"1";"2";"1.58";"4.00";"";"";"7";"5";"67";"40";"1";"88";"68";"90";"";"4.2";"5";"2.6";"2";"1.6";"2.2";"80";"100";"80";"40";"4";"21.8";"11.2";"11";"2";"1.2";"10";"49";"28";"40";"40";"";"";"1";"0.6";"0.8";"1";"2.5";"1.7";"0.8";"1.2";"1.6";"1.4";"";"60";"40";"6.8";"4.2";"3";"8";"9.8";"88";"88"
"Norway";"NOR";"3. Division - Group 6";"27-06-2026 10:00";"FT";"Fram";"1";"1";"Drøbak / Frogn";"0";"0";"1.90";"3.05";"";"";"12";"10";"33";"44";"1";"54";"34";"65";"";"2.5";"4";"1.6";"1";"1.4";"1";"55";"56";"36";"72";"4";"26.2";"9.6";"9.2";"1";"1.3";"10";"56";"70";"40";"50";"";"";"0.8";"0.3";"0.4";"0.2";"1.6";"0.8";"1";"0.8";"0.8";"0.7";"";"20";"33";"4.8";"4";"4.8";"4.8";"9.8";"75";"75"
"New Zealand";"NZL";"National League";"27-06-2026 00:00";"FT";"Eastern Suburbs";"1";"1";"Birkenhead United";"0";"0";"2.89";"2.16";"";"";"1";"2";"78";"76";"5";"58";"65";"60";"";"2.2";"2";"1.7";"1.9";"0";"0.7";"14";"68";"31";"77";"3.4";"18.9";"8.8";"10.2";"2.3";"2.3";"10";"100";"80";"50";"29";"";"";"0.7";"0.6";"0";"0.6";"1.2";"0.9";"0";"0.1";"1";"1.3";"";"67";"71";"6.3";"6.7";"2.7";"4.7";"10.5";"69";"54"
"New Zealand";"NZL";"National League";"27-06-2026 00:00";"FT";"Auckland United";"3";"0";"Melville United";"2";"0";"1.21";"9.27";"";"";"1";"2";"67";"33";"3";"78";"51";"86";"";"3.9";"3";"2.3";"1.5";"0.9";"3.2";"40";"93";"63";"44";"3.4";"20.8";"10.6";"9.8";"2";"1";"10";"74";"2";"29";"50";"";"";"1";"0.8";"0.6";"1.3";"2";"1.9";"0.3";"1.8";"1.3";"0.7";"";"57";"33";"5.6";"3.4";"4.6";"6.2";"10.5";"66";"58"
"New Zealand";"NZL";"National League";"27-06-2026 04:30";"FT";"Auckland II";"3";"2";"Manukau United";"2";"1";"1.21";"9.54";"";"";"1";"2";"48";"0";"3";"54";"10";"78";"";"3.5";"3";"1.6";"0.3";"1.4";"3.7";"28";"78";"57";"50";"3.4";"20.8";"10";"10.3";"1.4";"0";"10";"56";"2";"43";"57";"";"";"0.7";"0.1";"0.4";"1.4";"2.2";"1.4";"1";"2.3";"0.9";"0.1";"";"43";"0";"5.1";"1.7";"6.7";"7";"10.5";"78";"72"
"New Zealand";"NZL";"National League";"27-06-2026 20:00";"FT";"FC Western";"1";"1";"Western Suburbs";"0";"1";"";"";"";"";"10";"4";"17";"42";"";"27";"75";"88";"";"3.6";"3";"0.8";"2.2";"3.2";"1";"58";"66";"88";"42";"3.4";"22.4";"8.9";"11";"0.5";"1.2";"10";"2";"70";"67";"50";"";"";"0.5";"1";"1.8";"0.5";"1.8";"1.9";"1.3";"0.5";"0.3";"1.2";"";"17";"25";"3.4";"6.2";"8.8";"3.5";"10.5";"100";"78"
"New Zealand";"NZL";"National League";"27-06-2026 21:45";"FT";"South City Royals";"1";"4";"Nelson Suburbs";"0";"4";"4.18";"1.55";"";"";"8";"6";"39";"40";"2";"34";"68";"92";"";"4.2";"4";"1";"2";"2.3";"3";"48";"82";"75";"44";"3.4";"10.4";"6.8";"10.8";"1.2";"1.2";"11";"25";"0";"33";"40";"";"";"0.3";"1.2";"1.3";"1.2";"2.2";"2";"1";"1.8";"0.7";"0.8";"";"33";"40";"4.8";"7.2";"5";"4.6";"10.5";"78";"78"
"New Zealand";"NZL";"National League";"27-06-2026 23:00";"FT";"Napier City Rovers";"3";"2";"Wellington Olympic";"1";"1";"2.49";"2.28";"";"";"3";"2";"87";"87";"5";"100";"100";"80";"";"3.5";"4";"3.2";"3";"0.4";"0.4";"40";"80";"70";"60";"3.4";"23.9";"10.7";"10";"2.6";"2.6";"11";"100";"100";"40";"40";"";"";"0.8";"1.4";"0.4";"0";"2.2";"1.3";"0";"0.4";"2.4";"1.6";"";"80";"80";"7.6";"5.6";"2.4";"4.4";"10.5";"80";"70"
"Paraguay";"PAR";"Division Intermedia";"27-06-2026 10:00";"FT";"Tacuary";"4";"2";"Atlético Tembetary";"1";"1";"2.15";"3.09";"1.30";"1.26";"15";"7";"13";"39";"5";"34";"41";"74";"";"2.5";"2";"1";"1.2";"1.8";"1";"55";"84";"46";"72";"2.5";"16.5";"7.5";"7.2";"0.4";"1.2";"8";"42";"70";"60";"33";"";"";"0.6";"0.5";"1";"0.3";"1.2";"1.2";"0.8";"0.7";"0.4";"0.7";"";"0";"33";"2";"3.5";"4";"4.8";"8.5";"44";"34"
"Paraguay";"PAR";"Division Intermedia";"27-06-2026 15:30";"FT";"Deportivo Capiatá";"5";"2";"Sportivo Carapeguá";"2";"1";"1.83";"3.69";"1.25";"1.34";"8";"11";"78";"28";"1";"61";"41";"75";"";"3";"3";"1.8";"1.2";"1";"2.2";"66";"75";"58";"58";"2.5";"18.4";"8";"8.1";"2.3";"0.8";"8";"70";"28";"67";"50";"";"";"1.3";"0.2";"0.7";"1.3";"1.3";"1.8";"0.3";"0.8";"0.5";"1";"";"67";"17";"4.8";"3.2";"3.8";"4.3";"8.5";"67";"42"
"Paraguay";"PAR";"Division Intermedia";"27-06-2026 18:00";"FT";"General Caballero JLM";"2";"3";"Fernando de la Mora";"0";"1";"1.70";"4.04";"1.22";"1.39";"1";"12";"89";"40";"1";"100";"34";"82";"";"3.6";"3";"3";"1";"1.5";"1.6";"72";"72";"72";"56";"2.5";"24.2";"11.6";"8.9";"2.7";"1.2";"9";"52";"49";"67";"60";"";"";"1.7";"0.4";"0.8";"0.6";"1.8";"1.8";"0.7";"1";"1.3";"0.6";"";"83";"40";"4.3";"5.4";"3.7";"4.4";"8.5";"55";"46"
"Paraguay";"PAR";"Campeonato Femenino";"27-06-2026 16:30";"FT";"Olimpia W";"7";"0";"Sportivo Luqueño W";"0";"0";"";"";"";"";"4";"11";"78";"33";"";"100";"34";"84";"";"4.8";"4";"5";"1";"0.3";"3.3";"16";"84";"67";"50";"4.2";"22.8";"10.8";"8.2";"2.3";"1";"8";"100";"2";"67";"33";"";"";"2";"0";"0";"2.3";"2.6";"2.2";"0.3";"1";"3";"1";"";"67";"33";"7.7";"3.3";"1";"4.3";"7.9";"84";"67"
"Paraguay";"PAR";"Campeonato Femenino";"27-06-2026 18:30";"FT";"Club Libertad W";"3";"1";"Nacional / Humaitá W";"2";"0";"1.02";"64.50";"";"";"1";"5";"83";"50";"3";"100";"41";"88";"";"4.4";"1";"5.2";"1.2";"0.2";"2";"38";"62";"62";"62";"4.2";"21.4";"9.9";"8.7";"2.5";"1.5";"5";"100";"35";"50";"25";"";"";"2.8";"0.8";"0";"0.5";"2.4";"2";"0.2";"1.5";"2.5";"0.5";"";"75";"50";"7";"4.8";"1.2";"4.5";"7.9";"75";"62"
"Paraguay";"PAR";"Campeonato Femenino";"27-06-2026 20:30";"FT";"Guaraní W";"1";"0";"Deportivo Recoleta W";"1";"0";"1.04";"35.00";"";"";"2";"8";"100";"25";"3";"85";"51";"75";"";"4";"3";"2.5";"1.5";"1.2";"2.8";"62";"100";"75";"50";"4.2";"21.5";"9.4";"7.9";"3";"0.8";"6";"63";"7";"50";"50";"";"";"1.5";"0.8";"0";"1";"2.4";"1.6";"1.2";"1.8";"1";"0.8";"";"100";"25";"4.7";"1.8";"2.3";"7";"7.9";"42";"25"
"Russia";"RUS";"FNL 2 - Group 1";"27-06-2026 11:00";"FT";"Sevastopol";"1";"0";"Angusht";"1";"0";"1.16";"13.10";"1.18";"1.48";"1";"13";"78";"33";"3";"58";"14";"48";"";"2";"2";"1.7";"0.4";"0.8";"1.1";"40";"48";"40";"84";"2.5";"12.9";"3.5";"7.9";"2.3";"1";"8";"77";"66";"67";"14";"";"";"0.8";"0.1";"0.3";"0.1";"1.3";"0.8";"0.5";"1";"0.8";"0.3";"";"67";"29";"8.6";"1.3";"1";"4.8";"8.6";"38";"38"
"Russia";"RUS";"FNL 2 - Group 1";"27-06-2026 11:00";"FT";"Kyzyltash";"3";"2";"Druzhba";"0";"1";"2.39";"2.39";"1.18";"1.56";"5";"4";"57";"52";"5";"71";"24";"64";"";"2.3";"2";"2.1";"0.7";"1.1";"0.6";"43";"78";"42";"86";"2.5";"15.2";"3.8";"8.4";"1.7";"1.6";"9";"66";"84";"29";"29";"";"";"0.9";"0.4";"0.3";"0.1";"1.4";"0.8";"0.9";"0.4";"1.3";"0.3";"";"57";"43";"7.2";"2.6";"3";"4";"8.6";"60";"48"
"Russia";"RUS";"FNL 2 - Group 1";"27-06-2026 11:00";"FT";"Rubin Yalta";"1";"2";"Nart Cherkessk";"0";"1";"2.35";"2.66";"1.27";"1.23";"8";"7";"57";"52";"5";"54";"44";"64";"";"2.2";"2";"1.6";"1.3";"0.9";"0.9";"43";"50";"36";"86";"2.5";"11.6";"3.3";"8";"1.7";"1.6";"8";"74";"74";"29";"43";"";"";"0.4";"0.6";"0.3";"0.3";"1.5";"0.8";"0.6";"0.6";"1.1";"0.7";"";"43";"43";"4.1";"4.8";"4.1";"2.8";"8.6";"52";"45"
"Russia";"RUS";"FNL 2 - Group 1";"27-06-2026 11:00";"FT";"Shakhter Donetsk";"3";"0";"Neftyanik Ufa";"3";"0";"1.27";"8.45";"";"";"2";"12";"62";"14";"3";"44";"20";"72";"";"3.1";"3";"1.3";"0.6";"0.9";"3.6";"43";"50";"72";"57";"2.5";"14.6";"6.2";"7.2";"1.9";"0.4";"8";"74";"2";"43";"29";"";"";"0.6";"0";"0.1";"1.3";"2.2";"1";"0.7";"2.3";"0.7";"0.6";"";"57";"14";"3.5";"2.7";"3.2";"5";"8.6";"50";"38"
"Russia";"RUS";"FNL 2 - Group 1";"27-06-2026 11:00";"FT";"Zarya Lugansk";"1";"2";"Pobeda";"1";"0";"5.91";"1.43";"";"";"14";"9";"52";"39";"2";"48";"44";"77";"";"3";"3";"1.4";"1.3";"1.3";"1.8";"70";"62";"62";"60";"2.5";"16.1";"4.3";"9.4";"1.6";"1.2";"9";"60";"42";"57";"50";"";"";"0.6";"0.7";"0.3";"0.8";"1.8";"1.2";"1";"1";"0.9";"0.7";"";"43";"33";"4.2";"4.2";"6.2";"4.2";"8.6";"80";"60"
"Russia";"RUS";"FNL 2 - Group 1";"27-06-2026 12:00";"FT";"Rostov II";"2";"0";"Astrakhan";"2";"0";"1.33";"7.70";"1.15";"1.56";"3";"11";"72";"67";"1";"78";"61";"74";"";"2.9";"3";"2.3";"1.8";"0.8";"0.8";"35";"74";"55";"65";"2.5";"14.7";"6.8";"10.4";"2.2";"2";"9";"77";"77";"50";"60";"";"";"0.8";"1";"0.2";"0.4";"1.7";"1.2";"0.7";"0.4";"1.5";"0.8";"";"67";"60";"5.2";"6";"4.3";"5.2";"8.6";"84";"62"
"Russia";"RUS";"FNL 2 - Group 1";"27-06-2026 12:00";"FT";"Chayka II";"3";"0";"Dinamo Makhachkala 2";"3";"0";"3.24";"2.01";"";"";"16";"15";"6";"5";"5";"17";"14";"84";"";"2.7";"2";"0.5";"0.4";"2.3";"2.1";"46";"93";"69";"84";"2.5";"14";"3.9";"7.8";"0.2";"0.1";"8";"25";"32";"67";"71";"";"";"0.2";"0.3";"1.7";"1.1";"1";"1.6";"0.7";"1";"0.3";"0.1";"";"0";"0";"2.3";"2.5";"4.3";"6.5";"8.6";"42";"42"
"Russia";"RUS";"FNL 2 - Group 3";"27-06-2026 01:00";"FT";"SKA-Energiya II";"3";"2";"Rotor-2";"1";"0";"1.97";"3.24";"1.17";"1.39";"11";"13";"42";"42";"1";"51";"27";"62";"";"2.4";"2";"1.5";"0.8";"1.2";"1.2";"18";"62";"44";"75";"2.8";"12.9";"4.2";"10.4";"1.2";"1.2";"10";"63";"63";"50";"50";"";"";"0.4";"0.4";"0.5";"0.4";"1.5";"0.8";"0.8";"0.9";"1.1";"0.4";"";"38";"38";"4.2";"3.5";"5.2";"7.8";"9.5";"75";"75"
"Russia";"RUS";"FNL 2 - Group 3";"27-06-2026 07:00";"FT";"Avangard Kursk";"6";"3";"Saturn Ramenskoye";"2";"0";"";"";"";"";"7";"6";"67";"11";"";"51";"10";"42";"";"1.8";"2";"1.5";"0.3";"0.2";"1.3";"29";"71";"29";"71";"2.8";"12.5";"3.1";"6.7";"2";"0.3";"8";"100";"60";"50";"33";"";"";"0.8";"0";"0.2";"0.7";"0.9";"0.8";"0";"0.7";"0.8";"0.3";"";"50";"0";"2.3";"3.7";"3.3";"4";"9.5";"33";"16"
"Russia";"RUS";"FNL 2 - Group 3";"27-06-2026 10:00";"FT";"Zenit Penza";"3";"1";"Orel";"1";"0";"";"";"";"";"14";"8";"33";"56";"";"44";"75";"77";"";"3.4";"3";"1.3";"2.2";"1.6";"1.7";"62";"77";"54";"54";"2.8";"12.9";"4.5";"10.6";"1";"1.7";"10";"49";"46";"57";"50";"";"";"0.4";"0.8";"0.6";"1";"2";"1.4";"1";"0.7";"0.9";"1.3";"";"29";"50";"6.7";"4.3";"5.9";"4.3";"9.5";"84";"68"
"Russia";"RUS";"FNL 2 - Group 3";"27-06-2026 10:00";"FT";"Metallurg Lipetsk";"3";"2";"Rodina Moskva III";"1";"2";"";"";"";"";"4";"10";"76";"39";"";"68";"34";"84";"";"2.8";"3";"2";"1";"0.7";"1.8";"45";"77";"45";"69";"2.8";"12";"4.2";"10.4";"2.3";"1.2";"10";"80";"42";"57";"33";"";"";"0.7";"0.7";"0.1";"0.8";"1.6";"1.2";"0.6";"1";"1.3";"0.3";"";"71";"33";"7.4";"4.2";"3.9";"5.3";"9.5";"68";"68"
"Russia";"RUS";"FNL 2 - Group 3";"27-06-2026 11:00";"FT";"Shumbrat";"2";"0";"Ryazan";"1";"0";"";"";"";"";"3";"5";"62";"71";"";"78";"65";"78";"";"3.2";"3";"2.3";"1.9";"1.6";"0.6";"50";"78";"64";"50";"2.8";"16.2";"4.8";"9.3";"1.9";"2.1";"9";"49";"84";"71";"57";"";"";"1";"1.3";"0.4";"0.1";"1.7";"1.4";"1.1";"0.4";"1.3";"0.6";"";"57";"57";"6.2";"3.4";"3.8";"5.1";"9.5";"68";"52"
"Russia";"RUS";"FNL 2 - Group 3";"27-06-2026 12:00";"FT";"Spartak Tambov";"0";"2";"Volna Kovernino";"0";"1";"2.30";"2.94";"1.29";"1.23";"1";"2";"100";"86";"5";"44";"71";"60";"";"2";"2";"1.3";"2.1";"0.2";"0.3";"16";"93";"37";"100";"2.8";"13.5";"3.6";"9.6";"3";"2.6";"9";"100";"100";"33";"57";"";"";"1";"1.1";"0.2";"0.1";"0.7";"1.2";"0";"0.1";"0.3";"1";"";"100";"86";"7.3";"5.6";"1.8";"4.4";"9.5";"68";"68"
"Russia";"RUS";"FNL 2 - Group 3";"27-06-2026 13:00";"FT";"Strogino";"3";"1";"Kvant";"3";"0";"1.39";"6.56";"1.15";"1.62";"15";"16";"24";"8";"1";"37";"27";"93";"";"3.4";"3";"1.1";"0.8";"2.1";"2.8";"60";"78";"73";"34";"2.8";"15.4";"4.2";"10.6";"0.7";"0.2";"10";"32";"7";"57";"75";"";"";"0.1";"0.2";"0.7";"1.6";"2";"1.4";"1.4";"1.1";"1";"0.5";"";"14";"0";"2.7";"4.3";"6.6";"7.6";"9.5";"71";"43"
"Sierra Leone";"SLE";"Premier League";"27-06-2026 13:15";"FT";"Bhantal";"1";"2";"Abacha City";"1";"2";"";"";"";"";"9";"16";"47";"27";"";"41";"24";"50";"";"2";"2";"1.2";"0.7";"0.7";"1.3";"25";"62";"20";"85";"2";"12.6";"5";"8.9";"1.4";"0.8";"8";"80";"60";"50";"50";"";"";"0.8";"0.4";"0.1";"0.7";"1";"1";"0.7";"0.6";"0.6";"0.3";"";"30";"20";"5";"6.9";"3.3";"2.5";"7.7";"72";"60"
"Sierra Leone";"SLE";"Premier League";"27-06-2026 13:30";"FT";"Bai Bureh Warriors";"0";"0";"Wusum Stars";"0";"0";"1.80";"4.75";"";"";"3";"13";"73";"13";"1";"48";"17";"55";"";"2";"2";"1.4";"0.5";"0.4";"1.7";"35";"55";"40";"85";"2";"18.9";"6.4";"6.8";"2.2";"0.4";"7";"100";"46";"60";"40";"";"";"0.8";"0.1";"0.4";"0.7";"1";"1";"0";"1";"0.6";"0.4";"";"60";"10";"4.2";"3.5";"2.4";"3.4";"7.7";"41";"35"
"Sweden";"SWE";"Superettan";"27-06-2026 10:00";"FT";"Varberg BoIS";"2";"1";"Öster";"0";"0";"1.76";"4.08";"1.16";"1.51";"3";"7";"62";"39";"1";"65";"61";"86";"";"3.5";"3";"1.9";"1.8";"1.1";"2.2";"62";"86";"70";"45";"3";"22.4";"10.2";"9.9";"1.9";"1.2";"10";"66";"28";"57";"67";"";"";"1";"1.2";"0.4";"1.3";"1.6";"2";"0.7";"0.8";"0.9";"0.7";"";"57";"33";"5.1";"5.8";"3.3";"5.5";"9.9";"78";"78"
"Sweden";"SWE";"Superettan";"27-06-2026 10:00";"FT";"Ljungskile";"3";"2";"Örebro";"1";"2";"1.96";"3.48";"1.23";"1.38";"13";"12";"39";"33";"1";"41";"27";"58";"";"2.4";"2";"1.2";"0.8";"1.3";"1.3";"50";"58";"33";"67";"3";"20.6";"7.2";"9.8";"1.2";"1";"9";"60";"60";"33";"33";"";"";"0.2";"0.5";"0.7";"0.3";"1.5";"0.8";"0.7";"1";"1";"0.3";"";"33";"17";"5.7";"3.5";"4.3";"6";"9.9";"66";"66"
"Sweden";"SWE";"Superettan";"27-06-2026 12:00";"FT";"United Nordic";"3";"3";"Oddevold";"2";"0";"2.61";"2.48";"1.22";"1.38";"5";"8";"72";"56";"5";"68";"75";"92";"";"3.8";"4";"2";"2.2";"1.5";"1.8";"83";"67";"75";"42";"3";"21";"8.4";"10.2";"2.2";"1.7";"11";"52";"42";"50";"67";"";"";"0.3";"1";"0.8";"0.3";"2.5";"1.2";"0.7";"1.5";"1.7";"1.2";"";"67";"50";"4.3";"6.3";"5.8";"3.8";"9.9";"83";"83"
"Sweden";"SWE";"Superettan";"27-06-2026 12:00";"FT";"GIF Sundsvall";"0";"2";"Östersunds FK";"0";"0";"3.47";"1.99";"1.26";"1.32";"16";"9";"29";"38";"2";"37";"44";"86";"";"3.2";"3";"1.1";"1.3";"2.6";"1.3";"71";"86";"72";"64";"3";"18.4";"7.7";"10";"0.9";"1.1";"10";"14";"60";"57";"43";"";"";"0.1";"0.6";"1.3";"0.6";"1.8";"1.2";"1.3";"0.7";"1";"0.7";"";"29";"29";"4.5";"6.6";"5.3";"3.6";"9.9";"77";"77"
"Sweden";"SWE";"Ettan: North";"27-06-2026 08:00";"FT";"Stockholm Internazionale";"2";"0";"Enkoping";"1";"0";"1.36";"6.42";"1.11";"1.58";"5";"4";"62";"60";"1";"65";"75";"93";"";"3.2";"3";"1.9";"2.2";"1";"1.4";"58";"68";"68";"66";"3.1";"18.4";"8";"8.9";"1.9";"1.8";"9";"70";"56";"57";"40";"";"";"0.6";"0.6";"0.6";"0.8";"2";"1.2";"0.4";"0.6";"1.3";"1.6";"";"57";"60";"6.1";"5";"2.4";"4.2";"9.3";"66";"48"
"Sweden";"SWE";"Ettan: North";"27-06-2026 11:00";"FT";"Gefle";"2";"1";"Stocksund";"0";"1";"1.80";"3.32";"1.08";"1.78";"14";"16";"39";"22";"1";"41";"58";"66";"";"3.2";"3";"1.2";"1.7";"2";"1.5";"50";"75";"58";"58";"3.1";"18.6";"8.2";"8";"1.2";"0.7";"8";"35";"52";"33";"50";"";"";"0.7";"1";"1";"0.5";"1.6";"1.6";"1";"1";"0.5";"0.7";"";"33";"17";"3.8";"2.7";"5.3";"4.2";"9.3";"58";"42"
"Sweden";"SWE";"Ettan: North";"27-06-2026 12:00";"FT";"Arlanda";"1";"0";"IF Karlstad Fotboll";"0";"0";"3.21";"1.94";"1.18";"1.46";"3";"2";"57";"78";"2";"44";"58";"69";"";"2.2";"2";"1.3";"1.7";"0.9";"0.7";"45";"62";"31";"76";"3.1";"20.4";"8.3";"8.2";"1.7";"2.3";"9";"74";"80";"29";"33";"";"";"0.4";"0.7";"0.1";"0.3";"1.5";"0.8";"0.7";"0.3";"0.9";"1";"";"43";"67";"3.7";"4.8";"4.3";"3.5";"9.3";"69";"38"
"Sweden";"SWE";"Ettan: South";"27-06-2026 08:00";"FT";"Laholm";"3";"1";"Utsikten";"3";"0";"1.67";"3.97";"1.12";"1.64";"15";"16";"27";"17";"1";"48";"27";"100";"";"4.2";"3";"1.4";"0.8";"2.6";"3.5";"65";"92";"90";"36";"3.1";"19.6";"9.8";"9.2";"0.8";"0.5";"9";"14";"2";"60";"50";"";"";"0.6";"0.3";"1.4";"1.3";"2.4";"1.8";"1.2";"2.2";"0.8";"0.5";"";"20";"17";"5.2";"4.3";"3.6";"5.2";"9.7";"92";"45"
"Sweden";"SWE";"Ettan: South";"27-06-2026 08:00";"FT";"Trollhättan";"1";"1";"Ängelholm";"0";"0";"2.24";"2.64";"1.14";"1.55";"14";"12";"19";"44";"5";"44";"68";"100";"";"3.4";"3";"1.3";"2";"2";"1.5";"69";"78";"48";"69";"3.1";"19.4";"8.3";"9";"0.6";"1.3";"9";"35";"52";"29";"33";"";"";"0.4";"1";"0.7";"0.7";"2";"1.4";"1.3";"0.8";"0.9";"1";"";"0";"33";"5.6";"3.7";"4.1";"4.5";"9.7";"77";"45"
"Sweden";"SWE";"Ettan: South";"27-06-2026 11:00";"FT";"Åtvidaberg";"3";"3";"Rosengård";"3";"2";"2.43";"2.52";"1.18";"1.43";"2";"6";"76";"67";"5";"78";"58";"86";"";"2.9";"3";"2.3";"1.7";"0.9";"1";"64";"72";"64";"64";"3.1";"16.2";"7";"9.7";"2.3";"2";"10";"74";"70";"43";"43";"";"";"1.6";"0.6";"0.1";"0.4";"1.5";"1.4";"0.7";"0.6";"0.7";"1.1";"";"71";"57";"6.1";"4.9";"5.1";"3.3";"9.7";"64";"50"
"Sweden";"SWE";"Ettan: South";"27-06-2026 11:00";"FT";"Lund";"2";"1";"Skövde AIK";"2";"0";"1.43";"5.61";"1.12";"1.57";"4";"11";"80";"33";"1";"88";"27";"82";"";"3.2";"3";"2.6";"0.8";"1.2";"1.8";"45";"84";"55";"54";"3.1";"20.5";"9.3";"9.8";"2.4";"1";"10";"63";"42";"60";"50";"";"";"0.8";"0.5";"0.8";"0.5";"2";"1.3";"0.4";"1.3";"1.8";"0.3";"";"80";"17";"5.4";"3.7";"4.6";"6";"9.7";"74";"74"
"Sweden";"SWE";"Ettan: South";"27-06-2026 11:00";"FT";"Ariana";"1";"0";"Jönköpings Södra";"1";"0";"2.20";"2.73";"";"";"3";"8";"52";"11";"5";"65";"27";"76";"";"3";"3";"1.9";"0.8";"1.6";"1.7";"76";"69";"60";"62";"3.1";"19.9";"8";"11";"1.6";"0.3";"10";"49";"46";"43";"50";"";"";"0.9";"0.3";"0.7";"0.7";"1.7";"1.3";"0.9";"1";"1";"0.5";"";"43";"0";"6.4";"7";"4.7";"3.8";"9.7";"93";"93"
"Sweden";"SWE";"Division 2: Norra Gotaland";"27-06-2026 11:00";"FT";"Ahlafors";"2";"2";"Tord";"1";"1";"1.60";"4.29";"1.16";"1.52";"5";"14";"50";"20";"1";"78";"20";"90";"";"2.8";"3";"2.3";"0.6";"1.2";"1.4";"64";"70";"44";"75";"3.3";"20.1";"8.9";"10.2";"1.5";"0.6";"11";"63";"56";"50";"80";"";"";"1.5";"0.2";"0.8";"0.4";"1.3";"1.4";"0.3";"1";"0.8";"0.4";"";"33";"0";"7";"4.2";"5";"4.2";"9.8";"88";"66"
"Sweden";"SWE";"Division 2: Norra Gotaland";"27-06-2026 11:00";"FT";"Motala";"0";"1";"Vänersborgs FK";"0";"0";"1.56";"4.60";"1.14";"1.59";"7";"10";"61";"22";"1";"51";"27";"75";"";"2.4";"3";"1.5";"0.8";"1.2";"1.3";"50";"67";"42";"67";"3.3";"18";"8.6";"12.2";"1.8";"0.7";"11";"63";"60";"50";"33";"";"";"0.8";"0.3";"0.7";"0.5";"1.2";"1.2";"0.5";"0.8";"0.7";"0.5";"";"50";"0";"6.5";"4.7";"6";"7.3";"9.8";"100";"100"
"Sweden";"SWE";"Division 2: Norra Gotaland";"27-06-2026 11:00";"FT";"Husqvarna";"3";"1";"IF Karlstad II";"1";"1";"1.19";"10.23";"1.08";"1.77";"1";"12";"89";"38";"3";"92";"54";"100";"";"3.2";"3";"2.7";"1.6";"0.8";"1.4";"77";"62";"63";"52";"3.3";"17";"8.2";"9.4";"2.7";"1.1";"10";"77";"56";"67";"43";"";"";"0.8";"0.4";"0.3";"0.6";"2.2";"1.1";"0.5";"0.9";"1.8";"1.1";"";"83";"29";"7.3";"3.4";"3.8";"4.2";"9.8";"64";"44"
"Sweden";"SWE";"Division 2: Norra Svealand";"27-06-2026 08:00";"FT";"Franke";"1";"2";"Viggbyholms IK";"1";"0";"1.62";"4.14";"1.09";"1.74";"7";"13";"72";"28";"1";"92";"7";"75";"";"2.9";"3";"2.7";"0.2";"1.2";"1.8";"42";"50";"66";"50";"3";"16.6";"6.8";"8.5";"2.2";"0.8";"9";"63";"42";"67";"50";"";"";"0.3";"0";"0.7";"0.3";"2.2";"0.6";"0.5";"1.5";"2.3";"0.2";"";"67";"17";"3.7";"3.3";"4";"6";"9.1";"67";"50"
"Sweden";"SWE";"Division 2: Norra Svealand";"27-06-2026 10:00";"FT";"Täby";"2";"1";"Gute";"0";"1";"1.49";"4.76";"1.10";"1.69";"5";"8";"67";"43";"1";"54";"44";"72";"";"2.5";"3";"1.6";"1.3";"0.4";"1.7";"43";"64";"43";"78";"3";"22.8";"7.8";"9.2";"2";"1.3";"9";"100";"46";"57";"29";"";"";"0.4";"0.6";"0.3";"0.7";"1.5";"1";"0.1";"1";"1.1";"0.7";"";"57";"29";"4.5";"2.2";"5.8";"6";"9.1";"66";"46"
"Sweden";"SWE";"Division 2: Norra Svealand";"27-06-2026 11:00";"FT";"Bollstanäs";"5";"1";"Korsnäs IF FK";"1";"1";"1.66";"3.96";"1.12";"1.70";"9";"12";"33";"33";"1";"41";"44";"84";"";"2.8";"3";"1.2";"1.3";"1.7";"1.5";"84";"50";"50";"58";"3";"14.8";"7.4";"8.8";"1";"1";"9";"46";"52";"50";"50";"";"";"0.5";"0.5";"0.5";"0.3";"1.9";"0.9";"1.2";"1.2";"0.7";"0.8";"";"17";"17";"5";"4.2";"2.5";"5.8";"9.1";"75";"50"
"Sweden";"SWE";"Division 2: Norra Svealand";"27-06-2026 11:00";"FT";"Falu BS";"2";"0";"Lidingö";"1";"0";"1.40";"5.96";"1.13";"1.63";"4";"10";"78";"33";"1";"75";"48";"77";"";"3";"3";"2.2";"1.4";"0.7";"1.9";"60";"70";"60";"55";"3";"";"";"";"2.3";"1";"";"80";"38";"50";"57";"";"";"0.7";"0.3";"0.3";"0.9";"2";"1";"0.3";"1";"1.5";"1.1";"";"67";"29";"";"4.6";"";"6.8";"9.1";"";""
"Sweden";"SWE";"Division 2: Norrland";"27-06-2026 08:00";"FT";"Täfteå";"1";"1";"Boden";"0";"0";"";"";"";"";"2";"4";"80";"53";"";"100";"34";"80";"";"2.7";"3";"3";"1";"0.6";"0.8";"40";"70";"30";"80";"3.8";"";"";"";"2.4";"1.6";"";"84";"77";"40";"80";"";"";"1.6";"0.6";"0.4";"0.6";"1.1";"1.6";"0.2";"0.2";"1.4";"0.4";"";"80";"40";"10";"";"1.5";"";"10.4";"";""
"Sweden";"SWE";"Division 2: Norrland";"27-06-2026 08:00";"FT";"IFK Umeå";"2";"1";"Storfors";"0";"0";"4.08";"1.59";"";"";"7";"6";"0";"27";"2";"20";"34";"80";"";"3.7";"3";"0.6";"1";"3.4";"2.4";"60";"90";"70";"50";"3.8";"19.6";"9.4";"11.2";"0";"0.8";"10";"2";"21";"60";"40";"";"";"0";"0.6";"1.8";"1.4";"1.8";"1.9";"1.6";"1";"0.6";"0.4";"";"0";"20";"4.3";"4";"6";"8";"10.4";"100";"100"
"Sweden";"SWE";"Division 2: Norrland";"27-06-2026 09:00";"FT";"IFK Luleå";"0";"1";"Skellefteå";"0";"0";"2.16";"2.81";"1.13";"1.59";"1";"3";"67";"73";"5";"95";"75";"80";"";"3.1";"4";"2.8";"2.2";"0.6";"0.6";"50";"80";"50";"60";"3.8";"13.6";"6.4";"7.5";"2";"2.2";"9";"84";"84";"40";"40";"";"";"1.6";"1";"0.2";"0";"1.7";"1.4";"0.4";"0.6";"1.2";"1.2";"";"60";"60";"5.7";"2.5";"2.3";"4.5";"10.4";"58";"42"
"Sweden";"SWE";"Division 2: Norrland";"27-06-2026 11:00";"FT";"Tegs SK";"3";"3";"Friska Viljor";"2";"0";"";"";"";"";"6";"5";"7";"33";"";"48";"41";"90";"";"3.4";"4";"1.4";"1.2";"2.8";"1.4";"90";"70";"70";"40";"3.8";"";"";"";"0.2";"1";"";"7";"56";"60";"60";"";"";"0";"0.2";"1.6";"0.6";"2.2";"1.2";"1.2";"0.8";"1.4";"1";"";"0";"20";"";"";"";"";"10.4";"";""
"Sweden";"SWE";"Division 2: Sodra Gotaland";"27-06-2026 11:00";"FT";"Räppe";"1";"4";"Staffanstorp United";"0";"2";"2.38";"2.49";"1.17";"1.45";"13";"11";"33";"28";"5";"34";"34";"77";"";"2.6";"3";"1";"1";"1.3";"2";"62";"77";"55";"68";"3.1";"20";"9.2";"9";"1";"0.8";"10";"60";"35";"43";"67";"";"";"0.4";"0.5";"0.9";"0.7";"1.4";"1.2";"0.4";"1.3";"0.6";"0.5";"";"29";"17";"3.4";"5.7";"5.8";"3";"10.5";"54";"36"
"Sweden";"SWE";"Division 2: Sodra Gotaland";"27-06-2026 11:00";"FT";"Solvesborg";"1";"0";"Oskarshamns AIK";"0";"0";"3.44";"1.82";"1.13";"1.58";"12";"2";"33";"44";"2";"48";"51";"84";"";"3.2";"3";"1.4";"1.5";"1.9";"1.5";"76";"68";"60";"62";"3.1";"20.5";"10.4";"10";"1";"1.3";"10";"38";"52";"43";"50";"";"";"0.4";"0.3";"0.7";"0.5";"2.2";"1";"1.1";"1";"1";"1.2";"";"29";"33";"5.2";"6.8";"4.5";"3.5";"10.5";"88";"88"
"Sweden";"SWE";"Division 2: Sodra Gotaland";"27-06-2026 11:00";"FT";"Österlen";"0";"3";"Karlskrona";"0";"3";"3.01";"1.99";"1.12";"1.56";"8";"1";"50";"71";"2";"58";"78";"100";"";"3.6";"4";"1.7";"2.3";"1.5";"1.7";"86";"100";"100";"56";"3.1";"";"";"12.4";"1.5";"2.1";"12";"52";"46";"17";"71";"";"";"1";"0.9";"0.7";"0.9";"1.9";"1.7";"0.8";"0.9";"0.7";"1.4";"";"50";"71";"7.5";"7.7";"4.5";"5";"10.5";"93";"93"
"Sweden";"SWE";"Division 2: Sodra Gotaland";"27-06-2026 11:00";"DELAYED";"Nosaby";"0";"0";"IFK Trelleborg";"0";"0";"2.54";"2.24";"1.11";"1.65";"7";"3";"62";"44";"5";"71";"24";"60";"";"2.2";"2";"2.1";"0.7";"1";"0.7";"45";"45";"37";"72";"3.1";"17.8";"9.1";"12.8";"1.9";"1.3";"12";"70";"80";"57";"33";"";"";"0.6";"0";"0.3";"0.3";"1.6";"0.6";"0.7";"0.3";"1.6";"0.7";"";"43";"33";"6.5";"10";"6.5";"2.5";"10.5";"88";"88"
"Sweden";"SWE";"Division 2: Sodra Svealand";"27-06-2026 08:00";"FT";"Haninge";"6";"1";"Sleipner";"3";"0";"1.86";"3.20";"1.08";"1.81";"3";"4";"67";"67";"1";"78";"75";"92";"";"4.1";"4";"2.3";"2.2";"1.7";"2";"75";"92";"84";"42";"3.5";"21.4";"10";"9.9";"2";"2";"10";"46";"35";"50";"50";"";"";"1.3";"1.5";"0.7";"0.5";"2.1";"2";"1";"1.5";"1";"0.7";"";"67";"67";"5.2";"5.4";"4.8";"4.4";"9.4";"70";"50"
"Sweden";"SWE";"Division 2: Sodra Svealand";"27-06-2026 11:00";"FT";"Eker Örebro";"1";"4";"Farsta";"1";"2";"4.33";"1.60";"1.08";"1.92";"10";"6";"56";"19";"2";"58";"37";"77";"";"3.5";"4";"1.7";"1.1";"2.3";"1.9";"69";"70";"62";"54";"3.5";"20.3";"9.2";"8.1";"1.7";"0.6";"9";"25";"38";"50";"57";"";"";"1";"0.4";"1.5";"0.7";"1.7";"1.8";"0.8";"1.1";"0.7";"0.7";"";"50";"14";"3.3";"3.8";"4.7";"4.3";"9.4";"50";"33"
"Sweden";"SWE";"Division 2: Vastra Gotaland";"27-06-2026 11:00";"FT";"Astorps FF";"1";"1";"Torslanda";"1";"0";"2.06";"2.84";"1.12";"1.58";"11";"10";"28";"39";"5";"24";"44";"92";"";"2.5";"3";"0.7";"1.3";"1.7";"1.3";"66";"92";"50";"84";"3.2";"18";"8.5";"8.2";"0.8";"1.2";"9";"46";"60";"33";"67";"";"";"0.2";"0.7";"1.3";"1";"0.9";"1.6";"0.3";"0.3";"0.5";"0.7";"";"17";"17";"4.7";"4.3";"2.2";"5.3";"10";"66";"58"
"Sweden";"SWE";"Division 2: Vastra Gotaland";"27-06-2026 11:00";"FT";"Astrio";"1";"2";"Hestrafor";"0";"1";"3.66";"1.71";"1.09";"1.73";"14";"6";"22";"62";"2";"24";"68";"92";"";"3.1";"3";"0.7";"2";"1.7";"1.9";"54";"76";"60";"72";"3.2";"21.6";"9.5";"8.7";"0.7";"1.9";"9";"46";"38";"50";"57";"";"";"0.3";"1.4";"0.7";"0.6";"1.6";"1.5";"1";"1.3";"0.3";"0.6";"";"17";"57";"2.7";"4";"5.7";"5.1";"10";"69";"46"
"Syria";"SYR";"Premier League";"27-06-2026 11:00";"FT";"Wahda";"1";"0";"Tishreen";"1";"0";"1.67";"4.24";"";"";"3";"6";"63";"53";"1";"71";"44";"85";"";"2.9";"3";"2.1";"1.3";"1.4";"1";"55";"75";"45";"75";"2.5";"";"";"";"1.9";"1.6";"";"56";"70";"30";"20";"";"";"0.9";"0.6";"0.7";"0.5";"1.5";"1.4";"0.7";"0.5";"1.2";"0.7";"";"60";"40";"";"";"";"";"9.1";"";""
"Tanzania";"TAN";"Ligi kuu Bara";"27-06-2026 10:00";"FT";"Namungo";"0";"0";"Fountain Gate";"0";"0";"1.66";"4.93";"1.40";"1.18";"10";"12";"50";"37";"1";"34";"31";"60";"";"2";"2";"1";"0.9";"0.8";"1.4";"45";"55";"30";"80";"2.2";"19";"7.4";"9";"1.5";"1.1";"8";"77";"56";"60";"40";"";"";"0.3";"0.5";"0.4";"0.6";"1.2";"0.9";"0.4";"0.8";"0.7";"0.4";"";"30";"30";"4.9";"3.2";"3.5";"6.4";"8";"74";"54"
"Tanzania";"TAN";"Ligi kuu Bara";"27-06-2026 10:00";"FT";"Young Africans";"3";"0";"TRA United SC";"1";"0";"1.13";"13.36";"";"";"1";"5";"93";"47";"3";"100";"41";"80";"";"3";"2";"3.5";"1.2";"0.2";"1.2";"25";"84";"70";"65";"2.2";"16.6";"7.3";"7.5";"2.8";"1.4";"8";"100";"63";"50";"50";"";"";"1.6";"0.5";"0.1";"0.6";"1.6";"1.3";"0.3";"0.6";"2.1";"0.7";"";"90";"40";"4.9";"2.8";"2.1";"5.2";"8";"36";"30"
"Tanzania";"TAN";"Ligi kuu Bara";"27-06-2026 10:00";"FT";"Dodoma Jiji";"1";"1";"Mbeya City";"1";"1";"3.85";"1.85";"1.30";"1.31";"8";"13";"63";"33";"2";"44";"31";"75";"";"2.4";"2";"1.3";"0.9";"0.7";"2";"35";"80";"50";"85";"2.2";"15.1";"7";"7.6";"1.9";"1";"8";"80";"35";"60";"50";"";"";"0.7";"0.6";"0.4";"1.4";"0.9";"1.6";"0.3";"0.6";"0.6";"0.3";"";"50";"30";"4.2";"3.8";"3.1";"4";"8";"59";"48"
"Tanzania";"TAN";"Ligi kuu Bara";"27-06-2026 10:00";"FT";"Coastal Union";"0";"2";"Azam";"0";"2";"";"";"";"";"9";"3";"53";"53";"";"44";"44";"75";"";"2.2";"2";"1.3";"1.3";"0.9";"1";"50";"70";"45";"85";"2.2";"19";"7";"8.6";"1.6";"1.6";"8";"74";"70";"30";"60";"";"";"0.9";"0.6";"0.4";"0.5";"1";"1.2";"0.5";"0.5";"0.4";"0.7";"";"40";"40";"4.9";"4.7";"4.3";"3.3";"8";"54";"34"
"Tanzania";"TAN";"Ligi kuu Bara";"27-06-2026 10:00";"FT";"Tanzania Prisons";"2";"1";"Mtibwa Sugar";"0";"0";"";"";"";"";"15";"14";"33";"13";"";"34";"14";"70";"";"2.4";"2";"1";"0.4";"1.7";"1.8";"45";"75";"55";"75";"2.2";"11.5";"4.2";"8.8";"1";"0.4";"9";"46";"42";"60";"50";"";"";"0.6";"0.2";"1";"0.9";"1.1";"1.4";"0.7";"0.9";"0.4";"0.2";"";"30";"0";"2.9";"2.3";"5.1";"7.3";"8";"48";"41"
"Tanzania";"TAN";"Ligi kuu Bara";"27-06-2026 10:00";"FT";"Pamba Jiji";"1";"2";"JKT Tanzania";"1";"1";"3.98";"1.93";"1.37";"1.18";"7";"6";"50";"37";"2";"54";"27";"70";"";"2.4";"2";"1.6";"0.8";"1.1";"1.4";"30";"55";"50";"70";"2.2";"13";"5.2";"8.8";"1.5";"1.1";"9";"66";"56";"60";"40";"";"";"0.6";"0.3";"0.5";"0.4";"1.6";"0.9";"0.6";"1";"1";"0.5";"";"40";"20";"3.8";"4.1";"5.1";"4.6";"8";"56";"38"
"Tanzania";"TAN";"Ligi kuu Bara";"27-06-2026 10:00";"FT";"Mashujaa";"2";"0";"KMC";"2";"0";"1.12";"46.95";"1.16";"2.44";"11";"16";"40";"3";"3";"14";"24";"55";"";"2";"0";"0.4";"0.7";"0.7";"2.2";"30";"60";"35";"90";"2.2";"19.6";"7.4";"8.6";"1.2";"0.1";"7";"80";"28";"40";"60";"";"";"0.1";"0.2";"0.3";"1.2";"1.1";"0.9";"0.4";"1";"0.3";"0.5";"";"20";"0";"3.4";"4.4";"3.4";"5.9";"8";"61";"28"
"Tanzania";"TAN";"Ligi kuu Bara";"27-06-2026 10:00";"FT";"Simba";"2";"0";"Singida Black Stars";"1";"0";"1.30";"8.60";"1.23";"1.32";"2";"4";"77";"50";"3";"61";"48";"85";"";"2.6";"3";"1.8";"1.4";"0.6";"1.3";"50";"75";"50";"80";"2.2";"15.8";"6";"8";"2.3";"1.5";"8";"84";"60";"40";"60";"";"";"1.1";"0.6";"0.2";"0.8";"1.2";"1.4";"0.4";"0.5";"0.7";"0.8";"";"70";"40";"6.1";"3.2";"2.8";"4";"8";"52";"36"
"Tajikistan";"TJK";"Vysshaya Liga";"27-06-2026 11:00";"FT";"Barkchi Hisar";"2";"2";"Vakhsh Bokhtar";"1";"2";"";"";"";"";"6";"9";"60";"40";"";"48";"41";"80";"";"2.6";"2";"1.4";"1.2";"1.4";"1.2";"70";"50";"50";"80";"2.4";"";"";"";"1.8";"1.2";"";"56";"63";"60";"40";"";"";"0.4";"0.6";"0.4";"0.4";"1.7";"0.9";"1";"0.8";"1";"0.6";"";"60";"20";"";"";"";"";"6.3";"";""
"Tajikistan";"TJK";"Vysshaya Liga";"27-06-2026 12:00";"FT";"Eskhata";"0";"1";"Khujand";"0";"1";"";"";"";"";"7";"8";"27";"13";"";"41";"20";"70";"";"2.9";"2";"1.2";"0.6";"2.6";"1.4";"50";"80";"50";"70";"2.4";"";"";"";"0.8";"0.4";"";"14";"56";"40";"60";"";"";"0.4";"0.2";"1.2";"1";"1.5";"1.4";"1.4";"0.4";"0.8";"0.4";"";"20";"0";"";"";"";"";"6.3";"";""
"Uruguay";"URU";"Primera División Amateur";"27-06-2026 10:00";"FT";"Basáñez";"4";"1";"Potencia";"";"";"";"";"";"";"9";"8";"33";"0";"";"24";"17";"58";"";"3.5";"3";"0.7";"0.5";"2.3";"3.5";"42";"16";"58";"58";"2.6";"";"";"";"1";"0";"";"25";"2";"67";"50";"";"";"0";"0";"0.3";"0";"3.4";"0.2";"2";"3.5";"0.7";"0.5";"";"33";"0";"7";"";"3.7";"";"10";"";""
"Uruguay";"URU";"Primera División Amateur";"27-06-2026 10:00";"FT";"Bella Vista";"9";"0";"Frontera Rivera";"";"";"";"";"";"";"";"7";"";"50";"";"";"";"";"";"";"";"";"1.5";"";"2";"";"";"";"";"";"";"";"";"";"1.5";"";"";"";"";"50";"";"";"";"1";"";"0.5";"";"";"";"1.5";"";"0.5";"";"";"50";"";"";"";"";"";"";""
"Uruguay";"URU";"Primera División Amateur";"27-06-2026 10:00";"FT";"Deutscher";"0";"2";"Rampla Juniors";"";"";"";"";"";"";"1";"2";"100";"17";"";"68";"34";"100";"";"2.8";"3";"2";"1";"0.5";"2";"75";"50";"50";"75";"2.6";"";"";"";"3";"0.5";"";"88";"35";"50";"50";"";"";"1.5";"0";"0";"0";"2";"0.8";"0.5";"2";"0.5";"1";"";"100";"0";"";"";"";"";"10";"";""
"Uruguay";"URU";"Primera División Amateur";"27-06-2026 15:00";"FT";"Salus";"1";"0";"Durazno FC";"0";"0";"2.44";"2.61";"";"";"3";"7";"78";"0";"5";"68";"17";"58";"";"2.2";"3";"2";"0.5";"0.3";"1.5";"42";"16";"42";"84";"2.6";"";"";"";"2.3";"0";"";"100";"52";"33";"50";"";"";"0.7";"0";"0";"0";"1.8";"0.4";"0.3";"1.5";"1.3";"0.5";"";"67";"0";"";"";"";"";"10";"";""
"Uruguay";"URU";"Primera División Amateur";"27-06-2026 15:00";"AWAITING_UPDATES";"Rocha";"";"";"Mar de Fondo";"";"";"";"";"";"";"4";"6";"67";"50";"";"51";"51";"75";"";"3";"3";"1.5";"1.5";"1";"2";"75";"75";"75";"50";"2.6";"";"";"";"2";"1.5";"";"70";"35";"50";"50";"";"";"1";"0.5";"0";"0";"2.2";"0.8";"1";"2";"0.5";"1";"";"50";"50";"";"";"";"";"10";"";""
"Uruguay";"URU";"Primera División Amateur";"27-06-2026 15:00";"AWAITING_UPDATES";"Villa Teresa";"";"";"Deportivo Colonia";"";"";"";"";"";"";"6";"2";"50";"100";"";"17";"100";"50";"";"2.5";"3";"0.5";"3.5";"0.5";"0.5";"25";"50";"50";"75";"2.6";"";"";"";"1.5";"3";"";"88";"88";"100";"50";"";"";"0.5";"1";"0";"0";"1.8";"0.8";"0.5";"0.5";"0";"2.5";"";"50";"100";"";"";"";"";"10";"";""
"United States";"USA";"USL League Two";"27-06-2026 12:00";"FT";"New Jersey Copa";"1";"2";"Ironbound";"0";"1";"4.76";"1.48";"";"";"7";"3";"33";"83";"2";"51";"95";"100";"";"4.2";"3";"1.5";"2.8";"2.2";"1.8";"75";"100";"75";"38";"3.6";"";"";"";"1";"2.5";"";"28";"42";"50";"75";"";"";"0.8";"2";"1.2";"0.8";"1.8";"2.4";"1";"1";"0.8";"0.8";"";"25";"75";"3.7";"";"4.3";"";"8.7";"";""
"United States";"USA";"USL League Two";"27-06-2026 14:00";"FT";"Edgewater Castle";"0";"5";"Chicago Dutch Lions";"0";"3";"";"";"";"";"8";"3";"50";"50";"";"75";"51";"100";"";"4.9";"4";"2.2";"1.5";"2.5";"3.5";"75";"100";"100";"12";"3.6";"";"";"";"1.5";"1.5";"";"18";"2";"75";"50";"";"";"1.2";"1.5";"1.5";"2";"1.8";"3.2";"1";"1.5";"1";"0";"";"50";"50";"2.5";"";"5";"";"8.7";"";""
"United States";"USA";"USL League Two";"27-06-2026 16:00";"FT";"Louisville City II";"2";"0";"Kings Hammer Columbus";"0";"0";"";"";"";"";"2";"5";"58";"27";"";"68";"20";"68";"";"2.3";"3";"2";"0.6";"0.8";"1.2";"32";"78";"32";"88";"3.6";"";"";"";"1.8";"0.8";"";"77";"63";"25";"60";"";"";"1.2";"0.4";"0.5";"0.8";"0.8";"1.5";"0.2";"0.4";"0.8";"0.2";"";"50";"20";"";"";"";"";"8.7";"";""
"United States";"USA";"USL League Two";"27-06-2026 16:00";"DELAYED";"Midwest United";"0";"0";"Union Macomb";"0";"0";"1.34";"6.27";"1.10";"1.85";"3";"6";"25";"50";"1";"34";"68";"75";"";"3.2";"3";"1";"2";"1.2";"2.2";"50";"62";"75";"62";"3.6";"";"";"";"0.8";"1.5";"";"63";"28";"50";"25";"";"";"0.8";"0.8";"0.2";"0.8";"2";"1.2";"1";"1.5";"0.2";"1.2";"";"25";"50";"";"4";"";"4";"8.7";"";""
"United States";"USA";"USL League Two";"27-06-2026 17:30";"FT";"Rochester";"0";"2";"Rockford Raptors";"0";"1";"2.87";"1.92";"";"";"9";"4";"100";"33";"2";"85";"58";"100";"";"4.2";"4";"2.5";"1.7";"1.5";"2.7";"84";"100";"84";"42";"3.6";"";"";"";"3";"1";"";"52";"10";"50";"67";"";"";"0.5";"1";"1";"1";"2.4";"1.8";"0.5";"1.7";"2";"0.7";"";"100";"33";"";"2";"";"6.5";"8.7";"";""
"United States";"USA";"USL League Two";"27-06-2026 18:00";"FT";"Buffalo";"1";"1";"Steel City";"0";"0";"";"";"";"";"1";"2";"100";"100";"";"100";"68";"84";"";"3.5";"4";"3.7";"2";"1";"0.3";"50";"66";"66";"34";"3.6";"";"";"";"3";"3";"";"70";"100";"33";"33";"";"";"2.3";"0.3";"0.7";"0";"1.8";"1.6";"0.3";"0.3";"1.3";"1.7";"";"100";"100";"";"";"";"";"8.7";"";""
"United States";"USA";"USL League Two";"27-06-2026 18:00";"FT";"West Virginia Chaos";"2";"1";"Dayton Dutch Lions";"1";"0";"";"";"";"";"1";"4";"83";"33";"";"51";"10";"42";"";"1.8";"3";"1.5";"0.3";"0.2";"1.3";"12";"42";"29";"88";"3.6";"";"";"";"2.5";"1";"";"100";"60";"50";"33";"";"";"1";"0.3";"0";"0";"1";"0.6";"0.2";"1.3";"0.5";"0";"";"75";"33";"";"";"";"";"8.7";"";""
"United States";"USA";"USL League Two";"27-06-2026 19:00";"FT";"Staten Island Athletic";"0";"6";"Long Island Rough Riders";"0";"3";"";"";"";"";"9";"3";"11";"78";"";"58";"92";"100";"";"3.8";"4";"1.7";"2.7";"2.7";"0.7";"66";"100";"84";"16";"3.6";"";"";"";"0.3";"2.3";"";"10";"80";"33";"67";"";"";"0.3";"2";"1.3";"0.7";"1.7";"2.2";"1.3";"0";"1.3";"0.7";"";"0";"67";"";"4";"";"2.5";"8.7";"";""
"United States";"USA";"USL League Two";"27-06-2026 19:00";"FT";"Inter Gainesville";"4";"1";"Sporting JAX II";"2";"1";"";"";"";"";"6";"4";"44";"40";"";"10";"14";"26";"";"1.2";"2";"0.3";"0.4";"1.3";"0.4";"10";"36";"16";"84";"3.6";"";"";"";"1.3";"1.2";"";"60";"100";"33";"60";"";"";"0.3";"0.2";"0";"0.2";"0.8";"0.4";"1.3";"0.2";"0";"0.2";"";"33";"20";"";"3.7";"";"7";"8.7";"";""
"United States";"USA";"USL League Two";"27-06-2026 19:30";"FT";"Port City";"0";"3";"Appalachian";"0";"2";"";"";"";"";"10";"3";"20";"60";"";"48";"75";"90";"";"3.3";"3";"1.4";"2.2";"2.4";"0.6";"80";"80";"70";"60";"3.6";"";"";"";"0.6";"1.8";"";"21";"84";"40";"40";"";"";"0.4";"0.6";"0.8";"0.2";"2.3";"1";"1.6";"0.4";"1";"1.6";"";"20";"40";"";"";"";"";"8.7";"";""
"United States";"USA";"USL League Two";"27-06-2026 20:00";"FT";"River Light";"2";"5";"Minneapolis City";"0";"3";"5.24";"1.38";"1.08";"1.80";"6";"1";"67";"100";"2";"34";"92";"58";"";"2.2";"3";"1";"2.7";"0.5";"0.3";"42";"58";"58";"84";"3.6";"";"";"";"2";"3";"";"88";"100";"50";"67";"";"";"1";"1";"0.5";"0.3";"0.8";"1.4";"0";"0";"0";"1.7";"";"50";"100";"2";"";"8.5";"";"8.7";"";""
"United States";"USA";"USL League Two";"27-06-2026 20:00";"FT";"Michigan Bucks";"1";"1";"Oakland County";"1";"0";"";"";"";"";"2";"1";"83";"78";"";"95";"68";"71";"";"3.1";"4";"2.8";"2";"0.5";"1";"58";"54";"71";"54";"3.6";"";"";"";"2.5";"2.3";"";"88";"70";"25";"67";"";"";"1.2";"0.7";"0.2";"0.3";"1.9";"1.2";"0.2";"0.7";"1.5";"1.3";"";"75";"67";"5.5";"";"1";"";"8.7";"";""
"United States";"USA";"USL League Two";"27-06-2026 20:00";"FT";"Toledo Villa";"2";"3";"Northern Indiana";"1";"1";"";"";"";"";"6";"3";"0";"0";"";"34";"34";"58";"";"3.4";"4";"1";"1";"2";"2.7";"58";"71";"58";"54";"3.6";"";"";"";"0";"0";"";"35";"10";"50";"67";"";"";"1";"0.7";"1.5";"1.3";"1.1";"2.2";"0.5";"1.3";"0";"0.3";"";"0";"0";"";"";"";"";"8.7";"";""
"United States";"USA";"USL League Two";"27-06-2026 20:00";"FT";"Akron City";"4";"0";"Lorain County Leviathan";"3";"0";"4.37";"1.53";"1.10";"1.69";"6";"4";"11";"58";"2";"24";"85";"71";"";"3.1";"3";"0.7";"2.5";"2";"1";"58";"75";"54";"46";"3.6";"";"";"";"0.3";"1.8";"";"35";"70";"33";"75";"";"";"0.3";"0.8";"1";"0.2";"1.9";"1.2";"1";"0.8";"0.3";"1.8";"";"0";"50";"";"";"";"";"8.7";"";""
"United States";"USA";"USL League Two";"27-06-2026 20:00";"FT";"Reading United";"4";"1";"Pennsylvania Classics";"2";"1";"";"";"";"";"8";"6";"44";"17";"";"68";"34";"92";"";"4";"4";"2";"1";"1.7";"3.2";"50";"75";"67";"42";"3.6";"";"";"";"1.3";"0.5";"";"46";"2";"67";"50";"";"";"1.3";"0.3";"1";"1";"2";"1.8";"0.7";"2.2";"0.7";"0.7";"";"33";"17";"";"5.3";"";"5";"8.7";"";""
"United States";"USA";"USL League Two";"27-06-2026 20:00";"FT";"Delaware FC";"5";"1";"Real Central New Jersey";"3";"0";"2.83";"2.00";"";"";"7";"3";"20";"33";"5";"54";"48";"80";"";"3.4";"4";"1.6";"1.4";"2.4";"1.4";"70";"90";"70";"40";"3.6";"";"";"";"0.6";"1";"";"21";"56";"60";"60";"";"";"0.8";"0.6";"2";"0.8";"1.3";"2.1";"0.4";"0.6";"0.8";"0.8";"";"20";"20";"5.8";"";"5";"";"8.7";"";""
"United States";"USA";"USL League Two";"27-06-2026 20:00";"FT";"Tobacco Road";"2";"3";"Wake";"1";"1";"";"";"";"";"9";"11";"7";"20";"";"27";"34";"90";"";"3.3";"4";"0.8";"1";"2.8";"2";"70";"80";"70";"60";"3.6";"";"";"";"0.2";"0.6";"";"7";"35";"60";"80";"";"";"0.2";"0.4";"1";"0.8";"2.1";"1.2";"1.8";"1.2";"0.6";"0.6";"";"0";"20";"2.5";"";"5";"";"8.7";"";""
"United States";"USA";"USL League Two";"27-06-2026 20:00";"FT";"SC United Bantams";"3";"3";"Salem City";"2";"3";"";"";"";"";"5";"8";"40";"60";"";"41";"75";"70";"";"3.4";"4";"1.2";"2.2";"1.6";"1.8";"40";"60";"70";"40";"3.6";"";"";"";"1.2";"1.8";"";"49";"42";"60";"80";"";"";"0.2";"0.2";"0.6";"1";"2.4";"1";"1";"0.8";"1";"2";"";"20";"60";"4";"";"1.7";"";"8.7";"";""
"United States";"USA";"USL League Two";"27-06-2026 20:00";"FT";"Boston City";"1";"1";"Connecticut Rush";"1";"1";"6.25";"1.31";"";"";"10";"6";"7";"60";"2";"34";"61";"90";"";"3.6";"3";"1";"1.8";"3.2";"1.2";"70";"80";"80";"50";"3.6";"20.9";"11.1";"8.6";"0.2";"1.8";"9";"2";"63";"40";"80";"";"";"0.2";"1.2";"1.6";"0.6";"1.8";"1.8";"1.6";"0.6";"0.8";"0.6";"";"0";"60";"2.5";"2.8";"7";"5";"8.7";"38";"38"
"United States";"USA";"USL League Two";"27-06-2026 20:00";"FT";"Hickory";"0";"2";"Charlotte Independence 2";"0";"0";"";"";"";"";"2";"1";"75";"100";"";"85";"85";"75";"";"3.2";"4";"2.5";"2.5";"1";"0.2";"38";"50";"62";"50";"3.6";"";"";"";"2.2";"3";"";"70";"100";"50";"50";"";"";"1.2";"0.5";"0.5";"0.2";"1.9";"1.3";"0.5";"0";"1.2";"2";"";"75";"100";"";"";"";"";"8.7";"";""
"United States";"USA";"USL League Two";"27-06-2026 20:00";"FT";"Loudoun United II";"4";"0";"Virginia Marauders";"2";"0";"";"";"";"";"8";"10";"40";"0";"";"68";"0";"100";"";"4.1";"4";"2";"0";"3";"3.2";"40";"78";"100";"58";"3.6";"21.3";"9.8";"8.4";"1.2";"0";"9";"0";"2";"60";"25";"";"";"0.8";"0";"1.4";"1.2";"2.4";"1.7";"1.6";"2";"1.2";"0";"";"40";"0";"5.4";"1.5";"5.8";"4";"8.7";"50";"40"
"United States";"USA";"USL League Two";"27-06-2026 20:00";"FT";"Hill City";"1";"1";"Virginia Beach United";"0";"1";"";"";"";"";"6";"3";"67";"67";"";"95";"61";"90";"";"3.2";"4";"2.8";"1.8";"0.8";"1";"50";"70";"60";"60";"3.6";"";"";"";"2";"2";"";"77";"70";"40";"40";"";"";"1.4";"0.4";"0.2";"0.6";"1.9";"1.3";"0.6";"0.4";"1.4";"1.4";"";"60";"60";"";"";"";"";"8.7";"";""
"United States";"USA";"USL League Two";"27-06-2026 20:00";"FT";"Shark Coast";"3";"2";"Nona";"2";"2";"";"";"";"";"5";"1";"40";"58";"";"41";"61";"90";"";"2.6";"3";"1.2";"1.8";"1.2";"1";"78";"35";"68";"90";"3.6";"";"";"";"1.2";"1.8";"";"63";"70";"60";"75";"";"";"0.2";"0.5";"0.2";"0.8";"1.8";"0.8";"1";"0.2";"1";"1.2";"";"20";"50";"";"";"";"";"8.7";"";""
"United States";"USA";"USL League Two";"27-06-2026 20:00";"FT";"Brave";"4";"1";"Brooke House";"0";"0";"";"";"";"";"2";"3";"78";"42";"";"68";"27";"58";"";"2.8";"3";"2";"0.8";"1";"1.8";"46";"46";"58";"58";"3.6";"";"";"";"2.3";"1.2";"";"70";"42";"67";"50";"";"";"1.3";"0";"0.7";"1";"1.2";"1.5";"0.3";"0.8";"0.7";"0.8";"";"67";"25";"2.5";"";"2.5";"";"8.7";"";""
"United States";"USA";"USL League Two";"27-06-2026 20:00";"FT";"Lansing City";"2";"5";"AFC Ann Arbor";"1";"2";"4.94";"1.40";"1.03";"2.32";"7";"5";"0";"8";"2";"27";"27";"75";"";"4.4";"5";"0.8";"0.8";"4.5";"2.8";"50";"75";"75";"38";"3.6";"";"";"";"0";"0.2";"";"2";"7";"75";"50";"";"";"0.5";"0.8";"1.8";"1.8";"2";"2.4";"2.8";"1";"0.2";"0";"";"0";"0";"";"7";"";"3";"8.7";"";""
"United States";"USA";"USL League Two";"27-06-2026 20:30";"FT";"Westchester Flames";"0";"1";"Cedar Stars Rush";"0";"1";"6.06";"1.34";"";"";"10";"5";"27";"8";"2";"75";"51";"88";"";"4.6";"4";"2.2";"1.5";"2.6";"3";"68";"100";"88";"22";"3.6";"30.5";"12";"7";"0.8";"0.2";"8";"14";"0";"60";"50";"";"";"1.2";"0.5";"1.6";"2.2";"1.9";"2.8";"1";"0.8";"1";"1";"";"20";"0";"3.5";"5";"2.5";"3";"8.7";"25";"25"
"United States";"USA";"USL League Two";"27-06-2026 20:30";"FT";"Hudson Valley Hammers";"4";"3";"Morris Elite";"1";"1";"";"";"";"";"4";"8";"50";"0";"";"85";"24";"100";"";"4.4";"4";"2.5";"0.7";"2.5";"3";"84";"84";"84";"34";"3.6";"";"";"";"1.5";"0";"";"18";"0";"100";"33";"";"";"0";"0";"2.5";"1";"2.6";"1.8";"0";"2";"2.5";"0.7";"";"50";"0";"";"";"";"";"8.7";"";""
"United States";"USA";"USL League Two";"27-06-2026 20:30";"FT";"Bethesda SC";"1";"0";"Patuxent";"1";"0";"";"";"";"";"9";"11";"47";"0";"";"82";"7";"90";"";"4.8";"5";"2.4";"0.2";"2.6";"4.4";"50";"90";"80";"20";"3.6";"22.5";"10";"10";"1.4";"0";"10";"14";"2";"40";"60";"";"";"1.6";"0";"1";"2.4";"2.3";"2.5";"1.6";"2";"0.8";"0.2";"";"40";"0";"2";"2";"8.5";"7.5";"8.7";"75";"75"
"United States";"USA";"USL League Two";"27-06-2026 20:30";"FT";"Annapolis Blues";"6";"2";"Christos";"1";"2";"1.48";"4.59";"1.08";"1.93";"7";"4";"40";"60";"1";"82";"75";"100";"";"4.7";"5";"2.4";"2.2";"1.8";"3";"50";"100";"80";"40";"3.6";"23.2";"13.4";"9.2";"1.2";"1.8";"9";"42";"0";"40";"40";"";"";"1.4";"0.6";"1";"2";"2.2";"2.5";"0.8";"1";"1";"1.6";"";"40";"60";"6.4";"5.7";"3.4";"3";"8.7";"74";"56"
"United States";"USA";"USL League Two";"27-06-2026 21:00";"FT";"Sunflower State";"0";"5";"Santafé Wanderers";"0";"2";"";"";"";"";"5";"2";"67";"75";"";"68";"75";"100";"";"3.6";"4";"2";"2.2";"2";"1";"58";"100";"71";"54";"3.6";"";"";"";"2";"2.2";"";"35";"70";"67";"25";"";"";"1.7";"1";"1.3";"0.2";"1.5";"2.1";"0.7";"0.8";"0.3";"1.2";"";"67";"75";"";"";"";"";"8.7";"";""
"United States";"USA";"USL League Two";"27-06-2026 21:00";"FT";"St. Louis Ambush";"0";"3";"Springfield";"0";"1";"";"";"";"";"3";"6";"27";"11";"";"34";"58";"90";"";"3.6";"4";"1";"1.7";"1.8";"2.7";"80";"80";"80";"30";"3.6";"";"";"";"0.8";"0.3";"";"42";"10";"60";"33";"";"";"0.4";"1";"0.6";"1";"2";"1.5";"1.2";"1.7";"0.6";"0.7";"";"20";"0";"";"";"";"";"8.7";"";""
"United States";"USA";"USL League Two";"27-06-2026 21:00";"FT";"Des Moines Menace";"1";"2";"Peoria";"1";"0";"";"";"";"";"4";"1";"67";"83";"";"92";"75";"75";"";"3.4";"4";"2.7";"2.2";"1.7";"0.2";"62";"75";"75";"25";"3.6";"";"";"";"2";"2.5";"";"46";"100";"33";"50";"";"";"0.7";"0.5";"0.7";"0";"2.5";"0.9";"1";"0.2";"2";"1.8";"";"67";"75";"";"";"";"";"8.7";"";""
"United States";"USA";"USL League Two";"27-06-2026 21:00";"FT";"Mississippi Brilla";"4";"1";"Jackson Boom";"3";"1";"";"";"";"";"5";"7";"50";"0";"";"68";"7";"62";"";"2.9";"3";"2";"0.2";"1.8";"1.8";"50";"62";"50";"50";"3.6";"";"";"";"1.5";"0";"";"42";"42";"75";"50";"";"";"1.2";"0";"0.8";"1";"1.4";"1.5";"1";"0.8";"0.8";"0.2";"";"25";"0";"";"";"";"";"8.7";"";""
"United States";"USA";"USL League Two";"27-06-2026 21:00";"FT";"Little Rock Rangers";"3";"1";"Red River";"1";"1";"";"";"";"";"1";"3";"100";"33";"";"58";"48";"74";"";"2.4";"3";"1.7";"1.4";"0.3";"1.4";"46";"90";"46";"80";"3.6";"";"";"";"3";"1";"";"100";"56";"67";"60";"";"";"1";"1";"0.3";"1.2";"0.6";"1.8";"0";"0.2";"0.7";"0.4";"";"100";"20";"5.5";"";"3";"";"8.7";"";""
"United States";"USA";"USL League Two";"27-06-2026 21:00";"FT";"Lubbock Matadors";"1";"2";"Texoma";"0";"0";"";"";"";"";"4";"3";"58";"33";"";"61";"100";"88";"";"3.4";"4";"1.8";"3";"0.8";"1.3";"58";"71";"75";"71";"3.6";"";"";"";"1.8";"1";"";"77";"60";"50";"33";"";"";"0.8";"1";"0";"0.3";"2.4";"1";"0.8";"1";"1";"2";"";"50";"33";"";"";"";"";"8.7";"";""
"United States";"USA";"USL League Two";"27-06-2026 21:00";"POSTPONED";"San Antonio II";"";"";"GFI";"";"";"";"";"";"";"5";"2";"75";"83";"";"100";"100";"88";"";"5.4";"4";"3";"4";"2";"1.8";"75";"100";"75";"38";"3.6";"";"";"";"2.2";"2.5";"";"35";"42";"50";"50";"";"";"1";"1.8";"1";"1";"3";"2.4";"1";"0.8";"2";"2.2";"";"75";"75";"";"";"";"";"8.7";"";""
"United States";"USA";"USL League Two";"27-06-2026 21:00";"FT";"Lonestar";"2";"1";"Houston FC";"0";"1";"";"";"";"";"4";"6";"56";"50";"";"44";"75";"100";"";"3.4";"4";"1.3";"2.2";"1";"2.2";"75";"71";"66";"75";"3.6";"";"";"";"1.7";"1.5";"";"70";"28";"33";"50";"";"";"1";"1";"0.7";"0.5";"1.8";"1.6";"0.3";"1.8";"0.3";"1.2";"";"33";"50";"";"3.5";"";"3";"8.7";"";""
"United States";"USA";"USL League Two";"27-06-2026 21:00";"FT";"Hill Country Lobos";"4";"0";"Houston Sur";"3";"0";"";"";"";"";"8";"9";"17";"11";"";"41";"34";"100";"";"3.6";"4";"1.2";"1";"2.8";"2.3";"71";"100";"88";"46";"3.6";"";"";"";"0.5";"0.3";"";"7";"25";"75";"33";"";"";"0.5";"0.7";"1";"1.3";"1.9";"1.8";"1.8";"1";"0.8";"0.3";"";"0";"0";"";"";"";"";"8.7";"";""
"United States";"USA";"USL League Two";"27-06-2026 21:30";"FT";"West Texas";"5";"5";"Denton Diablos";"1";"2";"";"";"";"";"5";"2";"67";"50";"";"51";"61";"88";"";"2.8";"4";"1.5";"1.8";"1";"1.2";"62";"75";"75";"75";"3.6";"";"";"";"2";"1.5";"";"70";"63";"75";"75";"";"";"0.5";"0.5";"0.2";"1.2";"1.5";"1.3";"0.8";"0";"1";"1.2";"";"50";"50";"";"3.5";"";"4";"8.7";"";""
"United States";"USA";"USL League Two";"27-06-2026 22:00";"FT";"Almaden";"2";"0";"Project 51O";"0";"0";"";"";"";"";"3";"2";"60";"100";"";"88";"100";"100";"";"4.4";"4";"2.6";"3.4";"1.2";"1.6";"80";"80";"100";"40";"3.6";"";"";"";"1.8";"3";"";"63";"49";"60";"40";"";"";"1.2";"1.6";"0.4";"0.4";"2.6";"1.8";"0.8";"1.2";"1.4";"1.8";"";"60";"100";"";"4.5";"";"3";"8.7";"";""
"United States";"USA";"USL League Two";"27-06-2026 22:00";"FT";"Laredo Heat";"1";"0";"AHFC Royals";"1";"0";"";"";"";"";"1";"3";"83";"50";"";"95";"51";"100";"";"2.8";"3";"2.8";"1.5";"0.2";"1";"50";"88";"50";"75";"3.6";"";"";"";"2.5";"1.5";"";"100";"70";"75";"25";"";"";"1.2";"0.8";"0";"0.5";"1.5";"1.2";"0.2";"0.5";"1.5";"0.8";"";"75";"25";"";"";"";"";"8.7";"";""
"United States";"USA";"USL League Two";"27-06-2026 22:00";"FT";"Flatirons Rush";"3";"3";"Colorado ISA";"3";"1";"";"";"";"";"7";"6";"0";"17";"";"17";"75";"100";"";"5";"4";"0.5";"2.2";"3.2";"4";"62";"100";"100";"38";"3.6";"";"";"";"0";"0.5";"";"2";"2";"25";"50";"";"";"0.2";"0.8";"1.2";"1.2";"3.2";"1.8";"2";"2.8";"0.2";"1.5";"";"0";"0";"";"";"";"";"8.7";"";""
"United States";"USA";"USL League Two";"27-06-2026 22:30";"FT";"Real Colorado";"1";"3";"Utah United";"1";"1";"";"";"";"";"4";"1";"67";"67";"";"78";"88";"90";"";"4.3";"4";"2.3";"2.6";"2.7";"1";"70";"74";"90";"46";"3.6";"";"";"";"2";"2";"";"10";"70";"67";"40";"";"";"0.3";"1.4";"0.7";"0.6";"2.8";"1.5";"2";"0.4";"2";"1.2";"";"67";"60";"";"";"";"";"8.7";"";""
"United States";"USA";"USL League Two";"27-06-2026 22:30";"FT";"Midlakes United";"2";"3";"Ballard";"2";"1";"7.69";"1.27";"1.11";"1.65";"5";"2";"67";"72";"4";"82";"58";"100";"";"3.2";"3";"2.4";"1.7";"1.4";"0.8";"55";"90";"65";"80";"3.6";"16.2";"7.7";"9.8";"2";"2.2";"10";"56";"77";"40";"50";"";"";"1.4";"0.7";"1";"0.5";"1.4";"1.8";"0.4";"0.3";"1";"1";"";"60";"67";"4.4";"8";"4.6";"2.7";"8.7";"90";"64"
"United States";"USA";"USL League Two";"27-06-2026 23:00";"FT";"Redlands";"1";"1";"Stars FC";"0";"1";"";"";"";"";"2";"3";"100";"44";"";"100";"34";"84";"";"3.2";"3";"3.3";"1";"1";"1";"84";"100";"66";"66";"3.6";"";"";"";"3";"1.3";"";"70";"70";"33";"67";"";"";"1.7";"0.3";"0.3";"0.7";"1.6";"1.5";"0.7";"0.3";"1.7";"0.7";"";"100";"33";"";"";"";"";"8.7";"";""
"United States";"USA";"USL League Two";"27-06-2026 23:00";"FT";"Davis Legacy";"2";"2";"San Juan SC";"1";"1";"";"";"";"";"5";"8";"33";"11";"";"61";"34";"100";"";"3.9";"4";"1.8";"1";"1.8";"3.3";"66";"88";"100";"42";"3.6";"22";"11";"9.8";"1";"0.3";"10";"42";"2";"50";"33";"";"";"0.2";"0";"1";"2";"2.2";"1.6";"0.8";"1.3";"1.5";"1";"";"25";"0";"10";"5";"1";"3.5";"8.7";"75";"50"
"United States";"USA";"USL League Two";"27-06-2026 23:00";"DELAYED";"Capo II";"0";"0";"So Cal Eagles";"0";"0";"1.38";"5.25";"";"";"6";"7";"33";"0";"1";"68";"27";"100";"";"4.4";"4";"2";"0.8";"2.6";"3.5";"88";"90";"68";"45";"3.6";"";"";"";"1";"0";"";"14";"2";"60";"50";"";"";"1.6";"0.2";"1";"2.2";"1.9";"2.6";"1.6";"1.2";"0.4";"0.5";"";"20";"0";"";"6";"";"4";"8.7";"";""
"United States";"USA";"NPSL";"27-06-2026 13:00";"FT";"Burlington United";"3";"4";"Bristol Rhythm";"3";"2";"";"";"";"";"5";"1";"58";"100";"";"68";"44";"54";"";"2.4";"4";"2";"1.3";"1.5";"0";"25";"75";"38";"75";"4.5";"";"";"";"1.8";"3";"";"52";"100";"50";"33";"";"";"1";"0.5";"1.3";"0";"0.9";"1";"1";"0";"1.3";"1.5";"";"50";"100";"";"";"";"";"9.2";"";""
"United States";"USA";"NPSL";"27-06-2026 15:00";"AWAITING_UPDATES";"Sun City";"";"";"Vacaville Elite";"";"";"";"";"";"";"";"5";"";"25";"";"";"";"";"";"";"";"";"0.8";"";"6";"";"";"";"";"";"";"";"";"";"0.8";"";"";"";"";"50";"";"";"";"0.3";"";"3.3";"";"";"";"4.7";"";"0.7";"";"";"25";"";"";"";"";"";"";""
"United States";"USA";"NPSL";"27-06-2026 16:00";"FT";"New Jersey United";"3";"3";"PDA";"0";"1";"";"";"";"";"5";"7";"33";"25";"";"68";"85";"100";"";"4.8";"4";"2";"2.5";"2.7";"2.2";"88";"100";"100";"29";"4.5";"";"";"";"1";"0.8";"";"10";"28";"67";"50";"";"";"1";"1";"1.5";"1.3";"2.1";"1.8";"2";"1.7";"2.5";"2.3";"";"33";"25";"";"";"";"";"9.2";"";""
"United States";"USA";"NPSL";"27-06-2026 18:30";"FT";"Virginia Dream";"0";"1";"Ristozi";"0";"1";"2.23";"2.51";"";"";"2";"1";"78";"75";"5";"100";"100";"100";"";"5.1";"5";"3.7";"3.8";"1";"1.8";"71";"84";"84";"34";"4.5";"20.8";"9.2";"8.5";"2.3";"2.2";"8";"70";"42";"33";"50";"";"";"2";"1.7";"0.3";"1";"2.2";"2.2";"0.7";"1.3";"1.7";"3.3";"";"67";"75";"3.7";"5.3";"3.3";"4.7";"9.2";"84";"50"
"United States";"USA";"NPSL";"27-06-2026 19:00";"FT";"SI Guardians";"1";"3";"Milwaukee Torrent";"1";"1";"";"";"";"";"6";"4";"0";"50";"";"27";"95";"100";"";"5.8";"5";"0.8";"2.8";"6.5";"1.8";"50";"100";"88";"12";"4.5";"";"";"";"0";"1.5";"";"2";"42";"50";"75";"";"";"0";"1.5";"4";"0.8";"2.4";"2.1";"6.5";"1";"4";"1.2";"";"0";"50";"";"";"";"";"9.2";"";""
"United States";"USA";"NPSL";"27-06-2026 19:00";"FT";"Flower City Union";"2";"0";"Buffalo Stallions";"1";"0";"";"";"";"";"4";"6";"25";"25";"";"61";"41";"100";"";"4.2";"4";"1.8";"1.2";"2.2";"3.2";"50";"100";"88";"25";"4.5";"";"";"";"0.8";"0.8";"";"28";"2";"75";"75";"";"";"1";"0.8";"1.3";"1.2";"1.8";"1.9";"1";"2";"2";"0.5";"";"25";"25";"";"";"";"";"9.2";"";""
"United States";"USA";"NPSL";"27-06-2026 19:00";"AWAITING_UPDATES";"Hershey";"";"";"Philadelphia Ukrainians";"";"";"";"";"";"";"8";"3";"0";"50";"";"0";"95";"100";"";"6.6";"6";"0";"2.8";"7.8";"2.8";"50";"100";"100";"12";"4.5";"";"";"";"0";"1.5";"";"2";"7";"25";"50";"";"";"0";"1";"3.3";"2.5";"2.8";"2.2";"4.7";"3";"2.3";"4.5";"";"0";"50";"";"";"";"";"9.2";"";""
"United States";"USA";"NPSL";"27-06-2026 19:30";"FT";"DMV Elite";"0";"3";"FC Frederick";"0";"2";"";"";"";"";"9";"6";"0";"33";"";"27";"58";"100";"";"4.2";"4";"0.8";"1.7";"2.8";"3.3";"42";"58";"88";"42";"4.5";"";"";"";"0";"1";"";"7";"2";"50";"33";"";"";"0";"0";"0.7";"1.5";"1.6";"0.8";"2.7";"3.5";"1.3";"2.5";"";"0";"33";"";"";"";"";"9.2";"";""
"United States";"USA";"NPSL";"27-06-2026 19:30";"FT";"District Elite";"1";"2";"Virginia Beach City";"0";"1";"";"";"";"";"5";"3";"50";"33";"";"85";"34";"84";"";"4";"4";"2.5";"1";"2.5";"2";"54";"84";"66";"46";"4.5";"";"";"";"1.5";"1";"";"18";"35";"75";"33";"";"";"1.2";"0";"1.2";"0.7";"2.4";"1.6";"1.2";"1.3";"1.2";"1";"";"50";"33";"5.2";"";"3.5";"";"9.2";"";""
"United States";"USA";"NPSL";"27-06-2026 20:00";"FT";"Ambassadors Ohio";"12";"0";"Niagara 1812";"7";"0";"";"";"";"";"3";"7";"50";"25";"";"34";"27";"88";"";"2.8";"4";"1";"0.8";"1.2";"2.8";"38";"75";"62";"62";"4.5";"";"";"";"1.5";"0.8";"";"63";"7";"50";"75";"";"";"0";"0";"0.8";"2";"1.2";"0.9";"0.5";"3.5";"1";"1.5";"";"50";"25";"4.3";"";"5";"";"9.2";"";""
"United States";"USA";"NPSL";"27-06-2026 20:00";"FT";"Santa Cruz FC";"4";"4";"American SC New York";"3";"1";"";"";"";"";"3";"4";"75";"44";"";"51";"78";"88";"";"4";"4";"1.5";"2.3";"1.8";"2.3";"58";"";"75";"54";"4.5";"";"";"";"2.2";"1.3";"";"42";"25";"25";"67";"";"";"0.5";"";"0";"";"0.9";"0.4";"2";"";"4";"";"";"75";"33";"";"";"";"";"9.2";"";""
"United States";"USA";"NPSL";"27-06-2026 20:00";"FT";"New York Shockers";"0";"0";"New Haven United";"0";"0";"";"";"";"";"2";"1";"50";"58";"";"95";"68";"100";"";"4.2";"4";"2.8";"2";"2.2";"1.5";"75";"100";"75";"38";"4.5";"";"";"";"1.5";"1.8";"";"28";"52";"75";"50";"";"";"0.7";"2";"1";"1";"1.4";"1.4";"3.3";"2";"1.7";"2";"";"50";"50";"";"";"";"";"9.2";"";""
"United States";"USA";"NPSL";"27-06-2026 20:00";"FT";"WC Predators";"1";"3";"Motown";"0";"2";"2.99";"1.96";"";"";"";"4";"";"33";"";"";"";"";"";"";"";"";"1.8";"";"2";"";"";"";"";"";"";"";"";"";"1";"";"";"";"";"50";"";"";"";"1";"";"0.7";"";"";"";"2";"";"1.3";"";"";"25";"";"";"";"";"";"";""
"United States";"USA";"NPSL";"27-06-2026 20:00";"FT";"865 Alliance";"1";"1";"Charlottetowne Hops";"1";"0";"";"";"";"";"2";"6";"50";"33";"";"61";"58";"88";"";"3.8";"4";"1.8";"1.7";"1.8";"2.3";"71";"75";"88";"58";"4.5";"";"";"";"1.5";"1";"";"42";"25";"50";"33";"";"";"1.2";"1.5";"1";"1";"1.2";"2";"0.8";"2.5";"0.5";"1";"";"50";"33";"";"";"";"";"9.2";"";""
"United States";"USA";"NPSL";"27-06-2026 20:00";"FT";"Statesville";"1";"1";"Greenville United";"0";"0";"";"";"";"";"4";"3";"67";"50";"";"92";"68";"100";"";"4";"4";"2.7";"2";"1.7";"1.8";"58";"84";"100";"42";"4.5";"";"";"";"2";"1.5";"";"46";"42";"33";"50";"";"";"0.7";"1.2";"0.7";"0.5";"2.5";"1.6";"1";"1.2";"2";"0.8";"";"67";"50";"";"";"";"";"9.2";"";""
"United States";"USA";"NPSL";"27-06-2026 20:00";"AWAITING_UPDATES";"Wisconsin Conquerors";"";"";"Gio's Lions";"";"";"";"";"";"";"5";"3";"50";"42";"";"51";"75";"100";"";"4.2";"4";"1.5";"2.2";"3";"1.8";"88";"100";"75";"38";"4.5";"";"";"";"1.5";"1.2";"";"0";"42";"50";"50";"";"";"1";"1";"1.7";"1";"0.9";"1.8";"1";"1.3";"2.3";"2";"";"50";"25";"";"2.5";"";"5.5";"9.2";"";""
"United States";"USA";"NPSL";"27-06-2026 20:00";"AWAITING_UPDATES";"Erie Commodores";"";"";"Cleveland SC";"";"";"";"";"";"";"1";"2";"83";"87";"";"100";"88";"90";"";"3.5";"4";"3.5";"2.6";"0.2";"0.6";"32";"84";"68";"42";"4.5";"";"";"";"2.5";"2.6";"";"100";"84";"75";"40";"";"";"1.5";"1.3";"0";"0.3";"1.4";"1.2";"0.2";"0.7";"2";"3";"";"75";"80";"";"3";"";"6.5";"9.2";"";""
"United States";"USA";"NPSL";"27-06-2026 20:00";"AWAITING_UPDATES";"Grove Soccer United";"";"";"Alexandria Reds";"";"";"";"";"";"";"7";"4";"58";"33";"";"41";"75";"88";"";"3";"4";"1.2";"2.2";"0.8";"1.8";"50";"50";"50";"62";"4.5";"";"";"";"1.8";"1";"";"77";"42";"75";"50";"";"";"0.8";"1.2";"0";"0.5";"1.7";"1.3";"0.8";"1.2";"0.5";"1";"";"50";"25";"";"1.5";"";"3";"9.2";"";""
"United States";"USA";"NPSL";"27-06-2026 20:30";"FT";"Minnesota Blizzard";"0";"4";"Duluth";"0";"4";"4.28";"1.62";"";"";"4";"2";"56";"58";"2";"44";"85";"71";"";"3";"4";"1.3";"2.5";"1";"1.2";"58";"88";"54";"58";"4.5";"";"";"";"1.7";"1.8";"";"70";"63";"33";"50";"";"";"0.3";"1";"1";"0.8";"1.5";"1.6";"0";"0.5";"1";"1.5";"";"33";"50";"";"";"";"";"9.2";"";""
"United States";"USA";"NPSL";"27-06-2026 20:30";"FT";"Osner’s";"0";"5";"Newport";"0";"4";"2.48";"2.25";"";"";"6";"5";"0";"33";"5";"34";"58";"100";"";"4.5";"4";"1";"1.7";"3";"3.3";"84";"100";"100";"33";"4.5";"";"";"";"0";"1";"";"0";"2";"67";"67";"";"";"0.7";"0.3";"1.3";"1.3";"2.6";"1.8";"1.7";"2";"0.3";"1.3";"";"0";"33";"";"";"";"";"9.2";"";""
"United States";"USA";"NPSL";"27-06-2026 21:00";"FT";"Sioux Falls Thunder";"1";"2";"Dakota Fusion";"1";"1";"";"";"";"";"5";"3";"11";"11";"";"24";"44";"100";"";"3.8";"4";"0.7";"1.3";"3.3";"2.3";"66";"84";"100";"33";"4.5";"";"";"";"0.3";"0.3";"";"2";"25";"67";"67";"";"";"0";"0.7";"1.7";"0.3";"2.5";"1.4";"1.7";"2";"0.7";"0.7";"";"0";"0";"";"";"";"";"9.2";"";""
"United States";"USA";"NPSL";"27-06-2026 21:30";"FT";"Oakland Stompers";"6";"3";"Real San Jose";"4";"1";"";"";"";"";"2";"6";"67";"8";"";"41";"17";"58";"";"3.8";"4";"1.2";"0.5";"0.6";"5.2";"35";"25";"35";"65";"4.5";"";"";"";"2";"0.2";"";"84";"2";"40";"50";"";"";"0";"0";"0";"2";"2.3";"1";"0.5";"3.2";"1.8";"0.5";"";"60";"0";"2.5";"";"3.5";"";"9.2";"";""
"United States";"USA";"WPSL";"27-06-2026 14:00";"AWAITING_UPDATES";"Erie W";"";"";"Rochester New York W";"";"";"";"";"";"";"5";"";"0";"";"";"";"";"";"";"";"";"0.5";"";"5.5";"";"";"";"";"";"";"";"";"";"0";"";"";"";"";"50";"";"";"";"";"";"";"";"";"";"";"";"";"";"";"0";"";"";"";"";"";"";"";""
"United States";"USA";"WPSL";"27-06-2026 15:00";"AWAITING_UPDATES";"New York Dutch Lions W";"";"";"Brooklyn City W";"";"";"";"";"";"";"7";"3";"0";"67";"";"85";"68";"84";"";"5.2";"5";"2.5";"2";"5.5";"0.3";"50";"";"66";"34";"3.9";"";"";"";"0";"2";"";"2";"100";"50";"33";"";"";"";"";"";"";"0.4";"0";"";"";"";"";"";"0";"67";"";"";"";"";"8.7";"";""
"United States";"USA";"WPSL";"27-06-2026 15:00";"AWAITING_UPDATES";"Gulf Coast United W";"";"";"Union 10 W";"";"";"";"";"";"";"4";"3";"33";"42";"";"68";"41";"88";"";"4.3";"4";"2";"1.2";"2.8";"2.5";"50";"";"62";"38";"3.9";"";"";"";"1";"1.2";"";"7";"18";"50";"50";"";"";"";"";"";"";"0";"0";"";"";"";"";"";"25";"25";"";"";"";"";"8.7";"";""
"United States";"USA";"WPSL";"27-06-2026 16:00";"AWAITING_UPDATES";"STA W";"";"";"SUSA W";"";"";"";"";"";"";"5";"4";"0";"67";"";"34";"85";"100";"";"4";"4";"1";"2.5";"2.5";"2";"75";"";"75";"25";"3.9";"";"";"";"0";"2";"";"18";"35";"50";"50";"";"";"";"";"";"";"0.5";"0";"";"";"";"";"";"0";"50";"";"";"";"";"8.7";"";""
"United States";"USA";"WPSL";"27-06-2026 16:00";"AWAITING_UPDATES";"Clarkstown W";"";"";"New York Athletic W";"";"";"";"";"";"";"2";"1";"100";"100";"";"100";"100";"84";"";"4.4";"4";"5.3";"3.5";"0";"0";"0";"";"58";"42";"3.9";"";"";"";"3";"3";"";"100";"100";"33";"50";"";"";"";"";"";"";"0.2";"0.2";"";"";"";"";"";"100";"100";"";"";"";"";"8.7";"";""
"United States";"USA";"WPSL";"27-06-2026 17:00";"AWARDED";"Little Rock Rangers W";"";"";"Baton Rouge United W";"";"";"";"";"";"";"1";"5";"100";"25";"";"100";"27";"88";"";"5.2";"4";"6";"0.8";"0.5";"3.2";"38";"";"75";"38";"3.9";"";"";"";"3";"0.8";"";"88";"2";"50";"50";"";"";"";"";"";"";"0.6";"1";"";"";"";"";"";"100";"25";"";"";"";"";"8.7";"";""
"United States";"USA";"WPSL";"27-06-2026 17:00";"AWAITING_UPDATES";"Chicago KICS W";"";"";"Green Bay Glory W";"";"";"";"";"";"";"5";"4";"33";"25";"";"92";"68";"100";"";"5.2";"4";"2.7";"2";"3";"2.8";"29";"";"100";"0";"3.9";"";"";"";"1";"0.8";"";"0";"7";"67";"50";"";"";"";"0.3";"";"1";"1.2";"1";"";"2.7";"";"2.3";"";"33";"25";"";"4.3";"";"4.7";"8.7";"";""
"United States";"USA";"WPSL";"27-06-2026 17:00";"AWAITING_UPDATES";"Missouri Rush W";"";"";"FC Pride W";"";"";"";"";"";"";"5";"3";"11";"0";"";"34";"34";"100";"";"5";"5";"1";"1";"6";"2";"84";"";"100";"50";"3.9";"";"";"";"0.3";"0";"";"2";"35";"67";"100";"";"";"";"";"";"";"0.8";"0";"";"";"";"";"";"0";"0";"";"";"";"";"8.7";"";""
"United States";"USA";"WPSL";"27-06-2026 17:00";"AWAITING_UPDATES";"Arlington Red W";"";"";"Alexandria Reds W";"";"";"";"";"";"";"3";"2";"44";"100";"";"68";"78";"100";"";"3.4";"4";"2";"2.3";"1";"1.3";"84";"";"84";"67";"3.9";"";"";"";"1.3";"3";"";"70";"60";"67";"33";"";"";"";"1";"";"1";"1";"1";"";"1";"";"2.5";"";"33";"100";"";"1.5";"";"1.5";"8.7";"";""
"United States";"USA";"WPSL";"27-06-2026 17:00";"AWAITING_UPDATES";"Valdosta W";"";"";"Pensacola W";"";"";"";"";"";"";"6";"1";"11";"83";"";"68";"100";"88";"";"4.8";"5";"2";"3";"4.3";"0.2";"62";"";"88";"12";"3.9";"";"";"";"0.3";"2.5";"";"2";"100";"33";"75";"";"";"";"";"";"";"0";"0";"";"";"";"";"";"0";"75";"";"";"";"";"8.7";"";""
"United States";"USA";"WPSL";"27-06-2026 18:00";"AWAITING_UPDATES";"Chicago House W";"";"";"Milwaukee Bavarian W";"";"";"";"";"";"";"2";"3";"100";"78";"";"100";"100";"100";"";"5.2";"4";"4";"5.3";"0";"1";"34";"";"100";"0";"3.9";"";"";"";"3";"2.3";"";"100";"70";"100";"33";"";"";"";"1.5";"";"0.5";"1.6";"0.6";"";"1";"";"6.5";"";"100";"67";"";"";"";"";"8.7";"";""
"United States";"USA";"WPSL";"27-06-2026 19:00";"FT";"Rhode Island Rogues W";"6";"0";"Albany Rush W";"0";"0";"1.49";"5.17";"";"";"3";"5";"67";"78";"1";"100";"78";"100";"";"3.4";"4";"3";"2.3";"1";"0.3";"50";"";"66";"50";"3.9";"";"";"";"2";"2.3";"";"70";"100";"67";"33";"";"";"";"";"";"";"0.6";"0.5";"";"";"";"";"";"67";"67";"";"";"";"";"8.7";"";""
"United States";"USA";"WPSL";"27-06-2026 19:00";"AWAITING_UPDATES";"Columbus Eagles W";"";"";"Corktown W";"";"";"";"";"";"";"2";"5";"67";"0";"";"100";"10";"67";"";"3.5";"3";"4.3";"0.3";"0.7";"1.7";"33";"";"50";"66";"3.9";"";"";"";"2";"0";"";"80";"46";"67";"67";"";"";"";"";"";"";"0";"0";"";"";"";"";"";"67";"0";"";"";"";"";"8.7";"";""
"United States";"USA";"WPSL";"27-06-2026 19:00";"AWAITING_UPDATES";"Vermont Wild W";"";"";"Inter CT FC W";"";"";"";"";"";"";"7";"8";"0";"0";"";"0";"17";"100";"";"3";"4";"0";"0.5";"2";"3.5";"25";"";"50";"75";"3.9";"";"";"";"0";"0";"";"35";"2";"100";"50";"";"";"";"";"";"";"0.8";"0.5";"";"";"";"";"";"0";"0";"";"";"";"";"8.7";"";""
"United States";"USA";"WPSL";"27-06-2026 19:00";"AWAITING_UPDATES";"North Carolina W";"";"";"WFC Charlotte W";"";"";"";"";"";"";"4";"2";"33";"67";"";"58";"100";"100";"";"4.5";"4";"1.7";"3";"2.3";"2";"34";"";"100";"33";"3.9";"";"";"";"1";"2";"";"25";"35";"67";"67";"";"";"";"";"";"";"0";"0";"";"";"";"";"";"33";"67";"";"";"";"";"8.7";"";""
"United States";"USA";"WPSL";"27-06-2026 19:00";"AWAITING_UPDATES";"UFA Gunners W";"";"";"Chattanooga W";"";"";"";"";"";"";"5";"6";"33";"44";"";"34";"34";"84";"";"3.7";"4";"1";"1";"3.7";"1.7";"67";"";"66";"50";"3.9";"";"";"";"1";"1.3";"";"2";"46";"67";"33";"";"";"";"";"";"";"0.4";"0";"";"";"";"";"";"33";"33";"";"";"";"";"8.7";"";""
"United States";"USA";"WPSL";"27-06-2026 20:00";"FT";"Vale W";"1";"1";"Middletown Sporting CT W";"0";"0";"7.70";"1.26";"";"";"6";"2";"44";"67";"4";"34";"44";"84";"";"2.3";"3";"1";"1.3";"1.3";"1";"50";"";"33";"84";"3.9";"";"";"";"1.3";"2";"";"60";"70";"33";"33";"";"";"0";"";"1";"";"0.4";"0.4";"1.5";"";"1";"";"";"33";"67";"2.5";"";"6.5";"";"8.7";"";""
"United States";"USA";"WPSL";"27-06-2026 20:00";"AWAITING_UPDATES";"SJEB W";"";"";"Real Central NJ W";"";"";"";"";"";"";"1";"6";"100";"67";"";"68";"68";"84";"";"3.2";"4";"2";"2";"0.7";"1.7";"66";"";"66";"67";"3.9";"";"";"";"3";"2";"";"80";"46";"33";"33";"";"";"1.5";"";"0.5";"";"0.5";"0.6";"1";"";"1";"";"";"100";"67";"5";"";"4";"";"8.7";"";""
"United States";"USA";"WPSL";"27-06-2026 20:00";"AWAITING_UPDATES";"Junction W";"";"";"Missouri Reign W";"";"";"";"";"";"";"2";"4";"67";"22";"";"58";"44";"84";"";"3.2";"4";"1.7";"1.3";"1";"2.3";"84";"";"67";"50";"3.9";"";"";"";"2";"0.7";"";"70";"25";"67";"67";"";"";"";"";"";"";"0.5";"0.4";"";"";"";"";"";"67";"0";"";"";"";"";"8.7";"";""
"United States";"USA";"WPSL";"27-06-2026 20:00";"AWAITING_UPDATES";"Napa Valley 1839 W";"";"";"Nevada W";"";"";"";"";"";"";"3";"6";"58";"33";"";"68";"24";"100";"";"3.8";"4";"2";"0.7";"2";"3";"42";"";"88";"58";"3.9";"";"";"";"1.8";"1";"";"35";"0";"50";"33";"";"";"";"";"";"";"0.4";"0";"";"";"";"";"";"50";"33";"";"";"";"";"8.7";"";""
"United States";"USA";"WPSL";"27-06-2026 20:00";"AWAITING_UPDATES";"LA Krewe Rush W";"";"";"Shreveport United W";"";"";"";"";"";"";"2";"3";"100";"44";"";"100";"58";"100";"";"5.2";"5";"5.7";"1.7";"0.7";"2.3";"50";"";"67";"33";"3.9";"";"";"";"3";"1.3";"";"80";"25";"33";"67";"";"";"";"";"";"";"0.4";"0.5";"";"";"";"";"";"100";"33";"";"";"";"";"8.7";"";""
"United States";"USA";"WPSL";"27-06-2026 20:00";"AWAITING_UPDATES";"Carolina W";"";"";"Soda City W";"";"";"";"";"";"";"3";"5";"33";"0";"";"34";"10";"100";"";"3.5";"3";"1";"0.3";"1.7";"4";"50";"";"84";"50";"3.9";"";"";"";"1";"0";"";"46";"2";"67";"33";"";"";"";"";"";"";"0";"0";"";"";"";"";"";"33";"0";"";"";"";"";"8.7";"";""
"United States";"USA";"WPSL";"27-06-2026 20:00";"AWAITING_UPDATES";"Decatur W";"";"";"Georgia Impact W";"";"";"";"";"";"";"3";"1";"78";"100";"";"78";"100";"67";"";"3.8";"4";"2.3";"3";"1";"1.3";"67";"";"67";"33";"3.9";"";"";"";"2.3";"3";"";"70";"60";"67";"67";"";"";"";"";"";"";"0.6";"0.5";"";"";"";"";"";"67";"100";"";"";"";"";"8.7";"";""
"United States";"USA";"WPSL";"27-06-2026 20:00";"AWAITING_UPDATES";"Arlington VA W";"";"";"District Elite W";"";"";"";"";"";"";"1";"5";"44";"11";"";"58";"0";"66";"";"2.4";"3";"1.7";"0";"1.3";"1.7";"50";"";"50";"67";"3.9";"";"";"";"1.3";"0.3";"";"60";"46";"67";"33";"";"";"1.5";"";"0.5";"";"0.7";"1";"1";"";"1.5";"";"";"33";"0";"";"";"";"";"8.7";"";""
"United States";"USA";"WPSL";"27-06-2026 20:00";"AWAITING_UPDATES";"Bay City Reign W";"";"";"Kings Hammer Swan City W";"";"";"";"";"";"";"4";"";"17";"";"";"";"";"";"";"";"";"0";"";"3.5";"";"";"";"";"";"";"";"";"";"0.5";"";"";"";"";"50";"";"";"";"";"";"";"";"";"";"";"";"";"";"";"0";"";"";"";"";"";"";"";""
"United States";"USA";"WPSL";"27-06-2026 20:30";"AWAITING_UPDATES";"Monmouth W";"";"";"Love City W";"";"";"";"";"";"";"4";"3";"44";"78";"";"100";"44";"84";"";"3.4";"4";"3.3";"1.3";"1.3";"0.7";"67";"";"66";"66";"3.9";"";"";"";"1.3";"2.3";"";"60";"80";"33";"67";"";"";"";"";"";"";"0";"0";"";"";"";"";"";"33";"67";"";"";"";"";"8.7";"";""
"United States";"USA";"WPSL";"27-06-2026 21:00";"FT";"Joy W";"1";"1";"St. Croix W";"0";"1";"6.44";"1.32";"";"";"6";"3";"33";"100";"2";"10";"68";"58";"";"2.2";"3";"0.3";"2";"1.7";"0.5";"25";"";"42";"75";"3.9";"";"";"";"1";"3";"";"46";"88";"67";"50";"";"";"0.5";"";"1";"";"1.2";"0.5";"0.5";"";"1";"";"";"33";"100";"2.5";"";"4";"";"8.7";"";""
"United States";"USA";"WPSL";"27-06-2026 21:00";"DELAYED";"Spokane SC Shadow W";"0";"0";"Portland Thorns II W";"0";"0";"3.75";"1.57";"";"";"";"1";"";"100";"";"";"";"";"";"";"";"";"4";"";"0.5";"";"";"";"";"";"";"";"";"";"3";"";"";"";"";"50";"";"";"";"";"";"";"";"";"";"";"";"";"";"";"100";"";"";"";"";"";"";""
"United States";"USA";"WPSL";"27-06-2026 21:00";"AWAITING_UPDATES";"Wichita W";"";"";"Kansas City Current II W";"";"";"";"";"";"";"6";"1";"25";"83";"";"34";"100";"88";"";"3.2";"3";"1";"3";"2";"0.5";"62";"";"62";"75";"3.9";"";"";"";"0.8";"2.5";"";"35";"88";"75";"25";"";"";"";"2";"";"0";"0.7";"0.8";"";"1";"";"4";"";"25";"75";"";"7";"";"2.5";"8.7";"";""
"United States";"USA";"WPSL";"27-06-2026 21:00";"AWAITING_UPDATES";"Oklahoma City W";"";"";"Kansas City SG W";"";"";"";"";"";"";"3";"2";"67";"58";"";"68";"51";"84";"";"3.1";"4";"2";"1.5";"0.7";"2";"50";"";"54";"71";"3.9";"";"";"";"2";"1.8";"";"80";"35";"33";"25";"";"";"1";"";"0";"";"0.6";"0.4";"0";"";"3";"";"";"67";"50";"7.5";"";"2";"";"8.7";"";""
"United States";"USA";"WPSL";"27-06-2026 21:00";"AWAITING_UPDATES";"SouthStar W";"";"";"Austin Rise W";"";"";"";"";"";"";"3";"1";"44";"100";"";"58";"100";"84";"";"3.6";"3";"1.7";"3";"2.7";"0";"16";"";"50";"50";"3.9";"";"";"";"1.3";"3";"";"10";"100";"33";"33";"";"";"";"";"";"";"0";"0";"";"";"";"";"";"33";"100";"";"";"";"";"8.7";"";""
"United States";"USA";"WPSL";"27-06-2026 21:00";"AWAITING_UPDATES";"Westside Timbers W";"";"";"Vancouver Victory W";"";"";"";"";"";"";"3";"";"17";"";"";"";"";"";"";"";"";"1";"";"2.5";"";"";"";"";"";"";"";"";"";"0.5";"";"";"";"";"50";"";"";"";"";"";"";"";"";"";"";"";"";"";"";"0";"";"";"";"";"";"";"";""
"United States";"USA";"WPSL";"27-06-2026 22:00";"AWAITING_UPDATES";"El Paso Surf W";"";"";"SC del Sol W";"";"";"";"";"";"";"4";"3";"17";"33";"";"0";"100";"75";"";"3.2";"3";"0";"3.3";"1.5";"1.7";"34";"";"75";"66";"3.9";"";"";"";"0.5";"1";"";"52";"46";"50";"67";"";"";"";"";"";"";"0.4";"0.2";"";"";"";"";"";"0";"33";"";"";"";"";"8.7";"";""
"United States";"USA";"WPSL";"27-06-2026 22:00";"AWAITING_UPDATES";"Future W";"";"";"Rebels Chula Vista W";"";"";"";"";"";"";"4";"1";"67";"44";"";"68";"34";"84";"";"2.8";"4";"2";"1";"1.7";"1";"50";"";"84";"84";"3.9";"";"";"";"2";"1.3";"";"46";"70";"33";"67";"";"";"";"0";"";"0.5";"0.4";"0.2";"";"1";"";"1.5";"";"67";"33";"";"2";"";"4";"8.7";"";""
"United States";"USA";"WPSL";"27-06-2026 23:00";"FT";"Tucson W";"3";"0";"Royals AZ W";"1";"0";"4.84";"1.54";"";"";"2";"1";"83";"75";"2";"85";"68";"88";"";"3";"4";"2.5";"2";"0.8";"0.8";"62";"";"75";"62";"3.9";"";"";"";"2.5";"2.2";"";"77";"77";"50";"75";"";"";"1.3";"";"0.3";"";"0.5";"0.6";"1.3";"";"1.3";"";"";"75";"75";"5.7";"";"3.7";"";"8.7";"";""
"United States";"USA";"WPSL";"27-06-2026 23:00";"AWAITING_UPDATES";"Fresno Freeze W";"";"";"Fuego W";"";"";"";"";"";"";"7";"3";"33";"67";"";"44";"100";"100";"";"4.5";"4";"1.3";"3.3";"2.7";"1.7";"84";"";"100";"50";"3.9";"";"";"";"1";"2";"";"10";"46";"33";"33";"";"";"";"";"";"";"0.2";"0.4";"";"";"";"";"";"33";"67";"";"";"";"";"8.7";"";""
"United States";"USA";"WPSL";"27-06-2026 23:00";"AWAITING_UPDATES";"Desert Dreams W";"";"";"Arizona Arsenal W";"";"";"";"";"";"";"6";"5";"25";"11";"";"41";"24";"100";"";"3.8";"4";"1.2";"0.7";"2.2";"3.3";"71";"";"84";"54";"3.9";"";"";"";"0.8";"0.3";"";"28";"2";"25";"67";"";"";"";"";"";"";"0.2";"0.2";"";"";"";"";"";"25";"0";"";"";"";"";"8.7";"";""
"United States";"USA";"WPSL";"27-06-2026 23:00";"AWAITING_UPDATES";"So Cal Eagles W";"";"";"Beach W";"";"";"";"";"";"";"2";"4";"67";"50";"";"68";"68";"75";"";"3.2";"4";"2";"2";"1.3";"1";"58";"";"58";"58";"3.9";"";"";"";"2";"1.5";"";"60";"70";"33";"50";"";"";"";"";"";"";"0";"0";"";"";"";"";"";"67";"50";"";"";"";"";"8.7";"";""
"United States";"USA";"WPSL";"27-06-2026 23:30";"AWAITING_UPDATES";"Iron Rose W";"";"";"Yuba W";"";"";"";"";"";"";"2";"5";"33";"25";"";"68";"51";"88";"";"3.8";"4";"2";"1.5";"1.7";"2.5";"29";"";"58";"42";"3.9";"";"";"";"1";"0.8";"";"46";"18";"67";"50";"";"";"";"";"";"";"0.1";"0";"";"";"";"";"";"33";"25";"";"";"";"";"8.7";"";""
"United States";"USA";"MLS Next Pro";"27-06-2026 17:00";"FT";"Portland Timbers II";"2";"3";"San Jose Earthquakes II";"1";"1";"2.26";"2.56";"";"1.58";"4";"8";"54";"38";"5";"41";"61";"75";"";"2.8";"3";"1.2";"1.8";"1.2";"1.5";"69";"75";"68";"62";"3.2";"29.2";"10.4";"9.8";"1.6";"1.1";"10";"63";"52";"62";"50";"";"";"0.2";"1";"0.6";"0.4";"1.8";"1.2";"0.6";"1.1";"1";"0.8";"";"38";"25";"5.1";"4.5";"4.9";"5";"9.7";"68";"56"
"United States";"USA";"MLS Next Pro";"27-06-2026 20:00";"FT";"Chattanooga";"2";"2";"Chicago Fire II";"1";"0";"1.54";"4.68";"1.10";"1.71";"6";"9";"71";"24";"1";"71";"31";"86";"";"2.9";"3";"2.1";"0.9";"1.3";"1.6";"57";"57";"64";"72";"3.2";"25.2";"9";"10.4";"2.1";"0.7";"11";"60";"49";"57";"71";"";"";"1";"0.6";"0.4";"0.3";"1.8";"1.2";"0.9";"1.3";"1.1";"0.3";"";"71";"14";"6.6";"5.9";"3.4";"5";"9.7";"71";"71"
"United States";"USA";"MLS Next Pro";"27-06-2026 20:00";"FT";"Atlanta United II";"3";"3";"Crown Legacy";"2";"2";"1.86";"3.21";"1.08";"1.80";"8";"2";"67";"43";"1";"88";"88";"100";"";"4.4";"4";"2.6";"2.6";"1.6";"2";"73";"90";"83";"37";"3.2";"26.3";"10.1";"10.3";"2";"1.3";"10";"49";"35";"40";"57";"";"";"0.4";"1.6";"0.8";"1";"2.5";"1.9";"0.8";"1";"2.2";"1";"";"60";"29";"5.2";"5.6";"4.4";"5.4";"9.7";"83";"73"
"United States";"USA";"MLS Next Pro";"27-06-2026 21:00";"FT";"Colorado Rapids II";"1";"0";"Whitecaps FC II";"0";"0";"2.03";"2.90";"1.11";"1.60";"14";"12";"8";"5";"5";"31";"44";"93";"";"3.6";"4";"0.9";"1.3";"2.4";"2.9";"80";"73";"74";"46";"3.2";"28.2";"10.6";"10.2";"0.2";"0.1";"10";"21";"4";"50";"57";"";"";"0.6";"0.3";"0.9";"1.6";"2";"1.7";"1.5";"1.3";"0.2";"1";"";"0";"0";"4.6";"4.7";"6.6";"4.6";"9.7";"72";"72"
"United States";"USA";"MLS Next Pro";"27-06-2026 23:00";"FT";"Ventura County";"3";"1";"Real Monarchs";"0";"1";"2.40";"2.40";"1.13";"1.60";"5";"9";"58";"33";"5";"68";"51";"92";"";"3.4";"4";"2";"1.5";"1.5";"1.7";"60";"71";"64";"50";"3.2";"26.4";"11";"7.8";"1.8";"1";"8";"52";"46";"50";"50";"";"";"0.9";"0.7";"0.5";"0.8";"1.9";"1.4";"1";"0.8";"1.1";"0.8";"";"50";"33";"4.1";"4.5";"3.4";"3.5";"9.7";"50";"50"
"United States";"USA";"USL W League";"27-06-2026 15:00";"FT";"Rochester W";"1";"3";"Rockford Raptors W";"1";"1";"";"";"";"";"8";"5";"40";"47";"";"20";"41";"50";"";"2.3";"3";"0.6";"1.2";"1";"1.8";"30";"65";"30";"80";"3.6";"";"";"7.2";"1.2";"1.4";"8";"70";"42";"40";"40";"";"";"0";"0.6";"0.5";"1";"1.1";"1";"0.2";"0.8";"1.2";"0.6";"";"40";"40";"2.5";"2";"5.5";"4.3";"8";"42";"42"
"United States";"USA";"USL W League";"27-06-2026 15:00";"FT";"New Jersey Copa W";"3";"2";"Morris Elite W";"0";"2";"11.64";"1.12";"";"";"5";"2";"25";"75";"4";"51";"95";"100";"";"4.5";"4";"1.5";"2.8";"3";"1.8";"100";"71";"100";"38";"3.6";"";"";"";"0.8";"2.2";"";"0";"42";"25";"50";"";"";"1";"1";"0.5";"1.3";"2.1";"1.6";"2.5";"1";"0.5";"2.7";"";"25";"75";"";"";"";"";"8";"";""
"United States";"USA";"USL W League";"27-06-2026 16:00";"POSTPONED";"Port City NC W";"";"";"United Bantams W";"";"";"";"";"";"";"3";"6";"40";"25";"";"75";"51";"90";"";"3.4";"4";"2.2";"1.5";"1.2";"2";"70";"";"90";"68";"3.6";"";"";"";"1.2";"0.8";"";"63";"35";"40";"25";"";"";"0.7";"";"0.7";"";"0.8";"0.6";"2";"";"2.3";"";"";"40";"25";"";"";"";"";"8";"";""
"United States";"USA";"USL W League";"27-06-2026 18:00";"FT";"Erie Sports Center W";"3";"3";"Flower City 1872 W";"1";"2";"";"";"";"";"6";"3";"25";"17";"";"27";"51";"88";"";"3.6";"4";"0.8";"1.5";"2.2";"2.8";"62";"100";"75";"38";"3.6";"";"";"";"0.8";"0.5";"";"28";"7";"75";"50";"";"";"0.2";"1.2";"1";"1.2";"1.8";"1.8";"1.2";"1.5";"0.5";"0.2";"";"25";"0";"";"";"";"";"8";"";""
"United States";"USA";"USL W League";"27-06-2026 18:00";"FT";"Cleveland Force W";"4";"1";"Buffalo W";"3";"1";"";"";"";"";"4";"5";"75";"25";"";"75";"51";"88";"";"3.9";"4";"2.2";"1.5";"1.5";"2.5";"38";"88";"75";"38";"3.6";"";"";"";"2.2";"0.8";"";"52";"18";"50";"75";"";"";"1";"1";"0.5";"1.7";"2";"1.8";"1";"1.7";"1.2";"1";"";"75";"25";"";"";"";"";"8";"";""
"United States";"USA";"USL W League";"27-06-2026 18:00";"FT";"Annapolis Blues W";"4";"0";"Virginia Atlantic W";"3";"0";"1.33";"7.00";"";"";"3";"";"33";"";"";"";"";"";"";"";"";"1.2";"";"1.5";"";"";"";"";"";"";"";"";"";"1";"";"";"";"";"75";"";"";"";"0.3";"";"0.3";"";"";"";"1.3";"";"1.7";"";"";"25";"";"";"";"";"";"";"";""
"United States";"USA";"USL W League";"27-06-2026 19:00";"FT";"Flatirons II W";"1";"1";"Colorado ISA W";"1";"1";"";"";"";"";"5";"6";"8";"8";"";"17";"7";"88";"";"6.8";"6";"0.5";"0.2";"7";"6";"38";"88";"75";"25";"3.6";"";"";"";"0.2";"0.2";"";"2";"2";"75";"25";"";"";"0.5";"0";"2.5";"3.2";"3.8";"3.1";"4.5";"2.8";"0";"0.2";"";"0";"0";"";"";"";"";"8";"";""
"United States";"USA";"USL W League";"27-06-2026 19:00";"FT";"New England Mutiny W";"0";"3";"Vermont Green W";"0";"2";"4.43";"1.56";"";"";"4";"2";"42";"50";"2";"68";"75";"75";"";"3";"3";"2";"2.2";"1.2";"0.5";"50";"50";"38";"62";"3.6";"";"";"";"1.2";"1.5";"";"63";"88";"50";"25";"";"";"0.8";"1.5";"0.8";"0";"1.5";"1.5";"0.5";"0.5";"1.2";"0.8";"";"25";"25";"5.3";"";"5";"";"8";"";""
"United States";"USA";"USL W League";"27-06-2026 19:00";"AWAITING_UPDATES";"Racing Louisville II W";"";"";"Toledo Villa W";"";"";"";"";"";"";"2";"4";"100";"0";"";"68";"24";"84";"";"3";"3";"2";"0.7";"0.3";"3";"50";"100";"66";"50";"3.6";"";"";"";"3";"0";"";"100";"0";"33";"67";"";"";"1.5";"0.5";"0";"1.5";"0.5";"1.2";"1.5";"3";"0.5";"0.5";"";"100";"0";"";"";"";"";"8";"";""
"United States";"USA";"USL W League";"27-06-2026 19:00";"FT";"NC Courage II W";"0";"4";"Charlotte Eagles II W";"0";"1";"1.16";"9.80";"";"";"1";"2";"100";"100";"3";"100";"61";"88";"";"3.2";"3";"4.2";"1.8";"0.2";"0.2";"25";"100";"62";"62";"3.6";"";"";"";"3";"3";"";"100";"100";"50";"75";"";"";"1.8";"1";"0.2";"0.3";"1.5";"1.5";"0";"0";"2.5";"1.3";"";"100";"100";"";"";"";"";"8";"";""
"United States";"USA";"USL W League";"27-06-2026 19:30";"FT";"Real Colorado Foxes W";"3";"0";"Utah United W";"1";"0";"";"";"";"";"1";"3";"100";"75";"";"100";"100";"100";"";"6.5";"5";"5.8";"6";"0";"1.2";"25";"100";"75";"38";"3.6";"";"";"";"3";"2.2";"";"100";"63";"50";"50";"";"";"2.5";"2";"0";"0.5";"3.2";"1.8";"0";"2";"3.2";"10";"";"100";"75";"";"";"";"";"8";"";""
"United States";"USA";"USL W League";"27-06-2026 20:00";"FT";"Carolina Ascent II W";"2";"2";"United Bantams W";"1";"1";"1.90";"3.20";"";"";"4";"6";"25";"25";"1";"27";"51";"88";"";"3";"4";"0.8";"1.5";"1.8";"2";"75";"";"75";"75";"3.6";"";"";"";"0.8";"0.8";"";"42";"35";"50";"25";"";"";"0";"";"0.5";"";"0.4";"0.4";"1.5";"";"3";"";"";"25";"25";"";"";"";"";"8";"";""
"United States";"USA";"USL W League";"27-06-2026 20:00";"FT";"TLH Reckoning W";"2";"0";"Fort Lauderdale Utd II W";"0";"0";"";"";"";"";"4";"6";"25";"33";"";"51";"27";"88";"";"2.6";"4";"1.5";"0.8";"2";"1";"38";"50";"50";"75";"3.6";"";"";"";"0.8";"1";"";"35";"70";"50";"75";"";"";"0";"1";"0.3";"0";"1.4";"0.5";"3.7";"1.3";"0.7";"0";"";"25";"25";"";"";"";"";"8";"";""
"United States";"USA";"USL W League";"27-06-2026 20:00";"FT";"Detroit City W";"1";"3";"Union Macomb W";"0";"2";"";"";"";"";"3";"1";"33";"33";"";"51";"34";"62";"";"2.7";"4";"1.5";"1";"1.8";"1.2";"62";"42";"62";"62";"3.6";"";"";"";"1";"1";"";"42";"63";"50";"50";"";"";"0";"0";"0.5";"0.3";"1.9";"0.2";"3";"1.3";"3";"1.3";"";"25";"25";"";"";"";"";"8";"";""
"United States";"USA";"USL W League";"27-06-2026 20:00";"FT";"Pittsburgh Riveters W";"5";"0";"Steel City W";"2";"0";"";"";"";"";"1";"2";"83";"25";"";"100";"34";"88";"";"3.6";"3";"3.5";"1";"1";"1.8";"50";"88";"75";"50";"3.6";"";"";"";"2.5";"0.8";"";"70";"42";"50";"50";"";"";"2";"0";"0.8";"1.2";"1.6";"2";"0.2";"0.5";"1.5";"1";"";"75";"25";"";"";"";"";"8";"";""
"United States";"USA";"USL W League";"27-06-2026 20:00";"FT";"Challenge W";"5";"2";"Hill Country Linces W";"4";"2";"1.43";"5.00";"";"";"3";"5";"25";"0";"1";"17";"17";"88";"";"3.8";"3";"0.5";"0.5";"2";"4.5";"38";"";"75";"62";"3.6";"";"";"";"0.8";"0";"";"35";"2";"50";"50";"";"";"0";"";"0.8";"";"1.2";"0.9";"1.2";"";"0.5";"";"";"25";"0";"";"";"";"";"8";"";""
"United States";"USA";"USL W League";"27-06-2026 20:00";"FT";"Virginia Beach United W";"1";"3";"Virginia DA W";"0";"3";"2.43";"2.34";"";"";"2";"1";"75";"75";"5";"41";"61";"62";"";"2.5";"3";"1.2";"1.8";"1";"1";"62";"75";"62";"75";"3.6";"";"";"";"2.2";"2.2";"";"70";"70";"50";"75";"";"";"0.8";"0";"0.8";"0.5";"1";"0.8";"0.2";"1.5";"0.5";"3.5";"";"75";"75";"2.7";"";"2.7";"";"8";"";""
"United States";"USA";"USL W League";"27-06-2026 20:00";"FT";"Richmond W";"3";"0";"Charlottesville Blues W";"1";"0";"";"";"";"";"4";"6";"42";"33";"";"41";"41";"75";"";"2.8";"3";"1.2";"1.2";"1";"2.2";"62";"84";"50";"62";"3.6";"";"";"";"1.2";"1";"";"70";"28";"25";"50";"";"";"1";"1";"0.3";"1";"1.1";"1.2";"0.7";"2";"1";"0.7";"";"25";"25";"";"";"";"";"8";"";""
"United States";"USA";"USL W League";"27-06-2026 22:00";"FT";"Sta Clarita Blue Heat W";"7";"0";"AMSG W";"5";"0";"";"";"";"";"2";"4";"44";"25";"";"92";"61";"84";"";"4.1";"4";"2.7";"1.8";"1";"2.8";"66";"42";"58";"42";"3.6";"";"";"";"1.3";"0.8";"";"70";"7";"67";"50";"";"";"0";"0.5";"0.3";"0";"2";"0.2";"0.7";"5.5";"2.7";"3";"";"33";"0";"";"";"";"";"8";"";""
"United States";"USA";"USL W League";"27-06-2026 23:00";"FT";"Los Angeles SC W";"1";"0";"Oceanside Dutch Lions W";"";"";"";"";"";"";"3";"5";"11";"33";"";"10";"51";"100";"";"4.8";"4";"0.3";"1.5";"4.7";"3";"42";"62";"71";"29";"3.6";"";"";"";"0.3";"1";"";"2";"0";"33";"50";"";"";"0";"0.2";"2.5";"1";"2.6";"1.4";"2.5";"2";"2.5";"1.2";"";"0";"25";"";"";"";"";"8";"";""
"United States";"USA";"USL W League";"27-06-2026 23:00";"FT";"Stockton Cargo W";"3";"2";"Marin FC Alliance W";"2";"0";"";"";"";"";"5";"7";"33";"25";"";"61";"51";"100";"";"4.2";"4";"1.8";"1.5";"1.8";"3.5";"75";"88";"88";"38";"3.6";"";"";"";"1";"0.8";"";"42";"2";"50";"75";"";"";"0.2";"0.8";"1";"2.2";"2.1";"2.1";"0.8";"1.2";"1.5";"0.8";"";"25";"25";"";"";"";"";"8";"";""
"United States";"USA";"USL W League";"27-06-2026 23:00";"FT";"Monterey Bay W";"3";"2";"Pleasanton Rage W";"2";"1";"";"";"";"";"1";"6";"83";"25";"";"100";"27";"100";"";"3.5";"3";"3";"0.8";"0.8";"2.5";"38";"75";"75";"62";"3.6";"";"";"";"2.5";"0.8";"";"77";"18";"50";"25";"";"";"1.5";"0.2";"0";"0.2";"2.3";"0.6";"3";"2.2";"3";"0.5";"";"75";"25";"";"";"";"";"8";"";""
"United States";"USA";"USL W League";"27-06-2026 23:00";"AWAITING_UPDATES";"San Juan SC W";"";"";"California Storm II W";"";"";"";"";"";"";"4";"2";"33";"75";"";"85";"85";"100";"";"4.2";"4";"2.5";"2.5";"2";"1.2";"75";"88";"88";"38";"3.6";"";"";"";"1";"2.2";"";"35";"63";"50";"50";"";"";"0.5";"1.3";"0.5";"0.7";"2.5";"1.2";"1.5";"1";"2";"2";"";"25";"75";"";"";"";"";"8";"";""
"United States";"USA";"UWS";"27-06-2026 15:00";"AWAITING_UPDATES";"Worcester Wanderers W";"";"";"Maine Mystics W";"";"";"";"";"";"";"2";"5";"33";"11";"";"58";"34";"100";"";"3.6";"4";"1.7";"1";"2.3";"2.3";"100";"";"84";"67";"4.6";"";"";"";"1";"0.3";"";"25";"25";"33";"33";"";"";"";"";"";"";"0";"0";"";"";"";"";"";"33";"0";"";"";"";"";"0";"";""
"United States";"USA";"UWS";"27-06-2026 17:00";"AWAITING_UPDATES";"Maine Footy W";"";"";"Connecticut Legends W";"";"";"";"";"";"";"3";"4";"33";"100";"";"34";"100";"100";"";"3.8";"5";"1";"4.5";"1.7";"0.5";"58";"";"84";"75";"4.6";"";"";"";"1";"3";"";"46";"88";"67";"50";"";"";"";"";"";"";"0";"0";"";"";"";"";"";"33";"100";"";"";"";"";"0";"";""
"United States";"USA";"UWS";"27-06-2026 18:00";"AWAITING_UPDATES";"Midland Fusion W";"";"";"Tulip City United W";"";"";"";"";"";"";"10";"3";"0";"100";"";"0";"68";"84";"";"3";"3";"0";"2";"3";"1";"34";"";"58";"58";"4.6";"";"";"";"0";"3";"";"0";"70";"50";"67";"";"";"";"";"";"";"0";"0";"";"";"";"";"";"0";"100";"";"";"";"";"0";"";""
"United States";"USA";"UWS";"27-06-2026 18:00";"AWAITING_UPDATES";"MSI Soccer W";"";"";"Baltimore Blast W";"";"";"";"";"";"";"5";"2";"0";"67";"";"24";"92";"84";"";"3.5";"4";"0.7";"2.7";"3.3";"0.3";"34";"";"66";"50";"4.6";"";"";"";"0";"2";"";"2";"100";"67";"33";"";"";"";"";"";"";"0";"0";"";"";"";"";"";"0";"67";"";"";"";"";"0";"";""
"United States";"USA";"UWS";"27-06-2026 20:00";"AWAITING_UPDATES";"Racing Power W";"";"";"Lancaster W";"";"";"";"";"";"";"1";"";"100";"";"";"";"";"";"";"";"";"3.5";"";"0";"";"";"";"";"";"";"";"";"";"3";"";"";"";"";"50";"";"";"";"";"";"";"";"";"";"";"";"";"";"";"100";"";"";"";"";"";"";"";""
"United States";"USA";"UWS";"27-06-2026 21:00";"AWAITING_UPDATES";"Berber City W";"";"";"Crystal Lake Force W";"";"";"";"";"";"";"2";"3";"67";"100";"";"100";"100";"100";"";"5";"4";"4.5";"4";"1";"0.5";"50";"";"100";"0";"4.6";"";"";"";"2";"3";"";"70";"88";"50";"50";"";"";"";"";"";"";"0";"0";"";"";"";"";"";"50";"100";"";"";"";"";"0";"";""
"United States";"USA";"UWS";"27-06-2026 23:00";"AWAITING_UPDATES";"SoCal W";"";"";"United City II";"";"";"";"";"";"";"2";"1";"100";"100";"";"100";"100";"100";"";"6.8";"6";"3.5";"9";"0.5";"0.5";"50";"";"100";"25";"4.6";"";"";"";"3";"3";"";"88";"88";"50";"50";"";"";"";"";"";"";"0";"0";"";"";"";"";"";"100";"100";"";"";"";"";"0";"";""
"Vietnam";"VIE";"U21 Championship";"27-06-2026 06:00";"AWAITING_UPDATES";"SLNA U21";"";"";"Thanh Hóa U21";"";"";"";"";"";"";"";"";"";"";"";"";"";"";"";"";"";"";"";"";"";"";"";"";"";"";"";"";"";"";"";"";"";"";"";"";"";"";"";"";"";"";"";"";"";"";"";"";"";"";"";"";"";"";"";"";"";""
"Vietnam";"VIE";"U21 Championship";"27-06-2026 06:00";"AWAITING_UPDATES";"Phù Đổng U21";"";"";"PVF-CAND U21";"";"";"";"";"";"";"";"";"";"";"";"";"";"";"";"";"";"";"";"";"";"";"";"";"";"";"";"";"";"";"";"";"";"";"";"";"";"";"";"";"";"";"";"";"";"";"";"";"";"";"";"";"";"";"";"";"";""
"Yemen";"YEM";"Yemeni League";"27-06-2026 10:00";"FT";"Salam Al Gharfa FC";"0";"2";"Ahli Sana'a FC";"0";"0";"";"";"";"";"14";"";"0";"";"";"";"";"";"";"";"";"0";"";"2.3";"";"";"";"";"";"";"";"";"";"0";"";"";"";"";"33";"";"";"";"0";"";"0.3";"";"";"";"2";"";"0";"";"";"0";"";"";"";"";"";"";"";""
"Yemen";"YEM";"Yemeni League";"27-06-2026 10:00";"FT";"Alsadd FC";"1";"0";"Ittihad FC IBB";"0";"0";"";"";"";"";"9";"12";"56";"11";"";"24";"0";"33";"";"1";"2";"0.7";"0";"0.3";"1";"16";"50";"0";"100";"1.9";"";"";"";"1.7";"0.3";"";"100";"70";"67";"67";"";"";"0.7";"0";"0";"0.3";"0.5";"0.5";"0.3";"0.7";"0";"0";"";"33";"0";"";"";"";"";"0";"";""
"Yemen";"YEM";"Yemeni League";"27-06-2026 10:00";"FT";"Al Orouba FC";"1";"0";"Ittihad Hadramout FC";"1";"0";"";"";"";"";"";"11";"";"50";"";"";"";"";"";"";"";"";"2.5";"";"2";"";"";"";"";"";"";"";"";"";"1.5";"";"";"";"";"50";"";"";"";"0.5";"";"1";"";"";"";"1";"";"2";"";"";"50";"";"";"";"";"";"";""
"Zimbabwe";"ZIM";"Premier Soccer League";"27-06-2026 10:00";"FT";"CAPS United";"2";"2";"Triangle United";"1";"2";"1.49";"6.44";"1.43";"1.14";"4";"18";"74";"11";"1";"48";"10";"62";"";"2";"2";"1.4";"0.3";"0.7";"1.6";"33";"56";"28";"89";"1.8";"15.9";"4.2";"7.8";"2.2";"0.3";"7";"80";"49";"33";"67";"";"";"0.6";"0.1";"0";"0.8";"1.3";"0.8";"0.7";"0.8";"0.9";"0.2";"";"67";"0";"4.4";"4.7";"2.9";"3.7";"7.3";"50";"44"
"Zimbabwe";"ZIM";"Premier Soccer League";"27-06-2026 10:00";"FT";"MWOS";"1";"2";"Highlanders";"0";"1";"";"";"";"";"7";"8";"56";"52";"";"31";"34";"38";"";"1.5";"2";"0.9";"1";"0.6";"0.7";"38";"38";"28";"84";"1.8";"16.2";"4.9";"8.4";"1.7";"1.6";"8";"84";"80";"33";"44";"";"";"0.3";"0.3";"0.3";"0.3";"0.9";"0.7";"0.2";"0.3";"0.6";"0.7";"";"44";"33";"6";"5.5";"3.7";"1.5";"7.3";"46";"46"
"Zimbabwe";"ZIM";"Premier Soccer League";"27-06-2026 10:00";"FT";"Platinum";"1";"1";"Hunters";"1";"0";"";"";"";"";"11";"14";"48";"15";"";"31";"24";"56";"";"2.2";"2";"0.9";"0.7";"0.8";"1.9";"39";"62";"39";"78";"1.8";"";"";"";"1.4";"0.4";"";"77";"38";"44";"56";"";"";"0.6";"0.3";"0.4";"0.9";"1";"1.1";"0.3";"1";"0.3";"0.3";"";"33";"0";"";"3.8";"";"3.6";"7.3";"";""
"Zimbabwe";"ZIM";"Premier Soccer League";"27-06-2026 10:00";"FT";"Kariba";"1";"1";"Ngezi Platinum";"0";"0";"";"";"";"";"13";"5";"41";"41";"";"20";"31";"44";"";"1.4";"2";"0.6";"0.9";"0.4";"0.8";"33";"50";"11";"94";"1.8";"";"";"";"1.2";"1.2";"";"100";"77";"67";"56";"";"";"0.3";"0.3";"0.3";"0.3";"0.6";"0.7";"0.1";"0.4";"0.2";"0.6";"";"22";"22";"";"4.4";"";"5";"7.3";"";""
"Zimbabwe";"ZIM";"Premier Soccer League";"27-06-2026 10:00";"FT";"Chicken Inn";"0";"2";"Hardrock";"0";"0";"3.42";"2.27";"";"";"10";"2";"56";"56";"5";"27";"27";"44";"";"1.3";"2";"0.8";"0.8";"0.7";"0.4";"11";"62";"16";"94";"1.8";"11.6";"2.8";"7.6";"1.7";"1.7";"7";"80";"100";"44";"44";"";"";"0.7";"0.6";"0.2";"0.3";"0.4";"0.9";"0.4";"0.1";"0.1";"0.2";"";"44";"44";"2.9";"4.7";"5.1";"2.7";"7.3";"42";"12"
"Zimbabwe";"ZIM";"Premier Soccer League";"27-06-2026 10:00";"FT";"Simba Bhora";"1";"2";"TelOne";"0";"1";"";"";"";"";"9";"15";"59";"33";"";"41";"31";"67";"";"1.9";"2";"1.2";"0.9";"0.4";"1.2";"50";"72";"33";"94";"1.8";"";"";"";"1.8";"1";"";"100";"63";"56";"33";"";"";"0.9";"0.3";"0.2";"0.8";"0.8";"1.1";"0.2";"0.4";"0.3";"0.6";"";"44";"11";"";"3.5";"";"5";"7.3";"";""
"Argentina";"ARG";"Primera Division Women";"27-06-2026 11:00";"FT";"SAT W";"0";"2";"Lanús W";"0";"2";"";"";"";"";"7";"14";"53";"27";"";"61";"7";"60";"";"2.6";"3";"1.8";"0.2";"0.8";"2.4";"20";"60";"50";"70";"2.2";"17.7";"8.5";"7.1";"1.6";"0.8";"8";"77";"21";"40";"60";"";"";"0.8";"0.2";"0.2";"0.4";"1.8";"0.8";"0.6";"2";"1";"0";"";"40";"20";"4.4";"2";"2";"5.8";"7.9";"50";"20"
"Argentina";"ARG";"Primera Division Women";"27-06-2026 15:00";"FT";"Banfield W";"2";"2";"Gimnasia La Plata W";"1";"0";"1.79";"4.06";"";"";"5";"6";"40";"33";"1";"34";"34";"78";"";"2.8";"3";"1";"1";"1.6";"2";"45";"68";"55";"65";"2.2";"19.7";"10";"7";"1.2";"1";"7";"49";"35";"60";"50";"";"";"0.4";"0.2";"0.4";"1";"1.8";"1";"1.2";"1";"0.6";"0.8";"";"40";"25";"4.2";"2.2";"3";"4.5";"7.9";"45";"32"
"Australia";"AUS";"Western Australia NPL Women";"27-06-2026 02:00";"FT";"West NTC W";"1";"0";"UWA Nedlands W";"0";"0";"";"";"";"";"5";"8";"33";"17";"";"82";"7";"72";"";"4.1";"3";"2.4";"0.2";"2";"3.5";"30";"72";"62";"55";"3.1";"19.2";"9.4";"10.2";"1";"0.5";"10";"35";"2";"40";"50";"";"";"1.2";"0";"0.6";"1.3";"2.4";"1.6";"1.4";"2.2";"1.2";"0.2";"";"20";"17";"4.2";"1.7";"7.4";"7.2";"9.1";"65";"65"
"Australia";"AUS";"Capital Territory NPL Women";"27-06-2026 02:00";"FT";"Tuggeranong United W";"0";"1";"Canberra Olympic W";"0";"0";"15.46";"1.12";"";"";"5";"3";"33";"56";"4";"24";"68";"84";"";"3.2";"4";"0.7";"2";"2.6";"1.2";"23";"62";"70";"62";"4.6";"21.4";"11";"10.2";"1";"1.7";"10";"14";"63";"43";"33";"";"";"0.1";"1";"1";"0.5";"1.9";"1.3";"1.6";"0.7";"0.6";"1";"";"29";"50";"4.7";"7";"5.3";"3.5";"9.4";"77";"77"
"Australia";"AUS";"Queensland NPL Women";"27-06-2026 04:00";"FT";"Gold Coast Knights W";"1";"1";"Sunshine Coast Wanderers W";"0";"1";"1.06";"23.70";"";"";"4";"8";"83";"43";"3";"100";"44";"86";"";"3.4";"2";"3.2";"1.3";"1";"1.4";"40";"73";"59";"60";"3.4";"23.8";"11.8";"8.7";"2.5";"1.3";"7";"70";"56";"50";"43";"";"";"1.2";"0.7";"0.5";"0.4";"2";"1.5";"0.5";"1";"2";"0.6";"";"75";"43";"7.5";"4.1";"1.2";"4.4";"9";"46";"46"
"Australia";"AUS";"South Australia NPL Women";"27-06-2026 02:45";"FT";"Salisbury Inter W";"2";"1";"Adelaide University W";"1";"1";"1.20";"8.53";"";"";"3";"7";"61";"39";"3";"100";"75";"92";"";"4.3";"4";"3";"2.2";"1.3";"2.2";"75";"92";"83";"34";"3.9";"18.5";"9.6";"8.8";"1.8";"1.2";"8";"60";"28";"33";"50";"";"";"1.3";"1.2";"0.8";"0.8";"2.2";"2.1";"0.5";"1.3";"1.7";"1";"";"50";"33";"5.7";"2.5";"4";"5.5";"7.7";"66";"42"
"Australia";"AUS";"South Australia NPL Women";"27-06-2026 04:30";"FT";"Campbelltown City W";"1";"0";"West Adelaide W";"0";"0";"4.36";"1.53";"";"";"5";"1";"44";"100";"2";"61";"100";"92";"";"3.5";"3";"1.8";"3.2";"1.3";"0.6";"55";"84";"65";"54";"3.9";"21.3";"11.4";"7.7";"1.3";"3";"8";"60";"84";"33";"60";"";"";"0.7";"1.2";"0.8";"0.2";"2";"1.4";"0.5";"0.4";"1.2";"2";"";"33";"100";"6.2";"5.4";"1.8";"2";"7.7";"60";"40"
"Australia";"AUS";"South Australia NPL Women";"27-06-2026 04:30";"FT";"MetroStars";"5";"4";"Modbury Vista W";"2";"1";"2.39";"2.27";"";"";"9";"8";"0";"11";"5";"20";"44";"90";"";"4.2";"4";"0.6";"1.3";"3.6";"2.8";"62";"82";"82";"36";"3.9";"24";"12.7";"7.8";"0";"0.3";"8";"2";"7";"40";"33";"";"";"0.4";"0.5";"1";"1.3";"2.6";"1.6";"2.6";"1.5";"0.2";"0.8";"";"0";"0";"3";"4.3";"4.2";"4";"7.7";"55";"36"
"Australia";"AUS";"Victoria NPL Women";"27-06-2026 02:00";"FT";"Melbourne City II";"1";"6";"Avondale W";"0";"3";"18.26";"1.07";"";"";"13";"5";"22";"33";"4";"41";"54";"83";"";"4.1";"3";"1.2";"1.6";"3.4";"1.9";"66";"94";"76";"42";"3.6";"23";"10.4";"8.5";"0.7";"1";"8";"2";"38";"44";"50";"";"";"0.3";"0.6";"1.6";"1";"2.3";"1.8";"1.9";"0.9";"0.9";"1";"";"22";"25";"4.1";"3.2";"5.8";"3.9";"9";"56";"44"
"Australia";"AUS";"Victoria NPL Women";"27-06-2026 02:00";"FT";"Keilor ParkW";"2";"1";"Melbourne Victory II";"0";"0";"3.96";"1.68";"";"";"12";"8";"38";"48";"2";"41";"58";"70";"";"3.2";"3";"1.2";"1.7";"1.8";"1.8";"64";"82";"59";"53";"3.6";"20";"9.1";"8";"1.1";"1.4";"9";"42";"42";"62";"44";"";"";"0.9";"0.7";"0.8";"1.2";"1.5";"1.8";"1";"0.6";"0.4";"1";"";"25";"44";"2.9";"4.1";"5.2";"3.7";"9";"71";"42"
"Australia";"AUS";"Victoria NPL Women";"27-06-2026 02:00";"FT";"Essendon Royals W";"1";"2";"Bulleen Lions W";"0";"1";"2.02";"2.89";"";"";"1";"3";"79";"62";"5";"100";"71";"86";"";"3.6";"4";"3.1";"2.1";"1.1";"1";"58";"80";"66";"48";"3.6";"22.7";"10.1";"9.1";"2.4";"1.9";"9";"66";"70";"38";"43";"";"";"1.6";"0.6";"0.5";"0.7";"2";"1.7";"0.6";"0.3";"1.5";"1.6";"";"75";"57";"6.6";"3.9";"3.9";"3.9";"9";"66";"58"
"Australia";"AUS";"Victoria NPL Women";"27-06-2026 02:30";"FT";"South Melbourne W";"2";"2";"Box Hill United W";"1";"1";"2.02";"2.95";"";"";"4";"2";"93";"57";"5";"100";"88";"88";"";"4";"4";"3.1";"2.6";"0.7";"1.6";"50";"93";"69";"68";"3.6";"22.4";"10.9";"8.7";"2.8";"1.7";"9";"80";"49";"22";"29";"";"";"2";"1.1";"0.3";"0.9";"1.8";"2.2";"0.3";"0.7";"1.1";"1.4";"";"89";"57";"7.2";"4";"2.1";"4.1";"9";"55";"50"
"Australia";"AUS";"Victoria NPL Women";"27-06-2026 03:15";"FT";"Heidelberg United W";"1";"3";"Boroondara Eagles W";"0";"1";"2.52";"2.22";"";"";"10";"7";"33";"56";"5";"41";"82";"76";"";"3.6";"4";"1.2";"2.4";"2";"1.6";"76";"88";"64";"48";"3.6";"20.6";"11";"9.2";"1";"1.7";"9";"35";"49";"38";"67";"";"";"0.8";"0.8";"0.9";"1.1";"1.8";"1.8";"1.1";"0.4";"0.5";"1.7";"";"25";"56";"4.6";"4.4";"5.6";"3.9";"9";"66";"54"
"Australia";"AUS";"New South Wales NPL Women";"27-06-2026 02:00";"FT";"NWS Spirit W";"2";"1";"Northern Tigers W";"0";"1";"2.27";"2.49";"";"";"13";"6";"25";"54";"5";"48";"61";"88";"";"4.2";"4";"1.4";"1.8";"4";"1.4";"50";"81";"75";"37";"3.4";"21.4";"10.8";"9.8";"0.8";"1.6";"9";"2";"56";"38";"38";"";"";"0.8";"0.8";"2.1";"0.4";"2.2";"2";"1.9";"1";"0.6";"1";"";"25";"50";"4.6";"2.9";"7.6";"4.5";"8.6";"75";"50"
"Australia";"AUS";"Tasmania Women's Super League";"27-06-2026 03:45";"FT";"Riverside Olympic W";"0";"6";"Launceston United W";"0";"1";"18.69";"1.05";"";"";"8";"6";"6";"20";"4";"24";"100";"100";"";"7.6";"5";"0.7";"3.6";"7.7";"3.4";"36";"80";"100";"0";"5";"24.2";"15.8";"11.4";"0.2";"0.6";"10";"2";"2";"33";"40";"";"";"0.6";"1.8";"3.6";"1.4";"3.8";"3.4";"4.4";"2";"1.4";"1.8";"";"0";"20";"2.6";"7";"9";"4.2";"10.3";"90";"90"
"Australia";"AUS";"Tasmania Women's Super League";"27-06-2026 03:45";"FT";"Taroona W";"0";"2";"Glenorchy Knights W";"0";"2";"6.97";"1.25";"";"";"7";"2";"50";"56";"4";"75";"95";"100";"";"4.4";"5";"2.2";"2.8";"2.8";"1";"42";"84";"75";"38";"5";"21.6";"12.5";"9";"1.5";"1.7";"10";"7";"70";"75";"50";"";"";"1.5";"1";"1";"0.5";"2.4";"2";"1.8";"0.5";"0.8";"1.8";"";"50";"50";"2.2";"6.7";"4.5";"4.5";"10.3";"75";"66"
"Australia";"AUS";"QLD FQPL 1 Women";"27-06-2026 06:00";"DELAYED";"Grange Thistle W";"";"";"Logan Lightning W";"";"";"";"";"";"";"9";"5";"25";"67";"";"61";"68";"88";"";"4.9";"4";"1.8";"2";"2";"4";"42";"88";"71";"29";"3.8";"29.6";"15.6";"9.8";"0.8";"2";"10";"35";"2";"75";"67";"";"";"1";"1.7";"0.5";"1.3";"2.6";"2.2";"1.5";"2.7";"0.8";"0.3";"";"25";"67";"8.2";"2.3";"4.2";"4.7";"9.5";"84";"84"
"Australia";"AUS";"Northern NSW NPL Women";"27-06-2026 03:30";"FT";"New Lambton W";"2";"1";"Maitland W";"1";"0";"5.75";"1.30";"";"";"2";"1";"87";"100";"4";"100";"100";"100";"";"4.9";"5";"3";"4.8";"1.4";"0.6";"60";"90";"90";"20";"4.7";"23.8";"13.4";"8.5";"2.6";"3";"8";"56";"84";"40";"40";"";"";"2";"2.6";"0.6";"0.2";"2.2";"2.7";"0.8";"0.4";"1";"2.2";"";"80";"100";"4.8";"6.8";"4";"1.5";"8.5";"55";"55"
"Belarus";"BLR";"Vysshaya Liga Women";"27-06-2026 10:00";"FT";"Dnepr Mogilev W";"5";"1";"ABFF U19 W";"2";"0";"";"";"";"";"4";"8";"67";"33";"";"100";"17";"58";"";"5.8";"5";"7.3";"0.5";"0.7";"3";"29";"58";"58";"42";"4.2";"";"";"";"2";"1";"";"80";"0";"67";"50";"";"";"4.3";"0.2";"0";"1.2";"2.8";"2.9";"0.7";"1.8";"3";"0.2";"";"67";"25";"";"3";"";"4.5";"7.9";"";""
"Belarus";"BLR";"Vysshaya Liga Women";"27-06-2026 10:00";"FT";"Gomel W";"0";"8";"Dinamo-BGU W";"0";"4";"";"";"";"";"9";"5";"47";"67";"";"20";"58";"64";"";"3";"4";"0.6";"1.7";"2.4";"1.3";"44";"64";"64";"64";"4.2";"";"";"8.5";"1.4";"2";"8";"21";"60";"60";"67";"";"";"0.2";"1";"0.8";"0.7";"1.6";"1.4";"1.6";"0.7";"0.4";"0.7";"";"40";"67";"2.5";"3.5";"6.5";"4.5";"7.9";"50";"50"
"Belarus";"BLR";"Vysshaya Liga Women";"27-06-2026 11:00";"FT";"Smorgon W";"0";"6";"Minsk FK W";"0";"3";"";"";"";"";"12";"1";"0";"100";"";"0";"100";"100";"";"4";"4";"0";"4.3";"3.3";"0.3";"16";"100";"100";"50";"4.2";"";"";"";"0";"3";"";"2";"100";"33";"33";"";"";"0";"2";"1.7";"0";"2.2";"1.8";"1.7";"0.3";"0";"2.3";"";"0";"100";"";"6";"";"2";"7.9";"";""
"Europe";"EUR";"Euro U19 Women";"27-06-2026 12:00";"FT";"Bosnia & Herzegovina U19 W";"0";"5";"Germany U19 W";"0";"1";"79.50";"1.04";"";"";"";"";"";"";"";"";"";"";"";"";"";"";"";"";"";"";"";"";"";"";"";"";"";"";"";"";"";"";"";"";"";"";"";"";"";"";"";"";"";"";"";"";"";"";"";"";"";"";"";"";"";""
"Europe";"EUR";"Euro U19 Women";"27-06-2026 15:00";"FT";"Sweden U19 W";"1";"0";"Poland U19 W";"0";"0";"3.52";"1.82";"1.20";"1.36";"";"";"";"";"";"";"";"";"";"";"";"";"";"";"";"";"";"";"";"";"";"";"";"";"";"";"";"";"";"";"";"";"";"";"";"";"";"";"";"";"";"";"";"";"";"";"";"";"";"";"";""
"Finland";"FIN";"Kansallinen Liiga Women";"27-06-2026 09:00";"FT";"KuPS W";"5";"1";"VIFK W";"2";"0";"1.02";"34.40";"";"";"2";"8";"83";"0";"3";"61";"7";"88";"";"3.2";"2";"1.8";"0.2";"0.8";"3.8";"50";"75";"88";"62";"3.8";"23.6";"11";"9.4";"2.5";"0";"9";"77";"2";"75";"50";"";"";"0.8";"0.2";"0.2";"1.2";"2";"1.2";"0.5";"2.5";"1";"0";"";"75";"0";"6.2";"3.2";"3.2";"6";"11.1";"75";"62"
"Finland";"FIN";"Kansallinen Liiga Women";"27-06-2026 09:00";"FT";"Gnistan W";"3";"0";"PK-35 Vantaa W";"2";"0";"2.13";"2.63";"";"";"6";"7";"25";"25";"5";"85";"51";"100";"";"4.6";"4";"2.5";"1.5";"2.2";"3";"62";"88";"88";"25";"3.8";"22.9";"11.2";"9.8";"0.8";"0.8";"10";"28";"0";"75";"50";"";"";"0.8";"0.8";"1";"1.8";"2.5";"2.2";"1.2";"1.2";"1.8";"0.8";"";"25";"25";"4.5";"3";"3.8";"8.5";"11.1";"62";"62"
"Finland";"FIN";"Kansallinen Liiga Women";"27-06-2026 12:30";"FT";"Ilves W";"1";"3";"HJK W";"0";"3";"8.39";"1.23";"";"";"5";"2";"50";"75";"4";"68";"61";"75";"";"3.5";"3";"2";"1.8";"2";"1.2";"62";"75";"75";"62";"3.8";"27.2";"10.8";"11.9";"1.5";"2.2";"11";"35";"63";"50";"75";"";"";"0.8";"1";"0.8";"0.5";"2";"1.5";"1.2";"0.8";"1.2";"0.8";"";"50";"75";"6.5";"6.7";"7";"3.7";"11.1";"84";"84"
"Finland";"FIN";"Ykkönen Women";"27-06-2026 08:00";"FT";"ONS W";"3";"0";"PKKU W";"0";"0";"1.59";"4.10";"";"";"6";"7";"56";"20";"1";"41";"54";"92";"";"3.3";"3";"1.2";"1.6";"1.7";"2.2";"55";"84";"65";"72";"3.4";"19.9";"11.3";"8.4";"1.7";"0.6";"9";"46";"28";"50";"40";"";"";"0.5";"1.2";"1";"1.2";"1.4";"2";"0.7";"1";"0.7";"0.4";"";"50";"20";"4.3";"3.7";"3.5";"5.3";"9.1";"50";"33"
"Finland";"FIN";"Ykkönen Women";"27-06-2026 08:00";"FT";"EBK W";"3";"0";"JyPK W";"0";"0";"1.21";"9.01";"";"";"1";"5";"100";"22";"3";"95";"58";"92";"";"3.6";"3";"2.8";"1.7";"0.3";"2.3";"66";"75";"75";"42";"3.4";"13.9";"7.3";"9.4";"3";"0.7";"9";"100";"25";"67";"50";"";"";"1";"0.5";"0.2";"1";"2.2";"1.4";"0.2";"1.3";"1.8";"1.2";"";"100";"17";"6.4";"6";"1.6";"4.8";"9.1";"70";"50"
"Finland";"FIN";"Ykkönen Women";"27-06-2026 10:00";"FT";"Honka W";"1";"0";"HJK II W";"1";"0";"1.50";"4.62";"";"";"2";"4";"89";"22";"1";"85";"51";"92";"";"3.4";"3";"2.5";"1.5";"0.3";"2.5";"50";"100";"58";"42";"3.4";"18.7";"10.2";"9.2";"2.7";"0.7";"9";"100";"18";"50";"67";"";"";"1.2";"0.8";"0.3";"1";"1.8";"1.6";"0";"1.5";"1.3";"0.7";"";"83";"17";"6.8";"4.8";"2.8";"4";"9.1";"70";"60"
"Republic of Ireland";"IRL";"Women's National League";"27-06-2026 09:00";"FT";"Shamrock Rovers W";"2";"4";"Wexford Youths";"1";"3";"1.60";"4.35";"";"";"4";"7";"58";"17";"1";"61";"17";"75";"";"2.3";"3";"1.8";"0.5";"1";"1.2";"38";"75";"25";"88";"2.7";"19.5";"9";"11.5";"1.8";"0.5";"11";"70";"63";"25";"75";"";"";"0.2";"0.5";"0.5";"0.5";"1.4";"0.9";"0.5";"0.8";"1.5";"0";"";"50";"0";"6.5";"6.2";"3.5";"6.8";"9.8";"88";"75"
"Republic of Ireland";"IRL";"Women's National League";"27-06-2026 11:00";"FT";"Waterford W";"0";"0";"Cork City W";"0";"0";"2.20";"2.73";"";"";"10";"12";"8";"8";"5";"27";"17";"88";"";"3.2";"3";"0.8";"0.5";"2.2";"3";"50";"88";"75";"62";"2.7";"20.3";"9";"10.4";"0.2";"0.2";"10";"28";"0";"75";"50";"";"";"0.8";"0.2";"0.8";"2.2";"1.2";"2";"1.5";"0.8";"0";"0.2";"";"0";"0";"2.5";"2.8";"8.2";"7.2";"9.8";"75";"75"
"Republic of Ireland";"IRL";"Women's National League";"27-06-2026 11:00";"DELAYED";"Bohemians WFC W";"0";"0";"Galway United W";"0";"0";"4.12";"1.70";"";"";"9";"1";"33";"83";"2";"41";"51";"50";"";"2.2";"3";"1.2";"1.5";"1.5";"0";"12";"50";"38";"88";"2.7";"18.2";"8.2";"10.8";"1";"2.5";"10";"52";"100";"50";"50";"";"";"0.8";"0.5";"0.2";"0";"1.4";"0.8";"1.2";"0";"0.5";"1";"";"25";"75";"8.8";"8.8";"1.5";"2.8";"9.8";"62";"62"
"Republic of Ireland";"IRL";"Women's National League";"27-06-2026 13:00";"DELAYED";"Peamount United W";"0";"0";"DLR Waves W";"0";"0";"1.26";"8.88";"";"";"8";"11";"42";"8";"3";"68";"7";"88";"";"2.9";"3";"2";"0.2";"1.8";"1.8";"50";"75";"50";"75";"2.7";"17.9";"7.8";"9.8";"1.2";"0.2";"9";"42";"42";"50";"75";"";"";"1.5";"0";"1";"0.5";"1.4";"1.5";"0.8";"1.2";"0.5";"0.2";"";"25";"0";"7";"1.3";"3.2";"8";"9.8";"42";"42"
"Republic of Ireland";"IRL";"Women's National League";"27-06-2026 15:35";"FT";"Treaty United W";"1";"1";"Sligo Rovers W";"1";"1";"1.65";"4.17";"";"";"6";"7";"42";"33";"1";"34";"41";"88";"";"2.3";"3";"1";"1.2";"0.8";"1.6";"52";"88";"42";"90";"2.7";"19.8";"8.3";"9";"1.2";"1";"10";"77";"49";"75";"60";"";"";"0.5";"0.8";"0.5";"1";"0.9";"1.4";"0.2";"0.6";"0.5";"0.4";"";"25";"20";"4.2";"4.4";"5.5";"3.8";"9.8";"58";"35"
"Iceland";"ISL";"1. Deild Women";"27-06-2026 11:00";"FT";"Fjardab Höttur Leiknir W";"3";"1";"Keflavík W";"0";"1";"";"";"";"";"9";"8";"25";"25";"";"61";"100";"100";"";"4.9";"4";"1.8";"3";"2.2";"2.8";"75";"88";"75";"38";"4.2";"";"";"";"0.8";"0.8";"";"28";"7";"50";"50";"";"";"1";"1";"1.5";"1";"2.6";"2.2";"0.8";"1.8";"0.8";"2";"";"25";"25";"";"3";"";"5";"9.6";"";""
"Iceland";"ISL";"1. Deild Women";"27-06-2026 13:00";"FT";"Grótta W";"2";"1";"Volsungur Husavik W";"2";"0";"1.50";"4.65";"";"";"3";"7";"75";"33";"1";"100";"51";"100";"";"4.5";"5";"3.2";"1.5";"2.5";"1.8";"62";"88";"62";"50";"4.2";"27.5";"11.2";"7.2";"2.2";"1";"8";"18";"42";"50";"25";"";"";"1";"0.5";"1.8";"1";"2.4";"2.2";"0.8";"0.8";"2.2";"1";"";"75";"25";"4";"5";"3";"2.5";"9.6";"50";"25"
"Iceland";"ISL";"1. Deild Women";"27-06-2026 13:00";"FT";"KR W";"6";"0";"Tindastóll W";"5";"0";"1.04";"25.50";"";"";"2";"10";"83";"0";"3";"100";"10";"100";"";"5.2";"3";"3.8";"0.3";"1.5";"5";"54";"100";"88";"12";"4.2";"";"";"";"2.5";"0";"";"52";"2";"50";"33";"";"";"1.2";"0";"0.5";"4";"2.4";"2.9";"1";"1";"2.5";"0.3";"";"75";"0";"7.5";"";"2.2";"";"9.6";"";""
"Latvia";"LVA";"Women League";"27-06-2026 12:00";"FT";"Rigas W";"0";"3";"SFK Rīga W";"0";"3";"";"";"";"";"6";"2";"20";"75";"";"48";"100";"100";"";"5.9";"6";"1.4";"4.8";"4.6";"1";"32";"90";"88";"25";"6.7";"";"";"";"0.6";"2.2";"";"2";"70";"40";"50";"";"";"0.8";"2";"1.4";"0.2";"3.6";"2.2";"3.2";"0.8";"0.6";"2.8";"";"20";"75";"";"";"";"";"0";"";""
"Norway";"NOR";"1. Division Women";"27-06-2026 08:00";"FT";"Bryne W";"0";"1";"Fyllingsdalen W";"0";"0";"1.67";"3.97";"";"";"6";"10";"47";"0";"1";"34";"27";"80";"";"2.9";"3";"1";"0.8";"1.4";"2.6";"60";"70";"70";"70";"3.5";"22.4";"10.8";"8.6";"1.4";"0";"10";"56";"14";"60";"40";"";"";"0.6";"0.4";"0.4";"0.6";"1.9";"1";"1";"2";"0.4";"0.4";"";"40";"0";"2.5";"3.7";"6.5";"4.7";"9.5";"84";"54"
"Norway";"NOR";"1. Division Women";"27-06-2026 09:00";"FT";"Odd W";"1";"0";"Frigg W";"0";"0";"";"";"";"";"7";"12";"40";"0";"";"54";"0";"90";"";"3.1";"3";"1.6";"0";"1.6";"3";"40";"50";"60";"70";"3.5";"22.8";"10.4";"10.6";"1.2";"0";"10";"49";"0";"40";"60";"";"";"0.4";"0";"0.8";"0.8";"2.1";"1";"0.8";"2.2";"1.2";"0";"";"20";"0";"5";"2.7";"3.3";"10.3";"9.5";"67";"67"
"Norway";"NOR";"Cup Women";"27-06-2026 09:00";"FT";"Viking FK W";"0";"3";"Brann W";"0";"0";"39.00";"1.03";"";"";"";"";"100";"100";"4";"100";"100";"100";"";"4.2";"3";"3.3";"3.3";"1.3";"0.3";"50";"84";"84";"50";"4.8";"";"";"";"3";"3";"";"60";"100";"67";"33";"";"";"1.3";"1.7";"0.7";"0.3";"2.2";"2";"0.7";"0";"2";"1.7";"";"100";"100";"5.7";"";"3.7";"";"8.8";"";""
"New Zealand";"NZL";"National League Women";"27-06-2026 21:00";"FT";"Coastal Spirit W";"2";"1";"Roslyn Wakari W";"";"";"";"";"";"";"6";"8";"17";"33";"";"0";"51";"50";"";"2.5";"4";"0";"1.5";"2";"1.5";"25";"";"50";"50";"4.7";"";"";"";"0.5";"1";"";"35";"52";"50";"50";"";"";"";"";"";"";"0";"0";"";"";"";"";"";"0";"0";"";"";"";"";"9.8";"";""
"New Zealand";"NZL";"National League Women";"27-06-2026 23:00";"FT";"Taradale W";"2";"6";"Seatoun W";"";"";"";"";"";"";"10";"7";"0";"33";"";"54";"51";"88";"";"6.4";"5";"1.6";"1.5";"6.4";"3.2";"78";"";"75";"25";"4.7";"";"";"";"0";"1";"";"2";"2";"60";"50";"";"";"";"";"";"";"0";"0";"";"";"";"";"";"0";"25";"";"";"";"";"9.8";"";""
"New Zealand";"NZL";"National League Women";"27-06-2026 23:00";"FT";"Melville United W";"1";"2";"Tauranga Moana W";"";"";"";"";"";"";"6";"8";"0";"20";"";"54";"14";"90";"";"5.9";"6";"1.6";"0.4";"5.8";"4";"50";"";"90";"20";"4.7";"";"";"";"0";"0.6";"";"2";"2";"20";"60";"";"";"";"";"";"";"0";"0";"";"";"";"";"";"0";"20";"";"";"";"";"9.8";"";""
"Russia";"RUS";"Premier League Women";"27-06-2026 10:00";"FT";"Krylya Sovetov W";"4";"0";"Rostov W";"3";"0";"1.26";"10.20";"";"";"5";"12";"83";"20";"3";"61";"14";"100";"";"2.2";"2";"1.8";"0.4";"0.2";"2";"12";"40";"10";"90";"2.6";"";"";"9.6";"2.5";"0.6";"9";"100";"35";"100";"20";"";"";"0";"0.4";"0";"1";"1.5";"0.7";"0.2";"1";"1.8";"0";"";"75";"20";"8.2";"3.2";"1.5";"6.2";"8.5";"68";"68"
"Russia";"RUS";"Premier League Women";"27-06-2026 10:30";"FT";"CSKA Moscow W";"0";"0";"Zenit W";"0";"0";"2.28";"2.83";"";"";"2";"1";"100";"100";"5";"95";"100";"100";"";"3.1";"2";"2.8";"3";"0.2";"0.2";"22";"88";"68";"68";"2.6";"16.7";"8.2";"8.3";"3";"3";"8";"100";"100";"75";"40";"";"";"1.2";"2";"0";"0";"1.5";"1.6";"0.2";"0.2";"1.5";"1";"";"100";"100";"6.2";"4.6";"3.5";"2.2";"8.5";"70";"48"
"Russia";"RUS";"Premier League Women";"27-06-2026 11:00";"FT";"Rubin Kazan W";"2";"2";"Chertanovo W";"0";"1";"1.54";"5.05";"";"";"8";"7";"53";"80";"1";"54";"82";"80";"";"3";"3";"1.6";"2.4";"0.8";"1.2";"50";"80";"80";"60";"2.6";"14.9";"8.1";"7.9";"1.6";"2.4";"8";"77";"63";"60";"40";"";"";"0.8";"1";"0.6";"0.8";"1.4";"1.6";"0.2";"0.4";"0.8";"1.4";"";"40";"80";"4";"3.8";"1.8";"6.2";"8.5";"50";"50"
"Russia";"RUS";"Premier League Women";"27-06-2026 11:00";"FT";"Dinamo Moskva W";"0";"0";"Zvezda 2005 W";"0";"0";"1.84";"3.89";"";"";"6";"9";"20";"25";"1";"14";"7";"55";"";"1.8";"3";"0.4";"0.2";"1.2";"1.8";"0";"78";"12";"88";"2.6";"14.8";"7.4";"8.8";"0.6";"0.8";"9";"63";"42";"60";"50";"";"";"0.2";"0.2";"0.8";"0.8";"0.8";"1";"0.4";"1";"0.2";"0";"";"20";"25";"2.8";"2.2";"4.8";"8";"8.5";"75";"62"
"Russia";"RUS";"Premier League Women";"27-06-2026 13:00";"FT";"Spartak Moskva W";"1";"1";"Lokomotiv Moscow W";"0";"1";"1.65";"4.41";"";"";"3";"4";"73";"75";"1";"61";"61";"78";"";"2.3";"3";"1.8";"1.8";"0.6";"0.5";"42";"45";"35";"90";"2.6";"16.4";"8";"8.2";"2.2";"2.2";"9";"84";"88";"20";"50";"";"";"0.6";"0.8";"0.4";"0";"1.4";"0.9";"0.2";"0.5";"1.2";"1";"";"60";"75";"5.4";"6.8";"1.6";"2.8";"8.5";"48";"48"
"World";"WOR";"Club Friendlies 3";"27-06-2026 04:00";"FT";"Ansbach";"4";"0";"Kornburg";"0";"0";"";"";"";"";"1";"";"56";"";"";"";"";"";"";"";"";"3.3";"";"1.7";"";"";"";"";"";"";"";"";"";"1.7";"";"";"";"";"50";"";"";"";"1.2";"";"0.8";"";"";"";"0.8";"";"3.2";"";"";"50";"";"";"";"";"";"";"";""
"World";"WOR";"Club Friendlies 3";"27-06-2026 04:00";"FT";"Zlín";"0";"2";"Hanácká";"0";"1";"2.13";"2.78";"1.12";"1.55";"1";"";"78";"";"";"";"";"";"";"";"";"2.3";"";"1.3";"";"";"";"";"";"";"";"";"";"2.3";"";"";"";"";"67";"";"";"";"0.3";"";"0.7";"";"";"";"0.7";"";"2";"";"";"67";"";"4.3";"";"3.3";"";"";"";""
"World";"WOR";"Club Friendlies 3";"27-06-2026 05:00";"FT";"Viktoria Plzeň";"4";"2";"SK Artis Brno";"0";"1";"1.29";"7.44";"1.08";"1.78";"";"2";"";"44";"";"";"";"";"";"";"";"";"2";"";"1";"";"";"";"";"";"";"";"";"";"1.3";"";"";"";"";"67";"";"";"";"1.7";"";"0.3";"";"";"";"0.7";"";"0.3";"";"";"33";"";"";"";"";"";"";""
"World";"WOR";"Club Friendlies 3";"27-06-2026 05:00";"FT";"Wisła Kraków";"3";"4";"Nieciecza";"0";"1";"";"";"";"";"1";"";"42";"";"";"";"";"";"";"";"";"1.8";"";"1.2";"";"";"";"";"";"";"";"";"";"1.2";"";"";"";"";"50";"";"";"";"0.5";"";"0.8";"";"";"";"0.5";"";"1.2";"";"";"25";"";"";"";"";"";"";"";""
"World";"WOR";"Club Friendlies 3";"27-06-2026 05:00";"FT";"Puszcza Niepołomice";"3";"0";"Star Starachowice";"1";"0";"";"";"";"";"1";"";"44";"";"";"";"";"";"";"";"";"2.3";"";"1.7";"";"";"";"";"";"";"";"";"";"1.3";"";"";"";"";"100";"";"";"";"1.3";"";"0.7";"";"";"";"1";"";"1";"";"";"33";"";"3";"";"7.5";"";"";"";""
"World";"WOR";"Club Friendlies 3";"27-06-2026 05:00";"FT";"UTA Arad";"4";"0";"Dumbrăviţa";"1";"0";"1.26";"9.56";"1.17";"1.43";"1";"";"50";"";"";"";"";"";"";"";"";"1";"";"0.5";"";"";"";"";"";"";"";"";"";"1.5";"";"";"";"";"50";"";"";"";"0.5";"";"0";"";"";"";"0.5";"";"0.5";"";"";"50";"";"";"";"";"";"";"";""
"World";"WOR";"Club Friendlies 3";"27-06-2026 05:00";"FT";"Viktoria Žižkov";"3";"2";"Slavia Praha B";"2";"0";"2.03";"2.91";"1.10";"1.67";"1";"";"67";"";"";"";"";"";"";"";"";"4";"";"1.7";"";"";"";"";"";"";"";"";"";"2";"";"";"";"";"33";"";"";"";"1.3";"";"1";"";"";"";"0.7";"";"2.7";"";"";"67";"";"4.3";"";"3.7";"";"";"";""
"World";"WOR";"Club Friendlies 3";"27-06-2026 05:00";"FT";"Luckenwalde";"0";"0";"RSV Eintracht";"0";"0";"";"";"";"";"";"";"";"";"";"";"";"";"";"";"";"";"";"";"";"";"";"";"";"";"";"";"";"";"";"";"";"";"";"";"";"";"";"";"";"";"";"";"";"";"";"";"";"";"";"";"";"";"";"";"";""
"World";"WOR";"Club Friendlies 3";"27-06-2026 05:00";"CANCELLED";"Radomiak Radom";"";"";"Górnik Łęczna";"";"";"";"";"";"";"";"";"";"";"";"";"";"";"";"";"";"";"";"";"";"";"";"";"";"";"";"";"";"";"";"";"";"";"";"";"";"";"";"";"";"";"";"";"";"";"";"";"";"";"";"";"";"";"";"";"";""
"World";"WOR";"Club Friendlies 3";"27-06-2026 05:00";"FT";"Zlaté Moravce";"2";"0";"Banská Bystrica";"1";"0";"3.23";"1.86";"1.14";"1.49";"";"2";"";"33";"";"";"";"";"";"";"";"";"1";"";"2.3";"";"";"";"";"";"";"";"";"";"1";"";"";"";"";"33";"";"";"";"0";"";"1";"";"";"";"2.5";"";"1.5";"";"";"33";"";"5";"";"7";"";"";""
"World";"WOR";"Club Friendlies 3";"27-06-2026 05:30";"FT";"Prostějov";"1";"1";"Opava";"1";"0";"3.40";"1.90";"";"";"1";"2";"75";"33";"2";"61";"41";"75";"";"2.5";"3";"1.8";"1.2";"0.8";"1.2";"50";"58";"62";"88";"3.4";"17.9";"6.8";"11.8";"2.2";"1";"10";"77";"63";"75";"50";"";"";"0.7";"0.2";"0.3";"1";"1.1";"1";"1";"0.2";"1.3";"1";"";"75";"25";"6";"5.2";"7.3";"5";"9";"88";"88"
"World";"WOR";"Club Friendlies 3";"27-06-2026 05:30";"FT";"Trenčín";"4";"2";"Petržalka akadémia";"0";"1";"1.61";"4.26";"1.15";"1.47";"1";"";"17";"";"";"";"";"";"";"";"";"1";"";"3";"";"";"";"";"";"";"";"";"";"0.5";"";"";"";"";"100";"";"";"";"";"";"";"";"";"";"";"";"";"";"";"0";"";"";"";"";"";"";"";""
"World";"WOR";"Club Friendlies 3";"27-06-2026 05:30";"FT";"Mezőkövesd-Zsóry";"2";"3";"FK Košice";"1";"1";"3.19";"1.92";"1.16";"1.42";"";"2";"";"33";"";"";"";"";"";"";"";"";"2.3";"";"2";"";"";"";"";"";"";"";"";"";"1";"";"";"";"";"33";"";"";"";"0.3";"";"0.3";"";"";"";"1.7";"";"2";"";"";"33";"";"";"";"";"";"";""
"World";"WOR";"Club Friendlies 3";"27-06-2026 05:30";"FT";"Lugano";"2";"1";"Neuchâtel Xamax";"1";"1";"1.25";"26.92";"1.08";"1.72";"";"2";"";"0";"";"";"";"";"";"";"";"";"1.5";"";"3";"";"";"";"";"";"";"";"";"";"0";"";"";"";"";"50";"";"";"";"0.5";"";"1";"";"";"";"2";"";"1";"";"";"0";"";"";"";"";"";"";""
"World";"WOR";"Club Friendlies 3";"27-06-2026 05:30";"FT";"Hartberg";"3";"1";"Admira";"1";"0";"1.67";"4.22";"1.14";"1.52";"1";"2";"100";"17";"1";"100";"51";"75";"";"4.2";"4";"4";"1.5";"0";"3";"25";"75";"75";"50";"3.4";"";"";"";"3";"0.5";"";"100";"0";"50";"50";"";"";"3";"0.5";"0";"0.5";"2.2";"2";"0";"2.5";"1";"1";"";"100";"0";"10";"";"1";"";"9";"";""
"World";"WOR";"Club Friendlies 3";"27-06-2026 06:00";"FT";"Piast Gliwice";"0";"2";"Raków Częstochowa";"0";"1";"1.83";"3.68";"1.18";"1.38";"";"";"";"";"";"";"";"";"";"";"";"";"";"";"";"";"";"";"";"";"";"";"";"";"";"";"";"";"";"";"";"";"";"";"";"";"";"";"";"";"";"";"";"";"";"";"";"";"";"";"";""
"World";"WOR";"Club Friendlies 3";"27-06-2026 06:00";"FT";"Sigma Olomouc";"1";"0";"Ružomberok";"0";"0";"1.65";"4.12";"1.12";"1.58";"1";"";"56";"";"";"";"";"";"";"";"";"1.3";"";"1";"";"";"";"";"";"";"";"";"";"1.7";"";"";"";"";"33";"";"";"";"1";"";"0.7";"";"";"";"0.3";"";"0.3";"";"";"33";"";"6.3";"";"4.3";"";"";"";""
"World";"WOR";"Club Friendlies 3";"27-06-2026 06:00";"FT";"Wisła Płock";"2";"1";"Pogon Grodzisk Mazowiecki";"1";"0";"1.69";"3.52";"";"";"1";"2";"58";"17";"1";"41";"51";"88";"";"2.8";"3";"1.2";"1.5";"0.8";"2";"75";"75";"38";"75";"3.4";"";"";"";"1.8";"0.5";"";"77";"35";"75";"50";"";"";"0.8";"1";"0.2";"0.5";"1.5";"1.2";"0.5";"1.5";"0.5";"0.5";"";"50";"0";"";"";"";"";"9";"";""
"World";"WOR";"Club Friendlies 3";"27-06-2026 06:00";"FT";"Paksi SE";"4";"1";"Komárno";"2";"1";"1.56";"4.36";"1.08";"1.77";"1";"2";"56";"78";"1";"92";"100";"67";"";"3.6";"4";"2.7";"3";"1.3";"0.3";"50";"84";"50";"50";"3.4";"";"";"";"1.7";"2.3";"";"60";"100";"67";"33";"";"";"1.3";"1.3";"1.3";"0.3";"1.5";"2.2";"0";"0";"1.3";"1.7";"";"33";"67";"";"4";"";"4.5";"9";"";""
"World";"WOR";"Club Friendlies 3";"27-06-2026 06:00";"FT";"Sportfreunde Siegen";"6";"0";"Cosmos Koblenz";"2";"0";"1.35";"5.49";"1.10";"1.78";"1";"";"0";"";"";"";"";"";"";"";"";"0.5";"";"2.5";"";"";"";"";"";"";"";"";"";"0";"";"";"";"";"100";"";"";"";"0.5";"";"2";"";"";"";"0.5";"";"0";"";"";"0";"";"";"";"";"";"";"";""
"World";"WOR";"Club Friendlies 3";"27-06-2026 06:00";"FT";"Slovan Liberec";"2";"0";"Ústí nad Labem";"0";"0";"1.41";"5.69";"1.11";"1.64";"1";"2";"33";"40";"1";"44";"95";"84";"";"4";"4";"1.3";"2.8";"2";"2";"54";"74";"84";"36";"3.4";"23.2";"11";"7.2";"1";"1.2";"8";"35";"35";"67";"40";"";"";"0.3";"1.4";"0.7";"0.6";"2.6";"1.5";"1.3";"1.4";"1";"1.4";"";"33";"40";"0.5";"2";"5";"7";"9";"34";"16"
"World";"WOR";"Club Friendlies 3";"27-06-2026 06:00";"FT";"Teplice";"2";"0";"Spartak Trnava";"1";"0";"2.04";"3.10";"1.18";"1.38";"";"2";"";"50";"";"";"";"";"";"";"";"";"1";"";"1.5";"";"";"";"";"";"";"";"";"";"1.5";"";"";"";"";"50";"";"";"";"0.5";"";"0";"";"";"";"1.5";"";"0.5";"";"";"50";"";"";"";"";"";"";""
"World";"WOR";"Club Friendlies 3";"27-06-2026 06:00";"FT";"FC Utrecht";"1";"2";"De Graafschap";"1";"2";"1.48";"4.66";"1.02";"2.09";"";"";"";"";"";"";"";"";"";"";"";"";"";"";"";"";"";"";"";"";"";"";"";"";"";"";"";"";"";"";"";"";"";"";"";"";"";"";"";"";"";"";"";"";"";"";"";"";"";"";"";""
"World";"WOR";"Club Friendlies 3";"27-06-2026 06:00";"FT";"Bayreuth";"5";"0";"Neumarkt Germany";"3";"0";"";"";"";"";"1";"2";"100";"0";"";"100";"68";"75";"";"5";"4";"3";"2";"0.5";"4.5";"75";"75";"75";"25";"3.4";"";"";"";"3";"0";"";"88";"2";"50";"50";"";"";"2.5";"1";"0.5";"4.5";"0.8";"4.2";"0";"0";"0.5";"1";"";"100";"0";"";"";"";"";"9";"";""
"World";"WOR";"Club Friendlies 3";"27-06-2026 06:00";"FT";"Diósgyőr";"1";"0";"Zemplín Michalovce";"1";"0";"2.74";"2.19";"1.12";"1.62";"";"2";"";"27";"";"";"";"";"";"";"";"";"1.8";"";"2.6";"";"";"";"";"";"";"";"";"";"0.8";"";"";"";"";"40";"";"";"";"1.2";"";"1";"";"";"";"1.6";"";"0.6";"";"";"20";"";"";"";"";"";"";""
"World";"WOR";"Club Friendlies 3";"27-06-2026 06:00";"FT";"Vysočina Jihlava";"3";"1";"Příbram";"1";"0";"2.20";"2.60";"1.16";"1.48";"1";"2";"100";"8";"5";"100";"41";"100";"";"3.6";"3";"4";"1.2";"0";"2";"50";"100";"100";"62";"3.4";"";"";"";"3";"0.2";"";"100";"35";"50";"25";"";"";"1";"0.8";"0";"1";"2.2";"1.4";"0";"1";"3";"0.5";"";"100";"0";"";"6.3";"";"5";"9";"";""
"World";"WOR";"Club Friendlies 3";"27-06-2026 06:00";"CANCELLED";"Memmingen";"";"";"Gundelfingen";"";"";"";"";"";"";"1";"";"100";"";"";"";"";"";"";"";"";"4.5";"";"0.5";"";"";"";"";"";"";"";"";"";"3";"";"";"";"";"50";"";"";"";"4.5";"";"0";"";"";"";"0.5";"";"0";"";"";"100";"";"";"";"";"";"";"";""
"World";"WOR";"Club Friendlies 3";"27-06-2026 06:00";"CANCELLED";"Almere City";"";"";"HHC";"";"";"1.24";"8.10";"1.11";"1.65";"";"";"";"";"";"";"";"";"";"";"";"";"";"";"";"";"";"";"";"";"";"";"";"";"";"";"";"";"";"";"";"";"";"";"";"";"";"";"";"";"";"";"";"";"";"";"";"";"";"";"";""
"World";"WOR";"Club Friendlies 3";"27-06-2026 06:00";"TBA";"Gau-Odernheim";"";"";"Mainz 05 II";"";"";"";"";"";"";"";"";"";"";"";"";"";"";"";"";"";"";"";"";"";"";"";"";"";"";"";"";"";"";"";"";"";"";"";"";"";"";"";"";"";"";"";"";"";"";"";"";"";"";"";"";"";"";"";"";"";""
"World";"WOR";"Club Friendlies 3";"27-06-2026 06:15";"FT";"Zlín";"1";"2";"Skalica";"0";"0";"2.00";"3.06";"1.14";"1.50";"1";"";"58";"";"";"";"";"";"";"";"";"1.8";"";"1.5";"";"";"";"";"";"";"";"";"";"1.8";"";"";"";"";"50";"";"";"";"0.2";"";"0.8";"";"";"";"0.8";"";"1.5";"";"";"50";"";"3.8";"";"3";"";"";"";""
"World";"WOR";"Club Friendlies 3";"27-06-2026 06:30";"FT";"Zürich";"3";"2";"FC Schaffhausen";"2";"0";"1.30";"6.91";"";"";"";"2";"";"0";"";"";"";"";"";"";"";"";"3";"";"4.5";"";"";"";"";"";"";"";"";"";"0";"";"";"";"";"50";"";"";"";"0.5";"";"0.5";"";"";"";"4";"";"2.5";"";"";"0";"";"";"";"";"";"";""
"World";"WOR";"Club Friendlies 3";"27-06-2026 07:00";"FT";"FC Dordrecht";"3";"0";"Schalke 04 II";"1";"0";"1.89";"3.14";"1.11";"1.69";"";"";"";"";"";"";"";"";"";"";"";"";"";"";"";"";"";"";"";"";"";"";"";"";"";"";"";"";"";"";"";"";"";"";"";"";"";"";"";"";"";"";"";"";"";"";"";"";"";"";"";""
"World";"WOR";"Club Friendlies 3";"27-06-2026 07:00";"FT";"Esbjerg";"3";"3";"Vejle Boldklub";"0";"1";"2.74";"2.11";"1.12";"1.63";"1";"";"17";"";"";"";"";"";"";"";"";"1.5";"";"2";"";"";"";"";"";"";"";"";"";"0.5";"";"";"";"";"25";"";"";"";"0.8";"";"1";"";"";"";"1";"";"0.8";"";"";"0";"";"";"";"";"";"";"";""
"World";"WOR";"Club Friendlies 3";"27-06-2026 07:00";"FT";"Pogoń Siedlce";"0";"3";"Unia Skierniewice";"0";"0";"";"";"";"";"1";"2";"33";"0";"";"68";"17";"100";"";"4.2";"4";"2";"0.5";"2.3";"3.5";"58";"";"75";"42";"3.4";"";"";"";"1";"0";"";"25";"2";"33";"50";"";"";"";"";"";"";"0.2";"0.4";"";"";"";"";"";"33";"0";"";"";"";"";"9";"";""
"World";"WOR";"Club Friendlies 3";"27-06-2026 08:00";"FT";"Widzew Lodz";"4";"0";"Stal Rzeszów";"1";"0";"1.22";"8.97";"1.10";"1.67";"1";"2";"67";"0";"3";"61";"34";"100";"";"5.2";"4";"1.8";"1";"1.2";"6.5";"100";"100";"75";"38";"3.4";"";"";"";"2";"0";"";"63";"2";"50";"50";"";"";"1";"0.5";"0.8";"3.5";"2.4";"2.9";"0.5";"3";"0.8";"0.5";"";"50";"0";"";"2.5";"";"6.5";"9";"";""
"World";"WOR";"Club Friendlies 3";"27-06-2026 08:00";"FT";"AGF";"1";"1";"Viborg FF";"1";"1";"1.75";"3.59";"1.10";"1.61";"1";"2";"100";"50";"1";"100";"51";"100";"";"3.6";"3";"3.3";"1.5";"1";"1.5";"58";"84";"75";"42";"3.4";"";"";"";"3";"1.5";"";"70";"52";"33";"50";"";"";"1.3";"1";"0";"0.5";"2.2";"1.4";"1";"1";"2";"0.5";"";"100";"50";"";"5.5";"";"2";"9";"";""
"World";"WOR";"Club Friendlies 3";"27-06-2026 08:00";"FT";"SK Rapid";"4";"1";"Floridsdorfer AC";"3";"1";"1.43";"5.31";"";"";"1";"2";"100";"33";"1";"78";"10";"50";"";"2.4";"3";"2.3";"0.3";"0.7";"1.3";"16";"50";"16";"84";"3.4";"";"";"";"3";"1";"";"80";"60";"33";"67";"";"";"0.7";"0";"0";"1";"1.5";"0.8";"0.7";"0.3";"1.7";"0.3";"";"100";"33";"";"6.5";"";"4.5";"9";"";""
"World";"WOR";"Club Friendlies 3";"27-06-2026 08:00";"FT";"Ayr United";"3";"0";"Glenafton Athletic";"0";"0";"";"";"";"";"";"";"";"";"";"";"";"";"";"";"";"";"";"";"";"";"";"";"";"";"";"";"";"";"";"";"";"";"";"";"";"";"";"";"";"";"";"";"";"";"";"";"";"";"";"";"";"";"";"";"";""
"World";"WOR";"Club Friendlies 3";"27-06-2026 08:00";"FT";"FSV Optik Rathenow";"0";"1";"Altglienicke";"0";"0";"";"";"";"";"";"2";"";"44";"";"";"";"";"";"";"";"";"2";"";"2";"";"";"";"";"";"";"";"";"";"1.3";"";"";"";"";"67";"";"";"";"1";"";"1.5";"";"";"";"1.5";"";"2";"";"";"33";"";"";"";"";"";"";""
"World";"WOR";"Club Friendlies 3";"27-06-2026 08:00";"DELAYED";"Hannover 96 II";"0";"0";"Hertha BSC II";"0";"0";"";"";"";"";"1";"";"100";"";"";"";"";"";"";"";"";"6.5";"";"1.5";"";"";"";"";"";"";"";"";"";"3";"";"";"";"";"100";"";"";"";"3";"";"1";"";"";"";"0.5";"";"3.5";"";"";"100";"";"";"";"";"";"";"";""
"World";"WOR";"Club Friendlies 3";"27-06-2026 08:00";"DELAYED";"Bremer SV";"0";"0";"Süderelbe";"0";"0";"1.72";"3.57";"";"";"";"";"";"";"";"";"";"";"";"";"";"";"";"";"";"";"";"";"";"";"";"";"";"";"";"";"";"";"";"";"";"";"";"";"";"";"";"";"";"";"";"";"";"";"";"";"";"";"";"";"";""
"World";"WOR";"Club Friendlies 3";"27-06-2026 09:00";"FT";"Stranraer";"4";"0";"Dundela";"1";"0";"";"";"";"";"";"";"";"";"";"";"";"";"";"";"";"";"";"";"";"";"";"";"";"";"";"";"";"";"";"";"";"";"";"";"";"";"";"";"";"";"";"";"";"";"";"";"";"";"";"";"";"";"";"";"";""
"World";"WOR";"Club Friendlies 3";"27-06-2026 09:00";"FT";"Clachnacuddin";"1";"3";"Inverness CT";"0";"1";"14.73";"1.09";"1.04";"2.27";"";"";"";"";"";"";"";"";"";"";"";"";"";"";"";"";"";"";"";"";"";"";"";"";"";"";"";"";"";"";"";"";"";"";"";"";"";"";"";"";"";"";"";"";"";"";"";"";"";"";"";""
"World";"WOR";"Club Friendlies 3";"27-06-2026 09:00";"FT";"FC København";"5";"3";"Mjällby";"3";"2";"1.96";"3.07";"1.10";"1.60";"";"2";"";"22";"";"";"";"";"";"";"";"";"0.7";"";"1.7";"";"";"";"";"";"";"";"";"";"0.7";"";"";"";"";"67";"";"";"";"0.7";"";"0.3";"";"";"";"1.3";"";"0";"";"";"0";"";"2.7";"";"3";"";"";""
"World";"WOR";"Club Friendlies 3";"27-06-2026 09:00";"FT";"Nordsjælland";"1";"1";"Horsens";"0";"1";"1.51";"4.79";"1.11";"1.63";"1";"2";"44";"50";"1";"34";"100";"84";"";"3.6";"4";"1";"3";"1.7";"1.5";"84";"66";"84";"58";"3.4";"";"";"";"1.3";"1.5";"";"46";"52";"67";"50";"";"";"0.7";"2";"0";"1.5";"1.5";"2.1";"1.7";"0";"0.3";"1";"";"33";"50";"";"";"";"";"9";"";""
"World";"WOR";"Club Friendlies 3";"27-06-2026 09:00";"CANCELLED";"Stuttgart II";"";"";"Augsburg II";"";"";"";"";"";"";"";"";"";"";"";"";"";"";"";"";"";"";"";"";"";"";"";"";"";"";"";"";"";"";"";"";"";"";"";"";"";"";"";"";"";"";"";"";"";"";"";"";"";"";"";"";"";"";"";"";"";""
"World";"WOR";"Club Friendlies 3";"27-06-2026 09:00";"CANCELLED";"Schwaben Augsburg";"";"";"Rain / Lech";"";"";"";"";"";"";"";"";"";"";"";"";"";"";"";"";"";"";"";"";"";"";"";"";"";"";"";"";"";"";"";"";"";"";"";"";"";"";"";"";"";"";"";"";"";"";"";"";"";"";"";"";"";"";"";"";"";""
"World";"WOR";"Club Friendlies 3";"27-06-2026 09:00";"CANCELLED";"Telstar";"";"";"Helmond Sport";"";"";"";"";"";"";"";"";"";"";"";"";"";"";"";"";"";"";"";"";"";"";"";"";"";"";"";"";"";"";"";"";"";"";"";"";"";"";"";"";"";"";"";"";"";"";"";"";"";"";"";"";"";"";"";"";"";""
"World";"WOR";"Club Friendlies 3";"27-06-2026 09:00";"FT";"Zulte-Waregem";"0";"6";"Racing Waregem";"0";"1";"";"";"";"";"";"";"";"";"";"";"";"";"";"";"";"";"";"";"";"";"";"";"";"";"";"";"";"";"";"";"";"";"";"";"";"";"";"";"";"";"";"";"";"";"";"";"";"";"";"";"";"";"";"";"";""
"World";"WOR";"Club Friendlies 3";"27-06-2026 10:00";"FT";"Livingston";"2";"0";"Dundee";"0";"0";"2.45";"2.44";"1.20";"1.36";"";"";"";"";"";"";"";"";"";"";"";"";"";"";"";"";"";"";"";"";"";"";"";"";"";"";"";"";"";"";"";"";"";"";"";"";"";"";"";"";"";"";"";"";"";"";"";"";"";"";"";""
"World";"WOR";"Club Friendlies 3";"27-06-2026 10:00";"FT";"Bielawianka Bielawa";"0";"11";"Śląsk Wrocław";"0";"5";"";"";"";"";"";"";"";"";"";"";"";"";"";"";"";"";"";"";"";"";"";"";"";"";"";"";"";"";"";"";"";"";"";"";"";"";"";"";"";"";"";"";"";"";"";"";"";"";"";"";"";"";"";"";"";""
"World";"WOR";"Club Friendlies 3";"27-06-2026 10:00";"FT";"Airdrieonians";"1";"1";"Elgin City";"1";"1";"1.64";"4.20";"1.16";"1.46";"";"";"";"";"";"";"";"";"";"";"";"";"";"";"";"";"";"";"";"";"";"";"";"";"";"";"";"";"";"";"";"";"";"";"";"";"";"";"";"";"";"";"";"";"";"";"";"";"";"";"";""
"World";"WOR";"Club Friendlies 3";"27-06-2026 10:00";"FT";"ASV Salzburg";"1";"5";"Austria Salzburg";"";"";"";"";"";"";"";"2";"";"22";"";"";"";"";"";"";"";"";"1.7";"";"2.7";"";"";"";"";"";"";"";"";"";"0.7";"";"";"";"";"33";"";"";"";"0.7";"";"1";"";"";"";"1.7";"";"1";"";"";"0";"";"";"";"";"";"";""
"World";"WOR";"Club Friendlies 3";"27-06-2026 10:00";"FT";"Forres Mechanics";"0";"0";"Ross County";"0";"0";"";"";"";"";"";"";"";"";"";"";"";"";"";"";"";"";"";"";"";"";"";"";"";"";"";"";"";"";"";"";"";"";"";"";"";"";"";"";"";"";"";"";"";"";"";"";"";"";"";"";"";"";"";"";"";""
"World";"WOR";"Club Friendlies 3";"27-06-2026 10:00";"FT";"Diksmuide";"1";"5";"KV Kortrijk";"0";"2";"14.85";"1.08";"";"";"";"2";"";"100";"";"";"";"";"";"";"";"";"5";"";"0.5";"";"";"";"";"";"";"";"";"";"3";"";"";"";"";"50";"";"";"";"1.5";"";"0.5";"";"";"";"0";"";"3.5";"";"";"100";"";"8";"";"1.5";"";"";""
"World";"WOR";"Club Friendlies 3";"27-06-2026 10:00";"FT";"Forfar Athletic";"1";"1";"Montrose";"0";"0";"2.44";"2.38";"1.17";"1.43";"";"";"";"";"";"";"";"";"";"";"";"";"";"";"";"";"";"";"";"";"";"";"";"";"";"";"";"";"";"";"";"";"";"";"";"";"";"";"";"";"";"";"";"";"";"";"";"";"";"";"";""
"World";"WOR";"Club Friendlies 3";"27-06-2026 10:00";"FT";"Invergordon";"1";"5";"Ross County";"0";"2";"";"";"";"";"";"";"";"";"";"";"";"";"";"";"";"";"";"";"";"";"";"";"";"";"";"";"";"";"";"";"";"";"";"";"";"";"";"";"";"";"";"";"";"";"";"";"";"";"";"";"";"";"";"";"";""
"World";"WOR";"Club Friendlies 3";"27-06-2026 10:00";"FT";"Arbroath";"2";"4";"St. Mirren";"1";"2";"3.16";"2.07";"1.28";"1.27";"";"";"";"";"";"";"";"";"";"";"";"";"";"";"";"";"";"";"";"";"";"";"";"";"";"";"";"";"";"";"";"";"";"";"";"";"";"";"";"";"";"";"";"";"";"";"";"";"";"";"";""
"World";"WOR";"Club Friendlies 3";"27-06-2026 10:00";"FT";"Cove Rangers";"0";"1";"Aberdeen";"0";"1";"";"";"";"";"";"";"";"";"";"";"";"";"";"";"";"";"";"";"";"";"";"";"";"";"";"";"";"";"";"";"";"";"";"";"";"";"";"";"";"";"";"";"";"";"";"";"";"";"";"";"";"";"";"";"";""
"World";"WOR";"Club Friendlies 3";"27-06-2026 10:00";"CANCELLED";"Mjällby";"";"";"Malmö FF";"";"";"";"";"";"";"1";"";"78";"";"";"";"";"";"";"";"";"3.3";"";"1.7";"";"";"";"";"";"";"";"";"";"2.3";"";"";"";"";"67";"";"";"";"1";"";"0.3";"";"";"";"1.3";"";"2.3";"";"";"67";"";"7";"";"5";"";"";"";""
"World";"WOR";"Club Friendlies 3";"27-06-2026 10:00";"CANCELLED";"Eichstätt";"";"";"1860 München II";"";"";"";"";"";"";"1";"";"100";"";"";"";"";"";"";"";"";"2";"";"0.5";"";"";"";"";"";"";"";"";"";"3";"";"";"";"";"50";"";"";"";"1";"";"0";"";"";"";"2.5";"";"1.5";"";"";"100";"";"";"";"";"";"";"";""
"World";"WOR";"Club Friendlies 3";"27-06-2026 10:00";"FT";"Kristiansund";"0";"3";"Aalesund";"0";"1";"2.41";"2.41";"1.14";"1.53";"1";"2";"48";"58";"5";"37";"51";"78";"";"2.2";"2";"1.1";"1.5";"0.6";"1.2";"46";"86";"27";"80";"3.4";"";"";"";"1.4";"1.8";"";"84";"63";"57";"25";"";"";"1";"0.7";"0.6";"1";"0.6";"1.4";"0";"0.7";"0.1";"1.3";"";"29";"50";"5";"";"6.8";"";"9";"";""
"World";"WOR";"Club Friendlies 3";"27-06-2026 11:00";"FT";"Luzern";"3";"2";"Stade Lausanne-Ouchy";"1";"2";"1.70";"3.80";"1.09";"1.64";"";"";"";"";"";"";"";"";"";"";"";"";"";"";"";"";"";"";"";"";"";"";"";"";"";"";"";"";"";"";"";"";"";"";"";"";"";"";"";"";"";"";"";"";"";"";"";"";"";"";"";""
"World";"WOR";"Club Friendlies 3";"27-06-2026 11:00";"FT";"St. Gallen";"3";"2";"Rheindorf Altach";"2";"1";"1.68";"4.10";"1.17";"1.41";"";"";"";"";"";"";"";"";"";"";"";"";"";"";"";"";"";"";"";"";"";"";"";"";"";"";"";"";"";"";"";"";"";"";"";"";"";"";"";"";"";"";"";"";"";"";"";"";"";"";"";""
"World";"WOR";"Club Friendlies 3";"27-06-2026 11:00";"FT";"IFK Göteborg";"1";"2";"HamKam";"1";"0";"3.03";"1.82";"";"";"1";"2";"67";"33";"2";"85";"34";"84";"";"3";"3";"2.5";"1";"1.5";"1";"66";"84";"42";"75";"3.4";"15.2";"5.8";"7.6";"2";"1";"8";"52";"70";"50";"67";"";"";"1";"0.7";"0";"0.3";"2";"1";"1.5";"0.7";"1.5";"0.3";"";"50";"33";"4.5";"4.7";"2";"4";"9";"34";"16"
"World";"WOR";"Club Friendlies 3";"27-06-2026 11:00";"FT";"Queen of the South";"0";"1";"Connah's Quay";"0";"1";"2.55";"2.34";"1.19";"1.42";"";"";"";"";"";"";"";"";"";"";"";"";"";"";"";"";"";"";"";"";"";"";"";"";"";"";"";"";"";"";"";"";"";"";"";"";"";"";"";"";"";"";"";"";"";"";"";"";"";"";"";""
"World";"WOR";"Club Friendlies 3";"27-06-2026 11:00";"FT";"Clyde";"1";"2";"Dunfermline Athletic";"1";"2";"4.30";"1.65";"1.18";"1.38";"";"";"";"";"";"";"";"";"";"";"";"";"";"";"";"";"";"";"";"";"";"";"";"";"";"";"";"";"";"";"";"";"";"";"";"";"";"";"";"";"";"";"";"";"";"";"";"";"";"";"";""
"World";"WOR";"Club Friendlies 3";"27-06-2026 11:00";"FT";"Lokomotiv Moskva";"0";"0";"Rodina Moskva";"0";"0";"1.67";"4.45";"1.14";"1.48";"1";"2";"100";"24";"1";"92";"34";"86";"";"2.7";"3";"2.7";"1";"0";"1.7";"28";"92";"38";"62";"3.4";"";"";"9.4";"3";"0.7";"9";"100";"46";"33";"43";"";"";"1.7";"0.5";"0";"1";"1.2";"1.5";"0";"1";"1";"0.7";"";"100";"14";"8";"4";"4.5";"2.3";"9";"66";"66"
"World";"WOR";"Club Friendlies 3";"27-06-2026 11:00";"FT";"BFC Dynamo";"0";"3";"Pogoń Szczecin";"0";"1";"";"";"";"";"";"";"";"";"";"";"";"";"";"";"";"";"";"";"";"";"";"";"";"";"";"";"";"";"";"";"";"";"";"";"";"";"";"";"";"";"";"";"";"";"";"";"";"";"";"";"";"";"";"";"";""
"World";"WOR";"Club Friendlies 3";"27-06-2026 11:00";"FT";"East Kilbride";"4";"0";"Kelty Hearts";"3";"0";"1.82";"3.42";"1.12";"1.55";"";"";"";"";"";"";"";"";"";"";"";"";"";"";"";"";"";"";"";"";"";"";"";"";"";"";"";"";"";"";"";"";"";"";"";"";"";"";"";"";"";"";"";"";"";"";"";"";"";"";"";""
"World";"WOR";"Club Friendlies 3";"27-06-2026 11:00";"FT";"Pollok";"0";"0";"Partick Thistle";"0";"0";"";"";"";"";"";"";"";"";"";"";"";"";"";"";"";"";"";"";"";"";"";"";"";"";"";"";"";"";"";"";"";"";"";"";"";"";"";"";"";"";"";"";"";"";"";"";"";"";"";"";"";"";"";"";"";""
"World";"WOR";"Club Friendlies 3";"27-06-2026 11:00";"FT";"Annan Athletic";"0";"0";"Queen's Park";"0";"0";"3.34";"1.88";"";"";"";"";"";"";"";"";"";"";"";"";"";"";"";"";"";"";"";"";"";"";"";"";"";"";"";"";"";"";"";"";"";"";"";"";"";"";"";"";"";"";"";"";"";"";"";"";"";"";"";"";"";""
"World";"WOR";"Club Friendlies 3";"27-06-2026 11:00";"FT";"Gala Fairydean Rovers";"3";"3";"Edinburgh City";"1";"1";"";"";"";"";"";"";"";"";"";"";"";"";"";"";"";"";"";"";"";"";"";"";"";"";"";"";"";"";"";"";"";"";"";"";"";"";"";"";"";"";"";"";"";"";"";"";"";"";"";"";"";"";"";"";"";""
"World";"WOR";"Club Friendlies 3";"27-06-2026 11:00";"DELAYED";"Vroomshoopse Boys";"";"";"FC Twente";"";"";"";"";"";"";"";"";"";"";"";"";"";"";"";"";"";"";"";"";"";"";"";"";"";"";"";"";"";"";"";"";"";"";"";"";"";"";"";"";"";"";"";"";"";"";"";"";"";"";"";"";"";"";"";"";"";""
"World";"WOR";"Club Friendlies 3";"27-06-2026 11:30";"FT";"Bayern München II";"0";"2";"Legia Warszawa";"0";"1";"7.12";"1.31";"1.08";"1.68";"1";"";"44";"";"";"";"";"";"";"";"";"0.7";"";"1.3";"";"";"";"";"";"";"";"";"";"1.3";"";"";"";"";"67";"";"";"";"0.3";"";"0.7";"";"";"";"0.7";"";"0.3";"";"";"33";"";"";"";"";"";"";"";""
"World";"WOR";"Club Friendlies 3";"27-06-2026 11:30";"FT";"Mačva Šabac";"0";"0";"Petrovac";"0";"0";"2.42";"2.78";"1.47";"1.12";"";"";"";"";"";"";"";"";"";"";"";"";"";"";"";"";"";"";"";"";"";"";"";"";"";"";"";"";"";"";"";"";"";"";"";"";"";"";"";"";"";"";"";"";"";"";"";"";"";"";"";""
"World";"WOR";"Club Friendlies 3";"27-06-2026 11:30";"FT";"Kreuzlingen";"0";"4";"Grasshopper";"0";"1";"";"";"";"";"";"";"";"";"";"";"";"";"";"";"";"";"";"";"";"";"";"";"";"";"";"";"";"";"";"";"";"";"";"";"";"";"";"";"";"";"";"";"";"";"";"";"";"";"";"";"";"";"";"";"";""
"World";"WOR";"Club Friendlies 3";"27-06-2026 11:30";"FT";"Thalwil";"4";"6";"Zürich";"2";"2";"15.69";"1.10";"1.06";"2.16";"";"";"";"";"";"";"";"";"";"";"";"";"";"";"";"";"";"";"";"";"";"";"";"";"";"";"";"";"";"";"";"";"";"";"";"";"";"";"";"";"";"";"";"";"";"";"";"";"";"";"";""
"World";"WOR";"Club Friendlies 3";"27-06-2026 12:00";"FT";"Kriens";"1";"2";"Vaduz";"1";"0";"3.72";"1.63";"";"";"";"";"";"";"";"";"";"";"";"";"";"";"";"";"";"";"";"";"";"";"";"";"";"";"";"";"";"";"";"";"";"";"";"";"";"";"";"";"";"";"";"";"";"";"";"";"";"";"";"";"";""
"World";"WOR";"Club Friendlies 3";"27-06-2026 12:00";"FT";"La Sarraz-Eclépens";"0";"3";"Lausanne Sport";"0";"2";"";"";"";"";"";"";"";"";"";"";"";"";"";"";"";"";"";"";"";"";"";"";"";"";"";"";"";"";"";"";"";"";"";"";"";"";"";"";"";"";"";"";"";"";"";"";"";"";"";"";"";"";"";"";"";""
"World";"WOR";"Club Friendlies 3";"27-06-2026 12:00";"FT";"Sion";"7";"0";"Étoile Carouge";"3";"0";"1.43";"5.33";"1.10";"1.63";"";"";"";"";"";"";"";"";"";"";"";"";"";"";"";"";"";"";"";"";"";"";"";"";"";"";"";"";"";"";"";"";"";"";"";"";"";"";"";"";"";"";"";"";"";"";"";"";"";"";"";""
"World";"WOR";"Club Friendlies 3";"27-06-2026 12:00";"CANCELLED";"Dinklage";"";"";"Meppen";"";"";"";"";"";"";"";"";"";"";"";"";"";"";"";"";"";"";"";"";"";"";"";"";"";"";"";"";"";"";"";"";"";"";"";"";"";"";"";"";"";"";"";"";"";"";"";"";"";"";"";"";"";"";"";"";"";""
"World";"WOR";"Club Friendlies 3";"27-06-2026 12:00";"CANCELLED";"Karviná";"";"";"Polonia Bytom";"";"";"";"";"";"";"1";"2";"33";"67";"";"61";"34";"66";"";"3";"3";"1.8";"1";"2.5";"0.7";"66";"54";"66";"62";"3.4";"";"";"";"1";"2";"";"18";"80";"25";"33";"";"";"1";"0";"0.8";"0.7";"1.8";"1.2";"1.8";"0";"0.8";"1";"";"25";"67";"";"";"";"";"9";"";""
"World";"WOR";"Club Friendlies 3";"27-06-2026 12:00";"CANCELLED";"Wolfenbüttel";"";"";"HSC Hannover";"";"";"";"";"";"";"";"";"";"";"";"";"";"";"";"";"";"";"";"";"";"";"";"";"";"";"";"";"";"";"";"";"";"";"";"";"";"";"";"";"";"";"";"";"";"";"";"";"";"";"";"";"";"";"";"";"";""
"World";"WOR";"Club Friendlies 3";"27-06-2026 12:00";"CANCELLED";"CSKA Sofia";"";"";"Qarabağ";"";"";"";"";"";"";"1";"";"33";"";"";"";"";"";"";"";"";"1";"";"1.8";"";"";"";"";"";"";"";"";"";"1";"";"";"";"";"75";"";"";"";"0.2";"";"0.8";"";"";"";"1";"";"0.8";"";"";"25";"";"";"";"";"";"";"";""
"World";"WOR";"Club Friendlies 3";"27-06-2026 12:00";"DELAYED";"AZ";"0";"0";"Jong AZ";"0";"0";"";"";"";"";"";"";"";"";"";"";"";"";"";"";"";"";"";"";"";"";"";"";"";"";"";"";"";"";"";"";"";"";"";"";"";"";"";"";"";"";"";"";"";"";"";"";"";"";"";"";"";"";"";"";"";""
"World";"WOR";"Club Friendlies 3";"27-06-2026 12:30";"FT";"Wolfsberger AC";"2";"0";"Nyíregyháza Spartacus";"1";"0";"1.79";"3.75";"1.19";"1.38";"1";"2";"80";"67";"1";"88";"85";"55";"";"3.2";"4";"2.6";"2.5";"0.8";"0.5";"35";"62";"45";"55";"3.4";"";"";"";"2.4";"2";"";"77";"88";"40";"50";"";"";"2";"1";"0.5";"0";"1.6";"1.5";"0.8";"0.5";"1";"1.5";"";"80";"50";"6";"";"2";"";"9";"";""
"World";"WOR";"Club Friendlies 3";"27-06-2026 12:30";"FT";"Botev Vratsa";"1";"1";"Levski Sofia";"0";"0";"";"";"";"";"1";"";"33";"";"";"";"";"";"";"";"";"1";"";"1";"";"";"";"";"";"";"";"";"";"1";"";"";"";"";"50";"";"";"";"0.5";"";"1";"";"";"";"0";"";"0.5";"";"";"0";"";"";"";"";"";"";"";""
"World";"WOR";"Club Friendlies 3";"27-06-2026 13:00";"DELAYED";"Sporting Hasselt";"";"";"Anderlecht";"";"";"";"";"";"";"";"";"";"";"";"";"";"";"";"";"";"";"";"";"";"";"";"";"";"";"";"";"";"";"";"";"";"";"";"";"";"";"";"";"";"";"";"";"";"";"";"";"";"";"";"";"";"";"";"";"";""
"World";"WOR";"Club Friendlies 3";"27-06-2026 13:00";"FT";"SV Rohrbach";"0";"3";"Gloggnitz";"0";"0";"";"";"";"";"";"";"";"";"";"";"";"";"";"";"";"";"";"";"";"";"";"";"";"";"";"";"";"";"";"";"";"";"";"";"";"";"";"";"";"";"";"";"";"";"";"";"";"";"";"";"";"";"";"";"";""
"World";"WOR";"Club Friendlies 3";"27-06-2026 13:15";"FT";"LNZ Cherkasy";"0";"1";"Hajduk Split";"0";"1";"3.06";"2.10";"1.29";"1.29";"1";"2";"83";"100";"5";"44";"100";"75";"";"2.8";"3";"1.3";"3";"0.8";"0.5";"50";"62";"75";"66";"3.4";"";"";"8.8";"2.5";"3";"9";"77";"88";"50";"50";"";"";"0";"1.5";"0.2";"0.5";"1.4";"1.1";"1.5";"0";"1.5";"1.5";"";"83";"100";"3.5";"7";"3.5";"3.5";"9";"75";"75"
"World";"WOR";"Club Friendlies 3";"27-06-2026 13:30";"FT";"Újpest";"0";"0";"Universitatea Cluj";"0";"0";"2.42";"2.51";"1.24";"1.30";"1";"2";"100";"33";"5";"68";"17";"75";"";"2";"2";"2";"0.5";"1";"0.5";"75";"50";"50";"100";"3.4";"";"";"";"3";"1";"";"70";"88";"100";"50";"";"";"1";"0";"0.5";"0.5";"1";"1";"0.5";"0";"1";"0.5";"";"100";"0";"";"";"";"";"9";"";""
"World";"WOR";"Club Friendlies 3";"27-06-2026 13:30";"FT";"WSPG Wels";"0";"5";"LASK Linz";"0";"2";"";"";"";"";"1";"";"53";"";"";"";"";"";"";"";"";"1.6";"";"1.6";"";"";"";"";"";"";"";"";"";"1.6";"";"";"";"";"40";"";"";"";"0.6";"";"0.6";"";"";"";"1";"";"1";"";"";"40";"";"3.3";"";"4.3";"";"";"";""
"World";"WOR";"Club Friendlies 3";"27-06-2026 15:00";"FT";"Malmundaria";"0";"7";"RFC Liège";"0";"0";"";"";"";"";"";"";"";"";"";"";"";"";"";"";"";"";"";"";"";"";"";"";"";"";"";"";"";"";"";"";"";"";"";"";"";"";"";"";"";"";"";"";"";"";"";"";"";"";"";"";"";"";"";"";"";""
"World";"WOR";"Club Friendlies 3";"27-06-2026 21:00";"FT";"Rotor Volgograd";"1";"0";"Ufa";"0";"0";"";"";"";"";"1";"2";"39";"0";"";"44";"17";"75";"";"2.4";"3";"1.3";"0.5";"1";"2";"42";"70";"50";"84";"3.4";"";"";"";"1.2";"0";"";"70";"35";"50";"50";"";"";"0.4";"0.5";"0.2";"0.5";"1.2";"0.8";"2";"1.5";"0.2";"0";"";"33";"0";"";"";"";"";"9";"";""
"World";"WOR";"Club Friendlies 3";"27-06-2026 21:00";"AWAITING_UPDATES";"Spartak Kostroma";"";"";"Volga Ulyanovsk";"";"";"";"";"";"";"1";"2";"78";"50";"";"58";"41";"88";"";"2.4";"3";"1.7";"1.2";"0.3";"1.5";"42";"88";"38";"88";"3.4";"";"";"";"2.3";"1.5";"";"100";"52";"100";"75";"";"";"0.7";"0.8";"0.3";"0.5";"1.2";"1.1";"0";"1";"1";"0.5";"";"67";"50";"";"1";"";"3";"9";"";""
"World";"WOR";"Club Friendlies 3";"27-06-2026 21:00";"AWAITING_UPDATES";"Aluminij";"";"";"Noah";"";"";"";"";"";"";"";"2";"";"25";"";"";"";"";"";"";"";"";"0.2";"";"1.8";"";"";"";"";"";"";"";"";"";"0.8";"";"";"";"";"75";"";"";"";"0";"";"0.8";"";"";"";"1";"";"0.2";"";"";"25";"";"";"";"";"";"";""
"World";"WOR";"Club Friendlies Women";"27-06-2026 05:00";"AWAITING_UPDATES";"Kleinmünchen / BW Linz W";"";"";"Rapid W";"";"";"";"";"";"";"";"";"";"";"";"";"";"";"";"";"";"";"";"";"";"";"";"";"";"";"";"";"";"";"";"";"";"";"";"";"";"";"";"";"";"";"";"";"";"";"";"";"";"";"";"";"";"";"";"";"";""
"Australia";"AUS";"Tasmania Northern Championship";"27-06-2026 01:30";"FT";"Devonport City II";"4";"1";"Launceston City II";"2";"0";"";"";"";"";"2";"4";"87";"20";"";"100";"20";"80";"";"5.4";"";"6.4";"0.6";"1.4";"2.4";"70";"80";"70";"40";"";"";"";"";"2.6";"0.6";"";"56";"21";"40";"60";"";"";"1.8";"0.2";"1";"1.6";"3.1";"2.3";"0.4";"0.8";"4.6";"0.4";"";"80";"20";"";"";"";"";"";"";""
"Australia";"AUS";"Tasmania Northern Championship";"27-06-2026 01:30";"FT";"Burnie United";"0";"6";"Northern Rangers";"0";"0";"";"";"";"";"6";"1";"50";"83";"";"75";"100";"100";"";"5.9";"";"2.2";"4.2";"3.8";"1.7";"50";"75";"100";"8";"";"";"";"";"1.5";"2.5";"";"2";"46";"75";"67";"";"";"0.8";"1.8";"1";"1";"3.5";"2";"2.8";"1";"1.5";"3.2";"";"50";"83";"";"";"";"";"";"";""
"Australia";"AUS";"Tasmania Northern Championship";"27-06-2026 01:30";"FT";"Somerset";"2";"2";"Ulverstone II";"1";"1";"";"";"";"";"5";"3";"47";"33";"";"75";"68";"90";"";"4.2";"";"2.2";"2";"1.8";"2.5";"65";"65";"78";"22";"";"";"";"";"1.4";"1";"";"42";"18";"80";"75";"";"";"1.2";"0.2";"0.8";"0.8";"2.8";"1.5";"1";"1.8";"1";"1.8";"";"40";"25";"";"";"";"";"";"";""
"Australia";"AUS";"Tasmania Northern Championship";"27-06-2026 06:00";"FT";"Riverside II";"2";"0";"Launceston United II";"2";"0";"";"";"";"";"7";"8";"50";"0";"";"78";"14";"100";"";"5.8";"";"2.3";"0.4";"3.2";"5.6";"62";"100";"100";"0";"";"";"";"";"1.5";"0";"";"2";"2";"50";"60";"";"";"1.7";"0.2";"1.2";"3.6";"2.4";"3.3";"2";"2";"0.7";"0.2";"";"50";"0";"";"";"";"";"";"";""
"Peru";"PER";"Copa de La Liga";"27-06-2026 15:00";"FT";"Comerciantes Unidos";"0";"0";"ADC Juan Pablo II";"0";"0";"1.87";"3.52";"1.20";"1.38";"";"";"";"";"";"";"";"";"";"";"";"";"";"";"";"";"";"";"";"";"";"";"";"";"";"";"";"";"";"";"";"";"";"";"";"";"";"";"";"";"";"";"";"";"";"";"";"";"";"";"";""
"Peru";"PER";"Copa de La Liga";"27-06-2026 17:15";"FT";"Sporting Cristal";"2";"0";"Unión Comercio";"0";"0";"1.34";"6.56";"1.13";"1.60";"";"";"";"";"";"";"";"";"";"";"";"";"";"";"";"";"";"";"";"";"";"";"";"";"";"";"";"";"";"";"";"";"";"";"";"";"";"";"";"";"";"";"";"";"";"";"";"";"";"";"";""
"Peru";"PER";"Copa de La Liga";"27-06-2026 17:15";"FT";"Comerciantes";"0";"0";"Estudiantil CNI";"0";"0";"2.44";"2.73";"";"";"";"";"";"";"";"";"";"";"";"";"";"";"";"";"";"";"";"";"";"";"";"";"";"";"";"";"";"";"";"";"";"";"";"";"";"";"";"";"";"";"";"";"";"";"";"";"";"";"";"";"";""
"Peru";"PER";"Copa de La Liga";"27-06-2026 21:30";"FT";"Sport Boys";"3";"0";"Academia Cantolao";"0";"0";"1.35";"6.00";"";"";"";"";"";"";"";"";"";"";"";"";"";"";"";"";"";"";"";"";"";"";"";"";"";"";"";"";"";"";"";"";"";"";"";"";"";"";"";"";"";"";"";"";"";"";"";"";"";"";"";"";"";""
"South Africa";"RSA";"Super League Women";"27-06-2026 04:00";"FT";"JVW W";"2";"1";"Ezemvelo W";"2";"1";"1.09";"20.72";"";"";"";"";"";"";"";"";"";"";"";"";"";"";"";"";"";"";"";"";"";"";"";"";"";"";"";"";"";"";"";"";"";"";"";"";"";"";"";"";"";"";"";"";"";"";"";"";"";"";"";"";"";""
"South Africa";"RSA";"Super League Women";"27-06-2026 07:00";"FT";"University of Pretoria W";"2";"0";"UWC Ladies";"0";"0";"5.23";"1.57";"";"";"";"";"";"";"";"";"";"";"";"";"";"";"";"";"";"";"";"";"";"";"";"";"";"";"";"";"";"";"";"";"";"";"";"";"";"";"";"";"";"";"";"";"";"";"";"";"";"";"";"";"";""
"South Africa";"RSA";"Super League Women";"27-06-2026 10:00";"FT";"Mamelodi Sundowns W";"5";"0";"Richmond United W";"2";"0";"1.05";"41.00";"";"";"";"";"";"";"";"";"";"";"";"";"";"";"";"";"";"";"";"";"";"";"";"";"";"";"";"";"";"";"";"";"";"";"";"";"";"";"";"";"";"";"";"";"";"";"";"";"";"";"";"";"";""