"Country ";"Short";"League ";"Hour";"Status";"Home Team";"Result Home";"Result Visitor";"Visitor Team";"Result Home HT";"Result Visitor HT";"Casa";"Fora";"Casa";"Fora";"Casa";"Fora";"Global";"Global";"Global";"Global";"Global";"Global";"Global";"Casa";"Fora";"Global";"Global";"Global";"Global";"Global";"Global";"Global";"Casa";"Fora";"Casa";"Fora"
"World";"WOR";"World Cup";"27-06-2026 00:00";"FT";"New Zealand";"1";"5";"Belgium";"0";"1";"";"";"";"";"";"";"";"";"";"";"";"";"";"";"";"";"";"";"";"";"";"";"";"";"";""
"World";"WOR";"World Cup";"27-06-2026 00:00";"FT";"Egypt";"1";"1";"Iran";"1";"1";"";"";"";"";"";"";"";"";"";"";"";"";"";"";"";"";"";"";"";"";"";"";"";"";"";""
"World";"WOR";"World Cup";"27-06-2026 18:00";"FT";"Croatia";"2";"1";"Ghana";"1";"0";"";"";"";"";"";"";"";"";"";"";"";"";"";"";"";"";"";"";"";"";"";"";"";"";"";""
"World";"WOR";"World Cup";"27-06-2026 18:00";"FT";"Panama";"0";"2";"England";"0";"0";"";"";"";"";"";"";"";"";"";"";"";"";"";"";"";"";"";"";"";"";"";"";"";"";"";""
"World";"WOR";"World Cup";"27-06-2026 20:30";"FT";"Colombia";"0";"0";"Portugal";"0";"0";"";"";"";"";"";"";"";"";"";"";"";"";"";"";"";"";"";"";"";"";"";"";"";"";"";""
"World";"WOR";"World Cup";"27-06-2026 20:30";"FT";"Congo DR";"3";"1";"Uzbekistan";"0";"1";"";"";"";"";"";"";"";"";"";"";"";"";"";"";"";"";"";"";"";"";"";"";"";"";"";""
"World";"WOR";"World Cup";"27-06-2026 23:00";"FT";"Algeria";"3";"3";"Austria";"1";"1";"";"";"";"";"";"";"";"";"";"";"";"";"";"";"";"";"";"";"";"";"";"";"";"";"";""
"World";"WOR";"World Cup";"27-06-2026 23:00";"FT";"Jordan";"1";"3";"Argentina";"0";"2";"";"";"";"";"";"";"";"";"";"";"";"";"";"";"";"";"";"";"";"";"";"";"";"";"";""
"Brazil";"BRA";"Serie B";"27-06-2026 11:00";"FT";"Operário PR";"1";"0";"América Mineiro";"0";"0";"1.7";"0.7";"1.3";"0.9";"1.1";"1.9";"72";"50";"43";"50";"78";"2.6";"3";"57";"24";"";"";"";"";"";"";"28.1";"16.4";"13.3";"12.1";"14.3"
"Brazil";"BRA";"Serie B";"27-06-2026 16:00";"FT";"Criciúma";"1";"0";"São Bernardo";"1";"0";"2";"2.7";"1.3";"2.2";"0.7";"0.8";"75";"42";"67";"58";"67";"2.5";"2";"67";"89";"";"";"";"";"";"";"29.2";"17.3";"9.2";"12.8";"19.2"
"Brazil";"BRA";"Paraense A2";"27-06-2026 15:00";"FT_PEN";"Urumajó";"1";"1";"Izabelense";"1";"0";"2.5";"1.8";"1.8";"1.5";"0";"1.2";"62";"62";"38";"38";"";"2.3";"2";"83";"58";"";"";"";"";"";"";"";"";"";"";""
"China";"CHN";"League One";"27-06-2026 04:30";"FT";"Changchun Yatai";"1";"2";"Guangxi Hengchen";"0";"0";"1.8";"0.8";"1.2";"1.2";"1.6";"1.2";"82";"65";"64";"35";"82";"2.6";"2";"60";"28";"";"";"";"";"";"";"22.7";"10.4";"14.5";"13";"7.5"
"China";"CHN";"League One";"27-06-2026 08:00";"FT";"Dalian Kuncheng City";"5";"4";"Shenzhen Juniors FC";"3";"3";"0.8";"2.2";"1";"2.3";"1.2";"1";"82";"62";"56";"38";"72";"2.8";"2";"27";"72";"";"";"";"";"";"";"23";"13.8";"9.7";"10.4";"12.2"
"China";"CHN";"League One";"27-06-2026 08:30";"FT";"Guangzhou E-Power FC";"2";"1";"Shaanxi Union FC";"1";"1";"2.2";"1.3";"2";"1.7";"0.8";"0.7";"67";"50";"33";"50";"83";"2.6";"3";"72";"44";"";"";"";"";"";"";"23.9";"17.7";"9.5";"8.2";"12.5"
"China";"CHN";"League One";"27-06-2026 08:30";"FT";"Shijiazhuang Gongfu";"2";"1";"Nanjing City";"1";"1";"0.7";"1";"0.5";"0.6";"1.3";"0.8";"45";"16";"36";"84";"82";"1.6";"2";"22";"33";"";"";"";"";"";"";"22.8";"11.8";"11.6";"9.5";"12.6"
"China";"CHN";"League One";"27-06-2026 08:30";"FT";"Nantong Zhiyun";"1";"3";"Meizhou Hakka";"0";"1";"3";"1.4";"1.3";"0.6";"0.2";"1.2";"46";"18";"18";"82";"56";"1.6";"2";"100";"47";"";"";"";"";"";"";"23.2";"14.5";"6.6";"11";"14.4"
"China";"CHN";"League One";"27-06-2026 08:30";"FT";"Foshan Nashi FC";"0";"2";"Yanbian Longding";"0";"2";"0.3";"1.7";"0.8";"1.5";"2.3";"1.2";"75";"50";"50";"50";"67";"3";"3";"11";"56";"";"";"";"";"";"";"20.8";"12.5";"6.8";"8.5";"13.7"
"Finland";"FIN";"Ykkönen";"27-06-2026 16:15";"FT";"RoPS";"2";"2";"SalPa";"1";"1";"2";"1";"2.4";"1";"0.8";"2.2";"80";"50";"50";"50";"70";"3.2";"3";"67";"33";"";"";"";"";"";"";"22.3";"16.3";"11.2";"5.7";"11.4"
"Morocco";"MAR";"Botola 2";"27-06-2026 12:00";"FT";"Amal Tiznit";"1";"1";"Mouloudia Oujda";"1";"1";"2";"1";"1.2";"1.3";"0.5";"1.7";"75";"45";"50";"55";"70";"2.4";"3";"67";"33";"";"";"";"";"";"";"19.9";"10";"8.9";"8.5";"12.4"
"Morocco";"MAR";"Botola 2";"27-06-2026 12:00";"FT";"Racing de Casablanca";"0";"2";"Moghreb Tétouan";"0";"1";"0.7";"1.1";"0.6";"0.8";"1.2";"1.1";"55";"35";"20";"65";"55";"1.8";"2";"23";"37";"";"";"";"";"";"";"20.2";"13.3";"8.1";"10";"9"
"Morocco";"MAR";"Botola 2";"27-06-2026 12:00";"FT";"Raja Beni Mellal";"2";"0";"Chabab Mohammédia";"2";"0";"1.9";"0.8";"1.1";"0.4";"0.6";"1";"50";"20";"35";"80";"50";"1.5";"2";"63";"27";"";"";"";"";"";"";"15.5";"9.8";"5";"7.2";"9"
"Morocco";"MAR";"Botola 2";"27-06-2026 12:00";"FT";"Stade Marocain";"0";"1";"Widad Témara";"0";"0";"1.8";"1.6";"1.3";"1.1";"0.8";"0.8";"65";"35";"55";"65";"40";"2";"2";"60";"53";"";"";"";"";"";"";"17.8";"9.8";"9";"9.1";"7.6"
"Morocco";"MAR";"Botola 2";"27-06-2026 12:00";"FT";"Wydad Fès";"3";"0";"JS EL Massira";"1";"0";"1.4";"0.9";"1.1";"0.6";"0.9";"0.8";"45";"25";"40";"75";"70";"1.7";"2";"47";"30";"";"";"";"";"";"";"18.7";"9.6";"10";"8.2";"9.6"
"Morocco";"MAR";"Botola 2";"27-06-2026 12:00";"FT";"Chabab Ben Guerir";"0";"0";"Union Sportive Boujaad";"0";"0";"1.6";"0.8";"1";"0.6";"0.6";"0.8";"40";"25";"20";"75";"50";"1.5";"2";"53";"27";"";"";"";"";"";"";"17.2";"8.9";"9.2";"8.1";"8.1"
"Morocco";"MAR";"Botola 2";"27-06-2026 12:00";"FT";"KAC Kénitra";"1";"2";"JS Soualem";"0";"1";"1.6";"1.6";"1";"1.7";"0.8";"1.7";"70";"60";"65";"40";"55";"2.6";"2";"53";"53";"";"";"";"";"";"";"18.9";"11.4";"7.6";"7.9";"11"
"Morocco";"MAR";"Botola 2";"27-06-2026 12:00";"FT";"USM Oujda";"1";"1";"Chabab Atlas Khénifra";"0";"0";"1.9";"1.3";"1.3";"0.7";"0.8";"0.8";"50";"35";"30";"65";"65";"1.8";"2";"63";"43";"";"";"";"";"";"";"18.3";"10";"6.4";"8.5";"11.8"
"Sweden";"SWE";"Damallsvenskan";"27-06-2026 09:00";"FT";"Malmö FF W";"6";"0";"Kristianstads W";"3";"0";"2.2";"1.2";"2.2";"2";"0.5";"2";"100";"75";"62";"25";"100";"3.4";"3";"75";"42";"";"";"";"";"";"";"20.6";"16.2";"9.2";"6.8";"9"
"Uruguay";"URU";"Segunda Division";"27-06-2026 10:00";"FT";"Atenas";"2";"0";"Tacuarembó";"2";"0";"2";"0.7";"1.8";"1";"1.3";"1.7";"75";"58";"58";"42";"75";"3";"2";"67";"22";"";"";"";"";"";"";"17.2";"9.7";"8.3";"9.2";"7.3"
"Uruguay";"URU";"Segunda Division";"27-06-2026 13:00";"FT";"Uruguay Montevideo";"3";"2";"Fénix";"1";"2";"1.2";"1.5";"1.3";"1.5";"1.3";"1";"92";"33";"83";"67";"83";"2.6";"2";"39";"50";"";"";"";"";"";"";"15.8";"8.2";"6.3";"10.8";"6.3"
"Uruguay";"URU";"Segunda Division";"27-06-2026 16:00";"FT";"Huracán";"1";"2";"Rentistas";"0";"1";"2";"1.5";"1.3";"1";"0.8";"1.2";"83";"33";"75";"67";"58";"2.2";"2";"67";"50";"";"";"";"";"";"";"15.4";"7";"8.2";"8.3";"7.4"
"Uruguay";"URU";"Segunda Division";"27-06-2026 19:00";"FT";"Paysandu FC";"2";"3";"Miramar Misiones";"1";"0";"0.7";"1.2";"0.8";"1.3";"1.3";"1.3";"75";"42";"50";"58";"58";"2.4";"2";"22";"39";"";"";"";"";"";"";"20.4";"12.8";"9.3";"8.6";"10.2"
"Argentina";"ARG";"Torneo Promocional Amateur";"27-06-2026 13:00";"FT";"Uribelarrea";"1";"0";"Everton La Plata";"0";"0";"3";"1.5";"2";"1.5";"0.5";"1.5";"100";"75";"75";"25";"25";"2.8";"2";"100";"50";"";"";"";"";"";"";"";"";"15.5";"";"12.5"
"Argentina";"ARG";"Torneo Promocional Amateur";"27-06-2026 15:00";"FT";"Defensores Glew";"4";"2";"Provincial Lobos";"2";"0";"1.5";"";"2";"";"1.5";"";"";"";"";"";"";"";"";"50";"";"";"";"";"";"";"";"";"";"";"";""
"Argentina";"ARG";"Torneo Promocional Amateur";"27-06-2026 15:00";"FT";"Náutico Hacoaj";"2";"2";"Estrella de Berisso";"1";"1";"";"";"";"";"";"";"";"";"";"";"";"";"";"";"";"";"";"";"";"";"";"";"";"";"";""
"Chile";"CHI";"Chilean Cup";"27-06-2026 18:00";"FT";"Deportes Santa Cruz";"0";"0";"Palestino";"0";"0";"";"";"";"";"";"";"";"";"";"";"";"";"";"";"";"";"";"";"";"";"";"";"";"";"";""
"Chile";"CHI";"Chilean Cup";"27-06-2026 18:00";"FT";"Deportes Limache";"1";"4";"Deportes Iquique";"0";"2";"";"0.5";"";"0";"";"1.5";"";"";"";"";"";"";"";"";"17";"";"";"";"";"";"";"";"";"";"";""
"Chile";"CHI";"Chilean Cup";"27-06-2026 18:00";"FT";"San Marcos";"0";"1";"Coquimbo Unido";"0";"0";"0.5";"";"0.5";"";"1.5";"";"";"";"";"";"";"";"";"17";"";"";"";"";"";"";"";"";"";"";"";""
"Chile";"CHI";"Chilean Cup";"27-06-2026 18:30";"FT";"Audax Italiano";"2";"1";"Magallanes";"2";"0";"";"0";"";"1";"";"4";"";"";"";"";"";"";"";"";"0";"";"";"";"";"";"";"";"";"";"";""
"Chile";"CHI";"Chilean Cup";"27-06-2026 21:00";"FT";"Universidad Católica";"4";"2";"San Luis";"2";"1";"";"0.5";"";"1";"";"1.5";"";"";"";"";"";"";"";"";"17";"";"";"";"";"";"";"";"";"";"";""
"Chile";"CHI";"Segunda División";"27-06-2026 17:00";"FT";"Deportes Rengo";"0";"1";"Colchagua";"0";"0";"1.3";"2";"1.3";"1.2";"1.3";"0.8";"75";"42";"58";"58";"58";"2.4";"2";"44";"67";"";"";"";"";"";"";"20";"10.3";"11";"10.7";"8"
"Chile";"CHI";"Segunda División";"27-06-2026 18:00";"FT";"Concón National";"1";"1";"Colina";"0";"0";"1";"1";"0.8";"0.5";"1";"0.8";"38";"12";"38";"88";"100";"1.5";"2";"33";"33";"";"";"";"";"";"";"15";"5.5";"7.5";"10";"7"
"Cape Verde";"CPV";"Campeonato Nacional";"27-06-2026 13:30";"AWAITING_UPDATES";"Mindelense";"2";"2";"Académica Porto Novo";"";"";"3";"2";"2.3";"1";"0.3";"1";"84";"50";"33";"50";"";"2.4";"";"100";"67";"";"";"";"";"";"";"";"";"";"";""
"Cape Verde";"CPV";"Campeonato Nacional";"27-06-2026 13:30";"AWAITING_UPDATES";"Palmeira";"0";"1";"África Show";"";"";"3";"2.3";"1.7";"2.3";"0.3";"0.7";"84";"50";"50";"50";"";"2.5";"";"100";"78";"";"";"";"";"";"";"";"";"";"";""
"Republic of Ireland";"IRL";"Premier Division";"27-06-2026 15:45";"FT";"Sligo Rovers";"2";"2";"Shelbourne";"1";"0";"1.1";"1.9";"0.9";"1.5";"1.6";"1.1";"75";"50";"55";"50";"75";"2.6";"3";"37";"63";"";"";"";"";"";"";"25.8";"11.2";"12.4";"16";"11.9"
"South Korea";"KOR";"WK-League";"27-06-2026 07:00";"FT";"Changnyeong W";"0";"0";"Gumi Sportstoto W";"0";"0";"0";"1.5";"1";"1";"3.2";"2";"92";"74";"65";"26";"84";"3.6";"3";"0";"50";"";"";"";"";"";"";"19.2";"7.5";"6.5";"14";"10.2"
"South Korea";"KOR";"WK-League";"27-06-2026 07:00";"FT";"Boeun Sangmu W";"1";"1";"Incheon Red Angels W";"0";"0";"0.9";"1.6";"1";"1.6";"1.8";"1";"84";"61";"55";"39";"84";"2.7";"3";"29";"53";"";"";"";"";"";"";"16.5";"6";"9";"13";"5"
"Argentina";"ARG";"Primera C";"27-06-2026 13:00";"FT";"Deportivo Paraguayo";"0";"2";"Centro Español";"0";"1";"0.7";"1.5";"0.4";"1.1";"1.3";"0.6";"54";"20";"34";"80";"34";"1.8";"2";"24";"50";"";"";"";"";"";"";"17.4";"7.3";"9";"9.1";"9.3"
"Argentina";"ARG";"Primera C";"27-06-2026 13:00";"FT";"Sacachispas";"0";"1";"Lugano";"0";"0";"2.2";"1";"1.6";"1.1";"0.8";"1.4";"72";"44";"38";"56";"56";"2.4";"3";"74";"33";"";"";"";"";"";"";"20";"12.1";"7.2";"9.4";"11.2"
"Argentina";"ARG";"Primera C";"27-06-2026 15:00";"FT";"El Porvenir";"0";"0";"Leones de Rosario";"0";"0";"1.2";"1.9";"0.9";"1.1";"0.9";"0.9";"54";"27";"40";"73";"66";"1.9";"2";"42";"62";"";"";"";"";"";"";"16.6";"10.6";"8.3";"7.1";"7"
"Argentina";"ARG";"Primera C";"27-06-2026 15:00";"FT";"Mercedes";"5";"0";"JJ Urquiza";"4";"0";"1.7";"1";"0.7";"0.4";"0.4";"0.7";"44";"0";"24";"100";"26";"1.1";"2";"57";"33";"";"";"";"";"";"";"15.4";"6.6";"6.9";"7.4";"9.9"
"Argentina";"ARG";"Primera C";"27-06-2026 15:00";"FT";"Juventud Unida G.";"3";"0";"Argentino Rosario";"1";"0";"0.6";"0.5";"0.8";"1.2";"1.1";"1.7";"58";"31";"52";"69";"71";"2.3";"2";"21";"17";"";"";"";"";"";"";"14.2";"7.2";"8.5";"5.5";"7.2"
"Argentina";"ARG";"Primera C";"27-06-2026 15:00";"FT";"Central Córdoba";"0";"0";"Deportivo Muñiz";"0";"0";"1.1";"0.9";"0.8";"0.6";"0.9";"0.9";"44";"18";"44";"82";"44";"1.6";"2";"38";"29";"";"";"";"";"";"";"15.6";"9.2";"6.4";"8.6";"7"
"Argentina";"ARG";"Primera C";"27-06-2026 15:00";"FT";"Yupanqui";"1";"2";"Deportivo Español";"1";"0";"1.6";"1";"1.4";"0.9";"0.8";"1";"62";"25";"44";"75";"44";"2";"2";"54";"33";"";"";"";"";"";"";"14.8";"8.1";"5.8";"7.5";"8.1"
"Argentina";"ARG";"Primera B Metropolitana";"27-06-2026 13:00";"FT";"Real Pilar";"0";"0";"San Martín Burzaco";"0";"0";"1.4";"1.8";"1.2";"1.1";"1.2";"0.7";"65";"35";"40";"65";"70";"2.1";"2";"47";"60";"";"";"";"";"";"";"18";"10";"7.3";"10";"8.7"
"Argentina";"ARG";"Primera B Metropolitana";"27-06-2026 13:00";"FT";"Villa Dálmine";"0";"1";"Deportivo Camioneros";"0";"1";"1.7";"1.8";"1";"1.1";"0.6";"0.4";"55";"20";"40";"80";"60";"1.6";"2";"57";"60";"";"";"";"";"";"";"16.7";"8.3";"7.7";"6.5";"10.9"
"Argentina";"ARG";"Primera B Metropolitana";"27-06-2026 15:00";"FT";"Excursionistas";"5";"0";"Deportivo Merlo";"3";"0";"2.1";"1.2";"1.3";"1.1";"0.4";"1.4";"65";"20";"45";"80";"70";"2.1";"2";"70";"40";"";"";"";"";"";"";"15.2";"9.7";"6.8";"5.6";"8.3"
"Argentina";"ARG";"Primera B Metropolitana";"27-06-2026 15:00";"FT";"Talleres Remedios de Escalada";"1";"0";"Defensores Unidos";"1";"0";"1.7";"0.3";"0.8";"0.4";"0.5";"1.4";"45";"15";"20";"85";"55";"1.6";"1";"57";"10";"";"";"";"";"";"";"19.2";"11.2";"7.6";"7.5";"12.1"
"Argentina";"ARG";"Primera B Metropolitana";"27-06-2026 15:00";"FT";"Brown de Adrogué";"2";"0";"Flandria";"0";"0";"0.6";"0.8";"0.8";"0.5";"1.9";"1.2";"60";"40";"40";"60";"50";"2.2";"2";"20";"27";"";"";"";"";"";"";"15.8";"7.5";"7.6";"7.6";"8.9"
"Argentina";"ARG";"Primera B Metropolitana";"27-06-2026 15:30";"FT";"Deportivo Armenio";"2";"1";"Ituzaingó";"0";"1";"1.7";"0.1";"1.4";"0.9";"1.1";"2.4";"90";"65";"60";"35";"80";"2.9";"3";"57";"3";"";"";"";"";"";"";"15.8";"9";"5.9";"6.2";"10.5"
"Argentina";"ARG";"Torneo Federal A";"27-06-2026 11:30";"FT";"FADEP";"0";"0";"Cipolletti";"0";"0";"1.8";"0.7";"2";"0.7";"1.2";"1.5";"75";"50";"50";"50";"58";"2.7";"3";"61";"22";"";"";"";"";"";"";"19.8";"10.2";"7.4";"10.3";"11.8"
"Argentina";"ARG";"Torneo Federal A";"27-06-2026 15:30";"FT";"Argentino Monte Maíz";"0";"0";"Juventud Unida Univ.";"0";"0";"2.3";"1.3";"1.5";"1";"0.2";"0.8";"50";"25";"34";"75";"42";"1.8";"2";"78";"44";"";"";"";"";"";"";"21.3";"14";"7.8";"6.3";"14.5"
"Argentina";"ARG";"Torneo Federal A";"27-06-2026 15:30";"FT";"Deportivo Rincón";"0";"1";"Atenas";"0";"0";"2.2";"1";"1.2";"0.3";"0.5";"1.2";"34";"25";"16";"75";"66";"1.6";"1";"72";"33";"";"";"";"";"";"";"18.2";"10";"7.8";"6.8";"11.8"
"Argentina";"ARG";"Torneo Federal A";"27-06-2026 16:30";"FT";"Sportivo Las Parejas";"1";"1";"Defensores Belgrano VR";"1";"1";"2.1";"0.6";"0.9";"1";"0.3";"1.7";"50";"28";"36";"72";"50";"1.9";"1";"71";"19";"";"";"";"";"";"";"20.5";"9.9";"9.4";"6.4";"15.1"
"Argentina";"ARG";"Reserve League";"27-06-2026 12:00";"FT";"River Plate Res.";"3";"1";"Lanús Res.";"2";"1";"2";"1.9";"1.6";"2.2";"0.9";"1";"72";"44";"56";"56";"72";"2.8";"3";"67";"63";"";"";"";"";"";"";"19.8";"13.4";"9.5";"6.6";"10"
"Argentina";"ARG";"Reserve League";"27-06-2026 15:00";"FT";"Independiente Riva. Res.";"2";"3";"Racing Club Res.";"0";"1";"1.4";"1.6";"1.8";"1.6";"1.3";"1.7";"89";"67";"72";"33";"84";"3.2";"3";"48";"52";"";"";"";"";"";"";"19.4";"10.6";"7.8";"10";"10.3"
"Argentina";"ARG";"Copa Santa Fe";"27-06-2026 15:30";"AWAITING_UPDATES";"Colón San Justo";"";"";"Ciclón Racing";"";"";"";"";"";"";"";"";"";"";"";"";"";"";"";"";"";"";"";"";"";"";"";"";"";"";"";""
"Argentina";"ARG";"Copa Santa Fe";"27-06-2026 16:00";"AWAITING_UPDATES";"Racing de Reconquista";"";"";"Romang FC";"";"";"";"";"";"";"";"";"";"";"";"";"";"";"";"";"";"";"";"";"";"";"";"";"";"";"";""
"Australia";"AUS";"Queensland Premier League 3 Metro";"27-06-2026 04:00";"FT";"AC Carina";"3";"1";"North Lakes United";"3";"1";"2.6";"1.7";"3.6";"2.7";"1.6";"2.3";"100";"100";"93";"0";"83";"5.1";"5";"87";"57";"";"";"";"";"";"";"35.2";"21.8";"16.6";"15.8";"16.2"
"Australia";"AUS";"Queensland Premier League 3 Metro";"27-06-2026 04:00";"FT";"Springfield United";"2";"2";"Newmarket";"2";"0";"1.5";"2.4";"2";"3.5";"1.8";"1.8";"94";"75";"82";"25";"75";"4.5";"5";"50";"79";"";"";"";"";"";"";"24.8";"11.8";"15.7";"9";"13"
"Australia";"AUS";"Queensland Premier League 3 Metro";"27-06-2026 06:15";"FT";"Univ. Queensland";"0";"0";"Moggill";"0";"0";"1.4";"0.8";"3";"1.6";"2.8";"2";"88";"82";"69";"18";"81";"4.7";"5";"46";"25";"";"";"";"";"";"";"25";"15.8";"13.4";"12.8";"8.2"
"Australia";"AUS";"Capital Territory";"27-06-2026 01:30";"FT";"O'Connor Knights";"1";"0";"Canberra Olympic";"0";"0";"1.1";"1.3";"1.1";"2.6";"2.4";"2.6";"87";"87";"66";"13";"60";"4.3";"4";"38";"43";"";"";"";"";"";"";"23.6";"8.5";"16.1";"10.6";"12"
"Australia";"AUS";"Capital Territory";"27-06-2026 02:00";"FT";"Queanbeyan City";"2";"1";"Canberra White Eagles";"1";"0";"2";"0.8";"2.2";"0.8";"1.5";"3.8";"92";"84";"50";"16";"84";"4.1";"4";"67";"25";"";"";"";"";"";"";"20.6";"12.7";"8";"6.3";"14.2"
"Australia";"AUS";"Capital Territory";"27-06-2026 04:45";"FT";"Monaro Panthers";"2";"0";"Cooma Tigers";"1";"0";"3";"1.8";"3.8";"2";"1.5";"1";"90";"80";"80";"20";"80";"4.1";"4";"100";"60";"";"";"";"";"";"";"21.6";"17.2";"10.4";"9.5";"6"
"Australia";"AUS";"New South Wales";"27-06-2026 02:00";"FT";"University of NSW";"1";"3";"Sutherland Sharks";"1";"1";"1.9";"1.7";"1.9";"1.5";"1.1";"1.1";"80";"60";"60";"40";"75";"2.8";"2";"63";"57";"";"";"";"";"";"";"22.2";"12.4";"9.8";"9.7";"12.6"
"Australia";"AUS";"New South Wales";"27-06-2026 02:00";"FT";"Western Sydney W. II";"3";"3";"Manly United";"1";"2";"0.7";"0.7";"1";"0.6";"1.5";"1.8";"75";"45";"40";"55";"65";"2.4";"2";"23";"23";"";"";"";"";"";"";"19.4";"9.3";"8.8";"10.4";"10.2"
"Australia";"AUS";"New South Wales";"27-06-2026 04:00";"FT";"SD Raiders";"3";"1";"St George City FA";"0";"1";"1.2";"0.8";"1.3";"0.5";"1.5";"1.5";"60";"38";"42";"62";"59";"2.4";"2";"40";"25";"";"";"";"";"";"";"21.4";"11.7";"8.8";"11.1";"11.1"
"Australia";"AUS";"New South Wales";"27-06-2026 04:30";"FT";"NWS Spirit";"2";"0";"Wollongong Wolves";"2";"0";"1.5";"1.4";"1.3";"0.7";"1.6";"0.9";"65";"45";"30";"55";"65";"2.2";"3";"50";"47";"";"";"";"";"";"";"18.8";"8.2";"8.7";"8.1";"12.6"
"Australia";"AUS";"New South Wales";"27-06-2026 05:30";"FT";"St. George Saints";"1";"2";"Sydney Olympic";"0";"1";"1";"0.7";"1";"1.1";"1.7";"2.2";"89";"64";"42";"36";"84";"3";"2";"33";"23";"";"";"";"";"";"";"22.2";"11";"7.8";"11.7";"13.8"
"Australia";"AUS";"Npl Western Australia";"27-06-2026 04:00";"FT";"Armadale";"1";"4";"Perth";"0";"2";"1.4";"1.8";"2";"2.1";"2.4";"1.9";"100";"80";"86";"20";"100";"4.2";"4";"48";"58";"";"";"";"";"";"";"20.2";"12.3";"11.9";"7";"9.1"
"Australia";"AUS";"Npl Western Australia";"27-06-2026 04:00";"FT";"Olympic Kingsway";"5";"4";"Balcatta";"3";"2";"1.7";"0.4";"1.7";"1";"1.5";"3.7";"92";"84";"62";"16";"84";"4";"4";"56";"14";"";"";"";"";"";"";"20.4";"10.7";"10.4";"7.8";"11.9"
"Australia";"AUS";"Npl Western Australia";"27-06-2026 04:00";"FT";"Fremantle City";"3";"0";"Western Knights";"0";"0";"1.8";"0.6";"2";"0.9";"1.5";"1.2";"56";"56";"56";"44";"56";"2.8";"4";"58";"21";"";"";"";"";"";"";"19";"10";"10.5";"9.5";"8"
"Australia";"AUS";"Npl Western Australia";"27-06-2026 04:00";"FT";"Perth Glory II";"1";"1";"Stirling Lions";"1";"0";"1";"1.9";"1.3";"2.3";"1.7";"1.3";"76";"76";"62";"24";"69";"3.3";"3";"33";"62";"";"";"";"";"";"";"24.4";"9.3";"12.3";"13.8";"13.4"
"Australia";"AUS";"Npl Western Australia";"27-06-2026 06:00";"FT";"Dianella White Eagles";"2";"1";"Sorrento";"0";"1";"1.3";"2.2";"1.4";"1.3";"1.3";"0.8";"60";"38";"45";"62";"76";"2.4";"3";"43";"72";"";"";"";"";"";"";"19.6";"14";"6.3";"10";"9"
"Australia";"AUS";"Npl Tasmania";"27-06-2026 01:00";"FT";"South Hobart";"6";"1";"Glenorchy Knights";"2";"0";"3";"0.4";"4";"1";"0.8";"1.9";"93";"76";"52";"24";"58";"3.8";"4";"100";"14";"";"";"";"";"";"";"20.6";"14.2";"11.9";"5.2";"9.7"
"Australia";"AUS";"Npl Tasmania";"27-06-2026 01:30";"FT";"Clarence Zebras";"1";"1";"Launceston United";"0";"0";"1.5";"0.2";"1.8";"0.5";"2";"2.2";"100";"54";"50";"46";"66";"3.3";"3";"50";"8";"";"";"";"";"";"";"22.8";"9.6";"11.5";"10.4";"14"
"Australia";"AUS";"Npl Tasmania";"27-06-2026 01:30";"FT";"Riverside Olympic";"6";"0";"Ulverstone";"3";"0";"1.7";"0";"1.8";"0.7";"1.2";"2.8";"92";"67";"34";"33";"66";"3.2";"3";"56";"0";"";"";"";"";"";"";"22.5";"10.7";"6.3";"13.3";"14.7"
"Australia";"AUS";"Npl Queensland";"27-06-2026 01:30";"FT";"Magic United";"3";"5";"Brisbane City";"2";"2";"0.8";"2.2";"1.1";"2.7";"3.4";"1.7";"100";"86";"66";"14";"94";"4.4";"4";"25";"72";"";"";"";"";"";"";"22.3";"8.2";"12.7";"13.4";"10.3"
"Australia";"AUS";"Npl Queensland";"27-06-2026 03:00";"FT";"Peninsula Power";"3";"1";"Brisbane Roar II";"1";"1";"2.4";"0.4";"2.2";"1.4";"1.5";"2.6";"87";"74";"73";"26";"87";"3.9";"3";"79";"14";"";"";"";"";"";"";"22.8";"11.5";"9.7";"11.1";"13.1"
"Australia";"AUS";"Npl Queensland";"27-06-2026 06:00";"FT";"Eastern Suburbs Brisbane";"1";"2";"Olympic FC Brisbane";"1";"2";"1.9";"0.7";"2.3";"2.4";"1.4";"2.9";"93";"86";"93";"14";"93";"4.5";"4";"62";"24";"";"";"";"";"";"";"23.4";"12.4";"10.9";"13.1";"10.3"
"Australia";"AUS";"Npl South Australian";"27-06-2026 02:30";"FT";"Playford City Patriots";"0";"1";"White City Woodville";"0";"1";"2.1";"1.4";"2.9";"1.5";"1.4";"1.2";"82";"68";"62";"32";"68";"3.5";"4";"71";"46";"";"";"";"";"";"";"21.8";"14.5";"9.2";"7.4";"12.5"
"Australia";"AUS";"Npl South Australian";"27-06-2026 02:30";"FT";"Campbelltown City";"0";"0";"West Adelaide";"0";"0";"1.4";"1";"1.7";"1.9";"1.3";"2.3";"100";"78";"78";"22";"93";"3.6";"4";"48";"33";"";"";"";"";"";"";"21";"10";"10.6";"8.7";"12.7"
"Australia";"AUS";"Npl South Australian";"27-06-2026 02:30";"FT";"Para Hills Knights";"0";"9";"NE MetroStars";"0";"4";"0.2";"2.1";"0.8";"2.2";"3.5";"1.5";"88";"75";"62";"25";"94";"4";"3";"8";"71";"";"";"";"";"";"";"22";"7.9";"11.8";"15.9";"8.5"
"Australia";"AUS";"Npl Victoria";"27-06-2026 04:00";"FT";"Dandenong Thunder";"1";"3";"Hume City";"0";"1";"0.8";"2.1";"1.1";"2.4";"1.2";"1.2";"75";"50";"69";"50";"62";"3";"3";"25";"71";"";"";"";"";"";"";"16";"7.1";"9.5";"7.1";"8.2"
"Australia";"AUS";"Npl Victoria";"27-06-2026 05:00";"FT";"Caroline Springs George Cross FC";"0";"2";"Preston Lions";"0";"0";"1.5";"2.1";"1.2";"1.8";"1.5";"0.7";"66";"53";"48";"47";"64";"2.6";"3";"50";"70";"";"";"";"";"";"";"20.6";"8.2";"12.2";"9.8";"11"
"Australia";"AUS";"Northern Nsw";"27-06-2026 01:00";"FT";"Newcastle Olympic";"0";"0";"Cooks Hill United";"0";"0";"0.4";"1.2";"1.6";"1.8";"2.4";"2.1";"94";"73";"60";"27";"94";"4";"4";"14";"42";"";"";"";"";"";"";"25.5";"13.9";"9.4";"16.3";"11.5"
"Australia";"AUS";"Northern Nsw";"27-06-2026 01:00";"FT";"Edgeworth Eagles";"3";"2";"Adamstown Rosebuds";"1";"2";"2.5";"1.3";"1.8";"1.6";"1";"1.6";"84";"69";"69";"31";"84";"3";"4";"83";"43";"";"";"";"";"";"";"20";"11";"10.6";"9.2";"9.3"
"Australia";"AUS";"Northern Nsw";"27-06-2026 01:00";"FT";"Charlestown Azzurri";"1";"3";"Belmont Swansea";"0";"3";"1";"1.7";"1.6";"1.9";"2";"1.6";"93";"86";"86";"14";"86";"3.5";"4";"33";"57";"";"";"";"";"";"";"22.4";"10.4";"11.3";"11.3";"11.7"
"Australia";"AUS";"Northern Nsw";"27-06-2026 03:30";"FT";"Valentine";"1";"1";"Lambton Jaffas";"0";"0";"0.7";"1.7";"0.9";"2.3";"2.9";"1.3";"100";"78";"71";"22";"86";"3.6";"4";"24";"57";"";"";"";"";"";"";"21.6";"6.7";"15.9";"9.6";"11"
"Australia";"AUS";"Victoria NPL Youth League";"27-06-2026 00:00";"FT";"Bentleigh Greens U23";"4";"5";"Altona Magic U23";"0";"3";"2";"1.5";"2";"2";"2.3";"3.4";"100";"89";"72";"11";"94";"4.8";"4";"67";"50";"";"";"";"";"";"";"25";"15.2";"11.1";"8";"15.6"
"Australia";"AUS";"Victoria NPL Youth League";"27-06-2026 01:30";"POSTPONED";"Dandenong Thunder U23";"";"";"Hume City U23";"";"";"1.1";"0.9";"1.8";"1";"3.8";"3";"93";"86";"66";"14";"86";"4.8";"4";"38";"29";"";"";"";"";"";"";"23.4";"8.7";"9.5";"12.6";"16"
"Australia";"AUS";"Victoria NPL Youth League";"27-06-2026 02:00";"FT";"Dandenong City U23";"1";"2";"Avondale U23";"0";"1";"1.1";"2";"1.8";"3";"3.1";"1.4";"89";"83";"71";"17";"100";"4.6";"5";"37";"67";"";"";"";"";"";"";"23.4";"12";"13";"14";"7.7"
"Australia";"AUS";"Victoria NPL Youth League";"27-06-2026 02:45";"FT";"George Cross U23";"3";"0";"Preston Lions U23";"0";"0";"2.2";"1.1";"2.4";"1.3";"1.1";"2.1";"71";"60";"48";"40";"60";"3.4";"4";"75";"37";"";"";"";"";"";"";"20.6";"15.2";"11.2";"5.8";"9"
"Australia";"AUS";"Victoria NPL Youth League";"27-06-2026 23:30";"FT";"South Melbourne U23";"3";"2";"Green Gully U23";"1";"1";"0.9";"1.4";"2";"1.9";"2.4";"1.5";"94";"66";"72";"34";"100";"3.9";"4";"29";"46";"";"";"";"";"";"";"23.8";"11";"8.6";"17.6";"10.6"
"Australia";"AUS";"Brisbane Reserves Premier League";"27-06-2026 02:00";"AWAITING_UPDATES";"Carina U23";"";"";"North Lakes United U23";"";"";"2.6";"1.4";"3.4";"2.3";"0.4";"1.3";"90";"76";"56";"24";"";"3.7";"4";"87";"48";"";"";"";"";"";"";"";"";"";"";""
"Australia";"AUS";"Brisbane Reserves Premier League";"27-06-2026 02:00";"AWAITING_UPDATES";"Springfield United U23";"";"";"Newmarket U23";"";"";"0.6";"1.9";"1.9";"4.4";"3";"2.5";"100";"100";"88";"0";"";"5.9";"5";"21";"62";"";"";"";"";"";"";"";"";"";"";""
"Australia";"AUS";"Brisbane Reserves Premier League";"27-06-2026 04:00";"AWAITING_UPDATES";"Univ. Queensland U23";"";"";"Moggill U23";"";"";"0.9";"1.7";"1.2";"1.4";"1.6";"0.6";"86";"46";"46";"54";"";"2.4";"4";"29";"57";"";"";"";"";"";"";"";"";"";"";""
"Australia";"AUS";"Northern Territory Premier League";"27-06-2026 05:30";"FT";"Palmerston Rovers";"3";"2";"Casuarina";"1";"1";"0.5";"1.4";"1.5";"2.8";"4.3";"2.6";"92";"82";"74";"18";"92";"5.6";"5";"17";"47";"";"";"";"";"";"";"29.6";"12";"12";"21.8";"13.4"
"Australia";"AUS";"Western Australia State League 1";"27-06-2026 04:00";"FT";"Quinns";"3";"1";"Murdoch Uni Melville";"0";"1";"0.2";"1";"1";"1.5";"2.8";"2";"100";"92";"79";"8";"100";"3.6";"4";"8";"33";"";"";"";"";"";"";"";"";"11.8";"";"13"
"Australia";"AUS";"Western Australia State League 1";"27-06-2026 04:00";"FT";"Mandurah City";"3";"1";"Kingsley";"1";"1";"1.7";"1.5";"2.2";"1.5";"1.3";"1.5";"83";"75";"75";"25";"75";"3.2";"4";"56";"50";"";"";"";"";"";"";"31.6";"26.5";"12.3";"13";"11.3"
"Australia";"AUS";"Western Australia State League 1";"27-06-2026 04:00";"FT";"Subiaco";"1";"4";"Joondalup City";"1";"3";"0.5";"2";"2.2";"2.1";"2.7";"1.5";"92";"71";"78";"29";"86";"4.2";"4";"17";"67";"";"";"";"";"";"";"24.3";"11.8";"12.7";"10.5";"13.7"
"Australia";"AUS";"Western Australia State League 1";"27-06-2026 04:00";"FT";"UWA Nedlands";"2";"1";"Cockburn City";"0";"0";"2.7";"1";"2.7";"2.2";"0.7";"2.6";"100";"86";"72";"14";"93";"4.1";"3";"90";"33";"";"";"";"";"";"";"23";"15.4";"9.8";"8.2";"12.8"
"Australia";"AUS";"Western Australia State League 1";"27-06-2026 04:00";"FT";"Floreat Athena";"2";"0";"Inglewood United";"1";"0";"3";"2";"3.2";"0.8";"1.3";"1";"70";"60";"52";"40";"82";"3.2";"3";"100";"67";"";"";"";"";"";"";"21.6";"13";"9.7";"8.2";"12.3"
"Australia";"AUS";"Western Australia State League 1";"27-06-2026 04:00";"FT";"Gwelup Croatia SC";"0";"0";"Curtin University";"0";"0";"1";"1.1";"2.1";"0.9";"2.1";"1";"72";"50";"64";"50";"64";"3.1";"4";"33";"38";"";"";"";"";"";"";"25";"12.4";"8.5";"14.2";"15"
"Australia";"AUS";"South Australia State League 1";"27-06-2026 02:30";"FT";"Salisbury United";"0";"4";"The Cove";"0";"3";"1.2";"0.9";"1.8";"0.9";"2.1";"2.1";"94";"69";"69";"31";"94";"3.4";"4";"42";"29";"";"";"";"";"";"";"19";"8.6";"7.5";"11";"11"
"Australia";"AUS";"South Australia State League 1";"27-06-2026 02:30";"FT";"South Adelaide Panthers";"0";"1";"Fulham United";"0";"1";"1.4";"1.4";"1";"1";"1.7";"1.7";"93";"57";"36";"43";"57";"2.7";"3";"48";"48";"";"";"";"";"";"";"21.8";"8.5";"9.1";"17.2";"8.9"
"Australia";"AUS";"South Australia State League 1";"27-06-2026 02:30";"FT";"Adelaide Raiders";"7";"0";"Adelaide Cobras";"1";"0";"2.1";"1.7";"2.7";"1.6";"1.3";"1.6";"93";"64";"50";"36";"93";"3.6";"3";"71";"57";"";"";"";"";"";"";"21.2";"12";"8.6";"13.7";"8.1"
"Australia";"AUS";"South Australia State League 1";"27-06-2026 02:30";"FT";"Modbury Jets";"4";"1";"Adelaide Olympic";"1";"0";"2";"1.3";"2.4";"1.9";"0.8";"2";"94";"74";"62";"26";"81";"3.5";"3";"67";"43";"";"";"";"";"";"";"24.3";"12.9";"15";"7.8";"13"
"Australia";"AUS";"South Australia State League 1";"27-06-2026 02:30";"FT";"Adelaide Atletico";"4";"0";"Adelaide Blue Eagles";"1";"0";"1.6";"2";"2.2";"1.9";"1.1";"1.4";"88";"75";"68";"25";"82";"3.3";"4";"54";"67";"";"";"";"";"";"";"18.8";"11.6";"7.9";"9.8";"8.3"
"Australia";"AUS";"South Australia Reserves Premier League";"27-06-2026 00:15";"FT";"Playford City Res.";"2";"1";"Beograd Res.";"2";"0";"0.1";"1";"1.1";"2.1";"4.8";"3.3";"94";"94";"80";"6";"92";"5.6";"5";"4";"33";"";"";"";"";"";"";"23.4";"7.2";"10.8";"16.5";"12.2"
"Australia";"AUS";"South Australia Reserves Premier League";"27-06-2026 00:15";"FT";"Campbelltown City Res.";"3";"0";"West Adelaide Res.";"2";"0";"2.3";"1.3";"2.7";"0.6";"1.1";"2.1";"72";"57";"36";"43";"62";"3.3";"4";"76";"43";"";"";"";"";"";"";"19.8";"9.2";"9.4";"6.4";"14.6"
"Australia";"AUS";"South Australia Reserves Premier League";"27-06-2026 00:15";"FT";"Para Hills Knights Res.";"2";"1";"MetroStars Res.";"1";"1";"1.4";"2.5";"1.4";"3.6";"1.4";"0.9";"100";"73";"52";"27";"100";"3.7";"4";"48";"83";"";"";"";"";"";"";"20";"9.5";"15";"9.8";"5.7"
"Australia";"AUS";"South Australia Reserves Premier League";"27-06-2026 03:15";"FT";"Adelaide Comets Res.";"3";"1";"Adelaide City Res.";"0";"1";"0.9";"0.8";"2.6";"1.5";"3.1";"2";"94";"88";"88";"12";"84";"4.6";"5";"29";"25";"";"";"";"";"";"";"22.3";"15.6";"9.8";"9.8";"9.3"
"Australia";"AUS";"South Australia Reserves Premier League";"27-06-2026 06:45";"FT";"West Torrens Res.";"3";"0";"Sturt Lions Res.";"2";"0";"2.1";"1.4";"2.9";"2.3";"2";"1.7";"86";"86";"71";"14";"71";"4.4";"4";"71";"48";"";"";"";"";"";"";"20";"11.8";"9.1";"9";"10"
"Australia";"AUS";"Queensland Premier League";"27-06-2026 03:30";"FT";"St George Willawong";"2";"0";"North Star";"2";"0";"0";"1";"0.2";"1";"2.7";"2.2";"71";"56";"34";"44";"69";"3";"3";"0";"33";"";"";"";"";"";"";"20.2";"12.2";"8.2";"10.3";"9.5"
"Australia";"AUS";"Queensland Premier League";"27-06-2026 04:00";"FT";"Logan Lightning";"1";"3";"Caboolture";"1";"1";"1.2";"2";"1.7";"2";"2";"1.7";"83";"67";"58";"33";"75";"3.7";"4";"39";"67";"";"";"";"";"";"";"20.2";"13.2";"10";"8.2";"9"
"Australia";"AUS";"Queensland Premier League";"27-06-2026 05:00";"FT";"Broadbeach United";"3";"1";"Capalaba";"2";"0";"2.7";"0.6";"2.1";"0.7";"0.6";"2.7";"71";"57";"50";"43";"57";"3";"2";"90";"19";"";"";"";"";"";"";"20.2";"9";"8.3";"5";"18.1"
"Australia";"AUS";"Queensland Premier League";"27-06-2026 05:00";"FT";"SC Wanderers";"0";"0";"Robina City";"0";"0";"1.7";"0.8";"2.6";"1.2";"1";"2";"84";"55";"69";"45";"76";"3.4";"3";"57";"28";"";"";"";"";"";"";"22.4";"15.6";"9.5";"8.4";"11.2"
"Australia";"AUS";"New South Wales NPL Youth League";"27-06-2026 00:00";"FT";"UNSW U20";"3";"1";"Sutherland Sharks U20";"1";"1";"1.2";"1.4";"2.2";"2.2";"2.6";"2.1";"100";"75";"70";"25";"95";"4.6";"4";"40";"47";"";"";"";"";"";"";"23.6";"13.6";"11.1";"11.2";"11.3"
"Australia";"AUS";"New South Wales NPL Youth League";"27-06-2026 03:30";"FT";"St. George Saints U20";"3";"3";"Sydney Olympic U20";"2";"1";"0.4";"0";"1.7";"1";"3.3";"2.9";"95";"95";"85";"5";"95";"4.4";"4";"15";"0";"";"";"";"";"";"";"24.1";"10.3";"7.2";"12";"18.7"
"Australia";"AUS";"New South Wales NPL Youth League";"27-06-2026 04:00";"FT";"WS Wanderers U20";"2";"8";"Manly United U20";"2";"2";"1";"1.2";"1.7";"2.1";"2.1";"1.8";"80";"70";"55";"30";"75";"3.8";"4";"33";"40";"";"";"";"";"";"";"20.4";"8.9";"11.4";"9.9";"10.7"
"Australia";"AUS";"New South Wales NPL Youth League";"27-06-2026 06:00";"FT";"SD Raiders U20";"2";"2";"St. George City U20";"0";"1";"1.8";"1.1";"2";"2.2";"1.8";"2.1";"74";"68";"68";"32";"82";"4.1";"4";"60";"38";"";"";"";"";"";"";"25.7";"15";"12.7";"13.2";"10.5"
"Australia";"AUS";"New South Wales NPL Youth League";"27-06-2026 06:45";"FT";"NWS Spirit U20";"7";"1";"Wollongong Wolves U20";"1";"1";"1.6";"1.4";"1.9";"2";"1.7";"2.1";"80";"80";"80";"20";"80";"3.8";"4";"53";"47";"";"";"";"";"";"";"21";"9.1";"11.2";"9.7";"11.9"
"Australia";"AUS";"South Australia State League 1 Reserves";"27-06-2026 00:15";"FT";"Salisbury Unted Res.";"0";"4";"The Cove Res.";"0";"3";"0.8";"1.4";"1";"1.5";"3.6";"2.2";"94";"82";"50";"18";"94";"4.2";"5";"25";"46";"";"";"";"";"";"";"19.5";"6.8";"11.9";"8.3";"12"
"Australia";"AUS";"South Australia State League 1 Reserves";"27-06-2026 00:15";"FT";"South Adelaide Res.";"4";"1";"Fulham United Res.";"2";"0";"1.4";"1.4";"1.9";"1.7";"1.7";"1.6";"93";"72";"64";"28";"78";"3.4";"4";"48";"48";"";"";"";"";"";"";"24.5";"13.9";"8.4";"16.6";"10.2"
"Australia";"AUS";"South Australia State League 1 Reserves";"27-06-2026 00:15";"FT";"Adelaide Raiders Res.";"1";"0";"Adelaide Cobras Res.";"1";"0";"1";"0.9";"1.3";"1.1";"3";"2.4";"84";"84";"76";"16";"100";"4";"4";"33";"29";"";"";"";"";"";"";"21.7";"12.2";"9.7";"10";"11.5"
"Australia";"AUS";"South Australia State League 1 Reserves";"27-06-2026 00:15";"FT";"Modbury Jets Res.";"1";"6";"Adelaide Olympic Res.";"0";"2";"2.1";"3";"2.6";"4.4";"1.4";"1.6";"94";"94";"80";"6";"86";"5";"4";"71";"100";"";"";"";"";"";"";"26";"13";"19";"10.7";"9.2"
"Australia";"AUS";"Capital Territory NPL Youth League";"27-06-2026 02:30";"FT";"Monaro Panthers U23";"0";"3";"Cooma Tigers U23";"0";"1";"2.2";"2.6";"3.2";"3.4";"1.8";"0.8";"90";"90";"68";"10";"100";"4.6";"4";"75";"87";"";"";"";"";"";"";"28.2";"17.8";"14.2";"8.8";"15.8"
"Australia";"AUS";"Capital Territory NPL Youth League";"27-06-2026 23:30";"FT";"Canberra Croatia U23";"3";"1";"Tuggeranong United U23";"2";"0";"1.8";"1.8";"2";"2";"1.5";"1.8";"88";"88";"75";"12";"100";"3.6";"4";"58";"60";"";"";"";"";"";"";"24.6";"13.3";"11.8";"13.3";"10.8"
"Australia";"AUS";"Capital Territory NPL Youth League";"27-06-2026 23:30";"FT";"Canberra Juventus U23";"1";"0";"Brindabella Blues U23";"0";"0";"1.5";"0.8";"2";"0.8";"2.5";"4.4";"90";"78";"58";"22";"90";"4.8";"4";"50";"27";"";"";"";"";"";"";"26.6";"12.8";"8.2";"14.2";"18"
"Australia";"AUS";"Queensland NPL Youth League";"27-06-2026 03:45";"FT";"Eastern Suburbs U23";"3";"0";"Olympic U23";"3";"0";"2";"1.5";"2.4";"1.7";"1.1";"1.7";"84";"76";"60";"24";"84";"3.4";"4";"67";"50";"";"";"";"";"";"";"23.6";"13.7";"8.5";"8.8";"16.3"
"Australia";"AUS";"Queensland NPL Youth League";"27-06-2026 23:45";"FT";"Rochedale Rovers U23";"1";"3";"Gold Coast Knights U23";"1";"2";"2.7";"2";"3.6";"2.6";"0.9";"1.8";"87";"73";"52";"27";"69";"4.4";"4";"90";"67";"";"";"";"";"";"";"23.8";"17";"12.1";"6.2";"12.3"
"Australia";"AUS";"Queensland NPL Youth League";"27-06-2026 23:45";"FT";"Gold Coast United U23";"2";"1";"Moreton City U23";"1";"1";"2";"1.8";"3";"3.2";"1.4";"1.8";"100";"90";"82";"10";"100";"4.7";"4";"67";"61";"";"";"";"";"";"";"22";"8.5";"15.7";"12";"7.8"
"Australia";"AUS";"NSW League One Youth";"27-06-2026 04:00";"FT";"Mt Druitt Town U20";"1";"3";"Bankstown City U20";"1";"2";"0.8";"1";"1.8";"1.8";"2.9";"2.8";"100";"84";"79";"16";"93";"4.6";"4";"27";"33";"";"";"";"";"";"";"20.9";"13.4";"8.9";"9.4";"10.1"
"Australia";"AUS";"NSW League One Youth";"27-06-2026 05:30";"FT";"Northern Tigers U20";"0";"1";"Dulwich Hill U20";"0";"1";"1.9";"2";"2.4";"1.6";"1.1";"1.6";"84";"74";"58";"26";"74";"3.3";"4";"63";"67";"";"";"";"";"";"";"18.9";"15.9";"7.7";"8.3";"6"
"Australia";"AUS";"NSW League One Youth";"27-06-2026 05:30";"FT";"Macarthur Rams U20";"1";"2";"Hakoah Sydney U20";"1";"1";"1.2";"2.4";"2.1";"2";"1.7";"0.6";"78";"63";"36";"37";"94";"3.2";"4";"40";"81";"";"";"";"";"";"";"28.4";"16";"13.5";"15.5";"11.8"
"Australia";"AUS";"NSW League One Youth";"27-06-2026 06:00";"FT";"Bankstown Berries U20";"0";"1";"CC Mariners U20";"";"";"0.9";"1.9";"1.9";"2.3";"3.1";"1";"79";"72";"50";"28";"75";"4.2";"4";"29";"63";"";"";"";"";"";"";"23";"9.8";"12.7";"13.8";"9.7"
"Australia";"AUS";"NSW League One Youth";"27-06-2026 06:00";"FT";"Hurstville U20";"1";"3";"Hills United U20";"0";"3";"1.3";"1.7";"1.7";"2.6";"2.6";"2";"95";"75";"65";"25";"94";"4.4";"4";"43";"57";"";"";"";"";"";"";"24.8";"11.6";"14.8";"13.1";"10.2"
"Australia";"AUS";"NSW League One Youth";"27-06-2026 06:00";"AWAITING_UPDATES";"Inter Lions U20";"";"";"Newcastle Jets U20";"";"";"0.4";"1.8";"0.7";"2.1";"2.3";"3";"78";"72";"50";"28";"68";"4";"4";"15";"59";"";"";"";"";"";"";"";"6.7";"";"19.2";""
"Australia";"AUS";"Northern NSW Reserve League";"27-06-2026 01:30";"FT";"Valentine Res.";"4";"3";"Lambton Jaffas Res.";"2";"0";"2";"1.6";"1.7";"1.6";"1.1";"1.7";"78";"57";"71";"43";"78";"3.1";"4";"67";"52";"";"";"";"";"";"";"26.4";"15.4";"12";"8.6";"16.8"
"Australia";"AUS";"Northern NSW State League 1 Reserves";"27-06-2026 03:00";"POSTPONED";"South Cardiff Res.";"";"";"New Lambton Res.";"";"";"0.5";"2.5";"2";"2.5";"2.7";"1";"83";"75";"67";"25";"";"4.1";"";"17";"83";"";"";"";"";"";"";"";"";"";"";""
"Australia";"AUS";"New South Wales NPL 2";"27-06-2026 03:30";"FT";"Northern Tigers";"3";"1";"Dulwich Hill";"2";"0";"2.3";"1.1";"1.5";"1";"0.6";"1.4";"69";"37";"42";"63";"58";"2.2";"3";"77";"37";"";"";"";"";"";"";"19.2";"10.9";"10.4";"8.4";"8.8"
"Australia";"AUS";"New South Wales NPL 2";"27-06-2026 03:30";"FT";"Macarthur Rams";"1";"1";"Hakoah Sydney City";"1";"1";"1.5";"1.1";"1.6";"1.8";"1.4";"1.9";"90";"53";"70";"47";"74";"3.4";"4";"50";"37";"";"";"";"";"";"";"23.9";"13.5";"13.7";"10";"10.6"
"Australia";"AUS";"New South Wales NPL 2";"27-06-2026 04:00";"FT";"Inter Lions";"2";"1";"Newcastle Jets II";"1";"0";"1.3";"1.4";"1.2";"1.8";"2";"1.6";"78";"56";"67";"44";"50";"3.2";"4";"44";"48";"";"";"";"";"";"";"24.2";"9.6";"12";"9.6";"17.2"
"Australia";"AUS";"New South Wales NPL 2";"27-06-2026 04:00";"FT";"Hurstville";"2";"1";"Hills United";"0";"1";"1.5";"1.9";"1.5";"2.3";"1.4";"1.7";"90";"60";"70";"40";"80";"3.4";"4";"50";"63";"";"";"";"";"";"";"23";"10.3";"13.2";"9.1";"13.3"
"Australia";"AUS";"New South Wales NPL 2";"27-06-2026 04:00";"FT";"Bankstown Berries";"6";"0";"Central Coast II";"2";"0";"1.4";"1.4";"2.1";"1.8";"2.3";"1.4";"84";"80";"80";"20";"69";"3.8";"4";"48";"47";"";"";"";"";"";"";"21.4";"11.3";"9";"10.3";"12.2"
"Australia";"AUS";"New South Wales NPL 2";"27-06-2026 06:00";"FT";"Mt Druitt Town";"2";"3";"Bankstown City Lions";"0";"2";"0.8";"1.8";"0.8";"1.7";"1.6";"1.4";"64";"54";"54";"46";"68";"2.8";"3";"27";"59";"";"";"";"";"";"";"22";"9.8";"9.4";"15.2";"9.7"
"Australia";"AUS";"Western Australia State League 1 Reserves";"27-06-2026 02:00";"FT";"Quinns Res.";"7";"2";"MUM Res.";"1";"1";"1.6";"1.5";"3.4";"1.8";"1.2";"1.8";"74";"74";"45";"26";"74";"4.2";"4";"53";"50";"";"";"";"";"";"";"";"";"18.7";"";"9.3"
"Australia";"AUS";"Western Australia State League 1 Reserves";"27-06-2026 02:00";"FT";"Mandurah City Res.";"2";"0";"Kingsley Westside Res.";"0";"0";"2";"2";"3.5";"1.8";"1.8";"1.2";"100";"75";"58";"25";"92";"4.2";"4";"67";"67";"";"";"";"";"";"";"";"";"11.4";"";"14.8"
"Australia";"AUS";"Western Australia State League 1 Reserves";"27-06-2026 02:00";"FT";"Subiaco Res.";"1";"2";"Joondalup City Res.";"1";"1";"0.7";"1.9";"1";"2";"2.7";"1.6";"79";"71";"56";"29";"79";"3.6";"3";"22";"62";"";"";"";"";"";"";"27.1";"9.2";"12.2";"16.8";"16"
"Australia";"AUS";"Western Australia State League 1 Reserves";"27-06-2026 02:00";"FT";"UWA Nedlands Res.";"0";"2";"Cockburn City Res.";"0";"0";"1.9";"1.8";"1.9";"1.6";"1.3";"1.2";"83";"66";"66";"34";"83";"3";"4";"62";"60";"";"";"";"";"";"";"25.4";"14.6";"13";"9.6";"13.5"
"Australia";"AUS";"Western Australia State League 1 Reserves";"27-06-2026 02:00";"FT";"Floreat Athena Res.";"1";"1";"Inglewood United Res.";"1";"0";"1.5";"0";"2.5";"0.4";"1.7";"3";"100";"74";"45";"26";"90";"3.8";"4";"50";"0";"";"";"";"";"";"";"26";"10";"11";"14.5";"16.5"
"Australia";"AUS";"Western Australia State League 1 Reserves";"27-06-2026 02:00";"FT";"Gwelup Croatia Res.";"6";"3";"Curtin University Res.";"4";"1";"1.1";"1.3";"2";"2";"2.1";"3";"86";"78";"64";"22";"86";"4.6";"4";"38";"43";"";"";"";"";"";"";"24.8";"12.3";"12";"15.3";"9.8"
"Australia";"AUS";"Northern NSW State League 1";"27-06-2026 01:00";"FT";"Toronto Awaba";"0";"2";"Cessnock City";"0";"1";"1.5";"0.6";"1.5";"1";"1.8";"1.6";"72";"72";"35";"28";"79";"3";"4";"50";"20";"";"";"";"";"";"";"";"";"";"";""
"Australia";"AUS";"Northern NSW State League 1";"27-06-2026 05:00";"POSTPONED";"South Cardiff";"";"";"New Lambton";"";"";"0.8";"2.4";"0.8";"3.6";"2.4";"1.4";"80";"70";"40";"30";"60";"4.1";"3";"27";"80";"";"";"";"";"";"";"";"";"";"";""
"Australia";"AUS";"New South Wales NPL 3";"27-06-2026 04:00";"FT";"Stanmore Hawks";"1";"2";"Hawkesbury City";"1";"0";"1.4";"1.3";"1.4";"1.1";"1.5";"2.1";"71";"55";"45";"45";"78";"3";"4";"46";"43";"";"";"";"";"";"";"23.6";"9";"9.7";"14.5";"14"
"Australia";"AUS";"New South Wales NPL 3";"27-06-2026 04:00";"FT";"Sydney University";"2";"0";"Fraser Park";"0";"0";"1.4";"0.9";"1.4";"0.7";"1.2";"1.2";"79";"46";"50";"54";"62";"2.2";"3";"46";"30";"";"";"";"";"";"";"20.5";"11.7";"9.3";"9";"11.1"
"Australia";"AUS";"New South Wales NPL 3";"27-06-2026 04:00";"FT";"Central Coast United";"4";"1";"Gladesville Ryde Magic";"2";"0";"0.9";"1.3";"0.9";"1.9";"1.8";"2.8";"90";"64";"69";"36";"80";"3.7";"4";"30";"44";"";"";"";"";"";"";"25";"10.8";"11.4";"10";"17.8"
"Australia";"AUS";"New South Wales NPL 3";"27-06-2026 04:00";"FT";"Parramatta";"3";"1";"Nepean";"1";"1";"1.7";"1.6";"2.4";"1.7";"1";"2.2";"90";"80";"60";"20";"85";"3.6";"3";"57";"53";"";"";"";"";"";"";"25.2";"16.2";"9.1";"8.5";"16.6"
"Australia";"AUS";"New South Wales NPL 3";"27-06-2026 06:00";"FT";"Camden Tigers";"1";"1";"South Coast Flame";"0";"0";"0.6";"1.1";"1.6";"1.3";"2.6";"1.9";"84";"66";"72";"34";"84";"3.6";"4";"19";"37";"";"";"";"";"";"";"29.6";"15.3";"14.8";"15";"14.2"
"Australia";"AUS";"New South Wales NPL 3";"27-06-2026 06:00";"FT";"Dunbar Rovers";"1";"1";"Mounties Wanderers";"0";"0";"1.7";"2.1";"1.7";"2.8";"1.3";"1.1";"84";"61";"59";"39";"79";"3.4";"3";"57";"71";"";"";"";"";"";"";"25";"12.7";"14.3";"11.3";"11.7"
"Australia";"AUS";"New South Wales NPL 3 Youth";"27-06-2026 02:00";"AWAITING_UPDATES";"Parramatta U20";"";"";"Nepean U20";"";"";"1.9";"0.7";"1.6";"0.6";"1";"2.4";"85";"65";"50";"35";"";"2.8";"";"63";"23";"";"";"";"";"";"";"";"";"";"";""
"Australia";"AUS";"New South Wales NPL 3 Youth";"27-06-2026 02:00";"AWAITING_UPDATES";"Sydney University U20";"";"";"Fraser Park U20";"";"";"1.5";"0.9";"2.1";"1.2";"1.9";"1.6";"84";"79";"62";"21";"";"3.4";"";"50";"30";"";"";"";"";"";"";"";"";"";"";""
"Australia";"AUS";"New South Wales NPL 3 Youth";"27-06-2026 04:00";"AWAITING_UPDATES";"Camden Tigers U20";"";"";"South Coast Flame U20";"";"";"1.6";"2.2";"2.2";"2.7";"2.1";"1.3";"94";"89";"78";"11";"";"4.2";"";"52";"74";"";"";"";"";"";"";"";"";"";"";""
"Australia";"AUS";"New South Wales NPL 3 Youth";"27-06-2026 04:00";"AWAITING_UPDATES";"Dunbar Rovers U20";"";"";"Mounties Wanderers U20";"";"";"2.3";"2.1";"2.8";"2.8";"1.3";"1.8";"94";"89";"72";"11";"";"4.3";"";"77";"71";"";"";"";"";"";"";"";"";"";"";""
"Australia";"AUS";"New South Wales NPL 3 Youth";"27-06-2026 06:00";"AWAITING_UPDATES";"Inner West Hawks U20";"";"";"Hawkesbury City U20";"";"";"1.8";"1.2";"2.4";"1.5";"0.5";"1.8";"88";"65";"42";"35";"";"3.1";"";"58";"40";"";"";"";"";"";"";"";"";"";"";""
"Australia";"AUS";"New South Wales NPL 3 Youth";"27-06-2026 06:00";"AWAITING_UPDATES";"Central Coast Utd U20";"";"";"Gladesville Ryde U20";"";"";"1.4";"1.4";"1.4";"1.7";"1.9";"1.2";"79";"68";"46";"32";"";"3.1";"";"47";"48";"";"";"";"";"";"";"";"";"";"";""
"Australia";"AUS";"Queensland PL Youth";"27-06-2026 01:30";"FT";"St George Willawong U23";"2";"1";"North Star U23";"1";"0";"0.2";"1.6";"0.7";"2";"2.8";"2.1";"92";"69";"62";"31";"78";"3.8";"4";"6";"52";"";"";"";"";"";"";"22.4";"6";"14";"17";"7.7"
"Australia";"AUS";"Queensland PL Youth";"27-06-2026 01:45";"FT";"Logan Lightning U23";"1";"0";"Caboolture U23";"0";"0";"2.3";"0.7";"3.3";"1.3";"1.3";"2.2";"83";"75";"67";"25";"84";"4.1";"4";"78";"22";"";"";"";"";"";"";"25.2";"15.3";"14.5";"9";"11.8"
"Australia";"AUS";"Queensland PL Youth";"27-06-2026 02:45";"FT";"Broadbeach United U23";"2";"0";"Capalaba U23";"1";"0";"0.4";"1";"1.1";"1.5";"2.6";"2.5";"100";"86";"46";"14";"92";"3.8";"4";"14";"33";"";"";"";"";"";"";"20.3";"7.8";"10.7";"4.8";"17.3"
"Australia";"AUS";"Queensland PL Youth";"27-06-2026 02:45";"TBA";"SC Wanderers U23";"";"";"Robina City U23";"";"";"1.6";"2.4";"1.6";"3.4";"1";"2.2";"80";"80";"70";"20";"90";"4.1";"4";"53";"80";"";"";"";"";"";"";"26.4";"18";"15.3";"11.7";"7.7"
"Australia";"AUS";"Tasmania Southern Championship";"27-06-2026 01:30";"FT";"Hobart City Beachside";"2";"2";"New Town Eagles";"0";"1";"2";"2.3";"2.8";"4";"1.2";"1";"100";"84";"82";"16";"72";"4.5";"5";"67";"78";"";"";"";"";"";"";"19";"13.5";"10";"9.5";"5"
"Australia";"AUS";"Tasmania Southern Championship";"27-06-2026 03:45";"FT";"Clarence Zebras II";"2";"2";"Hobart United";"1";"1";"1.2";"0.8";"1.8";"2";"2.2";"6";"100";"90";"52";"10";"90";"6";"6";"40";"25";"";"";"";"";"";"";"19.5";"7.2";"8.7";"11.8";"11.3"
"Australia";"AUS";"TAS NPL Youth";"27-06-2026 23:15";"AWAITING_UPDATES";"Kingborough Lions U21";"";"";"Devonport Strikers U21";"";"";"2.7";"2";"4.5";"2.3";"1.2";"1.3";"83";"83";"50";"17";"";"4.7";"5";"89";"67";"";"";"";"";"";"";"";"";"";"";""
"Australia";"AUS";"TAS NPL Youth";"27-06-2026 23:15";"AWAITING_UPDATES";"Launceston City U21";"";"";"South East United U21";"";"";"2.7";"1";"2.8";"1.2";"1";"2.5";"83";"75";"58";"25";"";"3.8";"5";"89";"33";"";"";"";"";"";"";"";"";"";"";""
"Bhutan";"BHU";"Bhutan Premier League";"27-06-2026 07:00";"FT";"Ugyen Academy";"1";"7";"Thimphu City";"1";"4";"0";"2.3";"2";"2";"3.5";"0";"84";"84";"50";"16";"84";"3.8";"2";"0";"78";"";"";"";"";"";"";"";"";"16.3";"";"11"
"Belarus";"BLR";"Vysshaya Liga";"27-06-2026 08:30";"FT";"Torpedo BelAZ";"3";"0";"BATE";"1";"0";"1.3";"0.7";"1.3";"0.3";"1";"0.7";"45";"14";"38";"86";"46";"1.6";"2";"43";"22";"";"";"";"";"";"";"12.7";"8.4";"5";"7";"5"
"Belarus";"BLR";"Vysshaya Liga";"27-06-2026 10:30";"FT";"ML Vitebsk";"2";"1";"Naftan";"1";"1";"1.2";"0";"1.4";"1";"0.8";"3.4";"80";"60";"70";"40";"80";"3.3";"2";"40";"0";"";"";"";"";"";"";"14.9";"9.4";"6.4";"4.6";"9.4"
"Belarus";"BLR";"Vysshaya Liga";"27-06-2026 12:30";"FT";"Dinamo Brest";"0";"0";"Minsk";"0";"0";"1.2";"0.8";"1.6";"0.8";"1.4";"2";"100";"78";"45";"22";"90";"2.9";"3";"40";"25";"";"";"";"";"";"";"12.6";"8.8";"4.8";"5.6";"6"
"Belarus";"BLR";"Vysshaya Liga";"27-06-2026 14:30";"FT";"Dinamo Minsk";"1";"1";"Vitebsk";"1";"1";"2";"0.8";"2";"0.7";"1.2";"1.5";"92";"46";"65";"54";"82";"2.7";"3";"67";"28";"";"";"";"";"";"";"15.4";"9.5";"7";"6.5";"7.7"
"Belarus";"BLR";"Pershaya Liga";"27-06-2026 08:00";"FT";"Volna";"2";"1";"Bumprom";"0";"0";"1.6";"2.5";"1.4";"2.2";"1.3";"1";"86";"41";"60";"59";"60";"3";"3";"52";"83";"";"";"";"";"";"";"13";"6.2";"7.5";"4.2";"8.2"
"Belarus";"BLR";"Pershaya Liga";"27-06-2026 09:00";"FT";"Smorgon";"2";"0";"Shakhtyor Soligorsk";"0";"0";"0.7";"1.3";"1";"2.3";"2.2";"2";"75";"66";"50";"34";"67";"3.8";"3";"22";"44";"";"";"";"";"";"";"15.9";"10.2";"7.2";"6.7";"7.8"
"Belarus";"BLR";"Pershaya Liga";"27-06-2026 10:00";"FT";"Slonim";"2";"1";"Slutsk";"1";"1";"2.3";"2.4";"2.3";"2.6";"0.7";"1.4";"90";"74";"74";"26";"64";"3.5";"4";"78";"80";"";"";"";"";"";"";"12";"8";"4";"7.5";"4.5"
"Belarus";"BLR";"Pershaya Liga";"27-06-2026 11:00";"FT";"Gomel II";"5";"2";"Osipovichy";"3";"0";"0.7";"0";"1.2";"1";"1.7";"2.8";"84";"65";"65";"35";"56";"3.3";"3";"22";"0";"";"";"";"";"";"";"15.4";"7.5";"7.2";"7.2";"9"
"Belarus";"BLR";"Pershaya Liga";"27-06-2026 12:00";"FT";"Molodechno-DYuSSh 4";"0";"2";"Lida";"0";"1";"1.4";"1.4";"1.2";"2";"1.2";"2.2";"80";"70";"70";"30";"80";"3.3";"4";"47";"47";"";"";"";"";"";"";"17";"8.3";"7.5";"9.7";"8.5"
"Belarus";"BLR";"Pershaya Liga";"27-06-2026 13:30";"FT";"Uni Minsk";"1";"3";"Niva";"0";"3";"1";"1.5";"0.5";"1.5";"1";"1.5";"58";"34";"46";"66";"58";"2.2";"3";"33";"50";"";"";"";"";"";"";"15";"7";"8.6";"6.8";"7.6"
"Brazil";"BRA";"Serie C";"27-06-2026 11:00";"FT";"Inter de Limeira";"2";"2";"Maringá";"0";"0";"1";"1.4";"1";"2";"1.2";"1.8";"90";"70";"90";"30";"80";"3";"2";"33";"47";"";"";"";"";"";"";"25";"17.2";"13.6";"8.4";"10.8"
"Brazil";"BRA";"Serie C";"27-06-2026 16:00";"FT";"Floresta";"2";"1";"Barra FC";"1";"0";"1.3";"1";"1.2";"1";"1.2";"0.8";"64";"35";"54";"65";"62";"2";"2";"44";"33";"";"";"";"";"";"";"23";"11.7";"7.6";"12.5";"14.2"
"Brazil";"BRA";"Serie C";"27-06-2026 17:00";"FT";"Paysandu";"1";"3";"Santa Cruz";"0";"2";"1.8";"1.3";"1.8";"0.8";"1.3";"0.8";"75";"42";"75";"58";"58";"2.4";"3";"61";"44";"";"";"";"";"";"";"24.4";"19";"7.3";"8.8";"13.7"
"Brazil";"BRA";"Serie C";"27-06-2026 19:00";"FT";"Itabaiana";"1";"0";"Ferroviária";"0";"0";"0.4";"1.2";"0.8";"1";"1.8";"1";"60";"50";"60";"50";"60";"2.3";"2";"13";"40";"";"";"";"";"";"";"21.8";"13.6";"9.4";"8.8";"11.8"
"Brazil";"BRA";"Serie D";"27-06-2026 14:30";"FT_PEN";"Blumenau";"1";"1";"São Luiz";"0";"1";"1.4";"1.4";"0.8";"0.4";"0.8";"0.6";"20";"10";"10";"90";"40";"1.3";"2";"47";"47";"";"";"";"";"";"";"21";"9";"9.2";"10.4";"13.4"
"Brazil";"BRA";"Serie D";"27-06-2026 15:00";"FT";"Betim";"2";"0";"Vitória ES";"0";"0";"2";"1.6";"1.2";"1";"0.6";"0.6";"60";"30";"20";"70";"40";"1.7";"2";"67";"53";"";"";"";"";"";"";"22.4";"11";"8.7";"12";"13"
"Brazil";"BRA";"Serie D";"27-06-2026 15:00";"FT_PEN";"Santa Catarina";"1";"1";"EC São José";"0";"0";"3";"1";"1.4";"0.6";"0";"0.8";"30";"20";"20";"80";"40";"1.4";"3";"100";"33";"";"";"";"";"";"";"22.5";"13.5";"10.6";"13.5";"7.4"
"Brazil";"BRA";"Serie D";"27-06-2026 15:30";"FT";"Trem";"1";"2";"Sampaio Corrêa";"1";"2";"2.6";"1";"3";"0.8";"1.4";"0.8";"70";"50";"60";"50";"50";"3";"3";"87";"33";"";"";"";"";"";"";"25.4";"17.2";"9.2";"15.2";"9"
"Brazil";"BRA";"Serie D";"27-06-2026 15:30";"FT_PEN";"Maracanã";"0";"0";"Imperatriz";"0";"0";"2.2";"1";"1.4";"0.6";"0.4";"1";"70";"10";"40";"90";"60";"1.7";"3";"73";"33";"";"";"";"";"";"";"22.2";"12.2";"11.2";"8";"13"
"Brazil";"BRA";"Serie D";"27-06-2026 16:00";"FT";"Iguatu";"1";"1";"Tuna Luso";"1";"0";"2.2";"0.6";"1.8";"1.4";"1";"2.6";"80";"60";"60";"40";"50";"3.4";"3";"73";"20";"";"";"";"";"";"";"23.6";"10.4";"13.6";"7.8";"15.4"
"Brazil";"BRA";"Serie D";"27-06-2026 16:00";"FT";"Portuguesa";"1";"0";"Sampaio Corrêa RJ";"0";"0";"2.6";"0.2";"2.2";"0.6";"0.4";"1.6";"70";"50";"40";"50";"60";"2.4";"2";"87";"7";"";"";"";"";"";"";"18";"13.8";"6.2";"4.8";"11.2"
"Brazil";"BRA";"Serie D";"27-06-2026 16:00";"FT";"Piauí";"1";"0";"Maguary PE";"0";"0";"1.6";"0.6";"1.4";"0.2";"1";"0.6";"50";"20";"50";"80";"20";"1.6";"2";"53";"20";"";"";"";"";"";"";"22.5";"9.2";"13.8";"10.8";"11.2"
"Brazil";"BRA";"Serie D";"27-06-2026 16:00";"FT_PEN";"Água Santa";"1";"1";"Velo Clube";"0";"1";"2.4";"0.4";"2.2";"0.4";"0.4";"1.4";"60";"40";"30";"60";"80";"2.2";"3";"80";"13";"";"";"";"";"";"";"19.4";"9.4";"10.2";"7";"12.2"
"Brazil";"BRA";"Serie D";"27-06-2026 17:00";"FT";"Capital Brasilia";"4";"0";"Aparecidense";"2";"0";"2.4";"1.2";"1.2";"1.4";"0.4";"1.2";"60";"30";"50";"70";"80";"2.1";"3";"80";"40";"";"";"";"";"";"";"24.1";"9.8";"10.8";"9.8";"17.8"
"Brazil";"BRA";"Serie D";"27-06-2026 17:00";"FT";"Águia de Marabá";"2";"0";"Parnahyba";"1";"0";"2.2";"1";"2.4";"1.2";"0.8";"1.8";"90";"50";"80";"50";"70";"3.1";"3";"73";"33";"";"";"";"";"";"";"23.8";"15.2";"6.8";"11.8";"13.8"
"Brazil";"BRA";"Serie D";"27-06-2026 17:00";"FT";"Uberlândia";"2";"2";"Rio Branco ES";"0";"1";"1.4";"1";"1.2";"1";"1.2";"1.4";"70";"60";"70";"40";"60";"2.4";"2";"47";"33";"";"";"";"";"";"";"19.8";"13.4";"10.4";"7.4";"8.4"
"Brazil";"BRA";"Serie D";"27-06-2026 17:00";"FT";"Sergipe";"0";"1";"ASA";"0";"1";"2";"1";"1.4";"1";"0.8";"1.2";"70";"40";"70";"60";"60";"2.2";"2";"67";"33";"";"";"";"";"";"";"21.6";"11.2";"10";"9";"13"
"Brazil";"BRA";"Serie D";"27-06-2026 17:00";"FT";"CSA";"2";"0";"Lagarto";"0";"0";"1.8";"1.2";"1.6";"1";"0.6";"1.2";"90";"30";"70";"70";"70";"2.2";"3";"60";"40";"";"";"";"";"";"";"21.2";"14.8";"10";"5.6";"12"
"Brazil";"BRA";"Serie D";"27-06-2026 18:00";"FT";"América RN";"1";"0";"Fluminense PI";"1";"0";"2";"1.6";"1.8";"1.2";"0.4";"0.6";"60";"30";"30";"70";"60";"2";"1";"67";"53";"";"";"";"";"";"";"25.3";"19";"10.2";"8.8";"12.6"
"Brazil";"BRA";"Serie D";"27-06-2026 18:00";"FT";"XV de Piracicaba";"2";"0";"América RJ";"2";"0";"2.2";"0.8";"1.6";"1.2";"0.6";"3";"80";"60";"60";"40";"70";"3.2";"3";"73";"27";"";"";"";"";"";"";"22.6";"13.8";"8.6";"7.6";"15.2"
"Brazil";"BRA";"Serie D";"27-06-2026 18:00";"FT";"Tombense";"0";"0";"CRAC";"0";"0";"1.8";"0.8";"1.4";"0.6";"0.4";"1";"60";"30";"30";"70";"50";"1.7";"3";"60";"27";"";"";"";"";"";"";"21";"14.6";"8.6";"9.2";"9.6"
"Brazil";"BRA";"Serie D";"27-06-2026 18:30";"FT";"Goiatuba EC";"1";"0";"Brasiliense";"1";"0";"2.6";"1.4";"1.8";"1.2";"0.4";"1.2";"50";"40";"50";"60";"90";"2.3";"2";"87";"47";"";"";"";"";"";"";"20.5";"14.4";"9.8";"7.2";"9.6"
"Brazil";"BRA";"Serie D";"27-06-2026 19:30";"FT";"Gama";"1";"0";"Mixto";"1";"0";"2.6";"1";"3";"0.6";"0.8";"0.8";"60";"50";"30";"50";"90";"2.6";"3";"87";"33";"";"";"";"";"";"";"22.3";"15";"14.4";"5.2";"10"
"Brazil";"BRA";"Mineiro 2";"27-06-2026 16:00";"FT";"Villa Nova";"6";"0";"Ipatinga";"1";"0";"2.3";"0.3";"2.3";"0.3";"1.7";"3";"100";"84";"66";"16";"100";"3.6";"3";"78";"11";"";"";"";"";"";"";"18.4";"9";"1.3";"10";"16.3"
"Brazil";"BRA";"Mineiro 2";"27-06-2026 16:00";"FT";"Democrata SL";"1";"0";"Coimbra";"1";"0";"2";"0.3";"1.3";"1";"1";"2";"67";"67";"67";"33";"67";"2.6";"2";"67";"11";"";"";"";"";"";"";"19.2";"9.3";"11";"8";"10"
"Brazil";"BRA";"Mineiro 2";"27-06-2026 17:30";"FT";"Guarani MG";"2";"0";"Caldense";"0";"0";"1.3";"0.3";"1.3";"0.3";"1.7";"1.3";"84";"34";"50";"66";"50";"2.4";"2";"44";"11";"";"";"";"";"";"";"";"";"8.7";"";"10"
"Brazil";"BRA";"Paulista Série B";"27-06-2026 15:00";"FT";"São Carlos";"0";"1";"Paulinense";"0";"0";"2";"1.2";"2.6";"0.8";"0.6";"1.4";"90";"30";"30";"70";"60";"2.7";"3";"67";"40";"";"";"";"";"";"";"19.9";"13.5";"6.2";"10.2";"9.8"
"Brazil";"BRA";"Paulista Série B";"27-06-2026 15:00";"FT";"União Mogi";"2";"3";"Mauá";"1";"1";"1.8";"1.4";"1.4";"1.8";"1";"2.6";"80";"60";"70";"40";"90";"3.4";"3";"60";"47";"";"";"";"";"";"";"24.6";"13.5";"13";"9.5";"13.2"
"Brazil";"BRA";"Paulista Série B";"27-06-2026 15:00";"FT";"Manthiqueira";"0";"2";"José Bonifácio";"0";"1";"1.6";"2.2";"1.6";"2";"1.4";"0.6";"80";"50";"50";"50";"60";"2.8";"3";"53";"73";"";"";"";"";"";"";"18.8";"9.7";"7.3";"11.3";"9.3"
"Brazil";"BRA";"Paulista Série B";"27-06-2026 19:30";"FT";"Assisense";"0";"1";"Matonense";"0";"0";"1.8";"2.4";"2.8";"4";"2.2";"0.8";"100";"70";"70";"30";"100";"4.9";"4";"60";"80";"";"";"";"";"";"";"23";"13.8";"6.7";"8.8";"16.7"
"Brazil";"BRA";"Paulista U20";"27-06-2026 10:00";"FT";"Palmeiras U20";"4";"0";"Guarani U20";"1";"0";"";"";"";"";"";"";"";"";"";"";"";"";"";"";"";"";"";"";"";"";"";"";"";"";"";""
"Brazil";"BRA";"Paulista U20";"27-06-2026 15:00";"FT";"Sertãozinho U20";"0";"0";"São Bento U20";"0";"0";"";"";"";"";"";"";"";"";"";"";"";"";"";"";"";"";"";"";"";"";"";"";"";"";"";""
"Brazil";"BRA";"Mineiro U20";"27-06-2026 15:00";"FT";"Nacional AC MG U20";"4";"1";"Minas Boca U20";"3";"0";"1.8";"0.2";"1.5";"0.2";"1.5";"3.2";"62";"62";"50";"38";"88";"3.2";"3";"58";"8";"";"";"";"";"";"";"28.8";"16";"11";"11";"19.7"
"Brazil";"BRA";"Mineiro U20";"27-06-2026 15:00";"FT";"Boston City U20";"2";"1";"América Mineiro U20";"1";"1";"1.2";"1";"0.8";"2.5";"1.2";"2";"88";"62";"62";"38";"62";"3.2";"3";"42";"33";"";"";"";"";"";"";"27.3";"9";"18";"18.3";"9.3"
"Brazil";"BRA";"Mineiro U20";"27-06-2026 15:00";"FT";"Uberabinha U20";"0";"1";"Betim U20";"0";"1";"0";"0.5";"0.8";"1.5";"2.2";"2.8";"88";"62";"75";"38";"88";"3.6";"4";"0";"17";"";"";"";"";"";"";"25.8";"4.5";"12.8";"15";"19.5"
"Brazil";"BRA";"Mineiro U20";"27-06-2026 15:00";"FT";"Coimbra U20";"0";"1";"Atletico Mineiro U20";"0";"0";"2.5";"1.5";"1.2";"2.8";"0.2";"1.8";"75";"62";"50";"38";"50";"3";"2";"83";"50";"";"";"";"";"";"";"18.8";"10";"11.2";"9.3";"7"
"Brazil";"BRA";"Mineiro U20";"27-06-2026 15:00";"FT";"Cruzeiro U20";"3";"2";"Athletic Club U20";"0";"1";"2.5";"2.2";"3";"1.8";"1";"0.8";"75";"62";"38";"38";"54";"3.2";"3";"83";"75";"";"";"";"";"";"";"23.5";"16.5";"14.5";"7";"9"
"Brazil";"BRA";"Mineiro U20";"27-06-2026 15:00";"FT";"São João del-Rei U20";"0";"1";"Inter de Minas U20";"0";"0";"1";"0.8";"1.2";"1.5";"1.2";"3";"88";"50";"88";"50";"50";"3.5";"3";"33";"25";"";"";"";"";"";"";"27.4";"10.3";"10";"14";"20.5"
"Brazil";"BRA";"Mineiro U20";"27-06-2026 15:00";"FT";"Social";"3";"0";"Villa Real U20";"1";"0";"1.5";"0.8";"1.8";"0.2";"1.5";"0.5";"50";"25";"38";"75";"25";"2";"2";"50";"25";"";"";"";"";"";"";"";"";"3.5";"";"15.5"
"Brazil";"BRA";"Copa Gaúcha";"27-06-2026 15:00";"FT";"Santa Cruz RS";"1";"1";"Brasil de Pelotas";"1";"0";"1.7";"1.7";"2";"1.7";"1.3";"1.3";"84";"50";"84";"50";"84";"3.2";"2";"56";"56";"";"";"";"";"";"";"25.6";"9.7";"22.5";"10";"9"
"Brazil";"BRA";"Copa Gaúcha";"27-06-2026 15:00";"FT";"Bage";"0";"1";"Gramadense";"0";"0";"0.7";"2.3";"1";"1.7";"1.3";"1";"84";"50";"84";"50";"34";"2.5";"2";"22";"78";"";"";"";"";"";"";"19";"10";"9";"10";"9"
"Brazil";"BRA";"Brasiliense U20";"27-06-2026 10:00";"FT";"Real Brasília U20";"4";"0";"EC Cruzeiro U20";"1";"0";"2";"1";"6.3";"2";"1.3";"2";"100";"100";"84";"0";"";"5.8";"4";"67";"33";"";"";"";"";"";"";"";"17.7";"";"12";""
"Brazil";"BRA";"Brasiliense U20";"27-06-2026 10:00";"FT";"Gama U20";"3";"3";"Planaltina U20";"1";"1";"1";"1";"2.7";"0.7";"2.3";"2.3";"67";"50";"16";"50";"58";"4";"4";"33";"33";"";"";"";"";"";"";"";"";"7";"";"17"
"Brazil";"BRA";"Brasiliense U20";"27-06-2026 10:00";"AWAITING_UPDATES";"Sobradinho U20";"";"";"ARUC U20";"";"";"1.5";"0";"1.5";"0";"1";"5";"75";"50";"25";"50";"";"3.8";"4";"50";"0";"";"";"";"";"";"";"";"";"";"";""
"Brazil";"BRA";"Brasiliense U20";"27-06-2026 15:30";"AWAITING_UPDATES";"Canaã U20";"";"";"Grêmio Valparaíso U20";"";"";"3";"2";"4";"2.7";"1.5";"1.7";"100";"75";"75";"25";"";"4.9";"5";"100";"67";"";"";"";"";"";"";"";"";"";"";""
"Brazil";"BRA";"Brasiliense U20";"27-06-2026 15:30";"AWAITING_UPDATES";"CFZ Brasilia U20";"";"";"Legião U20";"";"";"1";"3";"0.7";"2.3";"6.7";"0.3";"84";"67";"16";"33";"";"5";"4";"33";"100";"";"";"";"";"";"";"";"";"";"";""
"Brazil";"BRA";"Baiano U20";"27-06-2026 15:00";"FT";"Jacuipense U20";"3";"3";"Fluminense de Feira U20";"3";"1";"1.9";"2";"2.1";"2.2";"1.4";"1.1";"94";"75";"68";"25";"62";"3.4";"4";"62";"67";"";"";"";"";"";"";"20.4";"14.5";"11.2";"8.3";"6.8"
"Brazil";"BRA";"Baiano U20";"27-06-2026 15:00";"FT";"SSA U20";"1";"2";"Camaçariense U20";"0";"0";"1.6";"1.9";"2.5";"1.6";"0.8";"1.5";"62";"38";"32";"62";"79";"3.2";"3";"54";"62";"";"";"";"";"";"";"21";"10.8";"9";"6";"16.3"
"Brazil";"BRA";"Goiano U20";"27-06-2026 16:00";"FT";"Cerrado U20";"2";"1";"Atlético GO U20";"1";"0";"2";"1.4";"1.9";"1.6";"1";"1.4";"71";"71";"57";"29";"78";"3";"3";"67";"48";"";"";"";"";"";"";"25.3";"13";"13.5";"14.4";"9.8"
"Brazil";"BRA";"Gaúcho - Estadual Junior U20";"27-06-2026 11:00";"FT";"Internacional U20";"4";"2";"Gremio U20";"1";"1";"3";"2";"3.8";"1.5";"0";"0.5";"75";"50";"25";"50";"88";"2.9";"3";"100";"67";"";"";"";"";"";"";"20.5";"21";"10.7";"4";"5.3"
"Brazil";"BRA";"Carioca A2";"27-06-2026 14:45";"FT";"Audax Rio";"2";"0";"Resende";"2";"0";"0.8";"2";"1";"1.2";"2";"0.8";"75";"50";"62";"50";"88";"2.5";"3";"25";"67";"";"";"";"";"";"";"19.9";"10.2";"8.3";"7.2";"14"
"Brazil";"BRA";"Carioca A2";"27-06-2026 14:45";"FT";"Serrano RJ";"0";"3";"São Gonçalo EC RJ";"0";"0";"0.7";"1";"0.7";"0.8";"1";"1";"58";"29";"58";"71";"71";"1.8";"2";"22";"33";"";"";"";"";"";"";"20.6";"9";"14.2";"8.7";"9.2"
"Brazil";"BRA";"Carioca A2";"27-06-2026 14:45";"FT";"Cabofriense";"1";"2";"Perolas Negras";"0";"0";"1.8";"1.5";"1.2";"0.8";"1";"1.5";"50";"38";"38";"62";"88";"2.2";"2";"58";"50";"";"";"";"";"";"";"17";"10.2";"6.8";"5.2";"11.8"
"Brazil";"BRA";"Carioca A2";"27-06-2026 14:45";"FT";"Americano";"1";"1";"CFRJ / Marica";"0";"0";"2.2";"2";"1.8";"0.7";"0.8";"1.3";"54";"42";"25";"58";"88";"2.2";"2";"75";"67";"";"";"";"";"";"";"25";"14.5";"9.5";"9";"17"
"Brazil";"BRA";"Carioca A2";"27-06-2026 16:00";"FT";"CEAC / Araruama";"1";"0";"Olaria";"0";"0";"1";"0.5";"1";"0.8";"1.2";"1.2";"75";"50";"75";"50";"75";"2.1";"2";"33";"17";"";"";"";"";"";"";"20.2";"10";"9.7";"11.5";"9.3"
"Brazil";"BRA";"Paraibano U20";"27-06-2026 16:00";"FT";"Cruzeiro Itaporanga U20";"1";"0";"Sousa U20";"0";"0";"3";"1.5";"3";"0.5";"0.7";"1";"75";"50";"34";"50";"";"2.6";"3";"100";"50";"";"";"";"";"";"";"";"";"";"";""
"Brazil";"BRA";"Catarinense U20";"27-06-2026 11:00";"FT";"Brusque U20";"0";"5";"Avaí U20";"0";"2";"0.2";"1.8";"1.3";"2.4";"3";"1";"100";"72";"82";"28";"62";"3.8";"3";"6";"60";"";"";"";"";"";"";"21.6";"6.8";"12.2";"12.6";"11.6"
"Brazil";"BRA";"Catarinense U20";"27-06-2026 15:00";"FT";"Figueirense U20";"3";"2";"Barra SC U20";"1";"0";"2";"2.5";"2";"3";"0.6";"1";"90";"55";"58";"45";"80";"3.3";"4";"67";"83";"";"";"";"";"";"";"20.8";"12.4";"12.7";"11.6";"5"
"Brazil";"BRA";"Maranhense 2";"27-06-2026 16:00";"FT";"Timon MA";"0";"0";"Cordino";"0";"0";"";"";"";"";"";"";"";"";"";"";"";"";"";"";"";"";"";"";"";"";"";"";"";"";"";""
"Brazil";"BRA";"Maranhense 2";"27-06-2026 16:00";"FT";"São José MA";"0";"2";"São Luís";"0";"0";"";"";"";"";"";"";"";"";"";"";"";"";"";"";"";"";"";"";"";"";"";"";"";"";"";""
"Canada";"CAN";"PCSL";"27-06-2026 17:00";"CANCELLED";"AFA";"";"";"Kamloops Rivers II";"";"";"1.2";"";"2.2";"";"2";"";"";"";"";"";"";"";"";"42";"";"";"";"";"";"";"";"";"";"";"";""
"Canada";"CAN";"PCSL";"27-06-2026 20:00";"AWAITING_UPDATES";"WIA";"";"";"Mid Isle Highlanders";"";"";"1.2";"0";"1.6";"0.3";"2";"3";"90";"64";"26";"36";"";"3.4";"3";"40";"0";"";"";"";"";"";"";"";"";"";"";""
"Canada";"CAN";"PCSL";"27-06-2026 20:00";"AWAITING_UPDATES";"Victoria United";"";"";"Blues";"";"";"2.5";"2.2";"1.8";"2.4";"0.8";"1.4";"100";"55";"78";"45";"";"3.2";"4";"83";"73";"";"";"";"";"";"";"";"";"";"";""
"Canada";"CAN";"PCSL";"27-06-2026 22:00";"AWAITING_UPDATES";"Gorge";"";"";"Khalsa";"";"";"2.2";"1";"3.5";"1.5";"1";"1.5";"88";"62";"62";"38";"";"3.8";"3";"75";"33";"";"";"";"";"";"";"";"";"";"";""
"Chile";"CHI";"Tercera A";"27-06-2026 13:00";"FT";"Deportes Rancagua";"2";"1";"Imperial Unido";"1";"1";"1.2";"1.7";"1.2";"1.3";"1.2";"1.2";"67";"50";"58";"50";"58";"2.4";"2";"39";"56";"";"";"";"";"";"";"29.3";"18.8";"13.6";"10.6";"15.6"
"Chile";"CHI";"Tercera A";"27-06-2026 16:00";"FT";"Naval";"1";"1";"Malleco Unido";"0";"0";"2.2";"2";"2";"2";"0.5";"1.2";"75";"58";"58";"42";"92";"2.8";"2";"72";"67";"";"";"";"";"";"";"22.2";"12.5";"13";"9.2";"9.5"
"Chile";"CHI";"Tercera A";"27-06-2026 17:30";"FT";"Constitución Unido";"2";"4";"Quintero Unido";"1";"1";"1.7";"1.7";"2";"2";"1";"1";"75";"58";"58";"42";"75";"3";"2";"56";"56";"";"";"";"";"";"";"26.4";"19.8";"11.2";"9.5";"12.2"
"Chile";"CHI";"Tercera A";"27-06-2026 18:00";"FT";"Comunal Cabrero";"3";"2";"Atlético Oriente";"1";"1";"2.1";"1.2";"1.9";"1";"1.4";"2.6";"78";"78";"52";"22";"83";"3.4";"3";"71";"40";"";"";"";"";"";"";"28.8";"15.6";"12";"11";"19"
"China";"CHN";"Super League";"27-06-2026 08:00";"FT";"Liaoning Tieren FC";"1";"5";"Shandong Taishan";"0";"2";"1.7";"1.3";"1.6";"1";"1.1";"2.1";"71";"71";"57";"29";"86";"2.9";"3";"57";"43";"";"";"";"";"";"";"24";"11.1";"10.7";"12";"14.3"
"China";"CHN";"Super League";"27-06-2026 08:35";"FT";"Shenzhen Peng City";"2";"3";"Chengdu Rongcheng";"0";"1";"1.6";"2.3";"1.9";"1.7";"1.5";"1.3";"66";"54";"60";"46";"59";"3.2";"3";"54";"76";"";"";"";"";"";"";"24.3";"14.2";"11";"12";"11.4"
"China";"CHN";"Super League";"27-06-2026 08:35";"FT";"Henan Songshan Longmen";"1";"2";"Shanghai Port";"1";"1";"1.4";"0.7";"1.1";"1";"1.1";"1.6";"64";"43";"43";"57";"64";"2.4";"2";"48";"24";"";"";"";"";"";"";"22.9";"14.6";"7.9";"9.6";"13.9"
"China";"CHN";"Super League";"27-06-2026 09:00";"FT";"Beijing Guoan";"1";"0";"Wuhan Three Towns";"0";"0";"1.1";"0.6";"2";"1.5";"1.9";"2.5";"100";"80";"87";"20";"73";"4";"3";"38";"21";"";"";"";"";"";"";"24.6";"15.6";"10.6";"8.7";"14.4"
"China";"CHN";"Super League";"27-06-2026 09:00";"FT";"Chongqing Tonglianglong FC";"1";"0";"Tianjin Jinmen Tiger";"0";"0";"1.6";"1.3";"1.5";"1.4";"1.1";"1.3";"80";"40";"60";"60";"54";"2.7";"2";"54";"43";"";"";"";"";"";"";"22.7";"10.1";"9.9";"8.4";"17"
"China";"CHN";"League Two";"27-06-2026 05:00";"FT";"Changchun Xidu";"0";"0";"Haimen Codion";"0";"0";"1.2";"0.7";"0.5";"0.6";"0.5";"1";"38";"22";"38";"78";"46";"1.3";"2";"39";"24";"";"";"";"";"";"";"19.2";"11";"9.1";"9.8";"8.4"
"China";"CHN";"League Two";"27-06-2026 05:00";"FT";"Shanghai Segenda";"0";"2";"Qingdao Red Lions";"0";"1";"0.8";"0.8";"0.7";"0.8";"1.2";"1.2";"58";"25";"50";"75";"42";"1.9";"2";"28";"28";"";"";"";"";"";"";"20.8";"9.3";"9.3";"11.2";"11.8"
"China";"CHN";"League Two";"27-06-2026 05:00";"FT";"Dalian Kewei";"1";"0";"Shanghai Port B";"0";"0";"2.3";"2.3";"1.2";"2.3";"0.2";"0.7";"52";"45";"30";"55";"75";"2.2";"2";"78";"76";"";"";"";"";"";"";"23.3";"12.8";"12.3";"6.7";"14.9"
"China";"CHN";"League Two";"27-06-2026 08:30";"FT";"Lanzhou Longyuan";"0";"0";"Dalian Yingbo B";"0";"0";"1.2";"1.2";"0.2";"0.7";"0.5";"0.8";"42";"17";"25";"83";"34";"1.1";"2";"39";"39";"";"";"";"";"";"";"17";"8.3";"7.8";"9";"8.8"
"China";"CHN";"League Two";"27-06-2026 08:30";"FT";"Hubei Istar";"2";"0";"Guizhou Zhucheng Athletic";"2";"0";"1.8";"1.2";"1.7";"0.7";"1";"1.2";"75";"50";"50";"50";"50";"2.2";"2";"61";"39";"";"";"";"";"";"";"23.8";"10.5";"14";"14.2";"8.8"
"China";"CHN";"League Two";"27-06-2026 08:30";"FT";"Guangdong Mingtu";"1";"2";"Xiamen Feilu";"1";"1";"0.7";"0.9";"0.5";"1.6";"0.8";"1.7";"60";"52";"60";"48";"52";"2.3";"2";"22";"29";"";"";"";"";"";"";"22";"14.8";"10.1";"8.3";"10.7"
"Cameroon";"CMR";"Elite One";"27-06-2026 12:00";"FT";"Fortuna Mfou";"1";"2";"Stade Renard";"1";"1";"0.6";"0.4";"0.5";"1.1";"1.6";"2";"75";"50";"55";"50";"75";"2.6";"2";"20";"13";"";"";"";"";"";"";"17.6";"9.2";"7.4";"10.2";"8.4"
"Ecuador";"ECU";"Superliga Femenina";"27-06-2026 11:00";"FT";"Quito FC W";"0";"5";"Barcelona W";"0";"0";"0";"2.6";"1";"1.8";"5.2";"0.4";"90";"70";"60";"30";"60";"4.2";"4";"0";"87";"";"";"";"";"";"";"20.9";"9.7";"8.5";"11.7";"12"
"Ecuador";"ECU";"Superliga Femenina";"27-06-2026 17:30";"FT";"Carneras W";"1";"0";"Espuce W";"0";"0";"1";"0.2";"0.5";"0.5";"2.3";"3";"84";"58";"25";"42";"58";"3.2";"3";"33";"6";"";"";"";"";"";"";"26.9";"10";"6";"13.8";"24"
"Ethiopia";"ETH";"Premier League";"27-06-2026 09:00";"FT";"Hadiya Hosaena";"1";"1";"Dire Dawa Kenema";"1";"0";"0.8";"1";"0.7";"0.7";"1.1";"1.2";"65";"20";"50";"80";"70";"1.8";"2";"27";"33";"";"";"";"";"";"";"14.6";"5.9";"7";"9.7";"6.5"
"Ethiopia";"ETH";"Premier League";"27-06-2026 12:00";"FT";"Ethiopian Medhin";"0";"3";"Shire Endaselassie";"0";"2";"1.6";"0.5";"1";"0.2";"0.6";"1.2";"50";"20";"30";"80";"45";"1.5";"2";"53";"17";"";"";"";"";"";"";"14.4";"8.2";"4.9";"8.3";"7.3"
"Europe";"EUR";"All-Island Cup";"27-06-2026 09:00";"FT";"Shelbourne W";"4";"0";"Bohemians WFC W";"1";"0";"3";"1.5";"2.5";"1";"1";"1";"75";"75";"75";"25";"75";"2.8";"3";"100";"50";"";"";"";"";"";"";"";"10.5";"";"6.5";""
"Europe";"EUR";"All-Island Cup";"27-06-2026 13:00";"FT";"Galway United W";"1";"1";"Peamount United W";"0";"1";"3";"1.5";"3";"0.5";"0.7";"2";"75";"58";"16";"42";"";"3.1";"3";"100";"50";"";"";"";"";"";"";"";"17";"";"10.5";""
"Fiji";"FIJ";"FA Cup";"27-06-2026 01:30";"FT";"Lautoka";"1";"2";"Navua";"0";"0";"";"1.5";"";"1.5";"";"1";"";"";"";"";"";"";"";"";"50";"";"";"";"";"";"";"";"";"6";"";"5.5"
"Finland";"FIN";"Veikkausliiga";"27-06-2026 08:00";"FT";"Ilves";"2";"2";"SJK";"0";"0";"2";"0.8";"1.8";"1";"1";"1.8";"75";"50";"42";"50";"83";"2.8";"3";"67";"28";"";"";"";"";"";"";"22.6";"9.3";"9.5";"10";"16.5"
"Finland";"FIN";"Veikkausliiga";"27-06-2026 11:00";"FT";"Mariehamn";"0";"2";"Inter Turku";"0";"1";"0.5";"1.8";"0.7";"2";"2";"1.3";"92";"50";"58";"50";"84";"3";"3";"17";"61";"";"";"";"";"";"";"25.4";"9.3";"9.8";"20.8";"10.8"
"Finland";"FIN";"Veikkausliiga";"27-06-2026 11:00";"FT";"HJK";"0";"4";"KuPS";"0";"1";"1.8";"1.5";"1.7";"1.3";"1";"1.2";"75";"42";"58";"58";"92";"2.6";"2";"61";"50";"";"";"";"";"";"";"24.9";"13.7";"15.5";"11.7";"9"
"Finland";"FIN";"Veikkausliiga";"27-06-2026 13:00";"FT";"TPS";"3";"2";"Jaro";"1";"2";"2.2";"0.3";"1.3";"0.3";"0.7";"2.6";"76";"45";"40";"55";"60";"2.4";"3";"72";"10";"";"";"";"";"";"";"26";"9.8";"12.3";"16.2";"13.7"
"Finland";"FIN";"Veikkausliiga";"27-06-2026 13:00";"FT";"Gnistan";"1";"1";"VPS";"1";"1";"2";"1.3";"2";"0.7";"1.7";"0.7";"58";"42";"33";"58";"66";"2.5";"2";"67";"44";"";"";"";"";"";"";"25.2";"13";"13.7";"13.2";"10.7"
"Finland";"FIN";"Veikkausliiga";"27-06-2026 15:00";"FT";"Oulu";"1";"1";"Lahti";"0";"0";"3";"0.6";"1.6";"0.6";"0.4";"1.2";"50";"40";"40";"60";"50";"1.9";"2";"100";"20";"";"";"";"";"";"";"25.3";"12.4";"13";"11.6";"13.6"
"Finland";"FIN";"Ykkösliiga";"27-06-2026 10:00";"FT";"JIPPO";"1";"1";"EIF";"1";"0";"1.5";"0";"0.8";"1.2";"0.3";"3.4";"56";"48";"38";"52";"66";"2.9";"3";"50";"0";"";"";"";"";"";"";"20.3";"13.8";"10.2";"7";"9.5"
"Finland";"FIN";"Ykkösliiga";"27-06-2026 10:00";"FT";"Haka";"0";"2";"KTP";"0";"1";"1.8";"2.2";"2.5";"1.2";"1.5";"1";"66";"58";"58";"42";"66";"3.1";"2";"61";"72";"";"";"";"";"";"";"20.7";"11.8";"14.2";"8.3";"7"
"Finland";"FIN";"Kakkonen";"27-06-2026 08:00";"FT";"Union Plaani";"0";"3";"HIFK";"0";"2";"0.2";"1.8";"0.8";"1.5";"2.2";"1";"88";"38";"50";"62";"62";"2.8";"3";"8";"58";"";"";"";"";"";"";"22.4";"17.5";"6.2";"14.2";"6.8"
"Finland";"FIN";"Kakkonen";"27-06-2026 09:00";"FT";"GBK";"7";"0";"JS Hercules";"5";"0";"0.8";"0.8";"1";"1.5";"1.2";"2.8";"88";"62";"25";"38";"88";"3.2";"3";"25";"25";"";"";"";"";"";"";"33.6";"14.5";"19";"13.2";"20.3"
"Finland";"FIN";"Kakkonen";"27-06-2026 10:00";"FT";"MuSa";"2";"2";"P-Iirot";"1";"2";"0.2";"0.2";"0.8";"0.8";"3";"2";"88";"38";"38";"62";"62";"3.3";"4";"8";"8";"";"";"";"";"";"";"21.9";"6";"9.5";"15.8";"12.5"
"Finland";"FIN";"Kakkonen";"27-06-2026 10:00";"FT";"Huima / Urho";"3";"2";"JBK";"2";"1";"1.8";"1";"4";"1.2";"2.2";"1.5";"88";"75";"88";"25";"75";"4.5";"4";"58";"33";"";"";"";"";"";"";"27";"18.2";"11.8";"13.2";"10.8"
"Finland";"FIN";"Kakkonen";"27-06-2026 11:00";"FT";"PuiU Helsinki";"0";"2";"HPS";"0";"1";"1";"2.5";"1.2";"2.2";"1.5";"0.8";"100";"50";"62";"50";"62";"2.9";"3";"33";"83";"";"";"";"";"";"";"26";"14";"10.2";"11.7";"16"
"Finland";"FIN";"Kakkonen";"27-06-2026 11:00";"FT";"PEPO";"2";"2";"PPJ";"1";"1";"2.5";"2";"2.2";"2.8";"1";"1.2";"100";"88";"88";"12";"88";"3.6";"4";"83";"67";"";"";"";"";"";"";"27.8";"17.5";"13.5";"12";"12.8"
"Finland";"FIN";"Kakkonen";"27-06-2026 11:00";"FT";"MYPA";"1";"2";"Atlantis";"1";"1";"0.2";"0.2";"0.4";"1.6";"2.4";"3.2";"70";"70";"60";"30";"80";"3.8";"4";"7";"7";"";"";"";"";"";"";"24.2";"10";"14";"10.6";"13.8"
"Finland";"FIN";"Kakkonen";"27-06-2026 11:00";"FT";"EPS";"1";"3";"GrIFK";"0";"1";"1.2";"1";"2.5";"0.7";"1.5";"1.3";"66";"54";"66";"46";"84";"3";"3";"42";"33";"";"";"";"";"";"";"18";"8";"12.3";"5";"10.7"
"Finland";"FIN";"Kakkonen";"27-06-2026 11:00";"FT";"HJS Akatemia";"3";"0";"NJS";"2";"0";"1";"0.2";"1";"0.5";"1.5";"3";"88";"50";"50";"50";"62";"3";"3";"33";"8";"";"";"";"";"";"";"16.6";"8.2";"5.5";"7.8";"11.8"
"Finland";"FIN";"Kakkonen";"27-06-2026 11:00";"FT";"TP-47";"0";"3";"VPS II";"0";"1";"1.5";"1";"2.5";"3";"2";"2.5";"100";"88";"100";"12";"100";"5";"4";"50";"33";"";"";"";"";"";"";"30.2";"18";"15.8";"13";"13.8"
"Finland";"FIN";"Kakkonen";"27-06-2026 13:26";"FT";"Kiffen";"3";"2";"Reipas";"2";"1";"2.2";"0.8";"2.2";"1.8";"1.5";"1.8";"100";"88";"50";"12";"100";"3.6";"4";"75";"25";"";"";"";"";"";"";"24.2";"12.2";"11.2";"14.8";"10.2"
"Finland";"FIN";"Kolmonen - Eastern Group";"27-06-2026 08:00";"FT";"NiemU";"0";"1";"Kings";"";"";"3";"3";"4.2";"3.8";"0";"1.8";"100";"88";"38";"12";"100";"4.8";"4";"100";"100";"";"";"";"";"";"";"";"";"";"";""
"Finland";"FIN";"Kolmonen - Eastern Group";"27-06-2026 09:00";"FT";"HaPK";"2";"3";"IPS Edustus";"";"";"1.8";"2";"1.2";"1.5";"1";"0.8";"62";"38";"25";"62";"";"2.2";"3";"58";"67";"";"";"";"";"";"";"";"";"10.5";"";"10.5"
"Finland";"FIN";"Kolmonen - Eastern Group";"27-06-2026 09:00";"FT";"STPS";"3";"1";"KJP";"";"";"1";"1.5";"1.8";"1.2";"1.5";"1.2";"62";"62";"50";"38";"";"2.8";"3";"33";"50";"";"";"";"";"";"";"";"";"18";"";"18"
"Finland";"FIN";"Kolmonen - Eastern Group";"27-06-2026 09:00";"FT";"MiPK";"4";"0";"KoPa";"2";"0";"1.8";"0.8";"2.2";"0.8";"1.8";"2.5";"88";"62";"50";"38";"100";"3.6";"3";"58";"25";"";"";"";"";"";"";"33.2";"29";"7.3";"16.5";"13.7"
"Finland";"FIN";"Kolmonen - Northern Group";"27-06-2026 11:00";"FT";"PonPa";"2";"4";"Ajax Sarkkiranta";"1";"3";"0";"0.5";"0";"1";"8";"3.5";"100";"100";"25";"0";"";"6.2";"4";"0";"17";"";"";"";"";"";"";"";"";"";"";""
"Finland";"FIN";"Kolmonen - Northern Group";"27-06-2026 11:00";"FT";"KajHa";"3";"2";"HauPa";"0";"1";"3";"2.3";"3.5";"1.3";"0.5";"0.3";"84";"50";"42";"50";"";"2.8";"3";"100";"78";"";"";"";"";"";"";"";"";"";"";""
"Finland";"FIN";"Kolmonen - Northern Group";"27-06-2026 11:30";"CANCELLED";"Hercules-j";"";"";"KaPa Kajaani";"";"";"";"0.3";"";"1.7";"";"2.3";"";"";"";"";"";"";"";"";"11";"";"";"";"";"";"";"";"";"";"";""
"Finland";"FIN";"Kolmonen - Western Group";"27-06-2026 09:00";"FT";"MaPS";"0";"2";"PIF";"0";"0";"2.4";"2.5";"2.4";"2";"1";"0.5";"78";"65";"55";"35";"100";"3";"4";"80";"83";"";"";"";"";"";"";"20";"11.3";"15.7";"7.3";"5.7"
"Finland";"FIN";"Kolmonen - Western Group";"27-06-2026 11:00";"FT";"TP-T";"0";"2";"Tampere United II";"0";"1";"0.6";"2";"1.6";"1.8";"2.6";"1";"90";"70";"70";"30";"90";"3.5";"3";"20";"67";"";"";"";"";"";"";"24.2";"9";"12.8";"13.8";"12.8"
"Finland";"FIN";"Kolmonen - Western Group";"27-06-2026 14:00";"FT";"Mariehamn II";"2";"1";"EuPa";"1";"0";"2.2";"2.2";"3.2";"2.3";"1.2";"0.7";"92";"84";"75";"16";"92";"3.8";"4";"75";"72";"";"";"";"";"";"";"";"";"12.6";"";"8.8"
"Finland";"FIN";"Kolmonen - Southern Group";"27-06-2026 09:00";"FT";"Futura";"8";"0";"Gnistan/Ogeli";"6";"0";"2.6";"0.7";"3";"0.7";"1.2";"2.3";"90";"56";"74";"44";"74";"3.6";"4";"87";"22";"";"";"";"";"";"";"";"";"8.7";"";"7"
"Finland";"FIN";"Kolmonen - Southern Group";"27-06-2026 10:00";"FT";"Ponnistus";"0";"0";"TuPS";"0";"0";"1.8";"1.2";"1.8";"1.8";"3.8";"1.4";"68";"68";"68";"32";"78";"4.4";"5";"58";"40";"";"";"";"";"";"";"16.5";"8.5";"10";"7.5";"7"
"Faroe Islands";"FRO";"1. Deild";"27-06-2026 09:00";"FT";"Víkingur II";"3";"1";"HB II";"2";"0";"2.1";"1.4";"2.1";"1.3";"1.3";"1.4";"86";"72";"57";"28";"78";"3";"3";"71";"48";"";"";"";"";"";"";"";"";"16.5";"";"9"
"Faroe Islands";"FRO";"1. Deild";"27-06-2026 10:15";"FT";"NSÍ II";"0";"1";"B36 II";"0";"1";"1";"1.4";"1.3";"2.2";"2.2";"2.2";"92";"74";"45";"26";"90";"4";"4";"33";"47";"";"";"";"";"";"";"26.4";"8.5";"20";"15.2";"9"
"Faroe Islands";"FRO";"1. Deild";"27-06-2026 10:15";"FT";"EB / Streymur II";"0";"2";"Suduroy";"0";"1";"0.5";"1.7";"1.2";"2.1";"2.5";"1.3";"87";"66";"54";"34";"80";"3.6";"4";"17";"57";"";"";"";"";"";"";"";"12.5";"";"19.5";""
"Faroe Islands";"FRO";"1. Deild";"27-06-2026 13:00";"FT";"Hoyvik";"1";"2";"ÍF";"1";"2";"0.9";"1.4";"1.9";"2.1";"3";"2.9";"100";"94";"66";"6";"93";"5";"5";"29";"46";"";"";"";"";"";"";"27.2";"9.7";"14.8";"17.7";"12.2"
"Faroe Islands";"FRO";"2. Deild";"27-06-2026 08:00";"FT";"Víkingur III";"0";"3";"07 Vestur II";"0";"1";"1.8";"1.4";"3.4";"1.6";"2.4";"3.2";"90";"80";"90";"20";"100";"5.3";"5";"60";"47";"";"";"";"";"";"";"";"";"";"";""
"Faroe Islands";"FRO";"2. Deild";"27-06-2026 08:00";"FT";"MB";"2";"3";"Skála II";"2";"3";"1.2";"0.6";"3";"1.4";"3";"3.8";"90";"80";"60";"20";"";"5.6";"5";"40";"20";"";"";"";"";"";"";"";"";"";"";""
"Faroe Islands";"FRO";"2. Deild";"27-06-2026 09:00";"FT";"KÍ II";"6";"1";"B71 II";"3";"1";"2.6";"0";"3.8";"1.4";"0.8";"3.8";"90";"70";"80";"30";"84";"4.9";"5";"87";"0";"";"";"";"";"";"";"";"";"";"";""
"Faroe Islands";"FRO";"2. Deild";"27-06-2026 10:00";"FT";"AB Argir II";"1";"4";"ÍF II";"0";"2";"3";"0.6";"3.8";"1.6";"1.2";"4.2";"100";"90";"80";"10";"";"5.4";"5";"100";"20";"";"";"";"";"";"";"";"";"";"";""
"Faroe Islands";"FRO";"2. Deild";"27-06-2026 13:00";"FT";"B68 II";"3";"0";"Suduroy II";"0";"0";"1.8";"1.8";"3.6";"2.8";"2.4";"1.6";"90";"90";"80";"10";"75";"5.2";"6";"60";"60";"";"";"";"";"";"";"";"";"";"";""
"Gabon";"GAB";"Champoinnat D1";"27-06-2026 10:00";"FT";"Lozo";"0";"0";"FC 105";"0";"0";"1.7";"1.9";"1";"1.5";"0.4";"1.1";"55";"30";"25";"70";"55";"2";"2";"57";"63";"";"";"";"";"";"";"";"";"";"";""
"Gabon";"GAB";"Champoinnat D1";"27-06-2026 11:30";"FT";"Stade Mandji";"3";"1";"Dikaki";"0";"0";"2.7";"0.4";"2.3";"0.7";"0.4";"2.3";"80";"50";"35";"50";"55";"2.8";"3";"90";"13";"";"";"";"";"";"";"";"";"";"";""
"Gabon";"GAB";"Champoinnat D1";"27-06-2026 11:30";"FT";"Ogooue";"0";"0";"Oyem AC";"0";"0";"2.8";"1.8";"2.3";"1.9";"1.1";"1.1";"70";"60";"55";"40";"65";"3.2";"2";"93";"60";"";"";"";"";"";"";"";"";"";"";""
"Gabon";"GAB";"Champoinnat D1";"27-06-2026 11:30";"FT";"Lambaréné";"3";"2";"Bitam";"0";"0";"1.3";"1.7";"1.1";"1.3";"1.1";"1.7";"78";"63";"56";"37";"73";"2.6";"2";"43";"57";"";"";"";"";"";"";"";"";"";"";""
"Gabon";"GAB";"Champoinnat D1";"27-06-2026 11:30";"FT";"Oyem";"1";"0";"Mangasport";"0";"0";"1.9";"2.4";"1.6";"2";"0.9";"0.6";"70";"65";"45";"35";"74";"2.6";"2";"63";"80";"";"";"";"";"";"";"";"";"";"";""
"Gabon";"GAB";"Champoinnat D1";"27-06-2026 11:30";"FT";"Vautour Club";"2";"1";"Stade Migovéen";"1";"1";"1.3";"1.2";"0.8";"0.9";"0.7";"1.4";"47";"31";"36";"69";"68";"1.8";"2";"44";"40";"";"";"";"";"";"";"";"";"";"";""
"Gabon";"GAB";"Champoinnat D1";"27-06-2026 12:00";"FT";"Bouenguidi";"1";"0";"Cercle Mbéri";"0";"0";"0.9";"1.5";"0.6";"1.4";"0.9";"1";"70";"20";"40";"80";"55";"2";"2";"30";"50";"";"";"";"";"";"";"";"";"";"";""
"Georgia";"GEO";"Super Cup";"27-06-2026 12:00";"FT";"FC Iberia 1999";"1";"0";"Dinamo Tbilisi";"1";"0";"";"";"";"";"";"";"";"";"";"";"";"";"";"";"";"";"";"";"";"";"";"";"";"";"";""
"Georgia";"GEO";"Super Cup";"27-06-2026 14:00";"FT";"Dila";"0";"1";"Torpedo Kutaisi";"0";"0";"";"";"";"";"";"";"";"";"";"";"";"";"";"";"";"";"";"";"";"";"";"";"";"";"";""
"Grenada";"GRN";"Premier Division";"27-06-2026 19:00";"AWAITING_UPDATES";"Hurricanes";"";"";"St. David’s";"";"";"";"";"";"";"";"";"";"";"";"";"";"";"";"";"";"";"";"";"";"";"";"";"";"";"";""
"Grenada";"GRN";"Premier Division";"27-06-2026 20:00";"AWAITING_UPDATES";"St. Andrew's FL";"";"";"Hard Rock";"";"";"0.5";"";"1";"";"1.5";"";"";"";"";"";"";"";"";"17";"";"";"";"";"";"";"";"";"";"";"";""
"French Guiana";"GUF";"Régional 1";"27-06-2026 15:45";"CANCELLED";"Remire";"";"";"Matoury";"";"";"1.3";"1.3";"0.9";"1";"0.9";"1.1";"63";"31";"47";"69";"";"2";"2";"44";"43";"";"";"";"";"";"";"";"";"";"";""
"French Guiana";"GUF";"Régional 1";"27-06-2026 15:45";"CANCELLED";"Sinnamary";"";"";"Olympique Cayenne";"";"";"1.1";"0.9";"1.5";"0.8";"1.4";"1.2";"63";"42";"47";"58";"";"2.4";"2";"37";"30";"";"";"";"";"";"";"";"";"";"";""
"French Guiana";"GUF";"Régional 1";"27-06-2026 15:45";"CANCELLED";"CSC Cayenne";"";"";"Loyola";"";"";"0.2";"0.6";"0.8";"1.1";"2.7";"2.6";"84";"64";"53";"36";"";"3.6";"3";"7";"19";"";"";"";"";"";"";"";"";"";"";""
"French Guiana";"GUF";"Régional 1";"27-06-2026 15:45";"CANCELLED";"Aigles d'Or de Mana";"";"";"Agouado";"";"";"1.2";"1.6";"1.8";"1.8";"1.4";"0.6";"66";"49";"50";"51";"";"2.8";"2";"40";"54";"";"";"";"";"";"";"";"";"";"";""
"French Guiana";"GUF";"Régional 1";"27-06-2026 15:45";"CANCELLED";"Etoile Matoury";"";"";"Karib";"";"";"2";"1.4";"2.3";"1";"0.3";"0.5";"58";"32";"20";"68";"";"2.1";"2";"67";"47";"";"";"";"";"";"";"";"";"";"";""
"French Guiana";"GUF";"Régional 1";"27-06-2026 15:45";"CANCELLED";"Le Geldar";"";"";"Armire";"";"";"2";"0.9";"1.8";"0.7";"1";"0.9";"50";"40";"45";"60";"";"2.2";"2";"67";"30";"";"";"";"";"";"";"";"";"";"";""
"French Guiana";"GUF";"Régional 1";"27-06-2026 15:45";"CANCELLED";"Cosma";"";"";"Grand Santi";"";"";"1.7";"1.1";"1.6";"1.6";"1.7";"1.7";"76";"68";"64";"32";"";"3.3";"2";"57";"37";"";"";"";"";"";"";"";"";"";"";""
"Republic of Ireland";"IRL";"U20 National League";"27-06-2026 08:00";"FT";"UCD U20";"3";"1";"Drogheda United U20";"2";"0";"1.8";"1.8";"4.4";"2";"1.6";"1.2";"100";"80";"70";"20";"66";"4.6";"4";"60";"60";"";"";"";"";"";"";"20.8";"12.3";"11.7";"11.3";"6.3"
"Republic of Ireland";"IRL";"U20 National League";"27-06-2026 09:00";"FT";"Longford Town U20";"1";"0";"Klub Kildare U20";"0";"0";"0.7";"0.6";"1.5";"0.6";"2.2";"1.8";"80";"54";"44";"46";"";"3";"4";"22";"20";"";"";"";"";"";"";"";"";"";"";""
"Republic of Ireland";"IRL";"U20 National League";"27-06-2026 10:00";"FT";"Derry City U20";"1";"1";"Dundalk U20";"0";"0";"1.2";"1.2";"2";"1.8";"2";"2.2";"90";"80";"70";"20";"100";"4";"4";"40";"40";"";"";"";"";"";"";"17.8";"10.8";"6.7";"8.4";"9.7"
"Republic of Ireland";"IRL";"U20 National League";"27-06-2026 10:00";"FT";"Shelbourne U20";"2";"3";"Cork City U20";"0";"0";"3";"1";"4.2";"1";"0.8";"1.2";"75";"75";"50";"25";"50";"3.6";"3";"100";"33";"";"";"";"";"";"";"18.6";"12.7";"10";"6";"8.5"
"Republic of Ireland";"IRL";"U20 National League";"27-06-2026 10:00";"AWAITING_UPDATES";"Finn Harps U20";"";"";"Mayo U20";"";"";"1.4";"0";"2";"0.7";"2";"5.3";"100";"92";"36";"8";"100";"5";"5";"47";"0";"";"";"";"";"";"";"26.8";"10";"9";"10.5";"24"
"Republic of Ireland";"IRL";"U20 National League";"27-06-2026 10:00";"AWAITING_UPDATES";"Waterford U20";"";"";"Galway United U20";"";"";"1.6";"0.2";"1.2";"1.2";"0.8";"3.2";"78";"58";"45";"42";"";"3.2";"3";"53";"8";"";"";"";"";"";"";"";"";"6.5";"";"14"
"Republic of Ireland";"IRL";"U20 National League";"27-06-2026 11:00";"AWAITING_UPDATES";"Shamrock Rovers U20";"";"";"St Patrick's U20";"";"";"3";"2.2";"4.4";"2";"0.4";"0.8";"90";"78";"45";"22";"";"3.8";"4";"100";"75";"";"";"";"";"";"";"";"";"";"";""
"Republic of Ireland";"IRL";"U20 National League";"27-06-2026 11:00";"AWAITING_UPDATES";"Bray Wanderers U20";"";"";"Bohemians U20";"";"";"2.6";"1.2";"4";"1.2";"1.8";"1.6";"100";"80";"50";"20";"100";"4.3";"4";"87";"40";"";"";"";"";"";"";"18.9";"12.5";"8.3";"8";"9"
"Republic of Ireland";"IRL";"U20 National League";"27-06-2026 12:00";"AWAITING_UPDATES";"Wexford U20";"";"";"Treaty United U20";"";"";"1.2";"1";"0.8";"2";"2.2";"2";"90";"58";"58";"42";"";"3.5";"4";"40";"33";"";"";"";"";"";"";"";"";"12";"";"14.3"
"Republic of Ireland";"IRL";"U20 National League";"27-06-2026 13:00";"AWAITING_UPDATES";"CK United U20";"";"";"Kerry FC U20";"";"";"1.4";"0.8";"1";"1.5";"1.2";"2.8";"80";"60";"45";"40";"";"3.2";"4";"47";"25";"";"";"";"";"";"";"";"";"";"";""
"Iran";"IRN";"Azadegan League";"27-06-2026 11:15";"FT";"Shahrdari Noshahr";"1";"1";"Mes Kerman";"0";"1";"1.3";"1.7";"0.5";"0.9";"0.5";"0.4";"40";"5";"20";"95";"35";"1.2";"2";"43";"57";"";"";"";"";"";"";"12.2";"9.3";"6.3";"5.8";"3"
"Iran";"IRN";"Azadegan League";"27-06-2026 12:00";"FT";"Havadar";"4";"1";"Damash Gilanian";"3";"1";"1.5";"0.3";"0.9";"0.3";"0.5";"1.7";"55";"25";"30";"75";"50";"1.7";"1";"50";"10";"";"";"";"";"";"";"15.5";"7.8";"5";"7";"11.2"
"Iran";"IRN";"Azadegan League";"27-06-2026 13:00";"FT";"Mes Shahr-e Babak";"1";"0";"Niroye Zamini";"0";"0";"2.4";"0.7";"1.3";"0.8";"0.3";"1.2";"50";"35";"35";"65";"70";"1.8";"1";"80";"23";"";"";"";"";"";"";"11.7";"7.1";"5.2";"3.7";"7.2"
"Iran";"IRN";"Azadegan League";"27-06-2026 13:00";"FT";"Naft Gachsaran";"0";"3";"Nassaji Mazandaran";"0";"2";"1.8";"1.4";"1.1";"1";"1";"0.8";"75";"35";"55";"65";"75";"2";"2";"60";"47";"";"";"";"";"";"";"";"";"7.3";"";"6"
"Iran";"IRN";"Azadegan League";"27-06-2026 13:00";"FT";"Naft Bandar Abbas";"0";"0";"Sanat Naft";"0";"0";"1.8";"1.4";"0.9";"0.8";"0.5";"0.8";"50";"20";"40";"80";"50";"1.5";"2";"60";"47";"";"";"";"";"";"";"";"";"8.2";"";"8"
"Iran";"IRN";"Azadegan League";"27-06-2026 13:00";"FT";"Pars Jonoubi Jam";"2";"0";"Navad Urmia";"0";"0";"1.2";"0.2";"1.1";"0.2";"0.7";"1.6";"55";"40";"30";"60";"55";"1.8";"1";"40";"7";"";"";"";"";"";"";"";"";"4.2";"";"10"
"Iran";"IRN";"Azadegan League";"27-06-2026 13:15";"FT";"Ario Eslamshahr";"2";"0";"Be'sat Kermanshah";"2";"0";"1.6";"0.5";"0.7";"0.4";"0.4";"1";"30";"20";"25";"80";"30";"1.2";"1";"53";"17";"";"";"";"";"";"";"11.8";"5.3";"6.2";"4.1";"8"
"Iran";"IRN";"Azadegan League";"27-06-2026 13:15";"FT";"Fard Alborz";"2";"1";"Saipa";"1";"1";"1.4";"1.4";"0.5";"0.8";"0.5";"0.9";"35";"25";"30";"75";"35";"1.4";"2";"47";"47";"";"";"";"";"";"";"13.6";"5";"9.5";"5";"7.8"
"Iran";"IRN";"Azadegan League";"27-06-2026 13:45";"FT";"Kara Gostar";"1";"1";"Shenavarsazi Qeshm";"0";"0";"";"0.6";"";"0.3";"";"1.1";"";"";"";"";"";"";"";"";"20";"";"";"";"";"";"";"";"";"4";"";"9.3"
"Iceland";"ISL";"Inkasso-Deildin";"27-06-2026 11:00";"FT";"Thróttur Reykjavík";"1";"1";"Vestri";"0";"1";"2.2";"1.2";"2";"1.2";"0.8";"1.8";"80";"36";"45";"64";"44";"2.9";"3";"72";"40";"";"";"";"";"";"";"18.9";"12";"8.4";"6";"11.4"
"Iceland";"ISL";"Inkasso-Deildin";"27-06-2026 12:00";"FT";"Völsungur";"2";"2";"Grótta";"1";"0";"0.8";"1.8";"1";"1.6";"1.8";"1.8";"80";"70";"70";"30";"80";"3.1";"4";"27";"60";"";"";"";"";"";"";"23.4";"8.6";"12.6";"11.6";"14"
"Iceland";"ISL";"2. Deild";"27-06-2026 11:00";"FT";"Kormákur / Hvöt";"4";"0";"Hvíti riddarinn";"2";"0";"2";"0.8";"4.3";"1";"1.7";"1.2";"80";"60";"80";"40";"80";"4.1";"4";"67";"27";"";"";"";"";"";"";"18.4";"14.7";"8";"7";"7.2"
"Iceland";"ISL";"2. Deild";"27-06-2026 11:00";"FT";"Dalvík / Reynir";"1";"0";"KFA";"0";"0";"2.5";"0.8";"1.8";"2.2";"0.5";"2.8";"75";"62";"50";"38";"62";"3.6";"4";"83";"25";"";"";"";"";"";"";"21.9";"13.5";"8.5";"11.5";"10.2"
"Iceland";"ISL";"2. Deild";"27-06-2026 11:00";"FT";"Víkingur Ólafsvík";"1";"0";"KFG";"0";"0";"1.6";"1";"2.2";"1.7";"2";"4";"100";"90";"90";"10";"100";"5";"5";"53";"33";"";"";"";"";"";"";"22.8";"11.2";"9.5";"8";"17"
"Iceland";"ISL";"2. Deild";"27-06-2026 13:00";"FT";"Kári";"1";"1";"Magni";"0";"0";"2";"0.5";"3.2";"1";"0.8";"4.2";"88";"88";"66";"12";"66";"4.6";"4";"67";"17";"";"";"";"";"";"";"16.6";"9.7";"5.5";"6";"12"
"Iceland";"ISL";"3. Deild";"27-06-2026 11:00";"FT";"Höttur";"1";"1";"KA Asvellir";"0";"0";"1.2";"1.2";"1.2";"2";"0.8";"2";"80";"60";"70";"40";"70";"3";"4";"40";"40";"";"";"";"";"";"";"";"";"14";"";"14.3"
"Iceland";"ISL";"3. Deild";"27-06-2026 13:00";"FT";"KF";"2";"2";"Árbær";"1";"0";"1.3";"0.5";"1";"1";"1";"2.3";"75";"75";"67";"25";"58";"2.6";"3";"44";"17";"";"";"";"";"";"";"";"";"10";"";"15.2"
"Iceland";"ISL";"U19 League";"27-06-2026 11:00";"FT";"FH / ÍH U19";"0";"3";"KA / D / KF / Hamrar U19";"0";"3";"2.3";"";"4.3";"";"2.1";"";"";"";"";"";"";"";"";"76";"";"";"";"";"";"";"";"";"";"";"";""
"Iceland";"ISL";"U19 League B";"27-06-2026 11:00";"AWAITING_UPDATES";"Víkingur / BF108 U19";"";"";"Stjarnan / KFG U19";"";"";"2.3";"";"3.3";"";"0.5";"";"";"";"";"";"";"";"";"78";"";"";"";"";"";"";"";"";"";"";"";""
"Iceland";"ISL";"U19 League B";"27-06-2026 16:00";"AWAITING_UPDATES";"Haukar / KÁ U19";"";"";"KA/D/KF/Hö/H U19 II";"";"";"1.2";"0";"4.3";"0.3";"4.3";"5.4";"100";"100";"64";"0";"";"7.2";"7";"39";"0";"";"";"";"";"";"";"";"";"";"";""
"Iceland";"ISL";"U19 League C";"27-06-2026 11:00";"AWAITING_UPDATES";"Valur / KH / Fálkar U19";"";"";"Aftur / Hvíti / Ál U19";"";"";"0";"1.6";"2";"2.6";"6.5";"2.2";"100";"100";"90";"0";"";"6.6";"7";"0";"53";"";"";"";"";"";"";"";"";"";"";""
"Japan";"JPN";"Nadeshiko League 1";"27-06-2026 01:00";"FT";"Iga Kunoichi W";"0";"0";"Viamaterras Miyazaki W";"0";"0";"1.7";"1.7";"1.1";"1.6";"0.9";"0.9";"71";"50";"64";"50";"64";"2.2";"2";"57";"57";"";"";"";"";"";"";"21.6";"11.6";"13.9";"7.6";"10.1"
"Japan";"JPN";"Nadeshiko League 1";"27-06-2026 04:00";"FT";"Nittaidai W";"0";"1";"Kamogawa W";"0";"0";"1";"1.3";"1.3";"0.8";"3.1";"0.8";"68";"52";"38";"48";"77";"3.1";"3";"33";"44";"";"";"";"";"";"";"24.8";"9.4";"8.2";"21.6";"10.5"
"Japan";"JPN";"Nadeshiko League 1";"27-06-2026 04:00";"DELAYED";"Setagaya Sfida W";"0";"0";"Yokohama W";"0";"0";"1.3";"0.6";"2";"1.4";"1.8";"2.1";"92";"76";"68";"24";"84";"3.7";"4";"44";"19";"";"";"";"";"";"";"23.4";"9.8";"12";"12.2";"12.7"
"Japan";"JPN";"Nadeshiko League 2";"27-06-2026 00:00";"DELAYED";"Nankatsu W";"0";"0";"Diosa Izumo W";"0";"0";"0.9";"1.8";"1.1";"1";"2.1";"0.9";"68";"54";"48";"46";"80";"2.6";"3";"29";"58";"";"";"";"";"";"";"24.2";"12";"11.6";"15.1";"9.6"
"Japan";"JPN";"Nadeshiko League 2";"27-06-2026 01:00";"FT";"Speranza W";"1";"0";"Yamato Sylphid W";"1";"0";"2.6";"0.4";"1.4";"0.9";"0.1";"1.9";"57";"28";"28";"72";"57";"2.2";"2";"86";"14";"";"";"";"";"";"";"22.5";"12.3";"13.8";"6.8";"12"
"Japan";"JPN";"Nadeshiko League 2";"27-06-2026 23:00";"FT";"JFA Academy W";"2";"0";"Veertien Mie W";"2";"0";"0.4";"1.4";"1.1";"0.6";"2";"0.9";"57";"36";"36";"64";"64";"2.2";"2";"14";"48";"";"";"";"";"";"";"";"";"6.7";"";"12.3"
"Japan";"JPN";"Regional Leagues: Kyushu";"27-06-2026 00:15";"FT";"Atletico Celeste";"2";"3";"Nobeoka";"0";"0";"1";"1.8";"1";"2";"2.3";"1.8";"100";"90";"54";"10";"";"3.6";"3";"33";"60";"";"";"";"";"";"";"";"";"17";"";"9"
"Japan";"JPN";"Regional Leagues: Kyushu";"27-06-2026 01:15";"FT";"Miyakonojo";"1";"7";"Veroskronos Tsuno";"0";"4";"1";"3";"1.8";"3.5";"1.8";"0";"88";"88";"25";"12";"66";"3.5";"3";"33";"100";"";"";"";"";"";"";"24.9";"7.5";"11.7";"22";"8.7"
"Japan";"JPN";"Regional Leagues: Kyushu";"27-06-2026 03:30";"FT";"NIFS Kanoya FC";"0";"1";"KMG Holdings";"0";"1";"0.5";"3";"0.5";"3";"1.5";"0";"50";"38";"25";"62";"50";"2.5";"3";"17";"100";"";"";"";"";"";"";"18";"13.5";"10.5";"8.5";"3.5"
"Japan";"JPN";"Regional Leagues: Kyushu";"27-06-2026 22:00";"FT";"NIFS Kanoya FC";"2";"1";"Miyakonojo";"1";"1";"0.4";"1.2";"0.4";"1.2";"1.4";"2.4";"50";"40";"40";"60";"66";"2.7";"2";"13";"40";"";"";"";"";"";"";"21.3";"11";"8";"9.3";"14.3"
"Japan";"JPN";"Regional Leagues: Kyushu";"27-06-2026 23:00";"FT";"Heavy Industries";"0";"1";"Brew Saga";"0";"0";"1.2";"0.4";"1";"1.4";"1.5";"2.4";"78";"65";"65";"35";"67";"3.2";"3";"42";"13";"";"";"";"";"";"";"28";"13";"19.7";"10.3";"13"
"Japan";"JPN";"Regional Leagues: Chugoku";"27-06-2026 23:00";"FT";"Mizushima";"0";"3";"Fukuyama City";"0";"2";"2.6";"3";"3";"3.8";"0.6";"0.2";"86";"77";"30";"23";"";"3.8";"";"86";"100";"";"";"";"";"";"";"";"10.4";"";"10";""
"Japan";"JPN";"Regional Leagues: Kanto";"27-06-2026 02:00";"POSTPONED";"Shibuya City";"";"";"Nihon University";"";"";"1";"0.3";"1";"0.7";"1";"2";"66";"33";"33";"67";"75";"2.4";"2";"33";"11";"";"";"";"";"";"";"";"";"";"";""
"Japan";"JPN";"Regional Leagues: Kanto";"27-06-2026 05:30";"POSTPONED";"Toho Titanium";"";"";"Tokyo United";"";"";"2.6";"1.2";"2.6";"0.8";"0.4";"0.8";"75";"42";"45";"58";"12";"2.2";"3";"87";"42";"";"";"";"";"";"";"";"";"";"";""
"Japan";"JPN";"Regional Leagues: Kanto";"27-06-2026 06:00";"POSTPONED";"Aries Toshima";"";"";"Toin Yokohama UFC";"";"";"1.8";"1.7";"1.2";"2.7";"1.2";"2.3";"100";"75";"88";"25";"";"3.8";"4";"58";"56";"";"";"";"";"";"";"";"";"";"";""
"Japan";"JPN";"Regional Leagues: Kansai";"27-06-2026 03:00";"FT";"Ococias Kyoto";"1";"1";"Asuka FC";"1";"1";"0.7";"0.5";"0.7";"0";"1";"2.5";"58";"42";"34";"58";"";"2.1";"";"22";"17";"";"";"";"";"";"";"";"";"10.5";"";"14"
"Japan";"JPN";"Regional Leagues: Kansai";"27-06-2026 06:00";"FT";"Laranja Kyoto";"0";"5";"Cento Cuore Harima";"0";"2";"1";"2.5";"0.5";"2";"2";"0.8";"62";"62";"50";"38";"66";"2.6";"";"33";"83";"";"";"";"";"";"";"20.6";"8";"12.5";"13.3";"7.5"
"Japan";"JPN";"Regional Leagues: Tokai";"27-06-2026 22:30";"AWAITING_UPDATES";"Sapporo FC";"";"";"ASC Hokkaido";"";"";"0";"3";"0.5";"2";"3";"0";"75";"50";"25";"50";"";"2.8";"3";"0";"100";"";"";"";"";"";"";"";"";"";"";""
"Japan";"JPN";"Regional Leagues: Tokai";"27-06-2026 23:00";"AWAITING_UPDATES";"Hokkaido University";"";"";"Norbritz Hokkaido";"";"";"1.5";"3";"2";"2.5";"1.5";"0.5";"75";"50";"50";"50";"";"3.2";"3";"50";"100";"";"";"";"";"";"";"";"";"";"";""
"Kazakhstan";"KAZ";"Premier League";"27-06-2026 09:00";"FT";"Okzhetpes";"1";"3";"Kairat";"1";"1";"2";"2";"1.4";"1.4";"0.9";"0.9";"71";"47";"71";"53";"71";"2.2";"2";"67";"67";"";"";"";"";"";"";"18.8";"11.1";"10.6";"8.5";"7.6"
"Kazakhstan";"KAZ";"Premier League";"27-06-2026 10:00";"FT";"Zhetysu";"1";"0";"Aktobe";"1";"0";"1";"0.4";"1";"0.6";"1";"1.4";"55";"26";"36";"74";"46";"2";"2";"33";"13";"";"";"";"";"";"";"21";"9.8";"8.8";"10.2";"13.2"
"Kazakhstan";"KAZ";"Premier League";"27-06-2026 11:00";"FT";"Yelimay Semey";"2";"0";"Kyzyl-Zhar";"0";"0";"1.1";"0.7";"1.1";"0.3";"1.4";"1.1";"57";"43";"42";"57";"42";"2";"2";"38";"24";"";"";"";"";"";"";"24.2";"16.6";"8";"11.3";"12.4"
"Kazakhstan";"KAZ";"Premier League";"27-06-2026 12:00";"FT";"Kaspiy";"2";"0";"Atyrau";"2";"0";"0.8";"1.1";"1";"0.9";"1.6";"0.9";"68";"42";"68";"58";"71";"2.2";"2";"27";"38";"";"";"";"";"";"";"20";"10";"6.2";"9.2";"14.6"
"South Korea";"KOR";"K3 League";"27-06-2026 04:00";"FT";"Changwon City";"2";"2";"Yeoju Sejong";"1";"0";"1.7";"1.4";"1.1";"0.8";"0.7";"1";"58";"27";"42";"73";"62";"1.8";"2";"57";"47";"";"";"";"";"";"";"15.7";"10.3";"5.4";"4.5";"11.2"
"South Korea";"KOR";"K3 League";"27-06-2026 04:00";"FT";"Siheung Citizen";"1";"1";"Jeonbuk Motors II";"0";"0";"2.4";"0.3";"1.4";"0.5";"0.7";"2.8";"69";"46";"60";"54";"84";"2.7";"3";"81";"11";"";"";"";"";"";"";"16.4";"10";"4.8";"7.1";"10.8"
"South Korea";"KOR";"K3 League";"27-06-2026 07:00";"FT";"Ulsan Citize";"4";"1";"Mokpo City";"1";"0";"0.6";"1";"0.5";"0.7";"1";"1.4";"54";"40";"40";"60";"40";"1.8";"2";"21";"33";"";"";"";"";"";"";"14.8";"4.5";"6.1";"7.6";"11.4"
"South Korea";"KOR";"K3 League";"27-06-2026 07:00";"FT";"Chuncheon";"3";"3";"Yangpyeong";"1";"0";"1.3";"0.6";"1.9";"0.5";"1.2";"1.4";"64";"37";"42";"63";"64";"2.5";"2";"44";"20";"";"";"";"";"";"";"17.9";"11.1";"9";"6.9";"8.8"
"South Korea";"KOR";"K4 League";"27-06-2026 04:00";"FT";"Jinju Citizen";"1";"0";"Seosan Pioneer";"0";"0";"2.6";"0.4";"2.6";"1";"1";"2.9";"94";"62";"38";"38";"75";"3.8";"3";"88";"12";"";"";"";"";"";"";"15.5";"7.7";"9.1";"2.4";"11.8"
"South Korea";"KOR";"K4 League";"27-06-2026 06:00";"FT";"Haman";"1";"3";"Geumsan Insam";"1";"0";"0.7";"0.9";"1.2";"1.7";"2.2";"1.6";"93";"56";"77";"44";"62";"3.3";"3";"22";"29";"";"";"";"";"";"";"23";"9.8";"12";"11.8";"12.5"
"South Korea";"KOR";"K4 League";"27-06-2026 07:00";"FT";"Pyeongtaek Citizen";"1";"1";"Jungnang Chorus Mustang";"1";"0";"0.4";"2.2";"1";"2.3";"2.5";"1.2";"71";"58";"58";"42";"56";"3.5";"3";"12";"72";"";"";"";"";"";"";"24.3";"12.8";"11.8";"16";"8"
"Lithuania";"LTU";"1. Lyga";"27-06-2026 09:00";"FT";"Hegelmann II";"2";"1";"Jonava";"0";"0";"0.5";"1";"0.8";"0.9";"2";"1.7";"84";"62";"38";"38";"77";"2.7";"3";"17";"33";"";"";"";"";"";"";"20.7";"8.3";"8";"15.2";"9.9"
"Lithuania";"LTU";"1. Lyga";"27-06-2026 10:00";"FT";"Dainava";"1";"0";"Neptūną Klaipėda";"1";"0";"2.5";"2.2";"2.5";"1.5";"0.7";"0.8";"66";"58";"42";"42";"75";"2.8";"3";"83";"72";"";"";"";"";"";"";"19.4";"15.5";"10.2";"5.2";"8"
"Lithuania";"LTU";"1. Lyga";"27-06-2026 10:00";"FT";"Ekranas";"1";"2";"Atmosfera";"1";"2";"1";"2";"1.3";"2.6";"1.7";"0.8";"92";"72";"45";"28";"84";"3.2";"3";"33";"67";"";"";"";"";"";"";"17.6";"11.2";"8.4";"8.2";"7.4"
"Lithuania";"LTU";"1. Lyga";"27-06-2026 10:00";"FT";"TransINVEST Vilnius II";"0";"1";"Tauras";"0";"0";"0.8";"0.7";"1.2";"1";"2.5";"1.7";"67";"58";"58";"42";"58";"3.2";"3";"28";"22";"";"";"";"";"";"";"19.8";"6.5";"9.2";"16";"7.8"
"Lithuania";"LTU";"1. Lyga";"27-06-2026 12:00";"FT";"FA Šiauliai II";"0";"1";"Babrungas";"0";"1";"1";"2.2";"1.3";"1.6";"1.7";"0.6";"82";"54";"64";"46";"74";"2.6";"3";"33";"73";"";"";"";"";"";"";"17.4";"5";"9";"11.3";"9.4"
"Latvia";"LVA";"First Liga";"27-06-2026 09:00";"FT";"Super Nova II";"3";"1";"Tukums II";"2";"0";"1.7";"1";"1.3";"2";"1";"3.2";"75";"75";"75";"25";"84";"3.8";"4";"56";"33";"";"";"";"";"";"";"20";"9.2";"8.3";"8.4";"14"
"Latvia";"LVA";"First Liga";"27-06-2026 11:00";"FT";"Rīgas FS II";"1";"3";"Riga FC II";"1";"1";"0.7";"0.2";"1.5";"1";"2.5";"2.2";"100";"80";"64";"20";"90";"3.6";"4";"22";"7";"";"";"";"";"";"";"22.9";"9.7";"7";"16.2";"13"
"Latvia";"LVA";"First Liga";"27-06-2026 12:00";"FT";"Rēzekne / BJSS";"2";"4";"JDFS Alberts";"1";"2";"0.8";"0.8";"1.2";"1.4";"3";"2.2";"100";"80";"90";"20";"80";"3.9";"3";"27";"27";"";"";"";"";"";"";"20.9";"6";"11.8";"17";"7"
"Latvia";"LVA";"First Liga";"27-06-2026 13:00";"FT";"Beitar / Riga Mariners";"2";"0";"Mārupe";"1";"0";"1.8";"2";"1.8";"1.6";"1.2";"0.6";"70";"60";"60";"40";"40";"2.6";"3";"60";"67";"";"";"";"";"";"";"20.2";"12.2";"11.4";"9.2";"7.6"
"Macau";"MAC";"Primeira Division";"27-06-2026 08:00";"FT";"Artilheiros";"1";"10";"CPK";"0";"6";"0.2";"2.4";"1.2";"5.4";"5.5";"0.8";"100";"90";"54";"10";"80";"6.4";"6";"6";"80";"";"";"";"";"";"";"21.3";"4.7";"17.2";"16.3";"4.4"
"Macau";"MAC";"Primeira Division";"27-06-2026 10:00";"FT";"Cheng Fung";"1";"4";"Jia Hua";"0";"1";"1";"2";"2.6";"2.8";"2.6";"1.6";"94";"84";"71";"16";"88";"4.8";"5";"33";"67";"";"";"";"";"";"";"26.6";"16.5";"11.4";"14.8";"10.5"
"Madagascar";"MAD";"Pro League";"27-06-2026 21:00";"AWAITING_UPDATES";"Ajesaia";"";"";"CFFA";"";"";"2";"1.5";"1.4";"2";"0.7";"1.6";"78";"46";"58";"54";"";"2.8";"2";"67";"50";"";"";"";"";"";"";"";"";"";"";""
"Moldova";"MDA";"Super Liga";"27-06-2026 12:00";"FT";"CSF Bălți";"3";"0";"FC Politehnica";"2";"0";"";"";"";"";"";"";"";"";"";"";"";"";"";"";"";"";"";"";"";"";"";"";"";"";"";""
"Moldova";"MDA";"Super Liga";"27-06-2026 14:00";"FT";"Milsami";"0";"0";"Zimbru";"0";"0";"";"";"";"";"";"";"";"";"";"";"";"";"";"";"";"";"";"";"";"";"";"";"";"";"";""
"Mongolia";"MNG";"Premier League";"27-06-2026 05:00";"FT";"Deren";"0";"2";"Ulaanbaatar";"0";"1";"2";"2.4";"4";"3.6";"0.9";"0.6";"94";"66";"58";"34";"82";"4.6";"4";"67";"79";"";"";"";"";"";"";"20";"11.2";"15.2";"6.4";"7"
"Mongolia";"MNG";"Premier League";"27-06-2026 08:00";"FT";"Central Stallions";"2";"2";"Khangarid";"2";"0";"2.3";"1.8";"2.8";"3.6";"1.1";"1.1";"89";"78";"50";"22";"72";"4.3";"4";"78";"59";"";"";"";"";"";"";"20.6";"9.7";"14.5";"10.1";"6.9"
"Mozambique";"MOZ";"Mocambola";"27-06-2026 09:45";"FT";"Sofala";"0";"0";"Ferroviário Nacala";"0";"0";"2";"2";"0.8";"2";"0.2";"1";"62";"25";"62";"75";"25";"2";"2";"67";"67";"";"";"";"";"";"";"";"12.7";"";"16";""
"Malawi";"MWI";"Super League";"27-06-2026 09:30";"FT";"Mitundu Baptist";"3";"2";"Blue eagles Malawi";"1";"0";"2";"2";"1.3";"1.3";"0.7";"0.3";"67";"16";"0";"84";"67";"1.8";"2";"67";"67";"";"";"";"";"";"";"";"10.5";"";"7";""
"Malawi";"MWI";"Super League";"27-06-2026 09:30";"FT";"Chitipa United";"2";"1";"Kamuzu Barracks";"0";"0";"2";"1";"0.7";"1";"1.3";"1";"33";"33";"16";"67";"33";"2";"2";"67";"33";"";"";"";"";"";"";"17.5";"5";"13.5";"4.5";"12"
"New Caledonia";"NCL";"Super Ligue";"27-06-2026 01:00";"POSTPONED";"Gaïca";"";"";"Magenta";"";"";"1.3";"1.9";"0.8";"1.3";"0.5";"0";"40";"23";"25";"77";"";"1.3";"2";"44";"62";"";"";"";"";"";"";"";"";"";"";""
"New Caledonia";"NCL";"Super Ligue";"27-06-2026 01:00";"POSTPONED";"AS Mont-Dore";"";"";"Lössi";"";"";"0";"1.2";"0.6";"1.2";"3.2";"1.2";"90";"70";"60";"30";"";"3.1";"3";"0";"40";"";"";"";"";"";"";"";"";"";"";""
"New Caledonia";"NCL";"Super Ligue";"27-06-2026 01:00";"POSTPONED";"Hienghene Sport";"";"";"Kunié";"";"";"1.4";"1.5";"0.7";"0.8";"0.4";"0.7";"46";"24";"40";"76";"";"1.3";"2";"48";"50";"";"";"";"";"";"";"";"";"";"";""
"New Caledonia";"NCL";"Super Ligue";"27-06-2026 03:30";"POSTPONED";"Ne Drehu";"";"";"Horizon Patho";"";"";"1.8";"0.9";"1.8";"1";"2";"1";"78";"72";"40";"28";"";"2.9";"2";"58";"29";"";"";"";"";"";"";"";"";"";"";""
"Norway";"NOR";"1. Division";"27-06-2026 11:00";"FT";"Åsane";"3";"0";"Ranheim";"0";"0";"1.5";"0.6";"2.2";"1.8";"2";"3.4";"100";"92";"65";"8";"84";"4.7";"4";"50";"20";"";"";"";"";"";"";"23";"8.8";"8.6";"9.5";"19.2"
"Norway";"NOR";"1. Division";"27-06-2026 11:00";"FT";"Strømmen";"3";"2";"Moss";"2";"1";"0.7";"1.5";"1";"2";"2.8";"2.5";"92";"92";"66";"8";"67";"4.2";"4";"22";"50";"";"";"";"";"";"";"20.2";"9.8";"10.7";"9.2";"10.7"
"Norway";"NOR";"1. Division";"27-06-2026 11:00";"FT";"Stabæk";"2";"0";"Bryne";"2";"0";"2.4";"1";"2.6";"1";"1";"1.7";"84";"74";"38";"26";"74";"3.2";"3";"80";"33";"";"";"";"";"";"";"24.1";"16.8";"8.8";"10.2";"12.3"
"Norway";"NOR";"1. Division";"27-06-2026 11:00";"FT";"Sandnes Ulf";"3";"0";"Raufoss";"0";"0";"1.7";"0.5";"1.7";"0.8";"1.2";"3";"83";"58";"58";"42";"75";"3.3";"3";"56";"17";"";"";"";"";"";"";"22.2";"12.7";"6.3";"7.5";"17.8"
"Norway";"NOR";"1. Division";"27-06-2026 11:00";"FT";"Lyn";"1";"4";"Hødd";"1";"2";"0.5";"0.8";"0.5";"0.8";"2.7";"1.2";"66";"50";"34";"50";"58";"2.6";"3";"17";"28";"";"";"";"";"";"";"23.1";"8.2";"9.5";"15.5";"13"
"Norway";"NOR";"1. Division";"27-06-2026 11:00";"FT";"Haugesund";"4";"2";"Kongsvinger";"3";"2";"2.6";"1.8";"2.8";"1.8";"1";"1.2";"100";"64";"74";"36";"80";"3.4";"4";"87";"61";"";"";"";"";"";"";"24.3";"15.4";"12.5";"9";"11.7"
"Norway";"NOR";"1. Division";"27-06-2026 13:00";"FT";"Strømsgodset";"2";"2";"Odd";"1";"1";"3";"1.8";"3.3";"1.8";"1";"1.6";"82";"82";"65";"18";"65";"3.8";"3";"100";"60";"";"";"";"";"";"";"25";"20.3";"11.2";"9.2";"9.2"
"Norway";"NOR";"1. Division";"27-06-2026 15:00";"FT";"Sogndal";"4";"2";"Egersund";"3";"1";"1.4";"0.6";"2.2";"1.6";"2";"2.4";"100";"90";"70";"10";"90";"4.1";"4";"47";"20";"";"";"";"";"";"";"25.7";"13.6";"9.2";"16.4";"12.2"
"Norway";"NOR";"2. Division - Group 1";"27-06-2026 07:00";"FT";"Træff";"3";"1";"Eik Tønsberg";"2";"1";"1.3";"0";"2.2";"0.2";"1.7";"2.8";"90";"54";"35";"46";"72";"3.4";"3";"44";"0";"";"";"";"";"";"";"18.4";"10.2";"6.4";"7.8";"12.4"
"Norway";"NOR";"2. Division - Group 1";"27-06-2026 08:00";"FT";"Vidar";"2";"4";"Kvik Halden";"1";"0";"0.3";"1.6";"0.7";"1.6";"2.3";"1.4";"82";"55";"74";"45";"82";"3";"3";"11";"53";"";"";"";"";"";"";"23.6";"10.2";"7.4";"16";"13.6"
"Norway";"NOR";"2. Division - Group 1";"27-06-2026 08:00";"FT";"Lysekloster";"1";"1";"Brattvåg";"0";"0";"1";"2";"1.2";"1.8";"1.4";"0.8";"84";"28";"48";"72";"66";"2.7";"3";"33";"67";"";"";"";"";"";"";"13.2";"5.7";"8";"4.7";"8.2"
"Norway";"NOR";"2. Division - Group 1";"27-06-2026 08:30";"FT";"Mjøndalen";"1";"0";"Bjarg";"1";"0";"2.6";"2.4";"3";"1.8";"1";"1.2";"90";"70";"60";"30";"70";"3.5";"3";"87";"80";"";"";"";"";"";"";"20.2";"14.4";"13.8";"6.2";"6"
"Norway";"NOR";"2. Division - Group 1";"27-06-2026 10:00";"FT";"Pors Grenland";"2";"4";"Arendal";"1";"1";"1.2";"0.4";"0.7";"0.6";"1";"2";"65";"36";"38";"64";"55";"2.2";"2";"39";"13";"";"";"";"";"";"";"20.2";"8.5";"7.2";"12.8";"11.8"
"Norway";"NOR";"2. Division - Group 1";"27-06-2026 10:00";"FT";"Sandviken";"0";"4";"Notodden";"0";"2";"1.2";"2.2";"1.6";"2";"1.8";"0.8";"72";"55";"46";"45";"80";"3.1";"3";"40";"72";"";"";"";"";"";"";"19.2";"7.6";"10.7";"11.4";"8.8"
"Norway";"NOR";"2. Division: Group 2";"27-06-2026 08:00";"FT";"Ullensaker / Kisa";"1";"3";"Rana";"0";"2";"1.2";"0.8";"2.2";"1.6";"3";"2.4";"100";"100";"90";"0";"80";"4.6";"4";"40";"27";"";"";"";"";"";"";"20.3";"8.2";"7.8";"11.4";"13.2"
"Norway";"NOR";"2. Division: Group 2";"27-06-2026 09:00";"FT";"Lørenskog";"1";"0";"Grorud";"1";"0";"2.4";"1.4";"3";"1.4";"0.8";"1.2";"80";"70";"60";"30";"60";"3.2";"3";"80";"47";"";"";"";"";"";"";"18";"11.2";"8.8";"6.8";"9.2"
"Norway";"NOR";"2. Division: Group 2";"27-06-2026 09:00";"FT";"Kjelsås";"1";"3";"Hønefoss";"1";"1";"2.5";"1.4";"2.2";"2.6";"1.3";"1.8";"92";"92";"55";"8";"92";"4";"4";"83";"47";"";"";"";"";"";"";"22.2";"11";"14.2";"8.3";"11"
"Norway";"NOR";"3. Division - Group 1";"27-06-2026 08:00";"FT";"Grei";"1";"5";"Nordstrand";"1";"3";"0.8";"0.6";"2.8";"1";"3.8";"2.4";"100";"100";"80";"0";"90";"5";"4";"27";"20";"";"";"";"";"";"";"21";"8.8";"11.2";"10.2";"11.8"
"Norway";"NOR";"3. Division - Group 1";"27-06-2026 09:00";"FT";"Frigg";"1";"1";"Bærum";"1";"0";"1.2";"1.8";"2.3";"2.8";"2.3";"1.6";"100";"90";"80";"10";"92";"4.6";"4";"39";"60";"";"";"";"";"";"";"19.6";"10.5";"13.2";"8";"7.6"
"Norway";"NOR";"3. Division - Group 1";"27-06-2026 09:00";"FT";"Asker";"3";"2";"Ullern";"0";"1";"2.4";"1.2";"3.4";"1.8";"0.8";"2.2";"90";"90";"40";"10";"90";"4.1";"4";"80";"40";"";"";"";"";"";"";"17.9";"16";"6.2";"5.2";"8.4"
"Norway";"NOR";"3. Division - Group 2";"27-06-2026 08:00";"FT";"Kvik Trondheim";"0";"2";"Volda";"0";"1";"1.2";"1.6";"1.8";"2.2";"2.2";"1.4";"100";"72";"90";"28";"90";"3.8";"4";"39";"53";"";"";"";"";"";"";"19";"11";"7.2";"11.5";"8.2"
"Norway";"NOR";"3. Division - Group 2";"27-06-2026 10:00";"FT";"Orkla";"3";"5";"Molde II";"1";"2";"1.2";"0.7";"1.7";"1.7";"2.5";"3.2";"100";"92";"58";"8";"84";"4.5";"4";"39";"22";"";"";"";"";"";"";"";"";"6.7";"";"12.7"
"Norway";"NOR";"3. Division - Group 2";"27-06-2026 10:00";"FT";"Rosenborg II";"2";"1";"Spjelkavik";"0";"0";"2";"1.4";"2.8";"2";"1";"2.2";"90";"90";"50";"10";"80";"4";"4";"67";"47";"";"";"";"";"";"";"20.7";"12";"13.8";"7.6";"8"
"Norway";"NOR";"3. Division - Group 2";"27-06-2026 10:00";"FT";"Herd";"2";"2";"NTNUI";"0";"2";"2";"1";"2.6";"1.4";"1.4";"2";"90";"70";"60";"30";"90";"3.7";"3";"67";"33";"";"";"";"";"";"";"20.6";"8.8";"9.3";"9";"14"
"Norway";"NOR";"3. Division - Group 2";"27-06-2026 10:00";"FT";"Ranheim II";"5";"3";"Nardo";"2";"3";"1.5";"0.2";"2.8";"1.4";"2.5";"3.2";"100";"92";"100";"8";"92";"4.9";"5";"50";"7";"";"";"";"";"";"";"27.4";"13";"10";"18";"13.7"
"Norway";"NOR";"3. Division - Group 2";"27-06-2026 12:00";"FT";"Byåsen";"2";"1";"Aalesund II";"1";"1";"1.8";"1.2";"1.6";"1.5";"1.6";"2.7";"82";"64";"55";"36";"100";"3.7";"4";"60";"39";"";"";"";"";"";"";"22.3";"14.4";"7.8";"10";"12.5"
"Norway";"NOR";"3. Division - Group 3";"27-06-2026 07:00";"FT";"Sogndal II";"0";"2";"Stord";"0";"0";"1.5";"1.4";"2";"1.6";"1.5";"2.2";"88";"68";"78";"32";"90";"3.6";"4";"50";"47";"";"";"";"";"";"";"";"";"8.5";"";"14.2"
"Norway";"NOR";"3. Division - Group 3";"27-06-2026 08:00";"FT";"Brann II";"3";"2";"Fana";"3";"0";"2.4";"1.2";"3.4";"2.2";"1.2";"2.4";"100";"80";"60";"20";"100";"4.6";"4";"80";"40";"";"";"";"";"";"";"19";"11.3";"5";"13.7";"8"
"Norway";"NOR";"3. Division - Group 3";"27-06-2026 09:00";"FT";"Djerv";"6";"2";"Gneist";"3";"0";"1.6";"0.8";"1.6";"1.6";"1.4";"2.6";"80";"60";"80";"40";"60";"3.6";"3";"53";"27";"";"";"";"";"";"";"20.2";"11.5";"10";"6";"13"
"Norway";"NOR";"3. Division - Group 3";"27-06-2026 10:00";"FT";"Askøy";"2";"0";"Forde";"1";"0";"2.2";"0.8";"1.8";"1.2";"0.6";"2.8";"90";"80";"60";"20";"70";"3.2";"3";"73";"27";"";"";"";"";"";"";"";"";"4.7";"";"8"
"Norway";"NOR";"3. Division - Group 4";"27-06-2026 10:00";"FT";"Madla";"2";"2";"Mandalskameratene";"0";"0";"2.6";"1.4";"2.2";"3.6";"0.6";"3";"100";"80";"80";"20";"70";"4.7";"4";"87";"47";"";"";"";"";"";"";"31.6";"18";"11.7";"12.5";"21"
"Norway";"NOR";"3. Division - Group 5";"27-06-2026 07:00";"FT";"Fauske / Sprint";"3";"1";"Fløya";"2";"0";"1.6";"1.4";"2.6";"2";"2.6";"1.8";"90";"90";"80";"10";"80";"4.5";"4";"53";"47";"";"";"";"";"";"";"";"";"10.5";"";"9.5"
"Norway";"NOR";"3. Division - Group 5";"27-06-2026 11:00";"FT";"Ulfstind";"1";"1";"Harstad";"1";"0";"1.2";"0.7";"2.6";"1.5";"2.4";"2.2";"100";"100";"90";"0";"100";"4.4";"4";"40";"22";"";"";"";"";"";"";"";"";"8.7";"";"17.3"
"Norway";"NOR";"3. Division - Group 5";"27-06-2026 11:00";"FT";"Bossekop";"0";"2";"Kongsvinger II";"0";"2";"0.8";"1";"1.6";"1.7";"3.2";"2.5";"92";"82";"84";"18";"82";"4.5";"4";"27";"33";"";"";"";"";"";"";"";"";"";"";""
"Norway";"NOR";"3. Division - Group 6";"27-06-2026 09:00";"FT";"Oppsal";"3";"1";"Raelingen";"1";"0";"1.5";"0.6";"1.5";"2";"1.5";"4.6";"84";"66";"66";"34";"65";"4.8";"5";"50";"20";"";"";"";"";"";"";"25.8";"13";"8.3";"10.2";"20"
"Norway";"NOR";"3. Division - Group 6";"27-06-2026 09:00";"FT";"Lillehammer";"2";"2";"Elverum";"1";"2";"3";"1.2";"4.8";"2.2";"1";"1.2";"90";"90";"60";"10";"90";"4.6";"5";"100";"40";"";"";"";"";"";"";"";"";"";"";""
"Norway";"NOR";"3. Division - Group 6";"27-06-2026 09:00";"FT";"Ørn Horten";"4";"3";"Sandefjord II";"1";"2";"2";"1.2";"2.6";"2";"1.6";"2.2";"90";"80";"80";"20";"100";"4.2";"5";"67";"40";"";"";"";"";"";"";"21.8";"13.2";"9";"9.2";"12"
"Norway";"NOR";"3. Division - Group 6";"27-06-2026 10:00";"FT";"Fram";"1";"1";"Drøbak / Frogn";"0";"0";"1";"1.3";"1.6";"1";"1.4";"1";"65";"36";"55";"64";"56";"2.5";"4";"33";"44";"";"";"";"";"";"";"26.2";"17.5";"9.8";"14";"11"
"New Zealand";"NZL";"National League";"27-06-2026 00:00";"FT";"Auckland United";"3";"0";"Melville United";"2";"0";"2";"1";"2.3";"1.5";"0.9";"3.2";"86";"63";"40";"37";"93";"3.9";"3";"67";"33";"";"";"";"";"";"";"20.8";"11.1";"6.5";"11.1";"12.7"
"New Zealand";"NZL";"National League";"27-06-2026 00:00";"FT";"Eastern Suburbs";"1";"1";"Birkenhead United";"0";"0";"2.3";"2.3";"1.7";"1.9";"0";"0.7";"60";"31";"14";"69";"68";"2.2";"2";"78";"76";"";"";"";"";"";"";"18.9";"14.7";"14.6";"4";"4.6"
"New Zealand";"NZL";"National League";"27-06-2026 04:30";"FT";"Auckland II";"3";"2";"Manukau United";"2";"1";"1.4";"0";"1.6";"0.3";"1.4";"3.7";"78";"57";"28";"43";"78";"3.5";"3";"48";"0";"";"";"";"";"";"";"20.8";"8.7";"4.3";"14.3";"14.4"
"New Zealand";"NZL";"National League";"27-06-2026 20:00";"FT";"FC Western";"1";"1";"Western Suburbs";"0";"1";"0.5";"1.2";"0.8";"2.2";"3.2";"1";"88";"88";"58";"12";"66";"3.6";"3";"17";"42";"";"";"";"";"";"";"22.4";"5";"14";"13.4";"12.5"
"New Zealand";"NZL";"National League";"27-06-2026 21:45";"FT";"South City Royals";"1";"4";"Nelson Suburbs";"0";"4";"1.2";"1.2";"1";"2";"2.3";"3";"92";"75";"48";"25";"82";"4.2";"4";"39";"40";"";"";"";"";"";"";"10.4";"3.2";"7.8";"3.5";"6.2"
"New Zealand";"NZL";"National League";"27-06-2026 23:00";"FT";"Napier City Rovers";"3";"2";"Wellington Olympic";"1";"1";"2.6";"2.6";"3.2";"3";"0.4";"0.4";"80";"70";"40";"30";"80";"3.5";"4";"87";"87";"";"";"";"";"";"";"23.9";"15";"18.4";"4.6";"9.8"
"Paraguay";"PAR";"Division Intermedia";"27-06-2026 10:00";"FT";"Tacuary";"4";"2";"Atlético Tembetary";"1";"1";"0.4";"1.2";"1";"1.2";"1.8";"1";"74";"46";"55";"54";"84";"2.5";"2";"13";"39";"";"";"";"";"";"";"16.5";"5.4";"7.8";"9.4";"10.4"
"Paraguay";"PAR";"Division Intermedia";"27-06-2026 15:30";"FT";"Deportivo Capiatá";"5";"2";"Sportivo Carapeguá";"2";"1";"2.3";"0.8";"1.8";"1.2";"1";"2.2";"75";"58";"66";"42";"75";"3";"3";"78";"28";"";"";"";"";"";"";"18.4";"10";"8";"8.7";"10"
"Paraguay";"PAR";"Division Intermedia";"27-06-2026 18:00";"FT";"General Caballero JLM";"2";"3";"Fernando de la Mora";"0";"1";"2.7";"1.2";"3";"1";"1.5";"1.6";"82";"72";"72";"28";"72";"3.6";"3";"89";"40";"";"";"";"";"";"";"24.2";"15.2";"11.2";"11.5";"10.4"
"Paraguay";"PAR";"Campeonato Femenino";"27-06-2026 16:30";"FT";"Olimpia W";"7";"0";"Sportivo Luqueño W";"0";"0";"2.3";"1";"5";"1";"0.3";"3.3";"84";"67";"16";"33";"84";"4.8";"4";"78";"33";"";"";"";"";"";"";"22.8";"15";"13";"4";"13.5"
"Paraguay";"PAR";"Campeonato Femenino";"27-06-2026 18:30";"FT";"Club Libertad W";"3";"1";"Nacional / Humaitá W";"2";"0";"2.5";"1.5";"5.2";"1.2";"0.2";"2";"88";"62";"38";"38";"62";"4.4";"1";"83";"50";"";"";"";"";"";"";"21.4";"14.3";"13";"1.3";"14"
"Paraguay";"PAR";"Campeonato Femenino";"27-06-2026 20:30";"FT";"Guaraní W";"1";"0";"Deportivo Recoleta W";"1";"0";"3";"0.8";"2.5";"1.5";"1.2";"2.8";"75";"75";"62";"25";"100";"4";"3";"100";"25";"";"";"";"";"";"";"21.5";"9.3";"5.7";"5.3";"22.7"
"Russia";"RUS";"FNL 2 - Group 1";"27-06-2026 11:00";"FT";"Sevastopol";"1";"0";"Angusht";"1";"0";"2.3";"1";"1.7";"0.4";"0.8";"1.1";"48";"40";"40";"60";"48";"2";"2";"78";"33";"";"";"";"";"";"";"12.9";"7.2";"6";"3.2";"9.3"
"Russia";"RUS";"FNL 2 - Group 1";"27-06-2026 11:00";"FT";"Kyzyltash";"3";"2";"Druzhba";"0";"1";"1.7";"1.6";"2.1";"0.7";"1.1";"0.6";"64";"42";"43";"58";"78";"2.3";"2";"57";"52";"";"";"";"";"";"";"15.2";"8.8";"7.5";"5.2";"9"
"Russia";"RUS";"FNL 2 - Group 1";"27-06-2026 11:00";"FT";"Rubin Yalta";"1";"2";"Nart Cherkessk";"0";"1";"1.7";"1.6";"1.6";"1.3";"0.9";"0.9";"64";"36";"43";"64";"50";"2.2";"2";"57";"52";"";"";"";"";"";"";"11.6";"6.7";"4.7";"6.3";"5.5"
"Russia";"RUS";"FNL 2 - Group 1";"27-06-2026 11:00";"FT";"Zarya Lugansk";"1";"2";"Pobeda";"1";"0";"1.6";"1.2";"1.4";"1.3";"1.3";"1.8";"77";"62";"70";"38";"62";"3";"3";"52";"39";"";"";"";"";"";"";"16.1";"9";"6.6";"8.8";"7.8"
"Russia";"RUS";"FNL 2 - Group 1";"27-06-2026 11:00";"FT";"Shakhter Donetsk";"3";"0";"Neftyanik Ufa";"3";"0";"1.9";"0.4";"1.3";"0.6";"0.9";"3.6";"72";"72";"43";"28";"50";"3.1";"3";"62";"14";"";"";"";"";"";"";"14.6";"7";"5.2";"7";"10"
"Russia";"RUS";"FNL 2 - Group 1";"27-06-2026 12:00";"FT";"Rostov II";"2";"0";"Astrakhan";"2";"0";"2.2";"2";"2.3";"1.8";"0.8";"0.8";"74";"55";"35";"45";"74";"2.9";"3";"72";"67";"";"";"";"";"";"";"14.7";"9.2";"4.3";"7.2";"8.7"
"Russia";"RUS";"FNL 2 - Group 1";"27-06-2026 12:00";"FT";"Chayka II";"3";"0";"Dinamo Makhachkala 2";"3";"0";"0.2";"0.1";"0.5";"0.4";"2.3";"2.1";"84";"69";"46";"31";"93";"2.7";"2";"6";"5";"";"";"";"";"";"";"14";"4.5";"6.2";"7";"10.2"
"Russia";"RUS";"FNL 2 - Group 3";"27-06-2026 01:00";"FT";"SKA-Energiya II";"3";"2";"Rotor-2";"1";"0";"1.2";"1.2";"1.5";"0.8";"1.2";"1.2";"62";"44";"18";"56";"62";"2.4";"2";"42";"42";"";"";"";"";"";"";"12.9";"6";"5.3";"6.5";"8"
"Russia";"RUS";"FNL 2 - Group 3";"27-06-2026 07:00";"FT";"Avangard Kursk";"6";"3";"Saturn Ramenskoye";"2";"0";"2";"0.3";"1.5";"0.3";"0.2";"1.3";"42";"29";"29";"71";"71";"1.8";"2";"67";"11";"";"";"";"";"";"";"12.5";"8";"6";"4";"7"
"Russia";"RUS";"FNL 2 - Group 3";"27-06-2026 10:00";"FT";"Metallurg Lipetsk";"3";"2";"Rodina Moskva III";"1";"2";"2.3";"1.2";"2";"1";"0.7";"1.8";"84";"45";"45";"55";"77";"2.8";"3";"76";"39";"";"";"";"";"";"";"12";"7.2";"6";"4";"6.7"
"Russia";"RUS";"FNL 2 - Group 3";"27-06-2026 10:00";"FT";"Zenit Penza";"3";"1";"Orel";"1";"0";"1";"1.7";"1.3";"2.2";"1.6";"1.7";"77";"54";"62";"46";"77";"3.4";"3";"33";"56";"";"";"";"";"";"";"12.9";"6.2";"6.8";"5.6";"7.2"
"Russia";"RUS";"FNL 2 - Group 3";"27-06-2026 11:00";"FT";"Shumbrat";"2";"0";"Ryazan";"1";"0";"1.9";"2.1";"2.3";"1.9";"1.6";"0.6";"78";"64";"50";"36";"78";"3.2";"3";"62";"71";"";"";"";"";"";"";"16.2";"8.8";"7.5";"8.6";"7.5"
"Russia";"RUS";"FNL 2 - Group 3";"27-06-2026 12:00";"FT";"Spartak Tambov";"0";"2";"Volna Kovernino";"0";"1";"3";"2.6";"1.3";"2.1";"0.2";"0.3";"60";"37";"16";"63";"93";"2";"2";"100";"86";"";"";"";"";"";"";"13.5";"7.8";"7.5";"4.3";"7.3"
"Russia";"RUS";"FNL 2 - Group 3";"27-06-2026 13:00";"FT";"Strogino";"3";"1";"Kvant";"3";"0";"0.7";"0.2";"1.1";"0.8";"2.1";"2.8";"93";"73";"60";"27";"78";"3.4";"3";"24";"8";"";"";"";"";"";"";"15.4";"7";"4.4";"10.3";"9"
"Sierra Leone";"SLE";"Premier League";"27-06-2026 13:15";"FT";"Bhantal";"1";"2";"Abacha City";"1";"2";"1.4";"0.8";"1.2";"0.7";"0.7";"1.3";"50";"20";"25";"80";"62";"2";"2";"47";"27";"";"";"";"";"";"";"12.6";"7.3";"7.2";"5";"5.8"
"Sierra Leone";"SLE";"Premier League";"27-06-2026 13:30";"FT";"Bai Bureh Warriors";"0";"0";"Wusum Stars";"0";"0";"2.2";"0.4";"1.4";"0.5";"0.4";"1.7";"55";"40";"35";"60";"55";"2";"2";"73";"13";"";"";"";"";"";"";"18.9";"14.8";"6.8";"6";"10.2"
"Sweden";"SWE";"Superettan";"27-06-2026 10:00";"FT";"Varberg BoIS";"2";"1";"Öster";"0";"0";"1.9";"1.2";"1.9";"1.8";"1.1";"2.2";"86";"70";"62";"30";"86";"3.5";"3";"62";"39";"";"";"";"";"";"";"22.4";"10.6";"10.5";"9.3";"14.3"
"Sweden";"SWE";"Superettan";"27-06-2026 10:00";"FT";"Ljungskile";"3";"2";"Örebro";"1";"2";"1.2";"1";"1.2";"0.8";"1.3";"1.3";"58";"33";"50";"67";"58";"2.4";"2";"39";"33";"";"";"";"";"";"";"20.6";"15.8";"6.5";"9";"10"
"Sweden";"SWE";"Superettan";"27-06-2026 12:00";"FT";"United Nordic";"3";"3";"Oddevold";"2";"0";"2.2";"1.7";"2";"2.2";"1.5";"1.8";"92";"75";"83";"25";"67";"3.8";"4";"72";"56";"";"";"";"";"";"";"21";"13.3";"11";"9.5";"8.2"
"Sweden";"SWE";"Superettan";"27-06-2026 12:00";"FT";"GIF Sundsvall";"0";"2";"Östersunds FK";"0";"0";"0.9";"1.1";"1.1";"1.3";"2.6";"1.3";"86";"72";"71";"28";"86";"3.2";"3";"29";"38";"";"";"";"";"";"";"18.4";"7.7";"8.6";"11.2";"9.4"
"Sweden";"SWE";"Ettan: North";"27-06-2026 08:00";"FT";"Stockholm Internazionale";"2";"0";"Enkoping";"1";"0";"1.9";"1.8";"1.9";"2.2";"1";"1.4";"93";"68";"58";"32";"68";"3.2";"3";"62";"60";"";"";"";"";"";"";"18.4";"11.7";"6.2";"8";"10.8"
"Sweden";"SWE";"Ettan: North";"27-06-2026 11:00";"FT";"Gefle";"2";"1";"Stocksund";"0";"1";"1.2";"0.7";"1.2";"1.7";"2";"1.5";"66";"58";"50";"42";"75";"3.2";"3";"39";"22";"";"";"";"";"";"";"18.6";"8.8";"9.2";"7.7";"11.5"
"Sweden";"SWE";"Ettan: North";"27-06-2026 12:00";"FT";"Arlanda";"1";"0";"IF Karlstad Fotboll";"0";"0";"1.7";"2.3";"1.3";"1.7";"0.9";"0.7";"69";"31";"45";"69";"62";"2.2";"2";"57";"78";"";"";"";"";"";"";"20.4";"10.1";"9.8";"11.3";"9.5"
"Sweden";"SWE";"Ettan: South";"27-06-2026 08:00";"FT";"Laholm";"3";"1";"Utsikten";"3";"0";"0.8";"0.5";"1.4";"0.8";"2.6";"3.5";"100";"90";"65";"10";"92";"4.2";"3";"27";"17";"";"";"";"";"";"";"19.6";"11.2";"5";"10.4";"12.7"
"Sweden";"SWE";"Ettan: South";"27-06-2026 08:00";"FT";"Trollhättan";"1";"1";"Ängelholm";"0";"0";"0.6";"1.3";"1.3";"2";"2";"1.5";"100";"48";"69";"52";"78";"3.4";"3";"19";"44";"";"";"";"";"";"";"19.4";"9.9";"10.8";"9";"9"
"Sweden";"SWE";"Ettan: South";"27-06-2026 11:00";"FT";"Åtvidaberg";"3";"3";"Rosengård";"3";"2";"2.3";"2";"2.3";"1.7";"0.9";"1";"86";"64";"64";"36";"72";"2.9";"3";"76";"67";"";"";"";"";"";"";"16.2";"9.1";"10.4";"6.4";"6.3"
"Sweden";"SWE";"Ettan: South";"27-06-2026 11:00";"FT";"Lund";"2";"1";"Skövde AIK";"2";"0";"2.4";"1";"2.6";"0.8";"1.2";"1.8";"82";"55";"45";"45";"84";"3.2";"3";"80";"33";"";"";"";"";"";"";"20.5";"13.4";"6.5";"7";"14.2"
"Sweden";"SWE";"Ettan: South";"27-06-2026 11:00";"FT";"Ariana";"1";"0";"Jönköpings Södra";"1";"0";"1.6";"0.3";"1.9";"0.8";"1.6";"1.7";"76";"60";"76";"40";"69";"3";"3";"52";"11";"";"";"";"";"";"";"19.9";"13.3";"11.5";"8";"7"
"Sweden";"SWE";"Division 2: Norra Gotaland";"27-06-2026 11:00";"FT";"Ahlafors";"2";"2";"Tord";"1";"1";"1.5";"0.6";"2.3";"0.6";"1.2";"1.4";"90";"44";"64";"56";"70";"2.8";"3";"50";"20";"";"";"";"";"";"";"20.1";"14.2";"8.5";"9.8";"7.8"
"Sweden";"SWE";"Division 2: Norra Gotaland";"27-06-2026 11:00";"FT";"Motala";"0";"1";"Vänersborgs FK";"0";"0";"1.8";"0.7";"1.5";"0.8";"1.2";"1.3";"75";"42";"50";"58";"67";"2.4";"3";"61";"22";"";"";"";"";"";"";"18";"11.2";"5.3";"10.8";"8.7"
"Sweden";"SWE";"Division 2: Norra Gotaland";"27-06-2026 11:00";"FT";"Husqvarna";"3";"1";"IF Karlstad II";"1";"1";"2.7";"1.1";"2.7";"1.6";"0.8";"1.4";"100";"63";"77";"37";"62";"3.2";"3";"89";"38";"";"";"";"";"";"";"17";"10.7";"8";"5.3";"10"
"Sweden";"SWE";"Division 2: Norra Svealand";"27-06-2026 08:00";"FT";"Franke";"1";"2";"Viggbyholms IK";"1";"0";"2.2";"0.8";"2.7";"0.2";"1.2";"1.8";"75";"66";"42";"34";"50";"2.9";"3";"72";"28";"";"";"";"";"";"";"16.6";"11";"6.3";"8";"8"
"Sweden";"SWE";"Division 2: Norra Svealand";"27-06-2026 10:00";"FT";"Täby";"2";"1";"Gute";"0";"1";"2";"1.3";"1.6";"1.3";"0.4";"1.7";"72";"43";"43";"57";"64";"2.5";"3";"67";"43";"";"";"";"";"";"";"22.8";"13.8";"6";"9.8";"16"
"Sweden";"SWE";"Division 2: Norra Svealand";"27-06-2026 11:00";"FT";"Bollstanäs";"5";"1";"Korsnäs IF FK";"1";"1";"1";"1";"1.2";"1.3";"1.7";"1.5";"84";"50";"84";"50";"50";"2.8";"3";"33";"33";"";"";"";"";"";"";"14.8";"7.8";"4";"7.2";"10.5"
"Sweden";"SWE";"Division 2: Norra Svealand";"27-06-2026 11:00";"FT";"Falu BS";"2";"0";"Lidingö";"1";"0";"2.3";"1";"2.2";"1.4";"0.7";"1.9";"77";"60";"60";"40";"70";"3";"3";"78";"33";"";"";"";"";"";"";"";"";"7.6";"";"12"
"Sweden";"SWE";"Division 2: Norrland";"27-06-2026 08:00";"FT";"Täfteå";"1";"1";"Boden";"0";"0";"2.4";"1.6";"3";"1";"0.6";"0.8";"80";"30";"40";"70";"70";"2.7";"3";"80";"53";"";"";"";"";"";"";"";"15";"";"6";""
"Sweden";"SWE";"Division 2: Norrland";"27-06-2026 08:00";"FT";"IFK Umeå";"2";"1";"Storfors";"0";"0";"0";"0.8";"0.6";"1";"3.4";"2.4";"80";"70";"60";"30";"90";"3.7";"3";"0";"27";"";"";"";"";"";"";"19.6";"6.7";"5";"16.7";"11"
"Sweden";"SWE";"Division 2: Norrland";"27-06-2026 09:00";"FT";"IFK Luleå";"0";"1";"Skellefteå";"0";"0";"2";"2.2";"2.8";"2.2";"0.6";"0.6";"80";"50";"50";"50";"80";"3.1";"4";"67";"73";"";"";"";"";"";"";"13.6";"9.7";"8";"4.7";"5"
"Sweden";"SWE";"Division 2: Norrland";"27-06-2026 11:00";"FT";"Tegs SK";"3";"3";"Friska Viljor";"2";"0";"0.2";"1";"1.4";"1.2";"2.8";"1.4";"90";"70";"90";"30";"70";"3.4";"4";"7";"33";"";"";"";"";"";"";"";"";"";"";""
"Sweden";"SWE";"Division 2: Sodra Gotaland";"27-06-2026 11:00";"FT";"Räppe";"1";"4";"Staffanstorp United";"0";"2";"1";"0.8";"1";"1";"1.3";"2";"77";"55";"62";"45";"77";"2.6";"3";"33";"28";"";"";"";"";"";"";"20";"6.6";"7.7";"14.4";"11.3"
"Sweden";"SWE";"Division 2: Sodra Gotaland";"27-06-2026 11:00";"FT";"Solvesborg";"1";"0";"Oskarshamns AIK";"0";"0";"1";"1.3";"1.4";"1.5";"1.9";"1.5";"84";"60";"76";"40";"68";"3.2";"3";"33";"44";"";"";"";"";"";"";"20.5";"15.5";"10.5";"8.8";"6.2"
"Sweden";"SWE";"Division 2: Sodra Gotaland";"27-06-2026 11:00";"FT";"Österlen";"0";"3";"Karlskrona";"0";"3";"1.5";"2.1";"1.7";"2.3";"1.5";"1.7";"100";"100";"86";"0";"100";"3.6";"4";"50";"71";"";"";"";"";"";"";"";"";"11.3";"";"11.2"
"Sweden";"SWE";"Division 2: Sodra Gotaland";"27-06-2026 11:00";"DELAYED";"Nosaby";"0";"0";"IFK Trelleborg";"0";"0";"1.9";"1.3";"2.1";"0.7";"1";"0.7";"60";"37";"45";"63";"45";"2.2";"2";"62";"44";"";"";"";"";"";"";"17.8";"11.8";"10.8";"8.5";"4.8"
"Sweden";"SWE";"Division 2: Sodra Svealand";"27-06-2026 08:00";"FT";"Haninge";"6";"1";"Sleipner";"3";"0";"2";"2";"2.3";"2.2";"1.7";"2";"92";"84";"75";"16";"92";"4.1";"4";"67";"67";"";"";"";"";"";"";"21.4";"14";"10";"9.4";"9.4"
"Sweden";"SWE";"Division 2: Sodra Svealand";"27-06-2026 11:00";"FT";"Eker Örebro";"1";"4";"Farsta";"1";"2";"1.7";"0.6";"1.7";"1.1";"2.3";"1.9";"77";"62";"69";"38";"70";"3.5";"4";"56";"19";"";"";"";"";"";"";"20.3";"11.3";"11.2";"9";"9.2"
"Sweden";"SWE";"Division 2: Vastra Gotaland";"27-06-2026 11:00";"FT";"Astorps FF";"1";"1";"Torslanda";"1";"0";"0.8";"1.2";"0.7";"1.3";"1.7";"1.3";"92";"50";"66";"50";"92";"2.5";"3";"28";"39";"";"";"";"";"";"";"18";"9.8";"8.8";"8.4";"9"
"Sweden";"SWE";"Division 2: Vastra Gotaland";"27-06-2026 11:00";"FT";"Astrio";"1";"2";"Hestrafor";"0";"1";"0.7";"1.9";"0.7";"2";"1.7";"1.9";"92";"60";"54";"40";"76";"3.1";"3";"22";"62";"";"";"";"";"";"";"21.6";"7.7";"9.3";"15.8";"10.3"
"Syria";"SYR";"Premier League";"27-06-2026 11:00";"FT";"Wahda";"1";"0";"Tishreen";"1";"0";"1.9";"1.6";"2.1";"1.3";"1.4";"1";"85";"45";"55";"55";"75";"2.9";"3";"63";"53";"";"";"";"";"";"";"";"";"";"";""
"Tanzania";"TAN";"Ligi kuu Bara";"27-06-2026 10:00";"FT";"Namungo";"0";"0";"Fountain Gate";"0";"0";"1.5";"1.1";"1";"0.9";"0.8";"1.4";"60";"30";"45";"70";"55";"2";"2";"50";"37";"";"";"";"";"";"";"19";"11";"6.9";"10.4";"9.9"
"Tanzania";"TAN";"Ligi kuu Bara";"27-06-2026 10:00";"FT";"Young Africans";"3";"0";"TRA United SC";"1";"0";"2.8";"1.4";"3.5";"1.2";"0.2";"1.2";"80";"70";"25";"30";"84";"3";"2";"93";"47";"";"";"";"";"";"";"16.6";"11.3";"6.8";"5.7";"9.5"
"Tanzania";"TAN";"Ligi kuu Bara";"27-06-2026 10:00";"FT";"Dodoma Jiji";"1";"1";"Mbeya City";"1";"1";"1.9";"1";"1.3";"0.9";"0.7";"2";"75";"50";"35";"50";"80";"2.4";"2";"63";"33";"";"";"";"";"";"";"15.1";"6";"6.5";"8.8";"8.9"
"Tanzania";"TAN";"Ligi kuu Bara";"27-06-2026 10:00";"FT";"Coastal Union";"0";"2";"Azam";"0";"2";"1.6";"1.6";"1.3";"1.3";"0.9";"1";"75";"45";"50";"55";"70";"2.2";"2";"53";"53";"";"";"";"";"";"";"19";"10";"9.1";"11.8";"7.2"
"Tanzania";"TAN";"Ligi kuu Bara";"27-06-2026 10:00";"FT";"Tanzania Prisons";"2";"1";"Mtibwa Sugar";"0";"0";"1";"0.4";"1";"0.4";"1.7";"1.8";"70";"55";"45";"45";"75";"2.4";"2";"33";"13";"";"";"";"";"";"";"11.5";"2.5";"4.6";"5.5";"10.4"
"Tanzania";"TAN";"Ligi kuu Bara";"27-06-2026 10:00";"FT";"Pamba Jiji";"1";"2";"JKT Tanzania";"1";"1";"1.5";"1.1";"1.6";"0.8";"1.1";"1.4";"70";"50";"30";"50";"55";"2.4";"2";"50";"37";"";"";"";"";"";"";"13";"7.2";"3.8";"7.3";"7.6"
"Tanzania";"TAN";"Ligi kuu Bara";"27-06-2026 10:00";"FT";"Mashujaa";"2";"0";"KMC";"2";"0";"1.2";"0.1";"0.4";"0.7";"0.7";"2.2";"55";"35";"30";"65";"60";"2";"0";"40";"3";"";"";"";"";"";"";"19.6";"12";"6.3";"12.2";"8.8"
"Tanzania";"TAN";"Ligi kuu Bara";"27-06-2026 10:00";"FT";"Simba";"2";"0";"Singida Black Stars";"1";"0";"2.3";"1.5";"1.8";"1.4";"0.6";"1.3";"85";"50";"50";"50";"75";"2.6";"3";"77";"50";"";"";"";"";"";"";"15.8";"11.1";"7.6";"4.1";"8.8"
"Tajikistan";"TJK";"Vysshaya Liga";"27-06-2026 11:00";"FT";"Barkchi Hisar";"2";"2";"Vakhsh Bokhtar";"1";"2";"1.8";"1.2";"1.4";"1.2";"1.4";"1.2";"80";"50";"70";"50";"50";"2.6";"2";"60";"40";"";"";"";"";"";"";"";"";"";"";""
"Tajikistan";"TJK";"Vysshaya Liga";"27-06-2026 12:00";"FT";"Eskhata";"0";"1";"Khujand";"0";"1";"0.8";"0.4";"1.2";"0.6";"2.6";"1.4";"70";"50";"50";"50";"80";"2.9";"2";"27";"13";"";"";"";"";"";"";"";"";"";"";""
"Uruguay";"URU";"Primera División Amateur";"27-06-2026 10:00";"FT";"Basáñez";"4";"1";"Potencia";"";"";"1";"0";"0.7";"0.5";"2.3";"3.5";"58";"58";"42";"42";"16";"3.5";"3";"33";"0";"";"";"";"";"";"";"";"10";"";"14";""
"Uruguay";"URU";"Primera División Amateur";"27-06-2026 10:00";"FT";"Bella Vista";"9";"0";"Frontera Rivera";"";"";"";"1.5";"";"1.5";"";"2";"";"";"";"";"";"";"";"";"50";"";"";"";"";"";"";"";"";"";"";""
"Uruguay";"URU";"Primera División Amateur";"27-06-2026 10:00";"FT";"Deutscher";"0";"2";"Rampla Juniors";"";"";"3";"0.5";"2";"1";"0.5";"2";"100";"50";"75";"50";"50";"2.8";"3";"100";"17";"";"";"";"";"";"";"";"";"";"";""
"Uruguay";"URU";"Primera División Amateur";"27-06-2026 15:00";"FT";"Salus";"1";"0";"Durazno FC";"0";"0";"2.3";"0";"2";"0.5";"0.3";"1.5";"58";"42";"42";"58";"16";"2.2";"3";"78";"0";"";"";"";"";"";"";"";"";"";"";""
"Uruguay";"URU";"Primera División Amateur";"27-06-2026 15:00";"AWAITING_UPDATES";"Rocha";"";"";"Mar de Fondo";"";"";"2";"1.5";"1.5";"1.5";"1";"2";"75";"75";"75";"25";"75";"3";"3";"67";"50";"";"";"";"";"";"";"";"";"";"";""
"Uruguay";"URU";"Primera División Amateur";"27-06-2026 15:00";"AWAITING_UPDATES";"Villa Teresa";"";"";"Deportivo Colonia";"";"";"1.5";"3";"0.5";"3.5";"0.5";"0.5";"50";"50";"25";"50";"50";"2.5";"3";"50";"100";"";"";"";"";"";"";"";"";"";"";""
"United States";"USA";"USL League Two";"27-06-2026 12:00";"FT";"New Jersey Copa";"1";"2";"Ironbound";"0";"1";"1";"2.5";"1.5";"2.8";"2.2";"1.8";"100";"75";"75";"25";"100";"4.2";"3";"33";"83";"";"";"";"";"";"";"";"12";"";"19";""
"United States";"USA";"USL League Two";"27-06-2026 14:00";"FT";"Edgewater Castle";"0";"5";"Chicago Dutch Lions";"0";"3";"1.5";"1.5";"2.2";"1.5";"2.5";"3.5";"100";"100";"75";"0";"100";"4.9";"4";"50";"50";"";"";"";"";"";"";"";"11.3";"";"11.3";""
"United States";"USA";"USL League Two";"27-06-2026 16:00";"FT";"Louisville City II";"2";"0";"Kings Hammer Columbus";"0";"0";"1.8";"0.8";"2";"0.6";"0.8";"1.2";"68";"32";"32";"68";"78";"2.3";"3";"58";"27";"";"";"";"";"";"";"";"";"";"";""
"United States";"USA";"USL League Two";"27-06-2026 16:00";"DELAYED";"Midwest United";"0";"0";"Union Macomb";"0";"0";"0.8";"1.5";"1";"2";"1.2";"2.2";"75";"75";"50";"25";"62";"3.2";"3";"25";"50";"";"";"";"";"";"";"";"";"9.5";"";"9"
"United States";"USA";"USL League Two";"27-06-2026 17:30";"FT";"Rochester";"0";"2";"Rockford Raptors";"0";"1";"3";"1";"2.5";"1.7";"1.5";"2.7";"100";"84";"84";"16";"100";"4.2";"4";"100";"33";"";"";"";"";"";"";"";"";"";"";""
"United States";"USA";"USL League Two";"27-06-2026 18:00";"FT";"Buffalo";"1";"1";"Steel City";"0";"0";"3";"3";"3.7";"2";"1";"0.3";"84";"66";"50";"34";"66";"3.5";"4";"100";"100";"";"";"";"";"";"";"";"";"";"";""
"United States";"USA";"USL League Two";"27-06-2026 18:00";"FT";"West Virginia Chaos";"2";"1";"Dayton Dutch Lions";"1";"0";"2.5";"1";"1.5";"0.3";"0.2";"1.3";"42";"29";"12";"71";"42";"1.8";"3";"83";"33";"";"";"";"";"";"";"";"";"";"";""
"United States";"USA";"USL League Two";"27-06-2026 19:00";"FT";"Staten Island Athletic";"0";"6";"Long Island Rough Riders";"0";"3";"0.3";"2.3";"1.7";"2.7";"2.7";"0.7";"100";"84";"66";"16";"100";"3.8";"4";"11";"78";"";"";"";"";"";"";"";"";"19";"";"8.5"
"United States";"USA";"USL League Two";"27-06-2026 19:00";"FT";"Inter Gainesville";"4";"1";"Sporting JAX II";"2";"1";"1.3";"1.2";"0.3";"0.4";"1.3";"0.4";"26";"16";"10";"84";"36";"1.2";"2";"44";"40";"";"";"";"";"";"";"";"";"4.3";"";"12"
"United States";"USA";"USL League Two";"27-06-2026 19:30";"FT";"Port City";"0";"3";"Appalachian";"0";"2";"0.6";"1.8";"1.4";"2.2";"2.4";"0.6";"90";"70";"80";"30";"80";"3.3";"3";"20";"60";"";"";"";"";"";"";"";"";"";"";""
"United States";"USA";"USL League Two";"27-06-2026 20:00";"FT";"River Light";"2";"5";"Minneapolis City";"0";"3";"2";"3";"1";"2.7";"0.5";"0.3";"58";"58";"42";"42";"58";"2.2";"3";"67";"100";"";"";"";"";"";"";"";"8";"";"15";""
"United States";"USA";"USL League Two";"27-06-2026 20:00";"FT";"Lansing City";"2";"5";"AFC Ann Arbor";"1";"2";"0";"0.2";"0.8";"0.8";"4.5";"2.8";"75";"75";"50";"25";"75";"4.4";"5";"0";"8";"";"";"";"";"";"";"";"";"10";"";"12"
"United States";"USA";"USL League Two";"27-06-2026 20:00";"FT";"Michigan Bucks";"1";"1";"Oakland County";"1";"0";"2.5";"2.3";"2.8";"2";"0.5";"1";"71";"71";"58";"29";"54";"3.1";"4";"83";"78";"";"";"";"";"";"";"";"22";"";"6.5";""
"United States";"USA";"USL League Two";"27-06-2026 20:00";"FT";"Toledo Villa";"2";"3";"Northern Indiana";"1";"1";"0";"0";"1";"1";"2";"2.7";"58";"58";"58";"42";"71";"3.4";"4";"0";"0";"";"";"";"";"";"";"";"";"";"";""
"United States";"USA";"USL League Two";"27-06-2026 20:00";"FT";"Akron City";"4";"0";"Lorain County Leviathan";"3";"0";"0.3";"1.8";"0.7";"2.5";"2";"1";"71";"54";"58";"46";"75";"3.1";"3";"11";"58";"";"";"";"";"";"";"";"";"";"";""
"United States";"USA";"USL League Two";"27-06-2026 20:00";"FT";"Reading United";"4";"1";"Pennsylvania Classics";"2";"1";"1.3";"0.5";"2";"1";"1.7";"3.2";"92";"67";"50";"33";"75";"4";"4";"44";"17";"";"";"";"";"";"";"";"";"5.5";"";"15"
"United States";"USA";"USL League Two";"27-06-2026 20:00";"FT";"Delaware FC";"5";"1";"Real Central New Jersey";"3";"0";"0.6";"1";"1.6";"1.4";"2.4";"1.4";"80";"70";"70";"30";"90";"3.4";"4";"20";"33";"";"";"";"";"";"";"";"17.8";"";"14.2";""
"United States";"USA";"USL League Two";"27-06-2026 20:00";"FT";"Tobacco Road";"2";"3";"Wake";"1";"1";"0.2";"0.6";"0.8";"1";"2.8";"2";"90";"70";"70";"30";"80";"3.3";"4";"7";"20";"";"";"";"";"";"";"";"6.5";"";"11";""
"United States";"USA";"USL League Two";"27-06-2026 20:00";"FT";"SC United Bantams";"3";"3";"Salem City";"2";"3";"1.2";"1.8";"1.2";"2.2";"1.6";"1.8";"70";"70";"40";"30";"60";"3.4";"4";"40";"60";"";"";"";"";"";"";"";"12";"";"10.7";""
"United States";"USA";"USL League Two";"27-06-2026 20:00";"FT";"Boston City";"1";"1";"Connecticut Rush";"1";"1";"0.2";"1.8";"1";"1.8";"3.2";"1.2";"90";"80";"70";"20";"80";"3.6";"3";"7";"60";"";"";"";"";"";"";"20.9";"6.8";"8.8";"14.2";"12"
"United States";"USA";"USL League Two";"27-06-2026 20:00";"FT";"Hickory";"0";"2";"Charlotte Independence 2";"0";"0";"2.2";"3";"2.5";"2.5";"1";"0.2";"75";"62";"38";"38";"50";"3.2";"4";"75";"100";"";"";"";"";"";"";"";"";"";"";""
"United States";"USA";"USL League Two";"27-06-2026 20:00";"FT";"Loudoun United II";"4";"0";"Virginia Marauders";"2";"0";"1.2";"0";"2";"0";"3";"3.2";"100";"100";"40";"0";"78";"4.1";"4";"40";"0";"";"";"";"";"";"";"21.3";"11";"3.5";"12.6";"15.5"
"United States";"USA";"USL League Two";"27-06-2026 20:00";"FT";"Hill City";"1";"1";"Virginia Beach United";"0";"1";"2";"2";"2.8";"1.8";"0.8";"1";"90";"60";"50";"40";"70";"3.2";"4";"67";"67";"";"";"";"";"";"";"";"";"";"";""
"United States";"USA";"USL League Two";"27-06-2026 20:00";"FT";"Shark Coast";"3";"2";"Nona";"2";"2";"1.2";"1.8";"1.2";"1.8";"1.2";"1";"90";"68";"78";"32";"35";"2.6";"3";"40";"58";"";"";"";"";"";"";"";"";"";"";""
"United States";"USA";"USL League Two";"27-06-2026 20:00";"FT";"Brave";"4";"1";"Brooke House";"0";"0";"2.3";"1.2";"2";"0.8";"1";"1.8";"58";"58";"46";"42";"46";"2.8";"3";"78";"42";"";"";"";"";"";"";"";"13.5";"";"8";""
"United States";"USA";"USL League Two";"27-06-2026 20:30";"FT";"Westchester Flames";"0";"1";"Cedar Stars Rush";"0";"1";"0.8";"0.2";"2.2";"1.5";"2.6";"3";"88";"88";"68";"12";"100";"4.6";"4";"27";"8";"";"";"";"";"";"";"30.5";"10";"18";"18.5";"14.5"
"United States";"USA";"USL League Two";"27-06-2026 20:30";"FT";"Hudson Valley Hammers";"4";"3";"Morris Elite";"1";"1";"1.5";"0";"2.5";"0.7";"2.5";"3";"100";"84";"84";"16";"84";"4.4";"4";"50";"0";"";"";"";"";"";"";"";"";"";"";""
"United States";"USA";"USL League Two";"27-06-2026 20:30";"FT";"Bethesda SC";"1";"0";"Patuxent";"1";"0";"1.4";"0";"2.4";"0.2";"2.6";"4.4";"90";"80";"50";"20";"90";"4.8";"5";"47";"0";"";"";"";"";"";"";"22.5";"4.5";"5.5";"19.5";"15.5"
"United States";"USA";"USL League Two";"27-06-2026 20:30";"FT";"Annapolis Blues";"6";"2";"Christos";"1";"2";"1.2";"1.8";"2.4";"2.2";"1.8";"3";"100";"80";"50";"20";"100";"4.7";"5";"40";"60";"";"";"";"";"";"";"23.2";"14.2";"14";"6.2";"12"
"United States";"USA";"USL League Two";"27-06-2026 21:00";"FT";"Sunflower State";"0";"5";"Santafé Wanderers";"0";"2";"2";"2.2";"2";"2.2";"2";"1";"100";"71";"58";"29";"100";"3.6";"4";"67";"75";"";"";"";"";"";"";"";"";"";"";""
"United States";"USA";"USL League Two";"27-06-2026 21:00";"FT";"St. Louis Ambush";"0";"3";"Springfield";"0";"1";"0.8";"0.3";"1";"1.7";"1.8";"2.7";"90";"80";"80";"20";"80";"3.6";"4";"27";"11";"";"";"";"";"";"";"";"";"";"";""
"United States";"USA";"USL League Two";"27-06-2026 21:00";"FT";"Des Moines Menace";"1";"2";"Peoria";"1";"0";"2";"2.5";"2.7";"2.2";"1.7";"0.2";"75";"75";"62";"25";"75";"3.4";"4";"67";"83";"";"";"";"";"";"";"";"";"";"";""
"United States";"USA";"USL League Two";"27-06-2026 21:00";"FT";"Mississippi Brilla";"4";"1";"Jackson Boom";"3";"1";"1.5";"0";"2";"0.2";"1.8";"1.8";"62";"50";"50";"50";"62";"2.9";"3";"50";"0";"";"";"";"";"";"";"";"";"";"";""
"United States";"USA";"USL League Two";"27-06-2026 21:00";"FT";"Little Rock Rangers";"3";"1";"Red River";"1";"1";"3";"1";"1.7";"1.4";"0.3";"1.4";"74";"46";"46";"54";"90";"2.4";"3";"100";"33";"";"";"";"";"";"";"";"16";"";"11";""
"United States";"USA";"USL League Two";"27-06-2026 21:00";"FT";"Lubbock Matadors";"1";"2";"Texoma";"0";"0";"1.8";"1";"1.8";"3";"0.8";"1.3";"88";"75";"58";"25";"71";"3.4";"4";"58";"33";"";"";"";"";"";"";"";"";"";"";""
"United States";"USA";"USL League Two";"27-06-2026 21:00";"FT";"Lonestar";"2";"1";"Houston FC";"0";"1";"1.7";"1.5";"1.3";"2.2";"1";"2.2";"100";"66";"75";"34";"71";"3.4";"4";"56";"50";"";"";"";"";"";"";"";"";"18";"";"7"
"United States";"USA";"USL League Two";"27-06-2026 21:00";"FT";"Hill Country Lobos";"4";"0";"Houston Sur";"3";"0";"0.5";"0.3";"1.2";"1";"2.8";"2.3";"100";"88";"71";"12";"100";"3.6";"4";"17";"11";"";"";"";"";"";"";"";"";"";"";""
"United States";"USA";"USL League Two";"27-06-2026 21:00";"POSTPONED";"San Antonio II";"";"";"GFI";"";"";"2.2";"2.5";"3";"4";"2";"1.8";"88";"75";"75";"25";"100";"5.4";"4";"75";"83";"";"";"";"";"";"";"";"";"";"";""
"United States";"USA";"USL League Two";"27-06-2026 21:30";"FT";"West Texas";"5";"5";"Denton Diablos";"1";"2";"2";"1.5";"1.5";"1.8";"1";"1.2";"88";"75";"62";"25";"75";"2.8";"4";"67";"50";"";"";"";"";"";"";"";"";"10";"";"7.5"
"United States";"USA";"USL League Two";"27-06-2026 22:00";"FT";"Flatirons Rush";"3";"3";"Colorado ISA";"3";"1";"0";"0.5";"0.5";"2.2";"3.2";"4";"100";"100";"62";"0";"100";"5";"4";"0";"17";"";"";"";"";"";"";"";"";"";"";""
"United States";"USA";"USL League Two";"27-06-2026 22:00";"FT";"Almaden";"2";"0";"Project 51O";"0";"0";"1.8";"3";"2.6";"3.4";"1.2";"1.6";"100";"100";"80";"0";"80";"4.4";"4";"60";"100";"";"";"";"";"";"";"";"";"17";"";"8.5"
"United States";"USA";"USL League Two";"27-06-2026 22:00";"FT";"Laredo Heat";"1";"0";"AHFC Royals";"1";"0";"2.5";"1.5";"2.8";"1.5";"0.2";"1";"100";"50";"50";"50";"88";"2.8";"3";"83";"50";"";"";"";"";"";"";"";"";"";"";""
"United States";"USA";"USL League Two";"27-06-2026 22:30";"FT";"Real Colorado";"1";"3";"Utah United";"1";"1";"2";"2";"2.3";"2.6";"2.7";"1";"90";"90";"70";"10";"74";"4.3";"4";"67";"67";"";"";"";"";"";"";"";"";"";"";""
"United States";"USA";"USL League Two";"27-06-2026 22:30";"FT";"Midlakes United";"2";"3";"Ballard";"2";"1";"2";"2.2";"2.4";"1.7";"1.4";"0.8";"100";"65";"55";"35";"90";"3.2";"3";"67";"72";"";"";"";"";"";"";"16.2";"6.8";"8.3";"6.6";"10.7"
"United States";"USA";"USL League Two";"27-06-2026 23:00";"FT";"Redlands";"1";"1";"Stars FC";"0";"1";"3";"1.3";"3.3";"1";"1";"1";"84";"66";"84";"34";"100";"3.2";"3";"100";"44";"";"";"";"";"";"";"";"";"";"";""
"United States";"USA";"USL League Two";"27-06-2026 23:00";"FT";"Davis Legacy";"2";"2";"San Juan SC";"1";"1";"1";"0.3";"1.8";"1";"1.8";"3.3";"100";"100";"66";"0";"88";"3.9";"4";"33";"11";"";"";"";"";"";"";"22";"9.5";"12.5";"9";"13"
"United States";"USA";"USL League Two";"27-06-2026 23:00";"DELAYED";"Capo II";"0";"0";"So Cal Eagles";"0";"0";"1";"0";"2";"0.8";"2.6";"3.5";"100";"68";"88";"32";"90";"4.4";"4";"33";"0";"";"";"";"";"";"";"";"";"12";"";"12"
"United States";"USA";"NPSL";"27-06-2026 13:00";"FT";"Burlington United";"3";"4";"Bristol Rhythm";"3";"2";"1.8";"3";"2";"1.3";"1.5";"0";"54";"38";"25";"62";"75";"2.4";"4";"58";"100";"";"";"";"";"";"";"";"";"";"";""
"United States";"USA";"NPSL";"27-06-2026 15:00";"AWAITING_UPDATES";"Sun City";"";"";"Vacaville Elite";"";"";"";"0.8";"";"0.8";"";"6";"";"";"";"";"";"";"";"";"25";"";"";"";"";"";"";"";"";"";"";""
"United States";"USA";"NPSL";"27-06-2026 16:00";"FT";"New Jersey United";"3";"3";"PDA";"0";"1";"1";"0.8";"2";"2.5";"2.7";"2.2";"100";"100";"88";"0";"100";"4.8";"4";"33";"25";"";"";"";"";"";"";"";"";"";"";""
"United States";"USA";"NPSL";"27-06-2026 18:30";"FT";"Virginia Dream";"0";"1";"Ristozi";"0";"1";"2.3";"2.2";"3.7";"3.8";"1";"1.8";"100";"84";"71";"16";"84";"5.1";"5";"78";"75";"";"";"";"";"";"";"20.8";"19.5";"8";"10";"4"
"United States";"USA";"NPSL";"27-06-2026 19:00";"FT";"SI Guardians";"1";"3";"Milwaukee Torrent";"1";"1";"0";"1.5";"0.8";"2.8";"6.5";"1.8";"100";"88";"50";"12";"100";"5.8";"5";"0";"50";"";"";"";"";"";"";"";"";"";"";""
"United States";"USA";"NPSL";"27-06-2026 19:00";"FT";"Flower City Union";"2";"0";"Buffalo Stallions";"1";"0";"0.8";"0.8";"1.8";"1.2";"2.2";"3.2";"100";"88";"50";"12";"100";"4.2";"4";"25";"25";"";"";"";"";"";"";"";"";"";"";""
"United States";"USA";"NPSL";"27-06-2026 19:00";"AWAITING_UPDATES";"Hershey";"";"";"Philadelphia Ukrainians";"";"";"0";"1.5";"0";"2.8";"7.8";"2.8";"100";"100";"50";"0";"100";"6.6";"6";"0";"50";"";"";"";"";"";"";"";"";"";"";""
"United States";"USA";"NPSL";"27-06-2026 19:30";"FT";"DMV Elite";"0";"3";"FC Frederick";"0";"2";"0";"1";"0.8";"1.7";"2.8";"3.3";"100";"88";"42";"12";"58";"4.2";"4";"0";"33";"";"";"";"";"";"";"";"";"";"";""
"United States";"USA";"NPSL";"27-06-2026 19:30";"FT";"District Elite";"1";"2";"Virginia Beach City";"0";"1";"1.5";"1";"2.5";"1";"2.5";"2";"84";"66";"54";"34";"84";"4";"4";"50";"33";"";"";"";"";"";"";"";"11.8";"";"6";""
"United States";"USA";"NPSL";"27-06-2026 20:00";"FT";"Ambassadors Ohio";"12";"0";"Niagara 1812";"7";"0";"1.5";"0.8";"1";"0.8";"1.2";"2.8";"88";"62";"38";"38";"75";"2.8";"4";"50";"25";"";"";"";"";"";"";"";"12";"";"16.3";""
"United States";"USA";"NPSL";"27-06-2026 20:00";"FT";"Santa Cruz FC";"4";"4";"American SC New York";"3";"1";"2.2";"1.3";"1.5";"2.3";"1.8";"2.3";"88";"75";"58";"25";"";"4";"4";"75";"44";"";"";"";"";"";"";"";"";"";"";""
"United States";"USA";"NPSL";"27-06-2026 20:00";"FT";"New York Shockers";"0";"0";"New Haven United";"0";"0";"1.5";"1.8";"2.8";"2";"2.2";"1.5";"100";"75";"75";"25";"100";"4.2";"4";"50";"58";"";"";"";"";"";"";"";"";"";"";""
"United States";"USA";"NPSL";"27-06-2026 20:00";"FT";"WC Predators";"1";"3";"Motown";"0";"2";"";"1";"";"1.8";"";"2";"";"";"";"";"";"";"";"";"33";"";"";"";"";"";"";"";"";"";"";""
"United States";"USA";"NPSL";"27-06-2026 20:00";"FT";"865 Alliance";"1";"1";"Charlottetowne Hops";"1";"0";"1.5";"1";"1.8";"1.7";"1.8";"2.3";"88";"88";"71";"12";"75";"3.8";"4";"50";"33";"";"";"";"";"";"";"";"";"";"";""
"United States";"USA";"NPSL";"27-06-2026 20:00";"FT";"Statesville";"1";"1";"Greenville United";"0";"0";"2";"1.5";"2.7";"2";"1.7";"1.8";"100";"100";"58";"0";"84";"4";"4";"67";"50";"";"";"";"";"";"";"";"";"";"";""
"United States";"USA";"NPSL";"27-06-2026 20:00";"AWAITING_UPDATES";"Wisconsin Conquerors";"";"";"Gio's Lions";"";"";"1.5";"1.2";"1.5";"2.2";"3";"1.8";"100";"75";"88";"25";"100";"4.2";"4";"50";"42";"";"";"";"";"";"";"";"";"10.5";"";"15"
"United States";"USA";"NPSL";"27-06-2026 20:00";"AWAITING_UPDATES";"Erie Commodores";"";"";"Cleveland SC";"";"";"2.5";"2.6";"3.5";"2.6";"0.2";"0.6";"90";"68";"32";"32";"84";"3.5";"4";"83";"87";"";"";"";"";"";"";"";"";"10";"";"9.5"
"United States";"USA";"NPSL";"27-06-2026 20:00";"AWAITING_UPDATES";"Grove Soccer United";"";"";"Alexandria Reds";"";"";"1.8";"1";"1.2";"2.2";"0.8";"1.8";"88";"50";"50";"50";"50";"3";"4";"58";"33";"";"";"";"";"";"";"";"";"6";"";"20"
"United States";"USA";"NPSL";"27-06-2026 20:30";"FT";"Minnesota Blizzard";"0";"4";"Duluth";"0";"4";"1.7";"1.8";"1.3";"2.5";"1";"1.2";"71";"54";"58";"46";"88";"3";"4";"56";"58";"";"";"";"";"";"";"";"";"";"";""
"United States";"USA";"NPSL";"27-06-2026 20:30";"FT";"Osner’s";"0";"5";"Newport";"0";"4";"0";"1";"1";"1.7";"3";"3.3";"100";"100";"84";"0";"100";"4.5";"4";"0";"33";"";"";"";"";"";"";"";"";"";"";""
"United States";"USA";"NPSL";"27-06-2026 21:00";"FT";"Sioux Falls Thunder";"1";"2";"Dakota Fusion";"1";"1";"0.3";"0.3";"0.7";"1.3";"3.3";"2.3";"100";"100";"66";"0";"84";"3.8";"4";"11";"11";"";"";"";"";"";"";"";"";"";"";""
"United States";"USA";"NPSL";"27-06-2026 21:30";"FT";"Oakland Stompers";"6";"3";"Real San Jose";"4";"1";"2";"0.2";"1.2";"0.5";"0.6";"5.2";"58";"35";"35";"65";"25";"3.8";"4";"67";"8";"";"";"";"";"";"";"";"10";"";"10.5";""
"United States";"USA";"WPSL";"27-06-2026 14:00";"AWAITING_UPDATES";"Erie W";"";"";"Rochester New York W";"";"";"0";"";"0.5";"";"5.5";"";"";"";"";"";"";"";"";"0";"";"";"";"";"";"";"";"";"";"";"";""
"United States";"USA";"WPSL";"27-06-2026 15:00";"AWAITING_UPDATES";"New York Dutch Lions W";"";"";"Brooklyn City W";"";"";"0";"2";"2.5";"2";"5.5";"0.3";"84";"66";"50";"34";"";"5.2";"5";"0";"67";"";"";"";"";"";"";"";"";"";"";""
"United States";"USA";"WPSL";"27-06-2026 15:00";"AWAITING_UPDATES";"Gulf Coast United W";"";"";"Union 10 W";"";"";"1";"1.2";"2";"1.2";"2.8";"2.5";"88";"62";"50";"38";"";"4.3";"4";"33";"42";"";"";"";"";"";"";"";"";"";"";""
"United States";"USA";"WPSL";"27-06-2026 16:00";"AWAITING_UPDATES";"STA W";"";"";"SUSA W";"";"";"0";"2";"1";"2.5";"2.5";"2";"100";"75";"75";"25";"";"4";"4";"0";"67";"";"";"";"";"";"";"";"";"";"";""
"United States";"USA";"WPSL";"27-06-2026 16:00";"AWAITING_UPDATES";"Clarkstown W";"";"";"New York Athletic W";"";"";"3";"3";"5.3";"3.5";"0";"0";"84";"58";"0";"42";"";"4.4";"4";"100";"100";"";"";"";"";"";"";"";"";"";"";""
"United States";"USA";"WPSL";"27-06-2026 17:00";"AWARDED";"Little Rock Rangers W";"";"";"Baton Rouge United W";"";"";"3";"0.8";"6";"0.8";"0.5";"3.2";"88";"75";"38";"25";"";"5.2";"4";"100";"25";"";"";"";"";"";"";"";"";"";"";""
"United States";"USA";"WPSL";"27-06-2026 17:00";"AWAITING_UPDATES";"Chicago KICS W";"";"";"Green Bay Glory W";"";"";"1";"0.8";"2.7";"2";"3";"2.8";"100";"100";"29";"0";"";"5.2";"4";"33";"25";"";"";"";"";"";"";"";"";"11.3";"";"23.7"
"United States";"USA";"WPSL";"27-06-2026 17:00";"AWAITING_UPDATES";"Missouri Rush W";"";"";"FC Pride W";"";"";"0.3";"0";"1";"1";"6";"2";"100";"100";"84";"0";"";"5";"5";"11";"0";"";"";"";"";"";"";"";"";"";"";""
"United States";"USA";"WPSL";"27-06-2026 17:00";"AWAITING_UPDATES";"Arlington Red W";"";"";"Alexandria Reds W";"";"";"1.3";"3";"2";"2.3";"1";"1.3";"100";"84";"84";"16";"";"3.4";"4";"44";"100";"";"";"";"";"";"";"";"";"19";"";"16"
"United States";"USA";"WPSL";"27-06-2026 17:00";"AWAITING_UPDATES";"Valdosta W";"";"";"Pensacola W";"";"";"0.3";"2.5";"2";"3";"4.3";"0.2";"88";"88";"62";"12";"";"4.8";"5";"11";"83";"";"";"";"";"";"";"";"";"";"";""
"United States";"USA";"WPSL";"27-06-2026 18:00";"AWAITING_UPDATES";"Chicago House W";"";"";"Milwaukee Bavarian W";"";"";"3";"2.3";"4";"5.3";"0";"1";"100";"100";"34";"0";"";"5.2";"4";"100";"78";"";"";"";"";"";"";"";"";"";"";""
"United States";"USA";"WPSL";"27-06-2026 19:00";"FT";"Rhode Island Rogues W";"6";"0";"Albany Rush W";"0";"0";"2";"2.3";"3";"2.3";"1";"0.3";"100";"66";"50";"34";"";"3.4";"4";"67";"78";"";"";"";"";"";"";"";"";"";"";""
"United States";"USA";"WPSL";"27-06-2026 19:00";"AWAITING_UPDATES";"Columbus Eagles W";"";"";"Corktown W";"";"";"2";"0";"4.3";"0.3";"0.7";"1.7";"67";"50";"33";"50";"";"3.5";"3";"67";"0";"";"";"";"";"";"";"";"";"";"";""
"United States";"USA";"WPSL";"27-06-2026 19:00";"AWAITING_UPDATES";"Vermont Wild W";"";"";"Inter CT FC W";"";"";"0";"0";"0";"0.5";"2";"3.5";"100";"50";"25";"50";"";"3";"4";"0";"0";"";"";"";"";"";"";"";"";"";"";""
"United States";"USA";"WPSL";"27-06-2026 19:00";"AWAITING_UPDATES";"North Carolina W";"";"";"WFC Charlotte W";"";"";"1";"2";"1.7";"3";"2.3";"2";"100";"100";"34";"0";"";"4.5";"4";"33";"67";"";"";"";"";"";"";"";"";"";"";""
"United States";"USA";"WPSL";"27-06-2026 19:00";"AWAITING_UPDATES";"UFA Gunners W";"";"";"Chattanooga W";"";"";"1";"1.3";"1";"1";"3.7";"1.7";"84";"66";"67";"34";"";"3.7";"4";"33";"44";"";"";"";"";"";"";"";"";"";"";""
"United States";"USA";"WPSL";"27-06-2026 20:00";"FT";"Vale W";"1";"1";"Middletown Sporting CT W";"0";"0";"1.3";"2";"1";"1.3";"1.3";"1";"84";"33";"50";"67";"";"2.3";"3";"44";"67";"";"";"";"";"";"";"";"10";"";"20.5";""
"United States";"USA";"WPSL";"27-06-2026 20:00";"AWAITING_UPDATES";"SJEB W";"";"";"Real Central NJ W";"";"";"3";"2";"2";"2";"0.7";"1.7";"84";"66";"66";"34";"";"3.2";"4";"100";"67";"";"";"";"";"";"";"";"15.5";"";"15";""
"United States";"USA";"WPSL";"27-06-2026 20:00";"AWAITING_UPDATES";"Junction W";"";"";"Missouri Reign W";"";"";"2";"0.7";"1.7";"1.3";"1";"2.3";"84";"67";"84";"33";"";"3.2";"4";"67";"22";"";"";"";"";"";"";"";"";"";"";""
"United States";"USA";"WPSL";"27-06-2026 20:00";"AWAITING_UPDATES";"Napa Valley 1839 W";"";"";"Nevada W";"";"";"1.8";"1";"2";"0.7";"2";"3";"100";"88";"42";"12";"";"3.8";"4";"58";"33";"";"";"";"";"";"";"";"";"";"";""
"United States";"USA";"WPSL";"27-06-2026 20:00";"AWAITING_UPDATES";"LA Krewe Rush W";"";"";"Shreveport United W";"";"";"3";"1.3";"5.7";"1.7";"0.7";"2.3";"100";"67";"50";"33";"";"5.2";"5";"100";"44";"";"";"";"";"";"";"";"";"";"";""
"United States";"USA";"WPSL";"27-06-2026 20:00";"AWAITING_UPDATES";"Carolina W";"";"";"Soda City W";"";"";"1";"0";"1";"0.3";"1.7";"4";"100";"84";"50";"16";"";"3.5";"3";"33";"0";"";"";"";"";"";"";"";"";"";"";""
"United States";"USA";"WPSL";"27-06-2026 20:00";"AWAITING_UPDATES";"Decatur W";"";"";"Georgia Impact W";"";"";"2.3";"3";"2.3";"3";"1";"1.3";"67";"67";"67";"33";"";"3.8";"4";"78";"100";"";"";"";"";"";"";"";"";"";"";""
"United States";"USA";"WPSL";"27-06-2026 20:00";"AWAITING_UPDATES";"Arlington VA W";"";"";"District Elite W";"";"";"1.3";"0.3";"1.7";"0";"1.3";"1.7";"66";"50";"50";"50";"";"2.4";"3";"44";"11";"";"";"";"";"";"";"";"";"";"";""
"United States";"USA";"WPSL";"27-06-2026 20:00";"AWAITING_UPDATES";"Bay City Reign W";"";"";"Kings Hammer Swan City W";"";"";"0.5";"";"0";"";"3.5";"";"";"";"";"";"";"";"";"17";"";"";"";"";"";"";"";"";"";"";"";""
"United States";"USA";"WPSL";"27-06-2026 20:30";"AWAITING_UPDATES";"Monmouth W";"";"";"Love City W";"";"";"1.3";"2.3";"3.3";"1.3";"1.3";"0.7";"84";"66";"67";"34";"";"3.4";"4";"44";"78";"";"";"";"";"";"";"";"";"";"";""
"United States";"USA";"WPSL";"27-06-2026 21:00";"FT";"Joy W";"1";"1";"St. Croix W";"0";"1";"1";"3";"0.3";"2";"1.7";"0.5";"58";"42";"25";"58";"";"2.2";"3";"33";"100";"";"";"";"";"";"";"";"7.5";"";"13.5";""
"United States";"USA";"WPSL";"27-06-2026 21:00";"DELAYED";"Spokane SC Shadow W";"0";"0";"Portland Thorns II W";"0";"0";"";"3";"";"4";"";"0.5";"";"";"";"";"";"";"";"";"100";"";"";"";"";"";"";"";"";"";"";""
"United States";"USA";"WPSL";"27-06-2026 21:00";"AWAITING_UPDATES";"Wichita W";"";"";"Kansas City Current II W";"";"";"0.8";"2.5";"1";"3";"2";"0.5";"88";"62";"62";"38";"";"3.2";"3";"25";"83";"";"";"";"";"";"";"";"";"17.5";"";"8.5"
"United States";"USA";"WPSL";"27-06-2026 21:00";"AWAITING_UPDATES";"Oklahoma City W";"";"";"Kansas City SG W";"";"";"2";"1.8";"2";"1.5";"0.7";"2";"84";"54";"50";"46";"";"3.1";"4";"67";"58";"";"";"";"";"";"";"";"24";"";"7";""
"United States";"USA";"WPSL";"27-06-2026 21:00";"AWAITING_UPDATES";"SouthStar W";"";"";"Austin Rise W";"";"";"1.3";"3";"1.7";"3";"2.7";"0";"84";"50";"16";"50";"";"3.6";"3";"44";"100";"";"";"";"";"";"";"";"";"";"";""
"United States";"USA";"WPSL";"27-06-2026 21:00";"AWAITING_UPDATES";"Westside Timbers W";"";"";"Vancouver Victory W";"";"";"0.5";"";"1";"";"2.5";"";"";"";"";"";"";"";"";"17";"";"";"";"";"";"";"";"";"";"";"";""
"United States";"USA";"WPSL";"27-06-2026 22:00";"AWAITING_UPDATES";"El Paso Surf W";"";"";"SC del Sol W";"";"";"0.5";"1";"0";"3.3";"1.5";"1.7";"75";"75";"34";"25";"";"3.2";"3";"17";"33";"";"";"";"";"";"";"";"";"";"";""
"United States";"USA";"WPSL";"27-06-2026 22:00";"AWAITING_UPDATES";"Future W";"";"";"Rebels Chula Vista W";"";"";"2";"1.3";"2";"1";"1.7";"1";"84";"84";"50";"16";"";"2.8";"4";"67";"44";"";"";"";"";"";"";"";"";"12.5";"";"13.5"
"United States";"USA";"WPSL";"27-06-2026 23:00";"FT";"Tucson W";"3";"0";"Royals AZ W";"1";"0";"2.5";"2.2";"2.5";"2";"0.8";"0.8";"88";"75";"62";"25";"";"3";"4";"83";"75";"";"";"";"";"";"";"";"19";"";"11.3";""
"United States";"USA";"WPSL";"27-06-2026 23:00";"AWAITING_UPDATES";"Fresno Freeze W";"";"";"Fuego W";"";"";"1";"2";"1.3";"3.3";"2.7";"1.7";"100";"100";"84";"0";"";"4.5";"4";"33";"67";"";"";"";"";"";"";"";"";"";"";""
"United States";"USA";"WPSL";"27-06-2026 23:00";"AWAITING_UPDATES";"Desert Dreams W";"";"";"Arizona Arsenal W";"";"";"0.8";"0.3";"1.2";"0.7";"2.2";"3.3";"100";"84";"71";"16";"";"3.8";"4";"25";"11";"";"";"";"";"";"";"";"";"";"";""
"United States";"USA";"WPSL";"27-06-2026 23:00";"AWAITING_UPDATES";"So Cal Eagles W";"";"";"Beach W";"";"";"2";"1.5";"2";"2";"1.3";"1";"75";"58";"58";"42";"";"3.2";"4";"67";"50";"";"";"";"";"";"";"";"";"";"";""
"United States";"USA";"WPSL";"27-06-2026 23:30";"AWAITING_UPDATES";"Iron Rose W";"";"";"Yuba W";"";"";"1";"0.8";"2";"1.5";"1.7";"2.5";"88";"58";"29";"42";"";"3.8";"4";"33";"25";"";"";"";"";"";"";"";"";"";"";""
"United States";"USA";"MLS Next Pro";"27-06-2026 17:00";"FT";"Portland Timbers II";"2";"3";"San Jose Earthquakes II";"1";"1";"1.6";"1.1";"1.2";"1.8";"1.2";"1.5";"75";"68";"69";"32";"75";"2.8";"3";"54";"38";"";"";"";"";"";"";"29.2";"18.2";"14";"11.4";"14.8"
"United States";"USA";"MLS Next Pro";"27-06-2026 20:00";"FT";"Chattanooga";"2";"2";"Chicago Fire II";"1";"0";"2.1";"0.7";"2.1";"0.9";"1.3";"1.6";"86";"64";"57";"36";"57";"2.9";"3";"71";"24";"";"";"";"";"";"";"25.2";"14.7";"12.9";"11";"11.7"
"United States";"USA";"MLS Next Pro";"27-06-2026 20:00";"FT";"Atlanta United II";"3";"3";"Crown Legacy";"2";"2";"2";"1.3";"2.6";"2.6";"1.6";"2";"100";"83";"73";"17";"90";"4.4";"4";"67";"43";"";"";"";"";"";"";"26.3";"16.8";"12.7";"11.4";"11.7"
"United States";"USA";"MLS Next Pro";"27-06-2026 21:00";"FT";"Colorado Rapids II";"1";"0";"Whitecaps FC II";"0";"0";"0.2";"0.1";"0.9";"1.3";"2.4";"2.9";"93";"74";"80";"26";"73";"3.6";"4";"8";"5";"";"";"";"";"";"";"28.2";"11.2";"11.9";"17.2";"16"
"United States";"USA";"MLS Next Pro";"27-06-2026 23:00";"FT";"Ventura County";"3";"1";"Real Monarchs";"0";"1";"1.8";"1";"2";"1.5";"1.5";"1.7";"92";"64";"60";"36";"71";"3.4";"4";"58";"33";"";"";"";"";"";"";"26.4";"15.4";"12.2";"13.2";"12"
"United States";"USA";"USL W League";"27-06-2026 15:00";"FT";"Rochester W";"1";"3";"Rockford Raptors W";"1";"1";"1.2";"1.4";"0.6";"1.2";"1";"1.8";"50";"30";"30";"70";"65";"2.3";"3";"40";"47";"";"";"";"";"";"";"";"";"14.5";"";"15.5"
"United States";"USA";"USL W League";"27-06-2026 15:00";"FT";"New Jersey Copa W";"3";"2";"Morris Elite W";"0";"2";"0.8";"2.2";"1.5";"2.8";"3";"1.8";"100";"100";"100";"0";"71";"4.5";"4";"25";"75";"";"";"";"";"";"";"";"";"";"";""
"United States";"USA";"USL W League";"27-06-2026 16:00";"POSTPONED";"Port City NC W";"";"";"United Bantams W";"";"";"1.2";"0.8";"2.2";"1.5";"1.2";"2";"90";"90";"70";"10";"";"3.4";"4";"40";"25";"";"";"";"";"";"";"";"";"";"";""
"United States";"USA";"USL W League";"27-06-2026 18:00";"FT";"Erie Sports Center W";"3";"3";"Flower City 1872 W";"1";"2";"0.8";"0.5";"0.8";"1.5";"2.2";"2.8";"88";"75";"62";"25";"100";"3.6";"4";"25";"17";"";"";"";"";"";"";"";"";"";"";""
"United States";"USA";"USL W League";"27-06-2026 18:00";"FT";"Cleveland Force W";"4";"1";"Buffalo W";"3";"1";"2.2";"0.8";"2.2";"1.5";"1.5";"2.5";"88";"75";"38";"25";"88";"3.9";"4";"75";"25";"";"";"";"";"";"";"";"";"";"";""
"United States";"USA";"USL W League";"27-06-2026 18:00";"FT";"Annapolis Blues W";"4";"0";"Virginia Atlantic W";"3";"0";"1";"";"1.2";"";"1.5";"";"";"";"";"";"";"";"";"33";"";"";"";"";"";"";"";"";"";"";"";""
"United States";"USA";"USL W League";"27-06-2026 19:00";"FT";"Flatirons II W";"1";"1";"Colorado ISA W";"1";"1";"0.2";"0.2";"0.5";"0.2";"7";"6";"88";"75";"38";"25";"88";"6.8";"6";"8";"8";"";"";"";"";"";"";"";"";"";"";""
"United States";"USA";"USL W League";"27-06-2026 19:00";"FT";"NC Courage II W";"0";"4";"Charlotte Eagles II W";"0";"1";"3";"3";"4.2";"1.8";"0.2";"0.2";"88";"62";"25";"38";"100";"3.2";"3";"100";"100";"";"";"";"";"";"";"";"";"";"";""
"United States";"USA";"USL W League";"27-06-2026 19:00";"FT";"New England Mutiny W";"0";"3";"Vermont Green W";"0";"2";"1.2";"1.5";"2";"2.2";"1.2";"0.5";"75";"38";"50";"62";"50";"3";"3";"42";"50";"";"";"";"";"";"";"";"17.7";"";"12.7";""
"United States";"USA";"USL W League";"27-06-2026 19:00";"AWAITING_UPDATES";"Racing Louisville II W";"";"";"Toledo Villa W";"";"";"3";"0";"2";"0.7";"0.3";"3";"84";"66";"50";"34";"100";"3";"3";"100";"0";"";"";"";"";"";"";"";"";"";"";""
"United States";"USA";"USL W League";"27-06-2026 19:30";"FT";"Real Colorado Foxes W";"3";"0";"Utah United W";"1";"0";"3";"2.2";"5.8";"6";"0";"1.2";"100";"75";"25";"25";"100";"6.5";"5";"100";"75";"";"";"";"";"";"";"";"";"";"";""
"United States";"USA";"USL W League";"27-06-2026 20:00";"FT";"Carolina Ascent II W";"2";"2";"United Bantams W";"1";"1";"0.8";"0.8";"0.8";"1.5";"1.8";"2";"88";"75";"75";"25";"";"3";"4";"25";"25";"";"";"";"";"";"";"";"";"";"";""
"United States";"USA";"USL W League";"27-06-2026 20:00";"FT";"TLH Reckoning W";"2";"0";"Fort Lauderdale Utd II W";"0";"0";"0.8";"1";"1.5";"0.8";"2";"1";"88";"50";"38";"50";"50";"2.6";"4";"25";"33";"";"";"";"";"";"";"";"";"";"";""
"United States";"USA";"USL W League";"27-06-2026 20:00";"FT";"Detroit City W";"1";"3";"Union Macomb W";"0";"2";"1";"1";"1.5";"1";"1.8";"1.2";"62";"62";"62";"38";"42";"2.7";"4";"33";"33";"";"";"";"";"";"";"";"";"";"";""
"United States";"USA";"USL W League";"27-06-2026 20:00";"FT";"Pittsburgh Riveters W";"5";"0";"Steel City W";"2";"0";"2.5";"0.8";"3.5";"1";"1";"1.8";"88";"75";"50";"25";"88";"3.6";"3";"83";"25";"";"";"";"";"";"";"";"";"";"";""
"United States";"USA";"USL W League";"27-06-2026 20:00";"FT";"Challenge W";"5";"2";"Hill Country Linces W";"4";"2";"0.8";"0";"0.5";"0.5";"2";"4.5";"88";"75";"38";"25";"";"3.8";"3";"25";"0";"";"";"";"";"";"";"";"";"";"";""
"United States";"USA";"USL W League";"27-06-2026 20:00";"FT";"Virginia Beach United W";"1";"3";"Virginia DA W";"0";"3";"2.2";"2.2";"1.2";"1.8";"1";"1";"62";"62";"62";"38";"75";"2.5";"3";"75";"75";"";"";"";"";"";"";"";"7.3";"";"8.3";""
"United States";"USA";"USL W League";"27-06-2026 20:00";"FT";"Richmond W";"3";"0";"Charlottesville Blues W";"1";"0";"1.2";"1";"1.2";"1.2";"1";"2.2";"75";"50";"62";"50";"84";"2.8";"3";"42";"33";"";"";"";"";"";"";"";"";"";"";""
"United States";"USA";"USL W League";"27-06-2026 22:00";"FT";"Sta Clarita Blue Heat W";"7";"0";"AMSG W";"5";"0";"1.3";"0.8";"2.7";"1.8";"1";"2.8";"84";"58";"66";"42";"42";"4.1";"4";"44";"25";"";"";"";"";"";"";"";"";"";"";""
"United States";"USA";"USL W League";"27-06-2026 23:00";"FT";"Los Angeles SC W";"1";"0";"Oceanside Dutch Lions W";"";"";"0.3";"1";"0.3";"1.5";"4.7";"3";"100";"71";"42";"29";"62";"4.8";"4";"11";"33";"";"";"";"";"";"";"";"";"";"";""
"United States";"USA";"USL W League";"27-06-2026 23:00";"FT";"Stockton Cargo W";"3";"2";"Marin FC Alliance W";"2";"0";"1";"0.8";"1.8";"1.5";"1.8";"3.5";"100";"88";"75";"12";"88";"4.2";"4";"33";"25";"";"";"";"";"";"";"";"";"";"";""
"United States";"USA";"USL W League";"27-06-2026 23:00";"FT";"Monterey Bay W";"3";"2";"Pleasanton Rage W";"2";"1";"2.5";"0.8";"3";"0.8";"0.8";"2.5";"100";"75";"38";"25";"75";"3.5";"3";"83";"25";"";"";"";"";"";"";"";"";"";"";""
"United States";"USA";"USL W League";"27-06-2026 23:00";"AWAITING_UPDATES";"San Juan SC W";"";"";"California Storm II W";"";"";"1";"2.2";"2.5";"2.5";"2";"1.2";"100";"88";"75";"12";"88";"4.2";"4";"33";"75";"";"";"";"";"";"";"";"";"";"";""
"United States";"USA";"UWS";"27-06-2026 15:00";"AWAITING_UPDATES";"Worcester Wanderers W";"";"";"Maine Mystics W";"";"";"1";"0.3";"1.7";"1";"2.3";"2.3";"100";"84";"100";"16";"";"3.6";"4";"33";"11";"";"";"";"";"";"";"";"";"";"";""
"United States";"USA";"UWS";"27-06-2026 17:00";"AWAITING_UPDATES";"Maine Footy W";"";"";"Connecticut Legends W";"";"";"1";"3";"1";"4.5";"1.7";"0.5";"100";"84";"58";"16";"";"3.8";"5";"33";"100";"";"";"";"";"";"";"";"";"";"";""
"United States";"USA";"UWS";"27-06-2026 18:00";"AWAITING_UPDATES";"Midland Fusion W";"";"";"Tulip City United W";"";"";"0";"3";"0";"2";"3";"1";"84";"58";"34";"42";"";"3";"3";"0";"100";"";"";"";"";"";"";"";"";"";"";""
"United States";"USA";"UWS";"27-06-2026 18:00";"AWAITING_UPDATES";"MSI Soccer W";"";"";"Baltimore Blast W";"";"";"0";"2";"0.7";"2.7";"3.3";"0.3";"84";"66";"34";"34";"";"3.5";"4";"0";"67";"";"";"";"";"";"";"";"";"";"";""
"United States";"USA";"UWS";"27-06-2026 20:00";"AWAITING_UPDATES";"Racing Power W";"";"";"Lancaster W";"";"";"3";"";"3.5";"";"0";"";"";"";"";"";"";"";"";"100";"";"";"";"";"";"";"";"";"";"";"";""
"United States";"USA";"UWS";"27-06-2026 21:00";"AWAITING_UPDATES";"Berber City W";"";"";"Crystal Lake Force W";"";"";"2";"3";"4.5";"4";"1";"0.5";"100";"100";"50";"0";"";"5";"4";"67";"100";"";"";"";"";"";"";"";"";"";"";""
"United States";"USA";"UWS";"27-06-2026 23:00";"AWAITING_UPDATES";"SoCal W";"";"";"United City II";"";"";"3";"3";"3.5";"9";"0.5";"0.5";"100";"100";"50";"0";"";"6.8";"6";"100";"100";"";"";"";"";"";"";"";"";"";"";""
"Vietnam";"VIE";"U21 Championship";"27-06-2026 06:00";"AWAITING_UPDATES";"SLNA U21";"";"";"Thanh Hóa U21";"";"";"";"";"";"";"";"";"";"";"";"";"";"";"";"";"";"";"";"";"";"";"";"";"";"";"";""
"Vietnam";"VIE";"U21 Championship";"27-06-2026 06:00";"AWAITING_UPDATES";"Phù Đổng U21";"";"";"PVF-CAND U21";"";"";"";"";"";"";"";"";"";"";"";"";"";"";"";"";"";"";"";"";"";"";"";"";"";"";"";""
"Yemen";"YEM";"Yemeni League";"27-06-2026 10:00";"FT";"Salam Al Gharfa FC";"0";"2";"Ahli Sana'a FC";"0";"0";"0";"";"0";"";"2.3";"";"";"";"";"";"";"";"";"0";"";"";"";"";"";"";"";"";"";"";"";""
"Yemen";"YEM";"Yemeni League";"27-06-2026 10:00";"FT";"Alsadd FC";"1";"0";"Ittihad FC IBB";"0";"0";"1.7";"0.3";"0.7";"0";"0.3";"1";"33";"0";"16";"100";"50";"1";"2";"56";"11";"";"";"";"";"";"";"";"";"";"";""
"Yemen";"YEM";"Yemeni League";"27-06-2026 10:00";"FT";"Al Orouba FC";"1";"0";"Ittihad Hadramout FC";"1";"0";"";"1.5";"";"2.5";"";"2";"";"";"";"";"";"";"";"";"50";"";"";"";"";"";"";"";"";"";"";""
"Zimbabwe";"ZIM";"Premier Soccer League";"27-06-2026 10:00";"FT";"CAPS United";"2";"2";"Triangle United";"1";"2";"2.2";"0.3";"1.4";"0.3";"0.7";"1.6";"62";"28";"33";"72";"56";"2";"2";"74";"11";"";"";"";"";"";"";"15.9";"10.2";"5";"6.9";"9.7"
"Zimbabwe";"ZIM";"Premier Soccer League";"27-06-2026 10:00";"FT";"MWOS";"1";"2";"Highlanders";"0";"1";"1.7";"1.6";"0.9";"1";"0.6";"0.7";"38";"28";"38";"72";"38";"1.5";"2";"56";"52";"";"";"";"";"";"";"16.2";"14.3";"6";"6.3";"5.8"
"Zimbabwe";"ZIM";"Premier Soccer League";"27-06-2026 10:00";"FT";"Platinum";"1";"1";"Hunters";"1";"0";"1.4";"0.4";"0.9";"0.7";"0.8";"1.9";"56";"39";"39";"61";"62";"2.2";"2";"48";"15";"";"";"";"";"";"";"";"";"7.6";"";"7.2"
"Zimbabwe";"ZIM";"Premier Soccer League";"27-06-2026 10:00";"FT";"Kariba";"1";"1";"Ngezi Platinum";"0";"0";"1.2";"1.2";"0.6";"0.9";"0.4";"0.8";"44";"11";"33";"89";"50";"1.4";"2";"41";"41";"";"";"";"";"";"";"";"";"7";"";"5.6"
"Zimbabwe";"ZIM";"Premier Soccer League";"27-06-2026 10:00";"FT";"Chicken Inn";"0";"2";"Hardrock";"0";"0";"1.7";"1.7";"0.8";"0.8";"0.7";"0.4";"44";"16";"11";"84";"62";"1.3";"2";"56";"56";"";"";"";"";"";"";"11.6";"4";"7";"6.6";"5.7"
"Zimbabwe";"ZIM";"Premier Soccer League";"27-06-2026 10:00";"FT";"Simba Bhora";"1";"2";"TelOne";"0";"1";"1.8";"1";"1.2";"0.9";"0.4";"1.2";"67";"33";"50";"67";"72";"1.9";"2";"59";"33";"";"";"";"";"";"";"";"";"7";"";"10.2"
"Argentina";"ARG";"Primera Division Women";"27-06-2026 11:00";"FT";"SAT W";"0";"2";"Lanús W";"0";"2";"1.6";"0.8";"1.8";"0.2";"0.8";"2.4";"60";"50";"20";"50";"60";"2.6";"3";"53";"27";"";"";"";"";"";"";"17.7";"8.6";"6.8";"7.8";"12.2"
"Argentina";"ARG";"Primera Division Women";"27-06-2026 15:00";"FT";"Banfield W";"2";"2";"Gimnasia La Plata W";"1";"0";"1.2";"1";"1";"1";"1.6";"2";"78";"55";"45";"45";"68";"2.8";"3";"40";"33";"";"";"";"";"";"";"19.7";"12.4";"5.8";"10";"11.2"
"Australia";"AUS";"Western Australia NPL Women";"27-06-2026 02:00";"FT";"West NTC W";"1";"0";"UWA Nedlands W";"0";"0";"1";"0.5";"2.4";"0.2";"2";"3.5";"72";"62";"30";"38";"72";"4.1";"3";"33";"17";"";"";"";"";"";"";"19.2";"6.6";"6.8";"8.2";"16.8"
"Australia";"AUS";"Capital Territory NPL Women";"27-06-2026 02:00";"FT";"Tuggeranong United W";"0";"1";"Canberra Olympic W";"0";"0";"1";"1.7";"0.7";"2";"2.6";"1.2";"84";"70";"23";"30";"62";"3.2";"4";"33";"56";"";"";"";"";"";"";"21.4";"13.7";"10.8";"8.3";"10"
"Australia";"AUS";"Queensland NPL Women";"27-06-2026 04:00";"FT";"Gold Coast Knights W";"1";"1";"Sunshine Coast Wanderers W";"0";"1";"2.5";"1.3";"3.2";"1.3";"1";"1.4";"86";"59";"40";"41";"73";"3.4";"2";"83";"43";"";"";"";"";"";"";"23.8";"26";"8.6";"3.7";"9.3"
"Australia";"AUS";"South Australia NPL Women";"27-06-2026 02:45";"FT";"Salisbury Inter W";"2";"1";"Adelaide University W";"1";"1";"1.8";"1.2";"3";"2.2";"1.3";"2.2";"92";"83";"75";"17";"92";"4.3";"4";"61";"39";"";"";"";"";"";"";"18.5";"12";"7.7";"7.2";"10.2"
"Australia";"AUS";"South Australia NPL Women";"27-06-2026 04:30";"FT";"Campbelltown City W";"1";"0";"West Adelaide W";"0";"0";"1.3";"3";"1.8";"3.2";"1.3";"0.6";"92";"65";"55";"35";"84";"3.5";"3";"44";"100";"";"";"";"";"";"";"21.3";"13.4";"16";"8";"5.2"
"Australia";"AUS";"South Australia NPL Women";"27-06-2026 04:30";"FT";"MetroStars";"5";"4";"Modbury Vista W";"2";"1";"0";"0.3";"0.6";"1.3";"3.6";"2.8";"90";"82";"62";"18";"82";"4.2";"4";"0";"11";"";"";"";"";"";"";"24";"5.2";"10.7";"18";"14"
"Australia";"AUS";"Victoria NPL Women";"27-06-2026 02:00";"FT";"Melbourne City II";"1";"6";"Avondale W";"0";"3";"0.7";"1";"1.2";"1.6";"3.4";"1.9";"83";"76";"66";"24";"94";"4.1";"3";"22";"33";"";"";"";"";"";"";"23";"6.5";"11.2";"14.5";"13.9"
"Australia";"AUS";"Victoria NPL Women";"27-06-2026 02:00";"FT";"Keilor ParkW";"2";"1";"Melbourne Victory II";"0";"0";"1.1";"1.4";"1.2";"1.7";"1.8";"1.8";"70";"59";"64";"41";"82";"3.2";"3";"38";"48";"";"";"";"";"";"";"20";"7.2";"9.8";"14.2";"8.9"
"Australia";"AUS";"Victoria NPL Women";"27-06-2026 02:00";"FT";"Essendon Royals W";"1";"2";"Bulleen Lions W";"0";"1";"2.4";"1.9";"3.1";"2.1";"1.1";"1";"86";"66";"58";"34";"80";"3.6";"4";"79";"62";"";"";"";"";"";"";"22.7";"14";"14.4";"7.5";"9.4"
"Australia";"AUS";"Victoria NPL Women";"27-06-2026 02:30";"FT";"South Melbourne W";"2";"2";"Box Hill United W";"1";"1";"2.8";"1.7";"3.1";"2.6";"0.7";"1.6";"88";"69";"50";"31";"93";"4";"4";"93";"57";"";"";"";"";"";"";"22.4";"17.9";"12.4";"4.9";"9.6"
"Australia";"AUS";"Victoria NPL Women";"27-06-2026 03:15";"FT";"Heidelberg United W";"1";"3";"Boroondara Eagles W";"0";"1";"1";"1.7";"1.2";"2.4";"2";"1.6";"76";"64";"76";"36";"88";"3.6";"4";"33";"56";"";"";"";"";"";"";"20.6";"9.4";"11.7";"10.9";"9.4"
"Australia";"AUS";"New South Wales NPL Women";"27-06-2026 02:00";"FT";"NWS Spirit W";"2";"1";"Northern Tigers W";"0";"1";"0.8";"1.6";"1.4";"1.8";"4";"1.4";"88";"75";"50";"25";"81";"4.2";"4";"25";"54";"";"";"";"";"";"";"21.4";"8.4";"10";"14.4";"10"
"Australia";"AUS";"Tasmania Women's Super League";"27-06-2026 03:45";"FT";"Riverside Olympic W";"0";"6";"Launceston United W";"0";"1";"0.2";"0.6";"0.7";"3.6";"7.7";"3.4";"100";"100";"36";"0";"80";"7.6";"5";"6";"20";"";"";"";"";"";"";"24.2";"2.7";"10.6";"23";"12"
"Australia";"AUS";"Tasmania Women's Super League";"27-06-2026 03:45";"FT";"Taroona W";"0";"2";"Glenorchy Knights W";"0";"2";"1.5";"1.7";"2.2";"2.8";"2.8";"1";"100";"75";"42";"25";"84";"4.4";"5";"50";"56";"";"";"";"";"";"";"21.6";"8";"16.8";"9";"9.4"
"Australia";"AUS";"QLD FQPL 1 Women";"27-06-2026 06:00";"DELAYED";"Grange Thistle W";"";"";"Logan Lightning W";"";"";"0.8";"2";"1.8";"2";"2";"4";"88";"71";"42";"29";"88";"4.9";"4";"25";"67";"";"";"";"";"";"";"29.6";"16.8";"12.7";"11.2";"18.7"
"Australia";"AUS";"Northern NSW NPL Women";"27-06-2026 03:30";"FT";"New Lambton W";"2";"1";"Maitland W";"1";"0";"2.6";"3";"3";"4.8";"1.4";"0.6";"100";"90";"60";"10";"90";"4.9";"5";"87";"100";"";"";"";"";"";"";"23.8";"13.4";"19";"10.4";"4.8"
"Belarus";"BLR";"Vysshaya Liga Women";"27-06-2026 10:00";"FT";"Dnepr Mogilev W";"5";"1";"ABFF U19 W";"2";"0";"2";"1";"7.3";"0.5";"0.7";"3";"58";"58";"29";"42";"58";"5.8";"5";"67";"33";"";"";"";"";"";"";"";"";"";"";""
"Belarus";"BLR";"Vysshaya Liga Women";"27-06-2026 10:00";"FT";"Gomel W";"0";"8";"Dinamo-BGU W";"0";"4";"1.4";"2";"0.6";"1.7";"2.4";"1.3";"64";"64";"44";"36";"64";"3";"4";"47";"67";"";"";"";"";"";"";"";"";"7.5";"";"8"
"Belarus";"BLR";"Vysshaya Liga Women";"27-06-2026 11:00";"FT";"Smorgon W";"0";"6";"Minsk FK W";"0";"3";"0";"3";"0";"4.3";"3.3";"0.3";"100";"100";"16";"0";"100";"4";"4";"0";"100";"";"";"";"";"";"";"";"";"";"";""
"Europe";"EUR";"Euro U19 Women";"27-06-2026 12:00";"FT";"Bosnia & Herzegovina U19 W";"0";"5";"Germany U19 W";"0";"1";"";"";"";"";"";"";"";"";"";"";"";"";"";"";"";"";"";"";"";"";"";"";"";"";"";""
"Europe";"EUR";"Euro U19 Women";"27-06-2026 15:00";"FT";"Sweden U19 W";"1";"0";"Poland U19 W";"0";"0";"";"";"";"";"";"";"";"";"";"";"";"";"";"";"";"";"";"";"";"";"";"";"";"";"";""
"Finland";"FIN";"Kansallinen Liiga Women";"27-06-2026 09:00";"FT";"KuPS W";"5";"1";"VIFK W";"2";"0";"2.5";"0";"1.8";"0.2";"0.8";"3.8";"88";"88";"50";"12";"75";"3.2";"2";"83";"0";"";"";"";"";"";"";"23.6";"16.5";"4.8";"9.2";"16.8"
"Finland";"FIN";"Kansallinen Liiga Women";"27-06-2026 09:00";"FT";"Gnistan W";"3";"0";"PK-35 Vantaa W";"2";"0";"0.8";"0.8";"2.5";"1.5";"2.2";"3";"100";"88";"62";"12";"88";"4.6";"4";"25";"25";"";"";"";"";"";"";"22.9";"10";"7";"9.8";"19"
"Finland";"FIN";"Kansallinen Liiga Women";"27-06-2026 12:30";"FT";"Ilves W";"1";"3";"HJK W";"0";"3";"1.5";"2.2";"2";"1.8";"2";"1.2";"75";"75";"62";"25";"75";"3.5";"3";"50";"75";"";"";"";"";"";"";"27.2";"16.5";"17";"14.2";"6.7"
"Finland";"FIN";"Ykkönen Women";"27-06-2026 08:00";"FT";"ONS W";"3";"0";"PKKU W";"0";"0";"1.7";"0.6";"1.2";"1.6";"1.7";"2.2";"92";"65";"55";"35";"84";"3.3";"3";"56";"20";"";"";"";"";"";"";"19.9";"9.2";"9";"7.3";"14.3"
"Finland";"FIN";"Ykkönen Women";"27-06-2026 08:00";"FT";"EBK W";"3";"0";"JyPK W";"0";"0";"3";"0.7";"2.8";"1.7";"0.3";"2.3";"92";"75";"66";"25";"75";"3.6";"3";"100";"22";"";"";"";"";"";"";"13.9";"8.8";"8";"4.2";"6.8"
"Finland";"FIN";"Ykkönen Women";"27-06-2026 10:00";"FT";"Honka W";"1";"0";"HJK II W";"1";"0";"2.7";"0.7";"2.5";"1.5";"0.3";"2.5";"92";"58";"50";"42";"100";"3.4";"3";"89";"22";"";"";"";"";"";"";"18.7";"11.8";"9.6";"5.4";"10.6"
"Republic of Ireland";"IRL";"Women's National League";"27-06-2026 09:00";"FT";"Shamrock Rovers W";"2";"4";"Wexford Youths";"1";"3";"1.8";"0.5";"1.8";"0.5";"1";"1.2";"75";"25";"38";"75";"75";"2.3";"3";"58";"17";"";"";"";"";"";"";"19.5";"12.5";"8.5";"4.2";"13.8"
"Republic of Ireland";"IRL";"Women's National League";"27-06-2026 11:00";"FT";"Waterford W";"0";"0";"Cork City W";"0";"0";"0.2";"0.2";"0.8";"0.5";"2.2";"3";"88";"75";"50";"25";"88";"3.2";"3";"8";"8";"";"";"";"";"";"";"20.3";"5.8";"6";"15";"13.8"
"Republic of Ireland";"IRL";"Women's National League";"27-06-2026 11:00";"DELAYED";"Bohemians WFC W";"0";"0";"Galway United W";"0";"0";"1";"2.5";"1.2";"1.5";"1.5";"0";"50";"38";"12";"62";"50";"2.2";"3";"33";"83";"";"";"";"";"";"";"18.2";"10.5";"14";"7";"5"
"Republic of Ireland";"IRL";"Women's National League";"27-06-2026 13:00";"DELAYED";"Peamount United W";"0";"0";"DLR Waves W";"0";"0";"1.2";"0.2";"2";"0.2";"1.8";"1.8";"88";"50";"50";"50";"75";"2.9";"3";"42";"8";"";"";"";"";"";"";"17.9";"11.2";"2";"8.5";"14"
"Republic of Ireland";"IRL";"Women's National League";"27-06-2026 15:35";"FT";"Treaty United W";"1";"1";"Sligo Rovers W";"1";"1";"1.2";"1";"1";"1.2";"0.8";"1.6";"88";"42";"52";"58";"88";"2.3";"3";"42";"33";"";"";"";"";"";"";"19.8";"11.5";"9.2";"11.2";"7.6"
"Iceland";"ISL";"1. Deild Women";"27-06-2026 11:00";"FT";"Fjardab Höttur Leiknir W";"3";"1";"Keflavík W";"0";"1";"0.8";"0.8";"1.8";"3";"2.2";"2.8";"100";"75";"75";"25";"88";"4.9";"4";"25";"25";"";"";"";"";"";"";"";"";"12";"";"14.5"
"Iceland";"ISL";"1. Deild Women";"27-06-2026 13:00";"FT";"Grótta W";"2";"1";"Volsungur Husavik W";"2";"0";"2.2";"1";"3.2";"1.5";"2.5";"1.8";"100";"62";"62";"38";"88";"4.5";"5";"75";"33";"";"";"";"";"";"";"27.5";"15.5";"12.5";"13.5";"13.5"
"Iceland";"ISL";"1. Deild Women";"27-06-2026 13:00";"FT";"KR W";"6";"0";"Tindastóll W";"5";"0";"2.5";"0";"3.8";"0.3";"1.5";"5";"100";"88";"54";"12";"100";"5.2";"3";"83";"0";"";"";"";"";"";"";"";"14.5";"";"7.8";""
"Latvia";"LVA";"Women League";"27-06-2026 12:00";"FT";"Rigas W";"0";"3";"SFK Rīga W";"0";"3";"0.6";"2.2";"1.4";"4.8";"4.6";"1";"100";"88";"32";"12";"90";"5.9";"6";"20";"75";"";"";"";"";"";"";"";"";"";"";""
"Norway";"NOR";"1. Division Women";"27-06-2026 08:00";"FT";"Bryne W";"0";"1";"Fyllingsdalen W";"0";"0";"1.4";"0";"1";"0.8";"1.4";"2.6";"80";"70";"60";"30";"70";"2.9";"3";"47";"0";"";"";"";"";"";"";"22.4";"9.8";"8.7";"14.5";"12"
"Norway";"NOR";"1. Division Women";"27-06-2026 09:00";"FT";"Odd W";"1";"0";"Frigg W";"0";"0";"1.2";"0";"1.6";"0";"1.6";"3";"90";"60";"40";"40";"50";"3.1";"3";"40";"0";"";"";"";"";"";"";"22.8";"14";"7.3";"9";"15.3"
"Norway";"NOR";"Cup Women";"27-06-2026 09:00";"FT";"Viking FK W";"0";"3";"Brann W";"0";"0";"3";"3";"3.3";"3.3";"1.3";"0.3";"100";"84";"50";"16";"84";"4.2";"3";"100";"100";"";"";"";"";"";"";"";"15.7";"";"10";""
"New Zealand";"NZL";"National League Women";"27-06-2026 21:00";"FT";"Coastal Spirit W";"2";"1";"Roslyn Wakari W";"";"";"0.5";"1";"0";"1.5";"2";"1.5";"50";"50";"25";"50";"";"2.5";"4";"17";"33";"";"";"";"";"";"";"";"";"";"";""
"New Zealand";"NZL";"National League Women";"27-06-2026 23:00";"FT";"Taradale W";"2";"6";"Seatoun W";"";"";"0";"1";"1.6";"1.5";"6.4";"3.2";"88";"75";"78";"25";"";"6.4";"5";"0";"33";"";"";"";"";"";"";"";"";"";"";""
"New Zealand";"NZL";"National League Women";"27-06-2026 23:00";"FT";"Melville United W";"1";"2";"Tauranga Moana W";"";"";"0";"0.6";"1.6";"0.4";"5.8";"4";"90";"90";"50";"10";"";"5.9";"6";"0";"20";"";"";"";"";"";"";"";"";"";"";""
"Russia";"RUS";"Premier League Women";"27-06-2026 10:00";"FT";"Krylya Sovetov W";"4";"0";"Rostov W";"3";"0";"2.5";"0.6";"1.8";"0.4";"0.2";"2";"100";"10";"12";"90";"40";"2.2";"2";"83";"20";"";"";"";"";"";"";"";"";"5.2";"";"8.2"
"Russia";"RUS";"Premier League Women";"27-06-2026 10:30";"FT";"CSKA Moscow W";"0";"0";"Zenit W";"0";"0";"3";"3";"2.8";"3";"0.2";"0.2";"100";"68";"22";"32";"88";"3.1";"2";"100";"100";"";"";"";"";"";"";"16.7";"10.8";"11.2";"8";"3.4"
"Russia";"RUS";"Premier League Women";"27-06-2026 11:00";"FT";"Rubin Kazan W";"2";"2";"Chertanovo W";"0";"1";"1.6";"2.4";"1.6";"2.4";"0.8";"1.2";"80";"80";"50";"20";"80";"3";"3";"53";"80";"";"";"";"";"";"";"14.9";"12.5";"7.2";"5.5";"4.5"
"Russia";"RUS";"Premier League Women";"27-06-2026 11:00";"FT";"Dinamo Moskva W";"0";"0";"Zvezda 2005 W";"0";"0";"0.6";"0.8";"0.4";"0.2";"1.2";"1.8";"55";"12";"0";"88";"78";"1.8";"3";"20";"25";"";"";"";"";"";"";"14.8";"3";"6";"9";"11.5"
"Russia";"RUS";"Premier League Women";"27-06-2026 13:00";"FT";"Spartak Moskva W";"1";"1";"Lokomotiv Moscow W";"0";"1";"2.2";"2.2";"1.8";"1.8";"0.6";"0.5";"78";"35";"42";"65";"45";"2.3";"3";"73";"75";"";"";"";"";"";"";"16.4";"9";"12.5";"4.7";"6.5"
"World";"WOR";"Club Friendlies 3";"27-06-2026 04:00";"FT";"Ansbach";"4";"0";"Kornburg";"0";"0";"1.7";"";"3.3";"";"1.7";"";"";"";"";"";"";"";"";"56";"";"";"";"";"";"";"";"";"";"";"";""
"World";"WOR";"Club Friendlies 3";"27-06-2026 04:00";"FT";"Zlín";"0";"2";"Hanácká";"0";"1";"2.3";"";"2.3";"";"1.3";"";"";"";"";"";"";"";"";"78";"";"";"";"";"";"";"";"";"9";"";"8.7";""
"World";"WOR";"Club Friendlies 3";"27-06-2026 05:00";"FT";"Viktoria Plzeň";"4";"2";"SK Artis Brno";"0";"1";"";"1.3";"";"2";"";"1";"";"";"";"";"";"";"";"";"44";"";"";"";"";"";"";"";"";"";"";""
"World";"WOR";"Club Friendlies 3";"27-06-2026 05:00";"FT";"Wisła Kraków";"3";"4";"Nieciecza";"0";"1";"1.2";"";"1.8";"";"1.2";"";"";"";"";"";"";"";"";"42";"";"";"";"";"";"";"";"";"";"";"";""
"World";"WOR";"Club Friendlies 3";"27-06-2026 05:00";"FT";"Puszcza Niepołomice";"3";"0";"Star Starachowice";"1";"0";"1.3";"";"2.3";"";"1.7";"";"";"";"";"";"";"";"";"44";"";"";"";"";"";"";"";"";"6";"";"8";""
"World";"WOR";"Club Friendlies 3";"27-06-2026 05:00";"FT";"UTA Arad";"4";"0";"Dumbrăviţa";"1";"0";"1.5";"";"1";"";"0.5";"";"";"";"";"";"";"";"";"50";"";"";"";"";"";"";"";"";"";"";"";""
"World";"WOR";"Club Friendlies 3";"27-06-2026 05:00";"FT";"Viktoria Žižkov";"3";"2";"Slavia Praha B";"2";"0";"2";"";"4";"";"1.7";"";"";"";"";"";"";"";"";"67";"";"";"";"";"";"";"";"";"6.7";"";"9.3";""
"World";"WOR";"Club Friendlies 3";"27-06-2026 05:00";"FT";"Zlaté Moravce";"2";"0";"Banská Bystrica";"1";"0";"";"1";"";"1";"";"2.3";"";"";"";"";"";"";"";"";"33";"";"";"";"";"";"";"";"";"11";"";"14.5"
"World";"WOR";"Club Friendlies 3";"27-06-2026 05:00";"FT";"Luckenwalde";"0";"0";"RSV Eintracht";"0";"0";"";"";"";"";"";"";"";"";"";"";"";"";"";"";"";"";"";"";"";"";"";"";"";"";"";""
"World";"WOR";"Club Friendlies 3";"27-06-2026 05:00";"CANCELLED";"Radomiak Radom";"";"";"Górnik Łęczna";"";"";"";"";"";"";"";"";"";"";"";"";"";"";"";"";"";"";"";"";"";"";"";"";"";"";"";""
"World";"WOR";"Club Friendlies 3";"27-06-2026 05:30";"FT";"Prostějov";"1";"1";"Opava";"1";"0";"2.2";"1";"1.8";"1.2";"0.8";"1.2";"75";"62";"50";"38";"58";"2.5";"3";"75";"33";"";"";"";"";"";"";"17.9";"5.7";"8.5";"10.7";"11"
"World";"WOR";"Club Friendlies 3";"27-06-2026 05:30";"FT";"Trenčín";"4";"2";"Petržalka akadémia";"0";"1";"0.5";"";"1";"";"3";"";"";"";"";"";"";"";"";"17";"";"";"";"";"";"";"";"";"";"";"";""
"World";"WOR";"Club Friendlies 3";"27-06-2026 05:30";"FT";"Mezőkövesd-Zsóry";"2";"3";"FK Košice";"1";"1";"";"1";"";"2.3";"";"2";"";"";"";"";"";"";"";"";"33";"";"";"";"";"";"";"";"";"";"";""
"World";"WOR";"Club Friendlies 3";"27-06-2026 05:30";"FT";"Lugano";"2";"1";"Neuchâtel Xamax";"1";"1";"";"0";"";"1.5";"";"3";"";"";"";"";"";"";"";"";"0";"";"";"";"";"";"";"";"";"";"";""
"World";"WOR";"Club Friendlies 3";"27-06-2026 05:30";"FT";"Hartberg";"3";"1";"Admira";"1";"0";"3";"0.5";"4";"1.5";"0";"3";"75";"75";"25";"25";"75";"4.2";"4";"100";"17";"";"";"";"";"";"";"";"18.5";"";"2";""
"World";"WOR";"Club Friendlies 3";"27-06-2026 06:00";"FT";"Piast Gliwice";"0";"2";"Raków Częstochowa";"0";"1";"";"";"";"";"";"";"";"";"";"";"";"";"";"";"";"";"";"";"";"";"";"";"";"";"";""
"World";"WOR";"Club Friendlies 3";"27-06-2026 06:00";"FT";"Sigma Olomouc";"1";"0";"Ružomberok";"0";"0";"1.7";"";"1.3";"";"1";"";"";"";"";"";"";"";"";"56";"";"";"";"";"";"";"";"";"10.7";"";"6";""
"World";"WOR";"Club Friendlies 3";"27-06-2026 06:00";"FT";"Wisła Płock";"2";"1";"Pogon Grodzisk Mazowiecki";"1";"0";"1.8";"0.5";"1.2";"1.5";"0.8";"2";"88";"38";"75";"62";"75";"2.8";"3";"58";"17";"";"";"";"";"";"";"";"";"";"";""
"World";"WOR";"Club Friendlies 3";"27-06-2026 06:00";"FT";"Paksi SE";"4";"1";"Komárno";"2";"1";"1.7";"2.3";"2.7";"3";"1.3";"0.3";"67";"50";"50";"50";"84";"3.6";"4";"56";"78";"";"";"";"";"";"";"";"";"14";"";"8"
"World";"WOR";"Club Friendlies 3";"27-06-2026 06:00";"FT";"Sportfreunde Siegen";"6";"0";"Cosmos Koblenz";"2";"0";"0";"";"0.5";"";"2.5";"";"";"";"";"";"";"";"";"0";"";"";"";"";"";"";"";"";"";"";"";""
"World";"WOR";"Club Friendlies 3";"27-06-2026 06:00";"FT";"Slovan Liberec";"2";"0";"Ústí nad Labem";"0";"0";"1";"1.2";"1.3";"2.8";"2";"2";"84";"84";"54";"16";"74";"4";"4";"33";"40";"";"";"";"";"";"";"23.2";"9.5";"5.3";"19";"12.7"
"World";"WOR";"Club Friendlies 3";"27-06-2026 06:00";"FT";"Teplice";"2";"0";"Spartak Trnava";"1";"0";"";"1.5";"";"1";"";"1.5";"";"";"";"";"";"";"";"";"50";"";"";"";"";"";"";"";"";"";"";""
"World";"WOR";"Club Friendlies 3";"27-06-2026 06:00";"FT";"FC Utrecht";"1";"2";"De Graafschap";"1";"2";"";"";"";"";"";"";"";"";"";"";"";"";"";"";"";"";"";"";"";"";"";"";"";"";"";""
"World";"WOR";"Club Friendlies 3";"27-06-2026 06:00";"FT";"Bayreuth";"5";"0";"Neumarkt Germany";"3";"0";"3";"0";"3";"2";"0.5";"4.5";"75";"75";"75";"25";"75";"5";"4";"100";"0";"";"";"";"";"";"";"";"";"";"";""
"World";"WOR";"Club Friendlies 3";"27-06-2026 06:00";"FT";"Diósgyőr";"1";"0";"Zemplín Michalovce";"1";"0";"";"0.8";"";"1.8";"";"2.6";"";"";"";"";"";"";"";"";"27";"";"";"";"";"";"";"";"";"";"";""
"World";"WOR";"Club Friendlies 3";"27-06-2026 06:00";"FT";"Vysočina Jihlava";"3";"1";"Příbram";"1";"0";"3";"0.2";"4";"1.2";"0";"2";"100";"100";"50";"0";"100";"3.6";"3";"100";"8";"";"";"";"";"";"";"";"";"7.3";"";"6"
"World";"WOR";"Club Friendlies 3";"27-06-2026 06:00";"CANCELLED";"Memmingen";"";"";"Gundelfingen";"";"";"3";"";"4.5";"";"0.5";"";"";"";"";"";"";"";"";"100";"";"";"";"";"";"";"";"";"";"";"";""
"World";"WOR";"Club Friendlies 3";"27-06-2026 06:00";"CANCELLED";"Almere City";"";"";"HHC";"";"";"";"";"";"";"";"";"";"";"";"";"";"";"";"";"";"";"";"";"";"";"";"";"";"";"";""
"World";"WOR";"Club Friendlies 3";"27-06-2026 06:00";"TBA";"Gau-Odernheim";"";"";"Mainz 05 II";"";"";"";"";"";"";"";"";"";"";"";"";"";"";"";"";"";"";"";"";"";"";"";"";"";"";"";""
"World";"WOR";"Club Friendlies 3";"27-06-2026 06:15";"FT";"Zlín";"1";"2";"Skalica";"0";"0";"1.8";"";"1.8";"";"1.5";"";"";"";"";"";"";"";"";"58";"";"";"";"";"";"";"";"";"7.5";"";"7.2";""
"World";"WOR";"Club Friendlies 3";"27-06-2026 06:30";"FT";"Zürich";"3";"2";"FC Schaffhausen";"2";"0";"";"0";"";"3";"";"4.5";"";"";"";"";"";"";"";"";"0";"";"";"";"";"";"";"";"";"";"";""
"World";"WOR";"Club Friendlies 3";"27-06-2026 07:00";"FT";"Pogoń Siedlce";"0";"3";"Unia Skierniewice";"0";"0";"1";"0";"2";"0.5";"2.3";"3.5";"100";"75";"58";"25";"";"4.2";"4";"33";"0";"";"";"";"";"";"";"";"";"";"";""
"World";"WOR";"Club Friendlies 3";"27-06-2026 07:00";"FT";"FC Dordrecht";"3";"0";"Schalke 04 II";"1";"0";"";"";"";"";"";"";"";"";"";"";"";"";"";"";"";"";"";"";"";"";"";"";"";"";"";""
"World";"WOR";"Club Friendlies 3";"27-06-2026 07:00";"FT";"Esbjerg";"3";"3";"Vejle Boldklub";"0";"1";"0.5";"";"1.5";"";"2";"";"";"";"";"";"";"";"";"17";"";"";"";"";"";"";"";"";"";"";"";""
"World";"WOR";"Club Friendlies 3";"27-06-2026 08:00";"FT";"Widzew Lodz";"4";"0";"Stal Rzeszów";"1";"0";"2";"0";"1.8";"1";"1.2";"6.5";"100";"75";"100";"25";"100";"5.2";"4";"67";"0";"";"";"";"";"";"";"";"";"";"";""
"World";"WOR";"Club Friendlies 3";"27-06-2026 08:00";"FT";"AGF";"1";"1";"Viborg FF";"1";"1";"3";"1.5";"3.3";"1.5";"1";"1.5";"100";"75";"58";"25";"84";"3.6";"3";"100";"50";"";"";"";"";"";"";"";"";"12";"";"7"
"World";"WOR";"Club Friendlies 3";"27-06-2026 08:00";"FT";"SK Rapid";"4";"1";"Floridsdorfer AC";"3";"1";"3";"1";"2.3";"0.3";"0.7";"1.3";"50";"16";"16";"84";"50";"2.4";"3";"100";"33";"";"";"";"";"";"";"";"";"";"";""
"World";"WOR";"Club Friendlies 3";"27-06-2026 08:00";"FT";"Ayr United";"3";"0";"Glenafton Athletic";"0";"0";"";"";"";"";"";"";"";"";"";"";"";"";"";"";"";"";"";"";"";"";"";"";"";"";"";""
"World";"WOR";"Club Friendlies 3";"27-06-2026 08:00";"FT";"FSV Optik Rathenow";"0";"1";"Altglienicke";"0";"0";"";"1.3";"";"2";"";"2";"";"";"";"";"";"";"";"";"44";"";"";"";"";"";"";"";"";"";"";""
"World";"WOR";"Club Friendlies 3";"27-06-2026 08:00";"DELAYED";"Hannover 96 II";"0";"0";"Hertha BSC II";"0";"0";"3";"";"6.5";"";"1.5";"";"";"";"";"";"";"";"";"100";"";"";"";"";"";"";"";"";"";"";"";""
"World";"WOR";"Club Friendlies 3";"27-06-2026 08:00";"DELAYED";"Bremer SV";"0";"0";"Süderelbe";"0";"0";"";"";"";"";"";"";"";"";"";"";"";"";"";"";"";"";"";"";"";"";"";"";"";"";"";""
"World";"WOR";"Club Friendlies 3";"27-06-2026 09:00";"FT";"Stranraer";"4";"0";"Dundela";"1";"0";"";"";"";"";"";"";"";"";"";"";"";"";"";"";"";"";"";"";"";"";"";"";"";"";"";""
"World";"WOR";"Club Friendlies 3";"27-06-2026 09:00";"FT";"Clachnacuddin";"1";"3";"Inverness CT";"0";"1";"";"";"";"";"";"";"";"";"";"";"";"";"";"";"";"";"";"";"";"";"";"";"";"";"";""
"World";"WOR";"Club Friendlies 3";"27-06-2026 09:00";"FT";"FC København";"5";"3";"Mjällby";"3";"2";"";"0.7";"";"0.7";"";"1.7";"";"";"";"";"";"";"";"";"22";"";"";"";"";"";"";"";"";"4";"";"6.3"
"World";"WOR";"Club Friendlies 3";"27-06-2026 09:00";"FT";"Nordsjælland";"1";"1";"Horsens";"0";"1";"1.3";"1.5";"1";"3";"1.7";"1.5";"84";"84";"84";"16";"66";"3.6";"4";"44";"50";"";"";"";"";"";"";"";"";"";"";""
"World";"WOR";"Club Friendlies 3";"27-06-2026 09:00";"FT";"Zulte-Waregem";"0";"6";"Racing Waregem";"0";"1";"";"";"";"";"";"";"";"";"";"";"";"";"";"";"";"";"";"";"";"";"";"";"";"";"";""
"World";"WOR";"Club Friendlies 3";"27-06-2026 09:00";"CANCELLED";"Stuttgart II";"";"";"Augsburg II";"";"";"";"";"";"";"";"";"";"";"";"";"";"";"";"";"";"";"";"";"";"";"";"";"";"";"";""
"World";"WOR";"Club Friendlies 3";"27-06-2026 09:00";"CANCELLED";"Schwaben Augsburg";"";"";"Rain / Lech";"";"";"";"";"";"";"";"";"";"";"";"";"";"";"";"";"";"";"";"";"";"";"";"";"";"";"";""
"World";"WOR";"Club Friendlies 3";"27-06-2026 09:00";"CANCELLED";"Telstar";"";"";"Helmond Sport";"";"";"";"";"";"";"";"";"";"";"";"";"";"";"";"";"";"";"";"";"";"";"";"";"";"";"";""
"World";"WOR";"Club Friendlies 3";"27-06-2026 10:00";"FT";"Livingston";"2";"0";"Dundee";"0";"0";"";"";"";"";"";"";"";"";"";"";"";"";"";"";"";"";"";"";"";"";"";"";"";"";"";""
"World";"WOR";"Club Friendlies 3";"27-06-2026 10:00";"FT";"Bielawianka Bielawa";"0";"11";"Śląsk Wrocław";"0";"5";"";"";"";"";"";"";"";"";"";"";"";"";"";"";"";"";"";"";"";"";"";"";"";"";"";""
"World";"WOR";"Club Friendlies 3";"27-06-2026 10:00";"FT";"Airdrieonians";"1";"1";"Elgin City";"1";"1";"";"";"";"";"";"";"";"";"";"";"";"";"";"";"";"";"";"";"";"";"";"";"";"";"";""
"World";"WOR";"Club Friendlies 3";"27-06-2026 10:00";"FT";"ASV Salzburg";"1";"5";"Austria Salzburg";"";"";"";"0.7";"";"1.7";"";"2.7";"";"";"";"";"";"";"";"";"22";"";"";"";"";"";"";"";"";"";"";""
"World";"WOR";"Club Friendlies 3";"27-06-2026 10:00";"FT";"Forres Mechanics";"0";"0";"Ross County";"0";"0";"";"";"";"";"";"";"";"";"";"";"";"";"";"";"";"";"";"";"";"";"";"";"";"";"";""
"World";"WOR";"Club Friendlies 3";"27-06-2026 10:00";"FT";"Diksmuide";"1";"5";"KV Kortrijk";"0";"2";"";"3";"";"5";"";"0.5";"";"";"";"";"";"";"";"";"100";"";"";"";"";"";"";"";"";"19.5";"";"5"
"World";"WOR";"Club Friendlies 3";"27-06-2026 10:00";"FT";"Forfar Athletic";"1";"1";"Montrose";"0";"0";"";"";"";"";"";"";"";"";"";"";"";"";"";"";"";"";"";"";"";"";"";"";"";"";"";""
"World";"WOR";"Club Friendlies 3";"27-06-2026 10:00";"FT";"Invergordon";"1";"5";"Ross County";"0";"2";"";"";"";"";"";"";"";"";"";"";"";"";"";"";"";"";"";"";"";"";"";"";"";"";"";""
"World";"WOR";"Club Friendlies 3";"27-06-2026 10:00";"FT";"Arbroath";"2";"4";"St. Mirren";"1";"2";"";"";"";"";"";"";"";"";"";"";"";"";"";"";"";"";"";"";"";"";"";"";"";"";"";""
"World";"WOR";"Club Friendlies 3";"27-06-2026 10:00";"FT";"Kristiansund";"0";"3";"Aalesund";"0";"1";"1.4";"1.8";"1.1";"1.5";"0.6";"1.2";"78";"27";"46";"73";"86";"2.2";"2";"48";"58";"";"";"";"";"";"";"";"11.2";"";"7";""
"World";"WOR";"Club Friendlies 3";"27-06-2026 10:00";"FT";"Cove Rangers";"0";"1";"Aberdeen";"0";"1";"";"";"";"";"";"";"";"";"";"";"";"";"";"";"";"";"";"";"";"";"";"";"";"";"";""
"World";"WOR";"Club Friendlies 3";"27-06-2026 10:00";"CANCELLED";"Mjällby";"";"";"Malmö FF";"";"";"2.3";"";"3.3";"";"1.7";"";"";"";"";"";"";"";"";"78";"";"";"";"";"";"";"";"";"13.5";"";"6";""
"World";"WOR";"Club Friendlies 3";"27-06-2026 10:00";"CANCELLED";"Eichstätt";"";"";"1860 München II";"";"";"3";"";"2";"";"0.5";"";"";"";"";"";"";"";"";"100";"";"";"";"";"";"";"";"";"";"";"";""
"World";"WOR";"Club Friendlies 3";"27-06-2026 11:00";"FT";"Luzern";"3";"2";"Stade Lausanne-Ouchy";"1";"2";"";"";"";"";"";"";"";"";"";"";"";"";"";"";"";"";"";"";"";"";"";"";"";"";"";""
"World";"WOR";"Club Friendlies 3";"27-06-2026 11:00";"FT";"St. Gallen";"3";"2";"Rheindorf Altach";"2";"1";"";"";"";"";"";"";"";"";"";"";"";"";"";"";"";"";"";"";"";"";"";"";"";"";"";""
"World";"WOR";"Club Friendlies 3";"27-06-2026 11:00";"FT";"IFK Göteborg";"1";"2";"HamKam";"1";"0";"2";"1";"2.5";"1";"1.5";"1";"84";"42";"66";"58";"84";"3";"3";"67";"33";"";"";"";"";"";"";"15.2";"7.5";"5.3";"9";"8.7"
"World";"WOR";"Club Friendlies 3";"27-06-2026 11:00";"FT";"Queen of the South";"0";"1";"Connah's Quay";"0";"1";"";"";"";"";"";"";"";"";"";"";"";"";"";"";"";"";"";"";"";"";"";"";"";"";"";""
"World";"WOR";"Club Friendlies 3";"27-06-2026 11:00";"FT";"Clyde";"1";"2";"Dunfermline Athletic";"1";"2";"";"";"";"";"";"";"";"";"";"";"";"";"";"";"";"";"";"";"";"";"";"";"";"";"";""
"World";"WOR";"Club Friendlies 3";"27-06-2026 11:00";"FT";"Lokomotiv Moskva";"0";"0";"Rodina Moskva";"0";"0";"3";"0.7";"2.7";"1";"0";"1.7";"86";"38";"28";"62";"92";"2.7";"3";"100";"24";"";"";"";"";"";"";"";"";"";"";""
"World";"WOR";"Club Friendlies 3";"27-06-2026 11:00";"FT";"BFC Dynamo";"0";"3";"Pogoń Szczecin";"0";"1";"";"";"";"";"";"";"";"";"";"";"";"";"";"";"";"";"";"";"";"";"";"";"";"";"";""
"World";"WOR";"Club Friendlies 3";"27-06-2026 11:00";"FT";"East Kilbride";"4";"0";"Kelty Hearts";"3";"0";"";"";"";"";"";"";"";"";"";"";"";"";"";"";"";"";"";"";"";"";"";"";"";"";"";""
"World";"WOR";"Club Friendlies 3";"27-06-2026 11:00";"FT";"Pollok";"0";"0";"Partick Thistle";"0";"0";"";"";"";"";"";"";"";"";"";"";"";"";"";"";"";"";"";"";"";"";"";"";"";"";"";""
"World";"WOR";"Club Friendlies 3";"27-06-2026 11:00";"FT";"Annan Athletic";"0";"0";"Queen's Park";"0";"0";"";"";"";"";"";"";"";"";"";"";"";"";"";"";"";"";"";"";"";"";"";"";"";"";"";""
"World";"WOR";"Club Friendlies 3";"27-06-2026 11:00";"FT";"Gala Fairydean Rovers";"3";"3";"Edinburgh City";"1";"1";"";"";"";"";"";"";"";"";"";"";"";"";"";"";"";"";"";"";"";"";"";"";"";"";"";""
"World";"WOR";"Club Friendlies 3";"27-06-2026 11:00";"DELAYED";"Vroomshoopse Boys";"";"";"FC Twente";"";"";"";"";"";"";"";"";"";"";"";"";"";"";"";"";"";"";"";"";"";"";"";"";"";"";"";""
"World";"WOR";"Club Friendlies 3";"27-06-2026 11:30";"FT";"Bayern München II";"0";"2";"Legia Warszawa";"0";"1";"1.3";"";"0.7";"";"1.3";"";"";"";"";"";"";"";"";"44";"";"";"";"";"";"";"";"";"";"";"";""
"World";"WOR";"Club Friendlies 3";"27-06-2026 11:30";"FT";"Mačva Šabac";"0";"0";"Petrovac";"0";"0";"";"";"";"";"";"";"";"";"";"";"";"";"";"";"";"";"";"";"";"";"";"";"";"";"";""
"World";"WOR";"Club Friendlies 3";"27-06-2026 11:30";"FT";"Kreuzlingen";"0";"4";"Grasshopper";"0";"1";"";"";"";"";"";"";"";"";"";"";"";"";"";"";"";"";"";"";"";"";"";"";"";"";"";""
"World";"WOR";"Club Friendlies 3";"27-06-2026 11:30";"FT";"Thalwil";"4";"6";"Zürich";"2";"2";"";"";"";"";"";"";"";"";"";"";"";"";"";"";"";"";"";"";"";"";"";"";"";"";"";""
"World";"WOR";"Club Friendlies 3";"27-06-2026 12:00";"FT";"Kriens";"1";"2";"Vaduz";"1";"0";"";"";"";"";"";"";"";"";"";"";"";"";"";"";"";"";"";"";"";"";"";"";"";"";"";""
"World";"WOR";"Club Friendlies 3";"27-06-2026 12:00";"FT";"La Sarraz-Eclépens";"0";"3";"Lausanne Sport";"0";"2";"";"";"";"";"";"";"";"";"";"";"";"";"";"";"";"";"";"";"";"";"";"";"";"";"";""
"World";"WOR";"Club Friendlies 3";"27-06-2026 12:00";"FT";"Sion";"7";"0";"Étoile Carouge";"3";"0";"";"";"";"";"";"";"";"";"";"";"";"";"";"";"";"";"";"";"";"";"";"";"";"";"";""
"World";"WOR";"Club Friendlies 3";"27-06-2026 12:00";"CANCELLED";"Dinklage";"";"";"Meppen";"";"";"";"";"";"";"";"";"";"";"";"";"";"";"";"";"";"";"";"";"";"";"";"";"";"";"";""
"World";"WOR";"Club Friendlies 3";"27-06-2026 12:00";"CANCELLED";"Karviná";"";"";"Polonia Bytom";"";"";"1";"2";"1.8";"1";"2.5";"0.7";"66";"66";"66";"34";"54";"3";"3";"33";"67";"";"";"";"";"";"";"";"";"";"";""
"World";"WOR";"Club Friendlies 3";"27-06-2026 12:00";"CANCELLED";"Wolfenbüttel";"";"";"HSC Hannover";"";"";"";"";"";"";"";"";"";"";"";"";"";"";"";"";"";"";"";"";"";"";"";"";"";"";"";""
"World";"WOR";"Club Friendlies 3";"27-06-2026 12:00";"CANCELLED";"CSKA Sofia";"";"";"Qarabağ";"";"";"1";"";"1";"";"1.8";"";"";"";"";"";"";"";"";"33";"";"";"";"";"";"";"";"";"";"";"";""
"World";"WOR";"Club Friendlies 3";"27-06-2026 12:00";"DELAYED";"AZ";"0";"0";"Jong AZ";"0";"0";"";"";"";"";"";"";"";"";"";"";"";"";"";"";"";"";"";"";"";"";"";"";"";"";"";""
"World";"WOR";"Club Friendlies 3";"27-06-2026 12:30";"FT";"Wolfsberger AC";"2";"0";"Nyíregyháza Spartacus";"1";"0";"2.4";"2";"2.6";"2.5";"0.8";"0.5";"55";"45";"35";"55";"62";"3.2";"4";"80";"67";"";"";"";"";"";"";"";"18.7";"";"6";""
"World";"WOR";"Club Friendlies 3";"27-06-2026 12:30";"FT";"Botev Vratsa";"1";"1";"Levski Sofia";"0";"0";"1";"";"1";"";"1";"";"";"";"";"";"";"";"";"33";"";"";"";"";"";"";"";"";"";"";"";""
"World";"WOR";"Club Friendlies 3";"27-06-2026 13:00";"FT";"SV Rohrbach";"0";"3";"Gloggnitz";"0";"0";"";"";"";"";"";"";"";"";"";"";"";"";"";"";"";"";"";"";"";"";"";"";"";"";"";""
"World";"WOR";"Club Friendlies 3";"27-06-2026 13:00";"DELAYED";"Sporting Hasselt";"";"";"Anderlecht";"";"";"";"";"";"";"";"";"";"";"";"";"";"";"";"";"";"";"";"";"";"";"";"";"";"";"";""
"World";"WOR";"Club Friendlies 3";"27-06-2026 13:15";"FT";"LNZ Cherkasy";"0";"1";"Hajduk Split";"0";"1";"2.5";"3";"1.3";"3";"0.8";"0.5";"75";"75";"50";"25";"62";"2.8";"3";"83";"100";"";"";"";"";"";"";"";"";"6";"";"6.5"
"World";"WOR";"Club Friendlies 3";"27-06-2026 13:30";"FT";"Újpest";"0";"0";"Universitatea Cluj";"0";"0";"3";"1";"2";"0.5";"1";"0.5";"75";"50";"75";"50";"50";"2";"2";"100";"33";"";"";"";"";"";"";"";"";"";"";""
"World";"WOR";"Club Friendlies 3";"27-06-2026 13:30";"FT";"WSPG Wels";"0";"5";"LASK Linz";"0";"2";"1.6";"";"1.6";"";"1.6";"";"";"";"";"";"";"";"";"53";"";"";"";"";"";"";"";"";"3.7";"";"8";""
"World";"WOR";"Club Friendlies 3";"27-06-2026 15:00";"FT";"Malmundaria";"0";"7";"RFC Liège";"0";"0";"";"";"";"";"";"";"";"";"";"";"";"";"";"";"";"";"";"";"";"";"";"";"";"";"";""
"World";"WOR";"Club Friendlies 3";"27-06-2026 21:00";"FT";"Rotor Volgograd";"1";"0";"Ufa";"0";"0";"1.2";"0";"1.3";"0.5";"1";"2";"75";"50";"42";"50";"70";"2.4";"3";"39";"0";"";"";"";"";"";"";"";"";"";"";""
"World";"WOR";"Club Friendlies 3";"27-06-2026 21:00";"AWAITING_UPDATES";"Spartak Kostroma";"";"";"Volga Ulyanovsk";"";"";"2.3";"1.5";"1.7";"1.2";"0.3";"1.5";"88";"38";"42";"62";"88";"2.4";"3";"78";"50";"";"";"";"";"";"";"";"";"";"";""
"World";"WOR";"Club Friendlies 3";"27-06-2026 21:00";"AWAITING_UPDATES";"Aluminij";"";"";"Noah";"";"";"";"0.8";"";"0.2";"";"1.8";"";"";"";"";"";"";"";"";"25";"";"";"";"";"";"";"";"";"";"";""
"World";"WOR";"Club Friendlies Women";"27-06-2026 05:00";"AWAITING_UPDATES";"Kleinmünchen / BW Linz W";"";"";"Rapid W";"";"";"";"";"";"";"";"";"";"";"";"";"";"";"";"";"";"";"";"";"";"";"";"";"";"";"";""
"Australia";"AUS";"Tasmania Northern Championship";"27-06-2026 01:30";"FT";"Devonport City II";"4";"1";"Launceston City II";"2";"0";"2.6";"0.6";"6.4";"0.6";"1.4";"2.4";"80";"70";"70";"30";"80";"5.4";"";"87";"20";"";"";"";"";"";"";"";"";"";"";""
"Australia";"AUS";"Tasmania Northern Championship";"27-06-2026 01:30";"FT";"Burnie United";"0";"6";"Northern Rangers";"0";"0";"1.5";"2.5";"2.2";"4.2";"3.8";"1.7";"100";"100";"50";"0";"75";"5.9";"";"50";"83";"";"";"";"";"";"";"";"";"";"";""
"Australia";"AUS";"Tasmania Northern Championship";"27-06-2026 01:30";"FT";"Somerset";"2";"2";"Ulverstone II";"1";"1";"1.4";"1";"2.2";"2";"1.8";"2.5";"90";"78";"65";"22";"65";"4.2";"";"47";"33";"";"";"";"";"";"";"";"";"";"";""
"Australia";"AUS";"Tasmania Northern Championship";"27-06-2026 06:00";"FT";"Riverside II";"2";"0";"Launceston United II";"2";"0";"1.5";"0";"2.3";"0.4";"3.2";"5.6";"100";"100";"62";"0";"100";"5.8";"";"50";"0";"";"";"";"";"";"";"";"";"";"";""
"Peru";"PER";"Copa de La Liga";"27-06-2026 15:00";"FT";"Comerciantes Unidos";"0";"0";"ADC Juan Pablo II";"0";"0";"";"";"";"";"";"";"";"";"";"";"";"";"";"";"";"";"";"";"";"";"";"";"";"";"";""
"Peru";"PER";"Copa de La Liga";"27-06-2026 17:15";"FT";"Sporting Cristal";"2";"0";"Unión Comercio";"0";"0";"";"";"";"";"";"";"";"";"";"";"";"";"";"";"";"";"";"";"";"";"";"";"";"";"";""
"Peru";"PER";"Copa de La Liga";"27-06-2026 17:15";"FT";"Comerciantes";"0";"0";"Estudiantil CNI";"0";"0";"";"";"";"";"";"";"";"";"";"";"";"";"";"";"";"";"";"";"";"";"";"";"";"";"";""
"Peru";"PER";"Copa de La Liga";"27-06-2026 21:30";"FT";"Sport Boys";"3";"0";"Academia Cantolao";"0";"0";"";"";"";"";"";"";"";"";"";"";"";"";"";"";"";"";"";"";"";"";"";"";"";"";"";""
"South Africa";"RSA";"Super League Women";"27-06-2026 04:00";"FT";"JVW W";"2";"1";"Ezemvelo W";"2";"1";"";"";"";"";"";"";"";"";"";"";"";"";"";"";"";"";"";"";"";"";"";"";"";"";"";""
"South Africa";"RSA";"Super League Women";"27-06-2026 07:00";"FT";"University of Pretoria W";"2";"0";"UWC Ladies";"0";"0";"";"";"";"";"";"";"";"";"";"";"";"";"";"";"";"";"";"";"";"";"";"";"";"";"";""
"South Africa";"RSA";"Super League Women";"27-06-2026 10:00";"FT";"Mamelodi Sundowns W";"5";"0";"Richmond United W";"2";"0";"";"";"";"";"";"";"";"";"";"";"";"";"";"";"";"";"";"";"";"";"";"";"";"";"";""