"Country ";"Short";"League ";"Hour";"Status";"Home Team";"Result Home";"Result Visitor";"Visitor Team";"Result Home HT";"Result Visitor HT";"Casa";"Fora";"Casa";"Fora";"Global";"Global";"Global";"Global";"Global";"Global";"Global";"Global";"Casa";"Fora";"Casa";"Fora"
"World";"WOR";"World Cup";"27-06-2026 00:00";"FT";"New Zealand";"1";"5";"Belgium";"0";"1";"1.1";"1.6";"1";"2";"2.8";"2.6";"55";"40";"15";"10";"2.4";"2.6";"0.9";"1.8";"1.1";"1.5"
"World";"WOR";"World Cup";"27-06-2026 00:00";"FT";"Egypt";"1";"1";"Iran";"1";"1";"1.7";"1.5";"1.8";"1.9";"3.4";"2.6";"66";"34";"22";"18";"2.4";"3.2";"1.8";"1.6";"1.6";"1.4"
"World";"WOR";"World Cup";"27-06-2026 18:00";"FT";"Croatia";"2";"1";"Ghana";"1";"0";"1.2";"1.4";"0.9";"0.9";"2.2";"2.6";"40";"20";"0";"0";"2.4";"2.2";"0.9";"0.9";"1.2";"1.4"
"World";"WOR";"World Cup";"27-06-2026 18:00";"FT";"Panama";"0";"2";"England";"0";"0";"1.7";"0.7";"1.2";"1.6";"2.6";"2.6";"55";"20";"10";"5";"2.4";"2.6";"1.2";"1.6";"1.7";"0.7"
"World";"WOR";"World Cup";"27-06-2026 20:30";"FT";"Colombia";"0";"0";"Portugal";"0";"0";"0.9";"1.6";"2";"1.8";"3.2";"2.6";"60";"45";"10";"10";"2.4";"3";"1.9";"1.7";"0.9";"1.4"
"World";"WOR";"World Cup";"27-06-2026 20:30";"FT";"Congo DR";"3";"1";"Uzbekistan";"0";"1";"1";"0.8";"1.9";"0.9";"2.3";"2.6";"39";"28";"11";"6";"2.4";"2.2";"1.9";"0.8";"1";"0.7"
"World";"WOR";"World Cup";"27-06-2026 23:00";"FT";"Algeria";"3";"3";"Austria";"1";"1";"1.8";"1.8";"1.8";"1.5";"3.4";"2.6";"60";"55";"35";"20";"2.4";"3.4";"1.8";"1.5";"1.8";"1.6"
"World";"WOR";"World Cup";"27-06-2026 23:00";"FT";"Jordan";"1";"3";"Argentina";"0";"2";"1";"1.4";"1.3";"1.9";"2.8";"2.6";"50";"35";"15";"10";"2.4";"2.6";"1.1";"1.8";"0.9";"1.3"
"Brazil";"BRA";"Serie B";"27-06-2026 11:00";"FT";"Operário PR";"1";"0";"América Mineiro";"0";"0";"3.1";"2.9";"3.3";"2.5";"5.9";"5.5";"90";"80";"75";"65";"5.1";"5.6";"3.1";"2.5";"2.8";"2.8"
"Brazil";"BRA";"Serie B";"27-06-2026 16:00";"FT";"Criciúma";"1";"0";"São Bernardo";"1";"0";"2";"2.9";"1.9";"2.8";"4.8";"5.5";"80";"75";"55";"30";"5.1";"4.6";"1.9";"2.7";"2";"2.7"
"Brazil";"BRA";"Paraense A2";"27-06-2026 15:00";"FT_PEN";"Urumajó";"1";"1";"Izabelense";"1";"0";"";"2";"";"3";"";"6.2";"";"";"";"";"5.5";"";"";"3";"";"2"
"China";"CHN";"League One";"27-06-2026 04:30";"FT";"Changchun Yatai";"1";"2";"Guangxi Hengchen";"0";"0";"2.2";"1.2";"1.3";"1.3";"3";"3.8";"70";"45";"20";"10";"3.7";"2.8";"1.2";"1.2";"2.1";"1.1"
"China";"CHN";"League One";"27-06-2026 08:00";"FT";"Dalian Kuncheng City";"5";"4";"Shenzhen Juniors FC";"3";"3";"1.8";"1.9";"1.5";"1.7";"3.4";"3.8";"70";"60";"25";"5";"3.7";"3.4";"1.5";"1.6";"1.8";"1.9"
"China";"CHN";"League One";"27-06-2026 08:30";"FT";"Guangzhou E-Power FC";"2";"1";"Shaanxi Union FC";"1";"1";"1.3";"1.6";"2.8";"2.2";"4";"3.8";"80";"65";"40";"20";"3.7";"3.8";"2.8";"2.2";"1.3";"1.4"
"China";"CHN";"League One";"27-06-2026 08:30";"FT";"Shijiazhuang Gongfu";"2";"1";"Nanjing City";"1";"1";"1.2";"2.4";"2.2";"2.3";"4";"3.8";"85";"60";"25";"15";"3.7";"3.8";"2.2";"2.1";"1";"2.2"
"China";"CHN";"League One";"27-06-2026 08:30";"FT";"Nantong Zhiyun";"1";"3";"Meizhou Hakka";"0";"1";"2.9";"1.6";"2";"1.5";"4";"3.8";"70";"55";"40";"25";"3.7";"3.8";"1.9";"1.4";"2.6";"1.6"
"China";"CHN";"League One";"27-06-2026 08:30";"FT";"Foshan Nashi FC";"0";"2";"Yanbian Longding";"0";"2";"2.1";"2";"1.8";"3";"4.4";"3.8";"85";"65";"55";"35";"3.7";"4.4";"1.8";"2.8";"2.1";"2"
"Finland";"FIN";"Ykkönen";"27-06-2026 16:15";"FT";"RoPS";"2";"2";"SalPa";"1";"1";"1";"1.7";"2.2";"2.2";"3.6";"3.9";"76";"49";"28";"22";"3.7";"3.3";"2";"2.1";"0.9";"1.6"
"Morocco";"MAR";"Botola 2";"27-06-2026 12:00";"FT";"Amal Tiznit";"1";"1";"Mouloudia Oujda";"1";"1";"1.5";"2.8";"3.5";"3";"5.4";"5.1";"100";"75";"69";"38";"4.9";"5";"3";"3";"1.5";"2.5"
"Morocco";"MAR";"Botola 2";"27-06-2026 12:00";"FT";"Racing de Casablanca";"0";"2";"Moghreb Tétouan";"0";"1";"2";"1.7";"3.1";"1.3";"4";"5.1";"76";"60";"28";"28";"4.9";"3.8";"2.9";"1.3";"1.9";"1.7"
"Morocco";"MAR";"Botola 2";"27-06-2026 12:00";"FT";"Raja Beni Mellal";"2";"0";"Chabab Mohammédia";"2";"0";"3.2";"2.8";"3.2";"2.6";"5.9";"5.1";"100";"89";"78";"53";"4.9";"5.6";"3.1";"2.6";"3";"2.6"
"Morocco";"MAR";"Botola 2";"27-06-2026 12:00";"FT";"Stade Marocain";"0";"1";"Widad Témara";"0";"0";"2.9";"3";"1.4";"3.1";"5.2";"5.1";"82";"70";"70";"41";"4.9";"4.9";"1.4";"2.9";"2.8";"2.8"
"Morocco";"MAR";"Botola 2";"27-06-2026 12:00";"FT";"Wydad Fès";"3";"0";"JS EL Massira";"1";"0";"1.9";"1.6";"1.6";"1.8";"3.4";"5.1";"74";"55";"32";"10";"4.9";"3.2";"1.4";"1.6";"1.9";"1.6"
"Morocco";"MAR";"Botola 2";"27-06-2026 12:00";"FT";"Chabab Ben Guerir";"0";"0";"Union Sportive Boujaad";"0";"0";"2.9";"1.8";"2.1";"2.6";"4.7";"5.1";"100";"78";"55";"19";"4.9";"4.6";"2.1";"2.4";"2.8";"1.8"
"Morocco";"MAR";"Botola 2";"27-06-2026 12:00";"FT";"KAC Kénitra";"1";"2";"JS Soualem";"0";"1";"2.2";"3.2";"2.7";"3.3";"5.6";"5.1";"92";"66";"58";"50";"4.9";"5.2";"2.7";"3";"1.8";"2.8"
"Morocco";"MAR";"Botola 2";"27-06-2026 12:00";"FT";"USM Oujda";"1";"1";"Chabab Atlas Khénifra";"0";"0";"1.3";"3.2";"2.5";"2.4";"4.8";"5.1";"86";"70";"64";"34";"4.9";"4.6";"2.5";"2.2";"1.3";"3.2"
"Sweden";"SWE";"Damallsvenskan";"27-06-2026 09:00";"FT";"Malmö FF W";"6";"0";"Kristianstads W";"3";"0";"1";"0.7";"1.1";"0.4";"1.6";"1.7";"25";"5";"0";"0";"1.6";"1.6";"1.1";"0.4";"1";"0.7"
"Uruguay";"URU";"Segunda Division";"27-06-2026 10:00";"FT";"Atenas";"2";"0";"Tacuarembó";"2";"0";"2.9";"3.3";"3.4";"3.1";"6.4";"6.8";"95";"90";"84";"64";"6.3";"6.1";"3.2";"3.1";"2.8";"3.1"
"Uruguay";"URU";"Segunda Division";"27-06-2026 13:00";"FT";"Uruguay Montevideo";"3";"2";"Fénix";"1";"2";"3.8";"3.4";"3.6";"3";"6.9";"6.8";"100";"90";"85";"70";"6.3";"6.4";"3.4";"2.7";"3.4";"3.3"
"Uruguay";"URU";"Segunda Division";"27-06-2026 16:00";"FT";"Huracán";"1";"2";"Rentistas";"0";"1";"4.1";"3.1";"2.5";"3.8";"6.8";"6.8";"100";"100";"78";"62";"6.3";"6.4";"2.4";"3.4";"4.1";"3"
"Uruguay";"URU";"Segunda Division";"27-06-2026 19:00";"FT";"Paysandu FC";"2";"3";"Miramar Misiones";"1";"0";"4.6";"3.2";"3.7";"3.5";"7.5";"6.8";"100";"100";"95";"80";"6.3";"7.2";"3.6";"3.2";"4.3";"3.2"
"Argentina";"ARG";"Torneo Promocional Amateur";"27-06-2026 13:00";"FT";"Uribelarrea";"1";"0";"Everton La Plata";"0";"0";"2.5";"2.2";"2.5";"3.5";"5.4";"6.3";"88";"62";"50";"50";"5.8";"5";"2.5";"3.2";"2.2";"2"
"Argentina";"ARG";"Torneo Promocional Amateur";"27-06-2026 15:00";"FT";"Defensores Glew";"4";"2";"Provincial Lobos";"2";"0";"";"2.5";"";"2.5";"";"6.3";"";"";"";"";"5.8";"";"";"2.5";"";"2.5"
"Argentina";"ARG";"Torneo Promocional Amateur";"27-06-2026 15:00";"FT";"Náutico Hacoaj";"2";"2";"Estrella de Berisso";"1";"1";"2.5";"3.3";"2";"1.7";"4.8";"6.3";"84";"58";"42";"42";"5.8";"4.1";"1.5";"1.7";"2";"3"
"Chile";"CHI";"Chilean Cup";"27-06-2026 18:00";"FT";"Deportes Santa Cruz";"0";"0";"Palestino";"0";"0";"2.4";"2.6";"2.8";"2";"4.9";"4";"90";"80";"50";"35";"3";"4.6";"2.6";"1.9";"2.3";"2.3"
"Chile";"CHI";"Chilean Cup";"27-06-2026 18:00";"FT";"Deportes Limache";"1";"4";"Deportes Iquique";"0";"2";"1.8";"2.3";"2.1";"1.9";"4";"4";"75";"65";"35";"25";"3";"3.8";"2";"1.9";"1.4";"2.2"
"Chile";"CHI";"Chilean Cup";"27-06-2026 18:00";"FT";"San Marcos";"0";"1";"Coquimbo Unido";"0";"0";"2.2";"2.7";"2.9";"2";"4.9";"4";"90";"85";"65";"30";"3";"4.6";"2.8";"1.6";"2.2";"2.6"
"Chile";"CHI";"Chilean Cup";"27-06-2026 18:30";"FT";"Audax Italiano";"2";"1";"Magallanes";"2";"0";"2.3";"3.6";"2.6";"2.6";"5.6";"4";"95";"90";"65";"45";"3";"5.1";"2.3";"2.4";"2.2";"3.3"
"Chile";"CHI";"Chilean Cup";"27-06-2026 21:00";"FT";"Universidad Católica";"4";"2";"San Luis";"2";"1";"2.4";"2.4";"2.8";"2.5";"5.1";"4";"90";"75";"60";"40";"3";"4.4";"2.1";"2.4";"2.2";"2.2"
"Chile";"CHI";"Segunda División";"27-06-2026 17:00";"FT";"Deportes Rengo";"0";"1";"Colchagua";"0";"0";"3.2";"2.9";"2.9";"3.6";"6.3";"6.6";"100";"94";"89";"58";"5.9";"5.7";"2.7";"3.1";"3";"2.6"
"Chile";"CHI";"Segunda División";"27-06-2026 18:00";"FT";"Concón National";"1";"1";"Colina";"0";"0";"3.6";"3.2";"3.3";"2.9";"6.5";"6.6";"100";"89";"78";"63";"5.9";"5.8";"3";"2.4";"3.2";"2.9"
"Cape Verde";"CPV";"Campeonato Nacional";"27-06-2026 13:30";"AWAITING_UPDATES";"Mindelense";"2";"2";"Académica Porto Novo";"";"";"";"";"";"";"";"";"";"";"";"";"";"";"";"";"";""
"Cape Verde";"CPV";"Campeonato Nacional";"27-06-2026 13:30";"AWAITING_UPDATES";"Palmeira";"0";"1";"África Show";"";"";"";"";"";"";"";"";"";"";"";"";"";"";"";"";"";""
"Republic of Ireland";"IRL";"Premier Division";"27-06-2026 15:45";"FT";"Sligo Rovers";"2";"2";"Shelbourne";"1";"0";"1.2";"3.1";"2";"2.4";"4.4";"4.4";"80";"55";"35";"20";"4.3";"4.2";"2";"2.3";"1.1";"3"
"South Korea";"KOR";"WK-League";"27-06-2026 07:00";"FT";"Changnyeong W";"0";"0";"Gumi Sportstoto W";"0";"0";"1.5";"1.7";"0.2";"1.3";"2.4";"2.5";"60";"7";"0";"0";"2.5";"2.4";"0.2";"1.3";"1.5";"1.7"
"South Korea";"KOR";"WK-League";"27-06-2026 07:00";"FT";"Boeun Sangmu W";"1";"1";"Incheon Red Angels W";"0";"0";"1";"1.9";"1";"1.1";"2.5";"2.5";"60";"24";"0";"0";"2.5";"2.4";"1";"1.1";"1";"1.7"
"Argentina";"ARG";"Primera C";"27-06-2026 13:00";"FT";"Deportivo Paraguayo";"0";"2";"Centro Español";"0";"1";"3.4";"2.9";"2.1";"2.9";"5.6";"6.4";"90";"80";"69";"53";"5.8";"5.4";"2";"2.8";"3.2";"2.8"
"Argentina";"ARG";"Primera C";"27-06-2026 13:00";"FT";"Sacachispas";"0";"1";"Lugano";"0";"0";"3.8";"4";"2.5";"3.3";"6.8";"6.4";"90";"85";"75";"60";"5.8";"6.4";"2.4";"3.2";"3.6";"3.7"
"Argentina";"ARG";"Primera C";"27-06-2026 15:00";"FT";"El Porvenir";"0";"0";"Leones de Rosario";"0";"0";"3.3";"2.3";"3.1";"3.1";"5.9";"6.4";"90";"74";"62";"52";"5.8";"5.4";"2.9";"2.7";"3.2";"2.1"
"Argentina";"ARG";"Primera C";"27-06-2026 15:00";"FT";"Mercedes";"5";"0";"JJ Urquiza";"4";"0";"2.5";"3.2";"3.8";"3.5";"6.5";"6.4";"100";"100";"85";"55";"5.8";"6";"3.6";"3.3";"2.3";"2.8"
"Argentina";"ARG";"Primera C";"27-06-2026 15:00";"FT";"Juventud Unida G.";"3";"0";"Argentino Rosario";"1";"0";"2.8";"4.1";"2.5";"4.2";"6.8";"6.4";"95";"95";"85";"64";"5.8";"6.2";"2.3";"3.9";"2.7";"3.6"
"Argentina";"ARG";"Primera C";"27-06-2026 15:00";"FT";"Central Córdoba";"0";"0";"Deportivo Muñiz";"0";"0";"2.8";"3";"3.3";"2.9";"6";"6.4";"84";"84";"78";"61";"5.8";"5.6";"3.1";"2.6";"2.6";"2.9"
"Argentina";"ARG";"Primera C";"27-06-2026 15:00";"FT";"Yupanqui";"1";"2";"Deportivo Español";"1";"0";"3.6";"3.3";"3.7";"2.8";"6.7";"6.4";"100";"90";"85";"75";"5.8";"6";"3";"2.6";"3.3";"3.2"
"Argentina";"ARG";"Primera B Metropolitana";"27-06-2026 13:00";"FT";"Real Pilar";"0";"0";"San Martín Burzaco";"0";"0";"3";"2.8";"2.7";"2.8";"5.6";"5.9";"90";"85";"75";"55";"5.6";"5.3";"2.6";"2.8";"2.6";"2.6"
"Argentina";"ARG";"Primera B Metropolitana";"27-06-2026 13:00";"FT";"Villa Dálmine";"0";"1";"Deportivo Camioneros";"0";"1";"3";"2.7";"2.7";"3.5";"6";"5.9";"100";"85";"70";"55";"5.6";"5.6";"2.5";"3.1";"2.9";"2.6"
"Argentina";"ARG";"Primera B Metropolitana";"27-06-2026 15:00";"FT";"Excursionistas";"5";"0";"Deportivo Merlo";"3";"0";"2.5";"3.7";"2.9";"2.4";"5.8";"5.9";"85";"85";"70";"60";"5.6";"5.6";"2.9";"2.2";"2.4";"3.6"
"Argentina";"ARG";"Primera B Metropolitana";"27-06-2026 15:00";"FT";"Talleres Remedios de Escalada";"1";"0";"Defensores Unidos";"1";"0";"2.9";"3.2";"3.1";"3.8";"6.5";"5.9";"90";"90";"85";"60";"5.6";"6";"3";"3.4";"2.7";"2.9"
"Argentina";"ARG";"Primera B Metropolitana";"27-06-2026 15:00";"FT";"Brown de Adrogué";"2";"0";"Flandria";"0";"0";"2.2";"2.9";"2.6";"1.9";"4.8";"5.9";"85";"75";"55";"40";"5.6";"4.6";"2.5";"1.9";"2";"2.8"
"Argentina";"ARG";"Primera B Metropolitana";"27-06-2026 15:30";"FT";"Deportivo Armenio";"2";"1";"Ituzaingó";"0";"1";"2.2";"3.6";"3.8";"4";"6.8";"5.9";"100";"85";"85";"75";"5.6";"6.3";"3.7";"3.7";"2.2";"3"
"Argentina";"ARG";"Torneo Federal A";"27-06-2026 11:30";"FT";"FADEP";"0";"0";"Cipolletti";"0";"0";"1.7";"2.4";"1.2";"1.9";"3.6";"4.7";"55";"45";"45";"15";"4.4";"3.2";"1.2";"1.7";"1.7";"1.7"
"Argentina";"ARG";"Torneo Federal A";"27-06-2026 15:30";"FT";"Argentino Monte Maíz";"0";"0";"Juventud Unida Univ.";"0";"0";"1.5";"2.1";"2.1";"1.7";"3.7";"4.7";"66";"41";"22";"17";"4.4";"3.4";"1.9";"1.6";"1.5";"1.8"
"Argentina";"ARG";"Torneo Federal A";"27-06-2026 15:30";"FT";"Deportivo Rincón";"0";"1";"Atenas";"0";"0";"2.1";"2.3";"1.7";"2.4";"4.2";"4.7";"65";"55";"45";"30";"4.4";"4.1";"1.6";"2.3";"2";"2.3"
"Argentina";"ARG";"Torneo Federal A";"27-06-2026 16:30";"FT";"Sportivo Las Parejas";"1";"1";"Defensores Belgrano VR";"1";"1";"2.2";"2.7";"2.2";"1.8";"4.4";"4.7";"70";"60";"55";"25";"4.4";"4.1";"2.2";"1.7";"2.1";"2.2"
"Argentina";"ARG";"Reserve League";"27-06-2026 12:00";"FT";"River Plate Res.";"3";"1";"Lanús Res.";"2";"1";"2.8";"1.6";"2.5";"2.7";"4.8";"5.2";"85";"70";"60";"30";"4.9";"4.5";"2.3";"2.4";"2.7";"1.6"
"Argentina";"ARG";"Reserve League";"27-06-2026 15:00";"FT";"Independiente Riva. Res.";"2";"3";"Racing Club Res.";"0";"1";"2.6";"2.8";"2.9";"1.6";"5";"5.2";"90";"80";"45";"35";"4.9";"4.4";"2.7";"1.2";"2.5";"2.4"
"Argentina";"ARG";"Copa Santa Fe";"27-06-2026 15:30";"AWAITING_UPDATES";"Colón San Justo";"";"";"Ciclón Racing";"";"";"";"";"";"";"";"";"";"";"";"";"";"";"";"";"";""
"Argentina";"ARG";"Copa Santa Fe";"27-06-2026 16:00";"AWAITING_UPDATES";"Racing de Reconquista";"";"";"Romang FC";"";"";"";"";"";"";"";"5.5";"";"";"";"";"5";"";"";"";"";""
"Australia";"AUS";"Queensland Premier League 3 Metro";"27-06-2026 04:00";"FT";"AC Carina";"3";"1";"North Lakes United";"3";"1";"2.2";"1.7";"2.5";"1.8";"4.2";"3.8";"72";"56";"40";"25";"3.5";"4";"2.5";"1.8";"2.1";"1.7"
"Australia";"AUS";"Queensland Premier League 3 Metro";"27-06-2026 04:00";"FT";"Springfield United";"2";"2";"Newmarket";"2";"0";"1.3";"1.7";"1.5";"1.6";"3";"3.8";"60";"23";"23";"8";"3.5";"2.8";"1.5";"1.4";"1.2";"1.6"
"Australia";"AUS";"Queensland Premier League 3 Metro";"27-06-2026 06:15";"FT";"Univ. Queensland";"0";"0";"Moggill";"0";"0";"1.1";"1.6";"2.1";"1.4";"3.1";"3.8";"64";"36";"16";"6";"3.5";"2.9";"1.9";"1.2";"1.1";"1.6"
"Australia";"AUS";"Capital Territory";"27-06-2026 01:30";"FT";"O'Connor Knights";"1";"0";"Canberra Olympic";"0";"0";"1.2";"2.9";"1.6";"1.9";"3.8";"3.7";"65";"40";"20";"10";"3.5";"3.5";"1.5";"1.7";"1.1";"2.7"
"Australia";"AUS";"Capital Territory";"27-06-2026 02:00";"FT";"Queanbeyan City";"2";"1";"Canberra White Eagles";"1";"0";"2.4";"1.9";"1.8";"1.3";"3.7";"3.7";"70";"45";"30";"20";"3.5";"3.6";"1.8";"1.3";"2.3";"1.7"
"Australia";"AUS";"Capital Territory";"27-06-2026 04:45";"FT";"Monaro Panthers";"2";"0";"Cooma Tigers";"1";"0";"2";"1.9";"1.3";"1.9";"3.6";"3.7";"65";"50";"40";"15";"3.5";"3.2";"1.3";"1.6";"1.7";"1.8"
"Australia";"AUS";"New South Wales";"27-06-2026 02:00";"FT";"University of NSW";"1";"3";"Sutherland Sharks";"1";"1";"2.9";"1.1";"1.8";"1.2";"3.5";"3.7";"80";"45";"25";"10";"3.5";"3.3";"1.8";"1.2";"2.5";"1.1"
"Australia";"AUS";"New South Wales";"27-06-2026 02:00";"FT";"Western Sydney W. II";"3";"3";"Manly United";"1";"2";"0.9";"1.9";"1.8";"1.8";"3.2";"3.7";"60";"40";"20";"10";"3.5";"3.1";"1.6";"1.8";"0.9";"1.9"
"Australia";"AUS";"New South Wales";"27-06-2026 04:00";"FT";"SD Raiders";"3";"1";"St George City FA";"0";"1";"3.2";"0.8";"3";"1.2";"4.1";"3.7";"55";"50";"44";"38";"3.5";"3.8";"2.8";"1.2";"3.1";"0.6"
"Australia";"AUS";"New South Wales";"27-06-2026 04:30";"FT";"NWS Spirit";"2";"0";"Wollongong Wolves";"2";"0";"1.5";"2";"2";"1.8";"3.6";"3.7";"65";"50";"35";"20";"3.5";"3.6";"2";"1.8";"1.5";"1.9"
"Australia";"AUS";"New South Wales";"27-06-2026 05:30";"FT";"St. George Saints";"1";"2";"Sydney Olympic";"0";"1";"1.2";"2.4";"2.2";"1.3";"3.6";"3.7";"53";"48";"38";"27";"3.5";"3.4";"2";"1.3";"1.2";"2.2"
"Australia";"AUS";"Npl Western Australia";"27-06-2026 04:00";"FT";"Armadale";"1";"4";"Perth";"0";"2";"1.4";"1.9";"1.2";"2.1";"3.3";"3.7";"65";"45";"25";"10";"3.5";"3.1";"1.1";"2.1";"1.2";"1.8"
"Australia";"AUS";"Npl Western Australia";"27-06-2026 04:00";"FT";"Olympic Kingsway";"5";"4";"Balcatta";"3";"2";"1.9";"1.8";"1.9";"2";"3.8";"3.7";"84";"56";"28";"16";"3.5";"3.5";"1.7";"1.9";"1.8";"1.7"
"Australia";"AUS";"Npl Western Australia";"27-06-2026 04:00";"FT";"Fremantle City";"3";"0";"Western Knights";"0";"0";"1.2";"1.9";"1.1";"2.1";"3.2";"3.7";"58";"36";"21";"10";"3.5";"3";"1.1";"2.1";"1.1";"1.8"
"Australia";"AUS";"Npl Western Australia";"27-06-2026 04:00";"FT";"Perth Glory II";"1";"1";"Stirling Lions";"1";"0";"1.9";"2.1";"1.2";"2.4";"3.8";"3.7";"75";"55";"35";"15";"3.5";"3.6";"1.2";"2.3";"1.8";"1.8"
"Australia";"AUS";"Npl Western Australia";"27-06-2026 06:00";"FT";"Dianella White Eagles";"2";"1";"Sorrento";"0";"1";"2.5";"1";"1.5";"2";"3.5";"3.7";"78";"46";"30";"12";"3.5";"3.2";"1.5";"1.7";"2.2";"1"
"Australia";"AUS";"Npl Tasmania";"27-06-2026 01:00";"FT";"South Hobart";"6";"1";"Glenorchy Knights";"2";"0";"1.5";"2.1";"1.1";"1.9";"3.3";"3.4";"69";"38";"18";"18";"3.3";"3.2";"1.1";"1.9";"1.5";"1.9"
"Australia";"AUS";"Npl Tasmania";"27-06-2026 01:30";"FT";"Clarence Zebras";"1";"1";"Launceston United";"0";"0";"1.5";"1.3";"2.2";"1.1";"3.1";"3.4";"66";"42";"12";"6";"3.3";"2.9";"2.1";"1";"1.5";"1.2"
"Australia";"AUS";"Npl Tasmania";"27-06-2026 01:30";"FT";"Riverside Olympic";"6";"0";"Ulverstone";"3";"0";"2.2";"1.7";"1";"1.7";"3.2";"3.4";"62";"44";"22";"11";"3.3";"3.2";"0.9";"1.7";"2.2";"1.7"
"Australia";"AUS";"Npl Queensland";"27-06-2026 01:30";"FT";"Magic United";"3";"5";"Brisbane City";"2";"2";"2.2";"2.1";"1.2";"1.4";"3.4";"3.9";"65";"55";"25";"20";"3.7";"3.3";"1.2";"1.3";"2.2";"1.9"
"Australia";"AUS";"Npl Queensland";"27-06-2026 03:00";"FT";"Peninsula Power";"3";"1";"Brisbane Roar II";"1";"1";"1.7";"2.5";"1.3";"1.8";"3.6";"3.9";"65";"50";"35";"10";"3.7";"3.4";"1.1";"1.7";"1.7";"2.3"
"Australia";"AUS";"Npl Queensland";"27-06-2026 06:00";"FT";"Eastern Suburbs Brisbane";"1";"2";"Olympic FC Brisbane";"1";"2";"1.1";"1.8";"0.8";"1.3";"2.5";"3.9";"40";"30";"15";"0";"3.7";"2.4";"0.8";"1.2";"1.1";"1.8"
"Australia";"AUS";"Npl South Australian";"27-06-2026 02:30";"FT";"Playford City Patriots";"0";"1";"White City Woodville";"0";"1";"1.4";"2.1";"1.5";"2.4";"3.7";"3.6";"65";"40";"30";"25";"3.5";"3.6";"1.4";"2.2";"1.4";"2.1"
"Australia";"AUS";"Npl South Australian";"27-06-2026 02:30";"FT";"Campbelltown City";"0";"0";"West Adelaide";"0";"0";"1.7";"1.4";"1.8";"1.7";"3.3";"3.6";"45";"40";"40";"20";"3.5";"3.2";"1.7";"1.7";"1.6";"1.4"
"Australia";"AUS";"Npl South Australian";"27-06-2026 02:30";"FT";"Para Hills Knights";"0";"9";"NE MetroStars";"0";"4";"1.1";"1.6";"0.4";"2.1";"2.6";"3.6";"40";"35";"15";"5";"3.5";"2.5";"0.4";"2.1";"0.9";"1.6"
"Australia";"AUS";"Npl Victoria";"27-06-2026 04:00";"FT";"Dandenong Thunder";"1";"3";"Hume City";"0";"1";"1.7";"1.6";"1.9";"1.1";"3.2";"3.5";"62";"33";"22";"11";"3.4";"3";"1.9";"1.1";"1.6";"1.6"
"Australia";"AUS";"Npl Victoria";"27-06-2026 05:00";"FT";"Caroline Springs George Cross FC";"0";"2";"Preston Lions";"0";"0";"1.2";"1.4";"1.8";"1.8";"3.1";"3.5";"50";"45";"35";"20";"3.4";"2.9";"1.7";"1.7";"1.2";"1.2"
"Australia";"AUS";"Northern Nsw";"27-06-2026 01:00";"FT";"Newcastle Olympic";"0";"0";"Cooks Hill United";"0";"0";"1.9";"1.1";"1.2";"1.3";"2.8";"3.1";"56";"33";"11";"6";"2.9";"2.5";"1.2";"1.2";"1.6";"1"
"Australia";"AUS";"Northern Nsw";"27-06-2026 01:00";"FT";"Edgeworth Eagles";"3";"2";"Adamstown Rosebuds";"1";"2";"1.2";"1.6";"1.6";"0.7";"2.5";"3.1";"39";"22";"11";"6";"2.9";"2.4";"1.4";"0.6";"1.2";"1.6"
"Australia";"AUS";"Northern Nsw";"27-06-2026 01:00";"FT";"Charlestown Azzurri";"1";"3";"Belmont Swansea";"0";"3";"2";"0.9";"2.1";"1.8";"3.4";"3.1";"75";"35";"25";"10";"2.9";"3.4";"2.1";"1.7";"2";"0.9"
"Australia";"AUS";"Northern Nsw";"27-06-2026 03:30";"FT";"Valentine";"1";"1";"Lambton Jaffas";"0";"0";"1.6";"1.4";"2.2";"1.3";"3.2";"3.1";"59";"37";"32";"10";"2.9";"3.1";"2.1";"1.2";"1.4";"1.4"
"Australia";"AUS";"Victoria NPL Youth League";"27-06-2026 00:00";"FT";"Bentleigh Greens U23";"4";"5";"Altona Magic U23";"0";"3";"1.2";"2.2";"2.5";"1.9";"4";"3.6";"65";"55";"39";"28";"3.4";"3.5";"2.2";"1.9";"1";"1.9"
"Australia";"AUS";"Victoria NPL Youth League";"27-06-2026 01:30";"POSTPONED";"Dandenong Thunder U23";"";"";"Hume City U23";"";"";"1.8";"2";"2.1";"1.2";"3.6";"3.6";"60";"55";"30";"15";"3.4";"3.3";"1.7";"1.2";"1.8";"1.9"
"Australia";"AUS";"Victoria NPL Youth League";"27-06-2026 02:00";"FT";"Dandenong City U23";"1";"2";"Avondale U23";"0";"1";"2.2";"0.8";"1.4";"1.1";"2.8";"3.6";"56";"18";"18";"12";"3.4";"2.8";"1.4";"1.1";"2.2";"0.8"
"Australia";"AUS";"Victoria NPL Youth League";"27-06-2026 02:45";"FT";"George Cross U23";"3";"0";"Preston Lions U23";"0";"0";"2.2";"1.8";"2";"2.6";"4.2";"3.6";"74";"58";"53";"37";"3.4";"4";"1.8";"2.6";"2";"1.7"
"Australia";"AUS";"Victoria NPL Youth League";"27-06-2026 23:30";"FT";"South Melbourne U23";"3";"2";"Green Gully U23";"1";"1";"1.9";"2.2";"2.1";"1.7";"4";"3.6";"71";"53";"53";"29";"3.4";"3.8";"2";"1.6";"1.9";"2.1"
"Australia";"AUS";"Brisbane Reserves Premier League";"27-06-2026 02:00";"AWAITING_UPDATES";"Carina U23";"";"";"North Lakes United U23";"";"";"";"";"";"";"";"0";"";"";"";"";"0";"";"";"";"";""
"Australia";"AUS";"Brisbane Reserves Premier League";"27-06-2026 02:00";"AWAITING_UPDATES";"Springfield United U23";"";"";"Newmarket U23";"";"";"";"";"";"";"";"0";"";"";"";"";"0";"";"";"";"";""
"Australia";"AUS";"Brisbane Reserves Premier League";"27-06-2026 04:00";"AWAITING_UPDATES";"Univ. Queensland U23";"";"";"Moggill U23";"";"";"";"";"";"";"";"0";"";"";"";"";"0";"";"";"";"";""
"Australia";"AUS";"Northern Territory Premier League";"27-06-2026 05:30";"FT";"Palmerston Rovers";"3";"2";"Casuarina";"1";"1";"1.1";"1.2";"0.8";"1.3";"2.2";"2.6";"36";"26";"20";"0";"2.4";"2.2";"0.8";"1.3";"1.1";"1.2"
"Australia";"AUS";"Western Australia State League 1";"27-06-2026 04:00";"FT";"Quinns";"3";"1";"Murdoch Uni Melville";"0";"1";"2.3";"2.5";"1.8";"2";"4.4";"4.4";"72";"58";"36";"36";"4.1";"3.6";"1.2";"1.6";"2.2";"2.4"
"Australia";"AUS";"Western Australia State League 1";"27-06-2026 04:00";"FT";"Mandurah City";"3";"1";"Kingsley";"1";"1";"3.2";"1.7";"1.2";"2.3";"4.2";"4.4";"70";"45";"40";"30";"4.1";"4";"1.2";"2.2";"3";"1.6"
"Australia";"AUS";"Western Australia State League 1";"27-06-2026 04:00";"FT";"Subiaco";"1";"4";"Joondalup City";"1";"3";"1.4";"2";"2.4";"1.4";"3.6";"4.4";"64";"48";"36";"21";"4.1";"3.4";"2.2";"1.4";"1.3";"1.8"
"Australia";"AUS";"Western Australia State League 1";"27-06-2026 04:00";"FT";"UWA Nedlands";"2";"1";"Cockburn City";"0";"0";"2";"1.9";"2.3";"2.6";"4.4";"4.4";"80";"66";"60";"27";"4.1";"4.2";"2.3";"2.5";"1.9";"1.8"
"Australia";"AUS";"Western Australia State League 1";"27-06-2026 04:00";"FT";"Floreat Athena";"2";"0";"Inglewood United";"1";"0";"1.5";"2.6";"0.8";"2.4";"3.6";"4.4";"62";"46";"46";"25";"4.1";"3.4";"0.7";"2.2";"1.3";"2.5"
"Australia";"AUS";"Western Australia State League 1";"27-06-2026 04:00";"FT";"Gwelup Croatia SC";"0";"0";"Curtin University";"0";"0";"2.8";"1.5";"2.2";"2";"4.2";"4.4";"81";"46";"40";"31";"4.1";"4";"2.2";"2";"2.3";"1.4"
"Australia";"AUS";"South Australia State League 1";"27-06-2026 02:30";"FT";"Salisbury United";"0";"4";"The Cove";"0";"3";"1.4";"2.2";"0.8";"2.7";"3.6";"3.6";"70";"45";"30";"20";"3.4";"3.4";"0.8";"2.5";"1.3";"2.1"
"Australia";"AUS";"South Australia State League 1";"27-06-2026 02:30";"FT";"South Adelaide Panthers";"0";"1";"Fulham United";"0";"1";"0.9";"1.5";"2";"1.5";"3";"3.6";"68";"36";"10";"0";"3.4";"2.8";"2";"1.5";"0.9";"1.3"
"Australia";"AUS";"South Australia State League 1";"27-06-2026 02:30";"FT";"Adelaide Raiders";"7";"0";"Adelaide Cobras";"1";"0";"2.2";"1.2";"1.5";"2.3";"3.6";"3.6";"75";"45";"25";"20";"3.4";"3.5";"1.4";"2.3";"2.1";"1.2"
"Australia";"AUS";"South Australia State League 1";"27-06-2026 02:30";"FT";"Modbury Jets";"4";"1";"Adelaide Olympic";"1";"0";"1.8";"1.7";"1.5";"1.5";"3.2";"3.6";"65";"35";"20";"10";"3.4";"3";"1.3";"1.4";"1.7";"1.7"
"Australia";"AUS";"South Australia State League 1";"27-06-2026 02:30";"FT";"Adelaide Atletico";"4";"0";"Adelaide Blue Eagles";"1";"0";"2.4";"2.1";"1.5";"3.1";"4.6";"3.6";"85";"65";"45";"30";"3.4";"4.3";"1.5";"2.9";"2.3";"1.9"
"Australia";"AUS";"South Australia Reserves Premier League";"27-06-2026 00:15";"FT";"Playford City Res.";"2";"1";"Beograd Res.";"2";"0";"1.7";"1.8";"0.7";"1.1";"2.6";"3.7";"50";"44";"12";"6";"3.5";"2.6";"0.7";"1.1";"1.6";"1.8"
"Australia";"AUS";"South Australia Reserves Premier League";"27-06-2026 00:15";"FT";"Campbelltown City Res.";"3";"0";"West Adelaide Res.";"2";"0";"1.6";"1.6";"2";"2";"3.6";"3.7";"73";"54";"27";"20";"3.5";"3.4";"2";"1.9";"1.6";"1.4"
"Australia";"AUS";"South Australia Reserves Premier League";"27-06-2026 00:15";"FT";"Para Hills Knights Res.";"2";"1";"MetroStars Res.";"1";"1";"2.6";"0.9";"2.2";"1.2";"3.4";"3.7";"64";"58";"34";"16";"3.5";"3.2";"2";"1.2";"2.4";"0.9"
"Australia";"AUS";"South Australia Reserves Premier League";"27-06-2026 03:15";"FT";"Adelaide Comets Res.";"3";"1";"Adelaide City Res.";"0";"1";"1.6";"2.1";"1.2";"1.9";"3.4";"3.7";"58";"52";"26";"20";"3.5";"3.2";"1.2";"1.9";"1.4";"1.7"
"Australia";"AUS";"South Australia Reserves Premier League";"27-06-2026 06:45";"FT";"West Torrens Res.";"3";"0";"Sturt Lions Res.";"2";"0";"2";"1.5";"1.3";"2.8";"3.8";"3.7";"71";"59";"36";"12";"3.5";"3.6";"1.2";"2.4";"2";"1.5"
"Australia";"AUS";"Queensland Premier League";"27-06-2026 03:30";"FT";"St George Willawong";"2";"0";"North Star";"2";"0";"1.9";"2.1";"1.8";"1.2";"3.5";"4.1";"80";"54";"16";"5";"3.8";"3.2";"1.8";"1.2";"1.6";"2"
"Australia";"AUS";"Queensland Premier League";"27-06-2026 04:00";"FT";"Logan Lightning";"1";"3";"Caboolture";"1";"1";"1.5";"1.9";"0.2";"2.2";"2.9";"4.1";"44";"37";"19";"12";"3.8";"2.6";"0.2";"1.8";"1.5";"1.8"
"Australia";"AUS";"Queensland Premier League";"27-06-2026 05:00";"FT";"Broadbeach United";"3";"1";"Capalaba";"2";"0";"1.1";"2.4";"2.2";"1.1";"3.4";"4.1";"68";"46";"28";"21";"3.8";"3";"2.1";"1.1";"1.1";"1.8"
"Australia";"AUS";"Queensland Premier League";"27-06-2026 05:00";"FT";"SC Wanderers";"0";"0";"Robina City";"0";"0";"1";"2.2";"1.5";"1.6";"3.2";"4.1";"56";"38";"12";"12";"3.8";"2.9";"1.5";"1.4";"0.8";"2.2"
"Australia";"AUS";"New South Wales NPL Youth League";"27-06-2026 00:00";"FT";"UNSW U20";"3";"1";"Sutherland Sharks U20";"1";"1";"0.9";"1.2";"1.4";"1.2";"2.3";"3";"30";"20";"12";"7";"2.8";"2.2";"1.4";"1";"0.9";"1.2"
"Australia";"AUS";"New South Wales NPL Youth League";"27-06-2026 03:30";"FT";"St. George Saints U20";"3";"3";"Sydney Olympic U20";"2";"1";"1.2";"0.9";"1.5";"1.2";"2.4";"3";"32";"28";"10";"5";"2.8";"2.4";"1.4";"1.2";"1.2";"0.9"
"Australia";"AUS";"New South Wales NPL Youth League";"27-06-2026 04:00";"FT";"WS Wanderers U20";"2";"8";"Manly United U20";"2";"2";"0.9";"2.1";"0.8";"2";"2.8";"3";"52";"25";"20";"15";"2.8";"2.8";"0.8";"2";"0.8";"2"
"Australia";"AUS";"New South Wales NPL Youth League";"27-06-2026 06:00";"FT";"SD Raiders U20";"2";"2";"St. George City U20";"0";"1";"1";"1.6";"1.8";"1";"2.7";"3";"41";"18";"12";"12";"2.8";"2.4";"1.5";"1";"1";"1.4"
"Australia";"AUS";"New South Wales NPL Youth League";"27-06-2026 06:45";"FT";"NWS Spirit U20";"7";"1";"Wollongong Wolves U20";"1";"1";"0.8";"1.4";"1";"0.6";"1.9";"3";"21";"6";"6";"0";"2.8";"1.8";"1";"0.6";"0.8";"1.3"
"Australia";"AUS";"South Australia State League 1 Reserves";"27-06-2026 00:15";"FT";"Salisbury Unted Res.";"0";"4";"The Cove Res.";"0";"3";"1.4";"2";"1.4";"1.9";"3.4";"3.4";"60";"34";"19";"12";"3.1";"3";"1.4";"1.5";"1.1";"2"
"Australia";"AUS";"South Australia State League 1 Reserves";"27-06-2026 00:15";"FT";"South Adelaide Res.";"4";"1";"Fulham United Res.";"2";"0";"1";"1.6";"1.5";"1.7";"2.9";"3.4";"48";"34";"13";"13";"3.1";"2.6";"1.4";"1.3";"1";"1.6"
"Australia";"AUS";"South Australia State League 1 Reserves";"27-06-2026 00:15";"FT";"Adelaide Raiders Res.";"1";"0";"Adelaide Cobras Res.";"1";"0";"2.1";"1.1";"1.3";"1.6";"3";"3.4";"50";"38";"32";"7";"3.1";"2.8";"1.1";"1.6";"1.9";"1"
"Australia";"AUS";"South Australia State League 1 Reserves";"27-06-2026 00:15";"FT";"Modbury Jets Res.";"1";"6";"Adelaide Olympic Res.";"0";"2";"1.8";"1.5";"1.4";"2.2";"3.5";"3.4";"76";"24";"18";"18";"3.1";"3.3";"1.4";"2";"1.7";"1.5"
"Australia";"AUS";"Capital Territory NPL Youth League";"27-06-2026 02:30";"FT";"Monaro Panthers U23";"0";"3";"Cooma Tigers U23";"0";"1";"2";"0.8";"1.2";"1.4";"2.7";"2.6";"44";"44";"18";"6";"2.6";"2.6";"1.2";"1.4";"1.9";"0.8"
"Australia";"AUS";"Capital Territory NPL Youth League";"27-06-2026 23:30";"FT";"Canberra Croatia U23";"3";"1";"Tuggeranong United U23";"2";"0";"1.7";"1.4";"0.9";"1.5";"2.8";"2.6";"40";"27";"13";"13";"2.6";"2.8";"0.9";"1.5";"1.7";"1.4"
"Australia";"AUS";"Capital Territory NPL Youth League";"27-06-2026 23:30";"FT";"Canberra Juventus U23";"1";"0";"Brindabella Blues U23";"0";"0";"1.3";"1.3";"1.3";"1";"2.5";"2.6";"38";"31";"12";"12";"2.6";"2.4";"1.3";"1";"1.2";"1.1"
"Australia";"AUS";"Queensland NPL Youth League";"27-06-2026 03:45";"FT";"Eastern Suburbs U23";"3";"0";"Olympic U23";"3";"0";"1.2";"1";"2";"1.7";"3";"2.9";"54";"36";"17";"12";"2.7";"2.8";"1.8";"1.7";"1.2";"0.9"
"Australia";"AUS";"Queensland NPL Youth League";"27-06-2026 23:45";"FT";"Rochedale Rovers U23";"1";"3";"Gold Coast Knights U23";"1";"2";"1.4";"2.5";"0.4";"1.5";"2.9";"2.9";"46";"46";"25";"16";"2.7";"2.8";"0.4";"1.5";"1.4";"2.2"
"Australia";"AUS";"Queensland NPL Youth League";"27-06-2026 23:45";"FT";"Gold Coast United U23";"2";"1";"Moreton City U23";"1";"1";"1.3";"1.1";"1.5";"1.6";"2.8";"2.9";"60";"25";"5";"0";"2.7";"2.6";"1.5";"1.4";"1.2";"1.1"
"Australia";"AUS";"NSW League One Youth";"27-06-2026 04:00";"FT";"Mt Druitt Town U20";"1";"3";"Bankstown City U20";"1";"2";"1.8";"1.9";"1.2";"1.8";"3.3";"3.1";"56";"50";"18";"6";"2.9";"3.2";"1.1";"1.6";"1.6";"1.9"
"Australia";"AUS";"NSW League One Youth";"27-06-2026 05:30";"FT";"Northern Tigers U20";"0";"1";"Dulwich Hill U20";"0";"1";"1.4";"1.8";"1.7";"1.4";"3.1";"3.1";"53";"48";"24";"6";"2.9";"3";"1.6";"1.4";"1.4";"1.8"
"Australia";"AUS";"NSW League One Youth";"27-06-2026 05:30";"FT";"Macarthur Rams U20";"1";"2";"Hakoah Sydney U20";"1";"1";"0.8";"0.9";"1.5";"1.6";"2.3";"3.1";"48";"27";"0";"0";"2.9";"2.2";"1.5";"1.6";"0.8";"0.7"
"Australia";"AUS";"NSW League One Youth";"27-06-2026 06:00";"FT";"Bankstown Berries U20";"0";"1";"CC Mariners U20";"";"";"1.4";"";"1.1";"";"";"3.1";"";"";"";"";"2.9";"";"1";"";"1.4";""
"Australia";"AUS";"NSW League One Youth";"27-06-2026 06:00";"FT";"Hurstville U20";"1";"3";"Hills United U20";"0";"3";"1.2";"1.5";"0.8";"1.5";"2.5";"3.1";"44";"16";"16";"8";"2.9";"2.3";"0.8";"1.3";"1.1";"1.3"
"Australia";"AUS";"NSW League One Youth";"27-06-2026 06:00";"AWAITING_UPDATES";"Inter Lions U20";"";"";"Newcastle Jets U20";"";"";"1.6";"1.5";"1.8";"1";"3";"3.1";"62";"31";"12";"6";"2.9";"2.8";"1.5";"1";"1.5";"1.5"
"Australia";"AUS";"Northern NSW Reserve League";"27-06-2026 01:30";"FT";"Valentine Res.";"4";"3";"Lambton Jaffas Res.";"2";"0";"1";"1.4";"1.2";"0.6";"2.1";"2.6";"32";"10";"10";"0";"2.4";"1.8";"0.5";"0.6";"1";"1.4"
"Australia";"AUS";"Northern NSW State League 1 Reserves";"27-06-2026 03:00";"POSTPONED";"South Cardiff Res.";"";"";"New Lambton Res.";"";"";"";"";"";"";"";"";"";"";"";"";"";"";"";"";"";""
"Australia";"AUS";"New South Wales NPL 2";"27-06-2026 03:30";"FT";"Northern Tigers";"3";"1";"Dulwich Hill";"2";"0";"1";"1.9";"1.3";"0.9";"2.6";"3.7";"33";"22";"16";"11";"3.6";"2.4";"1.2";"0.9";"1";"1.8"
"Australia";"AUS";"New South Wales NPL 2";"27-06-2026 03:30";"FT";"Macarthur Rams";"1";"1";"Hakoah Sydney City";"1";"1";"3.6";"2.3";"2.6";"2.3";"5.4";"3.7";"94";"78";"72";"46";"3.6";"5.2";"2.6";"2.2";"3.4";"2.2"
"Australia";"AUS";"New South Wales NPL 2";"27-06-2026 04:00";"FT";"Inter Lions";"2";"1";"Newcastle Jets II";"1";"0";"2.2";"1.4";"1.9";"1.5";"3.5";"3.7";"68";"31";"21";"10";"3.6";"3.4";"1.9";"1.5";"2.1";"1.4"
"Australia";"AUS";"New South Wales NPL 2";"27-06-2026 04:00";"FT";"Hurstville";"2";"1";"Hills United";"0";"1";"2";"1.4";"2";"1.3";"3.4";"3.7";"72";"44";"22";"16";"3.6";"3.3";"1.9";"1.3";"1.9";"1.4"
"Australia";"AUS";"New South Wales NPL 2";"27-06-2026 04:00";"FT";"Bankstown Berries";"6";"0";"Central Coast II";"2";"0";"1.8";"1.6";"1.4";"2";"3.4";"3.7";"55";"40";"35";"20";"3.6";"3.4";"1.4";"2";"1.7";"1.6"
"Australia";"AUS";"New South Wales NPL 2";"27-06-2026 06:00";"FT";"Mt Druitt Town";"2";"3";"Bankstown City Lions";"0";"2";"1.6";"1.8";"1.7";"2.3";"3.6";"3.7";"72";"50";"44";"16";"3.6";"3.6";"1.7";"2.3";"1.6";"1.8"
"Australia";"AUS";"Western Australia State League 1 Reserves";"27-06-2026 02:00";"FT";"Quinns Res.";"7";"2";"MUM Res.";"1";"1";"1.3";"1.3";"1.3";"1.6";"2.8";"2.8";"69";"16";"16";"0";"2.7";"2.6";"1.2";"1.4";"1.3";"1.1"
"Australia";"AUS";"Western Australia State League 1 Reserves";"27-06-2026 02:00";"FT";"Mandurah City Res.";"2";"0";"Kingsley Westside Res.";"0";"0";"0.7";"2.8";"2";"0.8";"3.2";"2.8";"67";"42";"33";"16";"2.7";"3";"1.7";"0.8";"0.7";"2.8"
"Australia";"AUS";"Western Australia State League 1 Reserves";"27-06-2026 02:00";"FT";"Subiaco Res.";"1";"2";"Joondalup City Res.";"1";"1";"1.2";"1.2";"1.9";"0.8";"2.6";"2.8";"56";"19";"19";"6";"2.7";"2.4";"1.9";"0.8";"1";"1.2"
"Australia";"AUS";"Western Australia State League 1 Reserves";"27-06-2026 02:00";"FT";"UWA Nedlands Res.";"0";"2";"Cockburn City Res.";"0";"0";"1.6";"1.3";"2.1";"1";"3";"2.8";"50";"28";"22";"14";"2.7";"2.8";"2";"1";"1.4";"1.1"
"Australia";"AUS";"Western Australia State League 1 Reserves";"27-06-2026 02:00";"FT";"Floreat Athena Res.";"1";"1";"Inglewood United Res.";"1";"0";"0.2";"2.2";"1.8";"0.8";"2.5";"2.8";"42";"20";"10";"10";"2.7";"2.5";"1.8";"0.8";"0.2";"2.2"
"Australia";"AUS";"Western Australia State League 1 Reserves";"27-06-2026 02:00";"FT";"Gwelup Croatia Res.";"6";"3";"Curtin University Res.";"4";"1";"0.7";"1.1";"1.1";"0.7";"1.9";"2.8";"29";"14";"0";"0";"2.7";"1.8";"1.1";"0.6";"0.7";"1.1"
"Australia";"AUS";"Northern NSW State League 1";"27-06-2026 01:00";"FT";"Toronto Awaba";"0";"2";"Cessnock City";"0";"1";"";"";"";"";"";"0";"";"";"";"";"0";"";"";"";"";""
"Australia";"AUS";"Northern NSW State League 1";"27-06-2026 05:00";"POSTPONED";"South Cardiff";"";"";"New Lambton";"";"";"";"";"";"";"";"0";"";"";"";"";"0";"";"";"";"";""
"Australia";"AUS";"New South Wales NPL 3";"27-06-2026 04:00";"FT";"Stanmore Hawks";"1";"2";"Hawkesbury City";"1";"0";"2.4";"1.2";"2.4";"0.8";"3.4";"4";"38";"31";"31";"25";"3.8";"3.3";"2.4";"0.8";"2.2";"1.2"
"Australia";"AUS";"New South Wales NPL 3";"27-06-2026 04:00";"FT";"Sydney University";"2";"0";"Fraser Park";"0";"0";"2.6";"1.9";"2.2";"1.7";"4.2";"4";"52";"46";"46";"46";"3.8";"4.2";"2.2";"1.7";"2.6";"1.9"
"Australia";"AUS";"New South Wales NPL 3";"27-06-2026 04:00";"FT";"Central Coast United";"4";"1";"Gladesville Ryde Magic";"2";"0";"1.5";"1.4";"2.5";"1.6";"3.5";"4";"54";"40";"32";"25";"3.8";"3.4";"2.2";"1.6";"1.5";"1.3"
"Australia";"AUS";"New South Wales NPL 3";"27-06-2026 04:00";"FT";"Parramatta";"3";"1";"Nepean";"1";"1";"1";"2.6";"1.6";"1.6";"3.4";"4";"44";"38";"38";"26";"3.8";"3";"1.6";"1.4";"0.6";"2.4"
"Australia";"AUS";"New South Wales NPL 3";"27-06-2026 06:00";"FT";"Camden Tigers";"1";"1";"South Coast Flame";"0";"0";"1.8";"1.4";"1";"1.4";"2.8";"4";"42";"32";"26";"16";"3.8";"2.8";"1";"1.3";"1.8";"1.4"
"Australia";"AUS";"New South Wales NPL 3";"27-06-2026 06:00";"FT";"Dunbar Rovers";"1";"1";"Mounties Wanderers";"0";"0";"1.6";"1.9";"3.4";"1.1";"4";"4";"52";"52";"45";"32";"3.8";"3.6";"3.1";"1";"1.6";"1.6"
"Australia";"AUS";"New South Wales NPL 3 Youth";"27-06-2026 02:00";"AWAITING_UPDATES";"Parramatta U20";"";"";"Nepean U20";"";"";"";"";"";"";"";"";"";"";"";"";"";"";"";"";"";""
"Australia";"AUS";"New South Wales NPL 3 Youth";"27-06-2026 02:00";"AWAITING_UPDATES";"Sydney University U20";"";"";"Fraser Park U20";"";"";"";"";"";"";"";"";"";"";"";"";"";"";"";"";"";""
"Australia";"AUS";"New South Wales NPL 3 Youth";"27-06-2026 04:00";"AWAITING_UPDATES";"Camden Tigers U20";"";"";"South Coast Flame U20";"";"";"";"";"";"";"";"";"";"";"";"";"";"";"";"";"";""
"Australia";"AUS";"New South Wales NPL 3 Youth";"27-06-2026 04:00";"AWAITING_UPDATES";"Dunbar Rovers U20";"";"";"Mounties Wanderers U20";"";"";"";"";"";"";"";"";"";"";"";"";"";"";"";"";"";""
"Australia";"AUS";"New South Wales NPL 3 Youth";"27-06-2026 06:00";"AWAITING_UPDATES";"Inner West Hawks U20";"";"";"Hawkesbury City U20";"";"";"";"";"";"";"";"";"";"";"";"";"";"";"";"";"";""
"Australia";"AUS";"New South Wales NPL 3 Youth";"27-06-2026 06:00";"AWAITING_UPDATES";"Central Coast Utd U20";"";"";"Gladesville Ryde U20";"";"";"";"";"";"";"";"";"";"";"";"";"";"";"";"";"";""
"Australia";"AUS";"Queensland PL Youth";"27-06-2026 01:30";"FT";"St George Willawong U23";"2";"1";"North Star U23";"1";"0";"2.1";"0.9";"1.2";"1.9";"3";"2.3";"52";"20";"20";"13";"2.2";"2.9";"1.2";"1.7";"2";"0.9"
"Australia";"AUS";"Queensland PL Youth";"27-06-2026 01:45";"FT";"Logan Lightning U23";"1";"0";"Caboolture U23";"0";"0";"0.9";"0.8";"0.3";"1.3";"1.7";"2.3";"22";"8";"8";"0";"2.2";"1.4";"0.2";"1.2";"0.8";"0.7"
"Australia";"AUS";"Queensland PL Youth";"27-06-2026 02:45";"FT";"Broadbeach United U23";"2";"0";"Capalaba U23";"1";"0";"1.7";"1.2";"0.2";"1.6";"2.3";"2.3";"50";"10";"5";"5";"2.2";"2.1";"0.2";"1.5";"1.3";"1.2"
"Australia";"AUS";"Queensland PL Youth";"27-06-2026 02:45";"TBA";"SC Wanderers U23";"";"";"Robina City U23";"";"";"0.9";"0.9";"0.8";"1";"1.8";"2.3";"32";"5";"0";"0";"2.2";"1.7";"0.8";"0.9";"0.8";"0.9"
"Australia";"AUS";"Tasmania Southern Championship";"27-06-2026 01:30";"FT";"Hobart City Beachside";"2";"2";"New Town Eagles";"0";"1";"2";"0.8";"0.7";"1.6";"2.6";"3.3";"44";"26";"10";"10";"3.1";"2.2";"0.7";"1.4";"1.7";"0.8"
"Australia";"AUS";"Tasmania Southern Championship";"27-06-2026 03:45";"FT";"Clarence Zebras II";"2";"2";"Hobart United";"1";"1";"1.8";"2";"1.2";"1.8";"3.4";"3.3";"71";"62";"21";"12";"3.1";"3";"1.2";"1.5";"1.7";"1.8"
"Australia";"AUS";"TAS NPL Youth";"27-06-2026 23:15";"AWAITING_UPDATES";"Kingborough Lions U21";"";"";"Devonport Strikers U21";"";"";"";"";"";"";"";"0";"";"";"";"";"0";"";"";"";"";""
"Australia";"AUS";"TAS NPL Youth";"27-06-2026 23:15";"AWAITING_UPDATES";"Launceston City U21";"";"";"South East United U21";"";"";"";"";"";"";"";"0";"";"";"";"";"0";"";"";"";"";""
"Bhutan";"BHU";"Bhutan Premier League";"27-06-2026 07:00";"FT";"Ugyen Academy";"1";"7";"Thimphu City";"1";"4";"1.1";"2";"1.1";"2.5";"3.4";"3.4";"66";"44";"25";"16";"3.2";"3.3";"1.1";"2.5";"1";"2"
"Belarus";"BLR";"Vysshaya Liga";"27-06-2026 08:30";"FT";"Torpedo BelAZ";"3";"0";"BATE";"1";"0";"0.9";"1.9";"2.5";"2.6";"4";"3.6";"65";"50";"30";"20";"3.5";"3.8";"2.4";"2.5";"0.9";"1.8"
"Belarus";"BLR";"Vysshaya Liga";"27-06-2026 10:30";"FT";"ML Vitebsk";"2";"1";"Naftan";"1";"1";"1.9";"2.5";"1.7";"1";"3.6";"3.6";"55";"45";"30";"20";"3.5";"3.5";"1.7";"1";"1.8";"2.5"
"Belarus";"BLR";"Vysshaya Liga";"27-06-2026 12:30";"FT";"Dinamo Brest";"0";"0";"Minsk";"0";"0";"1.2";"1.1";"1.5";"1.8";"2.8";"3.6";"58";"22";"16";"11";"3.5";"2.7";"1.5";"1.7";"1.1";"1.1"
"Belarus";"BLR";"Vysshaya Liga";"27-06-2026 14:30";"FT";"Dinamo Minsk";"1";"1";"Vitebsk";"1";"1";"1.6";"1.4";"2.1";"2.1";"3.6";"3.6";"75";"50";"30";"15";"3.5";"3.6";"2.1";"2.1";"1.6";"1.4"
"Belarus";"BLR";"Pershaya Liga";"27-06-2026 08:00";"FT";"Volna";"2";"1";"Bumprom";"0";"0";"1.4";"2";"2.1";"2";"3.8";"3.8";"68";"58";"42";"20";"3.7";"3.8";"2.1";"2";"1.4";"2"
"Belarus";"BLR";"Pershaya Liga";"27-06-2026 09:00";"FT";"Smorgon";"2";"0";"Shakhtyor Soligorsk";"0";"0";"1.8";"2";"2.5";"2.2";"4.2";"3.8";"85";"65";"35";"35";"3.7";"4.2";"2.5";"2.2";"1.7";"2"
"Belarus";"BLR";"Pershaya Liga";"27-06-2026 10:00";"FT";"Slonim";"2";"1";"Slutsk";"1";"1";"2.3";"1.4";"2.3";"1.7";"3.8";"3.8";"70";"46";"34";"26";"3.7";"3.7";"2.1";"1.7";"2.3";"1.3"
"Belarus";"BLR";"Pershaya Liga";"27-06-2026 11:00";"FT";"Gomel II";"5";"2";"Osipovichy";"3";"0";"2";"2.5";"1.1";"1.7";"3.6";"3.8";"80";"45";"30";"15";"3.7";"3.6";"1.1";"1.7";"1.9";"2.5"
"Belarus";"BLR";"Pershaya Liga";"27-06-2026 12:00";"FT";"Molodechno-DYuSSh 4";"0";"2";"Lida";"0";"1";"2.1";"2.1";"1.4";"1.2";"3.4";"3.8";"62";"56";"16";"11";"3.7";"3.3";"1.4";"1.2";"1.9";"2.1"
"Belarus";"BLR";"Pershaya Liga";"27-06-2026 13:30";"FT";"Uni Minsk";"1";"3";"Niva";"0";"3";"1.4";"1.2";"2.2";"2.4";"3.6";"3.8";"58";"47";"36";"24";"3.7";"3.6";"2.2";"2.4";"1.4";"1.2"
"Brazil";"BRA";"Serie C";"27-06-2026 11:00";"FT";"Inter de Limeira";"2";"2";"Maringá";"0";"0";"3.2";"2.9";"2.6";"2.9";"5.8";"5.6";"100";"95";"65";"40";"5.3";"5.4";"2.6";"2.8";"2.9";"2.5"
"Brazil";"BRA";"Serie C";"27-06-2026 16:00";"FT";"Floresta";"2";"1";"Barra FC";"1";"0";"2.3";"2.2";"2.5";"1.6";"4.3";"5.6";"80";"45";"30";"30";"5.3";"4.2";"2.5";"1.6";"2.3";"2.1"
"Brazil";"BRA";"Serie C";"27-06-2026 17:00";"FT";"Paysandu";"1";"3";"Santa Cruz";"0";"2";"3";"3.8";"3.8";"2.6";"6.6";"5.6";"100";"80";"70";"65";"5.3";"6.1";"3.5";"2.5";"2.7";"3.5"
"Brazil";"BRA";"Serie C";"27-06-2026 19:00";"FT";"Itabaiana";"1";"0";"Ferroviária";"0";"0";"2";"3.2";"2.3";"3.2";"5.4";"5.6";"95";"85";"60";"40";"5.3";"4.9";"2.2";"2.8";"1.9";"3"
"Brazil";"BRA";"Serie D";"27-06-2026 14:30";"FT_PEN";"Blumenau";"1";"1";"São Luiz";"0";"1";"3.4";"2.9";"3.1";"3.6";"6.5";"5.6";"100";"100";"84";"62";"5.3";"6.1";"2.8";"3.4";"3.1";"2.9"
"Brazil";"BRA";"Serie D";"27-06-2026 15:00";"FT";"Betim";"2";"0";"Vitória ES";"0";"0";"1.9";"1.7";"2.7";"2.6";"4.4";"5.6";"75";"50";"40";"35";"5.3";"4.3";"2.7";"2.6";"1.9";"1.4"
"Brazil";"BRA";"Serie D";"27-06-2026 15:00";"FT_PEN";"Santa Catarina";"1";"1";"EC São José";"0";"0";"3.6";"3.2";"2.6";"2.4";"5.8";"5.6";"100";"100";"74";"47";"5.3";"5.6";"2.6";"2.2";"3.6";"3"
"Brazil";"BRA";"Serie D";"27-06-2026 15:30";"FT";"Trem";"1";"2";"Sampaio Corrêa";"1";"2";"2.6";"2.1";"2.3";"2.1";"4.6";"5.6";"84";"80";"48";"21";"5.3";"4.3";"2.2";"2";"2.3";"2"
"Brazil";"BRA";"Serie D";"27-06-2026 15:30";"FT_PEN";"Maracanã";"0";"0";"Imperatriz";"0";"0";"3.1";"1.7";"2.5";"2.4";"4.8";"5.6";"63";"63";"57";"46";"5.3";"4.7";"2.5";"2.3";"2.9";"1.7"
"Brazil";"BRA";"Serie D";"27-06-2026 16:00";"FT";"Iguatu";"1";"1";"Tuna Luso";"1";"0";"3.7";"3.7";"3.2";"3.4";"7";"5.6";"100";"100";"89";"74";"5.3";"6.8";"2.9";"3.3";"3.7";"3.7"
"Brazil";"BRA";"Serie D";"27-06-2026 16:00";"FT";"Portuguesa";"1";"0";"Sampaio Corrêa RJ";"0";"0";"2.3";"3.2";"2.8";"3.5";"5.9";"5.6";"95";"80";"70";"50";"5.3";"5.4";"2.8";"3.3";"2.3";"2.4"
"Brazil";"BRA";"Serie D";"27-06-2026 16:00";"FT";"Piauí";"1";"0";"Maguary PE";"0";"0";"3.2";"2.3";"2.2";"2.7";"5.2";"5.6";"94";"89";"56";"33";"5.3";"4.9";"2.1";"2.6";"3";"2.1"
"Brazil";"BRA";"Serie D";"27-06-2026 16:00";"FT_PEN";"Água Santa";"1";"1";"Velo Clube";"0";"1";"3.5";"2.4";"2.3";"3";"5.6";"5.6";"90";"85";"75";"50";"5.3";"5.2";"2.3";"2.8";"3.3";"2.1"
"Brazil";"BRA";"Serie D";"27-06-2026 17:00";"FT";"Capital Brasilia";"4";"0";"Aparecidense";"2";"0";"3";"2.7";"3.4";"2.3";"5.7";"5.6";"85";"80";"65";"55";"5.3";"5.6";"3.4";"2.3";"3";"2.6"
"Brazil";"BRA";"Serie D";"27-06-2026 17:00";"FT";"Águia de Marabá";"2";"0";"Parnahyba";"1";"0";"2.2";"2.7";"2.6";"3.2";"5.4";"5.6";"90";"79";"62";"36";"5.3";"5.2";"2.4";"3.1";"2.2";"2.7"
"Brazil";"BRA";"Serie D";"27-06-2026 17:00";"FT";"Uberlândia";"2";"2";"Rio Branco ES";"0";"1";"3.6";"3";"3";"4.3";"7";"5.6";"100";"100";"84";"75";"5.3";"6.4";"2.8";"3.8";"3.6";"2.7"
"Brazil";"BRA";"Serie D";"27-06-2026 17:00";"FT";"Sergipe";"0";"1";"ASA";"0";"1";"4";"3.1";"3.8";"2.8";"6.8";"5.6";"84";"80";"74";"64";"5.3";"6.8";"3.8";"2.8";"3.8";"3.1"
"Brazil";"BRA";"Serie D";"27-06-2026 17:00";"FT";"CSA";"2";"0";"Lagarto";"0";"0";"2.7";"2.6";"2.9";"2.5";"5.4";"5.6";"90";"75";"60";"40";"5.3";"5.2";"2.8";"2.5";"2.6";"2.5"
"Brazil";"BRA";"Serie D";"27-06-2026 18:00";"FT";"América RN";"1";"0";"Fluminense PI";"1";"0";"2.8";"2.8";"2.7";"3.1";"5.6";"5.6";"100";"89";"74";"52";"5.3";"5.3";"2.6";"2.8";"2.6";"2.7"
"Brazil";"BRA";"Serie D";"27-06-2026 18:00";"FT";"XV de Piracicaba";"2";"0";"América RJ";"2";"0";"2.3";"2.9";"2.2";"2.9";"5.2";"5.6";"95";"80";"70";"48";"5.3";"4.8";"1.8";"2.9";"2.2";"2.8"
"Brazil";"BRA";"Serie D";"27-06-2026 18:00";"FT";"Tombense";"0";"0";"CRAC";"0";"0";"3";"2.6";"3.6";"2.1";"5.6";"5.6";"90";"80";"50";"35";"5.3";"5.2";"3.3";"2.1";"2.7";"2.2"
"Brazil";"BRA";"Serie D";"27-06-2026 18:30";"FT";"Goiatuba EC";"1";"0";"Brasiliense";"1";"0";"2.4";"3.1";"2.2";"3.6";"5.7";"5.6";"74";"74";"74";"63";"5.3";"5.6";"2.1";"3.6";"2.4";"3"
"Brazil";"BRA";"Serie D";"27-06-2026 19:30";"FT";"Gama";"1";"0";"Mixto";"1";"0";"2.7";"2.8";"3.3";"2.9";"5.8";"5.6";"85";"80";"70";"65";"5.3";"5.7";"3.3";"2.7";"2.6";"2.8"
"Brazil";"BRA";"Mineiro 2";"27-06-2026 16:00";"FT";"Villa Nova";"6";"0";"Ipatinga";"1";"0";"2.1";"2.2";"2.1";"1.2";"3.8";"5.2";"69";"60";"37";"16";"5.1";"3.6";"2.1";"1";"2.1";"2"
"Brazil";"BRA";"Mineiro 2";"27-06-2026 16:00";"FT";"Democrata SL";"1";"0";"Coimbra";"1";"0";"2.6";"2";"3";"3.1";"5.4";"5.2";"94";"88";"66";"40";"5.1";"5.2";"3";"2.9";"2.4";"2"
"Brazil";"BRA";"Mineiro 2";"27-06-2026 17:30";"FT";"Guarani MG";"2";"0";"Caldense";"0";"0";"2.4";"2.7";"2.6";"4";"5.8";"5.2";"94";"94";"68";"42";"5.1";"5.8";"2.6";"4";"2.3";"2.6"
"Brazil";"BRA";"Paulista Série B";"27-06-2026 15:00";"FT";"São Carlos";"0";"1";"Paulinense";"0";"0";"3";"2.4";"2.4";"3.6";"5.7";"5.9";"88";"82";"82";"56";"5.4";"5.2";"2.1";"3.2";"2.8";"2.1"
"Brazil";"BRA";"Paulista Série B";"27-06-2026 15:00";"FT";"União Mogi";"2";"3";"Mauá";"1";"1";"2.9";"3.2";"2.8";"3.2";"6.1";"5.9";"94";"94";"90";"63";"5.4";"5.7";"2.7";"2.9";"2.9";"2.9"
"Brazil";"BRA";"Paulista Série B";"27-06-2026 15:00";"FT";"Manthiqueira";"0";"2";"José Bonifácio";"0";"1";"1.8";"3.3";"2.5";"4";"5.8";"5.9";"94";"81";"60";"48";"5.4";"5.2";"2.5";"3.3";"1.8";"2.8"
"Brazil";"BRA";"Paulista Série B";"27-06-2026 19:30";"FT";"Assisense";"0";"1";"Matonense";"0";"0";"3.1";"2.6";"3.8";"3.4";"6.4";"5.9";"93";"93";"93";"66";"5.4";"5.6";"3.2";"2.7";"2.9";"2.4"
"Brazil";"BRA";"Paulista U20";"27-06-2026 10:00";"FT";"Palmeiras U20";"4";"0";"Guarani U20";"1";"0";"3.6";"2.4";"2.6";"2.6";"5.6";"6";"90";"75";"60";"45";"5.7";"5.2";"2.3";"2.5";"3.3";"2.4"
"Brazil";"BRA";"Paulista U20";"27-06-2026 15:00";"FT";"Sertãozinho U20";"0";"0";"São Bento U20";"0";"0";"2.1";"2.6";"2.7";"2.2";"4.8";"6";"85";"65";"60";"40";"5.7";"4.7";"2.7";"2.2";"1.9";"2.6"
"Brazil";"BRA";"Mineiro U20";"27-06-2026 15:00";"FT";"Nacional AC MG U20";"4";"1";"Minas Boca U20";"3";"0";"3.3";"2.3";"1.8";"2.5";"5";"5.7";"83";"67";"58";"50";"5.4";"4.8";"1.8";"2.3";"3.2";"2.3"
"Brazil";"BRA";"Mineiro U20";"27-06-2026 15:00";"FT";"Boston City U20";"2";"1";"América Mineiro U20";"1";"1";"3.6";"2.7";"4";"3.1";"6.7";"5.7";"100";"90";"75";"65";"5.4";"6.6";"4";"3.1";"3.4";"2.6"
"Brazil";"BRA";"Mineiro U20";"27-06-2026 15:00";"FT";"Uberabinha U20";"0";"1";"Betim U20";"0";"1";"2.4";"3.4";"2.4";"3.7";"5.9";"5.7";"90";"80";"80";"73";"5.4";"5.4";"2.2";"3.4";"2";"3.3"
"Brazil";"BRA";"Mineiro U20";"27-06-2026 15:00";"FT";"Coimbra U20";"0";"1";"Atletico Mineiro U20";"0";"0";"3.4";"2";"3.1";"2.9";"5.8";"5.7";"95";"78";"60";"48";"5.4";"5.5";"2.9";"2.8";"3.4";"1.9"
"Brazil";"BRA";"Mineiro U20";"27-06-2026 15:00";"FT";"Cruzeiro U20";"3";"2";"Athletic Club U20";"0";"1";"2.6";"4.1";"1.9";"3.4";"6";"5.7";"90";"79";"64";"52";"5.4";"5.7";"1.8";"3";"2.6";"4"
"Brazil";"BRA";"Mineiro U20";"27-06-2026 15:00";"FT";"São João del-Rei U20";"0";"1";"Inter de Minas U20";"0";"0";"3.2";"2.7";"2.9";"3.6";"6.2";"5.7";"94";"80";"73";"54";"5.4";"5.8";"2.8";"3.3";"3";"2.4"
"Brazil";"BRA";"Mineiro U20";"27-06-2026 15:00";"FT";"Social";"3";"0";"Villa Real U20";"1";"0";"3";"3";"3.5";"2";"5.8";"5.7";"92";"84";"75";"75";"5.4";"5.6";"3.5";"2";"3";"2.8"
"Brazil";"BRA";"Copa Gaúcha";"27-06-2026 15:00";"FT";"Santa Cruz RS";"1";"1";"Brasil de Pelotas";"1";"0";"1.7";"2.6";"2.1";"2.4";"4.4";"5.2";"88";"71";"30";"12";"5";"4";"2";"2.1";"1.6";"2.2"
"Brazil";"BRA";"Copa Gaúcha";"27-06-2026 15:00";"FT";"Bage";"0";"1";"Gramadense";"0";"0";"2.6";"3.4";"4";"1.9";"5.9";"5.2";"100";"89";"72";"44";"5";"5.6";"3.7";"1.9";"2.4";"3.3"
"Brazil";"BRA";"Brasiliense U20";"27-06-2026 10:00";"FT";"Real Brasília U20";"4";"0";"EC Cruzeiro U20";"1";"0";"2";"2.5";"1.9";"2.8";"4.6";"5.7";"70";"70";"50";"42";"5";"4.1";"1.7";"2.2";"2";"2.3"
"Brazil";"BRA";"Brasiliense U20";"27-06-2026 10:00";"FT";"Gama U20";"3";"3";"Planaltina U20";"1";"1";"3.8";"1.5";"3.4";"3";"5.8";"5.7";"90";"65";"65";"65";"5";"5.6";"3.2";"3";"3.4";"1.5"
"Brazil";"BRA";"Brasiliense U20";"27-06-2026 10:00";"AWAITING_UPDATES";"Sobradinho U20";"";"";"ARUC U20";"";"";"3.6";"";"2.7";"";"";"5.7";"";"";"";"";"5";"";"2.7";"";"3.3";""
"Brazil";"BRA";"Brasiliense U20";"27-06-2026 15:30";"AWAITING_UPDATES";"Canaã U20";"";"";"Grêmio Valparaíso U20";"";"";"3.5";"2.7";"2.3";"2.2";"5.3";"5.7";"66";"66";"66";"58";"5";"5";"2.3";"1.8";"3.2";"2.7"
"Brazil";"BRA";"Brasiliense U20";"27-06-2026 15:30";"AWAITING_UPDATES";"CFZ Brasilia U20";"";"";"Legião U20";"";"";"";"3";"";"2.7";"";"5.7";"";"";"";"";"5";"";"";"2";"";"2.7"
"Brazil";"BRA";"Baiano U20";"27-06-2026 15:00";"FT";"Jacuipense U20";"3";"3";"Fluminense de Feira U20";"3";"1";"3";"2.2";"3.4";"2.2";"5.4";"5.6";"100";"88";"48";"41";"5.3";"5";"2.9";"2.2";"3";"1.8"
"Brazil";"BRA";"Baiano U20";"27-06-2026 15:00";"FT";"SSA U20";"1";"2";"Camaçariense U20";"0";"0";"3";"1.2";"3.8";"3";"5.5";"5.6";"79";"58";"58";"46";"5.3";"5.5";"3.8";"3";"3";"1.2"
"Brazil";"BRA";"Goiano U20";"27-06-2026 16:00";"FT";"Cerrado U20";"2";"1";"Atlético GO U20";"1";"0";"2.4";"3.6";"1.6";"2.8";"5.2";"5.4";"89";"76";"70";"36";"5";"4.9";"1.5";"2.6";"2.4";"3.3"
"Brazil";"BRA";"Gaúcho - Estadual Junior U20";"27-06-2026 11:00";"FT";"Internacional U20";"4";"2";"Gremio U20";"1";"1";"3.1";"2.1";"2.8";"2";"5";"5.5";"84";"67";"44";"39";"5.1";"4.7";"2.7";"1.9";"2.9";"1.9"
"Brazil";"BRA";"Carioca A2";"27-06-2026 14:45";"FT";"Audax Rio";"2";"0";"Resende";"2";"0";"3.3";"2.8";"4.3";"2.6";"6.4";"6";"94";"84";"78";"52";"5.5";"5.8";"3.8";"2.3";"2.9";"2.6"
"Brazil";"BRA";"Carioca A2";"27-06-2026 14:45";"FT";"Serrano RJ";"0";"3";"São Gonçalo EC RJ";"0";"0";"3.1";"3.6";"3";"3.5";"6.6";"6";"100";"94";"73";"52";"5.5";"6.4";"2.9";"3.5";"3";"3.5"
"Brazil";"BRA";"Carioca A2";"27-06-2026 14:45";"FT";"Cabofriense";"1";"2";"Perolas Negras";"0";"0";"2.6";"3";"2";"3.3";"5.4";"6";"84";"74";"70";"59";"5.5";"5";"2";"3";"2.2";"2.8"
"Brazil";"BRA";"Carioca A2";"27-06-2026 14:45";"FT";"Americano";"1";"1";"CFRJ / Marica";"0";"0";"2.2";"2.6";"2.5";"2.3";"4.8";"6";"71";"60";"55";"40";"5.5";"4.6";"2.2";"2.2";"2.2";"2.5"
"Brazil";"BRA";"Carioca A2";"27-06-2026 16:00";"FT";"CEAC / Araruama";"1";"0";"Olaria";"0";"0";"3.5";"2.8";"3.6";"2.3";"6.1";"6";"89";"89";"84";"53";"5.5";"5.7";"3.4";"2.2";"3";"2.8"
"Brazil";"BRA";"Paraibano U20";"27-06-2026 16:00";"FT";"Cruzeiro Itaporanga U20";"1";"0";"Sousa U20";"0";"0";"3";"5.3";"2.5";"2.7";"6.8";"5.7";"100";"92";"92";"84";"5.2";"6.4";"2.3";"2.7";"2.7";"5"
"Brazil";"BRA";"Catarinense U20";"27-06-2026 11:00";"FT";"Brusque U20";"0";"5";"Avaí U20";"0";"2";"3.1";"2.3";"2.8";"2.8";"5.5";"7.1";"89";"82";"61";"45";"6.4";"5.2";"2.5";"2.6";"2.9";"2.3"
"Brazil";"BRA";"Catarinense U20";"27-06-2026 15:00";"FT";"Figueirense U20";"3";"2";"Barra SC U20";"1";"0";"4.3";"4.9";"4.3";"3.9";"8.7";"7.1";"100";"100";"94";"89";"6.4";"7.6";"3.9";"3.1";"3.8";"4.5"
"Brazil";"BRA";"Maranhense 2";"27-06-2026 16:00";"FT";"Timon MA";"0";"0";"Cordino";"0";"0";"";"1.3";"";"1.3";"";"0";"";"";"";"";"0";"";"";"1.3";"";"1.3"
"Brazil";"BRA";"Maranhense 2";"27-06-2026 16:00";"FT";"São José MA";"0";"2";"São Luís";"0";"0";"";"";"";"";"";"0";"";"";"";"";"0";"";"";"";"";""
"Canada";"CAN";"PCSL";"27-06-2026 17:00";"CANCELLED";"AFA";"";"";"Kamloops Rivers II";"";"";"";"";"";"";"";"0";"";"";"";"";"0";"";"";"";"";""
"Canada";"CAN";"PCSL";"27-06-2026 20:00";"AWAITING_UPDATES";"WIA";"";"";"Mid Isle Highlanders";"";"";"";"";"";"";"";"0";"";"";"";"";"0";"";"";"";"";""
"Canada";"CAN";"PCSL";"27-06-2026 20:00";"AWAITING_UPDATES";"Victoria United";"";"";"Blues";"";"";"";"";"";"";"";"0";"";"";"";"";"0";"";"";"";"";""
"Canada";"CAN";"PCSL";"27-06-2026 22:00";"AWAITING_UPDATES";"Gorge";"";"";"Khalsa";"";"";"";"";"";"";"";"0";"";"";"";"";"0";"";"";"";"";""
"Chile";"CHI";"Tercera A";"27-06-2026 13:00";"FT";"Deportes Rancagua";"2";"1";"Imperial Unido";"1";"1";"2.4";"3.9";"2.5";"2.8";"5.8";"6.3";"88";"76";"76";"64";"5.8";"5.2";"2";"2.4";"2.2";"3.7"
"Chile";"CHI";"Tercera A";"27-06-2026 16:00";"FT";"Naval";"1";"1";"Malleco Unido";"0";"0";"2.8";"1.8";"3.5";"4.2";"6.1";"6.3";"92";"78";"78";"78";"5.8";"5.6";"3";"3.8";"2.6";"1.7"
"Chile";"CHI";"Tercera A";"27-06-2026 17:30";"FT";"Constitución Unido";"2";"4";"Quintero Unido";"1";"1";"3.8";"3.3";"3";"3.4";"6.8";"6.3";"80";"80";"73";"73";"5.8";"6.2";"2.8";"3.3";"3.5";"2.9"
"Chile";"CHI";"Tercera A";"27-06-2026 18:00";"FT";"Comunal Cabrero";"3";"2";"Atlético Oriente";"1";"1";"2.7";"3.2";"2.9";"2.2";"5.6";"6.3";"88";"76";"64";"64";"5.8";"5";"2.7";"2.1";"2.2";"3"
"China";"CHN";"Super League";"27-06-2026 08:00";"FT";"Liaoning Tieren FC";"1";"5";"Shandong Taishan";"0";"2";"2";"2";"1.7";"2.3";"4";"4.4";"80";"55";"40";"20";"4.2";"4";"1.7";"2.3";"1.9";"2"
"China";"CHN";"Super League";"27-06-2026 08:35";"FT";"Shenzhen Peng City";"2";"3";"Chengdu Rongcheng";"0";"1";"2";"2.6";"2.2";"3.1";"5";"4.4";"90";"75";"50";"40";"4.2";"4.8";"2";"3.1";"2";"2.5"
"China";"CHN";"Super League";"27-06-2026 08:35";"FT";"Henan Songshan Longmen";"1";"2";"Shanghai Port";"1";"1";"1.5";"2.5";"2.1";"1.8";"4";"4.4";"75";"50";"40";"25";"4.2";"3.8";"2.1";"1.7";"1.5";"2.3"
"China";"CHN";"Super League";"27-06-2026 09:00";"FT";"Beijing Guoan";"1";"0";"Wuhan Three Towns";"0";"0";"1.6";"2.9";"2.3";"2.3";"4.6";"4.4";"85";"70";"45";"30";"4.2";"4.4";"2.2";"2.3";"1.5";"2.8"
"China";"CHN";"Super League";"27-06-2026 09:00";"FT";"Chongqing Tonglianglong FC";"1";"0";"Tianjin Jinmen Tiger";"0";"0";"2";"2.1";"2.7";"1.8";"4.3";"4.4";"85";"75";"45";"30";"4.2";"4.2";"2.6";"1.7";"2";"2.1"
"China";"CHN";"League Two";"27-06-2026 05:00";"FT";"Changchun Xidu";"0";"0";"Haimen Codion";"0";"0";"1.8";"1.8";"2.3";"1.9";"3.9";"3.7";"85";"65";"35";"10";"3.5";"3.8";"2.3";"1.8";"1.8";"1.8"
"China";"CHN";"League Two";"27-06-2026 05:00";"FT";"Shanghai Segenda";"0";"2";"Qingdao Red Lions";"0";"1";"2.2";"3";"1.5";"1.8";"4.2";"3.7";"90";"55";"35";"25";"3.5";"4";"1.5";"1.6";"2";"2.8"
"China";"CHN";"League Two";"27-06-2026 05:00";"FT";"Dalian Kewei";"1";"0";"Shanghai Port B";"0";"0";"2.3";"1.7";"1.5";"2";"3.8";"3.7";"75";"55";"35";"10";"3.5";"3.6";"1.4";"2";"2.2";"1.6"
"China";"CHN";"League Two";"27-06-2026 08:30";"FT";"Lanzhou Longyuan";"0";"0";"Dalian Yingbo B";"0";"0";"2.2";"1.8";"1";"2.5";"3.8";"3.7";"70";"40";"25";"20";"3.5";"3.5";"0.9";"2.2";"2.2";"1.7"
"China";"CHN";"League Two";"27-06-2026 08:30";"FT";"Hubei Istar";"2";"0";"Guizhou Zhucheng Athletic";"2";"0";"1.8";"1.9";"1.4";"1.4";"3.2";"3.7";"65";"55";"20";"10";"3.5";"3.2";"1.4";"1.4";"1.8";"1.9"
"China";"CHN";"League Two";"27-06-2026 08:30";"FT";"Guangdong Mingtu";"1";"2";"Xiamen Feilu";"1";"1";"1.8";"2.4";"1.8";"1.7";"3.8";"3.7";"75";"45";"25";"20";"3.5";"3.6";"1.8";"1.7";"1.6";"2"
"Cameroon";"CMR";"Elite One";"27-06-2026 12:00";"FT";"Fortuna Mfou";"1";"2";"Stade Renard";"1";"1";"1.3";"1.7";"1.5";"2.3";"3.4";"3.8";"50";"40";"30";"20";"3.6";"3.2";"1.4";"2";"1.3";"1.7"
"Ecuador";"ECU";"Superliga Femenina";"27-06-2026 11:00";"FT";"Quito FC W";"0";"5";"Barcelona W";"0";"0";"1.2";"3.5";"1.5";"2.2";"4.2";"3.1";"75";"54";"46";"25";"2.8";"3.8";"1.5";"1.8";"1";"3.2"
"Ecuador";"ECU";"Superliga Femenina";"27-06-2026 17:30";"FT";"Carneras W";"1";"0";"Espuce W";"0";"0";"1.2";"1.2";"1.2";"2.2";"2.8";"3.1";"65";"38";"10";"0";"2.8";"2.4";"1";"2";"0.7";"1.2"
"Ethiopia";"ETH";"Premier League";"27-06-2026 09:00";"FT";"Hadiya Hosaena";"1";"1";"Dire Dawa Kenema";"1";"0";"3.6";"2.4";"2.6";"3.3";"6";"4.7";"90";"85";"75";"55";"4.5";"5.7";"2.5";"3.3";"3.4";"2.2"
"Ethiopia";"ETH";"Premier League";"27-06-2026 12:00";"FT";"Ethiopian Medhin";"0";"3";"Shire Endaselassie";"0";"2";"2.3";"2.2";"1.9";"2.2";"4.3";"4.7";"85";"65";"45";"30";"4.5";"4";"1.8";"2.1";"2.2";"2"
"Europe";"EUR";"All-Island Cup";"27-06-2026 09:00";"FT";"Shelbourne W";"4";"0";"Bohemians WFC W";"1";"0";"1.2";"1.1";"1.4";"1.5";"2.7";"2.3";"53";"29";"12";"0";"2.1";"2.6";"1.4";"1.5";"1.1";"1.1"
"Europe";"EUR";"All-Island Cup";"27-06-2026 13:00";"FT";"Galway United W";"1";"1";"Peamount United W";"0";"1";"1.6";"0.8";"1.2";"1.6";"2.6";"2.3";"47";"28";"0";"0";"2.1";"2.5";"1";"1.6";"1.6";"0.8"
"Fiji";"FIJ";"FA Cup";"27-06-2026 01:30";"FT";"Lautoka";"1";"2";"Navua";"0";"0";"1.2";"2.6";"2.2";"1.8";"3.9";"3.2";"60";"50";"40";"30";"2.8";"3.5";"1.8";"1.6";"1.2";"2.4"
"Finland";"FIN";"Veikkausliiga";"27-06-2026 08:00";"FT";"Ilves";"2";"2";"SJK";"0";"0";"1.9";"2.4";"1.9";"2";"4.1";"3.6";"75";"45";"30";"25";"3.5";"3.8";"1.6";"2";"1.7";"2.3"
"Finland";"FIN";"Veikkausliiga";"27-06-2026 11:00";"FT";"Mariehamn";"0";"2";"Inter Turku";"0";"1";"2";"1.7";"1.3";"2.5";"3.8";"3.6";"70";"50";"35";"15";"3.5";"3.8";"1.3";"2.5";"2";"1.7"
"Finland";"FIN";"Veikkausliiga";"27-06-2026 11:00";"FT";"HJK";"0";"4";"KuPS";"0";"1";"1.5";"1.2";"1.6";"2.1";"3.2";"3.6";"65";"30";"20";"10";"3.5";"3";"1.5";"2.1";"1.4";"1.1"
"Finland";"FIN";"Veikkausliiga";"27-06-2026 13:00";"FT";"TPS";"3";"2";"Jaro";"1";"2";"2.1";"1.5";"2.2";"1.9";"3.8";"3.6";"80";"55";"35";"15";"3.5";"3.7";"2.1";"1.8";"2.1";"1.4"
"Finland";"FIN";"Veikkausliiga";"27-06-2026 13:00";"FT";"Gnistan";"1";"1";"VPS";"1";"1";"2.7";"1.8";"1.9";"2";"4.2";"3.6";"80";"65";"35";"25";"3.5";"4";"1.8";"1.8";"2.6";"1.8"
"Finland";"FIN";"Veikkausliiga";"27-06-2026 15:00";"FT";"Oulu";"1";"1";"Lahti";"0";"0";"1.3";"2.8";"2.2";"1.8";"4";"3.6";"80";"60";"40";"20";"3.5";"3.8";"2.1";"1.7";"1.1";"2.7"
"Finland";"FIN";"Ykkösliiga";"27-06-2026 10:00";"FT";"JIPPO";"1";"1";"EIF";"1";"0";"1.6";"1.8";"2.2";"2.2";"3.9";"3.9";"80";"60";"40";"20";"3.8";"3.8";"2.1";"2.1";"1.6";"1.7"
"Finland";"FIN";"Ykkösliiga";"27-06-2026 10:00";"FT";"Haka";"0";"2";"KTP";"0";"1";"2.6";"1.9";"2.5";"2.3";"4.6";"3.9";"85";"70";"45";"30";"3.8";"4.6";"2.4";"2.3";"2.5";"1.9"
"Finland";"FIN";"Kakkonen";"27-06-2026 08:00";"FT";"Union Plaani";"0";"3";"HIFK";"0";"2";"1.5";"2.9";"1.8";"2.7";"4.4";"4.3";"80";"65";"40";"30";"4.1";"4.4";"1.8";"2.6";"1.5";"2.9"
"Finland";"FIN";"Kakkonen";"27-06-2026 09:00";"FT";"GBK";"7";"0";"JS Hercules";"5";"0";"1.9";"1.8";"2.3";"2";"4";"4.3";"78";"68";"46";"16";"4.1";"3.8";"2.2";"1.9";"1.7";"1.7"
"Finland";"FIN";"Kakkonen";"27-06-2026 10:00";"FT";"MuSa";"2";"2";"P-Iirot";"1";"2";"1.8";"2.8";"1";"2.3";"4";"4.3";"75";"55";"30";"10";"4.1";"3.7";"1";"2.2";"1.6";"2.6"
"Finland";"FIN";"Kakkonen";"27-06-2026 10:00";"FT";"Huima / Urho";"3";"2";"JBK";"2";"1";"2.4";"2.7";"2";"2.3";"4.7";"4.3";"95";"74";"58";"21";"4.1";"4.4";"1.9";"2";"2.2";"2.6"
"Finland";"FIN";"Kakkonen";"27-06-2026 11:00";"FT";"PuiU Helsinki";"0";"2";"HPS";"0";"1";"2.6";"3.3";"2";"2";"4.9";"4.3";"84";"79";"64";"26";"4.1";"4.8";"2";"2";"2.4";"3.2"
"Finland";"FIN";"Kakkonen";"27-06-2026 11:00";"FT";"PEPO";"2";"2";"PPJ";"1";"1";"1.7";"1.6";"2.2";"2.1";"3.8";"4.3";"69";"54";"32";"16";"4.1";"3.8";"2.2";"2";"1.7";"1.6"
"Finland";"FIN";"Kakkonen";"27-06-2026 11:00";"FT";"MYPA";"1";"2";"Atlantis";"1";"1";"2.4";"1.3";"2.6";"1.6";"4";"4.3";"60";"55";"35";"25";"4.1";"3.9";"2.6";"1.5";"2.4";"1.3"
"Finland";"FIN";"Kakkonen";"27-06-2026 11:00";"FT";"EPS";"1";"3";"GrIFK";"0";"1";"1.6";"2.9";"2.9";"3.6";"5.4";"4.3";"100";"74";"54";"44";"4.1";"5.1";"2.6";"3.3";"1.6";"2.6"
"Finland";"FIN";"Kakkonen";"27-06-2026 11:00";"FT";"HJS Akatemia";"3";"0";"NJS";"2";"0";"1.9";"2.3";"1.6";"2.2";"4";"4.3";"84";"64";"44";"11";"4.1";"3.8";"1.5";"2.1";"1.8";"2.3"
"Finland";"FIN";"Kakkonen";"27-06-2026 11:00";"FT";"TP-47";"0";"3";"VPS II";"0";"1";"2.2";"1.5";"1.4";"2.3";"3.8";"4.3";"74";"47";"37";"21";"4.1";"3.6";"1.4";"2.2";"2.1";"1.5"
"Finland";"FIN";"Kakkonen";"27-06-2026 13:26";"FT";"Kiffen";"3";"2";"Reipas";"2";"1";"2";"1.8";"2.5";"2";"4.2";"4.3";"90";"70";"40";"15";"4.1";"4.2";"2.5";"2";"2";"1.8"
"Finland";"FIN";"Kolmonen - Eastern Group";"27-06-2026 08:00";"FT";"NiemU";"0";"1";"Kings";"";"";"3.3";"2";"1";"2.7";"4.5";"2.8";"84";"84";"50";"33";"2.6";"4.2";"1";"2.3";"3";"2"
"Finland";"FIN";"Kolmonen - Eastern Group";"27-06-2026 09:00";"FT";"HaPK";"2";"3";"IPS Edustus";"";"";"2";"1.5";"1.8";"1.2";"3.3";"2.8";"62";"50";"38";"12";"2.6";"3";"1.5";"1.2";"2";"1.2"
"Finland";"FIN";"Kolmonen - Eastern Group";"27-06-2026 09:00";"FT";"STPS";"3";"1";"KJP";"";"";"";"0.8";"";"1.5";"";"2.8";"";"";"";"";"2.6";"";"";"1.5";"";"0.8"
"Finland";"FIN";"Kolmonen - Eastern Group";"27-06-2026 09:00";"FT";"MiPK";"4";"0";"KoPa";"2";"0";"2.4";"1.8";"1.4";"1.5";"3.6";"2.8";"82";"55";"20";"0";"2.6";"3.5";"1.4";"1.3";"2.4";"1.8"
"Finland";"FIN";"Kolmonen - Northern Group";"27-06-2026 11:00";"FT";"PonPa";"2";"4";"Ajax Sarkkiranta";"1";"3";"1";"0.7";"1";"1.3";"2";"2.4";"16";"16";"0";"0";"2.3";"1.8";"1";"1.3";"0.7";"0.7"
"Finland";"FIN";"Kolmonen - Northern Group";"27-06-2026 11:00";"FT";"KajHa";"3";"2";"HauPa";"0";"1";"2.7";"0.3";"0.7";"1.7";"2.6";"2.4";"33";"33";"16";"16";"2.3";"2.5";"0.7";"1.3";"2.7";"0.3"
"Finland";"FIN";"Kolmonen - Northern Group";"27-06-2026 11:30";"CANCELLED";"Hercules-j";"";"";"KaPa Kajaani";"";"";"";"1.3";"";"3";"";"2.4";"";"";"";"";"2.3";"";"";"3";"";"1.3"
"Finland";"FIN";"Kolmonen - Western Group";"27-06-2026 09:00";"FT";"MaPS";"0";"2";"PIF";"0";"0";"2";"1.9";"1.9";"1.4";"3.6";"3.4";"66";"34";"34";"20";"3.2";"3.4";"1.7";"1.4";"1.9";"1.8"
"Finland";"FIN";"Kolmonen - Western Group";"27-06-2026 11:00";"FT";"TP-T";"0";"2";"Tampere United II";"0";"1";"2.8";"1.7";"2.1";"1.7";"4.2";"3.4";"73";"46";"40";"27";"3.2";"3.9";"2";"1.7";"2.4";"1.7"
"Finland";"FIN";"Kolmonen - Western Group";"27-06-2026 14:00";"FT";"Mariehamn II";"2";"1";"EuPa";"1";"0";"2";"1.4";"2";"1.6";"3.5";"3.4";"64";"58";"40";"0";"3.2";"3.3";"2";"1.5";"2";"1.1"
"Finland";"FIN";"Kolmonen - Southern Group";"27-06-2026 09:00";"FT";"Futura";"8";"0";"Gnistan/Ogeli";"6";"0";"";"1.7";"";"2";"";"3.6";"";"";"";"";"3.3";"";"";"1.9";"";"1.4"
"Finland";"FIN";"Kolmonen - Southern Group";"27-06-2026 10:00";"FT";"Ponnistus";"0";"0";"TuPS";"0";"0";"2.2";"2";"3";"1.4";"4.3";"3.6";"73";"59";"32";"32";"3.3";"4";"2.8";"1.4";"2.2";"1.7"
"Faroe Islands";"FRO";"1. Deild";"27-06-2026 09:00";"FT";"Víkingur II";"3";"1";"HB II";"2";"0";"2.5";"1.5";"3";"1.7";"4.4";"4.1";"75";"75";"42";"34";"3.8";"4.2";"3";"1.5";"2.5";"1.5"
"Faroe Islands";"FRO";"1. Deild";"27-06-2026 10:15";"FT";"NSÍ II";"0";"1";"B36 II";"0";"1";"2.2";"1.6";"2";"2.3";"4";"4.1";"86";"58";"34";"24";"3.8";"3.8";"1.8";"2.3";"2";"1.6"
"Faroe Islands";"FRO";"1. Deild";"27-06-2026 10:15";"FT";"EB / Streymur II";"0";"2";"Suduroy";"0";"1";"1.5";"";"2";"";"";"4.1";"";"";"";"";"3.8";"";"2";"";"1";""
"Faroe Islands";"FRO";"1. Deild";"27-06-2026 13:00";"FT";"Hoyvik";"1";"2";"ÍF";"1";"2";"2";"2.5";"2";"1.7";"4.1";"4.1";"79";"58";"34";"34";"3.8";"3.8";"2";"1.3";"1.8";"2.3"
"Faroe Islands";"FRO";"2. Deild";"27-06-2026 08:00";"FT";"Víkingur III";"0";"3";"07 Vestur II";"0";"1";"";"";"";"";"";"0";"";"";"";"";"0";"";"";"";"";""
"Faroe Islands";"FRO";"2. Deild";"27-06-2026 08:00";"FT";"MB";"2";"3";"Skála II";"2";"3";"";"";"";"";"";"0";"";"";"";"";"0";"";"";"";"";""
"Faroe Islands";"FRO";"2. Deild";"27-06-2026 09:00";"FT";"KÍ II";"6";"1";"B71 II";"3";"1";"";"";"";"";"";"0";"";"";"";"";"0";"";"";"";"";""
"Faroe Islands";"FRO";"2. Deild";"27-06-2026 10:00";"FT";"AB Argir II";"1";"4";"ÍF II";"0";"2";"";"";"";"";"";"0";"";"";"";"";"0";"";"";"";"";""
"Faroe Islands";"FRO";"2. Deild";"27-06-2026 13:00";"FT";"B68 II";"3";"0";"Suduroy II";"0";"0";"";"";"";"";"";"0";"";"";"";"";"0";"";"";"";"";""
"Gabon";"GAB";"Champoinnat D1";"27-06-2026 10:00";"FT";"Lozo";"0";"0";"FC 105";"0";"0";"";"";"";"";"";"0";"";"";"";"";"0";"";"";"";"";""
"Gabon";"GAB";"Champoinnat D1";"27-06-2026 11:30";"FT";"Stade Mandji";"3";"1";"Dikaki";"0";"0";"";"";"";"";"";"0";"";"";"";"";"0";"";"";"";"";""
"Gabon";"GAB";"Champoinnat D1";"27-06-2026 11:30";"FT";"Ogooue";"0";"0";"Oyem AC";"0";"0";"";"";"";"";"";"0";"";"";"";"";"0";"";"";"";"";""
"Gabon";"GAB";"Champoinnat D1";"27-06-2026 11:30";"FT";"Lambaréné";"3";"2";"Bitam";"0";"0";"";"";"";"";"";"0";"";"";"";"";"0";"";"";"";"";""
"Gabon";"GAB";"Champoinnat D1";"27-06-2026 11:30";"FT";"Oyem";"1";"0";"Mangasport";"0";"0";"";"";"";"";"";"0";"";"";"";"";"0";"";"";"";"";""
"Gabon";"GAB";"Champoinnat D1";"27-06-2026 11:30";"FT";"Vautour Club";"2";"1";"Stade Migovéen";"1";"1";"";"";"";"";"";"0";"";"";"";"";"0";"";"";"";"";""
"Gabon";"GAB";"Champoinnat D1";"27-06-2026 12:00";"FT";"Bouenguidi";"1";"0";"Cercle Mbéri";"0";"0";"";"";"";"";"";"0";"";"";"";"";"0";"";"";"";"";""
"Georgia";"GEO";"Super Cup";"27-06-2026 12:00";"FT";"FC Iberia 1999";"1";"0";"Dinamo Tbilisi";"1";"0";"2.9";"1.6";"2.4";"1.6";"4.2";"";"75";"55";"40";"40";"";"4.1";"2.4";"1.6";"2.7";"1.5"
"Georgia";"GEO";"Super Cup";"27-06-2026 14:00";"FT";"Dila";"0";"1";"Torpedo Kutaisi";"0";"0";"2.4";"1.7";"1.9";"2.4";"4.2";"";"85";"65";"35";"20";"";"3.9";"1.8";"2.3";"2.2";"1.5"
"Grenada";"GRN";"Premier Division";"27-06-2026 19:00";"AWAITING_UPDATES";"Hurricanes";"";"";"St. David’s";"";"";"";"";"";"";"";"0";"";"";"";"";"0";"";"";"";"";""
"Grenada";"GRN";"Premier Division";"27-06-2026 20:00";"AWAITING_UPDATES";"St. Andrew's FL";"";"";"Hard Rock";"";"";"";"";"";"";"";"0";"";"";"";"";"0";"";"";"";"";""
"French Guiana";"GUF";"Régional 1";"27-06-2026 15:45";"CANCELLED";"Remire";"";"";"Matoury";"";"";"";"";"";"";"";"0";"";"";"";"";"0";"";"";"";"";""
"French Guiana";"GUF";"Régional 1";"27-06-2026 15:45";"CANCELLED";"Sinnamary";"";"";"Olympique Cayenne";"";"";"";"";"";"";"";"0";"";"";"";"";"0";"";"";"";"";""
"French Guiana";"GUF";"Régional 1";"27-06-2026 15:45";"CANCELLED";"CSC Cayenne";"";"";"Loyola";"";"";"";"";"";"";"";"0";"";"";"";"";"0";"";"";"";"";""
"French Guiana";"GUF";"Régional 1";"27-06-2026 15:45";"CANCELLED";"Aigles d'Or de Mana";"";"";"Agouado";"";"";"";"";"";"";"";"0";"";"";"";"";"0";"";"";"";"";""
"French Guiana";"GUF";"Régional 1";"27-06-2026 15:45";"CANCELLED";"Etoile Matoury";"";"";"Karib";"";"";"";"";"";"";"";"0";"";"";"";"";"0";"";"";"";"";""
"French Guiana";"GUF";"Régional 1";"27-06-2026 15:45";"CANCELLED";"Le Geldar";"";"";"Armire";"";"";"";"";"";"";"";"0";"";"";"";"";"0";"";"";"";"";""
"French Guiana";"GUF";"Régional 1";"27-06-2026 15:45";"CANCELLED";"Cosma";"";"";"Grand Santi";"";"";"";"";"";"";"";"0";"";"";"";"";"0";"";"";"";"";""
"Republic of Ireland";"IRL";"U20 National League";"27-06-2026 08:00";"FT";"UCD U20";"3";"1";"Drogheda United U20";"2";"0";"1.4";"1.3";"3";"1.2";"3.4";"3.6";"66";"46";"28";"10";"3.4";"3.2";"2.6";"1.2";"1.4";"1.2"
"Republic of Ireland";"IRL";"U20 National League";"27-06-2026 09:00";"FT";"Longford Town U20";"1";"0";"Klub Kildare U20";"0";"0";"1.8";"2";"1.4";"2.5";"3.8";"3.6";"70";"70";"35";"10";"3.4";"3.5";"1.4";"2.5";"1.6";"1.5"
"Republic of Ireland";"IRL";"U20 National League";"27-06-2026 10:00";"FT";"Derry City U20";"1";"1";"Dundalk U20";"0";"0";"1.8";"2.2";"1.7";"1.7";"3.6";"3.6";"47";"47";"47";"22";"3.4";"3.5";"1.7";"1.7";"1.7";"2"
"Republic of Ireland";"IRL";"U20 National League";"27-06-2026 10:00";"FT";"Shelbourne U20";"2";"3";"Cork City U20";"0";"0";"1.8";"3.5";"1.8";"1.8";"4.4";"3.6";"92";"75";"54";"12";"3.4";"4.4";"1.8";"1.8";"1.8";"3.2"
"Republic of Ireland";"IRL";"U20 National League";"27-06-2026 10:00";"AWAITING_UPDATES";"Finn Harps U20";"";"";"Mayo U20";"";"";"2.3";"1";"2.3";"1.7";"3.7";"3.6";"58";"58";"34";"8";"3.4";"3.6";"2.2";"1.7";"2.3";"1"
"Republic of Ireland";"IRL";"U20 National League";"27-06-2026 10:00";"AWAITING_UPDATES";"Waterford U20";"";"";"Galway United U20";"";"";"";"2.8";"";"1.4";"";"3.6";"";"";"";"";"3.4";"";"";"1.2";"";"2.8"
"Republic of Ireland";"IRL";"U20 National League";"27-06-2026 11:00";"AWAITING_UPDATES";"Shamrock Rovers U20";"";"";"St Patrick's U20";"";"";"2";"";"1";"";"";"3.6";"";"";"";"";"3.4";"";"1";"";"1.5";""
"Republic of Ireland";"IRL";"U20 National League";"27-06-2026 11:00";"AWAITING_UPDATES";"Bray Wanderers U20";"";"";"Bohemians U20";"";"";"1.3";"1.5";"1.7";"2.4";"3.4";"3.6";"64";"64";"19";"6";"3.4";"3";"1.3";"1.9";"1.3";"1.5"
"Republic of Ireland";"IRL";"U20 National League";"27-06-2026 12:00";"AWAITING_UPDATES";"Wexford U20";"";"";"Treaty United U20";"";"";"";"1.8";"";"1.8";"";"3.6";"";"";"";"";"3.4";"";"";"1.8";"";"1.5"
"Republic of Ireland";"IRL";"U20 National League";"27-06-2026 13:00";"AWAITING_UPDATES";"CK United U20";"";"";"Kerry FC U20";"";"";"";"1.5";"";"2.5";"";"3.6";"";"";"";"";"3.4";"";"";"2.5";"";"1.5"
"Iran";"IRN";"Azadegan League";"27-06-2026 11:15";"FT";"Shahrdari Noshahr";"1";"1";"Mes Kerman";"0";"1";"1.6";"2.4";"3.8";"2.4";"5.2";"4.6";"90";"73";"48";"34";"4.4";"4.8";"3.2";"2.4";"1.6";"2.4"
"Iran";"IRN";"Azadegan League";"27-06-2026 12:00";"FT";"Havadar";"4";"1";"Damash Gilanian";"3";"1";"2.8";"1.8";"2";"2";"4.3";"4.6";"62";"50";"50";"38";"4.4";"4.3";"2";"2";"2.8";"1.8"
"Iran";"IRN";"Azadegan League";"27-06-2026 13:00";"FT";"Mes Shahr-e Babak";"1";"0";"Niroye Zamini";"0";"0";"1.2";"1.5";"1.5";"2";"3.2";"4.6";"50";"44";"31";"31";"4.4";"3.2";"1.5";"2";"1.2";"1.5"
"Iran";"IRN";"Azadegan League";"27-06-2026 13:00";"FT";"Naft Gachsaran";"0";"3";"Nassaji Mazandaran";"0";"2";"2";"2";"1.5";"2.3";"3.9";"4.6";"75";"58";"50";"8";"4.4";"3.9";"1.5";"2.3";"2";"2"
"Iran";"IRN";"Azadegan League";"27-06-2026 13:00";"FT";"Naft Bandar Abbas";"0";"0";"Sanat Naft";"0";"0";"0.5";"1.5";"1.5";"1.5";"2.5";"4.6";"50";"25";"12";"0";"4.4";"2.5";"1.5";"1.5";"0.5";"1.5"
"Iran";"IRN";"Azadegan League";"27-06-2026 13:00";"FT";"Pars Jonoubi Jam";"2";"0";"Navad Urmia";"0";"0";"3.6";"2.3";"2";"0.7";"4.3";"4.6";"84";"66";"46";"20";"4.4";"4.2";"2";"0.7";"3.4";"2.3"
"Iran";"IRN";"Azadegan League";"27-06-2026 13:15";"FT";"Ario Eslamshahr";"2";"0";"Be'sat Kermanshah";"2";"0";"2.8";"";"1.8";"";"";"4.6";"";"";"";"";"4.4";"";"1.8";"";"2.4";""
"Iran";"IRN";"Azadegan League";"27-06-2026 13:15";"FT";"Fard Alborz";"2";"1";"Saipa";"1";"1";"1.2";"1.8";"2.5";"1.8";"3.6";"4.6";"62";"50";"38";"12";"4.4";"3.6";"2.5";"1.8";"1.2";"1.8"
"Iran";"IRN";"Azadegan League";"27-06-2026 13:45";"FT";"Kara Gostar";"1";"1";"Shenavarsazi Qeshm";"0";"0";"";"";"";"";"";"4.6";"";"";"";"";"4.4";"";"";"";"";""
"Iceland";"ISL";"Inkasso-Deildin";"27-06-2026 11:00";"FT";"Thróttur Reykjavík";"1";"1";"Vestri";"0";"1";"1.6";"1.9";"3.3";"1.6";"4.2";"3.9";"75";"65";"35";"30";"3.8";"4";"3.1";"1.6";"1.5";"1.8"
"Iceland";"ISL";"Inkasso-Deildin";"27-06-2026 12:00";"FT";"Völsungur";"2";"2";"Grótta";"1";"0";"2";"1.8";"1.7";"1.7";"3.6";"3.9";"75";"40";"25";"10";"3.8";"3.6";"1.7";"1.7";"2";"1.8"
"Iceland";"ISL";"2. Deild";"27-06-2026 11:00";"FT";"Kormákur / Hvöt";"4";"0";"Hvíti riddarinn";"2";"0";"2.8";"3.1";"1.8";"3";"5.4";"5.1";"78";"78";"61";"44";"4.8";"5";"1.7";"2.9";"2.7";"2.9"
"Iceland";"ISL";"2. Deild";"27-06-2026 11:00";"FT";"Dalvík / Reynir";"1";"0";"KFA";"0";"0";"2.4";"2.5";"4";"2.8";"5.8";"5.1";"88";"82";"76";"52";"4.8";"5.3";"3.7";"2.1";"2.4";"2.4"
"Iceland";"ISL";"2. Deild";"27-06-2026 11:00";"FT";"Víkingur Ólafsvík";"1";"0";"KFG";"0";"0";"1.8";"3";"1.8";"2.5";"4.5";"5.1";"75";"62";"50";"31";"4.8";"4.2";"1.8";"2.1";"1.8";"2.9"
"Iceland";"ISL";"2. Deild";"27-06-2026 13:00";"FT";"Kári";"1";"1";"Magni";"0";"0";"1.9";"3";"1.2";"2.1";"4.1";"5.1";"82";"75";"44";"19";"4.8";"4";"1.2";"2.1";"1.6";"2.9"
"Iceland";"ISL";"3. Deild";"27-06-2026 11:00";"FT";"Höttur";"1";"1";"KA Asvellir";"0";"0";"2.3";"2.3";"2";"2.3";"4.4";"4.3";"86";"86";"45";"22";"4.1";"4.2";"2";"2";"2.3";"2.1"
"Iceland";"ISL";"3. Deild";"27-06-2026 13:00";"FT";"KF";"2";"2";"Árbær";"1";"0";"3";"2.9";"1.8";"1.9";"4.8";"4.3";"84";"84";"46";"40";"4.1";"4.7";"1.8";"1.9";"3";"2.7"
"Iceland";"ISL";"U19 League";"27-06-2026 11:00";"FT";"FH / ÍH U19";"0";"3";"KA / D / KF / Hamrar U19";"0";"3";"2";"";"2";"";"";"";"";"";"";"";"";"";"1.5";"";"2";""
"Iceland";"ISL";"U19 League B";"27-06-2026 11:00";"AWAITING_UPDATES";"Víkingur / BF108 U19";"";"";"Stjarnan / KFG U19";"";"";"";"1";"";"1.5";"";"6";"";"";"";"";"5.7";"";"";"1.5";"";"1"
"Iceland";"ISL";"U19 League B";"27-06-2026 16:00";"AWAITING_UPDATES";"Haukar / KÁ U19";"";"";"KA/D/KF/Hö/H U19 II";"";"";"";"";"";"";"";"6";"";"";"";"";"5.7";"";"";"";"";""
"Iceland";"ISL";"U19 League C";"27-06-2026 11:00";"AWAITING_UPDATES";"Valur / KH / Fálkar U19";"";"";"Aftur / Hvíti / Ál U19";"";"";"";"";"";"";"";"0";"";"";"";"";"0";"";"";"";"";""
"Japan";"JPN";"Nadeshiko League 1";"27-06-2026 01:00";"FT";"Iga Kunoichi W";"0";"0";"Viamaterras Miyazaki W";"0";"0";"0.4";"0.3";"0.2";"0.1";"0.6";"0.5";"0";"0";"0";"0";"0.5";"0.6";"0.2";"0.1";"0.4";"0.3"
"Japan";"JPN";"Nadeshiko League 1";"27-06-2026 04:00";"FT";"Nittaidai W";"0";"1";"Kamogawa W";"0";"0";"0";"0.1";"0.1";"0.2";"0.2";"0.5";"0";"0";"0";"0";"0.5";"0.2";"0.1";"0.2";"0";"0.1"
"Japan";"JPN";"Nadeshiko League 1";"27-06-2026 04:00";"DELAYED";"Setagaya Sfida W";"0";"0";"Yokohama W";"0";"0";"0.4";"0.3";"0.4";"0.4";"0.8";"0.5";"0";"0";"0";"0";"0.5";"0.8";"0.4";"0.4";"0.4";"0.3"
"Japan";"JPN";"Nadeshiko League 2";"27-06-2026 00:00";"DELAYED";"Nankatsu W";"0";"0";"Diosa Izumo W";"0";"0";"0.1";"0";"0.4";"0.2";"0.4";"0.6";"0";"0";"0";"0";"0.6";"0.4";"0.4";"0.2";"0.1";"0"
"Japan";"JPN";"Nadeshiko League 2";"27-06-2026 01:00";"FT";"Speranza W";"1";"0";"Yamato Sylphid W";"1";"0";"0.5";"0.1";"0.5";"0.2";"0.7";"0.6";"0";"0";"0";"0";"0.6";"0.7";"0.5";"0.2";"0.5";"0.1"
"Japan";"JPN";"Nadeshiko League 2";"27-06-2026 23:00";"FT";"JFA Academy W";"2";"0";"Veertien Mie W";"2";"0";"0";"0.3";"0.2";"0";"0.2";"0.6";"0";"0";"0";"0";"0.6";"0.2";"0.2";"0";"0";"0.3"
"Japan";"JPN";"Regional Leagues: Kyushu";"27-06-2026 00:15";"FT";"Atletico Celeste";"2";"3";"Nobeoka";"0";"0";"0";"0.5";"0.5";"3";"2";"2";"25";"25";"25";"0";"1.9";"2";"0.5";"3";"0";"0.5"
"Japan";"JPN";"Regional Leagues: Kyushu";"27-06-2026 01:15";"FT";"Miyakonojo";"1";"7";"Veroskronos Tsuno";"0";"4";"0.8";"1.2";"1";"1.2";"2.1";"2";"40";"0";"0";"0";"1.9";"2.1";"1";"1.2";"0.8";"1.2"
"Japan";"JPN";"Regional Leagues: Kyushu";"27-06-2026 03:30";"FT";"NIFS Kanoya FC";"0";"1";"KMG Holdings";"0";"1";"0.8";"0.9";"0.3";"1.4";"1.7";"2";"12";"6";"6";"6";"1.9";"1.6";"0.3";"1.2";"0.8";"0.9"
"Japan";"JPN";"Regional Leagues: Kyushu";"27-06-2026 22:00";"FT";"NIFS Kanoya FC";"2";"1";"Miyakonojo";"1";"1";"0.7";"1.3";"0.8";"1";"1.9";"2";"34";"17";"8";"0";"1.9";"1.8";"0.7";"1";"0.7";"1.3"
"Japan";"JPN";"Regional Leagues: Kyushu";"27-06-2026 23:00";"FT";"Heavy Industries";"0";"1";"Brew Saga";"0";"0";"2.2";"1.2";"0.4";"0.8";"2.3";"2";"28";"28";"18";"8";"1.9";"2";"0.4";"0.7";"2";"1"
"Japan";"JPN";"Regional Leagues: Chugoku";"27-06-2026 23:00";"FT";"Mizushima";"0";"3";"Fukuyama City";"0";"2";"1.5";"1";"0.7";"1.3";"2.2";"";"33";"25";"25";"8";"";"2.2";"0.7";"1.3";"1.5";"1"
"Japan";"JPN";"Regional Leagues: Kanto";"27-06-2026 02:00";"POSTPONED";"Shibuya City";"";"";"Nihon University";"";"";"";"";"";"";"";"0";"";"";"";"";"0";"";"";"";"";""
"Japan";"JPN";"Regional Leagues: Kanto";"27-06-2026 05:30";"POSTPONED";"Toho Titanium";"";"";"Tokyo United";"";"";"";"";"";"";"";"0";"";"";"";"";"0";"";"";"";"";""
"Japan";"JPN";"Regional Leagues: Kanto";"27-06-2026 06:00";"POSTPONED";"Aries Toshima";"";"";"Toin Yokohama UFC";"";"";"";"";"";"";"";"0";"";"";"";"";"0";"";"";"";"";""
"Japan";"JPN";"Regional Leagues: Kansai";"27-06-2026 03:00";"FT";"Ococias Kyoto";"1";"1";"Asuka FC";"1";"1";"1.5";"1.7";"3.5";"1.4";"4";"";"86";"78";"25";"25";"";"3.6";"2.5";"1.4";"1.5";"1.7"
"Japan";"JPN";"Regional Leagues: Kansai";"27-06-2026 06:00";"FT";"Laranja Kyoto";"0";"5";"Cento Cuore Harima";"0";"2";"2";"0.8";"0.8";"2.5";"3";"";"38";"38";"25";"12";"";"2.7";"0.8";"2.5";"1.5";"0.8"
"Japan";"JPN";"Regional Leagues: Tokai";"27-06-2026 22:30";"AWAITING_UPDATES";"Sapporo FC";"";"";"ASC Hokkaido";"";"";"";"";"";"";"";"3.2";"";"";"";"";"3.2";"";"";"";"";""
"Japan";"JPN";"Regional Leagues: Tokai";"27-06-2026 23:00";"AWAITING_UPDATES";"Hokkaido University";"";"";"Norbritz Hokkaido";"";"";"";"";"";"";"";"3.2";"";"";"";"";"3.2";"";"";"";"";""
"Kazakhstan";"KAZ";"Premier League";"27-06-2026 09:00";"FT";"Okzhetpes";"1";"3";"Kairat";"1";"1";"1.8";"2.8";"2.6";"3.1";"5.2";"4.6";"95";"75";"60";"45";"4.4";"4.8";"2.3";"3";"1.8";"2.6"
"Kazakhstan";"KAZ";"Premier League";"27-06-2026 10:00";"FT";"Zhetysu";"1";"0";"Aktobe";"1";"0";"2.8";"3.4";"2.4";"2.4";"5.5";"4.6";"95";"80";"70";"55";"4.4";"5.3";"2.3";"2.3";"2.6";"3.4"
"Kazakhstan";"KAZ";"Premier League";"27-06-2026 11:00";"FT";"Yelimay Semey";"2";"0";"Kyzyl-Zhar";"0";"0";"2.6";"3.4";"2.5";"2.1";"5.3";"4.6";"90";"80";"60";"40";"4.4";"5.1";"2.5";"2.1";"2.5";"3.1"
"Kazakhstan";"KAZ";"Premier League";"27-06-2026 12:00";"FT";"Kaspiy";"2";"0";"Atyrau";"2";"0";"3";"2.1";"2";"2.2";"4.6";"4.6";"85";"70";"50";"35";"4.4";"4.4";"1.8";"2.1";"2.9";"2"
"South Korea";"KOR";"K3 League";"27-06-2026 04:00";"FT";"Changwon City";"2";"2";"Yeoju Sejong";"1";"0";"2";"2.5";"1.6";"2.3";"4.2";"3.9";"76";"49";"32";"32";"3.7";"4.1";"1.6";"2.1";"2";"2.5"
"South Korea";"KOR";"K3 League";"27-06-2026 04:00";"FT";"Siheung Citizen";"1";"1";"Jeonbuk Motors II";"0";"0";"2.3";"1.5";"1.7";"1.6";"3.6";"3.9";"65";"40";"35";"15";"3.7";"3.4";"1.5";"1.6";"2.3";"1.3"
"South Korea";"KOR";"K3 League";"27-06-2026 07:00";"FT";"Ulsan Citize";"4";"1";"Mokpo City";"1";"0";"1.9";"1.5";"1.8";"1.9";"3.6";"3.9";"70";"45";"30";"10";"3.7";"3.4";"1.7";"1.9";"1.8";"1.4"
"South Korea";"KOR";"K3 League";"27-06-2026 07:00";"FT";"Chuncheon";"3";"3";"Yangpyeong";"1";"0";"1.8";"3";"2";"2.6";"4.7";"3.9";"75";"65";"50";"40";"3.7";"4.6";"2";"2.6";"1.7";"2.8"
"South Korea";"KOR";"K4 League";"27-06-2026 04:00";"FT";"Jinju Citizen";"1";"0";"Seosan Pioneer";"0";"0";"1.6";"1.7";"2.3";"1.8";"3.7";"3.7";"65";"45";"30";"15";"3.6";"3.6";"2.3";"1.7";"1.5";"1.7"
"South Korea";"KOR";"K4 League";"27-06-2026 06:00";"FT";"Haman";"1";"3";"Geumsan Insam";"1";"0";"1.9";"1.8";"1.9";"2.3";"4";"3.7";"85";"45";"35";"25";"3.6";"3.8";"1.8";"2.2";"1.9";"1.8"
"South Korea";"KOR";"K4 League";"27-06-2026 07:00";"FT";"Pyeongtaek Citizen";"1";"1";"Jungnang Chorus Mustang";"1";"0";"2.6";"2.2";"3";"1.1";"4.4";"3.7";"84";"72";"50";"22";"3.6";"4.2";"3";"1.1";"2.3";"2"
"Lithuania";"LTU";"1. Lyga";"27-06-2026 09:00";"FT";"Hegelmann II";"2";"1";"Jonava";"0";"0";"1.7";"1.4";"1.3";"2";"3.2";"3.6";"65";"50";"25";"10";"3.5";"3";"1.3";"2";"1.5";"1.3"
"Lithuania";"LTU";"1. Lyga";"27-06-2026 10:00";"FT";"Dainava";"1";"0";"Neptūną Klaipėda";"1";"0";"2";"2.7";"2";"2";"4.4";"3.6";"70";"55";"40";"25";"3.5";"4.1";"1.9";"1.8";"1.9";"2.6"
"Lithuania";"LTU";"1. Lyga";"27-06-2026 10:00";"FT";"Ekranas";"1";"2";"Atmosfera";"1";"2";"2.3";"2.4";"2.4";"1.9";"4.6";"3.6";"80";"64";"37";"26";"3.5";"4.2";"2.1";"1.8";"2.2";"2.3"
"Lithuania";"LTU";"1. Lyga";"27-06-2026 10:00";"FT";"TransINVEST Vilnius II";"0";"1";"Tauras";"0";"0";"1";"2";"1.7";"2";"3.4";"3.6";"70";"55";"30";"5";"3.5";"3.2";"1.6";"2";"0.8";"2"
"Lithuania";"LTU";"1. Lyga";"27-06-2026 12:00";"FT";"FA Šiauliai II";"0";"1";"Babrungas";"0";"1";"1.4";"1.3";"0.8";"2.3";"2.9";"3.6";"40";"30";"20";"5";"3.5";"2.8";"0.8";"2.3";"1.4";"1.2"
"Latvia";"LVA";"First Liga";"27-06-2026 09:00";"FT";"Super Nova II";"3";"1";"Tukums II";"2";"0";"2.1";"1.1";"2.3";"1";"3.2";"4.4";"61";"39";"28";"16";"4.2";"3.2";"2.3";"1";"2.1";"1.1"
"Latvia";"LVA";"First Liga";"27-06-2026 11:00";"FT";"Rīgas FS II";"1";"3";"Riga FC II";"1";"1";"2";"2.9";"2.5";"2.4";"4.9";"4.4";"80";"74";"53";"42";"4.2";"4.7";"2.4";"2.4";"2";"2.6"
"Latvia";"LVA";"First Liga";"27-06-2026 12:00";"FT";"Rēzekne / BJSS";"2";"4";"JDFS Alberts";"1";"2";"1.7";"2.3";"1";"1.6";"3.3";"4.4";"62";"36";"31";"16";"4.2";"3.2";"1";"1.6";"1.6";"2.2"
"Latvia";"LVA";"First Liga";"27-06-2026 13:00";"FT";"Beitar / Riga Mariners";"2";"0";"Mārupe";"1";"0";"2.5";"2.4";"2.5";"2.3";"4.8";"4.4";"80";"66";"52";"40";"4.2";"4.4";"2.4";"1.9";"2.5";"2.1"
"Macau";"MAC";"Primeira Division";"27-06-2026 08:00";"FT";"Artilheiros";"1";"10";"CPK";"0";"6";"1.8";"1.9";"1.8";"1.1";"3.3";"3.9";"64";"54";"16";"16";"3.7";"3";"1.8";"0.9";"1.8";"1.6"
"Macau";"MAC";"Primeira Division";"27-06-2026 10:00";"FT";"Cheng Fung";"1";"4";"Jia Hua";"0";"1";"1.7";"2.3";"3";"2";"4.5";"3.9";"85";"80";"45";"25";"3.7";"4";"2.6";"1.8";"1.7";"2"
"Madagascar";"MAD";"Pro League";"27-06-2026 21:00";"AWAITING_UPDATES";"Ajesaia";"";"";"CFFA";"";"";"";"";"";"";"";"0";"";"";"";"";"0";"";"";"";"";""
"Moldova";"MDA";"Super Liga";"27-06-2026 12:00";"FT";"CSF Bălți";"3";"0";"FC Politehnica";"2";"0";"2.2";"1.7";"1.9";"1.2";"3.4";"";"76";"38";"25";"15";"";"3.4";"1.9";"1.2";"2";"1.7"
"Moldova";"MDA";"Super Liga";"27-06-2026 14:00";"FT";"Milsami";"0";"0";"Zimbru";"0";"0";"2.3";"1.5";"1.9";"2.1";"3.9";"";"70";"55";"35";"35";"";"3.9";"1.9";"2.1";"2.3";"1.5"
"Mongolia";"MNG";"Premier League";"27-06-2026 05:00";"FT";"Deren";"0";"2";"Ulaanbaatar";"0";"1";"1";"1.9";"1.2";"1.5";"2.8";"3.5";"45";"35";"20";"15";"3.4";"2.6";"1";"1.3";"1";"1.9"
"Mongolia";"MNG";"Premier League";"27-06-2026 08:00";"FT";"Central Stallions";"2";"2";"Khangarid";"2";"0";"1.9";"1.9";"1.2";"2.8";"3.9";"3.5";"70";"55";"45";"30";"3.4";"3.7";"1.2";"2.7";"1.8";"1.7"
"Mozambique";"MOZ";"Mocambola";"27-06-2026 09:45";"FT";"Sofala";"0";"0";"Ferroviário Nacala";"0";"0";"1.8";"";"1";"";"";"4.5";"";"";"";"";"4.3";"";"1";"";"1.8";""
"Malawi";"MWI";"Super League";"27-06-2026 09:30";"FT";"Mitundu Baptist";"3";"2";"Blue eagles Malawi";"1";"0";"0.8";"2";"1";"1";"2.4";"2.7";"54";"25";"0";"0";"2.6";"2.3";"0.8";"1";"0.8";"2"
"Malawi";"MWI";"Super League";"27-06-2026 09:30";"FT";"Chitipa United";"2";"1";"Kamuzu Barracks";"0";"0";"1.1";"1.6";"1.5";"1.1";"2.7";"2.7";"40";"34";"20";"0";"2.6";"2.5";"1.5";"1.1";"1.1";"1.3"
"New Caledonia";"NCL";"Super Ligue";"27-06-2026 01:00";"POSTPONED";"Gaïca";"";"";"Magenta";"";"";"";"";"";"";"";"0";"";"";"";"";"0";"";"";"";"";""
"New Caledonia";"NCL";"Super Ligue";"27-06-2026 01:00";"POSTPONED";"AS Mont-Dore";"";"";"Lössi";"";"";"";"";"";"";"";"0";"";"";"";"";"0";"";"";"";"";""
"New Caledonia";"NCL";"Super Ligue";"27-06-2026 01:00";"POSTPONED";"Hienghene Sport";"";"";"Kunié";"";"";"";"";"";"";"";"0";"";"";"";"";"0";"";"";"";"";""
"New Caledonia";"NCL";"Super Ligue";"27-06-2026 03:30";"POSTPONED";"Ne Drehu";"";"";"Horizon Patho";"";"";"";"";"";"";"";"0";"";"";"";"";"0";"";"";"";"";""
"Norway";"NOR";"1. Division";"27-06-2026 11:00";"FT";"Åsane";"3";"0";"Ranheim";"0";"0";"2.6";"1.3";"1.8";"1.8";"3.8";"3.4";"75";"55";"30";"10";"3.3";"3.6";"1.7";"1.8";"2.5";"1.2"
"Norway";"NOR";"1. Division";"27-06-2026 11:00";"FT";"Strømmen";"3";"2";"Moss";"2";"1";"1.6";"2";"1.1";"1.4";"3";"3.4";"60";"40";"20";"10";"3.3";"3";"1.1";"1.4";"1.6";"2"
"Norway";"NOR";"1. Division";"27-06-2026 11:00";"FT";"Stabæk";"2";"0";"Bryne";"2";"0";"2";"2.7";"2.2";"1.7";"4.3";"3.4";"85";"65";"45";"20";"3.3";"4.3";"2.2";"1.7";"2";"2.7"
"Norway";"NOR";"1. Division";"27-06-2026 11:00";"FT";"Sandnes Ulf";"3";"0";"Raufoss";"0";"0";"2.2";"1.4";"1.9";"0.7";"3.1";"3.4";"60";"35";"25";"15";"3.3";"3";"1.9";"0.7";"2.1";"1.4"
"Norway";"NOR";"1. Division";"27-06-2026 11:00";"FT";"Lyn";"1";"4";"Hødd";"1";"2";"1";"1.8";"1.6";"2.2";"3.3";"3.4";"75";"55";"15";"5";"3.3";"3.2";"1.6";"2.1";"1";"1.8"
"Norway";"NOR";"1. Division";"27-06-2026 11:00";"FT";"Haugesund";"4";"2";"Kongsvinger";"3";"2";"1.4";"1.3";"2.1";"1.6";"3.2";"3.4";"65";"25";"20";"5";"3.3";"3.2";"2.1";"1.6";"1.4";"1.3"
"Norway";"NOR";"1. Division";"27-06-2026 13:00";"FT";"Strømsgodset";"2";"2";"Odd";"1";"1";"0.9";"1.5";"1.6";"1.8";"2.9";"3.4";"55";"35";"10";"0";"3.3";"2.8";"1.5";"1.8";"0.9";"1.5"
"Norway";"NOR";"1. Division";"27-06-2026 15:00";"FT";"Sogndal";"4";"2";"Egersund";"3";"1";"1.9";"1.7";"2";"1.3";"3.4";"3.4";"75";"50";"30";"5";"3.3";"3.4";"2";"1.3";"1.9";"1.7"
"Norway";"NOR";"2. Division - Group 1";"27-06-2026 07:00";"FT";"Træff";"3";"1";"Eik Tønsberg";"2";"1";"2.4";"1.9";"1.7";"2";"4";"3.5";"75";"60";"35";"20";"3.4";"4";"1.7";"2";"2.3";"1.9"
"Norway";"NOR";"2. Division - Group 1";"27-06-2026 08:00";"FT";"Vidar";"2";"4";"Kvik Halden";"1";"0";"1.7";"1.3";"2.4";"2.1";"3.8";"3.5";"85";"52";"26";"16";"3.4";"3.7";"2.4";"2.1";"1.6";"1.3"
"Norway";"NOR";"2. Division - Group 1";"27-06-2026 08:00";"FT";"Lysekloster";"1";"1";"Brattvåg";"0";"0";"2";"1.6";"2.1";"2.3";"4";"3.5";"74";"54";"48";"20";"3.4";"3.8";"2";"2.2";"1.8";"1.6"
"Norway";"NOR";"2. Division - Group 1";"27-06-2026 08:30";"FT";"Mjøndalen";"1";"0";"Bjarg";"1";"0";"2.1";"2.3";"2.5";"2";"4.4";"3.5";"90";"75";"45";"20";"3.4";"4.2";"2.3";"1.8";"1.9";"2.3"
"Norway";"NOR";"2. Division - Group 1";"27-06-2026 10:00";"FT";"Pors Grenland";"2";"4";"Arendal";"1";"1";"1.4";"1.5";"0.9";"1.5";"2.6";"3.5";"45";"30";"10";"0";"3.4";"2.6";"0.9";"1.5";"1.4";"1.5"
"Norway";"NOR";"2. Division - Group 1";"27-06-2026 10:00";"FT";"Sandviken";"0";"4";"Notodden";"0";"2";"2.2";"2.1";"1.4";"1.8";"3.8";"3.5";"75";"45";"30";"20";"3.4";"3.7";"1.4";"1.8";"2.1";"2.1"
"Norway";"NOR";"2. Division: Group 2";"27-06-2026 08:00";"FT";"Ullensaker / Kisa";"1";"3";"Rana";"0";"2";"1.8";"2.4";"1.5";"2";"3.8";"3.9";"58";"42";"26";"21";"3.7";"3.6";"1.5";"1.8";"1.7";"2.2"
"Norway";"NOR";"2. Division: Group 2";"27-06-2026 09:00";"FT";"Lørenskog";"1";"0";"Grorud";"1";"0";"2.3";"2.1";"2";"1.9";"4.2";"3.9";"90";"55";"35";"30";"3.7";"4.1";"2";"1.8";"2.3";"2.1"
"Norway";"NOR";"2. Division: Group 2";"27-06-2026 09:00";"FT";"Kjelsås";"1";"3";"Hønefoss";"1";"1";"1.1";"1.7";"2.5";"1.3";"3.3";"3.9";"57";"47";"26";"10";"3.7";"3.3";"2.5";"1.3";"1.1";"1.7"
"Norway";"NOR";"3. Division - Group 1";"27-06-2026 08:00";"FT";"Grei";"1";"5";"Nordstrand";"1";"3";"2.1";"1.7";"2.2";"1.6";"3.8";"4";"85";"50";"34";"12";"3.8";"3.8";"2.1";"1.6";"2.1";"1.7"
"Norway";"NOR";"3. Division - Group 1";"27-06-2026 09:00";"FT";"Frigg";"1";"1";"Bærum";"1";"0";"1.6";"1.9";"1.4";"1.6";"3.2";"4";"63";"48";"16";"16";"3.8";"3";"1.3";"1.3";"1.6";"1.7"
"Norway";"NOR";"3. Division - Group 1";"27-06-2026 09:00";"FT";"Asker";"3";"2";"Ullern";"0";"1";"1";"2.3";"2.7";"1.8";"3.9";"4";"84";"63";"31";"16";"3.8";"3.7";"2.6";"1.8";"1";"2"
"Norway";"NOR";"3. Division - Group 2";"27-06-2026 08:00";"FT";"Kvik Trondheim";"0";"2";"Volda";"0";"1";"2.7";"1.6";"1.2";"2";"3.8";"3.8";"74";"74";"22";"11";"3.6";"3.6";"1.2";"1.8";"2.7";"1.6"
"Norway";"NOR";"3. Division - Group 2";"27-06-2026 10:00";"FT";"Orkla";"3";"5";"Molde II";"1";"2";"1.5";"1.6";"1.3";"1.6";"3";"3.8";"74";"46";"18";"0";"3.6";"3";"1.3";"1.6";"1.5";"1.6"
"Norway";"NOR";"3. Division - Group 2";"27-06-2026 10:00";"FT";"Rosenborg II";"2";"1";"Spjelkavik";"0";"0";"1.2";"1.6";"2.2";"1.9";"3.4";"3.8";"68";"50";"20";"12";"3.6";"3.2";"2.2";"1.7";"1.1";"1.4"
"Norway";"NOR";"3. Division - Group 2";"27-06-2026 10:00";"FT";"Herd";"2";"2";"NTNUI";"0";"2";"2.8";"1.6";"2.4";"2.5";"4.6";"3.8";"84";"61";"42";"32";"3.6";"4.3";"1.8";"2.4";"2.8";"1.6"
"Norway";"NOR";"3. Division - Group 2";"27-06-2026 10:00";"FT";"Ranheim II";"5";"3";"Nardo";"2";"3";"1";"2.1";"2.3";"1";"3.2";"3.8";"55";"44";"26";"14";"3.6";"3";"2.3";"1";"0.9";"2"
"Norway";"NOR";"3. Division - Group 2";"27-06-2026 12:00";"FT";"Byåsen";"2";"1";"Aalesund II";"1";"1";"2.1";"2.2";"2";"1";"3.6";"3.8";"56";"44";"25";"18";"3.6";"3.4";"1.9";"1";"1.9";"2.1"
"Norway";"NOR";"3. Division - Group 3";"27-06-2026 07:00";"FT";"Sogndal II";"0";"2";"Stord";"0";"0";"0.3";"1.7";"1.7";"1.7";"2.6";"3.3";"50";"16";"16";"0";"3.3";"2.6";"1.7";"1.7";"0.3";"1.7"
"Norway";"NOR";"3. Division - Group 3";"27-06-2026 08:00";"FT";"Brann II";"3";"2";"Fana";"3";"0";"1.2";"1.8";"1.2";"1.8";"3";"3.3";"62";"38";"25";"12";"3.3";"3";"1.2";"1.8";"1.2";"1.8"
"Norway";"NOR";"3. Division - Group 3";"27-06-2026 09:00";"FT";"Djerv";"6";"2";"Gneist";"3";"0";"2";"1.5";"2.2";"1.5";"3.6";"3.3";"68";"42";"32";"32";"3.3";"3.6";"2.2";"1.5";"2";"1.5"
"Norway";"NOR";"3. Division - Group 3";"27-06-2026 10:00";"FT";"Askøy";"2";"0";"Forde";"1";"0";"1";"2";"0";"2.7";"2.8";"3.3";"34";"34";"34";"34";"3.3";"2.8";"0";"2.7";"1";"2"
"Norway";"NOR";"3. Division - Group 4";"27-06-2026 10:00";"FT";"Madla";"2";"2";"Mandalskameratene";"0";"0";"1.6";"1";"1";"1.3";"2.4";"3.2";"45";"28";"0";"0";"3.1";"2.4";"1";"1.3";"1.6";"0.8"
"Norway";"NOR";"3. Division - Group 5";"27-06-2026 07:00";"FT";"Fauske / Sprint";"3";"1";"Fløya";"2";"0";"0.8";"0.5";"3";"3";"3.6";"3.3";"62";"50";"38";"12";"2.9";"3";"2";"2.8";"0.8";"0.5"
"Norway";"NOR";"3. Division - Group 5";"27-06-2026 11:00";"FT";"Ulfstind";"1";"1";"Harstad";"1";"0";"3";"2.3";"1.7";"1.3";"4.2";"3.3";"100";"67";"34";"16";"2.9";"4.2";"1.7";"1.3";"3";"2.3"
"Norway";"NOR";"3. Division - Group 5";"27-06-2026 11:00";"FT";"Bossekop";"0";"2";"Kongsvinger II";"0";"2";"0.7";"1.4";"0.7";"0.4";"1.6";"3.3";"10";"10";"0";"0";"2.9";"1.2";"0.3";"0.4";"0.3";"1.2"
"Norway";"NOR";"3. Division - Group 6";"27-06-2026 09:00";"FT";"Oppsal";"3";"1";"Raelingen";"1";"0";"1.2";"1.6";"1.8";"1.8";"3.2";"3.7";"71";"36";"24";"6";"3.6";"3";"1.6";"1.8";"1.1";"1.6"
"Norway";"NOR";"3. Division - Group 6";"27-06-2026 09:00";"FT";"Lillehammer";"2";"2";"Elverum";"1";"2";"1.5";"1.8";"2.2";"1.8";"3.6";"3.7";"62";"50";"38";"25";"3.6";"3.5";"2.2";"1.8";"1.5";"1.5"
"Norway";"NOR";"3. Division - Group 6";"27-06-2026 09:00";"FT";"Ørn Horten";"4";"3";"Sandefjord II";"1";"2";"2";"1.6";"2";"1.7";"3.6";"3.7";"73";"60";"30";"20";"3.6";"3.6";"2";"1.6";"2";"1.6"
"Norway";"NOR";"3. Division - Group 6";"27-06-2026 10:00";"FT";"Fram";"1";"1";"Drøbak / Frogn";"0";"0";"2.2";"1.5";"1.3";"1";"3";"3.7";"58";"25";"17";"8";"3.6";"3";"1.3";"1";"2.2";"1.5"
"New Zealand";"NZL";"National League";"27-06-2026 00:00";"FT";"Auckland United";"3";"0";"Melville United";"2";"0";"2.1";"3";"1.4";"1.2";"3.9";"3.1";"78";"44";"28";"16";"3";"3.6";"1.3";"1.2";"1.9";"2.7"
"New Zealand";"NZL";"National League";"27-06-2026 00:00";"FT";"Eastern Suburbs";"1";"1";"Birkenhead United";"0";"0";"1.1";"2";"1.8";"2";"3.4";"3.1";"60";"50";"25";"10";"3";"3.4";"1.8";"1.9";"1.1";"2"
"New Zealand";"NZL";"National League";"27-06-2026 04:30";"FT";"Auckland II";"3";"2";"Manukau United";"2";"1";"1.7";"1.1";"2.6";"0.8";"3";"3.1";"39";"34";"28";"11";"3";"2.9";"2.4";"0.8";"1.6";"1"
"New Zealand";"NZL";"National League";"27-06-2026 20:00";"FT";"FC Western";"1";"1";"Western Suburbs";"0";"1";"1.1";"1.6";"0.9";"1.7";"2.6";"3.1";"53";"34";"11";"11";"3";"2.6";"0.9";"1.7";"1.1";"1.6"
"New Zealand";"NZL";"National League";"27-06-2026 21:45";"FT";"South City Royals";"1";"4";"Nelson Suburbs";"0";"4";"1.3";"1.9";"0.7";"1.4";"2.6";"3.1";"56";"25";"6";"6";"3";"2.5";"0.7";"1.4";"1.3";"1.6"
"New Zealand";"NZL";"National League";"27-06-2026 23:00";"FT";"Napier City Rovers";"3";"2";"Wellington Olympic";"1";"1";"1.6";"0.9";"1.4";"1.2";"2.6";"3.1";"51";"34";"18";"11";"3";"2.6";"1.4";"1.2";"1.6";"0.9"
"Paraguay";"PAR";"Division Intermedia";"27-06-2026 10:00";"FT";"Tacuary";"4";"2";"Atlético Tembetary";"1";"1";"3.4";"2.7";"2.6";"3.6";"6.2";"5.7";"95";"90";"80";"65";"5.4";"5.7";"2.3";"3.2";"3.3";"2.6"
"Paraguay";"PAR";"Division Intermedia";"27-06-2026 15:30";"FT";"Deportivo Capiatá";"5";"2";"Sportivo Carapeguá";"2";"1";"3.1";"2.5";"2.8";"2.4";"5.4";"5.7";"90";"80";"70";"40";"5.4";"5.2";"2.8";"2.4";"2.9";"2.4"
"Paraguay";"PAR";"Division Intermedia";"27-06-2026 18:00";"FT";"General Caballero JLM";"2";"3";"Fernando de la Mora";"0";"1";"2.6";"3.1";"2.9";"3.4";"6";"5.7";"85";"85";"75";"65";"5.4";"5.8";"2.9";"3.2";"2.5";"2.9"
"Paraguay";"PAR";"Campeonato Femenino";"27-06-2026 16:30";"FT";"Olimpia W";"7";"0";"Sportivo Luqueño W";"0";"0";"1.8";"2.3";"1.5";"2.2";"4";"3.9";"74";"58";"27";"22";"3.7";"3.7";"1.5";"1.9";"1.7";"2.3"
"Paraguay";"PAR";"Campeonato Femenino";"27-06-2026 18:30";"FT";"Club Libertad W";"3";"1";"Nacional / Humaitá W";"2";"0";"1.6";"2.1";"1.9";"2.1";"3.8";"3.9";"72";"56";"33";"16";"3.7";"3.7";"1.9";"2";"1.6";"2"
"Paraguay";"PAR";"Campeonato Femenino";"27-06-2026 20:30";"FT";"Guaraní W";"1";"0";"Deportivo Recoleta W";"1";"0";"2.2";"2.4";"1.3";"0.6";"3.3";"3.9";"68";"44";"38";"7";"3.7";"3.2";"1.3";"0.6";"2.2";"2.3"
"Russia";"RUS";"FNL 2 - Group 1";"27-06-2026 11:00";"FT";"Sevastopol";"1";"0";"Angusht";"1";"0";"1";"2.2";"2.2";"1.8";"3.6";"3.9";"71";"52";"28";"14";"3.8";"3.3";"2.2";"1.8";"0.9";"1.7"
"Russia";"RUS";"FNL 2 - Group 1";"27-06-2026 11:00";"FT";"Kyzyltash";"3";"2";"Druzhba";"0";"1";"2";"1.2";"2";"1.6";"3.4";"3.9";"71";"53";"24";"6";"3.8";"3.2";"1.8";"1.6";"2";"1.1"
"Russia";"RUS";"FNL 2 - Group 1";"27-06-2026 11:00";"FT";"Rubin Yalta";"1";"2";"Nart Cherkessk";"0";"1";"1.6";"1.3";"2.6";"1.3";"3.4";"3.9";"73";"56";"26";"16";"3.8";"3.4";"2.4";"1.3";"1.6";"1.3"
"Russia";"RUS";"FNL 2 - Group 1";"27-06-2026 11:00";"FT";"Zarya Lugansk";"1";"2";"Pobeda";"1";"0";"1.9";"2.1";"1.5";"1.8";"3.6";"3.9";"70";"53";"29";"24";"3.8";"3.6";"1.4";"1.8";"1.9";"2.1"
"Russia";"RUS";"FNL 2 - Group 1";"27-06-2026 11:00";"FT";"Shakhter Donetsk";"3";"0";"Neftyanik Ufa";"3";"0";"2";"1.9";"2";"2.1";"4";"3.9";"84";"72";"50";"22";"3.8";"3.8";"2";"1.9";"2";"1.8"
"Russia";"RUS";"FNL 2 - Group 1";"27-06-2026 12:00";"FT";"Rostov II";"2";"0";"Astrakhan";"2";"0";"1.9";"1.6";"2.4";"2.3";"4.1";"3.9";"72";"62";"38";"33";"3.8";"4";"2.3";"2.1";"1.9";"1.6"
"Russia";"RUS";"FNL 2 - Group 1";"27-06-2026 12:00";"FT";"Chayka II";"3";"0";"Dinamo Makhachkala 2";"3";"0";"1.8";"2.1";"0.7";"1.7";"3.1";"3.9";"61";"50";"22";"11";"3.8";"3";"0.7";"1.7";"1.8";"1.9"
"Russia";"RUS";"FNL 2 - Group 3";"27-06-2026 01:00";"FT";"SKA-Energiya II";"3";"2";"Rotor-2";"1";"0";"2.1";"2.1";"2";"1.5";"3.8";"4";"74";"64";"47";"26";"3.9";"3.8";"2";"1.5";"2.1";"2.1"
"Russia";"RUS";"FNL 2 - Group 3";"27-06-2026 07:00";"FT";"Avangard Kursk";"6";"3";"Saturn Ramenskoye";"2";"0";"2.6";"2.7";"1.7";"2.7";"4.8";"4";"84";"68";"52";"37";"3.9";"4.6";"1.6";"2.4";"2.6";"2.6"
"Russia";"RUS";"FNL 2 - Group 3";"27-06-2026 10:00";"FT";"Metallurg Lipetsk";"3";"2";"Rodina Moskva III";"1";"2";"1.8";"1.8";"2.3";"3.1";"4.5";"4";"84";"64";"47";"42";"3.9";"4.4";"2.3";"3.1";"1.4";"1.8"
"Russia";"RUS";"FNL 2 - Group 3";"27-06-2026 10:00";"FT";"Zenit Penza";"3";"1";"Orel";"1";"0";"2.2";"2.5";"2.2";"2.5";"4.7";"4";"85";"65";"55";"35";"3.9";"4.6";"2.2";"2.3";"2.2";"2.5"
"Russia";"RUS";"FNL 2 - Group 3";"27-06-2026 11:00";"FT";"Shumbrat";"2";"0";"Ryazan";"1";"0";"1.2";"1.5";"1.8";"2.5";"3.5";"4";"75";"50";"35";"20";"3.9";"3.4";"1.7";"2.5";"1.2";"1.4"
"Russia";"RUS";"FNL 2 - Group 3";"27-06-2026 12:00";"FT";"Spartak Tambov";"0";"2";"Volna Kovernino";"0";"1";"2.3";"3.1";"1.9";"1.9";"4.6";"4";"80";"65";"55";"40";"3.9";"4.5";"1.9";"1.9";"2.3";"2.9"
"Russia";"RUS";"FNL 2 - Group 3";"27-06-2026 13:00";"FT";"Strogino";"3";"1";"Kvant";"3";"0";"2";"1.8";"1.4";"1.8";"3.5";"4";"79";"54";"21";"10";"3.9";"3.4";"1.4";"1.8";"2";"1.7"
"Sierra Leone";"SLE";"Premier League";"27-06-2026 13:15";"FT";"Bhantal";"1";"2";"Abacha City";"1";"2";"1.9";"0.7";"1.2";"1.3";"2.6";"2.4";"47";"24";"18";"18";"2.3";"2.4";"1.2";"1.1";"1.9";"0.6"
"Sierra Leone";"SLE";"Premier League";"27-06-2026 13:30";"FT";"Bai Bureh Warriors";"0";"0";"Wusum Stars";"0";"0";"1";"1.2";"0.9";"1";"2";"2.4";"27";"20";"7";"0";"2.3";"2";"0.7";"1";"1";"1.2"
"Sweden";"SWE";"Superettan";"27-06-2026 10:00";"FT";"Varberg BoIS";"2";"1";"Öster";"0";"0";"2";"1.3";"2.4";"2.1";"3.9";"3.3";"80";"60";"40";"15";"3.2";"3.8";"2.3";"2";"2";"1.3"
"Sweden";"SWE";"Superettan";"27-06-2026 10:00";"FT";"Ljungskile";"3";"2";"Örebro";"1";"2";"1.7";"1.7";"2.1";"1.9";"3.7";"3.3";"65";"60";"35";"10";"3.2";"3.6";"1.9";"1.9";"1.7";"1.6"
"Sweden";"SWE";"Superettan";"27-06-2026 12:00";"FT";"United Nordic";"3";"3";"Oddevold";"2";"0";"1.7";"1.2";"1.3";"2";"3.1";"3.3";"55";"30";"20";"15";"3.2";"3.1";"1.3";"2";"1.7";"1.2"
"Sweden";"SWE";"Superettan";"27-06-2026 12:00";"FT";"GIF Sundsvall";"0";"2";"Östersunds FK";"0";"0";"1.3";"2.1";"1";"1.2";"2.8";"3.3";"50";"30";"10";"0";"3.2";"2.7";"0.9";"1.2";"1.3";"2"
"Sweden";"SWE";"Ettan: North";"27-06-2026 08:00";"FT";"Stockholm Internazionale";"2";"0";"Enkoping";"1";"0";"1.3";"1.7";"1";"2";"3";"3.2";"65";"35";"15";"10";"3";"2.9";"1";"1.9";"1.3";"1.6"
"Sweden";"SWE";"Ettan: North";"27-06-2026 11:00";"FT";"Gefle";"2";"1";"Stocksund";"0";"1";"1.3";"2";"1.5";"2.5";"3.6";"3.2";"65";"50";"35";"20";"3";"3.4";"1.4";"2.4";"1.3";"1.8"
"Sweden";"SWE";"Ettan: North";"27-06-2026 12:00";"FT";"Arlanda";"1";"0";"IF Karlstad Fotboll";"0";"0";"2";"1.4";"1.5";"1.4";"3.2";"3.2";"60";"35";"20";"15";"3";"3";"1.5";"1.3";"2";"1.2"
"Sweden";"SWE";"Ettan: South";"27-06-2026 08:00";"FT";"Laholm";"3";"1";"Utsikten";"3";"0";"1.8";"0.9";"1.5";"0.7";"2.4";"3";"46";"30";"16";"0";"2.9";"2.4";"1.5";"0.7";"1.8";"0.9"
"Sweden";"SWE";"Ettan: South";"27-06-2026 08:00";"FT";"Trollhättan";"1";"1";"Ängelholm";"0";"0";"1";"1.3";"2.5";"0.5";"2.6";"3";"40";"25";"15";"5";"2.9";"2.4";"2.2";"0.5";"1";"1.2"
"Sweden";"SWE";"Ettan: South";"27-06-2026 11:00";"FT";"Åtvidaberg";"3";"3";"Rosengård";"3";"2";"1.3";"1.7";"1.6";"1.4";"3";"3";"55";"40";"20";"0";"2.9";"3";"1.5";"1.4";"1.3";"1.7"
"Sweden";"SWE";"Ettan: South";"27-06-2026 11:00";"FT";"Lund";"2";"1";"Skövde AIK";"2";"0";"1.5";"0.9";"1.1";"0.9";"2.2";"3";"40";"20";"10";"0";"2.9";"2.1";"1";"0.9";"1.4";"0.9"
"Sweden";"SWE";"Ettan: South";"27-06-2026 11:00";"FT";"Ariana";"1";"0";"Jönköpings Södra";"1";"0";"1.5";"1.7";"1.1";"2.2";"3.2";"3";"70";"30";"25";"20";"2.9";"3.2";"1.1";"2.1";"1.5";"1.6"
"Sweden";"SWE";"Division 2: Norra Gotaland";"27-06-2026 11:00";"FT";"Ahlafors";"2";"2";"Tord";"1";"1";"1.5";"1.7";"1.6";"1.2";"3";"3";"63";"26";"10";"6";"2.8";"2.8";"1.3";"1.2";"1.5";"1.6"
"Sweden";"SWE";"Division 2: Norra Gotaland";"27-06-2026 11:00";"FT";"Motala";"0";"1";"Vänersborgs FK";"0";"0";"1.5";"1";"0.6";"1";"2";"3";"32";"13";"7";"0";"2.8";"2";"0.6";"1";"1.5";"0.9"
"Sweden";"SWE";"Division 2: Norra Gotaland";"27-06-2026 11:00";"FT";"Husqvarna";"3";"1";"IF Karlstad II";"1";"1";"1.4";"1.8";"1.5";"2.4";"3.5";"3";"62";"56";"31";"12";"2.8";"3.4";"1.4";"2.2";"1.4";"1.6"
"Sweden";"SWE";"Division 2: Norra Svealand";"27-06-2026 08:00";"FT";"Franke";"1";"2";"Viggbyholms IK";"1";"0";"1.2";"1.2";"1";"1.5";"2.4";"2.9";"50";"25";"17";"8";"2.8";"2.4";"1";"1.5";"1";"1.2"
"Sweden";"SWE";"Division 2: Norra Svealand";"27-06-2026 10:00";"FT";"Täby";"2";"1";"Gute";"0";"1";"1";"1.4";"1.7";"0.4";"2.2";"2.9";"32";"22";"6";"0";"2.8";"2";"1.6";"0.4";"1";"1"
"Sweden";"SWE";"Division 2: Norra Svealand";"27-06-2026 11:00";"FT";"Bollstanäs";"5";"1";"Korsnäs IF FK";"1";"1";"1.4";"1.7";"1.2";"2";"3.2";"2.9";"62";"50";"39";"16";"2.8";"3";"1.1";"2";"1.4";"1.3"
"Sweden";"SWE";"Division 2: Norra Svealand";"27-06-2026 11:00";"FT";"Falu BS";"2";"0";"Lidingö";"1";"0";"1.6";"2.2";"1.8";"1.8";"3.7";"2.9";"78";"61";"35";"6";"2.8";"3.6";"1.8";"1.6";"1.6";"2.2"
"Sweden";"SWE";"Division 2: Norrland";"27-06-2026 08:00";"FT";"Täfteå";"1";"1";"Boden";"0";"0";"1";"1.5";"2.2";"0.5";"2.6";"2.5";"50";"25";"12";"12";"2.3";"2.4";"2.2";"0.5";"1";"1"
"Sweden";"SWE";"Division 2: Norrland";"27-06-2026 08:00";"FT";"IFK Umeå";"2";"1";"Storfors";"0";"0";"2.5";"0.8";"0.7";"0.8";"2.4";"2.5";"35";"25";"16";"16";"2.3";"2.3";"0.7";"0.8";"2.5";"0.6"
"Sweden";"SWE";"Division 2: Norrland";"27-06-2026 09:00";"FT";"IFK Luleå";"0";"1";"Skellefteå";"0";"0";"0.6";"0.2";"1.4";"1.2";"1.8";"2.5";"20";"10";"10";"10";"2.3";"1.3";"1.2";"0.5";"0.6";"0.2"
"Sweden";"SWE";"Division 2: Norrland";"27-06-2026 11:00";"FT";"Tegs SK";"3";"3";"Friska Viljor";"2";"0";"2";"1";"1.7";"1.2";"3";"2.5";"46";"29";"29";"16";"2.3";"2.6";"1.7";"1";"1.7";"0.8"
"Sweden";"SWE";"Division 2: Sodra Gotaland";"27-06-2026 11:00";"FT";"Räppe";"1";"4";"Staffanstorp United";"0";"2";"2.2";"1.4";"2.1";"1.1";"3.4";"3";"66";"44";"33";"11";"2.9";"3.3";"2.1";"1";"2.2";"1.3"
"Sweden";"SWE";"Division 2: Sodra Gotaland";"27-06-2026 11:00";"FT";"Solvesborg";"1";"0";"Oskarshamns AIK";"0";"0";"1";"1.3";"1.8";"2.7";"3.4";"3";"80";"46";"24";"10";"2.9";"3.4";"1.8";"2.7";"1";"1.3"
"Sweden";"SWE";"Division 2: Sodra Gotaland";"27-06-2026 11:00";"FT";"Österlen";"0";"3";"Karlskrona";"0";"3";"1.1";"1";"2";"1.2";"2.7";"3";"60";"24";"7";"7";"2.9";"2.5";"1.9";"1.2";"1.1";"0.8"
"Sweden";"SWE";"Division 2: Sodra Gotaland";"27-06-2026 11:00";"DELAYED";"Nosaby";"0";"0";"IFK Trelleborg";"0";"0";"2.3";"1.6";"1";"1.6";"3.2";"3";"50";"22";"14";"14";"2.9";"3.2";"1";"1.6";"2.3";"1.6"
"Sweden";"SWE";"Division 2: Sodra Svealand";"27-06-2026 08:00";"FT";"Haninge";"6";"1";"Sleipner";"3";"0";"1.6";"1.5";"1.4";"2.3";"3.4";"3.3";"73";"47";"26";"5";"3.1";"3.4";"1.4";"2.3";"1.6";"1.5"
"Sweden";"SWE";"Division 2: Sodra Svealand";"27-06-2026 11:00";"FT";"Eker Örebro";"1";"4";"Farsta";"1";"2";"1.6";"1.6";"1";"1.6";"2.8";"3.3";"58";"34";"17";"6";"3.1";"2.6";"0.9";"1.4";"1.4";"1.6"
"Sweden";"SWE";"Division 2: Vastra Gotaland";"27-06-2026 11:00";"FT";"Astorps FF";"1";"1";"Torslanda";"1";"0";"2.2";"1.2";"2.3";"2";"3.8";"2.8";"70";"45";"45";"30";"2.6";"3.7";"2.1";"2";"2.2";"1.1"
"Sweden";"SWE";"Division 2: Vastra Gotaland";"27-06-2026 11:00";"FT";"Astrio";"1";"2";"Hestrafor";"0";"1";"1.5";"1.3";"0.9";"1.2";"2.4";"2.8";"40";"35";"15";"5";"2.6";"2.2";"0.9";"1.1";"1.2";"1.2"
"Syria";"SYR";"Premier League";"27-06-2026 11:00";"FT";"Wahda";"1";"0";"Tishreen";"1";"0";"";"";"";"";"";"3";"";"";"";"";"2.6";"";"";"";"";""
"Tanzania";"TAN";"Ligi kuu Bara";"27-06-2026 10:00";"FT";"Namungo";"0";"0";"Fountain Gate";"0";"0";"1.9";"1";"1.2";"1.5";"2.8";"3";"60";"21";"10";"5";"2.9";"2.8";"1.2";"1.5";"1.9";"1"
"Tanzania";"TAN";"Ligi kuu Bara";"27-06-2026 10:00";"FT";"Young Africans";"3";"0";"TRA United SC";"1";"0";"0.9";"0.9";"1.8";"1.3";"2.4";"3";"47";"26";"5";"5";"2.9";"2.4";"1.8";"1.3";"0.9";"0.9"
"Tanzania";"TAN";"Ligi kuu Bara";"27-06-2026 10:00";"FT";"Dodoma Jiji";"1";"1";"Mbeya City";"1";"1";"1.8";"0.8";"1.6";"1";"2.6";"3";"45";"30";"20";"5";"2.9";"2.5";"1.5";"1";"1.8";"0.7"
"Tanzania";"TAN";"Ligi kuu Bara";"27-06-2026 10:00";"FT";"Coastal Union";"0";"2";"Azam";"0";"2";"1.1";"1.3";"1.5";"1.8";"2.8";"3";"55";"35";"15";"10";"2.9";"2.8";"1.4";"1.8";"1";"1.3"
"Tanzania";"TAN";"Ligi kuu Bara";"27-06-2026 10:00";"FT";"Tanzania Prisons";"2";"1";"Mtibwa Sugar";"0";"0";"1.9";"1.8";"1.2";"0.8";"2.9";"3";"38";"28";"28";"14";"2.9";"2.8";"1.1";"0.8";"1.9";"1.8"
"Tanzania";"TAN";"Ligi kuu Bara";"27-06-2026 10:00";"FT";"Pamba Jiji";"1";"2";"JKT Tanzania";"1";"1";"2";"3.4";"0.9";"1.4";"3.8";"3";"76";"48";"42";"22";"2.9";"3.8";"0.9";"1.3";"2";"3.3"
"Tanzania";"TAN";"Ligi kuu Bara";"27-06-2026 10:00";"FT";"Mashujaa";"2";"0";"KMC";"2";"0";"1.5";"1";"1.4";"1.4";"2.6";"3";"36";"26";"21";"16";"2.9";"2.6";"1.4";"1.4";"1.4";"0.9"
"Tanzania";"TAN";"Ligi kuu Bara";"27-06-2026 10:00";"FT";"Simba";"2";"0";"Singida Black Stars";"1";"0";"0.8";"1";"2.7";"1.2";"2.8";"3";"38";"32";"22";"10";"2.9";"2.8";"2.7";"1.1";"0.8";"1"
"Tajikistan";"TJK";"Vysshaya Liga";"27-06-2026 11:00";"FT";"Barkchi Hisar";"2";"2";"Vakhsh Bokhtar";"1";"2";"0";"0.5";"1";"0";"0.8";"0.9";"0";"0";"0";"0";"0";"0";"0";"0";"0";"0"
"Tajikistan";"TJK";"Vysshaya Liga";"27-06-2026 12:00";"FT";"Eskhata";"0";"1";"Khujand";"0";"1";"0";"";"0.5";"";"";"0.9";"";"";"";"";"0";"";"0";"";"0";""
"Uruguay";"URU";"Primera División Amateur";"27-06-2026 10:00";"FT";"Basáñez";"4";"1";"Potencia";"";"";"1.5";"4.7";"2.8";"3.7";"6.2";"6.3";"100";"88";"62";"62";"5.9";"5.8";"2.5";"3.3";"1.2";"4.3"
"Uruguay";"URU";"Primera División Amateur";"27-06-2026 10:00";"FT";"Bella Vista";"9";"0";"Frontera Rivera";"";"";"2.8";"";"3.2";"";"";"6.3";"";"";"";"";"5.9";"";"3";"";"2.5";""
"Uruguay";"URU";"Primera División Amateur";"27-06-2026 10:00";"FT";"Deutscher";"0";"2";"Rampla Juniors";"";"";"3";"3.6";"2";"4.3";"6.4";"6.3";"100";"100";"93";"36";"5.9";"5.4";"1.5";"3.7";"2.5";"3"
"Uruguay";"URU";"Primera División Amateur";"27-06-2026 15:00";"FT";"Salus";"1";"0";"Durazno FC";"0";"0";"3.3";"2";"3.3";"4";"6.4";"6.3";"100";"84";"84";"50";"5.9";"6";"3";"4";"3.3";"1.7"
"Uruguay";"URU";"Primera División Amateur";"27-06-2026 15:00";"AWAITING_UPDATES";"Rocha";"";"";"Mar de Fondo";"";"";"2.7";"2";"4.3";"2.5";"5.8";"6.3";"100";"100";"75";"34";"5.9";"5.2";"3.3";"2.5";"2.7";"2"
"Uruguay";"URU";"Primera División Amateur";"27-06-2026 15:00";"AWAITING_UPDATES";"Villa Teresa";"";"";"Deportivo Colonia";"";"";"2.8";"";"2.7";"";"";"6.3";"";"";"";"";"5.9";"";"2.3";"";"2.2";""
"United States";"USA";"USL League Two";"27-06-2026 12:00";"FT";"New Jersey Copa";"1";"2";"Ironbound";"0";"1";"3.3";"1.7";"2.3";"1.3";"4.4";"4";"66";"50";"33";"33";"3.8";"4";"2.3";"1.3";"2.7";"1.7"
"United States";"USA";"USL League Two";"27-06-2026 14:00";"FT";"Edgewater Castle";"0";"5";"Chicago Dutch Lions";"0";"3";"2.5";"1.4";"2.3";"1.7";"4";"4";"63";"56";"48";"32";"3.8";"3.9";"2.3";"1.6";"2.5";"1.4"
"United States";"USA";"USL League Two";"27-06-2026 16:00";"FT";"Louisville City II";"2";"0";"Kings Hammer Columbus";"0";"0";"2";"1";"3.3";"0.5";"3.4";"4";"50";"50";"34";"16";"3.8";"3.2";"3.3";"0.5";"2";"0.5"
"United States";"USA";"USL League Two";"27-06-2026 16:00";"DELAYED";"Midwest United";"0";"0";"Union Macomb";"0";"0";"2.3";"1.6";"2";"1.8";"3.8";"4";"74";"26";"26";"26";"3.8";"3.8";"2";"1.8";"2.3";"1.6"
"United States";"USA";"USL League Two";"27-06-2026 17:30";"FT";"Rochester";"0";"2";"Rockford Raptors";"0";"1";"2.2";"0.8";"2.7";"1.2";"3.4";"4";"46";"46";"34";"25";"3.8";"3.3";"2.7";"1";"2.2";"0.8"
"United States";"USA";"USL League Two";"27-06-2026 18:00";"FT";"Buffalo";"1";"1";"Steel City";"0";"0";"0.5";"2.5";"1.5";"1.5";"3";"4";"75";"25";"25";"0";"3.8";"2.8";"1.5";"1.5";"0.5";"2"
"United States";"USA";"USL League Two";"27-06-2026 18:00";"FT";"West Virginia Chaos";"2";"1";"Dayton Dutch Lions";"1";"0";"";"1";"";"1.7";"";"4";"";"";"";"";"3.8";"";"";"1.3";"";"1"
"United States";"USA";"USL League Two";"27-06-2026 19:00";"FT";"Staten Island Athletic";"0";"6";"Long Island Rough Riders";"0";"3";"2";"2.1";"2.3";"2.4";"4.4";"4";"88";"64";"36";"36";"3.8";"4.4";"2.3";"2.2";"2";"2.1"
"United States";"USA";"USL League Two";"27-06-2026 19:00";"FT";"Inter Gainesville";"4";"1";"Sporting JAX II";"2";"1";"1";"2.3";"2.5";"3.2";"4.5";"4";"75";"66";"58";"50";"3.8";"4.5";"2.5";"3.2";"1";"2.3"
"United States";"USA";"USL League Two";"27-06-2026 19:30";"FT";"Port City";"0";"3";"Appalachian";"0";"2";"";"";"";"";"";"4";"";"";"";"";"3.8";"";"";"";"";""
"United States";"USA";"USL League Two";"27-06-2026 20:00";"FT";"River Light";"2";"5";"Minneapolis City";"0";"3";"2.1";"3.6";"1.1";"2.6";"4.7";"4";"75";"75";"69";"46";"3.8";"4.5";"1.1";"2.6";"1.9";"3.4"
"United States";"USA";"USL League Two";"27-06-2026 20:00";"FT";"Lansing City";"2";"5";"AFC Ann Arbor";"1";"2";"2.5";"2.6";"3.8";"1.3";"5";"4";"93";"72";"52";"44";"3.8";"4.8";"3.5";"1.3";"2.5";"2.3"
"United States";"USA";"USL League Two";"27-06-2026 20:00";"FT";"Michigan Bucks";"1";"1";"Oakland County";"1";"0";"1.6";"";"2.4";"";"";"4";"";"";"";"";"3.8";"";"2.2";"";"1.6";""
"United States";"USA";"USL League Two";"27-06-2026 20:00";"FT";"Toledo Villa";"2";"3";"Northern Indiana";"1";"1";"3.5";"3.3";"3.5";"1.7";"6";"4";"100";"84";"84";"66";"3.8";"6";"3.5";"1.7";"3.5";"3.3"
"United States";"USA";"USL League Two";"27-06-2026 20:00";"FT";"Akron City";"4";"0";"Lorain County Leviathan";"3";"0";"2.8";"1.2";"2";"1.8";"3.9";"4";"75";"75";"42";"22";"3.8";"3.8";"1.8";"1.8";"2.8";"1.2"
"United States";"USA";"USL League Two";"27-06-2026 20:00";"FT";"Reading United";"4";"1";"Pennsylvania Classics";"2";"1";"1";"3.5";"1";"1";"3.2";"4";"50";"50";"25";"0";"3.8";"3.2";"1";"1";"1";"3.5"
"United States";"USA";"USL League Two";"27-06-2026 20:00";"FT";"Delaware FC";"5";"1";"Real Central New Jersey";"3";"0";"1.3";"1";"0.8";"2";"2.6";"4";"42";"42";"8";"0";"3.8";"2.6";"0.8";"2";"1.3";"1"
"United States";"USA";"USL League Two";"27-06-2026 20:00";"FT";"Tobacco Road";"2";"3";"Wake";"1";"1";"1.8";"2.7";"3";"1.7";"4.6";"4";"90";"64";"46";"46";"3.8";"4.3";"2.8";"1.7";"1.8";"2.3"
"United States";"USA";"USL League Two";"27-06-2026 20:00";"FT";"SC United Bantams";"3";"3";"Salem City";"2";"3";"3";"";"2.2";"";"";"4";"";"";"";"";"3.8";"";"2.2";"";"3";""
"United States";"USA";"USL League Two";"27-06-2026 20:00";"FT";"Boston City";"1";"1";"Connecticut Rush";"1";"1";"1.5";"2.4";"1";"2.4";"3.6";"4";"54";"42";"28";"19";"3.8";"3.6";"1";"2.2";"1.5";"2.4"
"United States";"USA";"USL League Two";"27-06-2026 20:00";"FT";"Hickory";"0";"2";"Charlotte Independence 2";"0";"0";"";"";"";"";"";"4";"";"";"";"";"3.8";"";"";"";"";""
"United States";"USA";"USL League Two";"27-06-2026 20:00";"FT";"Loudoun United II";"4";"0";"Virginia Marauders";"2";"0";"2.3";"2.8";"2.1";"1.2";"4.2";"4";"93";"60";"34";"34";"3.8";"3.8";"2.1";"1";"2";"2.5"
"United States";"USA";"USL League Two";"27-06-2026 20:00";"FT";"Hill City";"1";"1";"Virginia Beach United";"0";"1";"2.2";"1.3";"1.2";"2.7";"3.8";"4";"58";"58";"58";"0";"3.8";"3.8";"1.2";"2.7";"2.2";"1.3"
"United States";"USA";"USL League Two";"27-06-2026 20:00";"FT";"Shark Coast";"3";"2";"Nona";"2";"2";"2";"3.5";"2.5";"3.2";"5.6";"4";"100";"100";"75";"38";"3.8";"5.5";"2.5";"3";"2";"3.5"
"United States";"USA";"USL League Two";"27-06-2026 20:00";"FT";"Brave";"4";"1";"Brooke House";"0";"0";"2.8";"3";"1.6";"2.3";"4.8";"4";"90";"80";"80";"36";"3.8";"4.5";"1.6";"2";"2.4";"3"
"United States";"USA";"USL League Two";"27-06-2026 20:30";"FT";"Westchester Flames";"0";"1";"Cedar Stars Rush";"0";"1";"1.3";"1.7";"1.2";"1.7";"2.9";"4";"58";"50";"8";"8";"3.8";"2.6";"1";"1.3";"1.3";"1.7"
"United States";"USA";"USL League Two";"27-06-2026 20:30";"FT";"Hudson Valley Hammers";"4";"3";"Morris Elite";"1";"1";"1.2";"2.4";"1.8";"1.6";"3.5";"4";"63";"56";"42";"34";"3.8";"3.2";"1.6";"1.6";"1";"2.3"
"United States";"USA";"USL League Two";"27-06-2026 20:30";"FT";"Bethesda SC";"1";"0";"Patuxent";"1";"0";"2";"3.2";"1.8";"0.5";"3.8";"4";"88";"62";"12";"12";"3.8";"3.6";"1.5";"0.5";"2";"3.2"
"United States";"USA";"USL League Two";"27-06-2026 20:30";"FT";"Annapolis Blues";"6";"2";"Christos";"1";"2";"2";"2";"2.1";"2.2";"4.2";"4";"89";"66";"34";"22";"3.8";"4";"2.1";"2.1";"1.8";"2"
"United States";"USA";"USL League Two";"27-06-2026 21:00";"FT";"Sunflower State";"0";"5";"Santafé Wanderers";"0";"2";"2.5";"2.3";"3";"2";"4.9";"4";"84";"58";"42";"42";"3.8";"3.9";"2.5";"1.7";"2";"1.7"
"United States";"USA";"USL League Two";"27-06-2026 21:00";"FT";"St. Louis Ambush";"0";"3";"Springfield";"0";"1";"2";"";"1";"";"";"4";"";"";"";"";"3.8";"";"0.5";"";"2";""
"United States";"USA";"USL League Two";"27-06-2026 21:00";"FT";"Des Moines Menace";"1";"2";"Peoria";"1";"0";"";"1.7";"";"2.3";"";"4";"";"";"";"";"3.8";"";"";"2.3";"";"1.7"
"United States";"USA";"USL League Two";"27-06-2026 21:00";"FT";"Mississippi Brilla";"4";"1";"Jackson Boom";"3";"1";"2.3";"";"1";"";"";"4";"";"";"";"";"3.8";"";"0.7";"";"1.7";""
"United States";"USA";"USL League Two";"27-06-2026 21:00";"FT";"Little Rock Rangers";"3";"1";"Red River";"1";"1";"1.3";"";"3";"";"";"4";"";"";"";"";"3.8";"";"3";"";"1.3";""
"United States";"USA";"USL League Two";"27-06-2026 21:00";"FT";"Lubbock Matadors";"1";"2";"Texoma";"0";"0";"2.7";"2.3";"1";"2.2";"4.1";"4";"67";"58";"42";"8";"3.8";"3.6";"1";"2";"2";"2.2"
"United States";"USA";"USL League Two";"27-06-2026 21:00";"FT";"Lonestar";"2";"1";"Houston FC";"0";"1";"";"1";"";"2.5";"";"4";"";"";"";"";"3.8";"";"";"1.5";"";"0.5"
"United States";"USA";"USL League Two";"27-06-2026 21:00";"FT";"Hill Country Lobos";"4";"0";"Houston Sur";"3";"0";"4";"2.8";"0.5";"2.5";"4.8";"4";"88";"75";"50";"25";"3.8";"4.2";"0.5";"2";"3";"2.8"
"United States";"USA";"USL League Two";"27-06-2026 21:00";"POSTPONED";"San Antonio II";"";"";"GFI";"";"";"";"";"";"";"";"4";"";"";"";"";"3.8";"";"";"";"";""
"United States";"USA";"USL League Two";"27-06-2026 21:30";"FT";"West Texas";"5";"5";"Denton Diablos";"1";"2";"2";"2.4";"2.3";"1";"3.8";"4";"80";"64";"36";"26";"3.8";"3.6";"2";"1";"2";"2.2"
"United States";"USA";"USL League Two";"27-06-2026 22:00";"FT";"Flatirons Rush";"3";"3";"Colorado ISA";"3";"1";"";"";"";"";"";"4";"";"";"";"";"3.8";"";"";"";"";""
"United States";"USA";"USL League Two";"27-06-2026 22:00";"FT";"Almaden";"2";"0";"Project 51O";"0";"0";"1.6";"2.7";"1.8";"1.1";"3.6";"4";"56";"48";"42";"17";"3.8";"3.3";"1.6";"1";"1.6";"2.4"
"United States";"USA";"USL League Two";"27-06-2026 22:00";"FT";"Laredo Heat";"1";"0";"AHFC Royals";"1";"0";"3";"4";"4";"4";"7.5";"4";"100";"84";"84";"67";"3.8";"7";"3.7";"4";"3";"3.3"
"United States";"USA";"USL League Two";"27-06-2026 22:30";"FT";"Real Colorado";"1";"3";"Utah United";"1";"1";"";"3.2";"";"3";"";"4";"";"";"";"";"3.8";"";"";"3";"";"3.2"
"United States";"USA";"USL League Two";"27-06-2026 22:30";"FT";"Midlakes United";"2";"3";"Ballard";"2";"1";"2.4";"1.6";"1.3";"1.6";"3.4";"4";"68";"46";"34";"27";"3.8";"3.4";"1.3";"1.6";"2.3";"1.6"
"United States";"USA";"USL League Two";"27-06-2026 23:00";"FT";"Redlands";"1";"1";"Stars FC";"0";"1";"1.3";"3.5";"2.7";"1.5";"4.5";"4";"92";"58";"33";"16";"3.8";"4.4";"2.7";"1.5";"1.3";"3.2"
"United States";"USA";"USL League Two";"27-06-2026 23:00";"FT";"Davis Legacy";"2";"2";"San Juan SC";"1";"1";"1.8";"2.5";"2";"1.7";"4";"4";"79";"56";"38";"22";"3.8";"3.6";"1.9";"1.5";"1.8";"2.2"
"United States";"USA";"USL League Two";"27-06-2026 23:00";"DELAYED";"Capo II";"0";"0";"So Cal Eagles";"0";"0";"2";"1.5";"2.5";"2";"4";"4";"88";"62";"38";"12";"3.8";"3.8";"2.5";"2";"1.5";"1.5"
"United States";"USA";"NPSL";"27-06-2026 13:00";"FT";"Burlington United";"3";"4";"Bristol Rhythm";"3";"2";"";"";"";"";"";"4.2";"";"";"";"";"4";"";"";"";"";""
"United States";"USA";"NPSL";"27-06-2026 15:00";"AWAITING_UPDATES";"Sun City";"";"";"Vacaville Elite";"";"";"1";"";"5";"";"";"4.2";"";"";"";"";"4";"";"4";"";"1";""
"United States";"USA";"NPSL";"27-06-2026 16:00";"FT";"New Jersey United";"3";"3";"PDA";"0";"1";"1.5";"";"1.5";"";"";"4.2";"";"";"";"";"4";"";"1.5";"";"1.5";""
"United States";"USA";"NPSL";"27-06-2026 18:30";"FT";"Virginia Dream";"0";"1";"Ristozi";"0";"1";"2.6";"1.4";"3.2";"1.6";"4.4";"4.2";"70";"50";"40";"30";"4";"4.2";"3";"1.6";"2.4";"1.4"
"United States";"USA";"NPSL";"27-06-2026 19:00";"FT";"SI Guardians";"1";"3";"Milwaukee Torrent";"1";"1";"";"1.5";"";"3";"";"4.2";"";"";"";"";"4";"";"";"2.5";"";"1.5"
"United States";"USA";"NPSL";"27-06-2026 19:00";"FT";"Flower City Union";"2";"0";"Buffalo Stallions";"1";"0";"2";"";"1.3";"";"";"4.2";"";"";"";"";"4";"";"1.3";"";"2";""
"United States";"USA";"NPSL";"27-06-2026 19:00";"AWAITING_UPDATES";"Hershey";"";"";"Philadelphia Ukrainians";"";"";"";"3";"";"1.5";"";"4.2";"";"";"";"";"4";"";"";"1.5";"";"3"
"United States";"USA";"NPSL";"27-06-2026 19:30";"FT";"DMV Elite";"0";"3";"FC Frederick";"0";"2";"2";"";"2.3";"";"";"4.2";"";"";"";"";"4";"";"2.3";"";"2";""
"United States";"USA";"NPSL";"27-06-2026 19:30";"FT";"District Elite";"1";"2";"Virginia Beach City";"0";"1";"2.2";"1";"1.8";"2";"3.5";"4.2";"55";"55";"45";"10";"4";"3.5";"1.8";"2";"2.2";"1"
"United States";"USA";"NPSL";"27-06-2026 20:00";"FT";"Ambassadors Ohio";"12";"0";"Niagara 1812";"7";"0";"2";"";"1.8";"";"";"4.2";"";"";"";"";"4";"";"1.8";"";"1.8";""
"United States";"USA";"NPSL";"27-06-2026 20:00";"FT";"Santa Cruz FC";"4";"4";"American SC New York";"3";"1";"";"";"";"";"";"4.2";"";"";"";"";"4";"";"";"";"";""
"United States";"USA";"NPSL";"27-06-2026 20:00";"FT";"New York Shockers";"0";"0";"New Haven United";"0";"0";"";"";"";"";"";"4.2";"";"";"";"";"4";"";"";"";"";""
"United States";"USA";"NPSL";"27-06-2026 20:00";"FT";"WC Predators";"1";"3";"Motown";"0";"2";"1.5";"2";"2";"2.3";"3.9";"4.2";"75";"42";"42";"16";"4";"3.9";"2";"2.3";"1.5";"2"
"United States";"USA";"NPSL";"27-06-2026 20:00";"FT";"865 Alliance";"1";"1";"Charlottetowne Hops";"1";"0";"";"";"";"";"";"4.2";"";"";"";"";"4";"";"";"";"";""
"United States";"USA";"NPSL";"27-06-2026 20:00";"FT";"Statesville";"1";"1";"Greenville United";"0";"0";"";"";"";"";"";"4.2";"";"";"";"";"4";"";"";"";"";""
"United States";"USA";"NPSL";"27-06-2026 20:00";"AWAITING_UPDATES";"Wisconsin Conquerors";"";"";"Gio's Lions";"";"";"3";"3.2";"0.5";"1.5";"4.2";"4.2";"75";"75";"62";"25";"4";"3.4";"0.5";"1.5";"2";"2.8"
"United States";"USA";"NPSL";"27-06-2026 20:00";"AWAITING_UPDATES";"Erie Commodores";"";"";"Cleveland SC";"";"";"";"1.5";"";"2.5";"";"4.2";"";"";"";"";"4";"";"";"2.2";"";"1.5"
"United States";"USA";"NPSL";"27-06-2026 20:00";"AWAITING_UPDATES";"Grove Soccer United";"";"";"Alexandria Reds";"";"";"2.5";"1.2";"0.5";"2";"3.1";"4.2";"55";"45";"45";"10";"4";"2.9";"0.5";"1.8";"2.5";"1"
"United States";"USA";"NPSL";"27-06-2026 20:30";"FT";"Minnesota Blizzard";"0";"4";"Duluth";"0";"4";"2.7";"";"2.3";"";"";"4.2";"";"";"";"";"4";"";"2";"";"2.3";""
"United States";"USA";"NPSL";"27-06-2026 20:30";"FT";"Osner’s";"0";"5";"Newport";"0";"4";"1.8";"";"0.8";"";"";"4.2";"";"";"";"";"4";"";"0.8";"";"1.5";""
"United States";"USA";"NPSL";"27-06-2026 21:00";"FT";"Sioux Falls Thunder";"1";"2";"Dakota Fusion";"1";"1";"";"";"";"";"";"4.2";"";"";"";"";"4";"";"";"";"";""
"United States";"USA";"NPSL";"27-06-2026 21:30";"FT";"Oakland Stompers";"6";"3";"Real San Jose";"4";"1";"4";"4";"1.5";"2";"5.8";"4.2";"100";"100";"42";"42";"4";"4.8";"1.5";"2";"3";"3"
"United States";"USA";"WPSL";"27-06-2026 14:00";"AWAITING_UPDATES";"Erie W";"";"";"Rochester New York W";"";"";"";"";"";"";"";"0.9";"";"";"";"";"0.8";"";"";"";"";""
"United States";"USA";"WPSL";"27-06-2026 15:00";"AWAITING_UPDATES";"New York Dutch Lions W";"";"";"Brooklyn City W";"";"";"0.3";"0.3";"0.7";"0.3";"0.8";"0.9";"0";"0";"0";"0";"0.8";"0.8";"0.7";"0.3";"0.3";"0.3"
"United States";"USA";"WPSL";"27-06-2026 15:00";"AWAITING_UPDATES";"Gulf Coast United W";"";"";"Union 10 W";"";"";"";"";"";"";"";"0.9";"";"";"";"";"0.8";"";"";"";"";""
"United States";"USA";"WPSL";"27-06-2026 16:00";"AWAITING_UPDATES";"STA W";"";"";"SUSA W";"";"";"0";"";"0.3";"";"";"0.9";"";"";"";"";"0.8";"";"0.3";"";"0";""
"United States";"USA";"WPSL";"27-06-2026 16:00";"AWAITING_UPDATES";"Clarkstown W";"";"";"New York Athletic W";"";"";"0";"0.5";"0";"0.2";"0.4";"0.9";"0";"0";"0";"0";"0.8";"0.4";"0";"0.2";"0";"0.5"
"United States";"USA";"WPSL";"27-06-2026 17:00";"AWARDED";"Little Rock Rangers W";"";"";"Baton Rouge United W";"";"";"0.5";"0.3";"0";"1.7";"1.2";"0.9";"16";"16";"0";"0";"0.8";"1.2";"0";"1.7";"0.5";"0.3"
"United States";"USA";"WPSL";"27-06-2026 17:00";"AWAITING_UPDATES";"Chicago KICS W";"";"";"Green Bay Glory W";"";"";"0";"0.7";"0";"1";"0.8";"0.9";"16";"0";"0";"0";"0.8";"0.8";"0";"1";"0";"0.7"
"United States";"USA";"WPSL";"27-06-2026 17:00";"AWAITING_UPDATES";"Missouri Rush W";"";"";"FC Pride W";"";"";"";"0.2";"";"0.8";"";"0.9";"";"";"";"";"0.8";"";"";"0.8";"";"0.2"
"United States";"USA";"WPSL";"27-06-2026 17:00";"AWAITING_UPDATES";"Arlington Red W";"";"";"Alexandria Reds W";"";"";"0.2";"0";"0.8";"0";"0.5";"0.9";"0";"0";"0";"0";"0.8";"0.5";"0.8";"0";"0.2";"0"
"United States";"USA";"WPSL";"27-06-2026 17:00";"AWAITING_UPDATES";"Valdosta W";"";"";"Pensacola W";"";"";"";"";"";"";"";"0.9";"";"";"";"";"0.8";"";"";"";"";""
"United States";"USA";"WPSL";"27-06-2026 18:00";"AWAITING_UPDATES";"Chicago House W";"";"";"Milwaukee Bavarian W";"";"";"1.5";"0.6";"0.5";"0.2";"1.4";"0.9";"25";"0";"0";"0";"0.8";"1.3";"0.5";"0.2";"1.5";"0.4"
"United States";"USA";"WPSL";"27-06-2026 19:00";"FT";"Rhode Island Rogues W";"6";"0";"Albany Rush W";"0";"0";"0";"";"0.2";"";"";"0.9";"";"";"";"";"0.8";"";"0.2";"";"0";""
"United States";"USA";"WPSL";"27-06-2026 19:00";"AWAITING_UPDATES";"Columbus Eagles W";"";"";"Corktown W";"";"";"";"";"";"";"";"0.9";"";"";"";"";"0.8";"";"";"";"";""
"United States";"USA";"WPSL";"27-06-2026 19:00";"AWAITING_UPDATES";"Vermont Wild W";"";"";"Inter CT FC W";"";"";"";"0";"";"0";"";"0.9";"";"";"";"";"0.8";"";"";"0";"";"0"
"United States";"USA";"WPSL";"27-06-2026 19:00";"AWAITING_UPDATES";"North Carolina W";"";"";"WFC Charlotte W";"";"";"";"";"";"";"";"0.9";"";"";"";"";"0.8";"";"";"";"";""
"United States";"USA";"WPSL";"27-06-2026 19:00";"AWAITING_UPDATES";"UFA Gunners W";"";"";"Chattanooga W";"";"";"";"";"";"";"";"0.9";"";"";"";"";"0.8";"";"";"";"";""
"United States";"USA";"WPSL";"27-06-2026 20:00";"FT";"Vale W";"1";"1";"Middletown Sporting CT W";"0";"0";"0.3";"0.7";"0.3";"0.3";"0.8";"0.9";"0";"0";"0";"0";"0.8";"0.8";"0.3";"0.3";"0.3";"0.7"
"United States";"USA";"WPSL";"27-06-2026 20:00";"AWAITING_UPDATES";"SJEB W";"";"";"Real Central NJ W";"";"";"0.8";"";"0.6";"";"";"0.9";"";"";"";"";"0.8";"";"0.6";"";"0.8";""
"United States";"USA";"WPSL";"27-06-2026 20:00";"AWAITING_UPDATES";"Junction W";"";"";"Missouri Reign W";"";"";"1";"0.5";"0";"0.2";"0.9";"0.9";"0";"0";"0";"0";"0.8";"0.9";"0";"0.2";"1";"0.5"
"United States";"USA";"WPSL";"27-06-2026 20:00";"AWAITING_UPDATES";"Napa Valley 1839 W";"";"";"Nevada W";"";"";"0.7";"";"0.3";"";"";"0.9";"";"";"";"";"0.8";"";"0.3";"";"0.7";""
"United States";"USA";"WPSL";"27-06-2026 20:00";"AWAITING_UPDATES";"LA Krewe Rush W";"";"";"Shreveport United W";"";"";"1.5";"";"0.5";"";"";"0.9";"";"";"";"";"0.8";"";"0.5";"";"1.5";""
"United States";"USA";"WPSL";"27-06-2026 20:00";"AWAITING_UPDATES";"Carolina W";"";"";"Soda City W";"";"";"";"";"";"";"";"0.9";"";"";"";"";"0.8";"";"";"";"";""
"United States";"USA";"WPSL";"27-06-2026 20:00";"AWAITING_UPDATES";"Decatur W";"";"";"Georgia Impact W";"";"";"";"";"";"";"";"0.9";"";"";"";"";"0.8";"";"";"";"";""
"United States";"USA";"WPSL";"27-06-2026 20:00";"AWAITING_UPDATES";"Arlington VA W";"";"";"District Elite W";"";"";"";"0";"";"0";"";"0.9";"";"";"";"";"0.8";"";"";"0";"";"0"
"United States";"USA";"WPSL";"27-06-2026 20:00";"AWAITING_UPDATES";"Bay City Reign W";"";"";"Kings Hammer Swan City W";"";"";"";"";"";"";"";"";"";"";"";"";"";"";"";"";"";""
"United States";"USA";"WPSL";"27-06-2026 20:30";"AWAITING_UPDATES";"Monmouth W";"";"";"Love City W";"";"";"0.5";"";"0";"";"";"0.9";"";"";"";"";"0.8";"";"0";"";"0.5";""
"United States";"USA";"WPSL";"27-06-2026 21:00";"FT";"Joy W";"1";"1";"St. Croix W";"0";"1";"0";"0";"0.3";"0";"0.2";"0.9";"0";"0";"0";"0";"0.8";"0.2";"0.3";"0";"0";"0"
"United States";"USA";"WPSL";"27-06-2026 21:00";"DELAYED";"Spokane SC Shadow W";"0";"0";"Portland Thorns II W";"0";"0";"";"";"";"";"";"0.9";"";"";"";"";"0.8";"";"";"";"";""
"United States";"USA";"WPSL";"27-06-2026 21:00";"AWAITING_UPDATES";"Wichita W";"";"";"Kansas City Current II W";"";"";"1";"1.5";"0.5";"0.5";"1.8";"0.9";"25";"0";"0";"0";"0.8";"1.5";"0.5";"0.5";"1";"1"
"United States";"USA";"WPSL";"27-06-2026 21:00";"AWAITING_UPDATES";"Oklahoma City W";"";"";"Kansas City SG W";"";"";"0.8";"0";"0.8";"0.5";"1";"0.9";"12";"12";"0";"0";"0.8";"1";"0.8";"0.5";"0.8";"0"
"United States";"USA";"WPSL";"27-06-2026 21:00";"AWAITING_UPDATES";"SouthStar W";"";"";"Austin Rise W";"";"";"";"2";"";"1";"";"0.9";"";"";"";"";"0.8";"";"";"1";"";"2"
"United States";"USA";"WPSL";"27-06-2026 21:00";"AWAITING_UPDATES";"Westside Timbers W";"";"";"Vancouver Victory W";"";"";"";"";"";"";"";"0.9";"";"";"";"";"0.8";"";"";"";"";""
"United States";"USA";"WPSL";"27-06-2026 22:00";"AWAITING_UPDATES";"El Paso Surf W";"";"";"SC del Sol W";"";"";"";"";"";"";"";"0.9";"";"";"";"";"0.8";"";"";"";"";""
"United States";"USA";"WPSL";"27-06-2026 22:00";"AWAITING_UPDATES";"Future W";"";"";"Rebels Chula Vista W";"";"";"";"0.5";"";"0.2";"";"0.9";"";"";"";"";"0.8";"";"";"0.2";"";"0.5"
"United States";"USA";"WPSL";"27-06-2026 23:00";"FT";"Tucson W";"3";"0";"Royals AZ W";"1";"0";"0.7";"";"0.7";"";"";"0.9";"";"";"";"";"0.8";"";"0.7";"";"0.7";""
"United States";"USA";"WPSL";"27-06-2026 23:00";"AWAITING_UPDATES";"Fresno Freeze W";"";"";"Fuego W";"";"";"";"";"";"";"";"0.9";"";"";"";"";"0.8";"";"";"";"";""
"United States";"USA";"WPSL";"27-06-2026 23:00";"AWAITING_UPDATES";"Desert Dreams W";"";"";"Arizona Arsenal W";"";"";"";"0";"";"0.5";"";"0.9";"";"";"";"";"0.8";"";"";"0.5";"";"0"
"United States";"USA";"WPSL";"27-06-2026 23:00";"AWAITING_UPDATES";"So Cal Eagles W";"";"";"Beach W";"";"";"0.5";"0.3";"0.5";"0.5";"0.9";"0.9";"0";"0";"0";"0";"0.8";"0.8";"0.5";"0.3";"0.5";"0.3"
"United States";"USA";"WPSL";"27-06-2026 23:30";"AWAITING_UPDATES";"Iron Rose W";"";"";"Yuba W";"";"";"1";"";"0.3";"";"";"0.9";"";"";"";"";"0.8";"";"0.3";"";"1";""
"United States";"USA";"MLS Next Pro";"27-06-2026 17:00";"FT";"Portland Timbers II";"2";"3";"San Jose Earthquakes II";"1";"1";"2.6";"2.7";"2.6";"1.9";"4.9";"4.6";"90";"80";"65";"40";"4.3";"4.8";"2.6";"1.9";"2.5";"2.6"
"United States";"USA";"MLS Next Pro";"27-06-2026 20:00";"FT";"Chattanooga";"2";"2";"Chicago Fire II";"1";"0";"1.3";"2.4";"2.3";"1.7";"3.8";"4.6";"85";"55";"35";"15";"4.3";"3.8";"2.3";"1.6";"1.2";"2.4"
"United States";"USA";"MLS Next Pro";"27-06-2026 20:00";"FT";"Atlanta United II";"3";"3";"Crown Legacy";"2";"2";"1.9";"2.3";"3";"3.4";"5.3";"4.6";"100";"90";"65";"50";"4.3";"4.7";"2.7";"3";"1.7";"2"
"United States";"USA";"MLS Next Pro";"27-06-2026 21:00";"FT";"Colorado Rapids II";"1";"0";"Whitecaps FC II";"0";"0";"3.1";"2.4";"2";"2.4";"4.9";"4.6";"100";"80";"60";"40";"4.3";"4.7";"2";"2.4";"2.6";"2.4"
"United States";"USA";"MLS Next Pro";"27-06-2026 23:00";"FT";"Ventura County";"3";"1";"Real Monarchs";"0";"1";"1.6";"2.9";"2.2";"2.9";"4.8";"4.6";"80";"80";"60";"40";"4.3";"4.6";"2";"2.8";"1.6";"2.9"
"United States";"USA";"USL W League";"27-06-2026 15:00";"FT";"Rochester W";"1";"3";"Rockford Raptors W";"1";"1";"0.7";"0.7";"0.7";"0.3";"1.2";"1.4";"0";"0";"0";"0";"1.4";"1.2";"0.7";"0.3";"0.7";"0.7"
"United States";"USA";"USL W League";"27-06-2026 15:00";"FT";"New Jersey Copa W";"3";"2";"Morris Elite W";"0";"2";"0";"0";"0.5";"0";"0.2";"1.4";"0";"0";"0";"0";"1.4";"0.2";"0.5";"0";"0";"0"
"United States";"USA";"USL W League";"27-06-2026 16:00";"POSTPONED";"Port City NC W";"";"";"United Bantams W";"";"";"";"";"";"";"";"1.4";"";"";"";"";"1.4";"";"";"";"";""
"United States";"USA";"USL W League";"27-06-2026 18:00";"FT";"Erie Sports Center W";"3";"3";"Flower City 1872 W";"1";"2";"";"";"";"";"";"1.4";"";"";"";"";"1.4";"";"";"";"";""
"United States";"USA";"USL W League";"27-06-2026 18:00";"FT";"Cleveland Force W";"4";"1";"Buffalo W";"3";"1";"";"";"";"";"";"1.4";"";"";"";"";"1.4";"";"";"";"";""
"United States";"USA";"USL W League";"27-06-2026 18:00";"FT";"Annapolis Blues W";"4";"0";"Virginia Atlantic W";"3";"0";"0.5";"";"1.5";"";"";"1.4";"";"";"";"";"1.4";"";"1.5";"";"0.5";""
"United States";"USA";"USL W League";"27-06-2026 19:00";"FT";"Flatirons II W";"1";"1";"Colorado ISA W";"1";"1";"";"";"";"";"";"1.4";"";"";"";"";"1.4";"";"";"";"";""
"United States";"USA";"USL W League";"27-06-2026 19:00";"FT";"NC Courage II W";"0";"4";"Charlotte Eagles II W";"0";"1";"0";"";"0";"";"";"1.4";"";"";"";"";"1.4";"";"0";"";"0";""
"United States";"USA";"USL W League";"27-06-2026 19:00";"FT";"New England Mutiny W";"0";"3";"Vermont Green W";"0";"2";"0.3";"";"0.7";"";"";"1.4";"";"";"";"";"1.4";"";"0.7";"";"0.3";""
"United States";"USA";"USL W League";"27-06-2026 19:00";"AWAITING_UPDATES";"Racing Louisville II W";"";"";"Toledo Villa W";"";"";"";"";"";"";"";"1.4";"";"";"";"";"1.4";"";"";"";"";""
"United States";"USA";"USL W League";"27-06-2026 19:30";"FT";"Real Colorado Foxes W";"3";"0";"Utah United W";"1";"0";"";"0.3";"";"0.7";"";"1.4";"";"";"";"";"1.4";"";"";"0.7";"";"0.3"
"United States";"USA";"USL W League";"27-06-2026 20:00";"FT";"Carolina Ascent II W";"2";"2";"United Bantams W";"1";"1";"";"";"";"";"";"1.4";"";"";"";"";"1.4";"";"";"";"";""
"United States";"USA";"USL W League";"27-06-2026 20:00";"FT";"TLH Reckoning W";"2";"0";"Fort Lauderdale Utd II W";"0";"0";"0.7";"1.5";"2.3";"0.8";"2.6";"1.4";"58";"16";"0";"0";"1.4";"2.4";"2";"0.8";"0.7";"1.5"
"United States";"USA";"USL W League";"27-06-2026 20:00";"FT";"Detroit City W";"1";"3";"Union Macomb W";"0";"2";"";"";"";"";"";"1.4";"";"";"";"";"1.4";"";"";"";"";""
"United States";"USA";"USL W League";"27-06-2026 20:00";"FT";"Pittsburgh Riveters W";"5";"0";"Steel City W";"2";"0";"";"";"";"";"";"1.4";"";"";"";"";"1.4";"";"";"";"";""
"United States";"USA";"USL W League";"27-06-2026 20:00";"FT";"Challenge W";"5";"2";"Hill Country Linces W";"4";"2";"0";"";"0";"";"";"1.4";"";"";"";"";"1.4";"";"0";"";"0";""
"United States";"USA";"USL W League";"27-06-2026 20:00";"FT";"Virginia Beach United W";"1";"3";"Virginia DA W";"0";"3";"1.3";"";"0.7";"";"";"1.4";"";"";"";"";"1.4";"";"0.7";"";"1.3";""
"United States";"USA";"USL W League";"27-06-2026 20:00";"FT";"Richmond W";"3";"0";"Charlottesville Blues W";"1";"0";"";"";"";"";"";"1.4";"";"";"";"";"1.4";"";"";"";"";""
"United States";"USA";"USL W League";"27-06-2026 22:00";"FT";"Sta Clarita Blue Heat W";"7";"0";"AMSG W";"5";"0";"1";"";"1";"";"";"1.4";"";"";"";"";"1.4";"";"1";"";"1";""
"United States";"USA";"USL W League";"27-06-2026 23:00";"FT";"Los Angeles SC W";"1";"0";"Oceanside Dutch Lions W";"";"";"";"0.6";"";"0.8";"";"1.4";"";"";"";"";"1.4";"";"";"0.8";"";"0.6"
"United States";"USA";"USL W League";"27-06-2026 23:00";"FT";"Stockton Cargo W";"3";"2";"Marin FC Alliance W";"2";"0";"2.5";"0";"1";"0.3";"1.9";"1.4";"25";"25";"25";"0";"1.4";"1.9";"1";"0.3";"2.5";"0"
"United States";"USA";"USL W League";"27-06-2026 23:00";"FT";"Monterey Bay W";"3";"2";"Pleasanton Rage W";"2";"1";"";"0.7";"";"0.3";"";"1.4";"";"";"";"";"1.4";"";"";"0.3";"";"0.7"
"United States";"USA";"USL W League";"27-06-2026 23:00";"AWAITING_UPDATES";"San Juan SC W";"";"";"California Storm II W";"";"";"";"";"";"";"";"1.4";"";"";"";"";"1.4";"";"";"";"";""
"United States";"USA";"UWS";"27-06-2026 15:00";"AWAITING_UPDATES";"Worcester Wanderers W";"";"";"Maine Mystics W";"";"";"";"";"";"";"";"0";"";"";"";"";"0";"";"";"";"";""
"United States";"USA";"UWS";"27-06-2026 17:00";"AWAITING_UPDATES";"Maine Footy W";"";"";"Connecticut Legends W";"";"";"";"";"";"";"";"0";"";"";"";"";"0";"";"";"";"";""
"United States";"USA";"UWS";"27-06-2026 18:00";"AWAITING_UPDATES";"Midland Fusion W";"";"";"Tulip City United W";"";"";"";"";"";"";"";"0";"";"";"";"";"0";"";"";"";"";""
"United States";"USA";"UWS";"27-06-2026 18:00";"AWAITING_UPDATES";"MSI Soccer W";"";"";"Baltimore Blast W";"";"";"";"";"";"";"";"0";"";"";"";"";"0";"";"";"";"";""
"United States";"USA";"UWS";"27-06-2026 20:00";"AWAITING_UPDATES";"Racing Power W";"";"";"Lancaster W";"";"";"";"";"";"";"";"0";"";"";"";"";"0";"";"";"";"";""
"United States";"USA";"UWS";"27-06-2026 21:00";"AWAITING_UPDATES";"Berber City W";"";"";"Crystal Lake Force W";"";"";"";"";"";"";"";"0";"";"";"";"";"0";"";"";"";"";""
"United States";"USA";"UWS";"27-06-2026 23:00";"AWAITING_UPDATES";"SoCal W";"";"";"United City II";"";"";"";"";"";"";"";"0";"";"";"";"";"0";"";"";"";"";""
"Vietnam";"VIE";"U21 Championship";"27-06-2026 06:00";"AWAITING_UPDATES";"SLNA U21";"";"";"Thanh Hóa U21";"";"";"2";"1.8";"2.2";"1.8";"4";"";"71";"42";"42";"42";"";"3.8";"2";"1.8";"1.8";"1.8"
"Vietnam";"VIE";"U21 Championship";"27-06-2026 06:00";"AWAITING_UPDATES";"Phù Đổng U21";"";"";"PVF-CAND U21";"";"";"";"2.7";"";"3";"";"";"";"";"";"";"";"";"";"2.7";"";"2.5"
"Yemen";"YEM";"Yemeni League";"27-06-2026 10:00";"FT";"Salam Al Gharfa FC";"0";"2";"Ahli Sana'a FC";"0";"0";"";"2.2";"";"1";"";"1.2";"";"";"";"";"1";"";"";"1";"";"2"
"Yemen";"YEM";"Yemeni League";"27-06-2026 10:00";"FT";"Alsadd FC";"1";"0";"Ittihad FC IBB";"0";"0";"0.5";"";"1";"";"";"1.2";"";"";"";"";"1";"";"1";"";"0";""
"Yemen";"YEM";"Yemeni League";"27-06-2026 10:00";"FT";"Al Orouba FC";"1";"0";"Ittihad Hadramout FC";"1";"0";"";"";"";"";"";"1.2";"";"";"";"";"1";"";"";"";"";""
"Zimbabwe";"ZIM";"Premier Soccer League";"27-06-2026 10:00";"FT";"CAPS United";"2";"2";"Triangle United";"1";"2";"1.2";"3";"1.1";"2";"3.7";"2.8";"75";"69";"22";"16";"2.6";"3.4";"1";"2";"1.1";"2.7"
"Zimbabwe";"ZIM";"Premier Soccer League";"27-06-2026 10:00";"FT";"MWOS";"1";"2";"Highlanders";"0";"1";"2.5";"2.3";"1.8";"1.8";"4.2";"2.8";"79";"58";"50";"21";"2.6";"4.1";"1.8";"1.8";"2.2";"2.3"
"Zimbabwe";"ZIM";"Premier Soccer League";"27-06-2026 10:00";"FT";"Platinum";"1";"1";"Hunters";"1";"0";"";"0.8";"";"1.3";"";"2.8";"";"";"";"";"2.6";"";"";"1.3";"";"0.8"
"Zimbabwe";"ZIM";"Premier Soccer League";"27-06-2026 10:00";"FT";"Kariba";"1";"1";"Ngezi Platinum";"0";"0";"1.3";"1.7";"0.7";"1";"2.4";"2.8";"50";"34";"0";"0";"2.6";"2";"0.3";"1";"1";"1.7"
"Zimbabwe";"ZIM";"Premier Soccer League";"27-06-2026 10:00";"FT";"Chicken Inn";"0";"2";"Hardrock";"0";"0";"1.5";"0.5";"0.5";"1";"1.8";"2.8";"25";"8";"0";"0";"2.6";"1.8";"0.5";"1";"1.5";"0.5"
"Zimbabwe";"ZIM";"Premier Soccer League";"27-06-2026 10:00";"FT";"Simba Bhora";"1";"2";"TelOne";"0";"1";"1.5";"2.3";"2.2";"0.3";"3.2";"2.8";"54";"42";"12";"12";"2.6";"3";"2";"0.3";"1.2";"2.3"
"Argentina";"ARG";"Primera Division Women";"27-06-2026 11:00";"FT";"SAT W";"0";"2";"Lanús W";"0";"2";"1.9";"2.3";"1.7";"1.3";"3.6";"4.4";"75";"55";"30";"15";"4.2";"3.4";"1.6";"1.2";"1.8";"2.2"
"Argentina";"ARG";"Primera Division Women";"27-06-2026 15:00";"FT";"Banfield W";"2";"2";"Gimnasia La Plata W";"1";"0";"1.8";"2.7";"2.1";"2.8";"4.7";"4.4";"90";"70";"45";"35";"4.2";"4.6";"2.1";"2.8";"1.7";"2.6"
"Australia";"AUS";"Western Australia NPL Women";"27-06-2026 02:00";"FT";"West NTC W";"1";"0";"UWA Nedlands W";"0";"0";"0.2";"0.8";"0.6";"0.7";"1.1";"1.4";"11";"6";"0";"0";"1.3";"1.1";"0.6";"0.7";"0.2";"0.8"
"Australia";"AUS";"Capital Territory NPL Women";"27-06-2026 02:00";"FT";"Tuggeranong United W";"0";"1";"Canberra Olympic W";"0";"0";"0.4";"0.9";"0.4";"0.8";"1.2";"1";"29";"12";"6";"0";"0.9";"1.2";"0.4";"0.8";"0.4";"0.8"
"Australia";"AUS";"Queensland NPL Women";"27-06-2026 04:00";"FT";"Gold Coast Knights W";"1";"1";"Sunshine Coast Wanderers W";"0";"1";"0.2";"0.9";"0.5";"0.3";"0.9";"1.3";"7";"0";"0";"0";"1.2";"0.8";"0.5";"0.3";"0.2";"0.7"
"Australia";"AUS";"South Australia NPL Women";"27-06-2026 02:45";"FT";"Salisbury Inter W";"2";"1";"Adelaide University W";"1";"1";"0.7";"0.6";"0.6";"0.6";"1.2";"1.3";"13";"0";"0";"0";"1.3";"1.2";"0.6";"0.6";"0.7";"0.5"
"Australia";"AUS";"South Australia NPL Women";"27-06-2026 04:30";"FT";"Campbelltown City W";"1";"0";"West Adelaide W";"0";"0";"0.8";"0.2";"1";"1";"1.5";"1.3";"12";"6";"0";"0";"1.3";"1.4";"1";"1";"0.6";"0.2"
"Australia";"AUS";"South Australia NPL Women";"27-06-2026 04:30";"FT";"MetroStars";"5";"4";"Modbury Vista W";"2";"1";"1.1";"0.6";"0.6";"0.1";"1.2";"1.3";"6";"0";"0";"0";"1.3";"1.2";"0.6";"0.1";"1.1";"0.6"
"Australia";"AUS";"Victoria NPL Women";"27-06-2026 02:00";"FT";"Melbourne City II";"1";"6";"Avondale W";"0";"3";"1.2";"1";"0.6";"0.2";"1.5";"1.5";"10";"6";"6";"0";"1.5";"1.5";"0.6";"0.2";"1.2";"1"
"Australia";"AUS";"Victoria NPL Women";"27-06-2026 02:00";"FT";"Keilor ParkW";"2";"1";"Melbourne Victory II";"0";"0";"1.1";"0.4";"0.8";"0.8";"1.5";"1.5";"29";"12";"12";"0";"1.5";"1.5";"0.8";"0.8";"1.1";"0.4"
"Australia";"AUS";"Victoria NPL Women";"27-06-2026 02:00";"FT";"Essendon Royals W";"1";"2";"Bulleen Lions W";"0";"1";"0.8";"0.8";"1.4";"0.6";"1.7";"1.5";"30";"18";"12";"0";"1.5";"1.7";"1.4";"0.6";"0.8";"0.8"
"Australia";"AUS";"Victoria NPL Women";"27-06-2026 02:30";"FT";"South Melbourne W";"2";"2";"Box Hill United W";"1";"1";"0.8";"0.7";"1.1";"0.4";"1.5";"1.5";"12";"6";"6";"0";"1.5";"1.5";"1.1";"0.4";"0.8";"0.7"
"Australia";"AUS";"Victoria NPL Women";"27-06-2026 03:15";"FT";"Heidelberg United W";"1";"3";"Boroondara Eagles W";"0";"1";"0.6";"0.6";"1";"0.8";"1.5";"1.5";"16";"6";"0";"0";"1.5";"1.4";"1";"0.8";"0.4";"0.6"
"Australia";"AUS";"New South Wales NPL Women";"27-06-2026 02:00";"FT";"NWS Spirit W";"2";"1";"Northern Tigers W";"0";"1";"1.2";"1.1";"0.8";"1.6";"2.4";"1.8";"40";"15";"15";"10";"1.7";"2.2";"0.8";"1.5";"1.1";"1.1"
"Australia";"AUS";"Tasmania Women's Super League";"27-06-2026 03:45";"FT";"Riverside Olympic W";"0";"6";"Launceston United W";"0";"1";"0.8";"0.1";"0.8";"0.9";"1.3";"1";"10";"0";"0";"0";"0.9";"1.2";"0.8";"0.9";"0.6";"0.1"
"Australia";"AUS";"Tasmania Women's Super League";"27-06-2026 03:45";"FT";"Taroona W";"0";"2";"Glenorchy Knights W";"0";"2";"0.4";"0.4";"0.2";"0.4";"0.8";"1";"0";"0";"0";"0";"0.9";"0.8";"0.2";"0.4";"0.4";"0.4"
"Australia";"AUS";"QLD FQPL 1 Women";"27-06-2026 06:00";"DELAYED";"Grange Thistle W";"";"";"Logan Lightning W";"";"";"0.8";"0.2";"0.3";"0.6";"1";"1.2";"6";"0";"0";"0";"1.1";"1";"0.2";"0.6";"0.8";"0.2"
"Australia";"AUS";"Northern NSW NPL Women";"27-06-2026 03:30";"FT";"New Lambton W";"2";"1";"Maitland W";"1";"0";"0.6";"0.2";"0.4";"0.6";"0.9";"1";"10";"0";"0";"0";"1";"0.8";"0.3";"0.3";"0.6";"0.2"
"Belarus";"BLR";"Vysshaya Liga Women";"27-06-2026 10:00";"FT";"Dnepr Mogilev W";"5";"1";"ABFF U19 W";"2";"0";"1.2";"0.6";"0.5";"0.9";"1.6";"1.4";"38";"18";"0";"0";"1.4";"1.6";"0.5";"0.9";"1.2";"0.6"
"Belarus";"BLR";"Vysshaya Liga Women";"27-06-2026 10:00";"FT";"Gomel W";"0";"8";"Dinamo-BGU W";"0";"4";"0.2";"0.4";"1";"1.8";"1.6";"1.4";"25";"6";"6";"0";"1.4";"1.6";"1";"1.8";"0.2";"0.4"
"Belarus";"BLR";"Vysshaya Liga Women";"27-06-2026 11:00";"FT";"Smorgon W";"0";"6";"Minsk FK W";"0";"3";"0";"0.7";"0.3";"0.7";"0.8";"1.4";"14";"14";"0";"0";"1.4";"0.8";"0.3";"0.7";"0";"0.7"
"Europe";"EUR";"Euro U19 Women";"27-06-2026 12:00";"FT";"Bosnia & Herzegovina U19 W";"0";"5";"Germany U19 W";"0";"1";"1.2";"1.2";"2.4";"1.5";"3.2";"";"60";"30";"25";"10";"";"3.2";"2.4";"1.5";"1.2";"1.2"
"Europe";"EUR";"Euro U19 Women";"27-06-2026 15:00";"FT";"Sweden U19 W";"1";"0";"Poland U19 W";"0";"0";"1.4";"0.5";"1.2";"2.2";"2.7";"";"50";"35";"15";"5";"";"2.6";"1.1";"2.2";"1.4";"0.5"
"Finland";"FIN";"Kansallinen Liiga Women";"27-06-2026 09:00";"FT";"KuPS W";"5";"1";"VIFK W";"2";"0";"1.7";"1.2";"1.4";"0.6";"2.4";"2.4";"35";"30";"15";"10";"2.4";"2.4";"1.4";"0.6";"1.7";"1.2"
"Finland";"FIN";"Kansallinen Liiga Women";"27-06-2026 09:00";"FT";"Gnistan W";"3";"0";"PK-35 Vantaa W";"2";"0";"1.9";"0.8";"1";"0.9";"2.2";"2.4";"50";"25";"0";"0";"2.4";"2.2";"1";"0.9";"1.9";"0.8"
"Finland";"FIN";"Kansallinen Liiga Women";"27-06-2026 12:30";"FT";"Ilves W";"1";"3";"HJK W";"0";"3";"0.6";"0.3";"1.3";"0.8";"1.5";"2.4";"16";"5";"0";"0";"2.4";"1.5";"1.3";"0.8";"0.6";"0.3"
"Finland";"FIN";"Ykkönen Women";"27-06-2026 08:00";"FT";"ONS W";"3";"0";"PKKU W";"0";"0";"0.9";"1";"1.2";"0.3";"1.7";"1.7";"17";"17";"10";"5";"1.7";"1.7";"1.2";"0.3";"0.9";"1"
"Finland";"FIN";"Ykkönen Women";"27-06-2026 08:00";"FT";"EBK W";"3";"0";"JyPK W";"0";"0";"0.8";"0.6";"1.8";"0.7";"2";"1.7";"25";"25";"16";"0";"1.7";"1.9";"1.7";"0.7";"0.8";"0.6"
"Finland";"FIN";"Ykkönen Women";"27-06-2026 10:00";"FT";"Honka W";"1";"0";"HJK II W";"1";"0";"0.6";"0.4";"0.6";"0.8";"1.2";"1.7";"20";"5";"5";"0";"1.7";"1.2";"0.6";"0.8";"0.6";"0.4"
"Republic of Ireland";"IRL";"Women's National League";"27-06-2026 09:00";"FT";"Shamrock Rovers W";"2";"4";"Wexford Youths";"1";"3";"1.6";"1.5";"0.4";"0.8";"2.1";"2.5";"36";"17";"12";"0";"2.4";"2";"0.3";"0.8";"1.6";"1.4"
"Republic of Ireland";"IRL";"Women's National League";"27-06-2026 11:00";"FT";"Waterford W";"0";"0";"Cork City W";"0";"0";"1.2";"0.9";"0.9";"1.1";"2";"2.5";"26";"12";"6";"0";"2.4";"2";"0.9";"1.1";"1.2";"0.9"
"Republic of Ireland";"IRL";"Women's National League";"27-06-2026 11:00";"DELAYED";"Bohemians WFC W";"0";"0";"Galway United W";"0";"0";"1.1";"1.6";"1.4";"1.2";"2.7";"2.5";"50";"33";"6";"0";"2.4";"2.6";"1.4";"1";"1.1";"1.6"
"Republic of Ireland";"IRL";"Women's National League";"27-06-2026 13:00";"DELAYED";"Peamount United W";"0";"0";"DLR Waves W";"0";"0";"0.8";"0.9";"1.6";"0.9";"2.1";"2.5";"32";"6";"0";"0";"2.4";"2.1";"1.6";"0.9";"0.8";"0.9"
"Republic of Ireland";"IRL";"Women's National League";"27-06-2026 15:35";"FT";"Treaty United W";"1";"1";"Sligo Rovers W";"1";"1";"0.2";"1.5";"1.2";"1.2";"2";"2.5";"25";"5";"5";"5";"2.4";"2";"1.2";"1.2";"0.2";"1.4"
"Iceland";"ISL";"1. Deild Women";"27-06-2026 11:00";"FT";"Fjardab Höttur Leiknir W";"3";"1";"Keflavík W";"0";"1";"1.5";"1.9";"1";"0.8";"2.6";"2";"44";"29";"14";"6";"2";"2.3";"1";"0.6";"1.3";"1.8"
"Iceland";"ISL";"1. Deild Women";"27-06-2026 13:00";"FT";"Grótta W";"2";"1";"Volsungur Husavik W";"2";"0";"0.2";"1";"1.6";"1.5";"2.2";"2";"38";"18";"0";"0";"2";"2.2";"1.5";"1.5";"0.2";"1"
"Iceland";"ISL";"1. Deild Women";"27-06-2026 13:00";"FT";"KR W";"6";"0";"Tindastóll W";"5";"0";"1";"1";"1.1";"0.8";"2";"2";"20";"7";"7";"0";"2";"1.9";"1";"0.8";"1";"1"
"Latvia";"LVA";"Women League";"27-06-2026 12:00";"FT";"Rigas W";"0";"3";"SFK Rīga W";"0";"3";"";"";"";"";"";"0";"";"";"";"";"0";"";"";"";"";""
"Norway";"NOR";"1. Division Women";"27-06-2026 08:00";"FT";"Bryne W";"0";"1";"Fyllingsdalen W";"0";"0";"1";"0.8";"0.6";"0.8";"1.6";"2";"29";"6";"0";"0";"1.9";"1.4";"0.6";"0.6";"0.9";"0.8"
"Norway";"NOR";"1. Division Women";"27-06-2026 09:00";"FT";"Odd W";"1";"0";"Frigg W";"0";"0";"1";"0.9";"1.7";"0.2";"1.9";"2";"31";"16";"0";"0";"1.9";"1.8";"1.7";"0.2";"1";"0.8"
"Norway";"NOR";"Cup Women";"27-06-2026 09:00";"FT";"Viking FK W";"0";"3";"Brann W";"0";"0";"1";"0.9";"0.8";"1.2";"2";"1.6";"32";"6";"0";"0";"1.5";"2";"0.8";"1.2";"1";"0.9"
"New Zealand";"NZL";"National League Women";"27-06-2026 21:00";"FT";"Coastal Spirit W";"2";"1";"Roslyn Wakari W";"";"";"";"";"";"";"";"2.8";"";"";"";"";"2.5";"";"";"";"";""
"New Zealand";"NZL";"National League Women";"27-06-2026 23:00";"FT";"Taradale W";"2";"6";"Seatoun W";"";"";"";"";"";"";"";"2.8";"";"";"";"";"2.5";"";"";"";"";""
"New Zealand";"NZL";"National League Women";"27-06-2026 23:00";"FT";"Melville United W";"1";"2";"Tauranga Moana W";"";"";"";"";"";"";"";"2.8";"";"";"";"";"2.5";"";"";"";"";""
"Russia";"RUS";"Premier League Women";"27-06-2026 10:00";"FT";"Krylya Sovetov W";"4";"0";"Rostov W";"3";"0";"1.2";"2.1";"0.9";"1.7";"3";"2.6";"43";"33";"22";"10";"2.5";"2.9";"0.9";"1.7";"1.2";"2"
"Russia";"RUS";"Premier League Women";"27-06-2026 10:30";"FT";"CSKA Moscow W";"0";"0";"Zenit W";"0";"0";"1.3";"0.8";"1";"1.6";"2.3";"2.6";"48";"20";"10";"6";"2.5";"2.3";"1";"1.6";"1.2";"0.8"
"Russia";"RUS";"Premier League Women";"27-06-2026 11:00";"FT";"Rubin Kazan W";"2";"2";"Chertanovo W";"0";"1";"1.6";"1.2";"1.7";"1.6";"3";"2.6";"50";"30";"20";"15";"2.5";"2.8";"1.5";"1.4";"1.6";"1"
"Russia";"RUS";"Premier League Women";"27-06-2026 11:00";"FT";"Dinamo Moskva W";"0";"0";"Zvezda 2005 W";"0";"0";"1";"1.4";"1.2";"0.9";"2.2";"2.6";"36";"31";"10";"0";"2.5";"2.1";"1.2";"0.8";"0.8";"1.4"
"Russia";"RUS";"Premier League Women";"27-06-2026 13:00";"FT";"Spartak Moskva W";"1";"1";"Lokomotiv Moscow W";"0";"1";"1";"1.4";"2.1";"0.6";"2.6";"2.6";"32";"16";"16";"6";"2.5";"2.4";"1.8";"0.6";"1";"1.4"
"World";"WOR";"Club Friendlies 3";"27-06-2026 04:00";"FT";"Ansbach";"4";"0";"Kornburg";"0";"0";"";"";"";"";"";"2.1";"";"";"";"";"2";"";"";"";"";""
"World";"WOR";"Club Friendlies 3";"27-06-2026 04:00";"FT";"Zlín";"0";"2";"Hanácká";"0";"1";"2.3";"2.1";"1.6";"1.7";"3.8";"2.1";"70";"55";"35";"5";"2";"3.6";"1.4";"1.7";"2.2";"2"
"World";"WOR";"Club Friendlies 3";"27-06-2026 05:00";"FT";"Viktoria Plzeň";"4";"2";"SK Artis Brno";"0";"1";"1.2";"1.7";"2.3";"1.6";"3.4";"2.1";"50";"35";"20";"10";"2";"3.2";"2";"1.6";"1.1";"1.7"
"World";"WOR";"Club Friendlies 3";"27-06-2026 05:00";"FT";"Wisła Kraków";"3";"4";"Nieciecza";"0";"1";"1.5";"2.6";"1.4";"2.2";"3.8";"2.1";"65";"50";"35";"25";"2";"3.6";"1.4";"2";"1.5";"2.3"
"World";"WOR";"Club Friendlies 3";"27-06-2026 05:00";"FT";"Puszcza Niepołomice";"3";"0";"Star Starachowice";"1";"0";"3.1";"1.3";"1.2";"2.3";"4";"2.1";"80";"48";"36";"24";"2";"3.8";"1.2";"2.1";"3";"1.3"
"World";"WOR";"Club Friendlies 3";"27-06-2026 05:00";"FT";"UTA Arad";"4";"0";"Dumbrăviţa";"1";"0";"1.9";"2.5";"2.1";"1.9";"4.2";"2.1";"80";"65";"35";"25";"2";"4";"2.1";"1.9";"1.7";"2.4"
"World";"WOR";"Club Friendlies 3";"27-06-2026 05:00";"FT";"Viktoria Žižkov";"3";"2";"Slavia Praha B";"2";"0";"1.1";"1.9";"1.1";"1.4";"2.8";"2.1";"55";"20";"15";"5";"2";"2.7";"1.1";"1.4";"1";"1.9"
"World";"WOR";"Club Friendlies 3";"27-06-2026 05:00";"FT";"Zlaté Moravce";"2";"0";"Banská Bystrica";"1";"0";"2.7";"1.3";"1.9";"1.6";"3.8";"2.1";"80";"60";"30";"15";"2";"3.5";"1.9";"1.6";"2.4";"1.1"
"World";"WOR";"Club Friendlies 3";"27-06-2026 05:00";"FT";"Luckenwalde";"0";"0";"RSV Eintracht";"0";"0";"";"";"";"";"";"2.1";"";"";"";"";"2";"";"";"";"";""
"World";"WOR";"Club Friendlies 3";"27-06-2026 05:00";"CANCELLED";"Radomiak Radom";"";"";"Górnik Łęczna";"";"";"2.9";"2.1";"2.4";"1.4";"4.4";"2.1";"80";"65";"55";"25";"2";"4.2";"2.4";"1.4";"2.7";"1.9"
"World";"WOR";"Club Friendlies 3";"27-06-2026 05:30";"FT";"Prostějov";"1";"1";"Opava";"1";"0";"1.9";"1.7";"1.3";"1.9";"3.4";"2.1";"60";"45";"30";"15";"2";"3.4";"1.3";"1.8";"1.9";"1.7"
"World";"WOR";"Club Friendlies 3";"27-06-2026 05:30";"FT";"Trenčín";"4";"2";"Petržalka akadémia";"0";"1";"1.4";"1.3";"1.8";"1.4";"3";"2.1";"53";"36";"26";"6";"2";"2.9";"1.8";"1.4";"1.3";"1.3"
"World";"WOR";"Club Friendlies 3";"27-06-2026 05:30";"FT";"Mezőkövesd-Zsóry";"2";"3";"FK Košice";"1";"1";"2";"1.8";"2.4";"1.5";"3.8";"2.1";"74";"48";"27";"27";"2";"3.8";"2.2";"1.5";"2";"1.8"
"World";"WOR";"Club Friendlies 3";"27-06-2026 05:30";"FT";"Lugano";"2";"1";"Neuchâtel Xamax";"1";"1";"2.3";"2";"2.8";"1.6";"4.4";"2.1";"94";"67";"41";"20";"2";"4.3";"2.8";"1.6";"2.2";"2"
"World";"WOR";"Club Friendlies 3";"27-06-2026 05:30";"FT";"Hartberg";"3";"1";"Admira";"1";"0";"1.7";"1.7";"2.3";"2.6";"4.2";"2.1";"75";"70";"40";"30";"2";"4";"2.3";"2.6";"1.4";"1.7"
"World";"WOR";"Club Friendlies 3";"27-06-2026 06:00";"FT";"Piast Gliwice";"0";"2";"Raków Częstochowa";"0";"1";"2.5";"1.4";"1.5";"3";"4.2";"2.1";"80";"55";"40";"30";"2";"4";"1.5";"2.9";"2.3";"1.2"
"World";"WOR";"Club Friendlies 3";"27-06-2026 06:00";"FT";"Sigma Olomouc";"1";"0";"Ružomberok";"0";"0";"1.7";"1.5";"1.6";"1.7";"3.2";"2.1";"60";"40";"30";"15";"2";"3";"1.4";"1.6";"1.5";"1.4"
"World";"WOR";"Club Friendlies 3";"27-06-2026 06:00";"FT";"Wisła Płock";"2";"1";"Pogon Grodzisk Mazowiecki";"1";"0";"2";"1.7";"1.4";"1.4";"3.2";"2.1";"75";"40";"15";"0";"2";"3.2";"1.4";"1.2";"2";"1.7"
"World";"WOR";"Club Friendlies 3";"27-06-2026 06:00";"FT";"Paksi SE";"4";"1";"Komárno";"2";"1";"1.9";"2.4";"2.1";"2.2";"4.3";"2.1";"75";"55";"45";"30";"2";"4.1";"1.9";"2.1";"1.8";"2.4"
"World";"WOR";"Club Friendlies 3";"27-06-2026 06:00";"FT";"Sportfreunde Siegen";"6";"0";"Cosmos Koblenz";"2";"0";"0.7";"";"0.7";"";"";"2.1";"";"";"";"";"2";"";"0";"";"0.3";""
"World";"WOR";"Club Friendlies 3";"27-06-2026 06:00";"FT";"Slovan Liberec";"2";"0";"Ústí nad Labem";"0";"0";"2.8";"1";"1.9";"1.3";"3.5";"2.1";"75";"45";"25";"15";"2";"3.3";"1.9";"1.3";"2.4";"1"
"World";"WOR";"Club Friendlies 3";"27-06-2026 06:00";"FT";"Teplice";"2";"0";"Spartak Trnava";"1";"0";"1.4";"3.5";"1.1";"2.2";"4.1";"2.1";"65";"55";"40";"40";"2";"3.8";"0.9";"2.2";"1.1";"3.4"
"World";"WOR";"Club Friendlies 3";"27-06-2026 06:00";"FT";"FC Utrecht";"1";"2";"De Graafschap";"1";"2";"1.3";"0.9";"1.2";"1.8";"2.6";"2.1";"55";"20";"10";"5";"2";"2.3";"1.1";"1.6";"1.2";"0.8"
"World";"WOR";"Club Friendlies 3";"27-06-2026 06:00";"FT";"Bayreuth";"5";"0";"Neumarkt Germany";"3";"0";"";"";"";"";"";"2.1";"";"";"";"";"2";"";"";"";"";""
"World";"WOR";"Club Friendlies 3";"27-06-2026 06:00";"FT";"Diósgyőr";"1";"0";"Zemplín Michalovce";"1";"0";"2.2";"1.8";"1.6";"1.7";"3.6";"2.1";"75";"50";"35";"20";"2";"3.5";"1.5";"1.6";"2.1";"1.8"
"World";"WOR";"Club Friendlies 3";"27-06-2026 06:00";"FT";"Vysočina Jihlava";"3";"1";"Příbram";"1";"0";"1.4";"1.7";"1.4";"1.5";"3";"2.1";"60";"35";"15";"0";"2";"3";"1.4";"1.4";"1.4";"1.7"
"World";"WOR";"Club Friendlies 3";"27-06-2026 06:00";"CANCELLED";"Memmingen";"";"";"Gundelfingen";"";"";"1";"";"0.5";"";"";"2.1";"";"";"";"";"2";"";"0";"";"0.5";""
"World";"WOR";"Club Friendlies 3";"27-06-2026 06:00";"CANCELLED";"Almere City";"";"";"HHC";"";"";"1.2";"1.6";"0.8";"1.4";"2.5";"2.1";"40";"30";"15";"5";"2";"2.2";"0.7";"1.3";"1.1";"1.4"
"World";"WOR";"Club Friendlies 3";"27-06-2026 06:00";"TBA";"Gau-Odernheim";"";"";"Mainz 05 II";"";"";"";"";"";"";"";"2.1";"";"";"";"";"2";"";"";"";"";""
"World";"WOR";"Club Friendlies 3";"27-06-2026 06:15";"FT";"Zlín";"1";"2";"Skalica";"0";"0";"2";"2.1";"1.5";"2";"3.8";"2.1";"70";"60";"35";"10";"2";"3.6";"1.3";"2";"1.9";"2.1"
"World";"WOR";"Club Friendlies 3";"27-06-2026 06:30";"FT";"Zürich";"3";"2";"FC Schaffhausen";"2";"0";"2.4";"1.6";"2.3";"1.4";"3.8";"2.1";"80";"45";"25";"15";"2";"3.7";"2.1";"1.4";"2.3";"1.6"
"World";"WOR";"Club Friendlies 3";"27-06-2026 07:00";"FT";"Pogoń Siedlce";"0";"3";"Unia Skierniewice";"0";"0";"1.4";"2.3";"1.5";"2.9";"4";"2.1";"85";"50";"40";"15";"2";"3.8";"1.5";"2.6";"1.3";"2.3"
"World";"WOR";"Club Friendlies 3";"27-06-2026 07:00";"FT";"FC Dordrecht";"3";"0";"Schalke 04 II";"1";"0";"2.4";"";"1.5";"";"";"2.1";"";"";"";"";"2";"";"1.5";"";"2.3";""
"World";"WOR";"Club Friendlies 3";"27-06-2026 07:00";"FT";"Esbjerg";"3";"3";"Vejle Boldklub";"0";"1";"1.4";"2";"1.2";"1.5";"3";"2.1";"70";"40";"10";"5";"2";"2.9";"1.2";"1.4";"1.4";"1.8"
"World";"WOR";"Club Friendlies 3";"27-06-2026 08:00";"FT";"Widzew Lodz";"4";"0";"Stal Rzeszów";"1";"0";"2.2";"1.7";"2.2";"1.7";"3.8";"2.1";"74";"58";"36";"30";"2";"3.6";"2";"1.4";"2.1";"1.7"
"World";"WOR";"Club Friendlies 3";"27-06-2026 08:00";"FT";"AGF";"1";"1";"Viborg FF";"1";"1";"1.4";"1.9";"2.8";"1.9";"4";"2.1";"85";"60";"35";"20";"2";"4";"2.8";"1.9";"1.4";"1.9"
"World";"WOR";"Club Friendlies 3";"27-06-2026 08:00";"FT";"SK Rapid";"4";"1";"Floridsdorfer AC";"3";"1";"1.9";"1.5";"1.3";"1.9";"3.3";"2.1";"65";"40";"15";"10";"2";"3.2";"1.3";"1.9";"1.7";"1.4"
"World";"WOR";"Club Friendlies 3";"27-06-2026 08:00";"FT";"Ayr United";"3";"0";"Glenafton Athletic";"0";"0";"2.5";"";"1.9";"";"";"2.1";"";"";"";"";"2";"";"1.8";"";"2.4";""
"World";"WOR";"Club Friendlies 3";"27-06-2026 08:00";"FT";"FSV Optik Rathenow";"0";"1";"Altglienicke";"0";"0";"";"";"";"";"";"2.1";"";"";"";"";"2";"";"";"";"";""
"World";"WOR";"Club Friendlies 3";"27-06-2026 08:00";"DELAYED";"Hannover 96 II";"0";"0";"Hertha BSC II";"0";"0";"";"0.5";"";"0.5";"";"2.1";"";"";"";"";"2";"";"";"0";"";"0"
"World";"WOR";"Club Friendlies 3";"27-06-2026 08:00";"DELAYED";"Bremer SV";"0";"0";"Süderelbe";"0";"0";"";"";"";"";"";"2.1";"";"";"";"";"2";"";"";"";"";""
"World";"WOR";"Club Friendlies 3";"27-06-2026 09:00";"FT";"Stranraer";"4";"0";"Dundela";"1";"0";"1.6";"2.5";"1.9";"2";"4";"2.1";"84";"42";"42";"36";"2";"3.6";"1.9";"2";"1.4";"2"
"World";"WOR";"Club Friendlies 3";"27-06-2026 09:00";"FT";"Clachnacuddin";"1";"3";"Inverness CT";"0";"1";"1.5";"1.7";"0";"1.8";"2.4";"2.1";"53";"22";"16";"6";"2";"2.4";"0";"1.8";"1.5";"1.6"
"World";"WOR";"Club Friendlies 3";"27-06-2026 09:00";"FT";"FC København";"5";"3";"Mjällby";"3";"2";"2.3";"1.7";"1.2";"1.9";"3.6";"2.1";"55";"45";"35";"10";"2";"3.4";"1";"1.9";"2.3";"1.5"
"World";"WOR";"Club Friendlies 3";"27-06-2026 09:00";"FT";"Nordsjælland";"1";"1";"Horsens";"0";"1";"2.1";"1.6";"2.1";"1.2";"3.5";"2.1";"75";"55";"30";"10";"2";"3.4";"2.1";"1.2";"2";"1.5"
"World";"WOR";"Club Friendlies 3";"27-06-2026 09:00";"FT";"Zulte-Waregem";"0";"6";"Racing Waregem";"0";"1";"0.9";"";"2";"";"";"2.1";"";"";"";"";"2";"";"2";"";"0.9";""
"World";"WOR";"Club Friendlies 3";"27-06-2026 09:00";"CANCELLED";"Stuttgart II";"";"";"Augsburg II";"";"";"1.8";"";"2.3";"";"";"2.1";"";"";"";"";"2";"";"2.2";"";"1.8";""
"World";"WOR";"Club Friendlies 3";"27-06-2026 09:00";"CANCELLED";"Schwaben Augsburg";"";"";"Rain / Lech";"";"";"";"";"";"";"";"2.1";"";"";"";"";"2";"";"";"";"";""
"World";"WOR";"Club Friendlies 3";"27-06-2026 09:00";"CANCELLED";"Telstar";"";"";"Helmond Sport";"";"";"1.3";"1.7";"2.2";"1.1";"3.2";"2.1";"65";"35";"20";"5";"2";"3";"2";"1";"1.3";"1.7"
"World";"WOR";"Club Friendlies 3";"27-06-2026 10:00";"FT";"Livingston";"2";"0";"Dundee";"0";"0";"1.7";"1.5";"1.4";"2.2";"3.4";"2.1";"70";"45";"25";"20";"2";"3.2";"1.3";"2.1";"1.6";"1.4"
"World";"WOR";"Club Friendlies 3";"27-06-2026 10:00";"FT";"Bielawianka Bielawa";"0";"11";"Śląsk Wrocław";"0";"5";"";"1.3";"";"1.7";"";"2.1";"";"";"";"";"2";"";"";"1.7";"";"1.3"
"World";"WOR";"Club Friendlies 3";"27-06-2026 10:00";"FT";"Airdrieonians";"1";"1";"Elgin City";"1";"1";"2.1";"1.8";"1.9";"2.2";"4";"2.1";"80";"50";"30";"25";"2";"4";"1.9";"2.2";"2";"1.8"
"World";"WOR";"Club Friendlies 3";"27-06-2026 10:00";"FT";"ASV Salzburg";"1";"5";"Austria Salzburg";"";"";"";"2.1";"";"2";"";"2.1";"";"";"";"";"2";"";"";"1.8";"";"2.1"
"World";"WOR";"Club Friendlies 3";"27-06-2026 10:00";"FT";"Forres Mechanics";"0";"0";"Ross County";"0";"0";"";"3.3";"";"1.7";"";"2.1";"";"";"";"";"2";"";"";"1.7";"";"2.9"
"World";"WOR";"Club Friendlies 3";"27-06-2026 10:00";"FT";"Diksmuide";"1";"5";"KV Kortrijk";"0";"2";"";"1.4";"";"1.8";"";"2.1";"";"";"";"";"2";"";"";"1.8";"";"1.4"
"World";"WOR";"Club Friendlies 3";"27-06-2026 10:00";"FT";"Forfar Athletic";"1";"1";"Montrose";"0";"0";"1.6";"2.3";"1.4";"1.7";"3.5";"2.1";"60";"50";"30";"25";"2";"3.4";"1.4";"1.7";"1.5";"2.3"
"World";"WOR";"Club Friendlies 3";"27-06-2026 10:00";"FT";"Invergordon";"1";"5";"Ross County";"0";"2";"";"3.3";"";"1.7";"";"2.1";"";"";"";"";"2";"";"";"1.7";"";"2.9"
"World";"WOR";"Club Friendlies 3";"27-06-2026 10:00";"FT";"Arbroath";"2";"4";"St. Mirren";"1";"2";"2.2";"1.8";"2.2";"1.6";"3.9";"2.1";"75";"60";"35";"10";"2";"3.9";"2.2";"1.6";"2.2";"1.8"
"World";"WOR";"Club Friendlies 3";"27-06-2026 10:00";"FT";"Kristiansund";"0";"3";"Aalesund";"0";"1";"2.4";"2.4";"1.5";"1.4";"3.8";"2.1";"70";"50";"30";"20";"2";"3.8";"1.3";"1.4";"2.4";"2.4"
"World";"WOR";"Club Friendlies 3";"27-06-2026 10:00";"FT";"Cove Rangers";"0";"1";"Aberdeen";"0";"1";"1.2";"1.5";"1.8";"1.8";"3.2";"2.1";"65";"50";"25";"5";"2";"3";"1.8";"1.6";"1.2";"1.5"
"World";"WOR";"Club Friendlies 3";"27-06-2026 10:00";"CANCELLED";"Mjällby";"";"";"Malmö FF";"";"";"1.7";"1.4";"1.7";"1.7";"3.2";"2.1";"55";"50";"20";"10";"2";"3.2";"1.7";"1.7";"1.5";"1.4"
"World";"WOR";"Club Friendlies 3";"27-06-2026 10:00";"CANCELLED";"Eichstätt";"";"";"1860 München II";"";"";"";"1";"";"1";"";"2.1";"";"";"";"";"2";"";"";"0.5";"";"0.5"
"World";"WOR";"Club Friendlies 3";"27-06-2026 11:00";"FT";"Luzern";"3";"2";"Stade Lausanne-Ouchy";"1";"2";"1.8";"1.9";"1.7";"3.2";"4.3";"2.1";"85";"75";"45";"25";"2";"4";"1.6";"2.9";"1.7";"1.8"
"World";"WOR";"Club Friendlies 3";"27-06-2026 11:00";"FT";"St. Gallen";"3";"2";"Rheindorf Altach";"2";"1";"3.9";"1.5";"2.8";"2.5";"5.4";"2.1";"85";"80";"75";"35";"2";"5.1";"2.8";"2.4";"3.8";"1.2"
"World";"WOR";"Club Friendlies 3";"27-06-2026 11:00";"FT";"IFK Göteborg";"1";"2";"HamKam";"1";"0";"2.8";"1.3";"1.6";"1.9";"3.8";"2.1";"60";"45";"25";"15";"2";"3.6";"1.6";"1.7";"2.7";"1.3"
"World";"WOR";"Club Friendlies 3";"27-06-2026 11:00";"FT";"Queen of the South";"0";"1";"Connah's Quay";"0";"1";"2.1";"2.4";"2";"2.2";"4.4";"2.1";"80";"60";"50";"25";"2";"4.2";"2";"2.2";"2";"2.3"
"World";"WOR";"Club Friendlies 3";"27-06-2026 11:00";"FT";"Clyde";"1";"2";"Dunfermline Athletic";"1";"2";"1.6";"1.8";"1.7";"2.2";"3.6";"2.1";"65";"40";"20";"15";"2";"3.6";"1.7";"2.1";"1.6";"1.8"
"World";"WOR";"Club Friendlies 3";"27-06-2026 11:00";"FT";"Lokomotiv Moskva";"0";"0";"Rodina Moskva";"0";"0";"2.9";"2.2";"2.6";"2.8";"5.2";"2.1";"80";"75";"60";"45";"2";"5";"2.4";"2.7";"2.8";"2"
"World";"WOR";"Club Friendlies 3";"27-06-2026 11:00";"FT";"BFC Dynamo";"0";"3";"Pogoń Szczecin";"0";"1";"0";"1.7";"1.5";"1.5";"2.4";"2.1";"30";"20";"15";"10";"2";"1.8";"0.5";"1.4";"0";"1.6"
"World";"WOR";"Club Friendlies 3";"27-06-2026 11:00";"FT";"East Kilbride";"4";"0";"Kelty Hearts";"3";"0";"2.2";"2.2";"2.7";"1.8";"4.4";"2.1";"84";"72";"44";"28";"2";"4.4";"2.7";"1.7";"2.2";"2.2"
"World";"WOR";"Club Friendlies 3";"27-06-2026 11:00";"FT";"Pollok";"0";"0";"Partick Thistle";"0";"0";"";"1.5";"";"1.4";"";"2.1";"";"";"";"";"2";"";"";"1.4";"";"1.4"
"World";"WOR";"Club Friendlies 3";"27-06-2026 11:00";"FT";"Annan Athletic";"0";"0";"Queen's Park";"0";"0";"1.7";"1.7";"2.1";"2";"3.8";"2.1";"64";"54";"31";"31";"2";"3.6";"2.1";"2";"1.7";"1.4"
"World";"WOR";"Club Friendlies 3";"27-06-2026 11:00";"FT";"Gala Fairydean Rovers";"3";"3";"Edinburgh City";"1";"1";"2.7";"2.3";"1.3";"1.8";"4";"2.1";"74";"68";"32";"32";"2";"4";"1.3";"1.7";"2.7";"2.3"
"World";"WOR";"Club Friendlies 3";"27-06-2026 11:00";"DELAYED";"Vroomshoopse Boys";"";"";"FC Twente";"";"";"";"0.6";"";"1.6";"";"2.1";"";"";"";"";"2";"";"";"1.6";"";"0.6"
"World";"WOR";"Club Friendlies 3";"27-06-2026 11:30";"FT";"Bayern München II";"0";"2";"Legia Warszawa";"0";"1";"1";"1.9";"0";"2.3";"2.6";"2.1";"45";"25";"15";"15";"2";"2";"0";"2.2";"0";"1.8"
"World";"WOR";"Club Friendlies 3";"27-06-2026 11:30";"FT";"Mačva Šabac";"0";"0";"Petrovac";"0";"0";"2.7";"3";"2.6";"2.8";"5.5";"2.1";"89";"74";"63";"53";"2";"5.3";"2.3";"2.8";"2.6";"2.9"
"World";"WOR";"Club Friendlies 3";"27-06-2026 11:30";"FT";"Kreuzlingen";"0";"4";"Grasshopper";"0";"1";"1.5";"2.9";"0.8";"2.8";"4";"2.1";"70";"58";"30";"25";"2";"3.3";"0.5";"2.6";"1";"2.5"
"World";"WOR";"Club Friendlies 3";"27-06-2026 11:30";"FT";"Thalwil";"4";"6";"Zürich";"2";"2";"";"2.4";"";"1.9";"";"2.1";"";"";"";"";"2";"";"";"1.7";"";"2.3"
"World";"WOR";"Club Friendlies 3";"27-06-2026 12:00";"FT";"Kriens";"1";"2";"Vaduz";"1";"0";"3";"2.8";"3.5";"2.4";"5.8";"2.1";"75";"75";"56";"38";"2";"5.4";"3";"2.4";"3";"2.5"
"World";"WOR";"Club Friendlies 3";"27-06-2026 12:00";"FT";"La Sarraz-Eclépens";"0";"3";"Lausanne Sport";"0";"2";"0.5";"2.6";"2.5";"1.4";"3.5";"2.1";"64";"53";"42";"16";"2";"3.2";"2";"1.4";"0.5";"2.3"
"World";"WOR";"Club Friendlies 3";"27-06-2026 12:00";"FT";"Sion";"7";"0";"Étoile Carouge";"3";"0";"2.1";"2.5";"3";"1.9";"4.8";"2.1";"85";"65";"45";"30";"2";"4.5";"3";"1.7";"2";"2.3"
"World";"WOR";"Club Friendlies 3";"27-06-2026 12:00";"CANCELLED";"Dinklage";"";"";"Meppen";"";"";"";"";"";"";"";"2.1";"";"";"";"";"2";"";"";"";"";""
"World";"WOR";"Club Friendlies 3";"27-06-2026 12:00";"CANCELLED";"Karviná";"";"";"Polonia Bytom";"";"";"2.6";"1.7";"2.2";"1.8";"4.1";"2.1";"68";"46";"41";"26";"2";"4";"1.9";"1.8";"2.6";"1.7"
"World";"WOR";"Club Friendlies 3";"27-06-2026 12:00";"CANCELLED";"Wolfenbüttel";"";"";"HSC Hannover";"";"";"";"";"";"";"";"2.1";"";"";"";"";"2";"";"";"";"";""
"World";"WOR";"Club Friendlies 3";"27-06-2026 12:00";"CANCELLED";"CSKA Sofia";"";"";"Qarabağ";"";"";"3.4";"1.9";"2.5";"2.7";"5.2";"2.1";"85";"70";"65";"35";"2";"5.1";"2.5";"2.6";"3.2";"1.8"
"World";"WOR";"Club Friendlies 3";"27-06-2026 12:00";"DELAYED";"AZ";"0";"0";"Jong AZ";"0";"0";"1.4";"1";"1.7";"1.6";"2.8";"2.1";"50";"30";"20";"15";"2";"2.8";"1.7";"1.5";"1.4";"0.9"
"World";"WOR";"Club Friendlies 3";"27-06-2026 12:30";"FT";"Wolfsberger AC";"2";"0";"Nyíregyháza Spartacus";"1";"0";"1.6";"2.3";"1.6";"2.4";"4";"2.1";"80";"65";"40";"15";"2";"4";"1.6";"2.4";"1.6";"2.3"
"World";"WOR";"Club Friendlies 3";"27-06-2026 12:30";"FT";"Botev Vratsa";"1";"1";"Levski Sofia";"0";"0";"1.7";"1.5";"2.8";"2";"4";"2.1";"80";"65";"45";"15";"2";"3.8";"2.8";"1.8";"1.5";"1.5"
"World";"WOR";"Club Friendlies 3";"27-06-2026 13:00";"FT";"SV Rohrbach";"0";"3";"Gloggnitz";"0";"0";"";"1.8";"";"1.6";"";"2.1";"";"";"";"";"2";"";"";"1.6";"";"1.8"
"World";"WOR";"Club Friendlies 3";"27-06-2026 13:00";"DELAYED";"Sporting Hasselt";"";"";"Anderlecht";"";"";"1.4";"2.8";"2";"2.6";"4.4";"2.1";"76";"59";"38";"26";"2";"4.2";"2";"2.6";"1.2";"2.5"
"World";"WOR";"Club Friendlies 3";"27-06-2026 13:15";"FT";"LNZ Cherkasy";"0";"1";"Hajduk Split";"0";"1";"1.4";"1.6";"1.8";"1.4";"3.1";"2.1";"65";"40";"20";"10";"2";"3";"1.8";"1.3";"1.4";"1.6"
"World";"WOR";"Club Friendlies 3";"27-06-2026 13:30";"FT";"Újpest";"0";"0";"Universitatea Cluj";"0";"0";"2.3";"2.8";"2.2";"1.8";"4.6";"2.1";"80";"65";"45";"35";"2";"4.4";"2.2";"1.7";"2.2";"2.7"
"World";"WOR";"Club Friendlies 3";"27-06-2026 13:30";"FT";"WSPG Wels";"0";"5";"LASK Linz";"0";"2";"2.1";"1.3";"2";"2";"3.7";"2.1";"69";"37";"32";"26";"2";"3.4";"2";"1.7";"2.1";"1.1"
"World";"WOR";"Club Friendlies 3";"27-06-2026 15:00";"FT";"Malmundaria";"0";"7";"RFC Liège";"0";"0";"";"1.7";"";"2";"";"2.1";"";"";"";"";"2";"";"";"2";"";"1.6"
"World";"WOR";"Club Friendlies 3";"27-06-2026 21:00";"FT";"Rotor Volgograd";"1";"0";"Ufa";"0";"0";"2.2";"2.6";"2.7";"3.2";"5.4";"2.1";"100";"90";"75";"40";"2";"5.2";"2.7";"3";"2.2";"2.5"
"World";"WOR";"Club Friendlies 3";"27-06-2026 21:00";"AWAITING_UPDATES";"Spartak Kostroma";"";"";"Volga Ulyanovsk";"";"";"1.9";"2.2";"1.9";"1.3";"3.7";"2.1";"62";"56";"33";"11";"2";"3.6";"1.9";"1.3";"1.7";"2.2"
"World";"WOR";"Club Friendlies 3";"27-06-2026 21:00";"AWAITING_UPDATES";"Aluminij";"";"";"Noah";"";"";"1.2";"2";"1.5";"2";"3.4";"2.1";"61";"46";"24";"12";"2";"3.3";"1.4";"2";"1.2";"2"
"World";"WOR";"Club Friendlies Women";"27-06-2026 05:00";"AWAITING_UPDATES";"Kleinmünchen / BW Linz W";"";"";"Rapid W";"";"";"2.1";"0.4";"1";"0.6";"2";"1";"34";"16";"11";"6";"0.9";"2";"0.9";"0.6";"2.1";"0.4"
"Australia";"AUS";"Tasmania Northern Championship";"27-06-2026 01:30";"FT";"Devonport City II";"4";"1";"Launceston City II";"2";"0";"";"";"";"";"";"";"";"";"";"";"";"";"";"";"";""
"Australia";"AUS";"Tasmania Northern Championship";"27-06-2026 01:30";"FT";"Burnie United";"0";"6";"Northern Rangers";"0";"0";"";"";"";"";"";"";"";"";"";"";"";"";"";"";"";""
"Australia";"AUS";"Tasmania Northern Championship";"27-06-2026 01:30";"FT";"Somerset";"2";"2";"Ulverstone II";"1";"1";"";"";"";"";"";"";"";"";"";"";"";"";"";"";"";""
"Australia";"AUS";"Tasmania Northern Championship";"27-06-2026 06:00";"FT";"Riverside II";"2";"0";"Launceston United II";"2";"0";"";"";"";"";"";"";"";"";"";"";"";"";"";"";"";""
"Peru";"PER";"Copa de La Liga";"27-06-2026 15:00";"FT";"Comerciantes Unidos";"0";"0";"ADC Juan Pablo II";"0";"0";"2.5";"2.2";"2.8";"2.7";"5.1";"5.8";"90";"70";"50";"40";"5.4";"4.6";"2.6";"2.5";"2.4";"1.6"
"Peru";"PER";"Copa de La Liga";"27-06-2026 17:15";"FT";"Sporting Cristal";"2";"0";"Unión Comercio";"0";"0";"2.5";"2.3";"2.9";"2.7";"5.2";"5.8";"85";"70";"50";"40";"5.4";"4.8";"2.7";"2.4";"2.3";"2.2"
"Peru";"PER";"Copa de La Liga";"27-06-2026 17:15";"FT";"Comerciantes";"0";"0";"Estudiantil CNI";"0";"0";"1.7";"2.7";"2.7";"2.4";"4.7";"5.8";"89";"72";"33";"22";"5.4";"4.4";"2.4";"2.4";"1.7";"2.3"
"Peru";"PER";"Copa de La Liga";"27-06-2026 21:30";"FT";"Sport Boys";"3";"0";"Academia Cantolao";"0";"0";"3.5";"3";"3.2";"2.9";"6.3";"5.8";"95";"90";"80";"60";"5.4";"5.4";"2.5";"2.7";"2.9";"2.8"
"South Africa";"RSA";"Super League Women";"27-06-2026 04:00";"FT";"JVW W";"2";"1";"Ezemvelo W";"2";"1";"";"1";"";"1.4";"";"2.4";"";"";"";"";"2.4";"";"";"1.2";"";"1"
"South Africa";"RSA";"Super League Women";"27-06-2026 07:00";"FT";"University of Pretoria W";"2";"0";"UWC Ladies";"0";"0";"";"1.3";"";"2.3";"";"2.4";"";"";"";"";"2.4";"";"";"2.3";"";"1.3"
"South Africa";"RSA";"Super League Women";"27-06-2026 10:00";"FT";"Mamelodi Sundowns W";"5";"0";"Richmond United W";"2";"0";"1";"1";"1.3";"1.5";"2.4";"2.4";"42";"42";"16";"0";"2.4";"2.4";"1.3";"1.5";"1";"1"