"Country ";"Short";"League ";"Hour";"Status";"Home Team";"Result Home";"Result Visitor";"Visitor Team";"Result Home HT";"Result Visitor HT";"Casa";"Fora";"Casa";"Fora";"Global";"Global";"Global";"Global";"Global";"Global";"Casa";"Fora";"Casa";"Fora";"Global";"Casa";"Fora";"Casa";"Fora";"Global";"Casa";"Fora";"Casa";"Fora";"Global";"Casa";"Fora"
"World";"WOR";"World Cup";"27-06-2026 00:00";"FT";"Egypt";"1";"1";"Iran";"1";"1";"3";"4";"5.5";"2.8";"7.6";"48";"38";"26";"16";"18.2";"9.2";"7.5";"10.6";"9.2";"6.9";"3.8";"2.3";"3.7";"4";"8.8";"20";"33";"10";"50";"9";"5";"4.6"
"World";"WOR";"World Cup";"27-06-2026 00:00";"FT";"New Zealand";"1";"5";"Belgium";"0";"1";"4";"7.7";"5.7";"3.4";"10.4";"75";"75";"50";"50";"25.1";"9";"18.1";"15.5";"7.6";"9.1";"3.7";"6.9";"5.3";"2.3";"8.8";"40";"50";"30";"60";"9";"9.3";"5.8"
"World";"WOR";"World Cup";"27-06-2026 18:00";"FT";"Croatia";"2";"1";"Ghana";"1";"0";"5.5";"3.6";"4.3";"5.2";"9.3";"70";"55";"45";"35";"21.7";"13.7";"7.9";"10.3";"11.5";"7.5";"4.2";"3";"4.2";"3.6";"8.8";"60";"10";"30";"20";"9";"6.9";"7.3"
"World";"WOR";"World Cup";"27-06-2026 18:00";"FT";"Panama";"0";"2";"England";"0";"0";"3.2";"8.2";"4.6";"2.1";"9";"70";"65";"55";"35";"22.2";"9.3";"19.8";"9.5";"5.9";"7.8";"4.1";"6";"3.8";"1.7";"8.8";"22";"78";"30";"90";"9";"6.2";"7.4"
"World";"WOR";"World Cup";"27-06-2026 20:30";"FT";"Colombia";"0";"0";"Portugal";"0";"0";"4.5";"6.2";"3.2";"2.3";"8.1";"60";"55";"30";"20";"24.8";"13.6";"18.5";"8.9";"8.7";"8.6";"5.4";"6.4";"2.7";"2.6";"8.8";"60";"60";"70";"100";"9";"6.2";"6.9"
"World";"WOR";"World Cup";"27-06-2026 20:30";"FT";"Congo DR";"3";"1";"Uzbekistan";"0";"1";"4.4";"4.2";"4.3";"4.6";"8.8";"67";"56";"28";"16";"21.1";"12";"8.3";"9.8";"12.1";"7";"3.2";"3.1";"3.3";"4.3";"8.8";"44";"44";"33";"22";"9";"10.3";"5.8"
"World";"WOR";"World Cup";"27-06-2026 23:00";"FT";"Algeria";"3";"3";"Austria";"1";"1";"4.7";"3.5";"4.3";"3.2";"7.8";"54";"44";"27";"22";"20.4";"11.6";"10";"10.1";"9.1";"7";"4";"4.3";"3.7";"1.9";"8.8";"67";"70";"33";"60";"8";"5.1";"3.7"
"World";"WOR";"World Cup";"27-06-2026 23:00";"FT";"Jordan";"1";"3";"Argentina";"0";"2";"3.7";"4.4";"6.3";"2.3";"8.4";"60";"60";"45";"25";"21.5";"9.7";"12.9";"14.1";"6.2";"8.4";"4.1";"5.9";"5.3";"1.6";"8.8";"50";"60";"20";"60";"8";"5.8";"4.4"
"Brazil";"BRA";"Serie B";"27-06-2026 11:00";"FT";"Operário PR";"1";"0";"América Mineiro";"0";"0";"4.7";"4.2";"5.4";"4.6";"9.4";"70";"55";"45";"20";"28.2";"13.4";"11.5";"15.3";"16.1";"10.2";"4.1";"4.3";"6.2";"5.9";"10.4";"40";"50";"50";"40";"10";"6.9";"8.6"
"Brazil";"BRA";"Serie B";"27-06-2026 16:00";"FT";"Criciúma";"1";"0";"São Bernardo";"1";"0";"6.3";"3.3";"4.8";"6.4";"10.4";"75";"55";"55";"55";"25.3";"13.1";"10.1";"13.5";"13.9";"7.9";"3.9";"3.9";"4.2";"3.8";"10.4";"50";"40";"50";"20";"10";"7.5";"5"
"Brazil";"BRA";"Paraense A2";"27-06-2026 15:00";"FT_PEN";"Urumajó";"1";"1";"Izabelense";"1";"0";"";"4.3";"";"3.7";"";"";"";"";"";"";"";"14.7";"";"6.7";"";"";"9";"";"3.7";"8.2";"";"67";"";"67";"";"";""
"China";"CHN";"League One";"27-06-2026 04:30";"FT";"Changchun Yatai";"1";"2";"Guangxi Hengchen";"0";"0";"4.6";"6.9";"3.6";"3.7";"9.4";"80";"65";"45";"35";"21";"10.6";"13.2";"10.7";"7.6";"7.6";"4.2";"4.1";"3.9";"2.9";"9.2";"40";"40";"50";"70";"9";"5.3";"6.4"
"China";"CHN";"League One";"27-06-2026 08:00";"FT";"Dalian Kuncheng City";"5";"4";"Shenzhen Juniors FC";"3";"3";"6";"3.8";"4";"6.2";"10";"90";"70";"45";"35";"21.5";"11.7";"9.8";"11.1";"10.4";"7.8";"3.6";"4.4";"3.9";"3.7";"9.2";"80";"40";"80";"40";"9";"10.2";"4.5"
"China";"CHN";"League One";"27-06-2026 08:30";"FT";"Guangzhou E-Power FC";"2";"1";"Shaanxi Union FC";"1";"1";"5";"3.5";"5";"4.7";"9.1";"75";"65";"40";"30";"22.7";"15.5";"8.8";"10.3";"10.8";"8.5";"5.3";"3.1";"4.2";"4.4";"9.2";"50";"50";"40";"20";"9";"6.3";"4.7"
"China";"CHN";"League One";"27-06-2026 08:30";"FT";"Shijiazhuang Gongfu";"2";"1";"Nanjing City";"1";"1";"3.6";"4.6";"4.8";"4.6";"8.8";"70";"45";"35";"30";"20.8";"9.8";"11.9";"9.2";"10.8";"6.4";"2.2";"3.2";"3.3";"4.1";"9.2";"50";"60";"20";"60";"9";"31.5";"11.9"
"China";"CHN";"League One";"27-06-2026 08:30";"FT";"Nantong Zhiyun";"1";"3";"Meizhou Hakka";"0";"1";"6.4";"4.4";"3";"5.2";"9.5";"80";"65";"50";"45";"22.6";"11.4";"9.4";"11.4";"12.9";"7.2";"3.8";"3.1";"2.9";"4.6";"9.2";"80";"60";"100";"30";"9";"9.1";"8.6"
"China";"CHN";"League One";"27-06-2026 08:30";"FT";"Foshan Nashi FC";"0";"2";"Yanbian Longding";"0";"2";"3.5";"3.5";"5.9";"5.6";"9.2";"75";"50";"45";"35";"22";"10.3";"9.7";"12";"12.1";"7.2";"3.4";"3.8";"4.2";"2.9";"9.2";"40";"20";"30";"40";"10";"6.9";"7.9"
"Finland";"FIN";"Ykkönen";"27-06-2026 16:15";"FT";"RoPS";"2";"2";"SalPa";"1";"1";"5";"5.9";"6.1";"4";"10.5";"89";"72";"44";"39";"19.5";"10.4";"12.7";"6.5";"9.4";"9.4";"5";"5.6";"3.2";"5";"11";"38";"60";"50";"60";"11";"6.1";"5.8"
"Morocco";"MAR";"Botola 2";"27-06-2026 12:00";"FT";"Amal Tiznit";"1";"1";"Mouloudia Oujda";"1";"1";"2.2";"4.5";"4.8";"3.4";"7.4";"50";"32";"25";"12";"17.2";"6.2";"9.5";"10.2";"8.2";"7.6";"1.8";"4.8";"5";"3.8";"8.7";"25";"38";"0";"38";"8";"6.9";"11.9"
"Morocco";"MAR";"Botola 2";"27-06-2026 12:00";"FT";"Racing de Casablanca";"0";"2";"Moghreb Tétouan";"0";"1";"5.7";"2.7";"3.3";"5.7";"8.6";"67";"58";"33";"33";"19.2";"11.5";"8.3";"9.3";"9.3";"8.2";"4.7";"3.3";"4.7";"3.7";"8.7";"50";"33";"83";"0";"9";"14.4";"8.3"
"Morocco";"MAR";"Botola 2";"27-06-2026 12:00";"FT";"Raja Beni Mellal";"2";"0";"Chabab Mohammédia";"2";"0";"5";"3.7";"3.8";"4.4";"8.4";"58";"47";"29";"24";"19.2";"12.5";"6.7";"8.6";"10.8";"8.4";"5.6";"2.8";"3.4";"5";"8.7";"50";"67";"62";"44";"9";"12.5";"13.4"
"Morocco";"MAR";"Botola 2";"27-06-2026 12:00";"FT";"Stade Marocain";"0";"1";"Widad Témara";"0";"0";"2.8";"5";"5.2";"3";"8";"64";"58";"22";"6";"18.4";"7.9";"10.9";"10.2";"7.8";"8.3";"3.9";"4.8";"4.5";"3.4";"8.7";"38";"89";"0";"56";"9";"9.9";"7.8"
"Morocco";"MAR";"Botola 2";"27-06-2026 12:00";"FT";"Wydad Fès";"3";"0";"JS EL Massira";"1";"0";"3.4";"1.6";"4.7";"3.8";"6.8";"38";"24";"17";"17";"17.5";"9.3";"9.2";"7.7";"8.8";"7.2";"3.7";"3.8";"3.1";"3.6";"8.7";"43";"40";"14";"0";"8";"10.3";"8.4"
"Morocco";"MAR";"Botola 2";"27-06-2026 12:00";"FT";"Chabab Ben Guerir";"0";"0";"Union Sportive Boujaad";"0";"0";"5.2";"6.6";"5.4";"3.8";"10.5";"100";"94";"65";"49";"16.8";"7.2";"9.2";"9.6";"7.6";"6.2";"3";"3.6";"2.6";"3.2";"8.7";"38";"40";"50";"80";"9";"7.2";"15.3"
"Morocco";"MAR";"Botola 2";"27-06-2026 12:00";"FT";"KAC Kénitra";"1";"2";"JS Soualem";"0";"1";"5";"4.3";"3.8";"4.6";"8.9";"62";"62";"54";"38";"17.8";"7";"8.5";"9.5";"10.5";"7.8";"2.7";"3.2";"4.5";"5.3";"8.7";"50";"50";"67";"29";"9";"5.8";"7.7"
"Morocco";"MAR";"Botola 2";"27-06-2026 12:00";"FT";"USM Oujda";"1";"1";"Chabab Atlas Khénifra";"0";"0";"5.7";"3.2";"4.3";"5.1";"9.2";"69";"64";"40";"34";"17.2";"8.2";"9";"8.2";"9";"7.5";"3.2";"3.3";"4.8";"3.7";"8.7";"33";"33";"71";"0";"9";"11.7";"7.5"
"Sweden";"SWE";"Damallsvenskan";"27-06-2026 09:00";"FT";"Malmö FF W";"6";"0";"Kristianstads W";"3";"0";"7";"4.9";"4";"4.3";"10.1";"70";"55";"55";"50";"18.1";"12.7";"9.1";"6.7";"7.7";"8.4";"5.2";"4.1";"3.1";"4.5";"11";"80";"30";"60";"60";"11";"7.9";"5.1"
"Uruguay";"URU";"Segunda Division";"27-06-2026 10:00";"FT";"Atenas";"2";"0";"Tacuarembó";"2";"0";"3.4";"4.9";"5.1";"5.2";"9.3";"80";"69";"58";"22";"18";"8.8";"9.9";"8.7";"8.6";"7";"4.1";"3.1";"2.7";"4";"9.7";"20";"67";"20";"33";"10";"5.2";"11"
"Uruguay";"URU";"Segunda Division";"27-06-2026 13:00";"FT";"Uruguay Montevideo";"3";"2";"Fénix";"1";"2";"6.1";"5.6";"5.3";"5.5";"11.2";"95";"95";"75";"60";"15.6";"7.1";"8.1";"9.6";"6.5";"7.2";"3";"3.6";"4.2";"3.6";"9.7";"50";"40";"60";"50";"10";"7.1";"5.1"
"Uruguay";"URU";"Segunda Division";"27-06-2026 16:00";"FT";"Huracán";"1";"2";"Rentistas";"0";"1";"4";"5.8";"4.9";"4.3";"9.5";"74";"58";"48";"32";"15.8";"6.1";"9";"8.4";"8.1";"6.9";"2.9";"3.8";"3.2";"3.9";"9.7";"30";"22";"50";"56";"9";"5.1";"11.2"
"Uruguay";"URU";"Segunda Division";"27-06-2026 19:00";"FT";"Paysandu FC";"2";"3";"Miramar Misiones";"1";"0";"4";"3.3";"4.1";"5.2";"8.3";"80";"45";"15";"10";"17.2";"10.3";"7.7";"9";"7.5";"6.7";"3.6";"3.2";"4";"2.6";"9.7";"50";"80";"40";"30";"9";"11.4";"6.4"
"Argentina";"ARG";"Torneo Promocional Amateur";"27-06-2026 13:00";"FT";"Uribelarrea";"1";"0";"Everton La Plata";"0";"0";"4";"3.2";"3.2";"4.5";"7.5";"62";"25";"12";"0";"20.2";"12.5";"11.5";"6";"10.2";"7.2";"4.5";"4.5";"2.2";"3";"7.8";"25";"50";"50";"25";"8";"13.9";"10.5"
"Argentina";"ARG";"Torneo Promocional Amateur";"27-06-2026 15:00";"FT";"Defensores Glew";"4";"2";"Provincial Lobos";"2";"0";"5";"5.5";"5";"6";"10.8";"100";"100";"50";"50";"";"";"11";"";"16.5";"";"";"6";"";"6";"7.8";"50";"50";"50";"0";"9";"";""
"Argentina";"ARG";"Torneo Promocional Amateur";"27-06-2026 15:00";"FT";"Náutico Hacoaj";"2";"2";"Estrella de Berisso";"1";"1";"2.5";"6.2";"5";"3.2";"8.5";"62";"62";"12";"12";"20.4";"7.5";"11";"14";"8.3";"10.2";"4";"4";"8";"4.3";"7.8";"0";"25";"0";"50";"8";"5.4";"22"
"Chile";"CHI";"Chilean Cup";"27-06-2026 18:00";"FT";"Deportes Santa Cruz";"0";"0";"Palestino";"0";"0";"6.6";"5.1";"5.6";"5.3";"11.3";"80";"80";"80";"65";"29.3";"16.6";"15.7";"11.6";"14.7";"10.6";"5.7";"5.7";"4.6";"5.3";"13";"30";"50";"70";"40";"12";"15.1";"6.9"
"Chile";"CHI";"Chilean Cup";"27-06-2026 18:00";"FT";"Deportes Limache";"1";"4";"Deportes Iquique";"0";"2";"3.7";"5.8";"6.3";"4.9";"10.4";"90";"80";"70";"45";"26.1";"11.7";"14";"13.4";"13.1";"9.6";"4.5";"4.8";"4.8";"5.1";"13";"40";"50";"30";"50";"12";"6.6";"11.7"
"Chile";"CHI";"Chilean Cup";"27-06-2026 18:00";"FT";"San Marcos";"0";"1";"Coquimbo Unido";"0";"0";"5.2";"6.1";"4.8";"4.1";"10.1";"90";"85";"60";"50";"22.2";"10.8";"12.8";"10.6";"10.2";"8.4";"4.2";"4.8";"4.5";"3.3";"13";"40";"60";"50";"60";"11";"7.2";"6.2"
"Chile";"CHI";"Chilean Cup";"27-06-2026 18:30";"FT";"Audax Italiano";"2";"1";"Magallanes";"2";"0";"4.7";"6";"5.2";"5.9";"10.9";"85";"80";"70";"55";"28.4";"12.9";"15.2";"15";"13.6";"10.9";"4.1";"6.6";"4.7";"6.3";"13";"60";"40";"40";"40";"12";"7.1";"9.5"
"Chile";"CHI";"Chilean Cup";"27-06-2026 21:00";"FT";"Universidad Católica";"4";"2";"San Luis";"2";"1";"5.8";"5.7";"4";"4.7";"10.1";"80";"80";"60";"35";"28.3";"14.7";"16.9";"12.1";"12.9";"9.4";"5";"6.4";"2.8";"4.7";"13";"70";"60";"50";"60";"11";"4.8";"9.4"
"Chile";"CHI";"Segunda División";"27-06-2026 17:00";"FT";"Deportes Rengo";"0";"1";"Colchagua";"0";"0";"4";"5.9";"6.6";"3.9";"10.2";"79";"58";"58";"47";"23.4";"9.1";"13.1";"15.7";"8.8";"10";"3.9";"5.4";"6.8";"3.8";"9.6";"44";"40";"22";"50";"10";"11.4";"8.7"
"Chile";"CHI";"Segunda División";"27-06-2026 18:00";"FT";"Concón National";"1";"1";"Colina";"0";"0";"3.4";"6.4";"5.1";"4.4";"9.7";"69";"64";"54";"38";"19.7";"8.6";"11.6";"9.8";"9.5";"7.4";"4";"4.4";"3.6";"2.9";"9.6";"60";"44";"30";"67";"9";"5.7";"12.9"
"Cape Verde";"CPV";"Campeonato Nacional";"27-06-2026 13:30";"AWAITING_UPDATES";"Mindelense";"2";"2";"Académica Porto Novo";"";"";"";"";"";"";"";"";"";"";"";"";"";"";"";"";"";"";"";"";"";"";"";"";"";"";"";"";""
"Cape Verde";"CPV";"Campeonato Nacional";"27-06-2026 13:30";"AWAITING_UPDATES";"Palmeira";"0";"1";"África Show";"";"";"";"";"";"";"";"";"";"";"";"";"";"";"";"";"";"";"";"";"";"";"";"";"";"";"";"";""
"Republic of Ireland";"IRL";"Premier Division";"27-06-2026 15:45";"FT";"Sligo Rovers";"2";"2";"Shelbourne";"1";"0";"4.8";"4.4";"8";"4.1";"10.6";"70";"65";"50";"40";"28.4";"9.9";"13.8";"22";"11.1";"7.8";"3";"4.3";"5.2";"3.2";"10.1";"50";"20";"50";"20";"11";"8.6";"7.4"
"South Korea";"KOR";"WK-League";"27-06-2026 07:00";"FT";"Changnyeong W";"0";"0";"Gumi Sportstoto W";"0";"0";"3";"2.6";"5.5";"5.1";"8.1";"62";"31";"31";"23";"18.5";"6.8";"7";"13.2";"10";"8.3";"3.8";"2.7";"5.3";"4.7";"8.9";"17";"57";"17";"0";"8";"5.2";"5.4"
"South Korea";"KOR";"WK-League";"27-06-2026 07:00";"FT";"Boeun Sangmu W";"1";"1";"Incheon Red Angels W";"0";"0";"3.3";"3.3";"5.3";"4.6";"8.3";"69";"31";"24";"24";"21.2";"11.3";"9.7";"12";"9.3";"8.6";"5.3";"3.5";"5";"3.5";"8.9";"67";"29";"0";"43";"8";"11.3";"8.1"
"Argentina";"ARG";"Primera C";"27-06-2026 13:00";"FT";"Deportivo Paraguayo";"0";"2";"Centro Español";"0";"1";"5.2";"4.1";"4.1";"4.1";"8.8";"55";"50";"45";"20";"18.1";"6.7";"11.2";"8.4";"9.9";"7";"2.7";"4.4";"3";"4";"7.8";"80";"70";"50";"40";"8";"9.6";"8"
"Argentina";"ARG";"Primera C";"27-06-2026 13:00";"FT";"Sacachispas";"0";"1";"Lugano";"0";"0";"3.5";"2.7";"4.2";"6";"8.2";"60";"45";"35";"10";"17.6";"8.8";"8.7";"7.9";"9.9";"6.6";"3.4";"2.9";"2.7";"4.1";"7.8";"30";"70";"30";"20";"8";"7.5";"7.9"
"Argentina";"ARG";"Primera C";"27-06-2026 15:00";"FT";"El Porvenir";"0";"0";"Leones de Rosario";"0";"0";"4.6";"5.1";"2.9";"5.2";"8.9";"69";"48";"27";"22";"18.1";"10.7";"10.7";"6.5";"8.3";"7.2";"3.8";"3.8";"2.6";"4.1";"7.8";"50";"56";"70";"44";"8";"15.3";"9.7"
"Argentina";"ARG";"Primera C";"27-06-2026 15:00";"FT";"Mercedes";"5";"0";"JJ Urquiza";"4";"0";"4.1";"2.9";"3.1";"3.9";"7";"25";"20";"20";"5";"17";"6.8";"8";"10";"9.2";"5.8";"2.5";"2.2";"3.3";"3.6";"7.8";"40";"40";"70";"40";"7";"11.3";"26.7"
"Argentina";"ARG";"Primera C";"27-06-2026 15:00";"FT";"Juventud Unida G.";"3";"0";"Argentino Rosario";"1";"0";"3.2";"2.9";"5.1";"5.6";"8.4";"64";"52";"31";"21";"17.4";"8.3";"8.3";"8";"10.1";"8";"4";"4.4";"3.6";"3.9";"7.8";"20";"44";"30";"11";"8";"6.4";"7.5"
"Argentina";"ARG";"Primera C";"27-06-2026 15:00";"FT";"Central Córdoba";"0";"0";"Deportivo Muñiz";"0";"0";"3.6";"5.1";"3.9";"3.3";"7.9";"58";"46";"20";"10";"15.4";"8.1";"7.6";"8.3";"6.9";"6.5";"3.1";"3.4";"3.6";"2.9";"7.8";"22";"80";"33";"70";"8";"8.1";"7.6"
"Argentina";"ARG";"Primera C";"27-06-2026 15:00";"FT";"Yupanqui";"1";"2";"Deportivo Español";"1";"0";"4.1";"2.6";"5.4";"3.4";"7.8";"50";"35";"35";"25";"16.2";"7.1";"7.9";"8.9";"8.5";"7.2";"3.9";"3.1";"4.1";"3.3";"7.8";"50";"30";"30";"30";"8";"5.5";"8.8"
"Argentina";"ARG";"Primera B Metropolitana";"27-06-2026 13:00";"FT";"Real Pilar";"0";"0";"San Martín Burzaco";"0";"0";"3.4";"5.5";"4.7";"4.2";"8.9";"75";"55";"50";"25";"17.8";"8";"9.3";"9.1";"9.2";"6.3";"2.7";"3.4";"3.2";"3.3";"8.6";"30";"100";"20";"60";"8";"11.4";"11.6"
"Argentina";"ARG";"Primera B Metropolitana";"27-06-2026 13:00";"FT";"Villa Dálmine";"0";"1";"Deportivo Camioneros";"0";"1";"3.9";"4.1";"4.2";"5.4";"8.8";"60";"60";"50";"35";"17.6";"8";"8.3";"8.4";"10.6";"6.6";"2.7";"3.7";"2.6";"4.3";"8.6";"50";"40";"60";"30";"9";"8";"6.9"
"Argentina";"ARG";"Primera B Metropolitana";"27-06-2026 15:00";"FT";"Excursionistas";"5";"0";"Deportivo Merlo";"3";"0";"5.7";"3.8";"5";"3.5";"9";"55";"50";"40";"40";"18.2";"9.2";"9";"8.8";"9.3";"7.2";"4.1";"2.8";"3.5";"3.9";"8.6";"50";"40";"50";"50";"9";"5.7";"7.5"
"Argentina";"ARG";"Primera B Metropolitana";"27-06-2026 15:00";"FT";"Talleres Remedios de Escalada";"1";"0";"Defensores Unidos";"1";"0";"4.1";"4.3";"4.7";"5.6";"9.4";"65";"50";"40";"25";"18.9";"10";"8.6";"7.5";"11.7";"7.8";"4.3";"4.1";"2.3";"5";"8.6";"40";"60";"30";"30";"9";"7.7";"10.7"
"Argentina";"ARG";"Primera B Metropolitana";"27-06-2026 15:00";"FT";"Brown de Adrogué";"2";"0";"Flandria";"0";"0";"4.5";"4.8";"4.5";"6.4";"10.1";"70";"60";"45";"40";"17";"7.8";"9.5";"7";"9.8";"6.8";"3.1";"3.3";"3.4";"3.9";"8.6";"60";"20";"40";"30";"9";"9.8";"13.6"
"Argentina";"ARG";"Primera B Metropolitana";"27-06-2026 15:30";"FT";"Deportivo Armenio";"2";"1";"Ituzaingó";"0";"1";"3.5";"3.7";"3.8";"4.5";"7.8";"35";"30";"25";"25";"19.2";"11.2";"10.7";"6.6";"10";"8.1";"4.3";"4.3";"3.1";"4.5";"8.6";"40";"40";"40";"50";"8";"8";"10.7"
"Argentina";"ARG";"Torneo Federal A";"27-06-2026 11:30";"FT";"FADEP";"0";"0";"Cipolletti";"0";"0";"5.8";"4.7";"3.9";"4.6";"9.4";"68";"52";"36";"32";"20.8";"8.3";"10.7";"11.1";"11.6";"9";"3.8";"5.2";"3.7";"5.3";"8.9";"70";"33";"60";"56";"9";"6.9";"9.7"
"Argentina";"ARG";"Torneo Federal A";"27-06-2026 15:30";"FT";"Argentino Monte Maíz";"0";"0";"Juventud Unida Univ.";"0";"0";"4.2";"3.9";"5";"5.7";"9.4";"83";"53";"36";"36";"19.8";"12.5";"7.8";"9.2";"10";"8";"4.5";"3.6";"3.8";"4.2";"8.9";"50";"22";"38";"33";"9";"9.6";"11.1"
"Argentina";"ARG";"Torneo Federal A";"27-06-2026 15:30";"FT";"Deportivo Rincón";"0";"1";"Atenas";"0";"0";"3.6";"4.2";"4.8";"4.9";"8.7";"63";"32";"26";"26";"19.8";"8.9";"8.8";"10.7";"11.2";"8.4";"4.2";"3.2";"4.9";"4.6";"8.9";"56";"60";"44";"30";"9";"11.1";"12.6"
"Argentina";"ARG";"Torneo Federal A";"27-06-2026 16:30";"FT";"Sportivo Las Parejas";"1";"1";"Defensores Belgrano VR";"1";"1";"6.6";"3.9";"4.2";"4.7";"9.7";"70";"60";"45";"35";"21.2";"9.2";"10.7";"9.3";"13.1";"8.5";"3.5";"4.1";"4.2";"5.2";"8.9";"60";"70";"70";"40";"9";"11.5";"10.7"
"Argentina";"ARG";"Reserve League";"27-06-2026 12:00";"FT";"River Plate Res.";"3";"1";"Lanús Res.";"2";"1";"6.1";"4.9";"2.7";"3.3";"8.5";"55";"40";"30";"20";"19.6";"13.7";"11.1";"6.3";"8.1";"9.3";"6.1";"5.4";"3";"4.1";"9";"60";"50";"70";"60";"9";"11.4";"4.8"
"Argentina";"ARG";"Reserve League";"27-06-2026 15:00";"FT";"Independiente Riva. Res.";"2";"3";"Racing Club Res.";"0";"1";"4.7";"4.8";"4.1";"4.1";"8.9";"65";"50";"35";"25";"17.6";"8.4";"8";"10.2";"8.7";"7.9";"3.3";"4.5";"4.5";"3.5";"9";"80";"50";"60";"60";"8";"6";"5.7"
"Argentina";"ARG";"Copa Santa Fe";"27-06-2026 15:30";"AWAITING_UPDATES";"Colón San Justo";"";"";"Ciclón Racing";"";"";"";"";"";"";"";"";"";"";"";"";"";"";"";"";"";"";"";"";"";"";"";"";"";"";"";"";""
"Argentina";"ARG";"Copa Santa Fe";"27-06-2026 16:00";"AWAITING_UPDATES";"Racing de Reconquista";"";"";"Romang FC";"";"";"";"";"";"";"";"";"";"";"";"";"";"";"";"";"";"";"";"";"";"9.5";"";"";"";"";"";"";""
"Australia";"AUS";"Queensland Premier League 3 Metro";"27-06-2026 04:00";"FT";"AC Carina";"3";"1";"North Lakes United";"3";"1";"6.6";"5.2";"4.2";"5.5";"10.8";"89";"80";"67";"53";"33.2";"15.3";"16.5";"15.7";"18.8";"19.6";"9.3";"10.5";"8.1";"11.3";"10.4";"62";"50";"56";"50";"11";"6.4";"6.3"
"Australia";"AUS";"Queensland Premier League 3 Metro";"27-06-2026 04:00";"FT";"Springfield United";"2";"2";"Newmarket";"2";"0";"6.2";"4.9";"3.3";"4.7";"9.6";"76";"60";"38";"24";"28.8";"13";"17.9";"11.3";"15.4";"17.5";"7.3";"11.1";"6.7";"9.9";"10.4";"100";"43";"67";"57";"10";"6.5";"5.3"
"Australia";"AUS";"Queensland Premier League 3 Metro";"27-06-2026 06:15";"FT";"Univ. Queensland";"0";"0";"Moggill";"0";"0";"5";"6.7";"3.6";"3.3";"9.3";"84";"58";"42";"36";"24.4";"11.3";"15.5";"11.7";"10.2";"15.4";"7.1";"9.8";"7.2";"6.7";"10.4";"50";"60";"67";"67";"9";"5.6";"4.6"
"Australia";"AUS";"Capital Territory";"27-06-2026 01:30";"FT";"O'Connor Knights";"1";"0";"Canberra Olympic";"0";"0";"5.1";"4.2";"5.4";"3.4";"9";"70";"55";"25";"20";"22.5";"8.8";"13.6";"12.3";"10.3";"11.3";"4.6";"6.5";"6.7";"4.8";"9.5";"50";"70";"50";"50";"9";"7.3";"5"
"Australia";"AUS";"Capital Territory";"27-06-2026 02:00";"FT";"Queanbeyan City";"2";"1";"Canberra White Eagles";"1";"0";"5";"3";"4";"7.6";"9.8";"65";"65";"45";"35";"23.4";"14.3";"8.8";"7.9";"15.8";"11.8";"7.8";"3.6";"3.9";"8.2";"9.5";"60";"40";"60";"20";"10";"6.2";"11"
"Australia";"AUS";"Capital Territory";"27-06-2026 04:45";"FT";"Monaro Panthers";"2";"0";"Cooma Tigers";"1";"0";"7.4";"3.8";"3";"2.7";"8.4";"45";"40";"25";"25";"22.2";"13.7";"13";"9.7";"8.1";"12.4";"7.1";"8.1";"5.1";"4.6";"9.5";"80";"60";"90";"40";"9";"4.6";"3.9"
"Australia";"AUS";"New South Wales";"27-06-2026 02:00";"FT";"Western Sydney W. II";"3";"3";"Manly United";"1";"2";"4.9";"4.1";"4.7";"4.1";"8.9";"60";"55";"40";"30";"22.2";"12.1";"10.7";"11";"10.5";"10.4";"5.4";"5";"5.1";"5.4";"9.4";"60";"40";"40";"40";"10";"5.8";"9.7"
"Australia";"AUS";"New South Wales";"27-06-2026 02:00";"FT";"University of NSW";"1";"3";"Sutherland Sharks";"1";"1";"5.7";"4.5";"3.3";"7.9";"10.7";"75";"65";"55";"55";"23.7";"14.3";"9.3";"10.5";"13.3";"9.7";"6.2";"3.7";"4.3";"5.2";"9.4";"50";"50";"80";"20";"10";"13";"7.2"
"Australia";"AUS";"New South Wales";"27-06-2026 04:00";"FT";"SD Raiders";"3";"1";"St George City FA";"0";"1";"3.8";"2.4";"4.6";"5.3";"8";"53";"42";"26";"16";"23.2";"12";"10.3";"11.1";"13.1";"11.2";"6.3";"5.9";"4.4";"5.7";"9.4";"44";"40";"44";"10";"9";"8.6";"7.4"
"Australia";"AUS";"New South Wales";"27-06-2026 04:30";"FT";"NWS Spirit";"2";"0";"Wollongong Wolves";"2";"0";"5.3";"3.9";"3.5";"5.7";"9.2";"55";"45";"40";"35";"20.2";"10.6";"9.7";"7.5";"12.8";"9";"3.1";"5";"2.8";"7.2";"9.4";"80";"40";"70";"30";"9";"13.2";"9.7"
"Australia";"AUS";"New South Wales";"27-06-2026 05:30";"FT";"St. George Saints";"1";"2";"Sydney Olympic";"0";"1";"4.5";"3.8";"4.4";"5.8";"9.2";"63";"37";"37";"32";"22";"9.8";"7.4";"13.1";"13.7";"9.6";"3.9";"3.9";"5.6";"5.7";"9.4";"20";"22";"40";"11";"9";"12.2";"4.9"
"Australia";"AUS";"Npl Western Australia";"27-06-2026 04:00";"FT";"Armadale";"1";"4";"Perth";"0";"2";"5.2";"6";"3.9";"2.9";"9";"80";"65";"40";"25";"22.2";"11.7";"14";"8.2";"10.4";"9.6";"4.4";"6.2";"3.5";"5.1";"9.5";"90";"70";"50";"80";"9";"5.3";"6.7"
"Australia";"AUS";"Npl Western Australia";"27-06-2026 04:00";"FT";"Olympic Kingsway";"5";"4";"Balcatta";"3";"2";"4";"4.3";"3.9";"5.2";"8.8";"56";"50";"50";"28";"19.6";"11.3";"10";"9.6";"8.4";"10.2";"6.1";"4.7";"4.8";"4.8";"9.5";"33";"67";"44";"44";"9";"5.6";"10"
"Australia";"AUS";"Npl Western Australia";"27-06-2026 04:00";"FT";"Fremantle City";"3";"0";"Western Knights";"0";"0";"4.6";"5.8";"4";"5.7";"10";"82";"76";"49";"38";"22.4";"10.1";"11.9";"12.1";"10.8";"9.8";"4.5";"4.6";"4.9";"5.5";"9.5";"50";"30";"62";"30";"10";"4.2";"6.6"
"Australia";"AUS";"Npl Western Australia";"27-06-2026 04:00";"FT";"Perth Glory II";"1";"1";"Stirling Lions";"1";"0";"3.1";"4.9";"5.7";"5.7";"9.7";"65";"60";"50";"45";"23.5";"8.7";"10.7";"13.5";"14.1";"11";"4.5";"5.3";"5.2";"7";"9.5";"60";"30";"40";"20";"9";"5.4";"4.9"
"Australia";"AUS";"Npl Western Australia";"27-06-2026 06:00";"FT";"Dianella White Eagles";"2";"1";"Sorrento";"0";"1";"5";"3.2";"3.2";"7.1";"9.2";"66";"55";"49";"39";"19.2";"12.1";"6.4";"9.1";"10.8";"9";"5.9";"3";"4.8";"4.5";"9.5";"62";"30";"75";"0";"10";"5.3";"5.3"
"Australia";"AUS";"Npl Tasmania";"27-06-2026 01:00";"FT";"South Hobart";"6";"1";"Glenorchy Knights";"2";"0";"10.1";"6.1";"2.6";"5.1";"12";"88";"82";"62";"56";"22.2";"15.2";"12";"7.7";"9.6";"9.6";"6.2";"5.6";"2.8";"4.6";"11.5";"75";"62";"100";"50";"11";"4";"7.5"
"Australia";"AUS";"Npl Tasmania";"27-06-2026 01:30";"FT";"Clarence Zebras";"1";"1";"Launceston United";"0";"0";"7.9";"4.7";"6.1";"6.1";"12.4";"88";"78";"66";"42";"21.4";"9";"10.4";"9.9";"13.6";"9.8";"4.6";"4.2";"4.4";"6.4";"11.5";"38";"44";"50";"44";"12";"5.3";"8"
"Australia";"AUS";"Npl Tasmania";"27-06-2026 01:30";"FT";"Riverside Olympic";"6";"0";"Ulverstone";"3";"0";"6.2";"3.2";"6.9";"10";"13.2";"100";"100";"78";"72";"21.5";"10.2";"6";"14.1";"12.6";"10.3";"4.7";"3.4";"6.3";"6.2";"11.5";"44";"22";"33";"11";"12";"6.8";"8.6"
"Australia";"AUS";"Npl Queensland";"27-06-2026 01:30";"FT";"Magic United";"3";"5";"Brisbane City";"2";"2";"3.9";"5.2";"6.3";"4.9";"10.1";"85";"75";"70";"55";"25.1";"9.6";"12.4";"15.2";"13";"11.3";"4.8";"5.6";"7.3";"4.9";"10.4";"30";"60";"30";"40";"11";"8.7";"5.9"
"Australia";"AUS";"Npl Queensland";"27-06-2026 03:00";"FT";"Peninsula Power";"3";"1";"Brisbane Roar II";"1";"1";"6.6";"3.2";"5.4";"6.7";"11";"84";"74";"74";"59";"24.2";"18.8";"7.9";"11.1";"10.6";"11.6";"9.9";"3.2";"5.1";"5";"10.4";"67";"20";"67";"10";"10";"5.2";"6.1"
"Australia";"AUS";"Npl Queensland";"27-06-2026 06:00";"FT";"Eastern Suburbs Brisbane";"1";"2";"Olympic FC Brisbane";"1";"2";"4";"5.1";"4.7";"5.3";"9.6";"70";"65";"55";"45";"24.6";"11.8";"13";"12.2";"12.1";"11.8";"5.8";"6.4";"5.7";"5.6";"10.4";"60";"60";"30";"40";"10";"5.4";"6.2"
"Australia";"AUS";"Npl South Australian";"27-06-2026 02:30";"FT";"Playford City Patriots";"0";"1";"White City Woodville";"0";"1";"5.9";"4.9";"5.6";"4.8";"10.6";"90";"60";"50";"40";"23.2";"12.6";"11.6";"10";"12.1";"10.4";"5.8";"6.3";"4.1";"4.5";"9.2";"40";"50";"60";"40";"10";"5.5";"5"
"Australia";"AUS";"Npl South Australian";"27-06-2026 02:30";"FT";"Campbelltown City";"0";"0";"West Adelaide";"0";"0";"4.7";"4.7";"5.4";"6.9";"10.8";"75";"65";"50";"45";"20.8";"9.5";"10.5";"9.9";"11.7";"8.2";"3.2";"4.1";"3.6";"5.6";"9.2";"60";"40";"50";"30";"10";"5.9";"5.2"
"Australia";"AUS";"Npl South Australian";"27-06-2026 02:30";"FT";"Para Hills Knights";"0";"9";"NE MetroStars";"0";"4";"3.5";"5.1";"6.1";"3.1";"8.9";"70";"50";"40";"35";"23.6";"9.2";"11.4";"18.9";"7.8";"10.8";"4.2";"5.1";"8.8";"3.4";"9.2";"40";"80";"10";"80";"7";"11.5";"5.2"
"Australia";"AUS";"Npl Victoria";"27-06-2026 04:00";"FT";"Dandenong Thunder";"1";"3";"Hume City";"0";"1";"4.9";"4.9";"7";"5.4";"11.1";"90";"84";"74";"49";"20.6";"7.9";"9.9";"14.3";"9.1";"11.4";"3.7";"6.6";"7.3";"5.1";"10.1";"56";"80";"33";"30";"11";"6.6";"4.1"
"Australia";"AUS";"Npl Victoria";"27-06-2026 05:00";"FT";"Caroline Springs George Cross FC";"0";"2";"Preston Lions";"0";"0";"4.2";"7.5";"5.1";"4.6";"10.7";"70";"65";"65";"60";"23";"9.6";"16.4";"10.4";"9.5";"12.8";"5.1";"10.4";"5.5";"4.6";"10.1";"40";"70";"50";"70";"11";"5.6";"9.6"
"Australia";"AUS";"Northern Nsw";"27-06-2026 01:00";"FT";"Charlestown Azzurri";"1";"3";"Belmont Swansea";"0";"3";"6";"7.1";"5.2";"6.5";"12.4";"90";"80";"75";"70";"26";"14.5";"12.4";"14";"11.1";"13.5";"8.3";"5.3";"8.7";"4.7";"10.9";"60";"40";"70";"60";"12";"10.4";"5.6"
"Australia";"AUS";"Northern Nsw";"27-06-2026 01:00";"FT";"Edgeworth Eagles";"3";"2";"Adamstown Rosebuds";"1";"2";"5.7";"5.1";"4.9";"5";"10.4";"67";"56";"56";"50";"25.2";"14.4";"12";"11.7";"12.2";"12.4";"7.4";"6.2";"6";"5.2";"10.9";"56";"67";"56";"33";"10";"8.5";"7.1"
"Australia";"AUS";"Northern Nsw";"27-06-2026 01:00";"FT";"Newcastle Olympic";"0";"0";"Cooks Hill United";"0";"0";"6.1";"5.2";"6.4";"5.4";"11.6";"72";"72";"72";"67";"23";"10.8";"9.1";"16.1";"9.9";"10";"5";"4.3";"6.1";"4.4";"10.9";"11";"67";"44";"56";"12";"6.8";"4.6"
"Australia";"AUS";"Northern Nsw";"27-06-2026 03:30";"FT";"Valentine";"1";"1";"Lambton Jaffas";"0";"0";"5.1";"6.8";"5.7";"5.5";"11.6";"90";"84";"68";"47";"20.6";"7.1";"14.2";"9.1";"10.9";"9.6";"3";"6.8";"4.7";"4.6";"10.9";"33";"70";"33";"60";"11";"7.9";"6.8"
"Australia";"AUS";"Victoria NPL Youth League";"27-06-2026 00:00";"FT";"Bentleigh Greens U23";"4";"5";"Altona Magic U23";"0";"3";"4.1";"4.5";"3.7";"5.7";"9";"80";"64";"40";"20";"23.2";"10.1";"13.7";"8.7";"13.7";"14.4";"7.7";"8.3";"6.3";"6.6";"8.9";"57";"50";"43";"20";"9";"5.7";"6.5"
"Australia";"AUS";"Victoria NPL Youth League";"27-06-2026 01:30";"POSTPONED";"Dandenong Thunder U23";"";"";"Hume City U23";"";"";"2.3";"3";"6.9";"5";"8.6";"70";"45";"35";"15";"22.8";"8";"6.3";"17.9";"13.4";"12";"4.9";"3";"8.9";"7.3";"8.9";"10";"40";"10";"30";"9";"4.7";"5.4"
"Australia";"AUS";"Victoria NPL Youth League";"27-06-2026 02:00";"FT";"Dandenong City U23";"1";"2";"Avondale U23";"0";"1";"4.5";"6.3";"3.6";"4.3";"9.4";"70";"52";"45";"17";"23.2";"10.9";"13.3";"13.4";"8.9";"13.2";"5.8";"7.1";"8.6";"5";"8.9";"62";"50";"50";"67";"9";"5.8";"4"
"Australia";"AUS";"Victoria NPL Youth League";"27-06-2026 02:45";"FT";"George Cross U23";"3";"0";"Preston Lions U23";"0";"0";"6";"4.4";"3.2";"4.6";"9.1";"72";"38";"38";"33";"21.6";"16.6";"11.2";"6.9";"8.6";"10.8";"8.7";"4.7";"3.9";"4.2";"8.9";"67";"44";"67";"33";"9";"6.3";"6.2"
"Australia";"AUS";"Victoria NPL Youth League";"27-06-2026 23:30";"FT";"South Melbourne U23";"3";"2";"Green Gully U23";"1";"1";"3.6";"3.3";"5.8";"5.9";"9.3";"88";"53";"42";"36";"23.5";"10.4";"9.8";"13.4";"13.3";"13";"5.2";"6.1";"7.5";"7";"8.9";"25";"22";"38";"22";"10";"5.8";"5.6"
"Australia";"AUS";"Brisbane Reserves Premier League";"27-06-2026 02:00";"AWAITING_UPDATES";"Carina U23";"";"";"North Lakes United U23";"";"";"";"";"";"";"";"";"";"";"";"";"";"";"";"";"";"";"";"";"";"0";"";"";"";"";"";"";""
"Australia";"AUS";"Brisbane Reserves Premier League";"27-06-2026 02:00";"AWAITING_UPDATES";"Springfield United U23";"";"";"Newmarket U23";"";"";"";"";"";"";"";"";"";"";"";"";"";"";"";"";"";"";"";"";"";"0";"";"";"";"";"";"";""
"Australia";"AUS";"Brisbane Reserves Premier League";"27-06-2026 04:00";"AWAITING_UPDATES";"Univ. Queensland U23";"";"";"Moggill U23";"";"";"";"";"";"";"";"";"";"";"";"";"";"";"";"";"";"";"";"";"";"0";"";"";"";"";"";"";""
"Australia";"AUS";"Northern Territory Premier League";"27-06-2026 05:30";"FT";"Palmerston Rovers";"3";"2";"Casuarina";"1";"1";"5";"2.8";"5.2";"5";"9";"70";"65";"60";"35";"24.7";"10.1";"10.2";"17";"12.1";"14.8";"6";"6.3";"10.3";"6.9";"8.9";"33";"40";"40";"30";"10";"6.3";"3.9"
"Australia";"AUS";"Western Australia State League 1";"27-06-2026 04:00";"FT";"Quinns";"3";"1";"Murdoch Uni Melville";"0";"1";"4.3";"4.4";"5.3";"6";"10";"78";"71";"48";"36";"22.1";"7.8";"11.4";"12.2";"12.9";"11.9";"4.5";"6.1";"7.5";"5.6";"10.1";"50";"50";"17";"25";"10";"6";"6.3"
"Australia";"AUS";"Western Australia State League 1";"27-06-2026 04:00";"FT";"Mandurah City";"3";"1";"Kingsley";"1";"1";"4.4";"6.8";"3.8";"4.9";"10";"75";"65";"50";"40";"25.5";"15.8";"12.9";"10.8";"11.4";"13.4";"9.8";"5.6";"5.2";"6.2";"10.1";"40";"70";"60";"50";"10";"7.2";"7.2"
"Australia";"AUS";"Western Australia State League 1";"27-06-2026 04:00";"FT";"Subiaco";"1";"4";"Joondalup City";"1";"3";"4.6";"4";"4.2";"5.8";"9.3";"79";"68";"46";"31";"26.2";"11.9";"13";"12.7";"14.8";"15.6";"5.8";"9.4";"7.7";"8.4";"10.1";"22";"20";"33";"40";"10";"5.7";"8.7"
"Australia";"AUS";"Western Australia State League 1";"27-06-2026 04:00";"FT";"UWA Nedlands";"2";"1";"Cockburn City";"0";"0";"6.9";"4.9";"3";"7.1";"11";"93";"93";"58";"52";"24.8";"15.9";"10.2";"8";"15.5";"14.6";"9.7";"6.5";"4.6";"8.4";"10.1";"71";"50";"86";"12";"10";"6.1";"6"
"Australia";"AUS";"Western Australia State League 1";"27-06-2026 04:00";"FT";"Floreat Athena";"2";"0";"Inglewood United";"1";"0";"6.5";"5.5";"3.5";"4.6";"10";"78";"78";"58";"52";"18.8";"13.2";"9.5";"6.2";"8.8";"7.5";"4.8";"3.8";"2.7";"3.8";"10.1";"50";"38";"83";"62";"11";"5.5";"10.6"
"Australia";"AUS";"Western Australia State League 1";"27-06-2026 04:00";"FT";"Gwelup Croatia SC";"0";"0";"Curtin University";"0";"0";"4.5";"4";"5.8";"7.2";"10.8";"94";"94";"50";"42";"24.4";"11.7";"9.2";"12.3";"15.6";"13.1";"6.3";"4.5";"7";"8.4";"10.1";"50";"62";"33";"25";"10";"7.3";"10.2"
"Australia";"AUS";"South Australia State League 1";"27-06-2026 02:30";"FT";"Salisbury United";"0";"4";"The Cove";"0";"3";"5";"5.9";"5.7";"4.9";"10.8";"70";"65";"55";"45";"21.7";"8.6";"10.9";"14";"9.9";"11.1";"4.9";"5.5";"7.6";"4.2";"9.8";"30";"60";"40";"40";"10";"5.7";"9.1"
"Australia";"AUS";"South Australia State League 1";"27-06-2026 02:30";"FT";"South Adelaide Panthers";"0";"1";"Fulham United";"0";"1";"4.8";"4.5";"5.8";"5.5";"10.3";"95";"74";"53";"42";"23.4";"10.1";"10.9";"16.1";"9.7";"13.2";"6";"5.7";"8.9";"5.8";"9.8";"33";"60";"56";"40";"10";"7.8";"5"
"Australia";"AUS";"South Australia State League 1";"27-06-2026 02:30";"FT";"Adelaide Raiders";"7";"0";"Adelaide Cobras";"1";"0";"5.9";"4";"6.5";"6.8";"11.6";"90";"75";"70";"70";"20.4";"11.6";"7.3";"13";"8.8";"9.9";"5.5";"3.8";"6.3";"4.2";"9.8";"30";"50";"50";"20";"11";"5";"5.6"
"Australia";"AUS";"South Australia State League 1";"27-06-2026 02:30";"FT";"Modbury Jets";"4";"1";"Adelaide Olympic";"1";"0";"5.4";"5.1";"2.5";"3.3";"8.2";"55";"55";"45";"35";"17.8";"10.6";"9.7";"6.1";"9.1";"7.8";"4.7";"4.2";"2.7";"4";"9.8";"60";"40";"60";"70";"9";"6.6";"6.5"
"Australia";"AUS";"South Australia State League 1";"27-06-2026 02:30";"FT";"Adelaide Atletico";"4";"0";"Adelaide Blue Eagles";"1";"0";"4.1";"4";"5.3";"3.9";"8.6";"50";"35";"30";"30";"20";"10.5";"10.4";"9.7";"9.5";"9.8";"5.2";"4.8";"6.2";"3.3";"9.8";"40";"50";"30";"40";"9";"6.6";"4.7"
"Australia";"AUS";"South Australia Reserves Premier League";"27-06-2026 00:15";"FT";"Para Hills Knights Res.";"2";"1";"MetroStars Res.";"1";"1";"3.6";"8.2";"5.1";"3.8";"10.4";"78";"66";"61";"44";"20";"8.9";"16.5";"10.6";"4.1";"10.9";"5.6";"8.2";"6.2";"1.6";"10.2";"50";"75";"22";"89";"10";"4.7";"4.1"
"Australia";"AUS";"South Australia Reserves Premier League";"27-06-2026 00:15";"FT";"Campbelltown City Res.";"3";"0";"West Adelaide Res.";"2";"0";"7.4";"2";"3.6";"5.5";"9.2";"63";"63";"56";"50";"18.5";"11";"5.6";"6.2";"14.3";"10.1";"6.4";"2.9";"3.1";"7.9";"10.2";"62";"57";"75";"25";"9";"3.2";"5.1"
"Australia";"AUS";"South Australia Reserves Premier League";"27-06-2026 00:15";"FT";"Playford City Res.";"2";"1";"Beograd Res.";"2";"0";"3.2";"4.5";"5.6";"7";"10.2";"76";"64";"59";"49";"23.9";"6.9";"8.4";"18.9";"13.7";"13.4";"3.6";"4.3";"10.4";"8.4";"10.2";"29";"30";"12";"30";"10";"5.8";"6"
"Australia";"AUS";"South Australia Reserves Premier League";"27-06-2026 03:15";"FT";"Adelaide Comets Res.";"3";"1";"Adelaide City Res.";"0";"1";"6.2";"3.2";"4.3";"6.2";"10";"76";"59";"42";"42";"22.6";"14.9";"10.3";"8.8";"11.3";"13.4";"8";"6.1";"5.8";"7";"10.2";"67";"29";"56";"12";"10";"4.7";"7.4"
"Australia";"AUS";"South Australia Reserves Premier League";"27-06-2026 06:45";"FT";"West Torrens Res.";"3";"0";"Sturt Lions Res.";"2";"0";"4.9";"5.6";"4.3";"5.7";"10.2";"84";"72";"56";"44";"20.6";"12";"10";"7.5";"11.8";"12";"6.1";"6.8";"4.8";"6.4";"10.2";"67";"50";"56";"56";"10";"4.4";"3.6"
"Australia";"AUS";"Queensland Premier League";"27-06-2026 03:30";"FT";"St George Willawong";"2";"0";"North Star";"2";"0";"4.8";"5.2";"4.6";"4.1";"9.3";"78";"72";"38";"22";"24";"9.3";"12.8";"12.7";"13.2";"11.6";"3.8";"6.3";"6.6";"6.6";"9.9";"56";"67";"44";"56";"10";"15.5";"7.5"
"Australia";"AUS";"Queensland Premier League";"27-06-2026 04:00";"FT";"Logan Lightning";"1";"3";"Caboolture";"1";"1";"3.2";"3.2";"5.1";"4.2";"8";"50";"44";"38";"18";"23.7";"14.2";"11.4";"11.6";"10.1";"12.4";"6.5";"6.8";"6.4";"5.2";"9.9";"38";"86";"12";"50";"9";"10.9";"5"
"Australia";"AUS";"Queensland Premier League";"27-06-2026 05:00";"FT";"Broadbeach United";"3";"1";"Capalaba";"2";"0";"5.3";"4.4";"3.5";"6";"9.6";"70";"65";"50";"40";"23.5";"10.8";"7.9";"9.6";"18.8";"11.9";"6.3";"3";"4.2";"10.3";"9.9";"60";"38";"80";"30";"10";"4.5";"8.8"
"Australia";"AUS";"Queensland Premier League";"27-06-2026 05:00";"FT";"SC Wanderers";"0";"0";"Robina City";"0";"0";"5.6";"7.1";"5.6";"4.2";"11.2";"80";"73";"73";"60";"19.4";"12.3";"10.6";"7";"8.9";"9.6";"6.6";"4.9";"3.4";"4.3";"9.9";"43";"12";"43";"62";"11";"4.4";"5.9"
"Australia";"AUS";"New South Wales NPL Youth League";"27-06-2026 00:00";"FT";"UNSW U20";"3";"1";"Sutherland Sharks U20";"1";"1";"4.6";"4.2";"4.9";"5.7";"9.6";"70";"54";"54";"32";"25.2";"13.9";"12.5";"10.9";"13.1";"12";"6.4";"7.1";"5.3";"5.1";"9";"29";"20";"43";"30";"10";"7.7";"5.2"
"Australia";"AUS";"New South Wales NPL Youth League";"27-06-2026 03:30";"FT";"St. George Saints U20";"3";"3";"Sydney Olympic U20";"2";"1";"4.3";"1.9";"5.4";"8.1";"9.8";"79";"68";"52";"37";"24.2";"9.5";"5.8";"15.1";"18";"12.1";"4.3";"3.1";"8";"8.8";"9";"50";"12";"40";"0";"9";"7.9";"5.8"
"Australia";"AUS";"New South Wales NPL Youth League";"27-06-2026 04:00";"FT";"WS Wanderers U20";"2";"8";"Manly United U20";"2";"2";"5.1";"4";"4.5";"4.1";"8.8";"74";"45";"34";"11";"17.1";"7.4";"7.9";"8";"10.9";"7.1";"1.9";"4.3";"3.3";"4.8";"9";"71";"70";"50";"40";"9";"4.4";"4"
"Australia";"AUS";"New South Wales NPL Youth League";"27-06-2026 06:00";"FT";"SD Raiders U20";"2";"2";"St. George City U20";"0";"1";"6";"4.8";"4.5";"6.3";"10.8";"83";"53";"53";"47";"24.8";"12.8";"13.8";"10.1";"12.9";"12.2";"5.8";"5.7";"5.4";"7.7";"9";"38";"56";"50";"44";"10";"7.5";"6.9"
"Australia";"AUS";"New South Wales NPL Youth League";"27-06-2026 06:45";"FT";"NWS Spirit U20";"7";"1";"Wollongong Wolves U20";"1";"1";"5.8";"5.3";"5.4";"5.4";"11";"73";"62";"52";"42";"24.3";"12.2";"12.4";"12.5";"11.4";"12.4";"6.3";"6.9";"6.7";"5";"9";"60";"33";"40";"44";"10";"6.4";"6.2"
"Australia";"AUS";"South Australia State League 1 Reserves";"27-06-2026 00:15";"FT";"Modbury Jets Res.";"1";"6";"Adelaide Olympic Res.";"0";"2";"6.3";"7.8";"5.2";"4";"11.7";"89";"89";"78";"78";"26.8";"14.7";"15.8";"9.7";"13.5";"14.4";"7.7";"7.8";"6";"7.2";"9.6";"67";"100";"67";"100";"11";"5.7";"4.8"
"Australia";"AUS";"South Australia State League 1 Reserves";"27-06-2026 00:15";"FT";"Adelaide Raiders Res.";"1";"0";"Adelaide Cobras Res.";"1";"0";"5.3";"3.1";"2.9";"5.4";"8.4";"55";"44";"38";"32";"18.7";"9";"8.7";"10.4";"9.3";"10.8";"5.9";"4.7";"6.6";"4.6";"9.6";"57";"33";"86";"22";"9";"4.3";"5.1"
"Australia";"AUS";"South Australia State League 1 Reserves";"27-06-2026 00:15";"FT";"South Adelaide Res.";"4";"1";"Fulham United Res.";"2";"0";"5.1";"5.1";"5.1";"4.6";"10";"80";"66";"52";"52";"24.6";"15.5";"9.9";"15.4";"8.6";"14.6";"10.2";"4.7";"9.5";"4.6";"9.6";"50";"43";"38";"57";"10";"11.9";"4.7"
"Australia";"AUS";"South Australia State League 1 Reserves";"27-06-2026 00:15";"FT";"Salisbury Unted Res.";"0";"4";"The Cove Res.";"0";"3";"4.6";"4.1";"5.4";"5.5";"9.8";"80";"74";"54";"40";"21.6";"9.1";"12.2";"10.6";"11.4";"12.2";"4.9";"6.9";"5.7";"6.9";"9.6";"57";"62";"29";"12";"10";"6.5";"8.1"
"Australia";"AUS";"Capital Territory NPL Youth League";"27-06-2026 02:30";"FT";"Monaro Panthers U23";"0";"3";"Cooma Tigers U23";"0";"1";"5.4";"4.5";"3.2";"3.9";"8.5";"75";"38";"18";"12";"29.7";"16.5";"16.9";"10.9";"15.1";"19.3";"10.5";"11.2";"7.1";"9.8";"8.7";"62";"50";"38";"38";"8";"4.9";"5.8"
"Australia";"AUS";"Capital Territory NPL Youth League";"27-06-2026 23:30";"FT";"Canberra Croatia U23";"3";"1";"Tuggeranong United U23";"2";"0";"5.6";"4.9";"3.7";"3.6";"8.9";"68";"48";"34";"27";"23.6";"11";"16";"12.1";"8.1";"15.4";"6.6";"11.5";"7.9";"4.9";"8.7";"86";"38";"71";"25";"8";"4.8";"6.2"
"Australia";"AUS";"Capital Territory NPL Youth League";"27-06-2026 23:30";"FT";"Canberra Juventus U23";"1";"0";"Brindabella Blues U23";"0";"0";"3.2";"3";"4.3";"6.4";"8.5";"58";"45";"32";"14";"24.8";"13.8";"8.3";"10.9";"16.6";"15.8";"8.7";"4.9";"6.9";"11.3";"8.7";"33";"43";"22";"14";"8";"6";"9.2"
"Australia";"AUS";"Queensland NPL Youth League";"27-06-2026 03:45";"FT";"Eastern Suburbs U23";"3";"0";"Olympic U23";"3";"0";"5.8";"4.3";"5.5";"5.4";"10.4";"68";"62";"62";"52";"23.9";"12.3";"9.4";"9.9";"16.3";"12";"6.6";"5.1";"4.4";"8";"10.2";"50";"30";"25";"30";"10";"5.1";"5.9"
"Australia";"AUS";"Queensland NPL Youth League";"27-06-2026 23:45";"FT";"Rochedale Rovers U23";"1";"3";"Gold Coast Knights U23";"1";"2";"6.4";"6";"3.4";"4.3";"10";"78";"71";"58";"46";"23";"11.6";"15.3";"7.8";"11.3";"13";"4.9";"10.2";"3.9";"7";"10.2";"0";"50";"88";"50";"10";"4.1";"4.8"
"Australia";"AUS";"Queensland NPL Youth League";"27-06-2026 23:45";"FT";"Gold Coast United U23";"2";"1";"Moreton City U23";"1";"1";"4.3";"7";"7.2";"2.7";"10.6";"85";"80";"75";"60";"27";"11.4";"18.8";"16.3";"7.6";"14.8";"7";"9.4";"9.2";"3.9";"10.2";"40";"90";"20";"70";"10";"5.2";"8.2"
"Australia";"AUS";"NSW League One Youth";"27-06-2026 04:00";"FT";"Mt Druitt Town U20";"1";"3";"Bankstown City U20";"1";"2";"2.4";"5";"4.4";"3";"7.4";"44";"25";"18";"12";"22.4";"11.6";"10.9";"13.1";"9";"11.4";"6.8";"3.5";"7.6";"5";"9";"25";"75";"12";"75";"9";"6.1";"5.4"
"Australia";"AUS";"NSW League One Youth";"27-06-2026 05:30";"FT";"Northern Tigers U20";"0";"1";"Dulwich Hill U20";"0";"1";"5.2";"5.5";"3.7";"4.8";"9.6";"78";"66";"47";"36";"20.2";"13.9";"10.5";"8.3";"7.6";"10.6";"7.9";"5.4";"3.7";"4.1";"9";"89";"50";"67";"38";"10";"6";"6.6"
"Australia";"AUS";"NSW League One Youth";"27-06-2026 05:30";"FT";"Macarthur Rams U20";"1";"2";"Hakoah Sydney U20";"1";"1";"3";"3.6";"4";"3.1";"6.8";"46";"32";"20";"7";"21.4";"10.8";"13.6";"12.2";"6.3";"12";"6.8";"7.6";"6.2";"3.4";"9";"75";"57";"50";"57";"8";"4.2";"5.2"
"Australia";"AUS";"NSW League One Youth";"27-06-2026 06:00";"FT";"Bankstown Berries U20";"0";"1";"CC Mariners U20";"";"";"4.3";"";"4.2";"";"";"";"";"";"";"";"11.4";"";"14.1";"";"";"5.3";"";"7.6";"";"9";"56";"";"67";"";"";"";""
"Australia";"AUS";"NSW League One Youth";"27-06-2026 06:00";"FT";"Hurstville U20";"1";"3";"Hills United U20";"0";"3";"5.1";"7";"4.9";"3.3";"10.2";"78";"56";"48";"36";"25.6";"12.8";"17.3";"12.8";"8.3";"12.7";"5.9";"8.8";"7.2";"3.5";"9";"50";"83";"50";"100";"9";"7.5";"7.2"
"Australia";"AUS";"NSW League One Youth";"27-06-2026 06:00";"AWAITING_UPDATES";"Inter Lions U20";"";"";"Newcastle Jets U20";"";"";"3.4";"3.5";"5.9";"5";"8.8";"56";"56";"56";"50";"25.8";"6.8";"13.5";"18.5";"13";"17.4";"3.5";"9.5";"10.8";"11";"9";"38";"50";"12";"50";"9";"11.3";"4.7"
"Australia";"AUS";"Northern NSW Reserve League";"27-06-2026 01:30";"FT";"Valentine Res.";"4";"3";"Lambton Jaffas Res.";"2";"0";"4";"5.2";"3.8";"5.4";"9.2";"75";"75";"65";"22";"35";"15.7";"19.4";"11.3";"23.6";"24.1";"10";"14.4";"7";"16.8";"10.3";"50";"40";"50";"40";"10";"7.8";"11.4"
"Australia";"AUS";"Northern NSW State League 1 Reserves";"27-06-2026 03:00";"POSTPONED";"South Cardiff Res.";"";"";"New Lambton Res.";"";"";"";"";"";"";"";"";"";"";"";"";"";"";"";"";"";"";"";"";"";"";"";"";"";"";"";"";""
"Australia";"AUS";"New South Wales NPL 2";"27-06-2026 03:30";"FT";"Northern Tigers";"3";"1";"Dulwich Hill";"2";"0";"5.9";"4.4";"4.1";"5";"9.7";"72";"56";"44";"38";"18.2";"10.3";"10.3";"7.7";"8.1";"9";"4.8";"5.3";"3.9";"4";"9.9";"56";"44";"67";"44";"9";"9.4";"11.4"
"Australia";"AUS";"New South Wales NPL 2";"27-06-2026 03:30";"FT";"Macarthur Rams";"1";"1";"Hakoah Sydney City";"1";"1";"4.4";"5.4";"6.8";"4.4";"10.6";"79";"68";"46";"46";"20.1";"10.2";"9.7";"10.6";"9.8";"11";"6.4";"5";"5.2";"5.4";"9.9";"40";"44";"0";"56";"11";"9.3";"4.4"
"Australia";"AUS";"New South Wales NPL 2";"27-06-2026 04:00";"FT";"Hurstville";"2";"1";"Hills United";"0";"1";"5.1";"6.1";"4.6";"3.1";"9.4";"72";"67";"44";"44";"25";"10.1";"16.2";"12.6";"11.1";"12.6";"4.4";"8.8";"5.6";"6.6";"9.9";"56";"89";"56";"78";"10";"8.4";"7.7"
"Australia";"AUS";"New South Wales NPL 2";"27-06-2026 04:00";"FT";"Bankstown Berries";"6";"0";"Central Coast II";"2";"0";"5.9";"5";"6.1";"6.8";"11.9";"90";"90";"85";"65";"24.6";"12.1";"12";"9.3";"15.8";"14.2";"7.1";"6.2";"4.5";"10.5";"9.9";"60";"60";"50";"20";"11";"4.5";"5"
"Australia";"AUS";"New South Wales NPL 2";"27-06-2026 04:00";"FT";"Inter Lions";"2";"1";"Newcastle Jets II";"1";"0";"2.9";"5";"6.4";"6.8";"10.6";"84";"64";"58";"52";"22.4";"8.2";"11.6";"8.3";"16.6";"11.2";"4.1";"6.2";"4.3";"7.6";"9.9";"50";"25";"0";"25";"10";"4.8";"6.4"
"Australia";"AUS";"New South Wales NPL 2";"27-06-2026 06:00";"FT";"Mt Druitt Town";"2";"3";"Bankstown City Lions";"0";"2";"4.7";"4.6";"6.1";"4";"9.7";"72";"56";"50";"50";"22";"8.1";"10.2";"14.2";"11.3";"11.4";"4.6";"4.4";"8.6";"5.1";"9.9";"33";"44";"56";"44";"10";"13.5";"6.8"
"Australia";"AUS";"Western Australia State League 1 Reserves";"27-06-2026 02:00";"FT";"Quinns Res.";"7";"2";"MUM Res.";"1";"1";"5.4";"7.4";"4.7";"3.9";"10.7";"64";"64";"57";"57";"25.7";"15.4";"17.7";"9.9";"8.4";"13.6";"8.4";"8.9";"5.1";"4.9";"9.8";"43";"71";"43";"71";"10";"4.1";"11.8"
"Australia";"AUS";"Western Australia State League 1 Reserves";"27-06-2026 02:00";"FT";"Mandurah City Res.";"2";"0";"Kingsley Westside Res.";"0";"0";"3";"5.4";"2.7";"6.7";"8.9";"50";"43";"36";"36";"22.2";"8.3";"11.3";"11.7";"13.1";"13.3";"5.3";"6.1";"8";"7.1";"9.8";"33";"71";"33";"43";"9";"4.4";"5.9"
"Australia";"AUS";"Western Australia State League 1 Reserves";"27-06-2026 02:00";"FT";"Subiaco Res.";"1";"2";"Joondalup City Res.";"1";"1";"3.2";"6.8";"6.5";"2.8";"9.6";"56";"50";"50";"50";"25.6";"6.8";"11.2";"17.8";"15.5";"11.8";"3.1";"4.8";"8.5";"7.2";"9.8";"38";"75";"12";"100";"10";"17";"6.2"
"Australia";"AUS";"Western Australia State League 1 Reserves";"27-06-2026 02:00";"FT";"UWA Nedlands Res.";"0";"2";"Cockburn City Res.";"0";"0";"4.6";"5.3";"5";"3.3";"9.1";"50";"43";"43";"36";"25.8";"16.1";"15.3";"7.9";"12.3";"14.4";"8.9";"8.7";"3.7";"7.6";"9.8";"71";"29";"43";"57";"9";"7.3";"9.6"
"Australia";"AUS";"Western Australia State League 1 Reserves";"27-06-2026 02:00";"FT";"Floreat Athena Res.";"1";"1";"Inglewood United Res.";"1";"0";"5";"4";"3.8";"6.2";"9.5";"52";"42";"32";"32";"26.2";"11";"12.2";"12.5";"16.6";"14.3";"6";"7.8";"5.2";"9.6";"9.8";"75";"40";"75";"40";"10";"4.8";"15.2"
"Australia";"AUS";"Western Australia State League 1 Reserves";"27-06-2026 02:00";"FT";"Gwelup Croatia Res.";"6";"3";"Curtin University Res.";"4";"1";"4.7";"4.4";"5.6";"6.1";"10.4";"71";"71";"57";"50";"23.8";"12.9";"8.9";"14";"11.9";"12.4";"7.3";"3.6";"7.7";"6.1";"9.8";"43";"29";"29";"43";"10";"4.6";"6.8"
"Australia";"AUS";"Northern NSW State League 1";"27-06-2026 01:00";"FT";"Toronto Awaba";"0";"2";"Cessnock City";"0";"1";"";"";"";"";"";"";"";"";"";"";"";"";"";"";"";"";"";"";"";"0";"";"";"";"";"";"";""
"Australia";"AUS";"Northern NSW State League 1";"27-06-2026 05:00";"POSTPONED";"South Cardiff";"";"";"New Lambton";"";"";"";"";"";"";"";"";"";"";"";"";"";"";"";"";"";"";"";"";"";"0";"";"";"";"";"";"";""
"Australia";"AUS";"New South Wales NPL 3";"27-06-2026 04:00";"FT";"Stanmore Hawks";"1";"2";"Hawkesbury City";"1";"0";"3.9";"2.6";"6.9";"5.2";"9.3";"74";"54";"41";"35";"25.7";"8.5";"13.6";"15.2";"14";"15.3";"3.9";"8.2";"9.9";"8.6";"10";"38";"40";"38";"20";"10";"8.5";"6.5"
"Australia";"AUS";"New South Wales NPL 3";"27-06-2026 04:00";"FT";"Sydney University";"2";"0";"Fraser Park";"0";"0";"5.5";"5.9";"5.5";"4.4";"10.6";"86";"80";"72";"60";"27.1";"16.1";"9.3";"15.1";"13.7";"15.8";"9.8";"4.4";"10.2";"7.1";"10";"50";"57";"38";"43";"10";"12.4";"9.3"
"Australia";"AUS";"New South Wales NPL 3";"27-06-2026 04:00";"FT";"Central Coast United";"4";"1";"Gladesville Ryde Magic";"2";"0";"4.5";"3.9";"3.8";"6";"9";"66";"66";"59";"27";"26.9";"13";"12.4";"11.5";"16.9";"16.6";"9.2";"8.3";"5.5";"10";"10";"50";"29";"50";"29";"9";"7.2";"6.5"
"Australia";"AUS";"New South Wales NPL 3";"27-06-2026 04:00";"FT";"Parramatta";"3";"1";"Nepean";"1";"1";"5";"3.6";"3.4";"5.1";"8.6";"68";"68";"45";"32";"22.5";"12";"11.8";"8.6";"12.6";"14.1";"6.6";"7.9";"6.2";"7.5";"10";"100";"50";"80";"38";"9";"6";"6.9"
"Australia";"AUS";"New South Wales NPL 3";"27-06-2026 06:00";"FT";"Camden Tigers";"1";"1";"South Coast Flame";"0";"0";"5.2";"6.1";"5.2";"5.2";"10.9";"84";"74";"69";"58";"28.8";"11";"14.2";"16.4";"15.9";"16.2";"5.8";"7";"10.8";"8.8";"10";"20";"56";"60";"67";"10";"8.5";"11.8"
"Australia";"AUS";"New South Wales NPL 3";"27-06-2026 06:00";"FT";"Dunbar Rovers";"1";"1";"Mounties Wanderers";"0";"0";"4.3";"6.7";"4.7";"2";"8.8";"67";"56";"47";"28";"25.6";"13.8";"17.3";"10.5";"9.7";"15";"8.8";"10.6";"6.3";"4.3";"10";"50";"56";"17";"89";"10";"8.6";"5.2"
"Australia";"AUS";"New South Wales NPL 3 Youth";"27-06-2026 02:00";"AWAITING_UPDATES";"Parramatta U20";"";"";"Nepean U20";"";"";"";"";"";"";"";"";"";"";"";"";"";"";"";"";"";"";"";"";"";"";"";"";"";"";"";"";""
"Australia";"AUS";"New South Wales NPL 3 Youth";"27-06-2026 02:00";"AWAITING_UPDATES";"Sydney University U20";"";"";"Fraser Park U20";"";"";"";"";"";"";"";"";"";"";"";"";"";"";"";"";"";"";"";"";"";"";"";"";"";"";"";"";""
"Australia";"AUS";"New South Wales NPL 3 Youth";"27-06-2026 04:00";"AWAITING_UPDATES";"Camden Tigers U20";"";"";"South Coast Flame U20";"";"";"";"";"";"";"";"";"";"";"";"";"";"";"";"";"";"";"";"";"";"";"";"";"";"";"";"";""
"Australia";"AUS";"New South Wales NPL 3 Youth";"27-06-2026 04:00";"AWAITING_UPDATES";"Dunbar Rovers U20";"";"";"Mounties Wanderers U20";"";"";"";"";"";"";"";"";"";"";"";"";"";"";"";"";"";"";"";"";"";"";"";"";"";"";"";"";""
"Australia";"AUS";"New South Wales NPL 3 Youth";"27-06-2026 06:00";"AWAITING_UPDATES";"Inner West Hawks U20";"";"";"Hawkesbury City U20";"";"";"";"";"";"";"";"";"";"";"";"";"";"";"";"";"";"";"";"";"";"";"";"";"";"";"";"";""
"Australia";"AUS";"New South Wales NPL 3 Youth";"27-06-2026 06:00";"AWAITING_UPDATES";"Central Coast Utd U20";"";"";"Gladesville Ryde U20";"";"";"";"";"";"";"";"";"";"";"";"";"";"";"";"";"";"";"";"";"";"";"";"";"";"";"";"";""
"Australia";"AUS";"Queensland PL Youth";"27-06-2026 01:30";"FT";"St George Willawong U23";"2";"1";"North Star U23";"1";"0";"1.9";"5.4";"7.9";"5";"10.1";"73";"73";"54";"46";"24.1";"5.8";"15";"16.1";"11.3";"12.1";"2.8";"7.7";"8";"5.7";"9.9";"25";"43";"0";"57";"10";"7.2";"6"
"Australia";"AUS";"Queensland PL Youth";"27-06-2026 01:45";"FT";"Logan Lightning U23";"1";"0";"Caboolture U23";"0";"0";"6";"5.3";"5";"4.5";"10.4";"72";"72";"58";"44";"29.7";"15.9";"17.8";"12.2";"13.5";"17";"8.4";"11.7";"5.9";"8";"9.9";"67";"33";"67";"50";"10";"5";"7.4"
"Australia";"AUS";"Queensland PL Youth";"27-06-2026 02:45";"FT";"Broadbeach United U23";"2";"0";"Capalaba U23";"1";"0";"5.7";"3.9";"4.5";"6.1";"10.1";"68";"60";"55";"36";"18.4";"9.2";"8.6";"5";"14";"8.6";"4";"3.7";"2.5";"7";"9.9";"50";"40";"67";"30";"10";"6.6";"6.1"
"Australia";"AUS";"Queensland PL Youth";"27-06-2026 02:45";"TBA";"SC Wanderers U23";"";"";"Robina City U23";"";"";"5";"6.9";"3.6";"4.4";"9.9";"74";"74";"74";"56";"24.2";"15.7";"13.6";"10.2";"9";"13.4";"7.7";"8";"5.8";"5.4";"9.9";"50";"50";"60";"50";"10";"7.1";"3.7"
"Australia";"AUS";"Tasmania Southern Championship";"27-06-2026 01:30";"FT";"Hobart City Beachside";"2";"2";"New Town Eagles";"0";"1";"4.7";"6";"2.3";"6.2";"9.6";"56";"40";"40";"30";"21.2";"12";"15";"9.3";"6";"11.8";"7.3";"6.8";"6.7";"2.8";"9";"67";"0";"67";"20";"9";"5.2";"4.1"
"Australia";"AUS";"Tasmania Southern Championship";"27-06-2026 03:45";"FT";"Clarence Zebras II";"2";"2";"Hobart United";"1";"1";"3.7";"4.2";"6.2";"3.2";"8.6";"58";"38";"38";"16";"20.4";"7.7";"7.2";"14";"12";"10.5";"3.3";"4.8";"6.2";"6.8";"9";"67";"50";"17";"50";"9";"3.3";"3.8"
"Australia";"AUS";"TAS NPL Youth";"27-06-2026 23:15";"AWAITING_UPDATES";"Kingborough Lions U21";"";"";"Devonport Strikers U21";"";"";"";"";"";"";"";"";"";"";"";"";"";"";"";"";"";"";"";"";"";"0";"";"";"";"";"";"";""
"Australia";"AUS";"TAS NPL Youth";"27-06-2026 23:15";"AWAITING_UPDATES";"Launceston City U21";"";"";"South East United U21";"";"";"";"";"";"";"";"";"";"";"";"";"";"";"";"";"";"";"";"";"";"0";"";"";"";"";"";"";""
"Bhutan";"BHU";"Bhutan Premier League";"27-06-2026 07:00";"FT";"Ugyen Academy";"1";"7";"Thimphu City";"1";"4";"4.7";"6.7";"5.3";"3.7";"10.2";"82";"68";"60";"44";"33";"16.6";"18.3";"19";"12";"9";"4";"5.6";"5.7";"2.7";"9.9";"44";"67";"56";"71";"9";"8.7";"5.9"
"Belarus";"BLR";"Vysshaya Liga";"27-06-2026 08:30";"FT";"Torpedo BelAZ";"3";"0";"BATE";"1";"0";"5.2";"3.2";"3.5";"4.8";"8.4";"65";"50";"35";"15";"15.1";"8.1";"6.6";"6.9";"8.6";"6.1";"3";"2.7";"2.7";"3.7";"10";"70";"50";"50";"30";"9";"4.5";"5.5"
"Belarus";"BLR";"Vysshaya Liga";"27-06-2026 10:30";"FT";"ML Vitebsk";"2";"1";"Naftan";"1";"1";"5.4";"4.6";"3.8";"7.4";"10.6";"75";"70";"60";"45";"16.1";"10.6";"5.5";"7.3";"8.8";"6.9";"4.3";"2.6";"2.6";"4.3";"10";"60";"60";"50";"20";"10";"5.6";"7.9"
"Belarus";"BLR";"Vysshaya Liga";"27-06-2026 12:30";"FT";"Dinamo Brest";"0";"0";"Minsk";"0";"0";"7";"3";"4.2";"5.4";"9.8";"68";"68";"46";"26";"12.4";"6.4";"5.8";"6.1";"6.4";"5.8";"3.1";"2.7";"2.8";"3";"10";"90";"11";"70";"33";"10";"4";"3.6"
"Belarus";"BLR";"Vysshaya Liga";"27-06-2026 14:30";"FT";"Dinamo Minsk";"1";"1";"Vitebsk";"1";"1";"4";"3.8";"4.8";"4.8";"8.7";"55";"40";"30";"25";"13.8";"8.1";"6.5";"6.4";"6.4";"6";"4.2";"2.2";"2.6";"3";"10";"60";"50";"40";"40";"9";"4.8";"6.2"
"Belarus";"BLR";"Pershaya Liga";"27-06-2026 08:00";"FT";"Volna";"2";"1";"Bumprom";"0";"0";"4.9";"5.2";"5.6";"2.7";"9.2";"74";"54";"54";"38";"13.6";"6.1";"8.1";"6.8";"6.1";"5.6";"2.7";"3.1";"2.8";"2.6";"10.1";"50";"90";"33";"50";"9";"3.4";"3.4"
"Belarus";"BLR";"Pershaya Liga";"27-06-2026 09:00";"FT";"Smorgon";"2";"0";"Shakhtyor Soligorsk";"0";"0";"5.3";"5.7";"5.1";"5.7";"10.9";"70";"60";"60";"50";"16.6";"9.6";"7.4";"8.5";"7.8";"7.6";"4.6";"3.7";"3.9";"3.1";"10.1";"30";"20";"50";"50";"11";"7.4";"2.6"
"Belarus";"BLR";"Pershaya Liga";"27-06-2026 10:00";"FT";"Slonim";"2";"1";"Slutsk";"1";"1";"4";"4.3";"5.9";"5.1";"9.6";"64";"54";"46";"42";"13.4";"6.7";"6.2";"7.3";"6.4";"6.2";"3.2";"2.7";"3.7";"2.9";"10.1";"57";"50";"14";"30";"10";"3.5";"3.3"
"Belarus";"BLR";"Pershaya Liga";"27-06-2026 11:00";"FT";"Gomel II";"5";"2";"Osipovichy";"3";"0";"3.8";"4.8";"6.1";"5.1";"9.9";"90";"75";"45";"40";"14.8";"6.8";"8.3";"7.2";"7.4";"7.4";"3.4";"3.9";"3.7";"3.7";"10.1";"40";"33";"40";"40";"10";"4.9";"7.5"
"Belarus";"BLR";"Pershaya Liga";"27-06-2026 12:00";"FT";"Molodechno-DYuSSh 4";"0";"2";"Lida";"0";"1";"5.2";"5.4";"2.4";"3.1";"8.2";"44";"33";"33";"28";"16.7";"7.6";"7";"10.4";"8.4";"7.6";"3.7";"3.1";"4.8";"3.6";"10.1";"67";"56";"78";"67";"9";"6.9";"3.9"
"Belarus";"BLR";"Pershaya Liga";"27-06-2026 13:30";"FT";"Uni Minsk";"1";"3";"Niva";"0";"3";"4.8";"5.1";"5";"3.8";"9.4";"66";"53";"36";"30";"16.8";"6.9";"12.3";"7.3";"7.1";"7.4";"2.1";"5.6";"3.4";"3.7";"10.1";"38";"67";"50";"44";"9";"9.9";"5.3"
"Brazil";"BRA";"Serie C";"27-06-2026 11:00";"FT";"Inter de Limeira";"2";"2";"Maringá";"0";"0";"5.3";"6.2";"5.1";"4.3";"10.4";"90";"75";"60";"40";"24.3";"12.8";"15.4";"11.2";"9.2";"9";"5.1";"5.1";"3.7";"4";"10.5";"60";"70";"50";"60";"10";"10.7";"9.1"
"Brazil";"BRA";"Serie C";"27-06-2026 16:00";"FT";"Floresta";"2";"1";"Barra FC";"1";"0";"3.4";"3.1";"6";"6.7";"9.6";"60";"50";"45";"35";"23.5";"11.7";"9.7";"11.5";"14.2";"7.6";"4.1";"3.8";"3.2";"4.2";"10.5";"30";"30";"0";"20";"10";"10.6";"10.7"
"Brazil";"BRA";"Serie C";"27-06-2026 17:00";"FT";"Paysandu";"1";"3";"Santa Cruz";"0";"2";"6.6";"4.8";"5.2";"4.8";"10.7";"80";"70";"70";"55";"23.4";"14.1";"8.4";"13.1";"11.2";"8.5";"5.3";"2.9";"5.2";"3.6";"10.5";"50";"50";"50";"50";"11";"8.1";"10.5"
"Brazil";"BRA";"Serie C";"27-06-2026 19:00";"FT";"Itabaiana";"1";"0";"Ferroviária";"0";"0";"4.5";"5.9";"5.3";"3.3";"9.5";"70";"65";"55";"50";"23.2";"10.7";"13.4";"12.6";"9.8";"8.2";"4.1";"3.9";"5.4";"2.9";"10.5";"60";"80";"40";"80";"10";"10.7";"13.4"
"Brazil";"BRA";"Serie D";"27-06-2026 14:30";"FT_PEN";"Blumenau";"1";"1";"São Luiz";"0";"1";"6.7";"3.3";"3.9";"5.3";"9.6";"74";"68";"52";"41";"22.9";"10.7";"11.3";"10.2";"13.6";"9.6";"4.7";"5.1";"3.7";"5.8";"9.6";"44";"44";"60";"22";"10";"4.3";"9.4"
"Brazil";"BRA";"Serie D";"27-06-2026 15:00";"FT";"Betim";"2";"0";"Vitória ES";"0";"0";"4.6";"4.2";"4.1";"3.7";"8.3";"65";"40";"30";"25";"19.6";"10.4";"8.4";"11";"9.4";"7.4";"3.9";"3.9";"3.4";"3.7";"9.6";"40";"60";"50";"60";"9";"9.5";"6"
"Brazil";"BRA";"Serie D";"27-06-2026 15:00";"FT_PEN";"Santa Catarina";"1";"1";"EC São José";"0";"0";"4.2";"5.2";"5.3";"4.9";"9.8";"74";"68";"64";"42";"23.8";"13.3";"12.9";"13.4";"7.9";"8.5";"6.2";"4";"3.6";"3.2";"9.6";"44";"50";"11";"60";"10";"8.3";"18.4"
"Brazil";"BRA";"Serie D";"27-06-2026 15:30";"FT";"Trem";"1";"2";"Sampaio Corrêa";"1";"2";"4.7";"5";"6.1";"3.9";"9.9";"74";"64";"48";"32";"23";"12";"11.3";"13";"9.6";"8.6";"5.4";"4";"4.6";"3.2";"9.6";"11";"50";"22";"50";"10";"7.1";"9.4"
"Brazil";"BRA";"Serie D";"27-06-2026 15:30";"FT_PEN";"Maracanã";"0";"0";"Imperatriz";"0";"0";"3.8";"3.6";"4.5";"5.6";"8.7";"64";"58";"53";"10";"21.4";"11.7";"9.7";"9";"12.6";"8";"4.3";"3.8";"3.1";"4.8";"9.6";"60";"33";"60";"11";"9";"10.6";"6.9"
"Brazil";"BRA";"Serie D";"27-06-2026 16:00";"FT";"Iguatu";"1";"1";"Tuna Luso";"1";"0";"3";"5.9";"6";"4.3";"9.6";"78";"72";"56";"39";"23.3";"10.1";"13.8";"10.4";"12.2";"10.6";"5";"6.3";"3.7";"6.1";"9.6";"11";"89";"22";"67";"10";"6.3";"9.2"
"Brazil";"BRA";"Serie D";"27-06-2026 16:00";"FT";"Portuguesa";"1";"0";"Sampaio Corrêa RJ";"0";"0";"5.2";"3.5";"3.5";"6";"9.1";"60";"50";"45";"45";"20.4";"12.3";"8.4";"5.6";"14.5";"7.2";"4.7";"2.1";"2";"5.7";"9.6";"70";"50";"70";"10";"9";"7.7";"12"
"Brazil";"BRA";"Serie D";"27-06-2026 16:00";"FT";"Piauí";"1";"0";"Maguary PE";"0";"0";"3.9";"5.4";"3.7";"5.7";"9.4";"72";"61";"39";"28";"24.6";"8.6";"16.7";"12.7";"11.1";"9.8";"3.6";"7.2";"5";"3.9";"9.6";"56";"33";"56";"33";"10";"7.2";"23.9"
"Brazil";"BRA";"Serie D";"27-06-2026 16:00";"FT_PEN";"Água Santa";"1";"1";"Velo Clube";"0";"1";"3.3";"6";"4.3";"5.1";"9.4";"75";"65";"55";"35";"20.5";"8.5";"11.7";"10.9";"9.9";"6.4";"3.2";"3.8";"2.9";"2.8";"9.6";"10";"70";"20";"60";"10";"7.7";"13"
"Brazil";"BRA";"Serie D";"27-06-2026 17:00";"FT";"Capital Brasilia";"4";"0";"Aparecidense";"2";"0";"4.3";"4.9";"4.1";"6.1";"9.7";"75";"65";"50";"40";"25.6";"12";"11.6";"12.3";"15.4";"9.4";"5.2";"4.5";"3.6";"5.5";"9.6";"90";"40";"40";"40";"9";"7.1";"8.3"
"Brazil";"BRA";"Serie D";"27-06-2026 17:00";"FT";"Águia de Marabá";"2";"0";"Parnahyba";"1";"0";"3.4";"4.9";"5.3";"4.4";"9";"72";"56";"44";"33";"21.8";"12.6";"9.1";"11";"10.9";"9.2";"5.9";"4";"4.6";"4";"9.6";"33";"78";"33";"44";"10";"6.6";"7.6"
"Brazil";"BRA";"Serie D";"27-06-2026 17:00";"FT";"Uberlândia";"2";"2";"Rio Branco ES";"0";"1";"6.6";"5.4";"3.7";"3.7";"9.6";"74";"55";"44";"31";"20.8";"12.7";"11.5";"7.8";"9.7";"6.5";"4.6";"2.8";"1.8";"3.8";"9.6";"78";"67";"78";"57";"10";"9.8";"8.8"
"Brazil";"BRA";"Serie D";"27-06-2026 17:00";"FT";"Sergipe";"0";"1";"ASA";"0";"1";"7.3";"5.9";"4.6";"3.8";"10.8";"84";"84";"64";"54";"21.8";"11.8";"9.4";"11.3";"11.1";"8.5";"4.6";"3.2";"5";"4.2";"9.6";"33";"60";"67";"70";"10";"7.9";"10.4"
"Brazil";"BRA";"Serie D";"27-06-2026 17:00";"FT";"CSA";"2";"0";"Lagarto";"0";"0";"5.3";"3.9";"3.2";"5";"8.7";"70";"55";"45";"35";"18.6";"12.2";"9";"5.9";"10.2";"7.8";"5.5";"4.1";"1.5";"4.4";"9.6";"40";"50";"60";"30";"9";"5.3";"6.4"
"Brazil";"BRA";"Serie D";"27-06-2026 18:00";"FT";"América RN";"1";"0";"Fluminense PI";"1";"0";"8.1";"4.6";"3.7";"5.7";"11";"69";"64";"58";"58";"26.1";"16.6";"12.2";"8.9";"14.6";"9.6";"7.1";"4.3";"2.8";"5";"9.6";"67";"50";"67";"30";"10";"11.1";"13.6"
"Brazil";"BRA";"Serie D";"27-06-2026 18:00";"FT";"XV de Piracicaba";"2";"0";"América RJ";"2";"0";"6";"5.4";"4.1";"6.3";"11";"84";"84";"64";"53";"21.5";"11.5";"11.6";"8.9";"11";"7.2";"3.7";"4.2";"2.4";"4.2";"9.6";"90";"44";"80";"33";"10";"11.5";"8.3"
"Brazil";"BRA";"Serie D";"27-06-2026 18:00";"FT";"Tombense";"0";"0";"CRAC";"0";"0";"5.2";"5";"4.5";"4.2";"9.4";"65";"55";"55";"45";"21.8";"12.3";"8.9";"12.3";"10.1";"7.7";"4.8";"3.1";"3.8";"3.7";"9.6";"50";"40";"60";"50";"10";"10.3";"11.1"
"Brazil";"BRA";"Serie D";"27-06-2026 18:30";"FT";"Goiatuba EC";"1";"0";"Brasiliense";"1";"0";"5.4";"7";"4";"4.3";"10.4";"74";"68";"53";"47";"22.4";"13";"13.3";"9";"9.4";"7.8";"4.6";"5.2";"3.1";"2.7";"9.6";"33";"80";"67";"80";"10";"11.8";"13.3"
"Brazil";"BRA";"Serie D";"27-06-2026 19:30";"FT";"Gama";"1";"0";"Mixto";"1";"0";"6";"4.7";"3.9";"3.4";"9";"70";"50";"40";"35";"22.9";"13.6";"14.2";"7.5";"10.5";"9.3";"5.6";"5.5";"3.1";"4.4";"9.6";"60";"40";"60";"70";"9";"6.2";"12.9"
"Brazil";"BRA";"Mineiro 2";"27-06-2026 16:00";"FT";"Villa Nova";"6";"0";"Ipatinga";"1";"0";"5.1";"3.8";"4.9";"5.5";"9.6";"69";"62";"46";"38";"23.7";"11.3";"8.7";"13.4";"14";"10";"4.7";"4.5";"5";"5.8";"8.1";"43";"50";"29";"17";"9";"8.8";"21.7"
"Brazil";"BRA";"Mineiro 2";"27-06-2026 16:00";"FT";"Democrata SL";"1";"0";"Coimbra";"1";"0";"4.8";"7.5";"4.4";"2.8";"9.6";"68";"68";"44";"44";"19.8";"10.3";"14.4";"8.1";"6.9";"7.6";"3.9";"5.2";"3.3";"2.9";"8.1";"62";"62";"50";"88";"9";"7.9";"8.5"
"Brazil";"BRA";"Mineiro 2";"27-06-2026 17:30";"FT";"Guarani MG";"2";"0";"Caldense";"0";"0";"4.7";"4.4";"3.7";"4";"8.4";"62";"38";"38";"20";"23.2";"13.4";"11";"11";"11";"8.3";"4.1";"3.6";"4.7";"4.1";"8.1";"71";"56";"71";"44";"8";"16.8";"22"
"Brazil";"BRA";"Paulista Série B";"27-06-2026 15:00";"FT";"São Carlos";"0";"1";"Paulinense";"0";"0";"5.2";"4";"2";"5.6";"8.4";"50";"38";"31";"31";"19.4";"12.2";"7.2";"8.4";"11";"8.2";"5.9";"2.4";"4.1";"4";"9.5";"100";"38";"88";"12";"9";"6.4";"8"
"Brazil";"BRA";"Paulista Série B";"27-06-2026 15:00";"FT";"União Mogi";"2";"3";"Mauá";"1";"1";"4.2";"4.4";"4.9";"5.1";"9.3";"75";"65";"50";"40";"22.4";"11";"11.4";"11.4";"11";"10.2";"4.9";"5.7";"4.5";"5.2";"9.5";"33";"60";"40";"40";"10";"7.9";"5.7"
"Brazil";"BRA";"Paulista Série B";"27-06-2026 15:00";"FT";"Manthiqueira";"0";"2";"José Bonifácio";"0";"1";"4";"3";"6.7";"4.7";"9.2";"64";"64";"42";"30";"20.6";"9.7";"9";"14";"8.5";"7.8";"5.1";"2.8";"4.7";"2.8";"9.5";"25";"17";"11";"33";"9";"6.5";"5.3"
"Brazil";"BRA";"Paulista Série B";"27-06-2026 19:30";"FT";"Assisense";"0";"1";"Matonense";"0";"0";"6.6";"2.4";"4.5";"4.9";"9.2";"62";"37";"31";"31";"22.8";"13.4";"8.4";"9.1";"14.6";"8.8";"5.4";"2.9";"4.1";"5.3";"9.5";"50";"57";"62";"25";"9";"7.9";"3"
"Brazil";"BRA";"Paulista U20";"27-06-2026 10:00";"FT";"Palmeiras U20";"4";"0";"Guarani U20";"1";"0";"6.6";"6.2";"3.8";"5.1";"10.9";"75";"65";"55";"45";"23";"15.4";"11.4";"8.9";"10.2";"8.9";"6.5";"4.4";"2.8";"4.1";"9.1";"100";"100";"60";"70";"9";"5.1";"6.7"
"Brazil";"BRA";"Paulista U20";"27-06-2026 15:00";"FT";"Sertãozinho U20";"0";"0";"São Bento U20";"0";"0";"3.9";"4.7";"6.3";"4.9";"9.9";"75";"60";"50";"40";"21.8";"8.7";"9.4";"13.3";"12.3";"9.8";"3.6";"4";"5.9";"6";"9.1";"80";"22";"30";"40";"9";"17.4";"7.2"
"Brazil";"BRA";"Mineiro U20";"27-06-2026 15:00";"FT";"Nacional AC MG U20";"4";"1";"Minas Boca U20";"3";"0";"4.7";"4.4";"6.3";"4.1";"9.8";"78";"72";"60";"34";"29.4";"16.3";"14.5";"11.3";"16.5";"11.8";"7";"5.5";"4";"7";"9.7";"50";"50";"29";"56";"10";"13.6";"20.7"
"Brazil";"BRA";"Mineiro U20";"27-06-2026 15:00";"FT";"Boston City U20";"2";"1";"América Mineiro U20";"1";"1";"2.5";"4.8";"6";"4.7";"9";"74";"46";"24";"24";"25.8";"8";"13";"15.2";"15.4";"10.3";"2.6";"4.7";"6.8";"6.5";"9.7";"20";"40";"0";"40";"9";"6.7";"7.2"
"Brazil";"BRA";"Mineiro U20";"27-06-2026 15:00";"FT";"Uberabinha U20";"0";"1";"Betim U20";"0";"1";"3.7";"4.7";"6.1";"6.6";"10.6";"78";"71";"64";"50";"25";"7.8";"13.4";"13.2";"15.7";"9.6";"1.8";"5.1";"4.8";"7.6";"9.7";"0";"29";"29";"29";"10";"13";"10.3"
"Brazil";"BRA";"Mineiro U20";"27-06-2026 15:00";"FT";"Coimbra U20";"0";"1";"Atletico Mineiro U20";"0";"0";"6";"4.2";"2.8";"5";"9";"69";"58";"53";"31";"21.8";"13";"14.2";"7.7";"8.8";"7.8";"5";"5.3";"2.6";"2.7";"9.7";"57";"40";"67";"40";"9";"16.2";"5.9"
"Brazil";"BRA";"Mineiro U20";"27-06-2026 15:00";"FT";"Cruzeiro U20";"3";"2";"Athletic Club U20";"0";"1";"7.6";"7.6";"4.5";"3.6";"11.6";"94";"88";"61";"61";"25.2";"16";"15.8";"9.1";"9.6";"9.8";"5.5";"6.1";"3.6";"4.4";"9.7";"70";"88";"70";"88";"11";"12.3";"7.9"
"Brazil";"BRA";"Mineiro U20";"27-06-2026 15:00";"FT";"São João del-Rei U20";"0";"1";"Inter de Minas U20";"0";"0";"3.6";"4.3";"5.3";"5.4";"9.3";"76";"64";"58";"31";"24.9";"10.4";"9.1";"13.7";"16.6";"9.2";"4.1";"3.4";"5";"5.9";"9.7";"29";"29";"22";"29";"10";"8.7";"9.1"
"Brazil";"BRA";"Mineiro U20";"27-06-2026 15:00";"FT";"Social";"3";"0";"Villa Real U20";"1";"0";"4";"2.4";"5.3";"8";"9.9";"86";"86";"52";"28";"28.8";"9";"5.4";"24.5";"18.6";"11.1";"4.5";"0.6";"9.5";"7.6";"9.7";"50";"40";"67";"14";"9";"7.5";"13.5"
"Brazil";"BRA";"Copa Gaúcha";"27-06-2026 15:00";"FT";"Santa Cruz RS";"1";"1";"Brasil de Pelotas";"1";"0";"3.8";"6.5";"4.4";"3.2";"9";"59";"59";"48";"36";"22.2";"8.8";"16.9";"9.8";"8.9";"8.8";"3.4";"7.6";"3.9";"2.8";"9.2";"44";"75";"22";"62";"9";"5.9";"12.1"
"Brazil";"BRA";"Copa Gaúcha";"27-06-2026 15:00";"FT";"Bage";"0";"1";"Gramadense";"0";"0";"5.3";"3.8";"3";"4.9";"8.5";"68";"52";"31";"20";"20";"14";"8.4";"7.6";"10";"8.8";"5.7";"3.6";"4";"4.3";"9.2";"62";"44";"56";"30";"9";"20";"7.6"
"Brazil";"BRA";"Brasiliense U20";"27-06-2026 10:00";"FT";"Real Brasília U20";"4";"0";"EC Cruzeiro U20";"1";"0";"3.8";"5.2";"4.3";"6.3";"9.8";"64";"64";"58";"50";"25.8";"13.2";"10.5";"11.8";"16";"11.2";"6.7";"4";"5.2";"6.5";"10.5";"44";"33";"44";"33";"9";"4.6";"10.5"
"Brazil";"BRA";"Brasiliense U20";"27-06-2026 10:00";"FT";"Gama U20";"3";"3";"Planaltina U20";"1";"1";"5.8";"2";"5";"10";"11.4";"92";"92";"50";"50";"23.5";"13.2";"7";"9.8";"17";"10.2";"5.4";"1.5";"5";"8.5";"10.5";"40";"0";"67";"0";"11";"4.3";"14"
"Brazil";"BRA";"Brasiliense U20";"27-06-2026 10:00";"AWAITING_UPDATES";"Sobradinho U20";"";"";"ARUC U20";"";"";"4.6";"";"4.8";"";"";"";"";"";"";"";"8.4";"";"10.6";"";"";"3.9";"";"4.3";"";"10.5";"25";"";"38";"";"";"";""
"Brazil";"BRA";"Brasiliense U20";"27-06-2026 15:30";"AWAITING_UPDATES";"Canaã U20";"";"";"Grêmio Valparaíso U20";"";"";"4.5";"4.2";"7.3";"4.7";"10.3";"84";"66";"50";"50";"27";"16.2";"11";"12.8";"14";"10.1";"6";"4.2";"3.7";"6.3";"10.5";"50";"33";"17";"17";"11";"4.6";"5.8"
"Brazil";"BRA";"Brasiliense U20";"27-06-2026 15:30";"AWAITING_UPDATES";"CFZ Brasilia U20";"";"";"Legião U20";"";"";"";"3.7";"";"5.7";"";"";"";"";"";"";"";"7.7";"";"17.7";"";"";"5";"";"7.3";"10.5";"";"33";"";"33";"";"";""
"Brazil";"BRA";"Baiano U20";"27-06-2026 15:00";"FT";"Jacuipense U20";"3";"3";"Fluminense de Feira U20";"3";"1";"8";"5.2";"6";"6";"12.6";"80";"80";"68";"68";"18.8";"12.5";"9.2";"9.2";"6.8";"7.8";"4.5";"4.2";"3";"3.8";"10";"100";"25";"57";"50";"11";"7.4";"4.4"
"Brazil";"BRA";"Baiano U20";"27-06-2026 15:00";"FT";"SSA U20";"1";"2";"Camaçariense U20";"0";"0";"5.2";"4.5";"2.7";"4.5";"8.4";"62";"29";"29";"21";"21.5";"10";"10.8";"10.5";"11.8";"8.4";"3.5";"3.8";"4.8";"4.8";"10";"83";"50";"67";"25";"9";"5.9";"6.4"
"Brazil";"BRA";"Goiano U20";"27-06-2026 16:00";"FT";"Cerrado U20";"2";"1";"Atlético GO U20";"1";"0";"4.1";"5.9";"6.1";"3.9";"10";"68";"58";"51";"46";"26";"12.2";"16.1";"15.1";"8.4";"11.1";"5.9";"7.1";"5.4";"3.9";"10.3";"38";"70";"25";"60";"11";"6.8";"7"
"Brazil";"BRA";"Gaúcho - Estadual Junior U20";"27-06-2026 11:00";"FT";"Internacional U20";"4";"2";"Gremio U20";"1";"1";"6.2";"4.7";"3.8";"4.3";"9.5";"67";"50";"50";"38";"22";"14.4";"12.7";"7.2";"9.7";"9.3";"6.9";"4.7";"2.8";"4.2";"9.7";"67";"67";"89";"56";"10";"5.5";"9.8"
"Brazil";"BRA";"Carioca A2";"27-06-2026 14:45";"FT";"Audax Rio";"2";"0";"Resende";"2";"0";"5";"4.4";"4.8";"4.4";"9.4";"78";"57";"42";"36";"19.4";"8.9";"11.3";"9.2";"9.3";"7.7";"2.7";"5.2";"3.9";"3.6";"9.7";"30";"67";"40";"33";"10";"12.7";"5.1"
"Brazil";"BRA";"Carioca A2";"27-06-2026 14:45";"FT";"Serrano RJ";"0";"3";"São Gonçalo EC RJ";"0";"0";"6";"4.6";"4.7";"3";"9.1";"54";"54";"48";"33";"21.4";"8";"14.2";"11.8";"8.8";"7.1";"3.2";"4.2";"3.3";"3.4";"9.7";"11";"60";"56";"50";"10";"7.3";"15.8"
"Brazil";"BRA";"Carioca A2";"27-06-2026 14:45";"FT";"Cabofriense";"1";"2";"Perolas Negras";"0";"0";"5";"4.2";"5.8";"5.6";"10.3";"73";"57";"52";"42";"21.5";"9.3";"13.1";"11.4";"9.3";"8";"3.3";"5.6";"3.6";"3.6";"9.7";"60";"67";"40";"33";"10";"9.3";"7.3"
"Brazil";"BRA";"Carioca A2";"27-06-2026 14:45";"FT";"Americano";"1";"1";"CFRJ / Marica";"0";"0";"5.6";"5.6";"3.6";"4.3";"9.5";"64";"56";"52";"46";"24.5";"13.1";"13.3";"8.7";"13.9";"8.9";"5.4";"4.6";"3";"4.8";"9.7";"71";"50";"57";"50";"10";"8.7";"13.3"
"Brazil";"BRA";"Carioca A2";"27-06-2026 16:00";"FT";"CEAC / Araruama";"1";"0";"Olaria";"0";"0";"3.1";"6";"4.2";"4.3";"8.9";"64";"52";"46";"29";"19.4";"7.2";"11.4";"12.2";"8";"6.8";"2.8";"3.8";"3.6";"3.6";"9.7";"50";"78";"25";"56";"9";"8";"7.6"
"Brazil";"BRA";"Paraibano U20";"27-06-2026 16:00";"FT";"Cruzeiro Itaporanga U20";"1";"0";"Sousa U20";"0";"0";"5.7";"2.7";"5.2";"4.3";"8.9";"50";"34";"25";"25";"18.6";"9";"9";"10.5";"8.7";"7.6";"3.2";"4.7";"4.3";"3";"9.8";"50";"33";"50";"33";"9";"4.2";"8.2"
"Brazil";"BRA";"Catarinense U20";"27-06-2026 11:00";"FT";"Brusque U20";"0";"5";"Avaí U20";"0";"2";"3.8";"5.1";"4.9";"4.7";"9.2";"76";"60";"55";"28";"23.6";"7.5";"11.7";"15.1";"12.8";"9";"2.5";"4.1";"6.9";"4.5";"9.1";"38";"60";"50";"40";"9";"7.5";"9"
"Brazil";"BRA";"Catarinense U20";"27-06-2026 15:00";"FT";"Figueirense U20";"3";"2";"Barra SC U20";"1";"0";"5.2";"5.5";"4.3";"4.9";"10";"84";"61";"51";"35";"21.2";"11.2";"12.5";"11.1";"7.8";"9";"4.3";"6.1";"4.1";"3.4";"9.1";"60";"88";"60";"38";"10";"7.5";"5"
"Brazil";"BRA";"Maranhense 2";"27-06-2026 16:00";"FT";"Timon MA";"0";"0";"Cordino";"0";"0";"";"4";"";"4";"";"";"";"";"";"";"";"11.3";"";"10.7";"";"";"5";"";"5.7";"0";"";"33";"";"33";"";"";""
"Brazil";"BRA";"Maranhense 2";"27-06-2026 16:00";"FT";"São José MA";"0";"2";"São Luís";"0";"0";"";"";"";"";"";"";"";"";"";"";"";"";"";"";"";"";"";"";"";"0";"";"";"";"";"";"";""
"Canada";"CAN";"PCSL";"27-06-2026 17:00";"CANCELLED";"AFA";"";"";"Kamloops Rivers II";"";"";"";"";"";"";"";"";"";"";"";"";"";"";"";"";"";"";"";"";"";"0";"";"";"";"";"";"";""
"Canada";"CAN";"PCSL";"27-06-2026 20:00";"AWAITING_UPDATES";"WIA";"";"";"Mid Isle Highlanders";"";"";"";"";"";"";"";"";"";"";"";"";"";"";"";"";"";"";"";"";"";"0";"";"";"";"";"";"";""
"Canada";"CAN";"PCSL";"27-06-2026 20:00";"AWAITING_UPDATES";"Victoria United";"";"";"Blues";"";"";"";"";"";"";"";"";"";"";"";"";"";"";"";"";"";"";"";"";"";"0";"";"";"";"";"";"";""
"Canada";"CAN";"PCSL";"27-06-2026 22:00";"AWAITING_UPDATES";"Gorge";"";"";"Khalsa";"";"";"";"";"";"";"";"";"";"";"";"";"";"";"";"";"";"";"";"";"";"0";"";"";"";"";"";"";""
"Chile";"CHI";"Tercera A";"27-06-2026 13:00";"FT";"Deportes Rancagua";"2";"1";"Imperial Unido";"1";"1";"5.6";"5";"5.9";"5.1";"10.8";"80";"80";"60";"54";"29.9";"15.9";"16.1";"13.7";"14.1";"13.8";"7.3";"7.1";"6.7";"6.5";"10.2";"57";"12";"71";"50";"10";"15.9";"11.5"
"Chile";"CHI";"Tercera A";"27-06-2026 16:00";"FT";"Naval";"1";"1";"Malleco Unido";"0";"0";"6.7";"4.3";"5";"3.7";"9.8";"75";"66";"50";"42";"23.8";"10.7";"14.5";"12.2";"10.2";"9.8";"4.8";"6";"4.8";"4";"10.2";"67";"83";"50";"50";"10";"5.9";"7.6"
"Chile";"CHI";"Tercera A";"27-06-2026 17:30";"FT";"Constitución Unido";"2";"4";"Quintero Unido";"1";"1";"3.6";"5.7";"4.3";"4.3";"9";"62";"55";"40";"32";"24";"14.4";"10.8";"13";"9.8";"11.1";"6.6";"5";"6";"4.7";"10.2";"29";"33";"29";"33";"10";"7.2";"6"
"Chile";"CHI";"Tercera A";"27-06-2026 18:00";"FT";"Comunal Cabrero";"3";"2";"Atlético Oriente";"1";"1";"7.6";"5.3";"3.3";"4.3";"10.2";"78";"72";"50";"50";"27.2";"15.4";"13.1";"11";"14.9";"10.8";"5";"4.7";"4";"8";"10.2";"57";"100";"100";"57";"10";"11";"10.9"
"China";"CHN";"Super League";"27-06-2026 08:00";"FT";"Liaoning Tieren FC";"1";"5";"Shandong Taishan";"0";"2";"3.8";"4.2";"5.1";"4.6";"8.9";"80";"60";"35";"20";"25.2";"11.2";"14.8";"11.4";"13";"8.5";"4";"4.6";"4";"4.4";"10.4";"40";"50";"40";"40";"10";"7.2";"4.9"
"China";"CHN";"Super League";"27-06-2026 08:35";"FT";"Shenzhen Peng City";"2";"3";"Chengdu Rongcheng";"0";"1";"6.2";"5.9";"5.9";"3.4";"10.7";"85";"70";"60";"50";"25.1";"11.6";"14.5";"12.9";"11.2";"8.4";"4.2";"5.8";"3.9";"2.9";"10.4";"50";"80";"50";"80";"11";"6.5";"5.3"
"China";"CHN";"Super League";"27-06-2026 08:35";"FT";"Henan Songshan Longmen";"1";"2";"Shanghai Port";"1";"1";"5.8";"5.3";"3.5";"3.5";"9";"65";"45";"25";"25";"20.2";"11";"10.6";"8.8";"9.9";"6.8";"3.5";"3.1";"3.4";"3.6";"10.4";"90";"60";"60";"70";"10";"7.9";"4.7"
"China";"CHN";"Super League";"27-06-2026 09:00";"FT";"Beijing Guoan";"1";"0";"Wuhan Three Towns";"0";"0";"7.9";"5.1";"2.9";"4.7";"10.3";"80";"65";"60";"40";"24.9";"17.4";"11.7";"8.9";"11.8";"9.7";"7.2";"4.2";"3.9";"4.1";"10.4";"70";"60";"80";"30";"10";"6.3";"6.6"
"China";"CHN";"Super League";"27-06-2026 09:00";"FT";"Chongqing Tonglianglong FC";"1";"0";"Tianjin Jinmen Tiger";"0";"0";"3.3";"4";"6.3";"6.8";"10.2";"75";"65";"50";"40";"20";"6.7";"8.9";"11.2";"13.1";"7.2";"3.1";"3.4";"3.7";"4.1";"10.4";"30";"40";"20";"20";"10";"4.3";"5.1"
"China";"CHN";"League Two";"27-06-2026 05:00";"FT";"Changchun Xidu";"0";"0";"Haimen Codion";"0";"0";"4.4";"6.7";"4.3";"3.3";"9.4";"65";"40";"30";"30";"19.5";"9.6";"10.3";"10.9";"8.2";"6";"2.4";"2.8";"4.3";"2.5";"8.7";"50";"90";"40";"70";"9";"10.7";"7.5"
"China";"CHN";"League Two";"27-06-2026 05:00";"FT";"Shanghai Segenda";"0";"2";"Qingdao Red Lions";"0";"1";"2.8";"4.6";"5.1";"5.6";"9";"75";"60";"30";"25";"19.4";"8.1";"9";"11.3";"10.3";"5.4";"2.5";"2.7";"2.8";"2.7";"8.7";"30";"20";"20";"60";"9";"6.3";"7.6"
"China";"CHN";"League Two";"27-06-2026 05:00";"FT";"Dalian Kewei";"1";"0";"Shanghai Port B";"0";"0";"5.5";"4.3";"4.3";"4.4";"9.2";"55";"55";"40";"30";"21.9";"10.3";"12.5";"7.5";"13.5";"6.4";"3";"3.4";"2.3";"4.2";"8.7";"90";"80";"50";"40";"9";"8.1";"6.6"
"China";"CHN";"League Two";"27-06-2026 08:30";"FT";"Lanzhou Longyuan";"0";"0";"Dalian Yingbo B";"0";"0";"5.6";"4.8";"6";"4.3";"10.4";"70";"60";"50";"45";"17.8";"9.3";"7.9";"10.4";"8";"5.6";"2.7";"2.4";"2.9";"3.1";"8.7";"20";"60";"40";"50";"10";"14";"6"
"China";"CHN";"League Two";"27-06-2026 08:30";"FT";"Hubei Istar";"2";"0";"Guizhou Zhucheng Athletic";"2";"0";"3.5";"3.4";"4.4";"3.2";"7.2";"50";"30";"20";"10";"21.6";"8.4";"12.9";"12.7";"9.1";"7";"2.4";"5";"3.7";"2.8";"8.7";"30";"60";"30";"50";"8";"5.4";"5.5"
"China";"CHN";"League Two";"27-06-2026 08:30";"FT";"Guangdong Mingtu";"1";"2";"Xiamen Feilu";"1";"1";"4";"3.2";"3.7";"4.5";"7.7";"55";"30";"15";"10";"19.2";"11.5";"8.3";"9.8";"8.7";"6.4";"4";"3.3";"2.9";"2.7";"8.7";"40";"50";"40";"10";"8";"11.2";"5.2"
"Cameroon";"CMR";"Elite One";"27-06-2026 12:00";"FT";"Fortuna Mfou";"1";"2";"Stade Renard";"1";"1";"4.9";"4.7";"2.9";"4.5";"8.5";"65";"45";"45";"30";"19.4";"10.2";"9";"10.7";"8.8";"5.9";"2.5";"3.3";"3.5";"2.5";"8.6";"70";"20";"70";"30";"8";"11.5";"6"
"Ecuador";"ECU";"Superliga Femenina";"27-06-2026 11:00";"FT";"Quito FC W";"0";"5";"Barcelona W";"0";"0";"4.2";"3.8";"5";"4.8";"8.8";"79";"79";"38";"0";"20.4";"11";"8.2";"10.5";"11";"10.2";"5";"5";"5.5";"4.8";"7.7";"60";"50";"50";"50";"8";"8.5";"2.8"
"Ecuador";"ECU";"Superliga Femenina";"27-06-2026 17:30";"FT";"Carneras W";"1";"0";"Espuce W";"0";"0";"4.8";"1.8";"3.5";"6";"8";"55";"45";"32";"22";"25.6";"10.8";"11";"14.2";"15.2";"11.4";"5.5";"5.6";"5.2";"6.4";"7.7";"25";"60";"75";"0";"8";"13.5";"10"
"Ethiopia";"ETH";"Premier League";"27-06-2026 09:00";"FT";"Hadiya Hosaena";"1";"1";"Dire Dawa Kenema";"1";"0";"4.1";"5.9";"4";"4.5";"9.2";"60";"45";"45";"40";"13.4";"6.2";"5.4";"7.9";"7.4";"4.9";"2.6";"1.6";"3.1";"2.5";"7.6";"60";"50";"50";"80";"9";"7.8";"9"
"Ethiopia";"ETH";"Premier League";"27-06-2026 12:00";"FT";"Ethiopian Medhin";"0";"3";"Shire Endaselassie";"0";"2";"3.2";"3.5";"4.2";"3.6";"7.2";"55";"25";"20";"5";"13.8";"7.1";"4.4";"8.1";"7.9";"5.5";"3.2";"1.6";"3.1";"3.1";"7.6";"50";"50";"10";"40";"8";"7.1";"11"
"Europe";"EUR";"All-Island Cup";"27-06-2026 09:00";"FT";"Shelbourne W";"4";"0";"Bohemians WFC W";"1";"0";"5.6";"7.4";"4";"3.2";"10.1";"66";"54";"48";"36";"19.8";"12.1";"10.9";"7.8";"8.9";"9.8";"7.1";"4.2";"3.4";"4.6";"10.1";"78";"62";"67";"75";"10";"4.5";"10.9"
"Europe";"EUR";"All-Island Cup";"27-06-2026 13:00";"FT";"Galway United W";"1";"1";"Peamount United W";"0";"1";"7.3";"4.6";"2.8";"4.5";"9.6";"76";"64";"47";"36";"18.8";"11.6";"10.8";"7.4";"7.9";"8.6";"4.8";"4.8";"3.6";"4";"10.1";"67";"50";"89";"38";"9";"5";"6"
"Fiji";"FIJ";"FA Cup";"27-06-2026 01:30";"FT";"Lautoka";"1";"2";"Navua";"0";"0";"5";"3.6";"3";"4.8";"8.2";"58";"32";"20";"10";"13.3";"11.5";"4.8";"6.2";"4";"7.4";"6";"3.8";"2.2";"2.8";"10.8";"75";"20";"50";"20";"9";"4.4";"4"
"Finland";"FIN";"Veikkausliiga";"27-06-2026 08:00";"FT";"Ilves";"2";"2";"SJK";"0";"0";"4.1";"6";"2.9";"3.3";"8.2";"60";"45";"35";"20";"25.4";"11.9";"17.2";"9.9";"11.7";"10.4";"6.2";"6.2";"4";"4.4";"9.7";"70";"30";"60";"70";"9";"4.5";"8.9"
"Finland";"FIN";"Veikkausliiga";"27-06-2026 11:00";"FT";"Mariehamn";"0";"2";"Inter Turku";"0";"1";"5.2";"5.4";"6";"3.6";"10.1";"75";"65";"60";"55";"24.9";"9.2";"12.5";"18.5";"9.6";"9.4";"2.9";"5.2";"7.6";"3.2";"9.7";"50";"80";"40";"50";"10";"11.8";"4.2"
"Finland";"FIN";"Veikkausliiga";"27-06-2026 11:00";"FT";"HJK";"0";"4";"KuPS";"0";"1";"7.8";"6.7";"3";"2.9";"10.2";"85";"70";"55";"40";"24.9";"16.9";"15.6";"9.2";"8.1";"8.8";"7";"4.6";"3.1";"3";"9.7";"70";"70";"70";"70";"10";"3.4";"6.9"
"Finland";"FIN";"Veikkausliiga";"27-06-2026 13:00";"FT";"TPS";"3";"2";"Jaro";"1";"2";"3.8";"4.7";"5.7";"5.1";"9.6";"70";"60";"45";"35";"24.7";"9.9";"12.3";"14.2";"13";"9.4";"3.8";"4.4";"4.6";"5.9";"9.7";"50";"30";"20";"30";"10";"8.8";"7.9"
"Finland";"FIN";"Veikkausliiga";"27-06-2026 13:00";"FT";"Gnistan";"1";"1";"VPS";"1";"1";"3.2";"4.7";"7";"4.1";"9.5";"75";"60";"50";"45";"23";"11.9";"12.6";"11.1";"10.4";"8.2";"4.2";"6.1";"3.8";"2.4";"9.7";"40";"40";"10";"40";"9";"5.8";"4.4"
"Finland";"FIN";"Veikkausliiga";"27-06-2026 15:00";"FT";"Oulu";"1";"1";"Lahti";"0";"0";"4.9";"4.9";"4.1";"3.6";"8.8";"65";"45";"40";"30";"23.2";"10.7";"14.2";"11.9";"9.5";"8.9";"4.3";"5.6";"4.1";"3.7";"9.7";"50";"50";"70";"60";"10";"6.2";"7"
"Finland";"FIN";"Ykkösliiga";"27-06-2026 10:00";"FT";"JIPPO";"1";"1";"EIF";"1";"0";"4.7";"5";"4.7";"5.7";"10";"70";"55";"50";"40";"19.1";"11.9";"9.3";"8.3";"8.7";"8.2";"5.1";"4";"2.6";"4.8";"9.7";"80";"60";"50";"40";"10";"9.9";"5.5"
"Finland";"FIN";"Ykkösliiga";"27-06-2026 10:00";"FT";"Haka";"0";"2";"KTP";"0";"1";"6.2";"7.2";"3.7";"3.1";"10.1";"70";"50";"45";"35";"21.3";"11.4";"13.9";"10.3";"7";"9.2";"5.3";"5.7";"4.1";"3.2";"9.7";"70";"70";"80";"90";"10";"6.7";"9.3"
"Finland";"FIN";"Kakkonen";"27-06-2026 08:00";"FT";"Union Plaani";"0";"3";"HIFK";"0";"2";"4.5";"5.4";"8";"5.5";"11.7";"90";"85";"65";"65";"23.4";"12.1";"8.6";"16.5";"9.6";"10.4";"4.8";"3.8";"7.9";"4.3";"11.1";"20";"50";"20";"30";"11";"11";"4.5"
"Finland";"FIN";"Kakkonen";"27-06-2026 09:00";"FT";"GBK";"7";"0";"JS Hercules";"5";"0";"5.2";"4.9";"6.8";"6.9";"11.9";"83";"78";"78";"64";"23.4";"11.6";"8.6";"13";"13.5";"11";"4.4";"4";"6.1";"7.5";"11.1";"44";"25";"11";"38";"11";"8.3";"5.7"
"Finland";"FIN";"Kakkonen";"27-06-2026 10:00";"FT";"MuSa";"2";"2";"P-Iirot";"1";"2";"3.3";"3.4";"10";"6.7";"11.7";"90";"78";"67";"46";"21.8";"5.4";"10.2";"16.2";"11.7";"10.6";"3.3";"4.2";"8.2";"5.6";"11.1";"40";"44";"20";"22";"11";"5.4";"7.3"
"Finland";"FIN";"Kakkonen";"27-06-2026 10:00";"FT";"Huima / Urho";"3";"2";"JBK";"2";"1";"6.4";"5.2";"6.4";"6.1";"12";"89";"84";"74";"62";"24.8";"14.4";"12.1";"12.1";"11.1";"10.6";"6.8";"4.4";"6.1";"3.8";"11.1";"40";"44";"40";"11";"12";"5.8";"8.1"
"Finland";"FIN";"Kakkonen";"27-06-2026 11:00";"FT";"PuiU Helsinki";"0";"2";"HPS";"0";"1";"5.6";"5.4";"5.4";"6.3";"11.4";"89";"84";"67";"62";"22";"9.6";"8.4";"12.1";"13.8";"10";"4";"4.2";"6.2";"5.7";"11.1";"67";"33";"44";"33";"11";"13.7";"4.4"
"Finland";"FIN";"Kakkonen";"27-06-2026 11:00";"FT";"PEPO";"2";"2";"PPJ";"1";"1";"7.6";"6.2";"5.7";"5";"12.2";"95";"90";"74";"69";"24.2";"14.3";"11.2";"13";"10";"10.8";"5.4";"6.1";"5.6";"4.5";"11.1";"67";"50";"67";"70";"12";"8.9";"5.9"
"Finland";"FIN";"Kakkonen";"27-06-2026 11:00";"FT";"MYPA";"1";"2";"Atlantis";"1";"1";"4.5";"6.1";"7.2";"3.6";"10.7";"94";"68";"52";"42";"24.9";"9.2";"14.2";"16.6";"9.8";"12.2";"4.6";"7.1";"7.7";"5.2";"11.1";"33";"44";"50";"78";"11";"7.1";"5.3"
"Finland";"FIN";"Kakkonen";"27-06-2026 11:00";"FT";"EPS";"1";"3";"GrIFK";"0";"1";"6.1";"5.4";"4.4";"5.2";"10.6";"84";"68";"48";"37";"20";"9.3";"12.4";"9.1";"9.1";"8.7";"4.6";"4.8";"4.4";"3.6";"11.1";"60";"22";"60";"44";"11";"4.9";"11.3"
"Finland";"FIN";"Kakkonen";"27-06-2026 11:00";"FT";"HJS Akatemia";"3";"0";"NJS";"2";"0";"5.2";"2.3";"6.2";"8";"10.9";"84";"74";"68";"52";"19.6";"8.3";"6.3";"10.9";"13.8";"8.8";"4.2";"2.1";"4.3";"7";"11.1";"20";"44";"30";"22";"10";"6.9";"10.5"
"Finland";"FIN";"Kakkonen";"27-06-2026 11:00";"FT";"TP-47";"0";"3";"VPS II";"0";"1";"4.7";"6.4";"5.1";"4.2";"10.2";"58";"58";"58";"42";"25.2";"9.2";"14.5";"13.7";"13";"11";"4.3";"5.7";"5.9";"6";"11.1";"78";"90";"56";"80";"11";"4.6";"6.3"
"Finland";"FIN";"Kakkonen";"27-06-2026 13:26";"FT";"Kiffen";"3";"2";"Reipas";"2";"1";"5.3";"4.9";"5";"6";"10.6";"90";"80";"65";"55";"27.2";"13.7";"14.7";"14.6";"11.5";"13";"6.5";"6.8";"6.8";"5.8";"11.1";"60";"40";"40";"20";"11";"6.8";"7"
"Finland";"FIN";"Kolmonen - Eastern Group";"27-06-2026 08:00";"FT";"NiemU";"0";"1";"Kings";"";"";"6.3";"3.7";"4";"4.7";"9.3";"84";"67";"67";"16";"21.4";"10.7";"13.7";"10.3";"8";"10.7";"5.3";"6";"5.3";"4.7";"10.6";"33";"33";"33";"33";"10";"3.8";"4"
"Finland";"FIN";"Kolmonen - Eastern Group";"27-06-2026 09:00";"FT";"HaPK";"2";"3";"IPS Edustus";"";"";"3.8";"6.5";"5.2";"4.2";"9.9";"75";"38";"38";"38";"31.6";"12.5";"14.5";"23.2";"13";"15.8";"7.2";"7.8";"11.2";"5.2";"10.6";"50";"75";"25";"75";"11";"5.2";"5.8"
"Finland";"FIN";"Kolmonen - Eastern Group";"27-06-2026 09:00";"FT";"STPS";"3";"1";"KJP";"";"";"";"4.8";"";"6.5";"";"";"";"";"";"";"";"15";"";"15.8";"";"";"6.2";"";"5.5";"10.6";"";"17";"";"33";"";"";""
"Finland";"FIN";"Kolmonen - Eastern Group";"27-06-2026 09:00";"FT";"MiPK";"4";"0";"KoPa";"2";"0";"4.8";"3.8";"5.6";"5.3";"9.8";"74";"45";"45";"28";"30.3";"23.8";"11.5";"14";"11.3";"13.8";"9.8";"5.5";"6.4";"5.8";"10.6";"40";"33";"40";"17";"10";"11.3";"10.5"
"Finland";"FIN";"Kolmonen - Northern Group";"27-06-2026 11:00";"FT";"PonPa";"2";"4";"Ajax Sarkkiranta";"1";"3";"6.3";"3";"6";"4.3";"9.8";"50";"50";"50";"50";"27.4";"19";"12.7";"9.5";"13.7";"13.4";"8.5";"5.7";"7.5";"5";"11.4";"67";"67";"67";"0";"10";"11.2";"7.5"
"Finland";"FIN";"Kolmonen - Northern Group";"27-06-2026 11:00";"FT";"KajHa";"3";"2";"HauPa";"0";"1";"6";"9.3";"4.3";"2";"10.8";"84";"67";"67";"67";"19.8";"14.7";"7.5";"14";"3.5";"7";"4.3";"2.5";"5.7";"1.5";"11.4";"33";"100";"33";"100";"11";"5.1";"2.3"
"Finland";"FIN";"Kolmonen - Northern Group";"27-06-2026 11:30";"CANCELLED";"Hercules-j";"";"";"KaPa Kajaani";"";"";"";"7";"";"6.3";"";"";"";"";"";"";"";"12.3";"";"11.7";"";"";"4.7";"";"4.3";"11.4";"";"33";"";"33";"";"";""
"Finland";"FIN";"Kolmonen - Western Group";"27-06-2026 09:00";"FT";"MaPS";"0";"2";"PIF";"0";"0";"6.3";"6.9";"4.9";"5.6";"11.8";"86";"78";"72";"72";"23.5";"12.6";"15.7";"11.9";"6.9";"11";"4.9";"7.4";"6.3";"3.4";"10";"71";"86";"71";"57";"10";"7.9";"8.7"
"Finland";"FIN";"Kolmonen - Western Group";"27-06-2026 11:00";"FT";"TP-T";"0";"2";"Tampere United II";"0";"1";"5.1";"5.7";"4.4";"4";"9.6";"73";"54";"48";"34";"22.2";"8.5";"11";"12.4";"12.4";"10";"4.1";"5.3";"6";"4.6";"10";"50";"71";"38";"57";"10";"5.3";"6.1"
"Finland";"FIN";"Kolmonen - Western Group";"27-06-2026 14:00";"FT";"Mariehamn II";"2";"1";"EuPa";"1";"0";"4.3";"5.7";"3.7";"4.1";"9";"84";"45";"45";"22";"22.3";"11";"13.6";"10.3";"9.7";"11.4";"6.7";"7";"5.3";"3.9";"10";"100";"29";"67";"71";"10";"3.9";"5.7"
"Finland";"FIN";"Kolmonen - Southern Group";"27-06-2026 09:00";"FT";"Futura";"8";"0";"Gnistan/Ogeli";"6";"0";"";"4.9";"";"6.7";"";"";"";"";"";"";"";"10.7";"";"12.8";"";"";"4.3";"";"6.8";"9.8";"";"56";"";"44";"";"";""
"Finland";"FIN";"Kolmonen - Southern Group";"27-06-2026 10:00";"FT";"Ponnistus";"0";"0";"TuPS";"0";"0";"3.5";"6";"5.8";"2.6";"8.9";"62";"50";"32";"32";"18.2";"8";"9.5";"10.5";"8.4";"10.6";"5.5";"5";"6";"4.6";"9.8";"25";"43";"25";"75";"10";"5";"4.8"
"Faroe Islands";"FRO";"1. Deild";"27-06-2026 09:00";"FT";"Víkingur II";"3";"1";"HB II";"2";"0";"7";"5.3";"4";"4.8";"10.6";"92";"84";"84";"50";"24";"10.5";"12.7";"14.5";"10.3";"10.4";"4";"5.5";"6.5";"4.7";"11.1";"100";"33";"50";"50";"11";"5.5";"10.6"
"Faroe Islands";"FRO";"1. Deild";"27-06-2026 10:15";"FT";"NSÍ II";"0";"1";"B36 II";"0";"1";"6.8";"5.3";"7.4";"5.4";"12.4";"86";"86";"78";"72";"22.4";"9.6";"13.1";"14.6";"7.4";"11";"4.4";"6.1";"6.6";"4.7";"11.1";"40";"43";"60";"57";"12";"7.4";"6.2"
"Faroe Islands";"FRO";"1. Deild";"27-06-2026 10:15";"FT";"EB / Streymur II";"0";"2";"Suduroy";"0";"1";"3.5";"";"5.5";"";"";"";"";"";"";"";"7.5";"";"22.5";"";"";"3.5";"";"8.5";"";"11.1";"50";"";"0";"";"";"";""
"Faroe Islands";"FRO";"1. Deild";"27-06-2026 13:00";"FT";"Hoyvik";"1";"2";"ÍF";"1";"2";"3.2";"5.6";"8.5";"5.8";"11.6";"78";"78";"68";"68";"21.3";"6.5";"10";"13.8";"12.4";"9.7";"2.8";"4.8";"6.2";"5.6";"11.1";"25";"80";"25";"20";"12";"4.3";"6.2"
"Faroe Islands";"FRO";"2. Deild";"27-06-2026 08:00";"FT";"Víkingur III";"0";"3";"07 Vestur II";"0";"1";"";"";"";"";"";"";"";"";"";"";"";"";"";"";"";"";"";"";"";"0";"";"";"";"";"";"";""
"Faroe Islands";"FRO";"2. Deild";"27-06-2026 08:00";"FT";"MB";"2";"3";"Skála II";"2";"3";"";"";"";"";"";"";"";"";"";"";"";"";"";"";"";"";"";"";"";"0";"";"";"";"";"";"";""
"Faroe Islands";"FRO";"2. Deild";"27-06-2026 09:00";"FT";"KÍ II";"6";"1";"B71 II";"3";"1";"";"";"";"";"";"";"";"";"";"";"";"";"";"";"";"";"";"";"";"0";"";"";"";"";"";"";""
"Faroe Islands";"FRO";"2. Deild";"27-06-2026 10:00";"FT";"AB Argir II";"1";"4";"ÍF II";"0";"2";"";"";"";"";"";"";"";"";"";"";"";"";"";"";"";"";"";"";"";"0";"";"";"";"";"";"";""
"Faroe Islands";"FRO";"2. Deild";"27-06-2026 13:00";"FT";"B68 II";"3";"0";"Suduroy II";"0";"0";"";"";"";"";"";"";"";"";"";"";"";"";"";"";"";"";"";"";"";"0";"";"";"";"";"";"";""
"Gabon";"GAB";"Champoinnat D1";"27-06-2026 10:00";"FT";"Lozo";"0";"0";"FC 105";"0";"0";"";"";"";"";"";"";"";"";"";"";"";"";"";"";"";"";"";"";"";"0";"";"";"";"";"";"";""
"Gabon";"GAB";"Champoinnat D1";"27-06-2026 11:30";"FT";"Stade Mandji";"3";"1";"Dikaki";"0";"0";"";"";"";"";"";"";"";"";"";"";"";"";"";"";"";"";"";"";"";"0";"";"";"";"";"";"";""
"Gabon";"GAB";"Champoinnat D1";"27-06-2026 11:30";"FT";"Ogooue";"0";"0";"Oyem AC";"0";"0";"";"";"";"";"";"";"";"";"";"";"";"";"";"";"";"";"";"";"";"0";"";"";"";"";"";"";""
"Gabon";"GAB";"Champoinnat D1";"27-06-2026 11:30";"FT";"Lambaréné";"3";"2";"Bitam";"0";"0";"";"";"";"";"";"";"";"";"";"";"";"";"";"";"";"";"";"";"";"0";"";"";"";"";"";"";""
"Gabon";"GAB";"Champoinnat D1";"27-06-2026 11:30";"FT";"Oyem";"1";"0";"Mangasport";"0";"0";"";"";"";"";"";"";"";"";"";"";"";"";"";"";"";"";"";"";"";"0";"";"";"";"";"";"";""
"Gabon";"GAB";"Champoinnat D1";"27-06-2026 11:30";"FT";"Vautour Club";"2";"1";"Stade Migovéen";"1";"1";"";"";"";"";"";"";"";"";"";"";"";"";"";"";"";"";"";"";"";"0";"";"";"";"";"";"";""
"Gabon";"GAB";"Champoinnat D1";"27-06-2026 12:00";"FT";"Bouenguidi";"1";"0";"Cercle Mbéri";"0";"0";"";"";"";"";"";"";"";"";"";"";"";"";"";"";"";"";"";"";"";"0";"";"";"";"";"";"";""
"Georgia";"GEO";"Super Cup";"27-06-2026 12:00";"FT";"FC Iberia 1999";"1";"0";"Dinamo Tbilisi";"1";"0";"3.9";"6.9";"4.3";"4.1";"9.6";"80";"70";"50";"25";"19.3";"10.4";"13.4";"7.7";"7.1";"8.4";"4.4";"5.8";"3";"3.6";"";"50";"70";"40";"80";"";"7.4";"5.8"
"Georgia";"GEO";"Super Cup";"27-06-2026 14:00";"FT";"Dila";"0";"1";"Torpedo Kutaisi";"0";"0";"3.9";"5";"3.4";"4.2";"8.2";"65";"45";"25";"20";"18.5";"8.1";"10.4";"8.9";"9.6";"7.8";"3.5";"3.7";"4.1";"4.2";"";"40";"20";"40";"60";"";"6.2";"7.4"
"Grenada";"GRN";"Premier Division";"27-06-2026 19:00";"AWAITING_UPDATES";"Hurricanes";"";"";"St. David’s";"";"";"";"";"";"";"";"";"";"";"";"";"";"";"";"";"";"";"";"";"";"0";"";"";"";"";"";"";""
"Grenada";"GRN";"Premier Division";"27-06-2026 20:00";"AWAITING_UPDATES";"St. Andrew's FL";"";"";"Hard Rock";"";"";"";"";"";"";"";"";"";"";"";"";"";"";"";"";"";"";"";"";"";"0";"";"";"";"";"";"";""
"French Guiana";"GUF";"Régional 1";"27-06-2026 15:45";"CANCELLED";"Remire";"";"";"Matoury";"";"";"";"";"";"";"";"";"";"";"";"";"";"";"";"";"";"";"";"";"";"0";"";"";"";"";"";"";""
"French Guiana";"GUF";"Régional 1";"27-06-2026 15:45";"CANCELLED";"Sinnamary";"";"";"Olympique Cayenne";"";"";"";"";"";"";"";"";"";"";"";"";"";"";"";"";"";"";"";"";"";"0";"";"";"";"";"";"";""
"French Guiana";"GUF";"Régional 1";"27-06-2026 15:45";"CANCELLED";"CSC Cayenne";"";"";"Loyola";"";"";"";"";"";"";"";"";"";"";"";"";"";"";"";"";"";"";"";"";"";"0";"";"";"";"";"";"";""
"French Guiana";"GUF";"Régional 1";"27-06-2026 15:45";"CANCELLED";"Aigles d'Or de Mana";"";"";"Agouado";"";"";"";"";"";"";"";"";"";"";"";"";"";"";"";"";"";"";"";"";"";"0";"";"";"";"";"";"";""
"French Guiana";"GUF";"Régional 1";"27-06-2026 15:45";"CANCELLED";"Etoile Matoury";"";"";"Karib";"";"";"";"";"";"";"";"";"";"";"";"";"";"";"";"";"";"";"";"";"";"0";"";"";"";"";"";"";""
"French Guiana";"GUF";"Régional 1";"27-06-2026 15:45";"CANCELLED";"Le Geldar";"";"";"Armire";"";"";"";"";"";"";"";"";"";"";"";"";"";"";"";"";"";"";"";"";"";"0";"";"";"";"";"";"";""
"French Guiana";"GUF";"Régional 1";"27-06-2026 15:45";"CANCELLED";"Cosma";"";"";"Grand Santi";"";"";"";"";"";"";"";"";"";"";"";"";"";"";"";"";"";"";"";"";"";"0";"";"";"";"";"";"";""
"Republic of Ireland";"IRL";"U20 National League";"27-06-2026 08:00";"FT";"UCD U20";"3";"1";"Drogheda United U20";"2";"0";"6";"6.8";"4.8";"5.2";"11.4";"90";"80";"80";"54";"22.2";"12.2";"11.7";"11.8";"8.8";"10.9";"6.6";"5.3";"6.2";"3.7";"9.8";"20";"67";"60";"50";"10";"3.7";"5.1"
"Republic of Ireland";"IRL";"U20 National League";"27-06-2026 09:00";"FT";"Longford Town U20";"1";"0";"Klub Kildare U20";"0";"0";"2";"3.5";"9.4";"7.5";"11.2";"100";"75";"55";"55";"27.2";"10.8";"10";"19";"14.5";"15.7";"5.2";"6.5";"10.2";"9.5";"9.8";"20";"0";"0";"0";"11";"9.8";"8.3"
"Republic of Ireland";"IRL";"U20 National League";"27-06-2026 10:00";"FT";"Derry City U20";"1";"1";"Dundalk U20";"0";"0";"5.7";"7.4";"4";"3.9";"10.5";"82";"69";"64";"45";"20.5";"10.3";"12.7";"9.3";"8.7";"10.4";"5.1";"5.9";"4.9";"4.9";"9.8";"33";"83";"44";"71";"10";"5.2";"5.1"
"Republic of Ireland";"IRL";"U20 National League";"27-06-2026 10:00";"FT";"Shelbourne U20";"2";"3";"Cork City U20";"0";"0";"6.2";"5.8";"5.2";"3";"10";"75";"66";"54";"38";"22.2";"11.5";"13";"9.8";"10";"10.7";"6.3";"6.5";"3.8";"4.8";"9.8";"83";"75";"50";"50";"10";"3.1";"6.2"
"Republic of Ireland";"IRL";"U20 National League";"27-06-2026 10:00";"AWAITING_UPDATES";"Finn Harps U20";"";"";"Mayo U20";"";"";"3.5";"3";"5.7";"5";"8.6";"67";"50";"25";"16";"25.9";"7.8";"9";"11";"24";"12.4";"3.7";"3.3";"4.8";"13";"9.8";"50";"0";"17";"33";"10";"4.6";"18"
"Republic of Ireland";"IRL";"U20 National League";"27-06-2026 10:00";"AWAITING_UPDATES";"Waterford U20";"";"";"Galway United U20";"";"";"";"5.4";"";"6.8";"";"";"";"";"";"";"";"12";"";"11.6";"";"";"5.6";"";"4.2";"9.8";"";"60";"";"40";"";"";""
"Republic of Ireland";"IRL";"U20 National League";"27-06-2026 11:00";"AWAITING_UPDATES";"Shamrock Rovers U20";"";"";"St Patrick's U20";"";"";"3";"";"2";"";"";"";"";"";"";"";"10";"";"8.5";"";"";"5";"";"5.5";"";"9.8";"100";"";"50";"";"";"";""
"Republic of Ireland";"IRL";"U20 National League";"27-06-2026 11:00";"AWAITING_UPDATES";"Bray Wanderers U20";"";"";"Bohemians U20";"";"";"4.3";"4.1";"4.3";"3.2";"8";"58";"42";"36";"22";"17.9";"13";"8.4";"8.3";"6.1";"10.2";"8.3";"5";"5";"2.2";"9.8";"67";"50";"33";"38";"9";"5.7";"4"
"Republic of Ireland";"IRL";"U20 National League";"27-06-2026 12:00";"AWAITING_UPDATES";"Wexford U20";"";"";"Treaty United U20";"";"";"";"3.2";"";"4.5";"";"";"";"";"";"";"";"13.2";"";"13";"";"";"7.8";"";"6.5";"9.8";"";"50";"";"50";"";"";""
"Republic of Ireland";"IRL";"U20 National League";"27-06-2026 13:00";"AWAITING_UPDATES";"CK United U20";"";"";"Kerry FC U20";"";"";"";"3";"";"5.5";"";"";"";"";"";"";"";"11.5";"";"15";"";"";"4.5";"";"9";"9.8";"";"0";"";"0";"";"";""
"Iran";"IRN";"Azadegan League";"27-06-2026 11:15";"FT";"Shahrdari Noshahr";"1";"1";"Mes Kerman";"0";"1";"4.2";"5.1";"3.2";"2.7";"7.6";"52";"42";"34";"24";"12.6";"6.2";"8.7";"7";"3.3";"5.6";"2.6";"4.1";"2.8";"1.6";"7";"60";"71";"60";"86";"7";"31";"10.9"
"Iran";"IRN";"Azadegan League";"27-06-2026 12:00";"FT";"Havadar";"4";"1";"Damash Gilanian";"3";"1";"3.5";"0.8";"2.5";"5";"5.9";"12";"12";"0";"0";"14.2";"4.5";"6";"6.2";"11.5";"5.9";"2";"2.5";"1";"6.2";"7";"50";"50";"75";"0";"6";"9";"12"
"Iran";"IRN";"Azadegan League";"27-06-2026 13:00";"FT";"Mes Shahr-e Babak";"1";"0";"Niroye Zamini";"0";"0";"2.8";"3";"2.8";"3";"5.8";"19";"6";"6";"0";"12";"8.1";"3";"5.9";"7";"5.2";"3.4";"0.5";"2.6";"4";"7";"62";"50";"50";"50";"7";"6.2";"4.3"
"Iran";"IRN";"Azadegan League";"27-06-2026 13:00";"FT";"Naft Gachsaran";"0";"3";"Nassaji Mazandaran";"0";"2";"4.5";"6.7";"3.5";"3";"8.8";"66";"50";"16";"8";"12.4";"2";"11.7";"7";"4.2";"4.9";"0.5";"5.5";"2.5";"1.3";"7";"0";"83";"50";"50";"8";"2.2";"7.8"
"Iran";"IRN";"Azadegan League";"27-06-2026 13:00";"FT";"Naft Bandar Abbas";"0";"0";"Sanat Naft";"0";"0";"2";"3.5";"2.5";"2.5";"5.2";"25";"0";"0";"0";"9.9";"3.5";"5.8";"5.5";"5";"3";"0.5";"1.2";"2";"2.2";"7";"50";"50";"50";"50";"6";"5.8";"7.2"
"Iran";"IRN";"Azadegan League";"27-06-2026 13:00";"FT";"Pars Jonoubi Jam";"2";"0";"Navad Urmia";"0";"0";"1.6";"1.7";"4.4";"7.3";"7.5";"44";"26";"26";"26";"12.8";"5";"1.3";"8.2";"11";"5.2";"3";"0.3";"3.6";"3.3";"7";"20";"0";"20";"0";"7";"6.2";"6.5"
"Iran";"IRN";"Azadegan League";"27-06-2026 13:15";"FT";"Ario Eslamshahr";"2";"0";"Be'sat Kermanshah";"2";"0";"2.8";"";"1.8";"";"";"";"";"";"";"";"5.2";"";"2.8";"";"";"2.2";"";"1";"";"7";"60";"";"60";"";"";"";""
"Iran";"IRN";"Azadegan League";"27-06-2026 13:15";"FT";"Fard Alborz";"2";"1";"Saipa";"1";"1";"3.2";"2.5";"4.2";"3";"6.5";"38";"25";"25";"12";"11.2";"5.2";"5";"5.2";"6.8";"4.9";"2.5";"1";"2.5";"3.8";"7";"50";"25";"0";"25";"6";"4.7";"6.2"
"Iran";"IRN";"Azadegan League";"27-06-2026 13:45";"FT";"Kara Gostar";"1";"1";"Shenavarsazi Qeshm";"0";"0";"";"";"";"";"";"";"";"";"";"";"";"";"";"";"";"";"";"";"";"7";"";"";"";"";"";"";""
"Iceland";"ISL";"Inkasso-Deildin";"27-06-2026 11:00";"FT";"Thróttur Reykjavík";"1";"1";"Vestri";"0";"1";"6.8";"5.3";"4.7";"5.4";"11.2";"90";"84";"84";"53";"22.6";"13.8";"10.1";"8.7";"12.6";"10.8";"6.5";"5.9";"3.2";"6";"12.3";"90";"56";"70";"44";"11";"6";"5"
"Iceland";"ISL";"Inkasso-Deildin";"27-06-2026 12:00";"FT";"Völsungur";"2";"2";"Grótta";"1";"0";"5";"5.9";"7.5";"8.4";"13.4";"90";"85";"80";"75";"23.6";"8.3";"12.4";"12.6";"13.9";"11.8";"3.7";"6.4";"6.8";"6.8";"12.3";"30";"50";"20";"20";"12";"7.5";"5.9"
"Iceland";"ISL";"2. Deild";"27-06-2026 11:00";"FT";"Kormákur / Hvöt";"4";"0";"Hvíti riddarinn";"2";"0";"5.4";"5.4";"6.4";"5.6";"11.4";"84";"78";"62";"56";"21.2";"9.3";"9.8";"12.4";"10.8";"10.6";"5.6";"3.6";"7.2";"4.8";"11.6";"78";"78";"44";"67";"12";"4.4";"6.1"
"Iceland";"ISL";"2. Deild";"27-06-2026 11:00";"FT";"Dalvík / Reynir";"1";"0";"KFA";"0";"0";"4.6";"5.9";"5.3";"4.9";"10.3";"94";"88";"50";"38";"20.4";"10.1";"10.4";"12.3";"7.9";"10";"4.9";"6.3";"5";"3.9";"11.6";"56";"29";"56";"71";"11";"5.6";"3.6"
"Iceland";"ISL";"2. Deild";"27-06-2026 11:00";"FT";"Víkingur Ólafsvík";"1";"0";"KFG";"0";"0";"5.4";"4.6";"5.1";"8.4";"11.8";"94";"88";"64";"52";"21.4";"9.5";"9.4";"11.9";"11.9";"10";"4";"4.1";"5.2";"6.7";"11.6";"50";"12";"50";"22";"12";"6.3";"5.5"
"Iceland";"ISL";"2. Deild";"27-06-2026 13:00";"FT";"Kári";"1";"1";"Magni";"0";"0";"6.4";"6.3";"5.1";"5.9";"11.9";"93";"82";"76";"64";"21.4";"12.1";"7.3";"11.9";"11.3";"10.5";"5.9";"3.6";"5.3";"6.3";"11.6";"57";"22";"57";"56";"12";"3.9";"6.1"
"Iceland";"ISL";"3. Deild";"27-06-2026 11:00";"FT";"Höttur";"1";"1";"KA Asvellir";"0";"0";"8.3";"8.3";"4.7";"6.1";"13.7";"76";"76";"76";"76";"25.3";"12";"14.3";"12.3";"12";"12";"4.7";"6";"7.7";"5.6";"12.3";"0";"71";"100";"71";"13";"9.2";"10.2"
"Iceland";"ISL";"3. Deild";"27-06-2026 13:00";"FT";"KF";"2";"2";"Árbær";"1";"0";"3.7";"4.6";"7.3";"7";"11.3";"84";"84";"77";"69";"24.1";"11";"10.1";"11.2";"15.9";"10.4";"6";"3.1";"5.5";"6.3";"12.3";"33";"14";"33";"29";"12";"7.3";"6.3"
"Iceland";"ISL";"U19 League";"27-06-2026 11:00";"FT";"FH / ÍH U19";"0";"3";"KA / D / KF / Hamrar U19";"0";"3";"4";"";"6";"";"";"";"";"";"";"";"18.5";"";"22.5";"";"";"11";"";"16.5";"";"";"0";"";"50";"";"";"";""
"Iceland";"ISL";"U19 League B";"27-06-2026 11:00";"AWAITING_UPDATES";"Víkingur / BF108 U19";"";"";"Stjarnan / KFG U19";"";"";"";"3.5";"";"7.5";"";"";"";"";"";"";"";"11";"";"15";"";"";"5";"";"6.5";"11.7";"";"50";"";"50";"";"";""
"Iceland";"ISL";"U19 League B";"27-06-2026 16:00";"AWAITING_UPDATES";"Haukar / KÁ U19";"";"";"KA/D/KF/Hö/H U19 II";"";"";"";"";"";"";"";"";"";"";"";"";"";"";"";"";"";"";"";"";"";"11.7";"";"";"";"";"";"";""
"Iceland";"ISL";"U19 League C";"27-06-2026 11:00";"AWAITING_UPDATES";"Valur / KH / Fálkar U19";"";"";"Aftur / Hvíti / Ál U19";"";"";"";"";"";"";"";"";"";"";"";"";"";"";"";"";"";"";"";"";"";"15";"";"";"";"";"";"";""
"Japan";"JPN";"Nadeshiko League 1";"27-06-2026 01:00";"FT";"Iga Kunoichi W";"0";"0";"Viamaterras Miyazaki W";"0";"0";"5.2";"6.1";"2.9";"3.1";"8.6";"64";"47";"29";"24";"24.1";"15.2";"14.6";"7";"11.4";"10.2";"6";"6.9";"2.8";"4.7";"8.8";"50";"67";"62";"67";"8";"10.9";"7.7"
"Japan";"JPN";"Nadeshiko League 1";"27-06-2026 04:00";"FT";"Nittaidai W";"0";"1";"Kamogawa W";"0";"0";"2.4";"2.1";"6.2";"4.2";"7.4";"45";"35";"30";"20";"23.9";"8";"9.2";"19.6";"11";"11.4";"3.2";"4.1";"9.6";"5.8";"8.8";"20";"50";"20";"20";"9";"8";"7.7"
"Japan";"JPN";"Nadeshiko League 1";"27-06-2026 04:00";"DELAYED";"Setagaya Sfida W";"0";"0";"Yokohama W";"0";"0";"3.3";"4.8";"5.8";"4.8";"9.4";"58";"47";"47";"42";"23.6";"9.6";"13.4";"11.9";"12.5";"10.9";"4.6";"6.3";"5.8";"5.2";"8.8";"67";"70";"44";"60";"9";"7.4";"8.4"
"Japan";"JPN";"Nadeshiko League 2";"27-06-2026 00:00";"DELAYED";"Nankatsu W";"0";"0";"Diosa Izumo W";"0";"0";"2.1";"5.2";"5.7";"2.3";"7.7";"32";"24";"24";"16";"21.6";"9";"9.8";"15.1";"9.2";"10";"5";"4";"8.1";"3";"6.9";"14";"67";"14";"100";"8";"6.9";"8.2"
"Japan";"JPN";"Nadeshiko League 2";"27-06-2026 01:00";"FT";"Speranza W";"1";"0";"Yamato Sylphid W";"1";"0";"4";"3";"2.9";"4.5";"7.2";"50";"25";"12";"6";"20.6";"11.7";"12.1";"6.7";"10.8";"9.5";"5.9";"5.9";"2.1";"5.1";"6.9";"88";"38";"62";"38";"7";"13";"20.2"
"Japan";"JPN";"Nadeshiko League 2";"27-06-2026 23:00";"FT";"JFA Academy W";"2";"0";"Veertien Mie W";"2";"0";"3.8";"3.4";"4.6";"4.8";"8.3";"64";"46";"21";"21";"20.8";"10.2";"7.2";"14.2";"10";"7.7";"2.8";"2.9";"6.2";"3.6";"6.9";"60";"22";"20";"33";"8";"9.3";"7.2"
"Japan";"JPN";"Regional Leagues: Kyushu";"27-06-2026 00:15";"FT";"Atletico Celeste";"2";"3";"Nobeoka";"0";"0";"2.8";"8.5";"6.5";"3";"10.4";"88";"62";"50";"38";"24.4";"6";"17";"16.8";"9";"8.6";"1.8";"5.5";"7";"3";"9.8";"50";"100";"25";"100";"10";"10";"5.9"
"Japan";"JPN";"Regional Leagues: Kyushu";"27-06-2026 01:15";"FT";"Miyakonojo";"1";"7";"Veroskronos Tsuno";"0";"4";"3.2";"4.8";"4.8";"4";"8.4";"60";"50";"50";"30";"22.9";"7.8";"11.4";"17.4";"9.2";"7.6";"3.2";"3.4";"7";"1.6";"9.8";"40";"80";"40";"60";"9";"5.6";"4.1"
"Japan";"JPN";"Regional Leagues: Kyushu";"27-06-2026 03:30";"FT";"NIFS Kanoya FC";"0";"1";"KMG Holdings";"0";"1";"4";"6.4";"7.2";"2.9";"10.2";"88";"81";"58";"46";"21.3";"11";"14.6";"10.7";"6.2";"7.4";"4";"5.9";"2.8";"2";"9.8";"20";"62";"17";"75";"10";"12.2";"5.6"
"Japan";"JPN";"Regional Leagues: Kyushu";"27-06-2026 22:00";"FT";"NIFS Kanoya FC";"2";"1";"Miyakonojo";"1";"1";"4.3";"2.8";"7.3";"4.8";"9.7";"75";"66";"58";"58";"23.5";"9.8";"6.8";"11.2";"19.2";"8.8";"3";"2.8";"3.5";"8.3";"9.8";"33";"33";"17";"33";"10";"16.3";"4.9"
"Japan";"JPN";"Regional Leagues: Kyushu";"27-06-2026 23:00";"FT";"Heavy Industries";"0";"1";"Brew Saga";"0";"0";"6.2";"7";"4";"4";"10.6";"100";"74";"64";"46";"23.5";"10.2";"17.2";"8.6";"11";"8.2";"3.8";"5.8";"3.4";"3.5";"9.8";"60";"67";"80";"67";"10";"9.3";"15.6"
"Japan";"JPN";"Regional Leagues: Chugoku";"27-06-2026 23:00";"FT";"Mizushima";"0";"3";"Fukuyama City";"0";"2";"2.8";"7.3";"3.7";"0.7";"7.2";"50";"50";"25";"8";"22";"9.8";"17.7";"11";"5.7";"10";"4.3";"8.3";"4.3";"3";"";"33";"100";"50";"100";"";"3.8";"4.8"
"Japan";"JPN";"Regional Leagues: Kanto";"27-06-2026 02:00";"POSTPONED";"Shibuya City";"";"";"Nihon University";"";"";"";"";"";"";"";"";"";"";"";"";"";"";"";"";"";"";"";"";"";"0";"";"";"";"";"";"";""
"Japan";"JPN";"Regional Leagues: Kanto";"27-06-2026 05:30";"POSTPONED";"Toho Titanium";"";"";"Tokyo United";"";"";"";"";"";"";"";"";"";"";"";"";"";"";"";"";"";"";"";"";"";"0";"";"";"";"";"";"";""
"Japan";"JPN";"Regional Leagues: Kanto";"27-06-2026 06:00";"POSTPONED";"Aries Toshima";"";"";"Toin Yokohama UFC";"";"";"";"";"";"";"";"";"";"";"";"";"";"";"";"";"";"";"";"";"";"0";"";"";"";"";"";"";""
"Japan";"JPN";"Regional Leagues: Kansai";"27-06-2026 03:00";"FT";"Ococias Kyoto";"1";"1";"Asuka FC";"1";"1";"3";"4.1";"5.5";"4.1";"8.4";"60";"54";"40";"32";"22.2";"13.5";"11.3";"8.5";"11";"8.8";"6";"4.1";"2";"5.4";"";"50";"43";"0";"43";"";"11.2";"8.7"
"Japan";"JPN";"Regional Leagues: Kansai";"27-06-2026 06:00";"FT";"Laranja Kyoto";"0";"5";"Cento Cuore Harima";"0";"2";"2.2";"6.5";"5.5";"1.5";"7.9";"50";"50";"25";"25";"22";"7";"14";"14";"9";"9.3";"2";"6.8";"6.8";"3";"";"0";"100";"25";"100";"";"8.8";"10"
"Japan";"JPN";"Regional Leagues: Tokai";"27-06-2026 22:30";"AWAITING_UPDATES";"Sapporo FC";"";"";"ASC Hokkaido";"";"";"";"";"";"";"";"";"";"";"";"";"";"";"";"";"";"";"";"";"";"9.2";"";"";"";"";"";"";""
"Japan";"JPN";"Regional Leagues: Tokai";"27-06-2026 23:00";"AWAITING_UPDATES";"Hokkaido University";"";"";"Norbritz Hokkaido";"";"";"";"";"";"";"";"";"";"";"";"";"";"";"";"";"";"";"";"";"";"9.2";"";"";"";"";"";"";""
"Kazakhstan";"KAZ";"Premier League";"27-06-2026 09:00";"FT";"Okzhetpes";"1";"3";"Kairat";"1";"1";"5.6";"5.3";"4.5";"3.1";"9.2";"65";"60";"60";"40";"21";"10.7";"14";"8.9";"8.5";"9.7";"5";"5.9";"4.1";"4.4";"9.2";"60";"50";"50";"60";"9";"8.2";"8.8"
"Kazakhstan";"KAZ";"Premier League";"27-06-2026 10:00";"FT";"Zhetysu";"1";"0";"Aktobe";"1";"0";"3";"4.9";"3.4";"4.2";"7.8";"55";"45";"25";"15";"23.8";"10.5";"14.4";"10.8";"12";"11.2";"4.8";"7.5";"4.4";"5.7";"9.2";"50";"60";"30";"40";"8";"7";"10.3"
"Kazakhstan";"KAZ";"Premier League";"27-06-2026 11:00";"FT";"Yelimay Semey";"2";"0";"Kyzyl-Zhar";"0";"0";"6.2";"3.8";"4.8";"4.8";"9.8";"65";"50";"50";"35";"24.2";"16.1";"8.2";"11";"13";"11.4";"6.6";"4";"5.7";"6.5";"9.2";"60";"40";"60";"50";"9";"11.5";"9.1"
"Kazakhstan";"KAZ";"Premier League";"27-06-2026 12:00";"FT";"Kaspiy";"2";"0";"Atyrau";"2";"0";"3.5";"3.3";"7.4";"4.7";"9.4";"75";"60";"45";"40";"20.4";"7.7";"6.3";"15.3";"11.5";"6.6";"2.1";"2.8";"4";"4.4";"9.2";"40";"60";"10";"40";"9";"9.5";"9"
"South Korea";"KOR";"K3 League";"27-06-2026 04:00";"FT";"Changwon City";"2";"2";"Yeoju Sejong";"1";"0";"5.4";"4.4";"3.5";"4.2";"8.8";"66";"56";"32";"18";"19.3";"10";"8.6";"8.8";"11.2";"8.2";"4";"3.6";"4.1";"4.8";"8.6";"38";"50";"62";"40";"9";"10";"7.2"
"South Korea";"KOR";"K3 League";"27-06-2026 04:00";"FT";"Siheung Citizen";"1";"1";"Jeonbuk Motors II";"0";"0";"4.6";"3.4";"3";"4.6";"7.8";"55";"40";"20";"5";"15";"9.1";"3.5";"9.8";"7.5";"6.4";"3.5";"1.8";"3.2";"4.2";"8.6";"30";"20";"60";"30";"8";"6.5";"4.4"
"South Korea";"KOR";"K3 League";"27-06-2026 07:00";"FT";"Ulsan Citize";"4";"1";"Mokpo City";"1";"0";"4.6";"2.2";"4.5";"5.4";"8.4";"50";"45";"30";"20";"14.7";"5";"5.5";"9.6";"9.3";"6.2";"2";"2.5";"3.5";"4.5";"8.6";"60";"50";"40";"30";"9";"12.5";"7.9"
"South Korea";"KOR";"K3 League";"27-06-2026 07:00";"FT";"Chuncheon";"3";"3";"Yangpyeong";"1";"0";"4.5";"4.8";"4.1";"4.7";"9";"70";"55";"45";"30";"19.6";"10.7";"11.1";"8";"9.5";"8.2";"4.3";"3.8";"3.8";"4.5";"8.6";"30";"80";"50";"30";"8";"5.9";"37"
"South Korea";"KOR";"K4 League";"27-06-2026 04:00";"FT";"Jinju Citizen";"1";"0";"Seosan Pioneer";"0";"0";"4.9";"4.4";"3";"5";"8.6";"65";"50";"35";"25";"16.5";"8.6";"9";"3.7";"11.6";"8";"5.4";"3.8";"2.1";"4.8";"9.5";"70";"40";"70";"20";"9";"3.6";"9"
"South Korea";"KOR";"K4 League";"27-06-2026 06:00";"FT";"Haman";"1";"3";"Geumsan Insam";"1";"0";"3.2";"4.5";"6.9";"5.3";"10";"85";"75";"50";"45";"24.1";"9.6";"11.2";"15.8";"11.6";"9.8";"3.5";"5.4";"5.7";"5";"9.5";"30";"20";"10";"50";"10";"8.7";"6.2"
"South Korea";"KOR";"K4 League";"27-06-2026 07:00";"FT";"Pyeongtaek Citizen";"1";"1";"Jungnang Chorus Mustang";"1";"0";"4.3";"6.4";"5.8";"4.8";"10.6";"84";"84";"67";"50";"26.6";"12.8";"13.4";"15.7";"11.4";"12.2";"4.6";"6.7";"6.9";"6.3";"9.5";"67";"44";"33";"67";"10";"11.6";"9.6"
"Lithuania";"LTU";"1. Lyga";"27-06-2026 09:00";"FT";"Hegelmann II";"2";"1";"Jonava";"0";"0";"3.2";"3.7";"6.6";"5.8";"9.6";"75";"70";"50";"45";"18.5";"6.5";"7.4";"13.7";"9.5";"8.2";"2.6";"3.1";"6.7";"4.1";"10.2";"40";"50";"0";"30";"10";"5.4";"9.2"
"Lithuania";"LTU";"1. Lyga";"27-06-2026 10:00";"FT";"Dainava";"1";"0";"Neptūną Klaipėda";"1";"0";"6.7";"4.2";"5.7";"4.5";"10.6";"85";"80";"55";"40";"20.3";"13.5";"10.2";"7.7";"9.2";"8.6";"6.6";"4.3";"3.2";"3.2";"10.2";"60";"60";"70";"40";"10";"6.4";"5.7"
"Lithuania";"LTU";"1. Lyga";"27-06-2026 10:00";"FT";"Ekranas";"1";"2";"Atmosfera";"1";"2";"5.2";"4.9";"5.6";"4.2";"10";"74";"64";"48";"43";"19.6";"10.9";"8.9";"10.8";"8.6";"7.9";"4.4";"3.2";"4.9";"3.3";"10.2";"89";"40";"56";"60";"10";"9.1";"6.8"
"Lithuania";"LTU";"1. Lyga";"27-06-2026 10:00";"FT";"TransINVEST Vilnius II";"0";"1";"Tauras";"0";"0";"4.3";"5.5";"6.7";"6.4";"11.4";"85";"75";"65";"55";"21.2";"8.8";"10.3";"14.7";"8.6";"10";"4.1";"4.5";"7.1";"4.3";"10.2";"20";"40";"30";"40";"11";"12.6";"5.7"
"Lithuania";"LTU";"1. Lyga";"27-06-2026 12:00";"FT";"FA Šiauliai II";"0";"1";"Babrungas";"0";"1";"3.7";"4.2";"7";"5.2";"10";"70";"60";"50";"40";"20";"5.8";"10.1";"15.7";"8.4";"8.2";"2.3";"4.3";"8";"1.8";"10.2";"40";"30";"20";"20";"10";"5.3";"7.8"
"Latvia";"LVA";"First Liga";"27-06-2026 09:00";"FT";"Super Nova II";"3";"1";"Tukums II";"2";"0";"3.6";"4.7";"7";"5.7";"10.4";"100";"89";"67";"44";"21.9";"9.6";"10.3";"10.7";"13.2";"9.9";"3.6";"5";"3.9";"7.3";"11.4";"67";"56";"33";"22";"11";"6";"6.9"
"Latvia";"LVA";"First Liga";"27-06-2026 11:00";"FT";"Rīgas FS II";"1";"3";"Riga FC II";"1";"1";"5.9";"4.2";"7.4";"8.8";"13.2";"95";"95";"74";"74";"21.4";"9.2";"7.6";"13.4";"12.5";"9.2";"3.7";"3.9";"5.6";"5.1";"11.4";"50";"44";"20";"22";"13";"7.1";"5.4"
"Latvia";"LVA";"First Liga";"27-06-2026 12:00";"FT";"Rēzekne / BJSS";"2";"4";"JDFS Alberts";"1";"2";"2.9";"6";"6.4";"4.8";"10";"73";"60";"55";"50";"21.8";"4.1";"15";"14.7";"9.8";"10.8";"2.6";"6.8";"8";"4.3";"11.4";"29";"67";"14";"56";"10";"5.1";"6.2"
"Latvia";"LVA";"First Liga";"27-06-2026 13:00";"FT";"Beitar / Riga Mariners";"2";"0";"Mārupe";"1";"0";"5.2";"5.7";"4.6";"4.1";"9.9";"94";"73";"52";"40";"22.2";"14.5";"10.3";"11.2";"8.3";"11.1";"7.1";"5.1";"6.4";"3.6";"11.4";"12";"57";"62";"57";"10";"5";"6.4"
"Macau";"MAC";"Primeira Division";"27-06-2026 08:00";"FT";"Artilheiros";"1";"10";"CPK";"0";"6";"1.8";"9";"7.2";"1.7";"9.8";"68";"63";"52";"46";"23.8";"6.5";"18";"16.8";"6.4";"10.4";"3.4";"7.1";"8";"2.3";"10.4";"25";"100";"0";"100";"10";"5.9";"3.8"
"Macau";"MAC";"Primeira Division";"27-06-2026 10:00";"FT";"Cheng Fung";"1";"4";"Jia Hua";"0";"1";"3.3";"6.8";"6.2";"4.1";"10.2";"74";"57";"52";"47";"25.7";"11.2";"13.2";"15.7";"11.3";"10.2";"4.5";"5.2";"7";"3.8";"10.4";"44";"70";"22";"60";"10";"5.6";"4.3"
"Madagascar";"MAD";"Pro League";"27-06-2026 21:00";"AWAITING_UPDATES";"Ajesaia";"";"";"CFFA";"";"";"";"";"";"";"";"";"";"";"";"";"";"";"";"";"";"";"";"";"";"0";"";"";"";"";"";"";""
"Moldova";"MDA";"Super Liga";"27-06-2026 12:00";"FT";"CSF Bălți";"3";"0";"FC Politehnica";"2";"0";"3.8";"4";"4.6";"3.8";"8.1";"64";"46";"42";"15";"13.6";"6.6";"8";"6.1";"6.6";"5.9";"2.3";"4.2";"3.4";"1.8";"";"60";"50";"60";"33";"";"13.2";"4.2"
"Moldova";"MDA";"Super Liga";"27-06-2026 14:00";"FT";"Milsami";"0";"0";"Zimbru";"0";"0";"4";"6.2";"4.8";"2.6";"8.8";"65";"60";"50";"40";"15";"9";"8.1";"7.9";"5.1";"5.9";"2.8";"3.5";"3.3";"2.2";"";"70";"80";"40";"80";"";"18";"4.3"
"Mongolia";"MNG";"Premier League";"27-06-2026 05:00";"FT";"Deren";"0";"2";"Ulaanbaatar";"0";"1";"6";"6.5";"3.4";"3.9";"9.9";"75";"60";"60";"50";"22.5";"13.5";"14.3";"7.4";"9.8";"10.4";"6.6";"6.4";"3.6";"4.2";"10.5";"60";"50";"50";"50";"10";"3.6";"4.8"
"Mongolia";"MNG";"Premier League";"27-06-2026 08:00";"FT";"Central Stallions";"2";"2";"Khangarid";"2";"0";"7.1";"5.6";"4.5";"2.2";"9.7";"65";"50";"40";"35";"22.3";"13.4";"12.8";"10.1";"8.2";"10";"6.6";"5.1";"4.2";"4.1";"10.5";"70";"80";"70";"90";"10";"5";"4.6"
"Mozambique";"MOZ";"Mocambola";"27-06-2026 09:45";"FT";"Sofala";"0";"0";"Ferroviário Nacala";"0";"0";"5";"";"5.6";"";"";"";"";"";"";"";"10.4";"";"14.2";"";"";"4.8";"";"7";"";"10.6";"20";"";"20";"";"";"";""
"Malawi";"MWI";"Super League";"27-06-2026 09:30";"FT";"Mitundu Baptist";"3";"2";"Blue eagles Malawi";"1";"0";"4";"4.2";"4";"4.9";"8.6";"66";"46";"40";"26";"19.7";"11.2";"11.2";"8.6";"8.4";"7.5";"3.4";"5.8";"2.8";"3";"7.7";"100";"83";"57";"38";"8";"16";"7.5"
"Malawi";"MWI";"Super League";"27-06-2026 09:30";"FT";"Chitipa United";"2";"1";"Kamuzu Barracks";"0";"0";"3.6";"4.3";"2.7";"5.1";"7.8";"43";"43";"16";"16";"19";"6.7";"11.3";"8.1";"11.7";"7.8";"2.9";"4.2";"3.4";"5.2";"7.7";"62";"29";"60";"22";"8";"11.2";"14.1"
"New Caledonia";"NCL";"Super Ligue";"27-06-2026 01:00";"POSTPONED";"Gaïca";"";"";"Magenta";"";"";"";"";"";"";"";"";"";"";"";"";"";"";"";"";"";"";"";"";"";"0";"";"";"";"";"";"";""
"New Caledonia";"NCL";"Super Ligue";"27-06-2026 01:00";"POSTPONED";"AS Mont-Dore";"";"";"Lössi";"";"";"";"";"";"";"";"";"";"";"";"";"";"";"";"";"";"";"";"";"";"0";"";"";"";"";"";"";""
"New Caledonia";"NCL";"Super Ligue";"27-06-2026 01:00";"POSTPONED";"Hienghene Sport";"";"";"Kunié";"";"";"";"";"";"";"";"";"";"";"";"";"";"";"";"";"";"";"";"";"";"0";"";"";"";"";"";"";""
"New Caledonia";"NCL";"Super Ligue";"27-06-2026 03:30";"POSTPONED";"Ne Drehu";"";"";"Horizon Patho";"";"";"";"";"";"";"";"";"";"";"";"";"";"";"";"";"";"";"";"";"";"0";"";"";"";"";"";"";""
"Norway";"NOR";"1. Division";"27-06-2026 11:00";"FT";"Åsane";"3";"0";"Ranheim";"0";"0";"3.1";"5.2";"6.7";"5.5";"10.2";"80";"80";"60";"45";"22.5";"8.8";"10.8";"11.6";"13.8";"9.5";"4";"5.2";"4.8";"5";"11";"30";"20";"10";"30";"11";"6.8";"4.5"
"Norway";"NOR";"1. Division";"27-06-2026 11:00";"FT";"Strømmen";"3";"2";"Moss";"2";"1";"3.8";"7";"4.5";"6";"10.6";"75";"75";"55";"45";"21";"8.9";"11.5";"9";"12.7";"10";"3.7";"5";"5.1";"6.3";"11";"40";"80";"40";"60";"11";"8.9";"6.8"
"Norway";"NOR";"1. Division";"27-06-2026 11:00";"FT";"Stabæk";"2";"0";"Bryne";"2";"0";"7.6";"5.3";"5.8";"4.6";"11.6";"85";"80";"70";"60";"22.9";"13.9";"11.2";"10.7";"10";"9";"5.5";"4.9";"4.6";"3.1";"11";"50";"60";"60";"60";"12";"7";"7"
"Norway";"NOR";"1. Division";"27-06-2026 11:00";"FT";"Sandnes Ulf";"3";"0";"Raufoss";"0";"0";"6";"4.9";"6.5";"7.1";"12.2";"95";"95";"80";"75";"22";"11.5";"8.3";"9.9";"14.4";"9.4";"4.7";"3.2";"4.3";"6.7";"11";"70";"30";"30";"20";"11";"7.2";"5.9"
"Norway";"NOR";"1. Division";"27-06-2026 11:00";"FT";"Lyn";"1";"4";"Hødd";"1";"2";"5.6";"4";"6.1";"7";"11.4";"85";"85";"70";"40";"23.6";"9";"10.5";"14.1";"13.7";"9.1";"2.9";"4.6";"5.5";"5.2";"11";"20";"50";"30";"30";"11";"18";"8.8"
"Norway";"NOR";"1. Division";"27-06-2026 11:00";"FT";"Haugesund";"4";"2";"Kongsvinger";"3";"2";"6.4";"6.4";"4.2";"5";"11";"80";"80";"75";"55";"24.5";"14.4";"14.4";"9.5";"10.8";"11.3";"6.7";"6.7";"4.6";"4.6";"11";"60";"80";"70";"50";"11";"5.1";"6.3"
"Norway";"NOR";"1. Division";"27-06-2026 13:00";"FT";"Strømsgodset";"2";"2";"Odd";"1";"1";"7.2";"5.5";"5.6";"4.6";"11.4";"85";"85";"70";"55";"25.3";"18.9";"12.1";"10.3";"9.3";"11";"8.7";"5.6";"4";"3.8";"11";"50";"60";"50";"50";"11";"5.9";"7.1"
"Norway";"NOR";"1. Division";"27-06-2026 15:00";"FT";"Sogndal";"4";"2";"Egersund";"3";"1";"6.5";"5.2";"6.7";"4";"11.2";"75";"70";"60";"45";"26.3";"13";"10.6";"16";"13";"11.2";"5.4";"4";"7.6";"5.4";"11";"30";"70";"30";"70";"11";"6.5";"7.1"
"Norway";"NOR";"2. Division - Group 1";"27-06-2026 07:00";"FT";"Træff";"3";"1";"Eik Tønsberg";"2";"1";"4.8";"4.3";"4.9";"5.6";"9.8";"80";"75";"65";"40";"20.6";"10.1";"10.2";"7.5";"13.4";"8";"3.8";"3";"3.5";"5.8";"9.3";"60";"30";"60";"20";"9";"5.6";"14.6"
"Norway";"NOR";"2. Division - Group 1";"27-06-2026 08:00";"FT";"Vidar";"2";"4";"Kvik Halden";"1";"0";"4.1";"4.9";"5.4";"5";"9.7";"84";"61";"51";"40";"20.5";"9.2";"8";"13.9";"9.9";"8.5";"2.5";"4.6";"5.6";"4.3";"9.3";"38";"90";"12";"30";"10";"15.3";"5.2"
"Norway";"NOR";"2. Division - Group 1";"27-06-2026 08:00";"FT";"Lysekloster";"1";"1";"Brattvåg";"0";"0";"4.5";"4.2";"5.2";"4.9";"9.4";"72";"61";"45";"45";"16.8";"8.1";"8.3";"9.4";"7.8";"8";"3.6";"3.8";"4.6";"3.9";"9.3";"38";"40";"38";"40";"9";"6.8";"4"
"Norway";"NOR";"2. Division - Group 1";"27-06-2026 08:30";"FT";"Mjøndalen";"1";"0";"Bjarg";"1";"0";"4.2";"4.7";"5.1";"2.3";"8.2";"62";"30";"25";"15";"21";"12.2";"13.7";"9.2";"7";"10";"6.5";"5.9";"3.8";"3.8";"9.3";"20";"89";"50";"67";"9";"7.2";"7.2"
"Norway";"NOR";"2. Division - Group 1";"27-06-2026 10:00";"FT";"Pors Grenland";"2";"4";"Arendal";"1";"1";"4.4";"4.2";"5.4";"5";"9.5";"74";"53";"42";"31";"19.8";"7.3";"9.2";"11.4";"11.6";"9";"3.1";"4.9";"4.7";"5.4";"9.3";"50";"33";"30";"22";"10";"6.1";"10.2"
"Norway";"NOR";"2. Division - Group 1";"27-06-2026 10:00";"FT";"Sandviken";"0";"4";"Notodden";"0";"2";"4.9";"5.4";"5.8";"4.5";"10.3";"75";"75";"65";"45";"20.2";"8.9";"9.1";"12.9";"9.4";"8.8";"3.6";"4.4";"5.5";"4.2";"9.3";"40";"60";"40";"50";"10";"8.9";"6.5"
"Norway";"NOR";"2. Division: Group 2";"27-06-2026 08:00";"FT";"Ullensaker / Kisa";"1";"3";"Rana";"0";"2";"4.7";"4.1";"3.4";"6.1";"9.1";"61";"56";"40";"29";"20.2";"9.1";"8.4";"11.4";"11.4";"9.6";"4.1";"3.9";"6";"5.1";"9.3";"60";"38";"80";"38";"9";"7.6";"5.6"
"Norway";"NOR";"2. Division: Group 2";"27-06-2026 09:00";"FT";"Lørenskog";"1";"0";"Grorud";"1";"0";"5.1";"5.1";"3.7";"4.4";"9.2";"70";"65";"40";"35";"20.7";"11.7";"10.9";"8.9";"9.9";"9.4";"6.6";"4.8";"3";"4.5";"9.3";"60";"40";"70";"50";"10";"4.9";"6.4"
"Norway";"NOR";"2. Division: Group 2";"27-06-2026 09:00";"FT";"Kjelsås";"1";"3";"Hønefoss";"1";"1";"3.2";"6.9";"5.6";"4.3";"10";"80";"80";"64";"43";"22.2";"11.2";"14.9";"7.5";"10.7";"9.8";"5.2";"6.6";"2.9";"4.9";"9.3";"50";"78";"20";"56";"9";"4.7";"6.8"
"Norway";"NOR";"3. Division - Group 1";"27-06-2026 08:00";"FT";"Grei";"1";"5";"Nordstrand";"1";"3";"4.2";"5.3";"6.9";"5.7";"11";"84";"79";"55";"50";"19.8";"8.8";"9.3";"11.1";"10.4";"9.8";"4.4";"4.1";"5.9";"5.2";"10.5";"38";"50";"25";"40";"11";"4.6";"6.6"
"Norway";"NOR";"3. Division - Group 1";"27-06-2026 09:00";"FT";"Frigg";"1";"1";"Bærum";"1";"0";"6.4";"5.6";"5.1";"2.2";"9.6";"72";"62";"40";"36";"20.6";"10.5";"14.2";"8.3";"8.2";"10.8";"5.6";"7";"4.5";"4.4";"10.5";"60";"67";"70";"89";"10";"3.9";"4.3"
"Norway";"NOR";"3. Division - Group 1";"27-06-2026 09:00";"FT";"Asker";"3";"2";"Ullern";"0";"1";"5.6";"6.5";"4.2";"7.3";"11.8";"84";"73";"57";"57";"23";"16";"12.4";"7";"10.7";"10.8";"8.2";"4.9";"2.4";"5.9";"10.5";"67";"40";"67";"40";"11";"4.7";"6.9"
"Norway";"NOR";"3. Division - Group 2";"27-06-2026 08:00";"FT";"Kvik Trondheim";"0";"2";"Volda";"0";"1";"2.9";"5.4";"7.3";"5.2";"10.4";"74";"69";"54";"42";"19.7";"8.9";"7.6";"15.3";"7.6";"9.4";"4.1";"3.6";"7";"4.2";"10.3";"33";"20";"0";"40";"11";"4.9";"3.2"
"Norway";"NOR";"3. Division - Group 2";"27-06-2026 10:00";"FT";"Orkla";"3";"5";"Molde II";"1";"2";"3.8";"5.2";"7.8";"5.8";"11.4";"92";"92";"72";"62";"22.8";"6.7";"11.4";"12";"15.6";"11.6";"3.2";"6.6";"5.8";"7.6";"10.3";"33";"60";"33";"40";"11";"4.2";"5"
"Norway";"NOR";"3. Division - Group 2";"27-06-2026 10:00";"FT";"Rosenborg II";"2";"1";"Spjelkavik";"0";"0";"8";"7.3";"2.8";"4.4";"11.2";"89";"82";"69";"50";"20.8";"13";"12.3";"8.1";"8.1";"11.1";"6.7";"6.4";"4.2";"4.9";"10.3";"67";"57";"89";"57";"11";"6.2";"6.8"
"Norway";"NOR";"3. Division - Group 2";"27-06-2026 10:00";"FT";"Herd";"2";"2";"NTNUI";"0";"2";"6.6";"4.5";"5.8";"3.6";"10.2";"81";"75";"62";"52";"18.6";"8.4";"11.5";"8.4";"9";"9.9";"5.2";"5.1";"4.6";"4.8";"10.3";"40";"38";"40";"62";"10";"3.2";"8.2"
"Norway";"NOR";"3. Division - Group 2";"27-06-2026 10:00";"FT";"Ranheim II";"5";"3";"Nardo";"2";"3";"3.3";"5.1";"5.7";"5.4";"9.8";"80";"69";"48";"36";"25.9";"13";"10.4";"16.7";"11.7";"12.8";"6.7";"5.6";"8.3";"5.1";"10.3";"29";"67";"43";"22";"10";"4.5";"5.5"
"Norway";"NOR";"3. Division - Group 2";"27-06-2026 12:00";"FT";"Byåsen";"2";"1";"Aalesund II";"1";"1";"5.2";"4.5";"3.9";"7.1";"10.4";"82";"62";"50";"44";"20.8";"12.6";"8.2";"9";"11.6";"11";"6.1";"4.4";"5.2";"6.1";"10.3";"50";"100";"62";"12";"10";"6.6";"5.1"
"Norway";"NOR";"3. Division - Group 3";"27-06-2026 07:00";"FT";"Sogndal II";"0";"2";"Stord";"0";"0";"3";"2.7";"6.3";"6.3";"9.2";"67";"67";"50";"33";"23";"10";"9";"15";"12";"10.8";"6.3";"3.3";"6.3";"5.7";"10.5";"0";"0";"67";"33";"10";"3.3";"4.5"
"Norway";"NOR";"3. Division - Group 3";"27-06-2026 08:00";"FT";"Brann II";"3";"2";"Fana";"3";"0";"3.8";"9.2";"6.8";"3.8";"11.8";"88";"88";"88";"50";"20.8";"8.8";"13.5";"13.8";"5.8";"9.5";"4.2";"6";"6.5";"2.2";"10.5";"25";"100";"0";"75";"12";"3.8";"5.4"
"Norway";"NOR";"3. Division - Group 3";"27-06-2026 09:00";"FT";"Djerv";"6";"2";"Gneist";"3";"0";"6";"3.5";"4.4";"6.8";"10.3";"100";"78";"55";"45";"22.4";"13.8";"10.2";"5.8";"15";"10.2";"7";"4.2";"3";"6.2";"10.5";"60";"25";"60";"0";"10";"7.7";"4.6"
"Norway";"NOR";"3. Division - Group 3";"27-06-2026 10:00";"FT";"Askøy";"2";"0";"Forde";"1";"0";"5.5";"4.3";"4.5";"7";"10.6";"100";"100";"100";"34";"17.1";"7.5";"7";"12";"7.7";"10";"5";"5";"6";"4";"10.5";"50";"33";"50";"33";"11";"4.4";"3.9"
"Norway";"NOR";"3. Division - Group 4";"27-06-2026 10:00";"FT";"Madla";"2";"2";"Mandalskameratene";"0";"0";"7.4";"3.5";"6";"7.8";"12.4";"100";"92";"92";"55";"24.8";"13";"9.5";"12.4";"14.7";"9.8";"5.8";"4.5";"5";"4.3";"11.3";"60";"33";"60";"17";"12";"6.2";"3.8"
"Norway";"NOR";"3. Division - Group 5";"27-06-2026 07:00";"FT";"Fauske / Sprint";"3";"1";"Fløya";"2";"0";"2.5";"5.7";"6.5";"5";"9.8";"75";"58";"58";"42";"24.5";"10.5";"11.7";"18.5";"8.3";"10";"5";"5.7";"6";"3.3";"9.6";"50";"0";"0";"33";"9";"3.9";"5.1"
"Norway";"NOR";"3. Division - Group 5";"27-06-2026 11:00";"FT";"Bossekop";"0";"2";"Kongsvinger II";"0";"2";"";"3";"";"5";"";"";"";"";"";"";"";"8.2";"";"12";"";"";"3.2";"";"7";"9.6";"";"50";"";"0";"";"";""
"Norway";"NOR";"3. Division - Group 5";"27-06-2026 11:00";"FT";"Ulfstind";"1";"1";"Harstad";"1";"0";"3.3";"4.7";"6.3";"10.3";"12.4";"84";"84";"84";"66";"23.8";"6.3";"8.7";"15.3";"17.3";"13.7";"3.7";"6";"9";"8.7";"9.6";"33";"33";"0";"0";"11";"3.5";"3.2"
"Norway";"NOR";"3. Division - Group 6";"27-06-2026 09:00";"FT";"Lillehammer";"2";"2";"Elverum";"1";"2";"5.8";"5.3";"4.2";"4.7";"10";"88";"88";"42";"29";"21.2";"15.5";"7";"10.5";"9.5";"10.2";"7";"6";"4";"3.5";"9.8";"50";"33";"75";"33";"10";"3.5";"2.9"
"Norway";"NOR";"3. Division - Group 6";"27-06-2026 09:00";"FT";"Ørn Horten";"4";"3";"Sandefjord II";"1";"2";"8.6";"5";"3.9";"6.6";"12";"90";"90";"76";"66";"24.8";"13";"14.3";"10.3";"11.9";"9.6";"5";"5.1";"4.3";"4.7";"9.8";"57";"60";"100";"30";"11";"7.2";"5.7"
"Norway";"NOR";"3. Division - Group 6";"27-06-2026 09:00";"FT";"Oppsal";"3";"1";"Raelingen";"1";"0";"5.4";"3.8";"4.8";"6.2";"10";"75";"56";"50";"38";"22.8";"12.9";"9.5";"10.8";"12.5";"11";"4.5";"5.9";"3.9";"7.6";"9.8";"38";"38";"38";"25";"10";"7.2";"4.3"
"Norway";"NOR";"3. Division - Group 6";"27-06-2026 10:00";"FT";"Fram";"1";"1";"Drøbak / Frogn";"0";"0";"4.5";"4.7";"3.8";"5";"9";"66";"58";"58";"33";"25.6";"15.3";"8.3";"14.3";"13.2";"9";"5.2";"3.7";"4.2";"5";"9.8";"67";"33";"50";"33";"10";"10.9";"5.5"
"New Zealand";"NZL";"National League";"27-06-2026 00:00";"FT";"Eastern Suburbs";"1";"1";"Birkenhead United";"0";"0";"6.6";"8.7";"3.1";"3.8";"11.1";"85";"75";"60";"55";"23.1";"16.9";"17.9";"5.3";"6.1";"10.2";"7.6";"7.7";"2.2";"2.9";"10.5";"90";"60";"70";"90";"11";"12.1";"6"
"New Zealand";"NZL";"National League";"27-06-2026 00:00";"FT";"Auckland United";"3";"0";"Melville United";"2";"0";"6.7";"3.9";"4.8";"4.6";"9.9";"72";"61";"50";"39";"23.4";"12.6";"9.7";"8.3";"16.1";"10";"6.1";"3.8";"3.6";"6.7";"10.5";"56";"22";"44";"67";"10";"6";"9.7"
"New Zealand";"NZL";"National League";"27-06-2026 04:30";"FT";"Auckland II";"3";"2";"Manukau United";"2";"1";"5.4";"1.9";"4.3";"6.1";"8.9";"67";"56";"33";"22";"21.4";"10.7";"4";"12";"16.2";"9.6";"5.2";"1.3";"5.2";"7.6";"10.5";"78";"44";"67";"11";"10";"6.3";"3.3"
"New Zealand";"NZL";"National League";"27-06-2026 20:00";"FT";"FC Western";"1";"1";"Western Suburbs";"0";"1";"2.9";"5.4";"8.6";"4.3";"10.6";"83";"76";"59";"53";"22.3";"4";"13.4";"13.5";"13.7";"9.7";"1.8";"5";"6.8";"5.9";"10.5";"0";"44";"0";"56";"10";"6.7";"7.1"
"New Zealand";"NZL";"National League";"27-06-2026 21:45";"FT";"South City Royals";"1";"4";"Nelson Suburbs";"0";"4";"4.5";"8.6";"4.8";"4.9";"11.4";"84";"84";"71";"48";"15.4";"1.5";"16.2";"5";"8.1";"9.4";"1";"9.8";"2.8";"5.1";"10.5";"67";"38";"33";"75";"11";"1.1";"4.6"
"New Zealand";"NZL";"National League";"27-06-2026 23:00";"FT";"Napier City Rovers";"3";"2";"Wellington Olympic";"1";"1";"6.5";"5.5";"3.1";"3.1";"9.1";"66";"51";"46";"40";"23";"16";"13.6";"7.1";"9.3";"10.8";"7.9";"6.7";"3.5";"3.5";"10.5";"62";"50";"75";"70";"10";"5.2";"4.5"
"Paraguay";"PAR";"Division Intermedia";"27-06-2026 10:00";"FT";"Tacuary";"4";"2";"Atlético Tembetary";"1";"1";"3";"3.7";"5.2";"5.4";"8.6";"60";"55";"50";"25";"15.2";"6.2";"6.1";"9";"9";"6.8";"3";"2.9";"4";"3.7";"8.5";"20";"40";"20";"30";"8";"5.6";"4.7"
"Paraguay";"PAR";"Division Intermedia";"27-06-2026 15:30";"FT";"Deportivo Capiatá";"5";"2";"Sportivo Carapeguá";"2";"1";"5.1";"2.9";"4.4";"3.5";"8";"70";"45";"40";"15";"15.8";"8.2";"7.1";"8.6";"7.6";"6.6";"4";"2.8";"3";"3.3";"8.5";"50";"20";"50";"50";"8";"6.8";"7.1"
"Paraguay";"PAR";"Division Intermedia";"27-06-2026 18:00";"FT";"General Caballero JLM";"2";"3";"Fernando de la Mora";"0";"1";"4.3";"5.9";"4.2";"3.7";"9";"65";"55";"50";"25";"21.6";"12.7";"10.7";"10.8";"9.1";"9";"5.9";"3.6";"4.7";"3.7";"8.5";"40";"70";"40";"50";"8";"6.4";"13.4"
"Paraguay";"PAR";"Campeonato Femenino";"27-06-2026 16:30";"FT";"Olimpia W";"7";"0";"Sportivo Luqueño W";"0";"0";"5.9";"3.1";"1.3";"3.8";"7";"42";"37";"11";"6";"19.3";"14.4";"6.8";"7.1";"10.4";"8.3";"5.9";"2.9";"3.4";"4.5";"7.9";"60";"38";"80";"44";"7";"4.6";"11.3"
"Paraguay";"PAR";"Campeonato Femenino";"27-06-2026 18:30";"FT";"Club Libertad W";"3";"1";"Nacional / Humaitá W";"2";"0";"6.3";"4.1";"1.9";"4.2";"8.2";"62";"50";"33";"16";"21";"14.4";"10.2";"4.1";"13.1";"9.3";"6.9";"5.5";"1.1";"5.1";"7.9";"67";"67";"67";"56";"5";"2.9";"5.1"
"Paraguay";"PAR";"Campeonato Femenino";"27-06-2026 20:30";"FT";"Guaraní W";"1";"0";"Deportivo Recoleta W";"1";"0";"4.7";"1.9";"3";"6.6";"8";"56";"38";"27";"27";"21.8";"10.2";"7";"5.3";"21";"10";"4.2";"3.5";"2.2";"10.2";"7.9";"100";"14";"67";"14";"6";"3.5";"5"
"Russia";"RUS";"FNL 2 - Group 1";"27-06-2026 11:00";"FT";"Sevastopol";"1";"0";"Angusht";"1";"0";"6.7";"3";"1.7";"5";"8.2";"54";"31";"23";"23";"12";"6.4";"5.8";"3.4";"8.5";"3";"1.4";"1";"0.8";"2.8";"8.6";"71";"33";"71";"33";"8";"4.9";"11.6"
"Russia";"RUS";"FNL 2 - Group 1";"27-06-2026 11:00";"FT";"Kyzyltash";"3";"2";"Druzhba";"0";"1";"6.1";"2";"3.9";"4.4";"8.2";"56";"50";"38";"18";"14.2";"8.7";"6.2";"6";"7.4";"4";"3.1";"1.6";"2.1";"1";"8.6";"88";"50";"75";"25";"9";"4.6";"4.8"
"Russia";"RUS";"FNL 2 - Group 1";"27-06-2026 11:00";"FT";"Rubin Yalta";"1";"2";"Nart Cherkessk";"0";"1";"5.5";"4.3";"3.4";"3.1";"8.2";"56";"44";"27";"22";"11.9";"8";"4.5";"6.4";"4.9";"3.9";"3.1";"1.4";"1.6";"1.6";"8.6";"60";"43";"70";"57";"8";"5.7";"4.5"
"Russia";"RUS";"FNL 2 - Group 1";"27-06-2026 11:00";"FT";"Zarya Lugansk";"1";"2";"Pobeda";"1";"0";"4.2";"5.2";"5.6";"4.2";"9.6";"83";"64";"36";"30";"16.8";"9.6";"9";"7.8";"7.1";"4.3";"2.2";"3";"1.8";"1.6";"8.6";"38";"56";"38";"78";"9";"9.6";"4.3"
"Russia";"RUS";"FNL 2 - Group 1";"27-06-2026 11:00";"FT";"Shakhter Donetsk";"3";"0";"Neftyanik Ufa";"3";"0";"4.1";"3.2";"3.7";"5.2";"8.2";"64";"56";"24";"11";"14.5";"6.9";"6.7";"5.9";"9.6";"5.4";"2.4";"2.6";"1.4";"4.4";"8.6";"71";"44";"43";"33";"8";"3.8";"6.1"
"Russia";"RUS";"FNL 2 - Group 1";"27-06-2026 12:00";"FT";"Rostov II";"2";"0";"Astrakhan";"2";"0";"6.3";"5";"3.6";"5";"10";"83";"66";"42";"36";"13";"9";"4.6";"5.6";"6.7";"5.6";"4.4";"1.9";"2.2";"2.7";"8.6";"56";"88";"78";"50";"9";"3.9";"3.1"
"Russia";"RUS";"FNL 2 - Group 1";"27-06-2026 12:00";"FT";"Chayka II";"3";"0";"Dinamo Makhachkala 2";"3";"0";"2.9";"3.2";"6";"6.2";"9.2";"64";"41";"34";"34";"15.6";"5.2";"6.4";"8.6";"10.9";"4.9";"1.2";"1.7";"3";"3.9";"8.6";"12";"11";"0";"0";"8";"13";"9.1"
"Russia";"RUS";"FNL 2 - Group 3";"27-06-2026 01:00";"FT";"SKA-Energiya II";"3";"2";"Rotor-2";"1";"0";"3.8";"2.1";"4.6";"7.4";"9";"62";"50";"44";"33";"14.4";"6.9";"5.2";"8.7";"8";"5";"2.6";"1.4";"3.4";"2.8";"9.5";"44";"22";"33";"11";"9";"3.6";"8.7"
"Russia";"RUS";"FNL 2 - Group 3";"27-06-2026 07:00";"FT";"Avangard Kursk";"6";"3";"Saturn Ramenskoye";"2";"0";"3.6";"6.1";"3.7";"3.9";"8.6";"68";"40";"36";"25";"13.8";"6.8";"9.6";"6";"5.1";"4.6";"2";"3.2";"1.8";"2.1";"9.5";"33";"50";"33";"60";"9";"4.9";"9.6"
"Russia";"RUS";"FNL 2 - Group 3";"27-06-2026 10:00";"FT";"Metallurg Lipetsk";"3";"2";"Rodina Moskva III";"1";"2";"6.6";"4.2";"3.3";"4.1";"9.1";"59";"48";"48";"32";"13.8";"8";"6.7";"7";"5.9";"5.4";"3.4";"3.1";"2.5";"1.8";"9.5";"67";"30";"67";"50";"9";"3.8";"3.2"
"Russia";"RUS";"FNL 2 - Group 3";"27-06-2026 10:00";"FT";"Zenit Penza";"3";"1";"Orel";"1";"0";"4";"5";"6.4";"3.4";"9.4";"70";"50";"45";"45";"15.2";"4.9";"8.5";"9.2";"7.8";"5.4";"1.6";"2.5";"4.2";"2.5";"9.5";"50";"60";"30";"60";"9";"6.1";"5.3"
"Russia";"RUS";"FNL 2 - Group 3";"27-06-2026 11:00";"FT";"Shumbrat";"2";"0";"Ryazan";"1";"0";"5.2";"3.4";"4.5";"4.1";"8.6";"74";"51";"46";"30";"14.2";"8.2";"6.6";"7.8";"5.9";"4.1";"2.5";"2";"2.2";"1.4";"9.5";"50";"40";"62";"30";"9";"3.7";"5.5"
"Russia";"RUS";"FNL 2 - Group 3";"27-06-2026 12:00";"FT";"Spartak Tambov";"0";"2";"Volna Kovernino";"0";"1";"7.3";"5.8";"2.6";"4.2";"10";"80";"70";"55";"40";"11.5";"7.7";"5.8";"4.1";"5.4";"3.4";"2.7";"2.3";"0.6";"1.3";"9.5";"90";"60";"100";"40";"9";"3.7";"2.6"
"Russia";"RUS";"FNL 2 - Group 3";"27-06-2026 13:00";"FT";"Strogino";"3";"1";"Kvant";"3";"0";"2.4";"2.9";"5.5";"6.1";"8.4";"55";"34";"29";"24";"15.6";"6";"5.7";"8.7";"10.8";"4.1";"1.4";"1";"2.6";"3.2";"9.5";"30";"12";"10";"0";"9";"6";"8.1"
"Sierra Leone";"SLE";"Premier League";"27-06-2026 13:15";"FT";"Bhantal";"1";"2";"Abacha City";"1";"2";"4.1";"6";"2.6";"3.6";"8.2";"64";"57";"28";"12";"14.4";"6.6";"10.8";"4.1";"7.2";"5.4";"1.7";"4.8";"2";"2.5";"7.7";"75";"44";"50";"67";"8";"16.5";"15.4"
"Sierra Leone";"SLE";"Premier League";"27-06-2026 13:30";"FT";"Bai Bureh Warriors";"0";"0";"Wusum Stars";"0";"0";"4.3";"5.5";"5.1";"3.4";"9.2";"73";"60";"54";"20";"17.8";"10.6";"8.6";"7";"9.4";"7";"4.2";"4";"2";"3.7";"7.7";"71";"62";"57";"50";"8";"8.8";"9.6"
"Sweden";"SWE";"Superettan";"27-06-2026 10:00";"FT";"Ljungskile";"3";"2";"Örebro";"1";"2";"5.4";"4.7";"5.4";"5.7";"10.6";"85";"80";"65";"45";"22";"12.7";"10.1";"10.7";"10.4";"8.7";"5.3";"3.7";"4.3";"4.1";"9.9";"60";"40";"50";"50";"10";"9.1";"12.4"
"Sweden";"SWE";"Superettan";"27-06-2026 10:00";"FT";"Varberg BoIS";"2";"1";"Öster";"0";"0";"5.2";"5";"3.3";"6";"9.8";"75";"70";"65";"35";"22.8";"11.7";"9.8";"9.7";"14.3";"9.4";"5.1";"4.5";"3";"6.3";"9.9";"60";"40";"50";"30";"10";"6.1";"5.8"
"Sweden";"SWE";"Superettan";"27-06-2026 12:00";"FT";"United Nordic";"3";"3";"Oddevold";"2";"0";"4.6";"5.8";"5.7";"3.7";"9.9";"80";"70";"55";"40";"19.8";"13";"10.2";"8.8";"7.5";"7.6";"4.6";"3.8";"3.5";"3.2";"9.9";"60";"60";"30";"70";"10";"9.3";"6.4"
"Sweden";"SWE";"Superettan";"27-06-2026 12:00";"FT";"GIF Sundsvall";"0";"2";"Östersunds FK";"0";"0";"4.8";"6.4";"6.1";"2.8";"10";"85";"80";"65";"55";"19.4";"7.5";"10.7";"11.6";"8.9";"8.2";"3.4";"3.8";"5.5";"3.8";"9.9";"80";"60";"40";"90";"10";"10.7";"6.7"
"Sweden";"SWE";"Ettan: North";"27-06-2026 08:00";"FT";"Stockholm Internazionale";"2";"0";"Enkoping";"1";"0";"5.9";"4.5";"3.2";"4.1";"8.8";"70";"55";"30";"20";"18.8";"11.2";"8.6";"8.1";"9.6";"8.4";"5.5";"3.8";"3.7";"3.7";"9.3";"50";"40";"80";"60";"9";"5.1";"5.1"
"Sweden";"SWE";"Ettan: North";"27-06-2026 11:00";"FT";"Gefle";"2";"1";"Stocksund";"0";"1";"4.1";"4.5";"6";"3.8";"9.2";"80";"55";"30";"20";"20.5";"8.4";"11";"10";"11.6";"9.7";"3.9";"5.2";"5.2";"5.1";"9.3";"70";"50";"20";"50";"9";"12";"5.8"
"Sweden";"SWE";"Ettan: North";"27-06-2026 12:00";"FT";"Arlanda";"1";"0";"IF Karlstad Fotboll";"0";"0";"4.2";"6.3";"3.7";"3.1";"8.6";"75";"50";"35";"25";"19.4";"10.8";"11.4";"10.6";"6";"8.1";"4.8";"4.7";"4.3";"2.4";"9.3";"60";"60";"60";"90";"9";"7.7";"6.3"
"Sweden";"SWE";"Ettan: South";"27-06-2026 08:00";"FT";"Laholm";"3";"1";"Utsikten";"3";"0";"3.9";"5";"5.5";"5.4";"9.9";"79";"47";"42";"37";"20.6";"12";"5.7";"11.7";"11.9";"9.4";"5.6";"2.7";"4.7";"5.8";"9.7";"50";"44";"30";"44";"10";"7.1";"11.4"
"Sweden";"SWE";"Ettan: South";"27-06-2026 08:00";"FT";"Trollhättan";"1";"1";"Ängelholm";"0";"0";"5.4";"4.6";"5";"3.8";"9.4";"65";"50";"50";"40";"20.8";"10.5";"12.7";"9.1";"9.4";"8.2";"3.7";"4.9";"4.2";"3.6";"9.7";"50";"40";"50";"50";"10";"8.8";"6"
"Sweden";"SWE";"Ettan: South";"27-06-2026 11:00";"FT";"Åtvidaberg";"3";"3";"Rosengård";"3";"2";"5.6";"6";"6.2";"2.9";"10.4";"75";"50";"45";"45";"19.6";"9.8";"13";"8.7";"7.8";"8.6";"4.5";"5.2";"3.5";"4";"9.7";"60";"60";"40";"80";"10";"4.1";"8.1"
"Sweden";"SWE";"Ettan: South";"27-06-2026 11:00";"FT";"Lund";"2";"1";"Skövde AIK";"2";"0";"5.6";"3.5";"4.3";"4.9";"9.2";"60";"50";"40";"20";"21.3";"12.6";"7.6";"9.2";"13.2";"10";"6.4";"3.7";"4.1";"5.7";"9.7";"60";"50";"50";"20";"9";"6.3";"6.9"
"Sweden";"SWE";"Ettan: South";"27-06-2026 11:00";"FT";"Ariana";"1";"0";"Jönköpings Södra";"1";"0";"6.3";"6.7";"4.6";"3.5";"10.6";"90";"80";"75";"35";"20.6";"12.5";"11.5";"9";"8.1";"7.8";"5.2";"4.1";"3.6";"2.6";"9.7";"60";"80";"70";"70";"10";"4.8";"6.8"
"Sweden";"SWE";"Division 2: Norra Gotaland";"27-06-2026 11:00";"FT";"Ahlafors";"2";"2";"Tord";"1";"1";"5.2";"4.3";"5.4";"4.4";"9.8";"84";"56";"44";"28";"23";"12.7";"10.2";"14.7";"8.6";"10.1";"5.8";"4";"6.1";"4.3";"9.8";"56";"67";"33";"33";"10";"4.9";"12.7"
"Sweden";"SWE";"Division 2: Norra Gotaland";"27-06-2026 11:00";"FT";"Motala";"0";"1";"Vänersborgs FK";"0";"0";"6.4";"3.3";"5.6";"6.9";"11";"86";"78";"72";"52";"20.8";"12.1";"6.3";"11.5";"11.6";"9.3";"3.6";"3";"5.4";"6.6";"9.8";"75";"14";"38";"14";"10";"9.3";"4.2"
"Sweden";"SWE";"Division 2: Norra Gotaland";"27-06-2026 11:00";"FT";"Husqvarna";"3";"1";"IF Karlstad II";"1";"1";"5.9";"3.2";"3.5";"3.9";"8.2";"44";"32";"25";"19";"19";"11";"8.6";"7.1";"11.4";"8.6";"4.8";"3.8";"2.9";"5.8";"9.8";"50";"25";"50";"38";"9";"4.2";"9.6"
"Sweden";"SWE";"Division 2: Norra Svealand";"27-06-2026 08:00";"FT";"Franke";"1";"2";"Viggbyholms IK";"1";"0";"6.3";"2.3";"4.7";"8";"10.6";"75";"58";"50";"34";"21.2";"10.7";"6.8";"14.2";"10.7";"9.8";"5.2";"3.3";"5.8";"5.2";"9.1";"33";"50";"33";"0";"10";"5.6";"9.7"
"Sweden";"SWE";"Division 2: Norra Svealand";"27-06-2026 10:00";"FT";"Täby";"2";"1";"Gute";"0";"1";"3.6";"3.2";"4.9";"4.8";"8.2";"56";"38";"25";"25";"21.7";"12.9";"7.8";"8";"14.8";"8.2";"5";"3.5";"2.5";"5.2";"9.1";"12";"50";"25";"0";"9";"5.9";"7.8"
"Sweden";"SWE";"Division 2: Norra Svealand";"27-06-2026 11:00";"FT";"Bollstanäs";"5";"1";"Korsnäs IF FK";"1";"1";"5.6";"3.3";"3.2";"6.3";"9.2";"78";"44";"33";"28";"15.6";"7.6";"4.3";"8.6";"10.7";"7.8";"3.7";"2.7";"3.9";"5.3";"9.1";"44";"67";"89";"0";"10";"4";"4.3"
"Sweden";"SWE";"Division 2: Norra Svealand";"27-06-2026 11:00";"FT";"Falu BS";"2";"0";"Lidingö";"1";"0";"4.8";"4.1";"3.2";"5";"8.6";"41";"41";"35";"29";"18.2";"8.2";"10.1";"7.4";"10.6";"8.6";"4.6";"4.5";"2.8";"5.2";"9.1";"40";"50";"60";"38";"9";"5.1";"7.2"
"Sweden";"SWE";"Division 2: Norrland";"27-06-2026 08:00";"FT";"Täfteå";"1";"1";"Boden";"0";"0";"9.2";"3";"2.2";"4";"9.2";"66";"66";"42";"42";"15.8";"16.8";"4.7";"4.8";"5.3";"7.8";"7.5";"2.3";"2";"3.7";"10.4";"100";"67";"100";"33";"10";"5.2";"3.9"
"Sweden";"SWE";"Division 2: Norrland";"27-06-2026 08:00";"FT";"IFK Umeå";"2";"1";"Storfors";"0";"0";"3.8";"3.4";"7.2";"8.2";"11.3";"90";"82";"74";"65";"20.6";"6.3";"4.4";"18.8";"11.6";"9.7";"2.8";"2.4";"8.2";"6";"10.4";"50";"0";"33";"20";"11";"7.9";"3.7"
"Sweden";"SWE";"Division 2: Norrland";"27-06-2026 09:00";"FT";"IFK Luleå";"0";"1";"Skellefteå";"0";"0";"5";"7.3";"3.2";"3";"9.2";"64";"54";"54";"44";"19.1";"9.6";"20";"4.6";"4";"9.1";"5.8";"7.7";"2.8";"2";"10.4";"40";"67";"40";"100";"10";"3.4";"8.3"
"Sweden";"SWE";"Division 2: Norrland";"27-06-2026 11:00";"FT";"Tegs SK";"3";"3";"Friska Viljor";"2";"0";"5.5";"3";"4.5";"5";"9";"75";"25";"25";"25";"24.2";"17.5";"9.5";"10.5";"11";"11.5";"9";"5.5";"4.5";"4";"10.4";"50";"50";"50";"0";"9";"9.7";"6.3"
"Sweden";"SWE";"Division 2: Sodra Gotaland";"27-06-2026 11:00";"FT";"Räppe";"1";"4";"Staffanstorp United";"0";"2";"3.6";"6.6";"7.3";"4";"10.8";"83";"76";"71";"53";"19.6";"6.8";"10.8";"15.6";"6.2";"9.4";"2.8";"5.1";"7.8";"3.1";"10.5";"11";"62";"11";"75";"11";"7.6";"5.4"
"Sweden";"SWE";"Division 2: Sodra Gotaland";"27-06-2026 11:00";"FT";"Österlen";"0";"3";"Karlskrona";"0";"3";"6.8";"6.8";"3.8";"2.9";"10.2";"76";"72";"66";"54";"19.3";"11.7";"10.5";"7.3";"9.1";"8.8";"5.2";"5.6";"3.5";"3.4";"10.5";"50";"80";"67";"60";"10";"7.8";"6.6"
"Sweden";"SWE";"Division 2: Sodra Gotaland";"27-06-2026 11:00";"FT";"Solvesborg";"1";"0";"Oskarshamns AIK";"0";"0";"5.8";"5.6";"5.4";"4.7";"10.8";"90";"90";"68";"58";"22.8";"13.6";"12.3";"9.8";"9.9";"10.9";"6.4";"6.1";"4.8";"4.4";"10.5";"20";"71";"60";"71";"10";"11.3";"6.2"
"Sweden";"SWE";"Division 2: Sodra Gotaland";"27-06-2026 11:00";"DELAYED";"Nosaby";"0";"0";"IFK Trelleborg";"0";"0";"5.1";"8.9";"5.7";"3.4";"11.6";"93";"93";"93";"64";"19.1";"10.3";"11.6";"10.9";"5.6";"9.5";"4.1";"5.9";"6.1";"2.9";"10.5";"43";"86";"43";"100";"11";"5.7";"7.2"
"Sweden";"SWE";"Division 2: Sodra Svealand";"27-06-2026 08:00";"FT";"Haninge";"6";"1";"Sleipner";"3";"0";"5.6";"4.9";"4.6";"4";"9.5";"69";"48";"48";"32";"19";"12.5";"9.5";"7.8";"8.1";"9.5";"6.4";"4.4";"4.2";"4";"9.4";"67";"60";"44";"50";"10";"4";"4.8"
"Sweden";"SWE";"Division 2: Sodra Svealand";"27-06-2026 11:00";"FT";"Eker Örebro";"1";"4";"Farsta";"1";"2";"2.2";"4.9";"5";"3.4";"7.8";"58";"20";"11";"6";"20.9";"8.7";"11.7";"13";"8.4";"9";"3.8";"5.1";"6";"3.2";"9.4";"33";"22";"17";"56";"9";"6.7";"6.2"
"Sweden";"SWE";"Division 2: Vastra Gotaland";"27-06-2026 11:00";"FT";"Astorps FF";"1";"1";"Torslanda";"1";"0";"5.9";"4.9";"5.3";"4.7";"10.4";"75";"70";"55";"40";"18.6";"11.5";"9.4";"7.5";"8.9";"8.1";"4.6";"4.3";"3.4";"3.9";"10";"50";"50";"60";"40";"10";"8.8";"6.7"
"Sweden";"SWE";"Division 2: Vastra Gotaland";"27-06-2026 11:00";"FT";"Astrio";"1";"2";"Hestrafor";"0";"1";"3.3";"6.1";"6.4";"4.7";"10.2";"85";"75";"75";"45";"22.4";"8.7";"11.7";"14.5";"9.9";"10";"3.6";"4.5";"7.2";"4.7";"10";"50";"60";"20";"70";"11";"12.4";"5.6"
"Syria";"SYR";"Premier League";"27-06-2026 11:00";"FT";"Wahda";"1";"0";"Tishreen";"1";"0";"";"";"";"";"";"";"";"";"";"";"";"";"";"";"";"";"";"";"";"9.1";"";"";"";"";"";"";""
"Tanzania";"TAN";"Ligi kuu Bara";"27-06-2026 10:00";"FT";"Namungo";"0";"0";"Fountain Gate";"0";"0";"4.6";"4.5";"3.2";"6.9";"9.6";"75";"54";"49";"36";"19.4";"10.1";"8.8";"10.3";"9.8";"8.1";"4.1";"3.4";"4";"4.8";"8";"40";"25";"40";"12";"9";"14.4";"6.8"
"Tanzania";"TAN";"Ligi kuu Bara";"27-06-2026 10:00";"FT";"Young Africans";"3";"0";"TRA United SC";"1";"0";"5.9";"5.1";"2.2";"3.3";"8.2";"58";"48";"37";"21";"19.5";"13.3";"10";"7";"8.6";"8.8";"6.9";"5";"2.9";"2.7";"8";"70";"44";"90";"44";"8";"4.9";"7.1"
"Tanzania";"TAN";"Ligi kuu Bara";"27-06-2026 10:00";"FT";"Dodoma Jiji";"1";"1";"Mbeya City";"1";"1";"4.3";"3.8";"4.7";"3.4";"8.1";"62";"47";"36";"36";"15";"6.7";"5.6";"11.2";"6.4";"5.8";"2.8";"1.2";"5.4";"2.2";"8";"20";"56";"30";"44";"8";"9.6";"8"
"Tanzania";"TAN";"Ligi kuu Bara";"27-06-2026 10:00";"FT";"Coastal Union";"0";"2";"Azam";"0";"2";"3.3";"5.9";"5";"4.1";"9.2";"65";"50";"40";"30";"18.6";"8.9";"11.1";"10.3";"6.9";"8.1";"3.9";"5.3";"4.1";"2.9";"8";"50";"90";"40";"70";"9";"5.6";"5.8"
"Tanzania";"TAN";"Ligi kuu Bara";"27-06-2026 10:00";"FT";"Tanzania Prisons";"2";"1";"Mtibwa Sugar";"0";"0";"2.9";"3.5";"5.4";"7.7";"9.7";"66";"52";"46";"46";"16.2";"4.6";"7.8";"10.2";"9.7";"6.4";"1.8";"2.3";"3.8";"4.8";"8";"25";"17";"25";"33";"9";"3.8";"9.8"
"Tanzania";"TAN";"Ligi kuu Bara";"27-06-2026 10:00";"FT";"Pamba Jiji";"1";"2";"JKT Tanzania";"1";"1";"3.8";"3.4";"5.1";"4.9";"8.6";"62";"45";"28";"22";"14.6";"7.9";"5.3";"8.1";"7.8";"6.4";"3";"2.5";"3.6";"3.7";"8";"50";"30";"38";"30";"9";"7.2";"6.6"
"Tanzania";"TAN";"Ligi kuu Bara";"27-06-2026 10:00";"FT";"Mashujaa";"2";"0";"KMC";"2";"0";"3.1";"4.4";"3.5";"6.1";"8.6";"60";"50";"38";"27";"18.4";"8.8";"7.6";"10.6";"9.8";"7.5";"2.8";"3.1";"4.2";"4.9";"8";"30";"44";"40";"22";"7";"22";"8.1"
"Tanzania";"TAN";"Ligi kuu Bara";"27-06-2026 10:00";"FT";"Simba";"2";"0";"Singida Black Stars";"1";"0";"5.3";"4.1";"1.9";"3";"7.2";"32";"26";"10";"10";"18.2";"11.9";"10.4";"6.4";"7.8";"7.4";"4.7";"4.7";"2.2";"3.1";"8";"100";"90";"67";"70";"7";"5.4";"4.3"
"Tajikistan";"TJK";"Vysshaya Liga";"27-06-2026 11:00";"FT";"Barkchi Hisar";"2";"2";"Vakhsh Bokhtar";"1";"2";"";"";"";"";"";"";"";"";"";"";"";"";"";"";"";"";"";"";"";"6.3";"";"";"";"";"";"";""
"Tajikistan";"TJK";"Vysshaya Liga";"27-06-2026 12:00";"FT";"Eskhata";"0";"1";"Khujand";"0";"1";"1.3";"";"4";"";"";"";"";"";"";"";"";"";"";"";"";"";"";"";"";"6.3";"";"";"0";"";"";"";""
"Uruguay";"URU";"Primera División Amateur";"27-06-2026 10:00";"FT";"Deutscher";"0";"2";"Rampla Juniors";"";"";"7";"6.4";"4.5";"4.6";"11.2";"93";"93";"46";"46";"22.4";"15.5";"15.1";"6";"8.3";"9.2";"7.5";"6";"1.5";"3.4";"10";"50";"43";"50";"57";"10";"6.2";"7.6"
"Uruguay";"URU";"Primera División Amateur";"27-06-2026 10:00";"FT";"Basáñez";"4";"1";"Potencia";"";"";"6";"5.7";"4.5";"6.7";"11.4";"88";"88";"71";"58";"23.8";"10";"14";"12.8";"10.7";"9.6";"5.8";"4.3";"5.2";"4";"10";"25";"33";"75";"33";"11";"11.1";"11.7"
"Uruguay";"URU";"Primera División Amateur";"27-06-2026 10:00";"FT";"Bella Vista";"9";"0";"Frontera Rivera";"";"";"5";"";"4.5";"";"";"";"";"";"";"";"15";"";"13";"";"";"5.7";"";"5";"";"10";"75";"";"25";"";"";"";""
"Uruguay";"URU";"Primera División Amateur";"27-06-2026 15:00";"FT";"Salus";"1";"0";"Durazno FC";"0";"0";"7.7";"4.3";"2.7";"2.3";"8.5";"50";"33";"16";"16";"21.6";"17";"8.3";"8";"10";"8.8";"8.3";"3";"3.7";"2.7";"10";"100";"67";"67";"67";"9";"11.3";"5.2"
"Uruguay";"URU";"Primera División Amateur";"27-06-2026 15:00";"AWAITING_UPDATES";"Rocha";"";"";"Mar de Fondo";"";"";"5";"6.5";"8.7";"3";"11.6";"100";"75";"75";"75";"22.2";"9.7";"9.5";"15.7";"9.5";"7.4";"4.7";"3";"4.7";"2.5";"10";"67";"50";"33";"100";"11";"19.4";"6.3"
"Uruguay";"URU";"Primera División Amateur";"27-06-2026 15:00";"AWAITING_UPDATES";"Villa Teresa";"";"";"Deportivo Colonia";"";"";"4.2";"";"3.5";"";"";"";"";"";"";"";"9.3";"";"11.7";"";"";"2.8";"";"6.2";"";"10";"50";"";"33";"";"";"";""
"United States";"USA";"USL League Two";"27-06-2026 12:00";"FT";"New Jersey Copa";"1";"2";"Ironbound";"0";"1";"3.8";"3.7";"3.5";"2.7";"6.8";"42";"12";"0";"0";"27.2";"11.8";"14.3";"17.5";"11";"12.8";"5.2";"6.3";"8.2";"5.7";"8.7";"0";"67";"50";"67";"8";"9.8";"7.2"
"United States";"USA";"USL League Two";"27-06-2026 14:00";"FT";"Edgewater Castle";"0";"5";"Chicago Dutch Lions";"0";"3";"3.4";"2.4";"3.9";"4.3";"7";"57";"14";"7";"0";"21.5";"10.2";"9.1";"10.5";"13.3";"10.6";"5.2";"4.4";"5.5";"6.1";"8.7";"50";"80";"29";"29";"8";"6.4";"7.5"
"United States";"USA";"USL League Two";"27-06-2026 16:00";"FT";"Louisville City II";"2";"0";"Kings Hammer Columbus";"0";"0";"4";"6.5";"3.7";"2";"8.1";"42";"42";"42";"0";"20.9";"10.7";"13.5";"6.7";"11";"9.4";"4";"5.5";"3.7";"5.5";"8.7";"67";"50";"33";"100";"9";"5.4";"9.6"
"United States";"USA";"USL League Two";"27-06-2026 16:00";"DELAYED";"Midwest United";"0";"0";"Union Macomb";"0";"0";"3";"5.4";"5.3";"2.8";"8.2";"64";"64";"26";"16";"22.4";"17.7";"9.2";"6.7";"11.2";"10.6";"9";"5";"2.3";"5";"8.7";"33";"40";"33";"60";"9";"8.8";"5.4"
"United States";"USA";"USL League Two";"27-06-2026 17:30";"FT";"Rochester";"0";"2";"Rockford Raptors";"0";"1";"2.5";"2.8";"4.8";"6";"8";"50";"42";"42";"34";"24.5";"11.2";"11.7";"13.2";"13";"13.2";"5.5";"6.7";"6.5";"7.7";"8.7";"20";"0";"17";"50";"8";"6.6";"6.9"
"United States";"USA";"USL League Two";"27-06-2026 18:00";"FT";"Buffalo";"1";"1";"Steel City";"0";"0";"7.5";"3";"3";"3.5";"8.5";"75";"25";"25";"25";"25.8";"20.5";"9.5";"11.5";"10";"11.8";"10";"4.5";"5";"4";"8.7";"50";"50";"100";"0";"9";"6.6";"4.7"
"United States";"USA";"USL League Two";"27-06-2026 18:00";"FT";"West Virginia Chaos";"2";"1";"Dayton Dutch Lions";"1";"0";"";"2.3";"";"5.3";"";"";"";"";"";"";"";"7.3";"";"15.7";"";"";"3";"";"4.7";"8.7";"";"100";"";"33";"";"";""
"United States";"USA";"USL League Two";"27-06-2026 19:00";"FT";"Staten Island Athletic";"0";"6";"Long Island Rough Riders";"0";"3";"1.7";"5.2";"6";"2.8";"7.8";"64";"29";"6";"6";"25";"10";"18.4";"12.7";"8.9";"10.6";"4";"8.1";"5.7";"3.2";"8.7";"33";"62";"0";"62";"8";"8.3";"8.4"
"United States";"USA";"USL League Two";"27-06-2026 19:00";"FT";"Inter Gainesville";"4";"1";"Sporting JAX II";"2";"1";"3.5";"4";"2";"5.8";"7.6";"34";"34";"34";"16";"23.2";"14.5";"7.7";"13.5";"10.8";"9.8";"5.5";"2.3";"7.5";"4.3";"8.7";"";"50";"50";"17";"9";"20.7";"19.2"
"United States";"USA";"USL League Two";"27-06-2026 19:30";"FT";"Port City";"0";"3";"Appalachian";"0";"2";"";"";"";"";"";"";"";"";"";"";"";"";"";"";"";"";"";"";"";"8.7";"";"";"";"";"";"";""
"United States";"USA";"USL League Two";"27-06-2026 20:00";"FT";"River Light";"2";"5";"Minneapolis City";"0";"3";"4.2";"5";"6.2";"4.2";"9.8";"74";"74";"54";"35";"25.6";"14.8";"16.8";"12.8";"6.8";"12";"6.8";"8.4";"6.5";"2.4";"8.7";"14";"80";"38";"60";"9";"6.7";"4.9"
"United States";"USA";"USL League Two";"27-06-2026 20:00";"FT";"Lansing City";"2";"5";"AFC Ann Arbor";"1";"2";"2.2";"5.3";"5.8";"4.7";"9";"73";"73";"54";"22";"24.4";"11";"9.1";"17";"11.7";"12";"5";"4.9";"8.5";"5.7";"8.7";"75";"57";"25";"71";"9";"12.2";"6.1"
"United States";"USA";"USL League Two";"27-06-2026 20:00";"FT";"Michigan Bucks";"1";"1";"Oakland County";"1";"0";"5.4";"";"3.8";"";"";"";"";"";"";"";"14.8";"";"10.4";"";"";"7.2";"";"4";"";"8.7";"80";"";"60";"";"";"";""
"United States";"USA";"USL League Two";"27-06-2026 20:00";"FT";"Toledo Villa";"2";"3";"Northern Indiana";"1";"1";"4";"3.7";"3.5";"4.7";"7.9";"58";"58";"16";"0";"17.1";"7";"9";"9.5";"8.7";"7.2";"2";"4.3";"4.5";"3.7";"8.7";"0";"33";"50";"33";"8";"7.8";"5.6"
"United States";"USA";"USL League Two";"27-06-2026 20:00";"FT";"Akron City";"4";"0";"Lorain County Leviathan";"3";"0";"5.4";"4.2";"4.8";"6.2";"10.4";"100";"58";"48";"35";"27.5";"15.2";"13.8";"12.8";"13.2";"12.2";"7";"5.8";"5.8";"5.8";"8.7";"40";"25";"40";"25";"10";"12.7";"5.3"
"United States";"USA";"USL League Two";"27-06-2026 20:00";"FT";"Reading United";"4";"1";"Pennsylvania Classics";"2";"1";"3";"6";"4.5";"5.5";"9.5";"75";"75";"25";"25";"23.8";"13.5";"5.5";"13.5";"15";"10";"4.5";"2.5";"7.5";"5.5";"8.7";"0";"100";"0";"50";"9";"8.4";"3.7"
"United States";"USA";"USL League Two";"27-06-2026 20:00";"FT";"Delaware FC";"5";"1";"Real Central New Jersey";"3";"0";"5";"5";"6.4";"7";"11.7";"100";"100";"86";"54";"25.5";"14.3";"11";"16.7";"9";"12.4";"6";"6.5";"7.8";"4.5";"8.7";"43";"0";"43";"0";"10";"7.5";"6.1"
"United States";"USA";"USL League Two";"27-06-2026 20:00";"FT";"Tobacco Road";"2";"3";"Wake";"1";"1";"2.8";"3.3";"5.2";"3.3";"7.4";"46";"46";"26";"16";"19.2";"9.6";"5";"13.2";"10.7";"9.2";"4.8";"1.3";"7.2";"5";"8.7";"40";"33";"0";"33";"8";"5.1";"5.6"
"United States";"USA";"USL League Two";"27-06-2026 20:00";"FT";"SC United Bantams";"3";"3";"Salem City";"2";"3";"3.2";"";"1.2";"";"";"";"";"";"";"";"10.8";"";"9";"";"";"5.8";"";"5.2";"";"8.7";"50";"";"75";"";"";"";""
"United States";"USA";"USL League Two";"27-06-2026 20:00";"FT";"Boston City";"1";"1";"Connecticut Rush";"1";"1";"3.2";"3";"6.3";"4";"8.2";"46";"38";"38";"38";"23.6";"8.8";"9.9";"15.2";"13.2";"12.5";"3.5";"4.6";"10.3";"6.6";"8.7";"50";"38";"33";"38";"9";"7.3";"6.6"
"United States";"USA";"USL League Two";"27-06-2026 20:00";"FT";"Hickory";"0";"2";"Charlotte Independence 2";"0";"0";"";"";"";"";"";"";"";"";"";"";"";"";"";"";"";"";"";"";"";"8.7";"";"";"";"";"";"";""
"United States";"USA";"USL League Two";"27-06-2026 20:00";"FT";"Loudoun United II";"4";"0";"Virginia Marauders";"2";"0";"5.4";"2";"5.6";"6.5";"9.8";"75";"68";"68";"48";"22.8";"10.9";"6.8";"12.3";"15.8";"11.1";"5.1";"2.2";"5.6";"9.2";"8.7";"29";"0";"43";"0";"9";"4.5";"22.7"
"United States";"USA";"USL League Two";"27-06-2026 20:00";"FT";"Hill City";"1";"1";"Virginia Beach United";"0";"1";"3.5";"2.7";"4.5";"3.7";"7.2";"25";"25";"25";"25";"22.4";"10.2";"8.3";"14.5";"11.7";"10.6";"4.8";"5";"7.2";"4.3";"8.7";"25";"67";"25";"33";"8";"3.6";"3.5"
"United States";"USA";"USL League Two";"27-06-2026 20:00";"FT";"Shark Coast";"3";"2";"Nona";"2";"2";"4.5";"5.5";"6";"2.5";"9.2";"75";"75";"75";"25";"22";"10.5";"11.8";"15";"6.8";"9.6";"4.5";"5";"8";"1.8";"8.7";"50";"50";"0";"75";"9";"8.8";"6.2"
"United States";"USA";"USL League Two";"27-06-2026 20:00";"FT";"Brave";"4";"1";"Brooke House";"0";"0";"2.2";"7.7";"4.4";"4.3";"9.3";"60";"60";"60";"16";"22.2";"11.8";"11.3";"11.6";"9.7";"8.2";"6";"3";"3.2";"4.3";"8.7";"75";"33";"0";"67";"9";"5.4";"7.5"
"United States";"USA";"USL League Two";"27-06-2026 20:30";"FT";"Westchester Flames";"0";"1";"Cedar Stars Rush";"0";"1";"3.3";"3.7";"5.2";"3.3";"7.8";"42";"42";"16";"16";"30.6";"8.3";"18";"20.3";"14.5";"12.6";"3.2";"7";"9.2";"6";"8.7";"33";"50";"33";"67";"9";"5.9";"12"
"United States";"USA";"USL League Two";"27-06-2026 20:30";"FT";"Hudson Valley Hammers";"4";"3";"Morris Elite";"1";"1";"3.6";"2";"4.4";"4.4";"7.2";"27";"27";"27";"10";"28.6";"17";"9.1";"14.2";"16.9";"12";"7.6";"3.7";"5.4";"7.1";"8.7";"50";"29";"20";"14";"8";"7.1";"11.4"
"United States";"USA";"USL League Two";"27-06-2026 20:30";"FT";"Bethesda SC";"1";"0";"Patuxent";"1";"0";"2";"2.2";"6.5";"7.2";"9";"75";"62";"50";"38";"21.8";"5.2";"4";"15.5";"18.8";"10";"3.2";"0.8";"6.2";"9.8";"8.7";"25";"25";"25";"0";"8";"2.5";"13.3"
"United States";"USA";"USL League Two";"27-06-2026 20:30";"FT";"Annapolis Blues";"6";"2";"Christos";"1";"2";"6.6";"4";"3.1";"4.8";"9.2";"66";"66";"55";"49";"23.1";"14.9";"12";"6.4";"12.9";"10";"5.6";"6.2";"3.2";"5";"8.7";"70";"25";"80";"38";"9";"7.1";"8"
"United States";"USA";"USL League Two";"27-06-2026 21:00";"FT";"Sunflower State";"0";"5";"Santafé Wanderers";"0";"2";"5.5";"4";"3";"4";"8.2";"75";"50";"0";"0";"25.2";"11";"15";"12.5";"12";"12.8";"6.5";"8";"6";"5";"8.7";"50";"50";"50";"50";"9";"7.9";"6.8"
"United States";"USA";"USL League Two";"27-06-2026 21:00";"FT";"St. Louis Ambush";"0";"3";"Springfield";"0";"1";"";"";"";"";"";"";"";"";"";"";"";"";"";"";"";"";"";"";"";"8.7";"";"";"";"";"";"";""
"United States";"USA";"USL League Two";"27-06-2026 21:00";"FT";"Des Moines Menace";"1";"2";"Peoria";"1";"0";"";"3";"";"4.3";"";"";"";"";"";"";"";"14.7";"";"12.7";"";"";"5";"";"7";"8.7";"";"67";"";"33";"";"";""
"United States";"USA";"USL League Two";"27-06-2026 21:00";"FT";"Mississippi Brilla";"4";"1";"Jackson Boom";"3";"1";"2";"";"6.5";"";"";"";"";"";"";"";"5.5";"";"8.5";"";"";"3";"";"3.5";"";"8.7";"0";"";"0";"";"";"";""
"United States";"USA";"USL League Two";"27-06-2026 21:00";"FT";"Little Rock Rangers";"3";"1";"Red River";"1";"1";"4";"";"4";"";"";"";"";"";"";"";"15";"";"11.3";"";"";"6";"";"5";"";"8.7";"33";"";"67";"";"";"";""
"United States";"USA";"USL League Two";"27-06-2026 21:00";"FT";"Lubbock Matadors";"1";"2";"Texoma";"0";"0";"2.5";"5";"2";"3.8";"6.6";"34";"34";"16";"8";"19.8";"8.5";"11.7";"10.5";"8.8";"8.1";"4";"5.2";"4";"3";"8.7";"0";"83";"50";"67";"8";"5.3";"5.8"
"United States";"USA";"USL League Two";"27-06-2026 21:00";"FT";"Lonestar";"2";"1";"Houston FC";"0";"1";"";"3.5";"";"3";"";"";"";"";"";"";"";"18";"";"7";"";"";"8";"";"2";"8.7";"";"50";"";"50";"";"";""
"United States";"USA";"USL League Two";"27-06-2026 21:00";"FT";"Hill Country Lobos";"4";"0";"Houston Sur";"3";"0";"";"2";"";"5.2";"";"";"";"";"";"";"";"6.8";"";"21.5";"";"";"3.2";"";"8.8";"8.7";"";"0";"";"0";"";"";""
"United States";"USA";"USL League Two";"27-06-2026 21:00";"POSTPONED";"San Antonio II";"";"";"GFI";"";"";"";"";"";"";"";"";"";"";"";"";"";"";"";"";"";"";"";"";"";"8.7";"";"";"";"";"";"";""
"United States";"USA";"USL League Two";"27-06-2026 21:30";"FT";"West Texas";"5";"5";"Denton Diablos";"1";"2";"3.3";"3.4";"4.3";"2.8";"7";"44";"44";"26";"16";"19.1";"10.7";"11";"8.3";"8.2";"8.4";"5";"4.2";"3";"4.6";"8.7";"67";"20";"33";"40";"8";"6.3";"4.2"
"United States";"USA";"USL League Two";"27-06-2026 22:00";"FT";"Flatirons Rush";"3";"3";"Colorado ISA";"3";"1";"";"";"";"";"";"";"";"";"";"";"";"";"";"";"";"";"";"";"";"8.7";"";"";"";"";"";"";""
"United States";"USA";"USL League Two";"27-06-2026 22:00";"FT";"Almaden";"2";"0";"Project 51O";"0";"0";"2.2";"3.7";"8.2";"4.8";"9.5";"75";"62";"34";"34";"20.2";"7.5";"12.5";"12.2";"8";"9.8";"4.2";"6.7";"4.8";"4";"8.7";"25";"67";"0";"33";"9";"3.6";"5.2"
"United States";"USA";"USL League Two";"27-06-2026 22:00";"FT";"Laredo Heat";"1";"0";"AHFC Royals";"1";"0";"5.3";"3.3";"4";"4.7";"8.6";"67";"33";"16";"16";"28.4";"18.3";"15.7";"11.3";"11.3";"12.2";"9";"7";"4";"4.3";"8.7";"67";"100";"67";"33";"9";"7.4";"6.3"
"United States";"USA";"USL League Two";"27-06-2026 22:30";"FT";"Real Colorado";"1";"3";"Utah United";"1";"1";"";"7.8";"";"2.5";"";"";"";"";"";"";"";"9.5";"";"6";"";"";"4.8";"";"3";"8.7";"";"67";"";"83";"";"";""
"United States";"USA";"USL League Two";"27-06-2026 22:30";"FT";"Midlakes United";"2";"3";"Ballard";"2";"1";"4";"5.5";"4.9";"3.1";"8.8";"66";"54";"54";"34";"16";"6.9";"11.2";"7.6";"6.2";"7.9";"3.6";"6.2";"3.3";"2.6";"8.7";"57";"62";"43";"62";"9";"4.6";"4.7"
"United States";"USA";"USL League Two";"27-06-2026 23:00";"FT";"Redlands";"1";"1";"Stars FC";"0";"1";"3.7";"3.7";"3.7";"4.7";"7.8";"69";"31";"31";"7";"23.3";"12.3";"10";"10.3";"13.9";"12";"6";"5.1";"6";"6.7";"8.7";"67";"14";"33";"14";"8";"6.2";"6.7"
"United States";"USA";"USL League Two";"27-06-2026 23:00";"FT";"Davis Legacy";"2";"2";"San Juan SC";"1";"1";"8";"4.2";"2.1";"5.8";"10";"76";"55";"46";"46";"23.2";"11.3";"12.3";"8.9";"14";"10.4";"4.1";"6";"4.7";"6";"8.7";"71";"33";"100";"17";"10";"7.1";"10.3"
"United States";"USA";"USL League Two";"27-06-2026 23:00";"DELAYED";"Capo II";"0";"0";"So Cal Eagles";"0";"0";"3.8";"6";"6.8";"4";"10.2";"62";"62";"62";"50";"26.5";"12.2";"12";"16.8";"12";"11.4";"5.2";"3";"8";"6.5";"8.7";"25";"50";"0";"100";"9";"6.1";"10.9"
"United States";"USA";"NPSL";"27-06-2026 13:00";"FT";"Burlington United";"3";"4";"Bristol Rhythm";"3";"2";"";"";"";"";"";"";"";"";"";"";"";"";"";"";"";"";"";"";"";"9.2";"";"";"";"";"";"";""
"United States";"USA";"NPSL";"27-06-2026 15:00";"AWAITING_UPDATES";"Sun City";"";"";"Vacaville Elite";"";"";"4.7";"";"3";"";"";"";"";"";"";"";"12";"";"6";"";"";"5";"";"5.5";"";"9.2";"100";"";"67";"";"";"";""
"United States";"USA";"NPSL";"27-06-2026 16:00";"FT";"New Jersey United";"3";"3";"PDA";"0";"1";"4.5";"";"4";"";"";"";"";"";"";"";"5";"";"6";"";"";"1.5";"";"4";"";"9.2";"0";"";"50";"";"";"";""
"United States";"USA";"NPSL";"27-06-2026 18:30";"FT";"Virginia Dream";"0";"1";"Ristozi";"0";"1";"2.2";"4.2";"4.5";"5.8";"8.4";"75";"48";"30";"30";"19.8";"10.6";"7.4";"12.8";"8.8";"9.7";"4.6";"4.6";"5.2";"5";"9.2";"40";"40";"33";"20";"8";"4.2";"2.2"
"United States";"USA";"NPSL";"27-06-2026 19:00";"FT";"SI Guardians";"1";"3";"Milwaukee Torrent";"1";"1";"";"6.5";"";"4";"";"";"";"";"";"";"";"16.2";"";"14";"";"";"8.5";"";"8.2";"9.2";"";"100";"";"50";"";"";""
"United States";"USA";"NPSL";"27-06-2026 19:00";"FT";"Flower City Union";"2";"0";"Buffalo Stallions";"1";"0";"5.3";"";"5.3";"";"";"";"";"";"";"";"11.3";"";"14.3";"";"";"5.3";"";"4";"";"9.2";"33";"";"67";"";"";"";""
"United States";"USA";"NPSL";"27-06-2026 19:00";"AWAITING_UPDATES";"Hershey";"";"";"Philadelphia Ukrainians";"";"";"1";"7.5";"6.5";"4.5";"9.8";"75";"25";"25";"25";"";"";"33";"";"15.5";"";"";"11";"";"9";"9.2";"";"50";"0";"100";"10";"";""
"United States";"USA";"NPSL";"27-06-2026 19:30";"FT";"DMV Elite";"0";"3";"FC Frederick";"0";"2";"6.3";"";"6";"";"";"";"";"";"";"";"9.7";"";"13.3";"";"";"4.7";"";"6.3";"";"9.2";"0";"";"33";"";"";"";""
"United States";"USA";"NPSL";"27-06-2026 19:30";"FT";"District Elite";"1";"2";"Virginia Beach City";"0";"1";"5.2";"3.2";"3.6";"4";"8";"65";"42";"32";"20";"19.2";"10.4";"7.8";"7";"13.2";"9.5";"5.6";"4.5";"4.4";"4.5";"9.2";"60";"75";"80";"25";"9";"5.5";"3.7"
"United States";"USA";"NPSL";"27-06-2026 20:00";"FT";"Ambassadors Ohio";"12";"0";"Niagara 1812";"7";"0";"4.8";"";"5";"";"";"";"";"";"";"";"12.2";"";"17.5";"";"";"4.2";"";"8.5";"";"9.2";"25";"";"50";"";"";"";""
"United States";"USA";"NPSL";"27-06-2026 20:00";"FT";"Santa Cruz FC";"4";"4";"American SC New York";"3";"1";"";"";"";"";"";"";"";"";"";"";"";"";"";"";"";"";"";"";"";"9.2";"";"";"";"";"";"";""
"United States";"USA";"NPSL";"27-06-2026 20:00";"FT";"New York Shockers";"0";"0";"New Haven United";"0";"0";"";"";"";"";"";"";"";"";"";"";"";"";"";"";"";"";"";"";"";"9.2";"";"";"";"";"";"";""
"United States";"USA";"NPSL";"27-06-2026 20:00";"FT";"WC Predators";"1";"3";"Motown";"0";"2";"3.3";"4.3";"4";"2.3";"7";"50";"33";"16";"16";"24.8";"9";"16.7";"15.5";"8.3";"9.6";"5";"5.7";"5";"3.7";"9.2";"0";"100";"33";"33";"8";"3.3";"7.6"
"United States";"USA";"NPSL";"27-06-2026 20:00";"FT";"865 Alliance";"1";"1";"Charlottetowne Hops";"1";"0";"";"";"";"";"";"";"";"";"";"";"";"";"";"";"";"";"";"";"";"9.2";"";"";"";"";"";"";""
"United States";"USA";"NPSL";"27-06-2026 20:00";"FT";"Statesville";"1";"1";"Greenville United";"0";"0";"";"";"";"";"";"";"";"";"";"";"";"";"";"";"";"";"";"";"";"9.2";"";"";"";"";"";"";""
"United States";"USA";"NPSL";"27-06-2026 20:00";"AWAITING_UPDATES";"Wisconsin Conquerors";"";"";"Gio's Lions";"";"";"1.5";"4";"6";"5.2";"8.4";"62";"25";"25";"25";"27.6";"10";"12.3";"20";"13";"14.8";"6.5";"5.7";"11";"6.3";"9.2";"0";"33";"0";"25";"9";"6.2";"5.3"
"United States";"USA";"NPSL";"27-06-2026 20:00";"AWAITING_UPDATES";"Erie Commodores";"";"";"Cleveland SC";"";"";"";"4.5";"";"5.2";"";"";"";"";"";"";"";"15";"";"11.2";"";"";"6";"";"4.5";"9.2";"";"75";"";"25";"";"";""
"United States";"USA";"NPSL";"27-06-2026 20:00";"AWAITING_UPDATES";"Grove Soccer United";"";"";"Alexandria Reds";"";"";"2.5";"4.3";"6";"4.8";"8.8";"42";"42";"42";"42";"24.6";"13";"8.8";"13";"14.4";"9.5";"5";"3.2";"5";"5.8";"9.2";"0";"40";"0";"50";"9";"11.8";"3.4"
"United States";"USA";"NPSL";"27-06-2026 20:30";"FT";"Minnesota Blizzard";"0";"4";"Duluth";"0";"4";"3";"";"4.3";"";"";"";"";"";"";"";"12.3";"";"17";"";"";"3.3";"";"7";"";"9.2";"33";"";"33";"";"";"";""
"United States";"USA";"NPSL";"27-06-2026 20:30";"FT";"Osner’s";"0";"5";"Newport";"0";"4";"4.2";"";"3.8";"";"";"";"";"";"";"";"11.5";"";"12";"";"";"4.8";"";"4.5";"";"9.2";"0";"";"50";"";"";"";""
"United States";"USA";"NPSL";"27-06-2026 21:00";"FT";"Sioux Falls Thunder";"1";"2";"Dakota Fusion";"1";"1";"";"";"";"";"";"";"";"";"";"";"";"";"";"";"";"";"";"";"";"9.2";"";"";"";"";"";"";""
"United States";"USA";"NPSL";"27-06-2026 21:30";"FT";"Oakland Stompers";"6";"3";"Real San Jose";"4";"1";"2.7";"1.8";"3.7";"5";"6.6";"12";"12";"12";"0";"22.2";"10";"5.7";"10.5";"18.3";"8.5";"4.5";"1.3";"2.5";"8.7";"9.2";"0";"67";"33";"25";"8";"2.8";"9.5"
"United States";"USA";"WPSL";"27-06-2026 14:00";"AWAITING_UPDATES";"Erie W";"";"";"Rochester New York W";"";"";"";"";"";"";"";"";"";"";"";"";"";"";"";"";"";"";"";"";"";"8.7";"";"";"";"";"";"";""
"United States";"USA";"WPSL";"27-06-2026 15:00";"AWAITING_UPDATES";"New York Dutch Lions W";"";"";"Brooklyn City W";"";"";"5.3";"3";"7";"5.3";"10.3";"84";"67";"67";"34";"22.7";"5.7";"11";"16";"12.7";"11.4";"2.7";"5.7";"8";"6.3";"8.7";"0";"33";"33";"33";"10";"7.1";"5.5"
"United States";"USA";"WPSL";"27-06-2026 15:00";"AWAITING_UPDATES";"Gulf Coast United W";"";"";"Union 10 W";"";"";"";"";"";"";"";"";"";"";"";"";"";"";"";"";"";"";"";"";"";"8.7";"";"";"";"";"";"";""
"United States";"USA";"WPSL";"27-06-2026 16:00";"AWAITING_UPDATES";"STA W";"";"";"SUSA W";"";"";"7.7";"";"3.7";"";"";"";"";"";"";"";"16.7";"";"10.3";"";"";"4.7";"";"6.7";"";"8.7";"33";"";"67";"";"";"";""
"United States";"USA";"WPSL";"27-06-2026 16:00";"AWAITING_UPDATES";"Clarkstown W";"";"";"New York Athletic W";"";"";"5";"6";"3.5";"4.8";"9.6";"66";"58";"58";"25";"30.8";"22.5";"14.3";"10.5";"14.2";"15";"11";"6.7";"6.5";"5.8";"8.7";"100";"67";"100";"67";"10";"7.3";"6"
"United States";"USA";"WPSL";"27-06-2026 17:00";"AWARDED";"Little Rock Rangers W";"";"";"Baton Rouge United W";"";"";"6";"2.3";"1.5";"5.7";"7.8";"42";"16";"16";"0";"40";"31.5";"11";"7.5";"30";"18.9";"13";"5.3";"4.5";"15";"8.7";"50";"0";"100";"0";"8";"7.5";"11"
"United States";"USA";"WPSL";"27-06-2026 17:00";"AWAITING_UPDATES";"Chicago KICS W";"";"";"Green Bay Glory W";"";"";"2";"4.3";"4.5";"4.7";"7.8";"75";"34";"16";"0";"32.5";"9";"11.3";"21";"23.7";"16.6";"5";"5.7";"9.5";"13";"8.7";"50";"67";"0";"67";"8";"5";"8.7"
"United States";"USA";"WPSL";"27-06-2026 17:00";"AWAITING_UPDATES";"Missouri Rush W";"";"";"FC Pride W";"";"";"";"6.2";"";"3.4";"";"";"";"";"";"";"";"19";"";"9.6";"";"";"9.6";"";"5.4";"8.7";"";"60";"";"60";"";"";""
"United States";"USA";"WPSL";"27-06-2026 17:00";"AWAITING_UPDATES";"Arlington Red W";"";"";"Alexandria Reds W";"";"";"3.4";"2";"5";"4.2";"7.3";"55";"55";"32";"10";"31.1";"14";"13.8";"13";"21.5";"16.4";"7.8";"6.8";"6.8";"11.5";"8.7";"20";"75";"20";"25";"8";"6.7";"11.5"
"United States";"USA";"WPSL";"27-06-2026 17:00";"AWAITING_UPDATES";"Valdosta W";"";"";"Pensacola W";"";"";"";"";"";"";"";"";"";"";"";"";"";"";"";"";"";"";"";"";"";"8.7";"";"";"";"";"";"";""
"United States";"USA";"WPSL";"27-06-2026 18:00";"AWAITING_UPDATES";"Chicago House W";"";"";"Milwaukee Bavarian W";"";"";"4";"6.2";"4";"2.6";"8.4";"90";"20";"20";"10";"29.6";"14.5";"23";"11.5";"10.2";"16";"8.5";"10.8";"8";"4.8";"8.7";"50";"60";"50";"100";"9";"5.4";"5.5"
"United States";"USA";"WPSL";"27-06-2026 19:00";"FT";"Rhode Island Rogues W";"6";"0";"Albany Rush W";"0";"0";"6";"";"4";"";"";"";"";"";"";"";"21.2";"";"9.5";"";"";"11.8";"";"4.8";"";"8.7";"75";"";"50";"";"";"";""
"United States";"USA";"WPSL";"27-06-2026 19:00";"AWAITING_UPDATES";"Columbus Eagles W";"";"";"Corktown W";"";"";"";"";"";"";"";"";"";"";"";"";"";"";"";"";"";"";"";"";"";"8.7";"";"";"";"";"";"";""
"United States";"USA";"WPSL";"27-06-2026 19:00";"AWAITING_UPDATES";"Vermont Wild W";"";"";"Inter CT FC W";"";"";"";"0.5";"";"9";"";"";"";"";"";"";"";"3";"";"30.5";"";"";"1";"";"17.5";"8.7";"";"0";"";"0";"";"";""
"United States";"USA";"WPSL";"27-06-2026 19:00";"AWAITING_UPDATES";"North Carolina W";"";"";"WFC Charlotte W";"";"";"";"";"";"";"";"";"";"";"";"";"";"";"";"";"";"";"";"";"";"8.7";"";"";"";"";"";"";""
"United States";"USA";"WPSL";"27-06-2026 19:00";"AWAITING_UPDATES";"UFA Gunners W";"";"";"Chattanooga W";"";"";"";"";"";"";"";"";"";"";"";"";"";"";"";"";"";"";"";"";"";"8.7";"";"";"";"";"";"";""
"United States";"USA";"WPSL";"27-06-2026 20:00";"FT";"Vale W";"1";"1";"Middletown Sporting CT W";"0";"0";"3.7";"4.7";"5.3";"3.3";"8.5";"66";"66";"16";"0";"32";"13.7";"18.3";"21.7";"10.3";"18.2";"8";"9.3";"13.3";"5.7";"8.7";"0";"100";"33";"67";"9";"13.7";"5.5"
"United States";"USA";"WPSL";"27-06-2026 20:00";"AWAITING_UPDATES";"SJEB W";"";"";"Real Central NJ W";"";"";"4.8";"";"4.2";"";"";"";"";"";"";"";"19.2";"";"13.4";"";"";"11";"";"5.6";"";"8.7";"40";"";"60";"";"";"";""
"United States";"USA";"WPSL";"27-06-2026 20:00";"AWAITING_UPDATES";"Junction W";"";"";"Missouri Reign W";"";"";"4";"1";"3";"6.2";"7.1";"42";"29";"29";"16";"23.2";"9.3";"5.8";"11.3";"20";"12.5";"5.3";"3.2";"5.7";"10.8";"8.7";"67";"0";"67";"0";"8";"5.5";"8.3"
"United States";"USA";"WPSL";"27-06-2026 20:00";"AWAITING_UPDATES";"Napa Valley 1839 W";"";"";"Nevada W";"";"";"4";"";"7.3";"";"";"";"";"";"";"";"11.7";"";"24";"";"";"5.7";"";"13";"";"8.7";"67";"";"33";"";"";"";""
"United States";"USA";"WPSL";"27-06-2026 20:00";"AWAITING_UPDATES";"LA Krewe Rush W";"";"";"Shreveport United W";"";"";"3.5";"";"4";"";"";"";"";"";"";"";"16";"";"15";"";"";"9.5";"";"7";"";"8.7";"100";"";"50";"";"";"";""
"United States";"USA";"WPSL";"27-06-2026 20:00";"AWAITING_UPDATES";"Carolina W";"";"";"Soda City W";"";"";"3";"";"2.5";"";"";"";"";"";"";"";"3";"";"7";"";"";"0.5";"";"3.5";"";"8.7";"";"";"50";"";"";"";""
"United States";"USA";"WPSL";"27-06-2026 20:00";"AWAITING_UPDATES";"Decatur W";"";"";"Georgia Impact W";"";"";"";"";"";"";"";"";"";"";"";"";"";"";"";"";"";"";"";"";"";"8.7";"";"";"";"";"";"";""
"United States";"USA";"WPSL";"27-06-2026 20:00";"AWAITING_UPDATES";"Arlington VA W";"";"";"District Elite W";"";"";"";"3.5";"";"3";"";"";"";"";"";"";"";"14.5";"";"18.5";"";"";"6.5";"";"8.5";"8.7";"";"0";"";"50";"";"";""
"United States";"USA";"WPSL";"27-06-2026 20:00";"AWAITING_UPDATES";"Bay City Reign W";"";"";"Kings Hammer Swan City W";"";"";"";"";"";"";"";"";"";"";"";"";"";"";"";"";"";"";"";"";"";"";"";"";"";"";"";"";""
"United States";"USA";"WPSL";"27-06-2026 20:30";"AWAITING_UPDATES";"Monmouth W";"";"";"Love City W";"";"";"4";"";"11";"";"";"";"";"";"";"";"19.5";"";"24";"";"";"11";"";"10.5";"";"8.7";"0";"";"0";"";"";"";""
"United States";"USA";"WPSL";"27-06-2026 21:00";"FT";"Joy W";"1";"1";"St. Croix W";"0";"1";"2.7";"4.2";"5.3";"4.2";"8.2";"42";"42";"21";"21";"26.4";"8.3";"18.2";"18.3";"8";"14";"5.2";"8.8";"9.3";"4.8";"8.7";"0";"75";"0";"75";"9";"16.6";"7.9"
"United States";"USA";"WPSL";"27-06-2026 21:00";"DELAYED";"Spokane SC Shadow W";"0";"0";"Portland Thorns II W";"0";"0";"";"";"";"";"";"";"";"";"";"";"";"";"";"";"";"";"";"";"";"8.7";"";"";"";"";"";"";""
"United States";"USA";"WPSL";"27-06-2026 21:00";"AWAITING_UPDATES";"Wichita W";"";"";"Kansas City Current II W";"";"";"3";"7";"7.3";"2.5";"9.9";"84";"84";"58";"16";"28";"7.7";"17.5";"22.3";"8.5";"13";"3.3";"10";"8.7";"4";"8.7";"50";"100";"33";"100";"10";"11";"4.9"
"United States";"USA";"WPSL";"27-06-2026 21:00";"AWAITING_UPDATES";"Oklahoma City W";"";"";"Kansas City SG W";"";"";"6.4";"1.5";"3";"6";"8.4";"75";"65";"55";"0";"24.6";"19";"12";"7.2";"11";"11";"7.6";"6.5";"2.8";"5";"8.7";"75";"0";"80";"0";"8";"11.9";"5.2"
"United States";"USA";"WPSL";"27-06-2026 21:00";"AWAITING_UPDATES";"SouthStar W";"";"";"Austin Rise W";"";"";"";"1";"";"4.5";"";"";"";"";"";"";"";"21";"";"12.5";"";"";"11";"";"7.5";"8.7";"";"50";"";"0";"";"";""
"United States";"USA";"WPSL";"27-06-2026 21:00";"AWAITING_UPDATES";"Westside Timbers W";"";"";"Vancouver Victory W";"";"";"";"";"";"";"";"";"";"";"";"";"";"";"";"";"";"";"";"";"";"8.7";"";"";"";"";"";"";""
"United States";"USA";"WPSL";"27-06-2026 22:00";"AWAITING_UPDATES";"El Paso Surf W";"";"";"SC del Sol W";"";"";"";"";"";"";"";"";"";"";"";"";"";"";"";"";"";"";"";"";"";"8.7";"";"";"";"";"";"";""
"United States";"USA";"WPSL";"27-06-2026 22:00";"AWAITING_UPDATES";"Future W";"";"";"Rebels Chula Vista W";"";"";"";"2";"";"3.3";"";"";"";"";"";"";"";"13.7";"";"16.8";"";"";"6";"";"7.7";"8.7";"";"33";"";"17";"";"";""
"United States";"USA";"WPSL";"27-06-2026 23:00";"FT";"Tucson W";"3";"0";"Royals AZ W";"1";"0";"5.5";"";"4.2";"";"";"";"";"";"";"";"18.8";"";"12.8";"";"";"9";"";"6.8";"";"8.7";"67";"";"50";"";"";"";""
"United States";"USA";"WPSL";"27-06-2026 23:00";"AWAITING_UPDATES";"Fresno Freeze W";"";"";"Fuego W";"";"";"";"";"";"";"";"";"";"";"";"";"";"";"";"";"";"";"";"";"";"8.7";"";"";"";"";"";"";""
"United States";"USA";"WPSL";"27-06-2026 23:00";"AWAITING_UPDATES";"Desert Dreams W";"";"";"Arizona Arsenal W";"";"";"";"4";"";"5";"";"";"";"";"";"";"";"13";"";"18.5";"";"";"7";"";"6.5";"8.7";"";"50";"";"50";"";"";""
"United States";"USA";"WPSL";"27-06-2026 23:00";"AWAITING_UPDATES";"So Cal Eagles W";"";"";"Beach W";"";"";"4.5";"3.7";"1.5";"2.2";"5.9";"34";"0";"0";"0";"17.2";"7";"14.5";"5";"8";"4.6";"0.5";"4.3";"1";"3.3";"8.7";"";"83";"100";"50";"7";"4.7";"6"
"United States";"USA";"WPSL";"27-06-2026 23:30";"AWAITING_UPDATES";"Iron Rose W";"";"";"Yuba W";"";"";"3.7";"";"4.3";"";"";"";"";"";"";"";"11";"";"12.7";"";"";"5.7";"";"6";"";"8.7";"33";"";"33";"";"";"";""
"United States";"USA";"MLS Next Pro";"27-06-2026 17:00";"FT";"Portland Timbers II";"2";"3";"San Jose Earthquakes II";"1";"1";"5.9";"4.1";"4.7";"6.8";"10.8";"85";"80";"70";"35";"27.4";"15.7";"13.4";"11";"14.6";"10.1";"5.7";"5.2";"4.5";"4.8";"9.7";"50";"30";"60";"10";"11";"6.4";"4.2"
"United States";"USA";"MLS Next Pro";"27-06-2026 20:00";"FT";"Chattanooga";"2";"2";"Chicago Fire II";"1";"0";"5";"5";"4.6";"4.8";"9.7";"70";"65";"65";"50";"24.2";"12.9";"11.9";"12.8";"10.8";"8.7";"4.8";"3.9";"4.6";"4.1";"9.7";"70";"60";"50";"50";"10";"5.8";"5.8"
"United States";"USA";"MLS Next Pro";"27-06-2026 20:00";"FT";"Atlanta United II";"3";"3";"Crown Legacy";"2";"2";"5.1";"6.7";"3.8";"4.1";"9.9";"70";"65";"65";"35";"27.6";"17.8";"14.5";"12.1";"10.7";"10.2";"6.9";"4.7";"4.6";"4.1";"9.7";"50";"70";"60";"50";"10";"6";"4.9"
"United States";"USA";"MLS Next Pro";"27-06-2026 21:00";"FT";"Colorado Rapids II";"1";"0";"Whitecaps FC II";"0";"0";"3.7";"5.8";"4.6";"3.8";"9";"65";"65";"55";"30";"25.4";"10.9";"13.1";"14.2";"12.5";"9.6";"4.2";"4.5";"5.5";"4.9";"9.7";"30";"70";"30";"70";"9";"15.3";"8.6"
"United States";"USA";"MLS Next Pro";"27-06-2026 23:00";"FT";"Ventura County";"3";"1";"Real Monarchs";"0";"1";"4";"4.4";"5.1";"3.7";"8.6";"50";"50";"50";"30";"27.3";"13.4";"14.4";"15";"11.8";"11.1";"5.1";"5.7";"6.5";"4.9";"9.7";"80";"70";"50";"40";"9";"6.1";"8.3"
"United States";"USA";"USL W League";"27-06-2026 15:00";"FT";"Rochester W";"1";"3";"Rockford Raptors W";"1";"1";"3";"2.7";"4.7";"4.7";"7.5";"33";"33";"33";"33";"33.8";"9.5";"17.7";"25";"15.3";"17.6";"5";"8";"14.5";"7.7";"8";"33";"33";"33";"0";"8";"23.8";"11.8"
"United States";"USA";"USL W League";"27-06-2026 15:00";"FT";"New Jersey Copa W";"3";"2";"Morris Elite W";"0";"2";"8.5";"2";"4.5";"4.5";"9.8";"75";"50";"50";"50";"32.2";"20";"19";"14";"11.5";"15.8";"7.5";"11";"7";"6";"8";"100";"50";"100";"50";"9";"16.7";"5"
"United States";"USA";"USL W League";"27-06-2026 16:00";"POSTPONED";"Port City NC W";"";"";"United Bantams W";"";"";"";"";"";"";"";"";"";"";"";"";"";"";"";"";"";"";"";"";"";"8";"";"";"";"";"";"";""
"United States";"USA";"USL W League";"27-06-2026 18:00";"FT";"Erie Sports Center W";"3";"3";"Flower City 1872 W";"1";"2";"";"";"";"";"";"";"";"";"";"";"";"";"";"";"";"";"";"";"";"8";"";"";"";"";"";"";""
"United States";"USA";"USL W League";"27-06-2026 18:00";"FT";"Cleveland Force W";"4";"1";"Buffalo W";"3";"1";"";"";"";"";"";"";"";"";"";"";"";"";"";"";"";"";"";"";"";"8";"";"";"";"";"";"";""
"United States";"USA";"USL W League";"27-06-2026 18:00";"FT";"Annapolis Blues W";"4";"0";"Virginia Atlantic W";"3";"0";"6.5";"";"2";"";"";"";"";"";"";"";"11";"";"6.5";"";"";"3.5";"";"2";"";"8";"50";"";"100";"";"";"";""
"United States";"USA";"USL W League";"27-06-2026 19:00";"FT";"Flatirons II W";"1";"1";"Colorado ISA W";"1";"1";"";"";"";"";"";"";"";"";"";"";"";"";"";"";"";"";"";"";"";"8";"";"";"";"";"";"";""
"United States";"USA";"USL W League";"27-06-2026 19:00";"FT";"NC Courage II W";"0";"4";"Charlotte Eagles II W";"0";"1";"7.5";"";"1";"";"";"";"";"";"";"";"22";"";"4";"";"";"9";"";"2.5";"";"8";"100";"";"100";"";"";"";""
"United States";"USA";"USL W League";"27-06-2026 19:00";"FT";"New England Mutiny W";"0";"3";"Vermont Green W";"0";"2";"6.7";"";"4.3";"";"";"";"";"";"";"";"22.3";"";"12.7";"";"";"11.3";"";"6.3";"";"8";"33";"";"67";"";"";"";""
"United States";"USA";"USL W League";"27-06-2026 19:00";"AWAITING_UPDATES";"Racing Louisville II W";"";"";"Toledo Villa W";"";"";"";"";"";"";"";"";"";"";"";"";"";"";"";"";"";"";"";"";"";"8";"";"";"";"";"";"";""
"United States";"USA";"USL W League";"27-06-2026 19:30";"FT";"Real Colorado Foxes W";"3";"0";"Utah United W";"1";"0";"";"4.2";"";"4.5";"";"";"";"";"";"";"";"8.3";"";"16.3";"";"";"3";"";"7";"8";"";"33";"";"50";"";"";""
"United States";"USA";"USL W League";"27-06-2026 20:00";"FT";"Carolina Ascent II W";"2";"2";"United Bantams W";"1";"1";"";"";"";"";"";"";"";"";"";"";"";"";"";"";"";"";"";"";"";"8";"";"";"";"";"";"";""
"United States";"USA";"USL W League";"27-06-2026 20:00";"FT";"TLH Reckoning W";"2";"0";"Fort Lauderdale Utd II W";"0";"0";"5";"3.6";"2.3";"1.6";"6.2";"34";"16";"0";"0";"20";"8.7";"15.2";"8";"8";"11.1";"3.7";"8.8";"4.3";"5.5";"8";"67";"75";"67";"80";"7";"5.8";"7.2"
"United States";"USA";"USL W League";"27-06-2026 20:00";"FT";"Detroit City W";"1";"3";"Union Macomb W";"0";"2";"";"";"";"";"";"";"";"";"";"";"";"";"";"";"";"";"";"";"";"8";"";"";"";"";"";"";""
"United States";"USA";"USL W League";"27-06-2026 20:00";"FT";"Pittsburgh Riveters W";"5";"0";"Steel City W";"2";"0";"";"";"";"";"";"";"";"";"";"";"";"";"";"";"";"";"";"";"";"8";"";"";"";"";"";"";""
"United States";"USA";"USL W League";"27-06-2026 20:00";"FT";"Challenge W";"5";"2";"Hill Country Linces W";"4";"2";"2.5";"";"2.5";"";"";"";"";"";"";"";"12.5";"";"17.5";"";"";"5";"";"7";"";"8";"100";"";"0";"";"";"";""
"United States";"USA";"USL W League";"27-06-2026 20:00";"FT";"Virginia Beach United W";"1";"3";"Virginia DA W";"0";"3";"2.5";"";"3.8";"";"";"";"";"";"";"";"7";"";"8.5";"";"";"3";"";"4.2";"";"8";"25";"";"25";"";"";"";""
"United States";"USA";"USL W League";"27-06-2026 20:00";"FT";"Richmond W";"3";"0";"Charlottesville Blues W";"1";"0";"";"";"";"";"";"";"";"";"";"";"";"";"";"";"";"";"";"";"";"8";"";"";"";"";"";"";""
"United States";"USA";"USL W League";"27-06-2026 22:00";"FT";"Sta Clarita Blue Heat W";"7";"0";"AMSG W";"5";"0";"6.5";"";"2.5";"";"";"";"";"";"";"";"17";"";"5.5";"";"";"7.5";"";"3.5";"";"8";"100";"";"100";"";"";"";""
"United States";"USA";"USL W League";"27-06-2026 23:00";"FT";"Los Angeles SC W";"1";"0";"Oceanside Dutch Lions W";"";"";"";"2";"";"6";"";"";"";"";"";"";"";"3.8";"";"25.4";"";"";"2.6";"";"11.4";"8";"";"20";"";"17";"";"";""
"United States";"USA";"USL W League";"27-06-2026 23:00";"FT";"Stockton Cargo W";"3";"2";"Marin FC Alliance W";"2";"0";"7";"2";"5.5";"4.7";"9.6";"66";"66";"66";"25";"25.5";"9";"7.3";"16";"18.7";"14.2";"6";"4.3";"7";"11";"8";"50";"0";"50";"0";"9";"6.9";"6.6"
"United States";"USA";"USL W League";"27-06-2026 23:00";"FT";"Monterey Bay W";"3";"2";"Pleasanton Rage W";"2";"1";"";"4.3";"";"5.3";"";"";"";"";"";"";"";"17.3";"";"9.7";"";"";"9.7";"";"6.3";"8";"";"67";"";"33";"";"";""
"United States";"USA";"USL W League";"27-06-2026 23:00";"AWAITING_UPDATES";"San Juan SC W";"";"";"California Storm II W";"";"";"";"";"";"";"";"";"";"";"";"";"";"";"";"";"";"";"";"";"";"8";"";"";"";"";"";"";""
"United States";"USA";"UWS";"27-06-2026 15:00";"AWAITING_UPDATES";"Worcester Wanderers W";"";"";"Maine Mystics W";"";"";"";"";"";"";"";"";"";"";"";"";"";"";"";"";"";"";"";"";"";"0";"";"";"";"";"";"";""
"United States";"USA";"UWS";"27-06-2026 17:00";"AWAITING_UPDATES";"Maine Footy W";"";"";"Connecticut Legends W";"";"";"";"";"";"";"";"";"";"";"";"";"";"";"";"";"";"";"";"";"";"0";"";"";"";"";"";"";""
"United States";"USA";"UWS";"27-06-2026 18:00";"AWAITING_UPDATES";"Midland Fusion W";"";"";"Tulip City United W";"";"";"";"";"";"";"";"";"";"";"";"";"";"";"";"";"";"";"";"";"";"0";"";"";"";"";"";"";""
"United States";"USA";"UWS";"27-06-2026 18:00";"AWAITING_UPDATES";"MSI Soccer W";"";"";"Baltimore Blast W";"";"";"";"";"";"";"";"";"";"";"";"";"";"";"";"";"";"";"";"";"";"0";"";"";"";"";"";"";""
"United States";"USA";"UWS";"27-06-2026 20:00";"AWAITING_UPDATES";"Racing Power W";"";"";"Lancaster W";"";"";"";"";"";"";"";"";"";"";"";"";"";"";"";"";"";"";"";"";"";"0";"";"";"";"";"";"";""
"United States";"USA";"UWS";"27-06-2026 21:00";"AWAITING_UPDATES";"Berber City W";"";"";"Crystal Lake Force W";"";"";"";"";"";"";"";"";"";"";"";"";"";"";"";"";"";"";"";"";"";"0";"";"";"";"";"";"";""
"United States";"USA";"UWS";"27-06-2026 23:00";"AWAITING_UPDATES";"SoCal W";"";"";"United City II";"";"";"";"";"";"";"";"";"";"";"";"";"";"";"";"";"";"";"";"";"";"0";"";"";"";"";"";"";""
"Vietnam";"VIE";"U21 Championship";"27-06-2026 06:00";"AWAITING_UPDATES";"SLNA U21";"";"";"Thanh Hóa U21";"";"";"6.6";"5.5";"3.4";"2.8";"9.2";"64";"64";"46";"38";"18.4";"9.8";"16";"5.6";"5.3";"8.6";"5.2";"7.4";"2";"2.6";"";"25";"0";"80";"67";"";"5.8";"5.9"
"Vietnam";"VIE";"U21 Championship";"27-06-2026 06:00";"AWAITING_UPDATES";"Phù Đổng U21";"";"";"PVF-CAND U21";"";"";"";"4.2";"";"7";"";"";"";"";"";"";"";"10";"";"8.8";"";"";"5.2";"";"4";"";"";"20";"";"17";"";"";""
"Yemen";"YEM";"Yemeni League";"27-06-2026 10:00";"FT";"Salam Al Gharfa FC";"0";"2";"Ahli Sana'a FC";"0";"0";"";"1.6";"";"6.4";"";"";"";"";"";"";"";"5.2";"";"9.8";"";"";"2";"";"5";"0";"";"20";"";"0";"";"";""
"Yemen";"YEM";"Yemeni League";"27-06-2026 10:00";"FT";"Alsadd FC";"1";"0";"Ittihad FC IBB";"0";"0";"";"";"";"";"";"";"";"";"";"";"";"";"";"";"";"";"";"";"";"0";"";"";"";"";"";"";""
"Yemen";"YEM";"Yemeni League";"27-06-2026 10:00";"FT";"Al Orouba FC";"1";"0";"Ittihad Hadramout FC";"1";"0";"";"";"";"";"";"";"";"";"";"";"";"";"";"";"";"";"";"";"";"0";"";"";"";"";"";"";""
"Zimbabwe";"ZIM";"Premier Soccer League";"27-06-2026 10:00";"FT";"CAPS United";"2";"2";"Triangle United";"1";"2";"3";"2.7";"1.9";"2.7";"5.1";"0";"0";"0";"0";"15.2";"9";"5.3";"5.5";"10.7";"4.7";"2.1";"1.7";"1";"4.7";"7.3";"50";"67";"62";"33";"7";"10";"8.8"
"Zimbabwe";"ZIM";"Premier Soccer League";"27-06-2026 10:00";"FT";"MWOS";"1";"2";"Highlanders";"0";"1";"4.8";"5";"3.5";"2.3";"7.8";"42";"42";"21";"21";"14.5";"12.2";"6";"6.5";"4.2";"3.8";"3.8";"1.2";"2.2";"0.3";"7.3";"75";"83";"75";"67";"8";"13.6";"6.7"
"Zimbabwe";"ZIM";"Premier Soccer League";"27-06-2026 10:00";"FT";"Platinum";"1";"1";"Hunters";"1";"0";"";"3.3";"";"3.8";"";"";"";"";"";"";"";"8.8";"";"8.5";"";"";"2.5";"";"2.7";"7.3";"";"67";"";"50";"";"";""
"Zimbabwe";"ZIM";"Premier Soccer League";"27-06-2026 10:00";"FT";"Kariba";"1";"1";"Ngezi Platinum";"0";"0";"2";"4.7";"4";"5.3";"8";"34";"34";"34";"34";"18.8";"7";"6";"18.5";"6";"5.9";"3";"1";"6.5";"1.3";"7.3";"0";"33";"0";"33";"8";"11.7";"5.5"
"Zimbabwe";"ZIM";"Premier Soccer League";"27-06-2026 10:00";"FT";"Chicken Inn";"0";"2";"Hardrock";"0";"0";"3.7";"4.5";"4.7";"2.5";"7.6";"34";"16";"8";"8";"12.5";"4.2";"7";"7.8";"6";"2.6";"1";"1.5";"1.3";"1.5";"7.3";"17";"50";"50";"50";"7";"8.4";"3.7"
"Zimbabwe";"ZIM";"Premier Soccer League";"27-06-2026 10:00";"FT";"Simba Bhora";"1";"2";"TelOne";"0";"1";"3.3";"3";"3";"4.7";"7";"33";"33";"33";"33";"22";"13";"8";"11.3";"11.7";"5.4";"2";"2";"2.7";"4";"7.3";"67";"33";"33";"33";"7";"10.8";"10"
"Argentina";"ARG";"Primera Division Women";"27-06-2026 11:00";"FT";"SAT W";"0";"2";"Lanús W";"0";"2";"3.1";"3.2";"3.4";"5.3";"7.5";"55";"25";"20";"15";"18.2";"9";"7.5";"9.4";"10.5";"8.6";"3.5";"3.1";"5";"5.6";"7.9";"60";"30";"30";"20";"8";"6.4";"15"
"Argentina";"ARG";"Primera Division Women";"27-06-2026 15:00";"FT";"Banfield W";"2";"2";"Gimnasia La Plata W";"1";"0";"4.6";"3.3";"3.5";"3.2";"7.3";"50";"25";"15";"15";"18.6";"11.7";"8.5";"8.2";"8.9";"8.6";"5.3";"4.2";"3.3";"4.5";"7.9";"90";"50";"50";"40";"7";"10.6";"5.7"
"Australia";"AUS";"Western Australia NPL Women";"27-06-2026 02:00";"FT";"West NTC W";"1";"0";"UWA Nedlands W";"0";"0";"4.6";"2.8";"5.8";"7.1";"10.2";"79";"74";"58";"36";"18";"8.2";"7.2";"8.1";"12.4";"7.6";"3.8";"2.4";"3.3";"5.8";"9.1";"60";"22";"30";"11";"9";"4.6";"18"
"Australia";"AUS";"Capital Territory NPL Women";"27-06-2026 02:00";"FT";"Tuggeranong United W";"0";"1";"Canberra Olympic W";"0";"0";"2.6";"5.6";"5.6";"3.3";"8.6";"53";"47";"34";"29";"20.6";"10.8";"11";"10.8";"8.5";"11";"5.8";"5.4";"5.8";"5";"9.4";"40";"50";"25";"56";"8";"18";"6.1"
"Australia";"AUS";"Queensland NPL Women";"27-06-2026 04:00";"FT";"Gold Coast Knights W";"1";"1";"Sunshine Coast Wanderers W";"0";"1";"6.4";"3.6";"2.1";"4.6";"8.4";"50";"38";"38";"32";"22.5";"22.3";"7.9";"4.7";"10.1";"10.9";"11";"4";"1.8";"5";"9";"86";"14";"100";"25";"7";"7";"5.6"
"Australia";"AUS";"South Australia NPL Women";"27-06-2026 02:45";"FT";"Salisbury Inter W";"2";"1";"Adelaide University W";"1";"1";"5.4";"2";"3.8";"4.8";"8";"44";"25";"19";"19";"20.6";"13.4";"7.5";"7.5";"12.9";"10";"7.1";"3.4";"2.8";"6.6";"7.7";"43";"12";"62";"25";"8";"3.9";"6"
"Australia";"AUS";"South Australia NPL Women";"27-06-2026 04:30";"FT";"Campbelltown City W";"1";"0";"West Adelaide W";"0";"0";"6";"5.9";"1.6";"2.3";"7.8";"54";"40";"34";"13";"21.9";"12.8";"18";"7.9";"5.2";"12.4";"7.9";"10.2";"4.1";"2.7";"7.7";"88";"67";"88";"71";"8";"6.9";"3.7"
"Australia";"AUS";"South Australia NPL Women";"27-06-2026 04:30";"FT";"MetroStars";"5";"4";"Modbury Vista W";"2";"1";"3.1";"4";"5.7";"4.1";"8.4";"56";"42";"36";"18";"23";"8";"10";"14.6";"13.3";"11.8";"3.5";"4.9";"7.8";"7.6";"7.7";"25";"29";"33";"29";"8";"11.4";"5.3"
"Australia";"AUS";"Victoria NPL Women";"27-06-2026 02:00";"FT";"Melbourne City II";"1";"6";"Avondale W";"0";"3";"5.1";"4.5";"6.4";"3.7";"9.9";"75";"64";"60";"38";"22.4";"5.1";"11.3";"18";"10.4";"12.8";"2.5";"6.3";"11.2";"5.4";"9";"22";"40";"33";"40";"9";"3.6";"7.1"
"Australia";"AUS";"Victoria NPL Women";"27-06-2026 02:00";"FT";"Keilor ParkW";"2";"1";"Melbourne Victory II";"0";"0";"2.6";"5.3";"5.9";"3";"8.4";"59";"42";"24";"24";"21.5";"4.8";"13.7";"14.4";"10.2";"9.8";"2.8";"5.8";"6.8";"4.3";"9";"50";"100";"25";"56";"8";"4.8";"7.6"
"Australia";"AUS";"Victoria NPL Women";"27-06-2026 02:00";"FT";"Essendon Royals W";"1";"2";"Bulleen Lions W";"0";"1";"7.3";"4.1";"3.3";"3.6";"9.2";"66";"50";"50";"28";"23.4";"16.1";"13.9";"8.2";"8.6";"12.2";"9.9";"6.3";"3.8";"4.4";"9";"62";"44";"78";"67";"9";"5";"7"
"Australia";"AUS";"Victoria NPL Women";"27-06-2026 02:30";"FT";"South Melbourne W";"2";"2";"Box Hill United W";"1";"1";"6.8";"4.1";"1.9";"3.9";"8.3";"47";"47";"41";"24";"22.5";"18.8";"11.6";"6.1";"8.6";"12.1";"10.5";"5.4";"4.5";"3.8";"9";"75";"67";"75";"56";"9";"6.5";"5.3"
"Australia";"AUS";"Victoria NPL Women";"27-06-2026 03:15";"FT";"Heidelberg United W";"1";"3";"Boroondara Eagles W";"0";"1";"4.1";"4.6";"5.8";"4.2";"9.4";"66";"47";"42";"36";"22.8";"9.8";"12.7";"12.9";"10.3";"10.9";"4";"6.6";"5.9";"5.3";"9";"38";"56";"12";"44";"9";"3.6";"7.5"
"Australia";"AUS";"New South Wales NPL Women";"27-06-2026 02:00";"FT";"NWS Spirit W";"2";"1";"Northern Tigers W";"0";"1";"3.3";"3";"7";"3.7";"8.5";"60";"35";"30";"20";"23.6";"9.2";"9.5";"16.5";"12";"12.2";"5";"5.1";"8.6";"5.8";"8.6";"50";"30";"20";"50";"9";"5.7";"5.3"
"Australia";"AUS";"Tasmania Women's Super League";"27-06-2026 03:45";"FT";"Riverside Olympic W";"0";"6";"Launceston United W";"0";"1";"2.2";"6.7";"8.5";"5.3";"11.4";"94";"87";"73";"60";"20.1";"2.4";"13.3";"14.4";"10.1";"11.8";"1.6";"7";"8.8";"6.1";"10.3";"20";"29";"12";"71";"11";"4";"5.3"
"Australia";"AUS";"Tasmania Women's Super League";"27-06-2026 03:45";"FT";"Taroona W";"0";"2";"Glenorchy Knights W";"0";"2";"2.1";"6.6";"6";"3.8";"9.2";"84";"60";"42";"42";"20.8";"8.2";"14";"11.6";"7.7";"11.9";"5.3";"7.6";"6.4";"4.4";"10.3";"33";"71";"11";"62";"10";"5.5";"4"
"Australia";"AUS";"QLD FQPL 1 Women";"27-06-2026 06:00";"DELAYED";"Grange Thistle W";"";"";"Logan Lightning W";"";"";"5";"3";"5.1";"3.2";"8.2";"58";"58";"40";"28";"26.2";"12.7";"10.8";"14.6";"14.4";"14.4";"6.8";"5.8";"8.7";"7.8";"9.5";"44";"50";"33";"50";"8";"8.5";"7.2"
"Australia";"AUS";"Northern NSW NPL Women";"27-06-2026 03:30";"FT";"New Lambton W";"2";"1";"Maitland W";"1";"0";"4.9";"5.6";"3.7";"1.7";"7.9";"58";"47";"36";"26";"20.6";"12.6";"16.9";"7.7";"3.9";"11.8";"7.1";"10.1";"4.4";"2";"8.5";"50";"78";"40";"78";"8";"3.8";"3.6"
"Belarus";"BLR";"Vysshaya Liga Women";"27-06-2026 10:00";"FT";"Dnepr Mogilev W";"5";"1";"ABFF U19 W";"2";"0";"1";"2.7";"4.5";"6";"7.1";"36";"36";"28";"22";"13.6";"5.5";"6.8";"6.5";"8.5";"4.8";"1.5";"2";"2.5";"3.5";"7.9";"0";"43";"0";"29";"8";"1.3";"8.5"
"Belarus";"BLR";"Vysshaya Liga Women";"27-06-2026 10:00";"FT";"Gomel W";"0";"8";"Dinamo-BGU W";"0";"4";"1.6";"4.5";"7.8";"3";"8.4";"55";"46";"38";"38";"";"";"9.8";"";"7.8";"";"";"3";"";"1.5";"7.9";"20";"83";"20";"67";"8";"";""
"Belarus";"BLR";"Vysshaya Liga Women";"27-06-2026 11:00";"FT";"Smorgon W";"0";"6";"Minsk FK W";"0";"3";"0";"6";"6.3";"1.3";"6.8";"38";"24";"24";"24";"20.1";"2.5";"12.2";"18.5";"7";"7.2";"0.5";"4.2";"8";"1.6";"7.9";"0";"57";"0";"86";"7";"5";"3.2"
"Europe";"EUR";"Euro U19 Women";"27-06-2026 12:00";"FT";"Bosnia & Herzegovina U19 W";"0";"5";"Germany U19 W";"0";"1";"5.9";"7.9";"3.9";"3";"10.3";"88";"62";"55";"35";"23.8";"13.1";"19.9";"8.1";"6.4";"12";"7.6";"9";"3.7";"3.6";"";"57";"78";"57";"67";"";"4.9";"8.7"
"Europe";"EUR";"Euro U19 Women";"27-06-2026 15:00";"FT";"Sweden U19 W";"1";"0";"Poland U19 W";"0";"0";"4.2";"6.3";"5.3";"3.7";"9.8";"85";"70";"55";"45";"22.7";"9.2";"14.9";"10.3";"11";"9";"3.4";"6.3";"3.4";"4.9";"";"40";"50";"40";"50";"";"10.2";"7.4"
"Finland";"FIN";"Kansallinen Liiga Women";"27-06-2026 09:00";"FT";"KuPS W";"5";"1";"VIFK W";"2";"0";"7.8";"3.3";"2.7";"7.9";"10.8";"84";"72";"62";"44";"23.5";"14.7";"5.4";"8.2";"18.8";"10.3";"6.4";"1.8";"3.6";"8.8";"11.1";"56";"22";"78";"11";"10";"6.1";"13.5"
"Finland";"FIN";"Kansallinen Liiga Women";"27-06-2026 09:00";"FT";"Gnistan W";"3";"0";"PK-35 Vantaa W";"2";"0";"4.2";"5.5";"6.6";"5.9";"11.2";"82";"68";"68";"44";"19.6";"7.6";"7.9";"13.5";"10.1";"10.1";"4.1";"4";"6.5";"5.6";"11.1";"25";"38";"12";"38";"11";"3.2";"2.8"
"Finland";"FIN";"Kansallinen Liiga Women";"27-06-2026 12:30";"FT";"Ilves W";"1";"3";"HJK W";"0";"3";"5.6";"8.7";"7.3";"2.8";"12.2";"89";"89";"84";"62";"24";"14.1";"17.6";"11.1";"5.3";"11.2";"6.4";"8.3";"5.3";"2.2";"11.1";"78";"56";"44";"89";"11";"7.4";"5.5"
"Finland";"FIN";"Ykkönen Women";"27-06-2026 08:00";"FT";"ONS W";"3";"0";"PKKU W";"0";"0";"3.5";"5.6";"4.1";"4.6";"8.8";"78";"50";"50";"26";"18.6";"9.2";"9.9";"9.2";"9";"9.7";"5.1";"5";"4.7";"4.6";"9.1";"30";"29";"40";"71";"9";"7.7";"5.5"
"Finland";"FIN";"Ykkönen Women";"27-06-2026 08:00";"FT";"EBK W";"3";"0";"JyPK W";"0";"0";"4.5";"5";"3";"5.1";"8.8";"69";"60";"45";"28";"17";"8.2";"11.7";"3.5";"10.6";"9.2";"5";"5.7";"1.8";"5.9";"9.1";"100";"57";"50";"29";"9";"2.5";"7.3"
"Finland";"FIN";"Ykkönen Women";"27-06-2026 10:00";"FT";"Honka W";"1";"0";"HJK II W";"1";"0";"5.9";"5.3";"2.7";"3";"8.4";"56";"46";"32";"20";"18.3";"10.1";"11.5";"6.4";"8.5";"10.4";"6.7";"6.8";"2.3";"5.1";"9.1";"71";"40";"71";"60";"9";"4";"4.6"
"Republic of Ireland";"IRL";"Women's National League";"27-06-2026 09:00";"FT";"Shamrock Rovers W";"2";"4";"Wexford Youths";"1";"3";"6.1";"5";"3";"5.9";"10";"71";"53";"48";"42";"20.8";"13.6";"9.4";"5.8";"12.9";"9";"5.9";"4.5";"3";"4.8";"9.8";"56";"75";"78";"38";"10";"8";"4.9"
"Republic of Ireland";"IRL";"Women's National League";"27-06-2026 11:00";"FT";"Waterford W";"0";"0";"Cork City W";"0";"0";"2.6";"2.4";"7.3";"6";"9.2";"69";"50";"42";"29";"19.8";"5.9";"5.4";"14";"14.3";"8.9";"2.2";"2";"6.7";"6.9";"9.8";"11";"14";"11";"14";"10";"7.4";"4.9"
"Republic of Ireland";"IRL";"Women's National League";"27-06-2026 11:00";"DELAYED";"Bohemians WFC W";"0";"0";"Galway United W";"0";"0";"6.6";"7.3";"3.6";"2.8";"10.1";"78";"72";"56";"33";"19.8";"10.8";"11.6";"9.9";"7.4";"9.2";"4.4";"4.8";"5.6";"3.6";"9.8";"56";"67";"67";"89";"11";"12";"5"
"Republic of Ireland";"IRL";"Women's National League";"27-06-2026 13:00";"DELAYED";"Peamount United W";"0";"0";"DLR Waves W";"0";"0";"4.6";"2.1";"4.5";"8.5";"9.8";"62";"56";"50";"50";"18.4";"10.8";"5.2";"7.9";"13";"8.2";"4.8";"2.5";"4";"5.1";"9.8";"50";"25";"38";"0";"10";"6";"10.4"
"Republic of Ireland";"IRL";"Women's National League";"27-06-2026 15:35";"FT";"Treaty United W";"1";"1";"Sligo Rovers W";"1";"1";"4.7";"5";"4.7";"4";"9.2";"68";"42";"36";"26";"20.2";"9.8";"11.2";"9.7";"9.7";"9.2";"4.2";"5.4";"3.7";"5.3";"9.8";"33";"50";"17";"70";"10";"8.9";"6.6"
"Iceland";"ISL";"1. Deild Women";"27-06-2026 11:00";"FT";"Fjardab Höttur Leiknir W";"3";"1";"Keflavík W";"0";"1";"7";"4";"6";"4.5";"10.8";"92";"75";"66";"50";"27";"15.3";"10.8";"17";"11";"12.6";"6.3";"5.8";"8";"5.2";"9.6";"33";"33";"33";"17";"10";"8.1";"4.7"
"Iceland";"ISL";"1. Deild Women";"27-06-2026 13:00";"FT";"Grótta W";"2";"1";"Volsungur Husavik W";"2";"0";"4.8";"5.3";"2.3";"3";"7.8";"58";"42";"25";"0";"25.8";"13.7";"12.7";"12.2";"13";"12.5";"6.8";"5.7";"6.5";"6";"9.6";"67";"67";"83";"67";"9";"5.1";"7.5"
"Iceland";"ISL";"1. Deild Women";"27-06-2026 13:00";"FT";"KR W";"6";"0";"Tindastóll W";"5";"0";"7.3";"";"3";"";"";"";"";"";"";"";"14.2";"";"10";"";"";"7.7";"";"4.7";"";"9.6";"83";"";"67";"";"";"";""
"Latvia";"LVA";"Women League";"27-06-2026 12:00";"FT";"Rigas W";"0";"3";"SFK Rīga W";"0";"3";"";"";"";"";"";"";"";"";"";"";"";"";"";"";"";"";"";"";"";"0";"";"";"";"";"";"";""
"Norway";"NOR";"1. Division Women";"27-06-2026 08:00";"FT";"Bryne W";"0";"1";"Fyllingsdalen W";"0";"0";"3.6";"2.2";"5.8";"5.6";"8.6";"74";"51";"45";"12";"24.2";"9.9";"11.2";"14.6";"12.8";"11";"4.9";"4.4";"6";"6.6";"9.5";"50";"40";"38";"0";"9";"7.6";"7.5"
"Norway";"NOR";"1. Division Women";"27-06-2026 09:00";"FT";"Odd W";"1";"0";"Frigg W";"0";"0";"5.5";"3.1";"4.5";"6.9";"10";"72";"66";"38";"22";"23.4";"15.2";"8.2";"11.8";"11.5";"11.4";"7.8";"3.4";"5.8";"6";"9.5";"50";"38";"67";"25";"9";"8.9";"13.7"
"Norway";"NOR";"Cup Women";"27-06-2026 09:00";"FT";"Viking FK W";"0";"3";"Brann W";"0";"0";"8.5";"8";"2.4";"2.2";"10.6";"68";"62";"56";"25";"22.8";"15.6";"19.4";"7.9";"2.6";"10.5";"8.5";"8.5";"3";"1";"8.8";"75";"25";"75";"75";"8";"4.6";"5.9"
"New Zealand";"NZL";"National League Women";"27-06-2026 21:00";"FT";"Coastal Spirit W";"2";"1";"Roslyn Wakari W";"";"";"";"";"";"";"";"";"";"";"";"";"";"";"";"";"";"";"";"";"";"9.8";"";"";"";"";"";"";""
"New Zealand";"NZL";"National League Women";"27-06-2026 23:00";"FT";"Taradale W";"2";"6";"Seatoun W";"";"";"";"";"";"";"";"";"";"";"";"";"";"";"";"";"";"";"";"";"";"9.8";"";"";"";"";"";"";""
"New Zealand";"NZL";"National League Women";"27-06-2026 23:00";"FT";"Melville United W";"1";"2";"Tauranga Moana W";"";"";"";"";"";"";"";"";"";"";"";"";"";"";"";"";"";"";"";"";"";"9.8";"";"";"";"";"";"";""
"Russia";"RUS";"Premier League Women";"27-06-2026 10:00";"FT";"Krylya Sovetov W";"4";"0";"Rostov W";"3";"0";"4.6";"3.4";"3.2";"5.8";"8.5";"54";"48";"32";"26";"12.6";"3.6";"4.8";"8";"8.9";"5.6";"1";"2.1";"3.7";"4.4";"8.5";"70";"33";"50";"22";"8";"3.4";"14.7"
"Russia";"RUS";"Premier League Women";"27-06-2026 10:30";"FT";"CSKA Moscow W";"0";"0";"Zenit W";"0";"0";"6";"5.8";"3.1";"2.6";"8.8";"62";"45";"34";"22";"17.9";"11";"12.6";"8";"4.2";"9.6";"5.9";"7.7";"3.4";"2.3";"8.5";"50";"60";"62";"60";"8";"5.2";"4.7"
"Russia";"RUS";"Premier League Women";"27-06-2026 11:00";"FT";"Rubin Kazan W";"2";"2";"Chertanovo W";"0";"1";"3.6";"4.2";"4";"5.4";"8.6";"56";"56";"34";"22";"14.8";"8.6";"6.4";"7.1";"7.6";"8.9";"4.4";"3.4";"4.7";"5.3";"8.5";"57";"50";"67";"33";"9";"6.1";"5.3"
"Russia";"RUS";"Premier League Women";"27-06-2026 11:00";"FT";"Dinamo Moskva W";"0";"0";"Zvezda 2005 W";"0";"0";"2.8";"2.4";"4.9";"7";"8.5";"64";"52";"46";"22";"13.6";"3.6";"5.7";"8.1";"9.6";"6.9";"1.9";"2.4";"4.2";"5.3";"8.5";"43";"20";"25";"11";"9";"5.8";"7.4"
"Russia";"RUS";"Premier League Women";"27-06-2026 13:00";"FT";"Spartak Moskva W";"1";"1";"Lokomotiv Moscow W";"0";"1";"6";"6.1";"1.5";"2.5";"8";"44";"39";"29";"22";"14.3";"10.5";"9.1";"4.2";"4.8";"7.2";"6.3";"4.2";"1.8";"1.9";"8.5";"100";"71";"100";"90";"9";"6.1";"4.3"
"World";"WOR";"Club Friendlies 3";"27-06-2026 04:00";"FT";"Zlín";"0";"2";"Hanácká";"0";"1";"4.1";"4.7";"6.2";"5.3";"10.2";"70";"60";"55";"45";"22.2";"10.6";"9.2";"15.8";"8.8";"8.1";"3.3";"3.6";"5.6";"3.7";"9";"30";"60";"30";"30";"10";"6";"6.6"
"World";"WOR";"Club Friendlies 3";"27-06-2026 04:00";"FT";"Ansbach";"4";"0";"Kornburg";"0";"0";"";"";"";"";"";"";"";"";"";"";"";"";"";"";"";"";"";"";"";"9";"";"";"";"";"";"";""
"World";"WOR";"Club Friendlies 3";"27-06-2026 05:00";"FT";"Viktoria Plzeň";"4";"2";"SK Artis Brno";"0";"1";"6.7";"7.2";"3.1";"3.9";"10.4";"85";"85";"70";"50";"24.5";"17.8";"11.1";"9.2";"10.9";"9.4";"7";"3.7";"2.9";"5.2";"9";"60";"100";"80";"80";"9";"8.7";"6.6"
"World";"WOR";"Club Friendlies 3";"27-06-2026 05:00";"FT";"Wisła Kraków";"3";"4";"Nieciecza";"0";"1";"7.8";"4";"4.6";"5.6";"11";"75";"70";"65";"55";"26";"15.5";"12";"8.5";"15.9";"9.4";"5.9";"4.8";"2.8";"5.4";"9";"80";"30";"80";"30";"10";"8.6";"6"
"World";"WOR";"Club Friendlies 3";"27-06-2026 05:00";"FT";"Viktoria Žižkov";"3";"2";"Slavia Praha B";"2";"0";"4.4";"5.2";"6.7";"6.2";"11.2";"90";"90";"70";"55";"19.6";"8.1";"10";"12.3";"8.9";"8.4";"3.6";"4";"5.1";"4.1";"9";"60";"50";"40";"50";"10";"6.8";"8.3"
"World";"WOR";"Club Friendlies 3";"27-06-2026 05:00";"FT";"Zlaté Moravce";"2";"0";"Banská Bystrica";"1";"0";"8.4";"6.6";"5.8";"4.8";"12.8";"90";"85";"60";"60";"20";"11";"10.8";"10.4";"7.9";"8";"3.4";"4.2";"4.6";"3.7";"9";"70";"50";"70";"60";"11";"8.5";"6.4"
"World";"WOR";"Club Friendlies 3";"27-06-2026 05:00";"FT";"Luckenwalde";"0";"0";"RSV Eintracht";"0";"0";"";"";"";"";"";"";"";"";"";"";"";"";"";"";"";"";"";"";"";"9";"";"";"";"";"";"";""
"World";"WOR";"Club Friendlies 3";"27-06-2026 05:00";"CANCELLED";"Radomiak Radom";"";"";"Górnik Łęczna";"";"";"4.4";"4.4";"5.3";"8";"11";"85";"70";"60";"50";"25.3";"11.3";"8.6";"15.9";"14.8";"7.4";"2.7";"2.6";"5.2";"4.3";"9";"60";"30";"30";"20";"10";"6.5";"6.6"
"World";"WOR";"Club Friendlies 3";"27-06-2026 05:00";"FT";"Puszcza Niepołomice";"3";"0";"Star Starachowice";"1";"0";"3.8";"4.9";"5.3";"5.4";"9.7";"89";"71";"64";"26";"19.8";"8.3";"9.6";"11";"10.7";"7";"3.2";"3.7";"3.8";"3.4";"9";"56";"29";"0";"29";"10";"7.5";"6.9"
"World";"WOR";"Club Friendlies 3";"27-06-2026 05:00";"FT";"UTA Arad";"4";"0";"Dumbrăviţa";"1";"0";"6.2";"4.2";"4.3";"6";"10.4";"85";"85";"55";"45";"23.6";"16.8";"7.1";"11.2";"12.2";"7";"5.5";"3";"2.2";"3.2";"9";"80";"50";"60";"30";"10";"8.8";"8.9"
"World";"WOR";"Club Friendlies 3";"27-06-2026 05:30";"FT";"Prostějov";"1";"1";"Opava";"1";"0";"4.1";"5.2";"5.6";"4.2";"9.6";"60";"55";"45";"35";"19.7";"5.8";"12.5";"11.7";"9.4";"7.4";"2.3";"3.8";"4.4";"4.2";"9";"30";"30";"30";"50";"9";"5.8";"13.9"
"World";"WOR";"Club Friendlies 3";"27-06-2026 05:30";"FT";"Trenčín";"4";"2";"Petržalka akadémia";"0";"1";"5.1";"5.8";"6.6";"5.3";"11.4";"85";"75";"65";"45";"24.9";"14.3";"11.8";"14.2";"9.5";"9.4";"4.9";"6.1";"4.8";"3.1";"9";"0";"60";"20";"50";"10";"5.8";"6.2"
"World";"WOR";"Club Friendlies 3";"27-06-2026 05:30";"FT";"Mezőkövesd-Zsóry";"2";"3";"FK Košice";"1";"1";"2.9";"5.6";"4.6";"4.9";"9";"75";"48";"36";"26";"24.1";"8.8";"14.9";"10.1";"14.4";"8.8";"3.4";"5.8";"3.6";"4.7";"9";"50";"60";"25";"40";"9";"9.8";"7.5"
"World";"WOR";"Club Friendlies 3";"27-06-2026 05:30";"FT";"Lugano";"2";"1";"Neuchâtel Xamax";"1";"1";"4.3";"4.9";"4.5";"5.7";"9.7";"90";"70";"43";"22";"26.9";"13.5";"12.2";"13.5";"14.6";"9.8";"5.4";"4.3";"4.4";"5.3";"9";"30";"56";"30";"33";"8";"7";"4.6"
"World";"WOR";"Club Friendlies 3";"27-06-2026 05:30";"FT";"Hartberg";"3";"1";"Admira";"1";"0";"3";"5.8";"7";"4.3";"10";"85";"65";"45";"45";"24.6";"8.7";"12.3";"19.5";"8.7";"7.7";"2.5";"4.8";"5.1";"3";"9";"10";"70";"20";"40";"9";"5.6";"14.5"
"World";"WOR";"Club Friendlies 3";"27-06-2026 06:00";"FT";"Piast Gliwice";"0";"2";"Raków Częstochowa";"0";"1";"6.3";"3.1";"4.4";"5.2";"9.5";"80";"70";"50";"45";"26.5";"17.4";"12.5";"9.3";"13.8";"9.9";"5.8";"4.6";"4.2";"5.2";"9";"50";"30";"70";"20";"9";"8.3";"5.2"
"World";"WOR";"Club Friendlies 3";"27-06-2026 06:00";"FT";"Sigma Olomouc";"1";"0";"Ružomberok";"0";"0";"5.4";"5.7";"5.3";"3.9";"10.1";"75";"65";"55";"45";"26";"16.1";"10.7";"13.7";"11.6";"8.7";"6.2";"3";"4.7";"3.5";"9";"60";"40";"60";"60";"10";"7.1";"7.4"
"World";"WOR";"Club Friendlies 3";"27-06-2026 06:00";"FT";"Wisła Płock";"2";"1";"Pogon Grodzisk Mazowiecki";"1";"0";"5.2";"6.5";"7.1";"6";"12.4";"95";"95";"85";"65";"26.8";"11.4";"11.3";"17";"13.8";"9.1";"3.5";"3.6";"5.6";"5.5";"9";"10";"70";"50";"40";"11";"8.4";"11.3"
"World";"WOR";"Club Friendlies 3";"27-06-2026 06:00";"FT";"Paksi SE";"4";"1";"Komárno";"2";"1";"6.6";"4.9";"4.7";"3.6";"9.9";"80";"70";"50";"35";"26.1";"15.5";"13.9";"11.1";"11.7";"9.4";"7.3";"4.1";"3.6";"3.7";"9";"50";"60";"50";"70";"9";"4.5";"10.1"
"World";"WOR";"Club Friendlies 3";"27-06-2026 06:00";"FT";"Sportfreunde Siegen";"6";"0";"Cosmos Koblenz";"2";"0";"";"";"";"";"";"";"";"";"";"";"";"";"";"";"";"";"";"";"";"9";"";"";"";"";"";"";""
"World";"WOR";"Club Friendlies 3";"27-06-2026 06:00";"FT";"Slovan Liberec";"2";"0";"Ústí nad Labem";"0";"0";"4.5";"6.7";"5.2";"5.7";"11";"85";"80";"65";"55";"23.4";"11.6";"10.1";"12.4";"12.6";"8.6";"3.3";"3.8";"4.7";"5.5";"9";"50";"40";"30";"50";"10";"9.1";"5.6"
"World";"WOR";"Club Friendlies 3";"27-06-2026 06:00";"FT";"Teplice";"2";"0";"Spartak Trnava";"1";"0";"3.8";"4.2";"6.1";"4";"9";"65";"50";"35";"20";"24.8";"10.1";"12.4";"15.1";"12.1";"7.6";"3.1";"4.2";"4.7";"3.3";"9";"70";"70";"20";"30";"9";"4.9";"5.9"
"World";"WOR";"Club Friendlies 3";"27-06-2026 06:00";"FT";"FC Utrecht";"1";"2";"De Graafschap";"1";"2";"4.9";"5.4";"5.2";"5.1";"10.3";"75";"70";"65";"55";"30.6";"16.7";"14.9";"15.1";"14.5";"11.6";"7.1";"6";"5.6";"4.5";"9";"70";"40";"50";"50";"10";"6.4";"5.5"
"World";"WOR";"Club Friendlies 3";"27-06-2026 06:00";"FT";"Bayreuth";"5";"0";"Neumarkt Germany";"3";"0";"";"";"";"";"";"";"";"";"";"";"";"";"";"";"";"";"";"";"";"9";"";"";"";"";"";"";""
"World";"WOR";"Club Friendlies 3";"27-06-2026 06:00";"FT";"Diósgyőr";"1";"0";"Zemplín Michalovce";"1";"0";"4.2";"5.2";"5.5";"4.7";"9.8";"80";"70";"55";"40";"23.9";"9.6";"13.2";"11.9";"13.1";"7.6";"2.7";"3.5";"4.8";"4.1";"9";"50";"40";"20";"50";"9";"9.7";"7.1"
"World";"WOR";"Club Friendlies 3";"27-06-2026 06:00";"FT";"Vysočina Jihlava";"3";"1";"Příbram";"1";"0";"6";"5.3";"5.1";"4.8";"10.6";"90";"75";"60";"50";"18.7";"9.5";"11.8";"7.9";"8.2";"7.4";"3.9";"4.8";"3.1";"3";"9";"50";"40";"20";"60";"10";"6.8";"11.8"
"World";"WOR";"Club Friendlies 3";"27-06-2026 06:00";"CANCELLED";"Almere City";"";"";"HHC";"";"";"6.2";"5.2";"3.6";"6.1";"10.6";"95";"80";"60";"60";"25.1";"17";"10.9";"11.9";"10.4";"9.8";"5.8";"5.3";"4.3";"4.2";"9";"60";"40";"70";"30";"10";"7.1";"6.1"
"World";"WOR";"Club Friendlies 3";"27-06-2026 06:00";"TBA";"Gau-Odernheim";"";"";"Mainz 05 II";"";"";"";"";"";"";"";"";"";"";"";"";"";"";"";"";"";"";"";"";"";"9";"";"";"";"";"";"";""
"World";"WOR";"Club Friendlies 3";"27-06-2026 06:00";"CANCELLED";"Memmingen";"";"";"Gundelfingen";"";"";"";"";"";"";"";"";"";"";"";"";"";"";"";"";"";"";"";"";"";"9";"";"";"";"";"";"";""
"World";"WOR";"Club Friendlies 3";"27-06-2026 06:15";"FT";"Zlín";"1";"2";"Skalica";"0";"0";"3.9";"3.8";"5.2";"4.1";"8.5";"60";"45";"40";"30";"24.6";"9.8";"11.3";"14.8";"13.3";"7.8";"3.3";"3.5";"5";"3.9";"9";"30";"80";"30";"40";"9";"5.7";"5.9"
"World";"WOR";"Club Friendlies 3";"27-06-2026 06:30";"FT";"Zürich";"3";"2";"FC Schaffhausen";"2";"0";"3.8";"6";"7.6";"3.4";"10.4";"75";"75";"55";"50";"26.2";"10.8";"14.2";"15.3";"12.2";"9.5";"3.5";"5.2";"5.1";"5.2";"9";"30";"60";"20";"80";"9";"8.7";"7.1"
"World";"WOR";"Club Friendlies 3";"27-06-2026 07:00";"FT";"Pogoń Siedlce";"0";"3";"Unia Skierniewice";"0";"0";"4";"6.2";"7.3";"4.3";"10.9";"75";"70";"60";"45";"21.3";"8.2";"12.8";"13.7";"7.9";"8.5";"2.8";"5.1";"5.6";"3.5";"9";"10";"50";"0";"60";"10";"10.2";"7.5"
"World";"WOR";"Club Friendlies 3";"27-06-2026 07:00";"FT";"FC Dordrecht";"3";"0";"Schalke 04 II";"1";"0";"5.8";"";"4.9";"";"";"";"";"";"";"";"13.8";"";"12.3";"";"";"3.9";"";"5.2";"";"9";"40";"";"50";"";"";"";""
"World";"WOR";"Club Friendlies 3";"27-06-2026 07:00";"FT";"Esbjerg";"3";"3";"Vejle Boldklub";"0";"1";"6.8";"3.6";"5.6";"6.4";"11.2";"85";"80";"55";"55";"26.6";"14.2";"10.3";"13.1";"15.6";"9.2";"4.9";"3.4";"4.8";"5.4";"9";"90";"50";"60";"10";"11";"7.7";"7.8"
"World";"WOR";"Club Friendlies 3";"27-06-2026 08:00";"FT";"Widzew Lodz";"4";"0";"Stal Rzeszów";"1";"0";"3.6";"5.6";"4.4";"5.3";"9.4";"70";"60";"50";"45";"23.8";"11.3";"13.2";"10.6";"12.3";"7.4";"2.8";"4.7";"2.4";"4.9";"9";"50";"70";"20";"50";"9";"7.8";"10.2"
"World";"WOR";"Club Friendlies 3";"27-06-2026 08:00";"FT";"AGF";"1";"1";"Viborg FF";"1";"1";"5";"4.7";"4";"4.4";"9";"70";"55";"45";"30";"28.8";"15.2";"15.2";"13.1";"14.1";"10";"5.7";"5.1";"4.6";"4.7";"9";"80";"60";"70";"50";"9";"7.2";"9.9"
"World";"WOR";"Club Friendlies 3";"27-06-2026 08:00";"FT";"SK Rapid";"4";"1";"Floridsdorfer AC";"3";"1";"5";"4.5";"5.1";"4.1";"9.4";"80";"75";"55";"40";"20.8";"9.9";"8.9";"11.6";"11.3";"6.4";"2.8";"3.3";"3.5";"3.1";"9";"70";"30";"30";"50";"9";"7.8";"4.7"
"World";"WOR";"Club Friendlies 3";"27-06-2026 08:00";"FT";"Ayr United";"3";"0";"Glenafton Athletic";"0";"0";"5.7";"";"4.2";"";"";"";"";"";"";"";"9.1";"";"8.2";"";"";"3.3";"";"3.6";"";"9";"70";"";"60";"";"";"";""
"World";"WOR";"Club Friendlies 3";"27-06-2026 08:00";"FT";"FSV Optik Rathenow";"0";"1";"Altglienicke";"0";"0";"";"";"";"";"";"";"";"";"";"";"";"";"";"";"";"";"";"";"";"9";"";"";"";"";"";"";""
"World";"WOR";"Club Friendlies 3";"27-06-2026 08:00";"DELAYED";"Hannover 96 II";"0";"0";"Hertha BSC II";"0";"0";"";"";"";"";"";"";"";"";"";"";"";"";"";"";"";"";"";"";"";"9";"";"";"";"";"";"";""
"World";"WOR";"Club Friendlies 3";"27-06-2026 08:00";"DELAYED";"Bremer SV";"0";"0";"Süderelbe";"0";"0";"";"";"";"";"";"";"";"";"";"";"";"";"";"";"";"";"";"";"";"9";"";"";"";"";"";"";""
"World";"WOR";"Club Friendlies 3";"27-06-2026 09:00";"FT";"Clachnacuddin";"1";"3";"Inverness CT";"0";"1";"5.5";"5.3";"11";"2.8";"12.3";"84";"78";"66";"56";"22.9";"13";"11.6";"14.5";"6.8";"9.4";"3";"5.3";"6";"4.3";"9";"50";"56";"0";"44";"11";"6.2";"6"
"World";"WOR";"Club Friendlies 3";"27-06-2026 09:00";"FT";"FC København";"5";"3";"Mjällby";"3";"2";"6.4";"4.2";"5.1";"4.7";"10.2";"70";"55";"45";"40";"28";"18.9";"10.8";"9.6";"16.7";"10.3";"7.2";"5.4";"2.9";"5.1";"9";"70";"70";"60";"40";"10";"4.4";"4.7"
"World";"WOR";"Club Friendlies 3";"27-06-2026 09:00";"FT";"Nordsjælland";"1";"1";"Horsens";"0";"1";"4.7";"4.1";"4.2";"6.1";"9.6";"65";"60";"55";"40";"25.3";"14.5";"10.6";"13.8";"11.7";"9";"5.9";"4";"4.8";"3.4";"9";"50";"40";"50";"40";"9";"7.7";"4.9"
"World";"WOR";"Club Friendlies 3";"27-06-2026 09:00";"FT";"Zulte-Waregem";"0";"6";"Racing Waregem";"0";"1";"5.7";"";"4.1";"";"";"";"";"";"";"";"13.2";"";"10.9";"";"";"4.6";"";"4.1";"";"9";"70";"";"70";"";"";"";""
"World";"WOR";"Club Friendlies 3";"27-06-2026 09:00";"CANCELLED";"Stuttgart II";"";"";"Augsburg II";"";"";"5.5";"";"4.2";"";"";"";"";"";"";"";"13";"";"11.1";"";"";"6.6";"";"5.9";"";"9";"70";"";"50";"";"";"";""
"World";"WOR";"Club Friendlies 3";"27-06-2026 09:00";"CANCELLED";"Schwaben Augsburg";"";"";"Rain / Lech";"";"";"";"";"";"";"";"";"";"";"";"";"";"";"";"";"";"";"";"";"";"9";"";"";"";"";"";"";""
"World";"WOR";"Club Friendlies 3";"27-06-2026 09:00";"CANCELLED";"Telstar";"";"";"Helmond Sport";"";"";"3.5";"5.8";"7.1";"3.3";"9.8";"70";"55";"45";"40";"25.1";"12.3";"11.2";"15.9";"10.8";"8.8";"5.2";"2.9";"6";"3.6";"9";"30";"60";"20";"60";"9";"5.2";"10.7"
"World";"WOR";"Club Friendlies 3";"27-06-2026 09:00";"FT";"Stranraer";"4";"0";"Dundela";"1";"0";"7.7";"3.5";"3.3";"4.5";"9.5";"90";"40";"35";"25";"15.9";"11.9";"5";"9.9";"5";"6.1";"4.1";"2.5";"3.6";"2";"9";"67";"100";"90";"50";"9";"8.1";"4.2"
"World";"WOR";"Club Friendlies 3";"27-06-2026 10:00";"FT";"Livingston";"2";"0";"Dundee";"0";"0";"5.1";"4.1";"5.2";"4.1";"9.2";"65";"60";"45";"40";"25.4";"10.8";"9.2";"15.4";"15.3";"8.4";"3.2";"3.4";"4.1";"6";"9";"40";"40";"50";"50";"10";"7.7";"4.3"
"World";"WOR";"Club Friendlies 3";"27-06-2026 10:00";"FT";"Bielawianka Bielawa";"0";"11";"Śląsk Wrocław";"0";"5";"";"5.1";"";"5.4";"";"";"";"";"";"";"";"14.1";"";"9.3";"";"";"6.1";"";"3.3";"9";"";"50";"";"40";"";"";""
"World";"WOR";"Club Friendlies 3";"27-06-2026 10:00";"FT";"Forres Mechanics";"0";"0";"Ross County";"0";"0";"";"4.7";"";"4.2";"";"";"";"";"";"";"";"7.3";"";"7.3";"";"";"3.2";"";"3.1";"9";"";"60";"";"50";"";"";""
"World";"WOR";"Club Friendlies 3";"27-06-2026 10:00";"FT";"Diksmuide";"1";"5";"KV Kortrijk";"0";"2";"";"7.4";"";"3.8";"";"";"";"";"";"";"";"16.5";"";"8.5";"";"";"6";"";"3.6";"9";"";"40";"";"60";"";"";""
"World";"WOR";"Club Friendlies 3";"27-06-2026 10:00";"FT";"Forfar Athletic";"1";"1";"Montrose";"0";"0";"3.7";"4.9";"4.2";"4.6";"8.7";"55";"45";"35";"20";"19.8";"8.6";"9.4";"8.7";"12.8";"9.2";"5.2";"4.1";"3.3";"5.9";"9";"40";"60";"40";"50";"9";"5.4";"5.1"
"World";"WOR";"Club Friendlies 3";"27-06-2026 10:00";"FT";"Invergordon";"1";"5";"Ross County";"0";"2";"";"4.7";"";"4.2";"";"";"";"";"";"";"";"7.3";"";"7.3";"";"";"3.2";"";"3.1";"9";"";"60";"";"50";"";"";""
"World";"WOR";"Club Friendlies 3";"27-06-2026 10:00";"FT";"Arbroath";"2";"4";"St. Mirren";"1";"2";"4.9";"6.1";"4.3";"4.7";"10";"70";"65";"55";"40";"18.4";"7.1";"12.5";"7.4";"9.8";"7";"2.8";"4.7";"2.8";"3.8";"9";"70";"60";"50";"70";"10";"8.3";"9.7"
"World";"WOR";"Club Friendlies 3";"27-06-2026 10:00";"FT";"Kristiansund";"0";"3";"Aalesund";"0";"1";"3.9";"5.2";"6.2";"7.3";"11.3";"90";"80";"70";"60";"27.4";"11.5";"14.4";"13.5";"15.3";"9.5";"3.6";"4.5";"5.1";"5.8";"9";"40";"20";"30";"40";"10";"10.5";"6.6"
"World";"WOR";"Club Friendlies 3";"27-06-2026 10:00";"FT";"Cove Rangers";"0";"1";"Aberdeen";"0";"1";"4.5";"4.3";"4.2";"5.1";"9";"60";"55";"45";"35";"18.8";"6.7";"9.5";"10.5";"10.8";"7.2";"3.2";"2.6";"4.4";"4.1";"9";"40";"40";"40";"40";"9";"5";"6.3"
"World";"WOR";"Club Friendlies 3";"27-06-2026 10:00";"FT";"Airdrieonians";"1";"1";"Elgin City";"1";"1";"4.3";"4.1";"6";"4.6";"9.5";"65";"55";"55";"35";"19.7";"9.7";"9";"11.4";"9.3";"8";"4";"3.6";"4.3";"4.1";"9";"10";"50";"20";"20";"10";"5.8";"6"
"World";"WOR";"Club Friendlies 3";"27-06-2026 10:00";"FT";"ASV Salzburg";"1";"5";"Austria Salzburg";"";"";"1.2";"4";"5.2";"5.5";"8";"45";"45";"30";"30";"";"";"9.6";"";"10.9";"";"";"4.3";"";"5.1";"9";"";"70";"0";"30";"9";"";""
"World";"WOR";"Club Friendlies 3";"27-06-2026 10:00";"CANCELLED";"Mjällby";"";"";"Malmö FF";"";"";"4.1";"4.1";"5.3";"6.6";"10";"70";"60";"45";"45";"27.4";"10.3";"12.6";"16.6";"15.3";"10.9";"5.3";"4.6";"5.4";"6.5";"9";"60";"40";"30";"40";"10";"4.5";"4"
"World";"WOR";"Club Friendlies 3";"27-06-2026 10:00";"CANCELLED";"Eichstätt";"";"";"1860 München II";"";"";"";"";"";"";"";"";"";"";"";"";"";"";"";"";"";"";"";"";"";"9";"";"";"";"";"";"";""
"World";"WOR";"Club Friendlies 3";"27-06-2026 11:00";"FT";"Luzern";"3";"2";"Stade Lausanne-Ouchy";"1";"2";"5.9";"6";"3.9";"3.7";"9.8";"80";"65";"50";"40";"25";"14.9";"12.5";"12.6";"9.9";"8.6";"4.9";"4.5";"3.7";"4";"9";"70";"70";"80";"80";"10";"5";"6.2"
"World";"WOR";"Club Friendlies 3";"27-06-2026 11:00";"FT";"St. Gallen";"3";"2";"Rheindorf Altach";"2";"1";"6.3";"3.5";"5.6";"5.1";"10.2";"85";"65";"50";"45";"26.2";"17.5";"9.5";"12";"13.3";"9.5";"5.4";"3.4";"3.7";"6.5";"9";"40";"40";"50";"20";"9";"7.1";"5.8"
"World";"WOR";"Club Friendlies 3";"27-06-2026 11:00";"FT";"IFK Göteborg";"1";"2";"HamKam";"1";"0";"4.6";"4.3";"5";"5.5";"9.7";"60";"55";"50";"45";"27";"14";"11.5";"13.7";"14.9";"9.6";"4.4";"4.8";"5.4";"4.6";"9";"60";"10";"30";"40";"10";"9.5";"4.9"
"World";"WOR";"Club Friendlies 3";"27-06-2026 11:00";"FT";"Queen of the South";"0";"1";"Connah's Quay";"0";"1";"4.7";"4.3";"5.6";"5.8";"10.2";"80";"80";"55";"50";"20.2";"12.9";"8.8";"10";"8.8";"9.4";"5.3";"4.5";"4.7";"4.3";"9";"30";"40";"30";"40";"10";"5.8";"6.8"
"World";"WOR";"Club Friendlies 3";"27-06-2026 11:00";"FT";"Clyde";"1";"2";"Dunfermline Athletic";"1";"2";"5.6";"4.7";"4.4";"5.2";"10";"75";"70";"65";"40";"18.5";"10.7";"8";"9.1";"9.1";"7";"4";"2.3";"4.5";"3.3";"9";"60";"50";"50";"30";"10";"4.9";"7.8"
"World";"WOR";"Club Friendlies 3";"27-06-2026 11:00";"FT";"Lokomotiv Moskva";"0";"0";"Rodina Moskva";"0";"0";"5.9";"5.1";"2.8";"4";"8.9";"65";"45";"40";"30";"18.4";"14.3";"6.3";"10.1";"6.1";"6.2";"5";"2.2";"3.5";"1.8";"9";"80";"67";"80";"40";"9";"8.4";"2"
"World";"WOR";"Club Friendlies 3";"27-06-2026 11:00";"FT";"BFC Dynamo";"0";"3";"Pogoń Szczecin";"0";"1";"";"4.4";"";"5.9";"";"";"";"";"";"";"";"12.6";"";"13";"";"";"4";"";"5.7";"9";"";"60";"";"50";"";"";""
"World";"WOR";"Club Friendlies 3";"27-06-2026 11:00";"FT";"East Kilbride";"4";"0";"Kelty Hearts";"3";"0";"4.9";"5.7";"4.1";"5.9";"10.3";"84";"80";"53";"27";"19.2";"13.8";"9";"6.4";"9.3";"8.3";"6.1";"4.1";"2.7";"3.7";"9";"56";"56";"20";"56";"10";"4.7";"6.5"
"World";"WOR";"Club Friendlies 3";"27-06-2026 11:00";"FT";"Gala Fairydean Rovers";"3";"3";"Edinburgh City";"1";"1";"4";"3.6";"4.3";"6.3";"9.1";"68";"46";"46";"36";"21.5";"10.7";"8.3";"13.7";"10.3";"9.2";"3.3";"3.8";"6";"5.4";"9";"100";"11";"33";"10";"9";"5.6";"9"
"World";"WOR";"Club Friendlies 3";"27-06-2026 11:00";"DELAYED";"Vroomshoopse Boys";"";"";"FC Twente";"";"";"";"5.2";"";"4.9";"";"";"";"";"";"";"";"16";"";"12.2";"";"";"6.4";"";"4.6";"9";"";"60";"";"30";"";"";""
"World";"WOR";"Club Friendlies 3";"27-06-2026 11:00";"FT";"Pollok";"0";"0";"Partick Thistle";"0";"0";"";"5.4";"";"4.9";"";"";"";"";"";"";"";"10.7";"";"11";"";"";"4.3";"";"3.5";"9";"";"50";"";"60";"";"";""
"World";"WOR";"Club Friendlies 3";"27-06-2026 11:00";"FT";"Annan Athletic";"0";"0";"Queen's Park";"0";"0";"3.6";"2.8";"5.4";"6.7";"9.2";"64";"58";"47";"31";"16.8";"6.9";"5.7";"9.2";"11.9";"6.3";"2.9";"2.3";"2.9";"4.4";"9";"60";"44";"0";"11";"9";"3.6";"8.2"
"World";"WOR";"Club Friendlies 3";"27-06-2026 11:30";"FT";"Bayern München II";"0";"2";"Legia Warszawa";"0";"1";"";"5.2";"";"3.6";"";"";"";"";"";"";"";"11.9";"";"11.3";"";"";"3.8";"";"3.2";"9";"";"30";"";"70";"";"";""
"World";"WOR";"Club Friendlies 3";"27-06-2026 11:30";"FT";"Mačva Šabac";"0";"0";"Petrovac";"0";"0";"4";"3.1";"2.5";"4.1";"6.8";"45";"25";"25";"20";"17.2";"9.5";"9.1";"6.5";"9.4";"6.5";"4.7";"3";"2.4";"2.9";"9";"25";"40";"60";"30";"8";"7.9";"13"
"World";"WOR";"Club Friendlies 3";"27-06-2026 11:30";"FT";"Kreuzlingen";"0";"4";"Grasshopper";"0";"1";"2.5";"4.8";"5";"5.7";"9";"60";"60";"30";"25";"20.8";"6";"11.3";"9";"15.3";"7.6";"3";"4";"3.5";"4.7";"9";"0";"60";"0";"10";"9";"4.6";"7.5"
"World";"WOR";"Club Friendlies 3";"27-06-2026 11:30";"FT";"Thalwil";"4";"6";"Zürich";"2";"2";"";"4";"";"7.5";"";"";"";"";"";"";"";"11.7";"";"14.1";"";"";"3.7";"";"5";"9";"";"30";"";"20";"";"";""
"World";"WOR";"Club Friendlies 3";"27-06-2026 12:00";"FT";"La Sarraz-Eclépens";"0";"3";"Lausanne Sport";"0";"2";"6.5";"5.1";"5.5";"4.9";"11";"89";"89";"78";"78";"";"";"13.2";"";"11.6";"";"";"4.6";"";"5.1";"9";"";"44";"50";"56";"10";"";""
"World";"WOR";"Club Friendlies 3";"27-06-2026 12:00";"FT";"Sion";"7";"0";"Étoile Carouge";"3";"0";"6.5";"4.9";"4.2";"4.6";"10.1";"75";"65";"55";"50";"29.8";"14.8";"16.1";"13.5";"15.3";"9.4";"5.5";"4.8";"4";"4.5";"9";"60";"40";"70";"30";"9";"4.7";"6.2"
"World";"WOR";"Club Friendlies 3";"27-06-2026 12:00";"CANCELLED";"Dinklage";"";"";"Meppen";"";"";"";"";"";"";"";"";"";"";"";"";"";"";"";"";"";"";"";"";"";"9";"";"";"";"";"";"";""
"World";"WOR";"Club Friendlies 3";"27-06-2026 12:00";"CANCELLED";"Karviná";"";"";"Polonia Bytom";"";"";"4.5";"4.3";"6.1";"5.3";"10.1";"79";"68";"64";"26";"24.2";"13";"9.1";"14.2";"12.2";"9.4";"4.2";"3.9";"5.9";"4.7";"9";"30";"33";"40";"33";"10";"7";"5.1"
"World";"WOR";"Club Friendlies 3";"27-06-2026 12:00";"CANCELLED";"Wolfenbüttel";"";"";"HSC Hannover";"";"";"";"";"";"";"";"";"";"";"";"";"";"";"";"";"";"";"";"";"";"9";"";"";"";"";"";"";""
"World";"WOR";"Club Friendlies 3";"27-06-2026 12:00";"CANCELLED";"CSKA Sofia";"";"";"Qarabağ";"";"";"5.2";"5.2";"4.3";"2.4";"8.6";"50";"45";"30";"30";"21";"11.5";"12.5";"8.9";"9.2";"8.2";"4.5";"6";"3";"2.9";"9";"70";"80";"40";"70";"9";"16.4";"5.2"
"World";"WOR";"Club Friendlies 3";"27-06-2026 12:00";"DELAYED";"AZ";"0";"0";"Jong AZ";"0";"0";"5.9";"5.9";"5";"5.9";"11.4";"90";"75";"65";"55";"29";"15.4";"15.7";"11.9";"14.9";"11";"5.7";"5.9";"4.7";"5.6";"9";"60";"40";"60";"40";"10";"6.3";"10"
"World";"WOR";"Club Friendlies 3";"27-06-2026 12:00";"FT";"Kriens";"1";"2";"Vaduz";"1";"0";"6.5";"4.6";"2.2";"5.4";"9.4";"75";"62";"50";"44";"32.6";"18.2";"14";"16.5";"16.4";"10";"6.2";"4.4";"5";"4.5";"9";"50";"75";"75";"38";"9";"6.1";"4"
"World";"WOR";"Club Friendlies 3";"27-06-2026 12:30";"FT";"Wolfsberger AC";"2";"0";"Nyíregyháza Spartacus";"1";"0";"5.5";"5.6";"5.7";"4.4";"10.6";"85";"75";"65";"60";"24.3";"10.3";"14.6";"11.9";"11.8";"8.3";"3.5";"5.1";"3.4";"4.6";"9";"40";"50";"30";"50";"10";"6.7";"6.9"
"World";"WOR";"Club Friendlies 3";"27-06-2026 12:30";"FT";"Botev Vratsa";"1";"1";"Levski Sofia";"0";"0";"3";"4.1";"6.2";"3";"8.1";"60";"45";"35";"20";"18.6";"9.2";"10.9";"10.1";"7";"6.2";"3";"4.4";"3.5";"1.5";"9";"60";"90";"10";"50";"9";"6.1";"5.7"
"World";"WOR";"Club Friendlies 3";"27-06-2026 13:00";"FT";"SV Rohrbach";"0";"3";"Gloggnitz";"0";"0";"";"5.7";"";"4";"";"";"";"";"";"";"";"14.3";"";"9.6";"";"";"6.4";"";"5.6";"9";"";"56";"";"67";"";"";""
"World";"WOR";"Club Friendlies 3";"27-06-2026 13:00";"DELAYED";"Sporting Hasselt";"";"";"Anderlecht";"";"";"8.4";"4.4";"4.1";"3.8";"10.4";"64";"59";"52";"46";"27.9";"19";"13.6";"7.5";"15.7";"10.5";"7.4";"5";"3";"5.6";"9";"62";"40";"88";"50";"9";"10.6";"6.3"
"World";"WOR";"Club Friendlies 3";"27-06-2026 13:15";"FT";"LNZ Cherkasy";"0";"1";"Hajduk Split";"0";"1";"4.8";"3.8";"3.4";"4.7";"8.4";"45";"40";"35";"25";"18.3";"8.3";"11.3";"5.6";"11.4";"7.4";"3.6";"5.3";"2.1";"3.9";"9";"60";"40";"70";"40";"9";"7.5";"4.6"
"World";"WOR";"Club Friendlies 3";"27-06-2026 13:30";"FT";"Újpest";"0";"0";"Universitatea Cluj";"0";"0";"4.2";"4.5";"5.1";"5.4";"9.6";"75";"65";"35";"30";"26.4";"11.6";"10.6";"15.8";"14.9";"8.3";"4.3";"3.4";"5";"3.9";"9";"10";"50";"30";"30";"10";"5.6";"7.5"
"World";"WOR";"Club Friendlies 3";"27-06-2026 13:30";"FT";"WSPG Wels";"0";"5";"LASK Linz";"0";"2";"4.2";"4";"5.2";"4.9";"9.2";"80";"64";"43";"26";"21.4";"8.8";"17";"8.1";"8.8";"8";"4.1";"6.7";"2.7";"2.6";"9";"33";"30";"33";"30";"10";"4.3";"5.3"
"World";"WOR";"Club Friendlies 3";"27-06-2026 15:00";"FT";"Malmundaria";"0";"7";"RFC Liège";"0";"0";"";"4.9";"";"4.8";"";"";"";"";"";"";"";"11.3";"";"14.8";"";"";"3";"";"5.3";"9";"";"44";"";"33";"";"";""
"World";"WOR";"Club Friendlies 3";"27-06-2026 21:00";"FT";"Rotor Volgograd";"1";"0";"Ufa";"0";"0";"5.1";"4.2";"3.5";"6.1";"9.4";"70";"55";"45";"45";"15.6";"9.9";"5.3";"5.6";"10.3";"6.2";"3.4";"2.9";"2.1";"4.1";"9";"30";"30";"60";"20";"9";"4.4";"6.6"
"World";"WOR";"Club Friendlies 3";"27-06-2026 21:00";"AWAITING_UPDATES";"Spartak Kostroma";"";"";"Volga Ulyanovsk";"";"";"5.3";"4";"3";"4.9";"8.6";"70";"55";"30";"30";"14.4";"9.5";"7.6";"6.1";"5.6";"5.8";"3.9";"2.6";"3.1";"2.1";"9";"78";"38";"70";"40";"9";"8.6";"11.7"
"World";"WOR";"Club Friendlies 3";"27-06-2026 21:00";"AWAITING_UPDATES";"Aluminij";"";"";"Noah";"";"";"2.6";"4.1";"5.5";"4";"8.1";"68";"45";"24";"18";"18.4";"7";"10";"10.5";"9.3";"7";"2.4";"3.4";"4.6";"3.4";"9";"40";"86";"20";"25";"9";"11.7";"3.8"
"World";"WOR";"Club Friendlies Women";"27-06-2026 05:00";"AWAITING_UPDATES";"Kleinmünchen / BW Linz W";"";"";"Rapid W";"";"";"2";"5.6";"8.6";"3.4";"9.8";"80";"70";"40";"30";"25.2";"6.4";"19.8";"18.4";"5.8";"12.9";"2.8";"11.6";"8.6";"2.8";"8";"0";"60";"0";"60";"9";"8";"6.8"
"Australia";"AUS";"Tasmania Northern Championship";"27-06-2026 01:30";"FT";"Devonport City II";"4";"1";"Launceston City II";"2";"0";"";"";"";"";"";"";"";"";"";"";"";"";"";"";"";"";"";"";"";"";"";"";"";"";"";"";""
"Australia";"AUS";"Tasmania Northern Championship";"27-06-2026 01:30";"FT";"Burnie United";"0";"6";"Northern Rangers";"0";"0";"";"";"";"";"";"";"";"";"";"";"";"";"";"";"";"";"";"";"";"";"";"";"";"";"";"";""
"Australia";"AUS";"Tasmania Northern Championship";"27-06-2026 01:30";"FT";"Somerset";"2";"2";"Ulverstone II";"1";"1";"";"";"";"";"";"";"";"";"";"";"";"";"";"";"";"";"";"";"";"";"";"";"";"";"";"";""
"Australia";"AUS";"Tasmania Northern Championship";"27-06-2026 06:00";"FT";"Riverside II";"2";"0";"Launceston United II";"2";"0";"";"";"";"";"";"";"";"";"";"";"";"";"";"";"";"";"";"";"";"";"";"";"";"";"";"";""
"Peru";"PER";"Copa de La Liga";"27-06-2026 15:00";"FT";"Comerciantes Unidos";"0";"0";"ADC Juan Pablo II";"0";"0";"3.8";"4.1";"4.4";"5.7";"9";"75";"65";"55";"35";"25";"13.9";"8.1";"13.7";"14.4";"8";"3.9";"2.7";"3.6";"5.8";"7.9";"30";"50";"20";"30";"8";"18.8";"6.8"
"Peru";"PER";"Copa de La Liga";"27-06-2026 17:15";"FT";"Sporting Cristal";"2";"0";"Unión Comercio";"0";"0";"5.6";"6.8";"4";"3.2";"9.8";"70";"65";"55";"45";"23.7";"15.4";"9.9";"14.2";"7.8";"7.8";"5.6";"2";"5";"2.9";"7.9";"60";"60";"60";"80";"8";"8.9";"9"
"Peru";"PER";"Copa de La Liga";"27-06-2026 17:15";"FT";"Comerciantes";"0";"0";"Estudiantil CNI";"0";"0";"4.3";"4.9";"4.7";"4.2";"9";"74";"47";"42";"26";"17.3";"7";"10.6";"6.7";"10.3";"7";"3.6";"3.7";"2.3";"4.4";"7.9";"22";"56";"40";"44";"8";"5.4";"9.6"
"Peru";"PER";"Copa de La Liga";"27-06-2026 21:30";"FT";"Sport Boys";"3";"0";"Academia Cantolao";"0";"0";"5.3";"4.8";"2.9";"4.4";"8.7";"65";"50";"45";"35";"25.6";"14.5";"9.2";"12.1";"15.3";"8.9";"5";"3.4";"3.5";"5.9";"7.9";"50";"30";"70";"60";"9";"9.6";"6.6"
"South Africa";"RSA";"Super League Women";"27-06-2026 04:00";"FT";"JVW W";"2";"1";"Ezemvelo W";"2";"1";"6.7";"3";"0";"2.5";"6.1";"36";"29";"22";"16";"";"";"9.2";"";"9.4";"";"";"4.8";"";"3.8";"7.6";"100";"86";"100";"62";"6";"";""
"South Africa";"RSA";"Super League Women";"27-06-2026 07:00";"FT";"University of Pretoria W";"2";"0";"UWC Ladies";"0";"0";"0.5";"5.8";"8";"2.5";"8.4";"100";"38";"0";"0";"";"";"9.7";"";"5";"";"";"5.7";"";"4";"7.6";"";"67";"0";"75";"8";"";""
"South Africa";"RSA";"Super League Women";"27-06-2026 10:00";"FT";"Mamelodi Sundowns W";"5";"0";"Richmond United W";"2";"0";"6.5";"2.3";"0.5";"7.7";"8.5";"75";"46";"16";"16";"27.4";"21.3";"8.5";"5.3";"19.5";"14.5";"10.3";"4.5";"3.7";"10.5";"7.6";"100";"33";"100";"0";"7";"5.1";"5.7"