"Country ";"Short";"League ";"Hour";"Status";"Home Team";"Result Home";"Result Visitor";"Visitor Team";"Odds";"Odds";"Odds";"Odds";"Casa | Fora";"Casa | Fora";"Global";"Casa | Fora";"Global";"Global";"Global";"Global";"Casa | Fora";"Casa | Fora";"Global";"Global";"Global";"Global";"Global";"Global";"Global";"Global";"Casa | Fora";"Global";"Casa | Fora";"Casa | Fora";"Casa | Fora";"Casa | Fora";"Casa | Fora";"Global";"Global";"Casa | Fora";"Casa | Fora";"Global";"Casa | Fora";"Casa | Fora";"Casa | Fora";"Global";"Global";"Global"
"World";"WOR";"World Cup";"03-07-2026 00:00";"NS";"Switzerland";"";"";"Algeria";"2.06";"3.89";"1.35";"1.25";"";"100 | 50";"5";"100 | 34";"100";"";"3.5";"3";"3 | 1";"1 | 2";"75";"50";"100";"75";"3";"19.8";"9.8";"8.5";"3 | 1.5";"9";"70 | 35";"50 | 100";"";"0 | 0";"0 | 1";"3";"0.5";"1 | 1";"3 | 1";"";"100 | 50";"4.5 | 6";"5 | 1.5";"8.9";"75";"75"
"World";"WOR";"World Cup";"03-07-2026 15:00";"NS";"Australia";"";"";"Egypt";"3.33";"2.46";"1.58";"1.12";"";"";"";"";"";"";"";"";"";"";"";"";"";"";"";"";"";"";"";"";"";"";"";"";"";"";"";"";"";"";"";"";"";"";"";""
"World";"WOR";"World Cup";"03-07-2026 19:00";"NS";"Argentina";"";"";"Cape Verde Islands";"1.16";"17.33";"1.19";"1.45";"";"100 | 33";"3";"85 | 34";"75";"";"2.2";"2";"2.5 | 1";"0 | 1";"25";"75";"50";"75";"3";"24.2";"6.5";"8.8";"3 | 1";"9";"100 | 70";"50 | 50";"";"1 | 0.5";"0 | 1";"1";"1.2";"0 | 0";"1.5 | 0.5";"";"100 | 0";"1.5 | 2.5";"2.5 | 11";"8.9";"50";"50"
"World";"WOR";"World Cup";"03-07-2026 22:30";"NS";"Colombia";"";"";"Ghana";"1.52";"7.43";"1.39";"1.20";"";"67 | 17";"1";"17 | 17";"25";"";"1";"2";"0.5 | 0.5";"0 | 1";"25";"25";"25";"100";"3";"24.8";"7";"8";"2 | 0.5";"8";"100 | 70";"50 | 50";"";"0 | 0";"0 | 0.5";"0.8";"0.2";"0 | 0.5";"0.5 | 0.5";"";"50 | 0";"5 | 2";"3 | 6";"8.9";"50";"50"
"Sweden";"SWE";"Allsvenskan";"03-07-2026 14:00";"NS";"Sirius";"";"";"Mjällby";"1.70";"4.45";"1.20";"1.44";"1 | 6";"100 | 50";"1";"88 | 51";"92";"";"3.1";"3";"2.6 | 1.5";"0.8 | 1.3";"64";"84";"55";"64";"3.1";"28.7";"9.9";"8.3";"3 | 1.5";"9";"77 | 60";"40 | 50";"";"1.4 | 0.7";"0.6 | 0.5";"1.5";"1.6";"0.2 | 0.8";"1.2 | 0.8";"";"100 | 33";"5 | 3";"4.8 | 3.8";"9.8";"56";"48"
"Brazil";"BRA";"Carioca C";"03-07-2026 14:45";"NS";"EC Resende";"";"";"Tigres do Brasil";"";"";"";"";"7 | 3";"67 | 67";"";"68 | 58";"66";"";"3.2";"3";"2 | 1.7";"1.7 | 1";"33";"50";"66";"50";"2.7";"";"";"";"2 | 2";"";"46 | 70";"67 | 33";"";"0.3 | 1";"0.7 | 0";"2.2";"1";"1 | 1";"1.7 | 0.7";"";"67 | 67";"";"";"9.9";"";""
"Brazil";"BRA";"Carioca C";"03-07-2026 14:45";"NS";"Uni Souza";"";"";"Vera Cruz RJ";"";"";"";"";"9 | 15";"44 | 0";"";"34 | 44";"84";"";"2.8";"3";"1 | 1.3";"0.7 | 2.7";"66";"66";"50";"66";"2.7";"24.1";"9.5";"9.1";"1.3 | 0";"10";"80 | 10";"67 | 67";"";"0.3 | 0.3";"0 | 0.7";"2.2";"0.6";"0.7 | 2";"0.7 | 1";"";"33 | 0";"4.7 | 5.5";"4 | 4";"9.9";"100";"42"
"Brazil";"BRA";"Carioca C";"03-07-2026 14:45";"NS";"CAAC Brasil";"";"";"Barcelona RJ";"";"";"";"";"14 | 16";"33 | 0";"";"44 | 24";"100";"";"4";"4";"1.3 | 0.7";"2.7 | 3.3";"50";"67";"84";"34";"2.7";"26.5";"11.2";"10.8";"1 | 0";"10";"10 | 2";"100 | 33";"";"0.7 | 0.7";"1.3 | 1";"2.2";"1.8";"1.3 | 2.3";"0.7 | 0";"";"33 | 0";"3.5 | 3.5";"8.5 | 6";"9.9";"100";"100"
"Brazil";"BRA";"Carioca C";"03-07-2026 14:45";"NS";"Barra Mansa";"";"";"Cardoso Moreira";"";"";"";"";"4 | 1";"67 | 100";"";"44 | 78";"67";"";"2.2";"2";"1.3 | 2.3";"0.7 | 0";"0";"50";"33";"84";"2.7";"14.5";"6.5";"9.8";"2 | 3";"10";"80 | 100";"67 | 33";"";"0 | 1.3";"0.3 | 0";"1.4";"0.8";"0.3 | 0";"1.3 | 1";"";"67 | 100";"4.7 | 7.3";"4 | 3.7";"9.9";"84";"50"
"Brazil";"BRA";"Carioca C";"03-07-2026 14:45";"POSTPONED";"União Central";"";"";"Campos AA";"";"";"";"";"10 | 2";"78 | 78";"";"100 | 92";"100";"";"4.2";"4";"3 | 2.7";"1.7 | 1";"84";"67";"84";"33";"2.7";"30.2";"12.4";"8.5";"2.3 | 2.3";"9";"46 | 70";"67 | 67";"";"1 | 1";"0.7 | 0.3";"2.6";"1.5";"1 | 0.7";"2 | 1.7";"";"67 | 67";"4.5 | 5.3";"5.5 | 1.7";"9.9";"66";"66"
"Republic of Ireland";"IRL";"Premier Division";"03-07-2026 15:45";"NS";"Sligo Rovers";"";"";"Shamrock Rovers";"5.42";"1.56";"1.26";"1.33";"9 | 1";"40 | 57";"2";"37 | 41";"70";"";"2.2";"3";"1.1 | 1.2";"1.4 | 0.7";"45";"75";"35";"80";"2.7";"26.4";"7.3";"9.8";"1.2 | 1.7";"10";"56 | 80";"40 | 60";"";"0.6 | 0.6";"0.6 | 0.3";"1.2";"1";"0.8 | 0.4";"0.5 | 0.6";"";"30 | 50";"4.2 | 5.1";"7.7 | 2.6";"10.1";"75";"65"
"Republic of Ireland";"IRL";"Premier Division";"03-07-2026 15:45";"NS";"St Patrick's";"";"";"Galway United";"1.42";"6.65";"1.20";"1.44";"3 | 7";"73 | 30";"1";"68 | 41";"70";"";"2.7";"3";"2 | 1.2";"0.6 | 1.5";"55";"60";"40";"65";"2.7";"27.8";"9.8";"10.8";"2.2 | 0.9";"10";"84 | 52";"40 | 40";"";"0.6 | 0.5";"0.5 | 0.6";"1.6";"1.1";"0.1 | 0.9";"1.4 | 0.7";"";"70 | 20";"7.1 | 5.1";"3.7 | 5.6";"10.1";"75";"75"
"Republic of Ireland";"IRL";"Premier Division";"03-07-2026 15:45";"NS";"Shelbourne";"";"";"Dundalk";"2.15";"3.00";"1.19";"1.44";"5 | 4";"33 | 47";"5";"44 | 48";"85";"";"3";"2";"1.3 | 1.4";"1.7 | 1.7";"70";"80";"60";"65";"2.7";"28.1";"9.3";"10.4";"1 | 1.4";"10";"46 | 46";"70 | 40";"";"0.6 | 0.7";"0.8 | 0.7";"1.6";"1.4";"0.9 | 1";"0.7 | 0.7";"";"20 | 30";"4.9 | 7.2";"3.8 | 4.8";"10.1";"70";"65"
"Republic of Ireland";"IRL";"Premier Division";"03-07-2026 15:45";"NS";"Drogheda United";"";"";"Bohemians";"4.46";"1.74";"1.24";"1.36";"8 | 2";"37 | 57";"2";"41 | 58";"65";"";"2.8";"3";"1.2 | 1.7";"1.4 | 1.3";"60";"75";"60";"55";"2.7";"24.8";"8.2";"9.2";"1.1 | 1.7";"9";"56 | 60";"50 | 70";"";"0.7 | 0.8";"0.8 | 0.6";"1.4";"1.4";"0.6 | 0.7";"0.5 | 0.9";"";"20 | 50";"3.7 | 5.5";"4.7 | 4.4";"10.1";"65";"60"
"Republic of Ireland";"IRL";"Premier Division";"03-07-2026 15:45";"NS";"Derry City";"";"";"Waterford United";"1.44";"6.33";"1.20";"1.43";"6 | 10";"53 | 17";"1";"51 | 48";"75";"";"3.3";"3";"1.5 | 1.4";"0.9 | 2.8";"60";"85";"55";"55";"2.7";"27.1";"9.4";"9.7";"1.6 | 0.5";"10";"74 | 7";"40 | 60";"";"0.5 | 0.9";"0.5 | 1.1";"1.8";"1.5";"0.4 | 1.7";"1 | 0.5";"";"40 | 10";"6.2 | 3.7";"3.7 | 5.8";"10.1";"85";"75"
"Republic of Ireland";"IRL";"First Division";"03-07-2026 15:45";"NS";"Treaty United";"";"";"Kerry";"2.44";"2.71";"";"";"10 | 6";"40 | 20";"5";"37 | 27";"60";"";"2.2";"2";"1.1 | 0.8";"1.1 | 1.5";"40";"60";"45";"80";"2.6";"17.3";"7";"9.4";"1.2 | 0.6";"9";"66 | 52";"50 | 40";"";"0.4 | 0.6";"0.6 | 0.3";"1.3";"1";"0.5 | 1.2";"0.7 | 0.2";"";"30 | 10";"4.7 | 3.2";"4.2 | 6.6";"9.3";"70";"60"
"Republic of Ireland";"IRL";"First Division";"03-07-2026 15:45";"NS";"Finn Harps";"";"";"Wexford Youths";"4.01";"1.74";"1.19";"1.39";"9 | 5";"43 | 23";"2";"37 | 34";"80";"";"2.7";"3";"1.1 | 1";"1.6 | 1.6";"55";"60";"60";"70";"2.6";"18.2";"7.6";"8.4";"1.3 | 0.7";"9";"49 | 49";"60 | 60";"";"0.3 | 0.7";"0.6 | 0.5";"1.6";"1";"1 | 1.1";"0.8 | 0.3";"";"30 | 10";"4.4 | 3.3";"4.7 | 4.5";"9.3";"65";"50"
"Republic of Ireland";"IRL";"First Division";"03-07-2026 15:45";"NS";"Cobh Ramblers";"";"";"Cork City";"4.39";"1.70";"1.23";"1.33";"4 | 1";"53 | 70";"2";"48 | 51";"70";"";"2.1";"3";"1.4 | 1.5";"0.9 | 0.4";"40";"70";"30";"85";"2.6";"17.8";"7.5";"8.4";"1.6 | 2.1";"9";"74 | 100";"40 | 60";"";"0.8 | 0.4";"0.5 | 0.2";"1.2";"1";"0.4 | 0.2";"0.6 | 1.1";"";"40 | 60";"4.8 | 4.7";"3.3 | 3.9";"9.3";"65";"40"
"Republic of Ireland";"IRL";"First Division";"03-07-2026 15:45";"NS";"Bray Wanderers";"";"";"Athlone Town";"1.68";"4.30";"1.18";"1.42";"3 | 8";"73 | 23";"1";"88 | 20";"75";"";"2.9";"3";"2.6 | 0.6";"1.2 | 1.4";"65";"55";"55";"70";"2.6";"21";"8.9";"9.7";"2.2 | 0.7";"10";"63 | 56";"50 | 50";"";"0.7 | 0.1";"0.3 | 0.4";"2.2";"0.8";"0.9 | 1";"1.9 | 0.5";"";"60 | 20";"6 | 4.9";"4.7 | 3.8";"9.3";"80";"55"
"United States";"USA";"NWSL";"03-07-2026 21:00";"NS";"Washington Spirit W";"";"";"Houston Dash W";"1.32";"7.77";"1.19";"1.40";"4 | 11";"67 | 20";"1";"54 | 14";"60";"";"2.1";"2";"1.6 | 0.4";"0.6 | 1.6";"30";"90";"40";"90";"2.5";"23.6";"8";"9.8";"2 | 0.6";"10";"84 | 49";"40 | 60";"";"1 | 0.4";"0.2 | 0.8";"0.9";"1.2";"0.4 | 0.8";"0.6 | 0";"";"60 | 20";"4.2 | 3.2";"4 | 8.2";"9.4";"50";"50"
"United States";"USA";"NWSL";"03-07-2026 22:30";"NS";"Denver Summit W";"";"";"Kansas City Current W";"2.53";"2.38";"1.20";"1.36";"9 | 6";"44 | 17";"5";"58 | 24";"84";"";"3";"3";"1.7 | 0.7";"1.3 | 2.3";"58";"75";"75";"58";"2.5";"22.4";"7.4";"7.1";"1.3 | 0.5";"8";"60 | 25";"67 | 83";"";"1 | 0.5";"0 | 1.2";"1.6";"1.4";"1.3 | 1.2";"0.7 | 0.2";"";"33 | 17";"2.7 | 4.3";"3 | 4.2";"9.4";"34";"25"
"United States";"USA";"NWSL";"03-07-2026 23:00";"NS";"Angel City W";"";"";"Orlando Pride W";"2.48";"2.51";"1.22";"1.32";"12 | 8";"43 | 39";"5";"54 | 44";"76";"";"2.8";"2";"1.6 | 1.3";"1.3 | 1.3";"60";"70";"76";"76";"2.5";"26";"9.1";"9.4";"1.3 | 1.2";"9";"60 | 60";"86 | 67";"";"0.3 | 1";"0.4 | 0.3";"1.7";"1";"0.9 | 1";"1.3 | 0.3";"";"43 | 33";"5.7 | 3.5";"3.4 | 6.2";"9.4";"69";"54"
"Australia";"AUS";"Npl Queensland";"03-07-2026 06:30";"NS";"Wynnum Wolves FC";"";"";"Rochedale Rovers";"";"";"";"";"7 | 9";"46 | 10";"";"48 | 34";"100";"";"3.7";"4";"1.4 | 1";"2 | 3";"74";"94";"87";"46";"3.9";"23";"9.4";"11.9";"1.4 | 0.3";"11";"35 | 0";"38 | 71";"";"0.5 | 0.3";"0.8 | 1";"2.4";"1.2";"1.2 | 2";"0.9 | 0.7";"";"38 | 0";"6.5 | 4.7";"6.2 | 6.1";"10.4";"78";"78"
"Australia";"AUS";"Npl South Australian";"03-07-2026 08:00";"NS";"Adelaide Comets";"";"";"Croydon Kings";"";"";"";"";"11 | 6";"38 | 52";"";"41 | 71";"74";"";"3.2";"4";"1.2 | 2.1";"1.4 | 1.6";"48";"66";"52";"73";"3.6";"18";"8.8";"9.2";"1.1 | 1.6";"9";"56 | 49";"62 | 29";"";"0.6 | 0.7";"0.5 | 0.6";"2";"1.2";"0.9 | 1";"0.6 | 1.4";"";"38 | 43";"4 | 4.4";"5.5 | 4.4";"9.2";"59";"52"
"Australia";"AUS";"Npl Victoria";"03-07-2026 06:30";"NS";"Heidelberg United";"";"";"St. Albans Saints";"1.66";"4.10";"";"";"5 | 10";"52 | 41";"1";"61 | 44";"78";"";"3.2";"3";"1.8 | 1.3";"1.2 | 2";"62";"78";"72";"62";"3.1";"18.2";"7.4";"9.8";"1.6 | 1.2";"10";"63 | 35";"67 | 44";"";"0.7 | 0.9";"0.3 | 1";"1.7";"1.4";"0.9 | 1";"1.1 | 0.4";"";"44 | 33";"6.7 | 3.6";"4 | 5.4";"10.2";"78";"72"
"Australia";"AUS";"Npl Victoria";"03-07-2026 06:30";"NS";"Green Gully";"";"";"Bentleigh Greens";"2.60";"2.30";"";"";"14 | 12";"4 | 19";"5";"7 | 10";"66";"";"2.4";"2";"0.2 | 0.3";"2.4 | 1.9";"12";"86";"40";"66";"3.1";"20.2";"8.8";"10.4";"0.1 | 0.6";"10";"21 | 38";"38 | 43";"";"0.1 | 0.1";"1.4 | 1";"1";"1.3";"1 | 0.9";"0.1 | 0.1";"";"0 | 14";"5.4 | 3.3";"6.1 | 6";"10.2";"86";"73"
"Australia";"AUS";"Northern Nsw";"03-07-2026 07:00";"NS";"Edgeworth Eagles";"";"";"Kahibah";"1.26";"7.26";"1.04";"1.97";"5 | 12";"86 | 33";"3";"68 | 54";"78";"";"3.6";"3";"2 | 1.6";"1.1 | 2.6";"64";"93";"78";"50";"3.6";"20.8";"8.8";"11";"2.6 | 1";"11";"66 | 14";"43 | 29";"";"1 | 0.9";"0.7 | 1.1";"1.8";"1.8";"0.4 | 1.4";"1 | 0.7";"";"86 | 29";"4.7 | 4.6";"4.6 | 8";"10.9";"64";"64"
"Australia";"AUS";"Northern Nsw";"03-07-2026 07:00";"NS";"Cooks Hill United";"";"";"Valentine";"1.60";"4.08";"1.07";"1.78";"7 | 9";"43 | 42";"1";"71 | 31";"88";"";"3";"3";"2.1 | 0.9";"1.7 | 1.2";"62";"88";"62";"72";"3.6";"19.1";"9";"10.2";"1.3 | 1.2";"10";"46 | 63";"57 | 38";"";"1.1 | 0.2";"0.9 | 0.6";"1.5";"1.4";"0.9 | 0.6";"1 | 0.6";"";"29 | 38";"4.4 | 4.6";"6.4 | 5";"10.9";"80";"66"
"Australia";"AUS";"Victoria Premier League 2";"03-07-2026 07:30";"NS";"Melbourne Knights";"";"";"Bulleen Lions";"1.68";"3.85";"";"";"2 | 5";"81 | 59";"1";"68 | 68";"84";"";"2.8";"3";"2 | 2";"0.4 | 1.3";"56";"67";"62";"61";"3.3";"20.4";"8.2";"10.1";"2.4 | 1.8";"10";"100 | 60";"56 | 56";"";"1 | 0.6";"0.3 | 0.8";"1.6";"1.3";"0.1 | 0.6";"1 | 1.4";"";"78 | 44";"6.3 | 4.2";"3.8 | 6";"10.5";"83";"78"
"Australia";"AUS";"Victoria Premier League 2";"03-07-2026 07:30";"NS";"Northcote City";"";"";"Melbourne Srbija";"1.61";"4.10";"";"";"1 | 7";"83 | 29";"1";"65 | 27";"62";"";"2.2";"3";"1.9 | 0.8";"0.5 | 1.4";"50";"38";"50";"82";"3.3";"19";"7.4";"11.9";"2.5 | 0.9";"12";"88 | 56";"50 | 50";"";"0.5 | 0.4";"0.2 | 0.1";"1.6";"0.6";"0.2 | 1.2";"1.4 | 0.4";"";"75 | 25";"8.8 | 4.1";"4.5 | 6.5";"10.5";"81";"69"
"Australia";"AUS";"Victoria Premier League 2";"03-07-2026 07:30";"NS";"Brunswick Juventus";"";"";"Brunswick City";"";"";"";"";"3 | 10";"62 | 29";"";"54 | 54";"75";"";"3.2";"4";"1.6 | 1.6";"1.2 | 2";"62";"69";"75";"63";"3.3";"19.6";"9.2";"10.6";"1.9 | 0.9";"10";"63 | 35";"75 | 62";"";"0.4 | 1";"0.2 | 1.2";"1.8";"1.4";"1 | 0.8";"1.2 | 0.6";"";"62 | 25";"7 | 5.9";"4.4 | 4";"10.5";"88";"75"
"Australia";"AUS";"Northern Territory Premier League";"03-07-2026 06:00";"NS";"Uni Azzurri";"";"";"Casuarina";"";"";"";"";"1 | 6";"83 | 39";"";"100 | 92";"100";"";"5.5";"5";"4.2 | 2.7";"1.5 | 2.7";"92";"92";"92";"17";"4.9";"24.8";"13";"7.6";"2.5 | 1.2";"8";"52 | 10";"33 | 67";"";"1.8 | 1";"0.8 | 0.8";"3.2";"2.2";"0.7 | 1.8";"2.3 | 1.7";"";"83 | 33";"5.2 | 2.8";"4.5 | 2.7";"8.9";"42";"42"
"Australia";"AUS";"Northern Territory Premier League";"03-07-2026 08:00";"NS";"Hellenic Athletic";"";"";"Mindil Aces";"";"";"";"";"8 | 2";"17 | 56";"";"68 | 92";"92";"";"4.6";"5";"2 | 2.7";"3.5 | 1.2";"84";"83";"75";"25";"4.9";"25.2";"12";"9.4";"0.5 | 1.7";"9";"2 | 63";"50 | 67";"";"0.3 | 0.8";"1.2 | 0.5";"3.2";"1.4";"2.3 | 0.7";"1.7 | 1.8";"";"0 | 50";"4.2 | 6.7";"4.8 | 3.2";"8.9";"75";"75"
"Australia";"AUS";"South Australia State League 1";"03-07-2026 07:00";"NS";"Adelaide Olympic";"";"";"Salisbury United";"1.67";"3.80";"";"";"4 | 11";"67 | 5";"1";"61 | 24";"94";"";"2.9";"3";"1.8 | 0.7";"0.8 | 2.6";"40";"81";"54";"80";"3.4";"18.4";"8.5";"8.4";"2 | 0.1";"9";"77 | 14";"50 | 29";"";"0.8 | 0.3";"0.2 | 1.4";"1.6";"1.4";"0.5 | 1.1";"1 | 0.4";"";"62 | 0";"4.4 | 4.3";"3.4 | 4.9";"9.7";"60";"54"
"Australia";"AUS";"South Australia State League 1";"03-07-2026 07:15";"NS";"Eastern United";"";"";"Modbury Jets";"";"";"";"";"10 | 5";"42 | 53";"";"41 | 48";"75";"";"2.6";"3";"1.2 | 1.4";"1.4 | 1.2";"59";"71";"39";"78";"3.4";"17.4";"7.8";"9";"1.2 | 1.6";"9";"56 | 63";"38 | 40";"";"0.6 | 0.6";"0.6 | 0.6";"1.4";"1.2";"0.8 | 0.6";"0.6 | 0.8";"";"38 | 40";"3.1 | 5.2";"5.5 | 4.2";"9.7";"71";"59"
"Australia";"AUS";"South Australia Reserves Premier League";"03-07-2026 23:45";"NS";"Adelaide City Res.";"";"";"Para Hills Knights Res.";"3.50";"1.79";"";"";"10 | 5";"24 | 62";"2";"65 | 78";"93";"";"4.6";"4";"1.9 | 2.3";"2.7 | 2.3";"72";"100";"78";"29";"4.6";"21.5";"12.8";"9.6";"0.7 | 1.9";"10";"10 | 25";"71 | 57";"";"0.7 | 1.3";"1.1 | 0.7";"2.7";"2";"1.6 | 1.6";"1.1 | 1";"";"14 | 57";"4.5 | 3.5";"5.2 | 6";"10.1";"75";"66"
"Australia";"AUS";"Queensland Premier League";"03-07-2026 07:30";"NS";"Ipswich";"";"";"Holland Park Hawks";"1.84";"3.35";"";"";"3 | 7";"50 | 42";"1";"37 | 48";"56";"";"2.4";"3";"1.1 | 1.4";"0.8 | 1.5";"50";"81";"38";"68";"3.4";"22.6";"9.5";"10.4";"1.5 | 1.2";"11";"77 | 52";"50 | 50";"";"0.4 | 0.8";"0.4 | 0.5";"1.4";"1";"0.4 | 1";"0.8 | 0.6";"";"38 | 38";"5.7 | 4";"4.4 | 6.6";"10";"73";"66"
"Australia";"AUS";"Queensland Premier League";"03-07-2026 07:30";"NS";"Caboolture";"";"";"SC Wanderers";"2.06";"2.75";"";"";"5 | 4";"41 | 54";"5";"68 | 68";"100";"";"3.8";"4";"2 | 2";"1.9 | 1.8";"81";"88";"88";"53";"3.4";"23.4";"13.4";"9.6";"1.2 | 1.6";"10";"38 | 42";"56 | 38";"";"0.6 | 1";"0.8 | 0.6";"2.4";"1.5";"1.1 | 1.1";"1.4 | 1";"";"33 | 50";"3.3 | 5.1";"5.3 | 5.4";"10";"78";"59"
"Australia";"AUS";"Victoria NPL 2 Youth";"03-07-2026 05:15";"NS";"White Eagles U23";"";"";"Keilor Park U23";"";"";"";"";"9 | 5";"19 | 74";"";"41 | 82";"94";"";"3.7";"4";"1.2 | 2.4";"2.3 | 1.3";"72";"";"67";"44";"4.1";"";"";"";"0.6 | 2.2";"";"25 | 60";"56 | 56";"";"";"";"0";"0";"";"";"";"11 | 67";"";"";"0";"";""
"Australia";"AUS";"Victoria NPL 2 Youth";"03-07-2026 23:00";"NS";"Werribee City U23";"";"";"Altona City U23";"";"";"";"";"8 | 2";"59 | 67";"";"95 | 100";"100";"";"4.5";"4";"2.8 | 3";"2 | 1.2";"64";"";"88";"29";"4.1";"";"";"";"1.8 | 2";"";"35 | 63";"56 | 50";"";"";"";"0";"0";"";"";"";"56 | 62";"";"";"0";"";""
"Australia";"AUS";"Victoria NPL 2 Youth";"03-07-2026 23:45";"NS";"Bayside Argonauts U23";"";"";"Essendon Royals U23";"";"";"";"";"7 | 4";"43 | 52";"";"68 | 78";"100";"";"4.2";"4";"2 | 2.3";"2.3 | 1.7";"74";"";"69";"50";"4.1";"";"";"";"1.3 | 1.6";"";"25 | 46";"29 | 44";"";"";"";"0";"0";"";"";"";"29 | 44";"";"";"0";"";""
"Australia";"AUS";"South Australia State League 1 Reserves";"03-07-2026 23:30";"NS";"Eastern United Res.";"";"";"Modbury Jets Res.";"";"";"";"";"11 | 4";"29 | 44";"";"61 | 78";"94";"";"4.2";"4";"1.8 | 2.3";"2.9 | 1.3";"79";"94";"79";"50";"4.1";"28.8";"15.2";"11";"0.9 | 1.3";"10";"4 | 60";"50 | 50";"";"1 | 1.2";"1.5 | 0.8";"1.9";"2.2";"1.4 | 0.5";"0.8 | 1.2";"";"25 | 33";"5.2 | 7.8";"4.2 | 5";"9.6";"75";"66"
"Australia";"AUS";"Capital Territory NPL Youth League";"03-07-2026 23:45";"NS";"Canberra White Eagles U23";"";"";"Cooma Tigers U23";"";"";"";"";"11 | 1";"0 | 89";"";"27 | 100";"79";"";"4";"4";"0.8 | 3.3";"3.4 | 0.7";"50";"94";"79";"42";"4.2";"26.4";"16.4";"8.4";"0 | 2.7";"9";"2 | 80";"38 | 67";"";"0.5 | 2.2";"1.2 | 0.3";"2";"2.2";"2.1 | 0.3";"0.2 | 1.2";"";"0 | 83";"1.7 | 4.2";"6.6 | 4.2";"8.6";"54";"46"
"Australia";"AUS";"Capital Territory NPL Youth League";"03-07-2026 23:45";"NS";"Queanbeyan City U23";"";"";"Tuggeranong United U23";"";"";"";"";"6 | 4";"62 | 50";"";"78 | 61";"93";"";"3.8";"4";"2.3 | 1.8";"1.4 | 2";"86";"100";"86";"38";"4.2";"26.8";"17.3";"8.6";"1.9 | 1.5";"8";"56 | 35";"57 | 67";"";"1.3 | 1.2";"0.9 | 0.8";"1.7";"2";"0.6 | 1.2";"1 | 0.7";"";"57 | 50";"4.6 | 5.4";"3.2 | 4";"8.6";"50";"40"
"Australia";"AUS";"Queensland NPL Youth League";"03-07-2026 23:00";"NS";"Gold Coast Knights U23";"";"";"Moreton City U23";"";"";"";"";"3 | 5";"80 | 52";"";"100 | 99";"90";"";"4.6";"4";"3.2 | 2.9";"1.2 | 1.9";"63";"100";"90";"34";"4.2";"";"";"";"2.4 | 1.6";"";"63 | 38";"20 | 29";"";"1 | 1.3";"0.8 | 0.7";"1.8";"1.7";"2.8 | 1.1";"1 | 1.6";"";"80 | 43";"";"";"10.2";"";""
"Australia";"AUS";"NSW League One Youth";"03-07-2026 05:00";"NS";"Hurstville U20";"";"";"Bankstown Berries U20";"";"";"";"";"13 | 15";"33 | 20";"";"54 | 41";"95";"";"4.7";"4";"1.6 | 1.2";"2.8 | 3.8";"60";"95";"90";"20";"3.8";"25.6";"13.2";"9.6";"1 | 0.6";"10";"7 | 2";"50 | 40";"";"0.7 | 0.6";"1.4 | 1.6";"2.2";"2";"1.4 | 3.1";"0.9 | 0.9";"";"30 | 10";"4.3 | 5.3";"5 | 4.7";"9";"74";"58"
"Australia";"AUS";"NSW League One Youth";"03-07-2026 05:00";"NS";"Prospect United U20";"";"";"Hakoah Sydney U20";"";"";"";"";"3 | 1";"60 | 83";"";"65 | 68";"80";"";"2.8";"4";"1.9 | 2";"1 | 0.6";"45";"89";"55";"80";"3.8";"23.3";"13.2";"9.4";"1.8 | 2.5";"9";"70 | 84";"50 | 60";"";"1 | 1";"0.3 | 0.7";"1.2";"1.1";"0.7 | 0.3";"1.2 | 2.3";"";"50 | 80";"3.7 | 6.5";"5.3 | 3.2";"9";"66";"46"
"Australia";"AUS";"Northern NSW Reserve League";"03-07-2026 05:00";"POSTPONED";"Edgeworth Eagles Res.";"";"";"Kahibah Res.";"1.48";"5.35";"";"";"5 | 12";"24 | 29";"1";"54 | 48";"100";"";"4.4";"5";"1.6 | 1.4";"1.9 | 3.9";"78";"70";"86";"43";"3.9";"26.4";"15.4";"10.9";"0.7 | 0.9";"10";"38 | 2";"43 | 29";"";"0.4 | 0.7";"0.4 | 2";"2.5";"1.6";"1.4 | 2.5";"1.1 | 1";"";"14 | 29";"3.2 | 6.7";"5.5 | 6.3";"10.3";"88";"75"
"Australia";"AUS";"Northern NSW Reserve League";"03-07-2026 05:00";"POSTPONED";"Cooks Hill United Res.";"";"";"Valentine Res.";"";"";"";"";"3 | 1";"62 | 58";"";"100 | 85";"87";"";"4.6";"4";"3.3 | 2.5";"1.6 | 1.8";"73";"80";"87";"34";"3.9";"31.4";"21.3";"10.5";"1.9 | 1.8";"11";"49 | 42";"43 | 62";"";"1.7 | 0.9";"0.3 | 0.6";"2.8";"1.8";"1.3 | 1.1";"1.6 | 1.6";"";"57 | 50";"4.3 | 5";"7.7 | 4";"10.3";"75";"58"
"Australia";"AUS";"Victoria NPL 3";"03-07-2026 06:30";"NS";"Box Hill United";"";"";"Whittlesea United";"";"";"";"";"5 | 7";"52 | 30";"";"44 | 37";"84";"";"2.6";"2";"1.3 | 1.1";"1.2 | 1.4";"64";"54";"42";"84";"3.1";"22.5";"12.2";"11";"1.6 | 0.9";"10";"63 | 56";"44 | 40";"";"0.7 | 0.1";"0.3 | 0.7";"1.6";"0.9";"0.9 | 0.7";"0.7 | 1";"";"44 | 20";"4.8 | 6.7";"4.1 | 6.3";"9.9";"79";"72"
"Australia";"AUS";"Victoria NPL 3";"03-07-2026 06:45";"NS";"Kingston City";"";"";"Nunawading City";"";"";"";"";"12 | 8";"43 | 19";"";"27 | 24";"88";"";"2.8";"2";"0.8 | 0.7";"2.1 | 2";"44";"78";"56";"78";"3.1";"21.6";"11.6";"10.4";"1.3 | 0.6";"10";"32 | 35";"70 | 43";"";"0.2 | 0.1";"0.7 | 1.1";"1.7";"1.1";"1.4 | 0.9";"0.6 | 0.6";"";"40 | 14";"4.4 | 3.6";"7.5 | 5.2";"9.9";"75";"75"
"Australia";"AUS";"Victoria NPL 3";"03-07-2026 07:30";"NS";"Springvale White Eagles";"";"";"Keilor Park";"";"";"";"";"10 | 6";"44 | 33";"";"41 | 37";"67";"";"2.8";"3";"1.2 | 1.1";"1.3 | 1.8";"56";"67";"62";"67";"3.1";"25.1";"13.4";"10.2";"1.3 | 1";"10";"60 | 42";"67 | 56";"";"0.8 | 0.2";"0.7 | 0.8";"1.5";"1.2";"0.7 | 1";"0.4 | 0.9";"";"33 | 33";"5.6 | 6.1";"4.9 | 4";"9.9";"80";"74"
"Australia";"AUS";"New South Wales NPL 2";"03-07-2026 07:00";"NS";"Hurstville";"";"";"Bankstown Berries";"";"";"";"";"10 | 4";"50 | 63";"";"54 | 85";"90";"";"3.4";"3";"1.6 | 2.5";"1.5 | 1.1";"80";"70";"55";"65";"3.2";"19";"9.6";"8.8";"1.5 | 1.9";"9";"52 | 66";"30 | 40";"";"0.4 | 1.1";"0.3 | 0.4";"2.2";"1.1";"1.2 | 0.7";"1.2 | 1.4";"";"40 | 50";"4.7 | 4.1";"3.5 | 5.3";"9.9";"58";"53"
"Australia";"AUS";"New South Wales NPL 2";"03-07-2026 07:00";"NS";"Prospect United";"";"";"Hakoah Sydney City";"";"";"";"";"15 | 8";"23 | 37";"";"31 | 58";"90";"";"2.9";"3";"0.9 | 1.7";"1.4 | 1.8";"80";"70";"40";"65";"3.2";"23.5";"11.6";"8";"0.7 | 1.1";"9";"56 | 42";"30 | 50";"";"0.3 | 0.8";"0.8 | 0.8";"1.5";"1.4";"0.6 | 1";"0.6 | 0.9";"";"0 | 20";"2.2 | 4.7";"4.5 | 4.6";"9.9";"53";"46"
"Australia";"AUS";"New South Wales NPL 3";"03-07-2026 07:00";"NS";"Sydney University";"";"";"Bankstown United";"";"";"";"";"9 | 14";"52 | 24";"";"48 | 37";"88";"";"3";"3";"1.4 | 1.1";"1.1 | 2.1";"58";"62";"64";"80";"3.5";"21.8";"12.4";"11.4";"1.6 | 0.7";"11";"66 | 32";"56 | 29";"";"0.6 | 0.6";"0.3 | 0.9";"1.8";"1.2";"0.8 | 1.3";"0.9 | 0.6";"";"44 | 14";"7 | 7";"5.7 | 3";"10";"84";"84"
"Australia";"AUS";"New South Wales NPL 3";"03-07-2026 07:00";"NS";"Nepean";"";"";"Mounties Wanderers";"";"";"";"";"10 | 1";"41 | 67";"";"58 | 88";"89";"";"3.6";"4";"1.7 | 2.6";"1.8 | 1.1";"56";"84";"67";"44";"3.5";"26.4";"18.2";"8.8";"1.2 | 2";"9";"42 | 66";"56 | 56";"";"0.4 | 1.2";"1.3 | 0.4";"1.8";"1.8";"0.4 | 0.7";"1.2 | 1.3";"";"33 | 56";"4 | 5.5";"4 | 4";"10";"62";"54"
"Australia";"AUS";"New South Wales NPL 3 Youth";"03-07-2026 05:00";"NS";"Sydney University U20";"";"";"Bankstown United U20";"";"";"";"";"8 | 1";"56 | 90";"";"78 | 92";"88";"";"3.9";"";"2.3 | 2.7";"1.8 | 1";"68";"";"88";"44";"";"";"";"";"1.7 | 2.7";"";"42 | 70";"44 | 57";"";"";"";"0";"0";"";"";"";"56 | 86";"";"";"";"";""
"Australia";"AUS";"New South Wales NPL 3 Youth";"03-07-2026 05:00";"NS";"Nepean U20";"";"";"Mounties Wanderers U20";"";"";"";"";"14 | 2";"11 | 63";"";"41 | 88";"94";"";"4.6";"";"1.2 | 2.6";"3.4 | 1.9";"72";"";"94";"22";"";"";"";"";"0.3 | 1.9";"";"2 | 38";"33 | 44";"";"";"";"0";"0";"";"";"";"11 | 56";"";"";"";"";""
"Australia";"AUS";"Queensland PL Youth";"03-07-2026 05:30";"NS";"Ipswich U23";"";"";"Holland Park U23";"";"";"";"";"2 | 9";"57 | 48";"";"99 | 48";"78";"";"3.5";"4";"2.9 | 1.4";"0.9 | 1.9";"50";"75";"78";"57";"3.8";"25.4";"12.6";"9";"1.7 | 1.4";"10";"74 | 38";"57 | 29";"";"1.2 | 0.5";"0.2 | 1.5";"1.5";"1.4";"1.7 | 0.7";"1.3 | 1.2";"";"57 | 43";"5.3 | 3.2";"2.7 | 6.8";"9.9";"65";"65"
"Australia";"AUS";"Queensland PL Youth";"03-07-2026 05:30";"NS";"Caboolture U23";"";"";"SC Wanderers U23";"";"";"";"";"8 | 1";"50 | 79";"";"82 | 68";"88";"";"3.4";"4";"2.4 | 2";"1.5 | 0.9";"62";"68";"75";"56";"3.8";"30";"17.8";"9.5";"1.5 | 2.4";"10";"52 | 74";"62 | 50";"";"1 | 1.1";"0.4 | 0.1";"1.5";"1";"2.4 | 0.9";"2.4 | 1.1";"";"38 | 75";"5.3 | 5";"4.7 | 4";"9.9";"69";"69"
"Australia";"AUS";"Queensland PL Youth";"03-07-2026 23:15";"NS";"Robina City U23";"";"";"Broadbeach United U23";"";"";"";"";"3 | 7";"57 | 58";"";"100 | 65";"80";"";"4.6";"4";"3.1 | 1.9";"1.7 | 2.4";"66";"90";"73";"27";"3.8";"24";"12.9";"11.6";"1.7 | 1.8";"10";"46 | 21";"57 | 50";"";"1.8 | 1.2";"0.2 | 1";"1.6";"1.4";"1.8 | 2.8";"3 | 1.8";"";"57 | 50";"6.4 | 7.4";"4.6 | 4.8";"9.9";"90";"80"
"Australia";"AUS";"Tasmania Southern Championship";"03-07-2026 07:15";"NS";"Glenorchy Knights II";"";"";"Clarence Zebras II";"";"";"";"";"9 | 6";"13 | 60";"";"48 | 95";"100";"";"5.9";"6";"1.4 | 2.8";"3.8 | 3.8";"80";"90";"100";"0";"5.4";"28.4";"11.2";"10.8";"0.4 | 1.8";"9";"2 | 2";"60 | 60";"";"0.6 | 0.6";"1.2 | 2";"3.7";"2.2";"2.6 | 1.8";"0.8 | 2.2";"";"0 | 60";"1.3 | 3.5";"9.3 | 7.5";"9.1";"75";"58"
"Australia";"AUS";"Tasmania Southern Championship";"03-07-2026 23:15";"NS";"Taroona";"";"";"Hobart United";"";"";"";"";"5 | 8";"60 | 27";"";"100 | 68";"100";"";"6.6";"6";"4.4 | 2";"1.6 | 5.2";"40";"100";"100";"10";"5.4";"22.9";"13";"10.2";"1.8 | 0.8";"10";"49 | 2";"40 | 40";"";"2.2 | 0.8";"0.4 | 2.4";"3.7";"2.9";"1.2 | 2.8";"2.2 | 1.2";"";"60 | 20";"6 | 5.5";"5.5 | 3.5";"9.1";"88";"75"
"Australia";"AUS";"TAS NPL Youth";"03-07-2026 06:00";"NS";"Launceston City U21";"";"";"Launceston United U21";"";"";"";"";"3 | 10";"90 | 20";"";"92 | 34";"93";"";"4.6";"5";"2.7 | 1";"1 | 4.6";"66";"";"93";"32";"4.7";"";"";"";"2.7 | 0.6";"";"70 | 2";"57 | 40";"";"";"";"0";"0";"";"";"";"86 | 20";"";"";"0";"";""
"Australia";"AUS";"TAS NPL Youth";"03-07-2026 23:15";"NS";"Devonport Strikers U21";"";"";"Riverside Olympic U21";"";"";"";"";"5 | 8";"47 | 20";"";"88 | 68";"80";"";"4.9";"5";"2.6 | 2";"1.6 | 3.6";"60";"";"80";"30";"4.7";"";"";"";"1.4 | 0.6";"";"49 | 2";"20 | 80";"";"";"";"0";"0";"";"";"";"40 | 20";"";"";"0";"";""
"Australia";"AUS";"TAS NPL Youth";"03-07-2026 23:15";"NS";"Ulverstone U21";"";"";"Kingborough Lions U21";"";"";"";"";"6 | 1";"50 | 83";"";"75 | 100";"92";"";"5.6";"5";"2.2 | 6.7";"1.7 | 0.8";"42";"";"84";"34";"4.7";"";"";"";"1.5 | 2.5";"";"46 | 77";"33 | 50";"";"";"";"0";"0";"";"";"";"50 | 83";"";"";"0";"";""
"Bhutan";"BHU";"Bhutan Premier League";"03-07-2026 07:00";"NS";"Tensung";"";"";"Thimphu";"";"";"";"";"9 | 7";"50 | 50";"";"17 | 68";"25";"";"2.2";"2";"0.5 | 2";"0.5 | 1.5";"25";"75";"25";"75";"3.2";"31.8";"4";"11.2";"1.5 | 1.5";"10";"88 | 52";"100 | 50";"";"0.5 | 1";"0 | 1";"1";"1.2";"0.5 | 0.5";"0 | 1";"";"50 | 50";"2.5 | 7.5";"7 | 5.5";"9.9";"100";"100"
"Belarus";"BLR";"Vysshaya Liga";"03-07-2026 10:00";"NS";"Naftan";"";"";"Dinamo Brest";"8.55";"1.43";"1.24";"1.34";"16 | 8";"29 | 52";"2";"10 | 37";"50";"";"1.6";"1";"0.3 | 1.1";"1.1 | 0.7";"28";"57";"28";"93";"2.5";"12.2";"5";"11.7";"0.9 | 1.6";"10";"66 | 80";"43 | 57";"";"0.1 | 0.7";"0.7 | 0.4";"0.6";"1";"0.4 | 0.3";"0.1 | 0.4";"";"14 | 43";"4.7 | 6.3";"7.4 | 5";"9.9";"86";"86"
"Belarus";"BLR";"Pershaya Liga";"03-07-2026 09:00";"NS";"Minsk II";"";"";"Gomel II";"";"";"";"";"14 | 11";"19 | 33";"";"31 | 41";"92";"";"3";"3";"0.9 | 1.2";"2.7 | 1.3";"62";"77";"60";"62";"3.2";"15.2";"6.8";"9.5";"0.6 | 1";"10";"10 | 60";"43 | 50";"";"0.1 | 0.5";"0.9 | 1";"1.8";"1.2";"1.9 | 0.3";"0.7 | 0.7";"";"14 | 17";"4.1 | 3.5";"5.6 | 5.8";"10";"69";"69"
"Brazil";"BRA";"Serie D";"03-07-2026 21:00";"NS";"Águia de Marabá";"";"";"ABC";"";"";"";"";"1 | 2";"78 | 83";"";"78 | 41";"75";"";"2.4";"2";"2.3 | 1.2";"0.7 | 0.7";"42";"66";"33";"84";"2.3";"26.6";"10.8";"10.4";"2.3 | 2.5";"10";"80 | 80";"33 | 50";"";"1 | 0.3";"0.3 | 0.5";"1.4";"1";"0.3 | 0.2";"1.3 | 0.8";"";"67 | 83";"3.8 | 6";"5.4 | 5.5";"9.6";"74";"74"
"Brazil";"BRA";"Serie D";"03-07-2026 21:00";"NS";"Luverdense";"";"";"Guaporé";"";"";"";"";"1 | 2";"50 | 39";"";"44 | 68";"75";"";"2.8";"2";"1.3 | 2";"0.7 | 1.5";"58";"66";"50";"58";"2.3";"17.8";"7.8";"9.2";"1.5 | 1.2";"9";"80 | 52";"67 | 67";"";"0.3 | 1.2";"0.3 | 0.7";"1.5";"1.2";"0.3 | 0.8";"1 | 0.8";"";"33 | 17";"6.5 | 5.2";"3 | 3.6";"9.6";"70";"62"
"Brazil";"BRA";"Serie D";"03-07-2026 21:00";"NS";"Velo Clube";"";"";"São Luiz";"";"";"";"";"1 | 2";"67 | 44";"";"44 | 17";"50";"";"1.5";"2";"1.3 | 0.5";"0.5 | 0.7";"34";"50";"8";"92";"2.3";"21.8";"7";"10.3";"2 | 1.3";"10";"88 | 80";"67 | 33";"";"0.5 | 0.3";"0 | 0.2";"1";"0.5";"0.5 | 0.5";"0.8 | 0.2";"";"50 | 33";"6.3 | 2.2";"5 | 7.2";"9.6";"75";"75"
"Brazil";"BRA";"Serie D";"03-07-2026 21:00";"NS";"Betim";"";"";"CSA";"";"";"";"";"1 | 2";"72 | 72";"";"44 | 100";"75";"";"2.9";"2";"1.3 | 3";"0.5 | 1";"50";"42";"50";"75";"2.3";"19.9";"7.8";"7.2";"2.2 | 2.2";"8";"88 | 70";"67 | 50";"";"0.3 | 0.8";"0 | 0";"2.4";"0.6";"0.5 | 1";"1 | 2.2";"";"67 | 67";"4.2 | 3.2";"3.5 | 3.7";"9.6";"42";"25"
"Brazil";"BRA";"Serie D";"03-07-2026 21:00";"NS";"Maguary PE";"";"";"Iguatu";"";"";"";"";"1 | 2";"72 | 67";"";"51 | 41";"75";"";"1.8";"2";"1.5 | 1.2";"0.3 | 0.5";"25";"75";"17";"100";"2.3";"24.6";"10.5";"9.5";"2.2 | 2";"9";"100 | 88";"83 | 67";"";"1 | 0.3";"0.2 | 0.3";"0.8";"1";"0.2 | 0.2";"0.5 | 0.8";"";"67 | 50";"3.8 | 3";"5 | 7.2";"9.6";"80";"70"
"Brazil";"BRA";"Serie D";"03-07-2026 21:00";"NS";"Trem";"";"";"América RN";"";"";"";"";"1 | 2";"72 | 78";"";"92 | 44";"75";"";"2.8";"2";"2.7 | 1.3";"1.5 | 0.2";"50";"66";"50";"75";"2.3";"27.5";"12.1";"10.9";"2.2 | 2.3";"11";"52 | 100";"50 | 50";"";"1 | 0.5";"1 | 0.2";"1.5";"1.4";"0.5 | 0";"1.7 | 0.8";"";"67 | 67";"5 | 6.8";"6 | 4";"9.6";"80";"80"
"Brazil";"BRA";"Serie D";"03-07-2026 21:00";"NS";"Porto Velho";"";"";"Gama";"";"";"";"";"1 | 2";"61 | 89";"";"100 | 58";"83";"";"3.2";"3";"3.5 | 1.7";"0.7 | 0.5";"50";"83";"50";"84";"2.3";"22.1";"9.6";"10.1";"1.8 | 2.7";"10";"80 | 88";"17 | 33";"";"2 | 1.2";"0.2 | 0.3";"1.4";"1.8";"0.5 | 0.2";"1.5 | 0.5";"";"50 | 83";"5.3 | 5.3";"3.7 | 5.8";"9.6";"100";"75"
"Brazil";"BRA";"Serie D";"03-07-2026 21:00";"NS";"Cianorte";"";"";"XV de Piracicaba";"";"";"";"";"1 | 2";"33 | 39";"";"34 | 41";"66";"";"2.3";"2";"1 | 1.2";"1.3 | 1.2";"66";"66";"42";"75";"2.3";"19.5";"7.2";"11.5";"1 | 1.2";"10";"60 | 63";"50 | 33";"";"0.5 | 0.5";"0.8 | 0.3";"1.2";"1";"0.5 | 0.8";"0.5 | 0.7";"";"33 | 17";"7.7 | 6.8";"4.2 | 4.3";"9.6";"92";"92"
"Brazil";"BRA";"Serie D";"03-07-2026 21:00";"NS";"Marcílio Dias";"";"";"Portuguesa";"";"";"";"";"1 | 2";"56 | 50";"";"44 | 34";"58";"";"2";"2";"1.3 | 1";"0.8 | 0.8";"58";"67";"34";"92";"2.3";"19.2";"7";"9.2";"1.7 | 1.5";"10";"77 | 77";"50 | 67";"";"0.7 | 0.5";"0.3 | 0.3";"1.1";"0.9";"0.5 | 0.5";"0.7 | 0.5";"";"50 | 33";"6.2 | 4.8";"3.8 | 3.5";"9.6";"66";"58"
"Brazil";"BRA";"Serie D";"03-07-2026 21:00";"NS";"Serra Branca";"";"";"Uberlândia";"";"";"";"";"1 | 2";"50 | 78";"";"41 | 44";"67";"";"1.7";"2";"1.2 | 1.3";"0.5 | 0.3";"33";"33";"25";"100";"2.3";"19.5";"6.4";"9.1";"1.5 | 2.3";"10";"88 | 100";"67 | 67";"";"0.5 | 0.3";"0 | 0.2";"1.2";"0.5";"0.5 | 0.2";"0.7 | 1";"";"33 | 67";"5.5 | 4.8";"4.5 | 3.4";"9.6";"64";"54"
"Brazil";"BRA";"Serie D";"03-07-2026 21:00";"NS";"EC São José";"";"";"Portuguesa RJ";"";"";"";"";"1 | 2";"50 | 56";"";"24 | 58";"66";"";"2";"2";"0.7 | 1.7";"0.8 | 0.8";"33";"58";"25";"84";"2.3";"23.2";"8.6";"7.6";"1.5 | 1.7";"9";"77 | 77";"50 | 33";"";"0.3 | 0.8";"0.2 | 0.2";"1.2";"0.8";"0.7 | 0.7";"0.3 | 0.8";"";"33 | 50";"4.8 | 1.5";"4.2 | 4.7";"9.6";"50";"50"
"Brazil";"BRA";"Serie D";"03-07-2026 21:00";"NS";"CRAC";"";"";"Treze";"";"";"";"";"1 | 2";"67 | 56";"";"27 | 61";"58";"";"2.4";"2";"0.8 | 1.8";"0.3 | 1.8";"50";"75";"42";"84";"2.3";"21.3";"8.2";"9.4";"2 | 1.7";"9";"100 | 42";"33 | 33";"";"0.5 | 1";"0.3 | 0.5";"1.2";"1.2";"0 | 1.3";"0.3 | 0.8";"";"50 | 50";"5.3 | 3.8";"3.7 | 5.8";"9.6";"67";"58"
"Brazil";"BRA";"Serie D";"03-07-2026 21:00";"NS";"Nacional AM";"";"";"Capital Brasilia";"";"";"";"";"1 | 2";"61 | 67";"";"44 | 61";"66";"";"2.4";"2";"1.3 | 1.8";"0.7 | 0.8";"58";"66";"33";"75";"2.3";"20.8";"7.2";"8.6";"1.8 | 2";"9";"80 | 77";"50 | 33";"";"0.7 | 1";"0.3 | 0.5";"1.1";"1.2";"0.3 | 0.3";"0.7 | 0.8";"";"50 | 50";"7 | 4";"2.7 | 3.5";"9.6";"75";"66"
"Brazil";"BRA";"Serie D";"03-07-2026 21:00";"NS";"Imperatriz";"";"";"Ferroviário";"";"";"";"";"1 | 2";"61 | 39";"";"75 | 27";"84";"";"2.4";"2";"2.2 | 0.8";"1 | 0.7";"50";"75";"34";"75";"2.3";"23";"9";"9.4";"1.8 | 1.2";"9";"70 | 80";"50 | 67";"";"1.3 | 0.5";"0.3 | 0.3";"1.1";"1.2";"0.7 | 0.3";"0.8 | 0.3";"";"50 | 17";"5.5 | 3.7";"4.5 | 5.2";"9.6";"75";"67"
"Brazil";"BRA";"Serie D";"03-07-2026 21:00";"NS";"Goiatuba EC";"";"";"Manauara";"";"";"";"";"1 | 2";"89 | 78";"";"58 | 41";"42";"";"1.8";"2";"1.7 | 1.2";"0.3 | 0.3";"33";"58";"17";"92";"2.3";"19.4";"6.8";"9.8";"2.7 | 2.3";"10";"100 | 100";"33 | 50";"";"1 | 0.2";"0.3 | 0";"1";"0.8";"0 | 0.3";"0.7 | 1";"";"83 | 67";"5.8 | 6.3";"2.8 | 4.7";"9.6";"75";"75"
"Brazil";"BRA";"Paulista U20";"03-07-2026 15:00";"NS";"Mauá U20";"";"";"Tanabi SP U20";"";"";"";"";"13 | 9";"33 | 17";"";"17 | 34";"50";"";"1.8";"2";"0.5 | 1";"0.5 | 1.5";"50";"25";"25";"75";"2.4";"15.2";"5.5";"8.8";"1 | 0.5";"9";"88 | 52";"50 | 50";"";"0.5 | 0";"0 | 0";"1.5";"0.2";"0.5 | 1.5";"0 | 1";"";"0 | 0";"2.5 | 4.5";"7.5 | 3";"9.1";"75";"50"
"Brazil";"BRA";"Paulista U20";"03-07-2026 15:00";"NS";"Guarani U20";"";"";"Sfera U20";"";"";"";"";"";"";"";"";"";"";"";"";"";"";"";"";"";"";"";"";"";"";"";"";"";"";"";"";"";"";"";"";"";"";"";"";"";"";"";""
"Brazil";"BRA";"Paulista U20";"03-07-2026 15:00";"NS";"Osasco Audax U20";"";"";"Água Santa U20";"";"";"";"";"11 | 3";"67 | 67";"";"17 | 51";"50";"";"1.5";"2";"0.5 | 1.5";"0 | 1";"50";"75";"25";"100";"2.4";"24.5";"8.5";"10.2";"2 | 2";"9";"100 | 70";"50 | 50";"";"0.5 | 0.5";"0 | 1";"0.5";"1";"0 | 0";"0 | 1";"";"50 | 50";"4.5 | 4.5";"7.5 | 4";"9.1";"75";"75"
"Brazil";"BRA";"Paulista U20";"03-07-2026 15:00";"NS";"Capivariano U20";"";"";"Ituano U20";"";"";"";"";"";"";"";"";"";"";"";"";"";"";"";"";"";"";"";"";"";"";"";"";"";"";"";"";"";"";"";"";"";"";"";"";"";"";"";""
"Brazil";"BRA";"Paulista U20";"03-07-2026 15:00";"NS";"Flamengo SP U20";"";"";"XV de Jaú U20";"";"";"";"";"7 | 12";"50 | 0";"";"34 | 17";"75";"";"2.5";"3";"1 | 0.5";"0.5 | 3";"25";"75";"50";"75";"2.4";"21.8";"8.8";"10.8";"1.5 | 0";"10";"88 | 0";"50 | 50";"";"0 | 0.5";"0.5 | 0.5";"1.8";"0.8";"0 | 2.5";"1 | 0";"";"50 | 0";"3.5 | 5.5";"5.5 | 7";"9.1";"100";"75"
"Brazil";"BRA";"Paulista U20";"03-07-2026 15:00";"NS";"São Caetano U20";"";"";"União São João U20";"";"";"";"";"";"";"";"";"";"";"";"";"";"";"";"";"";"";"";"";"";"";"";"";"";"";"";"";"";"";"";"";"";"";"";"";"";"";"";""
"Brazil";"BRA";"Paulista U20";"03-07-2026 15:00";"NS";"Ibrachina U20";"";"";"São Bernardo U20";"";"";"";"";"";"";"";"";"";"";"";"";"";"";"";"";"";"";"";"";"";"";"";"";"";"";"";"";"";"";"";"";"";"";"";"";"";"";"";""
"Brazil";"BRA";"Paulista U20";"03-07-2026 15:00";"NS";"Santo André U20";"";"";"Paulinense U20";"";"";"";"";"";"";"";"";"";"";"";"";"";"";"";"";"";"";"";"";"";"";"";"";"";"";"";"";"";"";"";"";"";"";"";"";"";"";"";""
"Brazil";"BRA";"Paulista U20";"03-07-2026 15:00";"NS";"Desportivo Brasil U20";"";"";"Bandeirante U20";"";"";"";"";"4 | 7";"100 | 17";"";"68 | 0";"50";"";"2.5";"3";"2 | 0";"1 | 2";"25";"75";"50";"50";"2.4";"18.2";"7.2";"9";"3 | 0.5";"10";"70 | 35";"50 | 50";"";"2 | 0";"0.5 | 1";"0.8";"1.8";"0.5 | 1";"0 | 0";"";"100 | 0";"3.5 | 3.5";"5.5 | 5.5";"9.1";"75";"50"
"Brazil";"BRA";"Paulista U20";"03-07-2026 15:00";"NS";"Jabaquara U20";"";"";"Itapirense U20";"";"";"";"";"";"";"";"";"";"";"";"";"";"";"";"";"";"";"";"";"";"";"";"";"";"";"";"";"";"";"";"";"";"";"";"";"";"";"";""
"Brazil";"BRA";"Paulista U20";"03-07-2026 15:00";"NS";"Ferroviária U20";"";"";"Juventus U20";"";"";"";"";"";"";"";"";"";"";"";"";"";"";"";"";"";"";"";"";"";"";"";"";"";"";"";"";"";"";"";"";"";"";"";"";"";"";"";""
"Brazil";"BRA";"Paulista U20";"03-07-2026 15:00";"NS";"São Bento U20";"";"";"América SP U20";"";"";"";"";"";"";"";"";"";"";"";"";"";"";"";"";"";"";"";"";"";"";"";"";"";"";"";"";"";"";"";"";"";"";"";"";"";"";"";""
"Brazil";"BRA";"Paulista U20";"03-07-2026 15:00";"NS";"Portuguesa Santista U20";"";"";"Portuguesa U20";"";"";"";"";"";"";"";"";"";"";"";"";"";"";"";"";"";"";"";"";"";"";"";"";"";"";"";"";"";"";"";"";"";"";"";"";"";"";"";""
"Brazil";"BRA";"Brasiliense U20";"03-07-2026 21:00";"NS";"Ceilândia U20";"";"";"Luziânia U20";"";"";"";"";"10 | 11";"33 | 17";"";"58 | 34";"75";"";"4.5";"4";"1.7 | 1";"3.3 | 3";"58";"";"58";"42";"4.3";"";"";"";"1 | 0.5";"";"2 | 0";"67 | 50";"";"";"";"0.8";"0.5";"";"";"";"33 | 0";"";"";"10.1";"";""
"Brazil";"BRA";"Brasiliense U20";"03-07-2026 21:00";"NS";"Paranoá U20";"";"";"Real Brasília U20";"";"";"";"";"7 | 2";"33 | 100";"";"78 | 100";"100";"";"4.6";"5";"2.3 | 3";"3.3 | 0.5";"75";"";"100";"25";"4.3";"";"";"";"1 | 3";"";"2 | 88";"67 | 50";"";"";"";"1.2";"0.2";"";"";"";"33 | 100";"";"";"10.1";"";""
"Brazil";"BRA";"Brasiliense U20";"03-07-2026 21:00";"NS";"ARUC U20";"";"";"Samambaia U20";"";"";"";"";"11 | 4";"0 | 67";"";"10 | 68";"84";"";"3.5";"4";"0.3 | 2";"3.7 | 1";"33";"";"84";"16";"4.3";"";"";"";"0 | 2";"";"2 | 70";"100 | 67";"";"";"";"0.6";"0.2";"";"";"";"0 | 67";"";"";"10.1";"";""
"Brazil";"BRA";"Cearense U20";"03-07-2026 09:30";"NS";"Juazeiro CE U20";"";"";"Ceará U20";"";"";"";"";"";"";"";"";"";"";"";"";"";"";"";"";"";"";"";"";"";"";"";"";"";"";"";"";"";"";"";"";"";"";"";"";"";"";"";""
"Brazil";"BRA";"Cearense U20";"03-07-2026 15:30";"NS";"Tirol U20";"";"";"Aliança U20";"1.29";"7.63";"";"";"";"56 | 17";"3";"100 | 34";"75";"";"3.2";"3";"3.3 | 1";"0.7 | 1.5";"58";"75";"42";"58";"2.6";"";"";"";"1.7 | 0.5";"";"80 | 52";"33 | 50";"";"2 | 1";"0.3 | 1";"1.1";"2.2";"0.3 | 0.5";"1.3 | 0";"";"33 | 0";"";"";"9.6";"";""
"Brazil";"BRA";"Cearense U20";"03-07-2026 21:00";"NS";"Juazeiro CE U20";"";"";"Tianguá U20";"";"";"";"";"";"";"";"";"";"";"";"";"";"";"";"";"";"";"";"";"";"";"";"";"";"";"";"";"";"";"";"";"";"";"";"";"";"";"";""
"Brazil";"BRA";"Cearense U20";"03-07-2026 21:00";"NS";"Ceará U20";"";"";"Quixadá U20";"";"";"";"";"";"100 | 100";"";"85 | 58";"84";"";"3";"2";"2.5 | 1.7";"1.5 | 0.3";"66";"42";"66";"75";"2.6";"";"";"";"3 | 3";"";"52 | 100";"50 | 67";"";"1 | 0";"1 | 0.3";"1.8";"1.2";"0.5 | 0";"1.5 | 1.7";"";"100 | 100";"";"";"9.6";"";""
"Brazil";"BRA";"Cearense U20";"03-07-2026 21:00";"NS";"Fortaleza U20";"";"";"Tirol U20";"";"";"";"";"";"100 | 67";"";"100 | 17";"50";"";"2.2";"3";"4 | 0.5";"0 | 0";"0";"25";"50";"75";"2.6";"20.2";"9.2";"8.8";"3 | 2";"9";"100 | 100";"50 | 50";"";"2 | 0";"0 | 0";"1.2";"1";"0 | 0";"2 | 0.5";"";"100 | 50";"8 | 4";"1.5 | 4";"9.6";"50";"50"
"Brazil";"BRA";"Cearense U20";"03-07-2026 21:00";"NS";"Horizonte U20";"";"";"Ferroviário U20";"";"";"";"";"";"67 | 17";"";"68 | 17";"100";"";"3";"3";"2 | 0.5";"1 | 2.5";"58";"84";"75";"75";"2.6";"";"";"";"2 | 0.5";"";"70 | 18";"100 | 50";"";"0.7 | 0";"0.3 | 2";"1.5";"1.5";"0.7 | 0.5";"1.3 | 0.5";"";"67 | 0";"";"";"9.6";"";""
"Brazil";"BRA";"Cearense U20";"03-07-2026 21:00";"POSTPONED";"Aliança U20";"";"";"Vila Real U20";"";"";"";"";"";"67 | 17";"";"85 | 34";"75";"";"3";"3";"2.5 | 1";"1 | 1.5";"50";"50";"75";"50";"2.6";"";"";"";"2 | 0.5";"";"70 | 52";"50 | 50";"";"1 | 0.5";"0 | 0";"2.2";"0.8";"1 | 1.5";"1.5 | 0.5";"";"50 | 0";"";"";"9.6";"";""
"Brazil";"BRA";"Cearense U20";"03-07-2026 21:00";"POSTPONED";"Atlético Cearense U20";"";"";"Anjos do Céu U20";"";"";"";"";"";"78 | 0";"";"34 | 0";"33";"";"1.8";"2";"1 | 0";"0.3 | 2.3";"16";"33";"33";"84";"2.6";"20.8";"8.6";"11.1";"2.3 | 0";"11";"100 | 25";"33 | 33";"";"0.3 | 0";"0.3 | 1.3";"0.8";"1";"0 | 1";"0.7 | 0";"";"67 | 0";"9.5 | 1.7";"4 | 7";"9.6";"66";"66"
"Brazil";"BRA";"Cearense U20";"03-07-2026 21:00";"POSTPONED";"Floresta CE U20";"";"";"Caucaia U20";"";"";"";"";"";"50 | 50";"";"34 | 51";"75";"";"2.2";"2";"1 | 1.5";"1 | 1";"50";"50";"50";"100";"2.6";"";"";"";"1.5 | 1.5";"";"70 | 70";"50 | 50";"";"0.5 | 0.5";"0.5 | 0.5";"1.2";"1";"0.5 | 0.5";"0.5 | 1";"";"50 | 50";"";"";"9.6";"";""
"Chile";"CHI";"Tercera A";"03-07-2026 21:00";"NS";"Chimbarongo";"";"";"Naval";"";"";"";"";"12 | 6";"67 | 27";"";"61 | 41";"90";"";"2.8";"3";"1.8 | 1.2";"1 | 1.6";"70";"90";"70";"80";"2.8";"24.1";"10.1";"12.6";"2 | 0.8";"12";"70 | 49";"80 | 60";"";"0.8 | 1";"0.8 | 0.4";"1.3";"1.5";"0.2 | 1.2";"1 | 0.2";"";"60 | 20";"7 | 7.3";"5.2 | 5.7";"10";"100";"100"
"Chile";"CHI";"Tercera A";"03-07-2026 21:00";"NS";"Malleco Unido";"";"";"Deportes Rancagua";"";"";"";"";"3 | 9";"60 | 27";"";"54 | 41";"70";"";"2.8";"3";"1.6 | 1.2";"0.8 | 2";"30";"70";"50";"60";"2.8";"27.2";"11.8";"11.2";"1.8 | 0.8";"11";"77 | 35";"40 | 60";"";"0.8 | 0.4";"0.2 | 0.4";"1.9";"0.9";"0.6 | 1.6";"0.8 | 0.8";"";"60 | 20";"5 | 3.7";"5.3 | 8.3";"10";"100";"100"
"Chile";"CHI";"Tercera A";"03-07-2026 21:00";"NS";"Imperial Unido";"";"";"Municipal Puente Alto";"";"";"";"";"10 | 14";"20 | 7";"";"48 | 27";"80";"";"3.3";"4";"1.4 | 0.8";"2.4 | 2";"70";"80";"70";"40";"2.8";"26.2";"13.8";"10";"0.6 | 0.2";"11";"21 | 35";"80 | 60";"";"0 | 0.6";"1.4 | 0.6";"2";"1.3";"1 | 1.4";"1.4 | 0.2";"";"20 | 0";"5.8 | 2.8";"5.2 | 6.2";"10";"75";"62"
"Chile";"CHI";"Tercera A";"03-07-2026 21:00";"NS";"Rodelindo Román";"";"";"Constitución Unido";"";"";"";"";"11 | 8";"53 | 47";"";"48 | 54";"70";"";"2.9";"2";"1.4 | 1.6";"1.2 | 1.6";"70";"60";"50";"60";"2.8";"26.1";"11.6";"9.8";"1.6 | 1.4";"10";"63 | 49";"40 | 60";"";"0.4 | 0.6";"0.4 | 0.4";"2";"0.9";"0.8 | 1.2";"1 | 1";"";"40 | 40";"6 | 2.8";"5.2 | 5.8";"10";"75";"62"
"Chile";"CHI";"Tercera A";"03-07-2026 21:00";"NS";"Quintero Unido";"";"";"Aguará";"";"";"";"";"1 | 4";"73 | 56";"";"68 | 44";"64";"";"2.4";"2";"2 | 1.3";"0.6 | 1";"54";"64";"55";"72";"2.8";"21.6";"10.4";"9.4";"2.2 | 1.7";"10";"84 | 70";"60 | 50";"";"1 | 0.7";"0.6 | 0.3";"1.2";"1.3";"0 | 0.7";"1 | 0.7";"";"60 | 50";"6.7 | 2.6";"3.7 | 6";"10";"64";"64"
"Chile";"CHI";"Tercera A";"03-07-2026 21:00";"NS";"Lautaro de Buin";"";"";"Comunal Cabrero";"";"";"";"";"2 | 5";"67 | 8";"";"48 | 17";"55";"";"2.1";"2";"1.4 | 0.5";"1 | 1.2";"45";"60";"32";"80";"2.8";"27.4";"12.7";"12.2";"2 | 0.2";"11";"70 | 63";"40 | 50";"";"0.4 | 0";"0.2 | 1";"1.3";"0.8";"0.8 | 0.2";"1 | 0.5";"";"60 | 0";"7.3 | 9.7";"3.7 | 3.7";"10";"100";"84"
"Chile";"CHI";"Tercera A";"03-07-2026 21:00";"NS";"Atlético Oriente";"";"";"Futuro";"";"";"";"";"7 | 13";"67 | 28";"";"68 | 24";"66";"";"2.6";"3";"2 | 0.7";"1.3 | 1.3";"50";"42";"50";"75";"2.8";"24.6";"9.8";"8.1";"2 | 0.8";"10";"60 | 60";"33 | 50";"";"0 | 0.2";"0.5 | 0.3";"2.2";"0.5";"0.8 | 1";"2 | 0.5";"";"67 | 17";"6.2 | 2.2";"2 | 5.8";"10";"75";"62"
"China";"CHN";"Super League";"03-07-2026 09:00";"NS";"Yunnan Yukun";"";"";"Henan Songshan Longmen";"2.42";"2.63";"1.14";"1.61";"5 | 13";"48 | 46";"5";"68 | 34";"80";"";"3";"3";"2 | 1";"1.7 | 1.2";"60";"74";"74";"72";"3";"24";"8.2";"9.9";"1.4 | 1.4";"10";"46 | 63";"57 | 62";"";"1.3 | 0.5";"0.4 | 0.4";"1.7";"1.3";"1.3 | 0.9";"0.7 | 0.5";"";"43 | 38";"5.4 | 4.4";"4.4 | 5.5";"10.4";"60";"46"
"Ecuador";"ECU";"Liga Pro Serie B";"03-07-2026 15:00";"NS";"Deportivo Cuenca Juniors";"";"";"San Antonio";"";"";"";"";"6 | 7";"61 | 29";"";"51 | 24";"69";"";"2";"2";"1.5 | 0.7";"0.8 | 1";"31";"55";"48";"92";"2";"20.3";"7";"9";"1.8 | 0.9";"9";"77 | 70";"67 | 71";"";"1 | 0";"0.7 | 0.6";"0.9";"1.2";"0.2 | 0.4";"0.5 | 0.7";"";"50 | 14";"4.7 | 4.6";"3 | 5.8";"8.8";"65";"46"
"Ecuador";"ECU";"Superliga Femenina";"03-07-2026 17:30";"NS";"Carneras W";"";"";"Emelec W";"";"";"";"";"6 | 8";"43 | 14";"";"20 | 20";"78";"";"4.5";"5";"0.6 | 0.6";"2 | 5.9";"22";"64";"78";"42";"3.9";"26.2";"13.8";"8.2";"1.3 | 0.4";"8";"35 | 2";"57 | 29";"";"0.1 | 0";"0.7 | 2.4";"2.8";"1.6";"1.3 | 3.4";"0.4 | 0.6";"";"43 | 14";"4.2 | 0.5";"4.6 | 7";"7.8";"55";"55"
"Ecuador";"ECU";"Superliga Femenina";"03-07-2026 18:00";"NS";"El Nacional W";"";"";"Espuce W";"";"";"";"";"10 | 9";"33 | 5";"";"51 | 14";"93";"";"3.2";"4";"1.5 | 0.4";"1.8 | 2.7";"40";"63";"55";"54";"3.9";"25.4";"11.6";"7.4";"1 | 0.1";"8";"42 | 10";"50 | 43";"";"0.5 | 0.1";"1.2 | 1";"1.8";"1.4";"0.7 | 1.7";"1 | 0.3";"";"33 | 0";"2 | 1.2";"5.7 | 5.8";"7.8";"46";"46"
"Estonia";"EST";"Meistriliiga";"03-07-2026 13:00";"NS";"Nõmme United";"";"";"Nõmme Kalju";"4.89";"1.49";"1.08";"1.70";"7 | 3";"38 | 67";"2";"85 | 48";"81";"";"3.3";"3";"2.5 | 1.4";"2.1 | 0.6";"56";"88";"62";"63";"3";"24.3";"10.3";"10.8";"1.1 | 2";"11";"32 | 84";"50 | 62";"";"1 | 0.8";"1.1 | 0.1";"1.8";"1.5";"1 | 0.5";"1.5 | 0.6";"";"38 | 62";"5.5 | 6.1";"5.6 | 4.2";"10.8";"82";"68"
"Estonia";"EST";"Esiliiga A";"03-07-2026 14:30";"NS";"Tallinna Kalev";"";"";"Maardu";"";"";"";"";"5 | 6";"54 | 21";"";"85 | 41";"94";"";"4.3";"4";"2.5 | 1.2";"2 | 2.9";"75";"88";"82";"44";"3.8";"25.6";"11.3";"9.8";"1.6 | 0.6";"10";"35 | 4";"50 | 62";"";"0.8 | 0.8";"1 | 0.9";"2.6";"1.7";"1 | 2";"1.8 | 0.5";"";"50 | 12";"5.1 | 4.9";"4.9 | 4.6";"10.2";"62";"50"
"Ethiopia";"ETH";"Premier League";"03-07-2026 07:00";"NS";"Ethiopia Nigd Bank";"";"";"Bahardar";"2.88";"2.50";"";"";"14 | 11";"63 | 57";"5";"54 | 31";"70";"";"2";"2";"1.6 | 0.9";"1 | 0.4";"30";"55";"25";"90";"1.8";"14.2";"5";"8.6";"1.9 | 1.7";"8";"70 | 100";"50 | 60";"";"0.6 | 0.2";"0.4 | 0.2";"1.2";"0.7";"0.6 | 0.2";"1 | 0.7";"";"60 | 40";"4.2 | 4.2";"5 | 3.8";"7.6";"62";"50"
"Ethiopia";"ETH";"Premier League";"03-07-2026 10:00";"NS";"Welayta Dicha";"";"";"Ethiopia Bunna";"";"";"";"";"9 | 8";"47 | 43";"";"37 | 31";"45";"";"1.8";"2";"1.1 | 0.9";"0.9 | 0.8";"45";"60";"30";"80";"1.8";"13.6";"4.9";"7.8";"1.4 | 1.3";"8";"74 | 77";"50 | 40";"";"0.6 | 0.4";"0.5 | 0.5";"0.8";"1";"0.4 | 0.3";"0.5 | 0.5";"";"30 | 30";"3.9 | 5";"3 | 3.7";"7.6";"54";"32"
"Ethiopia";"ETH";"Premier League";"03-07-2026 10:00";"NS";"Mechal FC";"";"";"Hadiya Hosaena";"";"";"";"";"3 | 12";"47 | 60";"";"31 | 27";"40";"";"1.4";"2";"0.9 | 0.8";"0.4 | 0.6";"25";"40";"10";"95";"1.8";"13";"4.8";"7.5";"1.4 | 1.8";"7";"100 | 84";"40 | 40";"";"0.4 | 0.4";"0.1 | 0.2";"0.8";"0.6";"0.3 | 0.4";"0.5 | 0.4";"";"30 | 50";"4.5 | 2.7";"2.9 | 4.9";"7.6";"45";"25"
"Fiji";"FIJ";"National Football League";"03-07-2026 22:30";"NS";"Labasa";"";"";"Nadroga";"";"";"";"";"2 | 9";"73 | 17";"";"68 | 61";"80";"";"3.6";"4";"2 | 1.8";"0.8 | 2.8";"80";"80";"68";"55";"3.4";"";"";"";"2.2 | 0.5";"";"77 | 7";"60 | 50";"";"1 | 0.8";"0.4 | 1.5";"1.8";"1.8";"0.4 | 1.2";"1 | 1";"";"60 | 0";"";"";"8.6";"";""
"Finland";"FIN";"Ykkösliiga";"03-07-2026 12:30";"NS";"JäPS";"";"";"SJK Akatemia";"1.83";"3.64";"1.17";"1.44";"6 | 10";"50 | 11";"1";"27 | 17";"58";"";"2.2";"2";"0.8 | 0.5";"1.3 | 1.7";"16";"67";"33";"83";"2.3";"17.4";"7.6";"10";"1.5 | 0.3";"10";"60 | 46";"33 | 33";"";"0.7 | 0";"0.2 | 1";"1.2";"0.9";"1.2 | 0.7";"0.2 | 0.5";"";"50 | 0";"4 | 4.5";"6.3 | 5.2";"9.7";"66";"50"
"Finland";"FIN";"Ykkösliiga";"03-07-2026 12:30";"NS";"KTP";"";"";"JIPPO";"1.96";"3.54";"1.30";"1.25";"1 | 4";"80 | 67";"1";"61 | 54";"70";"";"2.5";"2";"1.8 | 1.6";"0.8 | 0.8";"50";"70";"50";"80";"2.3";"19.4";"8";"10.3";"2.4 | 2";"10";"77 | 77";"40 | 60";"";"0.6 | 0.6";"0.4 | 0.4";"1.5";"1";"0.4 | 0.4";"1.2 | 1";"";"80 | 60";"7 | 5.2";"3 | 5.4";"9.7";"60";"50"
"Finland";"FIN";"Kakkonen";"03-07-2026 12:30";"NS";"GrIFK";"";"";"NJS";"1.30";"6.50";"";"";"6 | 10";"40 | 7";"3";"41 | 14";"80";"";"3.2";"3";"1.2 | 0.4";"1.8 | 3";"60";"90";"60";"50";"3.7";"18.2";"8.2";"9.9";"1.2 | 0.2";"10";"42 | 0";"40 | 60";"";"0.6 | 0.2";"1 | 1.6";"1.5";"1.7";"0.8 | 1.4";"0.6 | 0.2";"";"20 | 0";"6.2 | 3.2";"5 | 5.4";"11.1";"80";"70"
"Finland";"FIN";"Kolmonen - Eastern Group";"03-07-2026 12:30";"NS";"KoPa";"";"";"STPS";"";"";"";"";"8 | 10";"67 | 0";"";"54 | 7";"80";"";"2.7";"3";"1.6 | 0.2";"1 | 2.6";"30";"";"50";"60";"4";"";"";"";"2 | 0";"";"70 | 14";"40 | 60";"";"";"";"0.7";"0.4";"";"";"";"60 | 0";"";"";"10.6";"";""
"Finland";"FIN";"Kolmonen - Eastern Group";"03-07-2026 12:30";"NS";"MP II";"";"";"HaPK";"";"";"";"";"9 | 5";"40 | 80";"";"68 | 100";"100";"";"4.7";"4";"2 | 3.6";"1.8 | 2";"70";"100";"80";"30";"4";"45.1";"20.6";"9.9";"1.2 | 2.4";"10";"42 | 35";"60 | 80";"";"0.6 | 3";"1.2 | 0";"1.8";"1.5";"0.6 | 5";"1.4 | 6";"";"40 | 80";"8 | 4";"4.8 | 3";"10.6";"75";"50"
"Finland";"FIN";"Kolmonen - Western Group";"03-07-2026 12:30";"NS";"Leki";"";"";"Haka Juniorit";"";"";"";"";"7 | 6";"60 | 40";"";"48 | 82";"80";"";"3.8";"4";"1.4 | 2.4";"1.2 | 2.6";"60";"80";"70";"50";"3.7";"31.8";"15.6";"12.4";"1.8 | 1.2";"11";"63 | 14";"40 | 60";"";"0.6 | 0.6";"0.4 | 1.2";"2.4";"1.4";"0.8 | 1.4";"0.8 | 1.8";"";"60 | 40";"6 | 6.4";"4.7 | 7.8";"10";"84";"84"
"Finland";"FIN";"Kolmonen - Western Group";"03-07-2026 13:00";"NS";"ACE";"";"";"TP-T";"";"";"";"";"11 | 9";"20 | 42";"";"68 | 68";"88";"";"4.6";"4";"2 | 2";"3.6 | 1.5";"88";"100";"88";"32";"3.7";"21.2";"10";"10";"0.6 | 1.2";"10";"2 | 52";"40 | 75";"";"1.4 | 1.2";"2.4 | 0.5";"1.8";"2.8";"1.2 | 1";"0.6 | 0.8";"";"20 | 25";"3.2 | 9.5";"5.2 | 2";"10";"45";"45"
"Finland";"FIN";"Kolmonen - Western Group";"03-07-2026 13:00";"NS";"FC Sääripotku";"";"";"Kiisto";"";"";"";"";"12 | 2";"8 | 73";"";"27 | 100";"88";"";"4.4";"5";"0.8 | 3.2";"3.2 | 1.6";"55";"90";"65";"45";"3.7";"";"";"";"0.2 | 2.2";"";"2 | 49";"50 | 60";"";"0.5 | 1";"0.8 | 1";"2.8";"1.6";"2.5 | 0.6";"0.2 | 2.2";"";"0 | 60";"";"";"10";"";""
"Finland";"FIN";"Kolmonen - Southern Group";"03-07-2026 12:00";"NS";"NuPS";"";"";"GrIFK U23";"";"";"";"";"5 | 8";"42 | 42";"";"34 | 51";"88";"";"2.6";"4";"1 | 1.5";"1.2 | 1.5";"75";"75";"50";"75";"4.1";"23";"10.9";"10.6";"1.2 | 1.2";"11";"63 | 52";"25 | 75";"";"0.5 | 1";"0.5 | 0.8";"1.2";"1.4";"0.8 | 0.8";"0.5 | 0.5";"";"25 | 25";"5 | 7";"5.8 | 3.5";"9.8";"100";"100"
"Finland";"FIN";"Kolmonen - Southern Group";"03-07-2026 13:15";"NS";"EsPa";"";"";"LePa";"";"";"";"";"2 | 4";"80 | 50";"";"100 | 41";"78";"";"3.8";"3";"3.4 | 1.2";"0.6 | 2.2";"45";"90";"78";"32";"4.1";"19";"8.8";"8.5";"2.4 | 1.5";"9";"84 | 28";"60 | 75";"";"2.2 | 0.8";"0 | 0.8";"1.9";"1.8";"0.6 | 1.5";"1.2 | 0.5";"";"80 | 50";"7.2 | 3.3";"2.8 | 3.7";"9.8";"56";"30"
"Finland";"FIN";"Kolmonen - Southern Group";"03-07-2026 13:30";"NS";"ToTe";"";"";"Töölön Taisto";"";"";"";"";"4 | 9";"47 | 25";"";"61 | 51";"100";"";"3.4";"4";"1.8 | 1.5";"1.6 | 2";"78";"90";"68";"32";"4.1";"17.6";"9";"9";"1.4 | 0.8";"9";"49 | 35";"60 | 75";"";"0.4 | 1";"0.4 | 1";"2";"1.4";"1.2 | 1";"1.4 | 0.5";"";"40 | 0";"5 | 3.5";"3.2 | 6.2";"9.8";"75";"38"
"Finland";"FIN";"Kolmonen - Southern Group";"03-07-2026 14:00";"CANCELLED";"MK-United";"";"";"Ponnistus";"";"";"";"";"9 | 10";"58 | 0";"";"61 | 48";"88";"";"4.2";"4";"1.8 | 1.4";"1.8 | 3.4";"75";"88";"88";"35";"4.1";"18.2";"9.2";"10.6";"1.8 | 0";"11";"42 | 2";"50 | 40";"";"0.2 | 0.2";"0.5 | 1.6";"2.9";"1.3";"1.2 | 1.8";"1.5 | 1.2";"";"50 | 0";"6.8 | 5";"3.5 | 6";"9.8";"88";"88"
"Finland";"FIN";"Kolmonen - Southern Group";"03-07-2026 14:00";"NS";"EPS II";"";"";"PPJ / Ruoholahti";"";"";"";"";"11 | 12";"29 | 27";"";"65 | 48";"86";"";"4.9";"4";"1.9 | 1.4";"2.7 | 3.8";"76";"83";"78";"42";"4.1";"19.2";"10.8";"9.6";"0.9 | 0.8";"10";"10 | 2";"43 | 20";"";"1.1 | 0.4";"0.9 | 1.6";"2.9";"2";"1.9 | 2.2";"0.7 | 1";"";"14 | 20";"3.8 | 4.5";"5.7 | 5.2";"9.8";"58";"58"
"Faroe Islands";"FRO";"1. Deild";"03-07-2026 21:00";"NS";"B36 II";"";"";"Hoyvik";"";"";"";"";"5 | 9";"37 | 33";"";"54 | 68";"88";"";"4.7";"4";"1.6 | 2";"2.2 | 3.6";"71";"93";"88";"29";"3.8";"19";"10.4";"10";"1.1 | 1";"11";"28 | 2";"56 | 71";"";"0.7 | 0.6";"1 | 2";"2.6";"2.2";"1.2 | 1.6";"0.9 | 1.4";"";"33 | 29";"5.9 | 2.7";"4.5 | 7";"11";"88";"71"
"Faroe Islands";"FRO";"1. Deild";"03-07-2026 21:00";"NS";"B71";"";"";"HB II";"";"";"";"";"1 | 7";"86 | 42";"";"100 | 41";"87";"";"3.6";"3";"3.4 | 1.2";"0.9 | 1.6";"54";"73";"74";"46";"3.8";"22.5";"10.8";"10.2";"2.6 | 1.2";"10";"74 | 49";"43 | 62";"";"1.6 | 0.5";"0 | 0.6";"2.2";"1.4";"0.9 | 1";"1.9 | 0.8";"";"86 | 38";"3.5 | 5";"5.5 | 6.3";"11";"58";"58"
"Faroe Islands";"FRO";"1. Deild";"03-07-2026 21:00";"NS";"NSÍ II";"";"";"Suduroy";"";"";"";"";"6 | 3";"29 | 62";"";"37 | 71";"80";"";"3.2";"3";"1.1 | 2.1";"2 | 1.1";"46";"94";"60";"66";"3.8";"";"";"";"0.9 | 1.9";"";"35 | 66";"29 | 38";"";"0.7 | 0.5";"1 | 0.8";"1.7";"1.4";"1 | 0.4";"0.4 | 1.6";"";"29 | 62";"";"";"11";"";""
"Faroe Islands";"FRO";"Meistaradeildin";"03-07-2026 15:00";"NS";"NSÍ";"";"";"KÍ";"2.82";"2.20";"1.18";"1.42";"1 | 2";"100 | 67";"5";"58 | 82";"72";"";"2.6";"2";"1.7 | 2.4";"0.3 | 0.9";"52";"72";"46";"75";"2.8";"21";"8.8";"12.4";"3 | 2";"12";"100 | 74";"57 | 50";"";"0.7 | 1.1";"0.3 | 0.8";"1.2";"1.4";"0 | 0.1";"1 | 1.2";"";"100 | 50";"8.6 | 8";"3.9 | 4.4";"10.8";"94";"80"
"Germany";"GER";"Reg. Cup Bayern";"03-07-2026 13:30";"NS";"Neumarkt Germany";"";"";"Fortuna Regensburg";"";"";"";"";"";"";"";"";"";"";"";"";"";"";"";"";"";"";"";"";"";"";"";"";"";"";"";"";"";"";"";"";"";"";"";"";"";"";"";""
"Germany";"GER";"Reg. Cup Bayern";"03-07-2026 14:00";"NS";"1880 Wasserburg";"";"";"Erlbach";"";"";"";"";"";"";"";"";"";"";"";"";"";"";"";"";"";"";"";"";"";"";"";"";"";"";"";"";"";"";"";"";"";"";"";"";"";"";"";""
"Iran";"IRN";"Azadegan League";"03-07-2026 13:00";"NS";"Naft Gachsaran";"";"";"Kara Gostar";"1.99";"3.88";"";"";"";"";"";"";"";"";"";"";"";"";"";"";"";"";"";"";"";"";"";"";"";"";"";"";"";"";"";"";"";"";"";"";"";"";"";""
"Iran";"IRN";"Azadegan League";"03-07-2026 13:00";"NS";"Shenavarsazi Qeshm";"";"";"Mes Shahr-e Babak";"";"";"";"";"13 | 2";"50 | 60";"";"34 | 51";"45";"";"2";"2";"1 | 1.5";"0.9 | 0.6";"35";"45";"25";"85";"1.5";"";"";"";"1.5 | 1.8";"";"74 | 84";"50 | 20";"";"0.3 | 0.5";"0.3 | 0";"1.5";"0.6";"0.6 | 0.6";"0.7 | 1";"";"40 | 50";"";"";"7";"";""
"Iran";"IRN";"Azadegan League";"03-07-2026 13:00";"NS";"Nassaji Mazandaran";"";"";"Havadar";"1.58";"6.15";"";"";"1 | 6";"83 | 40";"1";"58 | 14";"50";"";"1.4";"1";"1.7 | 0.4";"0.3 | 0.5";"15";"45";"20";"95";"1.5";"13";"5.2";"7.8";"2.5 | 1.2";"7";"100 | 88";"70 | 50";"";"0.6 | 0.3";"0.2 | 0.2";"0.8";"0.6";"0.1 | 0.3";"1.1 | 0.1";"";"80 | 20";"7 | 3";"4 | 1.7";"7";"50";"38"
"Iran";"IRN";"Azadegan League";"03-07-2026 13:00";"NS";"Damash Gilanian";"";"";"Ario Eslamshahr";"5.74";"1.55";"";"";"18 | 10";"27 | 27";"2";"17 | 10";"35";"";"1.5";"1";"0.5 | 0.3";"1.6 | 0.6";"25";"45";"10";"95";"1.5";"16.6";"6.5";"4.6";"0.8 | 0.8";"6";"49 | 84";"20 | 70";"";"0.2 | 0.2";"0.3 | 0.3";"1";"0.5";"1.3 | 0.3";"0.3 | 0.1";"";"20 | 10";"1 | 1";"3.7 | 3.5";"7";"0";"0"
"Iran";"IRN";"Azadegan League";"03-07-2026 13:00";"NS";"Navad Urmia";"";"";"Sanat Naft";"8.00";"1.44";"";"";"17 | 3";"37 | 50";"2";"20 | 27";"55";"";"1.7";"1";"0.6 | 0.8";"1.3 | 0.7";"35";"50";"15";"95";"1.5";"";"";"";"1.1 | 1.5";"";"60 | 80";"60 | 50";"";"0.4 | 0";"0.6 | 0.4";"1";"0.7";"0.7 | 0.3";"0.2 | 0.8";"";"20 | 40";"";"";"7";"";""
"Iran";"IRN";"Azadegan League";"03-07-2026 13:00";"NS";"Be'sat Kermanshah";"";"";"Fard Alborz";"";"";"";"";"11 | 7";"50 | 37";"";"41 | 31";"45";"";"1.6";"2";"1.2 | 0.9";"0.7 | 0.4";"20";"60";"15";"90";"1.5";"";"";"";"1.5 | 1.1";"";"80 | 100";"60 | 30";"";"0.4 | 0.5";"0.4 | 0.3";"0.8";"0.8";"0.3 | 0.1";"0.8 | 0.4";"";"40 | 20";"";"";"7";"";""
"Iran";"IRN";"Azadegan League";"03-07-2026 13:00";"NS";"Mes Kerman";"";"";"Naft Bandar Abbas";"";"";"";"";"8 | 9";"37 | 33";"";"20 | 24";"45";"";"1.4";"2";"0.6 | 0.7";"0.7 | 0.8";"40";"30";"20";"100";"1.5";"12.6";"5.7";"6.1";"1.1 | 1";"7";"80 | 77";"40 | 50";"";"0.2 | 0.1";"0.3 | 0.3";"1";"0.4";"0.4 | 0.5";"0.4 | 0.6";"";"20 | 20";"5 | 2.8";"2 | 2.5";"7";"27";"14"
"Iceland";"ISL";"Besta deild";"03-07-2026 16:15";"NS";"FH";"";"";"Stjarnan";"2.31";"2.46";"1.06";"1.95";"11 | 8";"13 | 47";"5";"41 | 68";"90";"";"3.4";"4";"1.2 | 2";"1.8 | 1.8";"90";"90";"60";"60";"4";"28.6";"10.1";"10.9";"0.4 | 1.4";"12";"42 | 42";"40 | 60";"";"1.2 | 0.8";"0.2 | 1.2";"1.7";"1.7";"1.6 | 0.6";"0 | 1.2";"";"0 | 40";"7.4 | 4";"4 | 6.4";"12.4";"80";"80"
"Iceland";"ISL";"Inkasso-Deildin";"03-07-2026 16:15";"NS";"Grótta";"";"";"HK";"3.62";"1.74";"";"";"8 | 5";"25 | 20";"2";"75 | 48";"100";"";"4.8";"4";"2.2 | 1.4";"3.2 | 2.6";"80";"90";"80";"32";"3.4";"21.6";"10.6";"12.6";"0.8 | 0.6";"12";"2 | 14";"50 | 60";"";"0.8 | 0.4";"1 | 1.2";"3.1";"1.7";"2.2 | 1.4";"1.5 | 1";"";"25 | 20";"6.8 | 7";"5.8 | 5.6";"12.4";"88";"78"
"Iceland";"ISL";"Inkasso-Deildin";"03-07-2026 16:15";"NS";"ÍR";"";"";"Afturelding";"3.02";"1.99";"1.08";"1.79";"9 | 2";"53 | 60";"2";"75 | 68";"90";"";"3.6";"4";"2.2 | 2";"1.8 | 1.2";"70";"50";"80";"50";"3.4";"25.2";"12.6";"15.4";"1.6 | 1.8";"14";"42 | 63";"60 | 40";"";"1 | 1";"0.2 | 0.2";"2.4";"1.2";"1.6 | 1";"1.2 | 1";"";"40 | 60";"8.4 | 10.5";"5.8 | 6";"12.4";"100";"100"
"Iceland";"ISL";"Inkasso-Deildin";"03-07-2026 16:15";"NS";"Njardvík";"";"";"Thróttur Reykjavík";"2.52";"2.34";"1.13";"1.56";"7 | 1";"67 | 75";"5";"61 | 100";"80";"";"3.4";"4";"1.8 | 3";"0.6 | 1.5";"58";"80";"70";"52";"3.4";"23";"10.2";"11";"2 | 2.2";"12";"84 | 52";"40 | 25";"";"0.8 | 1.5";"0.2 | 1";"1.7";"1.8";"0.4 | 0.5";"1 | 1.5";"";"60 | 75";"5.6 | 6.5";"5.6 | 4.2";"12.4";"78";"68"
"Iceland";"ISL";"Inkasso-Deildin";"03-07-2026 16:15";"NS";"Ægir";"";"";"Fylkir";"5.84";"1.43";"1.12";"1.62";"11 | 3";"20 | 60";"2";"41 | 54";"70";"";"3.3";"3";"1.2 | 1.6";"2 | 1.8";"50";"60";"60";"60";"3.4";"21.4";"9.1";"11.4";"0.6 | 1.8";"12";"35 | 42";"40 | 40";"";"0.2 | 0.2";"0.2 | 1.4";"2.3";"1";"1.8 | 0.4";"1 | 1.4";"";"20 | 60";"4 | 8.6";"6.8 | 3.4";"12.4";"80";"80"
"Iceland";"ISL";"2. Deild";"03-07-2026 15:00";"NS";"Hvíti riddarinn";"";"";"Dalvík / Reynir";"3.70";"1.68";"";"";"9 | 2";"58 | 40";"2";"61 | 68";"100";"";"3.6";"4";"1.8 | 2";"1.5 | 2";"45";"88";"52";"68";"4";"22.2";"9.3";"9.5";"1.8 | 1.2";"10";"52 | 35";"25 | 40";"";"0.8 | 1.4";"1.2 | 0.8";"1.5";"2.1";"0.2 | 1.2";"1 | 0.6";"";"50 | 40";"5.2 | 3.8";"4.8 | 5.2";"11.7";"78";"78"
"Iceland";"ISL";"2. Deild";"03-07-2026 16:15";"NS";"KFG";"";"";"Selfoss";"4.90";"1.44";"";"";"8 | 4";"50 | 40";"2";"51 | 61";"92";"";"4.1";"4";"1.5 | 1.8";"2.7 | 2.2";"75";"64";"82";"26";"4";"22.4";"10.6";"13.1";"1.5 | 1.2";"12";"10 | 28";"33 | 80";"";"0.3 | 0.8";"1.5 | 0.2";"2.6";"1.4";"1.2 | 2";"1.2 | 1";"";"50 | 20";"5.5 | 5.4";"6.7 | 8.6";"11.7";"100";"100"
"Iceland";"ISL";"3. Deild";"03-07-2026 16:15";"NS";"KA Asvellir";"";"";"Reynir";"";"";"";"";"10 | 4";"25 | 8";"";"34 | 34";"100";"";"4.1";"4";"1 | 1";"3 | 3.2";"75";"88";"100";"25";"4";"18";"8";"13.5";"0.8 | 0.2";"13";"0 | 2";"75 | 50";"";"0.2 | 0.5";"1 | 1.8";"2.4";"1.7";"2 | 1.5";"0.8 | 0.5";"";"25 | 0";"7 | 8.5";"6 | 5.5";"12.2";"84";"84"
"Iceland";"ISL";"U19 Cup";"03-07-2026 15:00";"NS";"Breiðablik / A / Sm  U19";"";"";"Víkingur / BF108 U19";"";"";"";"";"";"";"";"";"";"";"";"";"";"";"";"";"";"";"";"";"";"";"";"";"";"";"";"";"";"";"";"";"";"";"";"";"";"";"";""
"Iceland";"ISL";"U19 League C";"03-07-2026 14:00";"NS";"ÍA / Ka / Sk / VÓ II U19";"";"";"Austurland U19";"";"";"";"";"5 | 8";"67 | 0";"";"100 | 100";"100";"";"7";"7";"3.8 | 3";"1.8 | 5.3";"84";"";"100";"0";"6.4";"";"";"";"2 | 0";"";"42 | 2";"67 | 33";"";"";"";"0";"0";"";"";"";"67 | 0";"";"";"15";"";""
"Kazakhstan";"KAZ";"Premier League";"03-07-2026 11:00";"NS";"Astana";"";"";"Zhenys";"1.66";"4.78";"1.32";"1.23";"5 | 10";"90 | 29";"1";"78 | 31";"86";"";"2.6";"3";"2.3 | 0.9";"0.6 | 1.6";"57";"64";"57";"78";"2.2";"23";"11.3";"8.2";"2.7 | 0.9";"9";"84 | 49";"57 | 57";"";"1.3 | 0.3";"0 | 0.7";"1.5";"1.2";"0.6 | 0.9";"1 | 0.6";"";"86 | 14";"5.6 | 3.9";"4 | 3";"9.1";"57";"42"
"Kazakhstan";"KAZ";"First Division";"03-07-2026 09:00";"NS";"Sport Academy Kairat";"";"";"Taraz";"1.00";"17.00";"";"";"1 | 7";"89 | 27";"3";"100 | 48";"74";"";"3.2";"2";"3.5 | 1.4";"0 | 1.6";"30";"72";"55";"65";"3.2";"20.2";"4.8";"7.9";"2.7 | 0.8";"7";"100 | 49";"50 | 60";"";"1.7 | 0.8";"0 | 0.6";"1.7";"1.5";"0 | 1";"1.8 | 0.6";"";"83 | 20";"5.8 | 4.8";"3 | 2.2";"8.1";"38";"38"
"Kazakhstan";"KAZ";"First Division";"03-07-2026 09:00";"NS";"Arys";"";"";"Yelimay II";"2.27";"2.40";"";"";"13 | 14";"17 | 11";"5";"24 | 17";"67";"";"2.6";"2";"0.7 | 0.5";"2.3 | 1.7";"42";"92";"50";"75";"3.2";"21.1";"3.4";"9.4";"0.5 | 0.3";"9";"25 | 46";"67 | 33";"";"0.5 | 0.3";"1 | 1.3";"1";"1.6";"1.3 | 0.3";"0.2 | 0.2";"";"17 | 0";"4.2 | 3.4";"4.7 | 6.6";"8.1";"74";"64"
"Kazakhstan";"KAZ";"First Division";"03-07-2026 12:00";"NS";"FC Turan";"";"";"Jaiyq";"1.21";"9.75";"";"";"3 | 8";"71 | 50";"3";"68 | 24";"52";"";"2.2";"3";"2 | 0.7";"0.6 | 1";"16";"77";"45";"86";"3.2";"13.6";"1.8";"5.8";"2.1 | 1.5";"6";"84 | 70";"57 | 33";"";"0.9 | 0.5";"0.4 | 0.7";"0.9";"1.2";"0.1 | 0.3";"1.1 | 0.2";"";"71 | 50";"3 | 2";"1.2 | 5.3";"8.1";"44";"26"
"Lebanon";"LIB";"Premier League";"03-07-2026 08:00";"NS";"Safa";"";"";"Al Mabarrah";"";"";"";"";"5 | 8";"63 | 23";"";"34 | 14";"50";"";"1.7";"2";"1 | 0.4";"0.4 | 1.6";"15";"45";"15";"90";"2.3";"18.6";"6.8";"8.2";"1.9 | 0.7";"8";"100 | 49";"40 | 60";"";"0.4 | 0.1";"0 | 1.1";"0.9";"0.8";"0.4 | 0.5";"0.6 | 0.3";"";"60 | 10";"3 | 3.8";"5.4 | 4.1";"8.4";"61";"56"
"Lebanon";"LIB";"Premier League";"03-07-2026 08:00";"NS";"Reyady Abaseya";"";"";"Racing";"";"";"";"";"10 | 12";"11 | 3";"";"10 | 3";"62";"";"2.2";"2";"0.3 | 0.1";"1.4 | 2.6";"16";"57";"31";"84";"2.3";"15";"6.6";"6.5";"0.3 | 0.1";"7";"56 | 14";"44 | 40";"";"0.1 | 0";"0.8 | 1";"1.3";"1";"0.7 | 1.6";"0.2 | 0.1";"";"0 | 0";"2 | 2";"3 | 6";"8.4";"25";"25"
"Lebanon";"LIB";"Premier League";"03-07-2026 09:30";"NS";"Al-Tadamon Sour";"";"";"Al Ansar";"";"";"";"";"9 | 1";"30 | 85";"";"20 | 99";"56";"";"2.4";"3";"0.6 | 2.9";"1 | 0.3";"38";"38";"33";"72";"2.3";"14.6";"6.8";"8";"0.9 | 2.6";"9";"70 | 100";"56 | 44";"";"0.1 | 1.3";"0.4 | 0";"1.4";"1";"0.6 | 0.3";"0.4 | 1.6";"";"11 | 78";"2.9 | 6.9";"3 | 3.2";"8.4";"52";"34"
"Lebanon";"LIB";"Premier League";"03-07-2026 15:30";"NS";"Sagesse";"";"";"Al Nejmeh";"";"";"";"";"6 | 2";"63 | 56";"";"75 | 58";"78";"";"3.2";"2";"2.2 | 1.7";"1.6 | 0.9";"63";"63";"68";"58";"2.3";"16.9";"8.1";"9.2";"1.9 | 1.7";"8";"49 | 74";"50 | 56";"";"1.1 | 0.7";"0.7 | 0.4";"1.7";"1.5";"0.9 | 0.4";"1.1 | 1";"";"60 | 44";"5.3 | 5.8";"3.8 | 3.6";"8.4";"84";"61"
"Lithuania";"LTU";"A Lyga";"03-07-2026 13:00";"NS";"Džiugas Telšiai";"";"";"Kauno Žalgiris";"4.66";"1.60";"1.23";"1.30";"2 | 4";"63 | 67";"2";"58 | 71";"80";"";"3";"3";"1.7 | 2.1";"1.1 | 1";"54";"74";"69";"74";"2.6";"16.4";"7.2";"8.7";"1.9 | 2";"9";"66 | 70";"60 | 22";"";"0.7 | 0.8";"0.3 | 0.7";"1.8";"1.2";"0.8 | 0.3";"1 | 1.3";"";"60 | 56";"3.3 | 6.4";"3.8 | 3.9";"9.4";"48";"43"
"Latvia";"LVA";"Virsliga";"03-07-2026 13:00";"NS";"Riga";"";"";"FS Jelgava";"1.21";"9.38";"1.08";"1.72";"1 | 5";"87 | 37";"3";"99 | 37";"80";"";"3.2";"3";"2.9 | 1.1";"0.9 | 1.6";"50";"80";"60";"50";"3";"25.5";"8.8";"9.1";"2.6 | 1.1";"9";"74 | 49";"60 | 40";"";"1.7 | 0.8";"0.4 | 0.5";"1.5";"1.7";"0.5 | 1.1";"1.2 | 0.3";"";"80 | 20";"5.9 | 4.7";"2.9 | 4.7";"9.6";"80";"55"
"Macau";"MAC";"Primeira Division";"03-07-2026 10:00";"NS";"Shao Jiang SC";"";"";"Artilheiros";"";"";"";"";"1 | 9";"83 | 33";"";"100 | 44";"100";"";"5.2";"5";"3.2 | 1.3";"1.2 | 4.6";"52";"78";"93";"26";"4.9";"23.8";"11.6";"11.2";"2.5 | 1";"11";"63 | 2";"50 | 43";"";"1.5 | 0";"0.6 | 2.3";"3";"2.2";"0.6 | 2.3";"1.8 | 1.3";"";"75 | 29";"8.6 | 2.6";"3.3 | 7.9";"10.4";"93";"71"
"Mongolia";"MNG";"Premier League";"03-07-2026 05:00";"NS";"Central Stallions";"";"";"Deren";"";"";"";"";"2 | 3";"73 | 60";"";"92 | 88";"80";"";"3.8";"4";"2.7 | 2.6";"1.2 | 1.2";"50";"84";"70";"50";"5.1";"22";"11.6";"11";"2.2 | 1.8";"10";"63 | 63";"50 | 50";"";"1.6 | 1.2";"0.6 | 0.7";"1.8";"1.9";"1.1 | 0.5";"1.1 | 1.4";"";"70 | 60";"6.1 | 5.2";"5.6 | 5.1";"10.5";"88";"76"
"Mongolia";"MNG";"Premier League";"03-07-2026 08:00";"NS";"Khangarid";"";"";"Ulaanbaatar";"";"";"";"";"4 | 1";"63 | 81";"";"100 | 100";"94";"";"4.5";"5";"3.3 | 3.4";"1.7 | 0.6";"66";"84";"78";"33";"5.1";"20.6";"9";"9.4";"1.9 | 2.4";"9";"46 | 84";"67 | 56";"";"1.2 | 1.3";"0.9 | 0";"2.8";"1.7";"0.8 | 0.6";"2.1 | 2.1";"";"56 | 78";"7.1 | 4.9";"2.6 | 4.1";"10.5";"71";"59"
"Northern Ireland";"NIR";"Charity Shield";"03-07-2026 15:45";"NS";"Larne";"";"";"Coleraine";"";"";"";"";"";"";"";"";"";"";"";"";"";"";"";"";"";"";"";"";"";"";"";"";"";"";"";"";"";"";"";"";"";"";"";"";"";"";"";""
"Norway";"NOR";"1. Division";"03-07-2026 13:00";"NS";"Raufoss";"";"";"Strømmen";"2.36";"2.55";"1.13";"1.61";"15 | 14";"39 | 22";"5";"61 | 51";"83";"";"3.8";"4";"1.8 | 1.5";"1.7 | 2.7";"58";"83";"67";"50";"3.6";"17.9";"8";"9.5";"1.2 | 0.7";"10";"46 | 10";"50 | 33";"";"0.8 | 0.7";"1.3 | 1";"1.9";"2";"0.3 | 1.7";"1 | 0.8";"";"33 | 17";"5.3 | 3.5";"5.7 | 4.5";"11";"75";"75"
"Norway";"NOR";"1. Division";"03-07-2026 13:00";"NS";"Kongsvinger";"";"";"Sogndal";"1.60";"4.29";"1.07";"1.89";"3 | 12";"89 | 24";"1";"100 | 44";"100";"";"4.2";"4";"3 | 1.3";"1.5 | 2.7";"70";"84";"93";"40";"3.6";"26.2";"11.6";"11.6";"2.7 | 0.7";"11";"52 | 10";"33 | 71";"";"0.5 | 0.3";"0.7 | 1.1";"3";"1.3";"0.8 | 1.6";"2.5 | 1";"";"83 | 14";"6 | 6.1";"5 | 6";"11";"84";"84"
"Norway";"NOR";"1. Division";"03-07-2026 14:00";"NS";"Ranheim";"";"";"Stabæk";"2.63";"2.22";"1.06";"1.88";"6 | 4";"81 | 43";"5";"100 | 58";"86";"";"3.8";"4";"3.3 | 1.7";"1.3 | 1.3";"72";"86";"78";"28";"3.6";"23.1";"10.1";"12.4";"2.4 | 1.3";"12";"60 | 60";"57 | 71";"";"1.4 | 0.9";"0.6 | 0.7";"2";"1.8";"0.7 | 0.6";"1.9 | 0.9";"";"71 | 29";"5.7 | 7.3";"5 | 6.9";"11";"93";"86"
"New Zealand";"NZL";"National League";"03-07-2026 22:00";"NS";"Wellington Phoenix Res";"";"";"FC Western";"1.35";"6.06";"";"";"8 | 10";"42 | 0";"1";"34 | 7";"62";"";"2.9";"3";"1 | 0.2";"0.8 | 3.8";"38";"88";"50";"62";"3.4";"17.5";"8.6";"10.6";"1.2 | 0";"10";"77 | 2";"50 | 50";"";"0.8 | 0.2";"0.5 | 0.8";"1.8";"1.1";"0.2 | 3";"0.2 | 0";"";"25 | 0";"6 | 2";"4.8 | 8.3";"10.6";"84";"71"
"New Zealand";"NZL";"Chatham Cup";"03-07-2026 23:00";"NS";"Nelson Suburbs";"";"";"Northern AFC";"";"";"";"";"";"";"";"";"";"";"";"";"";"";"";"";"";"";"";"";"";"";"";"";"";"";"";"";"";"";"";"";"";"";"";"";"";"";"";""
"New Zealand";"NZL";"Chatham Cup";"03-07-2026 23:00";"NS";"Petone";"";"";"Napier City Rovers";"";"";"";"";"";"";"";"";"";"";"";"";"";"";"";"";"";"";"";"";"";"";"";"";"";"";"";"";"";"";"";"";"";"";"";"";"";"";"";""
"New Zealand";"NZL";"Chatham Cup";"03-07-2026 23:00";"NS";"Auckland City";"";"";"Takapuna";"";"";"";"";"";"";"";"";"";"";"";"";"";"";"";"";"";"";"";"";"";"";"";"";"";"";"";"";"";"";"";"";"";"";"";"";"";"";"";""
"New Zealand";"NZL";"Chatham Cup";"03-07-2026 23:00";"NS";"Auckland United";"";"";"Cambridge";"";"";"";"";"";"";"";"";"";"";"";"";"";"";"";"";"";"";"";"";"";"";"";"";"";"";"";"";"";"";"";"";"";"";"";"";"";"";"";""
"Russia";"RUS";"FNL 2 - Group 1";"03-07-2026 21:00";"NS";"Angusht";"";"";"PSK Dinskaya";"";"";"";"";"13 | 10";"33 | 39";"";"24 | 51";"66";"";"2.8";"2";"0.7 | 1.5";"1.2 | 2.2";"34";"75";"58";"66";"2.5";"12.8";"3.6";"8.8";"1 | 1.2";"9";"63 | 28";"50 | 67";"";"0.3 | 0.7";"0.2 | 0.8";"1.8";"1";"1 | 1.3";"0.3 | 0.8";"";"33 | 33";"4.7 | 3.8";"4 | 5";"8.4";"67";"42"
"Russia";"RUS";"Third Division - Ural and Western Siberia";"03-07-2026 21:00";"CANCELLED";"Amkar Perm II";"";"";"Triumf";"";"";"";"";"";"";"";"";"";"";"";"";"";"";"";"";"";"";"";"";"";"";"";"";"";"";"";"";"";"";"";"";"";"";"";"";"";"";"";""
"Russia";"RUS";"Third Division - Ural and Western Siberia";"03-07-2026 21:00";"NS";"Ufa II";"";"";"Tobol Kurgan";"";"";"";"";"6 | 8";"75 | 25";"";"95 | 61";"88";"";"3.4";"3";"2.8 | 1.8";"0.8 | 1.5";"50";"";"75";"50";"3";"";"";"";"2.2 | 0.8";"";"77 | 52";"75 | 25";"";"";"";"0.8";"0.7";"";"";"";"75 | 25";"";"";"0";"";""
"Russia";"RUS";"Third Division - Ural and Western Siberia";"03-07-2026 21:00";"NS";"Metallurg Asha";"";"";"Metallurg Magnitogorsk";"";"";"";"";"3 | 2";"78 | 67";"";"44 | 17";"16";"";"1.1";"2";"1.3 | 0.5";"0.3 | 0";"16";"";"16";"84";"3";"";"";"";"2.3 | 2";"";"100 | 100";"33 | 50";"";"";"";"0.2";"0";"";"";"";"67 | 50";"";"";"0";"";""
"Russia";"RUS";"Third Division - Ural and Western Siberia";"03-07-2026 21:00";"NS";"SShOR Zvezda Perm";"";"";"Chelyabinsk III";"";"";"";"";"5 | 11";"75 | 0";"";"61 | 17";"75";"";"2.7";"3";"1.8 | 0.5";"0.5 | 2.8";"12";"100";"50";"62";"3";"";"";"";"2.2 | 0";"";"88 | 7";"25 | 50";"";"2 | 0.5";"0 | 2.5";"0.5";"1.2";"0 | 2.5";"1.5 | 0.5";"";"75 | 0";"";"";"0";"";""
"Russia";"RUS";"Third Division - Ural and Western Siberia";"03-07-2026 21:00";"NS";"Irtysh Omsk II";"";"";"Torpedo Miass II";"";"";"";"";"7 | 10";"100 | 0";"";"51 | 10";"58";"";"2.6";"3";"1.5 | 0.3";"0.2 | 3";"29";"75";"46";"66";"3";"";"";"";"3 | 0";"";"100 | 0";"50 | 67";"";"1 | 0.5";"0 | 2";"0.8";"1.1";"1 | 2.5";"1 | 0";"";"100 | 0";"";"";"0";"";""
"Russia";"RUS";"Third Division - Ural and Western Siberia";"03-07-2026 21:00";"NS";"Ilpar";"";"";"Tyumen II";"";"";"";"";"1 | 4";"87 | 75";"";"100 | 85";"90";"";"4.2";"4";"3.4 | 2.5";"0.6 | 2";"68";"50";"78";"22";"3";"";"";"";"2.6 | 2.2";"";"84 | 35";"80 | 75";"";"0.5 | 0.5";"0.2 | 2";"1.6";"0.9";"0.2 | 0.5";"2.8 | 1";"";"80 | 75";"";"";"0";"";""
"Russia";"RUS";"Third Division - Privolzhye";"03-07-2026 21:00";"NS";"Forvard";"";"";"Volga Ulyanovsk II";"";"";"";"";"10 | 7";"27 | 33";"";"41 | 51";"90";"";"4.2";"4";"1.2 | 1.5";"3.4 | 2.2";"54";"";"74";"36";"3.9";"";"";"";"0.8 | 1";"";"2 | 28";"40 | 67";"";"";"";"0";"0";"";"";"";"20 | 33";"";"";"0";"";""
"Russia";"RUS";"Third Division - Privolzhye";"03-07-2026 21:00";"NS";"Dorozhnik";"";"";"Sokol Saratov II";"";"";"";"";"2 | 9";"100 | 8";"";"100 | 34";"100";"";"3.9";"3";"3.2 | 1";"0.8 | 2.8";"62";"";"62";"38";"3.9";"";"";"";"3 | 0.2";"";"77 | 7";"75 | 50";"";"";"";"0";"0";"";"";"";"100 | 0";"";"";"0";"";""
"Russia";"RUS";"Third Division - Privolzhye";"03-07-2026 21:00";"NS";"Olimp Samara";"";"";"Rodnya";"";"";"";"";"4 | 6";"58 | 20";"";"68 | 14";"68";"";"2.4";"3";"2 | 0.4";"0.8 | 1.6";"35";"";"58";"88";"3.9";"";"";"";"1.8 | 0.6";"";"77 | 49";"75 | 60";"";"";"";"0";"0";"";"";"";"50 | 20";"";"";"0";"";""
"Russia";"RUS";"Third Division - Privolzhye";"03-07-2026 21:00";"NS";"BoMiK";"";"";"ZaKiDok";"";"";"";"";"1 | 3";"80 | 75";"";"95 | 95";"100";"";"3.8";"4";"2.8 | 2.8";"1.2 | 0.8";"30";"";"90";"58";"3.9";"";"";"";"2.4 | 2.2";"";"63 | 77";"60 | 25";"";"";"";"0";"0";"";"";"";"80 | 75";"";"";"0";"";""
"Russia";"RUS";"Third Division - Privolzhye";"03-07-2026 21:00";"NS";"Zenit Izhevsk II";"";"";"Feonit";"";"";"";"";"8 | 5";"47 | 40";"";"75 | 68";"100";"";"4";"4";"2.2 | 2";"1.2 | 2.6";"60";"";"70";"40";"3.9";"";"";"";"1.4 | 1.2";"";"63 | 14";"40 | 60";"";"";"";"0";"0";"";"";"";"40 | 40";"";"";"0";"";""
"United States";"USA";"USL Championship";"03-07-2026 20:00";"NS";"Loudoun United";"";"";"Sporting JAX";"1.58";"4.60";"1.14";"1.54";"23 | 25";"24 | 5";"1";"48 | 24";"71";"";"3";"3";"1.4 | 0.7";"2 | 2";"64";"71";"64";"50";"2.8";"24";"8.6";"8.6";"0.7 | 0.1";"9";"35 | 35";"71 | 57";"";"0.7 | 0.1";"0.9 | 1";"1.8";"1.4";"1.1 | 1";"0.7 | 0.6";"";"0 | 0";"3.3 | 2.4";"5.4 | 6";"9";"64";"50"
"United States";"USA";"USL League Two";"03-07-2026 16:00";"NS";"Akron City";"";"";"Erie Sports Center";"";"";"";"";"6 | 7";"33 | 0";"";"51 | 27";"88";"";"3.6";"3";"1.5 | 0.8";"1.5 | 3.5";"38";"100";"62";"38";"3.6";"";"";"";"1 | 0";"";"52 | 2";"50 | 25";"";"1 | 0.5";"0.8 | 2.2";"1.4";"2.3";"0.8 | 1.2";"0.5 | 0.2";"";"25 | 0";"";"";"8.7";"";""
"United States";"USA";"USL League Two";"03-07-2026 19:00";"NS";"Inter Gainesville";"";"";"Nona";"";"";"";"";"6 | 2";"58 | 47";"";"41 | 61";"75";"";"2.8";"4";"1.2 | 1.8";"1.2 | 1.4";"52";"55";"65";"65";"3.6";"";"";"";"1.8 | 1.4";"";"63 | 56";"50 | 20";"";"0.8 | 0.8";"0.2 | 1";"1.4";"1.4";"1 | 0.4";"0.5 | 1";"";"50 | 40";"";"";"8.7";"";""
"United States";"USA";"USL League Two";"03-07-2026 20:00";"NS";"AFC Ann Arbor";"";"";"Oakland County";"";"";"";"";"5 | 1";"75 | 67";"";"51 | 61";"88";"";"2.8";"4";"1.5 | 1.8";"1.2 | 1";"75";"38";"62";"75";"3.6";"";"";"";"2.2 | 2";"";"63 | 70";"75 | 50";"";"0.2 | 0.5";"0 | 0.5";"2.2";"0.6";"1.2 | 0.5";"1.2 | 1.2";"";"75 | 50";"";"";"8.7";"";""
"United States";"USA";"USL League Two";"03-07-2026 20:00";"NS";"Buffalo";"";"";"Lorain County Leviathan";"";"";"";"";"1 | 4";"83 | 47";"";"100 | 68";"90";"";"3.8";"4";"3 | 2";"1 | 1.6";"58";"68";"78";"22";"3.6";"";"";"";"2.5 | 1.4";"";"70 | 49";"75 | 80";"";"1.8 | 0.6";"0.5 | 0.8";"2";"1.8";"0.5 | 0.8";"1.2 | 1.4";"";"75 | 40";"";"";"8.7";"";""
"United States";"USA";"USL League Two";"03-07-2026 20:00";"NS";"Hickory";"";"";"Appalachian";"";"";"";"";"2 | 3";"60 | 67";"";"68 | 78";"92";"";"3";"4";"2 | 2.3";"1.2 | 0.5";"45";"64";"55";"64";"3.6";"";"";"";"1.8 | 2";"";"63 | 88";"40 | 50";"";"1 | 0.8";"0.4 | 0.2";"1.8";"1.2";"0.8 | 0.3";"1 | 1.5";"";"60 | 50";"";"";"8.7";"";""
"United States";"USA";"USL League Two";"03-07-2026 20:00";"NS";"Lionsbridge";"";"";"Hill City";"";"";"";"";"1 | 8";"100 | 40";"";"100 | 95";"100";"";"5.6";"5";"4.2 | 2.8";"1 | 3.2";"60";"80";"80";"30";"3.6";"";"";"";"3 | 1.2";"";"70 | 2";"60 | 80";"";"1.8 | 2";"0.6 | 1.8";"2.5";"3.1";"0.4 | 1.4";"2.4 | 0.8";"";"100 | 40";"";"";"8.7";"";""
"United States";"USA";"USL League Two";"03-07-2026 20:00";"NS";"Sporting JAX II";"";"";"Brave";"";"";"";"";"5 | 1";"20 | 60";"";"14 | 68";"70";"";"2.1";"3";"0.4 | 2";"1.2 | 0.6";"40";"40";"40";"80";"3.6";"20.4";"7.9";"8.5";"0.6 | 1.8";"9";"63 | 84";"60 | 60";"";"0.2 | 1";"0 | 0.4";"1.3";"0.8";"1.2 | 0.2";"0.2 | 1";"";"0 | 40";"4.3 | 2";"4.7 | 6";"8.7";"58";"58"
"United States";"USA";"USL League Two";"03-07-2026 20:00";"POSTPONED";"Kalamazoo FC";"";"";"Michigan Bucks";"6.71";"1.33";"1.07";"1.73";"4 | 2";"44 | 67";"2";"78 | 68";"100";"";"4";"4";"2.3 | 2";"2 | 1.7";"100";"84";"100";"50";"3.6";"";"";"";"1.3 | 2";"";"35 | 46";"33 | 33";"";"1.3 | 0.7";"1 | 0.3";"2.4";"1.6";"1 | 1.3";"1 | 1.3";"";"33 | 67";"";"";"8.7";"";""
"United States";"USA";"USL League Two";"03-07-2026 20:30";"NS";"Western Mass Pioneers";"";"";"Black Rock";"";"";"";"";"3 | 5";"67 | 56";"";"68 | 61";"80";"";"3.4";"4";"2 | 1.8";"1.6 | 1.3";"72";"100";"72";"54";"3.6";"21.3";"10.1";"8.9";"2 | 1.7";"9";"49 | 60";"60 | 33";"";"1.2 | 1";"0.8 | 0.7";"1.6";"1.8";"0.8 | 0.7";"0.8 | 0.8";"";"60 | 50";"5.6 | 3.8";"3.8 | 4.6";"8.7";"60";"50"
"United States";"USA";"USL League Two";"03-07-2026 20:30";"NS";"West Chester United II";"";"";"Delaware FC";"";"";"";"";"6 | 5";"56 | 47";"";"58 | 75";"84";"";"3.4";"4";"1.7 | 2.2";"1.2 | 1.8";"74";"74";"65";"45";"3.6";"29.4";"13.6";"9.6";"1.7 | 1.4";"9";"63 | 42";"50 | 60";"";"0.8 | 0.8";"0.8 | 0.8";"1.8";"1.6";"0.3 | 1";"0.8 | 1.4";"";"50 | 40";"4.2 | 4";"2.6 | 8.3";"8.7";"80";"60"
"United States";"USA";"USL League Two";"03-07-2026 21:00";"NS";"Des Moines Menace";"";"";"Santafé Wanderers";"";"";"";"";"4 | 2";"50 | 80";"";"75 | 95";"100";"";"3.8";"4";"2.2 | 2.8";"1.8 | 0.8";"70";"100";"90";"42";"3.6";"";"";"";"1.5 | 2.4";"";"42 | 77";"75 | 40";"";"0.8 | 1.2";"0.5 | 0.2";"2.5";"1.3";"1.2 | 0.6";"1.5 | 1.6";"";"50 | 80";"";"";"8.7";"";""
"United States";"USA";"USL League Two";"03-07-2026 21:00";"NS";"Houston FC";"";"";"Hill Country Lobos";"1.75";"3.46";"1.09";"1.82";"6 | 7";"22 | 25";"1";"58 | 34";"88";"";"4";"4";"1.7 | 1";"2.7 | 2.8";"62";"84";"54";"58";"3.6";"";"";"";"0.7 | 0.8";"";"10 | 7";"33 | 50";"";"0.3 | 1";"1.3 | 1.8";"1.8";"2.2";"1.3 | 1";"1.3 | 0";"";"0 | 25";"";"";"8.7";"";""
"United States";"USA";"USL League Two";"03-07-2026 21:30";"NS";"Fort Worth Vaqueros";"";"";"West Texas";"";"";"";"";"6 | 5";"0 | 0";"";"7 | 10";"54";"";"3.4";"3";"0.2 | 0.3";"4.8 | 1.3";"29";"100";"54";"62";"3.6";"17.4";"7.5";"6.5";"0 | 0";"8";"2 | 60";"50 | 33";"";"0 | 0.3";"2.2 | 1.3";"1.4";"2";"2.5 | 0";"0.2 | 0";"";"0 | 0";"2 | 3.3";"3.3 | 4.3";"8.7";"50";"34"
"United States";"USA";"USL League Two";"03-07-2026 22:30";"NS";"Midlakes United";"";"";"Bangers";"";"";"";"";"5 | 3";"56 | 33";"";"78 | 58";"100";"";"4.5";"4";"2.3 | 1.7";"1.7 | 3.3";"67";"92";"92";"25";"3.6";"9.2";"6.2";"9.4";"1.7 | 1";"9";"46 | 2";"50 | 33";"";"1.5 | 0.3";"1 | 1.3";"2.4";"2.1";"0.7 | 2";"0.8 | 1.3";"";"50 | 33";"4 | 6";"5.2 | 3.5";"8.7";"66";"58"
"United States";"USA";"USL League Two";"03-07-2026 23:00";"NS";"Ventura County Fusion";"";"";"AMSG";"";"";"";"";"1 | 8";"78 | 0";"";"78 | 51";"84";"";"3.4";"3";"2.3 | 1.5";"0.3 | 2.8";"66";"71";"66";"46";"3.6";"";"";"";"2.3 | 0";"";"100 | 7";"33 | 50";"";"1.3 | 1";"0 | 1.2";"1.6";"1.8";"0.3 | 1.5";"1 | 0.5";"";"67 | 0";"";"";"8.7";"";""
"United States";"USA";"USL League Two";"03-07-2026 23:00";"NS";"Tucson";"";"";"Stars FC";"";"";"";"";"4 | 3";"83 | 42";"";"68 | 34";"75";"";"2.4";"3";"2 | 1";"0.8 | 1";"62";"88";"38";"75";"3.6";"";"";"";"2.5 | 1.2";"";"77 | 70";"50 | 75";"";"1.2 | 0.5";"0.2 | 0.5";"1.1";"1.2";"0.5 | 0.5";"0.8 | 0.5";"";"75 | 25";"";"";"8.7";"";""
"United States";"USA";"USL League Two";"03-07-2026 23:00";"NS";"Tacoma Stars";"";"";"Snohomish United";"";"";"";"";"4 | 2";"47 | 58";"";"82 | 75";"75";"";"3.6";"4";"2.4 | 2.2";"1.6 | 1";"52";"65";"65";"55";"3.6";"11.6";"6.8";"7.8";"1.4 | 1.8";"8";"49 | 70";"40 | 50";"";"0.4 | 1";"0.8 | 0.8";"2.2";"1.5";"0.8 | 0.2";"2 | 1.2";"";"40 | 50";"4.4 | 3";"4.8 | 3.5";"8.7";"65";"30"
"United States";"USA";"USL League One";"03-07-2026 20:30";"NS";"Naples";"";"";"Portland Hearts of Pine";"2.38";"2.63";"";"";"10 | 9";"54 | 24";"5";"37 | 37";"66";"";"2.9";"3";"1.1 | 1.1";"1.4 | 2.1";"41";"72";"54";"59";"2.9";"23";"8.6";"9.2";"1.6 | 0.7";"9";"56 | 32";"38 | 57";"";"0.5 | 0.4";"0.8 | 0.4";"1.8";"1";"0.6 | 1.7";"0.6 | 0.7";"";"50 | 14";"4.9 | 3.1";"4.5 | 5.9";"10";"59";"46"
"United States";"USA";"USL League One";"03-07-2026 20:30";"NS";"Richmond Kickers";"";"";"Sarasota Paradise";"2.14";"2.95";"";"";"15 | 12";"47 | 14";"5";"34 | 24";"73";"";"2.6";"3";"1 | 0.7";"1.2 | 2.3";"42";"72";"42";"68";"2.9";"24.7";"9.3";"9.6";"1.4 | 0.4";"10";"63 | 25";"40 | 43";"";"0.6 | 0.1";"0.8 | 0.9";"1.4";"1.2";"0.4 | 1.4";"0.4 | 0.6";"";"40 | 14";"5 | 3.3";"6.8 | 4.1";"10";"62";"54"
"United States";"USA";"NPSL";"03-07-2026 18:00";"NS";"Erie Commodores";"";"";"Ambassadors Ohio";"";"";"";"";"1 | 3";"87 | 80";"";"100 | 75";"100";"";"3.9";"4";"3.6 | 2.2";"0.8 | 1.2";"50";"100";"80";"40";"4.5";"";"";"";"2.6 | 2.4";"";"77 | 63";"40 | 40";"";"1.5 | 1";"0 | 1";"1.3";"1";"1.2 | 2";"2.8 | 4.5";"";"80 | 80";"";"";"8.8";"";""
"United States";"USA";"NPSL";"03-07-2026 18:30";"NS";"Virginia Dream";"";"";"Virginia Beach City";"";"";"";"";"3 | 2";"58 | 50";"";"95 | 41";"75";"";"3.4";"4";"2.8 | 1.2";"1 | 1.8";"50";"75";"50";"75";"4.5";"";"";"";"1.8 | 1.5";"";"70 | 42";"25 | 50";"";"1.5 | 0.2";"0.5 | 0.5";"2";"1.4";"0.5 | 1.2";"1.2 | 1";"";"50 | 50";"";"";"8.8";"";""
"United States";"USA";"NPSL";"03-07-2026 20:00";"NS";"FC Pride";"";"";"SI Guardians";"";"";"";"";"1 | 6";"58 | 0";"";"95 | 41";"100";"";"6.1";"6";"2.8 | 1.2";"1.5 | 6.8";"88";"100";"88";"25";"4.5";"";"";"";"1.8 | 0";"";"52 | 2";"50 | 50";"";"1.2 | 1.5";"0.8 | 1";"1.8";"1.6";"0.8 | 12.5";"1.5 | 1";"";"50 | 0";"";"";"8.8";"";""
"United States";"USA";"NPSL";"03-07-2026 20:30";"NS";"Charlottetowne Hops";"";"";"Burlington United";"";"";"";"";"5 | 6";"33 | 8";"";"34 | 41";"88";"";"3.4";"4";"1 | 1.2";"1.2 | 3.2";"75";"62";"62";"62";"4.5";"";"";"";"1 | 0.2";"";"63 | 2";"50 | 75";"";"0 | 0.5";"0.5 | 1.8";"2";"1.4";"0.8 | 1.5";"1 | 0.8";"";"25 | 0";"";"";"8.8";"";""
"United States";"USA";"NPSL";"03-07-2026 21:00";"NS";"Milwaukee Torrent";"";"";"Michigan Rangers";"";"";"";"";"4 | 3";"58 | 67";"";"100 | 100";"100";"";"5.1";"5";"3.5 | 4";"1.8 | 1";"84";"100";"88";"46";"4.5";"";"";"";"1.8 | 2";"";"42 | 70";"50 | 33";"";"1 | 1.7";"0.7 | 0.7";"2.4";"1.8";"3.7 | 0.3";"1.7 | 2.3";"";"50 | 67";"";"";"8.8";"";""
"United States";"USA";"USL W League";"03-07-2026 19:00";"NS";"Vermont Green W";"";"";"Long Island Rough Riders W";"";"";"";"";"";"";"";"";"";"";"";"";"";"";"";"";"";"";"";"";"";"";"";"";"";"";"";"";"";"";"";"";"";"";"";"";"";"";"";""
"United States";"USA";"USL W League";"03-07-2026 20:00";"NS";"Racing Louisville II W";"";"";"Pittsburgh Riveters W";"";"";"";"";"";"";"";"";"";"";"";"";"";"";"";"";"";"";"";"";"";"";"";"";"";"";"";"";"";"";"";"";"";"";"";"";"";"";"";""
"Vietnam";"VIE";"U21 Championship";"03-07-2026 04:30";"NS";"HV An Giang U21";"";"";"Đồng Nai U21";"";"";"";"";"";"";"";"";"";"";"";"";"";"";"";"";"";"";"";"";"";"";"";"";"";"";"";"";"";"";"";"";"";"";"";"";"";"";"";""
"Vietnam";"VIE";"U21 Championship";"03-07-2026 04:30";"NS";"Tây Ninh U21";"";"";"Mê Kông Cần Thơ U21";"";"";"";"";"";"";"";"";"";"";"";"";"";"";"";"";"";"";"";"";"";"";"";"";"";"";"";"";"";"";"";"";"";"";"";"";"";"";"";""
"Vietnam";"VIE";"U21 Championship";"03-07-2026 05:00";"NS";"TĐTT Gia Lai U21";"";"";"TP Hồ Chí Minh U21";"";"";"";"";"";"";"";"";"";"";"";"";"";"";"";"";"";"";"";"";"";"";"";"";"";"";"";"";"";"";"";"";"";"";"";"";"";"";"";""
"Vietnam";"VIE";"U21 Championship";"03-07-2026 05:00";"NS";"Đà Nẵng U21";"";"";"Hoàng Anh Gia Lai U21 I";"";"";"";"";"";"";"";"";"";"";"";"";"";"";"";"";"";"";"";"";"";"";"";"";"";"";"";"";"";"";"";"";"";"";"";"";"";"";"";""
"Vietnam";"VIE";"U21 Championship";"03-07-2026 05:30";"NS";"PVF Vietnam U21";"";"";"Thể Công – Viettel U21";"";"";"";"";"";"";"";"";"";"";"";"";"";"";"";"";"";"";"";"";"";"";"";"";"";"";"";"";"";"";"";"";"";"";"";"";"";"";"";""
"Vietnam";"VIE";"U21 Championship";"03-07-2026 05:30";"NS";"Hà Nội Bulls U21";"";"";"Hà Nội U21";"";"";"";"";"";"";"";"";"";"";"";"";"";"";"";"";"";"";"";"";"";"";"";"";"";"";"";"";"";"";"";"";"";"";"";"";"";"";"";""
"Vietnam";"VIE";"U21 Championship";"03-07-2026 06:00";"NS";"Công An Hà Nội U21";"";"";"Phù Đổng U21";"";"";"";"";"";"";"";"";"";"";"";"";"";"";"";"";"";"";"";"";"";"";"";"";"";"";"";"";"";"";"";"";"";"";"";"";"";"";"";""
"Vietnam";"VIE";"U21 Championship";"03-07-2026 06:00";"NS";"SLNA U21";"";"";"PVF-CAND U21";"";"";"";"";"";"";"";"";"";"";"";"";"";"";"";"";"";"";"";"";"";"";"";"";"";"";"";"";"";"";"";"";"";"";"";"";"";"";"";""
"Yemen";"YEM";"Yemeni League";"03-07-2026 10:00";"NS";"Ittihad Hadramout FC";"";"";"Wahda Sana’a FC";"";"";"";"";"11 | 3";"0 | 50";"";"0 | 34";"50";"";"1.8";"2";"0 | 1";"1.5 | 1";"25";"25";"25";"100";"1.9";"";"";"";"0 | 1.5";"";"52 | 70";"50 | 50";"";"0 | 0.5";"0 | 0";"1.5";"0.2";"1.5 | 1";"0 | 0.5";"";"0 | 50";"";"";"0";"";""
"Yemen";"YEM";"Yemeni League";"03-07-2026 10:00";"NS";"Ittihad FC IBB";"";"";"Fahman FC";"";"";"";"";"";"";"";"";"";"";"";"";"";"";"";"";"";"";"";"";"";"";"";"";"";"";"";"";"";"";"";"";"";"";"";"";"";"";"";""
"Australia";"AUS";"South Australia NPL Women";"03-07-2026 05:45";"NS";"Adelaide Comets W";"";"";"FFSA NTC W";"";"";"";"";"4 | 6";"62 | 53";"";"82 | 54";"90";"";"3.3";"4";"2.4 | 1.6";"1.6 | 1";"73";"76";"73";"54";"3.9";"18.7";"10.5";"7.3";"1.9 | 1.6";"8";"49 | 70";"71 | 60";"";"0.6 | 0.8";"1 | 0.4";"1.9";"1.4";"0.6 | 0.6";"1.9 | 0.8";"";"57 | 40";"4.3 | 3";"3.9 | 3.5";"7.7";"34";"27"
"Australia";"AUS";"South Australia NPL Women";"03-07-2026 05:45";"NS";"Adelaide University W";"";"";"West Adelaide W";"";"";"";"";"7 | 1";"44 | 83";"";"44 | 92";"92";"";"3.3";"3";"1.3 | 2.7";"2 | 0.7";"58";"83";"84";"58";"3.9";"21";"11.2";"7";"1.3 | 2.5";"7";"35 | 80";"33 | 50";"";"0.7 | 1";"1.2 | 0.2";"1.8";"1.5";"0.8 | 0.5";"0.7 | 1.7";"";"33 | 83";"2.8 | 5.5";"3.8 | 1.8";"7.7";"42";"25"
"Australia";"AUS";"South Australia NPL Women";"03-07-2026 07:45";"NS";"Flinders United W";"";"";"Campbelltown City W";"";"";"";"";"10 | 5";"7 | 50";"";"27 | 61";"82";"";"4.2";"4";"0.8 | 1.8";"3.8 | 1.8";"54";"82";"82";"35";"3.9";"18.8";"10.8";"6.2";"0.2 | 1.5";"7";"2 | 42";"40 | 50";"";"0.4 | 1.3";"1.2 | 0.8";"2.2";"1.9";"2.6 | 1";"0.4 | 0.5";"";"0 | 50";"3.4 | 3.5";"3.8 | 1.8";"7.7";"38";"28"
"Australia";"AUS";"Victoria NPL Women";"03-07-2026 07:30";"NS";"Spring Hills W";"";"";"Heidelberg United W";"";"";"";"";"9 | 10";"41 | 52";"";"41 | 71";"72";"";"3.4";"4";"1.2 | 2.1";"1.6 | 1.9";"62";"72";"56";"62";"3.6";"21.5";"10.7";"9.2";"1.2 | 1.6";"9";"49 | 38";"33 | 44";"";"0.6 | 1";"0.9 | 1";"1.6";"1.7";"0.7 | 0.9";"0.7 | 1.1";"";"33 | 44";"3.4 | 4.6";"5 | 5.4";"9";"72";"56"
"Australia";"AUS";"Victoria NPL Women";"03-07-2026 07:30";"NS";"Bentleigh Greens W";"";"";"Bulleen Lions W";"";"";"";"";"14 | 2";"17 | 67";"";"27 | 71";"82";"";"3.8";"3";"0.8 | 2.1";"3.9 | 1";"50";"82";"68";"56";"3.6";"23";"12";"7.6";"0.5 | 2";"9";"2 | 70";"50 | 38";"";"0.5 | 0.6";"1.6 | 0.6";"2.2";"1.6";"2.2 | 0.4";"0.2 | 1.5";"";"12 | 62";"1.8 | 3.9";"6 | 3.5";"9";"38";"25"
"Australia";"AUS";"Victoria NPL Women";"03-07-2026 23:00";"NS";"Avondale W";"";"";"Essendon Royals W";"";"";"";"";"5 | 1";"78 | 70";"";"82 | 88";"72";"";"3.2";"4";"2.4 | 2.6";"0.4 | 0.9";"33";"72";"62";"56";"3.6";"20.6";"11.8";"9.4";"2.3 | 2.1";"9";"100 | 74";"56 | 56";"";"0.7 | 1.3";"0.1 | 0.6";"1.8";"1.4";"0.3 | 0.3";"1.8 | 1.2";"";"78 | 67";"5.6 | 6.7";"3.9 | 2.7";"9";"62";"56"
"Australia";"AUS";"Tasmania Women's Super League";"03-07-2026 23:15";"NS";"Devonport Strikers W";"";"";"Launceston United W";"";"";"";"";"1 | 5";"100 | 33";"";"100 | 100";"100";"";"5.6";"5";"4.3 | 4";"0.2 | 2.8";"25";"92";"92";"16";"5";"22.2";"13.6";"10.8";"3 | 1";"10";"100 | 7";"67 | 33";"";"2.3 | 1.7";"0.2 | 1.2";"3";"2.6";"0 | 1.7";"2 | 2.3";"";"100 | 33";"7 | 8";"2.7 | 3.8";"10.5";"66";"66"
"Australia";"AUS";"Tasmania Women's Super League";"03-07-2026 23:15";"NS";"Glenorchy Knights W";"";"";"Kingborough United W";"";"";"";"";"2 | 4";"67 | 27";"";"100 | 68";"100";"";"5";"5";"3.4 | 2";"1.8 | 2.8";"70";"100";"100";"30";"5";"25";"14.3";"10.4";"2 | 0.8";"10";"42 | 7";"40 | 40";"";"1.8 | 1.2";"1 | 0.8";"2.6";"2.4";"0.8 | 2";"1.6 | 0.8";"";"60 | 20";"6.2 | 3.6";"3 | 8";"10.5";"90";"60"
"Australia";"AUS";"QLD FQPL 1 Women";"03-07-2026 06:30";"NS";"Moreton City Excelsior W";"";"";"North Lakes United W";"";"";"";"";"10 | 2";"17 | 75";"";"34 | 68";"88";"";"2.8";"3";"1 | 2";"2 | 0.5";"46";"62";"50";"71";"3.8";"25.2";"14.2";"9.6";"0.5 | 2.2";"9";"35 | 88";"50 | 50";"";"0.3 | 1";"0.8 | 0.2";"1.5";"1.2";"1.2 | 0.2";"0.7 | 1";"";"0 | 75";"3 | 8.5";"3.8 | 4";"9.3";"62";"54"
"Belarus";"BLR";"Women's Cup";"03-07-2026 21:00";"NS";"Vitebsk W";"";"";"Minsk FK W";"";"";"";"";"";"";"";"";"";"";"";"";"";"";"";"";"";"";"";"";"";"";"";"";"";"";"";"";"";"";"";"";"";"";"";"";"";"";"";""
"Belarus";"BLR";"Women's Cup";"03-07-2026 21:00";"NS";"Dnepr Mogilev W";"";"";"Dinamo-BGU W";"";"";"";"";"";"";"";"";"";"";"";"";"";"";"";"";"";"";"";"";"";"";"";"";"";"";"";"";"";"";"";"";"";"";"";"";"";"";"";""
"Europe";"EUR";"Euro U19 Women";"03-07-2026 12:00";"NS";"Germany U19 W";"";"";"Sweden U19 W";"";"";"";"";"";"";"";"";"";"";"";"";"";"";"";"";"";"";"";"";"";"";"";"";"";"";"";"";"";"";"";"";"";"";"";"";"";"";"";""
"Europe";"EUR";"Euro U19 Women";"03-07-2026 12:00";"NS";"Poland U19 W";"";"";"Bosnia & Herzegovina U19 W";"";"";"";"";"";"";"";"";"";"";"";"";"";"";"";"";"";"";"";"";"";"";"";"";"";"";"";"";"";"";"";"";"";"";"";"";"";"";"";""
"Finland";"FIN";"Ykkönen Women";"03-07-2026 12:30";"NS";"Honka W";"";"";"EBK W";"";"";"";"";"2 | 1";"90 | 76";"";"78 | 100";"86";"";"3.2";"4";"2.3 | 3";"0.3 | 0.7";"36";"93";"57";"57";"3.4";"13.8";"7.2";"8.2";"2.7 | 2.3";"9";"100 | 80";"43 | 43";"";"1.1 | 1.3";"0.3 | 0.4";"1.6";"1.5";"0 | 0.3";"1.1 | 1.7";"";"86 | 71";"6.3 | 3.8";"2.8 | 3.5";"9.1";"50";"50"
"Iceland";"ISL";"2. Deild Women";"03-07-2026 16:15";"NS";"KÞ Reykjavík W";"";"";"Smári W";"";"";"";"";"7 | 12";"0 | 8";"";"10 | 17";"84";"";"5.2";"5";"0.3 | 0.5";"2.3 | 7.2";"29";"100";"84";"34";"5.6";"";"";"";"0 | 0.2";"";"25 | 2";"67 | 50";"";"0.3 | 0.2";"1.7 | 3.2";"2.4";"2.8";"0.7 | 4";"0 | 0.2";"";"0 | 0";"";"";"9";"";""
"Northern Ireland";"NIR";"Premiership Women";"03-07-2026 15:45";"POSTPONED";"Lisburn Rangers W";"";"";"Glentoran BU W";"";"";"";"";"";"";"";"";"";"";"";"";"";"";"";"";"";"";"";"";"";"";"";"";"";"";"";"";"";"";"";"";"";"";"";"";"";"";"";""
"Northern Ireland";"NIR";"Premiership Women";"03-07-2026 15:45";"POSTPONED";"Linfield W";"";"";"Cliftonville W";"";"";"";"";"";"";"";"";"";"";"";"";"";"";"";"";"";"";"";"";"";"";"";"";"";"";"";"";"";"";"";"";"";"";"";"";"";"";"";""
"Northern Ireland";"NIR";"Premiership Women";"03-07-2026 15:45";"POSTPONED";"Linfield W";"";"";"Lisburn Rangers W";"";"";"";"";"3 | 5";"100 | 67";"";"100 | 68";"100";"";"5.4";"5";"6.5 | 2";"0.5 | 1.7";"25";"100";"100";"34";"5.1";"";"";"";"3 | 2";"";"88 | 46";"50 | 33";"";"3.5 | 1";"0.5 | 1";"2.4";"3";"0 | 0.7";"3 | 1";"";"100 | 67";"";"";"12.3";"";""
"Northern Ireland";"NIR";"Premiership Women";"03-07-2026 15:45";"NS";"Larne W";"";"";"Lisburn W";"";"";"";"";"7 | 8";"8 | 0";"";"27 | 10";"100";"";"6.4";"6";"0.8 | 0.3";"5 | 6.7";"42";"100";"100";"12";"5.1";"";"";"";"0.2 | 0";"";"2 | 2";"50 | 67";"";"0.2 | 0.3";"2.2 | 3.3";"3.2";"3.1";"2.8 | 3.3";"0.5 | 0";"";"0 | 0";"";"";"12.3";"";""
"Northern Ireland";"NIR";"Premiership Women";"03-07-2026 15:45";"NS";"Derry City W";"";"";"Crusaders Strikers W";"";"";"";"";"";"";"";"";"";"";"";"";"";"";"";"";"";"";"";"";"";"";"";"";"";"";"";"";"";"";"";"";"";"";"";"";"";"";"";""
"Northern Ireland";"NIR";"Championship Women";"03-07-2026 15:45";"NS";"Mid-Ulster W";"";"";"Sion Swifts W";"";"";"";"";"10 | 1";"17 | 100";"";"34 | 100";"88";"";"4.4";"4";"1 | 5.3";"2 | 0.3";"54";"88";"88";"25";"4";"26.5";"16.4";"7.5";"0.5 | 3";"8";"35 | 100";"75 | 67";"";"0.5 | 2";"1.2 | 0";"2.4";"1.9";"0.8 | 0.3";"0.5 | 3.3";"";"0 | 100";"6 | 4.7";"1.7 | 2.7";"8";"33";"33"
"New Zealand";"NZL";"National League Women";"03-07-2026 20:30";"NS";"Palmerston North Marist W";"";"";"Wellington United W";"";"";"";"";"9 | 3";"8 | 60";"";"34 | 100";"100";"";"5.8";"5";"1 | 4.6";"4.5 | 1.6";"78";"";"88";"22";"4.7";"";"";"";"0.2 | 1.8";"";"2 | 49";"25 | 40";"";"";"";"0";"0";"";"";"";"0 | 60";"";"";"9.2";"";""
"New Zealand";"NZL";"Women's Cup";"03-07-2026 21:00";"NS";"Dunedin City Royals W";"";"";"Cashmere Technical W";"";"";"";"";"";"";"";"";"";"";"";"";"";"";"";"";"";"";"";"";"";"";"";"";"";"";"";"";"";"";"";"";"";"";"";"";"";"";"";""
"New Zealand";"NZL";"Women's Cup";"03-07-2026 23:00";"NS";"Eastern Suburbs W";"";"";"Auckland United W";"";"";"";"";"";"100 | 100";"";"100 | 100";"75";"";"5.2";"5";"6.5 | 4";"0 | 0";"0";"";"50";"50";"5.4";"";"";"";"3 | 3";"";"100 | 100";"50 | 50";"";"";"";"0";"0";"";"";"";"100 | 100";"";"";"0";"";""
"Russia";"RUS";"Women's Cup";"03-07-2026 11:00";"NS";"Ryazan VDV W";"";"";"Chertanovo W";"";"";"";"";"";"";"";"";"";"";"";"";"";"";"";"";"";"";"";"";"";"";"";"";"";"";"";"";"";"";"";"";"";"";"";"";"";"";"";""
"World";"WOR";"Club Friendlies 1";"03-07-2026 15:30";"NS";"River Plate";"";"";"Flamengo";"";"";"";"";"";"";"";"";"";"";"";"";"";"";"";"";"";"";"";"";"";"";"";"";"";"";"";"";"";"";"";"";"";"";"";"";"";"";"";""
"World";"WOR";"Club Friendlies 3";"03-07-2026 05:00";"CANCELLED";"Blau-Weiß Linz";"";"";"SK Artis Brno";"";"";"";"";"1 | 2";"33 | 33";"";"44 | 68";"71";"";"3.2";"4";"1.3 | 2";"1.3 | 1.8";"58";"84";"54";"46";"3.4";"";"";"";"1 | 1";"";"60 | 42";"33 | 75";"";"0.3 | 1.5";"0.7 | 0.2";"1.8";"1.4";"0.7 | 1.5";"1 | 0.5";"";"0 | 25";"";"";"9";"";""
"World";"WOR";"Club Friendlies 3";"03-07-2026 06:00";"NS";"Trenčín";"";"";"Zlín";"";"";"";"";"";"";"";"";"";"";"";"";"";"";"";"";"";"";"";"";"";"";"";"";"";"";"";"";"";"";"";"";"";"";"";"";"";"";"";""
"World";"WOR";"Club Friendlies 3";"03-07-2026 07:00";"NS";"Vejle Boldklub";"";"";"Randers FC";"";"";"";"";"";"";"";"";"";"";"";"";"";"";"";"";"";"";"";"";"";"";"";"";"";"";"";"";"";"";"";"";"";"";"";"";"";"";"";""
"World";"WOR";"Club Friendlies 3";"03-07-2026 07:00";"NS";"Hvidovre";"";"";"HB Køge";"1.56";"4.20";"";"";"1 | 2";"17 | 50";"1";"34 | 68";"88";"";"3.5";"4";"1 | 2";"2.5 | 1.5";"62";"62";"75";"50";"3.4";"";"";"";"0.5 | 1.5";"";"18 | 52";"50 | 50";"";"0.5 | 0.8";"1 | 0.2";"2.2";"1.2";"1.5 | 1.2";"0.5 | 1.2";"";"0 | 25";"";"";"9";"";""
"World";"WOR";"Club Friendlies 3";"03-07-2026 08:00";"NS";"Viborg FF";"";"";"Aalborg BK";"";"";"";"";"";"";"";"";"";"";"";"";"";"";"";"";"";"";"";"";"";"";"";"";"";"";"";"";"";"";"";"";"";"";"";"";"";"";"";""
"World";"WOR";"Club Friendlies 3";"03-07-2026 09:00";"NS";"Jong FC Utrecht";"";"";"Werder Bremen II";"";"";"";"";"";"";"";"";"";"";"";"";"";"";"";"";"";"";"";"";"";"";"";"";"";"";"";"";"";"";"";"";"";"";"";"";"";"";"";""
"World";"WOR";"Club Friendlies 3";"03-07-2026 10:00";"NS";"Ried";"";"";"Jahn Regensburg";"";"";"";"";"";"";"";"";"";"";"";"";"";"";"";"";"";"";"";"";"";"";"";"";"";"";"";"";"";"";"";"";"";"";"";"";"";"";"";""
"World";"WOR";"Club Friendlies 3";"03-07-2026 10:00";"NS";"Brann";"";"";"Kristiansund";"";"";"";"";"";"";"";"";"";"";"";"";"";"";"";"";"";"";"";"";"";"";"";"";"";"";"";"";"";"";"";"";"";"";"";"";"";"";"";""
"World";"WOR";"Club Friendlies 3";"03-07-2026 11:00";"NS";"Rubin Kazan";"";"";"Orenburg";"";"";"";"";"";"";"";"";"";"";"";"";"";"";"";"";"";"";"";"";"";"";"";"";"";"";"";"";"";"";"";"";"";"";"";"";"";"";"";""
"World";"WOR";"Club Friendlies 3";"03-07-2026 12:00";"NS";"Biel-Bienne";"";"";"Yverdon Sport";"";"";"";"";"";"";"";"";"";"";"";"";"";"";"";"";"";"";"";"";"";"";"";"";"";"";"";"";"";"";"";"";"";"";"";"";"";"";"";""
"World";"WOR";"Club Friendlies 3";"03-07-2026 13:00";"NS";"Wolfsberger AC";"";"";"Admira";"";"";"";"";"1 | 2";"83 | 11";"";"85 | 44";"84";"";"3.8";"3";"2.5 | 1.3";"0.7 | 3";"42";"74";"66";"50";"3.4";"21.2";"10.2";"8";"2.5 | 0.3";"9";"80 | 0";"33 | 33";"";"1.8 | 0.3";"0.4 | 0.7";"2.2";"1.4";"0.6 | 2.3";"1 | 1";"";"83 | 0";"5 | 4.5";"2 | 4.5";"9";"50";"38"
"World";"WOR";"Club Friendlies 3";"03-07-2026 13:00";"NS";"St. Pölten";"";"";"SK Artis Brno";"";"";"";"";"1 | 2";"67 | 33";"";"51 | 68";"62";"";"2.9";"3";"1.5 | 2";"0.5 | 1.8";"50";"75";"62";"38";"3.4";"";"";"";"2 | 1";"";"88 | 42";"50 | 75";"";"0 | 1.5";"0.5 | 0.2";"1.8";"1.2";"0 | 1.5";"1.5 | 0.5";"";"50 | 25";"";"";"9";"";""
"World";"WOR";"Club Friendlies 3";"03-07-2026 13:00";"NS";"Energie Cottbus";"";"";"Altglienicke";"";"";"";"";"";"";"";"";"";"";"";"";"";"";"";"";"";"";"";"";"";"";"";"";"";"";"";"";"";"";"";"";"";"";"";"";"";"";"";""
"World";"WOR";"Club Friendlies 3";"03-07-2026 13:00";"NS";"Schweinfurt";"";"";"Zwickau";"";"";"";"";"";"";"";"";"";"";"";"";"";"";"";"";"";"";"";"";"";"";"";"";"";"";"";"";"";"";"";"";"";"";"";"";"";"";"";""
"World";"WOR";"Club Friendlies 3";"03-07-2026 13:00";"NS";"Oudenaarde";"";"";"Zulte-Waregem";"";"";"";"";"";"";"";"";"";"";"";"";"";"";"";"";"";"";"";"";"";"";"";"";"";"";"";"";"";"";"";"";"";"";"";"";"";"";"";""
"World";"WOR";"Club Friendlies 3";"03-07-2026 13:00";"NS";"BFC Dynamo";"";"";"Phönix Lübeck";"";"";"";"";"";"";"";"";"";"";"";"";"";"";"";"";"";"";"";"";"";"";"";"";"";"";"";"";"";"";"";"";"";"";"";"";"";"";"";""
"World";"WOR";"Club Friendlies 3";"03-07-2026 13:30";"NS";"Budissa Bautzen";"";"";"Dynamo Dresden";"";"";"";"";"";"";"";"";"";"";"";"";"";"";"";"";"";"";"";"";"";"";"";"";"";"";"";"";"";"";"";"";"";"";"";"";"";"";"";""
"World";"WOR";"Club Friendlies 3";"03-07-2026 13:30";"NS";"Krems";"";"";"First Vienna";"";"";"";"";"";"";"";"";"";"";"";"";"";"";"";"";"";"";"";"";"";"";"";"";"";"";"";"";"";"";"";"";"";"";"";"";"";"";"";""
"World";"WOR";"Club Friendlies 3";"03-07-2026 13:30";"NS";"FC Germania Teveren";"";"";"Alemannia Aachen";"";"";"";"";"";"";"";"";"";"";"";"";"";"";"";"";"";"";"";"";"";"";"";"";"";"";"";"";"";"";"";"";"";"";"";"";"";"";"";""
"World";"WOR";"Club Friendlies 3";"03-07-2026 13:30";"NS";"Wildon";"";"";"Voitsberg";"";"";"";"";"";"";"";"";"";"";"";"";"";"";"";"";"";"";"";"";"";"";"";"";"";"";"";"";"";"";"";"";"";"";"";"";"";"";"";""
"World";"WOR";"Club Friendlies 3";"03-07-2026 13:30";"NS";"Metz";"";"";"Mondorf-les-Bains";"";"";"";"";"";"";"";"";"";"";"";"";"";"";"";"";"";"";"";"";"";"";"";"";"";"";"";"";"";"";"";"";"";"";"";"";"";"";"";""
"World";"WOR";"Club Friendlies 3";"03-07-2026 14:00";"NS";"Fortuna Sittard";"";"";"Koninklijke Lierse Sportkring";"";"";"";"";"";"";"";"";"";"";"";"";"";"";"";"";"";"";"";"";"";"";"";"";"";"";"";"";"";"";"";"";"";"";"";"";"";"";"";""
"World";"WOR";"Club Friendlies 3";"03-07-2026 14:00";"NS";"Monheim";"";"";"Fortuna Düsseldorf";"";"";"";"";"";"";"";"";"";"";"";"";"";"";"";"";"";"";"";"";"";"";"";"";"";"";"";"";"";"";"";"";"";"";"";"";"";"";"";""
"World";"WOR";"Club Friendlies 3";"03-07-2026 15:30";"NS";"Limavady United";"";"";"H&W Welders";"";"";"";"";"";"";"";"";"";"";"";"";"";"";"";"";"";"";"";"";"";"";"";"";"";"";"";"";"";"";"";"";"";"";"";"";"";"";"";""
"World";"WOR";"Club Friendlies 3";"03-07-2026 15:45";"NS";"Dartford";"";"";"Charlton Athletic";"";"";"";"";"";"";"";"";"";"";"";"";"";"";"";"";"";"";"";"";"";"";"";"";"";"";"";"";"";"";"";"";"";"";"";"";"";"";"";""
"World";"WOR";"Club Friendlies 3";"03-07-2026 21:00";"CANCELLED";"Pogoń Siedlce";"";"";"Znicz Pruszków";"";"";"";"";"1 | 2";"25 | 67";"";"51 | 68";"100";"";"4";"4";"1.5 | 2";"2.5 | 2";"75";"75";"100";"42";"3.4";"";"";"";"0.8 | 2";"";"18 | 35";"50 | 67";"";"0 | 1.5";"1 | 0.5";"1";"0.9";"4 | 2.5";"3 | 1.5";"";"25 | 67";"";"";"9";"";""
"World";"WOR";"Club Friendlies 3";"03-07-2026 21:00";"CANCELLED";"Crvena Zvezda";"";"";"Slavia Praha";"";"";"";"";"1 | 2";"83 | 44";"";"85 | 68";"100";"";"3.6";"4";"2.5 | 2";"0.8 | 2";"88";"71";"58";"58";"3.4";"22.4";"11.8";"8.6";"2.5 | 1.3";"8";"77 | 35";"50 | 33";"";"1.5 | 0.7";"0 | 0.7";"2.2";"1.4";"0.8 | 1.3";"1 | 1.3";"";"75 | 33";"5.5 | 4.3";"4 | 3.3";"9";"84";"58"
"World";"WOR";"Club Friendlies 3";"03-07-2026 21:00";"NS";"Mladá Boleslav";"";"";"Viktoria Žižkov";"";"";"";"";"";"";"";"";"";"";"";"";"";"";"";"";"";"";"";"";"";"";"";"";"";"";"";"";"";"";"";"";"";"";"";"";"";"";"";""
"World";"WOR";"Club Friendlies 3";"03-07-2026 21:00";"NS";"Viktoria Köln";"";"";"Bonner SC";"";"";"";"";"";"";"";"";"";"";"";"";"";"";"";"";"";"";"";"";"";"";"";"";"";"";"";"";"";"";"";"";"";"";"";"";"";"";"";""
"World";"WOR";"Club Friendlies 3";"03-07-2026 21:00";"NS";"Odense BK";"";"";"Hillerød";"";"";"";"";"1 | 2";"100 | 0";"";"100 | 34";"100";"";"3.9";"3";"3.5 | 1";"1 | 2.3";"88";"66";"100";"58";"3.4";"20.2";"11.8";"7.6";"3 | 0";"9";"70 | 25";"50 | 33";"";"1.5 | 0.3";"0.2 | 0";"2.9";"1";"0.8 | 2.3";"2 | 0.7";"";"100 | 0";"6 | 2";"3.8 | 3.5";"9";"75";"75"
"World";"WOR";"Club Friendlies 3";"03-07-2026 21:00";"NS";"FC Midtjylland";"";"";"Silkeborg IF";"";"";"";"";"";"";"";"";"";"";"";"";"";"";"";"";"";"";"";"";"";"";"";"";"";"";"";"";"";"";"";"";"";"";"";"";"";"";"";""
"World";"WOR";"Club Friendlies 3";"03-07-2026 21:00";"NS";"Luzern";"";"";"Winterthur";"";"";"";"";"";"";"";"";"";"";"";"";"";"";"";"";"";"";"";"";"";"";"";"";"";"";"";"";"";"";"";"";"";"";"";"";"";"";"";""
"World";"WOR";"Club Friendlies 3";"03-07-2026 21:00";"NS";"Hallescher FC";"";"";"Havelse";"";"";"";"";"";"";"";"";"";"";"";"";"";"";"";"";"";"";"";"";"";"";"";"";"";"";"";"";"";"";"";"";"";"";"";"";"";"";"";""
"World";"WOR";"Club Friendlies 3";"03-07-2026 21:00";"NS";"Rot-Weiß Erfurt";"";"";"Hannover 96 II";"";"";"";"";"";"";"";"";"";"";"";"";"";"";"";"";"";"";"";"";"";"";"";"";"";"";"";"";"";"";"";"";"";"";"";"";"";"";"";""
"World";"WOR";"Club Friendlies 3";"03-07-2026 21:00";"NS";"Stal Rzeszów";"";"";"Górnik Łęczna";"";"";"";"";"";"";"";"";"";"";"";"";"";"";"";"";"";"";"";"";"";"";"";"";"";"";"";"";"";"";"";"";"";"";"";"";"";"";"";""
"World";"WOR";"Club Friendlies 3";"03-07-2026 21:00";"NS";"Ružomberok";"";"";"Lokomotíva Zvolen";"";"";"";"";"1 | 2";"39 | 0";"";"68 | 34";"92";"";"4.4";"4";"2 | 1";"2 | 3.7";"75";"100";"84";"25";"3.4";"25.5";"10.7";"10.6";"1.2 | 0";"10";"35 | 2";"50 | 67";"";"1.2 | 0.3";"0.7 | 1.7";"2.4";"1.9";"1.3 | 2";"0.8 | 0.7";"";"33 | 0";"5.3 | 5.3";"4.7 | 6";"9";"67";"50"
"World";"WOR";"Club Friendlies 3";"03-07-2026 21:00";"NS";"Śląsk Wrocław";"";"";"Warta Poznań";"";"";"";"";"";"";"";"";"";"";"";"";"";"";"";"";"";"";"";"";"";"";"";"";"";"";"";"";"";"";"";"";"";"";"";"";"";"";"";""
"World";"WOR";"Club Friendlies 3";"03-07-2026 21:00";"NS";"Lech Poznań";"";"";"Bohemians 1905";"";"";"";"";"1 | 2";"50 | 100";"";"34 | 92";"58";"";"3";"3";"1 | 2.7";"1 | 1.3";"58";"50";"58";"66";"3.4";"";"";"";"1.5 | 3";"";"70 | 60";"50 | 67";"";"0 | 0.3";"0 | 1";"2.4";"0.6";"1 | 0.3";"1 | 2.3";"";"50 | 100";"";"";"9";"";""
"World";"WOR";"Club Friendlies 3";"03-07-2026 21:00";"NS";"Falubaz Zielona Góra";"";"";"Miedź Legnica";"";"";"";"";"";"";"";"";"";"";"";"";"";"";"";"";"";"";"";"";"";"";"";"";"";"";"";"";"";"";"";"";"";"";"";"";"";"";"";""
"World";"WOR";"Club Friendlies 3";"03-07-2026 21:00";"NS";"Miedź Legnica";"";"";"Świt Skolwin";"";"";"";"";"1 | 2";"44 | 11";"";"75 | 34";"100";"";"4.5";"4";"2.2 | 1";"1.8 | 4";"84";"92";"92";"16";"3.4";"";"";"8.2";"1.3 | 0.3";"9";"42 | 2";"67 | 33";"";"1.2 | 1";"0.3 | 1.7";"2.4";"2.1";"1.5 | 2.3";"1 | 0";"";"33 | 0";"5.5 | 1";"5.5 | 4.5";"9";"50";"50"
"World";"WOR";"Club Friendlies 3";"03-07-2026 21:00";"NS";"Wisła Płock";"";"";"Polonia Warszawa";"";"";"";"";"";"";"";"";"";"";"";"";"";"";"";"";"";"";"";"";"";"";"";"";"";"";"";"";"";"";"";"";"";"";"";"";"";"";"";""
"World";"WOR";"Club Friendlies 3";"03-07-2026 21:00";"NS";"Korona Kielce";"";"";"Zemplín Michalovce";"";"";"";"";"1 | 2";"78 | 22";"";"58 | 51";"75";"";"2.9";"3";"1.7 | 1.5";"0.3 | 2.3";"58";"58";"50";"58";"3.4";"15.8";"5.8";"7.8";"2.3 | 0.7";"9";"100 | 25";"67 | 50";"";"0 | 1";"0.3 | 1";"1.8";"1.2";"0 | 1.3";"1.7 | 0.5";"";"67 | 17";"3.5 | 4.5";"4.5 | 3";"9";"50";"50"
"World";"WOR";"Club Friendlies 3";"03-07-2026 21:00";"NS";"Vasas";"";"";"Komárno";"";"";"";"";"";"";"";"";"";"";"";"";"";"";"";"";"";"";"";"";"";"";"";"";"";"";"";"";"";"";"";"";"";"";"";"";"";"";"";""
"World";"WOR";"Club Friendlies 3";"03-07-2026 21:00";"NS";"ŁKS Łódź";"";"";"Radomiak Radom";"";"";"";"";"1 | 2";"100 | 78";"";"100 | 92";"100";"";"3.3";"4";"3 | 2.7";"0.3 | 0.7";"50";"84";"67";"67";"3.4";"";"";"";"3 | 2.3";"";"100 | 80";"33 | 33";"";"1 | 0.7";"0 | 0.7";"2.2";"1.2";"0.3 | 0";"2 | 2";"";"100 | 67";"";"";"9";"";""
"World";"WOR";"Club Friendlies 3";"03-07-2026 21:00";"NS";"WSG Tirol";"";"";"Górnik Zabrze";"3.30";"1.76";"";"";"1 | 2";"33 | 100";"2";"17 | 51";"50";"";"1.5";"2";"0.5 | 1.5";"0.5 | 0.5";"50";"0";"25";"100";"3.4";"";"";"";"1 | 3";"";"88 | 88";"50 | 50";"";"0 | 0";"0 | 0";"1.5";"0";"0.5 | 0.5";"0.5 | 1.5";"";"0 | 100";"";"";"9";"";""
"World";"WOR";"Club Friendlies 3";"03-07-2026 21:00";"NS";"Holstein Kiel";"";"";"Fredericia";"";"";"";"";"";"";"";"";"";"";"";"";"";"";"";"";"";"";"";"";"";"";"";"";"";"";"";"";"";"";"";"";"";"";"";"";"";"";"";""
"World";"WOR";"Club Friendlies 3";"03-07-2026 21:00";"NS";"Ruch Chorzów";"";"";"Śląsk Wrocław II";"";"";"";"";"";"";"";"";"";"";"";"";"";"";"";"";"";"";"";"";"";"";"";"";"";"";"";"";"";"";"";"";"";"";"";"";"";"";"";""
"World";"WOR";"Club Friendlies 3";"03-07-2026 21:00";"NS";"Slovácko";"";"";"Spartak Trnava";"";"";"";"";"";"";"";"";"";"";"";"";"";"";"";"";"";"";"";"";"";"";"";"";"";"";"";"";"";"";"";"";"";"";"";"";"";"";"";""
"World";"WOR";"Club Friendlies 3";"03-07-2026 21:00";"NS";"Celje";"";"";"Čukarički";"";"";"";"";"";"";"";"";"";"";"";"";"";"";"";"";"";"";"";"";"";"";"";"";"";"";"";"";"";"";"";"";"";"";"";"";"";"";"";""
"World";"WOR";"Club Friendlies 3";"03-07-2026 21:00";"NS";"Zepperen-Brustem";"";"";"Sint-Truiden";"";"";"";"";"";"";"";"";"";"";"";"";"";"";"";"";"";"";"";"";"";"";"";"";"";"";"";"";"";"";"";"";"";"";"";"";"";"";"";""
"World";"WOR";"Club Friendlies 3";"03-07-2026 21:00";"NS";"Spartak Moskva";"";"";"Krylya Sovetov";"";"";"";"";"";"";"";"";"";"";"";"";"";"";"";"";"";"";"";"";"";"";"";"";"";"";"";"";"";"";"";"";"";"";"";"";"";"";"";""
"World";"WOR";"Club Friendlies 3";"03-07-2026 21:00";"NS";"Zagłębie Lubin";"";"";"Pogoń Szczecin";"";"";"";"";"";"";"";"";"";"";"";"";"";"";"";"";"";"";"";"";"";"";"";"";"";"";"";"";"";"";"";"";"";"";"";"";"";"";"";""
"World";"WOR";"Club Friendlies 3";"03-07-2026 21:00";"NS";"Lyngby Boldklub";"";"";"B 93";"";"";"";"";"1 | 2";"67 | 39";"";"68 | 68";"92";"";"3.4";"3";"2 | 2";"0.5 | 2.2";"58";"50";"66";"58";"3.4";"";"";"";"2 | 1.2";"";"88 | 28";"50 | 50";"";"0.5 | 0.5";"0 | 0.8";"2.4";"0.9";"0.5 | 1.3";"1.5 | 1.5";"";"50 | 33";"";"";"9";"";""
"World";"WOR";"Club Friendlies 3";"03-07-2026 21:00";"NS";"Wisła Kraków";"";"";"Karviná";"";"";"";"";"";"";"";"";"";"";"";"";"";"";"";"";"";"";"";"";"";"";"";"";"";"";"";"";"";"";"";"";"";"";"";"";"";"";"";""
"World";"WOR";"Club Friendlies 3";"03-07-2026 21:00";"NS";"MTK";"";"";"Kecskemeti TE";"";"";"";"";"";"";"";"";"";"";"";"";"";"";"";"";"";"";"";"";"";"";"";"";"";"";"";"";"";"";"";"";"";"";"";"";"";"";"";""
"World";"WOR";"Club Friendlies 3";"03-07-2026 21:00";"NS";"Slovan Bratislava II";"";"";"Vysočina Jihlava";"";"";"";"";"";"";"";"";"";"";"";"";"";"";"";"";"";"";"";"";"";"";"";"";"";"";"";"";"";"";"";"";"";"";"";"";"";"";"";""
"World";"WOR";"Club Friendlies 3";"03-07-2026 21:00";"NS";"Salzburg";"";"";"Górnik Zabrze";"";"";"";"";"1 | 2";"100 | 100";"";"51 | 51";"50";"";"1.8";"2";"1.5 | 1.5";"0 | 0.5";"25";"50";"25";"100";"3.4";"";"";"";"3 | 3";"";"100 | 88";"50 | 50";"";"1.5 | 0";"0 | 0";"1";"0.8";"0 | 0.5";"0 | 1.5";"";"100 | 100";"";"";"9";"";""
"World";"WOR";"Club Friendlies 3";"03-07-2026 21:00";"NS";"Zbrojovka Brno";"";"";"Csikszereda";"";"";"";"";"1 | 2";"83 | 33";"";"75 | 24";"75";"";"2.2";"3";"2.2 | 0.7";"0.8 | 0.7";"67";"84";"34";"84";"3.4";"";"";"";"2.5 | 1";"";"77 | 80";"67 | 67";"";"1.2 | 0.3";"0.5 | 0.3";"1";"1.2";"0.3 | 0.3";"1 | 0.3";"";"83 | 0";"";"";"9";"";""
"World";"WOR";"Club Friendlies 3";"03-07-2026 21:00";"NS";"Unia Skierniewice";"";"";"Pogon Grodzisk Mazowiecki";"";"";"";"";"";"";"";"";"";"";"";"";"";"";"";"";"";"";"";"";"";"";"";"";"";"";"";"";"";"";"";"";"";"";"";"";"";"";"";""
"World";"WOR";"Club Friendlies 3";"03-07-2026 21:00";"NS";"Lokomotiv Plovdiv";"";"";"Arda";"";"";"";"";"1 | 2";"33 | 22";"";"17 | 44";"75";"";"2";"2";"0.5 | 1.3";"0.5 | 1.7";"75";"58";"34";"84";"3.4";"";"";"";"1 | 0.7";"";"88 | 46";"50 | 67";"";"0 | 0.3";"0.5 | 0.3";"1.4";"0.6";"0 | 1.3";"0.5 | 1";"";"0 | 0";"";"";"9";"";""
"World";"WOR";"Club Friendlies 3";"03-07-2026 21:00";"NS";"Cliftonville";"";"";"Hibernian";"";"";"";"";"";"";"";"";"";"";"";"";"";"";"";"";"";"";"";"";"";"";"";"";"";"";"";"";"";"";"";"";"";"";"";"";"";"";"";""
"World";"WOR";"Club Friendlies 3";"03-07-2026 21:00";"NS";"Olimpija";"";"";"CFR Cluj";"";"";"";"";"";"";"";"";"";"";"";"";"";"";"";"";"";"";"";"";"";"";"";"";"";"";"";"";"";"";"";"";"";"";"";"";"";"";"";""
"World";"WOR";"Club Friendlies 3";"03-07-2026 21:00";"NS";"Polonia Bytom";"";"";"Rekord Bielsko-Biała";"";"";"";"";"";"";"";"";"";"";"";"";"";"";"";"";"";"";"";"";"";"";"";"";"";"";"";"";"";"";"";"";"";"";"";"";"";"";"";""
"World";"WOR";"Club Friendlies 3";"03-07-2026 21:00";"NS";"Ludogorets";"";"";"Botoşani";"";"";"";"";"";"";"";"";"";"";"";"";"";"";"";"";"";"";"";"";"";"";"";"";"";"";"";"";"";"";"";"";"";"";"";"";"";"";"";""
"World";"WOR";"Club Friendlies 3";"03-07-2026 21:00";"NS";"Rotor Volgograd";"";"";"Torpedo Moskva";"";"";"";"";"1 | 2";"48 | 50";"";"44 | 51";"72";"";"2.6";"3";"1.3 | 1.5";"0.9 | 1.5";"64";"42";"72";"86";"3.4";"";"";"";"1.4 | 1.5";"";"74 | 52";"43 | 100";"";"0.3 | 1";"0.2 | 0.5";"1.2";"1";"1.7 | 1";"0.3 | 0.5";"";"43 | 50";"";"";"9";"";""
"World";"WOR";"Club Friendlies 3";"03-07-2026 21:00";"NS";"Odra Opole";"";"";"GKS Tychy";"";"";"";"";"";"";"";"";"";"";"";"";"";"";"";"";"";"";"";"";"";"";"";"";"";"";"";"";"";"";"";"";"";"";"";"";"";"";"";""
"World";"WOR";"Club Friendlies 3";"03-07-2026 21:00";"NS";"Botev Plovdiv";"";"";"Etar";"";"";"";"";"1 | 2";"100 | 8";"";"75 | 41";"81";"";"4";"3";"2.2 | 1.2";"0.2 | 4.2";"38";"88";"62";"56";"3.4";"22.4";"10.6";"8.1";"3 | 0.2";"9";"100 | 2";"50 | 50";"";"1 | 0.8";"0 | 3";"1.6";"2.4";"0.2 | 1.2";"1.2 | 0.5";"";"100 | 0";"5 | 2.8";"4.2 | 4.2";"9";"58";"38"
"World";"WOR";"Club Friendlies 3";"03-07-2026 21:00";"NS";"Raków Częstochowa";"";"";"Puszcza Niepołomice";"";"";"";"";"1 | 2";"60 | 17";"";"82 | 17";"100";"";"3";"3";"2.4 | 0.5";"1.2 | 2";"75";"90";"55";"70";"3.4";"";"";"";"1.8 | 0.5";"";"63 | 35";"60 | 50";"";"1.6 | 0.5";"0.4 | 1.5";"1";"2";"0.8 | 0.5";"0.8 | 0";"";"40 | 0";"";"";"9";"";""
"World";"WOR";"Club Friendlies 3";"03-07-2026 21:00";"NS";"Wil";"";"";"Grasshopper";"";"";"";"";"";"";"";"";"";"";"";"";"";"";"";"";"";"";"";"";"";"";"";"";"";"";"";"";"";"";"";"";"";"";"";"";"";"";"";""
"World";"WOR";"Club Friendlies 3";"03-07-2026 21:00";"NS";"Badshot Lea";"";"";"Aldershot Town";"";"";"";"";"";"";"";"";"";"";"";"";"";"";"";"";"";"";"";"";"";"";"";"";"";"";"";"";"";"";"";"";"";"";"";"";"";"";"";""
"World";"WOR";"Club Friendlies 3";"03-07-2026 21:00";"NS";"Arka Gdynia";"";"";"Chojniczanka Chojnice";"";"";"";"";"1 | 2";"83 | 100";"";"95 | 100";"100";"";"3.6";"4";"2.8 | 3";"0.5 | 1";"50";"75";"75";"50";"3.4";"";"";"";"2.5 | 3";"";"88 | 70";"50 | 50";"";"0.8 | 1.5";"0.2 | 0";"2.4";"1.2";"0.2 | 1";"2 | 1.5";"";"75 | 100";"";"";"9";"";""
"World";"WOR";"Club Friendlies 3";"03-07-2026 21:00";"NS";"Telstar";"";"";"Almere City";"";"";"";"";"";"";"";"";"";"";"";"";"";"";"";"";"";"";"";"";"";"";"";"";"";"";"";"";"";"";"";"";"";"";"";"";"";"";"";""
"World";"WOR";"Club Friendlies 3";"03-07-2026 21:00";"NS";"Odra Opole";"";"";"Hapoel Be'er Sheva";"";"";"";"";"";"";"";"";"";"";"";"";"";"";"";"";"";"";"";"";"";"";"";"";"";"";"";"";"";"";"";"";"";"";"";"";"";"";"";""
"World";"WOR";"Club Friendlies 3";"03-07-2026 21:00";"NS";"Mura";"";"";"Noah";"";"";"";"";"1 | 2";"56 | 40";"";"58 | 20";"90";"";"2.2";"3";"1.7 | 0.6";"0.7 | 1.4";"34";"80";"26";"100";"3.4";"";"";"";"1.7 | 1.2";"";"80 | 56";"33 | 80";"";"1.3 | 0.2";"0.3 | 0.6";"1";"1.2";"0.3 | 0.8";"0.3 | 0.4";"";"33 | 40";"";"";"9";"";""
"World";"WOR";"Club Friendlies 3";"03-07-2026 21:00";"NS";"Sigma Olomouc";"";"";"Banská Bystrica";"";"";"";"";"1 | 2";"67 | 25";"";"41 | 27";"88";"";"2.5";"3";"1.2 | 0.8";"0.8 | 2.2";"62";"71";"38";"88";"3.4";"23.2";"10.8";"11.4";"2 | 0.8";"10";"77 | 28";"75 | 50";"";"0.8 | 0";"0.5 | 1";"1.2";"1";"0.2 | 2";"0.5 | 1";"";"50 | 25";"7 | 5.3";"3.5 | 7";"9";"88";"71"
"World";"WOR";"Club Friendlies 3";"03-07-2026 21:00";"NS";"Zürich";"";"";"Kriens";"";"";"";"";"";"";"";"";"";"";"";"";"";"";"";"";"";"";"";"";"";"";"";"";"";"";"";"";"";"";"";"";"";"";"";"";"";"";"";""
"World";"WOR";"Club Friendlies 3";"03-07-2026 21:00";"NS";"Servette";"";"";"Stade Nyonnais";"";"";"";"";"";"";"";"";"";"";"";"";"";"";"";"";"";"";"";"";"";"";"";"";"";"";"";"";"";"";"";"";"";"";"";"";"";"";"";""
"World";"WOR";"Club Friendlies 3";"03-07-2026 21:00";"NS";"Atlas";"";"";"Necaxa";"";"";"";"";"";"";"";"";"";"";"";"";"";"";"";"";"";"";"";"";"";"";"";"";"";"";"";"";"";"";"";"";"";"";"";"";"";"";"";""
"World";"WOR";"Club Friendlies 3";"03-07-2026 21:00";"NS";"Jagiellonia Białystok";"";"";"Pogoń Siedlce";"";"";"";"";"";"";"";"";"";"";"";"";"";"";"";"";"";"";"";"";"";"";"";"";"";"";"";"";"";"";"";"";"";"";"";"";"";"";"";""
"World";"WOR";"Club Friendlies Women";"03-07-2026 14:00";"NS";"Hoffenheim W";"";"";"Karlsruher SC W";"";"";"";"";"";"";"";"";"";"";"";"";"";"";"";"";"";"";"";"";"";"";"";"";"";"";"";"";"";"";"";"";"";"";"";"";"";"";"";""
"World";"WOR";"Club Friendlies Women";"03-07-2026 21:00";"NS";"PSV W";"";"";"Metalist 1925 Kharkiv W";"";"";"";"";"";"";"";"";"";"";"";"";"";"";"";"";"";"";"";"";"";"";"";"";"";"";"";"";"";"";"";"";"";"";"";"";"";"";"";""
"Australia";"AUS";"Tasmania Northern Championship";"03-07-2026 23:15";"NS";"Launceston City II";"";"";"Somerset";"";"";"";"";"4 | 5";"67 | 33";"";"100 | 92";"92";"";"5.2";"";"3 | 2.7";"1.3 | 3.3";"42";"84";"92";"16";"";"";"";"";"2 | 1";"";"60 | 2";"50 | 33";"";"1.3 | 1.5";"0.5 | 1.5";"2.8";"2.4";"0.8 | 1.8";"1.7 | 1.2";"";"67 | 33";"";"";"";"";""
"South Africa";"RSA";"Super League Women";"03-07-2026 10:00";"NS";"Copperbelt Ladies W";"";"";"University of Pretoria W";"";"";"";"";"";"";"";"";"";"";"";"";"";"";"";"";"";"";"";"";"";"";"";"";"";"";"";"";"";"";"";"";"";"";"";"";"";"";"";""