"Country ";"Short";"League ";"Hour";"Status";"Home Team";"Result Home";"Result Visitor";"Visitor Team";"Odds";"Odds";"Casa | Fora";"Casa | Fora";"Global";"Casa | Fora";"Casa | Fora";"Casa | Fora";"Casa | Fora";"Global";"Casa | Fora";"Global";"Casa | Fora";"Casa | Fora";"Casa | Fora";"Casa | Fora";"Casa | Fora";"Casa | Fora";"Casa | Fora";"Casa | Fora";"Global";"Casa | Fora";"Casa | Fora";"Global";"Casa | Fora";"Casa | Fora";"Casa | Fora";"Casa | Fora";"Casa | Fora";"Global";"Casa | Fora";"Casa | Fora";"Casa | Fora";"Casa | Fora";"Global";"Global"
"World";"WOR";"World Cup";"03-07-2026 00:00";"NS";"Switzerland";"";"";"Algeria";"2.06";"3.89";"66 | 70";"68 | 68";"5";"54 | 54";"1.7 | 1.8";"48 | 45";"4.9 | 4.7";"";"";"";"40 | 50";"50 | 30";"10 | 20";"57 | 60";"90 | 80";"50 | 70";"60 | 50";"1x1 | 0x0";"21";"2 | 2";"1.1 | 1";"3";"57 | 55";"";"10 | 10";"11.2 | 11.8";"9.4 | 9.7";"8.2";"3.8 | 3.8";"4.7 | 4";"0.6 | 1.6";"1.7 | 1.6";"2.8";"2.6"
"World";"WOR";"World Cup";"03-07-2026 15:00";"NS";"Australia";"";"";"Egypt";"3.33";"2.46";"66 | 77";"34 | 48";"5";"44 | 40";"1.1 | 1.6";"34 | 37";"7.7 | 4.9";"";"";"";"30 | 40";"20 | 40";"50 | 20";"37 | 53";"50 | 80";"80 | 60";"70 | 60";"0x1 | 0x0";"19.8";"1 | 1.4";"1.1 | 0.8";"2.2";"43 | 46";"";"10 | 10";"8.2 | 9.5";"10.8 | 11.1";"7.1";"3.9 | 3.8";"3.1 | 3.4";"1.5 | 1.6";"1.4 | 1.8";"3.2";"2.6"
"World";"WOR";"World Cup";"03-07-2026 19:00";"NS";"Argentina";"";"";"Cape Verde Islands";"1.16";"17.33";"100 | 77";"99 | 51";"3";"65 | 46";"3 | 1.5";"54 | 41";"4.1 | 7.5";"";"";"";"100 | 30";"0 | 60";"0 | 10";"100 | 50";"100 | 90";"100 | 40";"0 | 70";"2x0 | 0x0";"21";"2.9 | 1.5";"0.2 | 0.8";"2.7";"65 | 51";"";"10 | 10";"13.3 | 12.4";"5.6 | 10.6";"7.8";"1.3 | 3.3";"6.3 | 4.6";"1 | 1.9";"1.8 | 2.2";"3.4";"2.6"
"World";"WOR";"World Cup";"03-07-2026 22:30";"NS";"Colombia";"";"";"Ghana";"1.52";"7.43";"77 | 52";"54 | 20";"1";"61 | 36";"2 | 0.8";"51 | 29";"8.4 | 8.7";"";"";"";"60 | 20";"20 | 20";"20 | 60";"67 | 27";"80 | 40";"80 | 80";"40 | 80";"0x0 | 0x1";"21.2";"1.6 | 0.6";"0.8 | 1.5";"2.2";"61 | 42";"";"10 | 10";"15.2 | 6";"9.1 | 12.1";"7.1";"2.6 | 4";"5.6 | 2";"0.9 | 1.4";"1.7 | 0.8";"2.4";"2.6"
"Sweden";"SWE";"Allsvenskan";"03-07-2026 14:00";"NS";"Sirius";"";"";"Mjällby";"1.70";"4.45";"70 | 52";"92 | 65";"1";"49 | 44";"2.8 | 1.6";"44 | 47";"3.5 | 4.5";"10";"10 | 80";"10";"90 | 40";"10 | 40";"0 | 20";"93 | 53";"100 | 80";"90 | 60";"10 | 60";"3x2 | 1x1";"26.9";"2.7 | 1.9";"1 | 1.5";"3.6";"47 | 51";"1 | 6";"10 | 10";"14.7 | 10.3";"12.2 | 16.6";"9.9";"3.5 | 5.4";"5.6 | 5.3";"1.3 | 1.7";"1.7 | 1.7";"3.2";"3.7"
"Brazil";"BRA";"Carioca C";"03-07-2026 14:45";"NS";"EC Resende";"";"";"Tigres do Brasil";"";"";"52 | 80";"65 | 78";"";"46 | 48";"1.8 | 2.2";"49 | 46";"6.7 | 4.4";"";"";"";"60 | 70";"0 | 10";"40 | 20";"60 | 73";"60 | 80";"100 | 90";"40 | 30";"3x0 | 0x3";"25";"1.9 | 2.3";"1.5 | 0.7";"3.2";"47 | 52";"7 | 3";"10 | 10";"12.8 | 10.2";"14.2 | 12.8";"9.6";"6 | 3.2";"5.8 | 4.2";"1.5 | 3";"3 | 3.5";"5.5";"5.8"
"Brazil";"BRA";"Carioca C";"03-07-2026 14:45";"NS";"Uni Souza";"";"";"Vera Cruz RJ";"";"";"42 | 46";"34 | 48";"";"61 | 54";"0.8 | 1";"68 | 76";"12.5 | 11.6";"4";"25 | 0";"75";"20 | 30";"20 | 10";"60 | 60";"27 | 33";"40 | 40";"80 | 90";"80 | 70";"0x1 | 2x1";"24.8";"1 | 1.4";"1.8 | 1.7";"3";"53 | 49";"9 | 15";"10 | 10";"12.5 | 16.2";"8.6 | 12.3";"10.2";"4.2 | 5.5";"4.6 | 6";"2 | 3.3";"2.1 | 4.7";"6";"5.8"
"Brazil";"BRA";"Carioca C";"03-07-2026 14:45";"NS";"CAAC Brasil";"";"";"Barcelona RJ";"";"";"21 | 2";"41 | 10";"";"35 | 38";"1 | 0.3";"36 | 40";"5.9 | 24.7";"";"";"";"30 | 10";"10 | 0";"60 | 90";"33 | 10";"40 | 10";"90 | 100";"70 | 90";"0x4 | 2x0";"23.2";"1.2 | 0.3";"2.4 | 3.7";"3.8";"41 | 40";"14 | 16";"10 | 10";"7.1 | 7.4";"14.9 | 17";"9.8";"5.1 | 7.2";"3.4 | 3.8";"3 | 3.2";"2.4 | 3";"5.8";"5.8"
"Brazil";"BRA";"Carioca C";"03-07-2026 14:45";"NS";"Barra Mansa";"";"";"Cardoso Moreira";"";"";"63 | 74";"37 | 54";"";"51 | 55";"1.3 | 2.3";"53 | 63";"8.6 | 5.7";"";"";"";"40 | 78";"10 | 0";"50 | 22";"43 | 78";"50 | 78";"90 | 100";"60 | 22";"1x0 | 0x1";"18.4";"1.1 | 1.6";"1.2 | 0.9";"2.3";"52 | 51";"4 | 1";"10 | 9";"9.5 | 9.2";"11.4 | 6.6";"7.3";"3.9 | 2.6";"3.1 | 5";"3.1 | 1";"2.2 | 2";"4.2";"5.8"
"Brazil";"BRA";"Carioca C";"03-07-2026 14:45";"POSTPONED";"União Central";"";"";"Campos AA";"";"";"49 | 88";"71 | 44";"";"55 | 59";"1.3 | 2";"61 | 58";"5.8 | 9.2";"2";"0 | 50";"50";"30 | 50";"40 | 50";"30 | 0";"43 | 67";"70 | 100";"60 | 50";"70 | 50";"1x1 | 0x0";"22.4";"2.1 | 1.3";"1.6 | 0.5";"2.8";"52 | 52";"10 | 2";"10 | 10";"12.2 | 12";"12.3 | 8.4";"8.7";"6 | 2.8";"4.5 | 4.1";"4 | 2.4";"3.7 | 2.9";"6.5";"5.8"
"Republic of Ireland";"IRL";"Premier Division";"03-07-2026 15:45";"NS";"Sligo Rovers";"";"";"Shamrock Rovers";"5.42";"1.56";"42 | 70";"31 | 61";"2";"39 | 58";"0.9 | 1.9";"40 | 51";"8.4 | 5.9";"10";"40 | 40";"20";"20 | 60";"30 | 10";"50 | 30";"30 | 63";"50 | 70";"70 | 90";"80 | 40";"0x0 | 1x3";"29.4";"0.9 | 1.8";"1.8 | 1";"2.8";"45 | 66";"9 | 1";"10 | 10";"9.7 | 14.9";"22.6 | 11.6";"8.6";"5.5 | 3";"3.1 | 5.7";"1.1 | 1.8";"2 | 2.1";"3.5";"4.4"
"Republic of Ireland";"IRL";"Premier Division";"03-07-2026 15:45";"NS";"St Patrick's";"";"";"Galway United";"1.42";"6.65";"77 | 42";"41 | 51";"1";"61 | 46";"1.5 | 1";"61 | 45";"10.2 | 6";"10";"40 | 20";"40";"40 | 20";"30 | 40";"30 | 40";"50 | 33";"70 | 60";"70 | 60";"60 | 80";"0x1 | 1x1";"27.8";"1.2 | 1.5";"0.8 | 1.8";"2.6";"55 | 40";"3 | 7";"10 | 10";"17.4 | 12.2";"10.1 | 15.8";"8.5";"3.1 | 5.3";"4.8 | 3.8";"1.7 | 1.7";"2.8 | 1.3";"3.8";"4.4"
"Republic of Ireland";"IRL";"Premier Division";"03-07-2026 15:45";"NS";"Shelbourne";"";"";"Dundalk";"2.15";"3.00";"63 | 52";"41 | 48";"5";"51 | 53";"1.5 | 1.4";"51 | 53";"7.7 | 8.1";"10";"60 | 30";"10";"30 | 40";"60 | 20";"10 | 40";"50 | 47";"90 | 60";"40 | 80";"70 | 60";"2x2 | 1x2";"27.3";"1.2 | 1.4";"1.2 | 1.5";"2.6";"50 | 50";"5 | 4";"10 | 10";"14.6 | 15.2";"10.5 | 14.3";"8.6";"3.1 | 4.8";"4.6 | 4.7";"2.8 | 2.2";"2 | 2.6";"4.8";"4.4"
"Republic of Ireland";"IRL";"Premier Division";"03-07-2026 15:45";"NS";"Drogheda United";"";"";"Bohemians";"4.46";"1.74";"42 | 52";"37 | 75";"2";"37 | 52";"0.9 | 1.9";"34 | 50";"6.1 | 4.9";"10";"40 | 30";"30";"20 | 60";"30 | 10";"50 | 30";"30 | 63";"50 | 70";"70 | 90";"80 | 40";"1x2 | 1x3";"24.8";"1.1 | 2.2";"1.8 | 1.5";"3.3";"39 | 57";"8 | 2";"10 | 10";"9.7 | 14.6";"15.4 | 9.9";"8.8";"5.8 | 4.2";"2.8 | 4.9";"2.2 | 2";"2.4 | 2.6";"4.6";"4.4"
"Republic of Ireland";"IRL";"Premier Division";"03-07-2026 15:45";"NS";"Derry City";"";"";"Waterford United";"1.44";"6.33";"70 | 35";"41 | 65";"1";"58 | 46";"1.1 | 1.2";"53 | 44";"7.8 | 5";"10";"70 | 20";"10";"20 | 30";"50 | 30";"30 | 40";"37 | 40";"70 | 60";"50 | 70";"80 | 70";"1x1 | 3x3";"26.6";"1.2 | 1.9";"1 | 2";"3";"59 | 38";"6 | 10";"10 | 10";"12.8 | 13.7";"9.7 | 16.9";"9";"3.1 | 5.7";"4.7 | 4.6";"3 | 2.9";"2.3 | 1.7";"4.9";"4.4"
"Republic of Ireland";"IRL";"First Division";"03-07-2026 15:45";"NS";"Treaty United";"";"";"Kerry";"2.44";"2.71";"56 | 77";"34 | 31";"5";"42 | 44";"1 | 1.7";"44 | 40";"7.4 | 7.9";"10";"30 | 20";"50";"20 | 50";"40 | 20";"40 | 30";"33 | 57";"60 | 70";"60 | 80";"80 | 50";"0x0 | 0x1";"18";"1 | 0.9";"1.4 | 0.8";"2";"44 | 43";"10 | 6";"10 | 10";"7.4 | 7.1";"11.1 | 10.5";"7.6";"4.2 | 4.3";"3.1 | 3.5";"3 | 2";"2.2 | 2.2";"4.7";"5"
"Republic of Ireland";"IRL";"First Division";"03-07-2026 15:45";"NS";"Finn Harps";"";"";"Wexford Youths";"4.01";"1.74";"25 | 56";"27 | 34";"2";"44 | 56";"0.8 | 1.1";"42 | 52";"9.4 | 9.9";"10";"20 | 50";"30";"20 | 30";"20 | 20";"60 | 50";"27 | 37";"40 | 50";"80 | 80";"80 | 70";"0x2 | 0x2";"18.8";"0.8 | 1";"2.3 | 1.4";"2.8";"47 | 53";"9 | 5";"10 | 10";"7.5 | 9.9";"13.1 | 7.1";"7.4";"5.3 | 3.2";"3 | 3.3";"3.2 | 2.4";"2.2 | 3.1";"5.4";"5"
"Republic of Ireland";"IRL";"First Division";"03-07-2026 15:45";"NS";"Cobh Ramblers";"";"";"Cork City";"4.39";"1.70";"52 | 100";"41 | 75";"2";"50 | 56";"1.5 | 2.5";"46 | 68";"6.2 | 6.3";"10";"40 | 50";"10";"50 | 80";"0 | 10";"50 | 10";"50 | 83";"50 | 90";"100 | 90";"50 | 20";"0x2 | 0x2";"19.8";"1.2 | 2.2";"1.5 | 0.3";"2.6";"51 | 57";"4 | 1";"10 | 10";"7.4 | 13.8";"8.4 | 10";"8.4";"4.2 | 3.5";"2.9 | 6.2";"2.5 | 1.8";"2 | 2.6";"4.4";"5"
"Republic of Ireland";"IRL";"First Division";"03-07-2026 15:45";"NS";"Bray Wanderers";"";"";"Athlone Town";"1.68";"4.30";"46 | 66";"92 | 20";"1";"56 | 55";"1.8 | 0.8";"56 | 60";"4.5 | 17.3";"10";"70 | 10";"20";"50 | 10";"30 | 50";"20 | 40";"60 | 27";"80 | 60";"70 | 50";"50 | 90";"2x2 | 1x0";"18.6";"2.7 | 0.6";"1.7 | 1.1";"3.1";"55 | 49";"3 | 8";"10 | 10";"12.1 | 10.4";"6.9 | 7.8";"8.6";"3.5 | 3.4";"6 | 4.3";"3 | 2.9";"4.3 | 1.8";"6";"5"
"United States";"USA";"NWSL";"03-07-2026 21:00";"NS";"Washington Spirit W";"";"";"Houston Dash W";"1.32";"7.77";"70 | 38";"65 | 34";"1";"53 | 45";"2.2 | 0.8";"48 | 42";"4.8 | 8.3";"10";"50 | 10";"40";"70 | 20";"10 | 20";"20 | 60";"73 | 27";"80 | 40";"90 | 80";"30 | 80";"1x0 | 1x0";"23.9";"1.9 | 1";"1 | 1.9";"2.9";"55 | 47";"4 | 11";"10 | 10";"11.7 | 11.6";"9.8 | 14.7";"8.8";"3.3 | 5.4";"5 | 3.8";"1.3 | 1.6";"1.4 | 1.9";"3.1";"2.8"
"United States";"USA";"NWSL";"03-07-2026 22:30";"NS";"Denver Summit W";"";"";"Kansas City Current W";"2.53";"2.38";"66 | 60";"54 | 51";"5";"52 | 50";"1.5 | 1.8";"47 | 47";"5.6 | 5.7";"";"";"";"40 | 60";"30 | 0";"30 | 40";"50 | 60";"70 | 60";"70 | 100";"60 | 40";"0x0 | 0x3";"23.9";"1.6 | 1.5";"1.1 | 1.3";"2.8";"51 | 47";"9 | 6";"10 | 10";"12.1 | 10.9";"11.3 | 13.5";"8.7";"4.3 | 4.5";"3.9 | 4.7";"1.3 | 0.5";"1 | 1";"1.9";"2.8"
"United States";"USA";"NWSL";"03-07-2026 23:00";"NS";"Angel City W";"";"";"Orlando Pride W";"2.48";"2.51";"56 | 56";"41 | 54";"5";"52 | 46";"1 | 1.6";"47 | 45";"7.4 | 6.4";"9";"22 | 56";"22";"30 | 50";"10 | 10";"60 | 40";"33 | 53";"40 | 60";"90 | 90";"70 | 50";"1x2 | 0x1";"26";"1.2 | 1.6";"1.4 | 1.4";"2.8";"50 | 44";"12 | 8";"10 | 10";"13.3 | 13.3";"11.2 | 14.2";"8.6";"4.4 | 4.2";"3.8 | 4.8";"1.5 | 1.8";"2 | 1.4";"3.4";"2.8"
"Australia";"AUS";"Npl Queensland";"03-07-2026 06:30";"NS";"Wynnum Wolves FC";"";"";"Rochedale Rovers";"";"";"21 | 52";"48 | 88";"";"47 | 41";"1.3 | 1.8";"59 | 56";"7.6 | 4.3";"10";"40 | 40";"20";"40 | 60";"10 | 0";"50 | 40";"43 | 60";"50 | 60";"90 | 100";"60 | 40";"2x1 | 0x3";"24";"1.4 | 2.6";"2.4 | 1.5";"4";"47 | 48";"7 | 9";"10 | 10";"10.6 | 11.2";"15.3 | 10.8";"11.1";"7.1 | 4.7";"4 | 6.6";"1.5 | 0.9";"1.4 | 1.8";"2.8";"3.9"
"Australia";"AUS";"Npl South Australian";"03-07-2026 08:00";"NS";"Adelaide Comets";"";"";"Croydon Kings";"";"";"46 | 46";"58 | 82";"";"41 | 50";"1.3 | 1.6";"48 | 60";"5.3 | 4.8";"10";"30 | 40";"30";"30 | 50";"40 | 10";"30 | 40";"43 | 53";"70 | 60";"60 | 90";"70 | 50";"0x0 | 0x2";"21.5";"1.7 | 2.4";"1.7 | 1.7";"3.8";"43 | 47";"11 | 6";"10 | 10";"9 | 11.5";"11.8 | 10.6";"10.2";"4.8 | 4.7";"4.7 | 6.3";"1.7 | 0.9";"1.7 | 1.2";"2.8";"3.6"
"Australia";"AUS";"Npl Victoria";"03-07-2026 06:30";"NS";"Heidelberg United";"";"";"St. Albans Saints";"1.66";"4.10";"63 | 56";"61 | 41";"1";"64 | 55";"1.6 | 1.2";"69 | 60";"8.4 | 8.4";"10";"40 | 30";"30";"50 | 30";"10 | 30";"40 | 40";"53 | 40";"60 | 60";"90 | 70";"50 | 70";"0x1 | 2x0";"21.6";"1.8 | 1.2";"1.2 | 1.4";"2.8";"58 | 55";"5 | 10";"10 | 10";"15.2 | 10.1";"7 | 11";"10.7";"3.8 | 4.9";"7.7 | 5";"1.1 | 1.5";"0.8 | 1.4";"2.4";"3.5"
"Australia";"AUS";"Npl Victoria";"03-07-2026 06:30";"NS";"Green Gully";"";"";"Bentleigh Greens";"2.60";"2.30";"28 | 0";"20 | 31";"5";"44 | 43";"0.4 | 0.5";"47 | 43";"14.8 | 7.1";"10";"30 | 60";"10";"10 | 10";"10 | 20";"80 | 70";"13 | 17";"20 | 30";"90 | 80";"90 | 90";"0x1 | 5x1";"20.1";"0.6 | 0.9";"2.2 | 3";"3.4";"49 | 47";"14 | 12";"10 | 10";"8.9 | 6.4";"12.2 | 12.7";"9.7";"4.9 | 7.7";"3.7 | 3.1";"2 | 1.4";"2.1 | 1.1";"3.3";"3.5"
"Australia";"AUS";"Northern Nsw";"03-07-2026 07:00";"NS";"Edgeworth Eagles";"";"";"Kahibah";"1.26";"7.26";"56 | 14";"58 | 54";"3";"54 | 40";"1.4 | 1";"59 | 52";"8.4 | 5.6";"";"";"";"40 | 30";"20 | 10";"40 | 60";"47 | 33";"60 | 40";"80 | 90";"60 | 70";"0x1 | 4x0";"25.1";"1.7 | 1.6";"1.4 | 2.6";"3.6";"52 | 46";"5 | 12";"10 | 10";"14.3 | 9";"11 | 15.9";"13.4";"5.8 | 8.6";"7.6 | 4.9";"1 | 1.8";"1.6 | 1.6";"3";"3.1"
"Australia";"AUS";"Northern Nsw";"03-07-2026 07:00";"NS";"Cooks Hill United";"";"";"Valentine";"1.60";"4.08";"63 | 42";"65 | 34";"1";"47 | 47";"1.8 | 1.2";"55 | 49";"4.4 | 7.6";"10";"30 | 40";"30";"50 | 30";"30 | 30";"20 | 40";"60 | 40";"80 | 60";"70 | 70";"50 | 70";"3x0 | 1x1";"16.9";"1.9 | 1";"1.2 | 1.8";"3";"49 | 46";"7 | 9";"10 | 10";"8.3 | 7.6";"9.3 | 8.6";"7.8";"4 | 4.4";"3.8 | 3.2";"1.1 | 1.7";"1.3 | 2.1";"3.1";"3.1"
"Australia";"AUS";"Victoria Premier League 2";"03-07-2026 07:30";"NS";"Melbourne Knights";"";"";"Bulleen Lions";"1.68";"3.85";"70 | 66";"58 | 71";"1";"59 | 56";"1.7 | 1.8";"63 | 63";"7.1 | 6";"8";"50 | 38";"12";"50 | 50";"20 | 30";"30 | 20";"57 | 60";"70 | 80";"80 | 70";"50 | 50";"2x1 | 0x1";"19.8";"1.7 | 2.1";"1 | 1.1";"3";"55 | 50";"2 | 5";"10 | 10";"12.1 | 12.5";"6 | 9.1";"9.6";"3.6 | 3.8";"6.1 | 5.6";"2.6 | 1.6";"1.4 | 1.8";"3.7";"4"
"Australia";"AUS";"Victoria Premier League 2";"03-07-2026 07:30";"NS";"Northcote City";"";"";"Melbourne Srbija";"1.61";"4.10";"70 | 88";"41 | 44";"1";"52 | 44";"1.7 | 2.1";"60 | 49";"9.3 | 7";"3";"33 | 33";"33";"50 | 60";"20 | 30";"30 | 10";"57 | 70";"70 | 90";"80 | 70";"50 | 40";"1x0 | 0x0";"20";"1.2 | 1.3";"1 | 0.5";"2";"50 | 53";"1 | 7";"10 | 10";"11.2 | 9.1";"9 | 10.6";"9.4";"3.5 | 5.1";"5.4 | 4.7";"1.8 | 1.1";"1.9 | 0.7";"2.8";"4"
"Australia";"AUS";"Victoria Premier League 2";"03-07-2026 07:30";"NS";"Brunswick Juventus";"";"";"Brunswick City";"";"";"60 | 46";"27 | 58";"";"54 | 50";"1.4 | 1.3";"56 | 56";"10.1 | 8.9";"";"";"";"40 | 40";"20 | 10";"40 | 50";"47 | 43";"60 | 50";"80 | 90";"60 | 60";"1x0 | 1x3";"22";"0.8 | 1.7";"1.3 | 1.7";"2.8";"51 | 47";"3 | 10";"10 | 10";"8.1 | 15.1";"7.3 | 13.5";"10.2";"3.3 | 6.5";"2.8 | 7.8";"2.4 | 1.7";"2.1 | 2.4";"4.3";"4"
"Australia";"AUS";"Northern Territory Premier League";"03-07-2026 06:00";"NS";"Uni Azzurri";"";"";"Casuarina";"";"";"70 | 4";"100 | 88";"";"60 | 45";"3 | 1.2";"58 | 49";"3 | 4.3";"10";"70 | 10";"20";"100 | 40";"0 | 0";"0 | 60";"100 | 40";"100 | 40";"100 | 100";"0 | 60";"4x1 | 4x2";"22.6";"4.8 | 2.6";"1 | 2.9";"5.6";"54 | 48";"1 | 6";"10 | 10";"14.4 | 11.3";"6.7 | 12.9";"12.8";"2.9 | 7.6";"8.4 | 6.6";"1.4 | 1.1";"1.3 | 1.1";"2.5";"2.5"
"Australia";"AUS";"Northern Territory Premier League";"03-07-2026 08:00";"NS";"Hellenic Athletic";"";"";"Mindil Aces";"";"";"2 | 63";"54 | 100";"";"46 | 57";"0.5 | 1.9";"46 | 62";"5.7 | 4.2";"10";"10 | 60";"30";"10 | 60";"20 | 10";"70 | 30";"17 | 63";"30 | 70";"80 | 90";"90 | 40";"1x5 | 0x4";"21.4";"1.6 | 3.5";"3.7 | 1.2";"5";"48 | 49";"8 | 2";"10 | 10";"9.1 | 14.6";"12.5 | 6.7";"11.6";"6.9 | 3.2";"5.1 | 7.9";"1.1 | 0.9";"1.1 | 0.8";"2";"2.5"
"Australia";"AUS";"South Australia State League 1";"03-07-2026 07:00";"NS";"Adelaide Olympic";"";"";"Salisbury United";"1.67";"3.80";"56 | 10";"51 | 48";"1";"55 | 46";"1.5 | 0.7";"56 | 54";"6.1 | 5.5";"3";"33 | 33";"33";"50 | 20";"0 | 10";"50 | 70";"50 | 23";"50 | 30";"100 | 90";"50 | 80";"2x0 | 3x0";"19.8";"1.5 | 1.4";"1.4 | 2.7";"3.5";"54 | 42";"4 | 11";"10 | 10";"9.2 | 7.7";"9.6 | 13.1";"10";"4.6 | 7.1";"4 | 4.2";"1.6 | 1.2";"1.6 | 0.7";"2.6";"3.6"
"Australia";"AUS";"South Australia State League 1";"03-07-2026 07:15";"NS";"Eastern United";"";"";"Modbury Jets";"";"";"56 | 70";"27 | 58";"";"51 | 57";"1.2 | 1.7";"60 | 60";"12.4 | 6.4";"8";"0 | 75";"25";"30 | 50";"30 | 20";"40 | 30";"40 | 57";"60 | 70";"70 | 80";"70 | 50";"0x1 | 1x4";"17.2";"0.8 | 1.7";"1.4 | 1";"2.4";"48 | 54";"10 | 5";"10 | 10";"9.9 | 10.9";"8.2 | 5.5";"8";"3.9 | 2.7";"4.3 | 5.1";"1.5 | 1.7";"1.4 | 1.5";"3";"3.6"
"Australia";"AUS";"South Australia Reserves Premier League";"03-07-2026 23:45";"NS";"Adelaide City Res.";"";"";"Para Hills Knights Res.";"3.50";"1.79";"14 | 28";"48 | 65";"2";"50 | 49";"0.4 | 1.6";"57 | 56";"7.7 | 5.1";"8";"38 | 50";"12";"0 | 50";"40 | 10";"60 | 40";"13 | 53";"40 | 60";"60 | 90";"100 | 50";"2x2 | 0x3";"21.1";"1.4 | 1.9";"2.6 | 2.2";"4";"47 | 51";"10 | 5";"10 | 10";"10.8 | 9.6";"11.5 | 10.3";"12.6";"7 | 6.1";"6.2 | 5.9";"2.2 | 2.5";"1.8 | 2.2";"4.4";"3.6"
"Australia";"AUS";"Queensland Premier League";"03-07-2026 07:30";"NS";"Ipswich";"";"";"Holland Park Hawks";"1.84";"3.35";"49 | 32";"58 | 58";"1";"53 | 40";"1.5 | 1.3";"59 | 49";"7.5 | 5.2";"2";"50 | 0";"50";"40 | 40";"30 | 10";"30 | 50";"50 | 43";"70 | 50";"70 | 90";"60 | 60";"2x1 | 1x2";"26.1";"1.7 | 1.7";"1.6 | 2.1";"3.6";"51 | 48";"3 | 7";"10 | 10";"12.7 | 8.8";"12.8 | 17.9";"12.4";"6.4 | 7.9";"6 | 4.5";"2.1 | 1";"1.9 | 2.5";"3.8";"4"
"Australia";"AUS";"Queensland Premier League";"03-07-2026 07:30";"NS";"Caboolture";"";"";"SC Wanderers";"2.06";"2.75";"46 | 56";"75 | 92";"5";"47 | 57";"1.8 | 1.7";"53 | 55";"5 | 4.6";"";"";"";"60 | 50";"0 | 20";"40 | 30";"60 | 57";"60 | 70";"100 | 80";"40 | 50";"1x2 | 3x0";"19.4";"2.2 | 2.7";"1.7 | 1.4";"4";"51 | 53";"5 | 4";"10 | 10";"11 | 12.4";"9.6 | 5.7";"10.7";"5.2 | 2.9";"6.5 | 6.7";"1.9 | 1.2";"1.9 | 1.5";"3.3";"4"
"Australia";"AUS";"Victoria NPL 2 Youth";"03-07-2026 05:15";"NS";"White Eagles U23";"";"";"Keilor Park U23";"";"";"14 | 66";"65 | 95";"";"";"1.2 | 1.8";"";"";"";"";"";"30 | 50";"30 | 30";"40 | 20";"40 | 60";"60 | 80";"70 | 70";"70 | 50";"0x2 | 1x1";"";"1.9 | 2.8";"2.6 | 1.1";"4.2";"";"9 | 5";"10 | 10";"";"";"";"";"";"";"";"";"0"
"Australia";"AUS";"Victoria NPL 2 Youth";"03-07-2026 23:00";"NS";"Werribee City U23";"";"";"Altona City U23";"";"";"4 | 42";"100 | 65";"";"";"1.4 | 1.2";"";"";"3";"33 | 67";"0";"40 | 30";"20 | 30";"40 | 40";"47 | 40";"60 | 60";"80 | 70";"60 | 70";"0x2 | 0x0";"";"3.3 | 1.9";"2.9 | 1.8";"5";"";"8 | 2";"10 | 10";"";"";"";"";"";"";"";"";"0"
"Australia";"AUS";"Victoria NPL 2 Youth";"03-07-2026 23:45";"NS";"Bayside Argonauts U23";"";"";"Essendon Royals U23";"";"";"38 | 35";"65 | 75";"";"";"1.4 | 1.3";"";"";"";"";"";"40 | 30";"20 | 40";"40 | 30";"47 | 43";"60 | 70";"80 | 60";"60 | 70";"2x0 | 1x1";"";"1.9 | 2.2";"1.9 | 2";"4";"";"7 | 4";"10 | 10";"";"";"";"";"";"";"";"";"0"
"Australia";"AUS";"South Australia State League 1 Reserves";"03-07-2026 23:30";"NS";"Eastern United Res.";"";"";"Modbury Jets Res.";"";"";"14 | 35";"44 | 88";"";"54 | 55";"0.6 | 1.9";"65 | 68";"10.4 | 5.7";"3";"0 | 100";"0";"10 | 60";"30 | 10";"60 | 30";"20 | 63";"40 | 70";"70 | 90";"90 | 40";"0x0 | 1x3";"26.2";"1.3 | 2.6";"2.6 | 2";"4.2";"45 | 52";"11 | 4";"10 | 10";"13.5 | 14.7";"12.6 | 11.6";"13.5";"6 | 6.9";"6.9 | 7.2";"2.4 | 1.4";"2.2 | 1.3";"3.7";"3.4"
"Australia";"AUS";"Capital Territory NPL Youth League";"03-07-2026 23:45";"NS";"Canberra White Eagles U23";"";"";"Cooma Tigers U23";"";"";"2 | 77";"24 | 95";"";"31 | 54";"0 | 2.1";"33 | 51";"9.7 | 6.2";"";"";"";"0 | 60";"0 | 30";"100 | 10";"0 | 70";"0 | 90";"100 | 70";"100 | 40";"0x4 | 1x1";"29.2";"0.7 | 2.8";"3.7 | 0.8";"4";"40 | 54";"11 | 1";"10 | 10";"6.8 | 17.4";"18.8 | 15.6";"19.2";"13.1 | 10.1";"3.5 | 11.7";"1.5 | 0.9";"1.4 | 1.4";"2.6";"2.7"
"Australia";"AUS";"Capital Territory NPL Youth League";"03-07-2026 23:45";"NS";"Queanbeyan City U23";"";"";"Tuggeranong United U23";"";"";"56 | 35";"75 | 85";"";"59 | 57";"1.6 | 1.8";"64 | 61";"7.7 | 6.8";"7";"0 | 86";"14";"50 | 60";"10 | 0";"40 | 40";"53 | 60";"60 | 60";"90 | 100";"50 | 40";"0x1 | 2x3";"28";"2.2 | 2.5";"1.4 | 2";"4";"54 | 56";"6 | 4";"10 | 10";"17 | 16.9";"13.2 | 9";"19";"8 | 5.3";"12.2 | 12.4";"1 | 1";"1.3 | 1.1";"2.2";"2.7"
"Australia";"AUS";"Queensland NPL Youth League";"03-07-2026 23:00";"NS";"Gold Coast Knights U23";"";"";"Moreton City U23";"";"";"63 | 52";"100 | 82";"";"49 | 65";"2.7 | 1.6";"58 | 76";"4.1 | 8.1";"6";"17 | 50";"33";"90 | 50";"0 | 10";"10 | 40";"90 | 53";"90 | 60";"100 | 90";"10 | 50";"3x1 | 2x1";"26.1";"3.1 | 2.4";"1.2 | 1.5";"4.1";"57 | 53";"3 | 5";"10 | 10";"12.7 | 19.5";"12.5 | 7.5";"14.9";"7 | 4";"8.7 | 10.1";"2.7 | 1.2";"1.3 | 1.5";"3.4";"2.9"
"Australia";"AUS";"NSW League One Youth";"03-07-2026 05:00";"NS";"Hurstville U20";"";"";"Bankstown Berries U20";"";"";"2 | 7";"58 | 44";"";"51 | 46";"1 | 0.5";"60 | 53";"6.9 | 8.8";"";"";"";"30 | 10";"10 | 20";"60 | 70";"33 | 17";"40 | 30";"90 | 80";"70 | 90";"0x0 | 1x0";"24.8";"1.7 | 1.3";"3.2 | 2.8";"4.5";"49 | 45";"13 | 15";"10 | 10";"11.8 | 11.5";"11.9 | 14.5";"12.6";"6.4 | 8";"5.6 | 5.2";"1.1 | 1.1";"0.9 | 1.2";"2.2";"3.1"
"Australia";"AUS";"NSW League One Youth";"03-07-2026 05:00";"NS";"Prospect United U20";"";"";"Hakoah Sydney U20";"";"";"70 | 80";"44 | 88";"";"43 | 58";"1.6 | 2.1";"36 | 62";"6.4 | 5.2";"";"";"";"40 | 60";"40 | 30";"20 | 10";"53 | 70";"80 | 90";"60 | 70";"60 | 40";"0x0 | 0x4";"20.1";"1.3 | 2.6";"1 | 0.7";"2.8";"50 | 55";"3 | 1";"10 | 10";"8.3 | 13.6";"12 | 6.3";"9";"3 | 3.4";"4 | 7.6";"0.8 | 0.9";"1.5 | 1.6";"2.3";"3.1"
"Australia";"AUS";"Northern NSW Reserve League";"03-07-2026 05:00";"POSTPONED";"Edgeworth Eagles Res.";"";"";"Kahibah Res.";"1.48";"5.35";"49 | 2";"41 | 68";"1";"52 | 40";"0.8 | 1.1";"59 | 47";"14 | 3.6";"";"";"";"20 | 30";"20 | 20";"60 | 50";"27 | 37";"40 | 50";"80 | 80";"80 | 70";"1x2 | 0x3";"27.2";"1.2 | 2";"1.6 | 3.8";"4.3";"49 | 40";"5 | 12";"10 | 10";"16.8 | 7.3";"13 | 17.3";"17.4";"9 | 9.3";"12.2 | 4.3";"0.8 | 1";"1.5 | 1";"2.1";"2.6"
"Australia";"AUS";"Northern NSW Reserve League";"03-07-2026 05:00";"POSTPONED";"Cooks Hill United Res.";"";"";"Valentine Res.";"";"";"49 | 63";"100 | 71";"";"60 | 54";"2.5 | 2";"70 | 57";"6.9 | 7.5";"9";"67 | 11";"22";"80 | 60";"10 | 20";"10 | 20";"83 | 67";"90 | 80";"90 | 80";"20 | 40";"3x1 | 0x0";"30.8";"3.2 | 2.1";"1.6 | 1.2";"4";"60 | 61";"3 | 1";"10 | 10";"22 | 15.7";"12.5 | 11.3";"19.8";"7.8 | 7";"14.8 | 10";"1.2 | 0.7";"1 | 1.7";"2.2";"2.6"
"Australia";"AUS";"Victoria NPL 3";"03-07-2026 06:30";"NS";"Box Hill United";"";"";"Whittlesea United";"";"";"70 | 77";"58 | 65";"";"50 | 49";"1.7 | 1.8";"46 | 48";"5.3 | 5.9";"3";"33 | 33";"33";"50 | 50";"20 | 30";"30 | 20";"57 | 60";"70 | 80";"80 | 70";"50 | 50";"2x1 | 0x2";"18.4";"1.7 | 1.9";"1 | 0.8";"2.7";"50 | 59";"5 | 7";"10 | 10";"9 | 11.2";"9 | 7.5";"8.5";"4.3 | 3";"3.7 | 6";"2 | 1.5";"2 | 2";"3.8";"3.6"
"Australia";"AUS";"Victoria NPL 3";"03-07-2026 06:45";"NS";"Kingston City";"";"";"Nunawading City";"";"";"4 | 46";"24 | 27";"";"40 | 44";"0.6 | 0.9";"40 | 45";"10.4 | 11.1";"";"";"";"20 | 20";"0 | 30";"80 | 50";"20 | 30";"20 | 50";"100 | 70";"80 | 80";"0x2 | 1x1";"21.8";"0.7 | 0.8";"2.9 | 1.7";"3";"44 | 47";"12 | 8";"10 | 10";"7.3 | 8.9";"13.2 | 14.3";"10.9";"7.1 | 7.6";"3.6 | 3.6";"1.2 | 1.4";"1 | 2.6";"3.1";"3.6"
"Australia";"AUS";"Victoria NPL 3";"03-07-2026 07:30";"NS";"Springvale White Eagles";"";"";"Keilor Park";"";"";"28 | 70";"37 | 34";"";"50 | 50";"1.1 | 1.7";"53 | 51";"10.5 | 11.7";"";"";"";"30 | 50";"20 | 20";"50 | 30";"37 | 57";"50 | 70";"80 | 80";"70 | 50";"1x2 | 0x1";"25.1";"1.1 | 1";"2.2 | 1";"2.6";"50 | 50";"10 | 6";"10 | 10";"11.6 | 11.7";"14.3 | 12.7";"13";"7.9 | 7.5";"6.3 | 4.3";"2 | 2";"1 | 2";"3.5";"3.6"
"Australia";"AUS";"New South Wales NPL 2";"03-07-2026 07:00";"NS";"Hurstville";"";"";"Bankstown Berries";"";"";"49 | 46";"48 | 100";"";"50 | 52";"1.4 | 2.2";"52 | 53";"6.9 | 3.9";"2";"50 | 50";"0";"40 | 70";"20 | 10";"40 | 20";"47 | 73";"60 | 80";"80 | 90";"60 | 30";"1x0 | 0x2";"20.8";"1.4 | 3.3";"1.6 | 1.7";"4";"52 | 55";"10 | 4";"10 | 10";"9.6 | 13";"10.2 | 8.7";"9.8";"3.8 | 4.4";"4 | 7.5";"2 | 1.8";"2.1 | 1.4";"3.6";"3.6"
"Australia";"AUS";"New South Wales NPL 2";"03-07-2026 07:00";"NS";"Prospect United";"";"";"Hakoah Sydney City";"";"";"60 | 21";"34 | 65";"";"35 | 46";"0.9 | 1.4";"37 | 50";"7.9 | 4.6";"";"";"";"10 | 40";"60 | 20";"30 | 40";"30 | 47";"70 | 60";"40 | 80";"90 | 60";"0x0 | 0x1";"21.2";"1 | 1.9";"1.3 | 2.4";"3.3";"46 | 50";"15 | 8";"10 | 10";"7.9 | 8.8";"15.2 | 10.6";"9.6";"6 | 6";"2.4 | 4.8";"1.7 | 2.6";"1.6 | 2.2";"4.1";"3.6"
"Australia";"AUS";"New South Wales NPL 3";"03-07-2026 07:00";"NS";"Sydney University";"";"";"Bankstown United";"";"";"46 | 32";"48 | 37";"";"52 | 55";"1.2 | 0.8";"56 | 53";"11.4 | 10.3";"10";"30 | 40";"30";"30 | 20";"30 | 20";"40 | 60";"40 | 27";"60 | 40";"70 | 80";"70 | 80";"0x1 | 3x1";"25.7";"1.4 | 1.1";"1.7 | 2.1";"3.2";"49 | 49";"9 | 14";"10 | 10";"16 | 11.3";"15 | 9.1";"15.8";"10.1 | 6.4";"9.4 | 5.6";"2.6 | 2.4";"2.1 | 1.9";"4.5";"4"
"Australia";"AUS";"New South Wales NPL 3";"03-07-2026 07:00";"NS";"Nepean";"";"";"Mounties Wanderers";"";"";"35 | 84";"58 | 100";"";"46 | 63";"1.1 | 2.3";"46 | 70";"7.2 | 5.2";"5";"20 | 20";"60";"30 | 70";"20 | 20";"50 | 10";"37 | 77";"50 | 90";"80 | 80";"70 | 30";"0x1 | 0x4";"25.8";"1.7 | 3.3";"2 | 0.6";"3.8";"48 | 59";"10 | 1";"10 | 10";"12.3 | 17.1";"12.4 | 9.9";"15.2";"7.4 | 4.1";"8.7 | 10.2";"2.6 | 1.5";"1.6 | 1.1";"3.4";"4"
"Australia";"AUS";"New South Wales NPL 3 Youth";"03-07-2026 05:00";"NS";"Sydney University U20";"";"";"Bankstown United U20";"";"";"46 | 66";"75 | 58";"";"";"1.5 | 1.9";"";"";"9";"22 | 67";"11";"50 | 60";"0 | 10";"50 | 30";"50 | 63";"50 | 70";"100 | 90";"50 | 40";"1x2 | 0x1";"";"2.2 | 1.7";"1.7 | 1.1";"3.4";"";"8 | 1";"10 | 10";"";"";"";"";"";"";"";"";""
"Australia";"AUS";"New South Wales NPL 3 Youth";"03-07-2026 05:00";"NS";"Nepean U20";"";"";"Mounties Wanderers U20";"";"";"28 | 52";"27 | 78";"";"";"0.5 | 1.9";"";"";"";"";"";"10 | 60";"20 | 10";"70 | 30";"17 | 63";"30 | 70";"80 | 90";"90 | 40";"1x1 | 1x3";"";"0.8 | 2.3";"2.2 | 1.5";"3.4";"";"14 | 2";"10 | 10";"";"";"";"";"";"";"";"";""
"Australia";"AUS";"Queensland PL Youth";"03-07-2026 05:30";"NS";"Ipswich U23";"";"";"Holland Park U23";"";"";"56 | 32";"92 | 61";"";"55 | 40";"1.9 | 1.6";"64 | 47";"5.7 | 5.1";"3";"100 | 0";"0";"60 | 50";"10 | 10";"30 | 40";"63 | 53";"70 | 60";"90 | 90";"40 | 50";"1x2 | 1x2";"25.7";"2.7 | 1.8";"1.4 | 2.1";"4";"51 | 48";"2 | 9";"10 | 10";"15.3 | 9.2";"11.9 | 15.1";"13";"6.7 | 6.3";"7.7 | 5.2";"0.9 | 1.7";"0.9 | 1.8";"2.6";"2.4"
"Australia";"AUS";"Queensland PL Youth";"03-07-2026 05:30";"NS";"Caboolture U23";"";"";"SC Wanderers U23";"";"";"42 | 74";"71 | 75";"";"52 | 55";"1 | 2.5";"64 | 60";"7.8 | 7.1";"";"";"";"20 | 80";"40 | 10";"40 | 10";"33 | 83";"60 | 90";"60 | 90";"80 | 20";"2x2 | 1x2";"26.8";"2.1 | 2.2";"1.8 | 0.9";"3.5";"47 | 56";"8 | 1";"10 | 10";"16.3 | 15.7";"11.5 | 10.2";"15.2";"6.5 | 5.8";"10.5 | 7.7";"1 | 0.9";"1.3 | 0.8";"2";"2.4"
"Australia";"AUS";"Queensland PL Youth";"03-07-2026 23:15";"NS";"Robina City U23";"";"";"Broadbeach United U23";"";"";"32 | 18";"100 | 51";"";"57 | 66";"2.1 | 1";"65 | 61";"3.7 | 6.7";"";"";"";"70 | 30";"0 | 10";"30 | 60";"70 | 33";"70 | 40";"100 | 90";"30 | 70";"4x2 | 3x0";"18.2";"3.7 | 1.5";"2.1 | 2.5";"4.9";"57 | 52";"3 | 7";"10 | 10";"13.6 | 10";"9 | 3.8";"9.6";"5.4 | 1.7";"8 | 4.2";"0.9 | 1.3";"1 | 0.2";"1.7";"2.4"
"Australia";"AUS";"Tasmania Southern Championship";"03-07-2026 07:15";"NS";"Glenorchy Knights II";"";"";"Clarence Zebras II";"";"";"2 | 7";"41 | 68";"";"41 | 42";"0.5 | 1.3";"47 | 54";"6 | 3.8";"5";"60 | 40";"0";"10 | 40";"20 | 10";"70 | 50";"17 | 43";"30 | 50";"80 | 90";"90 | 60";"1x4 | 1x3";"25.6";"1.2 | 2";"3.6 | 2.8";"4.8";"50 | 44";"9 | 6";"10 | 10";"7.2 | 7.5";"20.2 | 16.2";"12.2";"10 | 7.3";"3.5 | 3.5";"0.8 | 1.5";"2.2 | 1.3";"2.9";"3.2"
"Australia";"AUS";"Tasmania Southern Championship";"03-07-2026 23:15";"NS";"Taroona";"";"";"Hobart United";"";"";"46 | 2";"100 | 54";"";"54 | 44";"1.7 | 0.5";"71 | 58";"4.6 | 5.7";"10";"50 | 30";"20";"50 | 10";"20 | 20";"30 | 70";"57 | 17";"70 | 30";"80 | 80";"50 | 90";"2x2 | 2x2";"24.1";"3.4 | 1.6";"1.7 | 5.3";"6";"51 | 41";"5 | 8";"10 | 10";"15.8 | 9.2";"9.6 | 13.5";"13.1";"5 | 7.8";"9 | 4.5";"1 | 2";"1.4 | 1.5";"3";"3.2"
"Australia";"AUS";"TAS NPL Youth";"03-07-2026 06:00";"NS";"Launceston City U21";"";"";"Launceston United U21";"";"";"63 | 2";"65 | 27";"";"";"2 | 0.4";"";"";"10";"100 | 0";"0";"60 | 10";"20 | 10";"20 | 80";"67 | 13";"80 | 20";"80 | 90";"40 | 90";"2x1 | 2x0";"";"1.9 | 0.8";"1.2 | 3.8";"3.8";"";"3 | 10";"10 | 10";"";"";"";"";"";"";"";"";"0"
"Australia";"AUS";"TAS NPL Youth";"03-07-2026 23:15";"NS";"Devonport Strikers U21";"";"";"Riverside Olympic U21";"";"";"49 | 0";"88 | 78";"";"";"1.6 | 1";"";"";"9";"56 | 22";"22";"50 | 30";"10 | 10";"40 | 60";"53 | 33";"60 | 40";"90 | 90";"50 | 70";"0x1 | 1x0";"";"2.6 | 2.3";"1.6 | 3";"4.8";"";"5 | 8";"10 | 10";"";"";"";"";"";"";"";"";"0"
"Australia";"AUS";"TAS NPL Youth";"03-07-2026 23:15";"NS";"Ulverstone U21";"";"";"Kingborough Lions U21";"";"";"21 | 66";"51 | 100";"";"";"1.2 | 2.5";"";"";"";"";"";"30 | 80";"30 | 10";"40 | 10";"40 | 83";"60 | 90";"70 | 90";"70 | 20";"2x1 | 0x4";"";"1.5 | 5.8";"2.4 | 1.1";"5.4";"";"6 | 1";"10 | 10";"";"";"";"";"";"";"";"";"0"
"Bhutan";"BHU";"Bhutan Premier League";"03-07-2026 07:00";"NS";"Tensung";"";"";"Thimphu";"";"";"46 | 56";"31 | 58";"";"40 | 50";"1.1 | 1.5";"52 | 75";"12 | 10.6";"2";"0 | 100";"0";"30 | 40";"20 | 30";"50 | 30";"37 | 50";"50 | 70";"80 | 70";"70 | 60";"1x1 | 0x0";"32.2";"0.9 | 1.7";"1.7 | 1.4";"2.8";"45 | 50";"9 | 7";"10 | 10";"10.8 | 18";"17.5 | 18";"5.5";"4 | 3.2";"1.8 | 2";"2.5 | 2";"0.7 | 1.5";"3.4";"3.4"
"Belarus";"BLR";"Vysshaya Liga";"03-07-2026 10:00";"NS";"Naftan";"";"";"Dinamo Brest";"8.55";"1.43";"25 | 74";"27 | 51";"2";"40 | 54";"0.5 | 1.5";"35 | 45";"7 | 4.7";"10";"0 | 50";"50";"10 | 40";"20 | 30";"70 | 30";"17 | 50";"30 | 70";"80 | 70";"90 | 60";"1x3 | 0x3";"13.7";"0.8 | 1.5";"2.3 | 0.9";"2.8";"44 | 52";"16 | 8";"10 | 10";"5.6 | 7.1";"8.9 | 5.8";"6.6";"4.3 | 2.5";"2.8 | 3.7";"2.4 | 0.9";"1 | 1.7";"3";"3.5"
"Belarus";"BLR";"Pershaya Liga";"03-07-2026 09:00";"NS";"Minsk II";"";"";"Gomel II";"";"";"38 | 38";"44 | 58";"";"48 | 45";"1 | 0.9";"53 | 46";"6 | 3.6";"2";"100 | 0";"0";"30 | 20";"10 | 30";"60 | 50";"33 | 30";"40 | 50";"90 | 70";"70 | 80";"1x2 | 2x1";"14.6";"1.3 | 1.7";"1.9 | 1.9";"3.4";"49 | 48";"14 | 11";"10 | 10";"7.8 | 6.1";"8.1 | 7.3";"6.4";"3.6 | 3.4";"2.9 | 2.9";"2.3 | 1.9";"1.8 | 1.5";"3.8";"3.8"
"Brazil";"BRA";"Serie D";"03-07-2026 21:00";"NS";"Águia de Marabá";"";"";"ABC";"";"";"52 | 63";"65 | 61";"";"52 | 49";"1.6 | 2";"45 | 51";"6.9 | 7.1";"2";"0 | 100";"0";"50 | 60";"10 | 20";"40 | 20";"53 | 67";"60 | 80";"90 | 80";"50 | 40";"1x2 | 0x1";"25";"1.9 | 1.8";"1.5 | 1.2";"3.2";"52 | 50";"1 | 2";"10 | 10";"13.1 | 12.8";"9.8 | 14.3";"9.8";"4.1 | 5";"6.4 | 4.1";"2.2 | 2.5";"2.9 | 3.6";"5.6";"5.6"
"Brazil";"BRA";"Serie D";"03-07-2026 21:00";"NS";"Luverdense";"";"";"Guaporé";"";"";"66 | 63";"41 | 61";"";"55 | 54";"1.5 | 1.8";"51 | 56";"9.1 | 6.2";"";"";"";"40 | 50";"30 | 30";"30 | 20";"50 | 60";"70 | 80";"70 | 70";"60 | 50";"1x1 | 0x1";"19.7";"1.2 | 1.8";"1.1 | 1.2";"2.6";"53 | 54";"1 | 2";"10 | 10";"10.9 | 11.1";"7.9 | 9.4";"8.2";"2.9 | 4";"4.2 | 5.3";"3.3 | 2.3";"1.9 | 2.2";"4.9";"5.6"
"Brazil";"BRA";"Serie D";"03-07-2026 21:00";"NS";"Velo Clube";"";"";"São Luiz";"";"";"74 | 74";"27 | 44";"";"49 | 44";"1.2 | 1.6";"57 | 44";"14.1 | 8.5";"";"";"";"20 | 40";"60 | 40";"20 | 20";"40 | 53";"80 | 80";"40 | 60";"80 | 60";"1x1 | 1x0";"23.4";"0.8 | 1.3";"0.9 | 0.9";"2";"49 | 45";"1 | 2";"10 | 10";"11.3 | 11.1";"10 | 14.3";"8.7";"3.1 | 5.8";"3.4 | 5.1";"2.5 | 3.2";"3.3 | 3.7";"6.4";"5.6"
"Brazil";"BRA";"Serie D";"03-07-2026 21:00";"NS";"Betim";"";"";"CSA";"";"";"74 | 77";"41 | 75";"";"52 | 62";"1.4 | 1.9";"48 | 58";"8.9 | 5.5";"";"";"";"40 | 50";"20 | 40";"40 | 10";"47 | 63";"60 | 90";"80 | 60";"60 | 50";"0x1 | 1x1";"19.4";"1.2 | 2.2";"0.9 | 0.8";"2.6";"51 | 58";"1 | 2";"10 | 10";"10.7 | 12.1";"11.2 | 4.9";"7.3";"3.8 | 1.3";"4 | 5.5";"2 | 2.9";"2.3 | 2.9";"5";"5.6"
"Brazil";"BRA";"Serie D";"03-07-2026 21:00";"NS";"Maguary PE";"";"";"Iguatu";"";"";"88 | 74";"24 | 51";"";"50 | 46";"1.3 | 2";"51 | 45";"22.7 | 6.9";"";"";"";"30 | 50";"40 | 50";"30 | 0";"43 | 67";"70 | 100";"60 | 50";"70 | 50";"0x0 | 1x1";"24.2";"0.7 | 1.5";"0.5 | 0.9";"1.8";"50 | 48";"1 | 2";"10 | 10";"15.9 | 10.4";"11.8 | 10.3";"10";"4.3 | 3.8";"7 | 5";"2.4 | 3.4";"2.6 | 3.5";"6";"5.6"
"Brazil";"BRA";"Serie D";"03-07-2026 21:00";"NS";"Trem";"";"";"América RN";"";"";"56 | 100";"58 | 51";"";"44 | 59";"1.8 | 2.1";"47 | 57";"7 | 11.1";"";"";"";"60 | 60";"0 | 30";"40 | 10";"60 | 70";"60 | 90";"100 | 70";"40 | 40";"2x0 | 0x1";"25.8";"1.7 | 1.5";"1.4 | 0.3";"2.4";"46 | 54";"1 | 2";"10 | 10";"11.9 | 16.7";"13.7 | 9.4";"10.4";"5.1 | 3";"5.2 | 7.6";"2.6 | 2.8";"2.6 | 2.3";"5.1";"5.6"
"Brazil";"BRA";"Serie D";"03-07-2026 21:00";"NS";"Porto Velho";"";"";"Gama";"";"";"74 | 77";"92 | 75";"";"50 | 58";"1.6 | 2.5";"52 | 62";"4 | 6.1";"2";"0 | 0";"100";"30 | 80";"70 | 10";"0 | 10";"53 | 83";"100 | 90";"30 | 90";"70 | 20";"1x1 | 1x2";"20.8";"2.7 | 2.2";"0.9 | 0.8";"3.3";"49 | 59";"1 | 2";"10 | 10";"10.7 | 13.5";"9.9 | 7.6";"8.6";"4.1 | 2.8";"4.7 | 5.6";"3.1 | 2.4";"2.2 | 3.1";"5.4";"5.6"
"Brazil";"BRA";"Serie D";"03-07-2026 21:00";"NS";"Cianorte";"";"";"XV de Piracicaba";"";"";"70 | 80";"34 | 37";"";"53 | 58";"1.6 | 1.7";"45 | 67";"10.6 | 10.8";"";"";"";"50 | 40";"10 | 50";"40 | 10";"53 | 57";"60 | 90";"90 | 50";"50 | 60";"1x0 | 1x1";"20.2";"1 | 1.1";"1 | 0.7";"1.9";"51 | 53";"1 | 2";"10 | 10";"10.6 | 11.9";"8.9 | 8.9";"6.8";"3.6 | 2.2";"4 | 3.8";"3.2 | 2.2";"3.7 | 2";"5.6";"5.6"
"Brazil";"BRA";"Serie D";"03-07-2026 21:00";"NS";"Marcílio Dias";"";"";"Portuguesa";"";"";"77 | 84";"44 | 48";"";"47 | 60";"1.8 | 2.1";"47 | 64";"6.5 | 9.9";"";"";"";"50 | 60";"30 | 30";"20 | 10";"60 | 70";"80 | 90";"70 | 70";"50 | 40";"0x1 | 0x1";"20.1";"1.3 | 1.4";"0.8 | 0.6";"2";"48 | 58";"1 | 2";"10 | 10";"8.5 | 13.9";"11.5 | 6.3";"7.8";"4.3 | 2.1";"3.2 | 5.9";"2.2 | 2.1";"2.3 | 2.7";"4.6";"5.6"
"Brazil";"BRA";"Serie D";"03-07-2026 21:00";"NS";"Serra Branca";"";"";"Uberlândia";"";"";"88 | 77";"41 | 48";"";"52 | 54";"1.9 | 1.9";"52 | 60";"10.6 | 8.7";"";"";"";"50 | 50";"40 | 40";"10 | 10";"63 | 63";"90 | 90";"60 | 60";"50 | 50";"0x0 | 1x2";"21.2";"1.2 | 1.4";"0.5 | 0.8";"2";"48 | 51";"1 | 2";"10 | 10";"12.7 | 12.2";"8.8 | 8.6";"7";"2.5 | 2.4";"4.3 | 4.7";"2.6 | 3.9";"2.7 | 2.8";"6";"5.6"
"Brazil";"BRA";"Serie D";"03-07-2026 21:00";"NS";"EC São José";"";"";"Portuguesa RJ";"";"";"84 | 70";"27 | 44";"";"53 | 48";"1.5 | 1.4";"55 | 50";"15.9 | 7.8";"2";"50 | 50";"0";"30 | 30";"60 | 50";"10 | 20";"50 | 47";"90 | 80";"40 | 50";"70 | 70";"1x1 | 0x2";"22.4";"0.8 | 1.3";"0.6 | 1";"1.8";"52 | 49";"1 | 2";"10 | 10";"12.7 | 10.2";"9.3 | 12.6";"8.4";"3.8 | 4.5";"4.4 | 4.2";"3.2 | 3.6";"2.5 | 3.6";"6.4";"5.6"
"Brazil";"BRA";"Serie D";"03-07-2026 21:00";"NS";"CRAC";"";"";"Treze";"";"";"84 | 70";"27 | 48";"";"48 | 51";"1.6 | 1.8";"47 | 52";"10.2 | 8.2";"2";"0 | 50";"50";"40 | 50";"40 | 30";"20 | 20";"53 | 60";"80 | 80";"60 | 70";"60 | 50";"0x0 | 1x1";"21.4";"0.8 | 1.4";"0.6 | 1";"1.9";"49 | 51";"1 | 2";"10 | 10";"8.2 | 11.5";"12.6 | 10.5";"7.6";"4.7 | 3.8";"2.8 | 4";"3.2 | 1.9";"2 | 2.4";"4.8";"5.6"
"Brazil";"BRA";"Serie D";"03-07-2026 21:00";"NS";"Nacional AM";"";"";"Capital Brasilia";"";"";"74 | 77";"37 | 71";"";"56 | 51";"1.5 | 2.2";"59 | 53";"10.3 | 6.1";"";"";"";"40 | 60";"30 | 40";"30 | 0";"50 | 73";"70 | 100";"70 | 60";"60 | 40";"0x1 | 1x1";"21.6";"1.1 | 2.1";"0.9 | 0.8";"2.4";"53 | 51";"1 | 2";"10 | 10";"11.3 | 12.8";"7.6 | 11.6";"8.3";"2.9 | 3.3";"4.7 | 5.7";"2.5 | 3.1";"3.2 | 3.3";"6.1";"5.6"
"Brazil";"BRA";"Serie D";"03-07-2026 21:00";"NS";"Imperatriz";"";"";"Ferroviário";"";"";"74 | 77";"44 | 51";"";"46 | 55";"1.5 | 2.1";"41 | 60";"7.8 | 11.1";"4";"0 | 75";"25";"40 | 60";"30 | 30";"30 | 10";"50 | 70";"70 | 90";"70 | 70";"60 | 40";"1x0 | 0x2";"24.6";"1.3 | 1.5";"0.9 | 0.8";"2.2";"47 | 53";"1 | 2";"10 | 10";"10.2 | 16.6";"11.8 | 10.5";"8.6";"4.4 | 4.2";"4 | 4.7";"2 | 3";"2.3 | 2.9";"5.1";"5.6"
"Brazil";"BRA";"Serie D";"03-07-2026 21:00";"NS";"Goiatuba EC";"";"";"Manauara";"";"";"88 | 84";"37 | 48";"";"53 | 61";"1.9 | 2.2";"57 | 58";"12 | 9.7";"";"";"";"50 | 60";"40 | 40";"10 | 0";"63 | 73";"90 | 100";"60 | 60";"50 | 40";"1x0 | 0x1";"21.4";"1.1 | 1.4";"0.5 | 0.6";"1.8";"54 | 55";"1 | 2";"10 | 10";"13.2 | 13.6";"9 | 6.9";"7.6";"2.9 | 1.8";"4.8 | 5.7";"2.4 | 2.2";"2.1 | 2.1";"4.4";"5.6"
"Brazil";"BRA";"Paulista U20";"03-07-2026 15:00";"NS";"Mauá U20";"";"";"Tanabi SP U20";"";"";"38 | 52";"10 | 34";"";"31 | 46";"0.3 | 1.4";"32 | 48";"13.7 | 9.4";"";"";"";"0 | 40";"30 | 20";"70 | 40";"10 | 47";"30 | 60";"70 | 80";"100 | 60";"0x1 | 0x1";"20";"0.3 | 1";"1.9 | 1.5";"2.4";"36 | 45";"13 | 9";"10 | 10";"4.1 | 9.4";"14.6 | 11.7";"8";"6.9 | 5.1";"1.1 | 3";"1.5 | 2";"1.5 | 1.8";"3.4";"6"
"Brazil";"BRA";"Paulista U20";"03-07-2026 15:00";"NS";"Guarani U20";"";"";"Sfera U20";"";"";"66 | 49";"51 | 51";"";"54 | 57";"1.5 | 1";"63 | 67";"7 | 9.7";"";"";"";"50 | 30";"0 | 10";"50 | 60";"50 | 33";"50 | 40";"100 | 90";"50 | 70";"0x1 | 2x1";"21.2";"1.5 | 1.5";"1.1 | 1.6";"2.8";"56 | 56";"6 | 5";"10 | 10";"10.5 | 14.6";"9 | 8.2";"8.4";"3.6 | 3";"4 | 6.1";"2.2 | 3.1";"2.5 | 2.1";"5";"6"
"Brazil";"BRA";"Paulista U20";"03-07-2026 15:00";"NS";"Osasco Audax U20";"";"";"Água Santa U20";"";"";"52 | 46";"37 | 61";"";"40 | 53";"1.1 | 1.4";"49 | 59";"8.9 | 6.8";"";"";"";"30 | 40";"20 | 20";"50 | 40";"37 | 47";"50 | 60";"80 | 80";"70 | 60";"0x1 | 1x2";"24.6";"1.1 | 1.8";"1.5 | 1.7";"3";"42 | 54";"11 | 3";"10 | 10";"9.8 | 12.2";"15.7 | 11.5";"9.3";"4.9 | 4.9";"3.7 | 5.1";"3 | 3.5";"2.1 | 2.2";"5.4";"6"
"Brazil";"BRA";"Paulista U20";"03-07-2026 15:00";"NS";"Capivariano U20";"";"";"Ituano U20";"";"";"66 | 70";"27 | 65";"";"57 | 51";"0.9 | 2.1";"62 | 56";"17.1 | 6.2";"2";"50 | 50";"0";"10 | 60";"60 | 30";"30 | 10";"30 | 70";"70 | 90";"40 | 70";"90 | 40";"0x0 | 1x1";"22";"0.8 | 1.9";"1.1 | 1";"2.4";"52 | 49";"10 | 8";"10 | 10";"13.7 | 11.7";"10.3 | 8.2";"7.6";"3.6 | 2.5";"4.6 | 4.7";"2.9 | 2.7";"3.8 | 2.9";"6.2";"6"
"Brazil";"BRA";"Paulista U20";"03-07-2026 15:00";"NS";"Flamengo SP U20";"";"";"XV de Jaú U20";"";"";"74 | 52";"37 | 37";"";"46 | 39";"1.7 | 1.4";"45 | 44";"7.4 | 9.9";"";"";"";"50 | 40";"20 | 20";"30 | 40";"57 | 47";"70 | 60";"80 | 80";"50 | 60";"1x0 | 0x1";"21.6";"1.1 | 1.1";"0.9 | 1.5";"2.3";"46 | 40";"7 | 12";"10 | 10";"8.1 | 10.9";"9 | 15.4";"8.8";"3.6 | 6.6";"3.6 | 3.8";"2.8 | 3.1";"2.4 | 3.7";"6";"6"
"Brazil";"BRA";"Paulista U20";"03-07-2026 15:00";"NS";"São Caetano U20";"";"";"União São João U20";"";"";"42 | 32";"34 | 24";"";"48 | 43";"0.9 | 0.3";"51 | 53";"8.5 | 14.1";"";"";"";"30 | 0";"0 | 30";"70 | 70";"30 | 10";"30 | 30";"100 | 70";"70 | 100";"2x1 | 2x1";"20.2";"1 | 0.7";"1.8 | 2.1";"2.8";"48 | 46";"12 | 10";"10 | 10";"8.5 | 9.9";"9 | 12.9";"8.6";"4.3 | 6.5";"3.3 | 3.1";"3.7 | 2.9";"2.9 | 2.4";"5.9";"6"
"Brazil";"BRA";"Paulista U20";"03-07-2026 15:00";"NS";"Ibrachina U20";"";"";"São Bernardo U20";"";"";"60 | 77";"75 | 54";"";"56 | 56";"2.1 | 1.8";"68 | 60";"5.5 | 7.4";"";"";"";"60 | 50";"30 | 30";"10 | 20";"70 | 60";"90 | 80";"70 | 70";"40 | 50";"2x1 | 0x1";"20.8";"2.2 | 1.6";"1.3 | 0.8";"3";"54 | 52";"2 | 5";"10 | 10";"12.1 | 11.8";"9.3 | 8.6";"8.1";"3.7 | 3.1";"4.6 | 4.8";"3.2 | 2.7";"2.7 | 3.1";"5.8";"6"
"Brazil";"BRA";"Paulista U20";"03-07-2026 15:00";"NS";"Santo André U20";"";"";"Paulinense U20";"";"";"60 | 70";"37 | 34";"";"52 | 48";"1 | 1.2";"60 | 48";"10.8 | 9.2";"";"";"";"20 | 25";"40 | 50";"40 | 25";"33 | 42";"60 | 75";"60 | 50";"80 | 75";"1x1 | 0x1";"19.8";"1.1 | 1";"1.3 | 1";"2.2";"50 | 45";"15 | 6";"10 | 4";"11.9 | 9.2";"9.8 | 8.8";"8.2";"4 | 4";"4.3 | 4.2";"2.3 | 3.2";"3 | 1.8";"5.2";"6"
"Brazil";"BRA";"Paulista U20";"03-07-2026 15:00";"NS";"Desportivo Brasil U20";"";"";"Bandeirante U20";"";"";"63 | 52";"37 | 17";"";"46 | 46";"1.5 | 0.9";"54 | 51";"8.5 | 15.8";"";"";"";"50 | 20";"0 | 30";"50 | 50";"50 | 30";"50 | 50";"100 | 70";"50 | 80";"1x0 | 0x0";"19.7";"1.1 | 0.5";"1.2 | 1.5";"2.2";"47 | 46";"4 | 7";"10 | 10";"9.4 | 7.9";"10.6 | 11.5";"7.2";"3.4 | 5.2";"3.6 | 2.3";"2.1 | 3.5";"3.2 | 3.1";"5.9";"6"
"Brazil";"BRA";"Paulista U20";"03-07-2026 15:00";"NS";"Jabaquara U20";"";"";"Itapirense U20";"";"";"32 | 10";"31 | 44";"";"41 | 46";"1 | 1";"49 | 54";"11.2 | 9.2";"";"";"";"30 | 30";"10 | 10";"60 | 60";"33 | 33";"40 | 40";"90 | 90";"70 | 70";"0x1 | 0x0";"24.4";"0.9 | 1.3";"2.1 | 2.7";"3.5";"42 | 49";"8 | 9";"10 | 10";"10.1 | 11.9";"14.2 | 12.6";"9.4";"5.6 | 5.7";"2.6 | 5.1";"2.6 | 3.6";"4.1 | 2.4";"6.4";"6"
"Brazil";"BRA";"Paulista U20";"03-07-2026 15:00";"NS";"Ferroviária U20";"";"";"Juventus U20";"";"";"88 | 63";"41 | 54";"";"50 | 57";"1.9 | 1.4";"54 | 61";"10.5 | 8.3";"5";"80 | 0";"20";"50 | 40";"40 | 20";"10 | 40";"63 | 47";"90 | 60";"60 | 80";"50 | 60";"0x0 | 2x0";"23.8";"1.2 | 1.6";"0.5 | 1.2";"2.2";"51 | 51";"2 | 1";"10 | 10";"12.6 | 13.3";"11.4 | 10.2";"9.2";"4.7 | 3.4";"5.1 | 5.3";"2.2 | 3.3";"1.9 | 2.1";"4.8";"6"
"Brazil";"BRA";"Paulista U20";"03-07-2026 15:00";"NS";"São Bento U20";"";"";"América SP U20";"";"";"14 | 4";"41 | 7";"";"49 | 39";"0.5 | 0.2";"57 | 47";"8.2 | 47";"";"";"";"10 | 0";"20 | 20";"70 | 80";"17 | 7";"30 | 20";"80 | 80";"90 | 100";"2x3 | 3x0";"24";"1.2 | 0.2";"2.6 | 2.9";"3.4";"47 | 44";"12 | 14";"10 | 10";"9.8 | 9.4";"12.1 | 16.8";"10.6";"5.7 | 7.8";"4.1 | 3.6";"2.6 | 2.7";"2.3 | 2.5";"5.1";"6"
"Brazil";"BRA";"Paulista U20";"03-07-2026 15:00";"NS";"Portuguesa Santista U20";"";"";"Portuguesa U20";"";"";"49 | 77";"31 | 41";"";"48 | 58";"0.9 | 1.7";"50 | 63";"11.1 | 11.1";"2";"100 | 0";"0";"20 | 50";"30 | 20";"50 | 30";"30 | 57";"50 | 70";"70 | 80";"80 | 50";"0x0 | 0x0";"20";"0.9 | 1.2";"1.6 | 0.8";"2.2";"50 | 56";"10 | 3";"10 | 10";"10 | 13.3";"10.2 | 6.4";"8";"3.9 | 2.9";"3.6 | 5.6";"2.8 | 3.6";"3.1 | 3.7";"6.6";"6"
"Brazil";"BRA";"Brasiliense U20";"03-07-2026 21:00";"NS";"Ceilândia U20";"";"";"Luziânia U20";"";"";"2 | 2";"44 | 44";"";"";"0.4 | 0.5";"";"";"";"";"";"10 | 10";"10 | 20";"80 | 70";"13 | 17";"20 | 30";"90 | 80";"90 | 90";"0x4 | 0x0";"";"1.3 | 1.3";"5 | 3.3";"5.4";"";"10 | 11";"10 | 10";"";"";"";"";"";"";"";"";"5.8"
"Brazil";"BRA";"Brasiliense U20";"03-07-2026 21:00";"NS";"Paranoá U20";"";"";"Real Brasília U20";"";"";"28 | 66";"54 | 100";"";"46 | 54";"1 | 1.9";"52 | 66";"4.4 | 4.5";"3";"0 | 67";"33";"30 | 60";"10 | 10";"60 | 30";"33 | 63";"40 | 70";"90 | 90";"70 | 40";"0x0 | 0x3";"22.8";"1.6 | 3.3";"2.2 | 1.1";"4.1";"46 | 52";"7 | 2";"10 | 10";"7 | 14.8";"12.5 | 11.2";"10.6";"5.5 | 4.8";"3.5 | 7.4";"3 | 2.3";"2.5 | 2";"4.9";"5.8"
"Brazil";"BRA";"Brasiliense U20";"03-07-2026 21:00";"NS";"ARUC U20";"";"";"Samambaia U20";"";"";"2 | 63";"10 | 41";"";"";"0 | 1.4";"";"";"2";"0 | 100";"0";"0 | 40";"0 | 20";"100 | 40";"0 | 47";"0 | 60";"100 | 80";"100 | 60";"0x1 | 0x1";"";"0.3 | 1.2";"4 | 1.2";"3.4";"";"11 | 4";"10 | 10";"";"";"";"";"";"";"";"";"5.8"
"Brazil";"BRA";"Cearense U20";"03-07-2026 09:30";"NS";"Juazeiro CE U20";"";"";"Ceará U20";"";"";"21 | 74";"71 | 71";"";"";"1.2 | 2.6";"";"";"";"";"";"40 | 80";"0 | 20";"60 | 0";"40 | 87";"40 | 100";"100 | 80";"60 | 20";"0x2 | 1x2";"";"2.1 | 2.1";"2.4 | 0.9";"3.8";"";"";"10 | 10";"";"";"";"";"";"";"";"";"6.4"
"Brazil";"BRA";"Cearense U20";"03-07-2026 15:30";"NS";"Tirol U20";"";"";"Aliança U20";"1.29";"7.63";"100 | 35";"71 | 44";"3";"60 | 30";"2 | 1.1";"48 | 22";"6.1 | 3.1";"";"";"";"50 | 30";"50 | 20";"0 | 50";"67 | 37";"100 | 50";"50 | 80";"50 | 70";"1x1 | 2x0";"20.5";"2.1 | 1.3";"0.3 | 2";"2.8";"56 | 40";"";"10 | 10";"13.6 | 4";"8.4 | 15";"7";"2.8 | 3";"6.8 | 1.5";"3 | 3.5";"3 | 3.5";"6.5";"6.4"
"Brazil";"BRA";"Cearense U20";"03-07-2026 21:00";"NS";"Juazeiro CE U20";"";"";"Tianguá U20";"";"";"21 | 49";"71 | 7";"";"";"1.2 | 0";"";"";"";"";"";"40 | 0";"0 | 0";"60 | 100";"40 | 0";"40 | 0";"100 | 100";"60 | 100";"0x2 | 1x0";"";"2.1 | 0.2";"2.4 | 1.6";"3.2";"";"";"10 | 5";"";"";"";"";"";"";"";"";"6.4"
"Brazil";"BRA";"Cearense U20";"03-07-2026 21:00";"NS";"Ceará U20";"";"";"Quixadá U20";"";"";"74 | 66";"71 | 31";"";"64 | 43";"2.6 | 1.4";"58 | 33";"7.9 | 8.9";"";"";"";"80 | 40";"20 | 20";"0 | 40";"87 | 47";"100 | 60";"80 | 80";"20 | 60";"2x1 | 1x0";"22.4";"2.1 | 0.9";"0.9 | 1.1";"2.5";"55 | 47";"";"10 | 10";"16.6 | 8";"7.7 | 12.7";"8.6";"3.2 | 4.9";"5 | 4";"3.7 | 3";"2.7 | 2.6";"5.9";"6.4"
"Brazil";"BRA";"Cearense U20";"03-07-2026 21:00";"NS";"Fortaleza U20";"";"";"Tirol U20";"";"";"49 | 100";"48 | 71";"";"49 | 60";"0.7 | 2";"50 | 48";"6.6 | 6.1";"";"";"";"20 | 50";"10 | 50";"70 | 0";"23 | 67";"30 | 100";"90 | 50";"80 | 50";"1x2 | 1x1";"23";"1.4 | 2.1";"1.6 | 0.3";"2.7";"48 | 56";"";"10 | 10";"9.4 | 13.6";"14.5 | 8.4";"8.6";"4.6 | 2.8";"3 | 6.8";"2.9 | 3";"3.5 | 3";"6.2";"6.4"
"Brazil";"BRA";"Cearense U20";"03-07-2026 21:00";"NS";"Horizonte U20";"";"";"Ferroviário U20";"";"";"49 | 35";"54 | 17";"";"39 | 44";"1.3 | 0.9";"45 | 47";"3.8 | 16.6";"";"";"";"40 | 20";"10 | 30";"50 | 50";"43 | 30";"50 | 50";"90 | 70";"60 | 80";"1x2 | 0x0";"22.5";"1.6 | 0.5";"1.6 | 2";"2.8";"41 | 52";"";"10 | 10";"6 | 8.3";"17 | 13.7";"8";"6 | 5";"1.7 | 3.3";"3 | 3.8";"4 | 3.2";"7";"6.4"
"Brazil";"BRA";"Cearense U20";"03-07-2026 21:00";"POSTPONED";"Aliança U20";"";"";"Vila Real U20";"";"";"35 | 77";"44 | 75";"";"";"1.1 | 1.6";"";"";"";"";"";"30 | 40";"20 | 40";"50 | 20";"37 | 53";"50 | 80";"80 | 60";"70 | 60";"0x2 | 0x0";"";"1.3 | 2.2";"2 | 0.8";"3.2";"";"";"10 | 5";"";"";"";"";"";"";"";"";"6.4"
"Brazil";"BRA";"Cearense U20";"03-07-2026 21:00";"POSTPONED";"Atlético Cearense U20";"";"";"Anjos do Céu U20";"";"";"77 | 14";"24 | 37";"";"52 | 37";"1.4 | 1.2";"57 | 34";"16 | 8.2";"";"";"";"40 | 40";"20 | 0";"40 | 60";"47 | 40";"60 | 40";"80 | 100";"60 | 60";"1x0 | 1x2";"19.5";"0.7 | 1.1";"0.8 | 2.6";"2.6";"46 | 38";"";"10 | 10";"11.2 | 9";"9.8 | 9";"7.8";"3.2 | 4";"4.8 | 3.7";"3.2 | 2.3";"3 | 3.7";"6.1";"6.4"
"Brazil";"BRA";"Cearense U20";"03-07-2026 21:00";"POSTPONED";"Floresta CE U20";"";"";"Caucaia U20";"";"";"77 | 63";"51 | 31";"";"42 | 46";"1.7 | 1.4";"43 | 44";"6.7 | 11.3";"";"";"";"50 | 40";"20 | 20";"30 | 40";"57 | 47";"70 | 60";"80 | 80";"50 | 60";"1x0 | 0x0";"24.6";"1.5 | 0.9";"0.8 | 1.2";"2.2";"53 | 50";"";"10 | 10";"10 | 10.2";"15.8 | 13.2";"8.6";"6.5 | 3.8";"4.2 | 2.7";"3 | 3.7";"2.8 | 3.5";"6.5";"6.4"
"Chile";"CHI";"Tercera A";"03-07-2026 21:00";"NS";"Chimbarongo";"";"";"Naval";"";"";"42 | 63";"34 | 51";"";"48 | 51";"0.9 | 1.4";"42 | 48";"10.9 | 6.7";"2";"0 | 100";"0";"20 | 40";"30 | 20";"50 | 40";"30 | 47";"50 | 60";"70 | 80";"80 | 60";"1x1 | 2x1";"23.4";"1 | 1.5";"1.8 | 1.2";"2.8";"44 | 51";"12 | 6";"10 | 10";"10.9 | 10";"13.6 | 12.3";"9.5";"4.9 | 5";"5.1 | 4";"3.9 | 2.6";"3.2 | 3.6";"6.6";"6.1"
"Chile";"CHI";"Tercera A";"03-07-2026 21:00";"NS";"Malleco Unido";"";"";"Deportes Rancagua";"";"";"77 | 60";"61 | 41";"";"50 | 53";"2.1 | 1.1";"46 | 49";"7.1 | 13.4";"";"";"";"60 | 30";"30 | 20";"10 | 50";"70 | 37";"90 | 50";"70 | 80";"40 | 70";"1x0 | 2x1";"26.4";"1.8 | 1.2";"0.8 | 1.3";"2.6";"48 | 49";"3 | 9";"10 | 10";"12.8 | 16.1";"10.3 | 13.4";"11.3";"3.7 | 6.1";"5.3 | 7.4";"2 | 2.5";"3.3 | 2.6";"5.2";"6.1"
"Chile";"CHI";"Tercera A";"03-07-2026 21:00";"NS";"Imperial Unido";"";"";"Municipal Puente Alto";"";"";"42 | 46";"48 | 37";"";"50 | 47";"1 | 0.7";"54 | 47";"11.6 | 10.2";"4";"75 | 25";"0";"30 | 10";"10 | 40";"60 | 50";"33 | 23";"40 | 50";"90 | 60";"70 | 90";"0x1 | 0x0";"26.7";"1.4 | 1.1";"1.8 | 1.7";"3";"46 | 49";"10 | 14";"10 | 10";"16.2 | 11.2";"13.5 | 12.4";"13";"6 | 6.1";"7 | 7";"4.1 | 3";"2.7 | 3.2";"6.5";"6.1"
"Chile";"CHI";"Tercera A";"03-07-2026 21:00";"NS";"Rodelindo Román";"";"";"Constitución Unido";"";"";"46 | 52";"37 | 65";"";"49 | 51";"1 | 1.4";"50 | 55";"10 | 7.9";"";"";"";"20 | 40";"40 | 20";"40 | 40";"33 | 47";"60 | 60";"60 | 80";"80 | 60";"1x1 | 1x0";"26.8";"1.1 | 1.9";"1.7 | 1.5";"3.1";"52 | 53";"11 | 8";"10 | 10";"11 | 15";"15.5 | 12.1";"12.1";"7 | 5.6";"4.7 | 7";"2.9 | 3.6";"3 | 2.9";"6.2";"6.1"
"Chile";"CHI";"Tercera A";"03-07-2026 21:00";"NS";"Quintero Unido";"";"";"Aguará";"";"";"70 | 74";"65 | 37";"";"49 | 46";"1.8 | 1.4";"40 | 42";"5.5 | 9.1";"2";"50 | 50";"0";"50 | 30";"30 | 50";"20 | 20";"60 | 47";"80 | 80";"70 | 50";"50 | 70";"4x1 | 1x1";"21.6";"1.9 | 1.1";"1 | 0.9";"2.4";"55 | 55";"1 | 4";"10 | 10";"10.5 | 10";"10.5 | 12.1";"9.6";"5.3 | 5.3";"4.3 | 4.1";"3.1 | 3.4";"3.7 | 2.9";"6.6";"6.1"
"Chile";"CHI";"Tercera A";"03-07-2026 21:00";"NS";"Lautaro de Buin";"";"";"Comunal Cabrero";"";"";"74 | 63";"51 | 58";"";"54 | 59";"2.1 | 1.9";"50 | 56";"10.1 | 9.2";"2";"100 | 0";"0";"60 | 60";"30 | 10";"10 | 30";"70 | 63";"90 | 70";"70 | 90";"40 | 40";"1x0 | 0x1";"26.2";"1.5 | 1.7";"0.9 | 1.2";"2.6";"50 | 51";"2 | 5";"10 | 10";"15.2 | 15.7";"11.2 | 10.5";"11.8";"6.2 | 3.8";"7.8 | 5.7";"2.2 | 2.4";"3.8 | 2.8";"5.6";"6.1"
"Chile";"CHI";"Tercera A";"03-07-2026 21:00";"NS";"Atlético Oriente";"";"";"Futuro";"";"";"35 | 42";"48 | 34";"";"55 | 41";"1.5 | 0.9";"62 | 36";"9.8 | 6.5";"";"";"";"50 | 20";"0 | 30";"50 | 50";"50 | 30";"50 | 50";"100 | 70";"50 | 80";"2x1 | 0x0";"24";"1.4 | 1";"2 | 1.8";"3.1";"54 | 46";"7 | 13";"10 | 10";"13.7 | 6.5";"14.7 | 13.3";"10.2";"7.8 | 5.2";"4.8 | 2.7";"2.9 | 2";"1.9 | 1.6";"4.2";"6.1"
"China";"CHN";"Super League";"03-07-2026 09:00";"NS";"Yunnan Yukun";"";"";"Henan Songshan Longmen";"2.42";"2.63";"46 | 60";"65 | 44";"5";"47 | 55";"1.5 | 1.6";"50 | 47";"5.3 | 7.6";"3";"33 | 33";"33";"40 | 50";"30 | 10";"30 | 40";"50 | 53";"70 | 60";"70 | 90";"60 | 50";"0x0 | 1x2";"22.4";"1.9 | 1.3";"1.7 | 1.3";"3.1";"52 | 54";"5 | 13";"10 | 10";"12.4 | 11.3";"12.3 | 8.8";"8.4";"4.7 | 3.6";"4.6 | 3.9";"1.9 | 1.4";"1.9 | 2.2";"3.7";"4.4"
"Ecuador";"ECU";"Liga Pro Serie B";"03-07-2026 15:00";"NS";"Deportivo Cuenca Juniors";"";"";"San Antonio";"";"";"49 | 63";"34 | 41";"";"47 | 49";"0.9 | 1.3";"43 | 44";"10.2 | 9.1";"";"";"";"20 | 30";"30 | 40";"50 | 30";"30 | 43";"50 | 70";"70 | 60";"80 | 70";"0x0 | 1x1";"22.5";"1 | 1.2";"1.6 | 1.2";"2.5";"47 | 52";"6 | 7";"10 | 10";"10.2 | 10.9";"11.8 | 12.1";"7.3";"3.6 | 4.2";"3.6 | 3.1";"2.4 | 2.4";"2.5 | 1.8";"4.5";"4.9"
"Ecuador";"ECU";"Superliga Femenina";"03-07-2026 17:30";"NS";"Carneras W";"";"";"Emelec W";"";"";"42 | 2";"27 | 17";"";"47 | 30";"1.2 | 0.4";"40 | 28";"12.5 | 10.6";"";"";"";"40 | 10";"0 | 10";"60 | 80";"40 | 13";"40 | 20";"100 | 90";"60 | 90";"1x0 | 1x0";"24.8";"0.8 | 0.5";"1.8 | 5.5";"4.3";"51 | 40";"6 | 8";"10 | 10";"10 | 5.3";"12.8 | 21.3";"11.6";"4.8 | 11";"4.8 | 2.7";"1.3 | 2";"1.4 | 1";"2.8";"3.1"
"Ecuador";"ECU";"Superliga Femenina";"03-07-2026 18:00";"NS";"El Nacional W";"";"";"Espuce W";"";"";"2 | 14";"27 | 24";"";"31 | 43";"0 | 0.3";"35 | 40";"7.1 | 12.6";"3";"0 | 67";"33";"0 | 10";"0 | 0";"100 | 90";"0 | 10";"0 | 10";"100 | 100";"100 | 90";"1x3 | 5x0";"25.1";"0.8 | 0.7";"4.2 | 2.6";"4.2";"48 | 43";"10 | 9";"10 | 10";"5.7 | 8.8";"21.3 | 14.4";"12.8";"11.9 | 5.6";"3.4 | 4.6";"1 | 1.6";"0.9 | 2.2";"2.8";"3.1"
"Estonia";"EST";"Meistriliiga";"03-07-2026 13:00";"NS";"Nõmme United";"";"";"Nõmme Kalju";"4.89";"1.49";"14 | 66";"54 | 41";"2";"44 | 54";"1.2 | 1.2";"53 | 56";"6.4 | 10.3";"5";"0 | 60";"40";"40 | 30";"0 | 30";"60 | 40";"40 | 40";"40 | 60";"100 | 70";"60 | 70";"2x1 | 1x1";"24.6";"1.6 | 1.2";"2.6 | 1.1";"3.2";"45 | 52";"7 | 3";"10 | 10";"10.2 | 12.4";"15.7 | 11";"9.4";"5.7 | 4";"4.2 | 4.9";"2 | 2.9";"1.6 | 2.3";"4.4";"4.5"
"Estonia";"EST";"Esiliiga A";"03-07-2026 14:30";"NS";"Tallinna Kalev";"";"";"Maardu";"";"";"42 | 52";"71 | 41";"";"49 | 48";"1.4 | 1.5";"61 | 62";"6.5 | 11.6";"10";"30 | 20";"50";"40 | 40";"20 | 30";"40 | 30";"47 | 50";"60 | 70";"80 | 70";"60 | 60";"1x3 | 1x2";"26.8";"2.1 | 1.2";"1.8 | 1.5";"3.3";"49 | 46";"5 | 6";"10 | 10";"13.6 | 13.9";"13.6 | 12.6";"10.6";"5 | 5.3";"5.9 | 5";"2.4 | 3.2";"2 | 2";"4.8";"4.4"
"Ethiopia";"ETH";"Premier League";"03-07-2026 07:00";"NS";"Ethiopia Nigd Bank";"";"";"Bahardar";"2.88";"2.50";"70 | 80";"27 | 20";"5";"48 | 50";"1.2 | 1.1";"44 | 52";"7 | 12.3";"5";"20 | 20";"60";"30 | 20";"30 | 50";"40 | 30";"40 | 37";"60 | 70";"70 | 50";"70 | 80";"0x0 | 0x0";"12.6";"0.8 | 0.6";"1 | 0.7";"1.6";"50 | 51";"14 | 11";"10 | 10";"5.6 | 7.4";"5.7 | 6.6";"5";"2.1 | 2.9";"2.3 | 2.7";"2.3 | 2.3";"2.1 | 1.9";"4.3";"4.7"
"Ethiopia";"ETH";"Premier League";"03-07-2026 10:00";"NS";"Welayta Dicha";"";"";"Ethiopia Bunna";"";"";"100 | 66";"34 | 41";"";"52 | 56";"1.9 | 1.2";"56 | 61";"8.7 | 7.4";"10";"20 | 40";"40";"50 | 30";"40 | 30";"10 | 40";"63 | 40";"90 | 60";"60 | 70";"50 | 70";"0x0 | 1x0";"13.9";"1 | 1.2";"0.4 | 1.1";"1.8";"47 | 52";"9 | 8";"10 | 10";"8.9 | 8.9";"4.6 | 5.4";"4.8";"1.6 | 2.2";"3 | 2.9";"1.6 | 2.7";"2.1 | 2.6";"4.5";"4.7"
"Ethiopia";"ETH";"Premier League";"03-07-2026 10:00";"NS";"Mechal FC";"";"";"Hadiya Hosaena";"";"";"74 | 84";"31 | 24";"";"58 | 47";"1.3 | 1.4";"58 | 43";"9.6 | 8.7";"9";"44 | 33";"22";"30 | 30";"40 | 50";"30 | 20";"43 | 47";"70 | 80";"60 | 50";"70 | 70";"1x0 | 1x1";"14.2";"0.9 | 0.7";"0.9 | 0.6";"1.6";"58 | 46";"3 | 12";"10 | 10";"8.6 | 6.1";"6 | 7.6";"5.4";"2.6 | 2.7";"3.1 | 2.4";"2 | 3.4";"2.2 | 2.5";"5.1";"4.7"
"Fiji";"FIJ";"National Football League";"03-07-2026 22:30";"NS";"Labasa";"";"";"Nadroga";"";"";"70 | 46";"61 | 51";"";"60 | 57";"2 | 1.1";"56 | 43";"4.4 | 6.2";"10";"70 | 10";"20";"50 | 30";"50 | 20";"0 | 50";"67 | 37";"100 | 50";"50 | 80";"50 | 70";"2x1 | 0x0";"14.5";"1.8 | 1.5";"1 | 1.7";"3";"57 | 48";"2 | 9";"10 | 10";"8 | 9.3";"4.3 | 7.3";"8.8";"2.7 | 4.3";"5 | 5.7";"2.2 | 1.2";"2.2 | 1.8";"3.8";"3.6"
"Finland";"FIN";"Ykkösliiga";"03-07-2026 12:30";"NS";"JäPS";"";"";"SJK Akatemia";"1.83";"3.64";"49 | 46";"34 | 10";"1";"44 | 48";"1.2 | 0.5";"45 | 53";"8.5 | 29.3";"10";"30 | 40";"30";"40 | 10";"0 | 20";"60 | 70";"40 | 17";"40 | 30";"100 | 80";"60 | 90";"0x1 | 2x0";"21.7";"1 | 0.3";"1.6 | 1.7";"2.3";"49 | 52";"6 | 10";"10 | 10";"8.5 | 8.8";"13.3 | 12.8";"9.1";"5.9 | 5.9";"3.3 | 3.2";"2.1 | 2";"1.7 | 1.4";"3.6";"3.9"
"Finland";"FIN";"Ykkösliiga";"03-07-2026 12:30";"NS";"KTP";"";"";"JIPPO";"1.96";"3.54";"70 | 84";"58 | 41";"1";"54 | 57";"2.4 | 1.6";"56 | 53";"7.9 | 8.9";"10";"40 | 20";"40";"80 | 40";"0 | 40";"20 | 20";"80 | 53";"80 | 80";"100 | 60";"20 | 60";"1x0 | 0x0";"19.2";"1.7 | 1.2";"1 | 0.6";"2.2";"50 | 53";"1 | 4";"10 | 10";"13.4 | 10.7";"7 | 7.2";"8";"3.4 | 2.2";"5.9 | 4.6";"1.8 | 1.4";"2.4 | 2.7";"4.2";"3.9"
"Finland";"FIN";"Kakkonen";"03-07-2026 12:30";"NS";"GrIFK";"";"";"NJS";"1.30";"6.50";"42 | 2";"41 | 20";"3";"49 | 37";"1.2 | 0.1";"57 | 37";"10.3 | 9.8";"4";"25 | 0";"75";"30 | 0";"30 | 10";"40 | 90";"40 | 3";"60 | 10";"70 | 90";"70 | 100";"1x0 | 0x0";"21";"1.2 | 0.6";"1.8 | 3.1";"3.4";"48 | 44";"6 | 10";"10 | 10";"12.3 | 5.9";"10.3 | 13.6";"9";"4 | 6.8";"5.2 | 2.1";"2.9 | 2.1";"3.6 | 2.1";"5.3";"4.3"
"Finland";"FIN";"Kolmonen - Eastern Group";"03-07-2026 12:30";"NS";"KoPa";"";"";"STPS";"";"";"38 | 35";"37 | 37";"";"";"1.3 | 0.7";"";"";"4";"25 | 25";"50";"40 | 20";"10 | 10";"50 | 70";"43 | 23";"50 | 30";"90 | 90";"60 | 80";"0x4 | 1x0";"";"1.1 | 1.1";"1.9 | 2";"3";"";"8 | 10";"10 | 10";"";"";"";"";"";"";"";"";"2.8"
"Finland";"FIN";"Kolmonen - Eastern Group";"03-07-2026 12:30";"NS";"MP II";"";"";"HaPK";"";"";"32 | 46";"65 | 85";"";"55 | 43";"0.9 | 1.9";"66 | 53";"12.4 | 6.3";"4";"25 | 75";"0";"30 | 60";"0 | 10";"70 | 30";"30 | 63";"30 | 70";"100 | 90";"70 | 40";"1x3 | 0x0";"40.4";"1.9 | 2.5";"2.1 | 1.7";"4.1";"60 | 47";"9 | 5";"10 | 10";"23.6 | 15.7";"18.2 | 23.3";"17.8";"5.4 | 12.3";"8.6 | 9.3";"1.5 | 2.3";"1.3 | 2.3";"3.8";"2.8"
"Finland";"FIN";"Kolmonen - Western Group";"03-07-2026 12:30";"NS";"Leki";"";"";"Haka Juniorit";"";"";"14 | 38";"54 | 82";"";"47 | 48";"1.2 | 1.5";"57 | 57";"10.6 | 5.9";"";"";"";"40 | 50";"0 | 0";"60 | 50";"40 | 50";"40 | 50";"100 | 100";"60 | 50";"2x1 | 1x3";"31.8";"1.6 | 2.4";"2.6 | 1.9";"4.2";"48 | 49";"7 | 6";"10 | 10";"16.9 | 14.2";"15.4 | 17";"15";"7.9 | 7.2";"7.9 | 7.2";"1.4 | 2.3";"1 | 1.5";"3.1";"3.4"
"Finland";"FIN";"Kolmonen - Western Group";"03-07-2026 13:00";"NS";"ACE";"";"";"TP-T";"";"";"2 | 32";"51 | 54";"";"39 | 47";"0.4 | 0.8";"42 | 44";"6 | 5.9";"10";"40 | 60";"0";"10 | 20";"10 | 20";"80 | 60";"13 | 27";"20 | 40";"90 | 80";"90 | 80";"1x2 | 2x2";"23.2";"1.5 | 1.6";"3.2 | 2.1";"4.2";"44 | 50";"11 | 9";"10 | 10";"9 | 9.4";"15.3 | 12.9";"10.5";"7.1 | 6.5";"3 | 4.4";"1.6 | 2.4";"1.8 | 2.2";"4";"3.4"
"Finland";"FIN";"Kolmonen - Western Group";"03-07-2026 13:00";"NS";"FC Sääripotku";"";"";"Kiisto";"";"";"2 | 52";"14 | 95";"";"19 | 52";"0.1 | 2";"21 | 52";"10 | 4.2";"6";"0 | 83";"17";"0 | 60";"10 | 20";"90 | 20";"3 | 67";"10 | 80";"90 | 80";"100 | 40";"0x5 | 0x2";"25.7";"0.4 | 2.8";"5.1 | 1.5";"4.9";"39 | 50";"12 | 2";"10 | 10";"4 | 11.8";"25.3 | 10.4";"13.1";"14.7 | 4.5";"1.3 | 5.8";"0.7 | 1.1";"0 | 1.2";"1.5";"3.4"
"Finland";"FIN";"Kolmonen - Southern Group";"03-07-2026 12:00";"NS";"NuPS";"";"";"GrIFK U23";"";"";"56 | 32";"61 | 68";"";"54 | 54";"1.3 | 1.1";"49 | 59";"6 | 6.4";"6";"50 | 33";"17";"30 | 30";"40 | 20";"30 | 50";"43 | 37";"70 | 50";"60 | 80";"70 | 70";"2x0 | 2x1";"20.4";"1.8 | 2";"1.4 | 2.1";"3.6";"48 | 51";"5 | 8";"10 | 10";"10.8 | 12.8";"6.6 | 10.7";"10.1";"3.2 | 5.3";"5.9 | 5.9";"2.9 | 1.6";"1.8 | 2.1";"4.2";"3.6"
"Finland";"FIN";"Kolmonen - Southern Group";"03-07-2026 13:15";"NS";"EsPa";"";"";"LePa";"";"";"66 | 38";"95 | 65";"";"60 | 47";"2.2 | 1.7";"61 | 54";"4.1 | 5.6";"2";"0 | 0";"100";"70 | 50";"10 | 20";"20 | 30";"73 | 57";"80 | 70";"90 | 80";"30 | 50";"0x1 | 1x3";"20.4";"2.8 | 1.9";"1.1 | 1.9";"3.8";"56 | 46";"2 | 4";"10 | 10";"11.6 | 10.6";"7.4 | 11.1";"10.7";"3.5 | 5";"7.1 | 5.8";"1.8 | 1.4";"2.1 | 1.5";"3.4";"3.6"
"Finland";"FIN";"Kolmonen - Southern Group";"03-07-2026 13:30";"NS";"ToTe";"";"";"Töölön Taisto";"";"";"60 | 10";"82 | 68";"";"60 | 47";"1.9 | 1.1";"63 | 47";"4.7 | 4.2";"4";"100 | 0";"0";"60 | 20";"10 | 50";"30 | 30";"63 | 37";"70 | 70";"90 | 50";"40 | 80";"2x0 | 2x2";"18.5";"2.4 | 2";"1.3 | 2.7";"4.2";"55 | 44";"4 | 9";"10 | 10";"11.2 | 8.3";"6.9 | 10.5";"9.8";"4 | 5.6";"6.2 | 3.9";"1.1 | 2.3";"2.2 | 2.9";"4.3";"3.6"
"Finland";"FIN";"Kolmonen - Southern Group";"03-07-2026 14:00";"CANCELLED";"MK-United";"";"";"Ponnistus";"";"";"38 | 2";"68 | 48";"";"53 | 45";"1.2 | 0.8";"59 | 40";"4.7 | 5.6";"";"";"";"30 | 20";"30 | 20";"40 | 60";"40 | 27";"60 | 40";"70 | 80";"70 | 80";"2x2 | 3x1";"17";"2 | 1.4";"1.9 | 3.2";"4.2";"48 | 48";"9 | 10";"10 | 10";"9.4 | 7.8";"6.6 | 10.2";"8.8";"3.3 | 5.8";"3.6 | 4.8";"2.4 | 2.4";"1.9 | 2.8";"4.8";"3.6"
"Finland";"FIN";"Kolmonen - Southern Group";"03-07-2026 14:00";"NS";"EPS II";"";"";"PPJ / Ruoholahti";"";"";"0 | 7";"54 | 44";"";"47 | 45";"0.9 | 0.9";"59 | 40";"5.4 | 6.1";"2";"50 | 50";"0";"20 | 20";"30 | 30";"50 | 50";"30 | 30";"50 | 50";"70 | 70";"80 | 80";"0x0 | 0x0";"21.2";"1.6 | 1.3";"3 | 2.8";"4.4";"55 | 52";"11 | 12";"10 | 10";"8.6 | 7.9";"14 | 11.8";"11.1";"6.6 | 7.3";"4.6 | 3.7";"1.4 | 1";"1.6 | 1.1";"2.6";"3.6"
"Faroe Islands";"FRO";"1. Deild";"03-07-2026 21:00";"NS";"B36 II";"";"";"Hoyvik";"";"";"28 | 0";"71 | 54";"";"58 | 38";"1.3 | 0.9";"69 | 53";"6.7 | 3.9";"10";"40 | 30";"30";"40 | 30";"10 | 0";"50 | 70";"43 | 30";"50 | 30";"90 | 100";"60 | 70";"1x2 | 0x1";"19.7";"2.1 | 1.6";"2.2 | 3";"4.4";"57 | 39";"5 | 9";"10 | 10";"14 | 6.2";"7.6 | 11.5";"8.9";"4.6 | 4.5";"6.4 | 2.2";"1.6 | 2.5";"2.3 | 2";"4.2";"4.2"
"Faroe Islands";"FRO";"1. Deild";"03-07-2026 21:00";"NS";"B71";"";"";"HB II";"";"";"80 | 70";"100 | 41";"";"59 | 56";"2.8 | 1.4";"87 | 76";"4.9 | 12.2";"10";"70 | 10";"20";"90 | 40";"10 | 20";"0 | 40";"93 | 47";"100 | 60";"90 | 80";"10 | 60";"2x1 | 1x0";"22.8";"3 | 1.2";"0.7 | 1";"3";"60 | 52";"1 | 7";"10 | 10";"14.7 | 14.6";"6.1 | 10";"9.8";"2.1 | 4.2";"6.7 | 6.4";"2.6 | 1.4";"2.6 | 1.4";"4";"4.2"
"Faroe Islands";"FRO";"1. Deild";"03-07-2026 21:00";"NS";"NSÍ II";"";"";"Suduroy";"";"";"56 | 42";"41 | 88";"";"";"1.3 | 1.6";"";"";"10";"10 | 60";"30";"40 | 50";"10 | 10";"50 | 40";"43 | 53";"50 | 60";"90 | 90";"60 | 50";"0x1 | 0x2";"";"1.2 | 2.6";"1.4 | 1.8";"3.5";"";"6 | 3";"10 | 10";"";"";"";"";"";"";"";"";"4.2"
"Faroe Islands";"FRO";"Meistaradeildin";"03-07-2026 15:00";"NS";"NSÍ";"";"";"KÍ";"2.82";"2.20";"56 | 63";"75 | 65";"5";"52 | 59";"1.9 | 1.8";"58 | 71";"4.7 | 7.8";"10";"10 | 80";"10";"60 | 50";"10 | 30";"30 | 20";"63 | 60";"70 | 80";"90 | 70";"40 | 50";"1x0 | 1x2";"21.8";"2.2 | 1.9";"1.4 | 1.2";"3.4";"50 | 59";"1 | 2";"10 | 10";"10.4 | 14.8";"9.7 | 8.8";"10.1";"4.8 | 3.9";"5.2 | 6.3";"0.9 | 2.2";"1.7 | 1.7";"3.2";"3.9"
"Germany";"GER";"Reg. Cup Bayern";"03-07-2026 13:30";"NS";"Neumarkt Germany";"";"";"Fortuna Regensburg";"";"";"25 | 35";"61 | 68";"";"";"1.3 | 1.4";"";"";"5";"20 | 40";"40";"40 | 40";"10 | 20";"50 | 40";"43 | 47";"50 | 60";"90 | 80";"60 | 60";"0x2 | 2x2";"";"1.8 | 2";"2.3 | 2";"4";"";"";"10 | 10";"";"";"";"";"";"";"";"";""
"Germany";"GER";"Reg. Cup Bayern";"03-07-2026 14:00";"NS";"1880 Wasserburg";"";"";"Erlbach";"";"";"84 | 56";"68 | 34";"";"";"2.2 | 1.3";"";"";"";"";"";"70 | 40";"10 | 10";"20 | 50";"73 | 43";"80 | 50";"90 | 90";"30 | 60";"2x0 | 2x0";"";"2 | 1";"0.6 | 1.4";"2.5";"";"";"10 | 10";"";"";"";"";"";"";"";"";""
"Iran";"IRN";"Azadegan League";"03-07-2026 13:00";"NS";"Naft Gachsaran";"";"";"Kara Gostar";"1.99";"3.88";"60 | 70";"31 | 34";"1";"45 | 63";"1.3 | 1";"36 | 62";"2.2 | 11.5";"";"";"";"30 | 0";"40 | 100";"30 | 0";"43 | 33";"70 | 100";"60 | 0";"70 | 100";"1x1 | 1x1";"14.2";"0.9 | 1";"1.3 | 1";"2.1";"50 | 54";"12 | 14";"10 | 3";"2 | 11.5";"7 | 8";"7.2";"2.5 | 4.5";"0.5 | 7";"2 | 3.5";"1.5 | 2";"4.5";"4.5"
"Iran";"IRN";"Azadegan League";"03-07-2026 13:00";"NS";"Shenavarsazi Qeshm";"";"";"Mes Shahr-e Babak";"";"";"70 | 100";"27 | 44";"";"44 | 57";"1.2 | 2";"44 | 50";"6.9 | 6.8";"";"";"";"30 | 60";"30 | 20";"40 | 20";"40 | 67";"60 | 80";"70 | 80";"70 | 40";"0x2 | 0x1";"15.2";"0.8 | 1.3";"1 | 0.2";"1.6";"46 | 51";"13 | 2";"10 | 10";"5.5 | 8.8";"10 | 6";"7.4";"5.5 | 2.8";"2.5 | 4";"1.5 | 1.3";"2 | 1.9";"3.4";"4.5"
"Iran";"IRN";"Azadegan League";"03-07-2026 13:00";"NS";"Nassaji Mazandaran";"";"";"Havadar";"1.58";"6.15";"100 | 100";"54 | 31";"1";"64 | 59";"2.4 | 1.8";"62 | 38";"7.3 | 6.9";"9";"33 | 0";"67";"70 | 40";"30 | 60";"0 | 0";"80 | 60";"100 | 100";"70 | 40";"30 | 60";"2x0 | 0x0";"13.2";"1.6 | 0.9";"0.3 | 0.2";"1.5";"58 | 53";"1 | 6";"10 | 10";"11.7 | 4.6";"4.2 | 6";"5.9";"1.3 | 1.4";"5.5 | 3.6";"2 | 2.2";"2.3 | 1.6";"4";"4.5"
"Iran";"IRN";"Azadegan League";"03-07-2026 13:00";"NS";"Damash Gilanian";"";"";"Ario Eslamshahr";"5.74";"1.55";"32 | 100";"14 | 17";"2";"35 | 55";"0.5 | 1.4";"27 | 34";"16 | 11.4";"5";"20 | 60";"20";"10 | 30";"20 | 50";"70 | 20";"17 | 47";"30 | 80";"80 | 50";"90 | 70";"0x1 | 0x0";"12.6";"0.4 | 0.5";"2.1 | 0.3";"1.6";"40 | 55";"18 | 10";"10 | 10";"5.8 | 5.7";"10.2 | 3.5";"6.7";"7 | 1.2";"2.6 | 2.7";"1.4 | 3";"1.6 | 1.8";"3.9";"4.5"
"Iran";"IRN";"Azadegan League";"03-07-2026 13:00";"NS";"Navad Urmia";"";"";"Sanat Naft";"8.00";"1.44";"42 | 77";"3 | 20";"2";"24 | 51";"0.5 | 1.3";"18 | 33";"13 | 9.7";"";"";"";"10 | 30";"20 | 40";"70 | 30";"17 | 43";"30 | 70";"80 | 60";"90 | 70";"0x2 | 0x0";"11.6";"0.1 | 0.6";"1.8 | 0.8";"1.6";"44 | 48";"17 | 3";"10 | 10";"1.3 | 5.8";"11 | 5";"3.6";"3.3 | 2.2";"0.3 | 1.2";"2.3 | 1.5";"0.7 | 1.5";"3";"4.5"
"Iran";"IRN";"Azadegan League";"03-07-2026 13:00";"NS";"Be'sat Kermanshah";"";"";"Fard Alborz";"";"";"80 | 80";"27 | 44";"";"46 | 44";"1.2 | 1.6";"38 | 514";"7.5 | 4.3";"";"";"";"30 | 50";"30 | 10";"40 | 40";"40 | 53";"60 | 60";"70 | 90";"70 | 50";"0x0 | 1x0";"14.1";"0.8 | 1.3";"0.7 | 0.7";"1.8";"48 | 52";"11 | 7";"10 | 10";"6 | 5.6";"10 | 6.6";"6";"4.5 | 2.2";"2.5 | 2.8";"2.5 | 2";"3.5 | 2.4";"5.2";"4.5"
"Iran";"IRN";"Azadegan League";"03-07-2026 13:00";"NS";"Mes Kerman";"";"";"Naft Bandar Abbas";"";"";"84 | 88";"24 | 20";"";"52 | 48";"1.2 | 1.3";"44 | 34";"11.7 | 5.8";"3";"0 | 0";"100";"20 | 30";"60 | 40";"20 | 30";"40 | 43";"80 | 70";"40 | 60";"80 | 70";"0x0 | 0x0";"10.8";"0.7 | 0.6";"0.6 | 0.5";"1.2";"50 | 42";"8 | 9";"10 | 10";"8.2 | 3.5";"4.4 | 5.5";"4.6";"2.6 | 2";"4.1 | 0.5";"2.4 | 0.5";"2.5 | 1.5";"3.4";"4.5"
"Iceland";"ISL";"Besta deild";"03-07-2026 16:15";"NS";"FH";"";"";"Stjarnan";"2.31";"2.46";"10 | 35";"44 | 61";"5";"44 | 52";"0.6 | 1.1";"51 | 57";"6.4 | 7";"10";"10 | 70";"20";"10 | 30";"30 | 20";"60 | 50";"20 | 37";"40 | 50";"70 | 80";"90 | 70";"0x5 | 1x3";"28.8";"1.3 | 1.8";"2.7 | 2";"3.9";"43 | 56";"11 | 8";"10 | 10";"11.5 | 14.9";"15.9 | 15.3";"10.9";"5.6 | 5.7";"3.9 | 6.6";"2.1 | 3.5";"2.1 | 2.2";"5";"4.3"
"Iceland";"ISL";"Inkasso-Deildin";"03-07-2026 16:15";"NS";"Grótta";"";"";"HK";"3.62";"1.74";"38 | 42";"75 | 48";"2";"48 | 51";"1.7 | 1.3";"58 | 59";"6.2 | 8.9";"10";"20 | 70";"10";"50 | 40";"20 | 10";"30 | 50";"57 | 43";"70 | 50";"80 | 90";"50 | 60";"1x0 | 2x0";"25.6";"2.2 | 1.4";"1.9 | 1.8";"3.6";"48 | 49";"8 | 5";"10 | 10";"13.7 | 12.4";"14.1 | 10.9";"12.3";"7 | 4.6";"7.2 | 5.8";"1.9 | 3.1";"1.6 | 2.4";"4.5";"3.9"
"Iceland";"ISL";"Inkasso-Deildin";"03-07-2026 16:15";"NS";"ÍR";"";"";"Afturelding";"3.02";"1.99";"18 | 56";"54 | 100";"2";"51 | 51";"0.8 | 2.4";"57 | 53";"8.7 | 3.4";"10";"60 | 30";"10";"20 | 80";"20 | 0";"60 | 20";"27 | 80";"40 | 80";"80 | 100";"80 | 20";"1x2 | 1x3";"23.2";"1.6 | 3.4";"2.5 | 1.4";"4.4";"47 | 51";"9 | 2";"10 | 10";"13.9 | 11.6";"11.9 | 9.1";"11.4";"6.3 | 4.7";"5.5 | 6.4";"2.3 | 1.6";"1.8 | 3";"4.4";"3.9"
"Iceland";"ISL";"Inkasso-Deildin";"03-07-2026 16:15";"NS";"Njardvík";"";"";"Thróttur Reykjavík";"2.52";"2.34";"56 | 60";"51 | 71";"5";"55 | 59";"1.3 | 1.7";"50 | 62";"7.7 | 7";"10";"50 | 30";"20";"40 | 50";"10 | 20";"50 | 30";"43 | 57";"50 | 70";"90 | 80";"60 | 50";"1x2 | 1x1";"21.2";"1.5 | 2.1";"1.4 | 1.3";"3.2";"51 | 53";"7 | 1";"10 | 10";"11.6 | 14.8";"7.3 | 8.8";"9.8";"3.9 | 3.2";"5.6 | 6.8";"1.5 | 1.8";"1.2 | 3.3";"3.9";"3.9"
"Iceland";"ISL";"Inkasso-Deildin";"03-07-2026 16:15";"NS";"Ægir";"";"";"Fylkir";"5.84";"1.43";"18 | 56";"41 | 68";"2";"36 | 60";"0.8 | 1.9";"34 | 61";"7.4 | 7";"2";"50 | 50";"0";"20 | 60";"20 | 10";"60 | 30";"27 | 63";"40 | 70";"80 | 90";"80 | 40";"0x0 | 0x1";"23.6";"1.2 | 2";"2.5 | 1.4";"3.6";"45 | 53";"11 | 3";"10 | 10";"8.9 | 13.9";"15.4 | 8.9";"10.6";"7.3 | 4.2";"3.2 | 6.4";"1.8 | 2";"1.1 | 2.2";"3.6";"3.9"
"Iceland";"ISL";"2. Deild";"03-07-2026 15:00";"NS";"Hvíti riddarinn";"";"";"Dalvík / Reynir";"3.70";"1.68";"49 | 63";"41 | 61";"2";"45 | 44";"1.1 | 1.9";"47 | 39";"7.5 | 5.3";"";"";"";"20 | 60";"50 | 10";"30 | 30";"37 | 63";"70 | 70";"50 | 90";"80 | 40";"1x1 | 0x1";"21.6";"1.2 | 1.8";"1.6 | 1.2";"2.9";"50 | 48";"9 | 2";"10 | 10";"9 | 9.6";"12.6 | 12";"9.2";"5.6 | 5";"3.1 | 4.7";"2.8 | 2.7";"3 | 4";"6.2";"5.2"
"Iceland";"ISL";"2. Deild";"03-07-2026 16:15";"NS";"KFG";"";"";"Selfoss";"4.90";"1.44";"4 | 35";"48 | 71";"2";"42 | 46";"1.2 | 1.6";"40 | 45";"6.5 | 5.7";"5";"0 | 80";"20";"40 | 40";"0 | 40";"60 | 20";"40 | 53";"40 | 80";"100 | 60";"60 | 60";"1x5 | 2x2";"23.5";"1.4 | 2.1";"2.9 | 2";"4.2";"45 | 50";"8 | 4";"10 | 10";"9.1 | 12";"11.8 | 14.2";"11.2";"6.2 | 6.5";"3.7 | 6.1";"2.8 | 2.6";"3 | 3.3";"5.8";"5.2"
"Iceland";"ISL";"3. Deild";"03-07-2026 16:15";"NS";"KA Asvellir";"";"";"Reynir";"";"";"25 | 28";"51 | 82";"";"50 | 56";"1 | 1.7";"50 | 48";"8.5 | 5.3";"";"";"";"30 | 50";"10 | 20";"60 | 30";"33 | 57";"40 | 70";"90 | 80";"70 | 50";"0x2 | 2x2";"23.1";"1.5 | 2.4";"2.3 | 2.2";"4.2";"52 | 52";"10 | 4";"10 | 10";"12.7 | 12.7";"12.5 | 8.3";"11";"5.7 | 4.2";"5.2 | 7.2";"2.3 | 1.8";"2.7 | 1.3";"4.1";"4.2"
"Iceland";"ISL";"U19 Cup";"03-07-2026 15:00";"NS";"Breiðablik / A / Sm  U19";"";"";"Víkingur / BF108 U19";"";"";"";"";"";"";"";"";"";"2";"0 | 100";"0";"";"";"";"";"";"";"";" | ";"";"";"";"";"";"";"";"";"";"";"";"";"";"";"";""
"Iceland";"ISL";"U19 League C";"03-07-2026 14:00";"NS";"ÍA / Ka / Sk / VÓ II U19";"";"";"Austurland U19";"";"";"32 | 4";"100 | 61";"";"";"1.9 | 0.7";"";"";"";"";"";"60 | 20";"10 | 10";"30 | 70";"63 | 23";"70 | 30";"90 | 90";"40 | 80";"6x0 | 2x1";"";"3.9 | 1.8";"2.1 | 2.9";"5.4";"";"5 | 8";"10 | 10";"";"";"";"";"";"";"";"";"0"
"Kazakhstan";"KAZ";"Premier League";"03-07-2026 11:00";"NS";"Astana";"";"";"Zhenys";"1.66";"4.78";"66 | 63";"44 | 51";"1";"57 | 51";"1.4 | 1.7";"51 | 44";"9.8 | 7.9";"6";"50 | 17";"33";"40 | 50";"20 | 20";"40 | 30";"47 | 57";"60 | 70";"80 | 80";"60 | 50";"0x1 | 2x1";"23.1";"1.3 | 1.5";"1.1 | 1.2";"2.6";"60 | 46";"5 | 10";"10 | 10";"12.8 | 11.9";"10.5 | 11";"10.8";"5.3 | 5.2";"5.7 | 5.5";"1.8 | 2.3";"2.2 | 2.3";"4.3";"4.7"
"Kazakhstan";"KAZ";"First Division";"03-07-2026 09:00";"NS";"Sport Academy Kairat";"";"";"Taraz";"1.00";"17.00";"100 | 56";"100 | 51";"3";"60 | 70";"2.8 | 1.3";"73 | 78";"1.5 | 5.1";"9";"44 | 56";"0";"90 | 40";"10 | 10";"0 | 50";"93 | 43";"100 | 50";"90 | 90";"10 | 60";"5x0 | 2x1";"20.6";"3.6 | 1.5";"0.4 | 1.4";"3.4";"55 | 62";"1 | 7";"10 | 10";"22.7 | 7.6";"5.7 | 5.3";"3.3";"0.3 | 1.6";"2.3 | 2.3";"0.9 | 1.6";"1.9 | 1.9";"3.1";"3.4"
"Kazakhstan";"KAZ";"First Division";"03-07-2026 09:00";"NS";"Arys";"";"";"Yelimay II";"2.27";"2.40";"21 | 28";"34 | 17";"5";"38 | 37";"0.4 | 0.2";"23 | 37";"6.1 | 7.8";"";"";"";"10 | 0";"10 | 20";"80 | 80";"13 | 7";"20 | 20";"90 | 80";"90 | 100";"0x1 | 1x0";"21.5";"1 | 0.5";"2.4 | 2.2";"3";"44 | 40";"13 | 14";"10 | 10";"9.7 | 9.4";"10.7 | 13.1";"3.1";"2.2 | 1.7";"1.3 | 0.9";"2 | 1.8";"2.1 | 1.9";"3.9";"3.4"
"Kazakhstan";"KAZ";"First Division";"03-07-2026 12:00";"NS";"FC Turan";"";"";"Jaiyq";"1.21";"9.75";"84 | 52";"75 | 24";"3";"61 | 28";"2.4 | 1.2";"58 | 25";"3.3 | 3.3";"";"";"";"80 | 40";"0 | 0";"20 | 60";"80 | 40";"80 | 40";"100 | 100";"20 | 60";"3x0 | 0x1";"16.6";"2.2 | 0.7";"0.6 | 1.5";"2.5";"54 | 42";"3 | 8";"10 | 10";"9.8 | 5.3";"7.7 | 10.3";"1.9";"1 | 0.6";"1.7 | 0.6";"1.3 | 1";"1.3 | 1.6";"2.6";"3.4"
"Lebanon";"LIB";"Premier League";"03-07-2026 08:00";"NS";"Safa";"";"";"Al Mabarrah";"";"";"56 | 35";"51 | 24";"";"58 | 39";"1.9 | 1.2";"60 | 40";"4.6 | 9.7";"10";"60 | 30";"10";"60 | 30";"10 | 30";"30 | 40";"63 | 40";"70 | 60";"90 | 70";"40 | 70";"1x0 | 0x1";"19.2";"1.5 | 0.7";"1.4 | 2";"2.8";"48 | 46";"5 | 8";"10 | 10";"6.9 | 6.8";"11.5 | 13.1";"8";"3.8 | 6";"3.4 | 3";"1.1 | 1.6";"1.2 | 1.2";"2.6";"3"
"Lebanon";"LIB";"Premier League";"03-07-2026 08:00";"NS";"Reyady Abaseya";"";"";"Racing";"";"";"52 | 7";"31 | 3";"";"35 | 32";"1.2 | 0";"31 | 28";"7.9 | 50";"5";"40 | 40";"20";"30 | 0";"30 | 0";"40 | 100";"40 | 0";"60 | 0";"70 | 100";"70 | 100";"0x0 | 2x0";"18.5";"0.9 | 0.1";"1.5 | 2.8";"2.6";"46 | 39";"10 | 12";"10 | 10";"7.1 | 5";"10.6 | 14.3";"8.5";"5.4 | 7";"2.7 | 1.9";"0.9 | 1.7";"1.6 | 1.2";"2.6";"3"
"Lebanon";"LIB";"Premier League";"03-07-2026 09:30";"NS";"Al-Tadamon Sour";"";"";"Al Ansar";"";"";"56 | 74";"24 | 99";"";"46 | 63";"0.9 | 2.1";"42 | 59";"6.9 | 5.1";"10";"0 | 90";"10";"20 | 70";"30 | 0";"50 | 30";"30 | 70";"50 | 70";"70 | 100";"80 | 30";"1x0 | 0x3";"18.4";"0.7 | 2.9";"1.4 | 0.9";"3";"47 | 61";"9 | 1";"10 | 10";"4.8 | 15.7";"9.4 | 7";"8.9";"4 | 3.1";"2.9 | 7.8";"1.4 | 2.1";"1.1 | 1.7";"3.2";"3"
"Lebanon";"LIB";"Premier League";"03-07-2026 15:30";"NS";"Sagesse";"";"";"Al Nejmeh";"";"";"60 | 84";"54 | 75";"";"51 | 60";"1.4 | 2.1";"50 | 53";"6.1 | 6";"10";"0 | 90";"10";"40 | 60";"20 | 30";"40 | 10";"47 | 70";"60 | 90";"80 | 70";"60 | 40";"1x2 | 1x1";"19.2";"1.6 | 2.2";"1.3 | 0.6";"2.8";"53 | 58";"6 | 2";"10 | 10";"9.7 | 13.2";"9.1 | 6.2";"7.8";"4.1 | 1.2";"5.6 | 4.8";"1.3 | 0.8";"1 | 1.3";"2.2";"3"
"Lithuania";"LTU";"A Lyga";"03-07-2026 13:00";"NS";"Džiugas Telšiai";"";"";"Kauno Žalgiris";"4.66";"1.60";"66 | 74";"51 | 48";"2";"54 | 59";"1.5 | 1.3";"44 | 55";"6.3 | 7.9";"10";"20 | 70";"10";"40 | 30";"30 | 40";"30 | 30";"50 | 43";"70 | 70";"70 | 60";"60 | 70";"0x0 | 1x0";"17.5";"1.5 | 1.4";"1.1 | 0.9";"2.4";"56 | 59";"2 | 4";"10 | 10";"9.5 | 11.1";"6.2 | 8.3";"7.5";"2.8 | 3.7";"4 | 4.5";"2.2 | 2.2";"2.8 | 1.6";"4.4";"4.1"
"Latvia";"LVA";"Virsliga";"03-07-2026 13:00";"NS";"Riga";"";"";"FS Jelgava";"1.21";"9.38";"84 | 60";"88 | 54";"3";"63 | 45";"2.6 | 1.4";"61 | 45";"4.5 | 6";"10";"80 | 0";"20";"80 | 30";"20 | 50";"0 | 20";"87 | 47";"100 | 80";"80 | 50";"20 | 70";"2x0 | 1x1";"26.8";"2.6 | 1.6";"0.6 | 1.3";"3";"61 | 42";"1 | 5";"10 | 10";"16.8 | 13.1";"8.4 | 15.4";"8.8";"2.6 | 4.1";"6 | 4.8";"2.4 | 1.7";"2 | 2";"4.1";"4.4"
"Macau";"MAC";"Primeira Division";"03-07-2026 10:00";"NS";"Shao Jiang SC";"";"";"Artilheiros";"";"";"63 | 2";"100 | 41";"";"71 | 31";"2.3 | 0.4";"73 | 31";"4.7 | 5";"";"";"";"70 | 10";"20 | 10";"10 | 80";"77 | 13";"90 | 20";"80 | 90";"30 | 90";"2x1 | 4x0";"26.3";"4.7 | 1.2";"1.2 | 5.3";"6.2";"67 | 37";"1 | 9";"10 | 10";"21.9 | 6";"6.4 | 18.3";"12.4";"2.7 | 9";"10.1 | 3.1";"1.8 | 2";"0.8 | 1.8";"3.2";"3.9"
"Mongolia";"MNG";"Premier League";"03-07-2026 05:00";"NS";"Central Stallions";"";"";"Deren";"";"";"60 | 63";"92 | 100";"";"52 | 58";"1.5 | 1.6";"58 | 62";"4.9 | 3.9";"9";"44 | 44";"11";"40 | 50";"30 | 10";"30 | 40";"50 | 53";"70 | 60";"70 | 90";"60 | 50";"1x1 | 2x0";"21.9";"2.7 | 3.3";"1.3 | 1.2";"4.2";"51 | 57";"2 | 3";"10 | 10";"13.1 | 12.8";"10.4 | 7.5";"10.2";"4.4 | 3.6";"6.5 | 5.8";"1.9 | 1";"1.1 | 1.4";"2.7";"3.5"
"Mongolia";"MNG";"Premier League";"03-07-2026 08:00";"NS";"Khangarid";"";"";"Ulaanbaatar";"";"";"49 | 66";"85 | 95";"";"54 | 54";"1.7 | 2.4";"59 | 61";"5 | 4.8";"10";"30 | 60";"10";"50 | 80";"20 | 0";"30 | 20";"57 | 80";"70 | 80";"80 | 100";"50 | 20";"2x1 | 0x2";"22.4";"2.5 | 2.8";"1.6 | 1.1";"4";"51 | 55";"4 | 1";"10 | 10";"12.4 | 13.5";"9 | 9.8";"10";"4.7 | 4.1";"5.2 | 6.1";"2 | 2";"2.9 | 1.6";"4.2";"3.5"
"Northern Ireland";"NIR";"Charity Shield";"03-07-2026 15:45";"NS";"Larne";"";"";"Coleraine";"";"";"80 | 70";"68 | 99";"";"53 | 52";"1.9 | 2.6";"49 | 46";"5.2 | 3.9";"10";"50 | 20";"30";"50 | 80";"40 | 20";"10 | 0";"63 | 87";"90 | 100";"60 | 80";"50 | 20";"2x0 | 1x1";"18.6";"2 | 2.9";"0.7 | 1";"3.3";"46 | 51";"";"10 | 10";"10.3 | 11.3";"8.6 | 7";"9.4";"2.8 | 3.7";"5.8 | 6.5";"1.7 | 0.7";"1 | 1.1";"2.2";""
"Norway";"NOR";"1. Division";"03-07-2026 13:00";"NS";"Raufoss";"";"";"Strømmen";"2.36";"2.55";"28 | 14";"44 | 37";"5";"40 | 46";"0.9 | 0.7";"41 | 42";"6.2 | 7.9";"10";"40 | 30";"30";"30 | 20";"0 | 10";"70 | 70";"30 | 23";"30 | 30";"100 | 90";"70 | 80";"0x1 | 0x1";"20.6";"1.3 | 1.1";"2.2 | 2.6";"3.6";"44 | 43";"15 | 14";"10 | 10";"8 | 8.7";"15.2 | 9.3";"9.6";"6.9 | 5.5";"3 | 3.9";"1.2 | 1.7";"0.8 | 1.3";"2.5";"3.4"
"Norway";"NOR";"1. Division";"03-07-2026 13:00";"NS";"Kongsvinger";"";"";"Sogndal";"1.60";"4.29";"42 | 32";"78 | 82";"1";"54 | 50";"1.8 | 1.5";"53 | 58";"6 | 5.4";"10";"20 | 40";"40";"50 | 40";"30 | 30";"20 | 30";"60 | 50";"80 | 70";"70 | 70";"50 | 60";"2x1 | 2x2";"26.2";"2.3 | 2.4";"1.8 | 2.1";"4.3";"53 | 46";"3 | 12";"10 | 10";"13.9 | 12.9";"11.9 | 13.8";"12";"5.3 | 6.8";"6.4 | 5.6";"1.6 | 2";"1.4 | 2";"3.5";"3.4"
"Norway";"NOR";"1. Division";"03-07-2026 14:00";"NS";"Ranheim";"";"";"Stabæk";"2.63";"2.22";"25 | 70";"82 | 68";"5";"50 | 55";"1.4 | 2";"51 | 61";"4.5 | 7.4";"10";"20 | 60";"20";"40 | 60";"20 | 20";"40 | 20";"47 | 67";"60 | 80";"80 | 80";"60 | 40";"3x2 | 0x2";"24.8";"2.4 | 2";"2.3 | 1";"3.8";"52 | 52";"6 | 4";"10 | 10";"10.9 | 14.7";"13.1 | 11";"10";"4.9 | 4.3";"5.1 | 5.7";"1.1 | 1.8";"1.7 | 2";"3.3";"3.4"
"New Zealand";"NZL";"National League";"03-07-2026 22:00";"NS";"Wellington Phoenix Res";"";"";"FC Western";"1.35";"6.06";"56 | 2";"31 | 24";"1";"53 | 28";"0.6 | 0.4";"53 | 28";"12.7 | 5.7";"";"";"";"10 | 10";"30 | 10";"60 | 80";"20 | 13";"40 | 20";"70 | 90";"90 | 90";"0x1 | 5x0";"19.7";"0.9 | 0.7";"1.4 | 3.2";"3.1";"57 | 37";"8 | 10";"10 | 10";"11.4 | 4";"10.5 | 13.5";"9.2";"4.8 | 6.8";"5 | 1.8";"1 | 1.1";"2.4 | 0.9";"2.7";"3.1"
"New Zealand";"NZL";"Chatham Cup";"03-07-2026 23:00";"NS";"Nelson Suburbs";"";"";"Northern AFC";"";"";"38 | 52";"100 | 44";"";"59 | 44";"2.1 | 1.4";"63 | 44";"4 | 3.2";"";"";"";"70 | 40";"0 | 20";"30 | 40";"70 | 47";"70 | 60";"100 | 80";"30 | 60";"0x6 | 1x1";"16";"3.3 | 1.3";"1.9 | 1.5";"4";"52 | 42";"";"10 | 10";"13.1 | 4.2";"7.2 | 7.4";"9.8";"4.6 | 4.8";"7.6 | 2.8";"2 | 1.5";"1.8 | 1";"3.2";"3.1"
"New Zealand";"NZL";"Chatham Cup";"03-07-2026 23:00";"NS";"Petone";"";"";"Napier City Rovers";"";"";"42 | 77";"31 | 100";"";"52 | 58";"1 | 2.5";"50 | 52";"11.6 | 5";"10";"20 | 50";"30";"30 | 80";"10 | 10";"60 | 10";"33 | 83";"40 | 90";"90 | 90";"70 | 20";"0x1 | 0x1";"22.8";"0.9 | 3.2";"1.8 | 0.8";"3.4";"49 | 56";"";"10 | 10";"10.4 | 16.1";"11.9 | 7.3";"11";"6.4 | 3.6";"4 | 8.1";"1.3 | 1.1";"1.7 | 1.2";"2.7";"3.1"
"New Zealand";"NZL";"Chatham Cup";"03-07-2026 23:00";"NS";"Auckland City";"";"";"Takapuna";"";"";"80 | 49";"88 | 65";"";"";"2.3 | 1.2";"";"5 | 4.6";"4";"100 | 0";"0";"70 | 30";"20 | 30";"10 | 40";"77 | 40";"90 | 60";"80 | 70";"30 | 70";"0x0 | 1x1";"21";"2.6 | 1.9";"0.7 | 1.6";"3.4";"";"";"10 | 10";"13 | 8.7";"9.7 | 10.7";"9.6";"4.3 | 5.3";"6 | 3.7";"1.9 | 1.3";"1.7 | 2.3";"3.6";"3.1"
"New Zealand";"NZL";"Chatham Cup";"03-07-2026 23:00";"NS";"Auckland United";"";"";"Cambridge";"";"";"88 | 18";"82 | 100";"";"";"2.3 | 2.2";"";"";"";"";"";"70 | 70";"20 | 10";"10 | 20";"77 | 73";"90 | 80";"80 | 90";"30 | 30";"3x0 | 0x3";"";"2.4 | 3.6";"0.5 | 2.5";"4.5";"";"";"10 | 10";"";"";"";"";"";"";"";"";"3.1"
"Russia";"RUS";"FNL 2 - Group 1";"03-07-2026 21:00";"NS";"Angusht";"";"";"PSK Dinskaya";"";"";"52 | 49";"14 | 44";"";"32 | 50";"0.4 | 1.4";"30 | 70";"10.5 | 5.1";"";"";"";"10 | 40";"10 | 20";"80 | 40";"13 | 47";"20 | 60";"90 | 80";"90 | 60";"0x1 | 0x0";"13.2";"0.4 | 1.3";"1.5 | 1.6";"2.4";"41 | 50";"13 | 10";"10 | 10";"4.2 | 6.6";"8.5 | 6.9";"4.3";"2.8 | 3";"0.5 | 2.4";"2.3 | 2.1";"2 | 1.6";"4";"3.8"
"Russia";"RUS";"Third Division - Ural and Western Siberia";"03-07-2026 21:00";"CANCELLED";"Amkar Perm II";"";"";"Triumf";"";"";"32 | 42";"20 | 37";"";"";"0.4 | 1.2";"";"";"2";"100 | 0";"0";"10 | 30";"10 | 30";"80 | 40";"13 | 40";"20 | 60";"90 | 70";"90 | 70";"0x2 | 1x1";"";"0.6 | 1.1";"2.1 | 1.8";"2.8";"";"";"10 | 10";"";"";"";"";"";"";"";"";"0"
"Russia";"RUS";"Third Division - Ural and Western Siberia";"03-07-2026 21:00";"NS";"Ufa II";"";"";"Tobol Kurgan";"";"";"49 | 63";"68 | 37";"";"";"1.6 | 0.9";"";"";"6";"33 | 50";"17";"50 | 30";"10 | 0";"40 | 70";"53 | 30";"60 | 30";"90 | 100";"50 | 70";"4x1 | 1x0";"";"2 | 1.1";"1.6 | 1.2";"3";"";"6 | 8";"10 | 10";"";"";"";"";"";"";"";"";"0"
"Russia";"RUS";"Third Division - Ural and Western Siberia";"03-07-2026 21:00";"NS";"Metallurg Asha";"";"";"Metallurg Magnitogorsk";"";"";"100 | 88";"51 | 82";"";"";"2.3 | 2.4";"";"";"8";"25 | 38";"38";"70 | 70";"20 | 30";"10 | 0";"77 | 80";"90 | 100";"80 | 70";"30 | 30";"1x0 | 0x0";"";"1.5 | 2.4";"0.4 | 0.5";"2.4";"";"3 | 2";"10 | 10";"";"";"";"";"";"";"";"";"0"
"Russia";"RUS";"Third Division - Ural and Western Siberia";"03-07-2026 21:00";"NS";"SShOR Zvezda Perm";"";"";"Chelyabinsk III";"";"";"60 | 32";"44 | 34";"";"";"1.6 | 0.9";"";"";"";"";"";"44 | 30";"22 | 0";"33 | 70";"52 | 30";"67 | 30";"78 | 100";"56 | 70";"1x0 | 0x1";"";"1.3 | 1";"1.3 | 2.1";"2.9";"";"5 | 11";"9 | 10";"";"";"";"";"";"";"";"";"0"
"Russia";"RUS";"Third Division - Ural and Western Siberia";"03-07-2026 21:00";"NS";"Irtysh Omsk II";"";"";"Torpedo Miass II";"";"";"38 | 4";"31 | 24";"";"";"1.3 | 0.4";"";"";"4";"50 | 50";"0";"40 | 10";"10 | 10";"50 | 80";"43 | 13";"50 | 20";"90 | 90";"60 | 90";"1x0 | 4x0";"";"0.9 | 0.7";"1.9 | 2.9";"3.2";"";"7 | 10";"10 | 10";"";"";"";"";"";"";"";"";"0"
"Russia";"RUS";"Third Division - Ural and Western Siberia";"03-07-2026 21:00";"NS";"Ilpar";"";"";"Tyumen II";"";"";"77 | 52";"92 | 78";"";"";"2.1 | 2";"";"";"8";"88 | 12";"0";"60 | 60";"30 | 20";"10 | 20";"70 | 67";"90 | 80";"70 | 80";"40 | 40";"0x0 | 1x1";"";"2.7 | 2.3";"0.8 | 1.5";"3.6";"";"1 | 4";"10 | 10";"";"";"";"";"";"";"";"";"0"
"Russia";"RUS";"Third Division - Privolzhye";"03-07-2026 21:00";"NS";"Forvard";"";"";"Volga Ulyanovsk II";"";"";"0 | 32";"44 | 44";"";"";"1.1 | 1.2";"";"";"";"";"";"33 | 40";"11 | 0";"56 | 60";"37 | 40";"44 | 40";"89 | 100";"67 | 60";"2x1 | 2x0";"";"1.3 | 1.3";"3 | 2.1";"3.8";"";"10 | 7";"9 | 10";"";"";"";"";"";"";"";"";"0"
"Russia";"RUS";"Third Division - Privolzhye";"03-07-2026 21:00";"NS";"Dorozhnik";"";"";"Sokol Saratov II";"";"";"77 | 21";"100 | 37";"";"";"2.8 | 0.7";"";"";"4";"100 | 0";"0";"90 | 20";"10 | 10";"0 | 70";"93 | 23";"100 | 30";"90 | 90";"10 | 80";"3x1 | 2x0";"";"3.9 | 1.1";"0.8 | 2.4";"4.1";"";"2 | 9";"10 | 10";"";"";"";"";"";"";"";"";"0"
"Russia";"RUS";"Third Division - Privolzhye";"03-07-2026 21:00";"NS";"Olimp Samara";"";"";"Rodnya";"";"";"63 | 46";"82 | 44";"";"";"2 | 1.3";"";"";"";"";"";"62 | 44";"12 | 0";"25 | 56";"67 | 44";"75 | 44";"88 | 100";"38 | 56";"0x0 | 3x0";"";"2.4 | 1.3";"1.2 | 1.7";"3.3";"";"4 | 6";"8 | 9";"";"";"";"";"";"";"";"";"0"
"Russia";"RUS";"Third Division - Privolzhye";"03-07-2026 21:00";"NS";"BoMiK";"";"";"ZaKiDok";"";"";"77 | 84";"88 | 100";"";"";"2.7 | 2.7";"";"";"";"";"";"90 | 89";"0 | 0";"10 | 11";"90 | 89";"90 | 89";"100 | 100";"10 | 11";"3x0 | 0x3";"";"2.6 | 4.2";"0.8 | 0.6";"4.1";"";"1 | 3";"10 | 9";"";"";"";"";"";"";"";"";"0"
"Russia";"RUS";"Third Division - Privolzhye";"03-07-2026 21:00";"NS";"Zenit Izhevsk II";"";"";"Feonit";"";"";"35 | 32";"61 | 65";"";"";"1.1 | 1.3";"";"";"";"";"";"30 | 44";"20 | 0";"50 | 56";"37 | 44";"50 | 44";"80 | 100";"70 | 56";"2x0 | 5x1";"";"1.8 | 1.9";"2 | 2.1";"3.9";"";"8 | 5";"10 | 9";"";"";"";"";"";"";"";"";"0"
"United States";"USA";"USL Championship";"03-07-2026 20:00";"NS";"Loudoun United";"";"";"Sporting JAX";"1.58";"4.60";"35 | 7";"37 | 51";"1";"49 | 38";"0.9 | 0.6";"50 | 34";"7.6 | 4.1";"";"";"";"20 | 10";"30 | 30";"50 | 60";"30 | 20";"50 | 40";"70 | 70";"80 | 90";"1x4 | 2x1";"23.8";"1.1 | 1.5";"2 | 2.8";"3.7";"52 | 41";"23 | 25";"10 | 10";"11.6 | 8.1";"12.3 | 15.5";"9.1";"4.2 | 6.7";"4.2 | 3.1";"2.9 | 2.7";"2 | 1.6";"4.6";"4.6"
"United States";"USA";"USL League Two";"03-07-2026 16:00";"NS";"Akron City";"";"";"Erie Sports Center";"";"";"56 | 2";"54 | 24";"";"50 | 40";"1.3 | 0";"48 | 40";"8 | 16.4";"2";"50 | 50";"0";"40 | 0";"10 | 0";"50 | 100";"43 | 0";"50 | 0";"90 | 100";"60 | 100";"1x4 | 4x0";"29";"1.6 | 0.7";"1.4 | 3.7";"3.7";"48 | 49";"6 | 7";"10 | 10";"12.8 | 11.5";"14.2 | 19.5";"14.7";"6.2 | 10.5";"6.2 | 6.5";"3 | 2";"2.6 | 1";"4.3";"4"
"United States";"USA";"USL League Two";"03-07-2026 19:00";"NS";"Inter Gainesville";"";"";"Nona";"";"";"28 | 74";"31 | 68";"";"49 | 59";"0.8 | 1.6";"42 | 50";"16.1 | 5.9";"4";"0 | 100";"0";"20 | 40";"20 | 40";"60 | 20";"27 | 53";"40 | 80";"80 | 60";"80 | 60";"0x0 | 1x1";"23.2";"0.9 | 2";"2.2 | 0.9";"3";"44 | 55";"6 | 2";"10 | 10";"14.5 | 11.8";"13.5 | 6.8";"9.9";"7.5 | 1.8";"5.5 | 5";"1 | 3.5";"2.5 | 3.2";"5.2";"4"
"United States";"USA";"USL League Two";"03-07-2026 20:00";"NS";"AFC Ann Arbor";"";"";"Oakland County";"";"";"28 | 77";"54 | 82";"";"";"1.3 | 2.1";"";"";"10";"70 | 30";"0";"40 | 60";"10 | 30";"50 | 10";"43 | 70";"50 | 90";"90 | 70";"60 | 40";"2x1 | 0x0";"";"1.6 | 2.4";"2.2 | 0.8";"3.5";"";"5 | 1";"10 | 10";"";"";"";"";"";"";"";"";"4"
"United States";"USA";"USL League Two";"03-07-2026 20:00";"NS";"Buffalo";"";"";"Lorain County Leviathan";"";"";"70 | 46";"95 | 78";"";"";"2.1 | 1.8";"";"";"";"";"";"60 | 56";"30 | 11";"10 | 33";"70 | 59";"90 | 67";"70 | 89";"40 | 44";"1x1 | 1x3";"";"2.8 | 2.3";"1 | 1.7";"3.9";"";"1 | 4";"10 | 9";"";"";"";"";"";"";"";"";"4"
"United States";"USA";"USL League Two";"03-07-2026 20:00";"NS";"Hickory";"";"";"Appalachian";"";"";"66 | 63";"78 | 78";"";"";"2.1 | 1.8";"";"";"6";"67 | 33";"0";"70 | 50";"0 | 30";"30 | 20";"70 | 60";"70 | 80";"100 | 70";"30 | 50";"2x1 | 1x1";"";"2.3 | 2.3";"1.1 | 1.2";"3.4";"";"2 | 3";"10 | 10";"";"";"";"";"";"";"";"";"4"
"United States";"USA";"USL League Two";"03-07-2026 20:00";"NS";"Lionsbridge";"";"";"Hill City";"";"";"74 | 35";"100 | 85";"";"63 | 42";"2.7 | 1.4";"77 | 38";"4.1 | 4.1";"";"";"";"90 | 40";"0 | 20";"10 | 40";"90 | 47";"90 | 60";"100 | 80";"10 | 60";"2x0 | 0x0";"22.9";"3.7 | 2.5";"0.9 | 2";"4.6";"57 | 48";"1 | 8";"10 | 10";"15.2 | 10.2";"5.8 | 14.5";"11.1";"2.2 | 7.2";"8 | 4.8";"2.2 | 2.2";"2.8 | 1.2";"4.2";"4"
"United States";"USA";"USL League Two";"03-07-2026 20:00";"NS";"Sporting JAX II";"";"";"Brave";"";"";"66 | 80";"14 | 68";"";"42 | 51";"0.8 | 2";"37 | 42";"19.2 | 5.5";"";"";"";"10 | 50";"50 | 50";"40 | 0";"27 | 67";"60 | 100";"50 | 50";"90 | 50";"0x0 | 0x0";"19.6";"0.4 | 2";"1.1 | 0.7";"2.1";"44 | 50";"5 | 1";"10 | 10";"7.7 | 11";"10.8 | 9.8";"7.4";"4.3 | 2.2";"2.3 | 5.8";"2.3 | 3.2";"3.2 | 2";"5.4";"4"
"United States";"USA";"USL League Two";"03-07-2026 20:00";"POSTPONED";"Kalamazoo FC";"";"";"Michigan Bucks";"6.71";"1.33";"38 | 74";"82 | 68";"2";"38 | 57";"1.4 | 2";"41 | 51";"3.3 | 6.6";"10";"20 | 60";"20";"40 | 60";"20 | 20";"40 | 20";"47 | 67";"60 | 80";"80 | 80";"60 | 40";"1x2 | 1x2";"25.1";"2.4 | 2";"1.9 | 0.9";"3.6";"47 | 51";"4 | 2";"10 | 10";"8 | 14.8";"17 | 10.4";"11.7";"9.8 | 4";"2.5 | 7.2";"2.2 | 1.6";"1.5 | 2.4";"3.9";"4"
"United States";"USA";"USL League Two";"03-07-2026 20:30";"NS";"Western Mass Pioneers";"";"";"Black Rock";"";"";"70 | 63";"58 | 58";"";"54 | 51";"2.1 | 1.7";"48 | 48";"8.1 | 5.5";"10";"60 | 0";"40";"60 | 50";"30 | 20";"10 | 30";"70 | 57";"90 | 70";"70 | 80";"40 | 50";"1x0 | 1x2";"21";"1.7 | 1.7";"1 | 1.2";"2.8";"50 | 51";"3 | 5";"10 | 10";"13.7 | 9.4";"8.1 | 10.7";"9.7";"2.9 | 4.7";"6.9 | 5";"1.4 | 2.6";"1.4 | 1.9";"3.6";"4"
"United States";"USA";"USL League Two";"03-07-2026 20:30";"NS";"West Chester United II";"";"";"Delaware FC";"";"";"42 | 35";"54 | 78";"";"57 | 54";"1.3 | 1.3";"61 | 66";"9.6 | 7.4";"2";"100 | 0";"0";"40 | 40";"10 | 10";"50 | 50";"43 | 43";"50 | 50";"90 | 90";"60 | 60";"3x1 | 0x5";"29.8";"1.6 | 2.3";"1.8 | 2";"3.8";"55 | 53";"6 | 5";"10 | 10";"15.4 | 17";"12.9 | 14.3";"12.6";"5.1 | 7";"5.9 | 7.3";"1.4 | 1.2";"0.9 | 1.3";"2.4";"4"
"United States";"USA";"USL League Two";"03-07-2026 21:00";"NS";"Des Moines Menace";"";"";"Santafé Wanderers";"";"";"35 | 77";"48 | 85";"";"";"1 | 2";"";"";"5";"60 | 20";"20";"30 | 60";"10 | 20";"60 | 20";"33 | 67";"40 | 80";"90 | 80";"70 | 40";"3x1 | 1x1";"";"1.4 | 2.5";"2 | 0.8";"3.4";"";"4 | 2";"10 | 10";"";"";"";"";"";"";"";"";"4"
"United States";"USA";"USL League Two";"03-07-2026 21:00";"NS";"Houston FC";"";"";"Hill Country Lobos";"1.75";"3.46";"32 | 10";"68 | 54";"1";"";"1.1 | 0.8";"";"";"3";"67 | 33";"0";"30 | 20";"20 | 20";"50 | 60";"37 | 27";"50 | 40";"80 | 80";"70 | 80";"1x1 | 0x1";"";"2 | 1.6";"2.1 | 2.7";"4.2";"55 | 42";"6 | 7";"10 | 10";"";"";"";"";"";"1 | 4";"2.5 | 0.5";"4";"4"
"United States";"USA";"USL League Two";"03-07-2026 21:30";"NS";"Fort Worth Vaqueros";"";"";"West Texas";"";"";"2 | 38";"10 | 65";"";"30 | 52";"0 | 1.2";"49 | 68";"12 | 5.6";"8";"12 | 88";"0";"0 | 30";"0 | 30";"100 | 40";"0 | 40";"0 | 60";"100 | 70";"100 | 70";"0x1 | 1x0";"18.2";"0.3 | 1.9";"3.4 | 1.9";"3.8";"38 | 43";"6 | 5";"10 | 10";"3.6 | 10.7";"13.8 | 8.3";"7.8";"5.8 | 3";"1.8 | 5";"1.2 | 2";"0.8 | 2.3";"3.2";"4"
"United States";"USA";"USL League Two";"03-07-2026 22:30";"NS";"Midlakes United";"";"";"Bangers";"";"";"28 | 52";"48 | 54";"";"46 | 55";"0.7 | 2.1";"47 | 58";"4.7 | 4.8";"2";"0 | 100";"0";"20 | 70";"10 | 0";"70 | 30";"23 | 70";"30 | 70";"90 | 100";"80 | 30";"1x2 | 1x2";"14";"1.4 | 1.6";"2.2 | 1.5";"3.4";"48 | 55";"5 | 3";"10 | 10";"6.6 | 7.7";"7.9 | 6";"6.9";"3.7 | 2.7";"3.4 | 4";"2.6 | 1.2";"1.1 | 1.8";"3.4";"4"
"United States";"USA";"USL League Two";"03-07-2026 23:00";"NS";"Ventura County Fusion";"";"";"AMSG";"";"";"80 | 4";"82 | 31";"";"53 | 30";"2.1 | 0.1";"43 | 28";"3.8 | 6.1";"5";"100 | 0";"0";"60 | 0";"30 | 10";"10 | 90";"70 | 3";"90 | 10";"70 | 90";"40 | 100";"2x0 | 3x2";"21.5";"2.4 | 0.9";"0.7 | 2.9";"3.4";"51 | 43";"1 | 8";"10 | 10";"9 | 5.5";"11 | 17.5";"8";"4 | 4.5";"4 | 3.5";"2.3 | 2";"1.3 | 2.5";"4.1";"4"
"United States";"USA";"USL League Two";"03-07-2026 23:00";"NS";"Tucson";"";"";"Stars FC";"";"";"74 | 60";"37 | 54";"";"57 | 48";"1.4 | 1.6";"46 | 50";"10.4 | 6.6";"2";"50 | 0";"50";"30 | 40";"50 | 40";"20 | 20";"47 | 53";"80 | 80";"50 | 60";"70 | 60";"1x1 | 1x1";"22.1";"1.1 | 1.6";"0.9 | 1.3";"2.4";"52 | 55";"4 | 3";"10 | 10";"11.4 | 10.5";"7.6 | 14.7";"11.4";"3.4 | 7.2";"6.6 | 5.5";"1.8 | 3.2";"1.8 | 1.7";"4.2";"4"
"United States";"USA";"USL League Two";"03-07-2026 23:00";"NS";"Tacoma Stars";"";"";"Snohomish United";"";"";"28 | 100";"68 | 100";"";"48 | 55";"1.1 | 3";"53 | 66";"2 | 5.1";"2";"0 | 100";"0";"30 | 100";"20 | 0";"50 | 0";"37 | 100";"50 | 100";"80 | 100";"70 | 0";"1x1 | 0x3";"18.6";"2 | 3.4";"2.2 | 0.3";"4";"45 | 51";"4 | 2";"10 | 10";"3.9 | 17.2";"4.4 | 11.8";"8.2";"2.1 | 4.2";"2.4 | 7.7";"2.4 | 1.8";"1.9 | 3";"4.5";"4"
"United States";"USA";"USL League One";"03-07-2026 20:30";"NS";"Naples";"";"";"Portland Hearts of Pine";"2.38";"2.63";"28 | 21";"27 | 58";"5";"52 | 43";"0.4 | 1.1";"49 | 46";"12.5 | 4.6";"4";"0 | 50";"50";"10 | 30";"10 | 20";"80 | 50";"13 | 37";"20 | 50";"90 | 80";"90 | 70";"0x2 | 1x2";"26.5";"0.8 | 1.7";"2.2 | 2.4";"3.6";"53 | 52";"10 | 9";"10 | 10";"14.4 | 10.7";"12 | 15.9";"9.6";"4.8 | 6.3";"4 | 4";"2.1 | 2.3";"2.5 | 2.4";"4.6";"5.1"
"United States";"USA";"USL League One";"03-07-2026 20:30";"NS";"Richmond Kickers";"";"";"Sarasota Paradise";"2.14";"2.95";"25 | 46";"27 | 41";"5";"45 | 49";"0.7 | 1.2";"46 | 44";"11 | 6.4";"";"";"";"20 | 40";"10 | 0";"70 | 60";"23 | 40";"30 | 40";"90 | 100";"80 | 60";"0x2 | 0x2";"24.4";"0.8 | 1.2";"2.3 | 1.7";"3";"46 | 48";"15 | 12";"10 | 10";"11.6 | 10.4";"15.6 | 11.2";"9.7";"6.2 | 5";"3.7 | 4.5";"3.9 | 2.1";"3 | 2.3";"5.6";"5.1"
"United States";"USA";"NPSL";"03-07-2026 18:00";"NS";"Erie Commodores";"";"";"Ambassadors Ohio";"";"";"88 | 66";"100 | 92";"";"";"2.8 | 2.1";"";"";"3";"67 | 33";"0";"90 | 70";"10 | 0";"0 | 30";"93 | 70";"100 | 70";"90 | 100";"10 | 30";"2x0 | 1x2";"";"3.1 | 2.7";"0.5 | 1.1";"3.7";"";"1 | 3";"10 | 10";"";"";"";"";"";"";"";"";"4.2"
"United States";"USA";"NPSL";"03-07-2026 18:30";"NS";"Virginia Dream";"";"";"Virginia Beach City";"";"";"63 | 32";"82 | 58";"";"47 | 42";"1.9 | 1.8";"53 | 42";"4.7 | 4.6";"4";"100 | 0";"0";"60 | 60";"10 | 0";"30 | 40";"63 | 60";"70 | 60";"90 | 100";"40 | 40";"0x1 | 1x2";"22.4";"2.4 | 1.7";"1.2 | 2.1";"3.7";"49 | 47";"3 | 2";"10 | 10";"11.3 | 7.8";"12.5 | 13.2";"9.4";"5 | 4.5";"4.7 | 4.5";"2.5 | 1";"3.2 | 2";"4.4";"4.2"
"United States";"USA";"NPSL";"03-07-2026 20:00";"NS";"FC Pride";"";"";"SI Guardians";"";"";"49 | 2";"100 | 34";"";"";"1.7 | 0";"";"";"3";"100 | 0";"0";"50 | 0";"20 | 0";"30 | 100";"57 | 0";"70 | 0";"80 | 100";"50 | 100";"1x2 | 3x1";"";"3.3 | 1";"1.6 | 5.9";"5.9";"";"1 | 6";"10 | 10";"";"";"";"";"";"";"";"";"4.2"
"United States";"USA";"NPSL";"03-07-2026 20:30";"NS";"Charlottetowne Hops";"";"";"Burlington United";"";"";"28 | 25";"58 | 54";"";"";"1.1 | 0.9";"";"";"3";"100 | 0";"0";"30 | 20";"20 | 30";"50 | 50";"37 | 30";"50 | 50";"80 | 70";"70 | 80";"1x1 | 4x2";"";"1.7 | 1.6";"2.2 | 2.3";"3.9";"";"5 | 6";"10 | 10";"";"";"";"";"";"";"";"";"4.2"
"United States";"USA";"NPSL";"03-07-2026 21:00";"NS";"Milwaukee Torrent";"";"";"Michigan Rangers";"";"";"49 | 42";"95 | 100";"";"60 | 41";"1.6 | 1.9";"65 | 38";"5.8 | 2.1";"3";"67 | 33";"0";"50 | 60";"10 | 10";"40 | 30";"53 | 63";"60 | 70";"90 | 90";"50 | 40";"0x1 | 1x2";"27.4";"2.8 | 3.6";"1.6 | 1.8";"4.9";"57 | 50";"4 | 3";"10 | 10";"16.2 | 8.3";"14 | 16.3";"14";"8.2 | 6.3";"8.5 | 5";"1.5 | 3";"3 | 2.3";"4.9";"4.2"
"United States";"USA";"USL W League";"03-07-2026 19:00";"NS";"Vermont Green W";"";"";"Long Island Rough Riders W";"";"";"84 | 74";"99 | 71";"";"60 | 48";"2.2 | 1.9";"48 | 26";"4.1 | 2.9";"";"";"";"60 | 50";"40 | 38";"0 | 12";"73 | 62";"100 | 88";"60 | 62";"40 | 50";"1x1 | 0x0";"15.5";"2.9 | 2.1";"0.6 | 0.9";"3.2";"58 | 50";"1 | 2";"10 | 8";"12 | 6";"6.5 | 6.5";"6.2";"3 | 3";"5 | 1.5";"0 | 2";"0 | 5";"3.5";"1.4"
"United States";"USA";"USL W League";"03-07-2026 20:00";"NS";"Racing Louisville II W";"";"";"Pittsburgh Riveters W";"";"";"88 | 74";"100 | 71";"";"";"2.8 | 1.9";"";"";"";"";"";"90 | 50";"10 | 38";"0 | 12";"93 | 62";"100 | 88";"90 | 62";"10 | 50";"3x0 | 0x0";"";"3.2 | 2.1";"0.5 | 0.9";"3.4";"";"1 | 2";"10 | 8";"";"";"";"";"";"";"";"";"1.4"
"Vietnam";"VIE";"U21 Championship";"03-07-2026 04:30";"NS";"HV An Giang U21";"";"";"Đồng Nai U21";"";"";"2 | 70";"41 | 20";"";"";"0.8 | 1";"36 | 32";"2.5 | 11.7";"";"";"";"25 | 20";"0 | 40";"75 | 40";"25 | 33";"25 | 60";"100 | 60";"75 | 80";"0x4 | 0x0";"16";"1.2 | 0.6";"3.8 | 1";"3.3";"";"1 | 2";"4 | 10";"3 | 7";"14 | 8";"8.6";"9 | 4.3";"1.3 | 2.7";"2.5 | 2";"0.5 | 1.3";"3.2";""
"Vietnam";"VIE";"U21 Championship";"03-07-2026 04:30";"NS";"Tây Ninh U21";"";"";"Mê Kông Cần Thơ U21";"";"";"";"";"";"";"";"";"";"";"";"";"";"";"";"";"";"";"";" | ";"";"";"";"";"";"";"";"";"";"";"";"";"";"";"";""
"Vietnam";"VIE";"U21 Championship";"03-07-2026 05:00";"NS";"TĐTT Gia Lai U21";"";"";"TP Hồ Chí Minh U21";"";"";"";"";"";"";"";"";"";"";"";"";"";"";"";"";"";"";"";" | ";"";"";"";"";"";"";"";"";"";"";"";"";"";"";"";""
"Vietnam";"VIE";"U21 Championship";"03-07-2026 05:00";"NS";"Đà Nẵng U21";"";"";"Hoàng Anh Gia Lai U21 I";"";"";"84 | 88";"34 | 51";"";"56 | 50";"1.5 | 1.8";"39 | 38";"8.6 | 5.6";"6";"50 | 17";"33";"30 | 40";"60 | 60";"10 | 0";"50 | 60";"90 | 100";"40 | 40";"70 | 60";"0x0 | 0x0";"15.2";"1 | 1.5";"0.6 | 0.5";"1.8";"61 | 52";"1 | 2";"10 | 10";"8.6 | 8.4";"5.6 | 7.9";"7.4";"2.4 | 3";"4.6 | 4.9";"1.9 | 2.9";"1.9 | 1.6";"4.2";""
"Vietnam";"VIE";"U21 Championship";"03-07-2026 05:30";"NS";"PVF Vietnam U21";"";"";"Thể Công – Viettel U21";"";"";"63 | 77";"41 | 58";"";"52 | 58";"1.2 | 1.4";"30 | 39";"6.2 | 5.2";"8";"0 | 50";"50";"20 | 30";"60 | 50";"20 | 20";"40 | 47";"80 | 80";"40 | 50";"80 | 70";"1x1 | 1x1";"14.8";"1.2 | 1.7";"1.2 | 0.8";"2.4";"44 | 59";"1 | 2";"10 | 10";"7.4 | 8.8";"7.6 | 5.8";"7";"3.9 | 3.7";"2.9 | 3.7";"1.8 | 2.2";"1 | 2.2";"3.6";""
"Vietnam";"VIE";"U21 Championship";"03-07-2026 05:30";"NS";"Hà Nội Bulls U21";"";"";"Hà Nội U21";"";"";"";"";"";"";"";"";"";"";"";"";"";"";"";"";"";"";"";" | ";"";"";"";"";"";"";"";"";"";"";"";"";"";"";"";""
"Vietnam";"VIE";"U21 Championship";"03-07-2026 06:00";"NS";"Công An Hà Nội U21";"";"";"Phù Đổng U21";"";"";"38 | 52";"34 | 0";"";"";"1 | 0";"";"";"";"";"";"30 | 0";"10 | 0";"60 | 100";"33 | 0";"40 | 0";"90 | 100";"70 | 100";"0x2 | 1x0";"";"1 | 0";"1.9 | 1.5";"2.2";"";"1 | 2";"10 | 2";"";"";"";"";"";"";"";"";""
"Vietnam";"VIE";"U21 Championship";"03-07-2026 06:00";"NS";"SLNA U21";"";"";"PVF-CAND U21";"";"";"80 | 84";"65 | 65";"";"56 | 50";"1.7 | 2.3";"34 | 39";"5.2 | 6";"3";"0 | 67";"33";"40 | 70";"50 | 20";"10 | 10";"57 | 77";"90 | 90";"50 | 80";"60 | 30";"0x0 | 0x1";"18";"1.9 | 1.9";"0.7 | 0.6";"2.6";"53 | 48";"1 | 2";"10 | 10";"9.8 | 11.4";"5.6 | 9.2";"8.5";"2 | 4";"5.2 | 5.8";"2 | 3.2";"2.2 | 3.2";"5.3";""
"Yemen";"YEM";"Yemeni League";"03-07-2026 10:00";"NS";"Ittihad Hadramout FC";"";"";"Wahda Sana’a FC";"";"";"74 | 100";"20 | 24";"";"";"0.8 | 1.5";"";"";"4";"0 | 0";"100";"10 | 30";"50 | 60";"40 | 10";"27 | 50";"60 | 90";"50 | 40";"90 | 70";"0x0 | 0x0";"";"0.6 | 0.7";"0.9 | 0.3";"1.2";"";"11 | 3";"10 | 10";"";"";"";"";"";"";"";"";"1.2"
"Yemen";"YEM";"Yemeni League";"03-07-2026 10:00";"NS";"Ittihad FC IBB";"";"";"Fahman FC";"";"";"80 | 84";"3 | 41";"";"";"0.7 | 1.5";"";"";"4";"25 | 50";"25";"10 | 40";"40 | 30";"50 | 30";"23 | 50";"50 | 70";"60 | 70";"90 | 60";"0x0 | 0x0";"";"0.1 | 1.2";"0.7 | 0.6";"1.3";"";"12 | 9";"10 | 10";"";"";"";"";"";"";"";"";"1.2"
"Australia";"AUS";"South Australia NPL Women";"03-07-2026 05:45";"NS";"Adelaide Comets W";"";"";"FFSA NTC W";"";"";"66 | 32";"88 | 44";"";"53 | 51";"1.8 | 1";"68 | 60";"4.7 | 7.2";"10";"60 | 10";"30";"50 | 30";"30 | 10";"20 | 60";"60 | 33";"80 | 40";"70 | 90";"50 | 70";"1x1 | 0x2";"19";"2.6 | 1.3";"1.1 | 2.1";"3.6";"50 | 53";"4 | 6";"10 | 10";"12.1 | 9";"9 | 8";"10.6";"4 | 6.1";"5.7 | 5.3";"0.7 | 0.2";"1 | 0.5";"1.2";"1.3"
"Australia";"AUS";"South Australia NPL Women";"03-07-2026 05:45";"NS";"Adelaide University W";"";"";"West Adelaide W";"";"";"42 | 77";"48 | 100";"";"45 | 64";"1.1 | 2.7";"55 | 78";"5.7 | 3.5";"10";"10 | 60";"30";"30 | 90";"20 | 0";"50 | 10";"37 | 90";"50 | 90";"80 | 100";"70 | 10";"0x3 | 0x3";"20.2";"1.4 | 4.2";"1.8 | 0.8";"4.1";"48 | 55";"7 | 1";"10 | 10";"7.8 | 15.5";"12.1 | 5";"10.3";"6 | 2.8";"3.4 | 8.3";"0.4 | 0.2";"0.5 | 1";"1";"1.3"
"Australia";"AUS";"South Australia NPL Women";"03-07-2026 07:45";"NS";"Flinders United W";"";"";"Campbelltown City W";"";"";"2 | 63";"31 | 58";"";"34 | 54";"0.3 | 2";"39 | 68";"4.6 | 7.2";"4";"25 | 75";"0";"10 | 60";"0 | 20";"90 | 20";"10 | 67";"10 | 80";"100 | 80";"90 | 40";"0x5 | 0x1";"19";"0.9 | 1.7";"4.3 | 1.2";"4";"41 | 52";"10 | 5";"10 | 10";"4.2 | 10.6";"15.8 | 7.5";"11";"9 | 3.9";"2.4 | 6.8";"0.1 | 0.8";"0.6 | 0.9";"1.2";"1.3"
"Australia";"AUS";"Victoria NPL Women";"03-07-2026 07:30";"NS";"Spring Hills W";"";"";"Heidelberg United W";"";"";"77 | 42";"27 | 65";"";"43 | 47";"1.3 | 1.3";"42 | 56";"5.9 | 5.3";"3";"0 | 67";"33";"40 | 40";"10 | 10";"50 | 50";"43 | 43";"50 | 50";"90 | 90";"60 | 60";"0x1 | 3x1";"18.9";"0.8 | 1.9";"0.8 | 1.8";"2.7";"46 | 50";"9 | 10";"10 | 10";"4.7 | 10.1";"9.3 | 13.6";"9.1";"4.8 | 6.9";"2.3 | 4.4";"0.2 | 0.7";"0.8 | 0.8";"1.2";"1.5"
"Australia";"AUS";"Victoria NPL Women";"03-07-2026 07:30";"NS";"Bentleigh Greens W";"";"";"Bulleen Lions W";"";"";"38 | 80";"61 | 68";"";"34 | 59";"1 | 2.5";"37 | 63";"3.3 | 7.3";"5";"0 | 100";"0";"30 | 80";"10 | 10";"60 | 10";"33 | 83";"40 | 90";"90 | 90";"70 | 20";"0x1 | 1x2";"22";"1.8 | 2";"1.9 | 0.7";"3.2";"42 | 55";"14 | 2";"10 | 10";"6 | 14.6";"15.9 | 7.6";"11";"7.5 | 4";"3.8 | 6.7";"0.9 | 1";"0 | 0.6";"1.2";"1.5"
"Australia";"AUS";"Victoria NPL Women";"03-07-2026 23:00";"NS";"Avondale W";"";"";"Essendon Royals W";"";"";"63 | 77";"75 | 88";"";"54 | 59";"1.9 | 2.3";"56 | 73";"5.5 | 5.4";"";"";"";"60 | 70";"10 | 20";"30 | 10";"63 | 77";"70 | 90";"90 | 80";"40 | 30";"2x1 | 1x1";"22.7";"2.2 | 2.6";"1.2 | 0.8";"3.4";"52 | 55";"5 | 1";"10 | 10";"12.1 | 14.1";"9.4 | 9.8";"12.8";"5 | 4.8";"7.4 | 8.3";"0.8 | 0.8";"0.2 | 1.5";"1.6";"1.5"
"Australia";"AUS";"Tasmania Women's Super League";"03-07-2026 23:15";"NS";"Devonport Strikers W";"";"";"Launceston United W";"";"";"100 | 14";"100 | 78";"";"66 | 56";"3 | 1.2";"79 | 67";"3.8 | 5.7";"10";"100 | 0";"0";"100 | 40";"0 | 0";"0 | 60";"100 | 40";"100 | 40";"100 | 100";"0 | 60";"3x0 | 0x2";"21";"4.3 | 2.3";"0.3 | 2.6";"4.8";"55 | 50";"1 | 5";"10 | 10";"16.2 | 13.1";"3.7 | 9.1";"12";"2.2 | 5.5";"9.2 | 7.1";"0.8 | 0.2";"0.3 | 0.8";"1.1";"0.9"
"Australia";"AUS";"Tasmania Women's Super League";"03-07-2026 23:15";"NS";"Glenorchy Knights W";"";"";"Kingborough United W";"";"";"66 | 4";"100 | 65";"";"61 | 49";"2.2 | 1.1";"76 | 65";"3.9 | 6.5";"8";"38 | 50";"12";"70 | 30";"10 | 20";"20 | 50";"73 | 37";"80 | 50";"90 | 80";"30 | 70";"6x1 | 2x4";"24.7";"3.7 | 1.9";"1.1 | 2.9";"4.8";"54 | 48";"2 | 4";"10 | 10";"14.6 | 12.4";"7.7 | 14.8";"13.9";"5 | 8";"8 | 6.8";"0.4 | 0.5";"0.4 | 0.8";"1";"0.9"
"Australia";"AUS";"QLD FQPL 1 Women";"03-07-2026 06:30";"NS";"Moreton City Excelsior W";"";"";"North Lakes United W";"";"";"38 | 88";"51 | 100";"";"43 | 72";"0.8 | 2.7";"43 | 118";"7.1 | 4.1";"3";"0 | 100";"0";"10 | 90";"50 | 0";"40 | 10";"27 | 90";"60 | 90";"50 | 100";"90 | 10";"1x1 | 0x3";"24.6";"1.5 | 3.8";"1.9 | 0.5";"3.8";"47 | 64";"10 | 2";"10 | 10";"10.6 | 15.7";"15.5 | 7.3";"14.4";"7.9 | 4.2";"6.2 | 10.5";"0.5 | 0.7";"0.6 | 0.8";"1.3";"1.3"
"Belarus";"BLR";"Women's Cup";"03-07-2026 21:00";"NS";"Vitebsk W";"";"";"Minsk FK W";"";"";"66 | 100";"68 | 100";"";"59 | 78";"1.9 | 3";"81 | 93";"5 | 3.2";"10";"0 | 90";"10";"60 | 100";"10 | 0";"30 | 0";"63 | 100";"70 | 100";"90 | 100";"40 | 0";"3x1 | 0x1";"18.8";"2 | 4.1";"1.1 | 0.3";"3.8";"51 | 69";"";"10 | 10";"10 | 13";"7.3 | 7.2";"5.4";"2 | 1.8";"2.7 | 4.5";"0.4 | 0.6";"0.1 | 0.3";"0.8";"0"
"Belarus";"BLR";"Women's Cup";"03-07-2026 21:00";"NS";"Dnepr Mogilev W";"";"";"Dinamo-BGU W";"";"";"84 | 77";"100 | 92";"";"44 | 82";"2.5 | 2.1";"51 | 129";"";"10";"0 | 80";"20";"80 | 70";"10 | 0";"10 | 30";"83 | 70";"90 | 70";"90 | 100";"20 | 30";"4x0 | 2x1";"";"4.7 | 2.7";"0.6 | 0.8";"4.4";"48 | 70";"";"10 | 10";"";"";"";"";"";"0.7 | 0.2";"0.3 | 1.2";"1.2";"0"
"Europe";"EUR";"Euro U19 Women";"03-07-2026 12:00";"NS";"Germany U19 W";"";"";"Sweden U19 W";"";"";"60 | 63";"88 | 34";"";"69 | 48";"1.9 | 1.9";"77 | 44";"7.4 | 8.9";"5";"60 | 40";"0";"60 | 60";"10 | 10";"30 | 30";"63 | 63";"70 | 70";"90 | 90";"40 | 40";"0x1 | 0x1";"22.3";"2.6 | 1";"1.3 | 1.2";"3";"62 | 48";"1 | 2";"10 | 10";"19.9 | 8.9";"6.3 | 9.5";"9.7";"3.7 | 3.4";"9.1 | 3.2";"1.3 | 1.4";"1.4 | 1.2";"2.7";""
"Europe";"EUR";"Euro U19 Women";"03-07-2026 12:00";"NS";"Poland U19 W";"";"";"Bosnia & Herzegovina U19 W";"";"";"100 | 52";"68 | 75";"";"61 | 48";"2.1 | 1.1";"55 | 50";"7.9 | 4.1";"";"";"";"60 | 30";"30 | 20";"10 | 50";"70 | 37";"90 | 50";"70 | 80";"40 | 70";"0x0 | 2x1";"23.4";"2 | 2.2";"0.1 | 1.5";"2.9";"58 | 51";"3 | 4";"10 | 10";"16.1 | 9";"9.7 | 12";"10.2";"3.9 | 4.9";"6.6 | 5";"0.4 | 1.4";"2 | 2.4";"3.1";""
"Finland";"FIN";"Ykkönen Women";"03-07-2026 12:30";"NS";"Honka W";"";"";"EBK W";"";"";"100 | 77";"88 | 100";"";"59 | 62";"2.6 | 2.7";"57 | 73";"3.6 | 2.8";"3";"33 | 33";"33";"80 | 90";"20 | 0";"0 | 10";"87 | 90";"100 | 90";"80 | 100";"20 | 10";"1x0 | 1x4";"14";"2.6 | 3.3";"0.3 | 0.8";"3.5";"58 | 59";"2 | 1";"10 | 10";"9.4 | 9.3";"5.8 | 3.6";"7.6";"2 | 1.6";"6.2 | 5.6";"0.5 | 0.7";"0.5 | 1.6";"1.6";"1.7"
"Iceland";"ISL";"2. Deild Women";"03-07-2026 16:15";"NS";"KÞ Reykjavík W";"";"";"Smári W";"";"";"2 | 2";"71 | 10";"";"";"1 | 0.2";"";"";"3";"100 | 0";"0";"30 | 0";"10 | 20";"60 | 80";"33 | 7";"40 | 20";"90 | 80";"70 | 100";"0x1 | 1x0";"";"2.1 | 0.3";"3.1 | 7.6";"6.6";"";"7 | 12";"10 | 10";"";"";"";"";"";"";"";"";"2.1"
"Northern Ireland";"NIR";"Premiership Women";"03-07-2026 15:45";"POSTPONED";"Lisburn Rangers W";"";"";"Glentoran BU W";"";"";"21 | 60";"58 | 100";"";"39 | 69";"1.3 | 2.4";"44 | 78";"5.6 | 4.5";"8";"0 | 100";"0";"40 | 80";"10 | 0";"50 | 20";"43 | 80";"50 | 80";"90 | 100";"60 | 20";"3x0 | 1x3";"23.9";"1.7 | 3.5";"2.4 | 1.3";"4.4";"43 | 62";"5 | 1";"10 | 10";"9.6 | 15.9";"13.6 | 8.7";"10.9";"7.4 | 3.6";"3.8 | 7";"0.8 | 0.6";"1.2 | 0.9";"1.7";"1.3"
"Northern Ireland";"NIR";"Premiership Women";"03-07-2026 15:45";"POSTPONED";"Linfield W";"";"";"Cliftonville W";"";"";"63 | 63";"100 | 100";"";"61 | 64";"1.9 | 2.3";"71 | 71";"4.1 | 4.8";"10";"0 | 90";"10";"60 | 70";"10 | 20";"30 | 10";"63 | 77";"70 | 90";"90 | 80";"40 | 30";"2x3 | 2x3";"27.3";"5 | 3.9";"1.2 | 1.2";"5.6";"54 | 60";"3 | 2";"10 | 10";"20.7 | 18.8";"9.9 | 5.2";"15.2";"4.3 | 3.8";"12.9 | 9.5";"1 | 0.5";"1.3 | 0.5";"1.6";"1.3"
"Northern Ireland";"NIR";"Premiership Women";"03-07-2026 15:45";"POSTPONED";"Linfield W";"";"";"Lisburn Rangers W";"";"";"63 | 21";"100 | 58";"";"61 | 39";"1.9 | 1.3";"71 | 44";"4.1 | 5.6";"5";"60 | 40";"0";"60 | 40";"10 | 10";"30 | 50";"63 | 43";"70 | 50";"90 | 90";"40 | 60";"2x3 | 0x3";"26.9";"5 | 1.7";"1.2 | 2.4";"5.2";"54 | 43";"3 | 5";"10 | 10";"20.7 | 9.6";"9.9 | 13.6";"14.2";"4.3 | 7.4";"12.9 | 3.8";"1 | 0.8";"1.3 | 1.2";"2.2";"1.3"
"Northern Ireland";"NIR";"Premiership Women";"03-07-2026 15:45";"NS";"Larne W";"";"";"Lisburn W";"";"";"2 | 2";"20 | 17";"";"23 | 37";"0.5 | 0.4";"27 | 40";"6.3 | 12.8";"9";"11 | 67";"22";"10 | 10";"20 | 10";"70 | 80";"17 | 13";"30 | 20";"80 | 90";"90 | 90";"0x3 | 3x0";"24.1";"0.6 | 0.5";"4.2 | 4";"4.6";"28 | 44";"7 | 8";"10 | 10";"3.8 | 6.4";"23.2 | 14.9";"14";"14.8 | 7.4";"2.8 | 3.1";"1 | 0.5";"0 | 0.5";"1";"1.3"
"Northern Ireland";"NIR";"Premiership Women";"03-07-2026 15:45";"NS";"Derry City W";"";"";"Crusaders Strikers W";"";"";"14 | 2";"61 | 61";"";"37 | 43";"0.9 | 1";"35 | 49";"3.6 | 5.1";"10";"40 | 60";"0";"30 | 30";"0 | 10";"70 | 60";"30 | 33";"30 | 40";"100 | 90";"70 | 70";"1x3 | 1x3";"21.7";"1.8 | 1.8";"2.6 | 3.4";"4.8";"46 | 47";"6 | 4";"10 | 10";"6.4 | 9.2";"9.8 | 18";"11.2";"5.2 | 8.8";"3.4 | 5";"1.4 | 1";"1.2 | 0.4";"2";"1.3"
"Northern Ireland";"NIR";"Championship Women";"03-07-2026 15:45";"NS";"Mid-Ulster W";"";"";"Sion Swifts W";"";"";"2 | 74";"34 | 100";"";"43 | 72";"0.5 | 2.5";"36 | 61";"8.7 | 6.1";"10";"10 | 80";"10";"10 | 80";"20 | 10";"70 | 10";"17 | 83";"30 | 90";"80 | 90";"90 | 20";"0x0 | 0x6";"25.9";"1 | 4.1";"3.1 | 0.9";"4.6";"48 | 55";"10 | 1";"10 | 10";"8.7 | 25.2";"14.3 | 3.7";"15.6";"9.3 | 2";"4.7 | 15.3";"0.4 | 0.6";"0.9 | 0.7";"1.3";"1.1"
"New Zealand";"NZL";"National League Women";"03-07-2026 20:30";"NS";"Palmerston North Marist W";"";"";"Wellington United W";"";"";"2 | 60";"41 | 100";"";"";"0.4 | 2.5";"";"";"4";"0 | 75";"25";"10 | 80";"10 | 10";"80 | 10";"13 | 83";"20 | 90";"90 | 90";"90 | 20";"0x10 | 0x8";"";"1.2 | 5.9";"5.4 | 1.3";"6.9";"";"9 | 3";"10 | 10";"";"";"";"";"";"";"";"";"2.2"
"New Zealand";"NZL";"Women's Cup";"03-07-2026 21:00";"NS";"Dunedin City Royals W";"";"";"Cashmere Technical W";"";"";"80 | 100";"100 | 100";"";"";"2.4 | 2.8";"";"";"5";"40 | 40";"20";"80 | 90";"0 | 10";"20 | 0";"80 | 93";"80 | 100";"100 | 90";"20 | 10";"2x0 | 0x0";"";"4.1 | 5.4";"0.7 | 0.4";"5.3";"";"";"10 | 10";"";"";"";"";"";"";"";"";"0"
"New Zealand";"NZL";"Women's Cup";"03-07-2026 23:00";"NS";"Eastern Suburbs W";"";"";"Auckland United W";"";"";"100 | 80";"100 | 100";"";"48 | 65";"2.8 | 2.6";"48 | 61";"2.4 | 3.5";"10";"20 | 60";"20";"90 | 80";"10 | 20";"0 | 0";"93 | 87";"100 | 100";"90 | 80";"10 | 20";"2x0 | 0x6";"19.6";"3.8 | 3.9";"0.3 | 0.7";"4.4";"44 | 62";"";"10 | 10";"9 | 13.7";"11 | 5.7";"13.2";"6.5 | 4.3";"6.5 | 9";"0 | 1";"1.5 | 0";"1.2";"0"
"Russia";"RUS";"Women's Cup";"03-07-2026 11:00";"NS";"Ryazan VDV W";"";"";"Chertanovo W";"";"";"35 | 42";"24 | 51";"";"56 | 44";"0.6 | 1.3";"55 | 43";"11.1 | 4.6";"10";"10 | 40";"50";"10 | 40";"30 | 10";"60 | 50";"20 | 43";"40 | 50";"70 | 90";"90 | 60";"0x3 | 1x0";"15.8";"0.7 | 1.5";"2 | 1.8";"3";"55 | 48";"";"10 | 10";"7.8 | 6.4";"8 | 9.4";"8";"3.6 | 6";"2.6 | 3.7";"1.3 | 1.2";"1.3 | 1.8";"2.8";"0"
"World";"WOR";"Club Friendlies 1";"03-07-2026 15:30";"NS";"River Plate";"";"";"Flamengo";"";"";"77 | 74";"54 | 54";"";"66 | 60";"2 | 1.8";"61 | 51";"8 | 7.8";"3";"0 | 33";"67";"60 | 50";"20 | 30";"20 | 20";"67 | 60";"80 | 80";"80 | 70";"40 | 50";"1x0 | 1x1";"27";"1.6 | 1.6";"0.8 | 0.9";"2.4";"64 | 59";"1 | 2";"10 | 10";"17.2 | 17";"8.2 | 11.5";"9.9";"3.2 | 4";"6.2 | 6.3";"2.5 | 2.6";"3.3 | 3.1";"5.8";"3.3"
"World";"WOR";"Club Friendlies 3";"03-07-2026 05:00";"CANCELLED";"Blau-Weiß Linz";"";"";"SK Artis Brno";"";"";"60 | 38";"58 | 51";"";"57 | 52";"1.4 | 1.1";"51 | 49";"6.3 | 6.8";"";"";"";"40 | 30";"20 | 20";"40 | 50";"47 | 37";"60 | 50";"80 | 80";"60 | 70";"3x0 | 1x1";"23.3";"1.7 | 1.5";"1.3 | 1.9";"3.2";"52 | 48";"1 | 2";"10 | 10";"14.9 | 10.8";"9.1 | 11.8";"8.5";"2.5 | 5.4";"5.5 | 3.6";"1.6 | 1.5";"2.4 | 1.4";"3.4";"2.1"
"World";"WOR";"Club Friendlies 3";"03-07-2026 06:00";"NS";"Trenčín";"";"";"Zlín";"";"";"56 | 42";"68 | 48";"";"48 | 45";"2.1 | 1.2";"46 | 41";"5.7 | 5.4";"4";"25 | 50";"25";"70 | 30";"0 | 30";"30 | 40";"70 | 40";"70 | 60";"100 | 70";"30 | 70";"1x0 | 2x0";"25.1";"2 | 1.4";"1.4 | 1.8";"3.3";"55 | 45";"1 | 2";"10 | 10";"14.9 | 8.9";"13.2 | 13.2";"9";"4.7 | 4.8";"5.2 | 3.3";"1.2 | 1.6";"1.4 | 1.6";"3";"2.1"
"World";"WOR";"Club Friendlies 3";"03-07-2026 07:00";"NS";"Vejle Boldklub";"";"";"Randers FC";"";"";"46 | 21";"41 | 34";"";"44 | 54";"1 | 0.6";"42 | 53";"7.3 | 10.8";"10";"0 | 70";"30";"20 | 10";"40 | 30";"40 | 60";"33 | 20";"60 | 40";"60 | 70";"80 | 90";"1x1 | 2x2";"25.7";"1.2 | 1";"1.7 | 2.4";"3.2";"49 | 50";"1 | 2";"10 | 10";"11 | 13.8";"15 | 11.6";"10.3";"5.8 | 5.6";"4.1 | 5.1";"1.9 | 1.1";"1.5 | 1.4";"3";"2.1"
"World";"WOR";"Club Friendlies 3";"03-07-2026 07:00";"NS";"Hvidovre";"";"";"HB Køge";"1.56";"4.20";"25 | 80";"31 | 54";"1";"49 | 48";"0.6 | 2";"46 | 46";"10.2 | 5.4";"10";"70 | 10";"20";"10 | 60";"30 | 20";"60 | 20";"20 | 67";"40 | 80";"70 | 80";"90 | 40";"1x1 | 0x2";"24.7";"0.9 | 1.6";"2.3 | 0.7";"2.8";"48 | 46";"1 | 2";"10 | 10";"13.3 | 11.8";"13.7 | 10.6";"9.1";"6.7 | 3.3";"3.9 | 4.3";"1.6 | 1.9";"1.2 | 1.7";"3.2";"2.1"
"World";"WOR";"Club Friendlies 3";"03-07-2026 08:00";"NS";"Viborg FF";"";"";"Aalborg BK";"";"";"46 | 49";"41 | 58";"";"48 | 50";"0.9 | 1.8";"48 | 47";"9.2 | 6.1";"10";"70 | 20";"10";"20 | 50";"30 | 30";"50 | 20";"30 | 60";"50 | 80";"70 | 70";"80 | 50";"1x1 | 1x1";"27";"1.2 | 1.7";"1.7 | 1.6";"3.1";"46 | 50";"1 | 2";"10 | 10";"13.3 | 13";"14.7 | 13.1";"10.1";"5.5 | 4.5";"4.8 | 5.4";"1.7 | 1.7";"1.9 | 1.6";"3.4";"2.1"
"World";"WOR";"Club Friendlies 3";"03-07-2026 09:00";"NS";"Jong FC Utrecht";"";"";"Werder Bremen II";"";"";"66 | 38";"37 | 44";"";"";"1.3 | 1";"";"";"";"";"";"40 | 20";"10 | 40";"50 | 40";"43 | 33";"50 | 60";"90 | 60";"60 | 80";"0x1 | 1x1";"";"1.1 | 1.3";"1.1 | 1.9";"2.7";"";"1 | 2";"10 | 10";"";"";"";"";"";"";"";"";"2.1"
"World";"WOR";"Club Friendlies 3";"03-07-2026 10:00";"NS";"Ried";"";"";"Jahn Regensburg";"";"";"60 | 49";"37 | 58";"";"52 | 51";"1.4 | 1.3";"41 | 50";"7.6 | 7.1";"2";"0 | 50";"50";"40 | 40";"20 | 10";"40 | 50";"47 | 43";"60 | 50";"80 | 90";"60 | 60";"2x1 | 1x0";"22.2";"1.1 | 1.7";"1.3 | 1.6";"2.8";"55 | 50";"1 | 2";"10 | 10";"11.1 | 12";"11.1 | 10.2";"9";"4.4 | 5.3";"3 | 5.3";"1.6 | 2.4";"1.8 | 2.4";"4.2";"2.1"
"World";"WOR";"Club Friendlies 3";"03-07-2026 10:00";"NS";"Brann";"";"";"Kristiansund";"";"";"49 | 49";"68 | 27";"";"53 | 45";"1.4 | 0.8";"51 | 41";"4.3 | 11.1";"10";"50 | 20";"30";"40 | 20";"20 | 20";"40 | 60";"47 | 27";"60 | 40";"80 | 80";"60 | 80";"2x1 | 1x1";"25.2";"2 | 0.8";"1.6 | 1.6";"3";"55 | 45";"1 | 2";"10 | 10";"11.7 | 11.9";"13 | 13.8";"9.1";"4.3 | 5.6";"4.9 | 3.5";"1.9 | 2.3";"1.5 | 1.4";"3.6";"2.1"
"World";"WOR";"Club Friendlies 3";"03-07-2026 11:00";"NS";"Rubin Kazan";"";"";"Orenburg";"";"";"84 | 56";"27 | 27";"";"50 | 53";"1.5 | 1.1";"50 | 52";"8.9 | 11.8";"10";"40 | 30";"30";"30 | 30";"60 | 20";"10 | 50";"50 | 37";"90 | 50";"40 | 80";"70 | 70";"0x0 | 0x1";"24.8";"0.8 | 0.8";"0.6 | 1.4";"1.8";"48 | 53";"1 | 2";"10 | 10";"9.9 | 12.9";"13.3 | 13.4";"7";"3.4 | 4.2";"3.1 | 3.3";"1.9 | 2.1";"2.1 | 1.9";"4";"2.1"
"World";"WOR";"Club Friendlies 3";"03-07-2026 12:00";"NS";"Biel-Bienne";"";"";"Yverdon Sport";"";"";"66 | 49";"65 | 85";"";"53 | 45";"1.6 | 2";"52 | 44";"7.8 | 4.1";"7";"43 | 29";"29";"40 | 60";"40 | 20";"20 | 20";"53 | 67";"80 | 80";"60 | 80";"60 | 40";"1x1 | 2x2";"27.8";"1.9 | 2.5";"1.1 | 1.6";"3.6";"53 | 46";"1 | 2";"10 | 10";"14.9 | 14.2";"11.9 | 14.6";"9.1";"4.2 | 4.5";"4.9 | 4.6";"1.6 | 2.1";"2.2 | 2.3";"4.1";"2.1"
"World";"WOR";"Club Friendlies 3";"03-07-2026 13:00";"NS";"Wolfsberger AC";"";"";"Admira";"";"";"74 | 63";"41 | 17";"";"47 | 52";"1.7 | 1";"38 | 53";"5.8 | 21.4";"10";"50 | 20";"30";"50 | 20";"20 | 40";"30 | 40";"57 | 33";"70 | 60";"80 | 60";"50 | 80";"0x0 | 0x0";"20.8";"1.2 | 0.5";"0.9 | 1.2";"1.9";"46 | 51";"1 | 2";"10 | 10";"9.3 | 11.4";"11.7 | 9.3";"7.2";"3.5 | 3.1";"3.4 | 4.3";"1.4 | 1.3";"1.5 | 2.3";"3.2";"2.1"
"World";"WOR";"Club Friendlies 3";"03-07-2026 13:00";"NS";"St. Pölten";"";"";"SK Artis Brno";"";"";"88 | 38";"41 | 51";"";"57 | 52";"2.1 | 1.1";"49 | 49";"8.9 | 6.8";"";"";"";"60 | 30";"30 | 20";"10 | 50";"70 | 37";"90 | 50";"70 | 80";"40 | 70";"0x0 | 1x1";"21.3";"1.2 | 1.5";"0.5 | 1.9";"2.6";"56 | 48";"1 | 2";"10 | 10";"11 | 10.8";"9 | 11.8";"8";"3 | 5.4";"3.9 | 3.6";"1.7 | 1.5";"1.2 | 1.4";"2.9";"2.1"
"World";"WOR";"Club Friendlies 3";"03-07-2026 13:00";"NS";"Energie Cottbus";"";"";"Altglienicke";"";"";"74 | 66";"78 | 58";"";"";"2.1 | 1.8";"";"";"10";"40 | 40";"20";"70 | 50";"0 | 30";"30 | 20";"70 | 60";"70 | 80";"100 | 70";"30 | 50";"1x2 | 1x1";"";"2.3 | 1.7";"0.9 | 1.1";"3";"";"1 | 2";"10 | 10";"";"";"";"";"";"";"";"";"2.1"
"World";"WOR";"Club Friendlies 3";"03-07-2026 13:00";"NS";"Schweinfurt";"";"";"Zwickau";"";"";"38 | 56";"41 | 48";"";"";"0.8 | 1.9";"";"";"";"";"";"10 | 60";"50 | 10";"40 | 30";"27 | 63";"60 | 70";"50 | 90";"90 | 40";"1x1 | 0x1";"";"1.2 | 1.4";"1.9 | 1.4";"3";"";"1 | 2";"10 | 10";"";"";"";"";"";"2.3 | 1";"1.3 | 2.3";"3.5";"2.1"
"World";"WOR";"Club Friendlies 3";"03-07-2026 13:00";"NS";"Oudenaarde";"";"";"Zulte-Waregem";"";"";"56 | 52";"41 | 54";"";"49 | 52";"1.2 | 1.9";"46 | 46";"11.7 | 5.2";"2";"0 | 100";"0";"30 | 60";"30 | 10";"40 | 30";"40 | 63";"60 | 70";"70 | 90";"70 | 40";"1x0 | 1x2";"25.2";"1.2 | 1.6";"1.4 | 1.5";"2.8";"41 | 49";"1 | 2";"10 | 10";"14 | 12.9";"12 | 11.6";"8.9";"3 | 4.2";"6 | 4.6";"2 | 0.8";"1.5 | 2.1";"3.2";"2.1"
"World";"WOR";"Club Friendlies 3";"03-07-2026 13:00";"NS";"BFC Dynamo";"";"";"Phönix Lübeck";"";"";"49 | 60";"54 | 75";"";"";"1.2 | 2.2";"";"";"";"";"";"30 | 70";"30 | 10";"40 | 20";"40 | 73";"60 | 80";"70 | 90";"70 | 30";"2x2 | 0x1";"";"1.6 | 2.2";"1.6 | 1.3";"3.4";"";"1 | 2";"10 | 10";"";"";"";"";"";"";"";"";"2.1"
"World";"WOR";"Club Friendlies 3";"03-07-2026 13:30";"NS";"Budissa Bautzen";"";"";"Dynamo Dresden";"";"";"42 | 63";"68 | 65";"";"";"1.8 | 1.6";"";"";"2";"0 | 100";"0";"50 | 50";"30 | 10";"20 | 40";"60 | 53";"80 | 60";"70 | 90";"50 | 50";"1x1 | 0x2";"";"2 | 1.9";"1.8 | 1.2";"3.4";"";"1 | 2";"10 | 10";"";"";"";"";"";"";"";"";"2.1"
"World";"WOR";"Club Friendlies 3";"03-07-2026 13:30";"NS";"Krems";"";"";"First Vienna";"";"";"38 | 80";"65 | 48";"";"53 | 53";"0.8 | 1.8";"49 | 54";"5.7 | 8.1";"";"";"";"10 | 50";"50 | 30";"40 | 20";"27 | 60";"60 | 80";"50 | 70";"90 | 50";"1x1 | 0x0";"21.6";"1.9 | 1.4";"1.9 | 0.7";"3";"54 | 51";"1 | 2";"10 | 10";"10.9 | 11.4";"11.4 | 9.5";"8.6";"4.1 | 3.2";"5.3 | 4.5";"1.9 | 1.9";"2.6 | 1.1";"3.8";"2.1"
"World";"WOR";"Club Friendlies 3";"03-07-2026 13:30";"NS";"FC Germania Teveren";"";"";"Alemannia Aachen";"";"";"49 | 77";"68 | 99";"";"";"1.4 | 2.6";"";"";"2";"0 | 100";"0";"40 | 80";"20 | 20";"40 | 0";"47 | 87";"60 | 100";"80 | 80";"60 | 20";"0x0 | 1x3";"";"2 | 2.9";"1.6 | 0.8";"3.6";"";"1 | 2";"10 | 10";"";"";"";"";"";"";"";"";"2.1"
"World";"WOR";"Club Friendlies 3";"03-07-2026 13:30";"NS";"Wildon";"";"";"Voitsberg";"";"";"38 | 84";"92 | 100";"";"53 | 64";"1.5 | 2.5";"54 | 63";"4.6 | 4.2";"8";"12 | 75";"12";"40 | 80";"30 | 10";"30 | 10";"50 | 83";"70 | 90";"70 | 90";"60 | 20";"1x2 | 0x7";"22.8";"2.7 | 3.5";"1.9 | 0.6";"4.4";"55 | 59";"1 | 2";"10 | 10";"12.4 | 14.7";"11.6 | 6.8";"11.5";"6 | 3";"6.3 | 7.7";"1 | 1.7";"2 | 1.8";"3.2";"2.1"
"World";"WOR";"Club Friendlies 3";"03-07-2026 13:30";"NS";"Metz";"";"";"Mondorf-les-Bains";"";"";"25 | 84";"34 | 54";"";"45 | 50";"0.4 | 2.1";"41 | 38";"8.7 | 3.8";"";"";"";"0 | 60";"40 | 30";"60 | 10";"13 | 70";"40 | 90";"60 | 70";"100 | 40";"0x0 | 0x1";"21.4";"1 | 1.6";"2.3 | 0.6";"2.8";"49 | 45";"1 | 2";"10 | 10";"11.6 | 6";"17.2 | 8";"7.4";"5.8 | 2.7";"3.5 | 2.8";"1.6 | 2.5";"1.8 | 2";"4";"2.1"
"World";"WOR";"Club Friendlies 3";"03-07-2026 14:00";"NS";"Fortuna Sittard";"";"";"Koninklijke Lierse Sportkring";"";"";"35 | 63";"44 | 51";"";"43 | 50";"1 | 1.7";"42 | 45";"7.3 | 7.1";"";"";"";"30 | 50";"10 | 20";"60 | 30";"33 | 57";"40 | 70";"90 | 80";"70 | 50";"1x2 | 1x1";"27.2";"1.3 | 1.5";"2 | 1.2";"3";"44 | 48";"1 | 2";"10 | 10";"12.5 | 13";"14.4 | 14.4";"10.4";"5.4 | 5.6";"4.4 | 5.3";"1.7 | 1.9";"1 | 2.7";"3.6";"2.1"
"World";"WOR";"Club Friendlies 3";"03-07-2026 14:00";"NS";"Monheim";"";"";"Fortuna Düsseldorf";"";"";"42 | 38";"37 | 34";"";"";"1.2 | 0.9";"";"";"";"";"";"40 | 30";"0 | 0";"60 | 70";"40 | 30";"40 | 30";"100 | 100";"60 | 70";"1x4 | 1x0";"";"1.1 | 1";"1.8 | 1.9";"2.9";"";"1 | 2";"10 | 10";"";"";"";"";"";"";"";"";"2.1"
"World";"WOR";"Club Friendlies 3";"03-07-2026 15:30";"NS";"Limavady United";"";"";"H&W Welders";"";"";"77 | 42";"61 | 54";"";"47 | 53";"1.9 | 1.1";"46 | 49";"4.9 | 3.9";"10";"50 | 20";"30";"60 | 30";"10 | 20";"30 | 50";"63 | 37";"70 | 50";"90 | 80";"40 | 70";"0x2 | 0x0";"16";"1.8 | 1.6";"0.8 | 1.8";"3";"48 | 46";"1 | 2";"10 | 10";"8.8 | 6.3";"9.5 | 7.3";"8.4";"5.8 | 4.3";"3.8 | 3";"1.5 | 1.3";"2.2 | 1";"3";"2.1"
"World";"WOR";"Club Friendlies 3";"03-07-2026 15:45";"NS";"Dartford";"";"";"Charlton Athletic";"";"";"49 | 56";"99 | 34";"";"54 | 42";"1.8 | 0.9";"54 | 38";"3.7 | 7.5";"4";"0 | 100";"0";"50 | 20";"30 | 30";"20 | 50";"60 | 30";"80 | 50";"70 | 70";"50 | 80";"2x2 | 1x1";"23.3";"2.9 | 1";"1.6 | 1.4";"3.4";"51 | 39";"1 | 2";"10 | 10";"10.6 | 10.9";"7.4 | 17.7";"8.6";"3.6 | 5.6";"4.6 | 3.5";"1.4 | 2";"1.4 | 1.6";"3.2";"2.1"
"World";"WOR";"Club Friendlies 3";"03-07-2026 21:00";"CANCELLED";"Pogoń Siedlce";"";"";"Znicz Pruszków";"";"";"42 | 32";"24 | 58";"";"42 | 50";"0.6 | 1.1";"45 | 53";"11 | 7";"10";"60 | 30";"10";"20 | 30";"0 | 20";"80 | 50";"20 | 37";"20 | 50";"100 | 80";"80 | 70";"0x1 | 2x2";"22.4";"0.7 | 1.7";"1.8 | 2.1";"3.2";"45 | 46";"1 | 2";"10 | 10";"7.7 | 11.9";"13.7 | 11.6";"9.1";"5.3 | 5.4";"2.4 | 5";"1.4 | 1.9";"1.4 | 1.4";"3.1";"2.1"
"World";"WOR";"Club Friendlies 3";"03-07-2026 21:00";"CANCELLED";"Crvena Zvezda";"";"";"Slavia Praha";"";"";"63 | 66";"54 | 75";"";"64 | 59";"1.6 | 2.2";"67 | 56";"10.1 | 6";"2";"50 | 50";"0";"40 | 70";"40 | 10";"20 | 20";"53 | 73";"80 | 80";"60 | 90";"60 | 30";"2x1 | 1x2";"27.2";"1.6 | 2.2";"1.2 | 1.1";"3";"61 | 56";"1 | 2";"10 | 10";"18.5 | 17.6";"9.4 | 9";"9.9";"3.6 | 3.6";"6.7 | 5.8";"1.6 | 1.3";"2.9 | 2.5";"4.2";"2.1"
"World";"WOR";"Club Friendlies 3";"03-07-2026 21:00";"NS";"Mladá Boleslav";"";"";"Viktoria Žižkov";"";"";"80 | 18";"37 | 44";"";"50 | 47";"1.3 | 0.7";"48 | 45";"8.4 | 7";"10";"70 | 10";"20";"30 | 20";"40 | 10";"30 | 70";"43 | 23";"70 | 30";"60 | 90";"70 | 80";"0x0 | 3x0";"23.2";"1.1 | 1.3";"0.7 | 2.5";"2.8";"52 | 52";"1 | 2";"10 | 10";"12.8 | 9.1";"12.2 | 12.3";"8.2";"3.7 | 5.1";"3.7 | 4";"1.5 | 1";"1.6 | 1";"2.6";"2.1"
"World";"WOR";"Club Friendlies 3";"03-07-2026 21:00";"NS";"Viktoria Köln";"";"";"Bonner SC";"";"";"60 | 52";"48 | 48";"";"";"1.7 | 1.5";"";"";"10";"60 | 10";"30";"50 | 40";"20 | 30";"30 | 30";"57 | 50";"70 | 70";"80 | 70";"50 | 60";"0x2 | 2x1";"";"1.4 | 1.4";"1.3 | 1.5";"2.8";"";"1 | 2";"10 | 10";"";"";"";"";"";"";"";"";"2.1"
"World";"WOR";"Club Friendlies 3";"03-07-2026 21:00";"NS";"Odense BK";"";"";"Hillerød";"";"";"56 | 56";"51 | 31";"";"54 | 46";"1.4 | 1.3";"53 | 44";"6.7 | 7.6";"3";"67 | 0";"33";"40 | 30";"20 | 40";"40 | 30";"47 | 43";"60 | 70";"80 | 60";"60 | 70";"0x1 | 1x1";"24.9";"1.5 | 0.9";"1.4 | 1.4";"2.6";"57 | 50";"1 | 2";"10 | 10";"13.4 | 9.2";"13.8 | 13.4";"8.6";"4.6 | 4.8";"4.9 | 2.9";"0.9 | 0.7";"0.8 | 1.1";"1.8";"2.1"
"World";"WOR";"Club Friendlies 3";"03-07-2026 21:00";"NS";"FC Midtjylland";"";"";"Silkeborg IF";"";"";"66 | 28";"51 | 58";"";"53 | 39";"1.9 | 1.7";"48 | 38";"7.1 | 5.6";"10";"80 | 10";"10";"50 | 50";"40 | 20";"10 | 30";"63 | 57";"90 | 70";"60 | 80";"50 | 50";"2x1 | 0x2";"27";"1.5 | 1.7";"1.1 | 2.2";"3.2";"52 | 46";"1 | 2";"10 | 10";"13.1 | 11.8";"11.6 | 17.4";"11.2";"4.8 | 7.3";"5 | 5.3";"2.2 | 1";"1.5 | 1.4";"3";"2.1"
"World";"WOR";"Club Friendlies 3";"03-07-2026 21:00";"NS";"Luzern";"";"";"Winterthur";"";"";"56 | 28";"75 | 48";"";"56 | 44";"2 | 1";"55 | 44";"4.9 | 6.3";"10";"50 | 30";"20";"60 | 30";"20 | 10";"20 | 60";"67 | 33";"80 | 40";"80 | 90";"40 | 70";"0x3 | 1x2";"27.7";"2.2 | 1.4";"1.4 | 2.2";"3.6";"54 | 48";"1 | 2";"10 | 10";"14.3 | 12";"11.9 | 17.2";"9.8";"3.5 | 7.1";"5 | 4.1";"1.5 | 2.1";"1.7 | 3";"4.2";"2.1"
"World";"WOR";"Club Friendlies 3";"03-07-2026 21:00";"NS";"Hallescher FC";"";"";"Havelse";"";"";"52 | 14";"71 | 58";"";"52 | 42";"1.3 | 1.3";"26 | 43";"";"6";"50 | 33";"17";"40 | 40";"10 | 10";"50 | 50";"43 | 43";"50 | 50";"90 | 90";"60 | 60";"2x3 | 2x3";"";"2.1 | 1.7";"1.5 | 2.6";"4";"43 | 43";"1 | 2";"10 | 10";"";"";"";"";"";"1.7 | 1.9";"1.3 | 1.3";"3.1";"2.1"
"World";"WOR";"Club Friendlies 3";"03-07-2026 21:00";"NS";"Rot-Weiß Erfurt";"";"";"Hannover 96 II";"";"";"35 | 49";"85 | 68";"";"";"1.5 | 1.8";"";"";"";"";"";"40 | 60";"30 | 0";"30 | 40";"50 | 60";"70 | 60";"70 | 100";"60 | 40";"1x2 | 2x3";"";"2.5 | 2";"2 | 1.6";"4";"";"1 | 2";"10 | 10";"";"";"";"";"";"";"";"";"2.1"
"World";"WOR";"Club Friendlies 3";"03-07-2026 21:00";"NS";"Stal Rzeszów";"";"";"Górnik Łęczna";"";"";"7 | 46";"34 | 44";"";"43 | 42";"0.4 | 1.1";"49 | 48";"12 | 6.6";"10";"60 | 30";"10";"10 | 30";"10 | 20";"80 | 50";"13 | 37";"20 | 50";"90 | 80";"90 | 70";"1x2 | 0x1";"23.4";"1 | 1.3";"2.8 | 1.7";"3.4";"44 | 46";"1 | 2";"10 | 10";"12 | 8.6";"11.3 | 14.8";"7.8";"4.7 | 4.3";"4 | 2.6";"1.4 | 2.1";"1.6 | 1.4";"3.2";"2.1"
"World";"WOR";"Club Friendlies 3";"03-07-2026 21:00";"NS";"Ružomberok";"";"";"Lokomotíva Zvolen";"";"";"60 | 70";"34 | 51";"";"51 | 47";"1.2 | 1.8";"47 | 57";"8.4 | 7";"";"";"";"30 | 50";"30 | 30";"40 | 20";"40 | 60";"60 | 80";"70 | 70";"70 | 50";"0x0 | 0x0";"23.4";"1 | 1.5";"1.3 | 1";"2.4";"48 | 48";"1 | 2";"10 | 10";"10.9 | 10.5";"12 | 13.5";"7.8";"4.2 | 4.8";"2.9 | 3.6";"1.4 | 2.1";"1.5 | 2.9";"4";"2.1"
"World";"WOR";"Club Friendlies 3";"03-07-2026 21:00";"NS";"Śląsk Wrocław";"";"";"Warta Poznań";"";"";"77 | 70";"100 | 58";"";"54 | 48";"2.2 | 1.9";"58 | 45";"4.5 | 5.5";"10";"40 | 40";"20";"60 | 50";"40 | 40";"0 | 10";"73 | 63";"100 | 90";"60 | 60";"40 | 50";"2x2 | 0x1";"21.2";"3.1 | 1.7";"0.8 | 1";"3.3";"52 | 47";"1 | 2";"10 | 10";"14.1 | 9.3";"9.3 | 9.8";"8.4";"3.1 | 3.3";"6.2 | 4.2";"1.4 | 1.4";"1.6 | 2.2";"3.3";"2.1"
"World";"WOR";"Club Friendlies 3";"03-07-2026 21:00";"NS";"Lech Poznań";"";"";"Bohemians 1905";"";"";"70 | 70";"75 | 34";"";"59 | 50";"2.2 | 1.4";"56 | 50";"6.5 | 9.4";"";"";"";"60 | 40";"40 | 20";"0 | 40";"73 | 47";"100 | 60";"60 | 80";"40 | 60";"2x1 | 0x2";"27.6";"2.2 | 1";"1 | 1";"2.6";"59 | 49";"1 | 2";"10 | 10";"19.5 | 12.2";"9.8 | 13.8";"9.4";"3.1 | 5.4";"6.4 | 4";"1.1 | 2";"2.2 | 1.9";"3.6";"2.1"
"World";"WOR";"Club Friendlies 3";"03-07-2026 21:00";"NS";"Falubaz Zielona Góra";"";"";"Miedź Legnica";"";"";"100 | 60";"61 | 31";"";"58 | 52";"2.3 | 1.4";"57 | 61";"7.3 | 16.1";"";"";"";"70 | 40";"20 | 20";"10 | 40";"77 | 47";"90 | 60";"80 | 80";"30 | 60";"2x0 | 0x1";"23.5";"1.8 | 0.9";"0.4 | 1.3";"2.2";"56 | 52";"1 | 2";"10 | 10";"13.2 | 14.5";"8.1 | 11.1";"7.7";"2.2 | 4.3";"5.4 | 3.5";"1.7 | 1.2";"2.4 | 2.1";"3.7";"2.1"
"World";"WOR";"Club Friendlies 3";"03-07-2026 21:00";"NS";"Miedź Legnica";"";"";"Świt Skolwin";"";"";"60 | 18";"31 | 34";"";"52 | 45";"1.4 | 0.7";"61 | 46";"16.1 | 8.3";"";"";"";"40 | 20";"20 | 10";"40 | 70";"47 | 23";"60 | 30";"80 | 90";"60 | 80";"0x2 | 1x0";"24.3";"0.9 | 1";"1.3 | 2.5";"2.8";"52 | 51";"1 | 2";"10 | 10";"14.5 | 8.3";"11.1 | 14.7";"8.8";"4.3 | 6.9";"3.5 | 2.9";"1.2 | 2";"2.1 | 2.3";"3.8";"2.1"
"World";"WOR";"Club Friendlies 3";"03-07-2026 21:00";"NS";"Wisła Płock";"";"";"Polonia Warszawa";"";"";"52 | 42";"34 | 48";"";"42 | 53";"1.3 | 1.2";"41 | 58";"8.9 | 10.3";"10";"40 | 30";"30";"40 | 40";"10 | 0";"50 | 60";"43 | 40";"50 | 40";"90 | 100";"60 | 60";"0x1 | 3x2";"27";"1 | 1.4";"1.5 | 1.8";"2.8";"40 | 52";"1 | 2";"10 | 10";"12.2 | 14.4";"15.8 | 11.4";"9.2";"5.4 | 4.8";"3.7 | 4.6";"1.9 | 1.9";"1.6 | 2.3";"3.8";"2.1"
"World";"WOR";"Club Friendlies 3";"03-07-2026 21:00";"NS";"Korona Kielce";"";"";"Zemplín Michalovce";"";"";"60 | 52";"37 | 41";"";"49 | 48";"1 | 1.5";"45 | 44";"8.3 | 7.3";"";"";"";"20 | 50";"40 | 0";"40 | 50";"33 | 50";"60 | 50";"60 | 100";"80 | 50";"1x1 | 1x2";"27.6";"1.1 | 1.2";"1.3 | 1.5";"2.6";"49 | 48";"1 | 2";"10 | 10";"14.3 | 12.3";"14 | 14.7";"8.2";"4.9 | 4.5";"3.8 | 3.2";"1.5 | 1.6";"1 | 1.3";"2.7";"2.1"
"World";"WOR";"Club Friendlies 3";"03-07-2026 21:00";"NS";"Vasas";"";"";"Komárno";"";"";"74 | 49";"92 | 27";"";"57 | 50";"2.4 | 0.7";"66 | 51";"4.6 | 12";"4";"25 | 50";"25";"80 | 20";"0 | 10";"20 | 70";"80 | 23";"80 | 30";"100 | 90";"20 | 80";"2x0 | 2x1";"22.3";"2.7 | 0.8";"0.9 | 1.6";"3";"56 | 51";"1 | 2";"10 | 10";"12.4 | 13";"6.6 | 12.6";"8.6";"2.5 | 4.6";"6 | 4";"1.8 | 2.3";"2.1 | 2.2";"4.2";"2.1"
"World";"WOR";"Club Friendlies 3";"03-07-2026 21:00";"NS";"ŁKS Łódź";"";"";"Radomiak Radom";"";"";"60 | 46";"71 | 41";"";"53 | 44";"1.8 | 1.2";"56 | 43";"6.1 | 6.5";"10";"30 | 30";"40";"50 | 30";"30 | 30";"20 | 40";"60 | 40";"80 | 60";"70 | 70";"50 | 70";"2x2 | 1x1";"25.2";"2.1 | 1.2";"1.3 | 1.7";"3.2";"51 | 51";"1 | 2";"10 | 10";"12.9 | 11.3";"10.4 | 15.9";"8.6";"4.2 | 5.2";"5.1 | 2.7";"1.2 | 2.9";"1.4 | 2.4";"4";"2.1"
"World";"WOR";"Club Friendlies 3";"03-07-2026 21:00";"NS";"WSG Tirol";"";"";"Górnik Zabrze";"3.30";"1.76";"28 | 80";"31 | 61";"2";"46 | 55";"0.9 | 2.3";"35 | 54";"8.9 | 5.9";"";"";"";"20 | 70";"30 | 20";"50 | 10";"30 | 77";"50 | 90";"70 | 80";"80 | 30";"0x0 | 0x1";"23.3";"0.9 | 1.8";"2.2 | 0.7";"2.8";"44 | 54";"1 | 2";"10 | 10";"10.3 | 14.7";"10.4 | 11.2";"7.7";"4.3 | 3";"3.7 | 4.4";"2 | 1.3";"1.1 | 2.7";"3.6";"2.1"
"World";"WOR";"Club Friendlies 3";"03-07-2026 21:00";"NS";"Holstein Kiel";"";"";"Fredericia";"";"";"60 | 38";"51 | 51";"";"50 | 50";"1.6 | 1";"45 | 53";"5.6 | 7.3";"";"";"";"50 | 20";"10 | 40";"40 | 40";"53 | 33";"60 | 60";"90 | 60";"50 | 80";"0x0 | 2x2";"27.2";"1.5 | 1.5";"1.3 | 1.9";"3.1";"52 | 48";"1 | 2";"10 | 10";"11.7 | 14.6";"12.6 | 15.4";"8.5";"4.1 | 4.9";"3.3 | 4.7";"3 | 1.7";"2.8 | 1.5";"4.5";"2.1"
"World";"WOR";"Club Friendlies 3";"03-07-2026 21:00";"NS";"Ruch Chorzów";"";"";"Śląsk Wrocław II";"";"";"60 | 49";"61 | 65";"";"52 | 48";"1.6 | 1.6";"56 | 54";"7.4 | 6.7";"3";"33 | 33";"33";"40 | 50";"40 | 10";"20 | 40";"53 | 53";"80 | 60";"60 | 90";"60 | 50";"2x1 | 0x2";"24.4";"1.8 | 1.9";"1.3 | 1.6";"3.3";"52 | 51";"1 | 2";"10 | 10";"13.3 | 12.8";"9.9 | 12.9";"9.6";"4.3 | 5.2";"4.6 | 5.2";"1.6 | 1.8";"1.9 | 2.6";"4";"2.1"
"World";"WOR";"Club Friendlies 3";"03-07-2026 21:00";"NS";"Slovácko";"";"";"Spartak Trnava";"";"";"56 | 66";"48 | 51";"";"55 | 52";"1.3 | 1.6";"49 | 42";"6.8 | 6.2";"2";"0 | 50";"50";"40 | 50";"10 | 10";"50 | 40";"43 | 53";"50 | 60";"90 | 90";"60 | 50";"1x2 | 0x3";"22.6";"1.4 | 1.5";"1.4 | 1.1";"2.7";"55 | 54";"1 | 2";"10 | 10";"12 | 11.9";"9.8 | 11.5";"7.8";"3.6 | 3.6";"4.5 | 4";"2.2 | 3.3";"1.3 | 2.3";"4.6";"2.1"
"World";"WOR";"Club Friendlies 3";"03-07-2026 21:00";"NS";"Celje";"";"";"Čukarički";"";"";"80 | 80";"92 | 27";"";"55 | 41";"2.4 | 1";"62 | 38";"4.4 | 8.2";"";"";"";"80 | 10";"0 | 70";"20 | 20";"80 | 33";"80 | 80";"100 | 30";"20 | 90";"2x0 | 0x0";"24.2";"2.7 | 0.8";"0.7 | 0.7";"2.4";"59 | 42";"1 | 2";"10 | 10";"11.8 | 9";"10.9 | 16.8";"8.8";"3.6 | 4.8";"6.6 | 2.7";"1.9 | 2.8";"1.9 | 1.2";"3.9";"2.1"
"World";"WOR";"Club Friendlies 3";"03-07-2026 21:00";"NS";"Zepperen-Brustem";"";"";"Sint-Truiden";"";"";"66 | 66";"88 | 48";"";"";"1.9 | 1.4";"";"";"";"";"";"50 | 40";"40 | 20";"10 | 40";"63 | 47";"90 | 60";"60 | 80";"50 | 60";"2x2 | 0x0";"";"2.6 | 1.4";"1.1 | 1.1";"3.1";"";"1 | 2";"10 | 10";"";"";"";"";"";"";"";"";"2.1"
"World";"WOR";"Club Friendlies 3";"03-07-2026 21:00";"NS";"Spartak Moskva";"";"";"Krylya Sovetov";"";"";"74 | 49";"41 | 54";"";"61 | 40";"1.6 | 1.2";"66 | 38";"8.1 | 4.9";"10";"60 | 40";"0";"40 | 30";"40 | 30";"20 | 40";"53 | 40";"80 | 60";"60 | 70";"60 | 70";"1x1 | 1x1";"22.2";"1.2 | 1.6";"0.9 | 1.6";"2.7";"58 | 44";"1 | 2";"10 | 10";"12.7 | 10.7";"6.9 | 14.2";"8";"2.8 | 4.2";"4.3 | 4.6";"2 | 2.6";"2.6 | 2.4";"4.8";"2.1"
"World";"WOR";"Club Friendlies 3";"03-07-2026 21:00";"NS";"Zagłębie Lubin";"";"";"Pogoń Szczecin";"";"";"74 | 66";"27 | 51";"";"46 | 45";"1 | 1.4";"44 | 44";"11.1 | 5.3";"10";"20 | 70";"10";"30 | 40";"10 | 20";"60 | 40";"33 | 47";"40 | 60";"90 | 80";"70 | 60";"0x1 | 0x3";"26.2";"0.8 | 1.5";"0.9 | 1.1";"2.2";"41 | 50";"1 | 2";"10 | 10";"12.4 | 11.4";"14.8 | 13.9";"8.2";"3.8 | 5.9";"3.1 | 3.7";"2.4 | 1.9";"1.7 | 1.6";"3.8";"2.1"
"World";"WOR";"Club Friendlies 3";"03-07-2026 21:00";"NS";"Lyngby Boldklub";"";"";"B 93";"";"";"66 | 28";"68 | 61";"";"59 | 50";"1.8 | 0.9";"58 | 50";"5.4 | 5.7";"2";"50 | 0";"50";"60 | 20";"0 | 30";"40 | 50";"60 | 30";"60 | 50";"100 | 70";"40 | 80";"3x1 | 3x2";"26.7";"2 | 1.8";"1.1 | 2.2";"3.6";"58 | 55";"1 | 2";"10 | 10";"14.2 | 13.1";"10.4 | 15.7";"10.3";"3.3 | 6.2";"6.5 | 4.6";"1.3 | 1.6";"1.9 | 2.2";"3.5";"2.1"
"World";"WOR";"Club Friendlies 3";"03-07-2026 21:00";"NS";"Wisła Kraków";"";"";"Karviná";"";"";"63 | 38";"61 | 48";"";"60 | 47";"1.9 | 1.5";"63 | 46";"8.4 | 7";"";"";"";"50 | 50";"40 | 0";"10 | 50";"63 | 50";"90 | 50";"60 | 100";"50 | 50";"1x1 | 1x2";"25.2";"1.8 | 1.4";"1.2 | 1.9";"3.2";"56 | 50";"1 | 2";"10 | 10";"14.7 | 13";"8.4 | 14.2";"9.4";"2.9 | 5.9";"5.8 | 4.2";"1.6 | 2.6";"1.1 | 2.2";"3.8";"2.1"
"World";"WOR";"Club Friendlies 3";"03-07-2026 21:00";"NS";"MTK";"";"";"Kecskemeti TE";"";"";"66 | 52";"51 | 58";"";"46 | 56";"1.5 | 1.8";"50 | 56";"6.4 | 5.8";"10";"50 | 30";"20";"30 | 60";"60 | 0";"10 | 40";"50 | 60";"90 | 60";"40 | 100";"70 | 40";"0x0 | 1x2";"22.8";"1.5 | 1.7";"1.1 | 1.5";"2.9";"48 | 54";"1 | 2";"10 | 10";"13.9 | 9.8";"13.2 | 8.8";"7.8";"3.4 | 3.1";"5 | 4";"1.3 | 2.2";"1.7 | 2.2";"3.7";"2.1"
"World";"WOR";"Club Friendlies 3";"03-07-2026 21:00";"NS";"Slovan Bratislava II";"";"";"Vysočina Jihlava";"";"";"60 | 60";"78 | 54";"";"53 | 53";"1.8 | 1.6";"58 | 52";"5 | 5.7";"";"";"";"50 | 50";"30 | 10";"20 | 40";"60 | 53";"80 | 60";"70 | 90";"50 | 50";"1x1 | 1x3";"19";"2.3 | 1.6";"1.3 | 1.3";"3.2";"51 | 50";"1 | 2";"10 | 10";"11.5 | 9.2";"9 | 8.4";"8.4";"3.8 | 3.3";"5.8 | 3.9";"1.6 | 1.4";"2.3 | 1.3";"3.3";"2.1"
"World";"WOR";"Club Friendlies 3";"03-07-2026 21:00";"NS";"Salzburg";"";"";"Górnik Zabrze";"";"";"60 | 80";"65 | 61";"";"61 | 55";"1.6 | 2.3";"57 | 54";"6 | 5.9";"";"";"";"50 | 70";"10 | 20";"40 | 10";"53 | 77";"60 | 90";"90 | 80";"50 | 30";"3x1 | 0x1";"25";"1.9 | 1.8";"1.3 | 0.7";"2.8";"58 | 54";"1 | 2";"10 | 10";"14.2 | 14.7";"10 | 11.2";"8.2";"3.8 | 3";"5.3 | 4.4";"1.2 | 1.3";"1.7 | 2.7";"3.4";"2.1"
"World";"WOR";"Club Friendlies 3";"03-07-2026 21:00";"NS";"Zbrojovka Brno";"";"";"Csikszereda";"";"";"74 | 74";"61 | 41";"";"57 | 42";"2.3 | 1.8";"45 | 36";"5.2 | 7.6";"";"";"";"70 | 50";"20 | 30";"10 | 20";"77 | 60";"90 | 80";"80 | 70";"30 | 50";"1x0 | 0x1";"22";"1.8 | 1.2";"0.9 | 0.9";"2.4";"51 | 44";"1 | 2";"10 | 10";"9.4 | 12.6";"6.6 | 15.5";"7.8";"2.6 | 4.3";"4.1 | 4.7";"1.1 | 2.8";"1.4 | 2.6";"4";"2.1"
"World";"WOR";"Club Friendlies 3";"03-07-2026 21:00";"NS";"Unia Skierniewice";"";"";"Pogon Grodzisk Mazowiecki";"";"";"49 | 32";"58 | 27";"";"58 | 47";"1.4 | 0.3";"61 | 52";"7.4 | 13.6";"8";"0 | 100";"0";"40 | 0";"20 | 30";"40 | 70";"47 | 10";"60 | 30";"80 | 70";"60 | 100";"0x2 | 2x1";"22.2";"1.7 | 0.8";"1.6 | 2.1";"3.1";"57 | 50";"1 | 2";"10 | 10";"12.6 | 10.9";"7.1 | 13.8";"8.4";"3.2 | 5.4";"4.8 | 3.2";"2.3 | 1.8";"2.9 | 1.4";"4.2";"2.1"
"World";"WOR";"Club Friendlies 3";"03-07-2026 21:00";"NS";"Lokomotiv Plovdiv";"";"";"Arda";"";"";"70 | 56";"41 | 41";"";"40 | 51";"1.5 | 1.4";"38 | 46";"6.7 | 8.9";"10";"30 | 30";"40";"40 | 40";"30 | 20";"30 | 40";"50 | 47";"70 | 60";"70 | 80";"60 | 60";"1x1 | 2x0";"20.4";"1.2 | 1.2";"1 | 1.4";"2.4";"40 | 53";"1 | 2";"10 | 10";"8 | 10.7";"13.4 | 8.8";"8.6";"4.7 | 4.4";"4 | 4.1";"2.8 | 1.6";"2.6 | 2.3";"4.6";"2.1"
"World";"WOR";"Club Friendlies 3";"03-07-2026 21:00";"NS";"Cliftonville";"";"";"Hibernian";"";"";"38 | 63";"31 | 44";"";"44 | 40";"0.8 | 1.2";"42 | 38";"7.4 | 5.2";"";"";"";"20 | 30";"20 | 30";"60 | 40";"27 | 40";"40 | 60";"80 | 70";"80 | 70";"1x2 | 0x0";"19.7";"0.9 | 1.3";"1.9 | 1.2";"2.6";"46 | 45";"1 | 2";"10 | 10";"6.7 | 8.8";"9.5 | 14.4";"7.3";"4.7 | 4.2";"3 | 2.7";"1.1 | 3.1";"1.3 | 2.2";"3.8";"2.1"
"World";"WOR";"Club Friendlies 3";"03-07-2026 21:00";"NS";"Olimpija";"";"";"CFR Cluj";"";"";"56 | 80";"41 | 34";"";"55 | 49";"1.3 | 1.9";"60 | 45";"8.7 | 9";"";"";"";"40 | 50";"10 | 40";"50 | 10";"43 | 63";"50 | 90";"90 | 60";"60 | 50";"1x2 | 0x1";"22.2";"1.2 | 1";"1.4 | 0.7";"2.2";"54 | 48";"1 | 2";"10 | 10";"10.4 | 13.5";"9.3 | 11.2";"7.8";"4.3 | 3.8";"3.9 | 3.5";"2.7 | 1.7";"2.9 | 2.3";"4.8";"2.1"
"World";"WOR";"Club Friendlies 3";"03-07-2026 21:00";"NS";"Polonia Bytom";"";"";"Rekord Bielsko-Biała";"";"";"42 | 74";"61 | 41";"";"48 | 50";"1.4 | 1.7";"48 | 53";"5.1 | 9.5";"9";"33 | 11";"56";"40 | 50";"20 | 20";"40 | 30";"47 | 57";"60 | 70";"80 | 80";"60 | 50";"1x1 | 0x1";"21.5";"1.8 | 1.2";"1.8 | 0.9";"2.8";"49 | 46";"1 | 2";"10 | 10";"9.1 | 11.4";"12.2 | 10.1";"7.6";"4.7 | 3.3";"3.9 | 3.2";"1.7 | 1.6";"1.8 | 2.3";"3.6";"2.1"
"World";"WOR";"Club Friendlies 3";"03-07-2026 21:00";"NS";"Ludogorets";"";"";"Botoşani";"";"";"66 | 35";"41 | 54";"";"52 | 49";"1.2 | 1.3";"55 | 40";"10.4 | 5.3";"3";"33 | 33";"33";"30 | 30";"30 | 40";"40 | 30";"40 | 43";"60 | 70";"70 | 60";"70 | 70";"0x0 | 2x3";"24.8";"1.2 | 1.6";"1.1 | 2";"3";"52 | 57";"1 | 2";"10 | 10";"12.7 | 13";"11 | 13";"9.2";"5.1 | 5.1";"3.9 | 4.3";"3 | 2.3";"3.7 | 2.7";"5.8";"2.1"
"World";"WOR";"Club Friendlies 3";"03-07-2026 21:00";"NS";"Rotor Volgograd";"";"";"Torpedo Moskva";"";"";"84 | 77";"68 | 51";"";"62 | 57";"2.3 | 1.9";"65 | 56";"4.4 | 6.4";"10";"30 | 50";"20";"70 | 50";"20 | 40";"10 | 10";"77 | 63";"90 | 90";"80 | 60";"30 | 50";"1x0 | 1x1";"16";"2 | 1.5";"0.6 | 0.8";"2.4";"54 | 53";"1 | 2";"10 | 10";"10 | 11.2";"5.3 | 5.6";"5.4";"2 | 1.6";"3.2 | 4.1";"2.2 | 1.8";"2.7 | 2.3";"4.5";"2.1"
"World";"WOR";"Club Friendlies 3";"03-07-2026 21:00";"NS";"Odra Opole";"";"";"GKS Tychy";"";"";"74 | 35";"27 | 41";"";"42 | 51";"1.4 | 0.9";"44 | 47";"12.9 | 7.1";"10";"10 | 50";"40";"40 | 20";"20 | 30";"40 | 50";"47 | 30";"60 | 50";"80 | 70";"60 | 80";"0x2 | 0x0";"22.5";"0.8 | 1.2";"0.9 | 2";"2.4";"50 | 49";"1 | 2";"10 | 10";"10.3 | 8.5";"15.8 | 10.3";"7.8";"4.1 | 4.4";"3.8 | 3.2";"1.4 | 1.7";"1.7 | 1.2";"3";"2.1"
"World";"WOR";"Club Friendlies 3";"03-07-2026 21:00";"NS";"Botev Plovdiv";"";"";"Etar";"";"";"70 | 28";"65 | 51";"";"57 | 52";"1.6 | 1.2";"60 | 49";"6.5 | 6.1";"10";"60 | 0";"40";"50 | 30";"10 | 30";"40 | 40";"53 | 40";"60 | 60";"90 | 70";"50 | 70";"1x2 | 1x0";"20.4";"1.9 | 1.5";"1 | 2.2";"3.3";"55 | 56";"1 | 2";"10 | 10";"12.4 | 9.3";"8.5 | 10.6";"9.4";"3.8 | 4.8";"6 | 4.1";"2.3 | 1.7";"1.5 | 1.8";"3.6";"2.1"
"World";"WOR";"Club Friendlies 3";"03-07-2026 21:00";"NS";"Raków Częstochowa";"";"";"Puszcza Niepołomice";"";"";"66 | 66";"68 | 44";"";"50 | 52";"2 | 1.7";"58 | 44";"4.8 | 5.8";"10";"70 | 0";"30";"60 | 50";"20 | 20";"20 | 30";"67 | 57";"80 | 70";"80 | 80";"40 | 50";"2x0 | 0x1";"21.2";"2 | 1.3";"1.1 | 1.1";"2.8";"52 | 48";"1 | 2";"10 | 10";"12.3 | 7.6";"12.4 | 10.1";"8";"5.1 | 3.2";"4.6 | 3";"1.2 | 2.9";"2.7 | 1";"3.9";"2.1"
"World";"WOR";"Club Friendlies 3";"03-07-2026 21:00";"NS";"Wil";"";"";"Grasshopper";"";"";"49 | 63";"51 | 51";"";"53 | 46";"1.3 | 1.4";"55 | 50";"8.7 | 6.3";"10";"10 | 60";"30";"40 | 40";"10 | 20";"50 | 40";"43 | 47";"50 | 60";"90 | 80";"60 | 60";"0x2 | 2x0";"28.6";"1.5 | 1.5";"1.6 | 1.2";"2.9";"54 | 46";"1 | 2";"10 | 10";"16.4 | 12.3";"14.5 | 14.1";"10.2";"4.9 | 4.4";"5.9 | 5.2";"1.5 | 2.7";"1.8 | 2.6";"4.3";"2.1"
"World";"WOR";"Club Friendlies 3";"03-07-2026 21:00";"NS";"Badshot Lea";"";"";"Aldershot Town";"";"";"56 | 35";"61 | 27";"";"";"1.1 | 0.4";"";"";"5";"0 | 100";"0";"30 | 10";"20 | 10";"50 | 80";"37 | 13";"50 | 20";"80 | 90";"70 | 90";"1x2 | 2x0";"";"1.8 | 0.8";"1.4 | 2";"3";"";"1 | 2";"10 | 10";"";"";"";"";"";"";"";"";"2.1"
"World";"WOR";"Club Friendlies 3";"03-07-2026 21:00";"NS";"Arka Gdynia";"";"";"Chojniczanka Chojnice";"";"";"28 | 56";"31 | 78";"";"43 | 52";"0.6 | 2.1";"41 | 55";"9.4 | 4.5";"10";"50 | 10";"40";"10 | 60";"30 | 30";"60 | 10";"20 | 70";"40 | 90";"70 | 70";"90 | 40";"0x3 | 1x2";"23.2";"0.9 | 2.3";"2.2 | 1.4";"3.4";"41 | 51";"1 | 2";"10 | 10";"10.7 | 10.4";"15.9 | 9.2";"8.2";"5.6 | 3.6";"3.7 | 3.7";"1.6 | 3.3";"2.1 | 2.1";"4.6";"2.1"
"World";"WOR";"Club Friendlies 3";"03-07-2026 21:00";"NS";"Telstar";"";"";"Almere City";"";"";"49 | 49";"65 | 61";"";"46 | 58";"1.6 | 1.3";"43 | 58";"5.2 | 7.1";"10";"30 | 40";"30";"50 | 40";"10 | 10";"40 | 50";"53 | 43";"60 | 50";"90 | 90";"50 | 60";"4x1 | 2x1";"28.6";"1.9 | 1.8";"1.6 | 1.6";"3.4";"47 | 52";"1 | 2";"10 | 10";"12.3 | 17";"15.9 | 11.9";"10.6";"6 | 4.3";"5.2 | 5.8";"1.3 | 1.2";"2.2 | 0.8";"2.8";"2.1"
"World";"WOR";"Club Friendlies 3";"03-07-2026 21:00";"NS";"Odra Opole";"";"";"Hapoel Be'er Sheva";"";"";"74 | 52";"27 | 65";"";"42 | 59";"1.4 | 1.7";"44 | 65";"12.9 | 5.8";"";"";"";"40 | 50";"20 | 20";"40 | 30";"47 | 57";"60 | 70";"80 | 80";"60 | 50";"0x2 | 0x2";"24.1";"0.8 | 1.9";"0.9 | 1.5";"2.6";"50 | 56";"1 | 2";"10 | 10";"10.3 | 13.7";"15.8 | 8.4";"8.6";"4.1 | 3.2";"3.8 | 6.1";"1.4 | 1.9";"1.7 | 2.6";"3.8";"2.1"
"World";"WOR";"Club Friendlies 3";"03-07-2026 21:00";"NS";"Mura";"";"";"Noah";"";"";"49 | 77";"34 | 92";"";"56 | 55";"1 | 2.1";"64 | 49";"14.1 | 3.7";"";"";"";"30 | 60";"10 | 30";"60 | 10";"33 | 70";"40 | 90";"90 | 70";"70 | 40";"1x2 | 0x0";"21.1";"1 | 2.7";"1.6 | 0.8";"3";"51 | 55";"1 | 2";"10 | 10";"14.1 | 10.1";"8.7 | 9.3";"8";"3.5 | 3.6";"4.9 | 4.1";"2.4 | 1.9";"2.2 | 1.9";"4.2";"2.1"
"World";"WOR";"Club Friendlies 3";"03-07-2026 21:00";"NS";"Sigma Olomouc";"";"";"Banská Bystrica";"";"";"52 | 84";"58 | 54";"";"52 | 55";"1.5 | 1.8";"52 | 62";"7.6 | 7.4";"";"";"";"50 | 50";"0 | 30";"50 | 20";"50 | 60";"50 | 80";"100 | 70";"50 | 50";"0x2 | 0x0";"24.8";"1.7 | 1.6";"1.5 | 0.6";"2.7";"52 | 52";"1 | 2";"10 | 10";"16 | 11.8";"13.4 | 8.3";"9.8";"4.5 | 4.1";"6.5 | 4.4";"1.4 | 0.8";"1.4 | 1.3";"2.4";"2.1"
"World";"WOR";"Club Friendlies 3";"03-07-2026 21:00";"NS";"Zürich";"";"";"Kriens";"";"";"38 | 63";"54 | 99";"";"50 | 58";"1.3 | 1.9";"51 | 61";"6 | 6.4";"4";"100 | 0";"0";"40 | 60";"10 | 10";"50 | 30";"43 | 63";"50 | 70";"90 | 90";"60 | 40";"0x1 | 0x4";"29.4";"1.6 | 2.9";"1.9 | 1.2";"3.8";"53 | 47";"1 | 2";"10 | 10";"12 | 18.7";"13 | 15";"10.1";"5.3 | 4.7";"4.2 | 6";"2.1 | 3.3";"1.8 | 4.7";"6";"2.1"
"World";"WOR";"Club Friendlies 3";"03-07-2026 21:00";"NS";"Servette";"";"";"Stade Nyonnais";"";"";"66 | 10";"88 | 27";"";"56 | 47";"2.3 | 0.4";"54 | 47";"4.6 | 14";"10";"60 | 30";"10";"70 | 10";"20 | 10";"10 | 80";"77 | 13";"90 | 20";"80 | 90";"30 | 90";"2x0 | 3x1";"28.1";"2.6 | 0.8";"1.1 | 2.7";"3.6";"52 | 47";"1 | 2";"10 | 10";"15.9 | 15.1";"9.2 | 16";"9.6";"3.1 | 5.5";"6.3 | 4.2";"2.1 | 1.4";"1.8 | 2.1";"3.7";"2.1"
"World";"WOR";"Club Friendlies 3";"03-07-2026 21:00";"NS";"Atlas";"";"";"Necaxa";"";"";"74 | 56";"20 | 34";"";"42 | 44";"1 | 0.9";"34 | 39";"13.8 | 8.8";"10";"50 | 30";"20";"20 | 20";"40 | 30";"40 | 50";"33 | 30";"60 | 50";"60 | 70";"80 | 80";"0x0 | 0x0";"26.4";"0.6 | 1";"0.9 | 1.4";"2";"44 | 49";"1 | 2";"10 | 10";"10.5 | 11.1";"14.2 | 17.1";"8";"4.7 | 5.1";"2.9 | 3.2";"2.6 | 2.8";"2 | 1.9";"4.6";"2.1"
"World";"WOR";"Club Friendlies 3";"03-07-2026 21:00";"NS";"Jagiellonia Białystok";"";"";"Pogoń Siedlce";"";"";"70 | 42";"54 | 24";"";"53 | 42";"1.8 | 0.6";"54 | 45";"7.1 | 11";"";"";"";"50 | 20";"30 | 0";"20 | 80";"60 | 20";"80 | 20";"70 | 100";"50 | 80";"1x2 | 2x1";"25.9";"1.6 | 0.7";"1 | 1.8";"2.6";"55 | 45";"1 | 2";"10 | 10";"15.9 | 7.7";"14.6 | 13.7";"9.2";"4.2 | 5.3";"6.5 | 2.4";"2.4 | 1.4";"1.7 | 1.4";"3.5";"2.1"
"World";"WOR";"Club Friendlies Women";"03-07-2026 14:00";"NS";"Hoffenheim W";"";"";"Karlsruher SC W";"";"";"66 | 56";"54 | 51";"";"";"1.7 | 1.5";"";"";"";"";"";"50 | 50";"20 | 0";"30 | 50";"57 | 50";"70 | 50";"80 | 100";"50 | 50";"0x0 | 1x0";"";"1.6 | 1.5";"1.1 | 1.4";"2.8";"";"1 | 2";"10 | 10";"";"";"";"";"";"";"";"";"1"
"World";"WOR";"Club Friendlies Women";"03-07-2026 21:00";"NS";"PSV W";"";"";"Metalist 1925 Kharkiv W";"";"";"80 | 100";"71 | 100";"";"";"2.6 | 2.4";"";"";"";"";"";"80 | 70";"20 | 30";"0 | 0";"87 | 80";"100 | 100";"80 | 70";"20 | 30";"2x1 | 0x3";"";"2.1 | 3.7";"0.7 | 0.4";"3.4";"";"1 | 2";"10 | 10";"";"";"";"";"";"";"";"";"1"
"Australia";"AUS";"Tasmania Northern Championship";"03-07-2026 23:15";"NS";"Launceston City II";"";"";"Somerset";"";"";"25 | 7";"48 | 75";"";"";"0.9 | 0.8";"";"";"10";"30 | 70";"0";"30 | 20";"0 | 20";"70 | 60";"30 | 27";"30 | 40";"100 | 80";"70 | 80";"0x1 | 2x2";"";"1.4 | 2.2";"2.3 | 2.8";"4.4";"";"4 | 5";"10 | 10";"";"";"";"";"";"";"";"";""
"South Africa";"RSA";"Super League Women";"03-07-2026 10:00";"NS";"Copperbelt Ladies W";"";"";"University of Pretoria W";"";"";"46 | 52";"48 | 44";"";"53 | 34";"1.2 | 1.7";"48 | 20";"8.8 | 3.8";"4";"0 | 75";"25";"30 | 50";"30 | 20";"40 | 30";"40 | 57";"60 | 70";"70 | 80";"70 | 50";"1x1 | 4x0";"18.8";"1.4 | 1.3";"1.7 | 1.5";"3";"50 | 42";"5 | 3";"10 | 10";"12.3 | 5";"9.7 | 10.5";"9.8";"4.3 | 4.5";"7.3 | 3.5";"1.5 | 1.5";"2 | 0.5";"2.8";"2.7"