"Country ";"Short";"League ";"Hour";"Status";"Home Team";"Result Home";"Result Visitor";"Visitor Team";"Result Home HT";"Result Visitor HT";"Casa";"Fora";"Casa";"Fora";"Casa";"Fora";"Global";"Global";"Global";"Global";"Global";"Global";"Global";"Casa";"Fora";"Global";"Global";"Global";"Global";"Global";"Global";"Global";"Casa";"Fora";"Casa";"Fora"
"World";"WOR";"World Cup";"28-06-2026 16:00";"NS";"South Africa";"";"";"Canada";"";"";"";"";"";"";"";"";"";"";"";"";"";"";"";"";"";"";"";"";"";"";"";"";"";"";"";""
"Brazil";"BRA";"Serie B";"28-06-2026 16:00";"NS";"Juventude";"";"";"Ceará";"";"";"2";"1";"1.3";"0.8";"0.1";"1";"63";"23";"25";"77";"45";"1.6";"2";"67";"33";"";"";"";"";"";"";"25.4";"14.9";"10.5";"10.4";"15"
"Brazil";"BRA";"Serie B";"28-06-2026 16:00";"NS";"Atlético GO";"";"";"Ponte Preta";"";"";"1.3";"0.5";"1.3";"0.8";"1.3";"2.3";"77";"70";"60";"30";"70";"2.9";"3";"43";"17";"";"";"";"";"";"";"26.9";"16.4";"8.8";"8.1";"20.3"
"Brazil";"BRA";"Serie B";"28-06-2026 16:00";"NS";"Athletic Club";"";"";"Avaí";"";"";"1.4";"0.7";"0.9";"1.2";"0.7";"1.8";"70";"40";"62";"60";"70";"2.3";"2";"48";"22";"";"";"";"";"";"";"26.7";"12.6";"10.5";"11.6";"18.8"
"Brazil";"BRA";"Serie B";"28-06-2026 18:30";"NS";"Náutico";"";"";"Goiás";"";"";"1.5";"0.9";"1";"1";"0.8";"1.6";"60";"31";"28";"69";"54";"2.2";"3";"50";"29";"";"";"";"";"";"";"22.9";"17.5";"9.2";"6.5";"12.7"
"Brazil";"BRA";"Serie B";"28-06-2026 18:30";"NS";"Fortaleza";"";"";"Sport Recife";"";"";"2.2";"2";"2";"1";"1.2";"0.3";"58";"58";"42";"42";"58";"2.2";"3";"72";"67";"";"";"";"";"";"";"24";"16.5";"9.2";"9.2";"13"
"China";"CHN";"League One";"28-06-2026 08:00";"FT";"Suzhou Dongwu";"1";"2";"Shanghai Jiading Huilong";"0";"2";"0.6";"1.3";"0.6";"1.2";"1.8";"1";"72";"55";"45";"45";"84";"2.3";"2";"20";"44";"";"";"";"";"";"";"22.8";"10.6";"8.3";"11";"15.7"
"China";"CHN";"League One";"28-06-2026 09:00";"FT";"Jiangxi Dingnan United";"3";"3";"Wuxi Wugou";"2";"2";"1";"1.4";"1.3";"1.4";"1.7";"1.2";"80";"45";"80";"55";"90";"2.8";"2";"33";"47";"";"";"";"";"";"";"27.2";"13";"12";"13";"16.4"
"Finland";"FIN";"Ykkönen";"28-06-2026 10:00";"INPLAY_2ND_HALF";"KPV";"1";"1";"PKKU";"0";"0";"0.6";"1.4";"1.2";"1.8";"3.4";"1.2";"90";"70";"50";"30";"80";"3.8";"3";"20";"47";"";"";"";"";"";"";"24.4";"8.2";"13.8";"14.8";"12"
"Finland";"FIN";"Ykkönen";"28-06-2026 12:30";"NS";"OLS";"";"";"KuPS Ak.";"";"";"2.4";"0.2";"2.2";"1";"0.6";"3";"80";"70";"40";"30";"70";"3.4";"3";"80";"7";"";"";"";"";"";"";"24.8";"15.2";"6.4";"15";"13"
"Morocco";"MAR";"Botola Pro";"28-06-2026 14:00";"NS";"Hassania Agadir";"";"";"CR Khemis Zemamra";"";"";"1.5";"1.2";"0.9";"1.2";"0.9";"1.6";"65";"50";"45";"50";"70";"2.3";"2";"50";"40";"";"";"";"";"";"";"18.1";"8.2";"10.8";"7.9";"9.3"
"Morocco";"MAR";"Botola Pro";"28-06-2026 14:00";"NS";"FUS Rabat";"";"";"RSB Berkane";"";"";"1.4";"1.5";"1";"0.8";"1";"0.7";"55";"20";"50";"80";"45";"1.8";"2";"47";"50";"";"";"";"";"";"";"20.5";"12.4";"7.4";"9.3";"11.8"
"Morocco";"MAR";"Botola Pro";"28-06-2026 14:00";"NS";"Maghreb Fès";"";"";"Yacoub El Mansour";"";"";"1.7";"0.9";"1.7";"0.8";"0.9";"1.2";"70";"45";"50";"55";"65";"2.3";"3";"57";"30";"";"";"";"";"";"";"19.2";"11.8";"10";"7.5";"9"
"Morocco";"MAR";"Botola Pro";"28-06-2026 14:00";"NS";"Wydad Casablanca";"";"";"Olympique Dcheïra";"";"";"1.6";"1.2";"1.3";"1.4";"1";"1.2";"75";"55";"55";"45";"75";"2.4";"2";"53";"40";"";"";"";"";"";"";"21.8";"10.9";"8.5";"11.1";"13.1"
"Morocco";"MAR";"Botola Pro";"28-06-2026 14:00";"NS";"FAR Rabat";"";"";"UTS Rabat";"";"";"2.4";"1.2";"1.6";"1.1";"0.6";"1.4";"70";"45";"55";"55";"45";"2.4";"3";"80";"40";"";"";"";"";"";"";"19.5";"11.4";"10.3";"6.8";"10.5"
"Morocco";"MAR";"Botola Pro";"28-06-2026 14:00";"NS";"Ittihad Tanger";"";"";"Raja Casablanca";"";"";"1.7";"1.4";"1";"1.2";"0.7";"1.2";"65";"30";"55";"70";"45";"2";"2";"57";"47";"";"";"";"";"";"";"19.3";"10";"8.6";"8.4";"11.7"
"Morocco";"MAR";"Botola Pro";"28-06-2026 14:00";"NS";"Olympic Safi";"";"";"CODM Meknès";"";"";"0.6";"0.5";"0.8";"0.5";"1.4";"1.7";"75";"45";"55";"55";"55";"2.2";"3";"20";"17";"";"";"";"";"";"";"16.4";"10.1";"6.9";"7.1";"8.8"
"Morocco";"MAR";"Botola Pro";"28-06-2026 14:00";"NS";"Difaâ El Jadida";"";"";"Kawkab Marrakech";"";"";"1.9";"0.7";"1.2";"0.4";"1.1";"0.9";"50";"30";"40";"70";"55";"1.8";"2";"63";"23";"";"";"";"";"";"";"19.3";"8.4";"9.7";"10.2";"10.3"
"Uruguay";"URU";"Segunda Division";"28-06-2026 12:00";"NS";"River Plate";"";"";"La Luz";"";"";"1.7";"0.8";"1.8";"0.3";"1.8";"1";"66";"34";"50";"66";"58";"2.5";"2";"56";"28";"";"";"";"";"";"";"14";"7";"7.3";"7.7";"6"
"Uruguay";"URU";"Segunda Division";"28-06-2026 15:00";"NS";"Cerrito";"";"";"Plaza Colonia";"";"";"2.6";"1.8";"1.8";"1";"0.6";"0.7";"74";"38";"46";"62";"65";"2";"2";"87";"61";"";"";"";"";"";"";"13.8";"6.6";"8.5";"5.2";"7.3"
"Uruguay";"URU";"Segunda Division";"28-06-2026 18:00";"NS";"Oriental";"";"";"Colón";"";"";"2.1";"1.5";"1.4";"0.7";"0.4";"0.3";"54";"22";"14";"78";"54";"1.4";"2";"71";"50";"";"";"";"";"";"";"13.8";"5.3";"7.2";"7.3";"7.8"
"Venezuela";"VEN";"Copa Venezuela";"28-06-2026 17:00";"POSTPONED";"Marítimo";"";"";"Academia Anzoátegui";"";"";"";"";"";"";"";"";"";"";"";"";"";"";"";"";"";"";"";"";"";"";"";"";"";"";"";""
"Venezuela";"VEN";"Copa Venezuela";"28-06-2026 17:00";"POSTPONED";"Atlético Ávila";"";"";"Deportivo Miranda FC";"";"";"";"";"";"";"";"";"";"";"";"";"";"";"";"";"";"";"";"";"";"";"";"";"";"";"";""
"Venezuela";"VEN";"Copa Venezuela";"28-06-2026 17:00";"POSTPONED";"Aragua";"";"";"Fundación Lara Deportiva";"";"";"";"";"";"";"";"";"";"";"";"";"";"";"";"";"";"";"";"";"";"";"";"";"";"";"";""
"Venezuela";"VEN";"Copa Venezuela";"28-06-2026 17:00";"POSTPONED";"Yaracuyanos";"";"";"Caracas";"";"";"";"";"";"";"";"";"";"";"";"";"";"";"";"";"";"";"";"";"";"";"";"";"";"";"";""
"Venezuela";"VEN";"Copa Venezuela";"28-06-2026 17:00";"POSTPONED";"Bolívar SC";"";"";"Dinamo Puerto La Cruz";"";"";"";"";"";"";"";"";"";"";"";"";"";"";"";"";"";"";"";"";"";"";"";"";"";"";"";""
"Venezuela";"VEN";"Copa Venezuela";"28-06-2026 17:00";"POSTPONED";"Monagas";"";"";"Mineros de Guayana";"";"";"";"";"";"";"";"";"";"";"";"";"";"";"";"";"";"";"";"";"";"";"";"";"";"";"";""
"Venezuela";"VEN";"Copa Venezuela";"28-06-2026 17:00";"POSTPONED";"Atlético El Vigía";"";"";"Real Frontera";"";"";"";"";"";"";"";"";"";"";"";"";"";"";"";"";"";"";"";"";"";"";"";"";"";"";"";""
"Venezuela";"VEN";"Copa Venezuela";"28-06-2026 17:00";"POSTPONED";"Atlético Barinas";"";"";"Zamora Fútbol Club";"";"";"";"";"";"";"";"";"";"";"";"";"";"";"";"";"";"";"";"";"";"";"";"";"";"";"";""
"Venezuela";"VEN";"Copa Venezuela";"28-06-2026 17:00";"POSTPONED";"Trujillanos";"";"";"Ureña";"";"";"";"";"";"";"";"";"";"";"";"";"";"";"";"";"";"";"";"";"";"";"";"";"";"";"";""
"Venezuela";"VEN";"Copa Venezuela";"28-06-2026 17:00";"POSTPONED";"Deportivo Lara";"";"";"Rayo Zuliano";"";"";"";"";"";"";"";"";"";"";"";"";"";"";"";"";"";"";"";"";"";"";"";"";"";"";"";""
"Argentina";"ARG";"Torneo Promocional Amateur";"28-06-2026 10:00";"INPLAY_2ND_HALF";"Atlético Pilar";"0";"2";"SAT Moreno";"0";"1";"1.5";"2";"1.5";"0.5";"1";"0";"50";"25";"0";"75";"50";"1.5";"2";"50";"67";"";"";"";"";"";"";"";"";"";"";""
"Argentina";"ARG";"Torneo Promocional Amateur";"28-06-2026 15:00";"NS";"Alumni Los Hornos";"";"";"Las Mandarinas";"";"";"1.3";"1.5";"0.7";"1";"0.7";"1.5";"66";"42";"42";"58";"25";"1.9";"2";"44";"50";"";"";"";"";"";"";"";"";"";"";""
"Argentina";"ARG";"Torneo Promocional Amateur";"28-06-2026 15:00";"NS";"Control Orientado";"";"";"Barrancas UMET";"";"";"1";"1.3";"0.5";"0.7";"0.5";"0.7";"58";"0";"25";"100";"16";"1.2";"2";"33";"44";"";"";"";"";"";"";"";"";"7.5";"";"8"
"Argentina";"ARG";"Torneo Promocional Amateur";"28-06-2026 15:30";"NS";"Belgrano Zarate";"";"";"Ezeiza";"";"";"2";"2";"0.5";"0.5";"0";"0";"0";"0";"0";"100";"25";"0.5";"2";"67";"67";"";"";"";"";"";"";"";"";"9";"";"7.5"
"Brazil";"BRA";"Carioca C";"28-06-2026 14:45";"POSTPONED";"Vera Cruz RJ";"";"";"CAAC Brasil";"";"";"1";"0.3";"1";"0.7";"2";"1.7";"66";"33";"50";"67";"75";"2.6";"2";"33";"11";"";"";"";"";"";"";"23.8";"14";"4.5";"11";"18"
"Brazil";"BRA";"Carioca C";"28-06-2026 14:45";"POSTPONED";"Barcelona RJ";"";"";"Búzios";"";"";"1";"1.7";"0.3";"2";"1.3";"1";"67";"16";"34";"84";"84";"2.4";"3";"33";"56";"";"";"";"";"";"";"19.2";"7";"9.5";"10.5";"11.5"
"Brazil";"BRA";"Carioca C";"28-06-2026 14:45";"POSTPONED";"Cardoso Moreira";"";"";"Independente RJ";"";"";"3";"0.3";"1.3";"0.3";"0";"1";"33";"0";"16";"100";"25";"1.3";"2";"100";"11";"";"";"";"";"";"";"";"";"";"";""
"Brazil";"BRA";"Carioca C";"28-06-2026 14:45";"POSTPONED";"Bréscia";"";"";"EC Resende";"";"";"2.3";"1";"2";"1.3";"0.7";"1.3";"84";"67";"34";"33";"25";"2.7";"3";"78";"33";"";"";"";"";"";"";"";"";"";"";""
"Brazil";"BRA";"Carioca C";"28-06-2026 14:45";"POSTPONED";"Tigres do Brasil";"";"";"União Central";"";"";"2.3";"0";"1.7";"0.3";"0.7";"2";"67";"50";"33";"50";"75";"2.3";"3";"78";"0";"";"";"";"";"";"";"21.2";"12";"10";"10.5";"10"
"Canada";"CAN";"Premier League";"28-06-2026 20:00";"NS";"Cavalry";"";"";"Supra du Québec";"";"";"2.5";"1";"2.2";"1.8";"0.5";"2.2";"88";"50";"62";"50";"50";"3.4";"3";"83";"33";"";"";"";"";"";"";"25.2";"18";"10.2";"7.5";"14.8"
"Chile";"CHI";"Chilean Cup";"28-06-2026 13:30";"NS";"Cobresal";"";"";"Antofagasta";"";"";"";"";"";"";"";"";"";"";"";"";"";"";"";"";"";"";"";"";"";"";"";"";"";"";"";""
"Chile";"CHI";"Chilean Cup";"28-06-2026 13:30";"NS";"La Serena";"";"";"Cobreloa";"";"";"";"";"";"";"";"";"";"";"";"";"";"";"";"";"";"";"";"";"";"";"";"";"";"";"";""
"Chile";"CHI";"Chilean Cup";"28-06-2026 16:00";"NS";"Huachipato";"";"";"Deportes Temuco";"";"";"";"";"";"";"";"";"";"";"";"";"";"";"";"";"";"";"";"";"";"";"";"";"";"";"";""
"Chile";"CHI";"Chilean Cup";"28-06-2026 16:00";"NS";"Unión La Calera";"";"";"Santiago Wanderers";"";"";"0.5";"0";"1.5";"1";"2.5";"3";"100";"75";"75";"25";"100";"4";"3";"17";"0";"";"";"";"";"";"";"";"";"";"";""
"Chile";"CHI";"Chilean Cup";"28-06-2026 17:00";"NS";"Curicó Unido";"";"";"Univ. Concepción";"";"";"1.5";"0";"0.5";"1.5";"0.5";"3";"50";"50";"50";"50";"50";"2.8";"2";"50";"0";"";"";"";"";"";"";"";"";"8.5";"";"13.5"
"Chile";"CHI";"Chilean Cup";"28-06-2026 18:00";"NS";"O'Higgins";"";"";"Recoleta";"";"";"";"";"";"";"";"";"";"";"";"";"";"";"";"";"";"";"";"";"";"";"";"";"";"";"";""
"Chile";"CHI";"Chilean Cup";"28-06-2026 18:00";"NS";"Rangers";"";"";"Ñublense";"";"";"1.5";"";"1.5";"";"1.5";"";"";"";"";"";"";"";"";"50";"";"";"";"";"";"";"";"";"";"";"";""
"Chile";"CHI";"Chilean Cup";"28-06-2026 18:30";"NS";"Universidad Chile";"";"";"Unión San Felipe";"";"";"";"1.5";"";"1.5";"";"1.5";"";"";"";"";"";"";"";"";"50";"";"";"";"";"";"";"";"";"";"";""
"Chile";"CHI";"Chilean Cup";"28-06-2026 21:00";"NS";"Puerto Montt";"";"";"Concepcion";"";"";"";"";"";"";"";"";"";"";"";"";"";"";"";"";"";"";"";"";"";"";"";"";"";"";"";""
"Chile";"CHI";"Segunda División";"28-06-2026 16:00";"NS";"General Velásquez";"";"";"Lota Schwager";"";"";"1";"1.2";"0.8";"0.8";"0.8";"0.8";"38";"12";"38";"88";"62";"1.5";"2";"33";"42";"";"";"";"";"";"";"18.9";"7";"8.2";"10";"12.5"
"Chile";"CHI";"Segunda División";"28-06-2026 16:00";"NS";"Santiago Morning";"";"";"Deportes Linares";"";"";"1";"2";"0.4";"1.2";"0.6";"0.8";"50";"10";"20";"90";"70";"1.5";"2";"33";"67";"";"";"";"";"";"";"19.6";"11.6";"6.8";"9";"11.8"
"Chile";"CHI";"Segunda División";"28-06-2026 16:00";"NS";"Brujas de Salamanca";"";"";"Real San Joaquín";"";"";"1.5";"2";"0.8";"2.5";"0.2";"1";"62";"38";"50";"62";"62";"2.2";"2";"50";"67";"";"";"";"";"";"";"14";"5.8";"10";"3.2";"9"
"Europe";"EUR";"Euro U19";"28-06-2026 14:00";"NS";"Wales U19";"";"";"Spain U19";"";"";"";"";"";"";"";"";"";"";"";"";"";"";"";"";"";"";"";"";"";"";"";"";"";"";"";""
"Europe";"EUR";"Euro U19";"28-06-2026 16:00";"NS";"Germany U19";"";"";"Denmark U19";"";"";"";"";"";"";"";"";"";"";"";"";"";"";"";"";"";"";"";"";"";"";"";"";"";"";"";""
"Argentina";"ARG";"Primera C";"28-06-2026 13:00";"NS";"Sportivo Barracas";"";"";"Luján";"";"";"1.6";"2.4";"1";"1.7";"0.6";"0.7";"64";"26";"27";"74";"58";"2";"2";"52";"81";"";"";"";"";"";"";"15.6";"8.9";"8.6";"7.1";"6.7"
"Argentina";"ARG";"Primera C";"28-06-2026 15:00";"NS";"Puerto Nuevo";"";"";"Victoriano Arenas";"";"";"0.6";"1.3";"0.9";"1";"1.7";"0.9";"72";"28";"57";"72";"57";"2.2";"2";"19";"43";"";"";"";"";"";"";"19.4";"7.9";"11.4";"8.9";"10.6"
"Argentina";"ARG";"Primera C";"28-06-2026 15:00";"NS";"Leandro Nicéforo Alem";"";"";"Berazategui";"";"";"1.6";"1.8";"1.2";"0.8";"1.4";"0.3";"50";"22";"28";"78";"38";"1.9";"2";"52";"59";"";"";"";"";"";"";"16.6";"8";"8.1";"8.6";"8.5"
"Argentina";"ARG";"Primera C";"28-06-2026 15:00";"NS";"Defensores de Cambaceres";"";"";"Estrella del Sur";"";"";"1.3";"1.1";"1.1";"1";"1";"1.4";"73";"40";"46";"60";"59";"2.2";"2";"43";"38";"";"";"";"";"";"";"15.8";"8.7";"8.4";"8.3";"6.1"
"Argentina";"ARG";"Primera B Metropolitana";"28-06-2026 13:00";"NS";"Liniers";"";"";"Villa San Carlos";"";"";"1.2";"0.7";"0.6";"1.1";"0.8";"1.7";"55";"30";"35";"70";"60";"2.1";"2";"40";"23";"";"";"";"";"";"";"17";"7.7";"8.8";"8.9";"8.6"
"Argentina";"ARG";"Primera B Metropolitana";"28-06-2026 13:00";"NS";"UAI Urquiza";"";"";"Sportivo Italiano";"";"";"1.1";"1.7";"0.6";"1.2";"0.7";"0.9";"50";"35";"35";"65";"45";"1.7";"2";"37";"57";"";"";"";"";"";"";"15.9";"7.3";"9.3";"6.7";"8.5"
"Argentina";"ARG";"Primera B Metropolitana";"28-06-2026 13:00";"NS";"Deportivo Laferrere";"";"";"Argentino Quilmes";"";"";"1.4";"1.2";"0.8";"1.1";"1.1";"1.1";"50";"30";"40";"70";"60";"2";"2";"47";"40";"";"";"";"";"";"";"18.2";"11.1";"6.6";"8.8";"9.9"
"Argentina";"ARG";"Primera B Metropolitana";"28-06-2026 15:00";"NS";"Arsenal de Sarandí";"";"";"Dock Sud";"";"";"2";"0.7";"2";"0.8";"1.1";"1.3";"80";"50";"55";"50";"70";"2.6";"2";"67";"23";"";"";"";"";"";"";"15.9";"8.7";"7.2";"7.4";"8.5"
"Argentina";"ARG";"Primera B Metropolitana";"28-06-2026 15:00";"NS";"Argentino Merlo";"";"";"Comunicaciones";"";"";"1.2";"1.3";"0.7";"0.7";"0.7";"1";"55";"15";"30";"85";"30";"1.5";"2";"40";"43";"";"";"";"";"";"";"16.9";"8.7";"8";"7.2";"9.9"
"Argentina";"ARG";"Torneo Federal A";"28-06-2026 15:00";"NS";"Independiente Chivilcoy";"";"";"Douglas Haig";"";"";"1.7";"1";"1.3";"0.6";"1";"1.1";"64";"36";"28";"64";"71";"2";"2";"57";"33";"";"";"";"";"";"";"19.8";"12.4";"8.1";"12.3";"6.9"
"Argentina";"ARG";"Torneo Federal A";"28-06-2026 15:00";"NS";"El Linqueño";"";"";"Sportivo Belgrano";"";"";"1.6";"1.7";"0.9";"1.3";"1";"0.4";"64";"29";"29";"71";"57";"1.8";"2";"52";"57";"";"";"";"";"";"";"20.8";"10.3";"7.3";"11.3";"12.9"
"Argentina";"ARG";"Torneo Federal A";"28-06-2026 15:00";"NS";"Sol de América";"";"";"San Martín Formosa";"";"";"2.7";"1.2";"1.7";"1.3";"0.2";"1.7";"75";"50";"34";"50";"75";"2.4";"2";"89";"39";"";"";"";"";"";"";"18.6";"9.3";"10";"7.5";"10.3"
"Argentina";"ARG";"Torneo Federal A";"28-06-2026 15:00";"NS";"Germinal de Rawson";"";"";"Deportivo Santamarina";"";"";"2";"0.7";"0.7";"0.7";"0.2";"1.3";"34";"25";"25";"75";"34";"1.4";"1";"67";"22";"";"";"";"";"";"";"18.8";"10.4";"7.7";"8.4";"11"
"Argentina";"ARG";"Torneo Federal A";"28-06-2026 15:00";"NS";"Villa Mitre";"";"";"Alvarado";"";"";"1.7";"1";"0.7";"0.5";"0.2";"0.8";"33";"17";"17";"83";"34";"1";"1";"56";"33";"";"";"";"";"";"";"17.2";"10.8";"11";"3.8";"8.7"
"Argentina";"ARG";"Torneo Federal A";"28-06-2026 15:00";"NS";"Circulo Deportivo";"";"";"Olimpo";"";"";"1";"1.2";"0.5";"0.5";"0.7";"0.5";"42";"8";"25";"92";"50";"1.1";"2";"33";"39";"";"";"";"";"";"";"18.3";"11.2";"7.5";"8.2";"9.8"
"Argentina";"ARG";"Torneo Federal A";"28-06-2026 15:00";"NS";"Kimberley Mar del Plata";"";"";"Guillermo Brown";"";"";"1.7";"1";"0.7";"0.7";"0.3";"0.8";"42";"8";"25";"92";"42";"1.2";"1";"56";"33";"";"";"";"";"";"";"19.5";"10.5";"6.4";"10.8";"11.2"
"Argentina";"ARG";"Torneo Federal A";"28-06-2026 15:30";"NS";"Escobar FC";"";"";"Gimnasia Concepción";"";"";"1.6";"0.6";"1.1";"0.4";"1.1";"1.1";"57";"36";"43";"64";"64";"2";"1";"52";"19";"";"";"";"";"";"";"18.4";"11";"7.7";"7.1";"11"
"Argentina";"ARG";"Torneo Federal A";"28-06-2026 15:30";"NS";"Juventud Antoniana";"";"";"Defensores Pto. Vilelas";"";"";"1.2";"1";"0.8";"1.3";"1.2";"1.8";"84";"58";"50";"42";"67";"2.6";"2";"39";"33";"";"";"";"";"";"";"21.8";"14.2";"9.2";"8.3";"12"
"Argentina";"ARG";"Torneo Federal A";"28-06-2026 15:30";"NS";"Costa Brava";"";"";"San Martín Mendoza";"";"";"1.7";"0.3";"1.3";"0.3";"0.7";"1.7";"58";"33";"33";"67";"75";"2";"2";"56";"11";"";"";"";"";"";"";"18.6";"14.8";"7.5";"4";"11"
"Argentina";"ARG";"Torneo Federal A";"28-06-2026 16:00";"NS";"9 de Julio Rafaela";"";"";"Gimnasia Chivilcoy";"";"";"2.3";"0.7";"2.6";"0.6";"1.4";"1.1";"78";"50";"50";"50";"78";"2.8";"2";"76";"24";"";"";"";"";"";"";"18.8";"10.1";"9";"8.9";"9.7"
"Argentina";"ARG";"Torneo Federal A";"28-06-2026 16:00";"NS";"Sarmiento de La Banda";"";"";"Bartolomé Mitre";"";"";"1.8";"1.3";"1.3";"1";"0.5";"0.8";"58";"42";"42";"58";"50";"1.8";"2";"61";"44";"";"";"";"";"";"";"17.2";"9.5";"9.7";"3.8";"11.3"
"Argentina";"ARG";"Torneo Federal A";"28-06-2026 16:00";"NS";"Sarmiento Resistencia";"";"";"Tucumán Central";"";"";"1";"0";"0.8";"0.5";"1";"2";"58";"34";"42";"66";"58";"2.2";"2";"33";"0";"";"";"";"";"";"";"21";"11.2";"9.5";"9.7";"11.7"
"Argentina";"ARG";"Reserve League";"28-06-2026 11:00";"INPLAY_1ST_HALF";"Vélez Sársfield Res.";"1";"0";"Newell's Old Boys Res.";"1";"0";"2.7";"1.1";"2.8";"1.1";"0.6";"1.2";"78";"50";"38";"50";"61";"2.8";"3";"89";"37";"";"";"";"";"";"";"16.6";"9.9";"9";"6.7";"7.7"
"Argentina";"ARG";"Reserve League";"28-06-2026 14:00";"NS";"Boca Juniors Res.";"";"";"Atlético Tucumán Res.";"";"";"2.3";"1.7";"2.1";"1.3";"0.4";"1.4";"78";"56";"33";"44";"67";"2.7";"3";"78";"56";"";"";"";"";"";"";"18.5";"11.4";"9";"6.8";"9.9"
"Argentina";"ARG";"Copa Santa Fe";"28-06-2026 15:00";"NS";"Argentino Rosario";"";"";"Union Arroyo Seco";"";"";"";"";"";"";"";"";"";"";"";"";"";"";"";"";"";"";"";"";"";"";"";"";"";"";"";""
"Argentina";"ARG";"Copa Santa Fe";"28-06-2026 15:30";"NS";"Náutico El Quillá";"";"";"Atlético Tostado";"";"";"";"";"";"";"";"";"";"";"";"";"";"";"";"";"";"";"";"";"";"";"";"";"";"";"";""
"Argentina";"ARG";"Copa Santa Fe";"28-06-2026 16:00";"NS";"Atlético Rafaela";"";"";"Sportivo Suardi";"";"";"";"";"";"";"";"";"";"";"";"";"";"";"";"";"";"";"";"";"";"";"";"";"";"";"";""
"Argentina";"ARG";"Copa Santa Fe";"28-06-2026 16:00";"NS";"Atlético Brown";"";"";"Sanjustino";"";"";"";"";"";"";"";"";"";"";"";"";"";"";"";"";"";"";"";"";"";"";"";"";"";"";"";""
"Australia";"AUS";"Queensland Premier League 3 Metro";"28-06-2026 02:00";"FT";"Logan Roos";"1";"1";"Yeronga Eagles";"1";"0";"1.3";"2";"2.1";"3.5";"2.7";"1.8";"100";"100";"81";"0";"88";"5.1";"5";"43";"67";"";"";"";"";"";"";"24.5";"10.6";"15.7";"11.9";"11"
"Australia";"AUS";"Queensland Premier League 3 Metro";"28-06-2026 04:00";"FT";"Redcliffe PCYC";"2";"4";"Mt Gravatt Hawks";"0";"3";"0.5";"0.5";"1.4";"1.2";"3.9";"2.5";"100";"92";"71";"8";"100";"4.4";"5";"17";"17";"";"";"";"";"";"";"30.4";"11.5";"10.8";"21";"17.4"
"Australia";"AUS";"Queensland Premier League 3 Metro";"28-06-2026 04:00";"FT";"North Brisbane";"2";"0";"Ipswich Knights";"1";"0";"0.8";"1.1";"1.5";"1.6";"3.8";"2.4";"94";"94";"71";"6";"94";"4.6";"5";"25";"37";"";"";"";"";"";"";"29.3";"12";"13";"20";"13.6"
"Australia";"AUS";"Capital Territory";"28-06-2026 02:00";"FT";"Canberra FC";"1";"2";"Tuggeranong United";"1";"1";"3";"1.8";"3.8";"2.2";"1";"2.4";"100";"100";"78";"0";"100";"4.7";"4";"100";"60";"";"";"";"";"";"";"20.6";"12.5";"12.2";"5.8";"10.8"
"Australia";"AUS";"Capital Territory";"28-06-2026 02:00";"FT";"Gungahlin Juventus";"2";"0";"Brindabella Blues";"0";"0";"1.5";"0.6";"2.2";"1";"2";"3.6";"100";"90";"68";"10";"80";"4.4";"4";"50";"20";"";"";"";"";"";"";"24.8";"10.5";"9";"13";"17.2"
"Australia";"AUS";"New South Wales";"28-06-2026 02:00";"FT";"Marconi Stallions";"2";"0";"Blacktown City";"1";"0";"2.5";"1.1";"2.1";"1.8";"0.5";"1.9";"76";"59";"65";"41";"84";"3.2";"3";"83";"37";"";"";"";"";"";"";"19.4";"11.9";"9";"6.2";"11.7"
"Australia";"AUS";"New South Wales";"28-06-2026 03:15";"FT";"APIA Leichhardt Tigers";"0";"2";"Rockdale Ilinden FC";"0";"1";"2.8";"1.7";"2.5";"1.7";"1";"1.4";"100";"65";"70";"35";"75";"3.3";"3";"93";"57";"";"";"";"";"";"";"20.8";"13.3";"12.1";"7.6";"8.6"
"Australia";"AUS";"Npl Tasmania";"28-06-2026 01:30";"FT";"Kingborough Lions";"2";"1";"Devonport City";"1";"0";"2.7";"2.5";"2.3";"4.5";"0.7";"1.5";"92";"75";"75";"25";"92";"4.5";"4";"89";"83";"";"";"";"";"";"";"19.6";"15.2";"11.2";"7.8";"5"
"Australia";"AUS";"Npl Tasmania";"28-06-2026 01:30";"FT";"Launceston City";"1";"0";"South East United";"0";"0";"1.5";"0.5";"2";"1.3";"2.5";"3.7";"100";"83";"58";"17";"84";"4.8";"4";"50";"17";"";"";"";"";"";"";"23.7";"13";"8.6";"11.8";"14"
"Australia";"AUS";"Npl Queensland";"28-06-2026 02:00";"FT";"Gold Coast United";"0";"1";"Moreton City Excelsior";"0";"0";"0.6";"1.4";"1.2";"2.1";"2.4";"1.4";"93";"76";"42";"24";"93";"3.6";"3";"20";"48";"";"";"";"";"";"";"19.4";"4.6";"12";"13.2";"9"
"Australia";"AUS";"Npl Queensland";"28-06-2026 04:00";"FT";"Queensland Lions";"6";"2";"Wynnum Wolves FC";"2";"0";"2.3";"1.9";"2.2";"2.1";"0.8";"1.6";"92";"84";"60";"16";"84";"3.4";"3";"78";"62";"";"";"";"";"";"";"23.8";"17.8";"11.3";"6";"12.6"
"Australia";"AUS";"Npl Victoria";"28-06-2026 02:30";"FT";"South Melbourne";"1";"2";"Green Gully";"0";"1";"0.8";"0.3";"1.1";"0.7";"2.5";"2.1";"83";"72";"53";"28";"72";"3.2";"3";"25";"11";"";"";"";"";"";"";"18";"9.2";"7.8";"9.6";"9.2"
"Australia";"AUS";"Northern Nsw";"28-06-2026 02:00";"FT";"Broadmeadow Magic";"5";"1";"Weston Workers FC";"1";"1";"2.1";"2.7";"2.7";"2.4";"1.3";"1.1";"100";"78";"71";"22";"100";"3.8";"4";"71";"90";"";"";"";"";"";"";"21";"11.4";"12.3";"9.3";"9"
"Australia";"AUS";"Northern Nsw";"28-06-2026 02:00";"DELAYED";"Kahibah";"0";"0";"Maitland";"0";"0";"0.9";"1.9";"1.5";"2.4";"2.1";"1.9";"94";"82";"75";"18";"94";"3.9";"4";"29";"62";"";"";"";"";"";"";"24.2";"11.1";"10.4";"16.5";"10.4"
"Australia";"AUS";"Victoria NPL Youth League";"28-06-2026 02:30";"FT";"Heidelberg United U23";"2";"1";"Oakleigh Cannons U23";"1";"1";"1.5";"1.6";"3";"1.9";"2.8";"1.5";"94";"81";"88";"19";"88";"4.6";"4";"50";"54";"";"";"";"";"";"";"22";"10.6";"11.2";"13.3";"8.8"
"Australia";"AUS";"Brisbane Reserves Premier League";"28-06-2026 00:00";"AWAITING_UPDATES";"Logan Roos U23";"";"";"Yeronga Eagles U23";"";"";"0.5";"2.4";"0.5";"2.9";"8.7";"1.1";"94";"79";"40";"21";"";"6.6";"6";"17";"79";"";"";"";"";"";"";"";"";"";"";""
"Australia";"AUS";"Brisbane Reserves Premier League";"28-06-2026 02:00";"AWAITING_UPDATES";"Redcliffe Dolphins U23";"";"";"Mt Gravatt U23";"";"";"0";"0.5";"1.1";"1.2";"4.2";"2.7";"92";"92";"78";"8";"";"4.6";"5";"0";"17";"";"";"";"";"";"";"";"";"";"";""
"Australia";"AUS";"Brisbane Reserves Premier League";"28-06-2026 02:00";"AWAITING_UPDATES";"North Brisbane U23";"";"";"Ipswich Knights U23";"";"";"2.2";"1.3";"3.2";"2";"1.9";"2.8";"94";"88";"66";"12";"";"4.9";"5";"75";"44";"";"";"";"";"";"";"";"";"";"";""
"Australia";"AUS";"Northern Territory Premier League";"28-06-2026 03:30";"FT";"Darwin Olympic";"2";"3";"Darwin Hearts";"1";"3";"1.4";"1.5";"3";"2.3";"1.8";"2.7";"100";"82";"74";"18";"100";"4.9";"5";"47";"50";"";"";"";"";"";"";"16.9";"10.6";"6.8";"7.8";"8.6"
"Australia";"AUS";"New South Wales NPL Youth League";"28-06-2026 00:00";"FT";"Marconi Stallions U20";"3";"1";"Blacktown City U20";"2";"1";"1.9";"1";"1.8";"1.5";"0.8";"3.2";"82";"78";"49";"22";"82";"3.6";"4";"62";"33";"";"";"";"";"";"";"22.2";"11.5";"12.3";"6.8";"14"
"Australia";"AUS";"New South Wales NPL Youth League";"28-06-2026 05:15";"FT";"APIA Leichhardt U20";"1";"2";"Rockdale Ilinden U20";"1";"1";"3";"0.7";"3.3";"1.1";"0.8";"1.8";"90";"75";"55";"25";"80";"3.5";"4";"100";"23";"";"";"";"";"";"";"20.5";"14.5";"8.2";"7.3";"11"
"Australia";"AUS";"Queensland Premier League 2";"28-06-2026 03:00";"FT";"Brisbane Knights";"6";"2";"Caloundra";"3";"1";"1.8";"1.3";"1.4";"2";"1";"2.4";"83";"56";"56";"44";"73";"3.4";"4";"60";"43";"";"";"";"";"";"";"30.6";"16";"15.8";"16.5";"12.8"
"Australia";"AUS";"Queensland NPL Youth League";"28-06-2026 01:45";"FT";"Lions U23";"4";"0";"Wolves U23";"1";"0";"3";"0.9";"3.2";"1.6";"0.3";"2.6";"84";"76";"52";"24";"92";"3.8";"4";"100";"29";"";"";"";"";"";"";"26.8";"15.5";"10.2";"8.7";"19.2"
"Australia";"AUS";"Queensland NPL Youth League";"28-06-2026 03:30";"AWAITING_UPDATES";"Peninsula Power U23";"";"";"Queensland U16";"";"";"0.9";"0.2";"1.6";"0.7";"3";"3.7";"92";"86";"84";"14";"66";"4.4";"4";"29";"6";"";"";"";"";"";"";"";"12.1";"";"15.5";""
"Australia";"AUS";"NSW League One Youth";"28-06-2026 05:00";"AWAITING_UPDATES";"Prospect United U20";"";"";"Bulls Academy U20";"";"";"2";"2.1";"2";"2.2";"0.9";"0.9";"80";"47";"64";"53";"78";"3";"4";"67";"70";"";"";"";"";"";"";"23.4";"12.6";"16.3";"8.9";"9"
"Australia";"AUS";"Northern NSW Reserve League";"28-06-2026 00:00";"DELAYED";"Kahibah Res.";"";"";"Maitland Res.";"";"";"0.6";"1";"1.8";"1.6";"3.4";"1.9";"100";"75";"82";"25";"88";"4.3";"5";"21";"33";"";"";"";"";"";"";"21.5";"6.4";"9.1";"14";"13.6"
"Australia";"AUS";"Northern NSW Reserve League";"28-06-2026 00:00";"DELAYED";"Broadmeadow Magic Res.";"";"";"Weston Workers Res.";"";"";"1.6";"1.6";"2.4";"1.6";"2";"1.3";"86";"78";"78";"22";"86";"3.6";"4";"52";"52";"";"";"";"";"";"";"25.7";"15";"14";"10.4";"12"
"Australia";"AUS";"Northern NSW State League 1 Reserves";"28-06-2026 00:00";"AWAITING_UPDATES";"Wallsend Res.";"";"";"Singleton Strikers Res.";"";"";"1.5";"1";"3.7";"1.8";"1.8";"3.3";"92";"92";"75";"8";"";"5.4";"";"50";"33";"";"";"";"";"";"";"";"";"";"";""
"Australia";"AUS";"Northern NSW State League 1 Reserves";"28-06-2026 00:00";"AWAITING_UPDATES";"West Wallsend Res.";"";"";"Newcastle Croatia Res.";"";"";"1.4";"1.5";"2.6";"1.8";"3";"3.2";"100";"92";"84";"8";"";"5.3";"";"47";"50";"";"";"";"";"";"";"";"";"";"";""
"Australia";"AUS";"Northern NSW State League 1 Reserves";"28-06-2026 01:00";"AWAITING_UPDATES";"Lake Macquarie Res.";"";"";"Dudley Redhead Utd Res.";"";"";"2";"1.6";"3.2";"2.2";"1.2";"1.6";"92";"84";"56";"16";"";"4";"";"67";"53";"";"";"";"";"";"";"";"";"";"";""
"Australia";"AUS";"New South Wales NPL 2";"28-06-2026 07:00";"FT";"Prospect United";"1";"1";"Bulls Academy";"1";"0";"0.7";"1";"0.9";"1.5";"1.4";"1.6";"74";"52";"68";"48";"73";"2.7";"3";"22";"33";"";"";"";"";"";"";"21.8";"9.8";"11.7";"12.9";"9.1"
"Australia";"AUS";"Northern NSW State League 1";"28-06-2026 02:00";"POSTPONED";"Wallsend";"";"";"Singleton Strikers";"";"";"2.4";"1.3";"3.4";"0.8";"1.6";"1.3";"92";"66";"65";"34";"74";"3.6";"4";"80";"44";"";"";"";"";"";"";"";"";"";"";""
"Australia";"AUS";"Northern NSW State League 1";"28-06-2026 02:00";"AWAITING_UPDATES";"West Wallsend";"";"";"Newcastle Croatia";"";"";"0.8";"1.8";"1.2";"2.8";"2.8";"2.4";"80";"80";"80";"20";"68";"4.6";"5";"27";"60";"";"";"";"";"";"";"";"";"";"";""
"Australia";"AUS";"Northern NSW State League 1";"28-06-2026 03:00";"AWAITING_UPDATES";"Weston Workers";"";"";"Dudley Redhead Senior";"";"";"2";"1.4";"3";"1";"1.3";"1.4";"90";"72";"36";"28";"55";"3.4";"3";"67";"47";"";"";"";"";"";"";"";"";"";"";""
"Australia";"AUS";"New South Wales NPL 3";"28-06-2026 04:00";"FT";"Bonnyrigg White Eagles";"2";"3";"Granville Rage";"0";"2";"1.8";"1";"2.1";"1.4";"1.8";"3";"100";"72";"67";"28";"89";"4.2";"3";"59";"33";"";"";"";"";"";"";"25.7";"13.4";"11.5";"13.8";"12.7"
"Australia";"AUS";"New South Wales NPL 3 Youth";"28-06-2026 02:00";"AWAITING_UPDATES";"Bonnyrigg WE U20";"";"";"Western Rage U20";"";"";"0.1";"0.6";"0.8";"1.3";"3.2";"1.9";"89";"78";"62";"22";"";"3.6";"";"4";"19";"";"";"";"";"";"";"";"";"";"";""
"Belarus";"BLR";"Vysshaya Liga";"28-06-2026 12:00";"NS";"Dnepr Mogilev";"";"";"Neman Grodno";"";"";"0.6";"2";"0.6";"1.2";"1";"0.6";"40";"30";"40";"70";"40";"1.7";"2";"20";"67";"";"";"";"";"";"";"13.9";"9";"5.2";"7.6";"6"
"Belarus";"BLR";"Vysshaya Liga";"28-06-2026 12:30";"NS";"Isloch";"";"";"Belshina";"";"";"2.4";"0";"2";"0.6";"0.6";"2.6";"90";"60";"50";"40";"90";"2.9";"2";"80";"0";"";"";"";"";"";"";"17";"10";"7.6";"4.8";"11.6"
"Belarus";"BLR";"Pershaya Liga";"28-06-2026 08:00";"FT";"Orsha";"0";"4";"Minsk II";"0";"1";"0.2";"1.2";"0.8";"1";"2";"1.4";"80";"55";"55";"45";"55";"2.6";"3";"8";"40";"";"";"";"";"";"";"14.8";"5.5";"5.2";"9";"10"
"Belarus";"BLR";"Pershaya Liga";"28-06-2026 10:00";"INPLAY_2ND_HALF";"FC Ostrovets";"1";"1";"Dinamo Minsk II";"0";"1";"0.8";"1.4";"1.2";"2.2";"1.5";"1.4";"84";"74";"74";"26";"75";"3.2";"3";"28";"47";"";"";"";"";"";"";"19.2";"11.8";"8.5";"6.8";"11.5"
"Belarus";"BLR";"Pershaya Liga";"28-06-2026 12:00";"NS";"BATE II";"";"";"Energetik-BGU";"";"";"0.8";"2.6";"1.8";"2.8";"2.6";"0.4";"90";"60";"70";"40";"70";"3.8";"3";"27";"87";"";"";"";"";"";"";"19.8";"10.2";"9.8";"9.2";"10.2"
"Brazil";"BRA";"Serie C";"28-06-2026 11:00";"INPLAY_1ST_HALF";"Figueirense";"0";"0";"Guarani";"0";"0";"1.2";"1.6";"1";"2";"1.8";"1";"90";"60";"50";"40";"60";"2.9";"3";"40";"53";"";"";"";"";"";"";"23.4";"13.2";"14.8";"8.2";"10.6"
"Brazil";"BRA";"Serie C";"28-06-2026 20:30";"NS";"Ypiranga Erechim";"";"";"Confiança";"";"";"1.6";"0";"1.6";"0.2";"1.2";"1.2";"60";"30";"40";"70";"60";"2.1";"3";"53";"0";"";"";"";"";"";"";"24.6";"12.6";"12.8";"10.6";"13.2"
"Brazil";"BRA";"Serie C";"28-06-2026 20:30";"NS";"Ituano";"";"";"Maranhão";"";"";"2.6";"0.8";"1.6";"0.5";"0.2";"1.3";"54";"35";"26";"65";"64";"1.8";"2";"87";"28";"";"";"";"";"";"";"25.3";"15.6";"8.7";"12.2";"14.2"
"Brazil";"BRA";"Serie D";"28-06-2026 15:30";"NS";"Juazeirense";"";"";"Serra Branca";"";"";"2";"1.8";"1.4";"1.4";"0.6";"1";"60";"40";"60";"60";"60";"2.2";"2";"67";"60";"";"";"";"";"";"";"19";"14";"11";"6";"7"
"Brazil";"BRA";"Serie D";"28-06-2026 16:00";"NS";"ABC";"";"";"Altos";"";"";"2.2";"0.4";"1.8";"0.6";"0.4";"1.6";"70";"30";"50";"70";"60";"2.2";"3";"73";"13";"";"";"";"";"";"";"23";"13.2";"11.6";"10.6";"10.6"
"Brazil";"BRA";"Serie D";"28-06-2026 16:00";"NS";"Cianorte";"";"";"Independiente FSJ";"";"";"1.2";"1";"1.2";"0.2";"1.4";"0.6";"40";"30";"30";"70";"60";"1.7";"2";"40";"33";"";"";"";"";"";"";"19.6";"11.2";"10";"7.6";"10.4"
"Brazil";"BRA";"Serie D";"28-06-2026 16:00";"NS";"Marcílio Dias";"";"";"Cascavel";"";"";"1.4";"1";"1.2";"1";"0.8";"0.6";"40";"30";"30";"70";"50";"1.8";"2";"47";"33";"";"";"";"";"";"";"20.3";"9.8";"10.8";"11.8";"8.2"
"Brazil";"BRA";"Serie D";"28-06-2026 16:00";"NS";"Noroeste";"";"";"Portuguesa RJ";"";"";"2.2";"1.4";"1.6";"1.4";"0.6";"0.8";"70";"30";"30";"70";"40";"2.2";"2";"73";"47";"";"";"";"";"";"";"21.5";"13.4";"9";"7.8";"12.8"
"Brazil";"BRA";"Serie D";"28-06-2026 16:30";"NS";"Manauara";"";"";"Independencia";"";"";"2.2";"0.8";"1.6";"1.4";"0.6";"1.2";"70";"40";"50";"60";"70";"2.4";"2";"73";"27";"";"";"";"";"";"";"19.6";"15.2";"10.8";"6.2";"7"
"Brazil";"BRA";"Serie D";"28-06-2026 17:00";"NS";"Ferroviário";"";"";"Central";"";"";"3";"1.2";"2.2";"0.8";"0.8";"0.6";"70";"30";"50";"70";"60";"2.2";"3";"100";"40";"";"";"";"";"";"";"25.5";"17";"10.6";"7.2";"16.2"
"Brazil";"BRA";"Serie D";"28-06-2026 17:00";"NS";"Nacional AM";"";"";"Araguaína";"";"";"2";"1.8";"1.6";"2.6";"0.8";"1.2";"70";"60";"50";"40";"70";"3.1";"3";"67";"60";"";"";"";"";"";"";"22.8";"12.8";"16";"6.8";"10"
"Brazil";"BRA";"Serie D";"28-06-2026 17:00";"NS";"Treze";"";"";"Jacuipense";"";"";"2";"1";"2";"1";"0.8";"1.4";"80";"50";"60";"50";"80";"2.6";"3";"67";"33";"";"";"";"";"";"";"21.6";"12.2";"9.6";"8.4";"13"
"Brazil";"BRA";"Serie D";"28-06-2026 17:00";"NS";"Porto Velho";"";"";"São Raimundo RR";"";"";"2";"1.6";"4";"1";"0.6";"0.6";"60";"50";"30";"50";"80";"3.1";"3";"67";"53";"";"";"";"";"";"";"21.2";"13.7";"6.8";"9.3";"12.8"
"Brazil";"BRA";"Serie D";"28-06-2026 18:00";"NS";"Luverdense";"";"";"Ceilândia";"";"";"1.6";"1.4";"1.4";"1.2";"0.6";"1.2";"60";"40";"50";"60";"60";"2.2";"3";"53";"47";"";"";"";"";"";"";"19.1";"14";"8.6";"4.8";"10.8"
"Brazil";"BRA";"Serie D";"28-06-2026 18:00";"NS";"Guaporé";"";"";"Monte Roraima";"";"";"3";"1.4";"1.8";"1.4";"0.6";"1.6";"70";"40";"50";"60";"80";"2.7";"2";"100";"47";"";"";"";"";"";"";"17.7";"11.2";"9.6";"6.5";"8"
"Brazil";"BRA";"Mineiro 2";"28-06-2026 10:00";"INPLAY_2ND_HALF";"CAP Patrocinense";"0";"0";"Uberaba";"0";"0";"0.7";"1.3";"0.7";"1.3";"1.3";"1.3";"84";"33";"50";"67";"50";"2.4";"2";"22";"44";"";"";"";"";"";"";"19.9";"13.7";"6.5";"10.7";"9"
"Brazil";"BRA";"Mineiro 2";"28-06-2026 10:00";"INPLAY_2ND_HALF";"Aymorés";"0";"1";"Valeriodoce";"0";"1";"3";"2.3";"3";"1.7";"0.7";"1";"84";"84";"67";"16";"84";"3.2";"3";"100";"78";"";"";"";"";"";"";"";"18.5";"";"5.5";""
"Brazil";"BRA";"Mineiro 2";"28-06-2026 10:30";"INPLAY_1ST_HALF";"Boa";"0";"0";"Mamoré";"0";"0";"2";"1.3";"1";"1.3";"0.7";"1";"67";"34";"34";"66";"67";"2";"2";"67";"44";"";"";"";"";"";"";"25.4";"10.7";"10.5";"8";"21.5"
"Brazil";"BRA";"Paulista Série B";"28-06-2026 10:00";"INPLAY_2ND_HALF";"Osasco Audax";"0";"0";"Flamengo SP";"0";"0";"2";"1.6";"1.6";"1";"0.6";"0.8";"60";"20";"30";"80";"20";"2";"2";"67";"53";"";"";"";"";"";"";"18.6";"10.8";"9.5";"9.5";"7.5"
"Brazil";"BRA";"Paulista Série B";"28-06-2026 10:00";"INPLAY_2ND_HALF";"Tupã";"0";"0";"Independente SP";"0";"0";"0.8";"2.4";"1";"2.4";"1.8";"0.8";"90";"50";"40";"50";"70";"3";"3";"27";"80";"";"";"";"";"";"";"19.8";"8.2";"12.7";"8.8";"10"
"Brazil";"BRA";"Paulista Série B";"28-06-2026 15:00";"NS";"Santacruzense";"";"";"América SP";"";"";"1.4";"1.2";"2.2";"1";"1.6";"1";"80";"40";"60";"60";"70";"2.9";"3";"47";"40";"";"";"";"";"";"";"21";"9";"12.8";"9";"11.2"
"Brazil";"BRA";"Paulista Série B";"28-06-2026 15:00";"NS";"Paulínia FU";"";"";"Itaquaquecetuba";"";"";"2";"2";"2.2";"1.6";"1.2";"0.8";"100";"60";"60";"40";"80";"2.9";"2";"67";"67";"";"";"";"";"";"";"17.2";"8.7";"8.5";"11.7";"5.5"
"Brazil";"BRA";"Paulista U20";"28-06-2026 10:00";"INPLAY_2ND_HALF";"Portuguesa U20";"0";"0";"Ferroviária U20";"0";"0";"";"";"";"";"";"";"";"";"";"";"";"";"";"";"";"";"";"";"";"";"";"";"";"";"";""
"Brazil";"BRA";"Paulista U20";"28-06-2026 15:00";"NS";"Bragantino U20";"";"";"Capivariano U20";"";"";"";"1";"";"0";"";"0";"";"";"";"";"";"";"";"";"33";"";"";"";"";"";"";"";"";"";"";""
"Brazil";"BRA";"Paulista U20";"28-06-2026 15:00";"NS";"São Caetano U20";"";"";"Sao Paulo U20";"";"";"";"";"";"";"";"";"";"";"";"";"";"";"";"";"";"";"";"";"";"";"";"";"";"";"";""
"Brazil";"BRA";"Paulista U20";"28-06-2026 15:00";"NS";"Santos U20";"";"";"Corinthians U20";"";"";"";"";"";"";"";"";"";"";"";"";"";"";"";"";"";"";"";"";"";"";"";"";"";"";"";""
"Brazil";"BRA";"Catarinense 2";"28-06-2026 15:00";"NS";"Hercílio Luz";"";"";"Fluminense SC";"";"";"2.5";"1.2";"2.8";"0.6";"0.5";"0.8";"52";"44";"26";"56";"42";"2.3";"2";"83";"40";"";"";"";"";"";"";"22.1";"14.2";"9.8";"7.8";"12.5"
"Brazil";"BRA";"Catarinense 2";"28-06-2026 16:00";"NS";"Caravaggio";"";"";"Guarani de Palhoça";"";"";"2";"0.6";"2";"0.8";"1.2";"2.6";"80";"60";"50";"40";"80";"3.3";"3";"67";"20";"";"";"";"";"";"";"23.3";"12.2";"7.8";"15.4";"11.2"
"Brazil";"BRA";"Brasiliense U20";"28-06-2026 10:00";"INPLAY_2ND_HALF";"Capital DF U20";"3";"1";"CA Taguatinga U20";"3";"0";"3";"3";"5.5";"4";"0.5";"1";"100";"100";"75";"0";"";"5.5";"5";"100";"100";"";"";"";"";"";"";"";"";"";"";""
"Brazil";"BRA";"Brasiliense U20";"28-06-2026 15:30";"NS";"Brasilia DF U20";"";"";"Planaltina DF U20";"";"";"1.3";"3";"2";"3.7";"2.3";"0.3";"100";"84";"66";"16";"84";"4.2";"4";"44";"100";"";"";"";"";"";"";"";"";"19";"";"7.3"
"Brazil";"BRA";"Brasiliense U20";"28-06-2026 15:30";"NS";"Luziânia U20";"";"";"Paranoá U20";"";"";"0.3";"0.3";"1";"0.7";"5";"2.3";"84";"84";"50";"16";"";"4.5";"5";"11";"11";"";"";"";"";"";"";"";"";"";"";""
"Brazil";"BRA";"Brasiliense U20";"28-06-2026 15:30";"NS";"Santa Maria U20";"";"";"Ceilândia U20";"";"";"3";"0";"3";"2";"0.5";"7";"100";"100";"75";"0";"";"6.2";"5";"100";"0";"";"";"";"";"";"";"";"";"11.5";"";"19"
"Brazil";"BRA";"Brasiliense U20";"28-06-2026 15:30";"NS";"Samambaia U20";"";"";"Brasiliense U20";"";"";"2";"3";"1";"7";"0.5";"0";"75";"50";"25";"50";"";"4.2";"2";"67";"100";"";"";"";"";"";"";"";"";"";"";""
"Brazil";"BRA";"Baiano U20";"28-06-2026 09:00";"FT";"Barcelona BA U20";"0";"5";"Vitoria U20";"0";"4";"1.9";"2.8";"1.6";"3.5";"0.9";"1.2";"81";"56";"75";"44";"64";"3.6";"3";"62";"92";"";"";"";"";"";"";"";"16";"";"9.2";""
"Brazil";"BRA";"Baiano U20";"28-06-2026 15:00";"NS";"Jacobina U20";"";"";"Bahia U20";"";"";"1.9";"2.4";"1.6";"2.1";"0.4";"0.5";"46";"34";"20";"66";"29";"2.3";"2";"62";"79";"";"";"";"";"";"";"";"";"";"";""
"Brazil";"BRA";"Torneio Otavio Pinto Guimaraes U20";"28-06-2026 14:45";"NS";"Flamengo RJ U20";"";"";"Paduano U20";"";"";"";"";"";"";"";"";"";"";"";"";"";"";"";"";"";"";"";"";"";"";"";"";"";"";"";""
"Brazil";"BRA";"Gaúcho - Estadual Junior U20";"28-06-2026 14:00";"NS";"Juventude U20";"";"";"São José PA U20";"";"";"3";"1.5";"2.8";"1.5";"0.2";"1.2";"78";"45";"35";"55";"30";"2.9";"3";"100";"50";"";"";"";"";"";"";"24.6";"17.5";"9.5";"6.2";"16"
"Brazil";"BRA";"Catarinense U20";"28-06-2026 10:00";"INPLAY_2ND_HALF";"Carlos Renaux U20";"1";"3";"Chapecoense-SC U20";"0";"3";"1.2";"1.6";"1";"1.8";"2.5";"1.6";"84";"54";"65";"46";"72";"3.4";"3";"39";"53";"";"";"";"";"";"";"22.8";"11.8";"14";"12";"7.8"
"Brazil";"BRA";"Maranhense 2";"28-06-2026 16:00";"NS";"Pinheiro";"";"";"Viana";"";"";"";"";"";"";"";"";"";"";"";"";"";"";"";"";"";"";"";"";"";"";"";"";"";"";"";""
"Canada";"CAN";"PCSL";"28-06-2026 18:00";"NS";"Gorge";"";"";"WIA";"";"";"2.2";"0.8";"3.5";"1.2";"1";"2";"88";"62";"50";"38";"";"3.8";"3";"75";"25";"";"";"";"";"";"";"";"";"";"";""
"Canada";"CAN";"PCSL";"28-06-2026 19:00";"NS";"Mid Isle Highlanders";"";"";"Khalsa";"";"";"0.2";"1";"0.2";"1.5";"1.2";"1.5";"62";"38";"50";"62";"";"2.2";"2";"8";"33";"";"";"";"";"";"";"";"";"";"";""
"Canada";"CAN";"PCSL";"28-06-2026 19:00";"CANCELLED";"Kamloops Rivers II";"";"";"AFA";"";"";"";"0.2";"";"0.7";"";"2.7";"";"";"";"";"";"";"";"";"6";"";"";"";"";"";"";"";"";"";"";""
"Chile";"CHI";"Tercera A";"28-06-2026 16:30";"NS";"Futuro";"";"";"Chimbarongo";"";"";"0.8";"0.2";"1.2";"0.7";"2.4";"2.8";"100";"72";"74";"28";"90";"3.6";"3";"27";"6";"";"";"";"";"";"";"22.2";"7";"11.5";"11";"15"
"China";"CHN";"Super League";"28-06-2026 07:00";"FT";"Qingdao West Coast";"3";"1";"Zhejiang";"1";"1";"1.3";"1.4";"1";"1.4";"0.9";"1.9";"86";"42";"57";"58";"78";"2.6";"2";"43";"48";"";"";"";"";"";"";"22.9";"10.4";"11.3";"10.7";"13.4"
"China";"CHN";"Super League";"28-06-2026 08:00";"FT";"Dalian Yingbo";"1";"4";"Shanghai Shenhua";"1";"2";"2.1";"1.3";"1.7";"1.6";"1";"1.6";"78";"57";"57";"43";"72";"2.9";"3";"71";"43";"";"";"";"";"";"";"25.3";"16";"12.3";"8.3";"14"
"China";"CHN";"League Two";"28-06-2026 08:00";"FT";"Beijing BIT";"1";"1";"Tai'an Tiankuang";"1";"1";"0.3";"1.3";"0.7";"1.2";"1.7";"1";"66";"33";"58";"67";"50";"2.2";"3";"11";"44";"";"";"";"";"";"";"21.2";"6";"11.5";"17";"8"
"China";"CHN";"League Two";"28-06-2026 08:00";"FT";"Shandong Taishan II";"1";"0";"Shanxi Chongde Ronghai";"0";"0";"1.7";"1.5";"1.3";"1";"1";"0.7";"58";"42";"50";"58";"50";"2";"2";"56";"50";"";"";"";"";"";"";"21.2";"11.5";"12.2";"8.7";"10.2"
"China";"CHN";"League Two";"28-06-2026 08:30";"FT";"Jiangxi Lushan";"2";"0";"Guangzhou Dandelion";"2";"0";"1.9";"1.3";"1.4";"0.7";"0.9";"0.9";"50";"36";"36";"64";"57";"2";"2";"62";"43";"";"";"";"";"";"";"21.8";"10.4";"13.1";"8.1";"11.7"
"China";"CHN";"League Two";"28-06-2026 08:30";"FT";"Shenzhen 2028";"1";"0";"Chengdu Rongcheng II";"0";"0";"2";"1";"2.3";"0.3";"1.3";"1.3";"75";"44";"36";"56";"84";"2.6";"3";"67";"33";"";"";"";"";"";"";"19.5";"12.6";"7.2";"10";"9.2"
"China";"CHN";"League Two";"28-06-2026 08:30";"FT";"Wenzhou";"0";"1";"Ganzhou Ruishi";"0";"1";"1.3";"1.3";"0.7";"0.5";"0.7";"0.7";"33";"17";"25";"83";"50";"1.2";"2";"44";"44";"";"";"";"";"";"";"17.2";"9.7";"8";"8";"8.8"
"China";"CHN";"League Two";"28-06-2026 08:30";"FT";"Wuhan Three Towns II";"0";"1";"Hangzhou Linping Wuyue";"0";"0";"0.7";"1";"0.3";"1";"0.7";"2.3";"58";"25";"50";"75";"50";"2.2";"2";"22";"33";"";"";"";"";"";"";"21.1";"11.7";"8.7";"8.8";"13"
"Cameroon";"CMR";"Elite One";"28-06-2026 09:45";"INPLAY_2ND_HALF";"Canon";"3";"0";"Victoria United";"0";"0";"0.9";"1.6";"1";"1";"1.2";"1.2";"50";"35";"45";"65";"65";"2.2";"2";"30";"53";"";"";"";"";"";"";"17.6";"8.6";"5.8";"8.9";"11.9"
"Cameroon";"CMR";"Elite One";"28-06-2026 11:30";"NS";"Aigle Royal";"";"";"Panthère";"";"";"2";"1.2";"1.3";"0.8";"0.5";"0.8";"45";"20";"25";"80";"75";"1.7";"2";"67";"40";"";"";"";"";"";"";"14.9";"9.8";"6.9";"6.2";"6.9"
"Cameroon";"CMR";"Elite One";"28-06-2026 11:30";"NS";"Aigle Royal de Moungo";"";"";"PWD";"";"";"0.9";"0.5";"0.9";"1.1";"1.3";"2.3";"80";"45";"65";"55";"90";"2.8";"2";"30";"17";"";"";"";"";"";"";"19.6";"9.8";"8";"9";"12.4"
"Cameroon";"CMR";"Elite One";"28-06-2026 11:30";"NS";"Gazelle";"";"";"Cotonsport";"";"";"1.7";"0.9";"1.3";"0.8";"0.9";"1";"65";"30";"40";"70";"70";"2";"2";"57";"30";"";"";"";"";"";"";"19";"9.4";"9.7";"8.9";"10"
"Cameroon";"CMR";"Elite One";"28-06-2026 12:00";"NS";"Unisport Bafang";"";"";"Dynamo de Douala";"";"";"2.6";"2.2";"2.4";"1.5";"0.3";"0.8";"60";"55";"35";"45";"70";"2.5";"2";"87";"73";"";"";"";"";"";"";"22.5";"13.1";"10.3";"12.6";"9"
"Cameroon";"CMR";"Elite One";"28-06-2026 12:00";"NS";"Colombe";"";"";"Fauve Azur Elite";"";"";"2.4";"0.6";"2";"0.7";"0.6";"2.6";"65";"55";"45";"45";"70";"3";"2";"80";"20";"";"";"";"";"";"";"16.6";"10";"8.4";"6";"8.9"
"Ecuador";"ECU";"Superliga Femenina";"28-06-2026 12:30";"NS";"Macará W";"";"";"Universidad Católica W";"";"";"1.2";"2.1";"1.6";"2.2";"1.9";"0.9";"88";"83";"53";"17";"83";"3.3";"4";"42";"70";"";"";"";"";"";"";"24.4";"14";"16.5";"11.4";"7"
"Ecuador";"ECU";"Superliga Femenina";"28-06-2026 14:00";"NS";"Deportivo Ibarra W";"";"";"El Nacional W";"";"";"1.2";"0";"1.8";"0.7";"1.8";"5.3";"100";"84";"42";"16";"75";"4.8";"4";"39";"0";"";"";"";"";"";"";"";"";"4.8";"";"22.8"
"Ecuador";"ECU";"Superliga Femenina";"28-06-2026 17:00";"NS";"Emelec W";"";"";"LDU Quito W";"";"";"1.2";"2.7";"0.8";"3.1";"1.5";"0.1";"92";"45";"16";"55";"77";"2.8";"3";"39";"90";"";"";"";"";"";"";"22.4";"2.5";"12";"22.5";"7.8"
"Estonia";"EST";"Meistriliiga";"28-06-2026 11:00";"INPLAY_1ST_HALF";"Nõmme Kalju";"0";"0";"Paide";"0";"0";"1.6";"1.7";"2";"1.9";"1";"1.4";"78";"62";"72";"38";"67";"3.2";"3";"52";"56";"";"";"";"";"";"";"21.8";"12.6";"10.9";"9.9";"10.2"
"Estonia";"EST";"Meistriliiga";"28-06-2026 13:00";"NS";"Levadia";"";"";"Flora";"";"";"2.2";"1.9";"2.8";"1.6";"0.6";"1.4";"94";"68";"44";"32";"68";"3.2";"3";"75";"62";"";"";"";"";"";"";"24";"17.4";"16.2";"6.4";"8"
"Estonia";"EST";"Small Cup";"28-06-2026 12:00";"NS";"Rae Spordikool";"";"";"JK Poseidon";"";"";"";"";"";"";"";"";"";"";"";"";"";"";"";"";"";"";"";"";"";"";"";"";"";"";"";""
"Ethiopia";"ETH";"Premier League";"28-06-2026 04:00";"FT";"Adama Kenema";"0";"2";"Welayta Dicha";"0";"0";"1";"1.9";"1.1";"0.9";"1.2";"0.3";"50";"25";"25";"75";"50";"1.8";"2";"33";"63";"";"";"";"";"";"";"14.1";"7.6";"8.5";"7.8";"4.4"
"Ethiopia";"ETH";"Premier League";"28-06-2026 07:00";"FT";"Bahardar";"0";"1";"Sidama Bunna";"0";"1";"0.9";"1.7";"0.6";"1";"1.1";"0.7";"55";"30";"35";"70";"65";"1.7";"2";"30";"57";"";"";"";"";"";"";"13.2";"6.4";"8.2";"6.4";"5.5"
"Ethiopia";"ETH";"Premier League";"28-06-2026 10:00";"INPLAY_2ND_HALF";"Mebrat Hayl";"1";"0";"Awassa Kenema";"1";"0";"1.2";"0.6";"0.7";"0.7";"0.6";"1.2";"45";"25";"40";"75";"40";"1.6";"2";"40";"20";"";"";"";"";"";"";"14.5";"5.9";"7.1";"8.2";"7.8"
"Ethiopia";"ETH";"Premier League";"28-06-2026 10:00";"INPLAY_2ND_HALF";"Sheger Ketema";"2";"0";"Mechal FC";"2";"0";"1.2";"1.6";"0.5";"1.4";"0.5";"1.2";"55";"25";"45";"75";"50";"1.8";"2";"40";"53";"";"";"";"";"";"";"14.6";"6.7";"9.4";"7.2";"6"
"Fiji";"FIJ";"FA Cup";"28-06-2026 00:00";"FT_PEN";"Ba";"0";"0";"Navua";"0";"0";"1.5";"1.3";"2";"1.3";"1.5";"1";"100";"42";"58";"58";"58";"2.9";"4";"50";"44";"";"";"";"";"";"";"9.2";"4";"6";"3";"5.5"
"Finland";"FIN";"Ykkösliiga";"28-06-2026 10:00";"INPLAY_2ND_HALF";"KäPa";"1";"1";"JäPS";"1";"1";"1";"1.4";"1";"1";"1.4";"1.6";"80";"60";"50";"40";"70";"2.5";"2";"33";"47";"";"";"";"";"";"";"23.8";"10";"9";"12";"16.6"
"Finland";"FIN";"Kakkonen";"28-06-2026 09:00";"FT";"Ilves II";"3";"2";"EBK";"0";"1";"1.3";"0.2";"1.3";"0.8";"1.3";"2.5";"71";"71";"58";"29";"84";"3";"3";"44";"8";"";"";"";"";"";"";"19.2";"11.3";"3.8";"12";"11.2"
"Finland";"FIN";"Kolmonen - Eastern Group";"28-06-2026 10:00";"INPLAY_2ND_HALF";"PK-37";"3";"0";"ToU";"1";"0";"0.8";"0.7";"1.4";"0.7";"2.4";"3.2";"64";"64";"46";"36";"70";"3.8";"4";"27";"22";"";"";"";"";"";"";"";"";"7.3";"";"15.7"
"Finland";"FIN";"Kolmonen - Western Group";"28-06-2026 09:00";"INTERRUPTED";"Sporting Kristina";"";"";"FC Sääripotku";"";"";"0.8";"0";"1.5";"0";"2";"7.2";"88";"88";"38";"12";"100";"5.4";"3";"25";"0";"";"";"";"";"";"";"21.4";"4.7";"1.5";"4.7";"32"
"Finland";"FIN";"Kolmonen - Southern Group";"28-06-2026 08:00";"FT";"SexyPöxyt";"2";"3";"MPS";"2";"1";"2.4";"1";"2.6";"0.8";"0.8";"1.3";"75";"56";"36";"44";"45";"2.8";"3";"80";"33";"";"";"";"";"";"";"18.6";"8";"8.8";"6.8";"13.7"
"Finland";"FIN";"Kolmonen - Southern Group";"28-06-2026 09:00";"FT";"GrIFK U23";"4";"2";"EsPa";"1";"0";"0.6";"2.5";"2";"2.2";"2.6";"1";"100";"75";"78";"25";"75";"3.9";"5";"20";"83";"";"";"";"";"";"";"20.5";"14.8";"9";"9.2";"8"
"Faroe Islands";"FRO";"1. Deild";"28-06-2026 10:45";"INPLAY_1ST_HALF";"TB";"0";"3";"B71";"0";"3";"1.2";"2.3";"1.3";"2.1";"1.8";"1.1";"93";"76";"69";"24";"92";"3.2";"3";"39";"76";"";"";"";"";"";"";"";"";"14.6";"";"6.9"
"Faroe Islands";"FRO";"Meistaradeildin";"28-06-2026 11:00";"INPLAY_1ST_HALF";"KÍ";"0";"0";"07 Vestur";"0";"0";"2.3";"0.6";"2";"0.4";"0.7";"1.3";"69";"32";"40";"68";"63";"2.2";"2";"78";"19";"";"";"";"";"";"";"19.4";"10.6";"8";"7";"13.1"
"Faroe Islands";"FRO";"Meistaradeildin";"28-06-2026 11:00";"INPLAY_1ST_HALF";"EB / Streymur";"1";"1";"B36";"1";"1";"0.8";"1.7";"0.6";"1.9";"1.2";"1.6";"73";"48";"48";"52";"48";"2.6";"3";"25";"57";"";"";"";"";"";"";"20.4";"9";"8.6";"14.1";"9.1"
"Grenada";"GRN";"Premier Division";"28-06-2026 19:00";"NS";"Paradise";"";"";"Camerhogne";"";"";"";"0.5";"";"1";"";"1.5";"";"";"";"";"";"";"";"";"17";"";"";"";"";"";"";"";"";"";"";""
"Grenada";"GRN";"Premier Division";"28-06-2026 19:00";"NS";"Honved";"";"";"SAB Spartans";"";"";"";"";"";"";"";"";"";"";"";"";"";"";"";"";"";"";"";"";"";"";"";"";"";"";"";""
"Republic of Ireland";"IRL";"U20 National League";"28-06-2026 08:00";"FT";"Sligo Rovers U20";"2";"1";"Athlone Town U20";"2";"0";"1.8";"0.6";"2.2";"1";"2";"4.4";"80";"70";"50";"30";"100";"4.8";"4";"60";"20";"";"";"";"";"";"";"33.6";"21.7";"13.3";"12.3";"20"
"Iceland";"ISL";"Besta deild";"28-06-2026 14:00";"NS";"Stjarnan";"";"";"KA Akureyri";"";"";"0.6";"1.4";"1.9";"1.6";"2.7";"2";"83";"73";"83";"27";"73";"4.1";"4";"19";"47";"";"";"";"";"";"";"32.3";"15";"14.8";"17";"17.8"
"Iceland";"ISL";"Besta deild";"28-06-2026 14:00";"NS";"FH";"";"";"ÍBV";"";"";"0.2";"0.8";"1.2";"1.6";"2";"2.4";"88";"65";"78";"35";"78";"3.6";"4";"8";"27";"";"";"";"";"";"";"27.4";"14.8";"12.4";"13.8";"13.8"
"Iceland";"ISL";"Besta deild";"28-06-2026 14:00";"NS";"Thór";"";"";"Valur";"";"";"0.6";"1.2";"0.8";"1.6";"2";"1.8";"60";"60";"60";"40";"80";"3.1";"4";"20";"40";"";"";"";"";"";"";"31.3";"11.8";"11.6";"18.2";"21"
"Iceland";"ISL";"Besta deild";"28-06-2026 14:00";"NS";"Keflavík";"";"";"KR Reykjavík";"";"";"1";"1.8";"0.8";"3.2";"1.2";"2.6";"80";"60";"70";"40";"90";"3.9";"4";"33";"60";"";"";"";"";"";"";"29.4";"16.6";"18.8";"12.6";"10.8"
"Iceland";"ISL";"Iceland Cup";"28-06-2026 11:00";"INPLAY_1ST_HALF";"Breidablik";"0";"0";"Víkingur Reykjavík";"0";"0";"";"3";"";"2.7";"";"1";"";"";"";"";"";"";"";"";"100";"";"";"";"";"";"";"";"";"13";"";"5.3"
"Iceland";"ISL";"3. Deild";"28-06-2026 11:00";"INPLAY_1ST_HALF";"Reynir";"0";"1";"Ýmir";"0";"1";"3";"0.5";"3.6";"1";"1.4";"2.5";"88";"78";"78";"22";"88";"4.2";"4";"100";"17";"";"";"";"";"";"";"24.9";"16.3";"7";"10";"16.5"
"Iceland";"ISL";"U19 League B";"28-06-2026 10:00";"NS";"Fram / Úlfarnir U19";"";"";"KA/D/KF/Hö/H U19 II";"";"";"1.5";"0";"2";"0.3";"2";"5.4";"100";"100";"40";"0";"";"4.8";"5";"50";"0";"";"";"";"";"";"";"";"";"";"";""
"Iceland";"ISL";"U19 League C";"28-06-2026 11:00";"NS";"Austurland U19";"";"";"HK / Ýmir U19 II";"";"";"";"1.5";"";"3.3";"";"3.5";"";"";"";"";"";"";"";"";"50";"";"";"";"";"";"";"";"";"";"";""
"Iceland";"ISL";"U19 League C";"28-06-2026 12:00";"NS";"Thór / T / V / M II U19";"";"";"Breið / A / Sm U19 III";"";"";"2";"";"4.7";"";"3.7";"";"";"";"";"";"";"";"";"67";"";"";"";"";"";"";"";"";"";"";"";""
"Japan";"JPN";"Nadeshiko League 1";"28-06-2026 01:00";"FT";"Harima W";"0";"5";"Shizuoka SSU Bonita";"0";"2";"1.1";"2";"1";"3.1";"1.1";"1";"64";"50";"43";"50";"72";"3.1";"3";"38";"67";"";"";"";"";"";"";"26";"13";"17.8";"12.7";"8.3"
"Japan";"JPN";"Nadeshiko League 1";"28-06-2026 01:00";"FT";"NGU Lublield Nagoya W";"0";"0";"VONDS Ichihara";"0";"0";"1.9";"0";"1.9";"0.4";"1.1";"2.7";"87";"60";"52";"40";"80";"3";"2";"62";"0";"";"";"";"";"";"";"22.6";"11.9";"9.8";"10.6";"12.8"
"Japan";"JPN";"Nadeshiko League 1";"28-06-2026 03:00";"FT";"Ehime W";"2";"1";"Yunogo Belle W";"2";"0";"1";"1.6";"0.7";"1.4";"2.1";"2";"86";"46";"34";"54";"80";"3.2";"3";"33";"54";"";"";"";"";"";"";"22.4";"10";"9";"12.1";"13.6"
"Japan";"JPN";"Nadeshiko League 2";"28-06-2026 01:00";"FT";"Kibi Univ. Takahashi W";"3";"0";"Bunnies Gunma White Star W";"1";"0";"2.1";"1.4";"1.7";"1";"1.1";"1.3";"64";"50";"50";"50";"78";"2.6";"3";"71";"48";"";"";"";"";"";"";"26.6";"17";"11.2";"12";"13"
"Japan";"JPN";"Nadeshiko League 2";"28-06-2026 01:00";"FT";"Fujizakura Yamanashi W";"2";"1";"Renofa Yamaguchi W";"1";"0";"2";"1.6";"1.9";"1.1";"0.7";"0.6";"57";"43";"36";"57";"72";"2.2";"3";"67";"52";"";"";"";"";"";"";"20.4";"13.4";"8.6";"10.8";"8"
"Japan";"JPN";"Nadeshiko League 2";"28-06-2026 01:30";"FT";"Diavorosso Hiroshima W";"2";"4";"SEISA OSA Rheia W";"2";"3";"1.5";"1";"0.8";"1.4";"0.8";"2.3";"68";"42";"54";"58";"56";"2.6";"3";"50";"33";"";"";"";"";"";"";"21.6";"12.7";"8.4";"6.9";"15.2"
"Japan";"JPN";"Regional Leagues: Kyushu";"28-06-2026 00:15";"FT";"Veroskronos Tsuno";"4";"1";"Atletico Celeste";"2";"0";"3";"0.8";"2.6";"0.3";"0";"2.7";"74";"45";"8";"55";"";"2.8";"3";"100";"28";"";"";"";"";"";"";"";"";"6.7";"";"17"
"Japan";"JPN";"Regional Leagues: Kyushu";"28-06-2026 01:15";"FT";"Nobeoka";"3";"2";"Nippon Steel Oita";"1";"1";"3";"0.5";"3.8";"1";"0.5";"1.8";"75";"62";"50";"38";"";"3.5";"3";"100";"17";"";"";"";"";"";"";"";"";"7.3";"";"16.7"
"Japan";"JPN";"Regional Leagues: Kyushu";"28-06-2026 02:30";"FT";"KMG Holdings";"1";"0";"Kawasoe Club";"0";"0";"2.1";"1";"2.7";"0.6";"0.9";"1.4";"83";"56";"42";"44";"65";"2.8";"3";"71";"33";"";"";"";"";"";"";"20.5";"16.8";"9";"7.2";"8"
"Japan";"JPN";"Regional Leagues: Chugoku";"28-06-2026 00:00";"AWAITING_UPDATES";"Variamore Aki";"";"";"Intl Pacific UFC";"";"";"0.8";"0";"1";"0.7";"2.2";"2.5";"84";"84";"62";"16";"";"3.2";"";"25";"0";"";"";"";"";"";"";"";"10";"";"13";""
"Japan";"JPN";"Regional Leagues: Chugoku";"28-06-2026 02:00";"FT";"Baleine Shimonoseki";"0";"0";"ENEOS Mizushima";"0";"0";"1.8";"0.8";"1.2";"1.2";"1.8";"3.5";"88";"75";"75";"25";"";"3.9";"";"58";"25";"";"";"";"";"";"";"";"";"7.7";"";"13.3"
"Japan";"JPN";"Regional Leagues: Chugoku";"28-06-2026 02:30";"FT";"SRC Hiroshima";"2";"4";"Beluga Rosso Hamada";"1";"2";"2";"3";"2.4";"2.6";"1.2";"0.2";"70";"60";"30";"40";"58";"3.2";"";"67";"100";"";"";"";"";"";"";"22.5";"13.5";"17.3";"8.5";"5.7"
"Japan";"JPN";"Regional Leagues: Chugoku";"28-06-2026 04:00";"AWAITING_UPDATES";"Hatsukaichi";"";"";"Yonago Genki";"";"";"0.4";"1";"1";"1";"2.4";"1.8";"90";"60";"80";"40";"";"3.1";"";"13";"33";"";"";"";"";"";"";"";"";"9.7";"";"13.3"
"Japan";"JPN";"Regional Leagues: Kanto";"28-06-2026 05:00";"AWAITING_UPDATES";"Ryutsu Keizai Dragons";"";"";"Nankatsu";"";"";"0.3";"0.7";"0.7";"0.7";"3.3";"1";"84";"50";"50";"50";"42";"2.8";"3";"11";"22";"";"";"";"";"";"";"";"";"";"";""
"Japan";"JPN";"Regional Leagues: Kanto";"28-06-2026 06:00";"AWAITING_UPDATES";"Edo All United";"";"";"Tokyo 23";"";"";"0.7";"1.4";"1.3";"1.4";"1.7";"1";"74";"44";"64";"56";"75";"2.7";"2";"22";"47";"";"";"";"";"";"";"";"";"";"";""
"Japan";"JPN";"Regional Leagues: Kansai";"28-06-2026 00:30";"FT";"Moriyama Samurai";"1";"4";"Basara Hyogo";"1";"3";"0.2";"1.3";"0.8";"2";"2";"0.7";"71";"58";"54";"42";"";"2.8";"";"8";"44";"";"";"";"";"";"";"";"4";"";"12.5";""
"Japan";"JPN";"Regional Leagues: Kansai";"28-06-2026 06:00";"FT";"Velago Ikoma";"1";"1";"Arterivo Wakayama";"0";"1";"1.5";"1";"2";"0.8";"1";"0.8";"88";"50";"62";"50";"";"2.2";"";"50";"33";"";"";"";"";"";"";"";"";"8.7";"";"16"
"Japan";"JPN";"Regional Leagues: Tokai";"28-06-2026 01:30";"AWAITING_UPDATES";"Sapporo University";"";"";"Hokkaido Tokachi";"";"";"1.5";"2";"0.5";"1.5";"0.5";"0.5";"50";"0";"25";"100";"";"1.5";"2";"50";"67";"";"";"";"";"";"";"";"";"";"";""
"Japan";"JPN";"Regional Leagues: Tokai";"28-06-2026 02:30";"AWAITING_UPDATES";"Hokushukai";"";"";"Sabas";"";"";"1";"1.5";"2";"1.5";"2";"3";"75";"50";"75";"50";"";"4.2";"4";"33";"50";"";"";"";"";"";"";"";"";"";"";""
"Kazakhstan";"KAZ";"Premier League";"28-06-2026 09:00";"FT";"Irtysh";"1";"2";"Kaisar";"1";"1";"1";"0.8";"1";"0.5";"1.2";"1.5";"75";"33";"50";"67";"75";"2.1";"2";"33";"28";"";"";"";"";"";"";"23";"10.3";"7.2";"12.3";"16.2"
"Kazakhstan";"KAZ";"Premier League";"28-06-2026 10:00";"INPLAY_2ND_HALF";"Ulytau";"0";"1";"Ordabasy";"0";"1";"2.4";"2.3";"1.3";"1.8";"0.6";"0.5";"70";"40";"54";"60";"45";"2.1";"2";"81";"78";"";"";"";"";"";"";"24";"14.1";"12.2";"12.3";"9.5"
"Kazakhstan";"KAZ";"Premier League";"28-06-2026 10:00";"INPLAY_2ND_HALF";"Tobol";"1";"1";"Altay";"1";"1";"1.8";"0.8";"1.3";"0.7";"1.2";"1.2";"75";"34";"50";"66";"50";"2.2";"2";"61";"28";"";"";"";"";"";"";"20.2";"13.5";"7.7";"11.2";"8.2"
"Kazakhstan";"KAZ";"Premier League";"28-06-2026 11:00";"INPLAY_1ST_HALF";"Zhenys";"0";"0";"Astana";"0";"0";"1.6";"0.4";"0.7";"0.4";"0.7";"1.6";"50";"22";"29";"78";"50";"1.7";"2";"52";"14";"";"";"";"";"";"";"21.4";"10.7";"9.4";"11.3";"11.4"
"Kyrgyzstan";"KGZ";"Top Liga";"28-06-2026 11:30";"POSTPONED";"Ozgon";"";"";"Talant";"";"";"2.2";"1.2";"2";"1.2";"0.8";"0.8";"70";"60";"60";"40";"60";"2.4";"2";"73";"40";"";"";"";"";"";"";"";"";"10";"";"6.8"
"South Korea";"KOR";"K3 League";"28-06-2026 02:00";"FT";"Gyeongju HNP";"1";"3";"Pocheon";"0";"2";"1.4";"2";"1.7";"1.1";"1.1";"0.9";"57";"36";"43";"64";"64";"2.4";"2";"48";"67";"";"";"";"";"";"";"17.8";"11.6";"10.1";"7.6";"6.3"
"South Korea";"KOR";"K3 League";"28-06-2026 05:00";"FT";"Dangjin Citizen";"5";"2";"Gangneung City";"3";"1";"1";"1.4";"1.2";"1";"1.2";"1.5";"82";"44";"62";"56";"68";"2.5";"2";"33";"46";"";"";"";"";"";"";"14.6";"9";"6.4";"5.8";"8.1"
"South Korea";"KOR";"K3 League";"28-06-2026 07:00";"FT";"Busan Transportation";"0";"1";"Daejeon Korail";"0";"1";"1.8";"1.8";"1.7";"1.7";"0.7";"0.9";"68";"47";"36";"53";"64";"2.5";"2";"60";"59";"";"";"";"";"";"";"19";"12.1";"9.3";"9.6";"6.9"
"South Korea";"KOR";"K4 League";"28-06-2026 02:00";"FT";"Jincheon HR";"2";"2";"Namyangju";"1";"0";"2.6";"1.2";"1.9";"1";"0.4";"1.6";"76";"54";"37";"46";"78";"2.4";"3";"86";"40";"";"";"";"";"";"";"21";"14.3";"11.6";"7.3";"8.8"
"South Korea";"KOR";"K4 League";"28-06-2026 02:00";"FT";"Sejong SA";"1";"3";"Pyeongchang United";"1";"2";"1.8";"1";"1.7";"1";"1.2";"1.7";"70";"62";"38";"38";"76";"2.8";"3";"61";"33";"";"";"";"";"";"";"21";"12.8";"8.2";"13";"8.2"
"South Korea";"KOR";"K4 League";"28-06-2026 05:00";"FT";"Jecheon Citizen";"1";"1";"Gijang United";"1";"0";"1.6";"0.6";"1";"1";"1.4";"2";"73";"42";"42";"58";"58";"2.7";"2";"53";"19";"";"";"";"";"";"";"18.5";"11.6";"5.6";"8.2";"11.6"
"Lebanon";"LIB";"Premier League";"28-06-2026 10:00";"INPLAY_2ND_HALF";"Al Ahed";"3";"0";"Shabab Al Sahel";"3";"0";"1.6";"0.9";"1.3";"1";"1.3";"1.4";"61";"56";"34";"44";"68";"2.5";"3";"53";"29";"";"";"";"";"";"";"18.2";"11.9";"8.9";"8.4";"7.2"
"Lebanon";"LIB";"Premier League";"28-06-2026 15:30";"NS";"Jwaya";"";"";"Safa";"";"";"1.8";"1.5";"1.6";"1.7";"0.6";"1.6";"52";"46";"41";"54";"47";"2.7";"3";"59";"50";"";"";"";"";"";"";"16";"10";"4.5";"8.8";"8.7"
"Lithuania";"LTU";"A Lyga";"28-06-2026 12:00";"NS";"Banga";"";"";"Hegelmann Litauen";"";"";"1.7";"0.7";"1.9";"0.9";"1";"2";"82";"69";"56";"31";"69";"2.9";"3";"56";"24";"";"";"";"";"";"";"18.2";"10";"6.6";"9.1";"10.9"
"Lithuania";"LTU";"A Lyga";"28-06-2026 12:45";"NS";"Džiugas Telšiai";"";"";"Žalgiris";"";"";"1.8";"1.3";"1.8";"0.9";"1.3";"0.8";"63";"52";"31";"48";"63";"2.4";"2";"60";"44";"";"";"";"";"";"";"17.5";"9.4";"10.7";"6.4";"8.6"
"Lithuania";"LTU";"A Lyga";"28-06-2026 14:00";"CANCELLED";"FK Riteriai";"";"";"Kauno Žalgiris";"";"";"0.3";"2";"0.3";"2.1";"2.4";"1";"93";"68";"54";"32";"80";"2.9";"3";"10";"67";"";"";"";"";"";"";"18.9";"6";"9.9";"14.6";"7.3"
"Lithuania";"LTU";"1. Lyga";"28-06-2026 12:30";"NS";"Kauno Žalgiris II";"";"";"BFA";"";"";"0.5";"1";"0.5";"1.3";"1.7";"2.5";"75";"58";"34";"42";"50";"3";"2";"17";"33";"";"";"";"";"";"";"15.2";"5.5";"9.5";"8.2";"7.2"
"Latvia";"LVA";"First Liga";"28-06-2026 07:00";"FT";"Leevon / PPK";"1";"3";"Metta / LU";"0";"2";"2.5";"2.5";"2.2";"2.2";"1";"0.8";"75";"75";"62";"25";"88";"3.1";"3";"83";"83";"";"";"";"";"";"";"20.8";"9.8";"17.3";"9.5";"5"
"Latvia";"LVA";"First Liga";"28-06-2026 09:00";"FT";"Smiltene";"2";"4";"Skanste";"0";"1";"0.5";"0.8";"1.2";"1.8";"2";"2.8";"88";"62";"50";"38";"75";"3.8";"4";"17";"25";"";"";"";"";"";"";"24.9";"7.8";"9.3";"16";"16.7"
"Latvia";"LVA";"First Liga";"28-06-2026 11:00";"INPLAY_1ST_HALF";"JFK Ventspils";"0";"0";"Valmiera";"0";"0";"0.5";"2.3";"0.5";"2.6";"1";"1.3";"56";"56";"56";"44";"73";"2.7";"3";"17";"76";"";"";"";"";"";"";"18.4";"6.2";"10.2";"7.2";"13.2"
"Macau";"MAC";"Primeira Division";"28-06-2026 08:00";"FT";"Benfica de Macau";"2";"1";"Chiba";"0";"1";"1";"1.7";"1.2";"2.1";"2.8";"1.7";"76";"66";"56";"34";"66";"4";"5";"33";"57";"";"";"";"";"";"";"23.2";"10";"11";"10.8";"14.6"
"Macau";"MAC";"Primeira Division";"28-06-2026 10:00";"HT";"Gorila do Universo";"2";"2";"Universidade de Macau";"2";"2";"1";"0";"2.2";"0.6";"5";"5.2";"92";"92";"45";"8";"82";"6.5";"5";"33";"0";"";"";"";"";"";"";"27.8";"6.8";"5.8";"17.4";"25.8"
"Moldova";"MDA";"Super Liga";"28-06-2026 12:00";"NS";"Sheriff";"";"";"Sireți";"";"";"";"";"";"";"";"";"";"";"";"";"";"";"";"";"";"";"";"";"";"";"";"";"";"";"";""
"Moldova";"MDA";"Super Liga";"28-06-2026 14:00";"NS";"Petrocub";"";"";"Dacia-Buiucani";"";"";"";"";"";"";"";"";"";"";"";"";"";"";"";"";"";"";"";"";"";"";"";"";"";"";"";""
"Mongolia";"MNG";"Premier League";"28-06-2026 05:00";"FT";"Ulaangom City";"3";"3";"Khovd";"0";"3";"0.1";"0.3";"1";"1";"5.9";"4.9";"93";"93";"69";"7";"80";"6.4";"6";"5";"11";"";"";"";"";"";"";"24.3";"8.8";"10.3";"13.8";"15.9"
"Mongolia";"MNG";"Premier League";"28-06-2026 08:00";"FT";"Hunters";"2";"0";"Khovd Western";"1";"0";"1.4";"1";"3.4";"1.4";"1.6";"2.2";"76";"71";"53";"29";"59";"4.3";"5";"48";"33";"";"";"";"";"";"";"26.2";"15.4";"8.4";"14.6";"14"
"Mozambique";"MOZ";"Mocambola";"28-06-2026 09:45";"NS";"Chingale de Tete";"";"";"AD Pemba";"";"";"0.3";"0.8";"0";"0.5";"1.3";"1.2";"42";"29";"12";"71";"42";"1.6";"2";"11";"25";"";"";"";"";"";"";"";"";"";"";""
"Mozambique";"MOZ";"Mocambola";"28-06-2026 09:45";"INPLAY_2ND_HALF";"Ferroviario Beira";"1";"1";"Ferroviário Nampula";"1";"0";"2";"";"1.2";"";"0.2";"";"";"";"";"";"";"";"";"67";"";"";"";"";"";"";"";"";"11.5";"";"8";""
"Mozambique";"MOZ";"Mocambola";"28-06-2026 09:45";"INPLAY_2ND_HALF";"ENH Vilankulo";"1";"1";"Black Bulls Maputo";"1";"0";"1.5";"2.3";"1";"1.3";"0.2";"0";"42";"29";"12";"71";"29";"1.2";"2";"50";"78";"";"";"";"";"";"";"";"16";"";"4.5";""
"Malawi";"MWI";"Super League";"28-06-2026 09:30";"INPLAY_2ND_HALF";"Ekhaya";"1";"0";"MAFCO";"0";"0";"2.3";"0.3";"1.7";"0.3";"0.3";"1";"66";"0";"33";"100";"50";"1.6";"2";"78";"11";"";"";"";"";"";"";"13.5";"11.3";"3";"6";"6.7"
"Malawi";"MWI";"Super League";"28-06-2026 09:30";"INPLAY_2ND_HALF";"Karonga United";"0";"0";"Moyale Barracks";"0";"0";"1.3";"0.3";"1";"0.7";"1";"2.3";"84";"33";"67";"67";"50";"2.5";"2";"44";"11";"";"";"";"";"";"";"15.2";"7.7";"7";"4.7";"11"
"Malawi";"MWI";"Super League";"28-06-2026 09:30";"INPLAY_2ND_HALF";"Dedza Dynamos";"1";"1";"Mighty Mukuru Wanderers";"1";"0";"1";"3";"0.3";"2.7";"1";"0.3";"66";"34";"16";"66";"84";"2.2";"2";"33";"100";"";"";"";"";"";"";"16.8";"10.7";"7.7";"7.7";"7.7"
"Malawi";"MWI";"Super League";"28-06-2026 09:30";"INPLAY_2ND_HALF";"Silver Strikers";"3";"0";"Red Lions";"2";"0";"3";"0.7";"2.7";"0.3";"0.3";"0.7";"50";"34";"33";"66";"50";"2";"2";"100";"22";"";"";"";"";"";"";"14.2";"10.7";"2.5";"6.7";"8.5"
"Malawi";"MWI";"Super League";"28-06-2026 09:30";"INPLAY_2ND_HALF";"Creck";"0";"1";"Civil Sporting";"0";"1";"0";"1";"0.7";"0.3";"2.3";"1.3";"66";"50";"34";"50";"84";"2.4";"2";"0";"33";"";"";"";"";"";"";"19.8";"11.5";"4.7";"13";"10.3"
"New Caledonia";"NCL";"Super Ligue";"28-06-2026 01:00";"POSTPONED";"Tiga Sport";"";"";"Saint Louis";"";"";"1.7";"1";"1.6";"1.5";"1";"2";"66";"66";"66";"34";"";"3";"2";"57";"33";"";"";"";"";"";"";"";"";"";"";""
"Norway";"NOR";"2. Division - Group 1";"28-06-2026 12:00";"NS";"Sotra";"";"";"Jerv";"";"";"1.4";"2.7";"2.6";"2.2";"1";"0.8";"82";"82";"54";"18";"72";"3.3";"4";"47";"89";"";"";"";"";"";"";"20";"9.8";"15.5";"5.6";"9"
"Norway";"NOR";"2. Division: Group 2";"28-06-2026 09:00";"FT";"Skeid";"7";"1";"Trygg/Lade";"2";"1";"1.4";"0";"1.6";"0.8";"1.4";"2.3";"82";"72";"64";"28";"74";"3.1";"3";"47";"0";"";"";"";"";"";"";"23.5";"7.4";"12.6";"11.2";"15.8"
"Norway";"NOR";"2. Division: Group 2";"28-06-2026 10:00";"INPLAY_2ND_HALF";"Stjørdals-Blink";"0";"1";"Junkeren";"0";"1";"0.8";"0.6";"1";"0.4";"1.4";"2";"80";"60";"50";"40";"90";"2.4";"3";"27";"20";"";"";"";"";"";"";"17.8";"9.2";"9";"7.2";"10.2"
"Norway";"NOR";"2. Division: Group 2";"28-06-2026 10:00";"INPLAY_2ND_HALF";"Follo";"0";"1";"Levanger";"0";"1";"0.7";"2.5";"1.3";"2";"2";"1.2";"75";"67";"67";"33";"75";"3.2";"3";"22";"83";"";"";"";"";"";"";"20.3";"11";"9.3";"10.3";"10"
"Norway";"NOR";"3. Division - Group 1";"28-06-2026 11:00";"INPLAY_1ST_HALF";"KFUM II";"0";"0";"Heming";"0";"0";"1.2";"1.8";"1.6";"2.6";"2.8";"2.2";"90";"80";"70";"20";"80";"4.6";"4";"40";"60";"";"";"";"";"";"";"23.9";"8.4";"9.8";"15.4";"14.2"
"Norway";"NOR";"3. Division - Group 3";"28-06-2026 09:00";"FT";"Varegg";"1";"1";"Vard";"0";"0";"0.8";"1.6";"0.8";"1";"1.6";"1.8";"70";"40";"50";"60";"40";"2.6";"3";"27";"53";"";"";"";"";"";"";"";"10.3";"";"9";""
"Norway";"NOR";"3. Division - Group 4";"28-06-2026 09:00";"FT";"Brodd";"4";"0";"Haugesund II";"1";"0";"1.5";"1.3";"2.2";"2.5";"2.2";"2.3";"100";"92";"92";"8";"92";"4.6";"4";"50";"44";"";"";"";"";"";"";"22.9";"13.8";"9.2";"12";"10.8"
"Norway";"NOR";"3. Division - Group 4";"28-06-2026 11:00";"INPLAY_1ST_HALF";"Vindbjart";"1";"0";"Stabæk II";"1";"0";"2.2";"0.6";"2.8";"1.8";"1";"3.6";"100";"90";"60";"10";"80";"4.6";"4";"73";"20";"";"";"";"";"";"";"24.4";"13";"13";"7.2";"15.5"
"Norway";"NOR";"3. Division - Group 4";"28-06-2026 12:00";"NS";"Varhaug";"";"";"Odd II";"";"";"0.8";"1.2";"1";"1.5";"1.5";"2.5";"84";"58";"58";"42";"75";"3.2";"4";"28";"39";"";"";"";"";"";"";"24";"9";"11.7";"11.2";"16.2"
"Norway";"NOR";"3. Division - Group 5";"28-06-2026 07:00";"FT";"Strømsgodset II";"5";"1";"Skjervøy";"2";"0";"1.3";"1";"2.3";"1.6";"2.2";"2.4";"90";"80";"64";"20";"100";"4.2";"4";"44";"33";"";"";"";"";"";"";"";"14.8";"";"12.5";""
"Norway";"NOR";"3. Division - Group 5";"28-06-2026 08:00";"FT";"Alta";"3";"0";"Finnsnes";"1";"0";"2.2";"1.4";"3";"2";"1.8";"2";"100";"90";"80";"10";"90";"4.4";"4";"73";"47";"";"";"";"";"";"";"";"";"";"";""
"Norway";"NOR";"3. Division - Group 5";"28-06-2026 12:00";"NS";"Lillestrøm II";"";"";"Tromsø II";"";"";"1.5";"0.4";"3.2";"1.2";"1.8";"2.2";"92";"72";"82";"28";"100";"4.2";"4";"50";"13";"";"";"";"";"";"";"";"14.7";"";"7.3";""
"Norway";"NOR";"3. Division - Group 6";"28-06-2026 10:00";"INPLAY_2ND_HALF";"Råde";"3";"2";"Lyn II";"1";"2";"2.6";"1.2";"4.4";"1.4";"1";"2.4";"90";"80";"70";"20";"90";"4.6";"4";"87";"40";"";"";"";"";"";"";"25.6";"15.7";"13.4";"7.3";"14.8"
"Paraguay";"PAR";"Division Intermedia";"28-06-2026 10:00";"INPLAY_2ND_HALF";"3 de Noviembre";"1";"0";"Paraguarí";"1";"0";"0.8";"0.2";"1.2";"0.6";"1.3";"1.8";"72";"36";"62";"64";"74";"2.4";"2";"28";"7";"";"";"";"";"";"";"19.5";"5.8";"11";"11";"11.2"
"Paraguay";"PAR";"Division Intermedia";"28-06-2026 15:30";"NS";"Guaireña";"";"";"Deportivo Santaní";"";"";"2.2";"1.3";"1.3";"1";"1";"1";"67";"42";"33";"58";"67";"2.2";"2";"72";"44";"";"";"";"";"";"";"20.9";"11.7";"9.7";"10.7";"9.8"
"Paraguay";"PAR";"Division Intermedia";"28-06-2026 18:00";"NS";"Sol de América";"";"";"12 de Junio VH";"";"";"1.3";"2.7";"0.8";"1.7";"0.5";"0.5";"67";"16";"50";"84";"42";"1.8";"2";"44";"89";"";"";"";"";"";"";"18.2";"13.7";"10";"7.3";"5.3"
"Paraguay";"PAR";"Campeonato Femenino";"28-06-2026 15:00";"NS";"Sportivo Trinidense W";"";"";"Sportivo Ameliano W";"";"";"0.8";"0.2";"0.2";"1";"1.5";"4.5";"75";"50";"38";"50";"100";"3.6";"3";"25";"8";"";"";"";"";"";"";"16.2";"10";"4";"8.5";"9.8"
"Paraguay";"PAR";"Campeonato Femenino";"28-06-2026 17:15";"NS";"Sportivo San Lorenzo";"";"";"2 de Mayo W";"";"";"0.8";"1";"0.8";"1.7";"2.5";"2.3";"88";"71";"58";"29";"100";"3.6";"4";"25";"33";"";"";"";"";"";"";"18.2";"10";"7";"9";"10.3"
"Paraguay";"PAR";"Campeonato Femenino";"28-06-2026 19:30";"NS";"Rubio Ñú";"";"";"Cerro Porteño W";"";"";"1";"2.2";"1.3";"2.5";"3.7";"0.5";"100";"88";"46";"12";"100";"4";"3";"33";"75";"";"";"";"";"";"";"21.2";"6";"13";"17";"6.5"
"Réunion";"REU";"Regionale 1";"28-06-2026 08:30";"NS";"St Pauloise FC";"";"";"Jeanne d'Arc";"";"";"1.5";"1.3";"1.2";"1.5";"0.3";"1.8";"75";"58";"50";"42";"";"2.4";"2";"50";"44";"";"";"";"";"";"";"";"";"";"";""
"Réunion";"REU";"Regionale 1";"28-06-2026 08:30";"NS";"Bénédictine";"";"";"Saint-Pierroise";"";"";"1";"2";"1.8";"1.4";"1.8";"1";"70";"60";"60";"40";"";"3";"2";"33";"67";"";"";"";"";"";"";"";"";"";"";""
"Réunion";"REU";"Regionale 1";"28-06-2026 08:30";"NS";"Ville Sainte-Suzanne";"";"";"Piton Saint-Leu";"";"";"0.4";"0.8";"0.6";"0.6";"2.2";"1.2";"60";"40";"40";"60";"";"2.3";"2";"13";"27";"";"";"";"";"";"";"";"";"";"";""
"Réunion";"REU";"Regionale 1";"28-06-2026 08:30";"NS";"Sainte-Rose";"";"";"Saint-Louisienne";"";"";"0.6";"1.2";"1.2";"1.6";"2";"1.6";"90";"80";"90";"20";"";"3.2";"3";"20";"40";"";"";"";"";"";"";"";"";"";"";""
"Réunion";"REU";"Regionale 1";"28-06-2026 08:30";"NS";"Stade Tamponnaise";"";"";"Excelsior";"";"";"1.6";"2.2";"2.2";"1.8";"1";"0.2";"50";"40";"40";"60";"";"2.6";"2";"53";"73";"";"";"";"";"";"";"";"";"";"";""
"Réunion";"REU";"Regionale 1";"28-06-2026 08:30";"NS";"Saint-Denis";"";"";"Bagatelle Sainte-Suzanne";"";"";"1.4";"0.4";"1.6";"1";"1.2";"1.8";"50";"50";"50";"50";"";"2.8";"3";"47";"13";"";"";"";"";"";"";"";"";"";"";""
"Réunion";"REU";"Regionale 1";"28-06-2026 08:30";"NS";"Trois Bassins";"";"";"ES Dominicaine";"";"";"1.6";"1";"1.2";"0.6";"0.6";"1.6";"40";"30";"20";"70";"";"2";"2";"53";"33";"";"";"";"";"";"";"";"";"";"";""
"Russia";"RUS";"FNL 2 - Group 2";"28-06-2026 04:00";"FT";"Yenisey II";"1";"6";"Baltika II";"0";"4";"1.7";"1.5";"1.7";"1";"1.3";"1";"66";"58";"66";"42";"75";"2.5";"2";"56";"50";"";"";"";"";"";"";"9.7";"2.4";"7.4";"2.6";"7"
"Russia";"RUS";"FNL 2 - Group 2";"28-06-2026 07:00";"FT";"Kosmos Dolgoprudny";"2";"0";"Irkutsk";"2";"0";"0.2";"0.8";"0.7";"1.2";"2.2";"2";"92";"74";"65";"26";"75";"3";"2";"6";"27";"";"";"";"";"";"";"17.6";"6.8";"8";"8";"12.5"
"Russia";"RUS";"FNL 2 - Group 2";"28-06-2026 08:00";"FT";"FK Dinamo St. Petersburg";"1";"1";"Torpedo Vladimir";"0";"1";"2.7";"1.2";"1.5";"0.8";"0";"1.2";"58";"25";"25";"75";"50";"1.8";"2";"89";"39";"";"";"";"";"";"";"13.4";"7.5";"8.2";"3";"8.2"
"Russia";"RUS";"FNL 2 - Group 2";"28-06-2026 12:00";"NS";"Cherepovets";"";"";"Zvezda Sint Petersburg";"";"";"1.5";"0.9";"1.2";"0.9";"1.2";"1.7";"76";"60";"45";"40";"84";"2.4";"2";"50";"29";"";"";"";"";"";"";"12.4";"5.8";"5.7";"6.2";"7.2"
"Russia";"RUS";"FNL 2 - Group 2";"28-06-2026 12:00";"NS";"Spartak Moskva II";"";"";"Luki-Energiya";"";"";"1.1";"1.8";"1";"1.2";"1.1";"0.6";"66";"32";"66";"68";"66";"2";"2";"38";"60";"";"";"";"";"";"";"12.4";"7.8";"5.8";"6.7";"4.5"
"Russia";"RUS";"FNL 2 - Group 2";"28-06-2026 12:00";"NS";"Tver";"";"";"Murom";"";"";"1";"2";"1.5";"1";"2.2";"0.5";"58";"42";"42";"58";"58";"2.6";"2";"33";"67";"";"";"";"";"";"";"14.1";"9";"5.8";"9.4";"4"
"Russia";"RUS";"FNL 2 - Group 2";"28-06-2026 13:00";"NS";"Chertanovo";"";"";"Dinamo Vologda";"";"";"2";"1";"1.8";"0.8";"1";"1.2";"66";"58";"50";"42";"75";"2.4";"2";"67";"33";"";"";"";"";"";"";"14.8";"7.3";"8";"6.8";"7.4"
"Russia";"RUS";"FNL 2 - Group 3";"28-06-2026 08:00";"FT";"Arsenal Tula II";"0";"4";"Salyut Belgorod";"0";"1";"1";"1.1";"1.3";"0.9";"1.8";"1";"70";"31";"62";"69";"70";"2.6";"3";"33";"38";"";"";"";"";"";"";"12.7";"7.3";"5.7";"7.3";"5"
"Russia";"RUS";"FNL 2 - Group 4";"28-06-2026 05:00";"FT";"Ural 2";"0";"0";"Zenit Izhevsk";"0";"0";"1.1";"0.9";"2";"1.3";"1.9";"1.7";"100";"50";"64";"50";"100";"3.4";"4";"38";"29";"";"";"";"";"";"";"14";"8.1";"5.5";"9.6";"4.8"
"Russia";"RUS";"FNL 2 - Group 4";"28-06-2026 07:00";"FT";"Dinamo Barnaul";"2";"0";"Rubin Kazan' II";"0";"0";"0.6";"0.9";"0.8";"0.7";"1.4";"1.7";"68";"24";"52";"76";"83";"2.3";"2";"20";"29";"";"";"";"";"";"";"12.7";"5.2";"6.3";"6.8";"7.1"
"Russia";"RUS";"FNL 2 - Group 4";"28-06-2026 08:00";"FT";"Chelyabinsk II";"0";"3";"Khimik Dzerzhinsk";"0";"2";"1.3";"3";"0.9";"2.5";"0.9";"0.7";"70";"40";"55";"60";"78";"2.4";"3";"43";"100";"";"";"";"";"";"";"13.4";"6.3";"7.8";"9";"3.8"
"Russia";"RUS";"FNL 2 - Group 4";"28-06-2026 09:00";"FT";"Akron II";"1";"1";"Orenburg II";"0";"0";"2";"1";"2.7";"0.8";"1.3";"2";"75";"75";"42";"25";"75";"3.4";"3";"67";"33";"";"";"";"";"";"";"15.6";"6.8";"9.8";"3.8";"10.8"
"Russia";"RUS";"FNL 2 - Group 4";"28-06-2026 10:00";"INPLAY_2ND_HALF";"Nosta";"1";"1";"Krylya Sovetov Samara II";"0";"1";"0.3";"0.4";"0.7";"0.6";"1.7";"1.2";"64";"26";"46";"74";"82";"2";"2";"11";"13";"";"";"";"";"";"";"13.5";"4.6";"7.6";"7";"7.8"
"Russia";"RUS";"FNL 2 - Group 4";"28-06-2026 10:30";"HT";"Pobeda Nizhny Novgorod";"1";"0";"KDV";"1";"0";"2.3";"1.9";"2.9";"1.4";"1.4";"1.1";"86";"72";"57";"28";"72";"3.4";"3";"76";"62";"";"";"";"";"";"";"12.6";"8.7";"6.6";"5.5";"4.6"
"Sierra Leone";"SLE";"Premier League";"28-06-2026 13:30";"NS";"East End Lions";"";"";"Mighty Blackpool";"";"";"1.6";"1.4";"1.5";"0.8";"1.1";"0.6";"50";"25";"45";"75";"55";"2";"2";"53";"47";"";"";"";"";"";"";"17.4";"9.7";"7.4";"10.6";"7.2"
"Sierra Leone";"SLE";"Premier League";"28-06-2026 13:30";"NS";"Bo Rangers";"";"";"Diamond Stars";"";"";"2.5";"0.5";"1.5";"0.5";"0.6";"1.6";"45";"35";"25";"65";"63";"2.1";"3";"83";"17";"";"";"";"";"";"";"";"";"6.2";"";"5.8"
"Sweden";"SWE";"Superettan";"28-06-2026 10:00";"INPLAY_2ND_HALF";"Norrköping";"0";"1";"Norrby";"0";"1";"2";"0.7";"2.4";"1.1";"0.8";"1.6";"100";"42";"63";"58";"83";"3";"3";"67";"24";"";"";"";"";"";"";"20.2";"13.4";"9.3";"8.2";"9.6"
"Sweden";"SWE";"Superettan";"28-06-2026 10:00";"INPLAY_2ND_HALF";"Landskrona";"0";"0";"Värnamo";"0";"0";"1.5";"0.4";"1.5";"1";"1.2";"3.3";"84";"68";"62";"32";"84";"3.5";"3";"50";"14";"";"";"";"";"";"";"22.7";"11";"9.3";"12.3";"12.9"
"Sweden";"SWE";"Superettan";"28-06-2026 12:00";"NS";"Sandviken";"";"";"Helsingborg";"";"";"1.6";"1.4";"1.7";"1.6";"1.4";"2.2";"68";"68";"68";"32";"83";"3.4";"3";"52";"47";"";"";"";"";"";"";"21.6";"9.7";"11.2";"7.6";"14.8"
"Sweden";"SWE";"Ettan: North";"28-06-2026 11:00";"INPLAY_1ST_HALF";"Umeå";"0";"1";"Järfälla";"0";"1";"1.3";"0.9";"1.3";"1.4";"1.3";"1.9";"92";"54";"68";"46";"92";"3";"3";"44";"29";"";"";"";"";"";"";"22.2";"12.3";"7";"12";"13.1"
"Sweden";"SWE";"Ettan: South";"28-06-2026 08:00";"FT";"Olympic";"2";"1";"Eskilsminne";"0";"0";"1.5";"1";"2";"1.5";"1.8";"2";"92";"83";"66";"17";"92";"3.6";"4";"50";"33";"";"";"";"";"";"";"20.8";"10.5";"8.2";"11.7";"11.3"
"Sweden";"SWE";"Division 2: Norrland";"28-06-2026 09:00";"FT";"Lucksta";"3";"0";"Gottne IF";"2";"0";"1.4";"2.4";"1.8";"2.8";"2.6";"1.8";"90";"90";"90";"10";"100";"4.5";"4";"47";"80";"";"";"";"";"";"";"";"6.5";"";"11.5";""
"Sweden";"SWE";"Division 2: Sodra Gotaland";"28-06-2026 09:00";"FT";"Linero";"3";"1";"Karlshamn";"2";"0";"2";"0.7";"2.2";"1.3";"1.2";"2.2";"92";"92";"75";"8";"83";"3.4";"3";"67";"22";"";"";"";"";"";"";"19.2";"9.3";"8.3";"8.8";"12"
"Sweden";"SWE";"Division 2: Sodra Svealand";"28-06-2026 11:00";"INPLAY_1ST_HALF";"Örebro Syrianska";"1";"0";"Syrianska";"1";"0";"1.7";"0.7";"1";"1.2";"0.8";"2.2";"75";"50";"50";"50";"58";"2.6";"3";"56";"22";"";"";"";"";"";"";"17.1";"7.6";"7.2";"7.6";"11.8"
"Sweden";"SWE";"Division 2: Sodra Svealand";"28-06-2026 11:00";"INPLAY_1ST_HALF";"Rågsved";"1";"0";"Forward";"1";"0";"2.1";"1.9";"2.1";"1.6";"1.1";"1.1";"78";"50";"57";"50";"78";"3";"4";"71";"62";"";"";"";"";"";"";"23.2";"12.2";"11.4";"9.3";"13.6"
"Sweden";"SWE";"Division 2: Sodra Svealand";"28-06-2026 13:00";"NS";"Karlslund";"";"";"Fittja IF";"";"";"1.3";"0.5";"0.8";"1.3";"1";"2.5";"66";"50";"58";"50";"66";"2.8";"3";"44";"17";"";"";"";"";"";"";"18.1";"9.6";"8.2";"9.6";"8.8"
"Sweden";"SWE";"Division 2: Vastra Gotaland";"28-06-2026 08:00";"FT";"Jonsered";"1";"0";"Kongahälla";"0";"0";"1.8";"1";"2.3";"1.3";"2";"2.2";"100";"83";"75";"17";"92";"3.9";"3";"61";"33";"";"";"";"";"";"";"18.6";"8";"7";"11.2";"11"
"Syria";"SYR";"Premier League";"28-06-2026 11:00";"INPLAY_1ST_HALF";"Al Futuwa";"0";"0";"Khan Sheikhoun";"0";"0";"1.3";"0.4";"1.7";"0.8";"1.7";"2.5";"75";"55";"55";"45";"70";"3.4";"3";"43";"13";"";"";"";"";"";"";"";"";"";"";""
"Syria";"SYR";"Premier League";"28-06-2026 11:00";"INPLAY_1ST_HALF";"Al Jaish";"0";"0";"Homs Al Fidaa";"0";"0";"1.8";"2.4";"1.2";"1.5";"0.7";"0.4";"55";"40";"45";"60";"65";"1.9";"2";"60";"80";"";"";"";"";"";"";"";"";"14.5";"";"6.5"
"Syria";"SYR";"Premier League";"28-06-2026 11:00";"INPLAY_1ST_HALF";"Hottin";"0";"0";"Damascus Al Ahli";"0";"0";"1.2";"1.3";"0.8";"1.1";"1.3";"1.7";"75";"40";"50";"60";"65";"2.4";"2";"40";"43";"";"";"";"";"";"";"";"";"";"";""
"Syria";"SYR";"Premier League";"28-06-2026 11:00";"INPLAY_1ST_HALF";"Jabala";"0";"0";"Al-Ittihad Aleppo";"0";"0";"1.4";"2";"1";"2.3";"1";"1.2";"80";"45";"80";"55";"70";"2.8";"3";"47";"67";"";"";"";"";"";"";"";"";"";"";""
"Syria";"SYR";"Premier League";"28-06-2026 11:00";"INPLAY_1ST_HALF";"Horriya";"0";"0";"Taliya";"0";"0";"1.1";"1.2";"1.3";"1.1";"1.7";"1.3";"70";"50";"45";"50";"65";"2.7";"2";"37";"40";"";"";"";"";"";"";"25";"12.1";"15";"8.9";"14"
"Syria";"SYR";"Premier League";"28-06-2026 11:00";"INPLAY_1ST_HALF";"Umayya";"0";"0";"Al Shorta";"0";"0";"1";"0.5";"0.9";"0.6";"1.3";"2.5";"65";"45";"35";"55";"60";"2.7";"2";"33";"17";"";"";"";"";"";"";"";"";"";"";""
"Syria";"SYR";"Premier League";"28-06-2026 11:00";"INPLAY_1ST_HALF";"Al Karama";"0";"0";"Al Shouleh";"0";"0";"1.8";"0.4";"1.8";"0.8";"1.2";"2";"70";"55";"60";"45";"75";"2.9";"3";"60";"13";"";"";"";"";"";"";"";"";"";"";""
"Tajikistan";"TJK";"Vysshaya Liga";"28-06-2026 11:00";"INPLAY_1ST_HALF";"Sardor Tursunzoda";"0";"0";"Istiqlol Dushanbe";"0";"0";"0.8";"2";"1";"1.2";"1.2";"0.5";"68";"32";"35";"68";"75";"2";"2";"27";"67";"";"";"";"";"";"";"";"";"";"";""
"Tajikistan";"TJK";"Vysshaya Liga";"28-06-2026 11:00";"INPLAY_1ST_HALF";"Ravshan";"0";"0";"Regar-TadAZ";"0";"0";"1.8";"2.7";"2.4";"1.5";"1.4";"0.3";"56";"56";"56";"44";"84";"2.8";"2";"60";"89";"";"";"";"";"";"";"";"";"";"";""
"Uruguay";"URU";"Primera División Amateur";"28-06-2026 10:00";"NS";"Los Gorriones";"";"";"Huracán Buceo";"";"";"1.3";"0.5";"0.7";"0.5";"0.7";"1";"42";"25";"42";"75";"42";"1.4";"2";"44";"17";"";"";"";"";"";"";"";"";"9.5";"";"11.5"
"Uruguay";"URU";"Primera División Amateur";"28-06-2026 10:00";"NS";"Canadian";"";"";"Parque del Plata";"";"";"1.5";"1.5";"1";"1.5";"3";"1.2";"62";"62";"62";"38";"34";"3.4";"3";"50";"50";"";"";"";"";"";"";"";"";"";"";""
"Uruguay";"URU";"Primera División Amateur";"28-06-2026 15:00";"NS";"Sportivo Bella Italia";"";"";"Terremoto";"";"";"";"1";"";"1";"";"1";"";"";"";"";"";"";"";"";"33";"";"";"";"";"";"";"";"";"";"";""
"Uruguay";"URU";"Primera División Amateur";"28-06-2026 15:00";"NS";"Lito";"";"";"LSM";"";"";"2";"1.3";"0.5";"0.3";"0";"1";"16";"16";"0";"84";"0";"0.9";"2";"67";"44";"";"";"";"";"";"";"25";"14";"12.5";"11.5";"12"
"Uruguay";"URU";"Primera División Amateur";"28-06-2026 15:00";"NS";"Alto Perú";"";"";"Deportivo Italiano";"";"";"0";"1.5";"0.3";"1.5";"1.7";"0.5";"42";"42";"16";"58";"58";"2";"2";"0";"50";"";"";"";"";"";"";"";"";"";"";""
"Uruguay";"URU";"Primera División Amateur";"28-06-2026 15:00";"NS";"Villa Española";"";"";"Salto";"";"";"2";"0.5";"1";"0";"0.5";"0.5";"25";"25";"25";"75";"50";"1";"2";"67";"17";"";"";"";"";"";"";"";"10.5";"";"9";""
"Uruguay";"URU";"Primera División Amateur";"28-06-2026 15:30";"NS";"Platense";"";"";"Artigas";"";"";"2.2";"0.3";"1.8";"0";"0.8";"1";"54";"25";"25";"75";"16";"1.8";"2";"75";"11";"";"";"";"";"";"";"";"";"";"";""
"United States";"USA";"USL League Two";"28-06-2026 16:00";"NS";"Erie Sports Center";"";"";"Riverhounds II";"";"";"0";"1";"0.8";"1.8";"3.8";"2.2";"88";"88";"75";"12";"50";"4.2";"4";"0";"33";"";"";"";"";"";"";"";"";"11";"";"10.5"
"United States";"USA";"USL League Two";"28-06-2026 17:00";"NS";"Philadelphia Lone Star";"";"";"Ocean City Nor'easters";"";"";"2.4";"3";"3.6";"2.6";"1.8";"0.6";"90";"80";"50";"20";"80";"4.3";"4";"80";"100";"";"";"";"";"";"";"22.4";"14";"11";"9.5";"10.3"
"United States";"USA";"USL League Two";"28-06-2026 17:00";"NS";"Seacoast United Phantoms";"";"";"Black Rock";"";"";"0.6";"1.4";"1";"1.6";"1.8";"1.4";"90";"60";"60";"40";"80";"2.9";"4";"20";"47";"";"";"";"";"";"";"25.1";"14.5";"11";"14.5";"10.2"
"United States";"USA";"USL League Two";"28-06-2026 18:00";"NS";"SF Glens";"";"";"San Francisco City";"";"";"1.5";"2.4";"1";"3.4";"1";"1.4";"65";"65";"55";"35";"78";"3.4";"4";"50";"80";"";"";"";"";"";"";"";"9.8";"";"8.8";""
"United States";"USA";"USL League Two";"28-06-2026 19:00";"NS";"Blackwatch Rush";"";"";"Boston";"";"";"1.7";"0.8";"1.3";"1.2";"1.7";"2.4";"84";"74";"45";"26";"56";"3.3";"4";"56";"27";"";"";"";"";"";"";"";"";"11";"";"13.7"
"United States";"USA";"USL League Two";"28-06-2026 19:00";"NS";"Albion Colorado";"";"";"Colorado Storm";"";"";"1.8";"2.5";"2.5";"2.5";"2";"0.5";"88";"88";"75";"12";"88";"3.8";"4";"58";"83";"";"";"";"";"";"";"";"";"";"";""
"United States";"USA";"USL League Two";"28-06-2026 19:00";"NS";"Bangers";"";"";"Bigfoot";"";"";"2.4";"0";"1.6";"0.4";"1";"4.2";"90";"80";"50";"20";"80";"3.6";"4";"80";"0";"";"";"";"";"";"";"";"";"5.8";"";"15"
"United States";"USA";"USL League Two";"28-06-2026 19:00";"NS";"Weston";"";"";"Lakeland United";"";"";"1.3";"2.2";"1";"2.2";"1";"1.2";"58";"42";"42";"58";"71";"2.8";"3";"44";"75";"";"";"";"";"";"";"";"8.3";"";"7.7";""
"United States";"USA";"USL League Two";"28-06-2026 20:00";"NS";"West Chester United II";"";"";"Lehigh Valley Utd. Sonic";"";"";"2";"2.2";"1.6";"2.5";"0.8";"2";"80";"70";"80";"30";"80";"3.4";"4";"67";"75";"";"";"";"";"";"";"";"20.3";"";"12.7";""
"United States";"USA";"USL League Two";"28-06-2026 20:00";"NS";"Tacoma Stars";"";"";"West Seattle Junction";"";"";"1.8";"0.2";"2.8";"1.3";"1.5";"2.5";"100";"88";"88";"12";"79";"4";"4";"58";"6";"";"";"";"";"";"";"10.2";"3.5";"7.8";"2.2";"6.8"
"United States";"USA";"USL League Two";"28-06-2026 20:30";"NS";"Southern Soccer Academy";"";"";"Dothan United";"";"";"2.5";"2.3";"3.5";"2.3";"0.5";"0.7";"100";"54";"58";"46";"84";"3.5";"4";"83";"78";"";"";"";"";"";"";"";"21";"";"8.3";""
"United States";"USA";"USL League Two";"28-06-2026 21:00";"NS";"Miami AC";"";"";"Brevard Fire";"";"";"0.8";"1.5";"1.6";"2.2";"2.4";"2.2";"100";"78";"68";"22";"78";"4.2";"4";"27";"50";"";"";"";"";"";"";"21";"8";"8.7";"11";"14.3"
"United States";"USA";"USL League Two";"28-06-2026 23:00";"NS";"Academica";"";"";"Marin";"";"";"0.5";"1";"2.2";"2";"3";"2.8";"100";"88";"100";"12";"88";"5";"4";"17";"33";"";"";"";"";"";"";"";"";"12";"";"14"
"United States";"USA";"WPSL";"28-06-2026 13:00";"NS";"El Paso Surf W";"";"";"SC del Sol W";"";"";"0.5";"1";"0";"3.3";"1.5";"1.7";"75";"75";"34";"25";"";"3.2";"3";"17";"33";"";"";"";"";"";"";"";"";"";"";""
"United States";"USA";"WPSL";"28-06-2026 14:00";"NS";"STA W";"";"";"New York Dutch Lions W";"";"";"0";"0.3";"1";"0.3";"2.5";"5.7";"84";"58";"42";"42";"";"4.8";"4";"0";"11";"";"";"";"";"";"";"";"";"";"";""
"United States";"USA";"WPSL";"28-06-2026 14:00";"NS";"New York Athletic W";"";"";"SUSA W";"";"";"3";"2";"3";"2.5";"0";"2";"100";"66";"50";"34";"";"3.8";"4";"100";"67";"";"";"";"";"";"";"";"";"";"";""
"United States";"USA";"WPSL";"28-06-2026 14:00";"NS";"Beadling W";"";"";"Rochester New York W";"";"";"2";"";"2";"";"0.7";"";"";"";"";"";"";"";"";"67";"";"";"";"";"";"";"";"";"";"";"";""
"United States";"USA";"WPSL";"28-06-2026 14:00";"NS";"Florida Roots W";"";"";"Valdosta W";"";"";"1.5";"0";"1";"0";"1.8";"8.5";"88";"88";"25";"12";"";"5.6";"4";"50";"0";"";"";"";"";"";"";"";"";"";"";""
"United States";"USA";"WPSL";"28-06-2026 16:00";"NS";"Kensington W";"";"";"Fever W";"";"";"0";"1";"1";"2";"2.5";"3.3";"100";"100";"100";"0";"";"4.4";"4";"0";"33";"";"";"";"";"";"";"";"";"";"";""
"United States";"USA";"WPSL";"28-06-2026 16:00";"NS";"Erie W";"";"";"Niagara 1812 W";"";"";"0";"0";"0.5";"0.7";"5.5";"3.3";"100";"100";"58";"0";"";"5";"5";"0";"0";"";"";"";"";"";"";"";"";"";"";""
"United States";"USA";"WPSL";"28-06-2026 17:00";"NS";"Colorado Elevation W";"";"";"Glacier W";"";"";"1.3";"0";"1.3";"0";"1.7";"2.7";"84";"67";"50";"33";"";"2.8";"3";"44";"0";"";"";"";"";"";"";"";"";"";"";""
"United States";"USA";"WPSL";"28-06-2026 19:00";"NS";"Brooklyn City W";"";"";"Force New York W";"";"";"1";"0";"2.3";"0";"1.7";"3.7";"100";"67";"34";"33";"";"3.8";"4";"33";"0";"";"";"";"";"";"";"";"";"";"";""
"United States";"USA";"WPSL";"28-06-2026 19:00";"NS";"Mankato W";"";"";"Minnesota Thunder W";"";"";"2";"2";"2.3";"2.7";"0.3";"1";"66";"66";"34";"34";"";"3.2";"4";"67";"67";"";"";"";"";"";"";"";"";"15";"";"12"
"United States";"USA";"WPSL";"28-06-2026 20:00";"NS";"Chicago KICS W";"";"";"Milwaukee Torrent W";"";"";"1";"1.8";"2.7";"6.2";"3";"2";"100";"100";"42";"0";"";"7";"5";"33";"58";"";"";"";"";"";"";"";"";"";"";""
"United States";"USA";"WPSL";"28-06-2026 20:30";"NS";"SF Glens W";"";"";"San Francisco Nighthawks W";"";"";"1.3";"2";"2.7";"3.3";"2.7";"2.3";"100";"84";"84";"16";"";"5.5";"4";"44";"67";"";"";"";"";"";"";"";"";"";"";""
"United States";"USA";"WPSL";"28-06-2026 21:00";"NS";"Minnesota Dutch Lions W";"";"";"Salvo W";"";"";"0";"2";"0.3";"1.7";"2.7";"0.3";"67";"50";"16";"50";"";"2.5";"2";"0";"67";"";"";"";"";"";"";"";"";"";"";""
"United States";"USA";"WPSL";"28-06-2026 21:00";"NS";"Texas Lone Star W";"";"";"Dallas W";"";"";"0.3";"2";"0.3";"4";"3";"0.5";"100";"42";"42";"58";"";"3.9";"4";"11";"67";"";"";"";"";"";"";"";"";"";"";""
"United States";"USA";"WPSL";"28-06-2026 21:00";"NS";"Prestige II W";"";"";"So Cal Union W";"";"";"";"1.3";"";"1.3";"";"1.7";"";"";"";"";"";"";"";"";"44";"";"";"";"";"";"";"";"";"16.5";"";"15.5"
"United States";"USA";"WPSL";"28-06-2026 23:00";"NS";"The Futbol Collective W";"";"";"Fresno Freeze W";"";"";"0";"0";"1";"0.7";"3.7";"4.7";"100";"100";"67";"0";"";"5";"4";"0";"0";"";"";"";"";"";"";"";"";"";"";""
"United States";"USA";"WPSL";"28-06-2026 23:00";"NS";"FC Premier Women W";"";"";"Beach W";"";"";"1.5";"1.5";"1";"2";"2";"1";"75";"75";"50";"25";"";"3";"3";"50";"50";"";"";"";"";"";"";"";"";"";"";""
"United States";"USA";"MLS Next Pro";"28-06-2026 16:00";"NS";"Toronto II";"";"";"New England II";"";"";"1.9";"1.6";"1.9";"1";"1.7";"0.8";"63";"63";"63";"37";"56";"2.7";"2";"62";"53";"";"";"";"";"";"";"23.4";"11.4";"13.8";"13.3";"8.4"
"United States";"USA";"MLS Next Pro";"28-06-2026 19:00";"NS";"FC Cincinnati II";"";"";"Inter Miami II";"";"";"1.3";"0.3";"1.4";"1.1";"1.3";"3";"78";"72";"57";"28";"78";"3.4";"3";"43";"10";"";"";"";"";"";"";"27.1";"9.9";"11.6";"15.3";"17.6"
"United States";"USA";"MLS Next Pro";"28-06-2026 19:00";"NS";"Carolina Core";"";"";"Huntsville City";"";"";"1.3";"1.3";"1.6";"1.9";"1.4";"2.9";"100";"72";"78";"28";"93";"3.8";"4";"43";"43";"";"";"";"";"";"";"26.9";"13.1";"11.4";"14.7";"14.4"
"United States";"USA";"MLS Next Pro";"28-06-2026 20:00";"NS";"St. Louis City II";"";"";"Austin II";"";"";"2";"2.7";"2.3";"2";"1.3";"0.3";"92";"60";"45";"40";"76";"3";"3";"67";"89";"";"";"";"";"";"";"27.7";"17";"13.5";"10.7";"14.2"
"United States";"USA";"MLS Next Pro";"28-06-2026 20:00";"NS";"Orlando City II";"";"";"Columbus Crew II";"";"";"1.7";"1.2";"2.7";"1.5";"2.1";"2";"94";"81";"88";"19";"82";"4.2";"4";"56";"42";"";"";"";"";"";"";"29.4";"18.6";"12";"14";"14.1"
"United States";"USA";"MLS Next Pro";"28-06-2026 20:00";"NS";"New York RB II";"";"";"Philadelphia Union II";"";"";"2";"1.2";"2.9";"1";"1.4";"1.2";"84";"69";"71";"31";"71";"3.2";"3";"67";"39";"";"";"";"";"";"";"25.7";"17";"9.8";"10.4";"14.2"
"United States";"USA";"MLS Next Pro";"28-06-2026 21:00";"NS";"Minnesota United II";"";"";"Tacoma Defiance";"";"";"1.8";"0.7";"1.8";"0.8";"1.4";"2";"79";"52";"42";"48";"62";"3";"3";"58";"22";"";"";"";"";"";"";"24.4";"15.8";"11";"9.5";"12.5"
"United States";"USA";"MLS Next Pro";"28-06-2026 23:00";"NS";"Los Angeles FC 2";"";"";"Houston Dynamo FC II";"";"";"2.3";"1.9";"1.7";"1.9";"1";"1.1";"80";"62";"74";"38";"76";"2.8";"4";"76";"63";"";"";"";"";"";"";"27.6";"13";"14.1";"12.6";"15.4"
"United States";"USA";"USL W League";"28-06-2026 16:00";"NS";"Tacoma Galaxy W";"";"";"West Seattle Rhodies W";"";"";"0.4";"1.8";"1";"2";"2.2";"1.4";"80";"80";"40";"20";"90";"3.3";"3";"13";"60";"";"";"";"";"";"";"";"1.7";"";"4";""
"United States";"USA";"USL W League";"28-06-2026 16:00";"NS";"Edgewater Castle W";"";"";"Sioux Falls City W";"";"";"2.4";"1.4";"1.2";"1.2";"0.6";"1.4";"70";"30";"30";"70";"88";"2.2";"3";"80";"47";"";"";"";"";"";"";"27.2";"10";"20.2";"12.5";"11.5"
"United States";"USA";"USL W League";"28-06-2026 16:00";"NS";"Ann Arbor W";"";"";"Kalamazoo FC W";"";"";"0";"0.2";"1";"0.5";"3";"1.2";"62";"50";"62";"50";"66";"2.9";"3";"0";"8";"";"";"";"";"";"";"";"";"";"";""
"United States";"USA";"USL W League";"28-06-2026 16:00";"NS";"Manhattan W";"";"";"Cedar Stars W";"";"";"0";"0.8";"0.8";"3.2";"4.5";"4.2";"100";"100";"88";"0";"75";"6.4";"5";"0";"25";"";"";"";"";"";"";"";"";"";"";""
"United States";"USA";"USL W League";"28-06-2026 16:00";"NS";"Long Island Rough Riders W";"";"";"Paisley Athletic W";"";"";"3";"1.8";"6";"3";"0.8";"2.5";"100";"100";"75";"0";"88";"6.2";"4";"100";"58";"";"";"";"";"";"";"";"";"";"";""
"United States";"USA";"USL W League";"28-06-2026 18:00";"NS";"Salmon Bay W";"";"";"Snohomish United W";"";"";"2.6";"";"3.6";"";"0.8";"";"";"";"";"";"";"";"";"87";"";"";"";"";"";"";"";"";"19.5";"";"6.5";""
"United States";"USA";"USL W League";"28-06-2026 19:00";"NS";"Miami AC W";"";"";"Brooke House W";"";"";"0";"1.8";"0.3";"1.2";"4";"0.8";"88";"58";"42";"42";"84";"3.2";"3";"0";"58";"";"";"";"";"";"";"";"";"10";"";"8"
"United States";"USA";"USL W League";"28-06-2026 19:00";"NS";"RKC W";"";"";"Minnesota Aurora W";"";"";"1.6";"3";"1.8";"1.8";"0.8";"0";"60";"30";"20";"70";"60";"2.2";"2";"53";"100";"";"";"";"";"";"";"";"7.5";"";"17";""
"United States";"USA";"USL W League";"28-06-2026 19:00";"NS";"Northern Virginia FC W";"";"";"Patuxent W";"";"";"1";"0";"1";"0.2";"1.8";"5.5";"88";"62";"38";"38";"88";"4.3";"4";"33";"0";"";"";"";"";"";"";"";"12";"";"17.5";""
"United States";"USA";"USL W League";"28-06-2026 19:30";"NS";"Asheville City W";"";"";"Birmingham Legion W";"";"";"2.3";"1.8";"2.7";"1";"0";"1.2";"58";"58";"12";"42";"62";"2.4";"3";"78";"58";"";"";"";"";"";"";"";"";"";"";""
"United States";"USA";"USL W League";"28-06-2026 20:00";"NS";"Lancaster Inferno W";"";"";"Eagle FC W";"";"";"2.2";"2.2";"1.8";"4.5";"0.5";"0.8";"75";"62";"38";"38";"75";"3.7";"4";"75";"75";"";"";"";"";"";"";"";"";"27";"";"5.5"
"United States";"USA";"USL W League";"28-06-2026 20:00";"NS";"Hartford Athletic W";"";"";"AC Connecticut W";"";"";"2.5";"0";"2.8";"0";"0.5";"6.2";"88";"88";"25";"12";"75";"4.7";"4";"83";"0";"";"";"";"";"";"";"";"";"";"";""
"United States";"USA";"USL W League";"28-06-2026 21:00";"NS";"Lonestar San Antonio W";"";"";"AHFC Royals W";"";"";"1";"1.8";"2.7";"1.5";"2.3";"0.5";"75";"75";"46";"25";"62";"3.5";"4";"33";"58";"";"";"";"";"";"";"";"";"";"";""
"United States";"USA";"USL W League";"28-06-2026 22:00";"NS";"Albion Colorado W";"";"";"Colorado Storm W";"";"";"1";"2.2";"1";"4.8";"3.2";"1";"100";"75";"62";"25";"100";"5";"4";"33";"75";"";"";"";"";"";"";"";"";"";"";""
"United States";"USA";"USL W League";"28-06-2026 22:00";"CANCELLED";"SoCal Reds W";"";"";"Capo W";"";"";"";"2.5";"";"3";"";"0.5";"";"";"";"";"";"";"";"";"83";"";"";"";"";"";"";"";"";"";"";""
"United States";"USA";"USL W League";"28-06-2026 23:00";"NS";"Portland Cherry Bombs";"";"";"Bigfoot W";"";"";"0.6";"0.6";"0.6";"0.8";"2.2";"4.2";"80";"70";"40";"30";"88";"3.9";"4";"20";"20";"";"";"";"";"";"";"";"13.5";"";"18";""
"United States";"USA";"UWS";"28-06-2026 13:00";"NS";"Michigan Stars W";"";"";"Midwest United W";"";"";"1";"3";"1.5";"3.5";"1.5";"0.5";"100";"75";"75";"25";"";"3.5";"4";"33";"100";"";"";"";"";"";"";"";"";"";"";""
"United States";"USA";"UWS";"28-06-2026 15:00";"NS";"Pinnacle W";"";"";"Michigan Legends W";"";"";"0.8";"";"0.8";"";"2.8";"";"";"";"";"";"";"";"";"25";"";"";"";"";"";"";"";"";"";"";"";""
"United States";"USA";"UWS";"28-06-2026 18:00";"NS";"Baltimore Blast W";"";"";"Racing Power W";"";"";"";"3";"";"4.3";"";"1";"";"";"";"";"";"";"";"";"100";"";"";"";"";"";"";"";"";"";"";""
"United States";"USA";"UWS";"28-06-2026 20:00";"NS";"Midland Fusion W";"";"";"Pontiac W";"";"";"0";"2";"0";"1";"3";"0.5";"75";"25";"25";"75";"";"2.2";"3";"0";"67";"";"";"";"";"";"";"";"";"";"";""
"United States";"USA";"UWS";"28-06-2026 20:00";"NS";"Grand Rapids W";"";"";"Michigan Jaguars W";"";"";"";"2.5";"";"4.2";"";"1";"";"";"";"";"";"";"";"";"83";"";"";"";"";"";"";"";"";"";"";""
"United States";"USA";"UWS";"28-06-2026 20:00";"NS";"Michigan Jaguars II W";"";"";"Troy City W";"";"";"0";"1";"1.5";"1.7";"6";"2";"100";"100";"100";"0";"";"5.6";"5";"0";"33";"";"";"";"";"";"";"";"";"";"";""
"United States";"USA";"UWS";"28-06-2026 20:00";"NS";"Baltimore Warriors W";"";"";"Lancaster W";"";"";"0";"";"1";"";"3.5";"";"";"";"";"";"";"";"";"0";"";"";"";"";"";"";"";"";"";"";"";""
"United States";"USA";"UWS";"28-06-2026 23:00";"NS";"Los Angeles SC W";"";"";"San Fernando Valley W";"";"";"1";"0";"1";"0.7";"6";"4.3";"100";"100";"50";"0";"";"6";"5";"33";"0";"";"";"";"";"";"";"";"";"";"";""
"Yemen";"YEM";"Yemeni League";"28-06-2026 10:00";"INPLAY_2ND_HALF";"Wahda Sana’a FC";"0";"0";"Shaab Hadramout FC";"0";"0";"3";"3";"2";"1.7";"0";"0";"84";"0";"0";"100";"58";"1.8";"2";"100";"100";"";"";"";"";"";"";"";"";"";"";""
"Zimbabwe";"ZIM";"Premier Soccer League";"28-06-2026 10:00";"INPLAY_2ND_HALF";"Dynamos";"0";"0";"Bulawayo Chiefs";"0";"0";"1.8";"1";"1.7";"1.1";"0.9";"1.6";"72";"56";"62";"44";"67";"2.7";"3";"59";"33";"";"";"";"";"";"";"20.4";"8.3";"11";"7.3";"14"
"Zimbabwe";"ZIM";"Premier Soccer League";"28-06-2026 10:00";"INPLAY_2ND_HALF";"AGAMA";"0";"0";"Herentals";"0";"0";"0.7";"1.7";"0.7";"0.9";"1";"0.8";"44";"33";"44";"67";"67";"1.7";"2";"22";"56";"";"";"";"";"";"";"";"";"10.3";"";"7"
"Argentina";"ARG";"Primera Division Women";"28-06-2026 15:00";"NS";"Unión W";"";"";"Ferro Carril Oeste W";"";"";"0.5";"0.6";"0.5";"0";"1";"0.6";"22";"12";"12";"88";"48";"1";"1";"17";"20";"";"";"";"";"";"";"16.2";"4.2";"6.2";"11.8";"10.2"
"Argentina";"ARG";"Primera Division Women";"28-06-2026 18:00";"NS";"San Luis W";"";"";"Boca Juniors W";"";"";"1.5";"2";"1.8";"1.2";"1";"0.8";"80";"45";"68";"55";"78";"2.4";"2";"50";"67";"";"";"";"";"";"";"17.5";"12";"10.6";"6.2";"6.2"
"Australia";"AUS";"Western Australia NPL Women";"28-06-2026 04:00";"FT";"Perth W";"2";"1";"Fremantle City W";"2";"0";"2.1";"2.3";"2.1";"2.7";"0.1";"1.3";"77";"63";"40";"37";"62";"3.2";"3";"71";"78";"";"";"";"";"";"";"23.2";"13.4";"12.7";"7.3";"13.2"
"Australia";"AUS";"Western Australia NPL Women";"28-06-2026 04:00";"FT";"Perth RedStar W";"2";"2";"Sorrento W";"1";"1";"1.8";"1";"2.2";"1.3";"1.4";"3.3";"90";"90";"64";"10";"80";"4.2";"3";"60";"33";"";"";"";"";"";"";"20.2";"15";"4.3";"6.2";"15"
"Australia";"AUS";"Western Australia NPL Women";"28-06-2026 04:45";"FT";"Subiaco W";"0";"3";"Balcatta W";"0";"0";"0.8";"2";"1";"1.2";"1.8";"0.2";"65";"52";"32";"48";"52";"2.2";"3";"27";"67";"";"";"";"";"";"";"20.6";"11.8";"12.2";"10.4";"6.8"
"Australia";"AUS";"Capital Territory NPL Women";"28-06-2026 01:00";"FT";"Woden Weston W";"1";"8";"Canberra W";"1";"3";"2";"2.4";"0.7";"3.6";"2.3";"0.6";"66";"56";"10";"44";"90";"3.6";"4";"67";"80";"";"";"";"";"";"";"14.8";"10";"5.5";"5";"9"
"Australia";"AUS";"Capital Territory NPL Women";"28-06-2026 02:00";"FT";"Belconnen United W";"10";"0";"Majura W";"6";"0";"3";"0.2";"5.2";"0.2";"0.5";"2.8";"80";"62";"26";"38";"80";"4.4";"3";"100";"7";"";"";"";"";"";"";"20.8";"16";"1.8";"3.5";"20.4"
"Australia";"AUS";"New South Wales NPL Women";"28-06-2026 01:50";"FT";"Bulls Academy W";"1";"0";"University of NSW W";"0";"0";"2.2";"2.8";"2.8";"2.9";"1.4";"0.9";"88";"69";"68";"31";"82";"4";"4";"75";"92";"";"";"";"";"";"";"21.8";"15.1";"12.4";"8.8";"7.2"
"Australia";"AUS";"New South Wales NPL Women";"28-06-2026 02:00";"FT";"Illawarra Stingrays W";"3";"0";"Gladesville Ravens W";"1";"0";"0.3";"0.9";"0.3";"1.5";"1.6";"1.8";"60";"40";"46";"60";"72";"2.6";"3";"10";"29";"";"";"";"";"";"";"21";"7.3";"8.6";"13.6";"12.5"
"Australia";"AUS";"New South Wales NPL Women";"28-06-2026 02:00";"DELAYED";"Macarthur Rams W";"0";"0";"Western Sydney II W";"0";"0";"1.6";"2.1";"1.8";"1.8";"1.8";"1";"88";"62";"56";"38";"88";"3.2";"4";"54";"71";"";"";"";"";"";"";"20.5";"11.1";"11.4";"8.5";"10"
"Australia";"AUS";"New South Wales NPL Women";"28-06-2026 04:00";"FT";"Sydney University W";"5";"2";"Mt Druitt Town W";"2";"0";"1.4";"0.1";"2.1";"0.4";"2.3";"3.4";"100";"86";"50";"14";"93";"4.2";"4";"48";"5";"";"";"";"";"";"";"24";"10";"10.3";"12.6";"15"
"Australia";"AUS";"New South Wales NPL Women";"28-06-2026 04:00";"FT";"Manly United W";"1";"2";"APIA Leichhardt W";"1";"0";"1.6";"1.9";"1.9";"2.9";"1";"1.5";"100";"75";"75";"25";"82";"3.6";"4";"54";"62";"";"";"";"";"";"";"19.1";"11.4";"12.9";"7.8";"6.2"
"Australia";"AUS";"New South Wales NPL Women";"28-06-2026 04:30";"FT";"Hills United W";"1";"0";"Sydney Olympic W";"0";"0";"0.9";"1.4";"1.4";"2.4";"1.8";"2.1";"94";"74";"66";"26";"94";"3.8";"4";"29";"48";"";"";"";"";"";"";"22.6";"10.9";"14";"9.1";"11.1"
"Australia";"AUS";"Tasmania Women's Super League";"28-06-2026 01:00";"FT";"South Hobart W";"2";"1";"Kingborough United W";"1";"1";"2.4";"1";"3.4";"2.2";"1.2";"3";"100";"90";"48";"10";"80";"4.9";"5";"80";"33";"";"";"";"";"";"";"23.9";"15.2";"9.5";"7.4";"15.8"
"Australia";"AUS";"Northern NSW NPL Women";"28-06-2026 01:00";"DELAYED";"Newcastle Olympic W";"0";"0";"Charlestown Azzurri W";"0";"0";"1.2";"0.8";"1.7";"1";"3.5";"2.8";"100";"83";"58";"17";"92";"4.5";"4";"39";"28";"";"";"";"";"";"";"25.6";"11";"7.8";"14";"18.4"
"Australia";"AUS";"Northern NSW NPL Women";"28-06-2026 03:00";"FT";"Adamstown Rosebud W";"0";"1";"Lake Macquarie City W";"0";"1";"1.4";"1";"2.4";"0.8";"2.1";"2";"100";"73";"66";"27";"80";"3.7";"4";"48";"33";"";"";"";"";"";"";"23";"13.7";"10.4";"12.7";"9.2"
"Belarus";"BLR";"Vysshaya Liga Women";"28-06-2026 08:00";"FT";"Naftan W";"2";"0";"Zorka-BDU W";"1";"0";"2";"1";"4";"1.3";"1.3";"1.3";"67";"67";"33";"33";"100";"4";"4";"67";"33";"";"";"";"";"";"";"16.5";"13.5";"5.5";"4";"10"
"Belarus";"BLR";"Vysshaya Liga Women";"28-06-2026 10:00";"INPLAY_2ND_HALF";"DYuSSh Pinskogo W";"0";"2";"Dinamo Brest W";"0";"2";"0";"3";"0";"2.3";"4";"0";"42";"42";"0";"58";"58";"3.2";"4";"0";"100";"";"";"";"";"";"";"";"";"";"";""
"Belarus";"BLR";"Vysshaya Liga Women";"28-06-2026 12:00";"NS";"Vitebsk W";"";"";"Belshina W";"";"";"1.8";"0";"1.2";"0.5";"1.2";"5";"88";"75";"50";"25";"75";"4";"4";"58";"0";"";"";"";"";"";"";"";"";"";"";""
"China";"CHN";"Super League Women";"28-06-2026 05:00";"FT";"Shaanxi Chang AN Athletic FC W";"0";"0";"Sichuan W";"0";"0";"1.5";"";"0.5";"";"0.5";"";"";"";"";"";"";"";"";"50";"";"";"";"";"";"";"";"";"5.5";"";"6.5";""
"China";"CHN";"Super League Women";"28-06-2026 08:00";"FT";"Liaoning Shenbei Hefeng W";"1";"0";"Changchun Dazhong Zhiye W";"0";"0";"";"0.5";"";"0.5";"";"1.5";"";"";"";"";"";"";"";"";"17";"";"";"";"";"";"";"";"";"3";"";"14"
"China";"CHN";"Super League Women";"28-06-2026 08:35";"FT";"Shanghai RCB W";"2";"1";"Jiangsu W";"2";"0";"0.5";"0.5";"0.5";"1";"1";"1.5";"50";"50";"50";"50";"0";"2";"3";"17";"17";"";"";"";"";"";"";"24.5";"20.5";"9";"8.5";"11"
"China";"CHN";"Super League Women";"28-06-2026 08:35";"FT";"Shandong Sports Lottery W";"1";"0";"Zhejiang Hangzhou W";"1";"0";"";"";"";"";"";"";"";"";"";"";"";"";"";"";"";"";"";"";"";"";"";"";"";"";"";""
"Europe";"EUR";"Euro U19 Women";"28-06-2026 09:00";"FT";"Switzerland U19 W";"2";"2";"Spain U19 W";"1";"1";"";"";"";"";"";"";"";"";"";"";"";"";"";"";"";"";"";"";"";"";"";"";"";"";"";""
"Europe";"EUR";"Euro U19 Women";"28-06-2026 12:00";"NS";"Austria U19 W";"";"";"Iceland U19 W";"";"";"";"";"";"";"";"";"";"";"";"";"";"";"";"";"";"";"";"";"";"";"";"";"";"";"";""
"Finland";"FIN";"Kansallinen Liiga Women";"28-06-2026 11:00";"INPLAY_1ST_HALF";"Åland United W";"0";"0";"HPS W";"0";"0";"1.5";"1.8";"3.2";"1.2";"2.8";"1";"75";"75";"75";"25";"62";"4.1";"4";"50";"58";"";"";"";"";"";"";"";"";"13.5";"";"10"
"Finland";"FIN";"Ykkönen Women";"28-06-2026 09:00";"FT";"HJS W";"2";"3";"TPS W";"1";"1";"2.5";"0.6";"3";"1.1";"1.7";"2.4";"100";"93";"69";"7";"86";"4.2";"3";"83";"19";"";"";"";"";"";"";"19.5";"8.7";"6.7";"10.3";"13.3"
"Iceland";"ISL";"2. Deild Women";"28-06-2026 13:00";"NS";"Afturelding W";"";"";"Dalvík / Reynir W";"";"";"3";"0";"6";"0.5";"0.3";"6";"100";"100";"42";"0";"";"6.4";"5";"100";"0";"";"";"";"";"";"";"";"";"";"";""
"Latvia";"LVA";"Women League";"28-06-2026 08:00";"FT";"Riga W";"22";"0";"Rēzeknes / BJSS";"9";"0";"3";"0";"5.2";"0";"0.2";"9.8";"100";"100";"10";"0";"100";"7.6";"7";"100";"0";"";"";"";"";"";"";"";"";"";"";""
"Latvia";"LVA";"Women League";"28-06-2026 12:00";"NS";"Iecava / Olaine W";"";"";"Auda W";"";"";"0.8";"1.8";"3";"4.2";"4.5";"1.8";"100";"100";"42";"0";"100";"6.8";"7";"25";"60";"";"";"";"";"";"";"";"";"";"";""
"Northern Ireland";"NIR";"Premiership Women";"28-06-2026 11:00";"INPLAY_1ST_HALF";"Glentoran BU W";"1";"0";"Derry City W";"1";"0";"3";"1";"5.7";"1.8";"0";"2.8";"92";"92";"34";"8";"92";"5.2";"3";"100";"33";"";"";"";"";"";"";"19.6";"20.5";"9";"1.5";"8.3"
"Norway";"NOR";"1. Division Women";"28-06-2026 09:00";"FT";"Start W";"1";"0";"Arna-Bjørnar W";"0";"0";"2.6";"2";"2.4";"3.4";"1.2";"1";"90";"80";"70";"20";"80";"4";"4";"87";"67";"";"";"";"";"";"";"22.8";"14";"14.3";"6.5";"10.7"
"Norway";"NOR";"1. Division Women";"28-06-2026 09:00";"FT";"Kolbotn W";"0";"3";"Grei W";"0";"1";"1.4";"1";"2.2";"3";"1.2";"2.8";"90";"68";"70";"32";"78";"4.6";"4";"47";"33";"";"";"";"";"";"";"24.5";"16";"12";"10";"11"
"Norway";"NOR";"1. Division Women";"28-06-2026 09:00";"DELAYED";"Klepp W";"";"";"TIL 2020 W";"";"";"0.6";"2.4";"1.6";"3";"3.8";"0.8";"90";"80";"70";"20";"90";"4.6";"4";"20";"80";"";"";"";"";"";"";"26.2";"11.8";"12.5";"17.8";"10.5"
"Norway";"NOR";"Cup Women";"28-06-2026 09:00";"INPLAY_ET";"Stabæk W";"2";"2";"Fortuna Ålesund W";"1";"1";"";"3";"";"4";"";"1";"";"";"";"";"";"";"";"";"100";"";"";"";"";"";"";"";"";"";"";""
"New Zealand";"NZL";"National League Women";"28-06-2026 00:00";"FT";"Western Springs W";"0";"2";"Ellerslie W";"";"";"0";"0.6";"0.2";"1";"3.3";"2.2";"84";"65";"38";"35";"";"3.4";"4";"0";"20";"";"";"";"";"";"";"";"";"";"";""
"Russia";"RUS";"Premier League Women";"28-06-2026 03:00";"FT";"Yenisey W";"0";"0";"Krasnodar W";"0";"0";"0.2";"0.6";"0.4";"0.4";"2.2";"1.2";"70";"30";"40";"70";"70";"2.1";"3";"7";"20";"";"";"";"";"";"";"11.5";"2";"2.5";"9";"9.5"
"Thailand";"THA";"Thai Women's League 1";"28-06-2026 05:00";"AWAITING_UPDATES";"MH Nakhonsi W";"";"";"Chonburi Sports School W";"";"";"0.5";"1";"0.8";"1.7";"2.3";"2.7";"92";"92";"75";"8";"100";"3.8";"4";"17";"33";"";"";"";"";"";"";"";"";"12.3";"";"9.7"
"Thailand";"THA";"Thai Women's League 1";"28-06-2026 05:00";"AWAITING_UPDATES";"Nakhon Sawan W";"";"";"Kasem Bundit Uni W";"";"";"0";"0.8";"0.8";"1.3";"3.3";"2";"92";"92";"75";"8";"68";"3.8";"4";"0";"28";"";"";"";"";"";"";"";"";"";"";""
"Thailand";"THA";"Thai Women's League 1";"28-06-2026 05:00";"AWAITING_UPDATES";"BGC Asian Scholars W";"";"";"Chonburi FA W";"";"";"2.7";"2.5";"3.7";"3";"0.5";"1.2";"92";"83";"58";"17";"84";"4.2";"4";"89";"83";"";"";"";"";"";"";"";"";"7";"";"5.5"
"Thailand";"THA";"Thai Women's League 1";"28-06-2026 06:00";"FT";"Burirat Academy W";"2";"0";"Bangkok W";"1";"0";"1.3";"1.5";"1.8";"2.2";"2.3";"1.2";"92";"58";"58";"42";"78";"3.8";"3";"44";"50";"";"";"";"";"";"";"";"";"";"";""
"World";"WOR";"Club Friendlies 3";"28-06-2026 04:30";"FT";"Katowice";"2";"0";"Arka Gdynia";"2";"0";"2.2";"";"3";"";"1";"";"";"";"";"";"";"";"";"75";"";"";"";"";"";"";"";"";"";"";"";""
"World";"WOR";"Club Friendlies 3";"28-06-2026 05:30";"FT";"Odra Opole";"0";"0";"Žilina";"0";"0";"1.8";"1";"1.8";"2.3";"1";"1.7";"88";"88";"58";"12";"71";"3.4";"4";"58";"33";"";"";"";"";"";"";"";"";"";"";""
"World";"WOR";"Club Friendlies 3";"28-06-2026 05:30";"AWAITING_UPDATES";"Slovácko";"";"";"Prostějov";"";"";"";"0";"";"1";"";"4.5";"";"";"";"";"";"";"";"";"0";"";"";"";"";"";"";"";"";"";"";""
"World";"WOR";"Club Friendlies 3";"28-06-2026 08:00";"FT";"Brøndby IF";"8";"1";"Hvidovre";"4";"1";"1.6";"0.3";"1.4";"1";"1.2";"1.7";"84";"36";"74";"64";"80";"2.7";"3";"53";"11";"";"";"";"";"";"";"16.9";"8.8";"10";"10";"5"
"World";"WOR";"Club Friendlies 3";"28-06-2026 09:00";"FT";"Hallescher FC";"1";"2";"Górnik Zabrze";"0";"0";"3";"";"3.5";"";"0.5";"";"";"";"";"";"";"";"";"100";"";"";"";"";"";"";"";"";"";"";"";""
"World";"WOR";"Club Friendlies 3";"28-06-2026 09:00";"FT";"AIK";"3";"2";"Västerås SK";"2";"1";"1.8";"0.3";"2";"0.7";"1.8";"1.3";"54";"54";"54";"46";"54";"2.9";"3";"58";"11";"";"";"";"";"";"";"18.6";"10.5";"10";"7.8";"9"
"World";"WOR";"Club Friendlies 3";"28-06-2026 09:30";"TBA";"Barockstadt Fulda-Lehnerz";"";"";"SV Steinbach";"";"";"1.5";"";"2";"";"2";"";"";"";"";"";"";"";"";"50";"";"";"";"";"";"";"";"";"";"";"";""
"World";"WOR";"Club Friendlies 3";"28-06-2026 10:00";"CANCELLED";"Vorwarts-Wacker 04";"";"";"Drochtersen / Assel";"";"";"";"";"";"";"";"";"";"";"";"";"";"";"";"";"";"";"";"";"";"";"";"";"";"";"";""
"World";"WOR";"Club Friendlies 3";"28-06-2026 10:00";"INPLAY_2ND_HALF";"Krylya Sovetov";"1";"1";"Neftekhimik";"0";"1";"1";"2";"0.7";"0.5";"1";"0";"16";"16";"16";"84";"";"1.1";"2";"33";"67";"";"";"";"";"";"";"";"";"";"";""
"World";"WOR";"Club Friendlies 3";"28-06-2026 10:30";"INPLAY_1ST_HALF";"Nijlen";"0";"1";"Koninklijke Lierse Sportkring";"0";"1";"";"";"";"";"";"";"";"";"";"";"";"";"";"";"";"";"";"";"";"";"";"";"";"";"";""
"World";"WOR";"Club Friendlies 3";"28-06-2026 10:45";"INPLAY_1ST_HALF";"Molde";"0";"1";"Bodø / Glimt";"0";"1";"1.8";"";"2.8";"";"1.2";"";"";"";"";"";"";"";"";"58";"";"";"";"";"";"";"";"";"8";"";"8.3";""
"World";"WOR";"Club Friendlies 3";"28-06-2026 12:00";"NS";"Wieczysta Kraków";"";"";"Dynamo Kyiv";"";"";"2.1";"";"2.4";"";"1";"";"";"";"";"";"";"";"";"71";"";"";"";"";"";"";"";"";"";"";"";""
"World";"WOR";"Club Friendlies 3";"28-06-2026 13:00";"AWAITING_UPDATES";"Olimpija";"";"";"Čukarički";"";"";"";"1";"";"1";"";"1";"";"";"";"";"";"";"";"";"33";"";"";"";"";"";"";"";"";"";"";""
"World";"WOR";"Club Friendlies 3";"28-06-2026 18:00";"NS";"NY Cosmos";"";"";"Santos Laguna";"";"";"";"";"";"";"";"";"";"";"";"";"";"";"";"";"";"";"";"";"";"";"";"";"";"";"";""
"World";"WOR";"Club Friendlies 3";"28-06-2026 21:00";"NS";"Odense BK";"";"";"Kolding IF";"";"";"3";"0.3";"4";"1.3";"1";"2.7";"84";"84";"50";"16";"84";"4.5";"4";"100";"11";"";"";"";"";"";"";"";"15.3";"";"7.3";""
"World";"WOR";"Club Friendlies 3";"28-06-2026 21:00";"NS";"Crvena Zvezda";"";"";"Slovan Bratislava";"";"";"3";"1.3";"3";"1.3";"0.7";"1.3";"84";"67";"67";"33";"100";"3.2";"3";"100";"44";"";"";"";"";"";"";"";"";"9";"";"5"
"World";"WOR";"Club Friendlies Women";"28-06-2026 20:00";"NS";"Portland Thorns W";"";"";"San Diego Wave W";"";"";"1.5";"";"3";"";"1.5";"";"";"";"";"";"";"";"";"50";"";"";"";"";"";"";"";"";"";"";"";""
"Peru";"PER";"Copa de La Liga";"28-06-2026 15:00";"NS";"Alianza Lima";"";"";"Alianza Atlético";"";"";"";"";"";"";"";"";"";"";"";"";"";"";"";"";"";"";"";"";"";"";"";"";"";"";"";""
"Peru";"PER";"Copa de La Liga";"28-06-2026 15:00";"NS";"César Vallejo";"";"";"Carlos Mannucci";"";"";"";"";"";"";"";"";"";"";"";"";"";"";"";"";"";"";"";"";"";"";"";"";"";"";"";""
"Peru";"PER";"Copa de La Liga";"28-06-2026 17:15";"NS";"Los Chankas";"";"";"Santos";"";"";"";"";"";"";"";"";"";"";"";"";"";"";"";"";"";"";"";"";"";"";"";"";"";"";"";""
"Peru";"PER";"Copa de La Liga";"28-06-2026 20:00";"NS";"Cusco FC";"";"";"Cienciano";"";"";"";"";"";"";"";"";"";"";"";"";"";"";"";"";"";"";"";"";"";"";"";"";"";"";"";""
"South Africa";"RSA";"Super League Women";"28-06-2026 04:00";"AWAITING_UPDATES";"Stellenbosch W";"";"";"Copperbelt Ladies W";"";"";"";"";"";"";"";"";"";"";"";"";"";"";"";"";"";"";"";"";"";"";"";"";"";"";"";""
"South Africa";"RSA";"Super League Women";"28-06-2026 07:00";"FT";"Ramatlaohle Ladies W";"1";"1";"University of Fort Hare W";"1";"1";"";"";"";"";"";"";"";"";"";"";"";"";"";"";"";"";"";"";"";"";"";"";"";"";"";""
"South Africa";"RSA";"Super League Women";"28-06-2026 10:00";"INPLAY_2ND_HALF";"City Lads W";"0";"2";"First Touch W";"0";"2";"";"";"";"";"";"";"";"";"";"";"";"";"";"";"";"";"";"";"";"";"";"";"";"";"";""