"Country ";"Short";"League ";"Hour";"Status";"Home Team";"Result Home";"Result Visitor";"Visitor Team";"Result Home HT";"Result Visitor HT";"Odds";"Odds";"Casa";"Fora";"Casa";"Fora";"Global";"Casa";"Fora";"Casa";"Fora";"Casa";"Fora";"Casa";"Fora";"Global";"Casa";"Fora";"Global";"Casa";"Fora";"Casa";"Fora";"Casa";"Fora";"Casa";"Fora";"Casa";"Fora";"Casa";"Fora";"Casa";"Fora";"Casa";"Fora";"Global";"Casa";"Fora";"Casa";"Fora";"Global";"Casa";"Fora";"Casa";"Fora";"Casa";"Fora";"Casa";"Fora";"Casa";"Fora";"Global";"Casa";"Fora";"Casa";"Fora";"Casa";"Fora";"Casa";"Fora";"Global";"Global"
"World";"WOR";"World Cup";"28-06-2026 16:00";"NS";"South Africa";"";"";"Canada";"";"";"5.80";"1.65";"63";"84";"34";"54";"2";"58";"67";"1.2";"1.7";"47";"65";"9.7";"6.7";"";"";"";"";"30";"40";"30";"50";"40";"10";"40";"57";"60";"90";"70";"50";"70";"60";"1x1";"0x0";"20.5";"1";"1.6";"1.2";"0.6";"2.2";"59";"53";"";"";"10";"10";"12.5";"14.3";"8.8";"5.3";"7.4";"3";"2.3";"4.4";"5";"2.2";"2.4";"1.8";"2.2";"4.3";"2.6"
"Brazil";"BRA";"Serie B";"28-06-2026 16:00";"NS";"Juventude";"";"";"Ceará";"";"";"2.06";"3.88";"84";"60";"48";"31";"5";"52";"54";"1.8";"1";"46";"46";"8.9";"11.9";"10";"60";"30";"10";"50";"30";"30";"10";"20";"60";"60";"33";"80";"40";"70";"90";"50";"70";"0x0";"1x0";"27.8";"1.4";"0.9";"0.6";"1.3";"2.1";"49";"54";"7";"14";"10";"10";"15.1";"14.4";"13.1";"12.9";"9.2";"4.5";"4.2";"4.9";"4.7";"2.2";"2.8";"2.8";"2.4";"5.1";"5.5"
"Brazil";"BRA";"Serie B";"28-06-2026 16:00";"NS";"Atlético GO";"";"";"Ponte Preta";"";"";"1.43";"7.64";"70";"28";"34";"27";"1";"51";"46";"1.2";"0.7";"45";"46";"11.2";"10.1";"10";"80";"0";"20";"20";"20";"60";"10";"20";"70";"40";"23";"80";"30";"40";"90";"80";"80";"1x1";"3x0";"28";"1";"0.8";"1";"2.2";"2.5";"47";"41";"13";"19";"10";"10";"14.8";"10.9";"12.6";"17.8";"9.2";"4.4";"6.1";"5";"3";"2.6";"3.7";"2.2";"2";"5.2";"5.5"
"Brazil";"BRA";"Serie B";"28-06-2026 16:00";"NS";"Athletic Club";"";"";"Avaí";"";"";"1.97";"3.92";"66";"49";"31";"44";"1";"45";"42";"1.1";"1";"37";"38";"8.8";"5.7";"2";"50";"50";"0";"20";"30";"50";"10";"30";"60";"37";"33";"70";"40";"50";"90";"80";"70";"1x1";"0x3";"24.3";"0.9";"1.3";"1.1";"1.6";"2.4";"45";"50";"11";"18";"10";"10";"10.7";"8.9";"13.8";"15.2";"7.4";"3.4";"5.4";"2.6";"3.3";"2.5";"2.5";"2.2";"2.4";"4.8";"5.5"
"Brazil";"BRA";"Serie B";"28-06-2026 18:30";"NS";"Náutico";"";"";"Goiás";"";"";"2.01";"3.72";"52";"52";"61";"24";"5";"63";"53";"1.4";"1.1";"62";"47";"7.4";"14.3";"10";"50";"50";"0";"40";"30";"20";"20";"40";"50";"47";"37";"60";"50";"80";"80";"60";"70";"1x0";"1x0";"26.9";"1.8";"0.7";"1.5";"1.5";"2.8";"59";"51";"9";"12";"10";"10";"17.5";"12.8";"10.3";"13.2";"9";"4.5";"4.6";"4.9";"4.1";"2.5";"2.7";"3.6";"2.7";"5.8";"5.5"
"Brazil";"BRA";"Serie B";"28-06-2026 18:30";"NS";"Fortaleza";"";"";"Sport Recife";"";"";"1.89";"4.15";"60";"77";"37";"41";"1";"54";"48";"1";"1.8";"51";"44";"10.5";"7.2";"10";"60";"10";"30";"30";"50";"10";"30";"60";"20";"33";"60";"40";"80";"90";"70";"70";"50";"1x2";"1x1";"25.2";"1.1";"1.2";"1.3";"0.8";"2.2";"50";"53";"8";"6";"10";"10";"14.3";"10.7";"12.8";"12.6";"8";"4.7";"3.7";"4.2";"3.3";"2.9";"2.7";"2.4";"2.9";"5.4";"5.5"
"China";"CHN";"League One";"28-06-2026 08:00";"FT";"Suzhou Dongwu";"1";"2";"Shanghai Jiading Huilong";"0";"2";"2.81";"2.42";"52";"70";"27";"51";"5";"52";"48";"0.8";"1.8";"49";"45";"9.9";"4.3";"8";"50";"0";"50";"20";"50";"20";"30";"60";"20";"27";"60";"40";"80";"80";"70";"80";"50";"0x1";"1x1";"18.8";"0.8";"1.5";"1.5";"1";"2.4";"47";"47";"16";"9";"10";"10";"9.4";"8.4";"11";"8.8";"7.2";"4.7";"3.2";"3.5";"3.1";"1.8";"1.4";"2.1";"1";"3.2";"3.8"
"China";"CHN";"League One";"28-06-2026 09:00";"FT";"Jiangxi Dingnan United";"3";"3";"Wuxi Wugou";"2";"2";"2.59";"2.72";"46";"66";"48";"41";"5";"52";"53";"1.1";"1.1";"52";"64";"7.4";"9.3";"4";"50";"50";"0";"20";"20";"50";"50";"30";"30";"37";"37";"70";"70";"50";"50";"80";"80";"1x1";"1x1";"26.7";"1.4";"1.2";"1.7";"1.1";"2.7";"50";"52";"8";"6";"10";"10";"13";"13.9";"14.1";"12.4";"9.5";"4.8";"4.3";"5.3";"4.6";"1.7";"1.9";"1.1";"1.7";"3.2";"3.8"
"Finland";"FIN";"Ykkönen";"28-06-2026 10:00";"INPLAY_2ND_HALF";"KPV";"1";"1";"PKKU";"0";"0";"5.07";"1.47";"2";"60";"37";"61";"2";"37";"51";"0.6";"1.4";"41";"52";"6.5";"6.6";"6";"67";"17";"17";"20";"40";"0";"20";"80";"40";"20";"47";"20";"60";"100";"80";"80";"60";"0x6";"2x0";"22.1";"1.1";"1.8";"3.9";"1.3";"4";"42";"50";"12";"7";"10";"10";"7.2";"11.9";"14.9";"10.2";"11.2";"8.4";"4.8";"3.2";"6";"1.5";"2.2";"0.9";"2.6";"3.6";"3.9"
"Finland";"FIN";"Ykkönen";"28-06-2026 12:30";"NS";"OLS";"";"";"KuPS Ak.";"";"";"1.40";"6.00";"63";"49";"61";"58";"1";"50";"53";"1.4";"1";"54";"53";"7.4";"5.9";"9";"89";"11";"0";"40";"30";"20";"10";"40";"60";"47";"33";"60";"40";"80";"90";"60";"70";"1x2";"1x0";"24.6";"1.8";"1.7";"1.2";"1.6";"3.2";"52";"57";"4";"10";"10";"10";"13.4";"10";"15.2";"10.5";"11.2";"6";"5.2";"6.4";"4.9";"1.4";"1.6";"2";"2.1";"3.6";"3.9"
"Morocco";"MAR";"Botola Pro";"28-06-2026 14:00";"NS";"Hassania Agadir";"";"";"CR Khemis Zemamra";"";"";"2.15";"3.61";"63";"63";"41";"37";"5";"49";"53";"1.3";"1.2";"43";"51";"7.8";"10";"10";"10";"40";"50";"30";"30";"40";"30";"30";"40";"43";"40";"70";"60";"60";"70";"70";"70";"1x0";"1x0";"18.1";"1.2";"1.1";"1.2";"1.2";"2.3";"46";"49";"11";"12";"10";"10";"9.3";"11";"7.9";"8";"7.7";"3.6";"3.4";"4.4";"4";"2.6";"1.3";"2";"2.9";"4.4";"5.1"
"Morocco";"MAR";"Botola Pro";"28-06-2026 14:00";"NS";"FUS Rabat";"";"";"RSB Berkane";"";"";"3.79";"2.06";"74";"77";"34";"51";"5";"52";"49";"1.2";"2.3";"60";"54";"11.2";"5.6";"10";"20";"50";"30";"20";"70";"60";"20";"20";"10";"40";"77";"80";"90";"40";"80";"80";"30";"1x1";"0x1";"19.8";"1";"1.5";"0.9";"0.8";"2.1";"49";"51";"9";"3";"10";"10";"11.2";"8.4";"9.2";"10.7";"7.6";"4.1";"3.3";"4.1";"3.6";"3";"2.5";"2.4";"3";"5.4";"5.1"
"Morocco";"MAR";"Botola Pro";"28-06-2026 14:00";"NS";"Maghreb Fès";"";"";"Yacoub El Mansour";"";"";"1.66";"4.88";"74";"66";"27";"44";"1";"53";"56";"1.4";"1.7";"47";"48";"12.1";"6.2";"2";"50";"50";"0";"40";"50";"20";"20";"40";"30";"47";"57";"60";"70";"80";"80";"60";"50";"0x1";"1x2";"16.6";"0.8";"1.3";"0.9";"1.1";"2";"55";"56";"2";"13";"10";"10";"9.7";"8";"8.1";"7.3";"6.6";"2.4";"3.1";"4.6";"3.1";"2.9";"2.8";"4.3";"2.7";"6.3";"5.1"
"Morocco";"MAR";"Botola Pro";"28-06-2026 14:00";"NS";"Wydad Casablanca";"";"";"Olympique Dcheïra";"";"";"1.49";"5.37";"70";"66";"41";"31";"1";"49";"42";"1.5";"1";"48";"45";"8.7";"9.1";"";"";"";"";"50";"20";"0";"40";"50";"40";"50";"33";"50";"60";"100";"60";"50";"80";"1x2";"0x2";"20.3";"1.2";"0.9";"1";"1.1";"2.1";"49";"42";"5";"14";"10";"10";"10.4";"8.2";"11";"11";"8.3";"3.8";"4.5";"4.8";"3.5";"2.4";"2.5";"2.4";"2.4";"4.8";"5.1"
"Morocco";"MAR";"Botola Pro";"28-06-2026 14:00";"NS";"FAR Rabat";"";"";"UTS Rabat";"";"";"1.33";"7.95";"70";"70";"48";"37";"1";"56";"52";"1.7";"1.4";"55";"52";"7.1";"8.2";"10";"50";"10";"40";"40";"40";"50";"20";"10";"40";"57";"47";"90";"60";"50";"80";"60";"60";"1x1";"1x0";"18";"1.4";"1.1";"1";"1";"2.2";"53";"51";"1";"15";"10";"10";"10.2";"9";"7.7";"9.1";"7.8";"3.5";"3.8";"4";"4.4";"1.9";"3.2";"2.7";"2.6";"5.2";"5.1"
"Morocco";"MAR";"Botola Pro";"28-06-2026 14:00";"NS";"Ittihad Tanger";"";"";"Raja Casablanca";"";"";"5.21";"1.64";"77";"66";"37";"44";"2";"50";"56";"1.8";"1.6";"56";"52";"9.9";"7.5";"10";"10";"70";"20";"50";"50";"30";"10";"20";"40";"60";"53";"80";"60";"70";"90";"50";"50";"1x1";"0x2";"20.5";"1.1";"1.3";"0.8";"1.1";"2.2";"51";"57";"7";"4";"10";"10";"10.9";"9.8";"11.7";"8.6";"8.5";"4.6";"4.8";"3.6";"4.1";"2.8";"3.6";"2.4";"2.8";"5.8";"5.1"
"Morocco";"MAR";"Botola Pro";"28-06-2026 14:00";"NS";"Olympic Safi";"";"";"CODM Meknès";"";"";"1.93";"3.98";"77";"56";"31";"27";"1";"48";"49";"1.1";"0.8";"49";"44";"10.4";"10.2";"3";"33";"67";"0";"20";"20";"50";"20";"30";"60";"37";"27";"70";"40";"50";"80";"80";"80";"1x1";"2x0";"18.2";"0.9";"0.8";"0.8";"1.4";"2";"50";"48";"16";"10";"10";"10";"9.4";"8.2";"10";"8.9";"7";"3.6";"3.8";"3.4";"3.3";"2.8";"2.9";"2.5";"2.4";"5.3";"5.1"
"Morocco";"MAR";"Botola Pro";"28-06-2026 14:00";"NS";"Difaâ El Jadida";"";"";"Kawkab Marrakech";"";"";"2.81";"2.57";"66";"66";"48";"41";"5";"47";"48";"1.4";"1.3";"46";"48";"5.9";"8.8";"10";"40";"20";"40";"30";"40";"50";"10";"20";"50";"47";"43";"80";"50";"50";"90";"70";"60";"1x1";"0x2";"19.6";"1.4";"1.2";"1.1";"1.1";"2.4";"48";"45";"6";"8";"10";"10";"8.3";"10.5";"10.4";"10";"7.8";"4";"3.6";"3.9";"4.2";"1.8";"2.7";"2";"2.2";"4.4";"5.1"
"Uruguay";"URU";"Segunda Division";"28-06-2026 12:00";"NS";"River Plate";"";"";"La Luz";"";"";"2.65";"2.50";"38";"70";"54";"27";"5";"52";"53";"1.3";"1.3";"56";"52";"4.6";"8.6";"3";"33";"0";"67";"40";"30";"10";"40";"50";"30";"43";"43";"50";"70";"90";"60";"60";"70";"2x1";"0x0";"13.8";"1.6";"0.8";"1.9";"1";"2.6";"50";"51";"10";"11";"10";"10";"7.3";"6.9";"7.9";"5.6";"6.7";"4";"3";"3.9";"2.5";"2.6";"3.2";"3.8";"3.1";"6.4";"6.8"
"Uruguay";"URU";"Segunda Division";"28-06-2026 15:00";"NS";"Cerrito";"";"";"Plaza Colonia";"";"";"3.30";"2.10";"42";"74";"51";"37";"5";"51";"53";"1.3";"1.5";"49";"47";"5.3";"8.4";"10";"20";"50";"30";"30";"40";"40";"30";"30";"30";"43";"50";"70";"70";"60";"70";"70";"60";"2x2";"1x1";"16.5";"1.5";"1.1";"1.8";"0.9";"2.6";"50";"50";"5";"9";"10";"10";"8";"9.2";"7.8";"8";"6.8";"2.8";"2.9";"4.2";"3.8";"3.7";"3.8";"4.1";"3.7";"7.6";"6.8"
"Uruguay";"URU";"Segunda Division";"28-06-2026 18:00";"NS";"Oriental";"";"";"Colón";"";"";"2.09";"3.35";"60";"66";"48";"37";"5";"48";"49";"1.3";"1.3";"47";"49";"4.7";"6.4";"7";"57";"14";"29";"30";"30";"40";"40";"30";"30";"43";"43";"70";"70";"60";"60";"70";"70";"2x2";"1x1";"15.2";"1.4";"1.1";"1.3";"1.1";"2.4";"52";"50";"7";"12";"10";"10";"6.6";"7";"8.2";"8.6";"6.9";"3.2";"4.3";"3.5";"2.8";"2.7";"3.1";"2.8";"2.9";"5.8";"6.8"
"Venezuela";"VEN";"Copa Venezuela";"28-06-2026 17:00";"POSTPONED";"Marítimo";"";"";"Academia Anzoátegui";"";"";"";"";"66";"46";"48";"44";"";"53";"45";"1.5";"0.9";"56";"41";"6.1";"9.2";"10";"50";"20";"30";"40";"20";"30";"30";"30";"50";"50";"30";"70";"50";"70";"70";"60";"80";"2x1";"1x0";"20.8";"1.4";"1.3";"1.1";"1.7";"2.8";"52";"46";"";"";"10";"10";"8.6";"11.9";"5.8";"15.2";"8";"2.8";"5.4";"4";"3.9";"3.9";"2.7";"3.8";"4";"7.2";""
"Venezuela";"VEN";"Copa Venezuela";"28-06-2026 17:00";"POSTPONED";"Atlético Ávila";"";"";"Deportivo Miranda FC";"";"";"";"";"63";"80";"27";"20";"";"43";"46";"0.9";"1.4";"42";"42";"9";"12.5";"2";"0";"100";"0";"10";"40";"60";"20";"30";"40";"30";"47";"70";"60";"40";"80";"90";"60";"0x0";"0x1";"16.2";"0.8";"0.6";"1.2";"0.7";"1.6";"48";"50";"";"";"10";"10";"7.2";"7.5";"9.8";"8";"6.5";"3.9";"4";"2.1";"3";"3.1";"2.7";"3.6";"3.9";"6.6";""
"Venezuela";"VEN";"Copa Venezuela";"28-06-2026 17:00";"POSTPONED";"Aragua";"";"";"Fundación Lara Deportiva";"";"";"";"";"80";"70";"31";"41";"";"53";"58";"1.4";"1.4";"51";"65";"13.3";"10.7";"4";"25";"50";"25";"30";"40";"50";"20";"20";"40";"47";"47";"80";"60";"50";"80";"70";"60";"1x1";"1x0";"21.6";"0.9";"1.2";"0.7";"1";"1.9";"54";"56";"";"";"10";"10";"12";"12.8";"10.3";"8.1";"9.2";"4";"4";"5.3";"5.2";"3.4";"3.7";"3.8";"3.8";"7.4";""
"Venezuela";"VEN";"Copa Venezuela";"28-06-2026 17:00";"POSTPONED";"Yaracuyanos";"";"";"Caracas";"";"";"";"";"70";"52";"58";"48";"";"51";"45";"1.7";"1.4";"61";"43";"6.9";"8.4";"10";"20";"60";"20";"50";"30";"20";"50";"30";"20";"57";"47";"70";"80";"80";"50";"50";"70";"1x0";"1x1";"26.3";"1.7";"1.4";"1";"1.5";"2.8";"52";"44";"";"";"10";"10";"11.7";"13.5";"10.3";"17.1";"10";"4.5";"5.4";"5.2";"4.8";"3.1";"2.5";"3.1";"2";"5.4";""
"Venezuela";"VEN";"Copa Venezuela";"28-06-2026 17:00";"POSTPONED";"Bolívar SC";"";"";"Dinamo Puerto La Cruz";"";"";"";"";"70";"56";"37";"31";"";"45";"49";"1.3";"1";"43";"42";"6.8";"9.8";"10";"50";"50";"0";"30";"20";"40";"40";"30";"40";"43";"33";"70";"60";"60";"60";"70";"80";"0x0";"0x0";"17.6";"1.1";"0.9";"1";"1.4";"2.2";"50";"47";"";"";"10";"10";"7.5";"8.8";"10.6";"8.3";"6.9";"4.1";"3";"2.8";"3.9";"4.2";"3.7";"3.1";"3.6";"7.2";""
"Venezuela";"VEN";"Copa Venezuela";"28-06-2026 17:00";"POSTPONED";"Monagas";"";"";"Mineros de Guayana";"";"";"";"";"74";"60";"54";"24";"";"44";"56";"1.5";"0.6";"39";"55";"7.4";"15.3";"10";"60";"30";"10";"40";"0";"30";"60";"30";"40";"50";"20";"70";"60";"70";"40";"60";"100";"1x1";"1x1";"20.7";"1.6";"0.7";"0.9";"1.3";"2.2";"48";"53";"";"";"10";"10";"11.9";"10.7";"11.1";"7.7";"6.6";"3.4";"3.1";"3.2";"3.4";"2.3";"3";"2.6";"3.2";"5.6";""
"Venezuela";"VEN";"Copa Venezuela";"28-06-2026 17:00";"POSTPONED";"Atlético El Vigía";"";"";"Real Frontera";"";"";"";"";"10";"46";"24";"31";"";"46";"40";"0.4";"0.7";"51";"42";"11";"8.8";"10";"20";"80";"0";"10";"20";"10";"10";"80";"70";"13";"23";"20";"30";"90";"90";"90";"80";"0x1";"2x0";"22.2";"0.7";"0.9";"2.7";"1.7";"3";"45";"43";"";"";"10";"10";"7.7";"7.9";"13.3";"15.5";"8.9";"6.6";"4.8";"3";"3.4";"2.4";"3.7";"2.8";"2.1";"5.5";""
"Venezuela";"VEN";"Copa Venezuela";"28-06-2026 17:00";"POSTPONED";"Atlético Barinas";"";"";"Zamora Fútbol Club";"";"";"";"";"42";"70";"71";"51";"";"53";"50";"1.6";"1.3";"60";"46";"5.5";"8";"";"";"";"";"50";"30";"10";"40";"40";"30";"53";"43";"60";"70";"90";"60";"50";"70";"2x1";"1x1";"23";"2.1";"1.5";"1.8";"1";"3.2";"55";"50";"";"";"10";"10";"11.6";"12";"9.8";"12.5";"8.2";"3.9";"3.7";"4.4";"4.3";"1.9";"3.6";"2.8";"3";"5.6";""
"Venezuela";"VEN";"Copa Venezuela";"28-06-2026 17:00";"POSTPONED";"Trujillanos";"";"";"Ureña";"";"";"";"";"32";"80";"20";"44";"";"51";"50";"0.2";"2.1";"51";"52";"14";"9.2";"10";"50";"0";"50";"0";"60";"20";"30";"80";"10";"7";"70";"20";"90";"80";"70";"100";"40";"1x3";"0x0";"18.6";"0.6";"1.3";"2.1";"0.7";"2.4";"51";"49";"";"";"10";"10";"8.4";"11.9";"9";"7.9";"7.5";"3.8";"2.8";"3.6";"4.8";"3.1";"1.7";"3";"3";"5.4";""
"Venezuela";"VEN";"Copa Venezuela";"28-06-2026 17:00";"POSTPONED";"Deportivo Lara";"";"";"Rayo Zuliano";"";"";"";"";"77";"38";"54";"20";"";"53";"43";"2";"0.6";"53";"38";"5.6";"14.7";"";"";"";"";"60";"10";"20";"30";"20";"60";"67";"20";"80";"40";"80";"70";"40";"90";"1x0";"0x0";"20.8";"1.6";"0.6";"0.8";"1.9";"2.4";"51";"45";"";"";"10";"10";"8.9";"10";"8.4";"14.3";"8";"3.8";"5.3";"3.9";"2.9";"3";"3.2";"2.5";"2.8";"5.8";""
"Argentina";"ARG";"Torneo Promocional Amateur";"28-06-2026 10:00";"INPLAY_2ND_HALF";"Atlético Pilar";"0";"2";"SAT Moreno";"0";"1";"5.11";"1.60";"56";"100";"24";"44";"2";"52";"62";"0.7";"2.4";"61";"59";"26.4";"10.8";"4";"0";"50";"50";"20";"70";"10";"30";"70";"0";"23";"80";"30";"100";"90";"70";"80";"30";"0x1";"0x1";"27.2";"0.7";"1.3";"1.4";"0.3";"1.8";"50";"58";"7";"1";"10";"10";"18.5";"14";"15";"7";"12.8";"7";"3.5";"7.5";"7.5";"3.5";"2";"3.5";"4";"6.5";"6.3"
"Argentina";"ARG";"Torneo Promocional Amateur";"28-06-2026 15:00";"NS";"Alumni Los Hornos";"";"";"Las Mandarinas";"";"";"1.93";"3.74";"70";"52";"27";"20";"1";"49";"44";"1.2";"0.8";"45";"48";"15";"21.3";"";"";"";"";"30";"20";"30";"20";"40";"60";"40";"27";"60";"40";"70";"80";"70";"80";"0x0";"2x1";"24.7";"0.8";"0.6";"1";"1.5";"2";"49";"49";"7";"9";"10";"10";"12";"12.8";"11.4";"13.2";"11.6";"4.8";"7";"5.8";"5.5";"3.6";"3.3";"3.2";"2.3";"6.2";"6.3"
"Argentina";"ARG";"Torneo Promocional Amateur";"28-06-2026 15:00";"NS";"Control Orientado";"";"";"Barrancas UMET";"";"";"2.67";"2.60";"70";"74";"41";"44";"5";"";"55";"1.6";"2.2";"";"59";"";"";"";"";"";"";"40";"70";"40";"10";"20";"20";"53";"73";"80";"80";"60";"90";"60";"30";"2x1";"1x2";"";"1.2";"1.3";"1";"0.9";"2.2";"";"51";"4";"1";"5";"10";"";"9";"";"9.2";"";"";"3.8";"";"3.5";"";"2.2";"";"2.5";"";"6.3"
"Argentina";"ARG";"Torneo Promocional Amateur";"28-06-2026 15:30";"NS";"Belgrano Zarate";"";"";"Ezeiza";"";"";"3.11";"2.44";"80";"74";"17";"24";"5";"34";"48";"1.1";"1";"27";"57";"14";"14.7";"4";"25";"0";"75";"20";"20";"50";"40";"30";"40";"37";"33";"70";"60";"50";"60";"80";"80";"0x0";"0x0";"19.4";"0.5";"0.7";"0.7";"0.9";"1.4";"40";"50";"6";"8";"10";"10";"7";"10.3";"11";"10.6";"8.6";"5";"3.7";"4.3";"4.3";"3";"3.4";"3.3";"3.3";"6.5";"6.3"
"Brazil";"BRA";"Carioca C";"28-06-2026 14:45";"POSTPONED";"Vera Cruz RJ";"";"";"CAAC Brasil";"";"";"";"";"42";"18";"44";"34";"";"54";"36";"1";"0.7";"76";"35";"12.1";"6.4";"2";"100";"0";"0";"30";"20";"10";"10";"60";"70";"33";"23";"40";"30";"90";"90";"70";"80";"0x0";"2x0";"25.4";"1.3";"1";"1.8";"2.5";"3.3";"49";"40";"15";"14";"10";"10";"15.7";"6.4";"14.5";"14.1";"9.6";"5.8";"4.6";"5.8";"3";"2.8";"3.1";"5";"1.9";"6.4";"5.8"
"Brazil";"BRA";"Carioca C";"28-06-2026 14:45";"POSTPONED";"Barcelona RJ";"";"";"Búzios";"";"";"";"";"2";"25";"10";"44";"";"38";"46";"0.3";"0.9";"40";"45";"23.3";"5";"";"";"";"";"10";"20";"0";"30";"90";"50";"10";"30";"10";"50";"100";"70";"90";"80";"0x2";"1x1";"19.6";"0.3";"1.3";"3.4";"2.3";"3.6";"40";"54";"16";"6";"10";"10";"7";"6.5";"15.8";"9.8";"8";"5.5";"3.7";"3.8";"3";"2.8";"4.2";"2.4";"1.8";"5.6";"5.8"
"Brazil";"BRA";"Carioca C";"28-06-2026 14:45";"POSTPONED";"Cardoso Moreira";"";"";"Independente RJ";"";"";"";"";"70";"70";"51";"24";"";"55";"62";"2.2";"0.8";"63";"58";"6.8";"17.9";"";"";"";"";"75";"17";"0";"33";"25";"50";"75";"28";"75";"50";"100";"67";"25";"83";"1x0";"1x0";"18.5";"1.5";"0.7";"1";"1";"2.1";"50";"49";"1";"13";"8";"6";"10.2";"12.5";"7.8";"6.5";"7.6";"2.8";"3.5";"5.5";"3.5";"1";"3";"2";"2.3";"4.2";"5.8"
"Brazil";"BRA";"Carioca C";"28-06-2026 14:45";"POSTPONED";"Bréscia";"";"";"EC Resende";"";"";"";"";"80";"49";"44";"65";"";"51";"46";"1.7";"1.8";"42";"47";"7.9";"6";"";"";"";"";"50";"60";"17";"0";"33";"40";"56";"60";"67";"60";"83";"100";"50";"40";"0x1";"0x3";"21.8";"1.3";"1.9";"0.7";"1.6";"2.8";"54";"47";"5";"7";"6";"10";"10.3";"11.4";"9";"12.8";"9.2";"4";"5.6";"3.7";"5.2";"2.3";"1.2";"2.7";"3.8";"5";"5.8"
"Brazil";"BRA";"Carioca C";"28-06-2026 14:45";"POSTPONED";"Tigres do Brasil";"";"";"União Central";"";"";"";"";"80";"49";"78";"71";"";"48";"55";"2.2";"1.3";"46";"61";"4.4";"5.8";"";"";"";"";"70";"30";"10";"40";"20";"30";"73";"43";"80";"70";"90";"60";"30";"70";"3x0";"1x1";"23.8";"2.3";"2.1";"0.7";"1.6";"3.4";"52";"52";"3";"10";"10";"10";"10.2";"12.2";"12.8";"12.3";"9";"3.2";"6";"4.2";"4.5";"3";"4";"3.5";"3.7";"7.1";"5.8"
"Canada";"CAN";"Premier League";"28-06-2026 20:00";"NS";"Cavalry";"";"";"Supra du Québec";"";"";"1.36";"7.11";"88";"52";"68";"54";"1";"59";"53";"2.3";"1.4";"55";"49";"5.6";"6.9";"";"";"";"";"70";"40";"20";"20";"10";"40";"77";"47";"90";"60";"80";"80";"30";"60";"2x0";"1x0";"24.5";"2";"1.6";"0.5";"1.5";"2.8";"55";"48";"2";"6";"10";"10";"14.5";"14.6";"9.6";"10.2";"8.9";"2.7";"3.9";"5.7";"5.5";"2";"2.4";"2.5";"1.6";"4.2";"4.2"
"Chile";"CHI";"Chilean Cup";"28-06-2026 13:30";"NS";"Cobresal";"";"";"Antofagasta";"";"";"1.91";"3.60";"38";"66";"20";"51";"1";"41";"49";"0.7";"1.6";"43";"62";"14.7";"9.7";"10";"60";"30";"10";"20";"40";"10";"40";"70";"20";"23";"53";"30";"80";"90";"60";"80";"60";"0x2";"1x1";"29.4";"0.6";"1.5";"1.9";"1.1";"2.6";"46";"53";"";"";"10";"10";"12.2";"14.5";"17.3";"14.9";"10.6";"5.3";"6.3";"3.6";"6";"2.3";"2.7";"1.6";"3";"4.8";"4"
"Chile";"CHI";"Chilean Cup";"28-06-2026 13:30";"NS";"La Serena";"";"";"Cobreloa";"";"";"1.90";"3.58";"14";"60";"41";"65";"1";"51";"47";"0.6";"1.8";"50";"55";"9.6";"6.5";"10";"20";"70";"10";"10";"50";"30";"30";"60";"20";"20";"60";"40";"80";"70";"70";"90";"50";"2x4";"0x2";"27.3";"1.2";"1.9";"2.6";"1.3";"3.5";"46";"44";"";"";"10";"10";"13.7";"12.3";"13.3";"15.3";"10";"5.7";"4.4";"4.6";"5.3";"2.2";"2.9";"2";"3.2";"5.2";"4"
"Chile";"CHI";"Chilean Cup";"28-06-2026 16:00";"NS";"Huachipato";"";"";"Deportes Temuco";"";"";"1.80";"3.66";"52";"63";"37";"58";"1";"45";"52";"1.2";"1.5";"47";"69";"7.7";"8.9";"10";"30";"20";"50";"30";"40";"30";"30";"40";"30";"40";"50";"60";"70";"70";"70";"70";"60";"1x0";"1x0";"28";"1.1";"1.7";"1.5";"1.2";"2.8";"48";"50";"";"";"10";"10";"10.6";"15.2";"15";"15.2";"10.4";"4.7";"5.9";"3.8";"6.4";"2.5";"2.1";"2.9";"2.2";"4.8";"4"
"Chile";"CHI";"Chilean Cup";"28-06-2026 16:00";"NS";"Unión La Calera";"";"";"Santiago Wanderers";"";"";"1.94";"3.53";"52";"52";"41";"75";"1";"47";"50";"1";"1.7";"44";"62";"5.9";"6.7";"10";"50";"50";"0";"20";"50";"40";"20";"40";"30";"33";"57";"60";"70";"60";"80";"80";"50";"1x2";"2x2";"25.2";"1.2";"2.2";"1.5";"1.5";"3.2";"47";"54";"";"";"10";"10";"9.6";"14.8";"12.4";"13.6";"9.6";"4.3";"5.4";"3.7";"5.7";"2.6";"3.3";"3.1";"3.8";"6.4";"4"
"Chile";"CHI";"Chilean Cup";"28-06-2026 17:00";"NS";"Curicó Unido";"";"";"Univ. Concepción";"";"";"2.67";"2.37";"66";"32";"34";"41";"5";"47";"48";"1.6";"0.6";"52";"49";"12";"7.9";"10";"30";"50";"20";"40";"10";"40";"30";"20";"60";"53";"20";"80";"40";"60";"70";"60";"90";"1x0";"2x1";"25.5";"1";"1.2";"1.1";"2.1";"2.7";"47";"52";"";"";"10";"10";"12";"12.2";"12.6";"14.1";"9.6";"4.5";"5.5";"5.2";"4.1";"2.8";"3.2";"2.6";"2.9";"5.8";"4"
"Chile";"CHI";"Chilean Cup";"28-06-2026 18:00";"NS";"O'Higgins";"";"";"Recoleta";"";"";"1.54";"4.76";"49";"49";"44";"41";"1";"46";"46";"1.1";"1";"51";"54";"8.5";"8.8";"";"";"";"";"30";"20";"20";"40";"50";"40";"37";"33";"50";"60";"80";"60";"70";"80";"2x1";"2x2";"26.7";"1.3";"1.2";"1.6";"1.6";"2.8";"49";"51";"";"";"10";"10";"14.1";"10.6";"14.7";"14";"10";"5.2";"5.6";"5.3";"4";"2.9";"2.4";"1.8";"3";"5.1";"4"
"Chile";"CHI";"Chilean Cup";"28-06-2026 18:00";"NS";"Rangers";"";"";"Ñublense";"";"";"2.88";"2.33";"49";"46";"27";"54";"5";"55";"53";"0.5";"1.5";"68";"56";"16.9";"6.8";"10";"40";"30";"30";"10";"40";"20";"30";"70";"30";"17";"50";"30";"70";"80";"70";"90";"60";"0x1";"2x2";"24";"0.8";"1.6";"1.6";"1.7";"2.8";"52";"49";"";"";"10";"10";"13.5";"12.9";"10.6";"11.1";"9";"4.9";"4.2";"4.6";"4.4";"2.9";"2.3";"2.2";"2.2";"4.8";"4"
"Chile";"CHI";"Chilean Cup";"28-06-2026 18:30";"NS";"Universidad Chile";"";"";"Unión San Felipe";"";"";"1.29";"8.12";"66";"49";"71";"37";"3";"58";"44";"1.8";"1.4";"58";"49";"5.3";"8.8";"10";"70";"20";"10";"50";"40";"30";"20";"20";"40";"60";"47";"80";"60";"70";"80";"50";"60";"0x1";"0x0";"25.2";"2.1";"1.1";"1.1";"1.6";"3";"54";"46";"";"";"10";"10";"14.2";"9.7";"10.4";"16";"9.8";"3.9";"6.4";"5";"4.1";"2.9";"2.1";"3";"1.5";"4.8";"4"
"Chile";"CHI";"Chilean Cup";"28-06-2026 21:00";"NS";"Puerto Montt";"";"";"Concepcion";"";"";"2.48";"2.58";"70";"52";"31";"44";"5";"48";"49";"1.4";"1.3";"59";"50";"15.1";"8.6";"10";"10";"50";"40";"40";"40";"20";"10";"40";"50";"47";"43";"60";"50";"80";"90";"60";"60";"1x0";"2x1";"26.9";"0.9";"1.3";"1";"1.5";"2.3";"48";"48";"";"";"10";"10";"13.6";"13.9";"14.1";"12.2";"9";"4.8";"4";"4.4";"4.9";"2.6";"2.3";"2.5";"2.8";"5.1";"4"
"Chile";"CHI";"Segunda División";"28-06-2026 16:00";"NS";"General Velásquez";"";"";"Lota Schwager";"";"";"2.40";"2.73";"60";"70";"34";"24";"5";"45";"53";"1.3";"1";"39";"47";"9.4";"14";"";"";"";"";"40";"20";"10";"40";"50";"40";"43";"33";"50";"60";"90";"60";"60";"80";"0x1";"1x1";"21.3";"1";"0.7";"1.3";"1";"2";"47";"50";"5";"6";"10";"10";"9.4";"9.8";"11.8";"11.6";"8.9";"5";"4.3";"3.9";"4.5";"3.7";"3.5";"3.4";"2.8";"6.7";"6.6"
"Chile";"CHI";"Segunda División";"28-06-2026 16:00";"NS";"Santiago Morning";"";"";"Deportes Linares";"";"";"2.14";"3.06";"70";"63";"27";"37";"5";"50";"49";"1";"1.3";"48";"49";"14.2";"10.6";"";"";"";"";"20";"40";"40";"10";"40";"50";"33";"43";"60";"50";"60";"90";"80";"60";"0x1";"0x2";"22.4";"0.8";"1.1";"1";"1.2";"2";"51";"50";"4";"3";"10";"10";"11.4";"11.7";"10.1";"11.5";"9.4";"4.3";"5.1";"4.1";"5.3";"3.8";"3.2";"3.1";"3.2";"6.6";"6.6"
"Chile";"CHI";"Segunda División";"28-06-2026 16:00";"NS";"Brujas de Salamanca";"";"";"Real San Joaquín";"";"";"1.80";"4.08";"88";"56";"31";"48";"1";"51";"53";"1.6";"1.2";"40";"45";"8.2";"7.9";"4";"25";"50";"25";"30";"30";"70";"30";"0";"40";"53";"40";"100";"60";"30";"70";"70";"70";"1x1";"0x0";"18.8";"0.9";"1.4";"0.5";"1.4";"2.1";"51";"50";"3";"5";"10";"10";"7.4";"11.1";"8.7";"10.3";"7.1";"2.7";"5.2";"2.1";"4.2";"3.6";"2.9";"4";"3.5";"7";"6.6"
"Europe";"EUR";"Euro U19";"28-06-2026 14:00";"NS";"Wales U19";"";"";"Spain U19";"";"";"11.88";"1.18";"35";"77";"54";"82";"4";"42";"66";"1.2";"2.3";"28";"70";"6.1";"7.6";"";"";"";"";"40";"70";"0";"20";"60";"10";"40";"77";"40";"90";"100";"80";"60";"30";"0x1";"0x1";"25";"1.6";"2.4";"2";"0.8";"3.4";"54";"58";"4";"3";"10";"10";"9.6";"18.4";"12.4";"9.7";"11";"5.1";"3.1";"5.1";"8.7";"1.7";"2.4";"1.1";"2.9";"4";""
"Europe";"EUR";"Euro U19";"28-06-2026 16:00";"NS";"Germany U19";"";"";"Denmark U19";"";"";"2.15";"2.84";"52";"70";"99";"99";"5";"58";"62";"1.9";"1.9";"60";"75";"5.2";"5.6";"2";"0";"50";"50";"50";"60";"40";"10";"10";"30";"63";"63";"90";"70";"60";"90";"50";"40";"2x1";"0x0";"24.6";"2.9";"2.9";"1.5";"1";"4.2";"54";"55";"2";"1";"10";"10";"15.1";"16.1";"11";"6.9";"10";"4.6";"2";"5.9";"7.6";"2";"1.4";"1.7";"2.9";"4";""
"Argentina";"ARG";"Primera C";"28-06-2026 13:00";"NS";"Sportivo Barracas";"";"";"Luján";"";"";"3.06";"2.33";"77";"100";"24";"51";"5";"50";"53";"1.2";"2.4";"46";"51";"13.7";"6.1";"10";"20";"40";"40";"30";"70";"30";"30";"40";"0";"40";"80";"60";"100";"70";"70";"70";"30";"0x0";"0x2";"16.7";"0.7";"1.5";"0.8";"0.4";"1.7";"53";"46";"14";"2";"10";"10";"9.6";"9.2";"9.1";"5.5";"6.2";"3.5";"1.6";"3";"4.3";"2.9";"2.6";"4";"2.9";"6.2";"6.4"
"Argentina";"ARG";"Primera C";"28-06-2026 15:00";"NS";"Puerto Nuevo";"";"";"Victoriano Arenas";"";"";"3.16";"2.29";"60";"80";"24";"41";"5";"52";"52";"1.1";"1.7";"53";"64";"11.6";"8.3";"10";"20";"60";"20";"20";"40";"50";"50";"30";"10";"37";"57";"70";"90";"50";"50";"80";"60";"1x0";"0x0";"18";"0.7";"1.2";"1.3";"0.7";"2";"52";"52";"19";"8";"10";"10";"8.1";"9.7";"8.3";"9.9";"8";"3.9";"3.7";"3.5";"4.9";"2.8";"2.4";"3.5";"2.5";"5.6";"6.4"
"Argentina";"ARG";"Primera C";"28-06-2026 15:00";"NS";"Leandro Nicéforo Alem";"";"";"Berazategui";"";"";"3.96";"1.88";"60";"80";"44";"34";"2";"47";"49";"1.4";"1.6";"50";"58";"6.5";"9.1";"10";"20";"60";"20";"40";"40";"20";"40";"40";"20";"47";"53";"60";"80";"80";"60";"60";"60";"0x2";"0x0";"18";"1.3";"1";"1.3";"0.7";"2.2";"46";"52";"16";"5";"10";"10";"8.4";"9.1";"8.6";"10";"7.8";"3.5";"4.4";"3.3";"4.4";"3.3";"3.2";"3.3";"3.3";"6.6";"6.4"
"Argentina";"ARG";"Primera C";"28-06-2026 15:00";"NS";"Defensores de Cambaceres";"";"";"Estrella del Sur";"";"";"3.02";"2.36";"77";"66";"20";"20";"5";"51";"53";"1.2";"1.1";"48";"54";"16";"14.8";"";"";"";"";"30";"20";"30";"50";"40";"30";"40";"37";"60";"70";"70";"50";"70";"80";"0x0";"0x0";"16";"0.6";"0.6";"0.8";"1.1";"1.5";"49";"50";"18";"15";"10";"10";"9.6";"8.9";"8.6";"5.1";"6.2";"3.2";"2.1";"3.9";"3.3";"3.4";"4";"2.7";"4.4";"7.2";"6.4"
"Argentina";"ARG";"Primera B Metropolitana";"28-06-2026 13:00";"NS";"Liniers";"";"";"Villa San Carlos";"";"";"1.92";"4.15";"74";"60";"17";"14";"1";"52";"50";"1";"0.5";"62";"62";"15.6";"19.5";"5";"20";"60";"20";"20";"0";"40";"50";"40";"50";"33";"17";"60";"50";"60";"50";"80";"100";"0x0";"0x0";"16";"0.5";"0.4";"0.9";"1.3";"1.5";"52";"47";"15";"21";"10";"10";"7.8";"7.8";"8.4";"8";"5.9";"3";"3.2";"2.9";"2.7";"2.3";"3.7";"2.7";"2.9";"5.8";"5.9"
"Argentina";"ARG";"Primera B Metropolitana";"28-06-2026 13:00";"NS";"UAI Urquiza";"";"";"Sportivo Italiano";"";"";"2.92";"2.55";"77";"74";"20";"27";"5";"47";"50";"1.1";"1.2";"52";"53";"11.5";"10.4";"10";"20";"20";"60";"20";"30";"50";"30";"30";"40";"37";"40";"70";"60";"50";"70";"80";"70";"0x0";"0x0";"15.7";"0.6";"0.8";"0.8";"0.9";"1.5";"52";"51";"20";"6";"10";"10";"6.9";"8.3";"8.4";"7.8";"6.2";"3.3";"3.2";"2.4";"3.4";"2.6";"2.9";"2.3";"2.8";"5.3";"5.9"
"Argentina";"ARG";"Primera B Metropolitana";"28-06-2026 13:00";"NS";"Deportivo Laferrere";"";"";"Argentino Quilmes";"";"";"2.51";"2.78";"66";"77";"41";"37";"5";"50";"47";"1.5";"1.6";"60";"55";"8.3";"6.3";"10";"10";"20";"70";"40";"40";"30";"40";"30";"20";"50";"53";"70";"80";"70";"60";"60";"60";"0x2";"0x0";"17.5";"1.2";"1.1";"1.1";"0.8";"2.1";"49";"49";"13";"14";"10";"10";"10";"6.9";"8.7";"9.4";"6.9";"3.7";"2.9";"3.9";"3.3";"2.8";"2.5";"2.6";"2.9";"5.4";"5.9"
"Argentina";"ARG";"Primera B Metropolitana";"28-06-2026 15:00";"NS";"Arsenal de Sarandí";"";"";"Dock Sud";"";"";"1.79";"4.25";"63";"70";"44";"34";"1";"54";"51";"1.6";"1.2";"64";"58";"7.2";"7.7";"";"";"";"";"40";"30";"40";"30";"20";"40";"53";"40";"80";"60";"60";"70";"60";"70";"0x0";"0x2";"17.2";"1.3";"1";"1.2";"1";"2.2";"55";"52";"3";"16";"10";"10";"9.3";"7.7";"8.4";"8.9";"6.6";"3";"3.8";"3.6";"2.9";"3.8";"2.7";"4.2";"2.6";"6.6";"5.9"
"Argentina";"ARG";"Primera B Metropolitana";"28-06-2026 15:00";"NS";"Argentino Merlo";"";"";"Comunicaciones";"";"";"2.36";"3.03";"70";"74";"27";"54";"5";"45";"53";"1";"1.9";"48";"54";"9.8";"5.6";"7";"29";"29";"43";"20";"50";"40";"40";"40";"10";"33";"63";"60";"90";"60";"60";"80";"50";"0x0";"0x0";"16";"0.8";"1.6";"1";"0.9";"2.2";"48";"51";"12";"8";"10";"10";"7.8";"9";"8.5";"6.6";"7";"4.2";"2.2";"3.6";"4";"3.7";"2.7";"2.4";"2.8";"5.8";"5.9"
"Argentina";"ARG";"Torneo Federal A";"28-06-2026 15:00";"NS";"Independiente Chivilcoy";"";"";"Douglas Haig";"";"";"2.84";"2.67";"70";"77";"14";"20";"5";"45";"59";"0.8";"1.2";"43";"62";"24.8";"18.5";"10";"40";"30";"30";"10";"30";"50";"30";"40";"40";"27";"40";"60";"60";"50";"70";"90";"70";"0x0";"0x0";"20";"0.4";"0.6";"1";"0.8";"1.4";"46";"61";"7";"2";"10";"10";"9.9";"11.1";"12.5";"6.4";"7.5";"5.3";"2.9";"3.1";"3.7";"2";"2.4";"2.3";"2.1";"4.4";"4.7"
"Argentina";"ARG";"Torneo Federal A";"28-06-2026 15:00";"NS";"El Linqueño";"";"";"Sportivo Belgrano";"";"";"2.55";"2.86";"60";"100";"20";"44";"5";"51";"46";"0.6";"2";"50";"49";"14.7";"6.8";"10";"20";"50";"30";"10";"60";"30";"20";"60";"20";"20";"67";"40";"80";"70";"80";"90";"40";"0x1";"0x1";"19.2";"0.6";"1.3";"1.3";"0.4";"1.8";"53";"45";"10";"1";"10";"10";"8.8";"8.9";"10.2";"10.6";"7.5";"3.7";"3.6";"3.4";"4.3";"2.6";"2.6";"1.5";"2.3";"4.5";"4.7"
"Argentina";"ARG";"Torneo Federal A";"28-06-2026 15:00";"NS";"Sol de América";"";"";"San Martín Formosa";"";"";"2.18";"3.31";"84";"60";"37";"68";"5";"47";"52";"1.7";"2";"51";"57";"7.1";"6.8";"10";"30";"50";"20";"50";"60";"20";"20";"30";"20";"57";"67";"70";"80";"80";"80";"50";"40";"0x0";"0x3";"21.5";"1.1";"2";"0.6";"1.3";"2.5";"46";"53";"3";"2";"10";"10";"7.8";"13.5";"10";"11.6";"9.8";"4.3";"5.2";"3.7";"6.4";"2.1";"2.1";"2.6";"3.2";"5";"4.7"
"Argentina";"ARG";"Torneo Federal A";"28-06-2026 15:00";"NS";"Germinal de Rawson";"";"";"Deportivo Santamarina";"";"";"1.74";"5.01";"88";"70";"17";"24";"1";"45";"45";"1.3";"1";"46";"48";"13.6";"11.9";"10";"30";"40";"30";"30";"20";"40";"40";"30";"40";"43";"33";"70";"60";"60";"60";"70";"80";"0x0";"0x0";"17.4";"0.5";"0.7";"0.5";"1";"1.4";"44";"48";"6";"7";"10";"10";"6.8";"8.3";"9.8";"9.8";"8.4";"4.6";"5.7";"3.3";"3.1";"4.1";"3.3";"1.9";"1.6";"5.4";"4.7"
"Argentina";"ARG";"Torneo Federal A";"28-06-2026 15:00";"NS";"Villa Mitre";"";"";"Alvarado";"";"";"1.99";"4.19";"100";"100";"17";"41";"1";"57";"58";"1.2";"1.9";"48";"56";"16";"10.3";"10";"30";"20";"50";"20";"50";"60";"40";"20";"10";"40";"63";"80";"90";"40";"60";"80";"50";"0x0";"0x0";"16.5";"0.5";"1.2";"0.4";"0.4";"1.2";"55";"54";"5";"1";"10";"10";"8";"12.3";"5.4";"7.3";"6.3";"1.9";"2.2";"3.6";"4.9";"1.9";"1.7";"3.8";"3.5";"5.4";"4.7"
"Argentina";"ARG";"Torneo Federal A";"28-06-2026 15:00";"NS";"Circulo Deportivo";"";"";"Olimpo";"";"";"3.38";"2.29";"74";"100";"3";"14";"5";"47";"52";"0.5";"1.5";"43";"44";"99";"21";"10";"20";"60";"20";"0";"30";"50";"60";"50";"10";"17";"50";"50";"90";"50";"40";"100";"70";"0x0";"0x0";"17.8";"0.1";"0.4";"0.9";"0.3";"0.8";"50";"51";"9";"2";"10";"10";"9.9";"8.4";"10.2";"7";"6.8";"3.6";"2.8";"3.2";"3.9";"2.5";"2";"2.9";"2.5";"5";"4.7"
"Argentina";"ARG";"Torneo Federal A";"28-06-2026 15:00";"NS";"Kimberley Mar del Plata";"";"";"Guillermo Brown";"";"";"1.72";"5.22";"84";"70";"27";"27";"1";"52";"40";"1.5";"1";"52";"40";"11.5";"8.9";"3";"33";"33";"33";"30";"20";"60";"40";"10";"40";"50";"33";"90";"60";"40";"60";"70";"80";"0x0";"1x0";"17.9";"0.8";"0.8";"0.6";"1";"1.6";"53";"48";"3";"8";"10";"10";"9.2";"7.1";"8.6";"10.9";"7.3";"3.5";"4.5";"3.7";"2.9";"2.6";"1.6";"2.6";"1.6";"4.2";"4.7"
"Argentina";"ARG";"Torneo Federal A";"28-06-2026 15:30";"NS";"Escobar FC";"";"";"Gimnasia Concepción";"";"";"1.36";"8.73";"52";"74";"34";"20";"1";"52";"51";"1.3";"1.2";"54";"49";"9.7";"15";"";"";"";"";"40";"30";"10";"30";"50";"40";"43";"40";"50";"60";"90";"70";"60";"70";"0x2";"0x0";"18.8";"1";"0.6";"1.5";"0.9";"2";"51";"48";"8";"9";"10";"10";"10.3";"9";"8.9";"9.3";"7.1";"4.2";"2.7";"4.1";"3.2";"2.1";"2.7";"3.3";"2.1";"5.1";"4.7"
"Argentina";"ARG";"Torneo Federal A";"28-06-2026 15:30";"NS";"Juventud Antoniana";"";"";"Defensores Pto. Vilelas";"";"";"1.38";"7.21";"77";"46";"14";"41";"1";"56";"48";"0.9";"1";"55";"53";"28.8";"9.3";"";"";"";"";"20";"30";"30";"10";"50";"60";"30";"33";"50";"40";"70";"90";"80";"70";"0x0";"1x2";"20.8";"0.4";"1.2";"0.8";"1.7";"2";"56";"49";"7";"6";"10";"10";"11.5";"11.2";"8.1";"10.8";"8.6";"3.2";"4.9";"5.1";"4";"3.1";"2.4";"3.1";"3";"5.8";"4.7"
"Argentina";"ARG";"Torneo Federal A";"28-06-2026 15:30";"NS";"Costa Brava";"";"";"San Martín Mendoza";"";"";"1.62";"5.55";"77";"74";"20";"27";"1";"59";"51";"1";"1.3";"57";"53";"20.7";"10.5";"3";"33";"0";"67";"20";"30";"40";"40";"40";"30";"33";"43";"60";"70";"60";"60";"80";"70";"0x0";"0x0";"17.5";"0.6";"0.8";"0.8";"0.9";"1.5";"58";"52";"8";"9";"10";"10";"12.4";"8.4";"6.6";"7.6";"7.2";"2.8";"3.8";"4.6";"3.2";"2.6";"2.8";"3.9";"2.4";"5.8";"4.7"
"Argentina";"ARG";"Torneo Federal A";"28-06-2026 16:00";"NS";"9 de Julio Rafaela";"";"";"Gimnasia Chivilcoy";"";"";"2.00";"3.67";"66";"100";"68";"37";"5";"46";"55";"1.8";"1.8";"50";"45";"4.4";"8.9";"7";"57";"29";"14";"50";"50";"30";"30";"20";"20";"60";"60";"80";"80";"70";"70";"50";"50";"0x2";"0x2";"17.4";"2";"1.1";"1.1";"0.3";"2.2";"45";"52";"3";"4";"10";"10";"8.8";"9.8";"8.9";"7.3";"7.4";"3.6";"2.5";"4.5";"4.2";"2";"2.2";"2.1";"3.7";"5";"4.7"
"Argentina";"ARG";"Torneo Federal A";"28-06-2026 16:00";"NS";"Sarmiento de La Banda";"";"";"Bartolomé Mitre";"";"";"1.82";"4.56";"80";"100";"37";"37";"1";"50";"54";"1.7";"1.9";"50";"61";"7.5";"11.5";"2";"50";"0";"50";"50";"50";"20";"40";"30";"10";"57";"63";"70";"90";"80";"60";"50";"50";"1x0";"0x0";"19.4";"1.1";"1.1";"0.7";"0.4";"1.6";"50";"51";"4";"1";"10";"10";"8.2";"12.7";"7.9";"10";"7.3";"3.3";"3.2";"3";"5.1";"1.9";"1.9";"2.3";"2.4";"4.2";"4.7"
"Argentina";"ARG";"Torneo Federal A";"28-06-2026 16:00";"NS";"Sarmiento Resistencia";"";"";"Tucumán Central";"";"";"2.06";"3.54";"49";"63";"24";"37";"5";"49";"47";"0.7";"1.3";"52";"52";"15.1";"8.4";"";"";"";"";"10";"40";"40";"10";"50";"50";"23";"43";"50";"50";"60";"90";"90";"60";"1x1";"0x2";"20.8";"0.7";"1.1";"1.6";"1.2";"2.3";"50";"49";"9";"5";"10";"10";"10.6";"9.2";"11.7";"10";"7.8";"4.8";"3.6";"4.4";"2.9";"2.6";"3.7";"2";"2.8";"5.6";"4.7"
"Argentina";"ARG";"Reserve League";"28-06-2026 11:00";"INPLAY_1ST_HALF";"Vélez Sársfield Res.";"1";"0";"Newell's Old Boys Res.";"1";"0";"1.74";"4.26";"84";"70";"78";"61";"1";"57";"52";"2.5";"1.8";"52";"56";"4.9";"5.7";"7";"71";"14";"14";"80";"50";"10";"30";"10";"20";"83";"60";"90";"80";"90";"70";"20";"50";"4x0";"0x2";"18.2";"2.3";"1.8";"0.6";"1";"2.8";"55";"48";"1";"2";"10";"10";"11.3";"10.2";"7.6";"7.2";"8.2";"2.3";"3.6";"6";"4.5";"2.3";"1.7";"3.5";"2.2";"4.8";"5.2"
"Argentina";"ARG";"Reserve League";"28-06-2026 14:00";"NS";"Boca Juniors Res.";"";"";"Atlético Tucumán Res.";"";"";"1.38";"7.14";"84";"46";"51";"54";"1";"60";"51";"1.7";"1.6";"69";"52";"7.1";"6.3";"7";"86";"0";"14";"50";"50";"20";"10";"30";"40";"57";"53";"70";"60";"80";"90";"50";"50";"0x1";"1x2";"19.3";"1.5";"1.6";"0.6";"1.7";"2.7";"54";"53";"1";"2";"10";"10";"12.2";"10.1";"7.1";"9.2";"7.6";"1.8";"3.9";"5";"4.5";"1.6";"2.3";"2.7";"2.7";"4.6";"5.2"
"Argentina";"ARG";"Copa Santa Fe";"28-06-2026 15:00";"NS";"Argentino Rosario";"";"";"Union Arroyo Seco";"";"";"1.64";"4.49";"56";"56";"34";"48";"1";"48";"";"0.9";"1.2";"55";"";"";"";"";"";"";"";"10";"20";"60";"60";"30";"20";"30";"40";"70";"80";"40";"40";"90";"80";"1x1";"1x1";"";"1";"1.4";"1.4";"1.4";"2.6";"51";"";"";"";"10";"5";"7.9";"";"9.2";"";"";"4";"";"4";"";"3.7";"";"4.3";"";"";"5.5"
"Argentina";"ARG";"Copa Santa Fe";"28-06-2026 15:30";"NS";"Náutico El Quillá";"";"";"Atlético Tostado";"";"";"";"";"66";"70";"54";"37";"";"90";"";"1.5";"1.3";"1";"";"";"";"";"";"";"";"40";"30";"30";"40";"30";"30";"50";"43";"70";"70";"70";"60";"60";"70";"2x0";"1x1";"";"1.6";"1.1";"1.1";"1";"2.4";"";"";"";"";"10";"10";"";"";"";"";"";"";"";"";"";"";"";"";"";"";"5.5"
"Argentina";"ARG";"Copa Santa Fe";"28-06-2026 16:00";"NS";"Atlético Rafaela";"";"";"Sportivo Suardi";"";"";"";"";"84";"80";"14";"37";"";"47";"50";"1.3";"1.8";"48";"0";"";"";"";"";"";"";"30";"50";"40";"30";"30";"20";"43";"60";"70";"80";"60";"70";"70";"50";"0x0";"0x0";"";"0.4";"1.1";"0.6";"0.7";"1.4";"45";"";"";"";"10";"10";"7.2";"";"10.1";"";"";"4.6";"";"3";"";"3";"";"1.4";"";"";"5.5"
"Argentina";"ARG";"Copa Santa Fe";"28-06-2026 16:00";"NS";"Atlético Brown";"";"";"Sanjustino";"";"";"";"";"77";"100";"34";"44";"";"";"";"1.2";"2.2";"";"";"";"";"";"";"";"";"33";"70";"17";"10";"50";"20";"39";"73";"50";"80";"83";"90";"67";"30";"0x1";"0x1";"";"1";"1.3";"0.8";"0.4";"1.8";"";"";"";"";"6";"10";"";"";"";"";"";"";"";"";"";"";"";"";"";"";"5.5"
"Australia";"AUS";"Queensland Premier League 3 Metro";"28-06-2026 02:00";"FT";"Logan Roos";"1";"1";"Yeronga Eagles";"1";"0";"7.08";"1.23";"2";"77";"71";"100";"4";"49";"54";"0.6";"2.4";"61";"65";"4.2";"5.2";"2";"0";"100";"0";"20";"80";"0";"0";"80";"20";"20";"80";"20";"80";"100";"100";"80";"20";"2x5";"0x3";"25.5";"2.1";"3.4";"4";"0.8";"5.2";"45";"56";"8";"1";"10";"10";"8.8";"17.6";"12.7";"11.9";"13.3";"6.6";"5.6";"4.1";"10.2";"2.1";"0.6";"1.6";"1.8";"3";"3.8"
"Australia";"AUS";"Queensland Premier League 3 Metro";"28-06-2026 04:00";"FT";"Redcliffe PCYC";"2";"4";"Mt Gravatt Hawks";"0";"3";"3.64";"1.55";"2";"4";"65";"34";"2";"42";"46";"1";"0.6";"54";"47";"6.3";"11.6";"7";"14";"71";"14";"30";"10";"10";"30";"60";"60";"33";"20";"40";"40";"90";"70";"70";"90";"0x3";"2x1";"27.4";"1.9";"1";"3.2";"2.9";"4.5";"46";"44";"13";"11";"10";"10";"12";"11.6";"18";"13.1";"14.8";"10.6";"8.4";"5.6";"5";"1.5";"2.9";"1.8";"1.6";"3.8";"3.8"
"Australia";"AUS";"Queensland Premier League 3 Metro";"28-06-2026 04:00";"FT";"North Brisbane";"2";"0";"Ipswich Knights";"1";"0";"4.03";"1.56";"2";"32";"48";"54";"2";"40";"46";"1";"1.3";"42";"47";"8.6";"6.2";"3";"33";"67";"0";"30";"40";"10";"10";"60";"50";"33";"43";"40";"50";"90";"90";"70";"60";"2x1";"2x0";"27.2";"1.4";"1.6";"3.3";"2.1";"4.2";"42";"49";"10";"9";"10";"10";"12";"10";"19.4";"12.9";"16.4";"11.5";"8.1";"7.9";"5.1";"2.5";"2";"0.6";"1.9";"3.5";"3.8"
"Australia";"AUS";"Capital Territory";"28-06-2026 02:00";"FT";"Canberra FC";"1";"2";"Tuggeranong United";"1";"1";"1.18";"9.10";"56";"18";"95";"95";"3";"59";"46";"2.3";"2.1";"65";"57";"5.1";"4.4";"10";"90";"10";"0";"70";"70";"20";"0";"10";"30";"77";"70";"90";"70";"80";"100";"30";"30";"4x1";"0x2";"25.6";"2.8";"2.8";"1.4";"2.5";"4.8";"54";"48";"";"";"10";"10";"14.2";"12.2";"9.4";"15.4";"15.2";"5.9";"8.7";"8.4";"7.5";"1.4";"0.5";"2.7";"1";"2.8";"3.7"
"Australia";"AUS";"Capital Territory";"28-06-2026 02:00";"FT";"Gungahlin Juventus";"2";"0";"Brindabella Blues";"0";"0";"1.15";"10.35";"35";"7";"82";"24";"3";"50";"35";"1.8";"0.6";"56";"40";"3.9";"9.6";"10";"30";"60";"10";"60";"20";"0";"0";"40";"80";"60";"20";"60";"20";"100";"100";"40";"80";"3x2";"4x1";"22";"2.4";"0.7";"2";"2.8";"4";"50";"44";"";"";"10";"10";"9.4";"6.7";"11.3";"16.7";"11.2";"6.6";"7.9";"5";"3";"1.7";"1.6";"3.1";"1.2";"3.8";"3.7"
"Australia";"AUS";"New South Wales";"28-06-2026 02:00";"FT";"Marconi Stallions";"2";"0";"Blacktown City";"1";"0";"1.58";"4.80";"84";"42";"58";"44";"1";"57";"48";"2.1";"1.2";"54";"48";"7";"6.8";"10";"40";"30";"30";"60";"30";"30";"30";"10";"40";"70";"40";"90";"60";"70";"70";"40";"70";"1x0";"1x2";"18.5";"1.7";"1.3";"0.6";"1.8";"2.7";"50";"49";"2";"15";"10";"10";"11.9";"8.9";"6";"10.3";"8.6";"2.4";"4.9";"5.2";"4.5";"1.7";"1.4";"2.4";"1.5";"3.5";"3.7"
"Australia";"AUS";"New South Wales";"28-06-2026 03:15";"FT";"APIA Leichhardt Tigers";"0";"2";"Rockdale Ilinden FC";"0";"1";"1.62";"4.18";"77";"60";"68";"58";"1";"58";"54";"2.5";"1.4";"63";"59";"6.4";"7.2";"10";"90";"10";"0";"80";"40";"10";"20";"10";"40";"83";"47";"90";"60";"90";"80";"20";"60";"2x0";"1x0";"20.5";"2";"1.7";"0.8";"1.3";"2.9";"55";"54";"1";"5";"10";"10";"12.7";"12.2";"7.8";"8.5";"10.7";"4.4";"4.3";"7.2";"5.4";"1.2";"2";"1.8";"1.2";"3.1";"3.7"
"Australia";"AUS";"Npl Tasmania";"28-06-2026 01:30";"FT";"Kingborough Lions";"2";"1";"Devonport City";"1";"0";"2.14";"2.65";"80";"66";"100";"78";"5";"61";"57";"2.4";"2.1";"80";"60";"4.9";"4.1";"10";"40";"40";"20";"70";"60";"30";"30";"0";"10";"80";"70";"100";"90";"70";"70";"30";"40";"1x1";"0x3";"22.3";"4";"2.3";"0.7";"1.1";"4";"53";"56";"2";"3";"10";"10";"19.7";"9.4";"9.6";"5.9";"10.7";"4.6";"2.7";"10.6";"3.6";"1.6";"1.9";"2.6";"2.3";"4.1";"3.4"
"Australia";"AUS";"Npl Tasmania";"28-06-2026 01:30";"FT";"Launceston City";"1";"0";"South East United";"0";"0";"1.07";"15.76";"28";"2";"88";"51";"3";"55";"38";"1.5";"1.2";"66";"44";"5.2";"4.9";"2";"50";"50";"0";"50";"40";"0";"0";"50";"60";"50";"40";"50";"40";"100";"100";"50";"60";"1x2";"4x1";"24";"2.6";"1.5";"2.2";"3.6";"4.9";"55";"42";"4";"8";"10";"10";"13.6";"7.4";"11.2";"15.7";"12.2";"5.6";"7.9";"7.8";"3.1";"1.2";"2.4";"2.3";"1.4";"3.7";"3.4"
"Australia";"AUS";"Npl Queensland";"28-06-2026 02:00";"FT";"Gold Coast United";"0";"1";"Moreton City Excelsior";"0";"0";"6.88";"1.29";"38";"49";"34";"100";"4";"49";"58";"0.6";"2";"49";"68";"8";"4.5";"7";"14";"57";"29";"20";"60";"0";"20";"80";"20";"20";"67";"20";"80";"100";"80";"80";"40";"1x2";"0x0";"21.6";"1";"3";"1.9";"1.6";"3.8";"51";"56";"10";"3";"10";"10";"8";"13.6";"13.1";"8.5";"10.8";"6.7";"4.2";"4.2";"6.4";"1.3";"1.2";"1.1";"2.3";"3";"3.9"
"Australia";"AUS";"Npl Queensland";"28-06-2026 04:00";"FT";"Queensland Lions";"6";"2";"Wynnum Wolves FC";"2";"0";"1.40";"5.23";"66";"25";"85";"41";"1";"64";"48";"2.3";"1.3";"75";"61";"7.2";"9.1";"9";"89";"11";"0";"70";"40";"20";"10";"10";"50";"77";"43";"90";"50";"80";"90";"30";"60";"1x0";"1x2";"25.4";"2.5";"1.2";"1.1";"2.3";"3.6";"60";"46";"2";"7";"10";"10";"17.9";"10.9";"7.9";"14.1";"11.6";"3.9";"6.7";"8.8";"3.8";"1";"1.5";"1.9";"1.3";"2.8";"3.9"
"Australia";"AUS";"Npl Victoria";"28-06-2026 02:30";"FT";"South Melbourne";"1";"2";"Green Gully";"0";"1";"1.36";"6.26";"25";"28";"71";"17";"1";"54";"46";"1.3";"0.2";"58";"46";"5.1";"17.4";"10";"70";"10";"20";"40";"0";"10";"20";"50";"80";"43";"7";"50";"20";"90";"80";"60";"100";"0x4";"1x0";"19.8";"2.1";"0.5";"2.3";"2.2";"3.6";"52";"49";"9";"14";"10";"10";"10.7";"8.7";"8.9";"11.3";"9.3";"4.7";"4.8";"5.5";"3.6";"1.1";"2.3";"1.3";"1.9";"3.3";"3.5"
"Australia";"AUS";"Northern Nsw";"28-06-2026 02:00";"FT";"Broadmeadow Magic";"5";"1";"Weston Workers FC";"1";"1";"2.04";"2.83";"56";"63";"95";"75";"5";"55";"60";"2";"1.8";"69";"69";"4.7";"5.5";"10";"80";"10";"10";"60";"50";"20";"30";"20";"20";"67";"60";"80";"80";"80";"70";"40";"50";"0x1";"1x2";"19.8";"2.8";"2.2";"1.4";"1.2";"3.8";"54";"60";"1";"3";"10";"10";"13.2";"12.1";"7.6";"6.7";"9";"3.8";"3.1";"6.4";"4.6";"1.4";"1.4";"1.6";"1.4";"3";"3.1"
"Australia";"AUS";"Northern Nsw";"28-06-2026 02:00";"DELAYED";"Kahibah";"0";"0";"Maitland";"0";"0";"5.19";"1.41";"14";"66";"54";"88";"2";"40";"48";"1";"2.1";"52";"50";"5.6";"2.7";"2";"50";"50";"0";"30";"70";"10";"0";"60";"30";"33";"70";"40";"70";"90";"100";"70";"30";"0x4";"0x1";"20.4";"1.6";"2.6";"2.6";"1.1";"4";"46";"56";"12";"4";"10";"10";"9";"7.1";"15.9";"8.9";"10.2";"8.6";"3.6";"4.9";"3.3";"1.8";"2";"1.6";"1.7";"3.6";"3.1"
"Australia";"AUS";"Victoria NPL Youth League";"28-06-2026 02:30";"FT";"Heidelberg United U23";"2";"1";"Oakleigh Cannons U23";"1";"1";"2.44";"2.24";"35";"52";"100";"71";"5";"52";"56";"2.1";"1.6";"57";"59";"3.4";"6.2";"5";"40";"60";"0";"70";"50";"0";"10";"30";"40";"70";"53";"70";"60";"100";"90";"30";"50";"1x3";"0x1";"24.8";"3.8";"2.1";"2";"1.5";"4.7";"53";"52";"3";"4";"10";"10";"12.9";"12.8";"14.1";"9.9";"14.7";"8.8";"5.5";"8";"7.1";"2.1";"2";"2.4";"1.5";"4";"3.6"
"Australia";"AUS";"Brisbane Reserves Premier League";"28-06-2026 00:00";"AWAITING_UPDATES";"Logan Roos U23";"";"";"Yeronga Eagles U23";"";"";"";"";"2";"35";"20";"85";"";"";"";"0.3";"1.6";"";"";"";"";"";"";"";"";"10";"50";"0";"10";"90";"40";"10";"53";"10";"60";"100";"90";"90";"50";"0x10";"2x5";"";"0.6";"2.5";"8.2";"2";"6.6";"";"";"13";"3";"10";"10";"";"";"";"";"";"";"";"";"";"";"";"";"";"";"0"
"Australia";"AUS";"Brisbane Reserves Premier League";"28-06-2026 02:00";"AWAITING_UPDATES";"Redcliffe Dolphins U23";"";"";"Mt Gravatt U23";"";"";"";"";"2";"2";"54";"48";"";"";"";"0.6";"0.8";"";"";"";"";"6";"17";"67";"17";"20";"20";"0";"20";"80";"60";"20";"27";"20";"40";"100";"80";"80";"80";"0x5";"0x1";"";"1.6";"1.4";"4";"3.3";"5.2";"";"";"12";"11";"10";"10";"";"";"";"";"";"";"";"";"";"";"";"";"";"";"0"
"Australia";"AUS";"Brisbane Reserves Premier League";"28-06-2026 02:00";"AWAITING_UPDATES";"North Brisbane U23";"";"";"Ipswich Knights U23";"";"";"";"";"14";"21";"100";"92";"";"";"";"1.6";"1.6";"";"";"";"";"2";"0";"100";"0";"50";"50";"10";"10";"40";"40";"53";"53";"60";"60";"90";"90";"50";"50";"2x1";"0x6";"";"3.5";"2.7";"2.6";"2.4";"5.6";"";"";"6";"7";"10";"10";"";"";"";"";"";"";"";"";"";"";"";"";"";"";"0"
"Australia";"AUS";"Northern Territory Premier League";"28-06-2026 03:30";"FT";"Darwin Olympic";"2";"3";"Darwin Hearts";"1";"3";"1.95";"2.78";"32";"28";"100";"68";"1";"54";"57";"1.7";"1.3";"59";"54";"3.6";"5.6";"10";"60";"30";"10";"50";"40";"20";"10";"30";"50";"57";"43";"70";"50";"80";"90";"50";"60";"0x3";"0x2";"21";"3.5";"2";"2.1";"2.2";"4.9";"52";"53";"4";"5";"10";"10";"12.7";"11.3";"9.3";"8.6";"11.2";"5.6";"4.7";"6.6";"5.6";"1.5";"1.3";"0.9";"1.3";"2.6";"2.6"
"Australia";"AUS";"New South Wales NPL Youth League";"28-06-2026 00:00";"FT";"Marconi Stallions U20";"3";"1";"Blacktown City U20";"2";"1";"1.53";"4.57";"80";"18";"68";"68";"1";"60";"55";"1.9";"1.3";"62";"55";"6.2";"6.4";"10";"60";"30";"10";"60";"40";"10";"10";"30";"50";"63";"43";"70";"50";"90";"90";"40";"60";"1x2";"0x0";"21.5";"2";"2";"0.7";"2.5";"3.6";"55";"50";"6";"12";"10";"10";"12.5";"12.9";"7.5";"10.1";"10";"3.1";"5.6";"6.1";"5.1";"1.5";"1.6";"1.3";"0.8";"2.6";"3"
"Australia";"AUS";"New South Wales NPL Youth League";"28-06-2026 05:15";"FT";"APIA Leichhardt U20";"1";"2";"Rockdale Ilinden U20";"1";"1";"1.42";"5.37";"88";"35";"75";"65";"1";"61";"43";"2.8";"1.1";"62";"48";"6.1";"5.1";"10";"40";"40";"20";"90";"30";"10";"20";"0";"50";"93";"37";"100";"50";"90";"80";"10";"70";"2x1";"2x0";"22";"2.2";"1.9";"0.5";"2";"3.3";"56";"47";"1";"14";"10";"10";"13.4";"9.6";"7";"14";"9.6";"3";"6.1";"5.7";"4.2";"1.3";"1.4";"1.3";"1.7";"2.8";"3"
"Australia";"AUS";"Queensland Premier League 2";"28-06-2026 03:00";"FT";"Brisbane Knights";"6";"2";"Caloundra";"3";"1";"4.18";"1.52";"2";"14";"44";"71";"2";"36";"54";"0.3";"1.3";"40";"64";"7.8";"8";"";"";"";"";"10";"40";"0";"10";"90";"50";"10";"43";"10";"50";"100";"90";"90";"60";"1x2";"0x2";"32";"1.3";"2.1";"3.2";"2.6";"4.6";"42";"50";"11";"6";"10";"10";"10.1";"16.9";"22.1";"14.9";"20";"13.7";"10.1";"5.3";"10.9";"1.9";"2.6";"1";"1.3";"3.4";"3.4"
"Australia";"AUS";"Queensland NPL Youth League";"28-06-2026 01:45";"FT";"Lions U23";"4";"0";"Wolves U23";"1";"0";"1.22";"8.38";"66";"38";"78";"61";"3";"54";"47";"2.3";"1.4";"75";"62";"5.4";"7.3";"5";"0";"40";"60";"70";"40";"20";"20";"10";"40";"77";"47";"90";"60";"80";"80";"30";"60";"2x1";"2x1";"26.6";"2.3";"1.8";"1.1";"1.9";"3.6";"59";"47";"1";"9";"10";"10";"12.5";"13.1";"10";"17.4";"13.1";"3.8";"9.9";"6.5";"6.1";"1.4";"2.3";"0.9";"2.6";"3.6";"2.9"
"Australia";"AUS";"Queensland NPL Youth League";"28-06-2026 03:30";"AWAITING_UPDATES";"Peninsula Power U23";"";"";"Queensland U16";"";"";"";"";"10";"2";"61";"41";"";"48";"";"1";"0.7";"63";"";"";"";"2";"100";"0";"0";"30";"20";"10";"10";"60";"70";"33";"23";"40";"30";"90";"90";"70";"80";"0x1";"2x1";"";"1.8";"1.2";"2.7";"3.1";"4.4";"46";"";"10";"11";"10";"10";"12.6";"";"13.8";"";"";"7.9";"";"7.7";"";"1.2";"";"0.8";"";"";"2.9"
"Australia";"AUS";"NSW League One Youth";"28-06-2026 05:00";"AWAITING_UPDATES";"Prospect United U20";"";"";"Bulls Academy U20";"";"";"";"";"74";"84";"48";"61";"";"45";"60";"1.9";"1.8";"37";"74";"6.4";"9.7";"";"";"";"";"50";"50";"40";"30";"10";"20";"63";"60";"90";"80";"60";"70";"50";"50";"2x1";"0x1";"23.8";"1.4";"1.8";"0.9";"0.6";"2.3";"51";"57";"3";"2";"10";"10";"9";"17.5";"11.7";"9.5";"11.8";"3.1";"6";"3.9";"10.5";"1";"2.5";"1.9";"2";"3.7";"3.1"
"Australia";"AUS";"Northern NSW Reserve League";"28-06-2026 00:00";"DELAYED";"Kahibah Res.";"";"";"Maitland Res.";"";"";"4.71";"1.47";"2";"63";"68";"68";"2";"40";"43";"1.1";"1.7";"47";"44";"3.6";"4.6";"";"";"";"";"30";"50";"20";"20";"50";"30";"37";"57";"50";"70";"80";"80";"70";"50";"3x0";"1x1";"22.8";"2";"2";"3.8";"1.2";"4.5";"40";"46";"12";"6";"10";"10";"7.3";"9.2";"17.3";"11.8";"13.2";"9.3";"6.7";"4.3";"6";"1";"1.7";"1";"1.5";"2.6";"2.6"
"Australia";"AUS";"Northern NSW Reserve League";"28-06-2026 00:00";"DELAYED";"Broadmeadow Magic Res.";"";"";"Weston Workers Res.";"";"";"1.78";"3.25";"52";"46";"82";"78";"1";"57";"52";"2";"1.6";"61";"52";"4.8";"6";"10";"70";"30";"0";"60";"50";"20";"10";"20";"40";"67";"53";"80";"60";"80";"90";"40";"50";"2x1";"0x0";"23.3";"2.4";"2.3";"1.5";"1.7";"4";"47";"50";"4";"7";"10";"10";"11.5";"13.8";"7.8";"13.6";"13.7";"5.5";"8.8";"4.8";"8.4";"1.2";"1.2";"2";"0.8";"2.6";"2.6"
"Australia";"AUS";"Northern NSW State League 1 Reserves";"28-06-2026 00:00";"AWAITING_UPDATES";"Wallsend Res.";"";"";"Singleton Strikers Res.";"";"";"";"";"49";"2";"100";"37";"";"";"";"1.7";"0.3";"";"";"";"";"10";"10";"80";"10";"50";"10";"20";"0";"30";"90";"57";"10";"70";"10";"80";"100";"50";"90";"2x2";"2x1";"";"3.2";"1.1";"1.6";"3.5";"4.7";"";"";"6";"10";"10";"10";"";"";"";"";"";"";"";"";"";"";"";"";"";"";""
"Australia";"AUS";"Northern NSW State League 1 Reserves";"28-06-2026 00:00";"AWAITING_UPDATES";"West Wallsend Res.";"";"";"Newcastle Croatia Res.";"";"";"";"";"2";"2";"100";"48";"";"";"";"1.6";"1.2";"";"";"";"";"";"";"";"";"50";"40";"10";"0";"40";"60";"53";"40";"60";"40";"90";"100";"50";"60";"1x2";"3x4";"";"3.7";"1.4";"3.1";"3.2";"5.7";"";"";"5";"7";"10";"10";"";"";"";"";"";"";"";"";"";"";"";"";"";"";""
"Australia";"AUS";"Northern NSW State League 1 Reserves";"28-06-2026 01:00";"AWAITING_UPDATES";"Lake Macquarie Res.";"";"";"Dudley Redhead Utd Res.";"";"";"";"";"66";"60";"100";"88";"";"";"";"2.5";"2";"";"";"";"";"4";"100";"0";"0";"80";"60";"10";"20";"10";"20";"83";"67";"90";"80";"90";"80";"20";"40";"3x1";"0x1";"";"3.2";"2.6";"1.1";"1.3";"4.1";"";"";"4";"2";"10";"10";"";"";"";"";"";"";"";"";"";"";"";"";"";"";""
"Australia";"AUS";"New South Wales NPL 2";"28-06-2026 07:00";"FT";"Prospect United";"1";"1";"Bulls Academy";"1";"0";"2.75";"2.10";"49";"56";"31";"54";"5";"37";"54";"0.8";"1.3";"38";"52";"9.8";"7.5";"";"";"";"";"10";"40";"50";"10";"40";"50";"27";"43";"60";"50";"50";"90";"90";"60";"0x0";"1x0";"23.4";"0.9";"1.6";"1.6";"1.4";"2.8";"45";"49";"15";"7";"10";"10";"8.8";"12";"14.8";"11.2";"10.6";"6";"6.1";"2.6";"6.6";"1.8";"1";"1.7";"1.7";"3";"3.7"
"Australia";"AUS";"Northern NSW State League 1";"28-06-2026 02:00";"POSTPONED";"Wallsend";"";"";"Singleton Strikers";"";"";"";"";"49";"14";"78";"31";"";"";"";"1.8";"0.8";"";"";"";"";"10";"20";"70";"10";"50";"20";"30";"20";"20";"60";"60";"27";"80";"40";"70";"80";"50";"80";"0x0";"1x1";"";"2.3";"0.9";"1.6";"2.6";"3.7";"";"";"2";"10";"10";"10";"";"";"";"";"";"";"";"";"";"";"";"";"";"";"0"
"Australia";"AUS";"Northern NSW State League 1";"28-06-2026 02:00";"AWAITING_UPDATES";"West Wallsend";"";"";"Newcastle Croatia";"";"";"3.97";"1.70";"46";"7";"61";"92";"2";"";"";"1.5";"1.5";"";"";"";"";"";"";"";"";"40";"50";"30";"0";"30";"50";"50";"50";"70";"50";"70";"100";"60";"50";"0x0";"2x3";"";"1.8";"2.7";"1.7";"2.8";"4.5";"";"";"6";"5";"10";"10";"";"";"";"";"";"";"";"";"";"";"";"";"";"";"0"
"Australia";"AUS";"Northern NSW State League 1";"28-06-2026 03:00";"AWAITING_UPDATES";"Weston Workers";"";"";"Dudley Redhead Senior";"";"";"1.49";"4.73";"63";"60";"100";"41";"1";"";"";"2.2";"1.5";"";"";"";"";"4";"75";"0";"25";"70";"40";"10";"30";"20";"30";"73";"50";"80";"70";"90";"70";"30";"60";"3x0";"0x0";"";"3";"1.2";"1.2";"1.3";"3.4";"";"";"1";"3";"10";"10";"";"";"";"";"";"";"";"";"";"";"";"";"";"";"0"
"Australia";"AUS";"New South Wales NPL 3";"28-06-2026 04:00";"FT";"Bonnyrigg White Eagles";"2";"3";"Granville Rage";"0";"2";"1.57";"4.20";"38";"7";"61";"51";"1";"48";"49";"1.9";"1";"40";"47";"7";"7.3";"";"";"";"";"60";"30";"10";"10";"30";"60";"63";"33";"70";"40";"90";"90";"40";"70";"2x1";"2x1";"24";"1.8";"1.5";"1.9";"2.8";"4";"53";"46";"5";"9";"10";"10";"12.6";"11";"13";"11.3";"12.8";"5.6";"6.5";"8.6";"5";"2";"1.3";"1.2";"2";"3.2";"4"
"Australia";"AUS";"New South Wales NPL 3 Youth";"28-06-2026 02:00";"AWAITING_UPDATES";"Bonnyrigg WE U20";"";"";"Western Rage U20";"";"";"";"";"2";"25";"31";"48";"";"";"";"0";"0.5";"";"";"";"";"";"";"";"";"0";"10";"0";"20";"100";"70";"0";"17";"0";"30";"100";"80";"100";"90";"0x3";"3x0";"";"0.9";"1.4";"4";"2.3";"4.3";"";"";"15";"13";"10";"10";"";"";"";"";"";"";"";"";"";"";"";"";"";"";""
"Belarus";"BLR";"Vysshaya Liga";"28-06-2026 12:00";"NS";"Dnepr Mogilev";"";"";"Neman Grodno";"";"";"4.74";"1.68";"42";"60";"31";"41";"2";"48";"57";"0.7";"1.3";"44";"49";"6.9";"7.2";"10";"0";"60";"40";"10";"40";"40";"10";"50";"50";"23";"43";"50";"50";"60";"90";"90";"60";"1x1";"1x0";"15.4";"0.9";"1.2";"1.8";"1.3";"2.6";"48";"56";"15";"6";"10";"10";"6.9";"8.7";"8.6";"6.7";"5.9";"2.5";"3.9";"2.3";"3.1";"2.2";"1.3";"1.1";"2.1";"3.4";"3.6"
"Belarus";"BLR";"Vysshaya Liga";"28-06-2026 12:30";"NS";"Isloch";"";"";"Belshina";"";"";"1.32";"8.62";"74";"38";"51";"37";"1";"57";"43";"1.8";"0.7";"56";"40";"6.9";"7.4";"8";"62";"25";"12";"50";"20";"30";"10";"20";"70";"60";"23";"80";"30";"70";"90";"50";"80";"1x1";"2x0";"16.9";"1.5";"1.1";"0.9";"1.9";"2.7";"53";"46";"4";"13";"10";"10";"10.4";"8.1";"6.3";"8.9";"7.4";"2.3";"3.7";"4.8";"3.9";"1.7";"1.8";"1.3";"1.5";"3.2";"3.6"
"Belarus";"BLR";"Pershaya Liga";"28-06-2026 08:00";"FT";"Orsha";"0";"4";"Minsk II";"0";"1";"2.15";"2.99";"38";"25";"34";"31";"5";"31";"46";"0.8";"0.7";"34";"52";"3.5";"8";"2";"50";"0";"50";"20";"20";"20";"10";"60";"70";"27";"23";"40";"30";"80";"90";"80";"80";"0x2";"2x1";"15.6";"1";"0.9";"1.9";"2.3";"3";"38";"47";"15";"17";"10";"10";"3.5";"7.2";"11.5";"8.9";"6.5";"5";"4";"1.3";"2.7";"2.4";"2.3";"2.1";"1.5";"4.2";"3.8"
"Belarus";"BLR";"Pershaya Liga";"28-06-2026 10:00";"INPLAY_2ND_HALF";"FC Ostrovets";"1";"1";"Dinamo Minsk II";"0";"1";"5.09";"1.62";"52";"56";"44";"85";"2";"56";"52";"1.1";"2";"57";"51";"6.3";"3.5";"4";"25";"75";"0";"20";"60";"50";"20";"30";"20";"37";"67";"70";"80";"50";"80";"80";"40";"0x0";"1x3";"15.3";"1.3";"2.5";"1.5";"1.4";"3.4";"51";"53";"13";"8";"10";"10";"8.2";"8.7";"6.1";"7.7";"7.4";"3.3";"3.7";"4.1";"3.7";"1.9";"1.8";"1.9";"1.8";"3.7";"3.8"
"Belarus";"BLR";"Pershaya Liga";"28-06-2026 12:00";"NS";"BATE II";"";"";"Energetik-BGU";"";"";"6.09";"1.50";"35";"74";"51";"88";"2";"47";"51";"1";"2.3";"42";"54";"4.9";"4.1";"2";"50";"0";"50";"20";"70";"40";"20";"40";"10";"33";"77";"60";"90";"60";"80";"80";"30";"1x1";"0x1";"17.6";"1.5";"2.6";"2";"0.9";"3.5";"47";"51";"14";"2";"10";"10";"7.4";"10.7";"7.1";"10";"8";"3";"4.1";"3.7";"5.3";"2.1";"1.5";"2.2";"1.6";"3.7";"3.8"
"Brazil";"BRA";"Serie C";"28-06-2026 11:00";"INPLAY_1ST_HALF";"Figueirense";"1";"0";"Guarani";"1";"0";"2.84";"2.39";"60";"74";"31";"71";"5";"54";"57";"1.4";"2";"60";"69";"12.2";"7.7";"10";"20";"30";"50";"40";"60";"20";"20";"40";"20";"47";"67";"60";"80";"80";"80";"60";"40";"2x1";"0x2";"22.9";"0.9";"2.1";"1.3";"0.9";"2.6";"54";"55";"12";"1";"10";"10";"11";"16.2";"9.9";"8.7";"8.4";"3.6";"3.4";"3.6";"6.2";"2.2";"3";"2.4";"2.9";"5.2";"5.6"
"Brazil";"BRA";"Serie C";"28-06-2026 20:30";"NS";"Ypiranga Erechim";"";"";"Confiança";"";"";"1.89";"3.97";"52";"63";"44";"24";"1";"48";"56";"1.3";"0.8";"56";"56";"10.1";"17.7";"6";"17";"33";"50";"40";"20";"10";"20";"50";"60";"43";"27";"50";"40";"90";"80";"60";"80";"1x2";"1x0";"26.7";"1.3";"0.7";"1.5";"1.2";"2.3";"49";"54";"13";"18";"10";"10";"13.1";"12.9";"15.2";"12.2";"9.9";"5.6";"4.9";"5.3";"4";"2.8";"2";"3";"2.9";"5.4";"5.6"
"Brazil";"BRA";"Serie C";"28-06-2026 20:30";"NS";"Ituano";"";"";"Maranhão";"";"";"1.59";"5.25";"70";"66";"44";"31";"1";"51";"48";"1.5";"1.2";"60";"52";"10.4";"13.4";"";"";"";"";"40";"30";"30";"30";"30";"40";"50";"40";"70";"60";"70";"70";"60";"70";"1x0";"0x0";"26.5";"1.3";"0.9";"1";"1.1";"2.2";"50";"51";"6";"16";"10";"10";"13.5";"12.1";"13.4";"14";"8.2";"4.4";"3.6";"4.6";"3.7";"3.5";"3.1";"2.7";"2.6";"6";"5.6"
"Brazil";"BRA";"Serie D";"28-06-2026 15:30";"NS";"Juazeirense";"";"";"Serra Branca";"";"";"2.26";"3.22";"60";"80";"17";"44";"5";"49";"53";"0.9";"1.7";"46";"52";"20.6";"9.3";"";"";"";"";"20";"40";"30";"50";"50";"10";"30";"57";"50";"90";"70";"50";"80";"60";"0x1";"0x0";"20";"0.5";"1.3";"1.3";"0.7";"1.9";"48";"49";"1";"2";"10";"10";"10.3";"12.1";"10.7";"7";"7";"4.2";"2.3";"3.2";"4.3";"3.2";"2.6";"2.5";"2.9";"5.6";"5.6"
"Brazil";"BRA";"Serie D";"28-06-2026 16:00";"NS";"ABC";"";"";"Altos";"";"";"1.43";"6.40";"63";"49";"61";"31";"1";"52";"57";"2";"1";"54";"60";"7.6";"15.3";"6";"33";"33";"33";"60";"30";"20";"10";"20";"60";"67";"33";"80";"40";"80";"90";"40";"70";"1x0";"1x0";"24.9";"1.8";"0.9";"1.2";"1.6";"2.8";"52";"53";"1";"2";"10";"10";"13.6";"13.8";"13";"9.4";"8.6";"4.5";"4.1";"4.3";"4.4";"2.6";"2.3";"3.8";"2.3";"5.6";"5.6"
"Brazil";"BRA";"Serie D";"28-06-2026 16:00";"NS";"Cianorte";"";"";"Independiente FSJ";"";"";"1.61";"5.68";"74";"88";"37";"10";"1";"49";"46";"1.9";"1.2";"43";"45";"9.4";"23";"6";"83";"0";"17";"60";"30";"10";"30";"30";"40";"63";"40";"70";"60";"90";"70";"40";"70";"1x0";"0x0";"17.9";"1.1";"0.3";"0.9";"0.5";"1.4";"48";"47";"1";"2";"10";"10";"10.3";"6.9";"9.4";"9.2";"6.2";"3.6";"3";"3.9";"1.8";"3.4";"2.4";"3.5";"2.8";"6.1";"5.6"
"Brazil";"BRA";"Serie D";"28-06-2026 16:00";"NS";"Marcílio Dias";"";"";"Cascavel";"";"";"2.07";"3.69";"80";"84";"37";"34";"5";"48";"57";"1.6";"1.3";"48";"50";"8.6";"10.6";"5";"0";"40";"60";"40";"30";"40";"40";"20";"30";"53";"43";"80";"70";"60";"60";"60";"70";"0x0";"1x0";"19";"1.1";"1";"0.7";"0.6";"1.7";"50";"54";"1";"2";"10";"10";"9.5";"10.6";"11.3";"6.8";"7.2";"4";"3";"3";"4.3";"2.1";"2.4";"2.1";"3.1";"4.9";"5.6"
"Brazil";"BRA";"Serie D";"28-06-2026 16:00";"NS";"Noroeste";"";"";"Portuguesa RJ";"";"";"1.98";"3.70";"80";"74";"44";"48";"1";"51";"49";"1.6";"1.4";"56";"50";"9.6";"7.6";"";"";"";"";"40";"30";"40";"50";"20";"20";"53";"47";"80";"80";"60";"50";"60";"70";"1x1";"0x2";"22.6";"1.3";"1.4";"0.7";"0.9";"2.2";"49";"49";"1";"2";"10";"10";"12.5";"10.6";"10";"12";"8";"3.2";"4.1";"4.4";"4.3";"3.4";"3.9";"2.8";"3.9";"7";"5.6"
"Brazil";"BRA";"Serie D";"28-06-2026 16:30";"NS";"Manauara";"";"";"Independencia";"";"";"1.14";"15.02";"88";"60";"51";"58";"3";"60";"46";"2.4";"1.5";"57";"50";"8.7";"6.3";"3";"33";"33";"33";"70";"40";"30";"30";"0";"30";"80";"50";"100";"70";"70";"70";"30";"60";"1x0";"1x1";"22";"1.5";"1.7";"0.5";"1.3";"2.5";"55";"51";"1";"2";"10";"10";"13";"10.7";"6.9";"13.3";"8.7";"1.6";"5.9";"5.4";"4.6";"2.4";"2.6";"2.2";"2.7";"4.9";"5.6"
"Brazil";"BRA";"Serie D";"28-06-2026 17:00";"NS";"Ferroviário";"";"";"Central";"";"";"1.82";"4.34";"74";"80";"44";"27";"1";"53";"47";"1.8";"1.3";"56";"48";"11.3";"15.7";"3";"0";"33";"67";"50";"30";"30";"40";"20";"30";"60";"43";"80";"70";"70";"60";"50";"70";"1x1";"1x0";"25.8";"1.3";"0.8";"0.9";"0.7";"1.8";"52";"45";"1";"2";"10";"10";"14.7";"12.6";"11.3";"13";"9.4";"4.6";"4.2";"4.3";"5.6";"2.7";"2.2";"2.9";"3";"5.4";"5.6"
"Brazil";"BRA";"Serie D";"28-06-2026 17:00";"NS";"Nacional AM";"";"";"Araguaína";"";"";"1.47";"6.07";"74";"70";"37";"99";"1";"57";"57";"1.5";"1.4";"61";"51";"11.2";"3.5";"";"";"";"";"40";"40";"30";"20";"30";"40";"50";"47";"70";"60";"70";"80";"60";"60";"0x1";"1x0";"17.8";"1.1";"2.9";"0.9";"1";"3";"53";"52";"1";"2";"10";"10";"12.3";"10.2";"8.1";"5";"8";"2.9";"2.5";"4.8";"5.7";"2.5";"2.6";"2.7";"2.6";"5.2";"5.6"
"Brazil";"BRA";"Serie D";"28-06-2026 17:00";"NS";"Treze";"";"";"Jacuipense";"";"";"1.68";"4.49";"52";"49";"61";"41";"1";"50";"49";"1.7";"1.2";"50";"44";"6.4";"8.9";"3";"33";"33";"33";"50";"30";"20";"30";"30";"40";"57";"40";"70";"60";"80";"70";"50";"70";"1x1";"1x1";"22.3";"1.8";"1.2";"1.5";"1.6";"3";"51";"51";"1";"2";"10";"10";"11.5";"10.8";"10.6";"11.7";"7.5";"4.3";"3";"4";"3.7";"1.8";"2.4";"2.7";"2.3";"4.6";"5.6"
"Brazil";"BRA";"Serie D";"28-06-2026 17:00";"NS";"Porto Velho";"";"";"São Raimundo RR";"";"";"1.70";"4.42";"74";"77";"88";"37";"1";"50";"41";"1.5";"1.3";"51";"38";"4";"7.1";"5";"20";"40";"40";"30";"30";"60";"40";"10";"30";"50";"43";"90";"70";"40";"60";"70";"70";"1x1";"1x0";"19.1";"2.6";"1.1";"0.9";"0.8";"2.7";"49";"46";"1";"2";"10";"10";"10.4";"7.8";"9.5";"10.6";"7.4";"3.9";"3.3";"4.9";"2.8";"3.3";"1.6";"2.1";"2.4";"4.7";"5.6"
"Brazil";"BRA";"Serie D";"28-06-2026 18:00";"NS";"Luverdense";"";"";"Ceilândia";"";"";"1.68";"4.91";"70";"63";"37";"34";"1";"54";"50";"1.5";"1.1";"50";"52";"10.2";"10.2";"3";"33";"33";"33";"40";"30";"30";"20";"30";"50";"50";"37";"70";"50";"70";"80";"60";"70";"1x0";"2x1";"20.2";"1.1";"1";"1";"1.2";"2.2";"53";"49";"1";"2";"10";"10";"11.2";"10.2";"7.9";"11";"7.5";"3.2";"4.6";"4.2";"3";"3";"3.1";"1.9";"3";"5.5";"5.6"
"Brazil";"BRA";"Serie D";"28-06-2026 18:00";"NS";"Guaporé";"";"";"Monte Roraima";"";"";"1.83";"3.71";"60";"52";"65";"54";"1";"58";"47";"1.8";"1.4";"62";"46";"6.6";"5.4";"";"";"";"";"50";"30";"30";"50";"20";"20";"60";"47";"80";"80";"70";"50";"50";"70";"1x0";"2x2";"19.3";"1.9";"1.6";"1.3";"1.5";"3.2";"56";"47";"1";"2";"10";"10";"12.6";"8.7";"9.1";"8.2";"8.4";"4.4";"3.3";"5.6";"3.5";"2.1";"3.2";"2.3";"2.8";"5.2";"5.6"
"Brazil";"BRA";"Mineiro 2";"28-06-2026 10:00";"INPLAY_2ND_HALF";"CAP Patrocinense";"0";"0";"Uberaba";"0";"0";"2.41";"2.98";"70";"74";"31";"48";"5";"48";"49";"1";"1.6";"59";"54";"11";"7.7";"3";"67";"0";"33";"20";"40";"40";"40";"40";"20";"33";"53";"60";"80";"60";"60";"80";"60";"1x1";"0x2";"21.4";"0.9";"1.4";"1";"0.9";"2.1";"47";"44";"1";"2";"10";"10";"9.9";"10.8";"11.1";"11.1";"8.8";"4.6";"3.3";"5.5";"4.1";"2.4";"3.4";"1.9";"3.3";"5.5";"5.2"
"Brazil";"BRA";"Mineiro 2";"28-06-2026 10:00";"INPLAY_2ND_HALF";"Aymorés";"0";"1";"Valeriodoce";"0";"1";"1.82";"3.96";"84";"74";"34";"37";"1";"57";"52";"1.3";"1.5";"56";"44";"9.6";"10.3";"3";"33";"0";"67";"30";"30";"40";"60";"30";"10";"43";"50";"70";"90";"60";"40";"70";"70";"0x0";"0x0";"20.4";"1";"1.1";"0.6";"0.9";"1.8";"48";"55";"1";"2";"10";"10";"11";"11.3";"10.4";"8";"6.8";"2.9";"3";"3.7";"4";"2.8";"3.3";"2.3";"2.9";"5.6";"5.2"
"Brazil";"BRA";"Mineiro 2";"28-06-2026 10:30";"INPLAY_1ST_HALF";"Boa";"0";"0";"Mamoré";"0";"0";"1.66";"5.07";"84";"66";"48";"17";"1";"52";"51";"2";"0.8";"62";"56";"8.3";"24.6";"6";"50";"33";"17";"60";"20";"20";"20";"20";"60";"67";"27";"80";"40";"80";"80";"40";"80";"1x0";"1x0";"24";"1.4";"0.5";"0.6";"1.1";"1.8";"52";"55";"1";"2";"10";"10";"11.6";"12.3";"9.6";"14.4";"9";"4.4";"5.3";"4";"4.4";"2";"2.6";"2.4";"2.3";"4.6";"5.2"
"Brazil";"BRA";"Paulista Série B";"28-06-2026 10:00";"INPLAY_2ND_HALF";"Osasco Audax";"0";"0";"Flamengo SP";"0";"0";"2.34";"2.82";"74";"84";"51";"44";"5";"52";"51";"1.6";"2.3";"60";"53";"7.5";"7.9";"2";"0";"100";"0";"50";"70";"10";"20";"40";"10";"53";"77";"60";"90";"90";"80";"50";"30";"2x0";"0x1";"19.9";"1.5";"1.3";"0.9";"0.6";"2.2";"49";"55";"1";"2";"10";"10";"11.2";"10.3";"10.7";"7.6";"7.2";"3.4";"3";"4.6";"3.4";"3.9";"3.9";"2.3";"2.6";"6.3";"5.9"
"Brazil";"BRA";"Paulista Série B";"28-06-2026 10:00";"INPLAY_2ND_HALF";"Tupã";"0";"0";"Independente SP";"0";"0";"4.74";"1.60";"42";"80";"44";"100";"2";"50";"57";"1";"2.4";"46";"60";"7.1";"3.3";"";"";"";"";"30";"80";"10";"0";"60";"20";"33";"80";"40";"80";"90";"100";"70";"20";"1x2";"0x2";"19.8";"1.3";"3.7";"1.8";"0.7";"3.8";"52";"57";"1";"2";"10";"10";"9.3";"12.3";"9.9";"8";"7.2";"2.8";"2.3";"4.2";"5.2";"2.7";"2.8";"2.8";"3.3";"5.8";"5.9"
"Brazil";"BRA";"Paulista Série B";"28-06-2026 15:00";"NS";"Santacruzense";"";"";"América SP";"";"";"2.39";"2.61";"60";"80";"65";"44";"5";"44";"54";"1.4";"1.9";"40";"59";"4.5";"10.9";"2";"100";"0";"0";"40";"50";"20";"40";"40";"10";"47";"63";"60";"90";"80";"60";"60";"50";"1x0";"1x1";"22.5";"1.9";"1.3";"1.3";"0.7";"2.6";"45";"53";"1";"2";"10";"10";"8.6";"14.2";"10.7";"11.6";"8.6";"4.6";"4.1";"3.1";"5.2";"2.4";"2.5";"3.1";"2.8";"5.4";"5.9"
"Brazil";"BRA";"Paulista Série B";"28-06-2026 15:00";"NS";"Paulínia FU";"";"";"Itaquaquecetuba";"";"";"4.26";"1.66";"56";"84";"37";"71";"2";"52";"60";"1";"2.5";"55";"73";"7.9";"5.7";"";"";"";"";"30";"80";"10";"10";"60";"10";"33";"83";"40";"90";"90";"90";"70";"20";"0x1";"0x2";"18.4";"1.1";"2.1";"1.4";"0.6";"2.6";"47";"54";"1";"2";"10";"10";"8.7";"11.9";"10.1";"6";"7.9";"4.4";"2.9";"3.4";"5";"2.2";"3.7";"3.6";"3.3";"6.4";"5.9"
"Brazil";"BRA";"Paulista U20";"28-06-2026 10:00";"INPLAY_2ND_HALF";"Portuguesa U20";"0";"0";"Ferroviária U20";"0";"0";"2.23";"2.84";"74";"80";"61";"54";"5";"58";"49";"1.9";"2.1";"62";"54";"7.8";"8.1";"";"";"";"";"60";"60";"10";"30";"30";"10";"63";"70";"70";"90";"90";"70";"40";"40";"2x1";"0x0";"22.7";"1.8";"1.6";"0.9";"0.7";"2.5";"55";"50";"3";"2";"10";"10";"14";"13";"6.7";"11.7";"9.6";"2.8";"4.6";"6.2";"5.7";"3.8";"2.2";"3.2";"1.7";"5.4";"6"
"Brazil";"BRA";"Paulista U20";"28-06-2026 15:00";"NS";"Bragantino U20";"";"";"Capivariano U20";"";"";"1.46";"5.90";"49";"74";"78";"41";"1";"59";"60";"2.2";"1.2";"70";"65";"7";"11.9";"2";"0";"50";"50";"70";"20";"10";"60";"20";"20";"73";"40";"80";"80";"90";"40";"30";"80";"2x0";"0x0";"25";"2.3";"1.2";"1.6";"0.9";"3";"54";"54";"5";"9";"10";"10";"16.2";"14.3";"10.6";"8.8";"9.9";"5";"2.8";"6.8";"5.1";"2.9";"2.8";"2.1";"4.2";"6";"6"
"Brazil";"BRA";"Paulista U20";"28-06-2026 15:00";"NS";"São Caetano U20";"";"";"Sao Paulo U20";"";"";"6.16";"1.42";"49";"80";"41";"48";"2";"49";"60";"1.2";"1.8";"52";"64";"7.5";"9.5";"4";"25";"50";"25";"40";"50";"0";"30";"60";"20";"40";"60";"40";"80";"100";"70";"60";"50";"2x1";"0x1";"20.8";"1.2";"1.4";"1.6";"0.7";"2.4";"48";"61";"11";"4";"10";"10";"9";"14.1";"8.9";"9.7";"8.4";"4.1";"3.9";"3.7";"5";"3.9";"3.2";"3";"3.5";"6.8";"6"
"Brazil";"BRA";"Paulista U20";"28-06-2026 15:00";"NS";"Santos U20";"";"";"Corinthians U20";"";"";"2.04";"3.05";"70";"66";"65";"68";"5";"58";"54";"2";"2";"68";"66";"8.5";"6.4";"10";"40";"20";"40";"60";"60";"20";"20";"20";"20";"67";"67";"80";"80";"80";"80";"40";"40";"2x1";"0x2";"25.2";"1.9";"2";"1";"1.1";"3";"59";"53";"4";"5";"10";"10";"16.2";"12.9";"10.2";"11";"9";"3.2";"4";"5.9";"4.8";"2.9";"1.7";"3.4";"2.3";"5.2";"6"
"Brazil";"BRA";"Catarinense 2";"28-06-2026 15:00";"NS";"Hercílio Luz";"";"";"Fluminense SC";"";"";"1.18";"13.01";"88";"74";"61";"24";"3";"61";"47";"2";"1.3";"63";"49";"6.7";"12.7";"2";"50";"50";"0";"60";"40";"20";"10";"20";"50";"67";"43";"80";"50";"80";"90";"40";"60";"2x0";"1x0";"19.2";"1.8";"0.7";"0.5";"0.9";"2";"59";"47";"";"";"10";"10";"12.1";"8.9";"7";"10.4";"7.6";"2.1";"4.7";"6";"2.4";"3.6";"1.9";"4";"2.6";"6";"5.7"
"Brazil";"BRA";"Catarinense 2";"28-06-2026 16:00";"NS";"Caravaggio";"";"";"Guarani de Palhoça";"";"";"1.44";"5.90";"70";"49";"88";"31";"1";"46";"49";"2.1";"1.2";"51";"46";"4.2";"9.9";"4";"50";"25";"25";"60";"30";"30";"30";"10";"40";"70";"40";"90";"60";"70";"70";"40";"70";"2x2";"0x1";"20.6";"2.6";"0.9";"1";"1.6";"3";"46";"48";"";"";"10";"10";"10.9";"8.9";"13";"8.5";"7.7";"3.9";"4";"4.4";"3.1";"2.3";"3.1";"2.4";"2.6";"5.3";"5.7"
"Brazil";"BRA";"Brasiliense U20";"28-06-2026 10:00";"INPLAY_2ND_HALF";"Capital DF U20";"3";"1";"CA Taguatinga U20";"3";"0";"1.33";"6.65";"46";"42";"100";"61";"1";"70";"";"2.2";"1.2";"79";"";"";"";"";"";"";"";"70";"40";"10";"0";"20";"60";"73";"40";"80";"40";"90";"100";"30";"60";"4x0";"1x0";"";"3";"1.8";"1.7";"1.8";"4.2";"62";"";"3";"7";"10";"5";"20.3";"";"6.7";"";"";"3";"";"11";"";"1.3";"";"2";"";"";"5.7"
"Brazil";"BRA";"Brasiliense U20";"28-06-2026 15:30";"NS";"Brasilia DF U20";"";"";"Planaltina DF U20";"";"";"17.00";"1.07";"14";"66";"44";"100";"4";"";"61";"0.8";"2.4";"";"75";"14.2";"5.5";"";"";"";"";"20";"80";"20";"0";"60";"20";"27";"80";"40";"80";"80";"100";"80";"20";"0x3";"0x3";"30.8";"1.3";"3.1";"2.6";"1.1";"4";"";"59";"5";"1";"10";"10";"18.5";"17.2";"17";"9";"12.2";"6.5";"2.4";"8";"7.4";"5";"2.4";"3";"2.6";"6.5";"5.7"
"Brazil";"BRA";"Brasiliense U20";"28-06-2026 15:30";"NS";"Luziânia U20";"";"";"Paranoá U20";"";"";"";"";"2";"18";"48";"54";"";"";"46";"0.6";"0.7";"";"52";"";"";"";"";"";"";"10";"20";"30";"10";"60";"70";"20";"23";"40";"30";"70";"90";"90";"80";"0x0";"3x2";"";"1.4";"1.6";"3.2";"2.5";"4.4";"";"46";"11";"9";"10";"10";"";"7";"";"12.5";"";"";"5.5";"";"3.5";"";"3";"";"2.5";"";"5.7"
"Brazil";"BRA";"Brasiliense U20";"28-06-2026 15:30";"NS";"Santa Maria U20";"";"";"Ceilândia U20";"";"";"1.50";"4.44";"38";"2";"54";"65";"1";"47";"41";"1.1";"0.6";"46";"51";"6.4";"6.3";"";"";"";"";"30";"20";"20";"0";"50";"80";"37";"20";"50";"20";"80";"100";"70";"80";"0x3";"4x0";"27";"1.6";"1.9";"1.9";"4.8";"5.1";"47";"41";"6";"10";"10";"10";"10.2";"12";"14.2";"17.4";"12.1";"5.2";"9.4";"3.8";"5.8";"1.5";"3.4";"2.8";"1.4";"4.5";"5.7"
"Brazil";"BRA";"Brasiliense U20";"28-06-2026 15:30";"NS";"Samambaia U20";"";"";"Brasiliense U20";"";"";"34.50";"1.03";"63";"88";"58";"99";"4";"60";"51";"1.6";"2.1";"75";"52";"7.8";"3.9";"4";"25";"75";"0";"50";"70";"10";"0";"40";"30";"53";"70";"60";"70";"90";"100";"50";"30";"1x3";"0x1";"22.7";"1.7";"2.9";"1.2";"0.5";"3.2";"49";"46";"4";"1";"10";"10";"13.2";"11.3";"10";"10.8";"6.9";"4";"3.5";"3.5";"2.8";"2.7";"2.7";"5.3";"2.7";"6.6";"5.7"
"Brazil";"BRA";"Baiano U20";"28-06-2026 09:00";"FT";"Barcelona BA U20";"0";"5";"Vitoria U20";"0";"4";"7.39";"1.32";"63";"70";"48";"68";"2";"61";"60";"1.4";"1.8";"55";"57";"12.6";"7.8";"2";"0";"50";"50";"40";"60";"20";"0";"40";"40";"47";"60";"60";"60";"80";"100";"60";"40";"1x2";"0x3";"25.1";"1.4";"2";"1.2";"1";"2.8";"59";"53";"1";"2";"10";"10";"17.6";"15.6";"7.8";"9.1";"9.2";"3.6";"3";"7";"4.8";"2.6";"2.5";"1.8";"2.4";"4.6";"5.6"
"Brazil";"BRA";"Baiano U20";"28-06-2026 15:00";"NS";"Jacobina U20";"";"";"Bahia U20";"";"";"";"";"100";"63";"20";"51";"";"39";"55";"1.8";"1.5";"36";"64";"15";"9.8";"2";"50";"50";"0";"50";"40";"30";"30";"20";"30";"60";"50";"80";"70";"70";"70";"50";"60";"1x0";"1x1";"24.8";"0.6";"1.5";"0.2";"1.2";"1.8";"44";"55";"1";"2";"10";"10";"9";"14.7";"12";"13.9";"9";"4";"4.3";"4";"5.7";"4.5";"2.6";"3";"1.6";"5.8";"5.6"
"Brazil";"BRA";"Torneio Otavio Pinto Guimaraes U20";"28-06-2026 14:45";"NS";"Flamengo RJ U20";"";"";"Paduano U20";"";"";"";"";"56";"35";"51";"34";"";"56";"41";"1.6";"1";"61";"32";"9.1";"6.3";"";"";"";"";"40";"20";"40";"40";"20";"40";"53";"33";"80";"60";"60";"60";"60";"80";"1x1";"0x0";"22";"1.5";"1";"1.4";"2";"3";"56";"46";"";"";"10";"5";"13.6";"6.3";"12.2";"12";"10.2";"5.3";"5";"6.2";"4";"3.2";"2.3";"2.1";"2.7";"5.2";"5.7"
"Brazil";"BRA";"Gaúcho - Estadual Junior U20";"28-06-2026 14:00";"NS";"Juventude U20";"";"";"São José PA U20";"";"";"1.82";"3.78";"46";"70";"71";"61";"1";"47";"55";"1.9";"1.7";"49";"50";"5.1";"5.6";"4";"25";"25";"50";"60";"50";"10";"20";"30";"30";"63";"57";"70";"70";"90";"80";"40";"50";"3x1";"1x1";"21.2";"2.1";"1.8";"1.7";"1";"3.3";"47";"54";"1";"2";"10";"10";"11.1";"10.1";"10.7";"10.6";"8.2";"4.2";"3.9";"4.7";"3.7";"2.7";"2.4";"3.2";"3.1";"5.8";"5.5"
"Brazil";"BRA";"Catarinense U20";"28-06-2026 10:00";"INPLAY_2ND_HALF";"Carlos Renaux U20";"1";"3";"Chapecoense-SC U20";"0";"3";"4.66";"1.56";"42";"49";"27";"48";"2";"46";"53";"1.1";"1.3";"236";"51";"12.1";"9.2";"";"";"";"";"30";"30";"20";"40";"50";"30";"37";"43";"50";"70";"80";"60";"70";"70";"0x1";"1x1";"23.6";"0.8";"1.4";"1.8";"1.6";"2.8";"47";"53";"";"";"10";"10";"9.7";"12.9";"12.7";"12.1";"8.7";"5.6";"4";"2.9";"5";"3.6";"2.9";"3.8";"3.4";"6.8";"7.1"
"Brazil";"BRA";"Maranhense 2";"28-06-2026 16:00";"NS";"Pinheiro";"";"";"Viana";"";"";"";"";"77";"14";"20";"14";"";"41";"40";"1.1";"0.4";"52";"38";"13.7";"20";"3";"67";"0";"33";"20";"10";"50";"10";"30";"80";"37";"13";"70";"20";"50";"90";"80";"90";"0x0";"3x0";"23.9";"0.6";"0.4";"0.8";"2.6";"2.2";"44";"";"2";"3";"10";"10";"8.2";"8";"15.8";"15.8";"8.9";"5.5";"5.8";"3.5";"3";"1.2";"2";"2.2";"2.6";"4";"0"
"Canada";"CAN";"PCSL";"28-06-2026 18:00";"NS";"Gorge";"";"";"WIA";"";"";"";"";"66";"32";"85";"54";"";"";"";"2";"1";"";"";"";"";"";"";"";"";"62";"30";"12";"10";"25";"60";"67";"33";"75";"40";"88";"90";"38";"70";"5x1";"0x1";"";"2.5";"1.6";"1.1";"2.1";"3.6";"";"";"3";"5";"8";"10";"";"";"";"";"";"";"";"";"";"";"";"";"";"";"0"
"Canada";"CAN";"PCSL";"28-06-2026 19:00";"NS";"Mid Isle Highlanders";"";"";"Khalsa";"";"";"";"";"21";"60";"14";"51";"";"";"";"0.1";"1.4";"";"";"";"";"10";"0";"80";"20";"0";"40";"10";"20";"90";"40";"3";"47";"10";"60";"90";"80";"100";"60";"0x2";"1x1";"";"0.4";"1.5";"2.4";"1.3";"2.8";"";"";"7";"4";"10";"10";"";"";"";"";"";"";"";"";"";"";"";"";"";"";"0"
"Canada";"CAN";"PCSL";"28-06-2026 19:00";"CANCELLED";"Kamloops Rivers II";"";"";"AFA";"";"";"";"";"32";"21";"58";"44";"";"";"";"1.8";"0.6";"";"";"";"";"7";"29";"43";"29";"50";"10";"30";"30";"20";"60";"60";"20";"80";"40";"70";"70";"50";"90";"1x1";"3x2";"";"1.7";"1.3";"2.1";"2.4";"3.8";"";"";"";"";"10";"10";"";"";"";"";"";"";"";"";"";"";"";"";"";"";"0"
"Chile";"CHI";"Tercera A";"28-06-2026 16:30";"NS";"Futuro";"";"";"Chimbarongo";"";"";"2.84";"2.19";"35";"38";"34";"41";"5";"40";"48";"0.8";"1.1";"36";"44";"6.3";"9.4";"";"";"";"";"20";"30";"20";"20";"60";"50";"27";"37";"40";"50";"80";"80";"80";"70";"0x2";"1x1";"22.8";"1";"1.2";"2";"1.9";"3";"45";"46";"13";"12";"10";"10";"6.3";"11.3";"13.8";"14.1";"10.1";"6.2";"5.3";"3.2";"5.6";"2.7";"4.5";"1.9";"3.5";"6.3";"6.3"
"China";"CHN";"Super League";"28-06-2026 07:00";"FT";"Qingdao West Coast";"3";"1";"Zhejiang";"1";"1";"2.52";"2.55";"63";"42";"48";"48";"5";"48";"53";"1.4";"1.5";"44";"46";"4.9";"7.4";"5";"40";"60";"0";"20";"40";"80";"30";"0";"30";"47";"50";"100";"70";"20";"70";"80";"60";"1x1";"1x1";"23.8";"1.4";"1.4";"1.2";"1.8";"2.9";"43";"53";"7";"8";"10";"10";"9.3";"13.1";"13.6";"11.7";"8.2";"4.1";"4.1";"3.3";"5";"2.3";"2.9";"2.1";"1.8";"4.6";"4.4"
"China";"CHN";"Super League";"28-06-2026 08:00";"FT";"Dalian Yingbo";"1";"4";"Shanghai Shenhua";"1";"2";"2.18";"2.81";"52";"49";"34";"58";"5";"60";"55";"1.1";"1.2";"54";"50";"11.1";"5.9";"4";"0";"75";"25";"30";"30";"20";"30";"50";"40";"37";"40";"50";"60";"80";"70";"70";"70";"1x0";"2x2";"25";"1";"1.7";"1.5";"1.6";"2.9";"50";"51";"3";"13";"10";"10";"15";"13.8";"9.4";"11.7";"8.8";"3.9";"4.3";"4.6";"4.8";"2.1";"2.3";"2.6";"2.1";"4.6";"4.4"
"China";"CHN";"League Two";"28-06-2026 08:00";"FT";"Beijing BIT";"1";"1";"Tai'an Tiankuang";"1";"1";"6.45";"1.46";"63";"70";"27";"31";"2";"35";"53";"0.9";"1.2";"35";"49";"5.7";"9.8";"7";"14";"57";"29";"10";"30";"60";"30";"30";"40";"30";"40";"70";"60";"40";"70";"90";"70";"1x1";"0x0";"20.4";"0.8";"0.9";"1.2";"1";"2";"40";"52";"12";"4";"10";"10";"5.9";"12.3";"15.1";"7.4";"6.2";"3.9";"2.5";"2.3";"3.6";"1.9";"2.4";"2.4";"2.6";"4.6";"3.7"
"China";"CHN";"League Two";"28-06-2026 08:00";"FT";"Shandong Taishan II";"1";"0";"Shanxi Chongde Ronghai";"0";"0";"2.00";"3.48";"77";"63";"41";"51";"5";"54";"49";"1.7";"1.6";"42";"47";"6.8";"7.1";"5";"60";"0";"40";"50";"40";"20";"40";"30";"20";"57";"53";"70";"80";"80";"60";"50";"60";"1x0";"1x1";"20.2";"1.2";"1.5";"0.8";"1.2";"2.4";"60";"52";"2";"6";"10";"10";"10.8";"12.7";"8.1";"8.9";"7";"2.5";"3.1";"3.7";"4.7";"1.6";"1.8";"2.5";"2.4";"4.2";"3.7"
"China";"CHN";"League Two";"28-06-2026 08:30";"FT";"Jiangxi Lushan";"2";"0";"Guangzhou Dandelion";"2";"0";"2.19";"3.21";"77";"56";"34";"31";"5";"51";"56";"1.6";"0.9";"48";"51";"7.3";"8.8";"";"";"";"";"50";"20";"10";"30";"40";"50";"53";"30";"60";"50";"90";"70";"50";"80";"0x1";"0x0";"18.9";"1";"0.9";"0.8";"1.4";"2";"52";"53";"6";"7";"10";"10";"9";"10.2";"7.8";"10.8";"6.7";"2.5";"4.4";"3.3";"3.2";"2.1";"1.1";"0.8";"1.4";"2.7";"3.7"
"China";"CHN";"League Two";"28-06-2026 08:30";"FT";"Shenzhen 2028";"1";"0";"Chengdu Rongcheng II";"0";"0";"1.46";"6.26";"60";"63";"58";"17";"1";"52";"54";"1.9";"0.7";"48";"52";"5.1";"12.2";"3";"67";"33";"0";"60";"10";"10";"40";"30";"50";"63";"23";"70";"50";"90";"60";"40";"90";"2x1";"0x0";"20.4";"1.7";"0.5";"1.3";"1.2";"2.4";"54";"58";"4";"10";"10";"10";"11.6";"7.8";"10.4";"11";"6.7";"3.2";"4";"4";"2.2";"1.3";"1.5";"2.6";"1.2";"3.3";"3.7"
"China";"CHN";"League Two";"28-06-2026 08:30";"FT";"Wenzhou";"0";"1";"Ganzhou Ruishi";"0";"1";"2.21";"3.24";"56";"77";"27";"27";"5";"43";"38";"1.2";"1.6";"35";"32";"8";"8.2";"3";"0";"0";"100";"30";"50";"30";"10";"40";"40";"40";"53";"60";"60";"70";"90";"70";"50";"1x1";"0x1";"19.2";"0.8";"0.8";"1.4";"0.8";"1.9";"43";"39";"8";"5";"10";"10";"8.8";"8.4";"11.6";"9.5";"6";"4.4";"2.1";"2.8";"2.6";"1.5";"1.9";"1.9";"1.3";"3.3";"3.7"
"China";"CHN";"League Two";"28-06-2026 08:30";"FT";"Wuhan Three Towns II";"0";"1";"Hangzhou Linping Wuyue";"0";"0";"2.30";"3.03";"60";"38";"17";"34";"5";"51";"46";"0.3";"1";"42";"48";"15";"8";"";"";"";"";"0";"20";"30";"40";"70";"40";"10";"33";"30";"60";"70";"60";"100";"80";"0x1";"1x1";"21.2";"0.5";"1";"1.3";"1.9";"2.4";"49";"46";"12";"11";"10";"10";"10.6";"9.8";"9.7";"12.2";"6.9";"3.7";"4.8";"2.9";"2.4";"1.8";"1.5";"1.9";"2.1";"3.6";"3.7"
"Cameroon";"CMR";"Elite One";"28-06-2026 09:30";"INPLAY_2ND_HALF";"Canon";"3";"0";"Victoria United";"0";"0";"";"";"77";"42";"27";"44";"";"45";"43";"1.1";"1.2";"40";"48";"8.5";"5.2";"4";"25";"50";"25";"20";"40";"50";"0";"30";"60";"37";"40";"70";"40";"50";"100";"80";"60";"0x1";"2x1";"18.1";"0.8";"1.3";"0.8";"1.8";"2.4";"47";"48";"5";"8";"10";"10";"6.6";"6.7";"10.9";"12";"6.5";"4.1";"4";"1.8";"3.1";"1.8";"1.3";"1.4";"2.4";"3.4";"3.8"
"Cameroon";"CMR";"Elite One";"28-06-2026 11:30";"NS";"Aigle Royal";"";"";"Panthère";"";"";"";"";"63";"66";"34";"51";"";"53";"52";"1.2";"1.3";"47";"48";"9.8";"5.1";"5";"20";"80";"0";"30";"40";"30";"10";"40";"50";"40";"43";"60";"50";"70";"90";"70";"60";"1x0";"2x1";"15.6";"1";"1.5";"1.2";"1.1";"2.4";"52";"52";"11";"6";"10";"10";"9.8";"9.2";"6.6";"5.6";"5.2";"2.1";"2.4";"3.1";"2.8";"2.3";"1.3";"1.4";"2";"3.5";"3.8"
"Cameroon";"CMR";"Elite One";"28-06-2026 11:30";"NS";"Aigle Royal de Moungo";"";"";"PWD";"";"";"";"";"49";"35";"44";"65";"";"47";"49";"1.6";"1.1";"43";"51";"6.3";"5.5";"3";"0";"67";"33";"50";"30";"10";"20";"40";"50";"53";"37";"60";"50";"90";"80";"50";"70";"1x3";"0x5";"19.2";"1.3";"1.9";"1.6";"2";"3.4";"48";"51";"12";"7";"10";"10";"8.2";"9.5";"10.7";"10";"7";"4.3";"2.9";"3.3";"3.5";"1.2";"1.8";"1.8";"1.6";"3.2";"3.8"
"Cameroon";"CMR";"Elite One";"28-06-2026 11:30";"NS";"Gazelle";"";"";"Cotonsport";"";"";"2.50";"2.43";"66";"70";"31";"61";"5";"46";"53";"1";"1.8";"46";"58";"9.1";"5.5";"5";"0";"40";"60";"30";"50";"10";"30";"60";"20";"33";"60";"40";"80";"90";"70";"70";"50";"0x1";"0x2";"18";"0.9";"1.8";"1.1";"1";"2.4";"47";"51";"9";"4";"10";"10";"8.2";"9.6";"10.2";"7.9";"6.9";"3.8";"3.4";"3.1";"3.4";"2";"1.4";"2.1";"1.8";"3.6";"3.8"
"Cameroon";"CMR";"Elite One";"28-06-2026 12:00";"NS";"Unisport Bafang";"";"";"Dynamo de Douala";"";"";"";"";"46";"100";"82";"75";"";"53";"54";"1.6";"2.8";"55";"48";"4.7";"4.5";"4";"50";"25";"25";"50";"90";"10";"10";"40";"0";"53";"93";"60";"100";"90";"90";"50";"10";"0x0";"1x2";"18.2";"2.4";"2.2";"1.7";"0.4";"3.4";"51";"51";"3";"2";"10";"10";"11.3";"8.6";"9.6";"6.9";"6.8";"3.3";"2";"4.6";"3.6";"2.2";"1.6";"1.9";"1.7";"3.7";"3.8"
"Cameroon";"CMR";"Elite One";"28-06-2026 12:00";"NS";"Colombe";"";"";"Fauve Azur Elite";"";"";"1.16";"10.50";"100";"2";"65";"37";"3";"57";"46";"2.6";"0.4";"52";"47";"5.6";"6.9";"5";"60";"40";"0";"80";"10";"20";"10";"0";"80";"87";"13";"100";"20";"80";"90";"20";"90";"1x0";"3x2";"17.1";"1.9";"1.1";"0.4";"3.3";"3.4";"52";"47";"1";"14";"10";"10";"10.5";"7.6";"5.6";"10.6";"5.4";"1.4";"3.9";"3.3";"2.1";"1.3";"2.9";"1.4";"0.6";"3";"3.8"
"Ecuador";"ECU";"Superliga Femenina";"28-06-2026 12:30";"NS";"Macará W";"";"";"Universidad Católica W";"";"";"";"";"35";"84";"54";"100";"";"47";"64";"1.2";"2.2";"44";"59";"7.7";"6.3";"5";"0";"80";"20";"40";"70";"0";"10";"60";"20";"40";"73";"40";"80";"100";"90";"60";"30";"3x2";"0x4";"25.4";"1.6";"3";"2";"0.6";"3.6";"46";"59";"7";"4";"10";"10";"12.3";"19";"13.6";"6";"13.2";"6.4";"4.6";"5.9";"9.4";"2.1";"1";"1.6";"0.8";"2.8";"3.1"
"Ecuador";"ECU";"Superliga Femenina";"28-06-2026 14:00";"NS";"Deportivo Ibarra W";"";"";"El Nacional W";"";"";"1.18";"10.50";"14";"2";"54";"31";"3";"48";"34";"1.3";"0.3";"46";"36";"6.2";"7.1";"5";"80";"0";"20";"40";"10";"10";"0";"50";"90";"43";"10";"50";"10";"90";"100";"60";"90";"0x3";"3x0";"24.2";"1.6";"0.9";"2.6";"3.9";"4.5";"49";"51";"5";"10";"10";"10";"10";"6.4";"12";"19.9";"12.7";"6";"11.4";"4";"4";"1.6";"1.1";"1.2";"1.1";"2.6";"3.1"
"Ecuador";"ECU";"Superliga Femenina";"28-06-2026 17:00";"NS";"Emelec W";"";"";"LDU Quito W";"";"";"";"";"2";"88";"17";"100";"";"25";"60";"0.4";"2.5";"24";"52";"8";"3.9";"3";"0";"100";"0";"10";"80";"10";"10";"80";"10";"13";"83";"20";"90";"90";"90";"90";"20";"0x3";"0x2";"25.6";"0.5";"3.8";"4.6";"0.5";"4.7";"36";"55";"8";"3";"10";"10";"4";"15";"23.8";"8.5";"13.4";"12.5";"4";"2";"8.2";"2";"1.8";"0.8";"1.8";"3.2";"3.1"
"Estonia";"EST";"Meistriliiga";"28-06-2026 11:00";"INPLAY_1ST_HALF";"Nõmme Kalju";"0";"0";"Paide";"0";"0";"2.11";"3.03";"66";"52";"61";"41";"5";"56";"50";"1.4";"1.4";"57";"60";"6.9";"10.8";"10";"10";"50";"40";"40";"40";"20";"20";"40";"40";"47";"47";"60";"60";"80";"80";"60";"60";"1x1";"1x0";"23.7";"1.8";"1.2";"1.1";"1.5";"2.8";"54";"52";"3";"4";"10";"10";"12.4";"12.9";"10.1";"12";"9";"3.7";"5";"5";"4.2";"2.7";"2.3";"2.4";"2.4";"4.9";"4.5"
"Estonia";"EST";"Meistriliiga";"28-06-2026 13:00";"NS";"Levadia";"";"";"Flora";"";"";"1.61";"4.36";"80";"77";"100";"85";"1";"64";"62";"2.8";"2.4";"75";"76";"6.3";"6.2";"10";"40";"40";"20";"90";"80";"10";"0";"0";"20";"93";"80";"100";"80";"90";"100";"10";"20";"2x1";"0x1";"24.8";"3";"2.5";"0.7";"0.8";"3.5";"59";"59";"1";"2";"10";"10";"18.8";"15.6";"7";"8.2";"10";"3.1";"2.9";"7.3";"6.7";"1.9";"1.9";"2.5";"1.9";"4.1";"4.5"
"Estonia";"EST";"Small Cup";"28-06-2026 12:00";"NS";"Rae Spordikool";"";"";"JK Poseidon";"";"";"";"";"18";"14";"100";"58";"";"";"25";"1.6";"0.7";"";"19";"";"";"";"";"";"";"50";"20";"10";"10";"40";"70";"53";"23";"60";"30";"90";"90";"50";"80";"0x7";"3x0";"";"3";"1.7";"2.5";"2.6";"4.9";"";"";"";"";"10";"10";"";"";"";"";"";"";"";"";"";"";"2.2";"";"2";"";"0"
"Ethiopia";"ETH";"Premier League";"28-06-2026 04:00";"FT";"Adama Kenema";"0";"2";"Welayta Dicha";"0";"0";"2.82";"2.58";"77";"88";"27";"27";"5";"50";"53";"1";"1.6";"51";"59";"8.4";"10.7";"10";"10";"30";"60";"20";"40";"40";"40";"40";"20";"33";"53";"60";"80";"60";"60";"80";"60";"0x0";"0x0";"12.8";"0.8";"0.8";"0.8";"0.5";"1.5";"50";"49";"16";"9";"10";"10";"6.7";"8.8";"6";"4";"4.2";"1.7";"1.4";"2.7";"2.6";"2.1";"1.8";"2.3";"2.2";"4.2";"4.7"
"Ethiopia";"ETH";"Premier League";"28-06-2026 07:00";"FT";"Bahardar";"0";"1";"Sidama Bunna";"0";"1";"3.32";"2.27";"80";"88";"24";"34";"5";"50";"53";"1.2";"1.7";"52";"43";"10.3";"9.2";"10";"20";"60";"20";"20";"50";"60";"20";"20";"30";"40";"57";"80";"70";"40";"80";"80";"50";"0x0";"1x0";"14.5";"0.7";"1";"0.7";"0.5";"1.4";"50";"52";"10";"1";"10";"10";"7.2";"9.2";"6.5";"6.1";"5.3";"2.6";"1.8";"2.7";"3.5";"2.1";"1.7";"2.1";"3.3";"4.6";"4.7"
"Ethiopia";"ETH";"Premier League";"28-06-2026 10:00";"INPLAY_2ND_HALF";"Mebrat Hayl";"1";"0";"Awassa Kenema";"1";"0";"2.87";"2.55";"70";"80";"34";"14";"5";"52";"47";"1.2";"0.8";"54";"40";"6";"15.5";"10";"30";"40";"30";"30";"10";"30";"50";"40";"40";"40";"27";"60";"60";"70";"50";"70";"90";"1x1";"0x0";"14.1";"1";"0.4";"1";"0.7";"1.6";"51";"47";"6";"8";"10";"10";"6";"6.2";"7.9";"8.1";"5.6";"2.8";"3.3";"2.3";"2.7";"1.7";"2.6";"2";"2.7";"4.5";"4.7"
"Ethiopia";"ETH";"Premier League";"28-06-2026 10:00";"INPLAY_2ND_HALF";"Sheger Ketema";"2";"0";"Mechal FC";"2";"0";"2.85";"2.39";"80";"77";"24";"37";"5";"51";"56";"1.3";"1.6";"48";"59";"8.1";"8.3";"";"";"";"";"30";"40";"40";"40";"30";"20";"43";"53";"70";"80";"60";"60";"70";"60";"1x0";"1x1";"14";"0.7";"1.1";"0.7";"0.8";"1.6";"50";"56";"13";"3";"10";"10";"5.7";"9.1";"7.5";"5.8";"5.2";"2.7";"2.4";"1.9";"3.4";"2.3";"2.4";"2.4";"2.3";"4.7";"4.7"
"Fiji";"FIJ";"FA Cup";"28-06-2026 00:00";"FT_PEN";"Ba";"0";"0";"Navua";"0";"0";"";"";"74";"63";"100";"44";"";"66";"49";"1.7";"1.3";"61";"34";"1.8";"3.7";"10";"50";"20";"30";"50";"30";"20";"40";"30";"30";"57";"43";"70";"70";"80";"60";"50";"70";"0x0";"1x1";"8.4";"3.3";"1.3";"0.9";"1.2";"3.4";"56";"46";"";"";"10";"10";"6";"4.8";"2";"4";"7.2";"2";"2.8";"6";"3.8";"1.4";"2.6";"0.9";"1.8";"3.4";"3.2"
"Finland";"FIN";"Ykkösliiga";"28-06-2026 10:00";"INPLAY_2ND_HALF";"KäPa";"1";"1";"JäPS";"1";"1";"2.33";"2.67";"52";"56";"34";"61";"5";"52";"47";"0.9";"1.5";"55";"51";"10.5";"6.1";"10";"30";"40";"30";"20";"50";"30";"0";"50";"50";"30";"50";"50";"50";"70";"100";"80";"50";"1x2";"1x0";"22.4";"1";"1.8";"1.5";"1.4";"2.8";"51";"51";"8";"6";"10";"10";"10.5";"11";"10.4";"13";"9.8";"5";"5.5";"4.3";"4.8";"2.3";"2";"2.2";"1.5";"4";"3.9"
"Finland";"FIN";"Kakkonen";"28-06-2026 09:00";"FT";"Ilves II";"3";"2";"EBK";"0";"1";"1.30";"6.11";"46";"32";"99";"54";"3";"53";"50";"1.9";"0.9";"58";"64";"4";"7.6";"4";"25";"25";"50";"50";"20";"40";"30";"10";"50";"63";"30";"90";"50";"60";"70";"50";"80";"2x2";"2x2";"22.8";"2.9";"1.6";"1.7";"2.1";"4.2";"52";"48";"5";"8";"10";"10";"11.7";"12.2";"11.2";"10.4";"10.6";"5";"4.7";"5.3";"6.2";"0.9";"3.2";"1.3";"2.1";"3.8";"4.3"
"Finland";"FIN";"Kolmonen - Eastern Group";"28-06-2026 10:00";"INPLAY_2ND_HALF";"PK-37";"3";"0";"ToU";"1";"0";"1.78";"3.16";"7";"7";"44";"37";"1";"46";"37";"0.4";"1";"68";"32";"12.3";"4.9";"9";"67";"22";"11";"10";"30";"10";"10";"80";"60";"13";"33";"20";"40";"90";"90";"90";"70";"1x2";"0x1";"27.4";"1.3";"1.1";"2.8";"2.8";"4";"44";"44";"8";"7";"10";"10";"16";"5.4";"18";"15.4";"13.2";"8.5";"7.6";"8";"2.4";"2";"1.4";"1";"0.8";"2.6";"2.8"
"Finland";"FIN";"Kolmonen - Western Group";"28-06-2026 09:00";"INTERRUPTED";"Sporting Kristina";"";"";"FC Sääripotku";"";"";"1.05";"19.62";"49";"2";"65";"14";"3";"40";"19";"1.6";"0.1";"33";"21";"3.5";"10";"6";"50";"17";"33";"50";"0";"10";"10";"40";"90";"53";"3";"60";"10";"90";"90";"50";"100";"2x4";"5x0";"22.8";"1.9";"0.4";"1.6";"5.1";"4.5";"47";"39";"4";"12";"10";"10";"6.6";"4";"9.8";"25.3";"11.2";"3.2";"14.7";"3.2";"1.3";"1.9";"0.7";"1.4";"0";"2";"3.4"
"Finland";"FIN";"Kolmonen - Southern Group";"28-06-2026 08:00";"FT";"SexyPöxyt";"2";"3";"MPS";"2";"1";"1.40";"5.67";"38";"60";"82";"24";"1";"51";"47";"1.9";"0.9";"49";"45";"3.7";"12.4";"";"";"";"";"60";"20";"10";"30";"30";"50";"63";"30";"70";"50";"90";"70";"40";"80";"2x1";"0x0";"19";"2.4";"0.7";"1.9";"1.3";"3.2";"53";"46";"3";"9";"10";"10";"8.8";"8.7";"8.5";"12.1";"8.9";"4.9";"4.8";"4.5";"3.7";"1.4";"0.9";"1.8";"1.2";"2.6";"3.6"
"Finland";"FIN";"Kolmonen - Southern Group";"28-06-2026 09:00";"FT";"GrIFK U23";"4";"2";"EsPa";"1";"0";"5.18";"1.44";"35";"77";"54";"88";"2";"56";"60";"0.8";"2.2";"59";"57";"8.4";"4.2";"6";"17";"50";"33";"20";"70";"20";"10";"60";"20";"27";"73";"40";"80";"80";"90";"80";"30";"1x2";"1x0";"20.8";"1.6";"2.6";"2";"0.8";"3.5";"52";"55";"12";"2";"10";"10";"13.4";"11";"10";"7.3";"10.9";"5.1";"3.4";"6.1";"7.1";"1.4";"1.7";"2.1";"2";"3.6";"3.6"
"Faroe Islands";"FRO";"1. Deild";"28-06-2026 11:00";"INPLAY_1ST_HALF";"TB";"0";"3";"B71";"0";"3";"";"";"25";"77";"54";"82";"";"38";"56";"0.9";"2.5";"54";"82";"4.7";"5.6";"4";"25";"25";"50";"20";"80";"30";"10";"50";"10";"30";"83";"50";"90";"70";"90";"80";"20";"1x2";"1x2";"21.4";"1.6";"2.4";"2.3";"0.8";"3.6";"40";"57";"8";"1";"10";"10";"7.5";"13.4";"14.5";"7.5";"9";"7";"2.9";"2";"6";"1.5";"2.2";"1.5";"2.5";"3.9";"4.1"
"Faroe Islands";"FRO";"Meistaradeildin";"28-06-2026 11:00";"INPLAY_1ST_HALF";"KÍ";"0";"0";"07 Vestur";"0";"0";"1.08";"17.14";"66";"38";"75";"27";"3";"60";"43";"2.1";"0.7";"70";"49";"6.3";"11.4";"10";"90";"0";"10";"60";"20";"30";"10";"10";"70";"70";"23";"90";"30";"70";"90";"40";"80";"2x1";"0x2";"22.2";"2.2";"0.8";"1.1";"1.9";"3";"59";"46";"2";"10";"10";"10";"13.9";"9.1";"8.5";"13";"9.4";"3.7";"5.4";"6.3";"3.5";"2.2";"1.9";"1.5";"1";"3.3";"4"
"Faroe Islands";"FRO";"Meistaradeildin";"28-06-2026 11:00";"INPLAY_1ST_HALF";"EB / Streymur";"1";"1";"B36";"1";"1";"4.62";"1.58";"38";"49";"37";"54";"2";"42";"52";"0.9";"1.7";"50";"55";"8.9";"6.4";"10";"20";"70";"10";"20";"50";"30";"20";"50";"30";"30";"57";"50";"70";"70";"80";"80";"50";"1x1";"0x1";"21.8";"1.1";"1.6";"1.9";"1.6";"3.1";"40";"51";"7";"3";"10";"10";"9.8";"10.2";"13.8";"9.7";"8";"4.9";"4";"3.4";"3.8";"2.6";"1.7";"1.1";"1.8";"3.6";"4"
"Grenada";"GRN";"Premier Division";"28-06-2026 19:00";"NS";"Paradise";"";"";"Camerhogne";"";"";"";"";"80";"66";"44";"58";"";"";"";"1.7";"1.5";"";"";"";"";"8";"75";"0";"25";"40";"40";"50";"30";"10";"30";"57";"50";"90";"70";"50";"70";"60";"60";"0x0";"0x0";"";"1.3";"1.7";"0.7";"1.1";"2.4";"";"";"1";"4";"10";"10";"";"";"";"";"";"";"";"";"";"";"";"";"";"";"0"
"Grenada";"GRN";"Premier Division";"28-06-2026 19:00";"NS";"Honved";"";"";"SAB Spartans";"";"";"";"";"";"";"";"";"";"";"";"";"0.3";"";"";"";"";"";"";"";"";"";"0";"";"30";"";"70";"";"10";"";"30";"";"70";"";"100";"";"";"";"";"0.9";"";"2";"";"";"";"";"9";"";"10";"";"";"";"";"";"";"";"";"";"";"";"";"";"";""
"Republic of Ireland";"IRL";"U20 National League";"28-06-2026 08:00";"FT";"Sligo Rovers U20";"2";"1";"Athlone Town U20";"2";"0";"1.28";"7.03";"52";"2";"82";"85";"3";"57";"40";"1.9";"1";"72";"49";"6.8";"5.3";"8";"75";"0";"25";"60";"30";"10";"10";"30";"60";"63";"33";"70";"40";"90";"90";"40";"70";"1x0";"6x1";"31";"2.4";"2.5";"1.5";"3.9";"5.2";"52";"42";"7";"4";"10";"10";"16.2";"13.3";"12.5";"20";"16.2";"6.2";"13";"8.3";"5";"1.4";"1.3";"1.4";"0.7";"2.4";"3.6"
"Iceland";"ISL";"Besta deild";"28-06-2026 14:00";"NS";"Stjarnan";"";"";"KA Akureyri";"";"";"2.12";"2.73";"32";"38";"54";"51";"5";"51";"52";"0.8";"1";"52";"58";"7.6";"8.7";"10";"50";"30";"20";"20";"30";"20";"10";"60";"60";"27";"33";"40";"40";"80";"90";"80";"70";"1x2";"2x1";"31";"1.6";"1.5";"2.1";"1.9";"3.6";"54";"52";"8";"10";"10";"10";"14.2";"16.6";"15.2";"16";"11.3";"5.8";"6.2";"6";"4.6";"3.5";"1.9";"2";"2.2";"4.8";"4.4"
"Iceland";"ISL";"Besta deild";"28-06-2026 14:00";"NS";"FH";"";"";"ÍBV";"";"";"2.05";"2.90";"4";"21";"41";"65";"5";"43";"45";"0.5";"1";"52";"42";"6.8";"4.4";"10";"30";"40";"30";"10";"30";"20";"10";"70";"60";"17";"33";"30";"40";"80";"90";"90";"70";"0x5";"2x0";"26.4";"1.2";"1.9";"2.9";"2.4";"4.2";"44";"47";"12";"9";"10";"10";"12.1";"11";"16.2";"13.4";"8.9";"5.9";"4.3";"3.5";"4.1";"2.1";"2.1";"2.1";"2.3";"4.3";"4.4"
"Iceland";"ISL";"Besta deild";"28-06-2026 14:00";"NS";"Thór";"";"";"Valur";"";"";"3.66";"1.72";"10";"32";"24";"58";"2";"39";"39";"0.4";"1.3";"38";"46";"10.4";"5.6";"10";"20";"70";"10";"10";"40";"10";"10";"80";"50";"13";"43";"20";"50";"90";"90";"90";"60";"0x1";"0x1";"32.2";"0.7";"1.7";"2.7";"2.1";"3.6";"43";"43";"11";"5";"10";"10";"10.6";"12";"20.6";"21.2";"11.3";"7.6";"7.1";"3.3";"4.6";"2.3";"2.6";"1.9";"1.5";"4.2";"4.4"
"Iceland";"ISL";"Besta deild";"28-06-2026 14:00";"NS";"Keflavík";"";"";"KR Reykjavík";"";"";"3.81";"1.66";"42";"21";"41";"100";"2";"51";"57";"1.2";"1.9";"49";"71";"9.5";"4.5";"10";"0";"80";"20";"30";"60";"30";"10";"40";"30";"40";"63";"60";"70";"70";"90";"70";"40";"1x1";"3x5";"31.8";"1.2";"3";"1.8";"2.4";"4.2";"48";"57";"7";"2";"10";"10";"15.6";"19.6";"14.1";"14.3";"12.1";"5.2";"6.4";"4.7";"7.9";"2.3";"1.7";"1.2";"3.7";"4.4";"4.4"
"Iceland";"ISL";"Iceland Cup";"28-06-2026 11:00";"INPLAY_1ST_HALF";"Breidablik";"0";"0";"Víkingur Reykjavík";"0";"0";"5.29";"1.43";"21";"100";"99";"100";"2";"52";"62";"1.7";"3";"61";"71";"4";"4.2";"10";"30";"40";"30";"50";"100";"20";"0";"30";"0";"57";"100";"70";"100";"80";"100";"50";"0";"2x1";"0x2";"28.6";"2.9";"3.6";"2.4";"0.4";"4.6";"53";"59";"";"";"10";"10";"15.8";"18.6";"16.6";"6.2";"10.9";"5.9";"2.3";"6.1";"7.5";"2.1";"1.9";"2.4";"2.5";"4.5";"3.7"
"Iceland";"ISL";"3. Deild";"28-06-2026 11:00";"INPLAY_1ST_HALF";"Reynir";"0";"1";"Ýmir";"0";"1";"1.55";"4.07";"25";"28";"82";"61";"1";"52";"52";"1.6";"1.1";"45";"51";"5.5";"6.1";"5";"40";"20";"40";"50";"30";"10";"20";"40";"50";"53";"37";"60";"50";"90";"80";"50";"70";"0x5";"3x2";"22.4";"2.4";"1.8";"2.3";"2.2";"4.4";"48";"50";"4";"9";"10";"10";"13.2";"10.9";"9.5";"11.2";"11.6";"4.7";"6.1";"7.7";"4.6";"1.8";"2.1";"1.5";"2.4";"4";"4.3"
"Iceland";"ISL";"U19 League B";"28-06-2026 10:00";"NS";"Fram / Úlfarnir U19";"";"";"KA/D/KF/Hö/H U19 II";"";"";"";"";"0";"2";"100";"48";"";"";"";"1.5";"0.9";"";"";"";"";"";"";"";"";"50";"30";"0";"0";"50";"70";"50";"30";"50";"30";"100";"100";"50";"70";"0x3";"2x3";"";"3.5";"1.4";"3";"3.6";"5.8";"";"";"1";"2";"10";"10";"";"";"";"";"";"";"";"";"";"";"";"";"";"";"6"
"Iceland";"ISL";"U19 League C";"28-06-2026 11:00";"NS";"Austurland U19";"";"";"HK / Ýmir U19 II";"";"";"";"";"4";"2";"61";"92";"";"";"";"0.7";"1.3";"";"";"";"";"2";"50";"50";"0";"20";"40";"10";"10";"70";"50";"23";"43";"30";"50";"90";"90";"80";"60";"0x3";"4x3";"";"1.8";"2.7";"2.9";"3.3";"5.4";"";"";"8";"4";"10";"10";"";"";"";"";"";"";"";"";"";"";"";"";"";"";"0"
"Iceland";"ISL";"U19 League C";"28-06-2026 12:00";"NS";"Thór / T / V / M II U19";"";"";"Breið / A / Sm U19 III";"";"";"";"";"2";"2";"85";"95";"";"";"";"1.5";"1.4";"";"";"";"";"";"";"";"";"50";"40";"0";"20";"50";"40";"50";"47";"50";"60";"100";"80";"50";"60";"4x3";"1x1";"";"2.5";"2.8";"4.6";"3.4";"6.6";"";"";"1";"9";"10";"10";"";"";"";"";"";"";"";"";"";"";"";"";"";"";"0"
"Japan";"JPN";"Nadeshiko League 1";"28-06-2026 01:00";"FT";"Harima W";"0";"5";"Shizuoka SSU Bonita";"0";"2";"4.99";"1.56";"63";"74";"41";"78";"2";"50";"55";"1.2";"1.9";"45";"50";"10.8";"6.6";"3";"33";"67";"0";"30";"60";"30";"10";"40";"30";"40";"63";"60";"70";"70";"90";"70";"40";"0x1";"0x1";"24.9";"1.2";"2.3";"1.2";"0.9";"2.8";"48";"51";"7";"2";"10";"10";"13";"15.2";"12.4";"9.2";"10.5";"5.4";"3.7";"4.6";"7.3";"0.4";"0.2";"0.2";"0.2";"0.5";"0.5"
"Japan";"JPN";"Nadeshiko League 1";"28-06-2026 01:00";"FT";"NGU Lublield Nagoya W";"0";"0";"VONDS Ichihara";"0";"0";"1.14";"13.01";"84";"4";"100";"17";"3";"57";"48";"2.6";"0";"57";"41";"5.2";"18.8";"";"";"";"";"80";"0";"20";"0";"0";"100";"87";"0";"100";"0";"80";"100";"20";"100";"1x1";"2x0";"23.8";"3";"0.5";"0.6";"2.9";"3.5";"52";"48";"1";"12";"10";"10";"15.6";"9.4";"10.2";"12.3";"11.4";"4";"6.7";"9.1";"3";"0.2";"0.3";"0.6";"0.1";"0.6";"0.5"
"Japan";"JPN";"Nadeshiko League 1";"28-06-2026 03:00";"FT";"Ehime W";"2";"1";"Yunogo Belle W";"2";"0";"2.76";"2.33";"38";"49";"27";"54";"5";"49";"44";"1.1";"1.6";"42";"42";"11.8";"6.1";"4";"0";"25";"75";"30";"50";"20";"10";"50";"40";"37";"53";"50";"60";"80";"90";"70";"50";"0x0";"0x2";"21.2";"0.8";"1.6";"1.9";"1.6";"3";"51";"47";"9";"6";"10";"10";"9.4";"9.8";"10.7";"12.6";"9.6";"4.8";"5.3";"4.4";"4.6";"0.3";"0.1";"0.2";"0.3";"0.4";"0.5"
"Japan";"JPN";"Nadeshiko League 2";"28-06-2026 01:00";"FT";"Kibi Univ. Takahashi W";"3";"0";"Bunnies Gunma White Star W";"1";"0";"1.57";"5.09";"100";"56";"71";"27";"1";"50";"51";"2.6";"1";"43";"47";"6.5";"13.2";"5";"20";"80";"0";"80";"30";"20";"10";"0";"60";"87";"33";"100";"40";"80";"90";"20";"70";"1x0";"1x0";"24.6";"2.1";"0.8";"0.4";"1.4";"2.4";"46";"52";"1";"8";"10";"10";"13.7";"10.6";"11.9";"13";"9.8";"5.6";"4.6";"5.4";"4";"0.4";"0.2";"0.1";"0.5";"0.7";"0.6"
"Japan";"JPN";"Nadeshiko League 2";"28-06-2026 01:00";"FT";"Fujizakura Yamanashi W";"2";"1";"Renofa Yamaguchi W";"1";"0";"1.85";"4.05";"84";"80";"58";"37";"1";"52";"52";"1.7";"1.7";"48";"42";"7.5";"9";"";"";"";"";"50";"50";"20";"20";"30";"30";"57";"57";"70";"70";"80";"80";"50";"50";"0x1";"1x0";"21.1";"1.7";"1.1";"0.6";"0.7";"2";"46";"52";"4";"5";"10";"10";"12.8";"9.9";"9.9";"9.8";"8.2";"3.6";"4";"5";"3.8";"0.5";"0.5";"0.2";"0.5";"0.9";"0.6"
"Japan";"JPN";"Nadeshiko League 2";"28-06-2026 01:30";"FT";"Diavorosso Hiroshima W";"2";"4";"SEISA OSA Rheia W";"2";"3";"1.36";"7.69";"84";"28";"44";"31";"1";"61";"45";"2";"0.5";"50";"41";"11.5";"9.9";"5";"0";"80";"20";"60";"10";"20";"20";"20";"70";"67";"17";"80";"30";"80";"80";"40";"90";"1x0";"2x1";"23.5";"1.3";"0.9";"0.6";"2.2";"2.5";"52";"50";"2";"10";"10";"10";"15";"8.9";"7.4";"15.8";"9.4";"2.4";"7.1";"6";"3.2";"0.2";"0.4";"0.1";"0.5";"0.6";"0.6"
"Japan";"JPN";"Regional Leagues: Kyushu";"28-06-2026 00:15";"FT";"Veroskronos Tsuno";"4";"1";"Atletico Celeste";"2";"0";"";"";"100";"14";"100";"24";"";"60";"39";"3";"0.8";"51";"37";"4.6";"8.3";"";"";"";"";"100";"20";"0";"20";"0";"60";"100";"27";"100";"40";"100";"80";"0";"80";"4x0";"4x0";"24.2";"3.4";"0.7";"0.1";"2.6";"3.4";"56";"45";"1";"8";"10";"10";"15.6";"5.8";"8.4";"18.6";"8.2";"1";"7.4";"6";"2";"1";"0";"1.8";"0.6";"1.7";"2"
"Japan";"JPN";"Regional Leagues: Kyushu";"28-06-2026 01:15";"FT";"Nobeoka";"3";"2";"Nippon Steel Oita";"1";"1";"";"";"60";"25";"95";"27";"";"62";"39";"2.4";"0.4";"59";"36";"7.1";"7.9";"9";"67";"0";"33";"80";"0";"0";"40";"20";"60";"80";"13";"80";"40";"100";"60";"20";"100";"3x0";"1x1";"23.2";"2.8";"0.8";"1.3";"2.3";"3.6";"60";"43";"3";"10";"10";"10";"20";"6.3";"7.7";"12.3";"8.3";"3";"5";"6.7";"1.9";"0.7";"1";"2";"1.4";"2.6";"2"
"Japan";"JPN";"Regional Leagues: Kyushu";"28-06-2026 02:30";"FT";"KMG Holdings";"1";"0";"Kawasoe Club";"0";"0";"";"";"84";"56";"88";"31";"";"62";"46";"2.4";"1";"54";"44";"5.6";"11";"9";"56";"22";"22";"80";"20";"0";"40";"20";"40";"80";"33";"80";"60";"100";"60";"20";"80";"4x0";"1x1";"20";"2.6";"0.9";"0.6";"1.4";"2.8";"56";"43";"2";"6";"10";"10";"14.5";"9.9";"6.1";"9.4";"8";"1.8";"4.3";"6.2";"3.9";"1.2";"1.3";"1.2";"1";"2.4";"2"
"Japan";"JPN";"Regional Leagues: Chugoku";"28-06-2026 00:00";"AWAITING_UPDATES";"Variamore Aki";"";"";"Intl Pacific UFC";"";"";"";"";"18";"35";"51";"27";"";"";"";"1";"0.3";"";"";"6.7";"12.2";"";"";"";"";"30";"10";"10";"0";"60";"90";"33";"10";"40";"10";"90";"100";"70";"90";"1x3";"1x0";"22.5";"1.5";"0.8";"2.5";"2";"3.4";"43";"56";"1";"2";"10";"10";"10";"9.8";"13.5";"11.8";"10";"6.8";"4.8";"4.5";"4";"2.3";"0.8";"1";"0.5";"2.2";""
"Japan";"JPN";"Regional Leagues: Chugoku";"28-06-2026 02:00";"FT";"Baleine Shimonoseki";"0";"0";"ENEOS Mizushima";"0";"0";"";"";"56";"2";"61";"24";"";"";"";"2";"0.6";"";"";"8.1";"12";"3";"100";"0";"0";"60";"20";"20";"0";"20";"80";"67";"20";"80";"20";"80";"100";"40";"80";"1x0";"3x1";"24.6";"1.8";"0.7";"1.4";"3.6";"3.8";"60";"42";"1";"2";"10";"10";"14.5";"8.4";"12.5";"13.9";"12.4";"5";"6.8";"9.5";"3.5";"1";"1.1";"1.5";"1.4";"2.5";""
"Japan";"JPN";"Regional Leagues: Chugoku";"28-06-2026 02:30";"FT";"SRC Hiroshima";"2";"4";"Beluga Rosso Hamada";"1";"2";"";"";"63";"80";"78";"85";"";"";"";"2";"2.5";"";"";"5.9";"6.9";"9";"22";"33";"44";"60";"80";"20";"10";"20";"10";"67";"83";"80";"90";"80";"90";"40";"20";"1x0";"0x1";"22.8";"2.3";"2.5";"1.2";"0.7";"3.4";"52";"61";"1";"2";"10";"10";"13.6";"17.3";"9";"5.7";"10.4";"4.4";"1.7";"6.6";"8";"0.8";"1.3";"1.2";"3.3";"3.4";""
"Japan";"JPN";"Regional Leagues: Chugoku";"28-06-2026 04:00";"AWAITING_UPDATES";"Hatsukaichi";"";"";"Yonago Genki";"";"";"";"";"35";"42";"24";"24";"";"";"";"0.5";"0.8";"";"";"14.3";"13.9";"7";"43";"57";"0";"10";"20";"20";"20";"70";"60";"17";"27";"30";"40";"80";"80";"90";"80";"0x1";"0x1";"23.2";"0.7";"0.7";"2";"1.8";"2.6";"42";"52";"1";"2";"10";"10";"10";"9.7";"13.5";"13.3";"9.6";"6.5";"5.7";"3";"4";"1";"1.3";"0.5";"2.3";"2.6";""
"Japan";"JPN";"Regional Leagues: Kanto";"28-06-2026 05:00";"AWAITING_UPDATES";"Ryutsu Keizai Dragons";"";"";"Nankatsu";"";"";"";"";"4";"74";"31";"68";"";"";"";"0.1";"2.1";"";"";"";"";"6";"0";"100";"0";"0";"60";"10";"30";"90";"10";"3";"70";"10";"90";"90";"70";"100";"40";"1x2";"0x2";"";"0.9";"2";"2.9";"0.9";"3.4";"";"";"10";"3";"10";"10";"";"";"";"";"";"";"";"";"";"";"";"";"";"";"0"
"Japan";"JPN";"Regional Leagues: Kanto";"28-06-2026 06:00";"NS";"Edo All United";"";"";"Tokyo 23";"";"";"";"";"56";"63";"37";"31";"";"";"";"0.9";"1";"";"";"";"";"";"";"";"";"14";"10";"43";"70";"43";"20";"29";"33";"57";"80";"57";"30";"86";"90";"0x0";"0x0";"";"1.1";"0.9";"1.4";"1.2";"2.4";"";"";"8";"6";"7";"10";"";"";"";"";"";"";"";"";"";"";"";"";"";"";"0"
"Japan";"JPN";"Regional Leagues: Kansai";"28-06-2026 00:30";"FT";"Moriyama Samurai";"1";"4";"Basara Hyogo";"1";"3";"";"";"49";"74";"20";"78";"";"";"";"0.6";"1.8";"";"";"10.8";"6.7";"7";"14";"57";"29";"10";"50";"30";"30";"60";"20";"20";"60";"40";"80";"70";"70";"90";"50";"1x1";"0x0";"21";"0.6";"2.3";"1.6";"0.9";"2.7";"45";"57";"8";"2";"10";"10";"6.5";"15.5";"10";"10";"9";"4";"3.5";"3.5";"7";"1.2";"2";"1.2";"1";"2.8";""
"Japan";"JPN";"Regional Leagues: Kansai";"28-06-2026 06:00";"FT";"Velago Ikoma";"1";"1";"Arterivo Wakayama";"0";"1";"";"";"46";"100";"54";"71";"";"";"";"1.4";"2.2";"";"";"8.2";"4.1";"3";"0";"67";"33";"40";"60";"20";"40";"40";"0";"47";"73";"60";"100";"80";"60";"60";"40";"1x0";"1x1";"23.4";"1.6";"2.1";"1.7";"0.4";"2.9";"52";"50";"5";"3";"10";"10";"13.2";"8.7";"9";"16";"9.4";"3.2";"6.7";"5.2";"3.7";"1.5";"1.7";"1.5";"1.3";"3";""
"Japan";"JPN";"Regional Leagues: Tokai";"28-06-2026 01:30";"AWAITING_UPDATES";"Sapporo University";"";"";"Hokkaido Tokachi";"";"";"";"";"46";"77";"58";"95";"";"";"";"1.2";"2.4";"";"";"";"";"8";"0";"88";"12";"30";"70";"30";"30";"40";"0";"40";"80";"60";"100";"70";"70";"70";"30";"1x0";"1x1";"";"1.7";"2.8";"1.7";"0.8";"3.5";"";"";"5";"1";"10";"10";"";"";"";"";"";"";"";"";"";"";"";"";"";"";"3.2"
"Japan";"JPN";"Regional Leagues: Tokai";"28-06-2026 02:30";"AWAITING_UPDATES";"Hokushukai";"";"";"Sabas";"";"";"";"";"2";"25";"54";"44";"";"";"";"0.4";"0.9";"";"";"";"";"";"";"";"";"0";"30";"40";"0";"60";"70";"13";"30";"40";"30";"60";"100";"100";"70";"3x3";"1x0";"";"1.6";"1.3";"4.1";"2.3";"4.6";"";"";"8";"7";"10";"10";"";"";"";"";"";"";"";"";"";"";"";"";"";"";"3.2"
"Kazakhstan";"KAZ";"Premier League";"28-06-2026 09:00";"FT";"Irtysh";"1";"2";"Kaisar";"1";"1";"2.17";"3.09";"56";"60";"24";"37";"5";"48";"47";"0.4";"1.3";"46";"38";"17.9";"7.5";"10";"20";"60";"20";"0";"30";"40";"40";"60";"30";"13";"43";"40";"70";"60";"60";"100";"70";"0x1";"1x2";"25.5";"0.7";"1.1";"1.4";"1.3";"2.2";"51";"43";"15";"12";"10";"10";"12.5";"8.8";"15.1";"14.6";"10.1";"6.2";"5.1";"5";"3.9";"2";"2";"2.1";"3.5";"4.8";"4.6"
"Kazakhstan";"KAZ";"Premier League";"28-06-2026 10:00";"INPLAY_2ND_HALF";"Ulytau";"0";"1";"Ordabasy";"0";"1";"4.71";"1.66";"66";"100";"34";"68";"2";"50";"65";"1.6";"2.8";"45";"57";"13.4";"6.8";"2";"100";"0";"0";"40";"90";"40";"10";"20";"0";"53";"93";"80";"100";"60";"90";"60";"10";"1x0";"1x2";"23.7";"1";"2";"1.1";"0.4";"2.2";"49";"58";"5";"2";"10";"10";"13.4";"13.7";"13.6";"6.7";"9.5";"5.8";"2.1";"5.4";"5.7";"2.7";"3";"3.2";"2.2";"5.6";"4.6"
"Kazakhstan";"KAZ";"Premier League";"28-06-2026 10:00";"INPLAY_2ND_HALF";"Tobol";"1";"1";"Altay";"1";"1";"1.53";"5.12";"63";"63";"37";"31";"1";"53";"45";"1.4";"0.9";"48";"40";"11.9";"13.7";"";"";"";"";"40";"10";"20";"60";"40";"30";"47";"30";"60";"70";"80";"40";"60";"90";"1x1";"0x0";"24.6";"1.1";"0.9";"1.2";"1.2";"2.2";"52";"46";"13";"16";"10";"10";"13.1";"12.3";"10.9";"12.9";"11.3";"4.9";"6.7";"4.7";"6.3";"2.2";"2.4";"2.6";"2.6";"4.9";"4.6"
"Kazakhstan";"KAZ";"Premier League";"28-06-2026 11:00";"INPLAY_1ST_HALF";"Zhenys";"0";"0";"Astana";"0";"0";"3.26";"2.10";"70";"66";"44";"44";"5";"49";"58";"1.7";"1.4";"42";"54";"8.2";"10.5";"6";"17";"50";"33";"50";"40";"20";"20";"30";"40";"57";"47";"70";"60";"80";"80";"50";"60";"1x2";"1x0";"23";"1.3";"1.3";"1";"1.1";"2.3";"47";"60";"10";"7";"10";"10";"10.6";"13.6";"10.9";"10.8";"10.4";"5";"5.5";"4.7";"5.7";"2.2";"1.4";"1.9";"2.1";"3.8";"4.6"
"Kyrgyzstan";"KGZ";"Top Liga";"28-06-2026 11:30";"POSTPONED";"Ozgon";"";"";"Talant";"";"";"";"";"66";"63";"71";"27";"";"58";"53";"2";"0.8";"50";"51";"1";"8.5";"2";"50";"50";"0";"60";"10";"20";"50";"20";"40";"67";"27";"80";"60";"80";"50";"40";"90";"2x0";"1x1";"8.3";"2.1";"0.8";"1.1";"1.2";"2.6";"50";"50";"4";"10";"10";"10";"2";"6.8";"2";"5.8";"3.4";"2";"1.3";"2";"1.6";"2";"1.7";"2.5";"2.7";"4.4";"4.1"
"South Korea";"KOR";"K3 League";"28-06-2026 02:00";"FT";"Gyeongju HNP";"1";"3";"Pocheon";"0";"2";"2.48";"2.54";"60";"74";"51";"65";"5";"56";"56";"1.2";"2.1";"46";"48";"6.3";"5.9";"10";"40";"50";"10";"20";"60";"60";"30";"20";"10";"40";"70";"80";"90";"40";"70";"80";"40";"2x2";"1x1";"17.4";"1.5";"1.9";"1.3";"0.9";"2.8";"55";"53";"10";"2";"10";"10";"9.4";"11.2";"7.7";"6.4";"7.6";"3.6";"2.7";"4.7";"4.4";"1.3";"2.3";"2.7";"2.2";"4.2";"3.9"
"South Korea";"KOR";"K3 League";"28-06-2026 05:00";"FT";"Dangjin Citizen";"5";"2";"Gangneung City";"3";"1";"2.55";"2.50";"56";"52";"48";"31";"5";"53";"46";"1.2";"1.3";"49";"41";"6.2";"7.7";"4";"25";"50";"25";"30";"40";"30";"10";"40";"50";"40";"43";"60";"50";"70";"90";"70";"60";"1x2";"0x2";"16.4";"1.4";"0.9";"1.4";"1.5";"2.6";"53";"48";"8";"7";"10";"10";"8.7";"6.9";"8.3";"8.9";"7.7";"3.9";"4.4";"3.7";"3.3";"1.8";"1.7";"2.1";"1.6";"3.6";"3.9"
"South Korea";"KOR";"K3 League";"28-06-2026 07:00";"FT";"Busan Transportation";"0";"1";"Daejeon Korail";"0";"1";"2.80";"2.29";"77";"88";"61";"65";"5";"49";"50";"1.9";"2.2";"45";"45";"5.9";"5.2";"10";"20";"40";"40";"50";"70";"40";"10";"10";"20";"63";"73";"90";"80";"60";"90";"50";"30";"1x1";"0x1";"17.6";"1.8";"1.9";"0.8";"0.5";"2.5";"46";"46";"4";"3";"10";"10";"10.7";"9.9";"8.1";"6.4";"7.9";"3";"1.8";"6.2";"4.8";"1.4";"1.9";"0.9";"2";"3.1";"3.9"
"South Korea";"KOR";"K4 League";"28-06-2026 02:00";"FT";"Jincheon HR";"2";"2";"Namyangju";"1";"0";"1.46";"5.77";"80";"56";"58";"41";"1";"56";"48";"2";"1.2";"49";"42";"7.2";"9";"";"";"";"";"60";"30";"20";"30";"20";"40";"67";"40";"80";"60";"80";"70";"40";"70";"1x0";"0x0";"20";"1.7";"1.2";"0.7";"1.4";"2.5";"53";"42";"2";"7";"10";"10";"12.2";"10.8";"7.5";"9.5";"8.7";"3.6";"4.2";"5.5";"4.1";"1.3";"1.4";"2.4";"1.7";"3.4";"3.7"
"South Korea";"KOR";"K4 League";"28-06-2026 02:00";"FT";"Sejong SA";"1";"3";"Pyeongchang United";"1";"2";"2.06";"3.00";"63";"56";"51";"37";"5";"52";"51";"1.7";"1.3";"43";"46";"6.5";"10.3";"4";"25";"50";"25";"50";"40";"20";"10";"30";"50";"57";"43";"70";"50";"80";"90";"50";"60";"0x1";"1x0";"21";"1.5";"1.1";"1.2";"1.4";"2.6";"54";"52";"6";"9";"10";"10";"9.7";"11.3";"11.1";"9.9";"9.5";"5";"4.3";"4.9";"4.8";"1.9";"1.9";"1.7";"1.3";"3.4";"3.7"
"South Korea";"KOR";"K4 League";"28-06-2026 05:00";"FT";"Jecheon Citizen";"1";"1";"Gijang United";"1";"0";"1.90";"3.42";"70";"49";"41";"54";"1";"48";"44";"1.8";"1.6";"44";"36";"7.6";"4.4";"";"";"";"";"50";"50";"30";"10";"20";"40";"60";"53";"80";"60";"70";"90";"50";"50";"0x0";"2x0";"17.8";"1.2";"1.6";"1";"1.6";"2.7";"49";"49";"4";"10";"10";"10";"9.1";"7.1";"9.3";"10.2";"8.2";"4.4";"4.7";"4.2";"3.1";"2";"1.7";"2.1";"1.5";"3.6";"3.7"
"Lebanon";"LIB";"Premier League";"28-06-2026 10:00";"INPLAY_2ND_HALF";"Al Ahed";"3";"0";"Shabab Al Sahel";"3";"0";"1.53";"5.15";"74";"70";"34";"37";"1";"46";"52";"1.4";"1.3";"43";"51";"10.2";"8.4";"10";"80";"20";"0";"40";"40";"20";"10";"40";"50";"47";"43";"60";"50";"80";"90";"60";"60";"0x0";"1x0";"17.2";"1";"1.1";"0.9";"1";"2";"48";"52";"3";"7";"10";"10";"10.2";"9.2";"8";"7";"7.5";"4.3";"3.2";"3.7";"3.8";"1.3";"1.6";"2.1";"1.3";"3.2";"3"
"Lebanon";"LIB";"Premier League";"28-06-2026 15:30";"NS";"Jwaya";"";"";"Safa";"";"";"1.84";"4.03";"66";"60";"48";"54";"1";"57";"60";"1.5";"2.1";"52";"62";"7.9";"4.1";"2";"50";"0";"50";"40";"70";"30";"0";"30";"30";"50";"70";"70";"70";"70";"100";"60";"30";"1x1";"0x1";"17.8";"1.4";"1.6";"1.1";"1.3";"2.7";"50";"48";"4";"5";"10";"10";"11";"6.6";"7.7";"10.2";"8.2";"4.8";"3.5";"4.3";"3.8";"2.3";"1.2";"1.7";"1.2";"3.2";"3"
"Lithuania";"LTU";"A Lyga";"28-06-2026 12:00";"NS";"Banga";"";"";"Hegelmann Litauen";"";"";"1.93";"3.56";"84";"46";"48";"44";"1";"50";"47";"1.7";"1";"47";"42";"7.4";"5.8";"10";"30";"40";"30";"40";"20";"50";"40";"10";"40";"57";"33";"90";"60";"50";"60";"60";"80";"0x0";"1x1";"18.4";"1.4";"1.3";"0.6";"1.7";"2.5";"47";"39";"5";"8";"10";"10";"10.4";"7.6";"7.8";"11";"7.6";"3.1";"3.9";"4.4";"3.8";"1.6";"2.3";"2.1";"2";"4";"4.1"
"Lithuania";"LTU";"A Lyga";"28-06-2026 12:45";"NS";"Džiugas Telšiai";"";"";"Žalgiris";"";"";"3.05";"2.06";"60";"60";"58";"54";"5";"54";"52";"1.5";"1.6";"44";"46";"5.9";"5.9";"10";"20";"70";"10";"40";"50";"30";"10";"30";"40";"50";"53";"70";"60";"70";"90";"60";"50";"1x2";"0x3";"18.2";"1.7";"1.6";"1.3";"1.3";"3";"57";"53";"1";"6";"10";"10";"10";"9.5";"6.8";"10";"7.5";"3.1";"4";"4.3";"3.6";"1.9";"1.9";"3.1";"2";"4.4";"4.1"
"Lithuania";"LTU";"A Lyga";"28-06-2026 14:00";"CANCELLED";"FK Riteriai";"";"";"Kauno Žalgiris";"";"";"";"";"14";"74";"10";"48";"";"40";"59";"0.4";"1.3";"37";"55";"20.7";"7.9";"10";"0";"90";"10";"10";"30";"10";"40";"80";"30";"13";"43";"20";"70";"90";"60";"90";"70";"0x4";"1x0";"19.4";"0.3";"1.4";"2.6";"0.9";"2.6";"45";"59";"";"";"10";"10";"6.2";"11.1";"13.1";"8.3";"8.7";"7.3";"3.7";"1.9";"4.5";"1.6";"2.2";"1.3";"1.6";"3.4";"4.1"
"Lithuania";"LTU";"1. Lyga";"28-06-2026 12:30";"NS";"Kauno Žalgiris II";"";"";"BFA";"";"";"3.26";"1.96";"52";"28";"14";"31";"2";"46";"53";"0.7";"1.2";"40";"51";"16";"9.9";"10";"50";"50";"0";"20";"40";"10";"0";"70";"60";"23";"40";"30";"40";"90";"100";"80";"60";"0x1";"0x1";"17.3";"0.4";"0.9";"1.5";"2.2";"2.5";"53";"50";"15";"10";"10";"10";"6.4";"8.9";"9.7";"9.6";"7";"4.6";"3.9";"2.5";"3";"1.4";"1.8";"0.9";"2.1";"3.1";"3.6"
"Latvia";"LVA";"First Liga";"28-06-2026 07:00";"FT";"Leevon / PPK";"1";"3";"Metta / LU";"0";"2";"4.43";"1.53";"66";"77";"75";"100";"2";"55";"75";"2.4";"2.5";"63";"110";"5.5";"4.9";"";"";"";"";"70";"80";"30";"10";"0";"10";"80";"83";"100";"90";"70";"90";"30";"20";"0x0";"0x5";"23.2";"2.2";"4.2";"1.1";"0.8";"4.2";"54";"68";"3";"1";"10";"10";"12.2";"20.6";"10.1";"3.6";"10";"3.9";"1.6";"5.3";"9.2";"3";"0.8";"3.3";"1.3";"4.2";"4.4"
"Latvia";"LVA";"First Liga";"28-06-2026 09:00";"FT";"Smiltene";"2";"4";"Skanste";"0";"1";"2.98";"1.94";"14";"42";"31";"51";"2";"34";"47";"0.5";"1";"38";"58";"7.7";"7.3";"8";"12";"50";"38";"10";"30";"20";"10";"70";"60";"17";"33";"30";"40";"80";"90";"90";"70";"0x2";"2x0";"24.8";"0.9";"1.5";"2.6";"1.8";"3.4";"41";"48";"13";"9";"10";"10";"6.9";"11";"18.1";"13.6";"10.2";"8.3";"5.8";"2.1";"4.1";"2.7";"1.2";"2.9";"2.4";"4.6";"4.4"
"Latvia";"LVA";"First Liga";"28-06-2026 11:00";"INPLAY_1ST_HALF";"JFK Ventspils";"0";"0";"Valmiera";"0";"0";"6.21";"1.37";"38";"70";"51";"82";"2";"58";"56";"0.9";"2.3";"67";"65";"6.3";"5.5";"";"";"";"";"20";"70";"30";"20";"50";"10";"30";"77";"50";"90";"70";"80";"80";"30";"1x3";"1x4";"21.1";"1.5";"2.4";"1.9";"1";"3.4";"49";"55";"12";"4";"10";"10";"9.4";"13.3";"8";"11.4";"10.2";"4.4";"4.1";"4";"7.8";"2.2";"2.9";"2.6";"2.4";"5.1";"4.4"
"Macau";"MAC";"Primeira Division";"28-06-2026 08:00";"FT";"Benfica de Macau";"2";"1";"Chiba";"0";"1";"4.07";"1.54";"28";"38";"78";"100";"2";"53";"55";"1.4";"1.8";"51";"53";"6.1";"4.4";"3";"33";"33";"33";"40";"50";"20";"30";"40";"20";"47";"60";"60";"80";"80";"70";"60";"50";"4x0";"0x0";"25";"2.3";"3.2";"2.2";"1.9";"4.8";"52";"49";"6";"4";"10";"10";"14.1";"14.2";"11.2";"10.6";"10.4";"4.6";"4.7";"5.3";"6.1";"1.8";"2.2";"2";"1.8";"3.9";"3.9"
"Macau";"MAC";"Primeira Division";"28-06-2026 10:00";"HT";"Gorila do Universo";"2";"2";"Universidade de Macau";"2";"2";"1.19";"7.61";"2";"2";"88";"24";"3";"38";"31";"1.1";"0";"38";"31";"4";"9";"";"";"";"";"30";"0";"20";"0";"50";"100";"37";"0";"50";"0";"80";"100";"70";"100";"4x4";"3x0";"27";"2.6";"0.7";"4.9";"4.5";"6.4";"43";"41";"7";"10";"10";"10";"10.4";"6.3";"16.3";"21";"13.1";"7.5";"10.1";"5.4";"3.2";"1.5";"1.4";"2.2";"0.8";"3";"3.9"
"Moldova";"MDA";"Super Liga";"28-06-2026 12:00";"NS";"Sheriff";"";"";"Sireți";"";"";"";"";"88";"60";"48";"58";"";"56";"53";"2.2";"1.7";"63";"59";"6.6";"6.5";"2";"100";"0";"0";"70";"50";"10";"20";"20";"30";"73";"57";"80";"70";"90";"80";"30";"50";"2x0";"0x1";"18.6";"1.4";"1.7";"0.5";"1.3";"2.4";"52";"53";"5";"4";"10";"10";"9.2";"11.8";"5.9";"10.2";"8";"2.4";"5";"4.4";"4.2";"2.1";"2";"2.6";"2.6";"4.6";""
"Moldova";"MDA";"Super Liga";"28-06-2026 14:00";"NS";"Petrocub";"";"";"Dacia-Buiucani";"";"";"1.20";"11.30";"88";"38";"58";"24";"3";"48";"38";"2.3";"0.1";"52";"41";"3.6";"8.6";"10";"80";"0";"20";"70";"0";"20";"10";"10";"90";"77";"3";"90";"10";"80";"90";"30";"100";"3x0";"2x1";"16.6";"1.7";"0.7";"0.5";"1.9";"2.4";"47";"42";"6";"7";"10";"10";"6.2";"6";"9.7";"11.4";"6.3";"4";"3.4";"2.7";"2.5";"2.3";"3";"2.4";"2.6";"5.2";""
"Mongolia";"MNG";"Premier League";"28-06-2026 05:00";"FT";"Ulaangom City";"3";"3";"Khovd";"0";"3";"";"";"2";"2";"78";"31";"";"46";"44";"1";"0.3";"53";"55";"4";"12.6";"2";"0";"100";"0";"30";"10";"10";"0";"60";"90";"33";"10";"40";"10";"90";"100";"70";"90";"0x0";"6x0";"26.4";"2.3";"0.9";"4.4";"5.7";"6.6";"48";"49";"10";"7";"10";"10";"9.3";"11.3";"12.7";"19.6";"12";"6.1";"9";"4.3";"4.6";"1.9";"1.2";"2";"1.2";"3.2";"3.5"
"Mongolia";"MNG";"Premier League";"28-06-2026 08:00";"FT";"Hunters";"2";"0";"Khovd Western";"1";"0";"";"";"56";"35";"100";"48";"";"47";"39";"2";"1.2";"58";"45";"3.4";"6.9";"2";"50";"0";"50";"60";"30";"20";"30";"20";"40";"67";"40";"80";"60";"80";"70";"40";"70";"0x0";"0x0";"27.8";"4.3";"1.4";"1.4";"2";"4.6";"45";"41";"5";"6";"10";"10";"14.6";"9.7";"15.1";"16.3";"12.6";"6.2";"7.1";"7";"4.9";"1.6";"2.2";"1.2";"2.2";"3.6";"3.5"
"Mozambique";"MOZ";"Mocambola";"28-06-2026 09:45";"NS";"Chingale de Tete";"";"";"AD Pemba";"";"";"";"";"66";"63";"17";"27";"";"31";"";"0.5";"1.2";"32";"";"";"";"";"";"";"";"10";"40";"20";"0";"70";"60";"17";"40";"30";"40";"80";"100";"90";"60";"0x1";"0x1";"";"0.5";"0.8";"1.1";"1.2";"1.8";"43";"";"14";"11";"10";"5";"7";"";"18";"";"";"5";"";"1.3";"";"2.3";"";"1.7";"";"";"4.5"
"Mozambique";"MOZ";"Mocambola";"28-06-2026 09:45";"INPLAY_2ND_HALF";"Ferroviario Beira";"1";"1";"Ferroviário Nampula";"1";"0";"1.71";"5.26";"88";"56";"41";"37";"1";"46";"";"2.1";"1.3";"44";"";"";"";"10";"40";"30";"30";"60";"40";"30";"10";"10";"50";"70";"43";"90";"50";"70";"90";"40";"60";"0x0";"1x2";"";"1.2";"1.1";"0.5";"1.4";"2.1";"51";"";"1";"7";"10";"10";"8";"";"9.2";"";"";"3.4";"";"2.6";"";"2.4";"";"1.8";"";"";"4.5"
"Mozambique";"MOZ";"Mocambola";"28-06-2026 09:45";"INPLAY_2ND_HALF";"ENH Vilankulo";"1";"1";"Black Bulls Maputo";"1";"0";"3.53";"2.08";"80";"88";"37";"37";"5";"57";"66";"1.4";"1.8";"60";"65";"12.9";"13";"9";"22";"78";"0";"30";"50";"50";"30";"20";"20";"47";"60";"80";"80";"50";"70";"70";"50";"0x0";"0x0";"21.8";"1.1";"1.1";"0.7";"0.5";"1.7";"48";"60";"10";"2";"10";"10";"14.2";"14.3";"8.8";"6.3";"7.2";"2";"2.2";"5.6";"4.7";"1.8";"1.5";"1.5";"2.5";"3.6";"4.5"
"Malawi";"MWI";"Super League";"28-06-2026 09:30";"INPLAY_2ND_HALF";"Ekhaya";"1";"0";"MAFCO";"0";"0";"1.73";"4.67";"60";"80";"44";"34";"1";"51";"47";"1.1";"1.2";"58";"50";"6.7";"6.4";"2";"50";"50";"0";"30";"30";"20";"30";"50";"40";"37";"40";"50";"60";"80";"70";"70";"70";"0x1";"1x0";"15.1";"1.3";"1";"1.3";"0.7";"2.2";"49";"47";"7";"10";"10";"10";"8.7";"6.4";"8.6";"6.6";"4.2";"2.1";"2.4";"1.6";"2.3";"1";"1.5";"1.9";"1";"2.7";"2.7"
"Malawi";"MWI";"Super League";"28-06-2026 09:30";"INPLAY_2ND_HALF";"Karonga United";"0";"0";"Moyale Barracks";"0";"0";"1.95";"3.72";"56";"66";"37";"34";"1";"49";"44";"1.2";"1.5";"69";"67";"6.4";"7.1";"10";"40";"40";"20";"30";"40";"30";"30";"40";"30";"40";"50";"60";"70";"70";"70";"70";"60";"1x0";"0x0";"15.8";"1.1";"1";"1.4";"1.1";"2.3";"49";"52";"12";"8";"10";"10";"7";"7.1";"8.4";"9.1";"5.9";"2.9";"3.2";"2.9";"2.9";"1.2";"1.4";"1.3";"0.9";"2.4";"2.7"
"Malawi";"MWI";"Super League";"28-06-2026 09:30";"INPLAY_2ND_HALF";"Dedza Dynamos";"1";"1";"Mighty Mukuru Wanderers";"1";"0";"10.42";"1.31";"60";"88";"7";"65";"2";"50";"54";"0.9";"2.3";"58";"55";"45.5";"4.7";"8";"0";"62";"38";"20";"70";"30";"20";"50";"10";"30";"77";"50";"90";"70";"80";"80";"30";"0x0";"0x2";"18.4";"0.2";"1.9";"1.3";"0.5";"2";"47";"58";"16";"2";"10";"10";"9.1";"9";"11";"7.7";"7.2";"4.4";"1.9";"4";"4.3";"1.2";"1.2";"1.2";"1.2";"2.5";"2.7"
"Malawi";"MWI";"Super League";"28-06-2026 09:30";"INPLAY_2ND_HALF";"Silver Strikers";"3";"0";"Red Lions";"2";"0";"1.46";"7.03";"100";"100";"54";"34";"1";"57";"51";"2.1";"1.7";"62";"46";"6.8";"9.6";"";"";"";"";"60";"43";"30";"43";"10";"14";"70";"57";"90";"86";"70";"57";"40";"57";"1x0";"0x1";"17.9";"1.6";"1";"0.4";"0.4";"1.7";"55";"51";"3";"5";"10";"7";"10.9";"9.6";"6.9";"8.4";"4.4";"2.4";"1.8";"2.7";"2";"1";"2";"1.4";"1.7";"3";"2.7"
"Malawi";"MWI";"Super League";"28-06-2026 09:30";"INPLAY_2ND_HALF";"Creck";"0";"1";"Civil Sporting";"0";"1";"2.26";"3.10";"52";"66";"34";"31";"5";"51";"47";"0.8";"1.4";"71";"63";"8.6";"9.3";"4";"25";"50";"25";"20";"40";"20";"20";"60";"40";"27";"47";"40";"60";"80";"80";"80";"60";"0x1";"1x0";"18.4";"1";"0.9";"1.5";"1.1";"2.2";"48";"48";"14";"13";"10";"10";"8.6";"8.4";"9.8";"10";"6.3";"3.6";"4.3";"2.8";"1.9";"0.9";"1.1";"1";"0.5";"1.8";"2.7"
"New Caledonia";"NCL";"Super Ligue";"28-06-2026 01:00";"POSTPONED";"Tiga Sport";"";"";"Saint Louis";"";"";"";"";"60";"63";"44";"27";"";"";"";"1.3";"0.9";"";"";"";"";"3";"33";"0";"67";"30";"10";"40";"60";"30";"30";"43";"30";"70";"70";"60";"40";"70";"90";"0x0";"0x0";"";"1.3";"0.8";"1.3";"1.2";"2.3";"";"";"5";"8";"10";"10";"";"";"";"";"";"";"";"";"";"";"";"";"";"";"0"
"Norway";"NOR";"2. Division - Group 1";"28-06-2026 12:00";"NS";"Sotra";"";"";"Jerv";"";"";"2.06";"3.00";"77";"77";"71";"65";"5";"56";"51";"1.7";"2.6";"53";"59";"5.9";"6.3";"4";"25";"50";"25";"50";"80";"20";"20";"30";"0";"57";"87";"70";"100";"80";"80";"50";"20";"1x2";"1x2";"19.9";"2.1";"1.9";"0.8";"0.8";"2.8";"52";"47";"6";"1";"10";"10";"12.1";"11.9";"6.6";"9.2";"8.5";"2.1";"4";"5.4";"5.5";"1.6";"1.6";"1.6";"1.4";"3.1";"3.5"
"Norway";"NOR";"2. Division: Group 2";"28-06-2026 09:00";"FT";"Skeid";"7";"1";"Trygg/Lade";"2";"1";"1.40";"5.73";"60";"14";"34";"48";"1";"41";"48";"1";"0.4";"33";"53";"5.8";"8.6";"";"";"";"";"30";"10";"10";"10";"60";"80";"33";"13";"40";"20";"90";"90";"70";"90";"1x2";"2x1";"22";"1";"1.4";"1.3";"2.6";"3.2";"44";"51";"11";"14";"10";"10";"5.8";"12";"12";"14.3";"9.4";"5.3";"6.5";"2.1";"5";"1.8";"1.7";"1.4";"1.7";"3.3";"3.9"
"Norway";"NOR";"2. Division: Group 2";"28-06-2026 10:00";"INPLAY_2ND_HALF";"Stjørdals-Blink";"0";"1";"Junkeren";"0";"1";"1.60";"4.11";"35";"38";"54";"48";"1";"51";"44";"1";"1.2";"45";"44";"6.4";"7.2";"4";"75";"25";"0";"30";"40";"10";"0";"60";"60";"33";"40";"40";"40";"90";"100";"70";"60";"1x2";"1x0";"22.2";"1.6";"1.4";"2";"1.9";"3.4";"52";"49";"10";"9";"10";"10";"10.2";"10.1";"9.2";"15";"10";"4.4";"6.3";"4.6";"4.8";"1.4";"2.3";"1.3";"2.3";"3.6";"3.9"
"Norway";"NOR";"2. Division: Group 2";"28-06-2026 10:00";"INPLAY_2ND_HALF";"Follo";"0";"1";"Levanger";"0";"1";"4.23";"1.63";"32";"63";"44";"71";"2";"50";"50";"0.8";"2.1";"48";"51";"7";"5.2";"7";"43";"43";"14";"20";"70";"20";"0";"60";"30";"27";"70";"40";"70";"80";"100";"80";"30";"1x4";"0x3";"20";"1.3";"2.1";"2.1";"1.2";"3.4";"50";"52";"13";"4";"10";"10";"9.1";"10.9";"10.8";"9.3";"8.1";"5.2";"3.6";"3.1";"4.3";"2.9";"1.4";"2.4";"2";"4.4";"3.9"
"Norway";"NOR";"3. Division - Group 1";"28-06-2026 11:00";"INPLAY_1ST_HALF";"KFUM II";"0";"0";"Heming";"0";"0";"3.93";"1.60";"14";"52";"65";"71";"2";"43";"51";"1.3";"1.9";"42";"57";"4.8";"4.3";"";"";"";"";"40";"60";"10";"10";"50";"30";"43";"63";"50";"70";"90";"90";"60";"40";"3x2";"0x2";"22.5";"1.9";"2.1";"2.6";"1.5";"4";"48";"52";"10";"5";"10";"10";"9.1";"9";"15";"11.9";"11";"8";"5.2";"4.8";"4.1";"1.7";"2.4";"2.3";"1.7";"4";"4"
"Norway";"NOR";"3. Division - Group 3";"28-06-2026 09:00";"FT";"Varegg";"1";"1";"Vard";"0";"0";"4.69";"1.46";"32";"46";"37";"85";"2";"50";"62";"0.5";"2.2";"50";"76";"8.6";"5.7";"";"";"";"";"10";"70";"20";"10";"70";"20";"17";"73";"30";"80";"80";"90";"90";"30";"1x3";"0x1";"20.5";"1.1";"2.5";"2.1";"1.7";"3.7";"49";"56";"14";"3";"10";"10";"9.5";"14.3";"9.5";"7.7";"9.9";"4.5";"3.5";"5";"6.8";"1.5";"2";"1.8";"1.5";"3.4";"3.3"
"Norway";"NOR";"3. Division - Group 4";"28-06-2026 09:00";"FT";"Brodd";"4";"0";"Haugesund II";"1";"0";"2.09";"2.54";"28";"21";"61";"82";"5";"50";"54";"1.3";"1.4";"52";"70";"7.5";"5.2";"4";"25";"50";"25";"40";"40";"10";"20";"50";"40";"43";"47";"50";"60";"90";"80";"60";"60";"2x1";"2x3";"24";"1.8";"2.4";"2.2";"2.4";"4.4";"47";"47";"10";"9";"10";"10";"13.5";"12.6";"11.2";"10.9";"11";"4";"5.9";"7.8";"4.4";"2";"1.3";"1.4";"1.9";"3.2";"3.2"
"Norway";"NOR";"3. Division - Group 4";"28-06-2026 11:00";"INPLAY_1ST_HALF";"Vindbjart";"1";"0";"Stabæk II";"1";"0";"1.35";"5.48";"66";"0";"68";"85";"1";"56";"51";"2";"1.2";"67";"54";"5.4";"5.5";"";"";"";"";"60";"40";"20";"0";"20";"60";"67";"40";"80";"40";"80";"100";"40";"60";"2x0";"3x2";"22.7";"2";"2.5";"1.1";"3";"4.3";"50";"51";"4";"11";"10";"10";"10.8";"13.8";"7.3";"13.4";"9.3";"2.7";"5.3";"4.7";"6";"2.1";"0.9";"1.4";"2.4";"3.4";"3.2"
"Norway";"NOR";"3. Division - Group 4";"28-06-2026 12:00";"NS";"Varhaug";"";"";"Odd II";"";"";"1.64";"3.89";"60";"7";"58";"51";"1";"48";"48";"1.5";"0.8";"53";"58";"6.8";"8.9";"";"";"";"";"40";"20";"30";"20";"30";"60";"50";"27";"70";"40";"70";"80";"60";"80";"0x1";"2x1";"26.6";"1.7";"1.5";"1.3";"2.8";"3.6";"47";"49";"6";"12";"10";"10";"11.6";"13.3";"11.6";"16.9";"10.9";"4.4";"7.3";"4.8";"5.3";"2.6";"1.1";"1.8";"1.6";"3.6";"3.2"
"Norway";"NOR";"3. Division - Group 5";"28-06-2026 07:00";"FT";"Strømsgodset II";"5";"1";"Skjervøy";"2";"0";"1.16";"9.33";"25";"14";"71";"58";"3";"51";"";"1.4";"1.1";"55";"";"";"";"2";"100";"0";"0";"40";"30";"20";"20";"40";"50";"47";"37";"60";"50";"80";"80";"60";"70";"3x1";"0x2";"";"2.1";"1.7";"2.3";"2.6";"4.4";"54";"";"10";"11";"10";"10";"14.6";"";"11.7";"";"";"5.1";"";"7.1";"";"2";"";"1.3";"";"";"3.3"
"Norway";"NOR";"3. Division - Group 5";"28-06-2026 08:00";"FT";"Alta";"3";"0";"Finnsnes";"1";"0";"";"";"46";"60";"71";"82";"";"53";"";"1.4";"2.2";"62";"";"";"";"5";"40";"0";"60";"30";"70";"50";"10";"20";"20";"47";"73";"80";"80";"50";"90";"70";"30";"1x1";"1x3";"";"2.1";"2.4";"1.7";"1.3";"3.8";"49";"";"6";"2";"10";"10";"11.4";"";"10.4";"";"";"4";"";"5.4";"";"1.8";"";"1.2";"";"";"3.3"
"Norway";"NOR";"3. Division - Group 5";"28-06-2026 12:00";"NS";"Lillestrøm II";"";"";"Tromsø II";"";"";"1.31";"5.39";"32";"38";"100";"51";"1";"61";"36";"1.8";"0.9";"59";"30";"3.8";"5";"4";"50";"50";"0";"60";"20";"0";"30";"40";"50";"60";"30";"60";"50";"100";"70";"40";"80";"3x1";"1x1";"22.9";"3.5";"1.5";"2.1";"1.9";"4.5";"53";"48";"5";"12";"10";"10";"13.4";"7.5";"7.9";"17";"11.2";"4.7";"6";"8.1";"3.5";"1.4";"1.3";"2.1";"1.3";"3.1";"3.3"
"Norway";"NOR";"3. Division - Group 6";"28-06-2026 10:00";"INPLAY_2ND_HALF";"Råde";"3";"2";"Lyn II";"1";"2";"1.17";"8.66";"42";"32";"100";"58";"3";"60";"52";"2.2";"1.3";"56";"65";"3.7";"7.5";"";"";"";"";"70";"40";"10";"10";"20";"50";"73";"43";"80";"50";"90";"90";"30";"60";"0x1";"1x3";"24.5";"4.1";"1.7";"1.8";"2.1";"4.8";"53";"52";"3";"10";"10";"10";"15";"12.8";"7.4";"13.9";"11.1";"3";"5.9";"8";"5.3";"1.6";"1.9";"1.4";"1.7";"3.3";"3.7"
"Paraguay";"PAR";"Division Intermedia";"28-06-2026 10:00";"INPLAY_2ND_HALF";"3 de Noviembre";"1";"0";"Paraguarí";"1";"0";"2.40";"2.76";"49";"56";"27";"20";"5";"49";"51";"0.4";"0.5";"50";"62";"10.2";"14.3";"";"";"";"";"0";"10";"40";"20";"60";"70";"13";"17";"40";"30";"60";"80";"100";"90";"0x2";"1x0";"18.2";"0.8";"0.6";"1.6";"1.4";"2.2";"46";"50";"16";"14";"10";"10";"8.2";"8.6";"10.6";"9";"7.7";"3.9";"4.7";"3.2";"3.6";"3.2";"3.1";"3.6";"3.2";"6.6";"5.7"
"Paraguay";"PAR";"Division Intermedia";"28-06-2026 15:30";"NS";"Guaireña";"";"";"Deportivo Santaní";"";"";"2.36";"2.88";"74";"80";"48";"34";"5";"47";"53";"1.8";"1.5";"46";"53";"8.1";"10.3";"6";"33";"0";"67";"50";"40";"30";"30";"20";"30";"60";"50";"80";"70";"70";"70";"50";"60";"0x0";"0x0";"21.2";"1.4";"1";"0.9";"0.7";"2";"45";"50";"6";"9";"10";"10";"11.4";"10.3";"12.2";"8.5";"8.9";"5.1";"3.8";"4.7";"4.2";"2.3";"2.2";"2.5";"3";"5";"5.7"
"Paraguay";"PAR";"Division Intermedia";"28-06-2026 18:00";"NS";"Sol de América";"";"";"12 de Junio VH";"";"";"2.60";"2.57";"74";"80";"44";"54";"5";"54";"54";"1.6";"2.3";"62";"55";"8.5";"6.9";"2";"50";"0";"50";"40";"70";"40";"20";"20";"10";"53";"77";"80";"90";"60";"80";"60";"30";"1x1";"0x1";"18.4";"1.3";"1.6";"0.9";"0.7";"2.2";"54";"56";"7";"2";"10";"10";"11.1";"11";"8.6";"6.1";"8.1";"4.2";"2.9";"4.2";"4.9";"1.8";"3.7";"2.5";"2.9";"5.4";"5.7"
"Paraguay";"PAR";"Campeonato Femenino";"28-06-2026 15:00";"NS";"Sportivo Trinidense W";"";"";"Sportivo Ameliano W";"";"";"1.04";"23.00";"38";"2";"37";"24";"3";"51";"38";"1.2";"0.4";"56";"40";"8.5";"4.4";"6";"67";"17";"17";"30";"10";"30";"10";"40";"80";"40";"13";"60";"20";"70";"90";"70";"90";"1x1";"2x0";"16.8";"1.1";"0.7";"1.9";"4";"3.8";"46";"41";"6";"12";"10";"10";"9.4";"4.6";"7.5";"12.1";"8";"3.6";"6.2";"4.5";"1.7";"2.8";"1.4";"3.1";"1.4";"4.4";"3.9"
"Paraguay";"PAR";"Campeonato Femenino";"28-06-2026 17:15";"NS";"Sportivo San Lorenzo";"";"";"2 de Mayo W";"";"";"1.34";"5.92";"4";"0";"71";"34";"1";"49";"35";"1";"0.6";"49";"35";"5.4";"5.3";"";"";"";"";"33";"20";"0";"0";"67";"80";"33";"20";"33";"20";"100";"100";"67";"80";"0x3";"1x0";"19.8";"2.1";"1";"2.9";"3";"4.5";"49";"37";"7";"10";"9";"10";"11.3";"6.7";"9.4";"12.3";"8.6";"4.4";"5.9";"5";"1.9";"2.1";"1";"2.6";"2.4";"4";"3.9"
"Paraguay";"PAR";"Campeonato Femenino";"28-06-2026 19:30";"NS";"Rubio Ñú";"";"";"Cerro Porteño W";"";"";"41.33";"1.02";"2";"77";"34";"85";"4";"35";"62";"0.9";"1.7";"33";"62";"5.8";"5.6";"";"";"";"";"25";"50";"12";"20";"62";"30";"29";"57";"38";"70";"88";"80";"75";"50";"0x1";"0x0";"20.6";"1";"2.5";"3.1";"0.8";"3.7";"42";"58";"9";"4";"8";"10";"5.8";"13.9";"13.6";"7.9";"10.3";"7";"4";"2.8";"6.8";"2.4";"1.6";"2.9";"1.9";"4.4";"3.9"
"Réunion";"REU";"Regionale 1";"28-06-2026 08:30";"NS";"St Pauloise FC";"";"";"Jeanne d'Arc";"";"";"";"";"80";"25";"58";"61";"";"";"";"1.7";"1.4";"";"";"";"";"2";"0";"50";"50";"40";"40";"50";"20";"10";"40";"57";"47";"90";"60";"50";"80";"60";"60";"0x0";"0x0";"";"1.7";"1.8";"0.7";"2.3";"3.2";"";"";"3";"7";"10";"10";"";"";"";"";"";"";"";"";"";"";"";"";"";"";"0"
"Réunion";"REU";"Regionale 1";"28-06-2026 08:30";"NS";"Bénédictine";"";"";"Saint-Pierroise";"";"";"";"";"46";"66";"37";"34";"";"";"";"1.1";"1.5";"";"";"";"";"";"";"";"";"30";"40";"20";"30";"50";"30";"37";"50";"50";"70";"80";"70";"70";"60";"1x2";"0x0";"";"1.1";"1";"1.7";"1.1";"2.4";"";"";"10";"5";"10";"10";"";"";"";"";"";"";"";"";"";"";"";"";"";"";"0"
"Réunion";"REU";"Regionale 1";"28-06-2026 08:30";"NS";"Ville Sainte-Suzanne";"";"";"Piton Saint-Leu";"";"";"";"";"46";"66";"37";"34";"";"";"";"0.9";"1.3";"";"";"";"";"";"";"";"";"20";"30";"30";"40";"50";"30";"30";"43";"50";"70";"70";"60";"80";"70";"0x1";"1x1";"";"1.1";"1";"1.7";"1.1";"2.4";"";"";"12";"8";"10";"10";"";"";"";"";"";"";"";"";"";"";"";"";"";"";"0"
"Réunion";"REU";"Regionale 1";"28-06-2026 08:30";"NS";"Sainte-Rose";"";"";"Saint-Louisienne";"";"";"";"";"49";"38";"37";"41";"";"";"";"1.1";"0.7";"";"";"";"";"4";"25";"25";"50";"30";"10";"20";"40";"50";"50";"37";"23";"50";"50";"80";"60";"70";"90";"1x2";"2x2";"";"1.1";"1.2";"1.6";"1.9";"2.9";"";"";"11";"13";"10";"10";"";"";"";"";"";"";"";"";"";"";"";"";"";"";"0"
"Réunion";"REU";"Regionale 1";"28-06-2026 08:30";"NS";"Stade Tamponnaise";"";"";"Excelsior";"";"";"";"";"84";"88";"44";"31";"";"";"";"1.9";"1.7";"";"";"";"";"8";"25";"38";"38";"50";"40";"40";"50";"10";"10";"63";"57";"90";"90";"60";"50";"50";"60";"0x0";"0x1";"";"1.3";"0.9";"0.6";"0.5";"1.6";"";"";"1";"2";"10";"10";"";"";"";"";"";"";"";"";"";"";"";"";"";"";"0"
"Réunion";"REU";"Regionale 1";"28-06-2026 08:30";"NS";"Saint-Denis";"";"";"Bagatelle Sainte-Suzanne";"";"";"";"";"60";"52";"65";"24";"";"";"";"1.3";"0.6";"";"";"";"";"";"";"";"";"30";"10";"40";"30";"30";"60";"43";"20";"70";"40";"60";"70";"70";"90";"0x1";"3x1";"";"1.9";"0.7";"1.3";"1.5";"2.7";"";"";"9";"14";"10";"10";"";"";"";"";"";"";"";"";"";"";"";"";"";"";"0"
"Réunion";"REU";"Regionale 1";"28-06-2026 08:30";"NS";"Trois Bassins";"";"";"ES Dominicaine";"";"";"";"";"80";"88";"41";"41";"";"";"";"1.6";"1.8";"";"";"";"";"2";"0";"50";"50";"40";"50";"40";"30";"20";"20";"53";"60";"80";"80";"60";"70";"60";"50";"0x0";"0x0";"";"1.2";"1.2";"0.7";"0.5";"1.8";"";"";"4";"6";"10";"10";"";"";"";"";"";"";"";"";"";"";"";"";"";"";"0"
"Russia";"RUS";"FNL 2 - Group 2";"28-06-2026 04:00";"FT";"Yenisey II";"1";"6";"Baltika II";"0";"4";"";"";"38";"56";"34";"51";"";"35";"47";"0.7";"1.3";"27";"48";"3.5";"5.3";"2";"50";"50";"0";"20";"40";"10";"10";"70";"50";"23";"43";"30";"50";"90";"90";"80";"60";"1x2";"2x1";"11.8";"1";"1.5";"1.9";"1.4";"2.9";"42";"51";"12";"5";"10";"10";"3.5";"7.9";"5.5";"6.8";"4.2";"2.3";"2.3";"1.3";"2.6";"1.9";"1.8";"1.4";"2.8";"4";"3.9"
"Russia";"RUS";"FNL 2 - Group 2";"28-06-2026 07:00";"FT";"Kosmos Dolgoprudny";"2";"0";"Irkutsk";"2";"0";"";"";"42";"46";"34";"31";"";"53";"42";"0.8";"1";"47";"40";"5.6";"7.8";"2";"0";"50";"50";"20";"30";"20";"10";"60";"60";"27";"33";"40";"40";"80";"90";"80";"70";"1x1";"1x2";"14";"1";"0.9";"1.8";"1.7";"2.7";"51";"46";"11";"12";"10";"10";"5.6";"7";"6.6";"8.9";"5.1";"2.6";"3.4";"1.7";"2.6";"3";"2";"1.4";"1.2";"3.8";"3.9"
"Russia";"RUS";"FNL 2 - Group 2";"28-06-2026 08:00";"FT";"FK Dinamo St. Petersburg";"1";"1";"Torpedo Vladimir";"0";"1";"";"";"100";"77";"68";"34";"";"69";"49";"2.7";"1.7";"80";"42";"3.8";"8.4";"3";"33";"33";"33";"90";"50";"0";"20";"10";"30";"90";"57";"90";"70";"100";"80";"10";"50";"1x0";"0x1";"14.1";"2";"1";"0.3";"0.8";"2";"62";"50";"1";"6";"10";"10";"7.5";"8.4";"4.2";"8";"4";"1.4";"2.2";"2.6";"1.8";"1.9";"1.7";"2.5";"1.9";"4";"3.9"
"Russia";"RUS";"FNL 2 - Group 2";"28-06-2026 12:00";"NS";"Cherepovets";"";"";"Zvezda Sint Petersburg";"";"";"";"";"60";"49";"51";"34";"";"39";"58";"1.6";"1";"37";"83";"3.5";"6.6";"3";"33";"33";"33";"50";"20";"10";"40";"40";"40";"53";"33";"60";"60";"90";"60";"50";"80";"1x0";"1x1";"12.6";"1.5";"1";"1.3";"1.6";"2.7";"42";"52";"7";"10";"10";"10";"5.2";"6.6";"6";"7.4";"4.4";"1.4";"3.1";"2.4";"1.8";"2.5";"0.8";"1.2";"1.4";"3";"3.9"
"Russia";"RUS";"FNL 2 - Group 2";"28-06-2026 12:00";"NS";"Spartak Moskva II";"";"";"Luki-Energiya";"";"";"";"";"56";"84";"34";"61";"";"52";"67";"1.3";"2.4";"65";"73";"7.6";"3.7";"4";"25";"50";"25";"40";"70";"10";"30";"50";"0";"43";"80";"50";"100";"90";"70";"60";"30";"0x1";"1x1";"13.4";"1";"1.8";"1.4";"0.6";"2.4";"53";"55";"9";"3";"10";"10";"7.6";"6.6";"7.3";"5.2";"3.8";"2.3";"0.8";"2.7";"1.8";"2.1";"2";"2.3";"1.6";"4";"3.9"
"Russia";"RUS";"FNL 2 - Group 2";"28-06-2026 12:00";"NS";"Tver";"";"";"Murom";"";"";"";"";"49";"77";"34";"54";"";"38";"66";"0.7";"1.9";"36";"46";"6.6";"4.7";"6";"33";"33";"33";"20";"60";"10";"10";"70";"30";"23";"63";"30";"70";"90";"90";"80";"40";"1x2";"0x1";"13.3";"1";"1.6";"1.6";"0.8";"2.5";"44";"62";"13";"5";"10";"10";"6.6";"7.5";"8.1";"4.3";"4.2";"2.6";"1.1";"1.8";"2.8";"2";"1.5";"2";"2.2";"3.8";"3.9"
"Russia";"RUS";"FNL 2 - Group 2";"28-06-2026 13:00";"NS";"Chertanovo";"";"";"Dinamo Vologda";"";"";"";"";"77";"56";"71";"37";"";"48";"51";"2.2";"1.1";"36";"49";"3.7";"6.7";"6";"33";"50";"17";"70";"30";"10";"20";"20";"50";"73";"37";"80";"50";"90";"80";"30";"70";"3x1";"1x0";"14.4";"2.1";"1.1";"0.8";"1.4";"2.7";"47";"53";"2";"8";"10";"10";"7.8";"7.4";"7.2";"6.4";"4.3";"1.7";"2.2";"2.9";"1.8";"1.9";"2.3";"2.2";"2.8";"4.6";"3.9"
"Russia";"RUS";"FNL 2 - Group 3";"28-06-2026 08:00";"FT";"Arsenal Tula II";"0";"4";"Salyut Belgorod";"0";"1";"4.35";"1.85";"32";"63";"48";"34";"2";"52";"66";"0.9";"1.3";"43";"62";"4.9";"8.1";"6";"17";"67";"17";"20";"40";"30";"10";"50";"50";"30";"43";"50";"50";"70";"90";"80";"60";"1x1";"0x1";"13.6";"1.4";"1";"2.1";"1.2";"2.8";"52";"58";"13";"9";"10";"10";"6.8";"8.1";"7.1";"5.2";"4.5";"3";"1.4";"2.4";"2.1";"1.9";"1.8";"2.1";"1.9";"3.8";"4"
"Russia";"RUS";"FNL 2 - Group 4";"28-06-2026 05:00";"FT";"Ural 2";"0";"0";"Zenit Izhevsk";"0";"0";"";"";"42";"52";"68";"48";"";"39";"57";"1.4";"1.3";"42";"51";"3.7";"4.2";"10";"30";"40";"30";"40";"30";"20";"40";"40";"30";"47";"43";"60";"70";"80";"60";"60";"70";"1x1";"1x1";"13.4";"2";"1.4";"1.8";"1.5";"3.4";"42";"53";"7";"8";"10";"10";"7.4";"5.9";"8.4";"5.1";"5.5";"3.1";"2.1";"3.8";"2";"1.8";"2.9";"1.9";"2.2";"4.4";"4.5"
"Russia";"RUS";"FNL 2 - Group 4";"28-06-2026 07:00";"FT";"Dinamo Barnaul";"2";"0";"Rubin Kazan' II";"0";"0";"";"";"38";"52";"34";"41";"";"45";"44";"0.8";"1.3";"34";"38";"5";"4.9";"7";"29";"29";"43";"10";"30";"50";"40";"40";"30";"27";"43";"60";"70";"50";"60";"90";"70";"1x1";"0x1";"12.8";"1";"1.2";"1.9";"1.5";"2.8";"44";"46";"11";"9";"10";"10";"5.2";"5.9";"7.6";"6.9";"5.2";"3.1";"2.9";"1.9";"2.5";"2";"2.4";"1.6";"1.5";"3.8";"4.5"
"Russia";"RUS";"FNL 2 - Group 4";"28-06-2026 08:00";"FT";"Chelyabinsk II";"0";"3";"Khimik Dzerzhinsk";"0";"2";"";"";"63";"84";"34";"92";"";"38";"71";"1.3";"2.8";"32";"96";"5.7";"2.6";"3";"0";"67";"33";"30";"90";"40";"10";"30";"0";"43";"93";"70";"100";"60";"90";"70";"10";"0x0";"0x2";"12.6";"1";"2.7";"1.2";"0.6";"2.8";"46";"60";"10";"1";"10";"10";"6.1";"7";"7.9";"4.1";"4.4";"2.4";"1.3";"1.8";"3.2";"2";"1.9";"2.4";"1.6";"3.9";"4.5"
"Russia";"RUS";"FNL 2 - Group 4";"28-06-2026 09:00";"FT";"Akron II";"1";"1";"Orenburg II";"0";"0";"";"";"35";"42";"58";"51";"";"60";"53";"0.9";"1.2";"58";"44";"4.1";"5.3";"7";"14";"71";"14";"30";"30";"0";"30";"70";"40";"30";"40";"30";"60";"100";"70";"70";"70";"1x2";"0x3";"14.4";"1.7";"1.5";"2";"1.8";"3.5";"57";"52";"8";"7";"10";"10";"6.9";"8";"5.9";"7.9";"5.3";"2.2";"3.1";"2.1";"3.1";"1.6";"2.5";"2.4";"2.7";"4.6";"4.5"
"Russia";"RUS";"FNL 2 - Group 4";"28-06-2026 10:00";"INPLAY_2ND_HALF";"Nosta";"1";"1";"Krylya Sovetov Samara II";"0";"1";"";"";"25";"66";"17";"34";"";"32";"52";"0.2";"1.2";"33";"42";"11";"8.1";"7";"29";"71";"0";"0";"30";"20";"30";"80";"40";"7";"40";"20";"60";"80";"70";"100";"70";"0x2";"1x0";"14.6";"0.5";"1";"2.3";"1.1";"2.4";"40";"51";"12";"4";"10";"10";"5.5";"8.1";"7.5";"8.2";"3.8";"2.6";"2";"1.4";"1.7";"1.8";"1.9";"2.8";"2";"4.2";"4.5"
"Russia";"RUS";"FNL 2 - Group 4";"28-06-2026 10:30";"HT";"Pobeda Nizhny Novgorod";"1";"0";"KDV";"1";"0";"";"";"52";"66";"85";"61";"";"48";"64";"2.1";"2";"41";"81";"2.9";"4";"";"";"";"";"70";"60";"0";"20";"30";"20";"70";"67";"70";"80";"100";"80";"30";"40";"3x2";"0x0";"12.7";"2.5";"1.8";"1.5";"1.1";"3.4";"52";"58";"3";"2";"10";"10";"7.3";"7.2";"5.7";"5.1";"4.2";"1.9";"1.5";"2.8";"2.1";"2.4";"1.3";"1.6";"1.9";"3.6";"4.5"
"Sierra Leone";"SLE";"Premier League";"28-06-2026 13:30";"NS";"East End Lions";"";"";"Mighty Blackpool";"";"";"2.02";"3.72";"66";"77";"48";"31";"5";"51";"52";"1.6";"1.2";"50";"43";"7.4";"10.7";"10";"40";"10";"50";"40";"30";"40";"30";"20";"40";"53";"40";"80";"60";"60";"70";"60";"70";"0x0";"1x0";"19.2";"1.4";"0.9";"1.1";"0.8";"2.1";"51";"52";"7";"12";"10";"10";"10.3";"9.6";"9.1";"9.4";"7.2";"3.6";"3.4";"4.1";"3.4";"1.3";"1.4";"1";"2";"2.8";"2.4"
"Sierra Leone";"SLE";"Premier League";"28-06-2026 13:30";"NS";"Bo Rangers";"";"";"Diamond Stars";"";"";"1.67";"5.13";"88";"80";"48";"34";"1";"65";"56";"2.1";"1.8";"48";"47";"11.4";"10.5";"10";"70";"0";"30";"60";"50";"30";"30";"10";"20";"70";"60";"90";"80";"70";"70";"40";"50";"0x0";"0x1";"19.6";"1.4";"1";"0.5";"0.7";"1.8";"53";"53";"1";"14";"10";"10";"16";"10.5";"7.8";"5";"7.4";"3";"2";"5.2";"4.5";"0.7";"1.8";"1.3";"2";"2.9";"2.4"
"Sweden";"SWE";"Superettan";"28-06-2026 10:00";"INPLAY_2ND_HALF";"Norrköping";"0";"1";"Norrby";"0";"1";"1.43";"6.22";"80";"49";"51";"41";"1";"55";"46";"2";"0.9";"47";"42";"7.3";"7.3";"";"";"";"";"60";"10";"20";"60";"20";"30";"67";"30";"80";"70";"80";"40";"40";"90";"2x0";"1x1";"18.6";"1.5";"1.2";"0.7";"1.6";"2.5";"56";"44";"3";"14";"10";"10";"11";"8.8";"7.4";"10";"7.6";"3.1";"4.3";"4.1";"3.6";"1.8";"1.5";"1.9";"1.5";"3.4";"3.3"
"Sweden";"SWE";"Superettan";"28-06-2026 10:00";"INPLAY_2ND_HALF";"Landskrona";"0";"0";"Värnamo";"0";"0";"1.85";"3.78";"66";"21";"65";"37";"1";"47";"49";"1.9";"0.4";"43";"47";"4.9";"8.9";"10";"20";"40";"40";"50";"10";"40";"10";"10";"80";"63";"13";"90";"20";"60";"90";"50";"90";"2x2";"1x0";"20.6";"1.9";"1.1";"1.1";"2.4";"3.2";"53";"52";"4";"15";"10";"10";"9.4";"9.8";"10.5";"11.6";"8.6";"3.1";"5.8";"4.8";"3.5";"2.8";"1.6";"1.3";"1.9";"3.8";"3.3"
"Sweden";"SWE";"Superettan";"28-06-2026 12:00";"NS";"Sandviken";"";"";"Helsingborg";"";"";"2.06";"3.14";"60";"35";"54";"58";"5";"51";"49";"1.4";"1.4";"50";"48";"6.2";"5.6";"4";"25";"25";"50";"40";"40";"20";"20";"40";"40";"47";"47";"60";"60";"80";"80";"60";"60";"1x2";"0x1";"20.6";"1.6";"1.7";"1.3";"2";"3.3";"53";"51";"10";"8";"10";"10";"9.9";"9.6";"9.8";"12";"9";"4";"5.7";"4.2";"4.2";"1";"2.2";"2";"1.7";"3.4";"3.3"
"Sweden";"SWE";"Ettan: North";"28-06-2026 11:00";"INPLAY_1ST_HALF";"Umeå";"0";"1";"Järfälla";"0";"1";"1.84";"3.30";"49";"21";"54";"51";"1";"46";"44";"1.3";"0.8";"50";"44";"6.3";"6.3";"";"";"";"";"30";"20";"40";"20";"30";"60";"43";"27";"70";"40";"60";"80";"70";"80";"1x1";"2x0";"22.4";"1.6";"1.5";"1.6";"2.4";"3.6";"49";"44";"9";"14";"10";"10";"10.1";"9.5";"13";"12.1";"9.7";"5.3";"5.9";"4.3";"3.9";"1.8";"1.6";"1.7";"2.2";"3.6";"3.2"
"Sweden";"SWE";"Ettan: South";"28-06-2026 08:00";"FT";"Olympic";"2";"1";"Eskilsminne";"0";"0";"2.27";"2.51";"42";"25";"61";"58";"5";"47";"51";"1.3";"1.1";"43";"50";"5.9";"5.5";"6";"50";"33";"17";"40";"30";"10";"20";"50";"50";"43";"37";"50";"50";"90";"80";"60";"70";"1x2";"0x2";"21.6";"1.8";"1.7";"1.8";"2.3";"3.8";"50";"52";"11";"9";"10";"10";"10.7";"9.4";"12.8";"10.3";"9.5";"4.4";"6.3";"4.4";"3.9";"1.3";"1.5";"1.8";"1.7";"3.2";"3"
"Sweden";"SWE";"Division 2: Norrland";"28-06-2026 09:00";"FT";"Lucksta";"3";"0";"Gottne IF";"2";"0";"3.05";"1.90";"28";"35";"71";"88";"2";"40";"52";"1.5";"2";"25";"56";"3.3";"6.7";"5";"20";"80";"0";"40";"60";"30";"20";"30";"20";"50";"67";"70";"80";"70";"80";"60";"40";"3x3";"2x3";"23.3";"2.1";"2.6";"2.2";"2";"4.4";"45";"42";"4";"2";"10";"10";"7";"17.3";"10.3";"12";"11";"5.7";"4.7";"3.7";"8";"2";"1";"1.8";"1";"2.9";"2.5"
"Sweden";"SWE";"Division 2: Sodra Gotaland";"28-06-2026 09:00";"FT";"Linero";"3";"1";"Karlshamn";"2";"0";"1.47";"4.99";"60";"35";"71";"37";"1";"51";"32";"1.9";"0.7";"45";"28";"5";"5.2";"3";"67";"33";"0";"60";"20";"10";"10";"30";"70";"63";"23";"70";"30";"90";"90";"40";"80";"2x1";"2x1";"18.1";"2.1";"1.1";"1.3";"2";"3.2";"50";"41";"5";"14";"10";"10";"10.4";"5.7";"9.1";"11";"8.8";"4.8";"5";"5.1";"2.7";"1";"1.3";"1.2";"0.7";"2.1";"3"
"Sweden";"SWE";"Division 2: Sodra Svealand";"28-06-2026 11:00";"INPLAY_1ST_HALF";"Örebro Syrianska";"1";"0";"Syrianska";"1";"0";"1.69";"3.85";"66";"4";"41";"48";"1";"49";"46";"1.2";"0.5";"40";"44";"6.2";"7.3";"";"";"";"";"40";"10";"0";"20";"60";"70";"40";"17";"40";"30";"100";"80";"60";"90";"0x1";"2x1";"19";"1.2";"1.4";"1.1";"2.9";"3.3";"50";"52";"11";"13";"10";"10";"7.4";"10.2";"7.9";"12.6";"9.3";"3.8";"7.7";"2.8";"4.4";"2.8";"1.1";"1.2";"1.3";"3.2";"3.3"
"Sweden";"SWE";"Division 2: Sodra Svealand";"28-06-2026 11:00";"INPLAY_1ST_HALF";"Rågsved";"1";"0";"Forward";"1";"0";"2.05";"2.86";"35";"56";"78";"82";"5";"49";"51";"1.4";"2.2";"48";"44";"4.8";"5.2";"3";"67";"33";"0";"40";"70";"20";"10";"40";"20";"47";"73";"60";"80";"80";"90";"60";"30";"4x2";"0x1";"22";"2.3";"2.4";"2";"1.4";"4";"48";"47";"7";"3";"10";"10";"11.1";"12.6";"10.4";"10";"11.4";"4.9";"3.7";"5.7";"8.6";"2.6";"0.9";"1.6";"2";"3.6";"3.3"
"Sweden";"SWE";"Division 2: Sodra Svealand";"28-06-2026 13:00";"NS";"Karlslund";"";"";"Fittja IF";"";"";"2.59";"2.24";"38";"32";"37";"78";"5";"46";"46";"0.8";"1.8";"45";"47";"8.4";"4.8";"";"";"";"";"20";"60";"20";"0";"60";"40";"27";"60";"40";"60";"80";"100";"80";"40";"1x3";"2x3";"22.4";"1.1";"2.3";"1.9";"2.1";"3.7";"47";"52";"12";"8";"10";"10";"9.2";"11";"12.7";"12";"11.4";"6.4";"6.8";"4.8";"4.9";"2.1";"1.5";"1.6";"1.4";"3.3";"3.3"
"Sweden";"SWE";"Division 2: Vastra Gotaland";"28-06-2026 08:00";"FT";"Jonsered";"1";"0";"Kongahälla";"0";"0";"1.64";"3.95";"38";"32";"51";"37";"1";"47";"38";"1.4";"0.9";"53";"38";"6.1";"6";"";"";"";"";"40";"20";"20";"30";"40";"50";"47";"30";"60";"50";"80";"70";"60";"80";"0x1";"2x2";"20.2";"1.5";"1.1";"1.9";"2.1";"3.3";"50";"44";"6";"12";"10";"10";"9.2";"6.6";"11.2";"13.6";"9.1";"5.4";"5.1";"4.3";"3.4";"1.4";"1.1";"1.2";"1.3";"2.5";"2.8"
"Syria";"SYR";"Premier League";"28-06-2026 11:00";"INPLAY_1ST_HALF";"Al Futuwa";"0";"0";"Khan Sheikhoun";"0";"0";"2.17";"2.81";"46";"66";"24";"17";"5";"";"";"0.8";"0.9";"";"";"";"";"";"";"";"";"20";"20";"20";"30";"60";"50";"27";"30";"40";"50";"80";"70";"80";"80";"0x1";"2x0";"";"0.7";"0.5";"1.7";"1.1";"2";"";"";"12";"14";"10";"10";"";"";"";"";"";"";"";"";"";"";"0.5";"";"1";"";"3"
"Syria";"SYR";"Premier League";"28-06-2026 11:00";"INPLAY_1ST_HALF";"Al Jaish";"0";"0";"Homs Al Fidaa";"0";"0";"8.00";"1.37";"84";"100";"34";"65";"2";"38";"";"1.7";"2.8";"32";"";"5";"5.3";"";"";"";"";"50";"90";"20";"10";"30";"0";"57";"93";"70";"100";"80";"90";"50";"10";"1x0";"0x1";"16.8";"1";"1.9";"0.6";"0.3";"1.9";"52";"";"8";"2";"10";"10";"5";"10";"9";"9.5";"3.5";"0";"2";"1";"4";"2";"";"1";"";"";"3"
"Syria";"SYR";"Premier League";"28-06-2026 11:00";"INPLAY_1ST_HALF";"Hottin";"0";"0";"Damascus Al Ahli";"0";"0";"1.89";"3.48";"42";"63";"37";"48";"1";"";"";"1.2";"1.7";"";"";"";"";"";"";"";"";"40";"50";"0";"20";"60";"30";"40";"57";"40";"70";"100";"80";"60";"50";"2x1";"1x1";"";"1.1";"1.4";"1.8";"1.2";"2.8";"";"";"5";"9";"10";"10";"";"";"";"";"";"";"";"";"";"";"";"";"";"";"3"
"Syria";"SYR";"Premier League";"28-06-2026 11:00";"INPLAY_1ST_HALF";"Jabala";"0";"0";"Al-Ittihad Aleppo";"0";"0";"10.80";"1.17";"32";"80";"20";"82";"4";"";"61";"0.6";"2.3";"";"58";"";"";"10";"10";"40";"50";"20";"70";"0";"20";"80";"10";"20";"77";"20";"90";"100";"80";"80";"30";"0x1";"0x4";"";"0.6";"2.4";"2.1";"0.7";"2.9";"";"60";"15";"1";"10";"10";"";"14.5";"";"8.2";"";"";"0.3";"";"2.8";"";"1.2";"";"2.8";"";"3"
"Syria";"SYR";"Premier League";"28-06-2026 11:00";"INPLAY_1ST_HALF";"Horriya";"0";"0";"Taliya";"0";"0";"2.47";"2.47";"70";"63";"51";"31";"5";"51";"";"1.3";"1.2";"49";"";"";"";"10";"10";"60";"30";"40";"30";"10";"30";"50";"40";"43";"40";"50";"60";"90";"70";"60";"70";"0x1";"1x0";"";"1.5";"0.9";"1";"1.2";"2.3";"54";"";"10";"7";"10";"10";"11.4";"";"9.6";"";"";"1.4";"";"2";"";"1.2";"";"2.4";"";"";"3"
"Syria";"SYR";"Premier League";"28-06-2026 11:00";"INPLAY_1ST_HALF";"Umayya";"0";"0";"Al Shorta";"0";"0";"2.27";"2.61";"56";"35";"37";"37";"5";"";"";"1.3";"1.1";"";"";"";"";"9";"22";"44";"33";"40";"30";"10";"20";"50";"50";"43";"37";"50";"50";"90";"80";"60";"70";"1x0";"0x2";"";"1.1";"1.1";"1.4";"2";"2.8";"";"";"13";"11";"10";"10";"";"";"";"";"";"";"";"";"";"";"";"";"";"";"3"
"Syria";"SYR";"Premier League";"28-06-2026 11:00";"INPLAY_1ST_HALF";"Al Karama";"0";"0";"Al Shouleh";"0";"0";"1.39";"6.69";"52";"70";"68";"14";"1";"";"";"1.7";"0.6";"";"";"";"";"2";"100";"0";"0";"50";"10";"20";"30";"30";"60";"57";"20";"70";"40";"80";"70";"50";"90";"0x1";"0x0";"";"2";"0.4";"1.5";"1";"2.4";"";"";"4";"16";"10";"10";"";"";"";"";"";"";"";"";"";"";"";"";"";"";"3"
"Tajikistan";"TJK";"Vysshaya Liga";"28-06-2026 11:00";"INPLAY_1ST_HALF";"Sardor Tursunzoda";"0";"0";"Istiqlol Dushanbe";"0";"0";"";"";"35";"100";"44";"41";"";"";"";"0.5";"1.9";"";"";"";"";"";"";"";"";"10";"50";"20";"40";"70";"10";"17";"63";"30";"90";"80";"60";"90";"50";"1x3";"0x0";"";"1.3";"1.2";"2";"0.4";"2.4";"";"";"11";"2";"10";"10";"";"";"";"";"";"";"";"";"";"";"";"";"";"";"0.9"
"Tajikistan";"TJK";"Vysshaya Liga";"28-06-2026 11:00";"INPLAY_1ST_HALF";"Ravshan";"0";"0";"Regar-TadAZ";"0";"0";"";"";"63";"84";"54";"51";"";"";"38";"1.6";"2.4";"";"18";"";"";"9";"56";"0";"44";"50";"70";"10";"30";"40";"0";"53";"80";"60";"100";"90";"70";"50";"30";"0x1";"0x1";"";"1.6";"1.5";"1.2";"0.6";"2.4";"";"51";"5";"3";"10";"10";"";"2.5";"";"5.5";"";"";"1.5";"";"0.5";"";"0.3";"";"0";"";"0.9"
"Uruguay";"URU";"Primera División Amateur";"28-06-2026 10:00";"NS";"Los Gorriones";"";"";"Huracán Buceo";"";"";"";"";"77";"46";"17";"14";"";"54";"44";"1.3";"0.4";"50";"39";"32";"23.8";"";"";"";"";"33";"0";"33";"40";"33";"60";"44";"13";"67";"40";"67";"60";"67";"100";"1x0";"0x0";"23.5";"0.5";"0.4";"0.8";"1.7";"1.7";"49";"48";"5";"7";"6";"10";"16";"9.5";"10";"11.5";"8";"3";"5.5";"5.5";"2";"2.5";"4.5";"2";"6.5";"7.8";"6.3"
"Uruguay";"URU";"Primera División Amateur";"28-06-2026 10:00";"NS";"Canadian";"";"";"Parque del Plata";"";"";"";"";"10";"25";"14";"27";"";"42";"54";"0.3";"1.1";"43";"52";"28.2";"14.1";"";"";"";"";"10";"30";"0";"20";"90";"50";"10";"37";"10";"50";"100";"80";"90";"70";"0x1";"0x0";"26.2";"0.4";"0.8";"2.7";"2.3";"3.1";"45";"54";"10";"6";"10";"10";"11.3";"11.3";"17";"12.7";"9";"7.3";"4.3";"3";"3.3";"3.3";"3";"2.3";"2.7";"5.7";"6.3"
"Uruguay";"URU";"Primera División Amateur";"28-06-2026 15:00";"NS";"Sportivo Bella Italia";"";"";"Terremoto";"";"";"";"";"63";"84";"17";"44";"";"";"51";"0.9";"2.1";"";"48";"";"";"3";"0";"0";"100";"20";"60";"30";"30";"50";"10";"30";"70";"50";"90";"70";"70";"80";"40";"0x0";"0x1";"";"0.5";"1.3";"1.2";"0.6";"1.8";"";"51";"4";"3";"10";"10";"";"14";"";"11.7";"";"";"3";"";"4.7";"";"3.3";"";"3";"";"6.3"
"Uruguay";"URU";"Primera División Amateur";"28-06-2026 15:00";"NS";"Lito";"";"";"LSM";"";"";"2.65";"2.57";"77";"77";"65";"51";"5";"56";"54";"2";"1.8";"52";"48";"7.4";"7.5";"";"";"";"";"60";"50";"20";"33";"20";"17";"67";"61";"80";"83";"80";"67";"40";"50";"1x2";"0x1";"24.2";"1.9";"1.5";"0.8";"0.8";"2.5";"64";"53";"2";"3";"10";"6";"14";"11.3";"11.5";"11.7";"6.8";"2.5";"3.3";"4";"3.7";"3";"2";"1.5";"3";"4.8";"6.3"
"Uruguay";"URU";"Primera División Amateur";"28-06-2026 15:00";"NS";"Alto Perú";"";"";"Deportivo Italiano";"";"";"";"";"2";"63";"7";"58";"";"20";"62";"0.1";"1.5";"24";"60";"25";"9.2";"3";"0";"100";"0";"0";"40";"10";"30";"90";"30";"3";"50";"10";"70";"90";"70";"100";"60";"0x1";"1x0";"29.9";"0.2";"1.7";"3.8";"1.2";"3.4";"32";"52";"9";"5";"10";"10";"5";"15.7";"31.5";"7.7";"13.5";"13.5";"5.3";"1.5";"6.7";"2.5";"3.3";"2";"3.3";"5.6";"6.3"
"Uruguay";"URU";"Primera División Amateur";"28-06-2026 15:00";"NS";"Villa Española";"";"";"Salto";"";"";"";"";"63";"70";"20";"17";"";"48";"";"0.7";"0.9";"42";"";"";"";"2";"50";"0";"50";"10";"20";"40";"30";"50";"50";"23";"30";"50";"50";"60";"70";"90";"80";"0x0";"1x0";"";"0.6";"0.5";"1.2";"1";"1.6";"47";"";"9";"8";"10";"10";"9.2";"";"8.8";"";"";"3";"";"4";"";"3.8";"";"3";"";"";"6.3"
"Uruguay";"URU";"Primera División Amateur";"28-06-2026 15:30";"NS";"Platense";"";"";"Artigas";"";"";"2.89";"2.34";"77";"66";"41";"34";"5";"46";"48";"1.7";"1.1";"38";"46";"6.5";"8.5";"5";"40";"40";"20";"50";"30";"20";"20";"30";"50";"57";"37";"70";"50";"80";"80";"50";"70";"1x1";"2x1";"17.6";"1.2";"1";"0.8";"1.1";"2";"46";"44";"4";"5";"10";"10";"7.8";"8.5";"8.8";"10";"7.7";"4.2";"5";"3.2";"3";"4.4";"2";"3.2";"3.3";"6.4";"6.3"
"United States";"USA";"USL League Two";"28-06-2026 16:00";"NS";"Erie Sports Center";"";"";"Riverhounds II";"";"";"";"";"2";"56";"24";"65";"";"41";"60";"0";"1.7";"40";"55";"17.1";"5.8";"";"";"";"";"0";"50";"0";"20";"100";"30";"0";"57";"0";"70";"100";"80";"100";"50";"0x2";"0x0";"25.6";"0.7";"1.9";"3.5";"1.4";"3.8";"49";"58";"7";"3";"10";"10";"12";"11";"17.7";"10.5";"14.1";"9.7";"5.5";"6";"7";"2.3";"2";"1.7";"0";"3";"4"
"United States";"USA";"USL League Two";"28-06-2026 17:00";"NS";"Philadelphia Lone Star";"";"";"Ocean City Nor'easters";"";"";"8.30";"1.20";"14";"100";"68";"100";"4";"40";"54";"1";"3";"46";"56";"6.6";"4.3";"2";"0";"100";"0";"30";"100";"10";"0";"60";"0";"33";"100";"40";"100";"90";"100";"70";"0";"0x3";"0x3";"26.2";"2";"3";"2.6";"0.4";"4";"51";"50";"7";"1";"10";"10";"13.2";"13";"17.5";"8.6";"12.5";"7.2";"3.8";"7";"7";"2";"0.4";"1.8";"2";"3.1";"4"
"United States";"USA";"USL League Two";"28-06-2026 17:00";"NS";"Seacoast United Phantoms";"";"";"Black Rock";"";"";"2.52";"2.20";"35";"63";"54";"58";"5";"49";"52";"1";"1.7";"41";"48";"9.2";"5.7";"10";"60";"20";"20";"30";"50";"10";"20";"60";"30";"33";"57";"40";"70";"90";"80";"70";"50";"1x2";"1x2";"24.5";"1.6";"1.7";"2";"1.2";"3.2";"48";"51";"8";"5";"10";"10";"14.8";"9.7";"14";"10.4";"11.4";"6.8";"4.7";"6.2";"5";"3.5";"2.6";"3.2";"1.7";"5.6";"4"
"United States";"USA";"USL League Two";"28-06-2026 18:00";"NS";"SF Glens";"";"";"San Francisco City";"";"";"";"";"56";"66";"44";"100";"";"50";"53";"1.6";"2.5";"39";"38";"6.9";"3.7";"10";"30";"60";"10";"50";"80";"10";"10";"40";"10";"53";"83";"60";"90";"90";"90";"50";"20";"1x0";"0x3";"19";"1.3";"3";"1.4";"1.1";"3.4";"48";"55";"4";"1";"10";"10";"9";"11.2";"10.1";"7.8";"10";"5";"4.4";"4.7";"6";"1.9";"2";"3";"2.8";"4.8";"4"
"United States";"USA";"USL League Two";"28-06-2026 19:00";"NS";"Blackwatch Rush";"";"";"Boston";"";"";"";"";"18";"25";"48";"54";"";"28";"50";"1.4";"1.1";"30";"50";"4.6";"7.6";"6";"0";"83";"17";"40";"30";"20";"20";"40";"50";"47";"37";"60";"50";"80";"80";"60";"70";"0x0";"0x3";"22.6";"1.4";"1.6";"2.5";"2.3";"3.9";"45";"54";"4";"7";"10";"10";"6.5";"12.1";"11.5";"15.1";"11.4";"4";"8.1";"4.5";"6.3";"1";"1";"1";"2.3";"2.6";"4"
"United States";"USA";"USL League Two";"28-06-2026 19:00";"NS";"Albion Colorado";"";"";"Colorado Storm";"";"";"";"";"60";"74";"92";"95";"";"";"36";"2.3";"2.5";"";"34";"";"";"3";"33";"67";"0";"70";"80";"20";"10";"10";"10";"77";"83";"90";"90";"80";"90";"30";"20";"3x2";"0x4";"";"2.7";"2.8";"1.3";"0.9";"3.8";"";"48";"3";"2";"10";"10";"";"7.5";"";"16";"";"";"9";"";"1.5";"";"2.5";"";"2.5";"";"4"
"United States";"USA";"USL League Two";"28-06-2026 19:00";"NS";"Bangers";"";"";"Bigfoot";"";"";"1.16";"8.66";"46";"2";"51";"41";"3";"52";"44";"1.8";"0.5";"55";"54";"3.1";"5.7";"2";"0";"100";"0";"60";"10";"0";"20";"40";"70";"60";"17";"60";"30";"100";"80";"40";"90";"1x0";"3x0";"14.2";"1.5";"1.2";"1.7";"3.5";"4";"51";"47";"3";"8";"10";"10";"4.7";"6.8";"5.3";"11.7";"7.8";"3.3";"6.3";"2.3";"3.7";"1.8";"2.1";"1.5";"2";"3.6";"4"
"United States";"USA";"USL League Two";"28-06-2026 19:00";"NS";"Weston";"";"";"Lakeland United";"";"";"2.74";"2.09";"38";"52";"44";"68";"5";"48";"50";"1.1";"1.6";"43";"39";"6.5";"5";"";"";"";"";"30";"50";"20";"12";"50";"38";"37";"54";"50";"62";"80";"88";"70";"50";"1x3";"1x0";"19.4";"1.3";"2";"1.9";"1.5";"3.4";"49";"53";"4";"2";"10";"8";"8.4";"10";"10";"10.5";"9.6";"5.1";"5";"3.1";"6";"3.3";"2";"2.6";"2";"5";"4"
"United States";"USA";"USL League Two";"28-06-2026 20:00";"NS";"West Chester United II";"";"";"Lehigh Valley Utd. Sonic";"";"";"1.84";"3.15";"46";"63";"54";"85";"1";"58";"55";"1.4";"2.7";"67";"64";"10.8";"6.8";"10";"70";"10";"20";"40";"90";"20";"0";"40";"10";"47";"90";"60";"90";"80";"100";"60";"10";"3x1";"1x3";"30.8";"1.6";"2.5";"1.7";"1.2";"3.5";"55";"45";"6";"2";"10";"10";"17.3";"17";"13.6";"13.7";"13";"5.1";"7.3";"6.6";"7";"1.1";"1";"1";"1.3";"2.2";"4"
"United States";"USA";"USL League Two";"28-06-2026 20:00";"NS";"Tacoma Stars";"";"";"West Seattle Junction";"";"";"2.32";"2.40";"21";"42";"68";"61";"5";"49";"51";"1.1";"1";"55";"57";"1.9";"4.3";"5";"40";"40";"20";"30";"30";"20";"10";"50";"60";"37";"33";"50";"40";"80";"90";"70";"70";"1x1";"2x1";"11.6";"2";"1.8";"2.4";"1.8";"4";"45";"50";"4";"7";"10";"10";"3.8";"7.8";"4.2";"7.3";"6.1";"2.2";"4.5";"2.5";"3";"1.9";"2.3";"1.6";"3";"4.4";"4"
"United States";"USA";"USL League Two";"28-06-2026 20:30";"NS";"Southern Soccer Academy";"";"";"Dothan United";"";"";"";"";"74";"88";"88";"85";"";"61";"";"2";"2.6";"72";"";"";"";"5";"0";"40";"60";"50";"80";"50";"20";"0";"0";"67";"87";"100";"100";"50";"80";"50";"20";"2x2";"0x2";"";"2.6";"2.5";"0.9";"0.5";"3.2";"61";"";"1";"2";"10";"10";"17.8";"";"8.2";"";"";"2.2";"";"8.5";"";"3.2";"";"1.5";"";"";"4"
"United States";"USA";"USL League Two";"28-06-2026 21:00";"NS";"Miami AC";"";"";"Brevard Fire";"";"";"1.82";"3.40";"0";"21";"44";"65";"1";"39";"41";"1.2";"0.8";"37";"38";"6";"4.5";"2";"50";"50";"0";"30";"20";"30";"20";"40";"60";"40";"27";"60";"40";"70";"80";"70";"80";"1x1";"1x0";"23.4";"1.3";"1.9";"3";"2.4";"4.3";"50";"42";"3";"5";"10";"10";"7.8";"8.5";"15.2";"15.2";"9.6";"6.7";"5.8";"2.5";"4.2";"2.5";"2";"1.5";"1.8";"3.9";"4"
"United States";"USA";"USL League Two";"28-06-2026 23:00";"NS";"Academica";"";"";"Marin";"";"";"";"";"18";"2";"54";"75";"";"44";"45";"0.6";"1.1";"42";"40";"7.3";"5.8";"7";"14";"43";"43";"10";"30";"30";"20";"60";"50";"20";"37";"40";"50";"70";"80";"90";"70";"0x2";"1x2";"27";"1.6";"2.2";"2.5";"3.2";"4.8";"42";"54";"7";"6";"10";"10";"11.7";"12.8";"14.7";"14.8";"15.6";"8.7";"8.2";"5.7";"8.6";"2.7";"2";"2.3";"1.7";"4.4";"4"
"United States";"USA";"WPSL";"28-06-2026 13:00";"NS";"El Paso Surf W";"";"";"SC del Sol W";"";"";"";"";"4";"66";"31";"100";"";"";"";"0.8";"2.1";"";"";"";"";"9";"0";"89";"11";"20";"70";"20";"0";"60";"30";"27";"70";"40";"70";"80";"100";"80";"30";"0x4";"1x4";"";"0.9";"3.5";"2.9";"1.1";"4.2";"";"";"4";"3";"10";"10";"";"";"";"";"";"";"";"";"";"";"";"";"";"";"0.9"
"United States";"USA";"WPSL";"28-06-2026 14:00";"NS";"STA W";"";"";"New York Dutch Lions W";"";"";"1.12";"11.40";"25";"2";"54";"27";"3";"60";"31";"0.8";"0.1";"63";"27";"10.4";"7.1";"6";"100";"0";"0";"20";"0";"20";"10";"60";"90";"27";"3";"40";"10";"80";"90";"80";"100";"0x2";"3x0";"24.4";"1.6";"0.8";"2.3";"4.5";"4.6";"55";"41";"5";"7";"10";"10";"16.7";"5.7";"10.3";"16";"11";"6.7";"8";"4.7";"2.7";"0";"0.3";"0.3";"0.7";"0.6";"0.9"
"United States";"USA";"WPSL";"28-06-2026 14:00";"NS";"New York Athletic W";"";"";"SUSA W";"";"";"";"";"84";"42";"82";"44";"";"53";"";"2.2";"1.4";"52";"";"";"";"8";"38";"62";"0";"70";"40";"10";"20";"20";"40";"73";"47";"80";"60";"90";"80";"30";"60";"2x0";"0x0";"";"2.4";"1.3";"0.6";"1.8";"3";"51";"";"1";"4";"10";"10";"14.3";"";"14.2";"";"";"5.8";"";"6.7";"";"0.5";"";"0.2";"";"";"0.9"
"United States";"USA";"WPSL";"28-06-2026 14:00";"NS";"Beadling W";"";"";"Rochester New York W";"";"";"";"";"70";"52";"44";"37";"";"";"";"1.3";"1.1";"";"";"";"";"3";"33";"67";"0";"40";"30";"10";"20";"50";"50";"43";"37";"50";"50";"90";"80";"60";"70";"0x1";"1x0";"";"1.3";"1.1";"1";"1.5";"2.4";"";"";"2";"3";"10";"10";"";"";"";"";"";"";"";"";"";"";"";"";"";"";"0.9"
"United States";"USA";"WPSL";"28-06-2026 14:00";"NS";"Florida Roots W";"";"";"Valdosta W";"";"";"";"";"10";"2";"71";"31";"";"";"";"1.8";"0.1";"";"";"";"";"";"";"";"";"60";"0";"0";"14";"40";"86";"60";"5";"60";"14";"100";"86";"40";"100";"2x1";"17x0";"";"2.1";"0.9";"2.7";"6.7";"6.2";"";"";"2";"6";"10";"7";"";"";"";"";"";"";"";"";"";"";"";"";"";"";"0.9"
"United States";"USA";"WPSL";"28-06-2026 16:00";"NS";"Kensington W";"";"";"Fever W";"";"";"";"";"42";"0";"27";"54";"";"30";"40";"0.3";"0.6";"25";"48";"7.5";"5.1";"";"";"";"";"0";"20";"33";"0";"67";"80";"11";"20";"33";"20";"67";"100";"100";"80";"0x1";"4x2";"23.6";"0.8";"1.6";"1.8";"3";"3.6";"44";"44";"8";"7";"6";"10";"6";"8.2";"15.5";"17.5";"11.6";"8";"10.2";"1";"4";"1.5";"0.2";"1";"0";"1.4";"0.9"
"United States";"USA";"WPSL";"28-06-2026 16:00";"NS";"Erie W";"";"";"Niagara 1812 W";"";"";"";"";"2";"0";"31";"37";"";"";"";"0.7";"0.6";"";"";"";"";"5";"0";"40";"60";"10";"10";"40";"30";"50";"60";"23";"20";"50";"40";"60";"70";"90";"90";"1x1";"3x1";"";"0.9";"1.1";"3.5";"3";"4.2";"";"";"5";"4";"10";"10";"";"";"";"";"";"";"";"";"";"";"";"";"";"";"0.9"
"United States";"USA";"WPSL";"28-06-2026 17:00";"NS";"Colorado Elevation W";"";"";"Glacier W";"";"";"";"";"46";"21";"31";"34";"";"";"";"0.7";"0.3";"";"";"";"";"";"";"";"";"14";"0";"29";"29";"57";"71";"24";"10";"43";"29";"71";"71";"86";"100";"1x1";"3x2";"";"0.9";"1";"1.7";"2.4";"3";"";"";"4";"5";"7";"7";"";"";"";"";"";"";"";"";"";"";"";"";"";"";"0.9"
"United States";"USA";"WPSL";"28-06-2026 19:00";"NS";"Brooklyn City W";"";"";"Force New York W";"";"";"1.29";"6.21";"56";"49";"68";"41";"3";"42";"42";"1.5";"1.2";"45";"43";"5.5";"7.3";"";"";"";"";"50";"30";"0";"30";"50";"40";"50";"40";"50";"60";"100";"70";"50";"70";"1x2";"0x0";"25.2";"2";"1.2";"1.4";"1.6";"3.1";"43";"48";"3";"6";"10";"10";"11";"8.8";"12.7";"18";"11.9";"6.3";"6.8";"5.7";"5";"0.3";"0.2";"0.3";"0.5";"0.8";"0.9"
"United States";"USA";"WPSL";"28-06-2026 19:00";"NS";"Mankato W";"";"";"Minnesota Thunder W";"";"";"";"";"52";"100";"58";"100";"";"44";"62";"1.3";"2.5";"36";"71";"6.6";"7.3";"5";"0";"100";"0";"40";"80";"10";"10";"50";"10";"43";"83";"50";"90";"90";"90";"60";"20";"0x1";"0x1";"31.3";"1.7";"3";"1.5";"0.4";"3.3";"51";"54";"5";"1";"10";"10";"11.2";"21.8";"17.2";"12.3";"15.8";"8.2";"5.2";"6.8";"11.5";"0.6";"0.3";"0";"0.2";"0.6";"0.9"
"United States";"USA";"WPSL";"28-06-2026 20:00";"NS";"Chicago KICS W";"";"";"Milwaukee Torrent W";"";"";"";"";"2";"63";"61";"100";"";"30";"46";"0.7";"2.5";"29";"40";"5";"2.7";"9";"11";"89";"0";"20";"80";"10";"10";"70";"10";"23";"83";"30";"90";"90";"90";"80";"20";"0x6";"0x1";"30.2";"1.8";"5.5";"3.1";"1.2";"5.8";"46";"49";"5";"1";"10";"10";"9";"15";"21";"15.5";"16";"9.5";"9.5";"5";"8";"0";"0.5";"0";"1.5";"1";"0.9"
"United States";"USA";"WPSL";"28-06-2026 20:30";"NS";"SF Glens W";"";"";"San Francisco Nighthawks W";"";"";"";"";"32";"63";"85";"85";"";"56";"60";"1.2";"2";"47";"54";"6.4";"4.6";"";"";"";"";"30";"60";"30";"20";"40";"20";"40";"67";"60";"80";"70";"80";"70";"40";"0x3";"1x1";"22";"2.5";"2.5";"2.1";"1.2";"4.2";"50";"54";"5";"1";"10";"10";"16";"11.5";"11";"5.5";"10.9";"7";"3";"7.3";"4.5";"2";"0.5";"0.7";"1";"2.1";"0.9"
"United States";"USA";"WPSL";"28-06-2026 21:00";"NS";"Minnesota Dutch Lions W";"";"";"Salvo W";"";"";"";"";"18";"88";"24";"100";"";"50";"73";"0.7";"2.4";"33";"72";"11.9";"7.8";"";"";"";"";"20";"80";"10";"0";"70";"20";"23";"80";"30";"80";"90";"100";"80";"20";"0x1";"0x2";"25.5";"0.7";"3.3";"2.5";"0.5";"3.5";"49";"60";"8";"2";"10";"10";"8.3";"25.9";"9.7";"7.1";"13";"5";"3.5";"4.7";"12.8";"1";"0.2";"0.7";"0.1";"1";"0.9"
"United States";"USA";"WPSL";"28-06-2026 21:00";"NS";"Texas Lone Star W";"";"";"Dallas W";"";"";"";"";"2";"66";"24";"100";"";"";"62";"0.7";"1.8";"";"64";"";"";"";"";"";"";"17";"50";"17";"30";"67";"20";"22";"60";"33";"80";"83";"70";"83";"50";"0x2";"1x1";"";"0.7";"3";"3.3";"1.1";"4";"";"50";"5";"2";"6";"10";"";"14";"";"11.5";"";"";"8.5";"";"7.5";"";"0.5";"";"1";"";"0.9"
"United States";"USA";"WPSL";"28-06-2026 21:00";"NS";"Prestige II W";"";"";"So Cal Union W";"";"";"";"";"";"";"";"";"";"";"53";"";"1.7";"";"47";"";"";"";"";"";"";"";"50";"";"20";"";"30";"";"57";"";"70";"";"80";"";"50";"";"";"";"";"2.3";"";"2.1";"";"";"51";"";"3";"";"10";"";"14.6";"";"13.4";"";"";"7.6";"";"6.6";"";"0.4";"";"0.4";"";""
"United States";"USA";"WPSL";"28-06-2026 23:00";"NS";"The Futbol Collective W";"";"";"Fresno Freeze W";"";"";"";"";"10";"18";"71";"51";"";"";"";"0.7";"1.3";"";"";"";"";"";"";"";"";"14";"40";"29";"10";"57";"50";"24";"43";"43";"50";"71";"90";"86";"60";"1x2";"1x2";"";"2.1";"1.5";"2.7";"2.5";"4.4";"";"";"6";"7";"7";"10";"";"";"";"";"";"";"";"";"";"";"";"";"";"";"0.9"
"United States";"USA";"WPSL";"28-06-2026 23:00";"NS";"FC Premier Women W";"";"";"Beach W";"";"";"";"";"56";"56";"100";"82";"";"68";"58";"1.9";"1.6";"44";"49";"3.3";"6";"2";"50";"50";"0";"56";"50";"22";"10";"22";"40";"63";"53";"78";"60";"78";"90";"44";"50";"1x1";"1x0";"19.5";"3";"2.4";"1.4";"1.4";"4.1";"51";"49";"3";"4";"9";"10";"10";"14.5";"6.5";"8";"7.4";"4";"3.3";"3";"4.3";"0";"0.3";"0.5";"0.5";"0.6";"0.9"
"United States";"USA";"MLS Next Pro";"28-06-2026 16:00";"NS";"Toronto II";"";"";"New England II";"";"";"3.29";"1.91";"32";"66";"48";"44";"2";"44";"55";"1.6";"1.7";"43";"56";"6.1";"7.3";"10";"10";"30";"60";"50";"50";"10";"20";"40";"30";"53";"57";"60";"70";"90";"80";"50";"50";"2x1";"0x1";"23.5";"1.4";"1.3";"2.1";"1.1";"3";"47";"49";"10";"5";"10";"10";"10.6";"12.4";"14.5";"9.4";"9.4";"5.6";"3.4";"4.8";"4.9";"1.8";"2.4";"2.4";"3.2";"4.9";"4.6"
"United States";"USA";"MLS Next Pro";"28-06-2026 19:00";"NS";"FC Cincinnati II";"";"";"Inter Miami II";"";"";"1.75";"3.68";"38";"7";"34";"41";"1";"47";"44";"0.9";"0.3";"47";"42";"8.1";"7.1";"8";"25";"62";"12";"30";"0";"0";"30";"70";"70";"30";"10";"30";"30";"100";"70";"70";"100";"0x1";"3x1";"27.6";"1";"1.2";"1.9";"2.8";"3.4";"43";"54";"15";"16";"10";"10";"10.4";"10.9";"16";"17.9";"11.6";"6.1";"7.8";"4.1";"5.1";"3.2";"3";"2";"1.7";"5";"4.6"
"United States";"USA";"MLS Next Pro";"28-06-2026 19:00";"NS";"Carolina Core";"";"";"Huntsville City";"";"";"2.32";"2.48";"49";"42";"41";"65";"5";"44";"48";"0.9";"1.4";"45";"43";"6.8";"4.6";"7";"14";"57";"29";"20";"40";"30";"20";"50";"40";"30";"47";"50";"60";"70";"80";"80";"60";"2x3";"2x1";"24.2";"1.2";"1.9";"1.6";"1.8";"3.2";"42";"46";"14";"13";"10";"10";"10";"11.3";"14.4";"12.8";"10.1";"5.8";"5.3";"3.9";"5.3";"2.3";"2.3";"1.9";"2.1";"4.3";"4.6"
"United States";"USA";"MLS Next Pro";"28-06-2026 20:00";"NS";"St. Louis City II";"";"";"Austin II";"";"";"2.38";"2.52";"38";"88";"48";"78";"5";"58";"50";"1.3";"2.6";"59";"49";"7.7";"4.6";"9";"56";"33";"11";"30";"80";"40";"20";"30";"0";"43";"87";"70";"100";"60";"80";"70";"20";"1x1";"0x2";"26.4";"1.4";"2.3";"1.9";"0.5";"3";"53";"48";"4";"1";"10";"10";"14.8";"13";"12.9";"12.2";"10.1";"5.2";"3.6";"5.6";"5.8";"2";"2.5";"1.5";"2.3";"4.2";"4.6"
"United States";"USA";"MLS Next Pro";"28-06-2026 20:00";"NS";"Orlando City II";"";"";"Columbus Crew II";"";"";"2.36";"2.40";"52";"49";"78";"65";"5";"52";"50";"1.8";"2";"53";"49";"5.1";"5.6";"9";"22";"78";"0";"50";"60";"30";"20";"20";"20";"60";"67";"80";"80";"70";"80";"50";"40";"2x2";"1x2";"27.3";"2.3";"1.9";"1.5";"1.6";"3.6";"59";"56";"4";"2";"10";"10";"15.2";"13.5";"12.5";"13.4";"10.4";"4.4";"4.9";"6.4";"5.1";"2";"2.5";"1.9";"2";"4.2";"4.6"
"United States";"USA";"MLS Next Pro";"28-06-2026 20:00";"NS";"New York RB II";"";"";"Philadelphia Union II";"";"";"1.69";"3.81";"46";"63";"71";"31";"1";"55";"48";"1.6";"1";"60";"44";"5.8";"9.8";"10";"40";"30";"30";"50";"30";"10";"10";"40";"60";"53";"33";"60";"40";"90";"90";"50";"70";"2x1";"1x0";"26.2";"2.1";"0.9";"1.7";"1.2";"3";"58";"46";"3";"11";"10";"10";"15.9";"11.3";"11.1";"14.2";"10.8";"6.4";"5.2";"6.2";"3.8";"2.5";"3";"2.1";"2.4";"5";"4.6"
"United States";"USA";"MLS Next Pro";"28-06-2026 21:00";"NS";"Minnesota United II";"";"";"Tacoma Defiance";"";"";"1.90";"3.20";"56";"63";"51";"48";"1";"56";"44";"1.4";"1.6";"57";"45";"7.1";"5.4";"8";"25";"38";"38";"40";"50";"20";"10";"40";"40";"47";"53";"60";"60";"80";"90";"60";"50";"0x0";"0x1";"25";"1.5";"1.4";"1.4";"1.2";"2.8";"51";"44";"7";"10";"10";"10";"14.5";"11.5";"11";"13.1";"9.2";"5.3";"4.4";"5.2";"3.6";"1.8";"2.4";"2.1";"1.9";"4.1";"4.6"
"United States";"USA";"MLS Next Pro";"28-06-2026 23:00";"NS";"Los Angeles FC 2";"";"";"Houston Dynamo FC II";"";"";"2.71";"2.15";"52";"70";"54";"65";"5";"54";"48";"1.9";"2";"60";"52";"6.4";"5.9";"5";"20";"60";"20";"60";"60";"10";"20";"30";"20";"63";"67";"70";"80";"90";"80";"40";"40";"2x1";"1x1";"27.8";"1.6";"1.9";"1.5";"1";"3";"56";"49";"8";"2";"10";"10";"13.9";"14.9";"12.4";"14.4";"10.4";"4.5";"5.2";"4.9";"6.1";"2.3";"2.5";"2.3";"2.6";"4.8";"4.6"
"United States";"USA";"USL W League";"28-06-2026 16:00";"NS";"Tacoma Galaxy W";"";"";"West Seattle Rhodies W";"";"";"8.25";"1.26";"21";"70";"34";"82";"4";"37";"55";"0.5";"2.2";"47";"71";"5.8";"6.1";"3";"0";"100";"0";"10";"70";"20";"10";"70";"20";"17";"73";"30";"80";"80";"90";"90";"30";"0x3";"0x1";"21.4";"1";"2.4";"2.4";"1";"3.4";"45";"52";"7";"3";"10";"10";"5.8";"14.7";"13.7";"8.7";"8.2";"5.5";"3";"2.7";"5.3";"0.3";"0.7";"0.3";"1.3";"1.4";"1.4"
"United States";"USA";"USL W League";"28-06-2026 16:00";"NS";"Edgewater Castle W";"";"";"Sioux Falls City W";"";"";"2.50";"2.31";"56";"60";"41";"58";"5";"47";"59";"1.5";"1.4";"63";"75";"8.3";"11.9";"";"";"";"";"40";"40";"30";"20";"30";"40";"50";"47";"70";"60";"70";"80";"60";"60";"1x0";"1x1";"27.2";"1.2";"1.7";"1.4";"1.3";"2.8";"48";"52";"3";"4";"10";"10";"10";"20.2";"12.5";"11.5";"12.8";"5.5";"6.2";"5";"8.8";"1";"2.2";"0";"0.8";"2";"1.4"
"United States";"USA";"USL W League";"28-06-2026 16:00";"NS";"Ann Arbor W";"";"";"Kalamazoo FC W";"";"";"";"";"32";"49";"41";"31";"";"";"";"1";"0.7";"";"";"";"";"10";"50";"20";"30";"30";"20";"10";"10";"60";"70";"33";"23";"40";"30";"90";"90";"70";"80";"2x1";"2x1";"";"1.2";"0.9";"2.1";"1.6";"2.9";"";"";"4";"5";"10";"10";"";"";"";"";"";"";"";"";"";"";"";"";"";"";"1.4"
"United States";"USA";"USL W League";"28-06-2026 16:00";"NS";"Manhattan W";"";"";"Cedar Stars W";"";"";"";"";"2";"0";"20";"100";"";"25";"";"0";"1.2";"40";"";"";"";"8";"0";"88";"12";"0";"40";"0";"0";"100";"60";"0";"40";"0";"40";"100";"100";"100";"60";"1x2";"0x4";"";"0.6";"3.2";"5.2";"3";"6";"40";"";"6";"4";"10";"10";"7.5";"";"29.5";"";"";"10.5";"";"4.5";"";"0.5";"";"0";"";"";"1.4"
"United States";"USA";"USL W League";"28-06-2026 16:00";"NS";"Long Island Rough Riders W";"";"";"Paisley Athletic W";"";"";"1.25";"7.72";"52";"18";"100";"100";"3";"58";"50";"2.4";"1.6";"91";"86";"4.5";"5";"6";"67";"17";"17";"80";"50";"0";"10";"20";"40";"80";"53";"80";"60";"100";"90";"20";"50";"3x1";"0x4";"36.2";"4.7";"3.1";"1.5";"2.5";"5.9";"59";"42";"1";"3";"10";"10";"21";"15.5";"14";"22";"17.2";"7.5";"9.5";"9";"8.5";"0.5";"1";"0.5";"0.5";"1.2";"1.4"
"United States";"USA";"USL W League";"28-06-2026 18:00";"NS";"Salmon Bay W";"";"";"Snohomish United W";"";"";"2.29";"2.45";"70";"60";"100";"100";"5";"71";"66";"2.3";"2.3";"90";"91";"4.4";"5.4";"";"";"";"";"70";"67";"20";"33";"10";"0";"77";"78";"90";"100";"80";"67";"30";"33";"3x0";"0x4";"23";"3.2";"4";"1";"1.3";"4.8";"60";"62";"2";"1";"10";"3";"14";"21.5";"3.5";"7";"9.2";"1.5";"2";"6.2";"8.5";"0.5";"0.5";"0.2";"1";"1.2";"1.4"
"United States";"USA";"USL W League";"28-06-2026 19:00";"NS";"Miami AC W";"";"";"Brooke House W";"";"";"";"";"2";"56";"14";"71";"";"22";"55";"0";"1.5";"18";"54";"6.2";"5.5";"3";"33";"67";"0";"0";"40";"0";"30";"100";"30";"0";"50";"0";"70";"100";"70";"100";"60";"0x4";"3x0";"24";"0.4";"2.1";"5.2";"1.4";"4.6";"";"49";"7";"5";"10";"10";"2.5";"11.6";"25";"8.8";"15";"17.5";"5";"2";"5.6";"0.3";"1.4";"0.3";"1.2";"1.6";"1.4"
"United States";"USA";"USL W League";"28-06-2026 19:00";"NS";"RKC W";"";"";"Minnesota Aurora W";"";"";"25.62";"1.05";"49";"100";"37";"95";"4";"39";"62";"0.8";"3";"38";"61";"8.5";"4.1";"7";"0";"100";"0";"20";"100";"20";"0";"60";"0";"27";"100";"40";"100";"80";"100";"80";"0";"0x1";"0x1";"21.9";"1.1";"2.8";"1.6";"0.1";"2.8";"41";"56";"7";"1";"10";"10";"9.3";"11.5";"17";"6";"10.8";"7.3";"3.5";"5.7";"5";"0.3";"1.3";"1";"1";"1.8";"1.4"
"United States";"USA";"USL W League";"28-06-2026 19:00";"NS";"Northern Virginia FC W";"";"";"Patuxent W";"";"";"";"";"46";"2";"68";"14";"";"43";"";"1.6";"0";"51";"";"";"";"10";"100";"0";"0";"50";"0";"10";"0";"40";"100";"53";"0";"60";"0";"90";"100";"50";"100";"0x0";"4x0";"";"2";"0.4";"1.7";"6.1";"5.1";"50";"";"4";"5";"10";"10";"10.8";"";"14.5";"";"";"8";"";"5.5";"";"0.5";"";"1";"";"";"1.4"
"United States";"USA";"USL W League";"28-06-2026 19:30";"NS";"Asheville City W";"";"";"Birmingham Legion W";"";"";"";"";"84";"70";"78";"51";"";"";"38";"2.2";"2";"";"48";"";"";"5";"80";"20";"0";"70";"60";"10";"20";"20";"20";"73";"67";"80";"80";"90";"80";"30";"40";"2x0";"0x1";"";"2.3";"1.5";"0.6";"1";"2.7";"";"46";"1";"2";"10";"10";"";"9.7";"";"14.7";"";"";"10.3";"";"6.3";"";"0";"";"0.7";"";"1.4"
"United States";"USA";"USL W League";"28-06-2026 20:00";"NS";"Lancaster Inferno W";"";"";"Eagle FC W";"";"";"";"";"70";"66";"78";"100";"";"";"66";"1.7";"2.1";"";"82";"";"";"6";"17";"67";"17";"50";"70";"20";"0";"30";"30";"57";"70";"70";"70";"80";"100";"50";"30";"2x3";"2x1";"";"2.3";"4.5";"1";"1.1";"4.4";"";"60";"2";"1";"10";"10";"";"27";"";"5.5";"";"";"2.5";"";"15";"";"1";"";"0.5";"";"1.4"
"United States";"USA";"USL W League";"28-06-2026 20:00";"NS";"Hartford Athletic W";"";"";"AC Connecticut W";"";"";"";"";"74";"2";"68";"10";"";"";"";"1.7";"0";"";"";"";"";"2";"100";"0";"0";"44";"0";"33";"0";"22";"100";"56";"0";"78";"0";"67";"100";"56";"100";"0x0";"4x0";"";"2";"0.3";"0.9";"4.9";"4";"";"";"3";"5";"9";"10";"";"";"";"";"";"";"";"";"";"";"";"";"";"";"1.4"
"United States";"USA";"USL W League";"28-06-2026 21:00";"NS";"Lonestar San Antonio W";"";"";"AHFC Royals W";"";"";"";"";"32";"70";"54";"100";"";"";"56";"0.9";"1.9";"";"70";"";"";"4";"0";"100";"0";"30";"60";"0";"10";"70";"30";"30";"63";"30";"70";"100";"90";"70";"40";"1x2";"0x0";"";"1.6";"3";"2.1";"1";"3.8";"";"56";"4";"1";"10";"10";"";"17.5";"";"12.5";"";"";"5";"";"7";"";"0.3";"";"0";"";"1.4"
"United States";"USA";"USL W League";"28-06-2026 22:00";"NS";"Albion Colorado W";"";"";"Colorado Storm W";"";"";"";"";"2";"88";"27";"100";"";"";"";"0.5";"2.7";"";"";"";"";"6";"0";"100";"0";"10";"90";"20";"0";"70";"10";"17";"90";"30";"90";"80";"100";"90";"10";"1x3";"1x8";"";"0.8";"4.9";"3.5";"0.5";"4.8";"";"";"4";"2";"10";"10";"";"";"";"";"";"";"";"";"";"";"";"";"";"";"1.4"
"United States";"USA";"USL W League";"28-06-2026 22:00";"CANCELLED";"SoCal Reds W";"";"";"Capo W";"";"";"";"";"70";"77";"100";"92";"";"";"59";"2.3";"2.6";"";"65";"";"";"";"";"";"";"70";"80";"20";"20";"10";"0";"77";"87";"90";"100";"80";"80";"30";"20";"2x1";"0x1";"";"3";"2.7";"1";"0.8";"3.8";"";"54";"6";"1";"10";"10";"";"24";"";"10.5";"";"";"4.5";"";"11.5";"";"1";"";"0";"";"1.4"
"United States";"USA";"USL W League";"28-06-2026 23:00";"NS";"Portland Cherry Bombs";"";"";"Bigfoot W";"";"";"";"";"42";"2";"24";"41";"";"48";"44";"0.7";"0.8";"61";"52";"15";"5.4";"";"";"";"";"10";"20";"40";"20";"50";"60";"23";"27";"50";"40";"60";"80";"90";"80";"0x3";"4x0";"20.9";"0.7";"1.2";"1.8";"3.5";"3.6";"43";"52";"6";"5";"10";"10";"10.5";"6.5";"13.2";"11.5";"9.2";"5.8";"5.5";"3.8";"3.2";"1.2";"0.2";"0.8";"0.5";"1.4";"1.4"
"United States";"USA";"UWS";"28-06-2026 13:00";"NS";"Michigan Stars W";"";"";"Midwest United W";"";"";"";"";"18";"49";"61";"65";"";"";"";"1";"1.5";"";"";"";"";"";"";"";"";"20";"40";"40";"30";"40";"30";"33";"50";"60";"70";"60";"70";"80";"60";"1x1";"1x1";"";"1.8";"1.9";"2.5";"1.6";"3.9";"";"";"8";"4";"10";"10";"";"";"";"";"";"";"";"";"";"";"";"";"";"";"0"
"United States";"USA";"UWS";"28-06-2026 15:00";"NS";"Pinnacle W";"";"";"Michigan Legends W";"";"";"";"";"2";"21";"24";"44";"";"";"";"0.4";"0.7";"";"";"";"";"";"";"";"";"14";"20";"0";"10";"86";"70";"14";"23";"14";"30";"100";"90";"86";"80";"0x2";"3x0";"";"0.7";"1.3";"3.1";"2.4";"3.8";"";"";"11";"9";"7";"10";"";"";"";"";"";"";"";"";"";"";"";"";"";"";"0"
"United States";"USA";"UWS";"28-06-2026 18:00";"NS";"Baltimore Blast W";"";"";"Racing Power W";"";"";"";"";"38";"84";"51";"100";"";"";"";"1.1";"2.7";"";"";"";"";"4";"0";"100";"0";"30";"90";"20";"0";"50";"10";"37";"90";"50";"90";"80";"100";"70";"10";"0x1";"0x1";"";"1.5";"3.8";"1.9";"0.6";"3.9";"";"";"2";"1";"10";"10";"";"";"";"";"";"";"";"";"";"";"";"";"";"";"0"
"United States";"USA";"UWS";"28-06-2026 20:00";"NS";"Midland Fusion W";"";"";"Pontiac W";"";"";"";"";"18";"32";"51";"82";"";"";"";"0.7";"1.6";"";"";"";"";"";"";"";"";"17";"50";"17";"10";"67";"40";"22";"53";"33";"60";"83";"90";"83";"50";"0x4";"3x1";"";"1.5";"2.4";"2.5";"2.1";"4.2";"";"";"10";"5";"6";"10";"";"";"";"";"";"";"";"";"";"";"";"";"";"";"0"
"United States";"USA";"UWS";"28-06-2026 20:00";"NS";"Grand Rapids W";"";"";"Michigan Jaguars W";"";"";"";"";"70";"74";"48";"100";"";"";"";"1.8";"2.5";"";"";"";"";"";"";"";"";"60";"80";"0";"10";"40";"10";"60";"83";"60";"90";"100";"90";"40";"20";"2x0";"0x3";"";"1.4";"3.9";"1";"0.9";"3.6";"";"";"6";"2";"5";"10";"";"";"";"";"";"";"";"";"";"";"";"";"";"";"0"
"United States";"USA";"UWS";"28-06-2026 20:00";"NS";"Michigan Jaguars II W";"";"";"Troy City W";"";"";"";"";"2";"18";"68";"65";"";"";"";"1.2";"1.3";"";"";"";"";"";"";"";"";"40";"40";"0";"10";"60";"50";"40";"43";"40";"50";"100";"90";"60";"60";"1x7";"1x2";"";"2";"1.9";"4";"2.5";"5.2";"";"";"7";"12";"5";"10";"";"";"";"";"";"";"";"";"";"";"";"";"";"";"0"
"United States";"USA";"UWS";"28-06-2026 20:00";"NS";"Baltimore Warriors W";"";"";"Lancaster W";"";"";"";"";"52";"2";"68";"34";"";"";"";"1.9";"0.8";"";"";"";"";"";"";"";"";"60";"25";"10";"0";"30";"75";"63";"25";"70";"25";"90";"100";"40";"75";"0x2";"0x3";"";"2";"1";"1.5";"3.2";"3.8";"";"";"3";"4";"10";"4";"";"";"";"";"";"";"";"";"";"";"";"";"";"";"0"
"United States";"USA";"UWS";"28-06-2026 23:00";"NS";"Los Angeles SC W";"";"";"San Fernando Valley W";"";"";"";"";"2";"2";"61";"27";"";"";"";"1.3";"0";"";"";"";"";"";"";"";"";"40";"0";"10";"0";"50";"100";"43";"0";"50";"0";"90";"100";"60";"100";"1x0";"3x0";"";"1.8";"0.8";"3.6";"4.4";"5.3";"";"";"4";"5";"10";"5";"";"";"";"";"";"";"";"";"";"";"";"";"";"";"0"
"Yemen";"YEM";"Yemeni League";"28-06-2026 10:00";"INPLAY_2ND_HALF";"Wahda Sana’a FC";"0";"0";"Shaab Hadramout FC";"0";"0";"";"";"100";"100";"27";"34";"";"";"";"1.5";"2.1";"";"";"";"";"10";"30";"50";"20";"30";"60";"60";"30";"10";"10";"50";"70";"90";"90";"40";"70";"70";"40";"0x0";"0x0";"";"0.8";"1";"0.4";"0.3";"1.2";"";"";"6";"2";"10";"10";"";"";"";"";"";"";"";"";"";"";"";"";"";"";"1.2"
"Zimbabwe";"ZIM";"Premier Soccer League";"28-06-2026 10:00";"INPLAY_2ND_HALF";"Dynamos";"0";"0";"Bulawayo Chiefs";"0";"0";"1.85";"4.40";"60";"49";"61";"41";"1";"50";"46";"1.4";"1";"45";"37";"5";"7";"10";"30";"30";"40";"30";"20";"50";"40";"20";"40";"47";"33";"80";"60";"50";"60";"70";"80";"2x2";"2x2";"17";"1.8";"1.2";"1.3";"1.6";"3";"53";"48";"6";"13";"10";"10";"9";"8.4";"7.5";"9.2";"4.2";"2.2";"1.5";"2.6";"1.9";"1.4";"0.6";"2.2";"1.1";"2.7";"2.8"
"Zimbabwe";"ZIM";"Premier Soccer League";"28-06-2026 10:00";"INPLAY_2ND_HALF";"AGAMA";"0";"0";"Herentals";"0";"0";"4.55";"1.78";"74";"74";"17";"44";"2";"35";"50";"1";"1.7";"35";"50";"10";"6.8";"";"";"";"";"20";"40";"40";"50";"40";"10";"33";"57";"60";"90";"60";"50";"80";"60";"0x0";"0x0";"15.6";"0.5";"1.3";"0.9";"0.9";"1.8";"44";"51";"16";"5";"10";"10";"5";"8.8";"9";"8.5";"3.6";"1.7";"3";"0.3";"2.2";"1";"1.8";"2";"1.7";"3.2";"2.8"
"Argentina";"ARG";"Primera Division Women";"28-06-2026 15:00";"NS";"Unión W";"";"";"Ferro Carril Oeste W";"";"";"7.23";"1.38";"14";"84";"20";"27";"2";"38";"48";"0.2";"1.2";"39";"45";"7.7";"8";"";"";"";"";"0";"30";"20";"30";"80";"40";"7";"40";"20";"60";"80";"70";"100";"70";"0x1";"0x0";"17.7";"0.6";"0.8";"2.6";"0.6";"2.3";"49";"49";"16";"11";"10";"10";"4.6";"6.7";"15.8";"8.3";"8";"7.8";"3.5";"2.1";"2.7";"2.9";"2.8";"1";"2.6";"4.6";"4.4"
"Argentina";"ARG";"Primera Division Women";"28-06-2026 18:00";"NS";"San Luis W";"";"";"Boca Juniors W";"";"";"5.06";"1.63";"70";"74";"41";"37";"2";"48";"61";"1.2";"1.4";"49";"66";"8.1";"10.5";"4";"25";"50";"25";"20";"40";"60";"20";"20";"40";"40";"47";"80";"60";"40";"80";"80";"60";"1x1";"1x0";"18.8";"1.2";"1.1";"1";"0.9";"2.1";"49";"57";"10";"8";"10";"10";"9.7";"11.5";"10.2";"6.2";"8.4";"4.2";"3.4";"4.5";"4.7";"2.3";"1.6";"1.8";"2.4";"4";"4.4"
"Australia";"AUS";"Western Australia NPL Women";"28-06-2026 04:00";"FT";"Perth W";"2";"1";"Fremantle City W";"2";"0";"1.79";"3.45";"100";"70";"95";"92";"1";"63";"57";"2.6";"2.2";"72";"69";"4.3";"4.9";"10";"70";"0";"30";"80";"70";"20";"10";"0";"20";"87";"73";"100";"80";"80";"90";"20";"30";"3x0";"1x0";"21.4";"2.8";"2.7";"0.4";"1";"3.4";"54";"55";"1";"2";"10";"10";"12";"13.3";"6.6";"10.9";"10.4";"2.7";"4.6";"7.3";"6.2";"1";"0.4";"0.6";"0.4";"1.2";"1.4"
"Australia";"AUS";"Western Australia NPL Women";"28-06-2026 04:00";"FT";"Perth RedStar W";"2";"2";"Sorrento W";"1";"1";"1.07";"16.94";"66";"7";"41";"34";"3";"55";"25";"1.4";"0.7";"59";"31";"9.1";"5.1";"2";"100";"0";"0";"40";"20";"20";"10";"40";"70";"47";"23";"60";"30";"80";"90";"60";"80";"1x2";"3x0";"22.5";"1.2";"1";"1.1";"2.8";"3";"54";"38";"4";"7";"10";"10";"10.9";"5.1";"9.9";"19.1";"11.6";"5.9";"9.3";"5.4";"2.6";"0.9";"0.6";"0.4";"0.7";"1.2";"1.4"
"Australia";"AUS";"Western Australia NPL Women";"28-06-2026 04:45";"FT";"Subiaco W";"0";"3";"Balcatta W";"0";"0";"6.00";"1.35";"18";"77";"48";"71";"2";"49";"60";"0.8";"2";"57";"70";"7.2";"7.5";"10";"10";"80";"10";"20";"60";"20";"20";"60";"20";"27";"67";"40";"80";"80";"80";"80";"40";"1x2";"0x1";"22.8";"1.4";"2.1";"2.5";"0.8";"3.4";"46";"56";"6";"3";"10";"10";"10.1";"15.7";"12.3";"7.4";"11.5";"6.2";"4.1";"4.7";"8";"0.8";"0.8";"1";"0.8";"1.6";"1.4"
"Australia";"AUS";"Capital Territory NPL Women";"28-06-2026 01:00";"FT";"Woden Weston W";"1";"8";"Canberra W";"1";"3";"";"";"4";"77";"41";"100";"";"50";"58";"1";"2.2";"47";"61";"4.6";"3.7";"10";"10";"70";"20";"30";"70";"10";"10";"60";"20";"33";"73";"40";"80";"90";"90";"70";"30";"1x0";"0x3";"17.9";"1.2";"3.1";"2.9";"0.8";"4";"44";"55";"4";"2";"10";"10";"6.2";"13.3";"10.3";"6";"8.2";"4.5";"3";"2.3";"6.5";"0.3";"0.8";"0.3";"0.7";"1.1";"1"
"Australia";"AUS";"Capital Territory NPL Women";"28-06-2026 02:00";"FT";"Belconnen United W";"10";"0";"Majura W";"6";"0";"1.05";"36.00";"100";"2";"100";"7";"3";"70";"17";"2.8";"0.2";"80";"17";"2.5";"7.5";"6";"100";"0";"0";"90";"0";"10";"20";"0";"80";"93";"7";"100";"20";"90";"80";"10";"100";"4x0";"3x0";"18.8";"5.9";"0.2";"0.3";"4.2";"5.3";"61";"42";"1";"6";"10";"10";"15";"1.5";"2.5";"18.5";"10.5";"1.2";"9.5";"9";"1.3";"0.8";"0.2";"1.2";"0.2";"1.2";"1"
"Australia";"AUS";"New South Wales NPL Women";"28-06-2026 01:50";"FT";"Bulls Academy W";"1";"0";"University of NSW W";"0";"0";"2.01";"2.89";"70";"77";"100";"75";"5";"59";"62";"2.4";"2.6";"66";"78";"4.7";"6.6";"5";"40";"20";"40";"70";"80";"30";"20";"0";"0";"80";"87";"100";"100";"70";"80";"30";"20";"1x1";"0x1";"23.4";"3.2";"2.2";"1";"0.8";"3.6";"53";"57";"2";"1";"10";"10";"15.2";"14.5";"8";"9.2";"10.8";"3.7";"3.9";"9";"5";"0.5";"0.5";"0.8";"0.6";"1.2";"1.8"
"Australia";"AUS";"New South Wales NPL Women";"28-06-2026 02:00";"FT";"Illawarra Stingrays W";"3";"0";"Gladesville Ravens W";"1";"0";"3.21";"1.92";"42";"42";"27";"54";"2";"43";"40";"0.6";"1.3";"56";"46";"11.6";"5";"7";"14";"43";"43";"10";"40";"30";"10";"60";"50";"20";"43";"40";"50";"70";"90";"90";"60";"0x1";"1x0";"24.4";"0.8";"1.6";"1.8";"1.8";"3";"45";"48";"13";"9";"10";"10";"9.3";"8";"15.3";"16.1";"12.6";"7.8";"8";"4.7";"4.6";"0.7";"0.9";"0.5";"0.8";"1.4";"1.8"
"Australia";"AUS";"New South Wales NPL Women";"28-06-2026 02:00";"DELAYED";"Macarthur Rams W";"";"";"Western Sydney II W";"";"";"2.98";"2.01";"25";"63";"44";"75";"5";"53";"56";"1";"2.2";"56";"64";"8.5";"6.1";"3";"33";"33";"33";"30";"70";"10";"10";"60";"20";"33";"73";"40";"80";"90";"90";"70";"30";"2x1";"2x3";"22.3";"1.3";"2.2";"2.3";"1.2";"3.5";"49";"58";"10";"3";"10";"10";"11";"13.4";"9.3";"10.9";"11.4";"4.6";"5.6";"5.7";"6.9";"1.2";"0.6";"0.7";"0.4";"1.4";"1.8"
"Australia";"AUS";"New South Wales NPL Women";"28-06-2026 04:00";"FT";"Sydney University W";"5";"2";"Mt Druitt Town W";"2";"0";"";"";"42";"7";"68";"17";"";"47";"42";"1.5";"0.1";"55";"49";"5";"24";"3";"33";"67";"0";"40";"0";"30";"10";"30";"90";"50";"3";"70";"10";"70";"90";"60";"100";"1x1";"1x0";"24.7";"2";"0.5";"1.8";"2.8";"3.6";"43";"48";"5";"14";"10";"10";"10.1";"12";"12.2";"15.1";"12.6";"6.5";"8.7";"5.1";"4.9";"1";"1.5";"1";"0.9";"2.2";"1.8"
"Australia";"AUS";"New South Wales NPL Women";"28-06-2026 04:00";"FT";"Manly United W";"1";"2";"APIA Leichhardt W";"1";"0";"3.92";"1.63";"60";"46";"54";"82";"2";"51";"55";"1.4";"1.6";"61";"64";"7.7";"5.5";"9";"33";"56";"11";"30";"50";"50";"10";"20";"40";"47";"53";"80";"60";"50";"90";"70";"50";"1x1";"3x2";"21.6";"1.6";"2.4";"1.3";"1.7";"3.5";"52";"52";"7";"4";"10";"10";"12.3";"13.1";"8.5";"9.3";"11.4";"5.2";"4.2";"5.8";"7.6";"0.7";"0.4";"1";"1.5";"1.8";"1.8"
"Australia";"AUS";"New South Wales NPL Women";"28-06-2026 04:30";"FT";"Hills United W";"1";"0";"Sydney Olympic W";"0";"0";"2.68";"2.16";"52";"46";"41";"68";"5";"51";"53";"1";"1.4";"54";"63";"10.6";"6.4";"";"";"";"";"30";"40";"10";"20";"60";"40";"33";"47";"40";"60";"90";"80";"70";"60";"0x2";"2x0";"23.2";"1.2";"2";"1.5";"1.7";"3.2";"44";"51";"11";"8";"10";"10";"12.7";"12.9";"10.3";"10.5";"12.4";"5.2";"5.6";"6.6";"7.4";"0.9";"1.5";"0.9";"1.2";"2.2";"1.8"
"Australia";"AUS";"Tasmania Women's Super League";"28-06-2026 01:00";"FT";"South Hobart W";"2";"1";"Kingborough United W";"1";"1";"1.45";"4.64";"46";"7";"100";"71";"1";"50";"50";"1.6";"1.4";"68";"66";"2.9";"6.2";"10";"70";"10";"20";"50";"40";"10";"20";"40";"40";"53";"47";"60";"60";"90";"80";"50";"60";"6x0";"2x4";"24";"3.4";"2.1";"1.7";"2.8";"5";"54";"49";"3";"4";"10";"10";"9.9";"13";"13";"12.1";"14";"7.6";"7";"6.1";"7.4";"0.4";"0.4";"0.3";"0.6";"0.8";"1"
"Australia";"AUS";"Northern NSW NPL Women";"28-06-2026 01:00";"DELAYED";"Newcastle Olympic W";"0";"0";"Charlestown Azzurri W";"0";"0";"2.37";"2.30";"2";"28";"48";"37";"5";"44";"39";"0.7";"1";"50";"39";"6.9";"6.4";"10";"60";"30";"10";"20";"20";"10";"40";"70";"40";"23";"33";"30";"60";"90";"60";"80";"80";"0x5";"2x2";"22.4";"1.4";"1.1";"3.7";"2.2";"4.2";"50";"41";"7";"6";"10";"10";"9.7";"7";"12";"16";"14.3";"8";"9.9";"6.5";"4.2";"0.5";"0.3";"0.3";"0.7";"0.9";"1"
"Australia";"AUS";"Northern NSW NPL Women";"28-06-2026 03:00";"FT";"Adamstown Rosebud W";"0";"1";"Lake Macquarie City W";"0";"1";"3.40";"1.72";"21";"32";"71";"41";"2";"48";"54";"1.1";"1.1";"55";"57";"5.7";"7.2";"5";"20";"80";"0";"30";"30";"20";"20";"50";"50";"37";"37";"50";"50";"80";"80";"70";"70";"2x2";"1x1";"20.7";"2.1";"1.2";"2.4";"2.1";"3.9";"50";"54";"4";"3";"10";"10";"11.9";"8.7";"12";"8.8";"11.1";"5.8";"5.3";"6.8";"4.4";"0.9";"0.1";"0.6";"0.5";"1";"1"
"Belarus";"BLR";"Vysshaya Liga Women";"28-06-2026 08:00";"FT";"Naftan W";"2";"0";"Zorka-BDU W";"1";"0";"";"";"66";"49";"100";"58";"";"59";"49";"2.1";"1.2";"102";"52";"2.3";"3.4";"4";"0";"100";"0";"70";"40";"0";"0";"30";"60";"70";"40";"70";"40";"100";"100";"30";"60";"1x0";"0x3";"13.6";"4.2";"1.7";"1.1";"1.6";"4.3";"64";"47";"5";"7";"10";"10";"9.8";"5.7";"2.4";"9.3";"4.8";"0.6";"3";"4.4";"1.7";"0.8";"0.4";"0.6";"0";"0.9";"1.4"
"Belarus";"BLR";"Vysshaya Liga Women";"28-06-2026 10:00";"INPLAY_2ND_HALF";"DYuSSh Pinskogo W";"0";"2";"Dinamo Brest W";"0";"2";"";"";"2";"88";"20";"95";"";"31";"49";"0.3";"2.1";"15";"57";"";"";"10";"0";"100";"0";"10";"70";"0";"0";"90";"30";"10";"70";"10";"70";"100";"100";"90";"30";"0x1";"0x1";"";"0.6";"2.8";"4.2";"0.5";"4";"29";"58";"11";"2";"10";"10";"";"11";"";"8.2";"";"";"1.2";"";"3.5";"0.7";"1.5";"0";"0.3";"1.2";"1.4"
"Belarus";"BLR";"Vysshaya Liga Women";"28-06-2026 12:00";"NS";"Vitebsk W";"";"";"Belshina W";"";"";"";"";"66";"2";"58";"68";"";"53";"27";"1.9";"0.9";"78";"34";"5.9";"2.2";"3";"100";"0";"0";"60";"30";"10";"0";"30";"70";"63";"30";"70";"30";"90";"100";"40";"70";"1x0";"3x0";"17.6";"1.7";"2";"1.1";"3.1";"4";"50";"31";"6";"10";"10";"10";"10";"4.5";"7.3";"13.5";"5.4";"2";"5";"2.7";"1";"0.5";"0.6";"0.2";"1.2";"1.2";"1.4"
"China";"CHN";"Super League Women";"28-06-2026 05:00";"FT";"Shaanxi Chang AN Athletic FC W";"0";"0";"Sichuan W";"0";"0";"1.93";"3.65";"49";"18";"17";"27";"1";"38";"34";"0.4";"0";"28";"25";"6.6";"8.5";"";"";"";"";"10";"0";"10";"0";"80";"100";"13";"0";"20";"0";"90";"100";"90";"100";"1x2";"1x0";"15.2";"0.5";"0.8";"1.6";"2.5";"2.7";"39";"37";"9";"12";"10";"4";"3.3";"6.8";"9";"11.2";"7";"4.5";"4.8";"1.5";"3.2";"0.2";"1";"0.4";"0.2";"0.9";"1.2"
"China";"CHN";"Super League Women";"28-06-2026 08:00";"FT";"Liaoning Shenbei Hefeng W";"1";"0";"Changchun Dazhong Zhiye W";"0";"0";"1.42";"6.02";"66";"66";"51";"58";"1";"54";"56";"2";"1.7";"47";"39";"8.3";"3.8";"2";"50";"0";"50";"60";"50";"20";"20";"20";"30";"67";"57";"80";"70";"80";"80";"40";"50";"1x0";"0x0";"17.2";"1.5";"1.7";"1.1";"1.1";"2.7";"55";"55";"2";"7";"10";"10";"12.4";"6.4";"9.9";"5.6";"7.6";"4.3";"2.6";"4.7";"3.6";"0.9";"0.9";"0.7";"1.2";"1.8";"1.2"
"China";"CHN";"Super League Women";"28-06-2026 08:35";"FT";"Shanghai RCB W";"2";"1";"Jiangsu W";"2";"0";"1.67";"4.50";"88";"60";"58";"61";"1";"64";"58";"1.9";"2";"69";"50";"8.9";"6.3";"2";"0";"0";"100";"50";"60";"40";"20";"10";"20";"63";"67";"90";"80";"60";"80";"50";"40";"0x0";"0x1";"21.4";"1.7";"1.8";"0.5";"1.3";"2.7";"60";"51";"3";"4";"10";"10";"15.1";"11.3";"6.6";"9.7";"10.4";"2.7";"5.1";"7.7";"5.4";"0.2";"1.3";"0.8";"0.9";"1.6";"1.2"
"China";"CHN";"Super League Women";"28-06-2026 08:35";"FT";"Shandong Sports Lottery W";"1";"0";"Zhejiang Hangzhou W";"1";"0";"2.05";"3.36";"49";"66";"54";"37";"5";"45";"38";"1.1";"1.4";"40";"26";"4.4";"4.5";"2";"0";"50";"50";"20";"40";"50";"20";"30";"40";"37";"47";"70";"60";"50";"80";"80";"60";"1x1";"1x0";"15.7";"1.6";"1.1";"1.6";"1.1";"2.7";"48";"39";"11";"6";"10";"10";"7";"4.9";"10.7";"8.9";"7.2";"5.3";"3.4";"3.7";"2";"1.3";"0.1";"0.6";"0.6";"1.3";"1.2"
"Europe";"EUR";"Euro U19 Women";"28-06-2026 09:00";"FT";"Switzerland U19 W";"2";"2";"Spain U19 W";"1";"1";"12.83";"1.11";"84";"100";"61";"100";"4";"59";"75";"2.5";"2.6";"59";"78";"6.7";"5.4";"3";"33";"67";"0";"80";"80";"10";"20";"10";"0";"83";"87";"90";"100";"90";"80";"20";"20";"1x0";"0x3";"20.4";"1.8";"3.5";"0.6";"0.1";"3";"57";"70";"4";"1";"10";"10";"12.1";"18.9";"7.7";"2.1";"9.8";"3.7";"1";"5.9";"9";"0.7";"0.8";"1.9";"1.8";"2.6";""
"Europe";"EUR";"Euro U19 Women";"28-06-2026 12:00";"NS";"Austria U19 W";"";"";"Iceland U19 W";"";"";"1.71";"3.59";"66";"60";"92";"61";"1";"69";"54";"1.7";"1.4";"71";"53";"6.4";"5.8";"";"";"";"";"50";"40";"20";"20";"30";"40";"57";"47";"70";"60";"80";"80";"50";"60";"2x0";"1x1";"19.2";"2.7";"1.8";"1.1";"1.3";"3.4";"59";"52";"3";"2";"10";"10";"17.4";"10.4";"3";"7.7";"8.1";"1.6";"3.3";"7.3";"4";"1";"0.7";"1.3";"1.2";"2.1";""
"Finland";"FIN";"Kansallinen Liiga Women";"28-06-2026 11:00";"INPLAY_1ST_HALF";"Åland United W";"0";"0";"HPS W";"0";"0";"1.97";"2.95";"60";"77";"100";"68";"1";"57";"55";"2.1";"2.2";"57";"57";"3";"6.8";"10";"40";"50";"10";"70";"70";"0";"10";"30";"20";"70";"73";"70";"80";"100";"90";"30";"30";"4x1";"0x4";"21.2";"4";"2";"1.3";"0.8";"4";"52";"54";"4";"3";"10";"10";"11.8";"13.7";"8.8";"8";"9.8";"3.4";"3.3";"6.6";"6.3";"1.7";"1.3";"1.7";"1.9";"3.3";"2.4"
"Finland";"FIN";"Ykkönen Women";"28-06-2026 09:00";"FT";"HJS W";"2";"3";"TPS W";"1";"1";"1.31";"6.64";"56";"42";"61";"48";"1";"50";"37";"1.8";"0.9";"55";"41";"5.1";"5.1";"2";"50";"50";"0";"60";"20";"0";"30";"40";"50";"60";"30";"60";"50";"100";"70";"40";"80";"1x2";"3x1";"19";"1.8";"1.4";"1.4";"1.8";"3.2";"44";"46";"3";"10";"10";"10";"9.1";"7.2";"10";"11.6";"9.8";"5.4";"6.6";"4.7";"3";"1.1";"0.8";"0.9";"1.2";"2";"1.7"
"Iceland";"ISL";"2. Deild Women";"28-06-2026 13:00";"NS";"Afturelding W";"";"";"Dalvík / Reynir W";"";"";"1.05";"17.00";"70";"2";"100";"54";"3";"69";"26";"2.2";"1.1";"76";"24";"6.8";"2.8";"";"";"";"";"70";"30";"10";"20";"20";"50";"73";"37";"80";"50";"90";"80";"30";"70";"0x4";"1x4";"26.5";"3.6";"1.6";"1";"3.3";"4.8";"54";"34";"2";"8";"10";"10";"24.5";"4.5";"6";"18";"12";"3";"9";"9";"3";"1.5";"1.5";"0.5";"1.5";"2.5";"2.1"
"Latvia";"LVA";"Women League";"28-06-2026 08:00";"FT";"Riga W";"22";"0";"Rēzeknes / BJSS";"9";"0";"";"";"100";"2";"100";"0";"";"";"";"2.8";"0";"";"";"";"";"";"";"";"";"90";"0";"10";"0";"0";"100";"93";"0";"100";"0";"90";"100";"10";"100";"3x1";"11x0";"";"5.2";"0";"0.3";"9.8";"7.6";"";"";"2";"7";"10";"8";"";"";"";"";"";"";"";"";"";"";"";"";"";"";"0"
"Latvia";"LVA";"Women League";"28-06-2026 12:00";"NS";"Iecava / Olaine W";"";"";"Auda W";"";"";"";"";"2";"4";"95";"100";"";"";"";"0.9";"1.5";"";"";"";"";"5";"60";"20";"20";"30";"50";"0";"0";"70";"50";"30";"50";"30";"50";"100";"100";"70";"50";"0x4";"0x4";"";"2.8";"3";"4.1";"2.9";"6.4";"";"";"5";"4";"10";"10";"";"";"";"";"";"";"";"";"";"";"";"";"";"";"0"
"Northern Ireland";"NIR";"Premiership Women";"28-06-2026 11:00";"INPLAY_1ST_HALF";"Glentoran BU W";"1";"0";"Derry City W";"1";"0";"1.02";"67.83";"63";"25";"100";"68";"3";"69";"45";"2.4";"1.2";"81";"44";"4.9";"4.1";"10";"100";"0";"0";"80";"40";"0";"0";"20";"60";"80";"40";"80";"40";"100";"100";"20";"60";"3x1";"3x1";"20.8";"3.4";"2";"1.2";"2.3";"4.4";"62";"50";"3";"6";"10";"10";"16.6";"8.2";"8.6";"8.4";"9.5";"3.3";"4.4";"7.3";"4";"0.6";"1.2";"0.9";"1.6";"2.1";"1.3"
"Norway";"NOR";"1. Division Women";"28-06-2026 09:00";"FT";"Start W";"1";"0";"Arna-Bjørnar W";"0";"0";"2.19";"2.61";"56";"60";"95";"95";"5";"60";"57";"2.5";"1.9";"70";"61";"4.7";"6.1";"2";"0";"50";"50";"80";"60";"10";"10";"10";"30";"83";"63";"90";"70";"90";"90";"20";"40";"2x1";"0x1";"28.4";"2.8";"2.8";"1.4";"1.3";"4.2";"56";"56";"1";"4";"10";"10";"13.1";"17.2";"11.6";"14.8";"13.1";"4.6";"7.5";"5.4";"8.8";"0.5";"0.5";"0.5";"1.5";"1.5";"2"
"Norway";"NOR";"1. Division Women";"28-06-2026 09:00";"FT";"Kolbotn W";"0";"3";"Grei W";"0";"1";"1.63";"3.83";"49";"7";"51";"61";"1";"53";"48";"0.8";"0.7";"53";"46";"8.1";"6.3";"4";"100";"0";"0";"20";"20";"20";"10";"60";"70";"27";"23";"40";"30";"80";"90";"80";"80";"1x1";"1x3";"23";"1.5";"1.8";"1.6";"2.8";"3.8";"51";"46";"8";"10";"10";"10";"12.2";"11.4";"10.7";"11.8";"11.4";"5";"5.4";"7.7";"4.6";"0.9";"0.6";"1.5";"0.5";"1.8";"2"
"Norway";"NOR";"1. Division Women";"28-06-2026 09:00";"DELAYED";"Klepp W";"";"";"TIL 2020 W";"";"";"8.93";"1.21";"2";"63";"44";"82";"4";"43";"";"0.6";"1.4";"49";"";"";"";"4";"0";"50";"50";"20";"40";"0";"20";"80";"40";"20";"47";"20";"60";"100";"80";"80";"60";"0x2";"2x1";"";"1.3";"2.4";"3.8";"1.2";"4.4";"44";"";"11";"5";"10";"10";"10.9";"";"18.9";"";"";"9.9";"";"4.6";"";"1.5";"1";"0.5";"1.5";"2.2";"2"
"Norway";"NOR";"Cup Women";"28-06-2026 09:00";"INPLAY_ET";"Stabæk W";"2";"2";"Fortuna Ålesund W";"1";"1";"3.38";"1.84";"74";"70";"71";"100";"2";"50";"56";"2.1";"2.7";"48";"64";"5.6";"4.8";"";"";"";"";"70";"90";"0";"0";"30";"10";"70";"90";"70";"90";"100";"100";"30";"10";"2x1";"2x3";"25.4";"2.1";"3.4";"0.9";"1";"3.7";"51";"51";"";"";"10";"10";"11.7";"16.4";"12";"10.9";"12.3";"5.1";"4.9";"6.4";"8.1";"1.1";"1.2";"0.9";"0.8";"2";"1.6"
"New Zealand";"NZL";"National League Women";"28-06-2026 00:00";"FT";"Western Springs W";"0";"2";"Ellerslie W";"";"";"";"";"10";"32";"44";"61";"";"";"34";"0.9";"1.2";"";"30";"";"";"5";"40";"20";"40";"30";"40";"0";"0";"70";"60";"30";"40";"30";"40";"100";"100";"70";"60";"0x2";"3x0";"";"1.3";"1.8";"2.7";"2.1";"4";"";"38";"7";"5";"10";"10";"";"4.5";"";"14";"";"";"9";"";"3.5";"";"0";"";"0.5";"";"2.8"
"Russia";"RUS";"Premier League Women";"28-06-2026 03:00";"FT";"Yenisey W";"0";"0";"Krasnodar W";"0";"0";"6.13";"1.47";"49";"49";"37";"31";"2";"35";"35";"0.5";"0.9";"32";"27";"2.1";"6.8";"10";"20";"70";"10";"10";"20";"20";"30";"70";"50";"17";"30";"30";"50";"80";"70";"90";"80";"0x3";"1x1";"11.6";"1.1";"0.9";"1.6";"1.6";"2.6";"39";"40";"13";"10";"10";"10";"2.1";"5.4";"7";"8.7";"5.8";"3.3";"3.9";"0.9";"3.6";"1";"1.7";"0.6";"2";"2.7";"2.6"
"Thailand";"THA";"Thai Women's League 1";"28-06-2026 05:00";"AWAITING_UPDATES";"MH Nakhonsi W";"";"";"Chonburi Sports School W";"";"";"";"";"21";"10";"24";"58";"";"45";"51";"0.6";"1.2";"55";"57";"16.1";"8.7";"5";"80";"0";"20";"20";"40";"0";"0";"80";"60";"20";"40";"20";"40";"100";"100";"80";"60";"1x3";"2x4";"25.2";"0.7";"1.7";"2.4";"2.7";"3.8";"41";"";"7";"5";"10";"10";"11.3";"14.8";"15.7";"8.8";"12.4";"8.3";"5.5";"4.7";"6.2";"1.3";"0.2";"0.7";"0.8";"1.5";"1.3"
"Thailand";"THA";"Thai Women's League 1";"28-06-2026 05:00";"AWAITING_UPDATES";"Nakhon Sawan W";"";"";"Kasem Bundit Uni W";"";"";"";"";"2";"60";"20";"54";"";"";"56";"0.1";"1.3";"";"64";"";"";"";"";"";"";"0";"40";"10";"10";"90";"50";"3";"43";"10";"50";"90";"90";"100";"60";"0x6";"2x1";"";"0.6";"1.6";"3.3";"1.3";"3.4";"";"56";"8";"4";"10";"10";"";"12.2";"";"9.8";"";"";"3.8";"";"8";"";"0.8";"";"1";"";"1.3"
"Thailand";"THA";"Thai Women's League 1";"28-06-2026 05:00";"AWAITING_UPDATES";"BGC Asian Scholars W";"";"";"Chonburi FA W";"";"";"";"";"100";"63";"82";"100";"";"";"47";"2.8";"2.1";"";"50";"";"";"7";"43";"29";"29";"90";"70";"10";"0";"0";"30";"93";"70";"100";"70";"90";"100";"10";"30";"2x1";"0x6";"";"2.4";"3.4";"0.3";"1.2";"3.6";"";"";"1";"2";"10";"10";"";"6";"";"10.7";"";"";"6";"";"3";"";"0.3";"";"1";"";"1.3"
"Thailand";"THA";"Thai Women's League 1";"28-06-2026 06:00";"FT";"Burirat Academy W";"2";"0";"Bangkok W";"1";"0";"11.90";"1.12";"7";"88";"51";"100";"4";"36";"56";"1.3";"2.3";"42";"61";"5.3";"3.4";"3";"0";"100";"0";"40";"70";"10";"20";"50";"10";"43";"77";"50";"90";"90";"80";"60";"30";"2x1";"0x0";"20.4";"1.5";"3";"2.8";"0.5";"3.9";"47";"";"6";"3";"10";"10";"8";"10.2";"17";"5.5";"9.8";"8";"2.5";"3.5";"5.5";"0.5";"1";"0";"0.5";"1";"1.3"
"World";"WOR";"Club Friendlies 3";"28-06-2026 04:30";"FT";"Katowice";"2";"0";"Arka Gdynia";"2";"0";"1.62";"4.32";"60";"35";"88";"31";"1";"47";"45";"1.8";"0.7";"49";"42";"4.4";"9.2";"10";"20";"50";"30";"40";"10";"60";"40";"0";"50";"60";"23";"100";"50";"40";"60";"60";"90";"1x1";"3x0";"29";"2.6";"0.9";"1.3";"2";"3.4";"46";"42";"1";"2";"10";"10";"14.1";"11";"17.4";"15.5";"9.8";"5";"4.9";"6.2";"3.5";"1.3";"1.7";"1.8";"2";"3.4";"2.1"
"World";"WOR";"Club Friendlies 3";"28-06-2026 05:30";"NS";"Slovácko";"";"";"Prostějov";"";"";"";"";"56";"52";"48";"34";"";"55";"42";"1.3";"1.2";"49";"40";"6.8";"5.6";"3";"100";"0";"0";"40";"20";"10";"60";"50";"20";"43";"40";"50";"80";"90";"40";"60";"80";"1x2";"1x1";"18.9";"1.4";"1";"1.4";"1.5";"2.6";"55";"42";"1";"2";"10";"10";"12";"5.6";"9.8";"10.4";"7.2";"3.6";"4";"4.5";"2.3";"2.2";"1.8";"1.3";"1.1";"3.2";"2.1"
"World";"WOR";"Club Friendlies 3";"28-06-2026 05:30";"FT";"Odra Opole";"0";"0";"Žilina";"0";"0";"";"";"70";"52";"31";"51";"";"42";"46";"1.4";"1.1";"47";"44";"11.7";"6.2";"";"";"";"";"40";"30";"20";"20";"40";"50";"47";"37";"60";"50";"80";"80";"60";"70";"0x2";"1x0";"26.2";"0.9";"1.5";"1";"1.5";"2.4";"49";"50";"1";"2";"10";"10";"10.5";"11.9";"15.3";"14.8";"9.2";"4";"5.5";"3.9";"4.9";"1.4";"1.6";"2";"2.3";"3.6";"2.1"
"World";"WOR";"Club Friendlies 3";"28-06-2026 08:00";"FT";"Brøndby IF";"8";"1";"Hvidovre";"4";"1";"1.56";"4.39";"60";"49";"48";"31";"1";"53";"51";"1.2";"0.7";"50";"47";"7.4";"9.7";"8";"62";"25";"12";"30";"10";"30";"40";"40";"50";"40";"23";"60";"50";"70";"60";"70";"90";"1x1";"1x1";"26.2";"1.4";"0.9";"1.3";"1.6";"2.6";"50";"50";"1";"2";"10";"10";"14.4";"13.3";"12.4";"12.3";"9.8";"5.4";"5.7";"4.7";"3.8";"2.8";"1.7";"2.9";"1.3";"4.4";"2.1"
"World";"WOR";"Club Friendlies 3";"28-06-2026 09:00";"FT";"Hallescher FC";"1";"2";"Górnik Zabrze";"0";"0";"7.81";"1.26";"60";"84";"85";"58";"4";"";"55";"1.6";"2.3";"";"55";"";"";"";"";"";"";"50";"70";"10";"20";"40";"10";"53";"77";"60";"90";"90";"80";"50";"30";"2x3";"0x1";"";"2.5";"1.7";"1.3";"0.6";"3";"";"54";"1";"2";"10";"10";"";"15.4";"";"11.1";"";"";"2.9";"";"5";"2.5";"1.3";"2";"2.9";"4.4";"2.1"
"World";"WOR";"Club Friendlies 3";"28-06-2026 09:00";"FT";"AIK";"3";"2";"Västerås SK";"2";"1";"2.21";"2.46";"49";"28";"41";"58";"5";"55";"44";"1.2";"1.2";"50";"40";"8.2";"4.5";"9";"44";"11";"44";"30";"30";"30";"30";"40";"40";"40";"40";"60";"60";"70";"70";"70";"70";"1x1";"0x1";"26.6";"1.2";"1.7";"1.6";"2.2";"3.4";"54";"48";"1";"2";"10";"10";"14.2";"10.6";"13.6";"14.9";"9.2";"4.7";"5";"5.3";"3.4";"3.2";"1.2";"1.7";"2.1";"4.1";"2.1"
"World";"WOR";"Club Friendlies 3";"28-06-2026 09:30";"TBA";"Barockstadt Fulda-Lehnerz";"";"";"SV Steinbach";"";"";"";"";"63";"70";"41";"44";"";"";"";"1.3";"1.7";"";"";"";"";"5";"80";"0";"20";"40";"40";"10";"50";"50";"10";"43";"57";"50";"90";"90";"50";"60";"60";"1x2";"0x0";"";"1.2";"1.3";"1.2";"1";"2.3";"";"";"1";"2";"10";"10";"";"";"";"";"";"";"";"";"";"";"";"";"";"";"2.1"
"World";"WOR";"Club Friendlies 3";"28-06-2026 10:00";"CANCELLED";"Vorwarts-Wacker 04";"";"";"Drochtersen / Assel";"";"";"";"";"2";"42";"41";"61";"";"";"";"0.4";"1.5";"";"";"";"";"";"";"";"";"10";"40";"10";"30";"80";"30";"13";"50";"20";"70";"90";"70";"90";"60";"1x2";"1x3";"";"1.2";"1.8";"3.5";"1.8";"4.2";"";"";"1";"2";"10";"10";"";"";"";"";"";"";"";"";"";"";"";"";"";"";"2.1"
"World";"WOR";"Club Friendlies 3";"28-06-2026 10:30";"INPLAY_1ST_HALF";"Molde";"0";"1";"Bodø / Glimt";"0";"1";"2.97";"1.94";"70";"77";"68";"92";"2";"52";"72";"1.9";"2.1";"48";"79";"5.1";"5.6";"10";"30";"40";"30";"60";"60";"10";"30";"30";"10";"63";"70";"70";"90";"90";"70";"40";"40";"1x0";"0x5";"26.5";"2";"2.7";"1";"0.8";"3.2";"56";"63";"1";"2";"10";"10";"12.5";"18.9";"12.7";"8.9";"10.4";"4.5";"3.6";"4.9";"7.7";"1.7";"0.3";"1.5";"1.9";"2.7";"2.1"
"World";"WOR";"Club Friendlies 3";"28-06-2026 10:30";"INPLAY_1ST_HALF";"Nijlen";"0";"1";"Koninklijke Lierse Sportkring";"0";"1";"12.25";"1.14";"4";"60";"65";"37";"4";"";"48";"1";"1.4";"";"44";"";"";"";"";"";"";"30";"40";"10";"20";"60";"40";"33";"47";"40";"60";"90";"80";"70";"60";"2x0";"1x1";"";"1.9";"1.1";"2.9";"1.3";"3.6";"";"48";"1";"2";"10";"10";"";"12.4";"";"15.8";"";"";"5.9";"";"4.5";"";"2";"";"2.7";"";"2.1"
"World";"WOR";"Club Friendlies 3";"28-06-2026 11:00";"INPLAY_2ND_HALF";"Krylya Sovetov";"1";"1";"Neftekhimik";"0";"1";"";"";"52";"63";"51";"37";"";"39";"45";"1.2";"1.2";"37";"56";"5.1";"6";"3";"67";"0";"33";"30";"30";"30";"30";"40";"40";"40";"40";"60";"60";"70";"70";"70";"70";"1x2";"2x0";"18.8";"1.5";"1.1";"1.5";"1.2";"2.6";"45";"44";"1";"2";"10";"10";"10.4";"6.6";"13.4";"7.1";"8";"4";"4";"4.2";"3.9";"2.6";"1.7";"2.1";"1.4";"3.9";"2.1"
"World";"WOR";"Club Friendlies 3";"28-06-2026 12:00";"NS";"Wieczysta Kraków";"";"";"Dynamo Kyiv";"";"";"4.82";"1.49";"70";"60";"78";"78";"2";"58";"62";"2.3";"2.2";"61";"59";"6";"5.8";"";"";"";"";"70";"70";"20";"10";"10";"20";"77";"73";"90";"80";"80";"90";"30";"30";"2x0";"1x3";"21.6";"2.3";"2.3";"1";"1.3";"3.4";"54";"58";"1";"2";"10";"10";"13.7";"13.3";"9.2";"7";"9.2";"3.5";"3.3";"5.3";"6.2";"1.7";"1.6";"2";"1.8";"3.6";"2.1"
"World";"WOR";"Club Friendlies 3";"28-06-2026 13:00";"AWAITING_UPDATES";"Olimpija";"";"";"Čukarički";"";"";"1.75";"3.89";"63";"74";"48";"27";"1";"56";"41";"1.6";"1";"62";"36";"7.8";"7.6";"2";"0";"100";"0";"50";"10";"10";"70";"40";"20";"53";"33";"60";"80";"90";"30";"50";"90";"2x1";"0x0";"22.3";"1.4";"0.8";"1.2";"0.9";"2.2";"55";"42";"1";"2";"10";"10";"10.9";"8.7";"8.8";"16.2";"8";"4.1";"4.8";"4.3";"2.8";"2.8";"2.8";"3";"1.5";"5";"2.1"
"World";"WOR";"Club Friendlies 3";"28-06-2026 18:00";"NS";"NY Cosmos";"";"";"Santos Laguna";"";"";"";"";"7";"52";"37";"44";"";"46";"44";"0.4";"1.3";"52";"38";"7.7";"5.6";"";"";"";"";"10";"40";"10";"10";"80";"50";"13";"43";"20";"50";"90";"90";"90";"60";"1x3";"1x2";"25.8";"1.1";"1.3";"2.8";"1.5";"3.4";"46";"46";"1";"2";"10";"10";"12.3";"9.6";"15.2";"14.5";"9.3";"6.5";"4.8";"3.8";"3.5";"3.1";"3.1";"2.8";"2.2";"5.6";"2.1"
"World";"WOR";"Club Friendlies 3";"28-06-2026 21:00";"NS";"Odense BK";"";"";"Kolding IF";"";"";"1.64";"3.67";"56";"46";"51";"27";"1";"54";"47";"1.4";"0.5";"55";"48";"6.3";"12.4";"5";"40";"20";"40";"40";"10";"20";"20";"40";"70";"47";"17";"60";"30";"80";"80";"60";"90";"0x1";"1x0";"26.4";"1.5";"0.8";"1.4";"1.7";"2.7";"58";"50";"1";"2";"10";"10";"12.9";"12.8";"13.8";"13.4";"8.7";"4.4";"4.2";"4.7";"4.1";"0.9";"1.3";"0.8";"1.3";"2.2";"2.1"
"World";"WOR";"Club Friendlies 3";"28-06-2026 21:00";"NS";"Crvena Zvezda";"";"";"Slovan Bratislava";"";"";"1.77";"3.97";"63";"84";"65";"44";"1";"66";"51";"1.8";"2.2";"69";"46";"8.9";"6.3";"2";"0";"50";"50";"50";"70";"30";"10";"20";"20";"60";"73";"80";"80";"70";"90";"50";"30";"2x1";"0x1";"25.7";"1.9";"1.3";"1.2";"0.6";"2.5";"62";"56";"1";"2";"10";"10";"19.7";"11.6";"8.9";"11.2";"8.2";"3.1";"2.9";"7.3";"3.2";"1.9";"1.8";"3.1";"2.7";"4.8";"2.1"
"World";"WOR";"Club Friendlies Women";"28-06-2026 20:00";"NS";"Portland Thorns W";"";"";"San Diego Wave W";"";"";"";"";"66";"70";"54";"48";"";"47";"57";"1.8";"1.9";"48";"55";"6.4";"6.8";"10";"30";"40";"30";"50";"60";"30";"10";"20";"30";"60";"63";"80";"70";"70";"90";"50";"40";"2x0";"0x2";"24.4";"1.6";"1.4";"1.1";"1";"2.6";"48";"55";"1";"2";"10";"10";"13.4";"13.3";"14.2";"7.8";"9";"5.2";"2.6";"5.2";"5.1";"0.9";"1.3";"1.4";"2";"2.8";"1"
"Peru";"PER";"Copa de La Liga";"28-06-2026 15:00";"NS";"Alianza Lima";"";"";"Alianza Atlético";"";"";"4.21";"1.62";"84";"66";"65";"41";"2";"55";"48";"2.1";"1.4";"51";"40";"6.1";"9.1";"10";"60";"20";"20";"60";"40";"30";"20";"10";"40";"70";"47";"90";"60";"70";"80";"40";"60";"1x0";"0x2";"25.3";"1.9";"1.2";"0.6";"1.1";"2.4";"52";"48";"";"";"10";"10";"13.4";"13";"11.9";"12.3";"8.7";"2.8";"4";"5.8";"4.8";"1.8";"2.4";"1.9";"2.6";"4.4";"5.8"
"Peru";"PER";"Copa de La Liga";"28-06-2026 15:00";"NS";"César Vallejo";"";"";"Carlos Mannucci";"";"";"1.67";"4.27";"60";"63";"27";"37";"1";"51";"49";"0.8";"1.4";"56";"57";"15";"9.2";"10";"60";"30";"10";"20";"40";"20";"20";"60";"40";"27";"47";"40";"60";"80";"80";"80";"60";"0x1";"0x0";"20.9";"0.8";"1.1";"1.3";"1.2";"2.2";"53";"46";"";"";"10";"10";"12";"10.1";"8.4";"11.3";"7.5";"3.2";"4";"4.1";"3.7";"2.9";"2.1";"2.2";"2.4";"4.8";"5.8"
"Peru";"PER";"Copa de La Liga";"28-06-2026 17:15";"NS";"Los Chankas";"";"";"Santos";"";"";"1.36";"6.49";"66";"74";"31";"31";"1";"45";"56";"1.7";"1.5";"40";"67";"12.4";"9.8";"9";"44";"56";"0";"50";"40";"20";"30";"30";"30";"57";"50";"70";"70";"80";"70";"50";"60";"1x0";"1x2";"22.4";"0.9";"0.9";"1.1";"0.9";"1.9";"50";"55";"";"";"10";"10";"14";"8.8";"15.3";"6.6";"8";"5.5";"2.8";"4.7";"3";"2.4";"3";"2.5";"2.8";"5.4";"5.8"
"Peru";"PER";"Copa de La Liga";"28-06-2026 20:00";"NS";"Cusco FC";"";"";"Cienciano";"";"";"3.19";"2.07";"49";"60";"41";"44";"5";"45";"55";"1";"1.7";"40";"49";"7.7";"10.2";"10";"40";"30";"30";"20";"50";"40";"20";"40";"30";"33";"57";"60";"70";"60";"80";"80";"50";"1x1";"1x2";"27.8";"1.2";"1.3";"1.6";"1.3";"2.7";"51";"52";"";"";"10";"10";"11.3";"15.6";"17.1";"11.6";"9.6";"7";"3.8";"4.2";"4.2";"2.8";"2.8";"2.2";"3.1";"5.4";"5.8"
"South Africa";"RSA";"Super League Women";"28-06-2026 04:00";"AWAITING_UPDATES";"Stellenbosch W";"";"";"Copperbelt Ladies W";"";"";"";"";"35";"49";"0";"48";"";"";"53";"0";"1.2";"";"48";"";"";"";"";"";"";"0";"30";"0";"30";"100";"40";"0";"40";"0";"60";"100";"70";"100";"70";"0x1";"1x1";"";"0";"1.4";"2";"1.6";"2.5";"";"50";"7";"5";"2";"10";"";"12.3";"";"9.7";"";"";"4.3";"";"7.3";"";"1.5";"";"2";"";"2.4"
"South Africa";"RSA";"Super League Women";"28-06-2026 07:00";"FT";"Ramatlaohle Ladies W";"1";"1";"University of Fort Hare W";"1";"1";"5.36";"1.52";"18";"80";"51";"65";"2";"";"63";"1.5";"2";"";"46";"";"";"";"";"";"";"50";"60";"0";"20";"50";"20";"50";"67";"50";"80";"100";"80";"50";"40";"1x4";"0x0";"";"1.5";"1.9";"2.5";"0.7";"3.3";"";"57";"5";"3";"2";"10";"";"10";"";"5";"";"";"1.5";"";"5";"";"0.5";"";"0.5";"";"2.4"
"South Africa";"RSA";"Super League Women";"28-06-2026 10:00";"INPLAY_2ND_HALF";"City Lads W";"0";"2";"First Touch W";"0";"2";"3.82";"1.82";"28";"32";"14";"10";"2";"38";"38";"0.2";"0.4";"34";"36";"22.5";"25";"4";"0";"50";"50";"0";"0";"20";"40";"80";"60";"7";"13";"20";"40";"80";"60";"100";"100";"0x2";"0x0";"22.5";"0.4";"0.3";"2.2";"2.1";"2.5";"43";"38";"8";"6";"10";"10";"9";"7.5";"14.5";"14";"9.2";"6.5";"6.5";"4.5";"1";"1.5";"1.5";"1";"1.5";"2.8";"2.4"