"Country ";"Short";"League ";"Hour";"Status";"Home Team";"Result Home";"Result Visitor";"Visitor Team";"Result Home HT";"Result Visitor HT";"Odds";"Odds";"Odds";"Odds";"Casa";"Fora";"Casa";"Fora";"Global";"Casa";"Fora";"Global";"Global";"Global";"Global";"Casa";"Fora";"Casa";"Fora";"Global";"Global";"Global";"Global";"Global";"Global";"Global";"Global";"Casa";"Fora";"Global";"Casa";"Fora";"Casa";"Fora";"Casa";"Fora";"Casa";"Fora";"Casa";"Fora";"Global";"Global";"Casa";"Fora";"Casa";"Fora";"Global";"Casa";"Fora";"Casa";"Fora";"Casa";"Fora";"Global";"Global";"Global"
"World";"WOR";"World Cup";"28-06-2026 16:00";"NS";"South Africa";"";"";"Canada";"";"";"5.93";"1.66";"1.39";"1.23";"";"";"";"";"";"";"";"";"";"";"";"";"";"";"";"";"";"";"";"";"";"";"";"";"";"";"";"";"";"";"";"";"";"";"";"";"";"";"";"";"";"";"";"";"";"";"";"";"";"";"";""
"Brazil";"BRA";"Serie B";"28-06-2026 16:00";"NS";"Juventude";"";"";"Ceará";"";"";"2.05";"3.89";"1.44";"1.18";"7";"14";"67";"33";"5";"44";"27";"63";"";"1.6";"2";"1.3";"0.8";"0.1";"1";"25";"45";"23";"100";"2.3";"25.4";"8.2";"10.8";"2";"1";"11";"100";"70";"43";"83";"";"";"0.7";"0.2";"0";"0.3";"1";"0.6";"0.1";"0.7";"0.6";"0.7";"";"57";"17";"5.9";"4.7";"5";"6";"10.4";"68";"68"
"Brazil";"BRA";"Serie B";"28-06-2026 16:00";"NS";"Atlético GO";"";"";"Ponte Preta";"";"";"1.40";"8.07";"1.29";"1.29";"13";"19";"43";"17";"1";"44";"27";"77";"";"2.9";"3";"1.3";"0.8";"1.3";"2.3";"60";"70";"70";"84";"2.3";"26.9";"9.6";"10.8";"1.3";"0.5";"11";"60";"25";"57";"17";"";"";"0.4";"0.7";"0.4";"1.2";"1.5";"1.4";"0.9";"1.2";"0.9";"0.2";"";"29";"17";"8";"3.8";"2";"7.7";"10.4";"77";"62"
"Brazil";"BRA";"Serie B";"28-06-2026 16:00";"NS";"Athletic Club";"";"";"Avaí";"";"";"1.98";"3.91";"1.40";"1.20";"11";"18";"48";"22";"1";"31";"41";"70";"";"2.3";"2";"0.9";"1.2";"0.7";"1.8";"62";"70";"40";"84";"2.3";"26.7";"8.2";"10";"1.4";"0.7";"11";"80";"42";"57";"67";"";"";"0.6";"0.3";"0.3";"1.2";"1.1";"1.2";"0.4";"0.7";"0.3";"0.8";"";"29";"17";"5.6";"3.3";"4.9";"6.2";"10.4";"76";"60"
"Brazil";"BRA";"Serie B";"28-06-2026 18:30";"NS";"Náutico";"";"";"Goiás";"";"";"1.91";"4.00";"1.31";"1.27";"9";"12";"50";"29";"1";"34";"34";"60";"";"2.2";"3";"1";"1";"0.8";"1.6";"28";"54";"31";"77";"2.3";"22.9";"7.8";"11";"1.5";"0.9";"11";"77";"49";"33";"29";"";"";"0.3";"0.4";"0.3";"0.3";"1.5";"0.7";"0.5";"1.3";"0.7";"0.6";"";"50";"14";"9.8";"3.7";"3.5";"4.9";"10.4";"62";"55"
"Brazil";"BRA";"Serie B";"28-06-2026 18:30";"NS";"Fortaleza";"";"";"Sport Recife";"";"";"1.78";"4.60";"1.34";"1.24";"8";"6";"72";"67";"1";"68";"34";"58";"";"2.2";"3";"2";"1";"1.2";"0.3";"42";"58";"58";"75";"2.3";"24";"7.3";"8.5";"2.2";"2";"10";"63";"100";"33";"33";"";"";"0.8";"0.3";"0.7";"0.3";"1.2";"1.1";"0.5";"0";"1.2";"0.7";"";"67";"50";"5.2";"4.3";"1.5";"6";"10.4";"50";"50"
"China";"CHN";"League One";"28-06-2026 08:00";"FT";"Suzhou Dongwu";"1";"2";"Shanghai Jiading Huilong";"0";"2";"2.81";"2.42";"1.41";"1.17";"16";"9";"20";"44";"5";"20";"41";"72";"";"2.3";"2";"0.6";"1.2";"1.8";"1";"45";"84";"55";"90";"2.4";"22.8";"8.4";"9";"0.6";"1.3";"10";"42";"70";"60";"50";"";"";"0.4";"0.5";"1";"0.7";"1";"1.3";"0.8";"0.3";"0.2";"0.7";"";"20";"33";"4.4";"4.2";"4.6";"4.8";"9.2";"92";"45"
"China";"CHN";"League One";"28-06-2026 09:00";"FT";"Jiangxi Dingnan United";"3";"3";"Wuxi Wugou";"2";"2";"2.41";"2.89";"1.44";"1.16";"8";"6";"33";"47";"5";"44";"48";"80";"";"2.8";"2";"1.3";"1.4";"1.7";"1.2";"80";"90";"45";"64";"2.4";"27.2";"10";"10.4";"1";"1.4";"10";"46";"63";"50";"40";"";"";"0.5";"0.8";"1";"0.4";"1.4";"1.4";"0.7";"0.8";"0.8";"0.6";"";"17";"40";"6.8";"4.2";"5";"4.8";"9.2";"72";"62"
"Finland";"FIN";"Ykkönen";"28-06-2026 10:00";"INPLAY_2ND_HALF";"KPV";"1";"1";"PKKU";"0";"0";"4.65";"1.52";"";"";"12";"7";"20";"47";"2";"41";"61";"90";"";"3.8";"3";"1.2";"1.8";"3.4";"1.2";"50";"80";"70";"40";"3.4";"24.4";"11.3";"11.8";"0.6";"1.4";"12";"2";"63";"60";"60";"";"";"0.2";"1.2";"1.4";"0.2";"2.3";"1.5";"2";"1";"1";"0.6";"";"20";"40";"5.2";"6.4";"7.4";"4.6";"11";"80";"80"
"Finland";"FIN";"Ykkönen";"28-06-2026 12:30";"NS";"OLS";"";"";"KuPS Ak.";"";"";"1.33";"6.92";"";"";"4";"10";"80";"7";"1";"75";"34";"80";"";"3.4";"3";"2.2";"1";"0.6";"3";"40";"70";"70";"60";"3.4";"24.8";"12.7";"12.4";"2.4";"0.2";"12";"84";"0";"60";"60";"";"";"0.8";"0.2";"0.2";"1.8";"1.9";"1.5";"0.4";"1.2";"1.4";"0.8";"";"80";"0";"5.2";"6.2";"6.8";"6.6";"11";"90";"80"
"Morocco";"MAR";"Botola Pro";"28-06-2026 14:00";"NS";"Hassania Agadir";"";"";"CR Khemis Zemamra";"";"";"2.37";"3.43";"1.52";"1.13";"11";"12";"50";"40";"5";"31";"41";"65";"";"2.3";"2";"0.9";"1.2";"0.9";"1.6";"45";"70";"50";"85";"2.2";"18.1";"7.2";"8.8";"1.5";"1.2";"8";"74";"49";"50";"70";"";"";"0.5";"0.3";"0.6";"0.7";"1.2";"1";"0.3";"0.9";"0.4";"0.9";"";"40";"40";"6.2";"4";"3.6";"3.7";"7.9";"75";"55"
"Morocco";"MAR";"Botola Pro";"28-06-2026 14:00";"NS";"FUS Rabat";"";"";"RSB Berkane";"";"";"3.40";"2.18";"1.47";"1.13";"9";"3";"47";"50";"5";"34";"27";"55";"";"1.8";"2";"1";"0.8";"1";"0.7";"50";"45";"20";"95";"2.2";"20.5";"8";"8";"1.4";"1.5";"8";"70";"80";"70";"40";"";"";"0.5";"0.3";"0.3";"0.2";"1.1";"0.6";"0.7";"0.5";"0.5";"0.5";"";"30";"40";"4.6";"3.3";"3.8";"4.4";"7.9";"55";"40"
"Morocco";"MAR";"Botola Pro";"28-06-2026 14:00";"NS";"Maghreb Fès";"";"";"Yacoub El Mansour";"";"";"1.70";"4.62";"1.36";"1.20";"2";"13";"57";"30";"1";"58";"27";"70";"";"2.3";"3";"1.7";"0.8";"0.9";"1.2";"50";"65";"45";"85";"2.2";"19.2";"8.3";"8.1";"1.7";"0.9";"9";"74";"63";"50";"70";"";"";"0.5";"0.4";"0.5";"0.7";"1.2";"1";"0.4";"0.5";"1.2";"0.4";"";"50";"20";"4.1";"3.6";"3.5";"5.1";"7.9";"65";"40"
"Morocco";"MAR";"Botola Pro";"28-06-2026 14:00";"NS";"Wydad Casablanca";"";"";"Olympique Dcheïra";"";"";"1.45";"5.82";"1.27";"1.30";"5";"14";"53";"40";"1";"44";"48";"75";"";"2.4";"2";"1.3";"1.4";"1";"1.2";"55";"75";"55";"85";"2.2";"21.8";"9.2";"9.3";"1.6";"1.2";"8";"70";"63";"40";"70";"";"";"0.8";"0.9";"0.4";"0.5";"1.2";"1.3";"0.6";"0.7";"0.5";"0.5";"";"50";"30";"4.9";"2.9";"3.8";"7";"7.9";"75";"70"
"Morocco";"MAR";"Botola Pro";"28-06-2026 14:00";"NS";"FAR Rabat";"";"";"UTS Rabat";"";"";"1.33";"7.95";"1.24";"1.33";"1";"15";"80";"40";"1";"54";"37";"70";"";"2.4";"3";"1.6";"1.1";"0.6";"1.4";"55";"45";"45";"90";"2.2";"19.5";"8.8";"8.2";"2.4";"1.2";"8";"84";"56";"50";"40";"";"";"0.5";"0.5";"0.2";"0.7";"1.4";"1";"0.4";"0.7";"1.1";"0.6";"";"70";"30";"4.8";"4.1";"3";"4.5";"7.9";"60";"50"
"Morocco";"MAR";"Botola Pro";"28-06-2026 14:00";"NS";"Ittihad Tanger";"";"";"Raja Casablanca";"";"";"5.18";"1.64";"1.43";"1.16";"7";"4";"57";"47";"2";"34";"41";"65";"";"2";"2";"1";"1.2";"0.7";"1.2";"55";"45";"30";"95";"2.2";"19.3";"7.8";"7.8";"1.7";"1.4";"7";"80";"63";"60";"30";"";"";"0.3";"0.7";"0.2";"0.3";"1.3";"0.8";"0.5";"0.9";"0.7";"0.5";"";"40";"40";"3.7";"3.4";"5.1";"3.4";"7.9";"52";"36"
"Morocco";"MAR";"Botola Pro";"28-06-2026 14:00";"NS";"Olympic Safi";"";"";"CODM Meknès";"";"";"1.86";"4.17";"1.47";"1.13";"16";"10";"20";"17";"1";"27";"17";"75";"";"2.2";"3";"0.8";"0.5";"1.4";"1.7";"55";"55";"45";"90";"2.2";"16.4";"7.6";"8";"0.6";"0.5";"8";"56";"46";"50";"40";"";"";"0.3";"0";"0.5";"0.7";"1.4";"0.8";"0.9";"1";"0.5";"0.5";"";"10";"10";"5.3";"2.7";"2.4";"5.6";"7.9";"55";"50"
"Morocco";"MAR";"Botola Pro";"28-06-2026 14:00";"NS";"Difaâ El Jadida";"";"";"Kawkab Marrakech";"";"";"2.90";"2.49";"1.53";"1.11";"6";"8";"63";"23";"5";"41";"14";"50";"";"1.8";"2";"1.2";"0.4";"1.1";"0.9";"40";"55";"30";"85";"2.2";"19.3";"7.1";"7.6";"1.9";"0.7";"8";"66";"74";"50";"40";"";"";"0.6";"0";"0.5";"0.3";"1.1";"0.7";"0.6";"0.6";"0.6";"0.4";"";"50";"10";"4.1";"3.1";"4.3";"3.7";"7.9";"55";"35"
"Uruguay";"URU";"Segunda Division";"28-06-2026 12:00";"NS";"River Plate";"";"";"La Luz";"";"";"2.72";"2.47";"1.40";"1.18";"10";"11";"56";"28";"5";"61";"10";"66";"";"2.5";"2";"1.8";"0.3";"1.8";"1";"50";"58";"34";"75";"2.4";"14";"6.5";"9.2";"1.7";"0.8";"9";"42";"70";"33";"50";"";"";"1.5";"0.2";"1";"0.5";"1";"1.6";"0.8";"0.5";"0.3";"0.2";"";"50";"0";"5.3";"4.3";"4";"4.8";"9.7";"75";"58"
"Uruguay";"URU";"Segunda Division";"28-06-2026 15:00";"NS";"Cerrito";"";"";"Plaza Colonia";"";"";"3.29";"2.10";"1.41";"1.16";"5";"9";"87";"61";"5";"61";"34";"74";"";"2";"2";"1.8";"1";"0.6";"0.7";"46";"65";"38";"90";"2.4";"13.8";"5.6";"9.8";"2.6";"1.8";"10";"84";"80";"60";"67";"";"";"1.2";"0.3";"0";"0.3";"1.1";"1";"0.6";"0.3";"0.6";"0.7";"";"80";"50";"3.6";"4.3";"5.6";"6";"9.7";"72";"62"
"Uruguay";"URU";"Segunda Division";"28-06-2026 18:00";"NS";"Oriental";"";"";"Colón";"";"";"2.09";"3.35";"1.41";"1.16";"7";"12";"71";"50";"5";"48";"24";"54";"";"1.4";"2";"1.4";"0.7";"0.4";"0.3";"14";"54";"22";"93";"2.4";"13.8";"6.6";"9.3";"2.1";"1.5";"10";"100";"100";"57";"50";"";"";"0.7";"0.3";"0.3";"0.3";"0.6";"0.8";"0.1";"0";"0.7";"0.3";"";"57";"33";"4.6";"4.8";"4.9";"4.4";"9.7";"73";"73"
"Venezuela";"VEN";"Copa Venezuela";"28-06-2026 17:00";"POSTPONED";"Marítimo";"";"";"Academia Anzoátegui";"";"";"";"";"";"";"";"";"";"";"";"";"";"";"";"";"";"";"";"";"";"";"";"";"";"";"";"";"";"";"";"";"";"";"";"";"";"";"";"";"";"";"";"";"";"";"";"";"";"";"";"";"";"";"";"";"";""
"Venezuela";"VEN";"Copa Venezuela";"28-06-2026 17:00";"POSTPONED";"Atlético Ávila";"";"";"Deportivo Miranda FC";"";"";"";"";"";"";"";"";"";"";"";"";"";"";"";"";"";"";"";"";"";"";"";"";"";"";"";"";"";"";"";"";"";"";"";"";"";"";"";"";"";"";"";"";"";"";"";"";"";"";"";"";"";"";"";"";"";""
"Venezuela";"VEN";"Copa Venezuela";"28-06-2026 17:00";"POSTPONED";"Aragua";"";"";"Fundación Lara Deportiva";"";"";"";"";"";"";"";"";"";"";"";"";"";"";"";"";"";"";"";"";"";"";"";"";"";"";"";"";"";"";"";"";"";"";"";"";"";"";"";"";"";"";"";"";"";"";"";"";"";"";"";"";"";"";"";"";"";""
"Venezuela";"VEN";"Copa Venezuela";"28-06-2026 17:00";"POSTPONED";"Yaracuyanos";"";"";"Caracas";"";"";"";"";"";"";"";"";"";"";"";"";"";"";"";"";"";"";"";"";"";"";"";"";"";"";"";"";"";"";"";"";"";"";"";"";"";"";"";"";"";"";"";"";"";"";"";"";"";"";"";"";"";"";"";"";"";""
"Venezuela";"VEN";"Copa Venezuela";"28-06-2026 17:00";"POSTPONED";"Bolívar SC";"";"";"Dinamo Puerto La Cruz";"";"";"";"";"";"";"";"";"";"";"";"";"";"";"";"";"";"";"";"";"";"";"";"";"";"";"";"";"";"";"";"";"";"";"";"";"";"";"";"";"";"";"";"";"";"";"";"";"";"";"";"";"";"";"";"";"";""
"Venezuela";"VEN";"Copa Venezuela";"28-06-2026 17:00";"POSTPONED";"Monagas";"";"";"Mineros de Guayana";"";"";"";"";"";"";"";"";"";"";"";"";"";"";"";"";"";"";"";"";"";"";"";"";"";"";"";"";"";"";"";"";"";"";"";"";"";"";"";"";"";"";"";"";"";"";"";"";"";"";"";"";"";"";"";"";"";""
"Venezuela";"VEN";"Copa Venezuela";"28-06-2026 17:00";"POSTPONED";"Atlético El Vigía";"";"";"Real Frontera";"";"";"";"";"";"";"";"";"";"";"";"";"";"";"";"";"";"";"";"";"";"";"";"";"";"";"";"";"";"";"";"";"";"";"";"";"";"";"";"";"";"";"";"";"";"";"";"";"";"";"";"";"";"";"";"";"";""
"Venezuela";"VEN";"Copa Venezuela";"28-06-2026 17:00";"POSTPONED";"Atlético Barinas";"";"";"Zamora Fútbol Club";"";"";"";"";"";"";"";"";"";"";"";"";"";"";"";"";"";"";"";"";"";"";"";"";"";"";"";"";"";"";"";"";"";"";"";"";"";"";"";"";"";"";"";"";"";"";"";"";"";"";"";"";"";"";"";"";"";""
"Venezuela";"VEN";"Copa Venezuela";"28-06-2026 17:00";"POSTPONED";"Trujillanos";"";"";"Ureña";"";"";"";"";"";"";"";"";"";"";"";"";"";"";"";"";"";"";"";"";"";"";"";"";"";"";"";"";"";"";"";"";"";"";"";"";"";"";"";"";"";"";"";"";"";"";"";"";"";"";"";"";"";"";"";"";"";""
"Venezuela";"VEN";"Copa Venezuela";"28-06-2026 17:00";"POSTPONED";"Deportivo Lara";"";"";"Rayo Zuliano";"";"";"";"";"";"";"";"";"";"";"";"";"";"";"";"";"";"";"";"";"";"";"";"";"";"";"";"";"";"";"";"";"";"";"";"";"";"";"";"";"";"";"";"";"";"";"";"";"";"";"";"";"";"";"";"";"";""
"Argentina";"ARG";"Torneo Promocional Amateur";"28-06-2026 10:00";"INPLAY_2ND_HALF";"Atlético Pilar";"0";"2";"SAT Moreno";"0";"1";"5.11";"1.61";"1.42";"1.14";"7";"1";"50";"67";"2";"51";"17";"50";"";"1.5";"2";"1.5";"0.5";"1";"0";"0";"50";"25";"100";"1.7";"";"";"";"1.5";"2";"";"70";"100";"50";"50";"";"";"0.5";"0.5";"0";"0";"1";"0.5";"1";"0";"1";"0";"";"50";"50";"";"";"";"";"7.8";"";""
"Argentina";"ARG";"Torneo Promocional Amateur";"28-06-2026 15:00";"NS";"Alumni Los Hornos";"";"";"Las Mandarinas";"";"";"1.95";"3.71";"";"";"7";"9";"44";"50";"1";"24";"34";"66";"";"1.9";"2";"0.7";"1";"0.7";"1.5";"42";"25";"42";"100";"1.7";"";"";"";"1.3";"1.5";"";"80";"52";"33";"50";"";"";"0";"0.5";"0";"0.5";"1.4";"0.5";"0.7";"1";"0.7";"0.5";"";"33";"50";"";"";"";"";"7.8";"";""
"Argentina";"ARG";"Torneo Promocional Amateur";"28-06-2026 15:00";"NS";"Control Orientado";"";"";"Barrancas UMET";"";"";"2.69";"2.58";"";"";"4";"1";"33";"44";"5";"17";"24";"58";"";"1.2";"2";"0.5";"0.7";"0.5";"0.7";"25";"16";"0";"100";"1.7";"";"";"";"1";"1.3";"";"88";"80";"50";"67";"";"";"0";"0.3";"0";"0";"1";"0.2";"0.5";"0.7";"0.5";"0.3";"";"0";"33";"";"5";"";"4.5";"7.8";"";""
"Argentina";"ARG";"Torneo Promocional Amateur";"28-06-2026 15:30";"NS";"Belgrano Zarate";"";"";"Ezeiza";"";"";"3.13";"2.44";"1.65";"1.06";"6";"8";"67";"67";"5";"17";"17";"0";"";"0.5";"2";"0.5";"0.5";"0";"0";"0";"25";"0";"100";"1.7";"";"";"";"2";"2";"";"100";"100";"50";"50";"";"";"0.5";"0";"0";"0";"0.2";"0.2";"0";"0";"0";"0.5";"";"50";"50";"";"6";"";"4";"7.8";"";""
"Brazil";"BRA";"Carioca C";"28-06-2026 14:45";"POSTPONED";"Vera Cruz RJ";"";"";"CAAC Brasil";"";"";"";"";"";"";"15";"14";"33";"11";"";"34";"24";"66";"";"2.6";"2";"1";"0.7";"2";"1.7";"50";"75";"33";"84";"2.7";"23.8";"7.8";"11";"1";"0.3";"11";"35";"46";"33";"33";"";"";"0";"0";"1";"0.5";"1.6";"0.5";"2.5";"2";"1";"1";"";"33";"0";"6";"2";"3.5";"10.5";"9.9";"100";"75"
"Brazil";"BRA";"Carioca C";"28-06-2026 14:45";"POSTPONED";"Barcelona RJ";"";"";"Búzios";"";"";"";"";"";"";"16";"6";"33";"56";"";"10";"68";"67";"";"2.4";"3";"0.3";"2";"1.3";"1";"34";"84";"16";"84";"2.7";"19.2";"7.5";"11";"1";"1.7";"11";"60";"70";"67";"33";"";"";"0";"1";"1.3";"0.5";"1.2";"1.2";"0";"1";"0.3";"2";"";"33";"33";"6";"3.5";"5.5";"7";"9.9";"100";"100"
"Brazil";"BRA";"Carioca C";"28-06-2026 14:45";"POSTPONED";"Cardoso Moreira";"";"";"Independente RJ";"";"";"";"";"";"";"1";"13";"100";"11";"";"44";"10";"33";"";"1.3";"2";"1.3";"0.3";"0";"1";"16";"25";"0";"100";"2.7";"";"";"";"3";"0.3";"";"100";"70";"33";"33";"";"";"1";"0";"0";"0";"0.6";"0.4";"0.5";"1.5";"0.5";"0.5";"";"100";"0";"";"";"";"";"9.9";"";""
"Brazil";"BRA";"Carioca C";"28-06-2026 14:45";"POSTPONED";"Bréscia";"";"";"EC Resende";"";"";"";"";"";"";"5";"7";"78";"33";"";"68";"44";"84";"";"2.7";"3";"2";"1.3";"0.7";"1.3";"34";"25";"67";"84";"2.7";"";"";"";"2.3";"1";"";"80";"60";"67";"67";"";"";"1";"0";"0";"0";"1.5";"0.4";"1";"2";"2";"2";"";"67";"33";"";"";"";"";"9.9";"";""
"Brazil";"BRA";"Carioca C";"28-06-2026 14:45";"POSTPONED";"Tigres do Brasil";"";"";"União Central";"";"";"";"";"";"";"3";"10";"78";"0";"";"58";"10";"67";"";"2.3";"3";"1.7";"0.3";"0.7";"2";"33";"75";"50";"84";"2.7";"21.2";"6.8";"8.2";"2.3";"0";"9";"80";"35";"33";"67";"";"";"2";"0.5";"0";"1";"1";"1.2";"1";"2";"0.5";"0";"";"67";"0";"4.5";"7.5";"3";"1.5";"9.9";"50";"25"
"Canada";"CAN";"Premier League";"28-06-2026 20:00";"NS";"Cavalry";"";"";"Supra du Québec";"";"";"1.36";"7.14";"1.20";"1.40";"2";"6";"83";"33";"1";"75";"61";"88";"";"3.4";"3";"2.2";"1.8";"0.5";"2.2";"62";"50";"50";"62";"2.6";"25.2";"9.5";"10.8";"2.5";"1";"10";"88";"28";"50";"50";"";"";"0.8";"1";"0.2";"0.2";"2.3";"1.1";"0.2";"2";"1.5";"0.8";"";"75";"25";"7.5";"3.2";"3.2";"7.5";"9.1";"88";"88"
"Chile";"CHI";"Chilean Cup";"28-06-2026 13:30";"NS";"Cobresal";"";"";"Antofagasta";"";"";"1.95";"3.46";"1.27";"1.27";"";"";"";"";"";"";"";"";"";"";"";"";"";"";"";"";"";"";"";"";"";"";"";"";"";"";"";"";"";"";"";"";"";"";"";"";"";"";"";"";"";"";"";"";"";"";"";"";"";"";"";""
"Chile";"CHI";"Chilean Cup";"28-06-2026 13:30";"NS";"La Serena";"";"";"Cobreloa";"";"";"1.90";"3.59";"1.24";"1.30";"";"";"";"";"";"";"";"";"";"";"";"";"";"";"";"";"";"";"";"";"";"";"";"";"";"";"";"";"";"";"";"";"";"";"";"";"";"";"";"";"";"";"";"";"";"";"";"";"";"";"";""
"Chile";"CHI";"Chilean Cup";"28-06-2026 16:00";"NS";"Huachipato";"";"";"Deportes Temuco";"";"";"1.80";"3.65";"1.20";"1.40";"";"";"";"";"";"";"";"";"";"";"";"";"";"";"";"";"";"";"";"";"";"";"";"";"";"";"";"";"";"";"";"";"";"";"";"";"";"";"";"";"";"";"";"";"";"";"";"";"";"";"";""
"Chile";"CHI";"Chilean Cup";"28-06-2026 16:00";"NS";"Unión La Calera";"";"";"Santiago Wanderers";"";"";"1.95";"3.53";"1.28";"1.30";"";"";"17";"0";"1";"51";"34";"100";"";"4";"3";"1.5";"1";"2.5";"3";"75";"100";"75";"50";"2.3";"";"";"";"0.5";"0";"";"18";"0";"50";"50";"";"";"1";"0.5";"1";"1.5";"2";"2";"1.5";"1.5";"0.5";"0.5";"";"0";"0";"";"";"";"";"13";"";""
"Chile";"CHI";"Chilean Cup";"28-06-2026 17:00";"NS";"Curicó Unido";"";"";"Univ. Concepción";"";"";"2.67";"2.37";"1.28";"1.29";"";"";"50";"0";"5";"17";"51";"50";"";"2.8";"2";"0.5";"1.5";"0.5";"3";"50";"50";"50";"75";"2.3";"";"";"";"1.5";"0";"";"88";"0";"100";"50";"";"";"0";"0.5";"0.5";"0.5";"2";"0.8";"0";"2.5";"0.5";"1";"";"50";"0";"";"3";"";"5.5";"13";"";""
"Chile";"CHI";"Chilean Cup";"28-06-2026 18:00";"NS";"O'Higgins";"";"";"Recoleta";"";"";"1.54";"4.72";"1.16";"1.48";"";"";"";"";"";"";"";"";"";"";"";"";"";"";"";"";"";"";"";"";"";"";"";"";"";"";"";"";"";"";"";"";"";"";"";"";"";"";"";"";"";"";"";"";"";"";"";"";"";"";"";""
"Chile";"CHI";"Chilean Cup";"28-06-2026 18:00";"NS";"Rangers";"";"";"Ñublense";"";"";"2.88";"2.33";"1.34";"1.24";"";"";"50";"";"";"";"";"";"";"";"";"1.5";"";"1.5";"";"";"";"";"";"";"";"";"";"1.5";"";"";"";"";"100";"";"";"";"0";"";"0";"";"";"";"1.5";"";"1.5";"";"";"50";"";"";"";"";"";"";"";""
"Chile";"CHI";"Chilean Cup";"28-06-2026 18:30";"NS";"Universidad Chile";"";"";"Unión San Felipe";"";"";"1.29";"8.12";"1.16";"1.55";"";"";"";"50";"";"";"";"";"";"";"";"";"1.5";"";"1.5";"";"";"";"";"";"";"";"";"";"1.5";"";"";"";"";"50";"";"";"";"0.5";"";"1";"";"";"";"0.5";"";"1";"";"";"50";"";"";"";"";"";"";""
"Chile";"CHI";"Chilean Cup";"28-06-2026 21:00";"NS";"Puerto Montt";"";"";"Concepcion";"";"";"2.47";"2.59";"1.34";"1.22";"";"";"";"";"";"";"";"";"";"";"";"";"";"";"";"";"";"";"";"";"";"";"";"";"";"";"";"";"";"";"";"";"";"";"";"";"";"";"";"";"";"";"";"";"";"";"";"";"";"";"";""
"Chile";"CHI";"Segunda División";"28-06-2026 16:00";"NS";"General Velásquez";"";"";"Lota Schwager";"";"";"2.40";"2.73";"1.40";"1.18";"5";"6";"33";"42";"5";"27";"27";"38";"";"1.5";"2";"0.8";"0.8";"0.8";"0.8";"38";"62";"12";"88";"1.9";"18.9";"7.5";"9.8";"1";"1.2";"10";"77";"77";"25";"50";"";"";"0.2";"0.2";"0.8";"0.2";"0.8";"0.8";"0";"0.5";"0.5";"0.5";"";"25";"25";"3.2";"4.2";"6.5";"5.5";"9.6";"88";"75"
"Chile";"CHI";"Segunda División";"28-06-2026 16:00";"NS";"Santiago Morning";"";"";"Deportes Linares";"";"";"2.14";"3.06";"1.35";"1.22";"4";"3";"33";"67";"5";"14";"41";"50";"";"1.5";"2";"0.4";"1.2";"0.6";"0.8";"20";"70";"10";"100";"1.9";"19.6";"7.4";"9.4";"1";"2";"10";"84";"77";"80";"80";"";"";"0.4";"0.8";"0";"0.6";"0.6";"0.9";"0.6";"0.2";"0";"0.4";"";"20";"60";"4";"3.8";"4.8";"6.2";"9.6";"80";"70"
"Chile";"CHI";"Segunda División";"28-06-2026 16:00";"NS";"Brujas de Salamanca";"";"";"Real San Joaquín";"";"";"1.81";"4.03";"1.37";"1.20";"3";"5";"50";"67";"1";"27";"85";"62";"";"2.2";"2";"0.8";"2.5";"0.2";"1";"50";"62";"38";"75";"1.9";"14";"5.6";"9";"1.5";"2";"9";"100";"70";"50";"50";"";"";"0.2";"1.2";"0.2";"0.2";"1.2";"1";"0";"0.8";"0.5";"1.2";"";"25";"50";"7.2";"5";"2.5";"3.2";"9.6";"62";"38"
"Europe";"EUR";"Euro U19";"28-06-2026 14:00";"NS";"Wales U19";"";"";"Spain U19";"";"";"12.75";"1.16";"1.08";"1.82";"";"";"";"";"";"";"";"";"";"";"";"";"";"";"";"";"";"";"";"";"";"";"";"";"";"";"";"";"";"";"";"";"";"";"";"";"";"";"";"";"";"";"";"";"";"";"";"";"";"";"";""
"Europe";"EUR";"Euro U19";"28-06-2026 16:00";"NS";"Germany U19";"";"";"Denmark U19";"";"";"2.10";"2.88";"1.12";"1.60";"";"";"";"";"";"";"";"";"";"";"";"";"";"";"";"";"";"";"";"";"";"";"";"";"";"";"";"";"";"";"";"";"";"";"";"";"";"";"";"";"";"";"";"";"";"";"";"";"";"";"";""
"Argentina";"ARG";"Primera C";"28-06-2026 13:00";"NS";"Sportivo Barracas";"";"";"Luján";"";"";"3.28";"2.24";"1.60";"1.09";"14";"2";"52";"81";"5";"34";"58";"64";"";"2";"2";"1";"1.7";"0.6";"0.7";"27";"58";"26";"86";"1.9";"15.6";"7";"8";"1.6";"2.4";"8";"84";"80";"56";"29";"";"";"0.3";"1.3";"0.3";"0.3";"0.9";"1.2";"0.2";"0.4";"0.7";"0.4";"";"44";"71";"3.6";"3.7";"4.1";"4.7";"7.8";"62";"45"
"Argentina";"ARG";"Primera C";"28-06-2026 15:00";"NS";"Puerto Nuevo";"";"";"Victoriano Arenas";"";"";"3.17";"2.29";"1.56";"1.10";"19";"8";"19";"43";"5";"31";"34";"72";"";"2.2";"2";"0.9";"1";"1.7";"0.9";"57";"57";"28";"78";"1.9";"19.4";"8.4";"7.2";"0.6";"1.3";"7";"46";"74";"43";"57";"";"";"0";"0.3";"0.7";"0.3";"1.6";"0.6";"1";"0.6";"0.9";"0.7";"";"0";"29";"2.7";"6";"2.9";"2.9";"7.8";"43";"28"
"Argentina";"ARG";"Primera C";"28-06-2026 15:00";"NS";"Leandro Nicéforo Alem";"";"";"Berazategui";"";"";"4.03";"1.87";"1.44";"1.16";"16";"5";"52";"59";"2";"41";"27";"50";"";"1.9";"2";"1.2";"0.8";"1.4";"0.3";"28";"38";"22";"84";"1.9";"16.6";"6.9";"8.3";"1.6";"1.8";"8";"56";"100";"33";"33";"";"";"0.2";"0.2";"0.9";"0.1";"1.2";"0.7";"0.6";"0.2";"1";"0.6";"";"44";"44";"4.4";"3.7";"3.9";"4.7";"7.8";"38";"33"
"Argentina";"ARG";"Primera C";"28-06-2026 15:00";"NS";"Defensores de Cambaceres";"";"";"Estrella del Sur";"";"";"3.10";"2.29";"1.59";"1.09";"18";"15";"43";"38";"5";"37";"34";"73";"";"2.2";"2";"1.1";"1";"1";"1.4";"46";"59";"40";"80";"1.9";"15.8";"6.1";"9";"1.3";"1.1";"8";"70";"56";"43";"38";"";"";"0.3";"0.6";"0.6";"0.6";"1.2";"1";"0.4";"0.8";"0.9";"0.4";"";"29";"25";"5.3";"3.9";"4.7";"4.2";"7.8";"54";"48"
"Argentina";"ARG";"Primera B Metropolitana";"28-06-2026 13:00";"NS";"Liniers";"";"";"Villa San Carlos";"";"";"1.93";"4.12";"1.58";"1.08";"15";"21";"40";"23";"1";"20";"37";"55";"";"2.1";"2";"0.6";"1.1";"0.8";"1.7";"35";"60";"30";"80";"2";"17";"6.8";"9.2";"1.2";"0.7";"9";"77";"46";"30";"50";"";"";"0.3";"0.1";"0.5";"0.5";"1.4";"0.7";"0.3";"1.2";"0.3";"1";"";"30";"10";"5.2";"4.1";"4.7";"4.5";"8.6";"75";"60"
"Argentina";"ARG";"Primera B Metropolitana";"28-06-2026 13:00";"NS";"UAI Urquiza";"";"";"Sportivo Italiano";"";"";"2.91";"2.53";"1.61";"1.09";"20";"6";"37";"57";"5";"20";"41";"50";"";"1.7";"2";"0.6";"1.2";"0.7";"0.9";"35";"45";"35";"85";"2";"15.9";"5.6";"9.2";"1.1";"1.7";"8";"80";"74";"40";"50";"";"";"0.4";"0.6";"0.4";"0.1";"1";"0.8";"0.3";"0.8";"0.2";"0.6";"";"20";"50";"4.9";"3.8";"5.1";"4.5";"8.6";"90";"45"
"Argentina";"ARG";"Primera B Metropolitana";"28-06-2026 13:00";"NS";"Deportivo Laferrere";"";"";"Argentino Quilmes";"";"";"2.41";"2.90";"1.47";"1.14";"13";"14";"47";"40";"5";"27";"37";"50";"";"2";"2";"0.8";"1.1";"1.1";"1.1";"40";"60";"30";"80";"2";"18.2";"6.8";"9.2";"1.4";"1.2";"9";"66";"66";"50";"30";"";"";"0.7";"0.4";"0.7";"0.2";"1";"1";"0.4";"0.9";"0.1";"0.7";"";"40";"30";"4.4";"4";"3.7";"6.4";"8.6";"60";"60"
"Argentina";"ARG";"Primera B Metropolitana";"28-06-2026 15:00";"NS";"Arsenal de Sarandí";"";"";"Dock Sud";"";"";"1.94";"3.69";"1.38";"1.20";"3";"16";"67";"23";"1";"68";"27";"80";"";"2.6";"2";"2";"0.8";"1.1";"1.3";"55";"70";"50";"75";"2";"15.9";"6.8";"8.4";"2";"0.7";"8";"66";"60";"30";"30";"";"";"0.9";"0.5";"0.8";"0.5";"1.2";"1.4";"0.3";"0.8";"1.1";"0.3";"";"60";"10";"5.4";"4.3";"3.8";"3.4";"8.6";"65";"50"
"Argentina";"ARG";"Primera B Metropolitana";"28-06-2026 15:00";"NS";"Argentino Merlo";"";"";"Comunicaciones";"";"";"2.36";"3.03";"1.52";"1.12";"12";"8";"40";"43";"5";"24";"24";"55";"";"1.5";"2";"0.7";"0.7";"0.7";"1";"30";"30";"15";"95";"2";"16.9";"7.4";"9.1";"1.2";"1.3";"9";"80";"70";"40";"70";"";"";"0.2";"0.2";"0.2";"0.1";"1.2";"0.4";"0.5";"0.9";"0.5";"0.5";"";"30";"30";"4.4";"4.2";"4.4";"5.2";"8.6";"75";"70"
"Argentina";"ARG";"Torneo Federal A";"28-06-2026 15:00";"NS";"Independiente Chivilcoy";"";"";"Douglas Haig";"";"";"2.96";"2.58";"1.57";"1.10";"7";"2";"57";"33";"5";"44";"20";"64";"";"2";"2";"1.3";"0.6";"1";"1.1";"28";"71";"36";"86";"1.9";"19.8";"7.6";"8.6";"1.7";"1";"9";"70";"66";"57";"57";"";"";"0.4";"0.4";"0.6";"0.4";"1.1";"1";"0.4";"0.7";"0.9";"0.1";"";"43";"29";"4.4";"5.6";"2.6";"4.7";"8.9";"64";"57"
"Argentina";"ARG";"Torneo Federal A";"28-06-2026 15:00";"NS";"El Linqueño";"";"";"Sportivo Belgrano";"";"";"2.48";"2.95";"1.60";"1.08";"10";"1";"52";"57";"5";"31";"44";"64";"";"1.8";"2";"0.9";"1.3";"1";"0.4";"29";"57";"29";"93";"1.9";"20.8";"8";"8.9";"1.6";"1.7";"9";"70";"100";"71";"57";"";"";"0.6";"0.4";"0.3";"0";"1.2";"0.6";"0.7";"0.4";"0.3";"0.9";"";"43";"43";"4.3";"3.4";"4.1";"6";"8.9";"64";"57"
"Argentina";"ARG";"Torneo Federal A";"28-06-2026 15:00";"NS";"Sol de América";"";"";"San Martín Formosa";"";"";"2.19";"3.26";"";"";"3";"2";"89";"39";"5";"58";"44";"75";"";"2.4";"2";"1.7";"1.3";"0.2";"1.7";"34";"75";"50";"84";"1.9";"18.6";"8.4";"8.6";"2.7";"1.2";"8";"100";"46";"50";"50";"";"";"0.7";"0.3";"0";"0.5";"1.7";"0.8";"0.2";"1.2";"1";"1";"";"83";"33";"4";"5.5";"3.3";"4.5";"8.9";"58";"50"
"Argentina";"ARG";"Torneo Federal A";"28-06-2026 15:00";"NS";"Germinal de Rawson";"";"";"Deportivo Santamarina";"";"";"1.77";"4.85";"1.51";"1.10";"6";"7";"67";"22";"1";"24";"24";"34";"";"1.4";"1";"0.7";"0.7";"0.2";"1.3";"25";"34";"25";"84";"1.9";"18.8";"7.2";"7.4";"2";"0.7";"8";"100";"60";"67";"50";"";"";"0.2";"0.3";"0";"1";"0.7";"0.8";"0.2";"0.3";"0.5";"0.3";"";"50";"0";"3.8";"1.3";"3.2";"6.3";"8.9";"35";"35"
"Argentina";"ARG";"Torneo Federal A";"28-06-2026 15:00";"NS";"Villa Mitre";"";"";"Alvarado";"";"";"1.94";"4.37";"1.69";"1.07";"5";"1";"56";"33";"1";"24";"17";"33";"";"1";"1";"0.7";"0.5";"0.2";"0.8";"17";"34";"17";"92";"1.9";"17.2";"6.7";"8.4";"1.7";"1";"8";"100";"77";"33";"33";"";"";"0.2";"0.3";"0";"0.3";"0.7";"0.4";"0.2";"0.5";"0.5";"0.2";"";"33";"17";"8.7";"3";"2.7";"2.5";"8.9";"42";"34"
"Argentina";"ARG";"Torneo Federal A";"28-06-2026 15:00";"NS";"Circulo Deportivo";"";"";"Olimpo";"";"";"3.51";"2.23";"1.60";"1.08";"9";"2";"33";"39";"5";"17";"17";"42";"";"1.1";"2";"0.5";"0.5";"0.7";"0.5";"25";"50";"8";"100";"1.9";"18.3";"6.6";"5.8";"1";"1.2";"8";"80";"88";"33";"50";"";"";"0.3";"0.5";"0.5";"0";"0.4";"0.6";"0.2";"0.5";"0.2";"0";"";"17";"17";"2.7";"3.7";"2.2";"3";"8.9";"8";"8"
"Argentina";"ARG";"Torneo Federal A";"28-06-2026 15:00";"NS";"Kimberley Mar del Plata";"";"";"Guillermo Brown";"";"";"1.72";"5.15";"1.56";"1.10";"3";"8";"56";"33";"1";"24";"24";"42";"";"1.2";"1";"0.7";"0.7";"0.3";"0.8";"25";"42";"8";"92";"1.9";"19.5";"8";"8.6";"1.7";"1";"8";"100";"77";"50";"67";"";"";"0.3";"0.2";"0.2";"0.5";"0.6";"0.6";"0.2";"0.3";"0.3";"0.5";"";"33";"17";"5.5";"2.4";"3.3";"6";"8.9";"62";"45"
"Argentina";"ARG";"Torneo Federal A";"28-06-2026 15:30";"NS";"Escobar FC";"";"";"Gimnasia Concepción";"";"";"1.32";"9.77";"";"";"8";"9";"52";"19";"1";"37";"14";"57";"";"2";"1";"1.1";"0.4";"1.1";"1.1";"43";"64";"36";"78";"1.9";"18.4";"5.6";"7.9";"1.6";"0.6";"8";"66";"66";"29";"43";"";"";"0.6";"0.1";"0.4";"0.6";"1.1";"0.8";"0.7";"0.6";"0.6";"0.3";"";"43";"0";"5.9";"3.7";"1.7";"4.5";"8.9";"40";"40"
"Argentina";"ARG";"Torneo Federal A";"28-06-2026 15:30";"NS";"Juventud Antoniana";"";"";"Defensores Pto. Vilelas";"";"";"1.37";"7.50";"1.28";"1.24";"7";"6";"39";"33";"1";"27";"44";"84";"";"2.6";"2";"0.8";"1.3";"1.2";"1.8";"50";"67";"58";"92";"1.9";"21.8";"10.2";"9.2";"1.2";"1";"9";"63";"42";"67";"17";"";"";"0.5";"0.5";"0.5";"0.5";"1.6";"1";"0.7";"1.3";"0.3";"0.8";"";"33";"33";"6.2";"3.3";"2.3";"6.7";"8.9";"75";"58"
"Argentina";"ARG";"Torneo Federal A";"28-06-2026 15:30";"NS";"Costa Brava";"";"";"San Martín Mendoza";"";"";"1.63";"5.46";"1.51";"1.10";"8";"9";"56";"11";"1";"44";"10";"58";"";"2";"2";"1.3";"0.3";"0.7";"1.7";"33";"75";"33";"92";"1.9";"18.6";"8.5";"9.3";"1.7";"0.3";"9";"80";"46";"67";"50";"";"";"0.7";"0";"0.7";"1";"0.8";"1.2";"0";"0.7";"0.7";"0.3";"";"50";"0";"8.2";"4.7";"1.2";"4.7";"8.9";"58";"50"
"Argentina";"ARG";"Torneo Federal A";"28-06-2026 16:00";"NS";"9 de Julio Rafaela";"";"";"Gimnasia Chivilcoy";"";"";"2.10";"3.46";"1.46";"1.14";"3";"4";"76";"24";"5";"88";"20";"78";"";"2.8";"2";"2.6";"0.6";"1.4";"1.1";"50";"78";"50";"64";"1.9";"18.8";"7.6";"8.5";"2.3";"0.7";"8";"56";"66";"71";"57";"";"";"1";"0.1";"0.4";"0.7";"1.8";"1.2";"1";"0.4";"1.6";"0.4";"";"71";"14";"3.6";"3.6";"5.3";"4.6";"8.9";"57";"57"
"Argentina";"ARG";"Torneo Federal A";"28-06-2026 16:00";"NS";"Sarmiento de La Banda";"";"";"Bartolomé Mitre";"";"";"1.85";"4.43";"1.52";"1.11";"4";"1";"61";"44";"1";"44";"34";"58";"";"1.8";"2";"1.3";"1";"0.5";"0.8";"42";"50";"42";"92";"1.9";"17.2";"6.4";"11";"1.8";"1.3";"10";"88";"77";"67";"50";"";"";"0.5";"0.5";"0.2";"0.3";"1.1";"0.8";"0.3";"0.5";"0.8";"0.5";"";"50";"33";"7.8";"4.2";"4";"6.2";"8.9";"83";"83"
"Argentina";"ARG";"Torneo Federal A";"28-06-2026 16:00";"NS";"Sarmiento Resistencia";"";"";"Tucumán Central";"";"";"2.06";"3.60";"1.48";"1.12";"9";"5";"33";"0";"5";"27";"17";"58";"";"2.2";"2";"0.8";"0.5";"1";"2";"42";"58";"34";"75";"1.9";"21";"8.5";"9.2";"1";"0";"9";"70";"35";"67";"50";"";"";"0.2";"0.2";"0.3";"0.8";"1.4";"0.8";"0.7";"1.2";"0.7";"0.3";"";"17";"0";"6";"5";"3.5";"3.8";"8.9";"67";"58"
"Argentina";"ARG";"Reserve League";"28-06-2026 11:00";"INPLAY_1ST_HALF";"Vélez Sársfield Res.";"1";"0";"Newell's Old Boys Res.";"1";"0";"1.74";"4.20";"1.30";"1.25";"1";"2";"89";"37";"1";"95";"37";"78";"";"2.8";"3";"2.8";"1.1";"0.6";"1.2";"38";"61";"50";"56";"2.5";"16.6";"7.7";"7.9";"2.7";"1.1";"9";"84";"63";"67";"33";"";"";"1.6";"0.2";"0.2";"0.3";"1.7";"1.2";"0.3";"0.9";"1.2";"0.9";"";"89";"22";"4.9";"5.3";"1.9";"3.7";"9";"56";"33"
"Argentina";"ARG";"Reserve League";"28-06-2026 14:00";"NS";"Boca Juniors Res.";"";"";"Atlético Tucumán Res.";"";"";"1.38";"7.14";"1.21";"1.35";"1";"2";"78";"56";"1";"71";"44";"78";"";"2.7";"3";"2.1";"1.3";"0.4";"1.4";"33";"67";"56";"84";"2.5";"18.5";"8.9";"8";"2.3";"1.7";"8";"100";"56";"44";"67";"";"";"0.9";"0.3";"0.1";"1.1";"1.5";"1.2";"0.3";"0.3";"1.2";"1";"";"78";"56";"6.2";"3.8";"2.4";"3.4";"9";"50";"28"
"Argentina";"ARG";"Copa Santa Fe";"28-06-2026 15:00";"NS";"Argentino Rosario";"";"";"Union Arroyo Seco";"";"";"1.66";"4.48";"";"";"";"";"";"";"";"";"";"";"";"";"";"";"";"";"";"";"";"";"";"";"";"";"";"";"";"";"";"";"";"";"";"";"";"";"";"";"";"";"";"";"";"";"";"";"";"";"";"";"";"";"";""
"Argentina";"ARG";"Copa Santa Fe";"28-06-2026 15:30";"NS";"Náutico El Quillá";"";"";"Atlético Tostado";"";"";"";"";"";"";"";"";"";"";"";"";"";"";"";"";"";"";"";"";"";"";"";"";"";"";"";"";"";"";"";"";"";"";"";"";"";"";"";"";"";"";"";"";"";"";"";"";"";"";"";"";"";"";"";"";"";""
"Argentina";"ARG";"Copa Santa Fe";"28-06-2026 16:00";"NS";"Atlético Rafaela";"";"";"Sportivo Suardi";"";"";"";"";"";"";"";"";"";"";"";"";"";"";"";"";"";"";"";"";"";"";"";"";"";"";"";"";"";"";"";"";"";"";"";"";"";"";"";"";"";"";"";"";"";"";"";"";"";"";"";"";"";"";"";"";"";""
"Argentina";"ARG";"Copa Santa Fe";"28-06-2026 16:00";"NS";"Atlético Brown";"";"";"Sanjustino";"";"";"";"";"";"";"";"";"";"";"";"";"";"";"";"";"";"";"";"";"";"";"";"";"";"";"";"";"";"";"";"";"";"";"";"";"";"";"";"";"";"";"";"";"";"";"";"";"";"";"";"";"";"";"";"";"";""
"Australia";"AUS";"Queensland Premier League 3 Metro";"28-06-2026 02:00";"FT";"Logan Roos";"1";"1";"Yeronga Eagles";"1";"0";"7.08";"1.23";"";"";"8";"1";"43";"67";"4";"71";"100";"100";"";"5.1";"5";"2.1";"3.5";"2.7";"1.8";"81";"88";"100";"27";"4.6";"24.5";"12.8";"9";"1.3";"2";"9";"10";"42";"57";"38";"";"";"1";"1.1";"1.4";"1";"2.8";"2.2";"1.3";"0.8";"1.1";"2.4";"";"43";"62";"4.9";"5.7";"4.1";"3.3";"10.4";"76";"38"
"Australia";"AUS";"Queensland Premier League 3 Metro";"28-06-2026 04:00";"FT";"Redcliffe PCYC";"2";"4";"Mt Gravatt Hawks";"0";"3";"3.64";"1.55";"";"";"13";"11";"17";"17";"2";"48";"41";"100";"";"4.4";"5";"1.4";"1.2";"3.9";"2.5";"71";"100";"92";"40";"4.6";"30.4";"17.2";"12.2";"0.5";"0.5";"11";"2";"18";"38";"33";"";"";"0.6";"0.5";"2.2";"1.5";"2";"2.4";"1.6";"1";"0.8";"0.7";"";"12";"17";"2.2";"3.8";"10.5";"7.8";"10.4";"100";"100"
"Australia";"AUS";"Queensland Premier League 3 Metro";"28-06-2026 04:00";"FT";"North Brisbane";"2";"0";"Ipswich Knights";"1";"0";"4.03";"1.56";"";"";"10";"9";"25";"37";"2";"51";"54";"94";"";"4.6";"5";"1.5";"1.6";"3.8";"2.4";"71";"94";"94";"29";"4.6";"29.3";"18.7";"9.2";"0.8";"1.1";"10";"2";"21";"62";"67";"";"";"0.5";"0.7";"1.9";"1.1";"2.6";"2.1";"1.9";"1.3";"1";"0.9";"";"25";"33";"2.9";"4.4";"6.7";"4.4";"10.4";"66";"66"
"Australia";"AUS";"Capital Territory";"28-06-2026 02:00";"FT";"Canberra FC";"1";"2";"Tuggeranong United";"1";"1";"1.18";"9.10";"1.02";"2.34";"";"";"100";"60";"3";"100";"75";"100";"";"4.7";"4";"3.8";"2.2";"1";"2.4";"78";"100";"100";"22";"4.3";"20.6";"11.1";"8.7";"3";"1.8";"9";"70";"21";"75";"60";"";"";"2";"1.6";"0.5";"0.8";"2.2";"2.4";"0.5";"1.6";"1.8";"0.6";"";"100";"60";"4";"4.6";"2.2";"6.6";"9.5";"52";"40"
"Australia";"AUS";"Capital Territory";"28-06-2026 02:00";"FT";"Gungahlin Juventus";"2";"0";"Brindabella Blues";"0";"0";"1.15";"10.35";"1.01";"2.36";"";"";"50";"20";"3";"75";"34";"100";"";"4.4";"4";"2.2";"1";"2";"3.6";"68";"80";"90";"45";"4.3";"24.8";"12.9";"11.1";"1.5";"0.6";"10";"35";"2";"50";"60";"";"";"0.5";"0.6";"1";"1";"2.9";"1.6";"1";"2.6";"1.8";"0.4";"";"50";"20";"8.2";"4.8";"5";"4.2";"9.5";"80";"58"
"Australia";"AUS";"New South Wales";"28-06-2026 02:00";"FT";"Marconi Stallions";"2";"0";"Blacktown City";"1";"0";"1.58";"4.80";"1.18";"1.42";"2";"15";"83";"37";"1";"71";"61";"76";"";"3.2";"3";"2.1";"1.8";"0.5";"1.9";"65";"84";"59";"52";"2.8";"19.4";"8.4";"8.9";"2.5";"1.1";"9";"88";"38";"38";"70";"";"";"1.1";"1.1";"0.1";"0.7";"1.6";"1.5";"0.4";"1.2";"1";"0.7";"";"75";"20";"4.4";"4.6";"3.5";"5.2";"9.4";"54";"49"
"Australia";"AUS";"New South Wales";"28-06-2026 03:15";"FT";"APIA Leichhardt Tigers";"0";"2";"Rockdale Ilinden FC";"0";"1";"1.62";"4.18";"1.10";"1.71";"1";"5";"93";"57";"1";"85";"58";"100";"";"3.3";"3";"2.5";"1.7";"1";"1.4";"70";"75";"65";"60";"2.8";"20.8";"9.8";"9.1";"2.8";"1.7";"9";"70";"56";"40";"40";"";"";"1.4";"0.7";"0.3";"0.5";"1.8";"1.4";"0.7";"0.9";"1.1";"1";"";"90";"50";"6.3";"6.2";"2.8";"2.9";"9.4";"65";"35"
"Australia";"AUS";"Npl Tasmania";"28-06-2026 01:30";"FT";"Kingborough Lions";"2";"1";"Devonport City";"1";"0";"2.14";"2.65";"1.06";"1.88";"2";"3";"89";"83";"5";"78";"100";"92";"";"4.5";"4";"2.3";"4.5";"0.7";"1.5";"75";"92";"75";"42";"4.2";"19.6";"9.6";"9.8";"2.7";"2.5";"10";"80";"52";"50";"33";"";"";"1.2";"2";"0.3";"0.7";"2.4";"2.1";"0.3";"0.8";"1.2";"2.5";"";"83";"83";"6.8";"5.2";"4";"3.7";"11.5";"66";"66"
"Australia";"AUS";"Npl Tasmania";"28-06-2026 01:30";"FT";"Launceston City";"1";"0";"South East United";"0";"0";"1.07";"15.76";"1.04";"2.88";"4";"8";"50";"17";"3";"68";"44";"100";"";"4.8";"4";"2";"1.3";"2.5";"3.7";"58";"84";"83";"33";"4.2";"23.7";"12.1";"11.5";"1.5";"0.5";"11";"18";"2";"33";"50";"";"";"0.7";"0.8";"0.7";"1.7";"2.8";"1.9";"1.8";"2";"1.3";"0.5";"";"50";"17";"6.2";"3.5";"5";"8.3";"11.5";"83";"75"
"Australia";"AUS";"Npl Queensland";"28-06-2026 02:00";"FT";"Gold Coast United";"0";"1";"Moreton City Excelsior";"0";"0";"6.88";"1.29";"1.07";"1.94";"10";"3";"20";"48";"4";"41";"71";"93";"";"3.6";"3";"1.2";"2.1";"2.4";"1.4";"42";"93";"76";"48";"3.9";"19.4";"8.6";"9.1";"0.6";"1.4";"9";"21";"56";"60";"43";"";"";"0.4";"0.7";"1.2";"0.4";"2.2";"1.4";"1.2";"1";"0.8";"1.4";"";"20";"43";"4.8";"5.4";"4.4";"3.6";"10.4";"76";"68"
"Australia";"AUS";"Npl Queensland";"28-06-2026 04:00";"FT";"Queensland Lions";"6";"2";"Wynnum Wolves FC";"2";"0";"1.40";"5.23";"1.06";"2.08";"2";"7";"78";"62";"1";"75";"71";"92";"";"3.4";"3";"2.2";"2.1";"0.8";"1.6";"60";"84";"84";"46";"3.9";"23.8";"10.6";"10.6";"2.3";"1.9";"10";"77";"49";"67";"57";"";"";"1.3";"1";"0.3";"0.6";"1.7";"1.6";"0.5";"1";"0.8";"1.1";"";"67";"57";"7.7";"4.3";"4.2";"5.1";"10.4";"84";"84"
"Australia";"AUS";"Npl Victoria";"28-06-2026 02:30";"FT";"South Melbourne";"1";"2";"Green Gully";"0";"1";"1.36";"6.26";"1.14";"1.54";"9";"14";"25";"11";"1";"37";"24";"83";"";"3.2";"3";"1.1";"0.7";"2.5";"2.1";"53";"72";"72";"58";"3";"18";"8.5";"9.2";"0.8";"0.3";"9";"18";"32";"50";"56";"";"";"0.5";"0.3";"1.2";"0.4";"2";"1.3";"1.2";"1.7";"0.6";"0.3";"";"25";"0";"4.4";"4.6";"4.5";"5";"10.1";"71";"58"
"Australia";"AUS";"Northern Nsw";"28-06-2026 02:00";"FT";"Broadmeadow Magic";"5";"1";"Weston Workers FC";"1";"1";"2.04";"2.83";"1.06";"1.73";"1";"3";"71";"90";"5";"92";"82";"100";"";"3.8";"4";"2.7";"2.4";"1.3";"1.1";"71";"100";"78";"50";"3.6";"21";"9.4";"10.2";"2.1";"2.7";"10";"60";"66";"71";"29";"";"";"2";"1.7";"0.6";"0.7";"1.2";"2.5";"0.7";"0.4";"0.7";"0.7";"";"57";"86";"4.1";"5.1";"5.7";"5.3";"10.9";"78";"64"
"Australia";"AUS";"Northern Nsw";"28-06-2026 02:00";"DELAYED";"Kahibah";"0";"0";"Maitland";"0";"0";"5.19";"1.41";"1.02";"2.03";"12";"4";"29";"62";"2";"51";"82";"94";"";"3.9";"4";"1.5";"2.4";"2.1";"1.9";"75";"94";"82";"38";"3.6";"24.2";"11.2";"9";"0.9";"1.9";"10";"32";"38";"50";"38";"";"";"0.6";"1.2";"0.6";"1.1";"2.2";"1.8";"1.5";"0.8";"0.9";"1.1";"";"25";"50";"2.6";"4.5";"6.6";"4.4";"10.9";"56";"50"
"Australia";"AUS";"Victoria NPL Youth League";"28-06-2026 02:30";"FT";"Heidelberg United U23";"2";"1";"Oakleigh Cannons U23";"1";"1";"2.44";"2.24";"";"";"3";"4";"50";"54";"5";"100";"65";"94";"";"4.6";"4";"3";"1.9";"2.8";"1.5";"88";"88";"81";"31";"4.3";"22";"11.8";"9.2";"1.5";"1.6";"9";"7";"52";"50";"38";"";"";"1.4";"0.9";"1.1";"0.5";"2.6";"2";"1.6";"1";"1.6";"1";"";"50";"50";"7.1";"4.5";"4.3";"2.5";"8.9";"75";"50"
"Australia";"AUS";"Brisbane Reserves Premier League";"28-06-2026 00:00";"AWAITING_UPDATES";"Logan Roos U23";"";"";"Yeronga Eagles U23";"";"";"";"";"";"";"13";"3";"17";"79";"";"17";"99";"94";"";"6.6";"6";"0.5";"2.9";"8.7";"1.1";"40";"";"79";"36";"4.7";"";"";"";"0.5";"2.4";"";"2";"66";"67";"62";"";"";"";"";"";"";"0";"0";"";"";"";"";"";"17";"75";"";"";"";"";"0";"";""
"Australia";"AUS";"Brisbane Reserves Premier League";"28-06-2026 02:00";"AWAITING_UPDATES";"Redcliffe Dolphins U23";"";"";"Mt Gravatt U23";"";"";"";"";"";"";"12";"11";"0";"17";"";"37";"41";"92";"";"4.6";"5";"1.1";"1.2";"4.2";"2.7";"78";"";"92";"31";"4.7";"";"";"";"0";"0.5";"";"2";"10";"50";"50";"";"";"";"";"";"";"0";"0";"";"";"";"";"";"0";"17";"";"";"";"";"0";"";""
"Australia";"AUS";"Brisbane Reserves Premier League";"28-06-2026 02:00";"AWAITING_UPDATES";"North Brisbane U23";"";"";"Ipswich Knights U23";"";"";"";"";"";"";"6";"7";"75";"44";"";"100";"68";"94";"";"4.9";"5";"3.2";"2";"1.9";"2.8";"66";"";"88";"30";"4.7";"";"";"";"2.2";"1.3";"";"38";"7";"38";"56";"";"";"";"";"";"";"0";"0";"";"";"";"";"";"75";"44";"";"";"";"";"0";"";""
"Australia";"AUS";"Northern Territory Premier League";"28-06-2026 03:30";"FT";"Darwin Olympic";"2";"3";"Darwin Hearts";"1";"3";"1.95";"2.78";"";"";"4";"5";"47";"50";"1";"100";"78";"100";"";"4.9";"5";"3";"2.3";"1.8";"2.7";"74";"100";"82";"38";"5";"16.9";"9.5";"9.9";"1.4";"1.5";"9";"42";"10";"40";"67";"";"";"1.4";"1.2";"0.8";"1.8";"2.3";"2.6";"1";"0.8";"1.6";"1.2";"";"40";"50";"5.2";"7.3";"4.2";"3";"8.9";"72";"72"
"Australia";"AUS";"New South Wales NPL Youth League";"28-06-2026 00:00";"FT";"Marconi Stallions U20";"3";"1";"Blacktown City U20";"2";"1";"1.53";"4.57";"";"";"6";"12";"62";"33";"1";"61";"51";"82";"";"3.6";"4";"1.8";"1.5";"0.8";"3.2";"49";"82";"78";"70";"3.8";"22.2";"11.6";"7.8";"1.9";"1";"8";"77";"2";"75";"60";"";"";"0.8";"0.8";"0.4";"1.8";"1.8";"1.8";"0.4";"1.4";"1";"0.7";"";"62";"30";"5.4";"3.4";"2.2";"4.7";"9";"64";"36"
"Australia";"AUS";"New South Wales NPL Youth League";"28-06-2026 05:15";"FT";"APIA Leichhardt U20";"1";"2";"Rockdale Ilinden U20";"1";"1";"1.42";"5.37";"";"";"1";"14";"100";"23";"1";"100";"37";"90";"";"3.5";"4";"3.3";"1.1";"0.8";"1.8";"55";"80";"75";"55";"3.8";"20.5";"10.2";"9.1";"3";"0.7";"10";"77";"42";"40";"60";"";"";"1.6";"0.3";"0.3";"0.7";"2";"1.4";"0.5";"1.1";"1.7";"0.8";"";"100";"20";"5.7";"3";"3.4";"6.2";"9";"60";"50"
"Australia";"AUS";"Queensland Premier League 2";"28-06-2026 03:00";"FT";"Brisbane Knights";"6";"2";"Caloundra";"3";"1";"4.18";"1.52";"";"";"11";"6";"60";"43";"2";"48";"68";"83";"";"3.4";"4";"1.4";"2";"1";"2.4";"56";"73";"56";"62";"3.8";"30.6";"17.2";"10.5";"1.8";"1.3";"11";"70";"21";"40";"43";"";"";"0.4";"0.7";"0.4";"1.4";"2";"1.5";"0.6";"1";"1";"1.3";"";"60";"43";"3.5";"7.2";"6";"4.3";"11";"79";"66"
"Australia";"AUS";"Queensland NPL Youth League";"28-06-2026 01:45";"FT";"Lions U23";"4";"0";"Wolves U23";"1";"0";"1.22";"8.38";"";"";"1";"9";"100";"29";"3";"100";"54";"84";"";"3.8";"4";"3.2";"1.6";"0.3";"2.6";"52";"92";"76";"55";"4.2";"26.8";"12.9";"9.2";"3";"0.9";"10";"100";"14";"33";"43";"";"";"1.5";"0.8";"0.2";"1.2";"1.8";"1.7";"0.2";"1.8";"1.7";"1";"";"100";"29";"5.7";"3.6";"3.7";"5.6";"10.2";"74";"55"
"Australia";"AUS";"Queensland NPL Youth League";"28-06-2026 03:30";"AWAITING_UPDATES";"Peninsula Power U23";"";"";"Queensland U16";"";"";"";"";"";"";"10";"11";"29";"6";"";"54";"24";"92";"";"4.4";"4";"1.6";"0.7";"3";"3.7";"84";"66";"86";"38";"4.2";"";"";"10";"0.9";"0.2";"10";"0";"2";"62";"33";"";"";"0.5";"0";"1.9";"0.7";"1.5";"1.3";"1.1";"6.7";"1.1";"1.3";"";"25";"0";"4.8";"5";"6.2";"4";"10.2";"75";"69"
"Australia";"AUS";"NSW League One Youth";"28-06-2026 05:00";"AWAITING_UPDATES";"Prospect United U20";"";"";"Bulls Academy U20";"";"";"";"";"";"";"3";"2";"67";"70";"";"68";"75";"80";"";"3";"4";"2";"2.2";"0.9";"0.9";"64";"78";"47";"69";"3.9";"23.4";"12.3";"8.9";"2";"2.1";"9";"74";"74";"44";"40";"";"";"1";"1";"0.3";"0.6";"1.4";"1.4";"0.6";"0.4";"1";"1.4";"";"56";"60";"3.7";"5.8";"5.3";"3";"9";"66";"59"
"Australia";"AUS";"Northern NSW Reserve League";"28-06-2026 00:00";"DELAYED";"Kahibah Res.";"";"";"Maitland Res.";"";"";"4.71";"1.47";"";"";"12";"6";"21";"33";"2";"61";"54";"100";"";"4.3";"5";"1.8";"1.6";"3.4";"1.9";"82";"88";"75";"50";"3.9";"21.5";"13.2";"9.1";"0.6";"1";"10";"2";"38";"50";"38";"";"";"1.1";"0.8";"2";"0.8";"2";"2.3";"1.4";"1.1";"0.6";"0.9";"";"12";"25";"4.4";"3.7";"5.2";"5";"10.3";"66";"52"
"Australia";"AUS";"Northern NSW Reserve League";"28-06-2026 00:00";"DELAYED";"Broadmeadow Magic Res.";"";"";"Weston Workers Res.";"";"";"1.78";"3.25";"";"";"4";"7";"52";"52";"1";"82";"54";"86";"";"3.6";"4";"2.4";"1.6";"2";"1.3";"78";"86";"78";"43";"3.9";"25.7";"16.2";"11.3";"1.6";"1.6";"11";"35";"60";"43";"57";"";"";"1.3";"0.6";"0.9";"0.7";"2";"1.7";"1.1";"0.6";"1.1";"1";"";"43";"43";"6.8";"7.8";"4.2";"3.8";"10.3";"90";"80"
"Australia";"AUS";"Northern NSW State League 1 Reserves";"28-06-2026 00:00";"AWAITING_UPDATES";"Wallsend Res.";"";"";"Singleton Strikers Res.";"";"";"";"";"";"";"6";"10";"50";"33";"";"100";"61";"92";"";"5.4";"";"3.7";"1.8";"1.8";"3.3";"75";"";"92";"25";"";"";"";"";"1.5";"1";"";"42";"2";"33";"50";"";"";"";"";"";"";"0.8";"0";"";"";"";"";"";"50";"33";"";"";"";"";"";"";""
"Australia";"AUS";"Northern NSW State League 1 Reserves";"28-06-2026 00:00";"AWAITING_UPDATES";"West Wallsend Res.";"";"";"Newcastle Croatia Res.";"";"";"";"";"";"";"5";"7";"47";"50";"";"88";"61";"100";"";"5.3";"";"2.6";"1.8";"3";"3.2";"84";"";"92";"36";"";"";"";"";"1.4";"1.5";"";"0";"2";"60";"50";"";"";"";"";"";"";"0.6";"0";"";"";"";"";"";"40";"50";"";"";"";"";"";"";""
"Australia";"AUS";"Northern NSW State League 1 Reserves";"28-06-2026 01:00";"AWAITING_UPDATES";"Lake Macquarie Res.";"";"";"Dudley Redhead Utd Res.";"";"";"";"";"";"";"4";"2";"67";"53";"";"100";"75";"92";"";"4";"";"3.2";"2.2";"1.2";"1.6";"56";"";"84";"55";"";"";"";"";"2";"1.6";"";"63";"49";"50";"40";"";"";"0";"";"0";"";"1.9";"0";"1.5";"";"5";"";"";"67";"40";"";"";"";"";"";"";""
"Australia";"AUS";"New South Wales NPL 2";"28-06-2026 07:00";"FT";"Prospect United";"1";"1";"Bulls Academy";"1";"0";"2.75";"2.10";"";"";"15";"7";"22";"33";"5";"31";"51";"74";"";"2.7";"3";"0.9";"1.5";"1.4";"1.6";"68";"73";"52";"69";"3.2";"21.8";"10.6";"8.4";"0.7";"1";"9";"56";"49";"33";"40";"";"";"0.2";"0.8";"0.9";"1";"1.2";"1.5";"0.6";"0.6";"0.7";"0.7";"";"0";"30";"2.3";"5.6";"3.8";"5";"9.9";"50";"40"
"Australia";"AUS";"Northern NSW State League 1";"28-06-2026 02:00";"POSTPONED";"Wallsend";"";"";"Singleton Strikers";"";"";"";"";"";"";"2";"10";"80";"44";"";"100";"27";"92";"";"3.6";"4";"3.4";"0.8";"1.6";"1.3";"65";"74";"66";"70";"3.6";"";"";"";"2.4";"1.3";"";"49";"60";"40";"33";"";"";"1.4";"0.3";"0.4";"0.7";"2.2";"1.4";"1.2";"0.7";"2";"0.5";"";"80";"33";"";"";"";"";"0";"";""
"Australia";"AUS";"Northern NSW State League 1";"28-06-2026 02:00";"AWAITING_UPDATES";"West Wallsend";"";"";"Newcastle Croatia";"";"";"3.97";"1.70";"";"";"6";"5";"27";"60";"2";"41";"95";"80";"";"4.6";"5";"1.2";"2.8";"2.8";"2.4";"80";"68";"80";"40";"3.6";"";"";"";"0.8";"1.8";"";"7";"21";"40";"40";"";"";"0.4";"0.8";"1.4";"0.8";"2.4";"1.5";"1.4";"2.2";"0.8";"2.8";"";"20";"60";"";"";"";"";"0";"";""
"Australia";"AUS";"Northern NSW State League 1";"28-06-2026 03:00";"AWAITING_UPDATES";"Weston Workers";"";"";"Dudley Redhead Senior";"";"";"1.49";"4.73";"";"";"1";"3";"67";"47";"1";"100";"34";"90";"";"3.4";"3";"3";"1";"1.3";"1.4";"36";"55";"72";"74";"3.6";"";"";"";"2";"1.4";"";"60";"56";"33";"60";"";"";"1.8";"0.6";"0";"0.4";"1.4";"1.1";"2.5";"1";"2.2";"0.4";"";"67";"40";"";"";"";"";"0";"";""
"Australia";"AUS";"New South Wales NPL 3";"28-06-2026 04:00";"FT";"Bonnyrigg White Eagles";"2";"3";"Granville Rage";"0";"2";"1.57";"4.20";"";"";"5";"9";"59";"33";"1";"71";"48";"100";"";"4.2";"3";"2.1";"1.4";"1.8";"3";"67";"89";"72";"50";"3.5";"25.7";"13.3";"8.8";"1.8";"1";"10";"42";"0";"33";"56";"";"";"0.9";"1.1";"1";"1.8";"1.8";"2.4";"0.8";"1.2";"1.2";"0.3";"";"56";"22";"6";"3";"2.8";"5.7";"10";"65";"55"
"Australia";"AUS";"New South Wales NPL 3 Youth";"28-06-2026 02:00";"AWAITING_UPDATES";"Bonnyrigg WE U20";"";"";"Western Rage U20";"";"";"";"";"";"";"15";"13";"4";"19";"";"27";"44";"89";"";"3.6";"";"0.8";"1.3";"3.2";"1.9";"62";"";"78";"50";"";"";"";"";"0.1";"0.6";"";"2";"38";"56";"44";"";"";"";"";"";"";"0";"0";"";"";"";"";"";"0";"11";"";"";"";"";"";"";""
"Belarus";"BLR";"Vysshaya Liga";"28-06-2026 12:00";"NS";"Dnepr Mogilev";"";"";"Neman Grodno";"";"";"5.08";"1.64";"1.29";"1.26";"15";"6";"20";"67";"2";"20";"41";"40";"";"1.7";"2";"0.6";"1.2";"1";"0.6";"40";"40";"30";"80";"2.4";"13.9";"3.9";"8.5";"0.6";"2";"9";"70";"84";"40";"40";"";"";"0.4";"0.6";"0.2";"0.4";"0.9";"0.8";"0.8";"0.2";"0.2";"0.6";"";"0";"60";"6.6";"3";"2.4";"5";"10";"60";"50"
"Belarus";"BLR";"Vysshaya Liga";"28-06-2026 12:30";"NS";"Isloch";"";"";"Belshina";"";"";"1.33";"8.22";"1.20";"1.36";"4";"13";"80";"0";"1";"68";"20";"90";"";"2.9";"2";"2";"0.6";"0.6";"2.6";"50";"90";"60";"80";"2.4";"17";"8.2";"13.8";"2.4";"0";"12";"84";"14";"60";"20";"";"";"1.2";"0.4";"0.4";"0.6";"1.6";"1.3";"0.2";"2";"0.8";"0.2";"";"80";"0";"10";"5.2";"5";"7.4";"10";"100";"90"
"Belarus";"BLR";"Pershaya Liga";"28-06-2026 08:00";"FT";"Orsha";"0";"4";"Minsk II";"0";"1";"2.15";"2.99";"";"";"15";"17";"8";"40";"5";"27";"34";"80";"";"2.6";"3";"0.8";"1";"2";"1.4";"55";"55";"55";"78";"3.1";"14.8";"6.4";"9.5";"0.2";"1.2";"10";"35";"56";"50";"60";"";"";"0.2";"0.4";"0.2";"0.4";"1.9";"0.6";"1.8";"1";"0.5";"0.6";"";"0";"40";"2.2";"6";"4.5";"6.2";"10.1";"50";"50"
"Belarus";"BLR";"Pershaya Liga";"28-06-2026 10:00";"INPLAY_2ND_HALF";"FC Ostrovets";"1";"1";"Dinamo Minsk II";"0";"1";"5.09";"1.62";"";"";"13";"8";"28";"47";"2";"41";"75";"84";"";"3.2";"3";"1.2";"2.2";"1.5";"1.4";"74";"75";"74";"54";"3.1";"19.2";"9.6";"11.6";"0.8";"1.4";"11";"52";"56";"67";"60";"";"";"0.5";"1.2";"0.5";"0.2";"2";"1.2";"1";"1.2";"0.7";"1";"";"17";"40";"8.2";"3.4";"3.5";"8";"10.1";"88";"88"
"Belarus";"BLR";"Pershaya Liga";"28-06-2026 12:00";"NS";"BATE II";"";"";"Energetik-BGU";"";"";"6.09";"1.50";"";"1.66";"14";"2";"27";"87";"2";"61";"95";"90";"";"3.8";"3";"1.8";"2.8";"2.6";"0.4";"70";"70";"60";"50";"3.1";"19.8";"9";"10.1";"0.8";"2.6";"10";"14";"100";"60";"40";"";"";"1";"0.4";"1.2";"0.4";"2.3";"1.5";"1.4";"0";"0.8";"2.4";"";"20";"80";"3.8";"4.4";"5.5";"6.6";"10.1";"65";"65"
"Brazil";"BRA";"Serie C";"28-06-2026 11:00";"INPLAY_1ST_HALF";"Figueirense";"0";"0";"Guarani";"0";"0";"2.64";"2.49";"1.38";"1.20";"12";"1";"40";"53";"5";"34";"68";"90";"";"2.9";"3";"1";"2";"1.8";"1";"50";"60";"60";"70";"2.3";"23.4";"8.4";"12.3";"1.2";"1.6";"11";"42";"70";"80";"40";"";"";"0.2";"1.2";"0.8";"0.2";"1.7";"1.2";"1";"0.8";"0.8";"0.8";"";"40";"40";"9";"6.4";"3.2";"6";"10.5";"90";"80"
"Brazil";"BRA";"Serie C";"28-06-2026 20:30";"NS";"Ypiranga Erechim";"";"";"Confiança";"";"";"1.89";"3.97";"1.46";"1.16";"13";"18";"53";"0";"1";"54";"7";"60";"";"2.1";"3";"1.6";"0.2";"1.2";"1.2";"40";"60";"30";"90";"2.3";"24.6";"9.6";"12.2";"1.6";"0";"11";"63";"63";"40";"20";"";"";"0.6";"0";"0.4";"0.6";"1.3";"0.8";"0.8";"0.6";"1";"0.2";"";"40";"0";"7.8";"7";"4";"5.6";"10.5";"100";"90"
"Brazil";"BRA";"Serie C";"28-06-2026 20:30";"NS";"Ituano";"";"";"Maranhão";"";"";"1.59";"5.25";"1.37";"1.21";"6";"16";"87";"28";"1";"54";"17";"54";"";"1.8";"2";"1.6";"0.5";"0.2";"1.3";"26";"64";"35";"90";"2.3";"25.3";"8.1";"9.7";"2.6";"0.8";"10";"100";"60";"40";"67";"";"";"0.8";"0.3";"0";"0.7";"0.9";"0.9";"0.2";"0.7";"0.8";"0.2";"";"80";"17";"4.6";"3.8";"5.8";"5.2";"10.5";"84";"65"
"Brazil";"BRA";"Serie D";"28-06-2026 15:30";"NS";"Juazeirense";"";"";"Serra Branca";"";"";"2.26";"3.23";"1.56";"1.09";"1";"2";"67";"60";"5";"48";"48";"60";"";"2.2";"2";"1.4";"1.4";"0.6";"1";"60";"60";"40";"70";"2.3";"19";"6.4";"9.6";"2";"1.8";"10";"84";"70";"40";"40";"";"";"0.8";"0.4";"0.4";"0.4";"1.2";"1";"0.2";"0.6";"0.6";"1";"";"60";"40";"5";"5.4";"3.6";"5.2";"9.6";"50";"50"
"Brazil";"BRA";"Serie D";"28-06-2026 16:00";"NS";"ABC";"";"";"Altos";"";"";"1.43";"6.40";"1.30";"1.24";"1";"2";"73";"13";"1";"61";"20";"70";"";"2.2";"3";"1.8";"0.6";"0.4";"1.6";"50";"60";"30";"70";"2.3";"23";"7.4";"10.6";"2.2";"0.4";"10";"100";"49";"20";"40";"";"";"0.6";"0.4";"0.2";"0.4";"1.4";"0.8";"0.2";"1.2";"1.2";"0.2";"";"60";"0";"6.2";"6.2";"4.8";"4";"9.6";"90";"90"
"Brazil";"BRA";"Serie D";"28-06-2026 16:00";"NS";"Cianorte";"";"";"Independiente FSJ";"";"";"1.53";"6.34";"1.48";"1.10";"1";"2";"40";"33";"1";"41";"7";"40";"";"1.7";"2";"1.2";"0.2";"1.4";"0.6";"30";"60";"30";"80";"2.3";"19.6";"7.4";"9.5";"1.2";"1";"10";"56";"84";"60";"60";"";"";"0.6";"0.2";"0.8";"0.2";"0.8";"0.9";"0.6";"0.4";"0.6";"0";"";"40";"20";"7.4";"2.6";"4.4";"4.6";"9.6";"70";"60"
"Brazil";"BRA";"Serie D";"28-06-2026 16:00";"NS";"Marcílio Dias";"";"";"Cascavel";"";"";"2.09";"3.63";"1.58";"1.07";"1";"2";"47";"33";"5";"41";"34";"40";"";"1.8";"2";"1.2";"1";"0.8";"0.6";"30";"50";"30";"80";"2.3";"20.3";"6.9";"9.3";"1.4";"1";"9";"77";"84";"40";"40";"";"";"0.8";"0.2";"0.2";"0.2";"1.1";"0.7";"0.6";"0.4";"0.4";"0.8";"";"40";"20";"7.2";"4.4";"3.2";"3.8";"9.6";"60";"60"
"Brazil";"BRA";"Serie D";"28-06-2026 16:00";"NS";"Noroeste";"";"";"Portuguesa RJ";"";"";"2.04";"3.58";"1.43";"1.14";"1";"2";"73";"47";"5";"54";"48";"70";"";"2.2";"2";"1.6";"1.4";"0.6";"0.8";"30";"40";"30";"80";"2.3";"21.5";"7.2";"7.7";"2.2";"1.4";"9";"84";"77";"40";"20";"";"";"0.2";"0.6";"0";"0.2";"1.7";"0.5";"0.6";"0.6";"1.4";"0.8";"";"60";"40";"6.4";"1.2";"3.6";"4.2";"9.6";"50";"50"
"Brazil";"BRA";"Serie D";"28-06-2026 16:30";"NS";"Manauara";"";"";"Independencia";"";"";"1.12";"17.37";"1.12";"1.58";"1";"2";"73";"27";"3";"54";"48";"70";"";"2.4";"2";"1.6";"1.4";"0.6";"1.2";"50";"70";"40";"80";"2.3";"19.6";"7.8";"9.6";"2.2";"0.8";"9";"84";"63";"20";"60";"";"";"0.6";"0.6";"0.4";"0.4";"1.4";"1";"0.2";"0.8";"1";"0.8";"";"60";"20";"7.4";"4";"2.8";"5";"9.6";"65";"55"
"Brazil";"BRA";"Serie D";"28-06-2026 17:00";"NS";"Ferroviário";"";"";"Central";"";"";"1.82";"4.35";"1.47";"1.12";"1";"2";"100";"40";"1";"75";"27";"70";"";"2.2";"3";"2.2";"0.8";"0.8";"0.6";"50";"60";"30";"80";"2.3";"25.5";"8.8";"8.8";"3";"1.2";"10";"77";"84";"60";"60";"";"";"0.8";"0.6";"0.4";"0.2";"1.2";"1";"0.4";"0.4";"1.4";"0.2";"";"100";"20";"4.8";"3.2";"2.6";"7";"9.6";"50";"50"
"Brazil";"BRA";"Serie D";"28-06-2026 17:00";"NS";"Nacional AM";"";"";"Araguaína";"";"";"1.49";"5.96";"1.32";"1.21";"1";"2";"67";"60";"1";"54";"88";"70";"";"3.1";"3";"1.6";"2.6";"0.8";"1.2";"50";"70";"60";"60";"2.3";"22.8";"9";"9.1";"2";"1.8";"9";"77";"63";"40";"40";"";"";"0.8";"1.2";"0.4";"0.4";"1.7";"1.4";"0.4";"0.8";"0.8";"1.4";"";"60";"60";"7";"5";"2.8";"3.4";"9.6";"70";"60"
"Brazil";"BRA";"Serie D";"28-06-2026 17:00";"NS";"Treze";"";"";"Jacuipense";"";"";"1.60";"4.69";"1.28";"1.26";"1";"2";"67";"33";"1";"68";"34";"80";"";"2.6";"3";"2";"1";"0.8";"1.4";"60";"80";"50";"70";"2.3";"21.6";"6.2";"10.1";"2";"1";"10";"77";"56";"60";"40";"";"";"1.6";"0.4";"0.2";"0.8";"1.1";"1.5";"0.6";"0.6";"0.4";"0.6";"";"60";"20";"5.4";"4";"2.6";"8.2";"9.6";"60";"60"
"Brazil";"BRA";"Serie D";"28-06-2026 17:00";"NS";"Porto Velho";"";"";"São Raimundo RR";"";"";"1.70";"4.42";"1.26";"1.25";"1";"2";"67";"53";"1";"100";"34";"60";"";"3.1";"3";"4";"1";"0.6";"0.6";"30";"80";"50";"70";"2.3";"21.2";"8";"9.4";"2";"1.6";"10";"84";"84";"20";"40";"";"";"2.2";"0.4";"0.2";"0.4";"1.5";"1.6";"0.4";"0.2";"1.8";"0.6";"";"60";"40";"5.3";"3.6";"3.7";"6.2";"9.6";"90";"74"
"Brazil";"BRA";"Serie D";"28-06-2026 18:00";"NS";"Luverdense";"";"";"Ceilândia";"";"";"1.68";"4.91";"1.44";"1.13";"1";"2";"53";"47";"1";"48";"41";"60";"";"2.2";"3";"1.4";"1.2";"0.6";"1.2";"50";"60";"40";"80";"2.3";"19.1";"7.8";"8.3";"1.6";"1.4";"9";"84";"63";"60";"40";"";"";"0.4";"0.4";"0.4";"0.6";"1.3";"0.9";"0.2";"0.6";"1";"0.8";"";"40";"40";"6.8";"3.4";"2.8";"3.6";"9.6";"70";"50"
"Brazil";"BRA";"Serie D";"28-06-2026 18:00";"NS";"Guaporé";"";"";"Monte Roraima";"";"";"1.82";"3.69";"1.19";"1.36";"1";"2";"100";"47";"1";"61";"48";"70";"";"2.7";"2";"1.8";"1.4";"0.6";"1.6";"50";"80";"40";"60";"2.3";"17.7";"7.7";"7.6";"3";"1.4";"9";"84";"49";"40";"40";"";"";"0.8";"0.6";"0.4";"1.4";"1.1";"1.6";"0.2";"0.2";"1";"0.8";"";"100";"40";"6.2";"3.8";"2";"3.2";"9.6";"68";"35"
"Brazil";"BRA";"Mineiro 2";"28-06-2026 10:00";"INPLAY_2ND_HALF";"CAP Patrocinense";"0";"0";"Uberaba";"0";"0";"2.39";"3.01";"1.57";"1.09";"1";"2";"22";"44";"5";"24";"44";"84";"";"2.4";"2";"0.7";"1.3";"1.3";"1.3";"50";"50";"33";"67";"2.4";"19.9";"9.4";"9.4";"0.7";"1.3";"9";"60";"60";"67";"33";"";"";"0";"0.7";"0.7";"0.7";"1.3";"1";"0.7";"0.7";"0.7";"0.7";"";"0";"33";"4.3";"6";"4";"4.5";"8.1";"84";"42"
"Brazil";"BRA";"Mineiro 2";"28-06-2026 10:00";"INPLAY_2ND_HALF";"Aymorés";"0";"1";"Valeriodoce";"0";"1";"1.78";"4.16";"1.43";"1.15";"1";"2";"100";"78";"1";"100";"58";"84";"";"3.2";"3";"3";"1.7";"0.7";"1";"67";"84";"84";"50";"2.4";"";"";"";"3";"2.3";"";"80";"70";"67";"67";"";"";"1.3";"0.3";"0";"0.7";"2";"1.2";"0.7";"0.3";"1.7";"1.3";"";"100";"67";"6.5";"";"3.5";"";"8.1";"";""
"Brazil";"BRA";"Mineiro 2";"28-06-2026 10:30";"INPLAY_1ST_HALF";"Boa";"0";"0";"Mamoré";"0";"0";"1.66";"5.11";"";"";"1";"2";"67";"44";"1";"34";"44";"67";"";"2";"2";"1";"1.3";"0.7";"1";"34";"67";"34";"84";"2.4";"25.4";"9.9";"9.8";"2";"1.3";"9";"80";"70";"67";"67";"";"";"0.7";"0.7";"0.3";"0.3";"1";"1";"0.3";"0.7";"0.3";"0.7";"";"67";"33";"8";"2.5";"5.7";"3.5";"8.1";"50";"50"
"Brazil";"BRA";"Paulista Série B";"28-06-2026 10:00";"INPLAY_2ND_HALF";"Osasco Audax";"0";"0";"Flamengo SP";"0";"0";"2.44";"2.72";"";"";"1";"2";"67";"53";"5";"54";"34";"60";"";"2";"2";"1.6";"1";"0.6";"0.8";"30";"20";"20";"80";"2.9";"18.6";"6.8";"10.2";"2";"1.6";"10";"84";"77";"20";"40";"";"";"0.6";"0";"0.2";"0";"1.6";"0.4";"0.4";"0.8";"1";"1";"";"60";"40";"7.6";"3";"3.8";"6";"9.5";"100";"75"
"Brazil";"BRA";"Paulista Série B";"28-06-2026 10:00";"INPLAY_2ND_HALF";"Tupã";"0";"0";"Independente SP";"0";"0";"4.79";"1.60";"";"";"1";"2";"27";"80";"2";"34";"82";"90";"";"3";"3";"1";"2.4";"1.8";"0.8";"40";"70";"50";"70";"2.9";"19.8";"6.2";"8";"0.8";"2.4";"9";"42";"77";"60";"40";"";"";"0.2";"0.6";"1";"0.4";"1.9";"1.1";"0.8";"0.4";"0.8";"1.8";"";"20";"80";"5.2";"5.3";"2.8";"2.7";"9.5";"58";"42"
"Brazil";"BRA";"Paulista Série B";"28-06-2026 15:00";"NS";"Santacruzense";"";"";"América SP";"";"";"2.78";"2.28";"";"";"1";"2";"47";"40";"5";"75";"34";"80";"";"2.9";"3";"2.2";"1";"1.6";"1";"60";"70";"40";"70";"2.9";"21";"7.9";"9.2";"1.4";"1.2";"9";"49";"70";"40";"80";"";"";"1.2";"0.4";"0.6";"0.4";"1.6";"1.3";"1";"0.6";"1";"0.6";"";"40";"20";"3.2";"5.5";"4.5";"5";"9.5";"62";"50"
"Brazil";"BRA";"Paulista Série B";"28-06-2026 15:00";"NS";"Paulínia FU";"";"";"Itaquaquecetuba";"";"";"3.55";"1.87";"";"";"1";"2";"67";"67";"2";"75";"54";"100";"";"2.9";"2";"2.2";"1.6";"1.2";"0.8";"60";"80";"60";"70";"2.9";"17.2";"8.4";"10.4";"2";"2";"10";"63";"77";"60";"40";"";"";"0.8";"1";"0.6";"0.4";"1.5";"1.4";"0.6";"0.4";"1.4";"0.6";"";"60";"60";"4";"8.5";"5.8";"2.5";"9.5";"75";"62"
"Brazil";"BRA";"Paulista U20";"28-06-2026 10:00";"INPLAY_2ND_HALF";"Portuguesa U20";"0";"0";"Ferroviária U20";"0";"0";"2.21";"2.90";"";"";"";"";"";"";"";"";"";"";"";"";"";"";"";"";"";"";"";"";"";"";"";"";"";"";"";"";"";"";"";"";"";"";"";"";"";"";"";"";"";"";"";"";"";"";"";"";"";"";"";"";"";""
"Brazil";"BRA";"Paulista U20";"28-06-2026 15:00";"NS";"Bragantino U20";"";"";"Capivariano U20";"";"";"1.36";"7.14";"1.19";"1.41";"";"9";"";"33";"";"";"";"";"";"";"";"";"0";"";"0";"";"";"";"";"";"";"";"";"";"1";"";"";"";"";"100";"";"";"";"0";"";"0";"";"";"";"0";"";"0";"";"";"0";"";"6.5";"";"3";"";"";""
"Brazil";"BRA";"Paulista U20";"28-06-2026 15:00";"NS";"São Caetano U20";"";"";"Sao Paulo U20";"";"";"6.98";"1.37";"1.19";"1.38";"";"";"";"";"";"";"";"";"";"";"";"";"";"";"";"";"";"";"";"";"";"";"";"";"";"";"";"";"";"";"";"";"";"";"";"";"";"";"";"";"";"";"";"";"";"";"";"";"";"";"";""
"Brazil";"BRA";"Paulista U20";"28-06-2026 15:00";"NS";"Santos U20";"";"";"Corinthians U20";"";"";"1.99";"3.20";"1.23";"1.34";"";"";"";"";"";"";"";"";"";"";"";"";"";"";"";"";"";"";"";"";"";"";"";"";"";"";"";"";"";"";"";"";"";"";"";"";"";"";"";"";"";"";"";"";"";"";"";"";"";"";"";""
"Brazil";"BRA";"Catarinense 2";"28-06-2026 15:00";"NS";"Hercílio Luz";"";"";"Fluminense SC";"";"";"1.17";"13.18";"1.16";"1.44";"";"";"83";"40";"3";"95";"20";"52";"";"2.3";"2";"2.8";"0.6";"0.5";"0.8";"26";"42";"44";"84";"2.7";"22.1";"8.8";"9.8";"2.5";"1.2";"9";"88";"77";"33";"20";"";"";"1.3";"0";"0";"0";"1.7";"0.6";"0.5";"0.8";"1.5";"0.6";"";"83";"40";"7";"3.2";"3.4";"6";"9.5";"65";"65"
"Brazil";"BRA";"Catarinense 2";"28-06-2026 16:00";"NS";"Caravaggio";"";"";"Guarani de Palhoça";"";"";"1.44";"5.86";"";"";"";"";"67";"20";"1";"68";"27";"80";"";"3.3";"3";"2";"0.8";"1.2";"2.6";"50";"80";"60";"40";"2.7";"23.3";"8.6";"9.6";"2";"0.6";"10";"63";"14";"60";"60";"";"";"0.8";"0.4";"0.2";"1.2";"2";"1.3";"1";"1.4";"1.2";"0.4";"";"60";"20";"2.6";"3.8";"7.8";"5";"9.5";"68";"68"
"Brazil";"BRA";"Brasiliense U20";"28-06-2026 10:00";"INPLAY_2ND_HALF";"Capital DF U20";"3";"1";"CA Taguatinga U20";"3";"0";"1.32";"6.82";"";"";"3";"7";"100";"100";"1";"100";"100";"100";"";"5.5";"5";"5.5";"4";"0.5";"1";"75";"";"100";"0";"4.4";"";"";"";"3";"3";"";"88";"70";"100";"50";"";"";"2";"";"0.5";"";"1.8";"1.2";"0";"";"3.5";"";"";"100";"100";"";"";"";"";"10.5";"";""
"Brazil";"BRA";"Brasiliense U20";"28-06-2026 15:30";"NS";"Brasilia DF U20";"";"";"Planaltina DF U20";"";"";"16.25";"1.09";"";"";"5";"1";"44";"100";"4";"68";"100";"100";"";"4.2";"4";"2";"3.7";"2.3";"0.3";"66";"84";"84";"16";"4.4";"";"";"";"1.3";"3";"";"25";"100";"33";"67";"";"";"1.5";"2.3";"1.5";"0";"1.4";"2.2";"1";"0.3";"2.5";"1.3";"";"33";"100";"";"8.7";"";"2.7";"10.5";"";""
"Brazil";"BRA";"Brasiliense U20";"28-06-2026 15:30";"NS";"Luziânia U20";"";"";"Paranoá U20";"";"";"";"";"";"";"11";"9";"11";"11";"";"34";"24";"84";"";"4.5";"5";"1";"0.7";"5";"2.3";"50";"";"84";"16";"4.4";"";"";"";"0.3";"0.3";"";"2";"25";"33";"67";"";"";"";"";"";"";"0.6";"0";"";"";"";"";"";"0";"0";"";"";"";"";"10.5";"";""
"Brazil";"BRA";"Brasiliense U20";"28-06-2026 15:30";"NS";"Santa Maria U20";"";"";"Ceilândia U20";"";"";"1.34";"6.63";"";"";"6";"10";"100";"0";"1";"100";"68";"100";"";"6.2";"5";"3";"2";"0.5";"7";"75";"";"100";"42";"4.4";"";"";"";"3";"0";"";"88";"2";"50";"33";"";"";"";"0.5";"";"4.5";"2.4";"1.6";"";"4";"";"1";"";"100";"0";"";"1";"";"7";"10.5";"";""
"Brazil";"BRA";"Brasiliense U20";"28-06-2026 15:30";"NS";"Samambaia U20";"";"";"Brasiliense U20";"";"";"37.50";"1.02";"";"";"4";"1";"67";"100";"4";"34";"100";"75";"";"4.2";"2";"1";"7";"0.5";"0";"25";"";"50";"50";"4.4";"";"";"";"2";"3";"";"88";"100";"50";"33";"";"";"0.5";"";"0";"";"0.8";"0.9";"0.5";"";"0.5";"";"";"50";"100";"";"";"";"";"10.5";"";""
"Brazil";"BRA";"Baiano U20";"28-06-2026 09:00";"FT";"Barcelona BA U20";"0";"5";"Vitoria U20";"0";"4";"6.24";"1.39";"";"";"1";"2";"62";"92";"2";"54";"100";"81";"";"3.6";"3";"1.6";"3.5";"0.9";"1.2";"75";"64";"56";"56";"2.8";"";"";"9.8";"1.9";"2.8";"10";"74";"63";"38";"62";"";"";"0.6";"1.2";"0.5";"0.3";"1.8";"1.1";"0.4";"1.3";"1";"3.5";"";"50";"88";"5.5";"5.5";"5.5";"3";"10";"66";"66"
"Brazil";"BRA";"Baiano U20";"28-06-2026 15:00";"NS";"Jacobina U20";"";"";"Bahia U20";"";"";"";"";"";"";"1";"2";"62";"79";"";"54";"71";"46";"";"2.3";"2";"1.6";"2.1";"0.4";"0.5";"20";"29";"34";"74";"2.8";"";"";"";"1.9";"2.4";"";"100";"88";"43";"38";"";"";"0.5";"0.2";"0";"0";"1.9";"0.3";"0.7";"0.5";"1.2";"1.9";"";"57";"75";"";"";"";"";"10";"";""
"Brazil";"BRA";"Torneio Otavio Pinto Guimaraes U20";"28-06-2026 14:45";"NS";"Flamengo RJ U20";"";"";"Paduano U20";"";"";"";"";"";"";"";"";"";"";"";"";"";"";"";"";"";"";"";"";"";"";"";"";"";"";"";"";"";"";"";"";"";"";"";"";"";"";"";"";"";"";"";"";"";"";"";"";"";"";"";"";"";"";"";"";"";""
"Brazil";"BRA";"Gaúcho - Estadual Junior U20";"28-06-2026 14:00";"NS";"Juventude U20";"";"";"São José PA U20";"";"";"1.87";"3.61";"1.28";"1.23";"1";"2";"100";"50";"1";"95";"51";"78";"";"2.9";"3";"2.8";"1.5";"0.2";"1.2";"35";"30";"45";"55";"2.6";"24.6";"8.4";"11.2";"3";"1.5";"11";"100";"63";"40";"50";"";"";"1.2";"0";"0.2";"0";"2.2";"0.7";"0";"1.2";"1.6";"1.5";"";"100";"50";"8.2";"4.5";"3.8";"6";"9.7";"100";"75"
"Brazil";"BRA";"Catarinense U20";"28-06-2026 10:00";"INPLAY_2ND_HALF";"Carlos Renaux U20";"1";"3";"Chapecoense-SC U20";"0";"3";"4.43";"1.59";"";"";"";"";"39";"53";"2";"34";"61";"84";"";"3.4";"3";"1";"1.8";"2.5";"1.6";"65";"72";"54";"55";"3.1";"22.8";"9.7";"8.3";"1.2";"1.6";"9";"18";"49";"50";"40";"";"";"0.5";"1";"1.2";"0.8";"1.7";"1.8";"1.3";"0.8";"0.5";"0.8";"";"33";"40";"5";"5.2";"3.4";"3";"9.1";"75";"45"
"Brazil";"BRA";"Maranhense 2";"28-06-2026 16:00";"NS";"Pinheiro";"";"";"Viana";"";"";"";"";"";"";"";"";"";"";"";"";"";"";"";"";"";"";"";"";"";"";"";"";"";"";"";"";"";"";"";"";"";"";"";"";"";"";"";"";"";"";"";"";"";"";"";"";"";"";"";"";"";"";"";"";"";""
"Canada";"CAN";"PCSL";"28-06-2026 18:00";"NS";"Gorge";"";"";"WIA";"";"";"";"";"";"";"3";"5";"75";"25";"";"100";"41";"88";"";"3.8";"3";"3.5";"1.2";"1";"2";"50";"";"62";"38";"3.3";"";"";"";"2.2";"0.8";"";"70";"35";"50";"50";"";"";"";"";"";"";"0";"0";"";"";"";"";"";"75";"25";"";"";"";"";"0";"";""
"Canada";"CAN";"PCSL";"28-06-2026 19:00";"NS";"Mid Isle Highlanders";"";"";"Khalsa";"";"";"";"";"";"";"7";"4";"8";"33";"";"7";"51";"62";"";"2.2";"2";"0.2";"1.5";"1.2";"1.5";"50";"";"38";"88";"3.3";"";"";"";"0.2";"1";"";"63";"52";"50";"50";"";"";"";"";"";"";"0";"0";"";"";"";"";"";"0";"25";"";"";"";"";"0";"";""
"Canada";"CAN";"PCSL";"28-06-2026 19:00";"CANCELLED";"Kamloops Rivers II";"";"";"AFA";"";"";"";"";"";"";"";"";"";"6";"";"";"";"";"";"";"";"";"0.7";"";"2.7";"";"";"";"";"";"";"";"";"";"0.2";"";"";"";"";"50";"";"";"";"";"";"";"";"";"";"";"";"";"";"";"0";"";"";"";"";"";"";""
"Chile";"CHI";"Tercera A";"28-06-2026 16:30";"NS";"Futuro";"";"";"Chimbarongo";"";"";"2.96";"2.11";"";"";"13";"12";"27";"6";"5";"41";"24";"100";"";"3.6";"3";"1.2";"0.7";"2.4";"2.8";"74";"90";"72";"45";"2.7";"22.2";"10.8";"8.9";"0.8";"0.2";"10";"21";"7";"60";"50";"";"";"0.4";"0.7";"1.6";"1.5";"1.5";"2.1";"0.8";"1.3";"0.8";"0";"";"20";"0";"2.3";"3.8";"5";"6.8";"10.2";"71";"71"
"China";"CHN";"Super League";"28-06-2026 07:00";"FT";"Qingdao West Coast";"3";"1";"Zhejiang";"1";"1";"2.52";"2.55";"1.17";"1.53";"7";"8";"43";"48";"5";"34";"48";"86";"";"2.6";"2";"1";"1.4";"0.9";"1.9";"57";"78";"42";"72";"3";"22.9";"7.7";"9";"1.3";"1.4";"10";"74";"38";"71";"43";"";"";"0.6";"0.3";"0.3";"1.1";"1.4";"1.2";"0.6";"0.7";"0.4";"1.1";"";"14";"43";"4.6";"3.6";"5.1";"4.7";"10.4";"64";"43"
"China";"CHN";"Super League";"28-06-2026 08:00";"FT";"Dalian Yingbo";"1";"4";"Shanghai Shenhua";"1";"2";"2.18";"2.81";"1.08";"1.91";"3";"13";"71";"43";"5";"58";"54";"78";"";"2.9";"3";"1.7";"1.6";"1";"1.6";"57";"72";"57";"64";"3";"25.3";"7.8";"11";"2.1";"1.3";"11";"70";"49";"57";"43";"";"";"0.1";"0.6";"0.7";"0.7";"1.9";"1.1";"0.3";"0.9";"1.6";"1";"";"71";"29";"6.4";"4.6";"3.4";"7.4";"10.4";"86";"72"
"China";"CHN";"League Two";"28-06-2026 08:00";"FT";"Beijing BIT";"1";"1";"Tai'an Tiankuang";"1";"1";"6.45";"1.46";"1.30";"1.24";"12";"4";"11";"44";"2";"24";"41";"66";"";"2.2";"3";"0.7";"1.2";"1.7";"1";"58";"50";"33";"75";"2.2";"21.2";"7.1";"10.1";"0.3";"1.3";"10";"46";"70";"33";"33";"";"";"0.2";"0";"0.7";"0.5";"1.6";"0.6";"1";"0.5";"0.5";"1.2";"";"0";"33";"3.5";"4.5";"8.5";"3.7";"8.7";"92";"75"
"China";"CHN";"League Two";"28-06-2026 08:00";"FT";"Shandong Taishan II";"1";"0";"Shanxi Chongde Ronghai";"0";"0";"2.00";"3.48";"1.32";"1.23";"2";"6";"56";"50";"5";"44";"34";"58";"";"2";"2";"1.3";"1";"1";"0.7";"50";"50";"42";"84";"2.2";"21.2";"6.6";"9.8";"1.7";"1.5";"9";"70";"80";"50";"67";"";"";"0.5";"0.3";"0.2";"0.2";"1.4";"0.6";"0.8";"0.5";"0.8";"0.7";"";"50";"33";"5.8";"4.5";"4.2";"5";"8.7";"83";"67"
"China";"CHN";"League Two";"28-06-2026 08:30";"FT";"Jiangxi Lushan";"2";"0";"Guangzhou Dandelion";"2";"0";"2.18";"3.22";"1.43";"1.14";"6";"7";"62";"43";"5";"48";"24";"50";"";"2";"2";"1.4";"0.7";"0.9";"0.9";"36";"57";"36";"78";"2.2";"21.8";"7.4";"8.6";"1.9";"1.3";"8";"74";"74";"43";"43";"";"";"0.7";"0.1";"0.4";"0.4";"1";"0.8";"0.4";"0.4";"0.7";"0.6";"";"57";"29";"4.7";"5";"4";"3.6";"8.7";"64";"57"
"China";"CHN";"League Two";"28-06-2026 08:30";"FT";"Shenzhen 2028";"1";"0";"Chengdu Rongcheng II";"0";"0";"1.51";"5.60";"1.29";"1.25";"4";"10";"67";"33";"1";"78";"10";"75";"";"2.6";"3";"2.3";"0.3";"1.3";"1.3";"36";"84";"44";"72";"2.2";"19.5";"6.7";"8.1";"2";"1";"9";"60";"60";"57";"50";"";"";"1";"0";"1";"1";"1.2";"1.5";"0.3";"0.3";"1.3";"0.3";"";"57";"33";"5.4";"3.3";"3.3";"4.2";"8.7";"60";"45"
"China";"CHN";"League Two";"28-06-2026 08:30";"FT";"Wenzhou";"0";"1";"Ganzhou Ruishi";"0";"1";"2.48";"2.96";"1.51";"1.12";"8";"5";"44";"44";"5";"24";"17";"33";"";"1.2";"2";"0.7";"0.5";"0.7";"0.7";"25";"50";"17";"100";"2.2";"17.2";"5.5";"6.9";"1.3";"1.3";"8";"80";"80";"33";"33";"";"";"0.5";"0";"0.3";"0.5";"0.6";"0.6";"0.3";"0.2";"0.2";"0.5";"";"33";"33";"3.3";"2.3";"3.7";"4.5";"8.7";"50";"42"
"China";"CHN";"League Two";"28-06-2026 08:30";"FT";"Wuhan Three Towns II";"0";"1";"Hangzhou Linping Wuyue";"0";"0";"2.29";"3.04";"1.44";"1.14";"12";"11";"22";"33";"5";"10";"34";"58";"";"2.2";"2";"0.3";"1";"0.7";"2.3";"50";"50";"25";"75";"2.2";"21.1";"6.8";"7.4";"0.7";"1";"8";"80";"25";"67";"50";"";"";"0.2";"0.5";"0.2";"1";"1.2";"0.9";"0.5";"1.3";"0.2";"0.5";"";"0";"17";"4.7";"2.8";"3.3";"3.8";"8.7";"42";"25"
"Cameroon";"CMR";"Elite One";"28-06-2026 09:45";"INPLAY_2ND_HALF";"Canon";"3";"0";"Victoria United";"0";"0";"";"";"";"";"5";"8";"30";"53";"";"34";"34";"50";"";"2.2";"2";"1";"1";"1.2";"1.2";"45";"65";"35";"80";"2.5";"17.6";"5.7";"8.6";"0.9";"1.6";"9";"63";"63";"30";"40";"";"";"0.4";"0.6";"0.5";"0.1";"1.4";"0.8";"0.7";"1.1";"0.6";"0.4";"";"20";"50";"4.3";"3.3";"3.7";"5.9";"8.6";"65";"55"
"Cameroon";"CMR";"Elite One";"28-06-2026 11:30";"NS";"Aigle Royal";"";"";"Panthère";"";"";"";"";"";"";"11";"6";"67";"40";"";"44";"27";"45";"";"1.7";"2";"1.3";"0.8";"0.5";"0.8";"25";"75";"20";"90";"2.5";"14.9";"5";"7.6";"2";"1.2";"8";"88";"77";"40";"50";"";"";"0.5";"0.3";"0.3";"0.4";"1";"0.8";"0.2";"0.4";"0.8";"0.5";"";"60";"30";"4.2";"2.4";"4.9";"3.7";"8.6";"45";"35"
"Cameroon";"CMR";"Elite One";"28-06-2026 11:30";"NS";"Aigle Royal de Moungo";"";"";"PWD";"";"";"";"";"";"";"12";"7";"30";"17";"";"31";"37";"80";"";"2.8";"2";"0.9";"1.1";"1.3";"2.3";"65";"90";"45";"70";"2.5";"19.6";"7.1";"8.3";"0.9";"0.5";"8";"60";"25";"30";"50";"";"";"0.4";"0.4";"0.8";"1.6";"1.2";"1.6";"0.5";"0.7";"0.5";"0.7";"";"20";"10";"3.5";"3.7";"4.2";"5.2";"8.6";"60";"45"
"Cameroon";"CMR";"Elite One";"28-06-2026 11:30";"NS";"Gazelle";"";"";"Cotonsport";"";"";"2.50";"2.43";"";"";"9";"4";"57";"30";"5";"44";"27";"65";"";"2";"2";"1.3";"0.8";"0.9";"1";"40";"70";"30";"90";"2.5";"19";"7.2";"9";"1.7";"0.9";"9";"74";"70";"40";"70";"";"";"0.7";"0.5";"0.4";"0.8";"0.8";"1.2";"0.5";"0.2";"0.6";"0.3";"";"50";"20";"5.4";"3.7";"4.3";"4.7";"8.6";"65";"55"
"Cameroon";"CMR";"Elite One";"28-06-2026 12:00";"NS";"Unisport Bafang";"";"";"Dynamo de Douala";"";"";"";"";"";"";"3";"2";"87";"73";"";"82";"51";"60";"";"2.5";"2";"2.4";"1.5";"0.3";"0.8";"35";"70";"55";"80";"2.5";"22.5";"7.6";"9.1";"2.6";"2.2";"8";"100";"77";"50";"60";"";"";"0.7";"0.8";"0.1";"0.4";"1.5";"1";"0.2";"0.4";"1.7";"0.7";"";"80";"70";"4.4";"4.6";"4.7";"4.6";"8.6";"58";"58"
"Cameroon";"CMR";"Elite One";"28-06-2026 12:00";"NS";"Colombe";"";"";"Fauve Azur Elite";"";"";"1.16";"10.50";"";"";"1";"14";"80";"20";"3";"68";"24";"65";"";"3";"2";"2";"0.7";"0.6";"2.6";"45";"70";"55";"55";"2.5";"16.6";"6.8";"7.9";"2.4";"0.6";"8";"84";"14";"50";"50";"";"";"1.1";"0.1";"0.2";"0.9";"1.8";"1.2";"0.4";"1.7";"0.9";"0.6";"";"70";"20";"5.2";"3.6";"3.3";"3.8";"8.6";"57";"57"
"Ecuador";"ECU";"Superliga Femenina";"28-06-2026 12:30";"NS";"Macará W";"";"";"Universidad Católica W";"";"";"";"";"";"";"7";"4";"42";"70";"";"54";"75";"88";"";"3.3";"4";"1.6";"2.2";"1.9";"0.9";"53";"83";"83";"53";"3.8";"24.4";"12.2";"6.8";"1.2";"2.1";"8";"38";"74";"50";"44";"";"";"0.5";"0.8";"0.8";"0.4";"2";"1.2";"1.1";"0.4";"1.1";"1.4";"";"38";"67";"2";"8";"2.7";"1";"7.7";"46";"46"
"Ecuador";"ECU";"Superliga Femenina";"28-06-2026 14:00";"NS";"Deportivo Ibarra W";"";"";"El Nacional W";"";"";"1.17";"10.00";"";"";"5";"10";"39";"0";"3";"61";"24";"100";"";"4.8";"4";"1.8";"0.7";"1.8";"5.3";"42";"75";"84";"50";"3.8";"";"";"";"1.2";"0";"";"42";"2";"33";"50";"";"";"0.8";"0.2";"0.2";"2.7";"3";"1.9";"1.7";"2.7";"1";"0.5";"";"33";"0";"";"3";"";"3.5";"7.7";"";""
"Ecuador";"ECU";"Superliga Femenina";"28-06-2026 17:00";"NS";"Emelec W";"";"";"LDU Quito W";"";"";"";"";"";"";"8";"3";"39";"90";"";"27";"100";"92";"";"2.8";"3";"0.8";"3.1";"1.5";"0.1";"16";"77";"45";"77";"3.8";"22.4";"12.5";"10.5";"1.2";"2.7";"9";"52";"100";"33";"29";"";"";"0.2";"1";"0.8";"0";"1.8";"1";"0.7";"0.1";"0.7";"2.1";"";"33";"86";"1.5";"5.8";"10";"3.8";"7.7";"100";"100"
"Estonia";"EST";"Meistriliiga";"28-06-2026 11:00";"INPLAY_1ST_HALF";"Nõmme Kalju";"0";"0";"Paide";"0";"0";"2.27";"2.70";"1.20";"1.40";"3";"4";"52";"56";"5";"68";"65";"78";"";"3.2";"3";"2";"1.9";"1";"1.4";"72";"67";"62";"61";"3.1";"21.8";"9.6";"10.4";"1.6";"1.7";"11";"70";"56";"56";"56";"";"";"0.7";"0.9";"0.6";"0.4";"1.9";"1.2";"0.4";"1";"1.3";"1";"";"44";"44";"6.8";"4.2";"4.3";"5.3";"10.8";"89";"67"
"Estonia";"EST";"Meistriliiga";"28-06-2026 13:00";"NS";"Levadia";"";"";"Flora";"";"";"1.60";"4.42";"1.14";"1.51";"1";"2";"75";"62";"1";"95";"54";"94";"";"3.2";"3";"2.8";"1.6";"0.6";"1.4";"44";"68";"68";"62";"3.1";"24";"9.4";"10.7";"2.2";"1.9";"11";"84";"56";"38";"75";"";"";"1.4";"0.5";"0.1";"0.5";"2";"1.2";"0.5";"0.9";"1.4";"1.1";"";"62";"62";"6.1";"9.6";"2.8";"2.9";"10.8";"75";"69"
"Estonia";"EST";"Small Cup";"28-06-2026 12:00";"NS";"Rae Spordikool";"";"";"JK Poseidon";"";"";"";"";"";"";"";"";"";"";"";"";"";"";"";"";"";"";"";"";"";"";"";"";"";"";"";"";"";"";"";"";"";"";"";"";"";"";"";"";"";"";"";"";"";"";"";"";"";"";"";"";"";"";"";"";"";""
"Ethiopia";"ETH";"Premier League";"28-06-2026 04:00";"FT";"Adama Kenema";"0";"2";"Welayta Dicha";"0";"0";"2.82";"2.58";"1.60";"1.08";"16";"9";"33";"63";"5";"37";"31";"50";"";"1.8";"2";"1.1";"0.9";"1.2";"0.3";"25";"50";"25";"85";"1.8";"14.1";"5.2";"7.3";"1";"1.9";"8";"63";"100";"40";"30";"";"";"0.5";"0.2";"0.4";"0.1";"1.2";"0.6";"0.8";"0.2";"0.6";"0.7";"";"20";"50";"3.8";"3";"4.7";"3.1";"7.6";"40";"25"
"Ethiopia";"ETH";"Premier League";"28-06-2026 07:00";"FT";"Bahardar";"0";"1";"Sidama Bunna";"0";"1";"3.32";"2.27";"1.63";"1.07";"10";"1";"30";"57";"5";"20";"34";"55";"";"1.7";"2";"0.6";"1";"1.1";"0.7";"35";"65";"30";"90";"1.8";"13.2";"5";"6.7";"0.9";"1.7";"7";"66";"80";"70";"40";"";"";"0.3";"0.6";"0.7";"0.4";"0.7";"1";"0.4";"0.3";"0.3";"0.4";"";"10";"50";"3.5";"4";"3.1";"2.8";"7.6";"25";"20"
"Ethiopia";"ETH";"Premier League";"28-06-2026 10:00";"INPLAY_2ND_HALF";"Mebrat Hayl";"1";"0";"Awassa Kenema";"1";"0";"2.87";"2.58";"1.57";"1.09";"6";"8";"40";"20";"5";"24";"24";"45";"";"1.6";"2";"0.7";"0.7";"0.6";"1.2";"40";"40";"25";"90";"1.8";"14.5";"5.6";"7.3";"1.2";"0.6";"7";"84";"63";"40";"50";"";"";"0.2";"0.5";"0";"0.6";"1";"0.6";"0.6";"0.6";"0.5";"0.2";"";"20";"10";"2.3";"4.8";"4.4";"3.1";"7.6";"50";"25"
"Ethiopia";"ETH";"Premier League";"28-06-2026 10:00";"INPLAY_2ND_HALF";"Sheger Ketema";"2";"0";"Mechal FC";"2";"0";"2.93";"2.35";"1.54";"1.11";"13";"3";"40";"53";"5";"17";"48";"55";"";"1.8";"2";"0.5";"1.4";"0.5";"1.2";"45";"50";"25";"90";"1.8";"14.6";"5.6";"8.6";"1.2";"1.6";"8";"88";"63";"60";"40";"";"";"0.1";"0.8";"0.2";"0.6";"1";"0.8";"0.3";"0.6";"0.4";"0.6";"";"20";"40";"5";"5.6";"3.2";"3.4";"7.6";"60";"45"
"Fiji";"FIJ";"FA Cup";"28-06-2026 00:00";"FT_PEN";"Ba";"0";"0";"Navua";"0";"0";"";"";"";"";"";"";"50";"44";"";"68";"44";"100";"";"2.9";"4";"2";"1.3";"1.5";"1";"58";"58";"42";"75";"3.8";"9.2";"7";"7.5";"1.5";"1.3";"9";"52";"70";"50";"33";"";"";"0";"0.7";"1";"0";"2.1";"0.8";"0.5";"1";"2";"0.7";"";"50";"33";"4.5";"3.5";"2.5";"4.5";"10.8";"50";"25"
"Finland";"FIN";"Ykkösliiga";"28-06-2026 10:00";"INPLAY_2ND_HALF";"KäPa";"1";"1";"JäPS";"1";"1";"2.62";"2.36";"1.20";"1.42";"8";"6";"33";"47";"5";"34";"34";"80";"";"2.5";"2";"1";"1";"1.4";"1.6";"50";"70";"60";"80";"2.3";"23.8";"9.2";"11.2";"1";"1.4";"10";"56";"49";"60";"60";"";"";"0.8";"0.4";"0.6";"0.6";"1.3";"1.2";"0.8";"1";"0.2";"0.6";"";"20";"40";"5.4";"3.2";"7";"6.8";"9.7";"90";"90"
"Finland";"FIN";"Kakkonen";"28-06-2026 09:00";"FT";"Ilves II";"3";"2";"EBK";"0";"1";"1.26";"6.92";"1.04";"2.32";"5";"8";"44";"8";"3";"44";"27";"71";"";"3";"3";"1.3";"0.8";"1.3";"2.5";"58";"84";"71";"58";"3.7";"19.2";"7.4";"11.4";"1.3";"0.2";"11";"60";"18";"67";"50";"";"";"0.7";"0.2";"0.7";"1";"1.6";"1.2";"0.7";"1.5";"0.7";"0.5";"";"33";"0";"7.7";"3.5";"6";"5.5";"11.1";"88";"75"
"Finland";"FIN";"Kolmonen - Eastern Group";"28-06-2026 10:00";"INPLAY_2ND_HALF";"PK-37";"3";"0";"ToU";"1";"0";"1.89";"2.93";"";"";"8";"7";"27";"22";"1";"48";"24";"64";"";"3.8";"4";"1.4";"0.7";"2.4";"3.2";"46";"70";"64";"45";"4";"";"";"";"0.8";"0.7";"";"21";"2";"60";"50";"";"";"0.6";"0.4";"1.2";"0.6";"1.8";"1.3";"1.2";"3.2";"0.8";"0.4";"";"20";"17";"";"7.3";"";"7.3";"10.6";"";""
"Finland";"FIN";"Kolmonen - Western Group";"28-06-2026 09:00";"INTERRUPTED";"Sporting Kristina";"";"";"FC Sääripotku";"";"";"1.05";"19.91";"";"";"4";"12";"25";"0";"3";"51";"0";"88";"";"5.4";"3";"1.5";"0";"2";"7.2";"38";"100";"88";"25";"3.7";"21.4";"11.2";"11.4";"0.8";"0";"10";"35";"2";"50";"50";"";"";"1";"0";"1.2";"3.5";"2.5";"2.8";"0.8";"3.8";"0.5";"0";"";"25";"0";"3";"0";"5.3";"14.5";"10";"100";"66"
"Finland";"FIN";"Kolmonen - Southern Group";"28-06-2026 08:00";"FT";"SexyPöxyt";"2";"3";"MPS";"2";"1";"1.40";"5.67";"";"";"3";"9";"80";"33";"1";"88";"27";"75";"";"2.8";"3";"2.6";"0.8";"0.8";"1.3";"36";"45";"56";"64";"4.1";"18.6";"9.2";"8.4";"2.4";"1";"9";"77";"60";"40";"33";"";"";"0.4";"0.7";"0.2";"1";"1.6";"1.2";"0.6";"0.3";"2.2";"0.2";"";"80";"17";"3";"4.8";"4";"5";"9.8";"58";"58"
"Finland";"FIN";"Kolmonen - Southern Group";"28-06-2026 09:00";"FT";"GrIFK U23";"4";"2";"EsPa";"1";"0";"5.15";"1.45";"";"";"12";"2";"20";"83";"2";"68";"75";"100";"";"3.9";"5";"2";"2.2";"2.6";"1";"78";"75";"75";"48";"4.1";"20.5";"11.4";"9.1";"0.6";"2.5";"10";"14";"70";"40";"25";"";"";"1.2";"0.2";"1.4";"0.5";"2.2";"1.7";"1.2";"0.5";"0.8";"2";"";"20";"75";"3.8";"7.3";"4.5";"2.7";"9.8";"58";"58"
"Faroe Islands";"FRO";"1. Deild";"28-06-2026 10:45";"INPLAY_1ST_HALF";"TB";"0";"4";"B71";"0";"4";"4.62";"1.52";"1.14";"1.46";"8";"1";"39";"76";"2";"44";"71";"93";"";"3.2";"3";"1.3";"2.1";"1.8";"1.1";"69";"92";"76";"62";"3.8";"";"";"";"1.2";"2.3";"";"42";"66";"33";"43";"";"";"0.5";"1.1";"0.7";"0.9";"1.6";"1.6";"1.2";"0.3";"0.8";"1";"";"33";"71";"";"7.6";"";"3.6";"11.1";"";""
"Faroe Islands";"FRO";"Meistaradeildin";"28-06-2026 11:00";"INPLAY_1ST_HALF";"KÍ";"0";"0";"07 Vestur";"0";"0";"1.08";"17.16";"1.05";"1.99";"2";"10";"78";"19";"3";"68";"14";"69";"";"2.2";"2";"2";"0.4";"0.7";"1.3";"40";"63";"32";"92";"2.8";"19.4";"6.4";"10.4";"2.3";"0.6";"10";"80";"60";"50";"71";"";"";"1.5";"0";"0";"0.6";"1.2";"1";"0.7";"0.7";"0.5";"0.4";"";"67";"14";"4.7";"4.9";"2.5";"8.7";"10.7";"75";"68"
"Faroe Islands";"FRO";"Meistaradeildin";"28-06-2026 11:00";"INPLAY_1ST_HALF";"EB / Streymur";"1";"1";"B36";"1";"1";"4.65";"1.54";"1.16";"1.48";"7";"3";"25";"57";"2";"20";"65";"73";"";"2.6";"3";"0.6";"1.9";"1.2";"1.6";"48";"48";"48";"78";"2.8";"20.4";"7.8";"12.8";"0.8";"1.7";"12";"63";"49";"75";"43";"";"";"0.2";"0.6";"0.4";"1";"1.5";"1.1";"0.9";"0.6";"0.4";"1.3";"";"12";"43";"5.6";"6.1";"9.1";"4.6";"10.7";"86";"86"
"Grenada";"GRN";"Premier Division";"28-06-2026 19:00";"NS";"Paradise";"";"";"Camerhogne";"";"";"";"";"";"";"";"4";"";"17";"";"";"";"";"";"";"";"";"1";"";"1.5";"";"";"";"";"";"";"";"";"";"0.5";"";"";"";"";"50";"";"";"";"";"";"";"";"";"";"";"";"";"";"";"0";"";"";"";"";"";"";""
"Grenada";"GRN";"Premier Division";"28-06-2026 19:00";"NS";"Honved";"";"";"SAB Spartans";"";"";"";"";"";"";"";"";"";"";"";"";"";"";"";"";"";"";"";"";"";"";"";"";"";"";"";"";"";"";"";"";"";"";"";"";"";"";"";"";"";"";"";"";"";"";"";"";"";"";"";"";"";"";"";"";"";""
"Republic of Ireland";"IRL";"U20 National League";"28-06-2026 08:00";"FT";"Sligo Rovers U20";"2";"1";"Athlone Town U20";"2";"0";"1.28";"7.03";"";"";"7";"4";"60";"20";"3";"75";"34";"80";"";"4.8";"4";"2.2";"1";"2";"4.4";"50";"100";"70";"40";"3.9";"33.6";"17.5";"8.6";"1.8";"0.6";"9";"35";"2";"40";"60";"";"";"1.3";"0.3";"1";"2";"2.1";"1.4";"1.3";"5.3";"3.3";"1.3";"";"60";"20";"5";"3.7";"4";"4.7";"9.8";"84";"50"
"Iceland";"ISL";"Besta deild";"28-06-2026 14:00";"NS";"Stjarnan";"";"";"KA Akureyri";"";"";"2.10";"2.74";"1.04";"1.96";"8";"10";"19";"47";"5";"65";"54";"83";"";"4.1";"4";"1.9";"1.6";"2.7";"2";"83";"73";"73";"44";"4";"32.3";"12.2";"12.8";"0.6";"1.4";"13";"10";"35";"57";"40";"";"";"1.1";"0";"1.1";"1";"2.4";"1.6";"1.6";"1";"0.7";"1.6";"";"14";"40";"6.1";"4.4";"6.1";"9";"12.5";"93";"93"
"Iceland";"ISL";"Besta deild";"28-06-2026 14:00";"NS";"FH";"";"";"ÍBV";"";"";"2.12";"2.79";"1.10";"1.69";"12";"9";"8";"27";"5";"41";"54";"88";"";"3.6";"4";"1.2";"1.6";"2";"2.4";"78";"78";"65";"58";"4";"27.4";"7.8";"11.9";"0.2";"0.8";"13";"35";"21";"25";"60";"";"";"1.2";"0.8";"0.2";"0.8";"2.1";"1.6";"1.8";"1.6";"0";"0.8";"";"0";"20";"6.5";"5.2";"4.5";"7.6";"12.5";"88";"88"
"Iceland";"ISL";"Besta deild";"28-06-2026 14:00";"NS";"Thór";"";"";"Valur";"";"";"3.66";"1.72";"1.06";"1.92";"11";"5";"20";"40";"2";"27";"54";"60";"";"3.1";"4";"0.8";"1.6";"2";"1.8";"60";"80";"60";"50";"4";"31.3";"10.6";"13.7";"0.6";"1.2";"13";"35";"42";"60";"60";"";"";"0.2";"1";"0.8";"1.4";"1.4";"1.7";"1.2";"0.4";"0.6";"0.6";"";"20";"40";"8.2";"3.4";"6.8";"9";"12.5";"90";"90"
"Iceland";"ISL";"Besta deild";"28-06-2026 14:00";"NS";"Keflavík";"";"";"KR Reykjavík";"";"";"3.80";"1.66";"1.04";"2.25";"7";"2";"33";"60";"2";"27";"100";"80";"";"3.9";"4";"0.8";"3.2";"1.2";"2.6";"70";"90";"60";"50";"4";"29.4";"11";"11.9";"1";"1.8";"13";"63";"14";"60";"40";"";"";"0.6";"1.6";"0.6";"1.4";"1.8";"2.1";"0.6";"1.2";"0.2";"1.6";"";"20";"60";"7";"8.8";"4.6";"3.4";"12.5";"90";"90"
"Iceland";"ISL";"Iceland Cup";"28-06-2026 11:00";"INPLAY_1ST_HALF";"Breidablik";"0";"0";"Víkingur Reykjavík";"0";"0";"3.90";"1.62";"1.06";"1.92";"";"";"";"100";"";"";"";"";"";"";"";"";"2.7";"";"1";"";"";"";"";"";"";"";"";"";"3";"";"";"";"";"33";"";"";"";"0.7";"";"0.3";"";"";"";"0.7";"";"2";"";"";"100";"";"8.7";"";"3.3";"";"";""
"Iceland";"ISL";"3. Deild";"28-06-2026 11:00";"INPLAY_1ST_HALF";"Reynir";"0";"1";"Ýmir";"0";"1";"1.52";"4.11";"";"";"4";"9";"100";"17";"1";"100";"34";"88";"";"4.2";"4";"3.6";"1";"1.4";"2.5";"78";"88";"78";"22";"4";"24.9";"13.2";"11.5";"3";"0.5";"12";"56";"18";"60";"75";"";"";"1.8";"0.8";"0.4";"1.2";"2.2";"2.1";"1";"1.2";"1.8";"0.2";"";"100";"0";"5.7";"5";"5.3";"7";"12.3";"100";"75"
"Iceland";"ISL";"U19 League B";"28-06-2026 10:00";"NS";"Fram / Úlfarnir U19";"";"";"KA/D/KF/Hö/H U19 II";"";"";"";"";"";"";"1";"2";"50";"0";"";"68";"10";"100";"";"4.8";"5";"2";"0.3";"2";"5.4";"40";"";"100";"32";"5.8";"";"";"";"1.5";"0";"";"35";"2";"50";"57";"";"";"";"";"";"";"0";"0";"";"";"";"";"";"50";"0";"";"";"";"";"11.7";"";""
"Iceland";"ISL";"U19 League C";"28-06-2026 11:00";"NS";"Austurland U19";"";"";"HK / Ýmir U19 II";"";"";"";"";"";"";"";"4";"";"50";"";"";"";"";"";"";"";"";"3.3";"";"3.5";"";"";"";"";"";"";"";"";"";"1.5";"";"";"";"";"50";"";"";"";"";"";"";"";"";"";"";"";"";"";"";"50";"";"";"";"";"";"";""
"Iceland";"ISL";"U19 League C";"28-06-2026 12:00";"NS";"Thór / T / V / M II U19";"";"";"Breið / A / Sm U19 III";"";"";"";"";"";"";"1";"";"67";"";"";"";"";"";"";"";"";"4.7";"";"3.7";"";"";"";"";"";"";"";"";"";"2";"";"";"";"";"33";"";"";"";"";"";"";"";"";"";"";"";"";"";"";"67";"";"";"";"";"";"";"";""
"Japan";"JPN";"Nadeshiko League 1";"28-06-2026 01:00";"FT";"Harima W";"0";"5";"Shizuoka SSU Bonita";"0";"2";"4.99";"1.56";"";"";"7";"2";"38";"67";"2";"34";"100";"64";"";"3.1";"3";"1";"3.1";"1.1";"1";"43";"72";"50";"58";"3.1";"26";"11.5";"7.9";"1.1";"2";"8";"66";"70";"14";"43";"";"";"0.6";"1.9";"0.4";"0.9";"1.2";"1.8";"0.7";"0.1";"0.4";"1.3";"";"29";"57";"2.8";"5.5";"4.5";"3";"8.8";"42";"33"
"Japan";"JPN";"Nadeshiko League 1";"28-06-2026 01:00";"FT";"NGU Lublield Nagoya W";"0";"0";"VONDS Ichihara";"0";"0";"1.14";"13.01";"";"";"1";"12";"62";"0";"3";"65";"14";"87";"";"3";"2";"1.9";"0.4";"1.1";"2.7";"52";"80";"60";"72";"3.1";"22.6";"10.4";"9";"1.9";"0";"9";"66";"10";"50";"43";"";"";"0.8";"0.3";"0.6";"0.9";"1.8";"1.2";"0.5";"1.9";"1.1";"0.1";"";"50";"0";"5.9";"4.5";"4";"3.5";"8.8";"78";"46"
"Japan";"JPN";"Nadeshiko League 1";"28-06-2026 03:00";"FT";"Ehime W";"2";"1";"Yunogo Belle W";"2";"0";"2.76";"2.33";"";"";"9";"6";"33";"54";"5";"24";"48";"86";"";"3.2";"3";"0.7";"1.4";"2.1";"2";"34";"80";"46";"60";"3.1";"22.4";"10.2";"9.2";"1";"1.6";"9";"32";"35";"43";"38";"";"";"0.4";"0.5";"0.9";"0.8";"1.8";"1.2";"1.3";"1.2";"0.3";"0.9";"";"29";"50";"3.7";"4";"3.7";"6.9";"8.8";"59";"52"
"Japan";"JPN";"Nadeshiko League 2";"28-06-2026 01:00";"FT";"Kibi Univ. Takahashi W";"3";"0";"Bunnies Gunma White Star W";"1";"0";"1.57";"5.09";"";"";"1";"8";"71";"48";"1";"58";"34";"64";"";"2.6";"3";"1.7";"1";"1.1";"1.3";"50";"78";"50";"71";"2.2";"26.6";"11.9";"6";"2.1";"1.4";"6";"66";"60";"57";"43";"";"";"1";"1";"0.6";"0.6";"1";"1.6";"0.6";"0.7";"0.7";"0";"";"71";"43";"2.7";"5";"2.3";"2";"6.9";"25";"12"
"Japan";"JPN";"Nadeshiko League 2";"28-06-2026 01:00";"FT";"Fujizakura Yamanashi W";"2";"1";"Renofa Yamaguchi W";"1";"0";"1.85";"4.05";"";"";"4";"5";"67";"52";"1";"65";"37";"57";"";"2.2";"3";"1.9";"1.1";"0.7";"0.6";"36";"72";"43";"78";"2.2";"20.4";"8";"6.9";"2";"1.6";"7";"80";"84";"57";"43";"";"";"1.3";"0.9";"0.3";"0";"1";"1.2";"0.4";"0.6";"0.6";"0.3";"";"57";"43";"4.2";"3.2";"4";"2.4";"6.9";"30";"10"
"Japan";"JPN";"Nadeshiko League 2";"28-06-2026 01:30";"FT";"Diavorosso Hiroshima W";"2";"4";"SEISA OSA Rheia W";"2";"3";"1.36";"7.69";"";"";"2";"10";"50";"33";"1";"27";"48";"68";"";"2.6";"3";"0.8";"1.4";"0.8";"2.3";"54";"56";"42";"72";"2.2";"21.6";"10";"8.1";"1.5";"1";"7";"77";"25";"50";"57";"";"";"0.2";"0.7";"0.2";"0.7";"1.6";"1";"0.5";"1.6";"0.5";"0.7";"";"38";"29";"6.3";"2.6";"4.1";"3.2";"6.9";"63";"36"
"Japan";"JPN";"Regional Leagues: Kyushu";"28-06-2026 00:15";"FT";"Veroskronos Tsuno";"4";"1";"Atletico Celeste";"2";"0";"";"";"";"";"1";"8";"100";"28";"";"88";"10";"74";"";"2.8";"3";"2.6";"0.3";"0";"2.7";"8";"";"45";"55";"3.1";"";"";"";"3";"0.8";"";"100";"10";"40";"50";"";"";"";"0";"";"1.3";"0.2";"0.4";"";"4";"";"0.7";"";"100";"17";"";"2.7";"";"7.7";"9.8";"";""
"Japan";"JPN";"Regional Leagues: Kyushu";"28-06-2026 01:15";"FT";"Nobeoka";"3";"2";"Nippon Steel Oita";"1";"1";"";"";"";"";"3";"10";"100";"17";"";"100";"34";"75";"";"3.5";"3";"3.8";"1";"0.5";"1.8";"50";"";"62";"50";"3.1";"";"";"";"3";"0.5";"";"88";"42";"50";"50";"";"";"";"0.3";"";"1";"0.4";"0.5";"";"1.3";"";"1";"";"100";"0";"";"2.7";"";"8";"9.8";"";""
"Japan";"JPN";"Regional Leagues: Kyushu";"28-06-2026 02:30";"FT";"KMG Holdings";"1";"0";"Kawasoe Club";"0";"0";"";"";"";"";"2";"6";"71";"33";"";"92";"20";"83";"";"2.8";"3";"2.7";"0.6";"0.9";"1.4";"42";"65";"56";"72";"3.1";"20.5";"8.3";"11.2";"2.1";"1";"10";"74";"56";"57";"80";"";"";"1.4";"0";"0.2";"0.5";"0.9";"0.6";"1.6";"3";"1.8";"1.5";"";"71";"20";"7.8";"3.5";"3";"8";"9.8";"75";"65"
"Japan";"JPN";"Regional Leagues: Chugoku";"28-06-2026 00:00";"AWAITING_UPDATES";"Variamore Aki";"";"";"Intl Pacific UFC";"";"";"";"";"";"";"1";"2";"25";"0";"";"34";"24";"84";"";"3.2";"";"1";"0.7";"2.2";"2.5";"62";"";"84";"62";"";"";"";"";"0.8";"0";"";"28";"18";"25";"50";"";"";"1";"";"0.7";"";"0.7";"0.6";"2";"";"0.7";"";"";"25";"0";"0.7";"";"6.7";"";"";"";""
"Japan";"JPN";"Regional Leagues: Chugoku";"28-06-2026 02:00";"FT";"Baleine Shimonoseki";"0";"0";"ENEOS Mizushima";"0";"0";"";"";"";"";"1";"2";"58";"25";"";"41";"41";"88";"";"3.9";"";"1.2";"1.2";"1.8";"3.5";"75";"";"75";"50";"";"";"";"";"1.8";"0.8";"";"42";"2";"50";"50";"";"";"";"0.3";"";"1.3";"1.2";"1.1";"";"3.3";"";"1.3";"";"50";"25";"";"2.3";"";"5";"";"";""
"Japan";"JPN";"Regional Leagues: Chugoku";"28-06-2026 02:30";"FT";"SRC Hiroshima";"2";"4";"Beluga Rosso Hamada";"1";"2";"";"";"";"";"1";"2";"67";"100";"";"82";"88";"70";"";"3.2";"";"2.4";"2.6";"1.2";"0.2";"30";"58";"60";"60";"";"22.5";"10.4";"5.5";"2";"3";"";"63";"100";"40";"60";"";"";"1";"1.3";"0";"0";"1.1";"0.6";"4";"0.3";"4";"3";"";"60";"100";"1.5";"5.7";"2.5";"1.3";"";"16";"16"
"Japan";"JPN";"Regional Leagues: Chugoku";"28-06-2026 04:00";"AWAITING_UPDATES";"Hatsukaichi";"";"";"Yonago Genki";"";"";"";"";"";"";"1";"2";"13";"33";"";"34";"34";"90";"";"3.1";"";"1";"1";"2.4";"1.8";"80";"";"60";"60";"";"";"";"";"0.4";"1";"";"21";"42";"60";"40";"";"";"";"1";"";"1.3";"0.3";"0.7";"";"1.7";"";"0.7";"";"0";"20";"";"6.3";"";"4.3";"";"";""
"Japan";"JPN";"Regional Leagues: Kanto";"28-06-2026 05:00";"AWAITING_UPDATES";"Ryutsu Keizai Dragons";"";"";"Nankatsu";"";"";"";"";"";"";"10";"3";"11";"22";"";"24";"24";"84";"";"2.8";"3";"0.7";"0.7";"3.3";"1";"50";"42";"50";"66";"2.7";"";"";"";"0.3";"0.7";"";"2";"70";"67";"67";"";"";"0";"0";"0.5";"0.3";"1.8";"0.3";"4.5";"0.7";"1";"0.7";"";"0";"0";"";"";"";"";"0";"";""
"Japan";"JPN";"Regional Leagues: Kanto";"28-06-2026 06:00";"AWAITING_UPDATES";"Edo All United";"";"";"Tokyo 23";"";"";"";"";"";"";"8";"6";"22";"47";"";"44";"48";"74";"";"2.7";"2";"1.3";"1.4";"1.7";"1";"64";"75";"44";"56";"2.7";"";"";"";"0.7";"1.4";"";"46";"70";"67";"20";"";"";"1";"0.2";"1";"0.5";"1.8";"1";"1.5";"0.8";"1";"1.5";"";"0";"20";"";"";"";"";"0";"";""
"Japan";"JPN";"Regional Leagues: Kansai";"28-06-2026 00:30";"FT";"Moriyama Samurai";"1";"4";"Basara Hyogo";"1";"3";"";"";"";"";"8";"2";"8";"44";"";"27";"68";"71";"";"2.8";"";"0.8";"2";"2";"0.7";"54";"";"58";"71";"";"";"";"";"0.2";"1.3";"";"35";"80";"50";"67";"";"";"0.5";"";"0.5";"";"0.2";"0.2";"2";"";"2.5";"";"";"0";"33";"1.5";"";"4";"";"";"";""
"Japan";"JPN";"Regional Leagues: Kansai";"28-06-2026 06:00";"FT";"Velago Ikoma";"1";"1";"Arterivo Wakayama";"0";"1";"";"";"";"";"5";"3";"50";"33";"";"68";"27";"88";"";"2.2";"";"2";"0.8";"1";"0.8";"62";"";"50";"100";"";"";"";"";"1.5";"1";"";"70";"77";"100";"75";"";"";"";"0.3";"";"0.3";"0.8";"0.5";"";"0.7";"";"0.7";"";"50";"0";"";"3";"";"6.3";"";"";""
"Japan";"JPN";"Regional Leagues: Tokai";"28-06-2026 01:30";"AWAITING_UPDATES";"Sapporo University";"";"";"Hokkaido Tokachi";"";"";"";"";"";"";"5";"1";"50";"67";"";"17";"51";"50";"";"1.5";"2";"0.5";"1.5";"0.5";"0.5";"25";"";"0";"100";"2.9";"";"";"";"1.5";"2";"";"88";"88";"100";"100";"";"";"";"";"";"";"0";"0";"";"";"";"";"";"50";"50";"";"";"";"";"9.2";"";""
"Japan";"JPN";"Regional Leagues: Tokai";"28-06-2026 02:30";"AWAITING_UPDATES";"Hokushukai";"";"";"Sabas";"";"";"";"";"";"";"8";"7";"33";"50";"";"68";"51";"75";"";"4.2";"4";"2";"1.5";"2";"3";"75";"";"50";"50";"2.9";"";"";"";"1";"1.5";"";"35";"0";"50";"50";"";"";"";"";"";"";"0";"0";"";"";"";"";"";"0";"50";"";"";"";"";"9.2";"";""
"Kazakhstan";"KAZ";"Premier League";"28-06-2026 09:00";"FT";"Irtysh";"1";"2";"Kaisar";"1";"1";"2.11";"3.14";"1.32";"1.24";"15";"12";"33";"28";"5";"34";"17";"75";"";"2.1";"2";"1";"0.5";"1.2";"1.5";"50";"75";"33";"92";"2.2";"23";"9.3";"7.8";"1";"0.8";"9";"63";"52";"33";"83";"";"";"0.5";"0.5";"0.7";"0.3";"1.1";"1";"0.5";"1.2";"0.5";"0";"";"17";"17";"4.3";"2.8";"3";"5.3";"9.2";"58";"42"
"Kazakhstan";"KAZ";"Premier League";"28-06-2026 10:00";"INPLAY_2ND_HALF";"Ulytau";"0";"1";"Ordabasy";"0";"1";"5.35";"1.58";"1.31";"1.26";"5";"2";"81";"78";"2";"44";"61";"70";"";"2.1";"2";"1.3";"1.8";"0.6";"0.5";"54";"45";"40";"92";"2.2";"24";"9.6";"8.5";"2.4";"2.3";"9";"84";"88";"57";"50";"";"";"0.4";"0.3";"0.3";"0";"1.6";"0.5";"0.3";"0.5";"0.9";"1.5";"";"71";"67";"4.3";"5";"4";"3.7";"9.2";"54";"54"
"Kazakhstan";"KAZ";"Premier League";"28-06-2026 10:00";"INPLAY_2ND_HALF";"Tobol";"1";"1";"Altay";"1";"1";"1.62";"4.83";"";"";"13";"16";"61";"28";"1";"44";"24";"75";"";"2.2";"2";"1.3";"0.7";"1.2";"1.2";"50";"50";"34";"92";"2.2";"20.2";"9";"9.8";"1.8";"0.8";"9";"63";"63";"50";"67";"";"";"0.5";"0";"0.3";"0.7";"1.4";"0.8";"0.8";"0.5";"0.8";"0.7";"";"50";"17";"6.2";"3";"5.8";"4.7";"9.2";"75";"75"
"Kazakhstan";"KAZ";"Premier League";"28-06-2026 11:00";"INPLAY_1ST_HALF";"Zhenys";"0";"0";"Astana";"0";"0";"3.03";"2.11";"1.32";"1.23";"10";"7";"52";"14";"5";"24";"14";"50";"";"1.7";"2";"0.7";"0.4";"0.7";"1.6";"29";"50";"22";"86";"2.2";"21.4";"8.8";"9";"1.6";"0.4";"9";"80";"49";"43";"57";"";"";"0.4";"0.1";"0";"1.1";"0.8";"0.8";"0.7";"0.4";"0.3";"0.3";"";"43";"0";"4.3";"6";"4.9";"3";"9.2";"64";"50"
"Kyrgyzstan";"KGZ";"Top Liga";"28-06-2026 11:30";"POSTPONED";"Ozgon";"";"";"Talant";"";"";"";"";"";"";"4";"10";"73";"40";"";"68";"41";"70";"";"2.4";"2";"2";"1.2";"0.8";"0.8";"60";"60";"60";"70";"2.8";"";"";"";"2.2";"1.2";"";"77";"77";"80";"60";"";"";"0.6";"0.4";"0.4";"0.4";"1.5";"0.9";"0.4";"0.4";"1.4";"0.8";"";"60";"20";"";"5.8";"";"3.2";"9.4";"";""
"South Korea";"KOR";"K3 League";"28-06-2026 02:00";"FT";"Gyeongju HNP";"1";"3";"Pocheon";"0";"2";"2.48";"2.54";"1.28";"1.28";"10";"2";"48";"67";"5";"58";"37";"57";"";"2.4";"2";"1.7";"1.1";"1.1";"0.9";"43";"64";"36";"64";"2.5";"17.8";"7.7";"8.6";"1.4";"2";"8";"66";"74";"57";"43";"";"";"0.9";"0.4";"0.9";"0.6";"1";"1.4";"0.3";"0.3";"0.9";"0.7";"";"29";"57";"5.9";"5";"3.1";"3.3";"8.6";"57";"50"
"South Korea";"KOR";"K3 League";"28-06-2026 05:00";"FT";"Dangjin Citizen";"5";"2";"Gangneung City";"3";"1";"2.55";"2.50";"1.31";"1.23";"8";"7";"33";"46";"5";"41";"34";"82";"";"2.5";"2";"1.2";"1";"1.2";"1.5";"62";"68";"44";"75";"2.5";"14.6";"6.4";"9.2";"1";"1.4";"9";"63";"52";"50";"38";"";"";"0.5";"0.1";"0.8";"0.5";"1.5";"0.9";"0.5";"1";"0.8";"0.9";"";"25";"38";"5.8";"4.2";"4.2";"4.1";"8.6";"81";"69"
"South Korea";"KOR";"K3 League";"28-06-2026 07:00";"FT";"Busan Transportation";"0";"1";"Daejeon Korail";"0";"1";"2.80";"2.29";"1.27";"1.29";"4";"3";"60";"59";"5";"58";"58";"68";"";"2.5";"2";"1.7";"1.7";"0.7";"0.9";"36";"64";"47";"79";"2.5";"19";"9.5";"8.8";"1.8";"1.8";"8";"80";"74";"50";"44";"";"";"0.6";"0.8";"0.3";"0.3";"1.4";"1";"0.4";"0.6";"1.1";"0.9";"";"50";"44";"4.7";"3.2";"5";"4.7";"8.6";"63";"52"
"South Korea";"KOR";"K4 League";"28-06-2026 02:00";"FT";"Jincheon HR";"2";"2";"Namyangju";"1";"0";"1.46";"5.77";"";"";"2";"7";"86";"40";"1";"65";"34";"76";"";"2.4";"3";"1.9";"1";"0.4";"1.6";"37";"78";"54";"93";"2.9";"21";"7.8";"8";"2.6";"1.2";"9";"100";"49";"29";"80";"";"";"0.4";"0.6";"0.1";"1.2";"1.2";"1.2";"0.3";"0.4";"1.4";"0.4";"";"86";"40";"5.5";"4.4";"3.8";"2.4";"9.5";"60";"44"
"South Korea";"KOR";"K4 League";"28-06-2026 02:00";"FT";"Sejong SA";"1";"3";"Pyeongchang United";"1";"2";"2.06";"3.00";"";"";"6";"9";"61";"33";"5";"58";"34";"70";"";"2.8";"3";"1.7";"1";"1.2";"1.7";"38";"76";"62";"62";"2.9";"21";"9.6";"7.4";"1.8";"1";"8";"63";"46";"67";"57";"";"";"1";"0.6";"0.3";"1.3";"1.2";"1.6";"0.8";"0.4";"0.7";"0.4";"";"50";"29";"4";"2.8";"4.2";"3.7";"9.5";"42";"25"
"South Korea";"KOR";"K4 League";"28-06-2026 05:00";"FT";"Jecheon Citizen";"1";"1";"Gijang United";"1";"0";"1.90";"3.42";"";"";"4";"10";"53";"19";"1";"34";"34";"73";"";"2.7";"2";"1";"1";"1.4";"2";"42";"58";"42";"66";"2.9";"18.5";"8";"10.7";"1.6";"0.6";"10";"56";"35";"40";"43";"";"";"0.4";"0.3";"0.6";"0.9";"1.6";"1";"0.8";"1.1";"0.6";"0.7";"";"40";"14";"8.4";"3";"5";"5";"9.5";"78";"62"
"Lebanon";"LIB";"Premier League";"28-06-2026 10:00";"INPLAY_2ND_HALF";"Al Ahed";"3";"0";"Shabab Al Sahel";"3";"0";"1.54";"5.22";"1.27";"1.32";"3";"7";"53";"29";"1";"44";"34";"61";"";"2.5";"3";"1.3";"1";"1.3";"1.4";"34";"68";"56";"72";"2.2";"18.2";"7.2";"8.8";"1.6";"0.9";"9";"60";"56";"50";"62";"";"";"0.4";"0.4";"0.6";"0.8";"1.4";"1";"0.7";"0.6";"0.9";"0.6";"";"50";"25";"5.1";"4.2";"4.7";"3.5";"8.4";"71";"52"
"Lebanon";"LIB";"Premier League";"28-06-2026 15:30";"NS";"Jwaya";"";"";"Safa";"";"";"1.84";"4.00";"";"";"4";"5";"59";"50";"1";"54";"58";"52";"";"2.7";"3";"1.6";"1.7";"0.6";"1.6";"41";"47";"46";"74";"2.2";"16";"6.7";"7.8";"1.8";"1.5";"8";"84";"49";"33";"40";"";"";"0.8";"0.9";"0.2";"0.4";"1.6";"1.2";"0.3";"1.2";"0.8";"0.8";"";"56";"50";"5.8";"3.1";"3.2";"3.6";"8.4";"56";"56"
"Lithuania";"LTU";"A Lyga";"28-06-2026 12:00";"NS";"Banga";"";"";"Hegelmann Litauen";"";"";"1.93";"3.58";"1.30";"1.25";"5";"8";"56";"24";"1";"65";"31";"82";"";"2.9";"3";"1.9";"0.9";"1";"2";"56";"69";"69";"69";"2.6";"18.2";"6.9";"8.6";"1.7";"0.7";"9";"70";"35";"67";"71";"";"";"1";"0.3";"0.4";"1.3";"1.4";"1.5";"0.6";"0.7";"0.9";"0.6";"";"44";"14";"4.7";"4";"4.9";"3.7";"9.4";"68";"48"
"Lithuania";"LTU";"A Lyga";"28-06-2026 12:45";"NS";"Džiugas Telšiai";"";"";"Žalgiris";"";"";"3.07";"2.06";"1.22";"1.35";"1";"6";"60";"44";"5";"61";"31";"63";"";"2.4";"2";"1.8";"0.9";"1.3";"0.8";"31";"63";"52";"85";"2.6";"17.5";"6.8";"8";"1.8";"1.3";"9";"60";"77";"30";"56";"";"";"0.8";"0.4";"0.4";"0.2";"1.4";"1";"0.9";"0.6";"1";"0.4";"";"60";"33";"3";"6.6";"3.7";"2.9";"9.4";"37";"32"
"Lithuania";"LTU";"A Lyga";"28-06-2026 14:00";"CANCELLED";"FK Riteriai";"";"";"Kauno Žalgiris";"";"";"";"";"";"";"";"";"10";"67";"";"10";"71";"93";"";"2.9";"3";"0.3";"2.1";"2.4";"1";"54";"80";"68";"74";"2.6";"18.9";"8.8";"10.7";"0.3";"2";"10";"21";"70";"57";"22";"";"";"0.3";"0.8";"0.9";"0.7";"1.6";"1.2";"1.6";"0.3";"0";"1.3";"";"0";"56";"2.9";"6.4";"8.3";"3.9";"9.4";"64";"64"
"Lithuania";"LTU";"1. Lyga";"28-06-2026 12:30";"NS";"Kauno Žalgiris II";"";"";"BFA";"";"";"3.26";"1.96";"1.22";"1.33";"15";"10";"17";"33";"2";"17";"44";"75";"";"3";"2";"0.5";"1.3";"1.7";"2.5";"34";"50";"58";"58";"2.9";"15.2";"7.4";"10.7";"0.5";"1";"11";"46";"18";"33";"67";"";"";"0";"0.3";"0.8";"0.8";"2";"1";"0.8";"1.7";"0.5";"1";"";"17";"33";"4.2";"5.2";"7.5";"4.5";"10.2";"84";"66"
"Latvia";"LVA";"First Liga";"28-06-2026 07:00";"FT";"Leevon / PPK";"1";"3";"Metta / LU";"0";"2";"4.43";"1.53";"1.08";"1.77";"3";"1";"83";"83";"2";"75";"75";"75";"";"3.1";"3";"2.2";"2.2";"1";"0.8";"62";"88";"75";"50";"3.5";"20.8";"8.9";"11";"2.5";"2.5";"11";"70";"77";"50";"75";"";"";"0.5";"1.5";"0.8";"0.2";"1.6";"1.5";"0.2";"0.5";"1.8";"0.8";"";"75";"75";"6";"6";"5.2";"4.7";"11.4";"100";"100"
"Latvia";"LVA";"First Liga";"28-06-2026 09:00";"FT";"Smiltene";"2";"4";"Skanste";"0";"1";"3.20";"1.86";"1.15";"1.55";"13";"9";"17";"25";"2";"41";"61";"88";"";"3.8";"4";"1.2";"1.8";"2";"2.8";"50";"75";"62";"38";"3.5";"24.9";"9.9";"11.2";"0.5";"0.8";"11";"35";"7";"50";"50";"";"";"0.2";"0.5";"1";"1.2";"2.4";"1.5";"1";"1.5";"1";"1.2";"";"0";"25";"3.2";"5.3";"9";"5";"11.4";"100";"100"
"Latvia";"LVA";"First Liga";"28-06-2026 11:00";"INPLAY_1ST_HALF";"JFK Ventspils";"0";"0";"Valmiera";"0";"0";"7.71";"1.28";"1.12";"1.61";"12";"4";"17";"76";"4";"17";"88";"56";"";"2.7";"3";"0.5";"2.6";"1";"1.3";"56";"73";"56";"52";"3.5";"18.4";"8.2";"13.4";"0.5";"2.3";"12";"70";"60";"25";"71";"";"";"0.2";"0.6";"1";"0.3";"1.6";"1";"0";"1";"0.2";"2";"";"0";"71";"8";"6.3";"6.8";"5.9";"11.4";"100";"93"
"Macau";"MAC";"Primeira Division";"28-06-2026 08:00";"FT";"Benfica de Macau";"2";"1";"Chiba";"0";"1";"4.07";"1.54";"";"";"6";"4";"33";"57";"2";"41";"71";"76";"";"4";"5";"1.2";"2.1";"2.8";"1.7";"56";"66";"66";"52";"4.9";"23.2";"8.6";"11.6";"1";"1.7";"12";"7";"46";"40";"57";"";"";"0.8";"1";"1.2";"0.6";"2.2";"1.8";"1.6";"1.1";"0.4";"1.1";"";"20";"43";"4.2";"6.2";"4.4";"8.4";"10.4";"80";"80"
"Macau";"MAC";"Primeira Division";"28-06-2026 10:00";"HT";"Gorila do Universo";"2";"2";"Universidade de Macau";"2";"2";"1.17";"8.03";"";"";"7";"10";"33";"0";"3";"75";"20";"92";"";"6.5";"5";"2.2";"0.6";"5";"5.2";"45";"82";"92";"26";"4.9";"27.8";"12.8";"11";"1";"0";"10";"2";"2";"50";"80";"";"";"0.7";"0.2";"2.8";"1.8";"3.8";"2.8";"2.2";"3.4";"1.5";"0.4";"";"33";"0";"3";"2.2";"9.3";"7.6";"10.4";"82";"72"
"Moldova";"MDA";"Super Liga";"28-06-2026 12:00";"NS";"Sheriff";"";"";"Sireți";"";"";"";"";"";"";"";"";"";"";"";"";"";"";"";"";"";"";"";"";"";"";"";"";"";"";"";"";"";"";"";"";"";"";"";"";"";"";"";"";"";"";"";"";"";"";"";"";"";"";"";"";"";"";"";"";"";""
"Moldova";"MDA";"Super Liga";"28-06-2026 14:00";"NS";"Petrocub";"";"";"Dacia-Buiucani";"";"";"1.20";"11.34";"1.14";"1.46";"";"";"";"";"";"";"";"";"";"";"";"";"";"";"";"";"";"";"";"";"";"";"";"";"";"";"";"";"";"";"";"";"";"";"";"";"";"";"";"";"";"";"";"";"";"";"";"";"";"";"";""
"Mongolia";"MNG";"Premier League";"28-06-2026 05:00";"FT";"Ulaangom City";"3";"3";"Khovd";"0";"3";"";"";"";"";"10";"7";"5";"11";"";"34";"34";"93";"";"6.4";"6";"1";"1";"5.9";"4.9";"69";"80";"93";"18";"5.1";"24.3";"11.8";"10.2";"0.1";"0.3";"10";"2";"2";"57";"44";"";"";"0.4";"0.4";"2";"1.6";"4.2";"2.2";"3.9";"3.3";"0.6";"0.6";"";"0";"11";"3.3";"3.8";"6";"7.4";"10.5";"78";"78"
"Mongolia";"MNG";"Premier League";"28-06-2026 08:00";"FT";"Hunters";"2";"0";"Khovd Western";"1";"0";"";"";"";"";"5";"6";"48";"33";"";"100";"48";"76";"";"4.3";"5";"3.4";"1.4";"1.6";"2.2";"53";"59";"71";"36";"5.1";"26.2";"11.3";"10.2";"1.4";"1";"11";"49";"28";"56";"62";"";"";"1.1";"0.6";"0.4";"0.9";"2.8";"1.6";"1.1";"1.4";"2.3";"0.8";"";"44";"25";"3.4";"3.9";"4.4";"8.6";"10.5";"72";"65"
"Mozambique";"MOZ";"Mocambola";"28-06-2026 09:45";"NS";"Chingale de Tete";"";"";"AD Pemba";"";"";"";"";"";"";"14";"11";"11";"25";"";"0";"17";"42";"";"1.6";"2";"0";"0.5";"1.3";"1.2";"12";"42";"29";"100";"1.7";"";"";"";"0.3";"0.8";"";"60";"63";"33";"50";"";"";"0";"0";"0.7";"0.5";"1";"0.6";"0.7";"0.8";"0";"0.5";"";"0";"25";"";"";"";"";"10.6";"";""
"Mozambique";"MOZ";"Mocambola";"28-06-2026 09:45";"INPLAY_2ND_HALF";"Ferroviario Beira";"1";"1";"Ferroviário Nampula";"1";"0";"1.71";"5.26";"";"";"1";"";"67";"";"";"";"";"";"";"";"";"1.2";"";"0.2";"";"";"";"";"";"";"";"";"";"2";"";"";"";"";"50";"";"";"";"0.8";"";"0";"";"";"";"0.2";"";"0.5";"";"";"50";"";"6.5";"";"8.5";"";"";"";""
"Mozambique";"MOZ";"Mocambola";"28-06-2026 09:45";"INPLAY_2ND_HALF";"ENH Vilankulo";"1";"1";"Black Bulls Maputo";"1";"0";"3.53";"2.09";"";"";"10";"2";"50";"78";"5";"34";"44";"42";"";"1.2";"2";"1";"1.3";"0.2";"0";"12";"29";"29";"100";"1.7";"";"";"";"1.5";"2.3";"";"100";"100";"50";"33";"";"";"0.2";"0.7";"0";"0";"0.8";"0.4";"0.2";"0";"0.8";"0.7";"";"25";"67";"8.5";"";"3.5";"";"10.6";"";""
"Malawi";"MWI";"Super League";"28-06-2026 09:30";"INPLAY_2ND_HALF";"Ekhaya";"1";"0";"MAFCO";"0";"0";"1.68";"4.83";"";"";"7";"10";"78";"11";"1";"58";"10";"66";"";"1.6";"2";"1.7";"0.3";"0.3";"1";"33";"50";"0";"100";"2.1";"13.5";"2.3";"8.4";"2.3";"0.3";"8";"100";"70";"100";"33";"";"";"0.7";"0";"0";"0.3";"1.2";"0.5";"0.3";"0.7";"1";"0.3";"";"67";"0";"5";"2.3";"2.7";"6.7";"7.7";"67";"50"
"Malawi";"MWI";"Super League";"28-06-2026 09:30";"INPLAY_2ND_HALF";"Karonga United";"0";"0";"Moyale Barracks";"0";"0";"1.98";"3.65";"1.43";"1.13";"12";"8";"44";"11";"1";"34";"24";"84";"";"2.5";"2";"1";"0.7";"1";"2.3";"67";"50";"33";"84";"2.1";"15.2";"5.4";"7.6";"1.3";"0.3";"7";"70";"25";"67";"33";"";"";"0.7";"0";"0.3";"0.3";"1.8";"0.6";"0.7";"2";"0.3";"0.7";"";"33";"0";"5.7";"3";"2.3";"4.3";"7.7";"67";"33"
"Malawi";"MWI";"Super League";"28-06-2026 09:30";"INPLAY_2ND_HALF";"Dedza Dynamos";"1";"1";"Mighty Mukuru Wanderers";"1";"0";"11.19";"1.29";"1.45";"1.14";"16";"2";"33";"100";"4";"10";"92";"66";"";"2.2";"2";"0.3";"2.7";"1";"0.3";"16";"84";"34";"84";"2.1";"16.8";"8.2";"8";"1";"3";"8";"70";"100";"33";"67";"";"";"0";"2";"0.7";"0";"0.8";"1.4";"0.3";"0.3";"0.3";"0.7";"";"33";"100";"5.7";"4";"2.3";"4";"7.7";"33";"33"
"Malawi";"MWI";"Super League";"28-06-2026 09:30";"INPLAY_2ND_HALF";"Silver Strikers";"3";"0";"Red Lions";"2";"0";"1.44";"7.38";"1.45";"1.14";"3";"5";"100";"22";"1";"92";"10";"50";"";"2";"2";"2.7";"0.3";"0.3";"0.7";"33";"50";"34";"84";"2.1";"14.2";"5.9";"7.8";"3";"0.7";"8";"100";"80";"67";"67";"";"";"1";"0";"0";"0.3";"1.4";"0.6";"0.3";"0.3";"1.7";"0.3";"";"100";"0";"6.7";"1.5";"3.3";"4";"7.7";"50";"34"
"Malawi";"MWI";"Super League";"28-06-2026 09:30";"INPLAY_2ND_HALF";"Creck";"0";"1";"Civil Sporting";"0";"1";"2.26";"3.08";"";"";"14";"13";"0";"33";"5";"24";"10";"66";"";"2.4";"2";"0.7";"0.3";"2.3";"1.3";"34";"84";"50";"84";"2.1";"19.8";"9.4";"5.4";"0";"1";"7";"25";"60";"67";"33";"";"";"0.3";"0.3";"1.3";"0.3";"1.2";"1.2";"1";"1";"0.3";"0";"";"0";"33";"4.5";"0.3";"3";"3";"7.7";"25";"25"
"New Caledonia";"NCL";"Super Ligue";"28-06-2026 01:00";"POSTPONED";"Tiga Sport";"";"";"Saint Louis";"";"";"";"";"";"";"5";"8";"57";"33";"";"54";"51";"66";"";"3";"2";"1.6";"1.5";"1";"2";"66";"";"66";"34";"2.1";"";"";"";"1.7";"1";"";"70";"35";"57";"75";"";"";"";"";"";"";"0";"0";"";"";"";"";"";"43";"25";"";"";"";"";"0";"";""
"Norway";"NOR";"2. Division - Group 1";"28-06-2026 12:00";"NS";"Sotra";"";"";"Jerv";"";"";"2.05";"2.98";"1.16";"1.47";"6";"1";"47";"89";"5";"88";"75";"82";"";"3.3";"4";"2.6";"2.2";"1";"0.8";"54";"72";"82";"54";"2.8";"20";"9";"9.6";"1.4";"2.7";"9";"70";"77";"60";"83";"";"";"2";"0.3";"0.2";"0.7";"1.7";"1.6";"0.8";"0.2";"0.6";"1.8";"";"40";"83";"6.6";"5.3";"2.6";"4.7";"9.3";"90";"74"
"Norway";"NOR";"2. Division: Group 2";"28-06-2026 09:00";"FT";"Skeid";"7";"1";"Trygg/Lade";"2";"1";"1.44";"5.40";"1.09";"1.73";"11";"14";"47";"0";"1";"54";"27";"82";"";"3.1";"3";"1.6";"0.8";"1.4";"2.3";"64";"74";"72";"74";"3.4";"23.5";"10.2";"8.7";"1.4";"0";"9";"56";"25";"60";"33";"";"";"1.2";"0.3";"0.6";"0.8";"1.6";"1.5";"0.8";"1.5";"0.4";"0.5";"";"40";"0";"2.8";"3.6";"5.8";"5.2";"9.3";"60";"60"
"Norway";"NOR";"2. Division: Group 2";"28-06-2026 10:00";"INPLAY_2ND_HALF";"Stjørdals-Blink";"0";"1";"Junkeren";"0";"1";"1.53";"4.66";"1.06";"1.88";"10";"9";"27";"20";"1";"34";"14";"80";"";"2.4";"3";"1";"0.4";"1.4";"2";"50";"90";"60";"100";"3.4";"17.8";"6.7";"9.6";"0.8";"0.6";"9";"56";"35";"60";"60";"";"";"0.4";"0.2";"0.6";"1.4";"1.1";"1.3";"0.8";"0.6";"0.6";"0.2";"";"20";"20";"6.4";"4.8";"3.6";"4.4";"9.3";"80";"80"
"Norway";"NOR";"2. Division: Group 2";"28-06-2026 10:00";"INPLAY_2ND_HALF";"Follo";"0";"1";"Levanger";"0";"1";"3.99";"1.67";"1.12";"1.57";"13";"4";"22";"83";"2";"44";"68";"75";"";"3.2";"3";"1.3";"2";"2";"1.2";"67";"75";"67";"50";"3.4";"20.3";"8";"9";"0.7";"2.5";"10";"35";"63";"50";"50";"";"";"0.5";"1";"1";"0.3";"1.8";"1.4";"1";"0.8";"0.8";"1";"";"17";"83";"5";"3.2";"4.7";"5";"9.3";"66";"66"
"Norway";"NOR";"3. Division - Group 1";"28-06-2026 11:00";"INPLAY_1ST_HALF";"KFUM II";"0";"0";"Heming";"0";"0";"3.05";"1.89";"";"";"10";"5";"40";"60";"2";"54";"88";"90";"";"4.6";"4";"1.6";"2.6";"2.8";"2.2";"70";"80";"80";"30";"4.5";"23.9";"11.5";"11.3";"1.2";"1.8";"10";"7";"28";"60";"80";"";"";"0.6";"1.2";"0.8";"0.4";"3.1";"1.5";"2";"1.8";"1";"1.4";"";"40";"60";"4.2";"6.4";"4.8";"7.2";"10.5";"80";"70"
"Norway";"NOR";"3. Division - Group 3";"28-06-2026 09:00";"FT";"Varegg";"1";"1";"Vard";"0";"0";"4.68";"1.46";"";"";"14";"3";"27";"53";"2";"27";"34";"70";"";"2.6";"3";"0.8";"1";"1.6";"1.8";"50";"40";"40";"70";"4.1";"";"";"";"0.8";"1.6";"";"49";"42";"40";"40";"";"";"0.2";"0.2";"1";"0.6";"1.6";"1";"0.6";"1.2";"0.6";"0.8";"";"20";"40";"6.7";"";"3";"";"10.5";"";""
"Norway";"NOR";"3. Division - Group 4";"28-06-2026 09:00";"FT";"Brodd";"4";"0";"Haugesund II";"1";"0";"2.36";"2.24";"";"";"10";"9";"50";"44";"5";"75";"85";"100";"";"4.6";"4";"2.2";"2.5";"2.2";"2.3";"92";"92";"92";"25";"3.9";"22.9";"10.5";"10.2";"1.5";"1.3";"11";"28";"25";"33";"33";"";"";"1";"1.3";"1";"1.2";"2.3";"2.2";"1.2";"1.2";"1.2";"1.2";"";"50";"33";"4.2";"6.8";"4";"5.5";"11.3";"88";"62"
"Norway";"NOR";"3. Division - Group 4";"28-06-2026 11:00";"INPLAY_1ST_HALF";"Vindbjart";"1";"0";"Stabæk II";"1";"0";"1.16";"8.95";"1.02";"2.84";"4";"11";"73";"20";"3";"95";"61";"100";"";"4.6";"4";"2.8";"1.8";"1";"3.6";"60";"80";"90";"30";"3.9";"24.4";"10.6";"12.4";"2.2";"0.6";"11";"70";"2";"60";"40";"";"";"0.2";"0.6";"0.6";"2";"2.9";"1.7";"0.4";"1.6";"2.6";"1.2";"";"60";"20";"7.2";"6.8";"5.2";"5.8";"11.3";"100";"90"
"Norway";"NOR";"3. Division - Group 4";"28-06-2026 12:00";"NS";"Varhaug";"";"";"Odd II";"";"";"1.71";"3.82";"";"";"6";"12";"28";"39";"1";"34";"51";"84";"";"3.2";"4";"1";"1.5";"1.5";"2.5";"58";"75";"58";"66";"3.9";"24";"10.4";"10.8";"0.8";"1.2";"11";"52";"18";"33";"50";"";"";"0.7";"0.5";"0.5";"1.2";"1.8";"1.4";"1";"1.3";"0.3";"1";"";"17";"33";"3";"7.2";"6.8";"4.7";"11.3";"88";"88"
"Norway";"NOR";"3. Division - Group 5";"28-06-2026 07:00";"FT";"Strømsgodset II";"5";"1";"Skjervøy";"2";"0";"1.16";"9.33";"";"";"10";"11";"44";"33";"3";"78";"54";"90";"";"4.2";"4";"2.3";"1.6";"2.2";"2.4";"64";"100";"80";"28";"4.1";"";"";"";"1.3";"1";"";"28";"21";"50";"60";"";"";"1.7";"0.8";"1";"1.2";"1.9";"2.4";"1.2";"1.2";"0.7";"0.8";"";"33";"20";"5.3";"";"4.3";"";"9.6";"";""
"Norway";"NOR";"3. Division - Group 5";"28-06-2026 08:00";"FT";"Alta";"3";"0";"Finnsnes";"1";"0";"";"";"";"";"6";"2";"73";"47";"";"100";"68";"100";"";"4.4";"4";"3";"2";"1.8";"2";"80";"90";"90";"40";"4.1";"";"";"";"2.2";"1.4";"";"42";"35";"40";"60";"";"";"1.4";"1";"0.4";"1";"2.5";"1.9";"1.4";"1";"1.6";"1";"";"60";"40";"";"";"";"";"9.6";"";""
"Norway";"NOR";"3. Division - Group 5";"28-06-2026 12:00";"NS";"Lillestrøm II";"";"";"Tromsø II";"";"";"1.60";"3.38";"";"";"5";"12";"50";"13";"1";"100";"41";"92";"";"4.2";"4";"3.2";"1.2";"1.8";"2.2";"82";"100";"72";"46";"4.1";"";"";"";"1.5";"0.4";"";"42";"28";"50";"40";"";"";"1.5";"0.4";"1.2";"1";"2.2";"2";"0.7";"1.2";"1.7";"0.8";"";"50";"0";"5.3";"";"3";"";"9.6";"";""
"Norway";"NOR";"3. Division - Group 6";"28-06-2026 10:00";"INPLAY_2ND_HALF";"Råde";"3";"2";"Lyn II";"1";"2";"1.50";"4.10";"";"";"3";"10";"87";"40";"1";"100";"48";"90";"";"4.6";"4";"4.4";"1.4";"1";"2.4";"70";"90";"80";"50";"4";"25.6";"11.1";"9.6";"2.6";"1.2";"10";"70";"21";"60";"20";"";"";"2.6";"1";"0.6";"1";"2";"2.6";"0.4";"1.4";"1.8";"0.4";"";"80";"40";"5";"6.6";"1.7";"6";"9.8";"66";"56"
"Paraguay";"PAR";"Division Intermedia";"28-06-2026 10:00";"INPLAY_2ND_HALF";"3 de Noviembre";"1";"0";"Paraguarí";"1";"0";"2.38";"2.77";"1.37";"1.16";"16";"14";"28";"7";"5";"41";"20";"72";"";"2.4";"2";"1.2";"0.6";"1.3";"1.8";"62";"74";"36";"64";"2.5";"19.5";"7.3";"9.1";"0.8";"0.2";"9";"60";"42";"33";"40";"";"";"0.5";"0.2";"0.3";"1.2";"1.4";"1.1";"1";"0.6";"0.7";"0.4";"";"0";"0";"4";"5";"6.2";"3";"8.5";"70";"62"
"Paraguay";"PAR";"Division Intermedia";"28-06-2026 15:30";"NS";"Guaireña";"";"";"Deportivo Santaní";"";"";"2.35";"2.89";"1.45";"1.13";"6";"9";"72";"44";"5";"44";"34";"67";"";"2.2";"2";"1.3";"1";"1";"1";"33";"67";"42";"75";"2.5";"20.9";"8.9";"8.6";"2.2";"1.3";"9";"70";"70";"50";"67";"";"";"0.3";"0.5";"0.8";"0.5";"1.1";"1.1";"0.2";"0.5";"1";"0.5";"";"67";"33";"3.7";"4";"5.7";"4";"8.5";"67";"34"
"Paraguay";"PAR";"Division Intermedia";"28-06-2026 18:00";"NS";"Sol de América";"";"";"12 de Junio VH";"";"";"2.60";"2.56";"1.41";"1.15";"7";"2";"44";"89";"5";"27";"58";"67";"";"1.8";"2";"0.8";"1.7";"0.5";"0.5";"50";"42";"16";"92";"2.5";"18.2";"7.4";"8.1";"1.3";"2.7";"8";"88";"88";"67";"33";"";"";"0.3";"0.5";"0.3";"0";"1.2";"0.6";"0.2";"0.5";"0.5";"1.2";"";"17";"83";"4.2";"4.8";"4.5";"2.7";"8.5";"58";"33"
"Paraguay";"PAR";"Campeonato Femenino";"28-06-2026 15:00";"NS";"Sportivo Trinidense W";"";"";"Sportivo Ameliano W";"";"";"1.04";"23.34";"";"";"6";"12";"25";"8";"3";"7";"34";"75";"";"3.6";"3";"0.2";"1";"1.5";"4.5";"38";"100";"50";"62";"4.2";"16.2";"7.1";"7.4";"0.8";"0.2";"7";"52";"2";"50";"50";"";"";"0.2";"0.5";"0.8";"2.2";"1.8";"1.9";"0.8";"2.2";"0";"0.5";"";"25";"0";"2.5";"2.5";"5.5";"4.2";"7.9";"50";"38"
"Paraguay";"PAR";"Campeonato Femenino";"28-06-2026 17:15";"NS";"Sportivo San Lorenzo";"";"";"2 de Mayo W";"";"";"1.32";"5.86";"";"";"7";"10";"25";"33";"1";"27";"58";"88";"";"3.6";"4";"0.8";"1.7";"2.5";"2.3";"58";"100";"71";"42";"4.2";"18.2";"6.5";"7.6";"0.8";"1";"7";"18";"25";"50";"67";"";"";"0.5";"0.7";"1";"0.3";"2.4";"1.2";"1.5";"2";"0.2";"1";"";"25";"33";"4.5";"2.7";"4";"4";"7.9";"42";"25"
"Paraguay";"PAR";"Campeonato Femenino";"28-06-2026 19:30";"NS";"Rubio Ñú";"";"";"Cerro Porteño W";"";"";"38.00";"1.02";"";"";"9";"4";"33";"75";"4";"44";"85";"100";"";"4";"3";"1.3";"2.5";"3.7";"0.5";"46";"100";"88";"38";"4.2";"21.2";"11.8";"7.4";"1";"2.2";"6";"2";"88";"67";"75";"";"";"0";"1.2";"1.7";"0.5";"2.2";"1.8";"2";"0";"1.3";"1.2";"";"33";"75";"1.3";"5.8";"5.3";"2.2";"7.9";"42";"12"
"Réunion";"REU";"Regionale 1";"28-06-2026 08:30";"NS";"St Pauloise FC";"";"";"Jeanne d'Arc";"";"";"";"";"";"";"3";"7";"50";"44";"";"41";"51";"75";"";"2.4";"2";"1.2";"1.5";"0.3";"1.8";"50";"";"58";"75";"2.6";"";"";"";"1.5";"1.3";"";"100";"42";"50";"50";"";"";"";"";"";"";"0";"0";"";"";"";"";"";"33";"33";"";"";"";"";"0";"";""
"Réunion";"REU";"Regionale 1";"28-06-2026 08:30";"NS";"Bénédictine";"";"";"Saint-Pierroise";"";"";"";"";"";"";"10";"5";"33";"67";"";"61";"48";"70";"";"3";"2";"1.8";"1.4";"1.8";"1";"60";"";"60";"60";"2.6";"";"";"";"1";"2";"";"42";"70";"40";"60";"";"";"";"";"";"";"0";"0";"";"";"";"";"";"20";"60";"";"";"";"";"0";"";""
"Réunion";"REU";"Regionale 1";"28-06-2026 08:30";"NS";"Ville Sainte-Suzanne";"";"";"Piton Saint-Leu";"";"";"";"";"";"";"12";"8";"13";"27";"";"20";"20";"60";"";"2.3";"2";"0.6";"0.6";"2.2";"1.2";"40";"";"40";"80";"2.6";"";"";"";"0.4";"0.8";"";"28";"63";"40";"60";"";"";"";"";"";"";"0";"0";"";"";"";"";"";"0";"20";"";"";"";"";"0";"";""
"Réunion";"REU";"Regionale 1";"28-06-2026 08:30";"NS";"Sainte-Rose";"";"";"Saint-Louisienne";"";"";"";"";"";"";"11";"13";"20";"40";"";"41";"54";"90";"";"3.2";"3";"1.2";"1.6";"2";"1.6";"90";"";"80";"60";"2.6";"";"";"";"0.6";"1.2";"";"35";"49";"40";"40";"";"";"";"";"";"";"0";"0";"";"";"";"";"";"20";"20";"";"";"";"";"0";"";""
"Réunion";"REU";"Regionale 1";"28-06-2026 08:30";"NS";"Stade Tamponnaise";"";"";"Excelsior";"";"";"";"";"";"";"1";"2";"53";"73";"";"75";"61";"50";"";"2.6";"2";"2.2";"1.8";"1";"0.2";"40";"";"40";"70";"2.6";"";"";"";"1.6";"2.2";"";"70";"100";"40";"40";"";"";"";"";"";"";"0";"0";"";"";"";"";"";"40";"60";"";"";"";"";"0";"";""
"Réunion";"REU";"Regionale 1";"28-06-2026 08:30";"NS";"Saint-Denis";"";"";"Bagatelle Sainte-Suzanne";"";"";"";"";"";"";"9";"14";"47";"13";"";"54";"34";"50";"";"2.8";"3";"1.6";"1";"1.2";"1.8";"50";"";"50";"50";"2.6";"";"";"";"1.4";"0.4";"";"63";"42";"60";"40";"";"";"";"";"";"";"0";"0";"";"";"";"";"";"40";"0";"";"";"";"";"0";"";""
"Réunion";"REU";"Regionale 1";"28-06-2026 08:30";"NS";"Trois Bassins";"";"";"ES Dominicaine";"";"";"";"";"";"";"4";"6";"53";"33";"";"41";"20";"40";"";"2";"2";"1.2";"0.6";"0.6";"1.6";"20";"";"30";"80";"2.6";"";"";"";"1.6";"1";"";"84";"49";"40";"20";"";"";"";"";"";"";"0";"0";"";"";"";"";"";"40";"20";"";"";"";"";"0";"";""
"Russia";"RUS";"FNL 2 - Group 2";"28-06-2026 04:00";"FT";"Yenisey II";"1";"6";"Baltika II";"0";"4";"";"";"";"";"12";"5";"56";"50";"";"58";"34";"66";"";"2.5";"2";"1.7";"1";"1.3";"1";"66";"75";"58";"92";"2.4";"9.7";"3.8";"8.9";"1.7";"1.5";"9";"60";"70";"67";"50";"";"";"0.5";"0.3";"0.5";"0.7";"1.5";"1";"0.8";"0.3";"1.2";"0.7";"";"50";"50";"3.3";"4.8";"4.7";"5";"9.1";"58";"50"
"Russia";"RUS";"FNL 2 - Group 2";"28-06-2026 07:00";"FT";"Kosmos Dolgoprudny";"2";"0";"Irkutsk";"2";"0";"";"";"";"";"11";"12";"6";"27";"";"24";"41";"92";"";"3";"2";"0.7";"1.2";"2.2";"2";"65";"75";"74";"74";"2.4";"17.6";"6.4";"9.2";"0.2";"0.8";"9";"28";"35";"67";"20";"";"";"0";"1";"0.5";"1.2";"1.6";"1.4";"1.7";"0.8";"0.7";"0.2";"";"0";"20";"5.8";"2.7";"4.5";"5.3";"9.1";"58";"42"
"Russia";"RUS";"FNL 2 - Group 2";"28-06-2026 08:00";"FT";"FK Dinamo St. Petersburg";"1";"1";"Torpedo Vladimir";"0";"1";"";"";"";"";"1";"6";"89";"39";"";"51";"27";"58";"";"1.8";"2";"1.5";"0.8";"0";"1.2";"25";"50";"25";"100";"2.4";"13.4";"3.7";"8.6";"2.7";"1.2";"9";"100";"63";"50";"67";"";"";"0.3";"0.7";"0";"0.2";"1.2";"0.6";"0";"1";"1.2";"0.2";"";"83";"33";"6.7";"4.5";"2.2";"4";"9.1";"75";"58"
"Russia";"RUS";"FNL 2 - Group 2";"28-06-2026 12:00";"NS";"Cherepovets";"";"";"Zvezda Sint Petersburg";"";"";"";"";"";"";"7";"11";"50";"29";"";"41";"31";"76";"";"2.4";"2";"1.2";"0.9";"1.2";"1.7";"45";"84";"60";"84";"2.4";"12.4";"3.8";"9.4";"1.5";"0.9";"10";"63";"46";"50";"71";"";"";"0.8";"0.4";"0.7";"0.6";"1.2";"1.2";"0.5";"1.1";"0.3";"0.4";"";"50";"14";"3.8";"4.1";"5";"5.7";"9.1";"73";"54"
"Russia";"RUS";"FNL 2 - Group 2";"28-06-2026 12:00";"NS";"Spartak Moskva II";"";"";"Luki-Energiya";"";"";"";"";"";"";"9";"3";"38";"60";"";"34";"41";"66";"";"2";"2";"1";"1.2";"1.1";"0.6";"66";"66";"32";"90";"2.4";"12.4";"3.4";"8";"1.1";"1.8";"9";"66";"84";"43";"60";"";"";"0.3";"0.4";"0.9";"0.6";"0.9";"1";"0.3";"0";"0.7";"0.8";"";"29";"40";"5.8";"3.4";"3.3";"3.4";"9.1";"62";"54"
"Russia";"RUS";"FNL 2 - Group 2";"28-06-2026 12:00";"NS";"Tver";"";"";"Murom";"";"";"";"";"";"";"12";"5";"33";"67";"";"51";"34";"58";"";"2.6";"2";"1.5";"1";"2.2";"0.5";"42";"58";"42";"75";"2.4";"14.1";"4.3";"9";"1";"2";"9";"28";"88";"50";"33";"";"";"0.7";"0.2";"1.2";"0.2";"1.5";"1";"1";"0.3";"0.8";"0.8";"";"33";"67";"3.5";"6";"4.7";"3.8";"9.1";"74";"36"
"Russia";"RUS";"FNL 2 - Group 2";"28-06-2026 13:00";"NS";"Chertanovo";"";"";"Dinamo Vologda";"";"";"";"";"";"";"2";"8";"67";"33";"";"61";"27";"66";"";"2.4";"2";"1.8";"0.8";"1";"1.2";"50";"75";"58";"84";"2.4";"14.8";"3.9";"7.9";"2";"1";"8";"70";"63";"67";"50";"";"";"1.2";"0.8";"0.3";"1";"0.8";"1.6";"0.7";"0.2";"0.7";"0";"";"67";"33";"3.2";"4.6";"4";"4";"9.1";"56";"46"
"Russia";"RUS";"FNL 2 - Group 3";"28-06-2026 08:00";"FT";"Arsenal Tula II";"0";"4";"Salyut Belgorod";"0";"1";"4.35";"1.85";"1.23";"1.31";"13";"9";"33";"38";"2";"44";"31";"70";"";"2.6";"3";"1.3";"0.9";"1.8";"1";"62";"70";"31";"92";"2.8";"12.7";"4";"8.2";"1";"1.1";"9";"42";"70";"17";"57";"";"";"0.7";"0.3";"1";"0.4";"1.3";"1.2";"0.8";"0.6";"0.7";"0.6";"";"17";"29";"3.5";"4.6";"4.7";"3.7";"9.5";"60";"45"
"Russia";"RUS";"FNL 2 - Group 4";"28-06-2026 05:00";"FT";"Ural 2";"0";"0";"Zenit Izhevsk";"0";"0";"";"";"";"";"7";"8";"38";"29";"";"68";"44";"100";"";"3.4";"4";"2";"1.3";"1.9";"1.7";"64";"100";"50";"57";"3.1";"14";"5.8";"9.1";"1.1";"0.9";"9";"38";"46";"43";"43";"";"";"1.1";"0.7";"1";"0.7";"1.6";"1.8";"0.9";"1";"0.9";"0.6";"";"29";"14";"4";"4.3";"6.4";"3.5";"8.5";"76";"76"
"Russia";"RUS";"FNL 2 - Group 4";"28-06-2026 07:00";"FT";"Dinamo Barnaul";"2";"0";"Rubin Kazan' II";"0";"0";"";"";"";"";"11";"9";"20";"29";"";"27";"24";"68";"";"2.3";"2";"0.8";"0.7";"1.4";"1.7";"52";"83";"24";"76";"3.1";"12.7";"3.8";"8.2";"0.6";"0.9";"8";"56";"46";"20";"29";"";"";"0.6";"0.4";"1";"0.9";"0.8";"1.5";"0.4";"0.9";"0.2";"0.3";"";"0";"14";"5";"4.3";"3.4";"3.9";"8.5";"68";"48"
"Russia";"RUS";"FNL 2 - Group 4";"28-06-2026 08:00";"FT";"Chelyabinsk II";"0";"3";"Khimik Dzerzhinsk";"0";"2";"";"";"";"";"10";"1";"43";"100";"";"31";"85";"70";"";"2.4";"3";"0.9";"2.5";"0.9";"0.7";"55";"78";"40";"76";"3.1";"13.4";"3.8";"8.4";"1.3";"3";"9";"74";"80";"57";"33";"";"";"0.6";"1";"0.3";"0.3";"1.4";"1.1";"0.6";"0.3";"0.3";"1.5";"";"29";"100";"3.4";"6";"5.1";"2.3";"8.5";"46";"38"
"Russia";"RUS";"FNL 2 - Group 4";"28-06-2026 09:00";"FT";"Akron II";"1";"1";"Orenburg II";"0";"0";"";"";"";"";"8";"7";"67";"33";"";"92";"27";"75";"";"3.4";"3";"2.7";"0.8";"1.3";"2";"42";"75";"75";"42";"3.1";"15.6";"6.4";"9";"2";"1";"9";"60";"35";"67";"67";"";"";"1.7";"0.3";"0.5";"1";"1.6";"1.8";"0.8";"1";"1";"0.5";"";"67";"17";"3.5";"4.7";"5";"4.8";"8.5";"66";"42"
"Russia";"RUS";"FNL 2 - Group 4";"28-06-2026 10:00";"INPLAY_2ND_HALF";"Nosta";"1";"1";"Krylya Sovetov Samara II";"0";"1";"";"";"";"";"12";"4";"11";"13";"";"24";"20";"64";"";"2";"2";"0.7";"0.6";"1.7";"1.2";"46";"82";"26";"84";"3.1";"13.5";"3.8";"10";"0.3";"0.4";"9";"46";"63";"33";"60";"";"";"0.5";"0.6";"0.7";"0.4";"1";"1.1";"1";"0.8";"0.2";"0";"";"0";"0";"4";"4";"7.7";"4.2";"8.5";"90";"54"
"Russia";"RUS";"FNL 2 - Group 4";"28-06-2026 10:30";"HT";"Pobeda Nizhny Novgorod";"1";"0";"KDV";"1";"0";"";"";"";"";"3";"2";"76";"62";"";"99";"48";"86";"";"3.4";"3";"2.9";"1.4";"1.4";"1.1";"57";"72";"72";"50";"3.1";"12.6";"4.4";"8.2";"2.3";"1.9";"8";"56";"66";"57";"57";"";"";"1.1";"0.4";"0.7";"0.6";"2";"1.4";"0.7";"0.6";"1.7";"1";"";"71";"57";"5";"5.7";"2.4";"3.1";"8.5";"57";"43"
"Sierra Leone";"SLE";"Premier League";"28-06-2026 13:30";"NS";"East End Lions";"";"";"Mighty Blackpool";"";"";"2.03";"3.71";"";"";"7";"12";"53";"47";"5";"51";"27";"50";"";"2";"2";"1.5";"0.8";"1.1";"0.6";"45";"55";"25";"80";"2";"17.4";"7";"8.1";"1.6";"1.4";"8";"66";"84";"50";"50";"";"";"0.4";"0.4";"0.2";"0.4";"1.3";"0.7";"0.9";"0.2";"1.1";"0.4";"";"40";"30";"5.1";"2.9";"4.1";"4.3";"7.7";"73";"60"
"Sierra Leone";"SLE";"Premier League";"28-06-2026 13:30";"NS";"Bo Rangers";"";"";"Diamond Stars";"";"";"1.67";"5.13";"";"";"1";"14";"83";"17";"1";"51";"17";"45";"";"2.1";"3";"1.5";"0.5";"0.6";"1.6";"25";"63";"35";"85";"2";"";"";"8.9";"2.5";"0.5";"9";"84";"49";"30";"40";"";"";"0.6";"0.1";"0.2";"0.6";"1.4";"0.7";"0.4";"1.2";"0.9";"0.4";"";"80";"10";"7.3";"4.2";"3.7";"2.7";"7.7";"75";"75"
"Sweden";"SWE";"Superettan";"28-06-2026 10:00";"INPLAY_2ND_HALF";"Norrköping";"0";"1";"Norrby";"0";"1";"1.43";"6.28";"1.15";"1.56";"3";"14";"67";"24";"1";"82";"37";"100";"";"3";"3";"2.4";"1.1";"0.8";"1.6";"63";"83";"42";"66";"3";"20.2";"8.6";"9.9";"2";"0.7";"10";"77";"49";"40";"43";"";"";"1.6";"0.6";"0.2";"0.7";"1.4";"1.6";"0.6";"0.9";"0.8";"0.6";"";"60";"0";"6.4";"4.4";"3.8";"5.1";"9.9";"93";"66"
"Sweden";"SWE";"Superettan";"28-06-2026 10:00";"INPLAY_2ND_HALF";"Landskrona";"0";"0";"Värnamo";"0";"0";"1.90";"3.60";"1.17";"1.48";"4";"15";"50";"14";"1";"51";"34";"84";"";"3.5";"3";"1.5";"1";"1.2";"3.3";"62";"84";"68";"48";"3";"22.7";"9.3";"9";"1.5";"0.4";"9";"63";"2";"50";"57";"";"";"1";"0.1";"0.7";"2.1";"1.5";"2";"0.5";"1.1";"0.5";"0.9";"";"33";"14";"4.3";"3.3";"4.7";"5.7";"9.9";"60";"54"
"Sweden";"SWE";"Superettan";"28-06-2026 12:00";"NS";"Sandviken";"";"";"Helsingborg";"";"";"2.09";"3.08";"1.17";"1.48";"10";"8";"52";"47";"5";"58";"54";"68";"";"3.4";"3";"1.7";"1.6";"1.4";"2.2";"68";"83";"68";"42";"3";"21.6";"9.6";"10.2";"1.6";"1.4";"10";"56";"28";"57";"60";"";"";"1.1";"0.8";"1";"0.4";"1.8";"1.6";"0.4";"1.8";"0.6";"0.8";"";"43";"40";"4.9";"4.8";"5.4";"5.4";"9.9";"90";"90"
"Sweden";"SWE";"Ettan: North";"28-06-2026 11:00";"INPLAY_1ST_HALF";"Umeå";"0";"1";"Järfälla";"0";"1";"1.67";"3.84";"1.09";"1.69";"9";"14";"44";"29";"1";"44";"48";"92";"";"3";"3";"1.3";"1.4";"1.3";"1.9";"68";"92";"54";"62";"3.1";"22.2";"8.8";"8.8";"1.3";"0.9";"10";"60";"38";"50";"43";"";"";"0.8";"1.1";"0.5";"0.9";"1.3";"1.6";"0.8";"1";"0.5";"0.3";"";"33";"14";"7.2";"2.6";"3.5";"4.4";"9.3";"56";"40"
"Sweden";"SWE";"Ettan: South";"28-06-2026 08:00";"FT";"Olympic";"2";"1";"Eskilsminne";"0";"0";"2.27";"2.51";"1.11";"1.68";"11";"9";"50";"33";"5";"68";"51";"92";"";"3.6";"4";"2";"1.5";"1.8";"2";"66";"92";"83";"42";"3.1";"20.8";"9.9";"10.2";"1.5";"1";"10";"42";"35";"67";"50";"";"";"1.2";"0.8";"1.2";"0.8";"1.6";"2";"0.7";"1.2";"0.8";"0.7";"";"50";"33";"4.8";"5.7";"5.7";"4.2";"9.7";"83";"67"
"Sweden";"SWE";"Division 2: Norrland";"28-06-2026 09:00";"FT";"Lucksta";"3";"0";"Gottne IF";"2";"0";"3.20";"1.83";"1.06";"1.94";"4";"2";"47";"80";"2";"61";"95";"90";"";"4.5";"4";"1.8";"2.8";"2.6";"1.8";"90";"100";"90";"30";"3.8";"";"";"";"1.4";"2.4";"";"14";"42";"60";"40";"";"";"1.2";"1.4";"0.8";"1.2";"2.2";"2.3";"1.8";"0.6";"0.6";"1.4";"";"40";"80";"2.5";"";"3.5";"";"10.4";"";""
"Sweden";"SWE";"Division 2: Sodra Gotaland";"28-06-2026 09:00";"FT";"Linero";"3";"1";"Karlshamn";"2";"0";"1.48";"4.80";"1.08";"1.80";"5";"14";"67";"22";"1";"75";"44";"92";"";"3.4";"3";"2.2";"1.3";"1.2";"2.2";"75";"83";"92";"58";"3.1";"19.2";"9.4";"11.3";"2";"0.7";"11";"63";"28";"33";"50";"";"";"1";"0.3";"0.2";"0.7";"2.4";"1.1";"1";"1.5";"1.2";"1";"";"67";"17";"3.5";"2";"6.8";"10.3";"10.5";"84";"84"
"Sweden";"SWE";"Division 2: Sodra Svealand";"28-06-2026 11:00";"INPLAY_1ST_HALF";"Örebro Syrianska";"1";"0";"Syrianska";"1";"0";"1.68";"3.91";"1.10";"1.68";"11";"13";"56";"22";"1";"34";"41";"75";"";"2.6";"3";"1";"1.2";"0.8";"2.2";"50";"58";"50";"75";"3.5";"17.1";"7";"9.6";"1.7";"0.7";"10";"77";"28";"67";"50";"";"";"0.5";"0.5";"0.2";"0.8";"1.6";"1";"0.7";"1.3";"0.5";"0.7";"";"50";"17";"4.6";"3.2";"4.2";"7.2";"9.4";"90";"68"
"Sweden";"SWE";"Division 2: Sodra Svealand";"28-06-2026 11:00";"INPLAY_1ST_HALF";"Rågsved";"1";"0";"Forward";"1";"0";"2.07";"2.85";"1.14";"1.59";"7";"3";"71";"62";"5";"71";"54";"78";"";"3";"4";"2.1";"1.6";"1.1";"1.1";"57";"78";"50";"72";"3.5";"23.2";"10.9";"9.8";"2.1";"1.9";"10";"66";"66";"43";"43";"";"";"1";"0.7";"0.4";"0.6";"1.6";"1.4";"0.7";"0.6";"1.1";"0.9";"";"71";"57";"4";"5.8";"3.7";"6.2";"9.4";"75";"66"
"Sweden";"SWE";"Division 2: Sodra Svealand";"28-06-2026 13:00";"NS";"Karlslund";"";"";"Fittja IF";"";"";"2.64";"2.19";"1.10";"1.72";"12";"8";"44";"17";"5";"27";"44";"66";"";"2.8";"3";"0.8";"1.3";"1";"2.5";"58";"66";"50";"66";"3.5";"18.1";"9";"9.1";"1.3";"0.5";"9";"70";"18";"50";"50";"";"";"0";"0.5";"0.5";"1";"1.8";"1";"0.5";"1.5";"0.8";"0.8";"";"33";"17";"5.2";"4.3";"4";"4.7";"9.4";"64";"64"
"Sweden";"SWE";"Division 2: Vastra Gotaland";"28-06-2026 08:00";"FT";"Jonsered";"1";"0";"Kongahälla";"0";"0";"1.64";"3.95";"1.10";"1.72";"6";"12";"61";"33";"1";"78";"44";"100";"";"3.9";"3";"2.3";"1.3";"2";"2.2";"75";"92";"83";"33";"3.2";"18.6";"9.8";"9.4";"1.8";"1";"9";"35";"28";"50";"67";"";"";"1.2";"1";"0.5";"1";"2.1";"1.8";"1.5";"1.2";"1.2";"0.3";"";"50";"17";"3.3";"3.4";"5.2";"7";"10";"65";"65"
"Syria";"SYR";"Premier League";"28-06-2026 11:00";"INPLAY_1ST_HALF";"Al Futuwa";"0";"0";"Khan Sheikhoun";"0";"0";"2.17";"2.81";"";"";"12";"14";"43";"13";"5";"58";"27";"75";"";"3.4";"3";"1.7";"0.8";"1.7";"2.5";"55";"70";"55";"60";"2.5";"";"";"";"1.3";"0.4";"";"46";"18";"40";"40";"";"";"0.8";"0.4";"0.6";"1";"2";"1.4";"1.1";"1.5";"0.9";"0.4";"";"40";"10";"";"";"";"";"9.1";"";""
"Syria";"SYR";"Premier League";"28-06-2026 11:00";"INPLAY_1ST_HALF";"Al Jaish";"0";"0";"Homs Al Fidaa";"0";"0";"8.75";"1.32";"";"";"8";"2";"60";"80";"2";"41";"51";"55";"";"1.9";"2";"1.2";"1.5";"0.7";"0.4";"45";"65";"40";"90";"2.5";"";"";"";"1.8";"2.4";"";"80";"100";"50";"60";"";"";"0.6";"0.7";"0.4";"0.3";"0.9";"1";"0.3";"0.1";"0.6";"0.8";"";"50";"70";"";"7.7";"";"2.7";"9.1";"";""
"Syria";"SYR";"Premier League";"28-06-2026 11:00";"INPLAY_1ST_HALF";"Hottin";"0";"0";"Damascus Al Ahli";"0";"0";"1.89";"3.48";"";"";"5";"9";"40";"43";"1";"27";"37";"75";"";"2.4";"2";"0.8";"1.1";"1.3";"1.7";"50";"65";"40";"80";"2.5";"";"";"";"1.2";"1.3";"";"60";"46";"30";"50";"";"";"0.3";"0.9";"0.7";"0.8";"1.1";"1.4";"0.6";"0.9";"0.5";"0.2";"";"30";"40";"";"";"";"";"9.1";"";""
"Syria";"SYR";"Premier League";"28-06-2026 11:00";"INPLAY_1ST_HALF";"Jabala";"0";"0";"Al-Ittihad Aleppo";"0";"0";"10.52";"1.18";"";"";"15";"1";"47";"67";"4";"34";"78";"80";"";"2.8";"3";"1";"2.3";"1";"1.2";"80";"70";"45";"80";"2.5";"";"";"";"1.4";"2";"";"70";"63";"60";"40";"";"";"0.4";"0.9";"0.5";"0.4";"1.6";"1.1";"0.5";"0.8";"0.6";"1.4";"";"40";"50";"";"";"";"";"9.1";"";""
"Syria";"SYR";"Premier League";"28-06-2026 11:00";"INPLAY_1ST_HALF";"Horriya";"0";"0";"Taliya";"0";"0";"2.48";"2.48";"";"";"10";"7";"37";"40";"5";"44";"37";"70";"";"2.7";"2";"1.3";"1.1";"1.7";"1.3";"45";"65";"50";"70";"2.5";"25";"4.8";"8.3";"1.1";"1.2";"9";"46";"60";"50";"50";"";"";"0.5";"0.6";"0.9";"0.5";"1.5";"1.2";"0.8";"0.8";"0.8";"0.5";"";"30";"30";"4.4";"6";"3.1";"3";"9.1";"72";"32"
"Syria";"SYR";"Premier League";"28-06-2026 11:00";"INPLAY_1ST_HALF";"Umayya";"0";"0";"Al Shorta";"0";"0";"2.27";"2.61";"";"";"13";"11";"33";"17";"5";"31";"20";"65";"";"2.7";"2";"0.9";"0.6";"1.3";"2.5";"35";"60";"45";"70";"2.5";"";"";"";"1";"0.5";"";"60";"18";"40";"40";"";"";"0.3";"0.2";"0.4";"1.1";"1.6";"1";"0.9";"1.4";"0.6";"0.4";"";"30";"10";"";"";"";"";"9.1";"";""
"Syria";"SYR";"Premier League";"28-06-2026 11:00";"INPLAY_1ST_HALF";"Al Karama";"0";"0";"Al Shouleh";"0";"0";"1.34";"7.65";"";"";"4";"16";"60";"13";"1";"61";"27";"70";"";"2.9";"3";"1.8";"0.8";"1.2";"2";"60";"75";"55";"70";"2.5";"";"";"";"1.8";"0.4";"";"63";"35";"50";"60";"";"";"0.9";"0.4";"0.5";"1.2";"1.4";"1.5";"0.7";"0.8";"0.9";"0.4";"";"50";"10";"";"";"";"";"9.1";"";""
"Tajikistan";"TJK";"Vysshaya Liga";"28-06-2026 11:00";"INPLAY_1ST_HALF";"Sardor Tursunzoda";"0";"0";"Istiqlol Dushanbe";"0";"0";"";"";"";"";"11";"2";"27";"67";"";"34";"41";"68";"";"2";"2";"1";"1.2";"1.2";"0.5";"35";"75";"32";"90";"2.4";"";"";"";"0.8";"2";"";"63";"88";"40";"75";"";"";"0.8";"0.8";"0.8";"0";"0.8";"1.2";"0.4";"0.5";"0.2";"0.5";"";"20";"50";"";"";"";"";"6.3";"";""
"Tajikistan";"TJK";"Vysshaya Liga";"28-06-2026 11:00";"INPLAY_1ST_HALF";"Ravshan";"0";"0";"Regar-TadAZ";"0";"0";"";"";"";"";"5";"3";"60";"89";"";"82";"51";"56";"";"2.8";"2";"2.4";"1.5";"1.4";"0.3";"56";"84";"56";"52";"2.4";"";"";"";"1.8";"2.7";"";"56";"100";"80";"33";"";"";"1";"0.7";"0.6";"0.3";"1.5";"1.3";"0.8";"0";"1.4";"0.8";"";"60";"83";"";"";"";"";"6.3";"";""
"Uruguay";"URU";"Primera División Amateur";"28-06-2026 10:00";"NS";"Los Gorriones";"";"";"Huracán Buceo";"";"";"";"";"";"";"5";"7";"44";"17";"";"24";"17";"42";"";"1.4";"2";"0.7";"0.5";"0.7";"1";"42";"42";"25";"100";"2.6";"";"";"";"1.3";"0.5";"";"80";"70";"33";"50";"";"";"0.3";"0";"0";"0.5";"1";"0.4";"0.7";"0.5";"0.3";"0.5";"";"33";"0";"";"6";"";"6.5";"10";"";""
"Uruguay";"URU";"Primera División Amateur";"28-06-2026 10:00";"NS";"Canadian";"";"";"Parque del Plata";"";"";"";"";"";"";"10";"6";"50";"50";"";"34";"51";"62";"";"3.4";"3";"1";"1.5";"3";"1.2";"62";"34";"62";"62";"2.6";"";"";"";"1.5";"1.5";"";"0";"63";"50";"75";"";"";"0";"1";"0";"0.3";"2.5";"0.5";"3";"1.3";"1";"1";"";"50";"50";"";"";"";"";"10";"";""
"Uruguay";"URU";"Primera División Amateur";"28-06-2026 15:00";"NS";"Sportivo Bella Italia";"";"";"Terremoto";"";"";"";"";"";"";"";"3";"";"33";"";"";"";"";"";"";"";"";"1";"";"1";"";"";"";"";"";"";"";"";"";"1";"";"";"";"";"100";"";"";"";"0";"";"0";"";"";"";"1";"";"1";"";"";"0";"";"";"";"";"";"";""
"Uruguay";"URU";"Primera División Amateur";"28-06-2026 15:00";"NS";"Lito";"";"";"LSM";"";"";"2.59";"2.58";"";"";"2";"3";"67";"44";"5";"17";"10";"16";"";"0.9";"2";"0.5";"0.3";"0";"1";"0";"0";"16";"100";"2.6";"25";"6.5";"9.5";"2";"1.3";"10";"100";"70";"50";"33";"";"";"0";"0";"0";"0";"0.9";"0";"0";"1";"0.5";"0.3";"";"50";"33";"4.5";"5";"4";"5.5";"10";"100";"75"
"Uruguay";"URU";"Primera División Amateur";"28-06-2026 15:00";"NS";"Alto Perú";"";"";"Deportivo Italiano";"";"";"";"";"";"";"9";"5";"0";"50";"";"10";"51";"42";"";"2";"2";"0.3";"1.5";"1.7";"0.5";"16";"58";"42";"84";"2.6";"";"";"";"0";"1.5";"";"46";"88";"33";"50";"";"";"0";"0";"0.7";"0.5";"1.4";"0.6";"1";"0";"0.3";"1.5";"";"0";"50";"";"";"";"";"10";"";""
"Uruguay";"URU";"Primera División Amateur";"28-06-2026 15:00";"NS";"Villa Española";"";"";"Salto";"";"";"";"";"";"";"9";"8";"67";"17";"";"34";"0";"25";"";"1";"2";"1";"0";"0.5";"0.5";"25";"50";"25";"100";"2.6";"";"";"";"2";"0.5";"";"88";"88";"50";"50";"";"";"0.5";"0";"0";"0.5";"0.5";"0.5";"0.5";"0";"0.5";"0";"";"50";"0";"4.5";"";"6.5";"";"10";"";""
"Uruguay";"URU";"Primera División Amateur";"28-06-2026 15:30";"NS";"Platense";"";"";"Artigas";"";"";"2.85";"2.37";"";"";"4";"5";"75";"11";"5";"61";"0";"54";"";"1.8";"2";"1.8";"0";"0.8";"1";"25";"16";"25";"88";"2.6";"";"";"";"2.2";"0.3";"";"77";"70";"50";"67";"";"";"0.7";"0";"0";"0";"1";"0.2";"1.7";"1";"1";"0";"";"75";"0";"";"";"";"";"10";"";""
"United States";"USA";"USL League Two";"28-06-2026 16:00";"NS";"Erie Sports Center";"";"";"Riverhounds II";"";"";"";"";"";"";"7";"3";"0";"33";"";"27";"61";"88";"";"4.2";"4";"0.8";"1.8";"3.8";"2.2";"75";"50";"88";"12";"3.6";"";"";"";"0";"1";"";"2";"28";"50";"75";"";"";"0";"1";"0.8";"1";"2.9";"1.4";"3";"1.2";"0.8";"0.8";"";"0";"25";"";"6";"";"2.5";"8.7";"";""
"United States";"USA";"USL League Two";"28-06-2026 17:00";"NS";"Philadelphia Lone Star";"";"";"Ocean City Nor'easters";"";"";"8.12";"1.21";"1.05";"2.01";"7";"1";"80";"100";"4";"100";"88";"90";"";"4.3";"4";"3.6";"2.6";"1.8";"0.6";"50";"80";"80";"30";"3.6";"22.4";"11.5";"10.8";"2.4";"3";"9";"42";"84";"20";"40";"";"";"0.4";"1.4";"0.8";"0.4";"2.8";"1.5";"1";"0.2";"3.2";"1.2";"";"80";"100";"4.7";"5.7";"5.7";"5.7";"8.7";"100";"100"
"United States";"USA";"USL League Two";"28-06-2026 17:00";"NS";"Seacoast United Phantoms";"";"";"Black Rock";"";"";"2.52";"2.20";"";"";"8";"5";"20";"47";"5";"34";"54";"90";"";"2.9";"4";"1";"1.6";"1.8";"1.4";"60";"80";"60";"70";"3.6";"25.1";"11.8";"8.6";"0.6";"1.4";"8";"42";"56";"40";"80";"";"";"0.2";"1";"1.4";"0.8";"1.2";"1.7";"0.4";"0.6";"0.8";"0.6";"";"20";"40";"4";"3.8";"4.5";"5";"8.7";"62";"50"
"United States";"USA";"USL League Two";"28-06-2026 18:00";"NS";"SF Glens";"";"";"San Francisco City";"";"";"";"";"";"";"4";"1";"50";"80";"";"34";"100";"65";"";"3.4";"4";"1";"3.4";"1";"1.4";"55";"78";"65";"60";"3.6";"";"";"";"1.5";"2.4";"";"70";"56";"50";"80";"";"";"0.5";"2.2";"0.8";"0.8";"1.3";"2.1";"0.2";"0.6";"0.5";"1.2";"";"50";"80";"4.8";"";"3.2";"";"8.7";"";""
"United States";"USA";"USL League Two";"28-06-2026 19:00";"NS";"Blackwatch Rush";"";"";"Boston";"";"";"";"";"";"";"4";"7";"56";"27";"";"44";"41";"84";"";"3.3";"4";"1.3";"1.2";"1.7";"2.4";"45";"56";"74";"54";"3.6";"";"";"";"1.7";"0.8";"";"46";"21";"67";"60";"";"";"0.5";"0.8";"0.7";"1.4";"1.6";"1.7";"1";"1";"0.8";"0.4";"";"50";"20";"";"4.7";"";"2.7";"8.7";"";""
"United States";"USA";"USL League Two";"28-06-2026 19:00";"NS";"Albion Colorado";"";"";"Colorado Storm";"";"";"";"";"";"";"3";"2";"58";"83";"";"85";"85";"88";"";"3.8";"4";"2.5";"2.5";"2";"0.5";"75";"88";"88";"25";"3.6";"";"";"";"1.8";"2.5";"";"35";"88";"50";"75";"";"";"1.5";"1.2";"1.2";"0.2";"1.6";"2.2";"0.8";"0.2";"1";"1.2";"";"50";"75";"";"";"";"";"8.7";"";""
"United States";"USA";"USL League Two";"28-06-2026 19:00";"NS";"Bangers";"";"";"Bigfoot";"";"";"1.17";"8.33";"";"";"3";"8";"80";"0";"3";"54";"14";"90";"";"3.6";"4";"1.6";"0.4";"1";"4.2";"50";"80";"80";"70";"3.6";"";"";"";"2.4";"0";"";"70";"2";"60";"40";"";"";"0.8";"0.2";"0.6";"2.6";"1.5";"2.1";"0.4";"1.6";"0.8";"0.2";"";"80";"0";"";"2.8";"";"7";"8.7";"";""
"United States";"USA";"USL League Two";"28-06-2026 19:00";"NS";"Weston";"";"";"Lakeland United";"";"";"2.75";"2.09";"";"";"4";"2";"44";"75";"5";"34";"75";"58";"";"2.8";"3";"1";"2.2";"1";"1.2";"42";"71";"42";"58";"3.6";"";"";"";"1.3";"2.2";"";"70";"63";"67";"50";"";"";"0.3";"0.5";"0.3";"0.8";"1.8";"1";"0.7";"0.5";"0.7";"1.8";"";"33";"75";"3";"";"3.3";"";"8.7";"";""
"United States";"USA";"USL League Two";"28-06-2026 20:00";"NS";"West Chester United II";"";"";"Lehigh Valley Utd. Sonic";"";"";"1.82";"3.14";"";"";"6";"2";"67";"75";"1";"54";"85";"80";"";"3.4";"4";"1.6";"2.5";"0.8";"2";"80";"80";"70";"42";"3.6";"";"";"";"2";"2.2";"";"77";"35";"40";"50";"";"";"0.8";"1";"0.6";"1";"1.8";"1.7";"0.2";"1";"0.8";"1.5";"";"60";"75";"4.8";"";"1.8";"";"8.7";"";""
"United States";"USA";"USL League Two";"28-06-2026 20:00";"NS";"Tacoma Stars";"";"";"West Seattle Junction";"";"";"2.32";"2.40";"";"";"4";"7";"58";"6";"5";"95";"44";"100";"";"4";"4";"2.8";"1.3";"1.5";"2.5";"88";"79";"88";"42";"3.6";"10.2";"5.4";"8.8";"1.8";"0.2";"9";"52";"18";"50";"67";"";"";"0.5";"0.3";"0.8";"1.7";"2.4";"1.6";"0.8";"0.8";"2.2";"1";"";"50";"0";"4.5";"5.8";"4.5";"2.8";"8.7";"68";"55"
"United States";"USA";"USL League Two";"28-06-2026 20:30";"NS";"Southern Soccer Academy";"";"";"Dothan United";"";"";"2.40";"2.36";"";"";"1";"2";"83";"78";"5";"100";"78";"100";"";"3.5";"4";"3.5";"2.3";"0.5";"0.7";"58";"84";"54";"46";"3.6";"";"";"";"2.5";"2.3";"";"88";"80";"75";"33";"";"";"1.8";"0.3";"0.2";"0.3";"2.2";"1.4";"0.2";"0.3";"1.8";"2";"";"75";"67";"6";"";"4.2";"";"8.7";"";""
"United States";"USA";"USL League Two";"28-06-2026 21:00";"NS";"Miami AC";"";"";"Brevard Fire";"";"";"1.95";"2.93";"";"";"3";"5";"27";"50";"1";"54";"75";"100";"";"4.2";"4";"1.6";"2.2";"2.4";"2.2";"68";"78";"78";"42";"3.6";"21";"9.2";"9";"0.8";"1.5";"9";"21";"28";"40";"75";"";"";"1.2";"0.2";"0.6";"1.8";"2.4";"1.9";"1.8";"0.5";"0.4";"2";"";"20";"50";"4.3";"3.7";"5";"5";"8.7";"67";"50"
"United States";"USA";"USL League Two";"28-06-2026 23:00";"NS";"Academica";"";"";"Marin";"";"";"";"";"";"";"7";"6";"17";"33";"";"75";"68";"100";"";"5";"4";"2.2";"2";"3";"2.8";"100";"88";"88";"25";"3.6";"";"";"";"0.5";"1";"";"0";"7";"50";"25";"";"";"1.2";"1";"1.8";"1";"2.5";"2.5";"1.2";"1.8";"1";"1";"";"0";"25";"";"3";"";"6.5";"8.7";"";""
"United States";"USA";"WPSL";"28-06-2026 13:00";"NS";"El Paso Surf W";"";"";"SC del Sol W";"";"";"";"";"";"";"4";"3";"17";"33";"";"0";"100";"75";"";"3.2";"3";"0";"3.3";"1.5";"1.7";"34";"";"75";"66";"3.9";"";"";"";"0.5";"1";"";"52";"46";"50";"67";"";"";"";"";"";"";"0.4";"0.2";"";"";"";"";"";"0";"33";"";"";"";"";"8.7";"";""
"United States";"USA";"WPSL";"28-06-2026 14:00";"NS";"STA W";"";"";"New York Dutch Lions W";"";"";"1.12";"11.18";"";"";"5";"7";"0";"11";"3";"34";"10";"84";"";"4.8";"4";"1";"0.3";"2.5";"5.7";"42";"";"58";"42";"3.9";"";"";"";"0";"0.3";"";"18";"2";"50";"67";"";"";"";"";"";"";"0.5";"0";"";"";"";"";"";"0";"0";"";"";"";"";"8.7";"";""
"United States";"USA";"WPSL";"28-06-2026 14:00";"NS";"New York Athletic W";"";"";"SUSA W";"";"";"";"";"";"";"1";"4";"100";"67";"";"100";"85";"100";"";"3.8";"4";"3";"2.5";"0";"2";"50";"";"66";"34";"3.9";"";"";"";"3";"2";"";"100";"35";"33";"50";"";"";"";"";"";"";"0.2";"0.6";"";"";"";"";"";"100";"50";"";"";"";"";"8.7";"";""
"United States";"USA";"WPSL";"28-06-2026 14:00";"NS";"Beadling W";"";"";"Rochester New York W";"";"";"";"";"";"";"2";"";"67";"";"";"";"";"";"";"";"";"2";"";"0.7";"";"";"";"";"";"";"";"";"";"2";"";"";"";"";"67";"";"";"";"";"";"";"";"";"";"";"";"";"";"";"67";"";"";"";"";"";"";"";""
"United States";"USA";"WPSL";"28-06-2026 14:00";"NS";"Florida Roots W";"";"";"Valdosta W";"";"";"";"";"";"";"2";"6";"50";"0";"";"34";"0";"88";"";"5.6";"4";"1";"0";"1.8";"8.5";"25";"";"88";"38";"3.9";"";"";"";"1.5";"0";"";"42";"2";"75";"25";"";"";"";"";"";"";"0";"0";"";"";"";"";"";"50";"0";"";"";"";"";"8.7";"";""
"United States";"USA";"WPSL";"28-06-2026 16:00";"NS";"Kensington W";"";"";"Fever W";"";"";"";"";"";"";"8";"7";"0";"33";"";"34";"68";"100";"";"4.4";"4";"1";"2";"2.5";"3.3";"100";"";"100";"42";"3.9";"";"";"";"0";"1";"";"18";"2";"50";"67";"";"";"";"";"";"";"0";"0";"";"";"";"";"";"0";"33";"";"";"";"";"8.7";"";""
"United States";"USA";"WPSL";"28-06-2026 16:00";"NS";"Erie W";"";"";"Niagara 1812 W";"";"";"";"";"";"";"5";"4";"0";"0";"";"17";"24";"100";"";"5";"5";"0.5";"0.7";"5.5";"3.3";"58";"";"100";"0";"3.9";"";"";"";"0";"0";"";"2";"2";"50";"100";"";"";"";"";"";"";"0.5";"0.2";"";"";"";"";"";"0";"0";"";"";"";"";"8.7";"";""
"United States";"USA";"WPSL";"28-06-2026 17:00";"NS";"Colorado Elevation W";"";"";"Glacier W";"";"";"";"";"";"";"4";"5";"44";"0";"";"44";"0";"84";"";"2.8";"3";"1.3";"0";"1.7";"2.7";"50";"";"67";"67";"3.9";"";"";"";"1.3";"0";"";"46";"10";"67";"67";"";"";"";"";"";"";"0";"0";"";"";"";"";"";"33";"0";"";"";"";"";"8.7";"";""
"United States";"USA";"WPSL";"28-06-2026 19:00";"NS";"Brooklyn City W";"";"";"Force New York W";"";"";"1.29";"6.21";"";"";"3";"6";"33";"0";"3";"78";"0";"100";"";"3.8";"4";"2.3";"0";"1.7";"3.7";"34";"";"67";"50";"3.9";"";"";"";"1";"0";"";"46";"2";"33";"67";"";"";"";"";"";"";"0.3";"0.8";"";"";"";"";"";"33";"0";"";"";"";"";"8.7";"";""
"United States";"USA";"WPSL";"28-06-2026 19:00";"NS";"Mankato W";"";"";"Minnesota Thunder W";"";"";"";"";"";"";"5";"1";"67";"67";"";"78";"92";"66";"";"3.2";"4";"2.3";"2.7";"0.3";"1";"34";"";"66";"50";"3.9";"";"";"";"2";"2";"";"100";"70";"33";"67";"";"";"";"0.7";"";"1";"1";"0.8";"";"0";"";"2";"";"67";"67";"";"5";"";"6.5";"8.7";"";""
"United States";"USA";"WPSL";"28-06-2026 20:00";"NS";"Chicago KICS W";"";"";"Milwaukee Torrent W";"";"";"";"";"";"";"5";"1";"33";"58";"";"92";"100";"100";"";"7";"5";"2.7";"6.2";"3";"2";"42";"";"100";"0";"3.9";"";"";"";"1";"1.8";"";"0";"35";"67";"25";"";"";"";"";"";"";"0.8";"0.6";"";"";"";"";"";"33";"50";"";"";"";"";"8.7";"";""
"United States";"USA";"WPSL";"28-06-2026 20:30";"NS";"SF Glens W";"";"";"San Francisco Nighthawks W";"";"";"";"";"";"";"5";"1";"44";"67";"";"92";"100";"100";"";"5.5";"4";"2.7";"3.3";"2.7";"2.3";"84";"";"84";"33";"3.9";"";"";"";"1.3";"2";"";"10";"25";"67";"67";"";"";"";"";"";"";"0";"0.4";"";"";"";"";"";"33";"67";"";"";"";"";"8.7";"";""
"United States";"USA";"WPSL";"28-06-2026 21:00";"NS";"Minnesota Dutch Lions W";"";"";"Salvo W";"";"";"22.50";"1.04";"";"";"8";"2";"0";"67";"4";"10";"58";"67";"";"2.5";"2";"0.3";"1.7";"2.7";"0.3";"16";"";"50";"84";"3.9";"";"";"";"0";"2";"";"10";"100";"67";"67";"";"";"";"";"";"";"0.2";"0.4";"";"";"";"";"";"0";"67";"";"";"";"";"8.7";"";""
"United States";"USA";"WPSL";"28-06-2026 21:00";"NS";"Texas Lone Star W";"";"";"Dallas W";"";"";"";"";"";"";"5";"2";"11";"67";"";"10";"100";"100";"";"3.9";"4";"0.3";"4";"3";"0.5";"42";"";"42";"58";"3.9";"";"";"";"0.3";"2";"";"0";"88";"33";"50";"";"";"";"";"";"";"0";"0";"";"";"";"";"";"0";"50";"";"";"";"";"8.7";"";""
"United States";"USA";"WPSL";"28-06-2026 21:00";"NS";"Prestige II W";"";"";"So Cal Union W";"";"";"";"";"";"";"";"3";"";"44";"";"";"";"";"";"";"";"";"1.3";"";"1.7";"";"";"";"";"";"";"";"";"";"1.3";"";"";"";"";"67";"";"";"";"1";"";"1.5";"";"";"";"1";"";"1";"";"";"33";"";"2.5";"";"2.5";"";"";""
"United States";"USA";"WPSL";"28-06-2026 23:00";"NS";"The Futbol Collective W";"";"";"Fresno Freeze W";"";"";"";"";"";"";"6";"7";"0";"0";"";"34";"24";"100";"";"5";"4";"1";"0.7";"3.7";"4.7";"67";"";"100";"16";"3.9";"";"";"";"0";"0";"";"2";"2";"33";"33";"";"";"";"";"";"";"0.6";"0.5";"";"";"";"";"";"0";"0";"";"";"";"";"8.7";"";""
"United States";"USA";"WPSL";"28-06-2026 23:00";"NS";"FC Premier Women W";"";"";"Beach W";"";"";"";"";"";"";"3";"4";"50";"50";"";"34";"68";"75";"";"3";"3";"1";"2";"2";"1";"50";"";"75";"75";"3.9";"";"";"";"1.5";"1.5";"";"35";"70";"100";"50";"";"";"";"";"";"";"0";"0";"";"";"";"";"";"50";"50";"";"";"";"";"8.7";"";""
"United States";"USA";"MLS Next Pro";"28-06-2026 16:00";"NS";"Toronto II";"";"";"New England II";"";"";"3.29";"1.91";"1.16";"1.48";"10";"5";"62";"53";"2";"65";"34";"63";"";"2.7";"2";"1.9";"1";"1.7";"0.8";"63";"56";"63";"76";"3.2";"23.4";"9";"11";"1.9";"1.6";"10";"46";"77";"29";"40";"";"";"1";"0.4";"0.6";"0.4";"1.5";"1.2";"1.1";"0.4";"0.9";"0.6";"";"57";"40";"3.7";"5.8";"6";"6.6";"9.7";"93";"86"
"United States";"USA";"MLS Next Pro";"28-06-2026 19:00";"NS";"FC Cincinnati II";"";"";"Inter Miami II";"";"";"1.75";"3.68";"1.15";"1.52";"15";"16";"43";"10";"1";"48";"37";"78";"";"3.4";"3";"1.4";"1.1";"1.3";"3";"57";"78";"72";"50";"3.2";"27.1";"10.1";"10.1";"1.3";"0.3";"10";"60";"0";"57";"29";"";"";"0.3";"0.7";"0.7";"1.1";"2";"1.4";"0.6";"1.9";"1.1";"0.4";"";"43";"0";"5";"4";"4.9";"6.3";"9.7";"86";"78"
"United States";"USA";"MLS Next Pro";"28-06-2026 19:00";"NS";"Carolina Core";"";"";"Huntsville City";"";"";"2.35";"2.49";"1.16";"1.48";"14";"13";"43";"43";"5";"54";"65";"100";"";"3.8";"4";"1.6";"1.9";"1.4";"2.9";"78";"93";"72";"50";"3.2";"26.9";"10.4";"11.8";"1.3";"1.3";"11";"56";"4";"57";"43";"";"";"0.6";"0.9";"0.9";"1.9";"1.8";"2";"0.6";"1";"1";"1";"";"29";"43";"6";"5.6";"6.7";"5.3";"9.7";"86";"78"
"United States";"USA";"MLS Next Pro";"28-06-2026 20:00";"NS";"St. Louis City II";"";"";"Austin II";"";"";"2.38";"2.53";"1.18";"1.40";"4";"1";"67";"89";"5";"78";"68";"92";"";"3";"3";"2.3";"2";"1.3";"0.3";"45";"76";"60";"63";"3.2";"27.7";"10.9";"10.4";"2";"2.7";"10";"60";"100";"57";"33";"";"";"1";"1.2";"0.4";"0.3";"1.5";"1.4";"0.9";"0";"1.3";"0.8";"";"57";"83";"8.9";"4.2";"2.4";"5.3";"9.7";"76";"68"
"United States";"USA";"MLS Next Pro";"28-06-2026 20:00";"NS";"Orlando City II";"";"";"Columbus Crew II";"";"";"2.37";"2.36";"1.08";"1.78";"4";"2";"56";"42";"5";"92";"51";"94";"";"4.2";"4";"2.7";"1.5";"2.1";"2";"88";"82";"81";"36";"3.2";"29.4";"12.2";"10.6";"1.7";"1.2";"10";"32";"35";"44";"50";"";"";"1.1";"0.8";"1.2";"1.5";"1.8";"2.2";"0.9";"0.5";"1.6";"0.8";"";"44";"38";"6.7";"4.1";"5.7";"4.9";"9.7";"81";"64"
"United States";"USA";"MLS Next Pro";"28-06-2026 20:00";"NS";"New York RB II";"";"";"Philadelphia Union II";"";"";"1.68";"3.78";"1.08";"1.77";"3";"11";"67";"39";"1";"99";"34";"84";"";"3.2";"3";"2.9";"1";"1.4";"1.2";"71";"71";"69";"62";"3.2";"25.7";"9.8";"7.2";"2";"1.2";"9";"56";"63";"50";"50";"";"";"1.2";"0.2";"0.6";"0.7";"1.8";"1.4";"0.8";"0.5";"1.6";"0.8";"";"62";"33";"4.1";"3.5";"3";"3.8";"9.7";"36";"28"
"United States";"USA";"MLS Next Pro";"28-06-2026 21:00";"NS";"Minnesota United II";"";"";"Tacoma Defiance";"";"";"1.90";"3.19";"1.10";"1.64";"7";"10";"58";"22";"1";"61";"27";"79";"";"3";"3";"1.8";"0.8";"1.4";"2";"42";"62";"52";"64";"3.2";"24.4";"9.3";"10.1";"1.8";"0.7";"10";"56";"35";"38";"67";"";"";"0.9";"0.2";"0.9";"0.7";"1.7";"1.3";"0.5";"1.3";"0.9";"0.7";"";"50";"17";"5.5";"4.8";"3.5";"6.3";"9.7";"72";"60"
"United States";"USA";"MLS Next Pro";"28-06-2026 23:00";"NS";"Los Angeles FC 2";"";"";"Houston Dynamo FC II";"";"";"2.68";"2.15";"1.11";"1.68";"8";"2";"76";"63";"5";"58";"65";"80";"";"2.8";"4";"1.7";"1.9";"1";"1.1";"74";"76";"62";"69";"3.2";"27.6";"10.4";"9.8";"2.3";"1.9";"10";"70";"66";"57";"67";"";"";"0.7";"0.8";"0.9";"0.2";"1.6";"1.3";"0.1";"0.9";"1";"1.1";"";"71";"56";"4.9";"4.2";"4.7";"5.8";"9.7";"74";"56"
"United States";"USA";"USL W League";"28-06-2026 16:00";"NS";"Tacoma Galaxy W";"";"";"West Seattle Rhodies W";"";"";"9.29";"1.23";"";"";"7";"3";"13";"60";"4";"34";"68";"80";"";"3.3";"3";"1";"2";"2.2";"1.4";"40";"90";"80";"50";"3.6";"";"";"";"0.4";"1.8";"";"28";"56";"60";"40";"";"";"0.8";"1.2";"1.6";"1.4";"0.8";"2.5";"0.6";"0";"0.2";"0.8";"";"0";"60";"3.3";"";"4.7";"";"8";"";""
"United States";"USA";"USL W League";"28-06-2026 16:00";"NS";"Edgewater Castle W";"";"";"Sioux Falls City W";"";"";"2.50";"2.31";"";"";"3";"4";"80";"47";"5";"41";"41";"70";"";"2.2";"3";"1.2";"1.2";"0.6";"1.4";"30";"88";"30";"80";"3.6";"27.2";"12.8";"8.8";"2.4";"1.4";"8";"84";"56";"60";"40";"";"";"0.5";"0.8";"0.2";"1.4";"0.7";"1.4";"0.8";"0";"0.8";"0.4";"";"80";"40";"5.8";"5.8";"3";"3";"8";"75";"38"
"United States";"USA";"USL W League";"28-06-2026 16:00";"NS";"Ann Arbor W";"";"";"Kalamazoo FC W";"";"";"";"";"";"";"4";"5";"0";"8";"";"34";"17";"62";"";"2.9";"3";"1";"0.5";"3";"1.2";"62";"66";"50";"75";"3.6";"";"";"";"0";"0.2";"";"0";"63";"50";"50";"";"";"1";"0";"1.5";"0.7";"1.2";"0.8";"3";"1";"2.5";"0.7";"";"0";"0";"";"";"";"";"8";"";""
"United States";"USA";"USL W League";"28-06-2026 16:00";"NS";"Manhattan W";"";"";"Cedar Stars W";"";"";"";"";"";"";"6";"4";"0";"25";"";"27";"100";"100";"";"6.4";"5";"0.8";"3.2";"4.5";"4.2";"88";"75";"100";"25";"3.6";"";"";"";"0";"0.8";"";"2";"2";"50";"50";"";"";"0";"1";"1.8";"1.8";"4.2";"2.3";"2.8";"2.5";"0.8";"2.2";"";"0";"25";"4";"";"7.5";"";"8";"";""
"United States";"USA";"USL W League";"28-06-2026 16:00";"NS";"Long Island Rough Riders W";"";"";"Paisley Athletic W";"";"";"1.26";"7.55";"";"";"1";"3";"100";"58";"3";"100";"100";"100";"";"6.2";"4";"6";"3";"0.8";"2.5";"75";"88";"100";"12";"3.6";"";"";"";"3";"1.8";"";"77";"18";"75";"50";"";"";"2.5";"0.8";"0.5";"1.2";"3.6";"2.5";"0.2";"1.2";"3.5";"2.2";"";"100";"50";"";"";"";"";"8";"";""
"United States";"USA";"USL W League";"28-06-2026 18:00";"NS";"Salmon Bay W";"";"";"Snohomish United W";"";"";"2.29";"2.45";"";"";"2";"";"87";"";"";"";"";"";"";"";"";"3.6";"";"0.8";"";"";"";"";"";"";"";"";"";"2.6";"";"";"";"";"20";"";"";"";"2";"";"0";"";"";"";"1";"";"2.5";"";"";"80";"";"6.5";"";"2.5";"";"";"";""
"United States";"USA";"USL W League";"28-06-2026 19:00";"NS";"Miami AC W";"";"";"Brooke House W";"";"";"";"";"";"";"7";"5";"0";"58";"";"10";"41";"88";"";"3.2";"3";"0.3";"1.2";"4";"0.8";"42";"84";"58";"66";"3.6";"";"";"6.2";"0";"1.8";"7";"2";"77";"33";"75";"";"";"0";"0.3";"2";"0.3";"1.1";"0.9";"1.5";"0.7";"3";"1.3";"";"0";"50";"0.5";"3";"6";"3";"8";"0";"0"
"United States";"USA";"USL W League";"28-06-2026 19:00";"NS";"RKC W";"";"";"Minnesota Aurora W";"";"";"25.62";"1.05";"";"";"7";"1";"53";"100";"4";"61";"61";"60";"";"2.2";"2";"1.8";"1.8";"0.8";"0";"20";"60";"30";"80";"3.6";"";"";"4.8";"1.6";"3";"5";"77";"100";"40";"60";"";"";"0.2";"1";"0.4";"0";"1.4";"0.8";"0.4";"0";"1.6";"0.8";"";"40";"100";"1";"3.5";"4.5";"0.5";"8";"25";"0"
"United States";"USA";"USL W League";"28-06-2026 19:00";"NS";"Northern Virginia FC W";"";"";"Patuxent W";"";"";"";"";"";"";"4";"5";"33";"0";"";"34";"7";"88";"";"4.3";"4";"1";"0.2";"1.8";"5.5";"38";"88";"62";"50";"3.6";"";"";"";"1";"0";"";"42";"2";"50";"25";"";"";"0.8";"0.3";"1";"4.3";"1.1";"2.6";"0.8";"3";"0.2";"0";"";"25";"0";"2.5";"";"3";"";"8";"";""
"United States";"USA";"USL W League";"28-06-2026 19:30";"NS";"Asheville City W";"";"";"Birmingham Legion W";"";"";"";"";"";"";"1";"2";"78";"58";"";"92";"34";"58";"";"2.4";"3";"2.7";"1";"0";"1.2";"12";"62";"58";"54";"3.6";"";"";"";"2.3";"1.8";"";"100";"63";"67";"50";"";"";"1.5";"1";"0";"0.8";"0.4";"1.4";"2";"0.5";"0.5";"0";"";"67";"50";"";"";"";"";"8";"";""
"United States";"USA";"USL W League";"28-06-2026 20:00";"NS";"Lancaster Inferno W";"";"";"Eagle FC W";"";"";"";"";"";"";"2";"1";"75";"75";"";"61";"100";"75";"";"3.7";"4";"1.8";"4.5";"0.5";"0.8";"38";"75";"62";"62";"3.6";"";"";"";"2.2";"2.2";"";"88";"77";"50";"50";"";"";"0.5";"2.5";"0";"0.5";"0.4";"0.8";"3.5";"1";"0.5";"6.5";"";"75";"75";"";"7";"";"2.5";"8";"";""
"United States";"USA";"USL W League";"28-06-2026 20:00";"NS";"Hartford Athletic W";"";"";"AC Connecticut W";"";"";"";"";"";"";"3";"5";"83";"0";"";"95";"0";"88";"";"4.7";"4";"2.8";"0";"0.5";"6.2";"25";"75";"88";"50";"3.6";"";"";"";"2.5";"0";"";"88";"2";"25";"50";"";"";"0.5";"0";"0.2";"2.8";"3";"1.8";"0.2";"3.5";"2.2";"0";"";"75";"0";"";"";"";"";"8";"";""
"United States";"USA";"USL W League";"28-06-2026 21:00";"NS";"Lonestar San Antonio W";"";"";"AHFC Royals W";"";"";"";"";"";"";"4";"1";"33";"58";"";"92";"51";"75";"";"3.5";"4";"2.7";"1.5";"2.3";"0.5";"46";"62";"75";"54";"3.6";"";"";"";"1";"1.8";"";"25";"88";"67";"50";"";"";"0.5";"0.2";"2";"0";"1.4";"1";"4";"0.5";"1";"1.2";"";"33";"50";"";"";"";"";"8";"";""
"United States";"USA";"USL W League";"28-06-2026 22:00";"NS";"Albion Colorado W";"";"";"Colorado Storm W";"";"";"";"";"";"";"4";"2";"33";"75";"";"34";"100";"100";"";"5";"4";"1";"4.8";"3.2";"1";"62";"100";"75";"50";"3.6";"";"";"";"1";"2.2";"";"2";"70";"50";"50";"";"";"0.3";"2.8";"1.7";"0.8";"2.1";"2.5";"3";"0.2";"0.7";"2";"";"25";"75";"";"";"";"";"8";"";""
"United States";"USA";"USL W League";"28-06-2026 22:00";"CANCELLED";"SoCal Reds W";"";"";"Capo W";"";"";"";"";"";"";"";"1";"";"83";"";"";"";"";"";"";"";"";"3";"";"0.5";"";"";"";"";"";"";"";"";"";"2.5";"";"";"";"";"75";"";"";"";"1.5";"";"0";"";"";"";"1";"";"4.5";"";"";"75";"";"";"";"";"";"";""
"United States";"USA";"USL W League";"28-06-2026 23:00";"NS";"Portland Cherry Bombs";"";"";"Bigfoot W";"";"";"";"";"";"";"6";"5";"20";"20";"";"20";"27";"80";"";"3.9";"4";"0.6";"0.8";"2.2";"4.2";"40";"88";"70";"50";"3.6";"";"";"";"0.6";"0.6";"";"28";"2";"60";"40";"";"";"0.2";"0.2";"1.5";"2.2";"1.9";"1.9";"1.5";"2";"0.2";"0.6";"";"20";"20";"3";"";"6";"";"8";"";""
"United States";"USA";"UWS";"28-06-2026 13:00";"NS";"Michigan Stars W";"";"";"Midwest United W";"";"";"";"";"";"";"8";"4";"33";"100";"";"51";"100";"100";"";"3.5";"4";"1.5";"3.5";"1.5";"0.5";"75";"";"75";"50";"4.6";"";"";"";"1";"3";"";"52";"88";"50";"50";"";"";"";"";"";"";"0";"0";"";"";"";"";"";"0";"100";"";"";"";"";"0";"";""
"United States";"USA";"UWS";"28-06-2026 15:00";"NS";"Pinnacle W";"";"";"Michigan Legends W";"";"";"";"";"";"";"11";"";"25";"";"";"";"";"";"";"";"";"0.8";"";"2.8";"";"";"";"";"";"";"";"";"";"0.8";"";"";"";"";"50";"";"";"";"";"";"";"";"";"";"";"";"";"";"";"25";"";"";"";"";"";"";"";""
"United States";"USA";"UWS";"28-06-2026 18:00";"NS";"Baltimore Blast W";"";"";"Racing Power W";"";"";"";"";"";"";"";"1";"";"100";"";"";"";"";"";"";"";"";"4.3";"";"1";"";"";"";"";"";"";"";"";"";"3";"";"";"";"";"33";"";"";"";"";"";"";"";"";"";"";"";"";"";"";"100";"";"";"";"";"";"";""
"United States";"USA";"UWS";"28-06-2026 20:00";"NS";"Midland Fusion W";"";"";"Pontiac W";"";"";"";"";"";"";"10";"5";"0";"67";"";"0";"34";"75";"";"2.2";"3";"0";"1";"3";"0.5";"25";"";"25";"75";"4.6";"";"";"";"0";"2";"";"0";"88";"50";"50";"";"";"";"";"";"";"0";"0";"";"";"";"";"";"0";"50";"";"";"";"";"0";"";""
"United States";"USA";"UWS";"28-06-2026 20:00";"NS";"Grand Rapids W";"";"";"Michigan Jaguars W";"";"";"";"";"";"";"";"2";"";"83";"";"";"";"";"";"";"";"";"4.2";"";"1";"";"";"";"";"";"";"";"";"";"2.5";"";"";"";"";"25";"";"";"";"";"";"";"";"";"";"";"";"";"";"";"75";"";"";"";"";"";"";""
"United States";"USA";"UWS";"28-06-2026 20:00";"NS";"Michigan Jaguars II W";"";"";"Troy City W";"";"";"";"";"";"";"7";"12";"0";"33";"";"51";"58";"100";"";"5.6";"5";"1.5";"1.7";"6";"2";"100";"";"100";"34";"4.6";"";"";"";"0";"1";"";"2";"35";"50";"33";"";"";"";"";"";"";"0";"0";"";"";"";"";"";"0";"33";"";"";"";"";"0";"";""
"United States";"USA";"UWS";"28-06-2026 20:00";"NS";"Baltimore Warriors W";"";"";"Lancaster W";"";"";"";"";"";"";"3";"";"0";"";"";"";"";"";"";"";"";"1";"";"3.5";"";"";"";"";"";"";"";"";"";"0";"";"";"";"";"50";"";"";"";"";"";"";"";"";"";"";"";"";"";"";"0";"";"";"";"";"";"";"";""
"United States";"USA";"UWS";"28-06-2026 23:00";"NS";"Los Angeles SC W";"";"";"San Fernando Valley W";"";"";"";"";"";"";"4";"5";"33";"0";"";"34";"24";"100";"";"6";"5";"1";"0.7";"6";"4.3";"50";"";"100";"33";"4.6";"";"";"";"1";"0";"";"2";"2";"33";"67";"";"";"";"";"";"";"0";"0";"";"";"";"";"";"33";"0";"";"";"";"";"0";"";""
"Yemen";"YEM";"Yemeni League";"28-06-2026 10:00";"INPLAY_2ND_HALF";"Wahda Sana’a FC";"0";"0";"Shaab Hadramout FC";"0";"0";"";"";"";"";"6";"2";"100";"100";"";"68";"58";"84";"";"1.8";"2";"2";"1.7";"0";"0";"0";"58";"0";"100";"1.9";"";"";"";"3";"3";"";"100";"100";"100";"67";"";"";"0.5";"0.7";"0";"0";"1.2";"0.6";"0";"0";"1.5";"1";"";"100";"100";"";"";"";"";"0";"";""
"Zimbabwe";"ZIM";"Premier Soccer League";"28-06-2026 10:00";"INPLAY_2ND_HALF";"Dynamos";"0";"0";"Bulawayo Chiefs";"0";"0";"1.87";"4.29";"";"";"6";"13";"59";"33";"1";"58";"37";"72";"";"2.7";"3";"1.7";"1.1";"0.9";"1.6";"62";"67";"56";"72";"1.8";"20.4";"5.5";"6.7";"1.8";"1";"7";"74";"49";"67";"44";"";"";"0.7";"0.3";"0.4";"0.8";"1.5";"1.1";"0.4";"0.8";"1";"0.8";"";"44";"22";"2.6";"2";"4.6";"4.3";"7.3";"33";"28"
"Zimbabwe";"ZIM";"Premier Soccer League";"28-06-2026 10:00";"INPLAY_2ND_HALF";"AGAMA";"0";"0";"Herentals";"0";"0";"4.55";"1.78";"";"";"16";"5";"22";"56";"2";"24";"31";"44";"";"1.7";"2";"0.7";"0.9";"1";"0.8";"44";"67";"33";"84";"1.8";"";"";"";"0.7";"1.7";"";"70";"77";"56";"33";"";"";"0.3";"0.6";"0.7";"0.7";"0.6";"1.1";"0.3";"0.1";"0.3";"0.3";"";"0";"44";"";"5";"";"3.3";"7.3";"";""
"Argentina";"ARG";"Primera Division Women";"28-06-2026 15:00";"NS";"Unión W";"";"";"Ferro Carril Oeste W";"";"";"7.23";"1.38";"";"";"16";"11";"17";"20";"2";"17";"0";"22";"";"1";"1";"0.5";"0";"1";"0.6";"12";"48";"12";"88";"2.2";"16.2";"6.5";"9";"0.5";"0.6";"8";"70";"84";"25";"40";"";"";"0.5";"0";"0.8";"0.2";"0.3";"0.7";"0.2";"0.4";"0";"0";"";"0";"0";"5";"2.8";"6";"4.2";"7.9";"70";"58"
"Argentina";"ARG";"Primera Division Women";"28-06-2026 18:00";"NS";"San Luis W";"";"";"Boca Juniors W";"";"";"5.06";"1.63";"";"";"10";"8";"50";"67";"2";"61";"41";"80";"";"2.4";"2";"1.8";"1.2";"1";"0.8";"68";"78";"45";"88";"2.2";"17.5";"8.7";"6.8";"1.5";"2";"8";"70";"77";"50";"60";"";"";"0.5";"0.8";"0.2";"0.2";"1.5";"0.9";"0.8";"0.6";"1.2";"0.4";"";"25";"60";"5.2";"4.2";"1.2";"2.8";"7.9";"45";"32"
"Australia";"AUS";"Western Australia NPL Women";"28-06-2026 04:00";"FT";"Perth W";"2";"1";"Fremantle City W";"2";"0";"1.79";"3.45";"";"";"1";"2";"71";"78";"1";"71";"92";"77";"";"3.2";"3";"2.1";"2.7";"0.1";"1.3";"40";"62";"63";"68";"3.1";"23.2";"10.3";"8";"2.1";"2.3";"8";"100";"60";"43";"50";"";"";"1.3";"1.3";"0";"0.7";"1.5";"1.6";"0.1";"0.7";"0.9";"1.3";"";"57";"67";"5";"4.3";"3.3";"3.3";"9.1";"76";"32"
"Australia";"AUS";"Western Australia NPL Women";"28-06-2026 04:00";"FT";"Perth RedStar W";"2";"2";"Sorrento W";"1";"1";"1.07";"16.94";"";"";"4";"7";"60";"33";"3";"75";"44";"90";"";"4.2";"3";"2.2";"1.3";"1.4";"3.3";"64";"80";"90";"36";"3.1";"20.2";"10.6";"11.3";"1.8";"1";"10";"56";"2";"60";"33";"";"";"0.8";"0.5";"0";"2";"2.5";"1.6";"1.4";"1.3";"1.4";"0.8";"";"60";"33";"8.2";"2.7";"3.2";"8.5";"9.1";"92";"84"
"Australia";"AUS";"Western Australia NPL Women";"28-06-2026 04:45";"FT";"Subiaco W";"0";"3";"Balcatta W";"0";"0";"6.00";"1.35";"";"";"6";"3";"27";"67";"2";"34";"41";"65";"";"2.2";"3";"1";"1.2";"1.8";"0.2";"32";"52";"52";"90";"3.1";"20.6";"9.8";"8.3";"0.8";"2";"9";"42";"100";"80";"50";"";"";"0.4";"0";"0.6";"0.2";"1.5";"0.6";"1.2";"0";"0.6";"1.2";"";"20";"50";"4.6";"6.5";"2.8";"2.8";"9.1";"80";"55"
"Australia";"AUS";"Capital Territory NPL Women";"28-06-2026 01:00";"FT";"Woden Weston W";"1";"8";"Canberra W";"1";"3";"";"";"";"";"4";"2";"67";"80";"";"24";"100";"66";"";"3.6";"4";"0.7";"3.6";"2.3";"0.6";"10";"90";"56";"54";"4.6";"14.8";"8.5";"7.4";"2";"2.4";"9";"25";"84";"33";"40";"";"";"0.7";"1.8";"1.3";"0.4";"1.5";"2.1";"1";"0.2";"0";"1.8";"";"67";"80";"3.3";"7.2";"2.7";"1.6";"9.4";"26";"26"
"Australia";"AUS";"Capital Territory NPL Women";"28-06-2026 02:00";"FT";"Belconnen United W";"10";"0";"Majura W";"6";"0";"1.05";"36.00";"";"";"1";"6";"100";"7";"3";"100";"7";"80";"";"4.4";"3";"5.2";"0.2";"0.5";"2.8";"26";"80";"62";"56";"4.6";"20.8";"11.8";"10.6";"3";"0.2";"9";"88";"7";"50";"40";"";"";"3.7";"0";"0";"1.6";"1.7";"2.7";"0.5";"1.2";"1.5";"0.2";"";"100";"0";"10.3";"0.4";"0.8";"9.6";"9.4";"74";"74"
"Australia";"AUS";"New South Wales NPL Women";"28-06-2026 01:50";"FT";"Bulls Academy W";"1";"0";"University of NSW W";"0";"0";"2.01";"2.89";"";"";"2";"1";"75";"92";"5";"95";"99";"88";"";"4";"4";"2.8";"2.9";"1.4";"0.9";"68";"82";"69";"50";"3.4";"21.8";"9.1";"8";"2.2";"2.8";"9";"56";"74";"25";"38";"";"";"1.1";"1.4";"0.6";"0.4";"2.2";"1.8";"0.8";"0.5";"1.6";"1.5";"";"62";"88";"4.2";"6";"3.5";"2.2";"8.6";"50";"44"
"Australia";"AUS";"New South Wales NPL Women";"28-06-2026 02:00";"FT";"Illawarra Stingrays W";"3";"0";"Gladesville Ravens W";"1";"0";"3.21";"1.92";"";"";"13";"9";"10";"29";"2";"10";"51";"60";"";"2.6";"3";"0.3";"1.5";"1.6";"1.8";"46";"72";"40";"68";"3.4";"21";"9.6";"9.3";"0.3";"0.9";"9";"49";"42";"57";"50";"";"";"0.3";"0.9";"0.7";"0.8";"1.2";"1.3";"0.9";"1";"0";"0.6";"";"0";"25";"4.7";"3.8";"5";"5.1";"8.6";"54";"41"
"Australia";"AUS";"New South Wales NPL Women";"28-06-2026 02:00";"DELAYED";"Macarthur Rams W";"0";"0";"Western Sydney II W";"0";"0";"2.98";"2.01";"";"";"10";"3";"54";"71";"5";"61";"61";"88";"";"3.2";"4";"1.8";"1.8";"1.8";"1";"56";"88";"62";"62";"3.4";"20.5";"11.2";"7.6";"1.6";"2.1";"8";"42";"70";"50";"50";"";"";"0.6";"1";"1";"0.4";"1.6";"1.5";"0.8";"0.6";"1.1";"0.8";"";"50";"62";"5.5";"3";"3.8";"3";"8.6";"50";"25"
"Australia";"AUS";"New South Wales NPL Women";"28-06-2026 04:00";"FT";"Sydney University W";"5";"2";"Mt Druitt Town W";"2";"0";"";"";"";"";"5";"14";"48";"5";"";"71";"14";"100";"";"4.2";"4";"2.1";"0.4";"2.3";"3.4";"50";"93";"86";"36";"3.4";"24";"13.2";"8.1";"1.4";"0.1";"8";"25";"2";"43";"71";"";"";"1";"0.3";"0.7";"1.6";"2.4";"1.8";"1.6";"1.9";"1.1";"0.1";"";"43";"0";"3.6";"3.4";"4.6";"4.7";"8.6";"57";"43"
"Australia";"AUS";"New South Wales NPL Women";"28-06-2026 04:00";"FT";"Manly United W";"1";"2";"APIA Leichhardt W";"1";"0";"3.92";"1.63";"";"";"7";"4";"54";"62";"2";"65";"99";"100";"";"3.6";"4";"1.9";"2.9";"1";"1.5";"75";"82";"75";"44";"3.4";"19.1";"9.9";"8.9";"1.6";"1.9";"9";"70";"52";"50";"62";"";"";"0.5";"1.2";"0.5";"0.6";"2.2";"1.4";"0.5";"0.9";"1.4";"1.6";"";"38";"62";"5";"5.4";"5.2";"2.2";"8.6";"68";"56"
"Australia";"AUS";"New South Wales NPL Women";"28-06-2026 04:30";"FT";"Hills United W";"1";"0";"Sydney Olympic W";"0";"0";"2.68";"2.16";"";"";"11";"8";"29";"48";"5";"48";"82";"94";"";"3.8";"4";"1.4";"2.4";"1.8";"2.1";"66";"94";"74";"38";"3.4";"22.6";"12.2";"7.8";"0.9";"1.4";"9";"42";"32";"38";"43";"";"";"0.8";"0.9";"0.8";"1.1";"2.1";"1.8";"1";"1";"0.6";"1.6";"";"25";"43";"2";"5.3";"4.4";"3.9";"8.6";"48";"48"
"Australia";"AUS";"Tasmania Women's Super League";"28-06-2026 01:00";"FT";"South Hobart W";"2";"1";"Kingborough United W";"1";"1";"1.45";"4.64";"";"";"3";"4";"80";"33";"1";"100";"75";"100";"";"4.9";"5";"3.4";"2.2";"1.2";"3";"48";"80";"90";"22";"5";"23.9";"13.8";"11";"2.4";"1";"11";"63";"0";"80";"50";"";"";"1.4";"1.2";"0.2";"0.8";"3.1";"1.8";"1";"2.2";"2";"1";"";"80";"25";"7";"3.8";"2.6";"8.8";"10.3";"90";"68"
"Australia";"AUS";"Northern NSW NPL Women";"28-06-2026 01:00";"DELAYED";"Newcastle Olympic W";"0";"0";"Charlestown Azzurri W";"0";"0";"2.37";"2.30";"";"";"7";"6";"39";"28";"5";"58";"34";"100";"";"4.5";"4";"1.7";"1";"3.5";"2.8";"58";"92";"83";"33";"4.7";"25.6";"16.6";"9.4";"1.2";"0.8";"9";"2";"7";"33";"67";"";"";"1.2";"0.7";"1.7";"1.5";"2";"2.5";"1.8";"1.3";"0.5";"0.3";"";"33";"17";"3.7";"3.6";"5.2";"6.4";"8.5";"74";"74"
"Australia";"AUS";"Northern NSW NPL Women";"28-06-2026 03:00";"FT";"Adamstown Rosebud W";"0";"1";"Lake Macquarie City W";"0";"1";"3.40";"1.72";"";"";"4";"3";"48";"33";"2";"82";"27";"100";"";"3.7";"4";"2.4";"0.8";"2.1";"2";"66";"80";"73";"62";"4.7";"23";"12.7";"8";"1.4";"1";"9";"32";"35";"43";"60";"";"";"1.1";"0.4";"1.4";"0.8";"1.8";"1.9";"0.7";"1.2";"1.3";"0.4";"";"43";"20";"3.3";"5.8";"4.4";"2.4";"8.5";"52";"34"
"Belarus";"BLR";"Vysshaya Liga Women";"28-06-2026 08:00";"FT";"Naftan W";"2";"0";"Zorka-BDU W";"1";"0";"";"";"";"";"5";"7";"67";"33";"";"100";"44";"67";"";"4";"4";"4";"1.3";"1.3";"1.3";"33";"100";"67";"50";"4.2";"16.5";"6.2";"7.2";"2";"1";"8";"60";"60";"33";"67";"";"";"2";"1";"0.7";"1";"1.7";"2.4";"0.7";"0.3";"2";"0.3";"";"67";"33";"8";"3";"0.5";"3";"7.9";"42";"25"
"Belarus";"BLR";"Vysshaya Liga Women";"28-06-2026 10:00";"INPLAY_2ND_HALF";"DYuSSh Pinskogo W";"0";"2";"Dinamo Brest W";"0";"2";"";"";"";"";"11";"2";"0";"100";"";"0";"78";"42";"";"3.2";"4";"0";"2.3";"4";"0";"0";"58";"42";"58";"4.2";"";"";"8.2";"0";"3";"8";"2";"100";"50";"33";"";"";"0";"0.7";"1.5";"0";"2.1";"1.1";"2.5";"0";"0";"1.7";"";"0";"100";"0.5";"6.5";"5.5";"4";"7.9";"75";"25"
"Belarus";"BLR";"Vysshaya Liga Women";"28-06-2026 12:00";"NS";"Vitebsk W";"";"";"Belshina W";"";"";"";"";"";"";"6";"10";"58";"0";"";"41";"17";"88";"";"4";"4";"1.2";"0.5";"1.2";"5";"50";"75";"75";"62";"4.2";"";"";"6.6";"1.8";"0";"7";"63";"2";"50";"50";"";"";"0.8";"0.2";"0.5";"1.8";"2.4";"1.6";"0.8";"3.2";"0.5";"0.2";"";"50";"0";"2";"0";"6";"5.3";"7.9";"66";"16"
"China";"CHN";"Super League Women";"28-06-2026 05:00";"FT";"Shaanxi Chang AN Athletic FC W";"0";"0";"Sichuan W";"0";"0";"1.93";"3.65";"";"";"9";"";"50";"";"";"";"";"";"";"";"";"0.5";"";"0.5";"";"";"";"";"";"";"";"";"";"1.5";"";"";"";"";"100";"";"";"";"0.5";"";"0";"";"";"";"0.5";"";"0";"";"";"50";"";"3";"";"7";"";"";"";""
"China";"CHN";"Super League Women";"28-06-2026 08:00";"FT";"Liaoning Shenbei Hefeng W";"1";"0";"Changchun Dazhong Zhiye W";"0";"0";"1.42";"6.02";"";"";"";"7";"";"17";"";"";"";"";"";"";"";"";"0.5";"";"1.5";"";"";"";"";"";"";"";"";"";"0.5";"";"";"";"";"50";"";"";"";"0";"";"0.5";"";"";"";"1";"";"0.5";"";"";"0";"";"1";"";"8.5";"";"";""
"China";"CHN";"Super League Women";"28-06-2026 08:35";"FT";"Shanghai RCB W";"2";"1";"Jiangsu W";"2";"0";"1.67";"4.49";"";"";"3";"4";"17";"17";"1";"17";"34";"50";"";"2";"3";"0.5";"1";"1";"1.5";"50";"0";"50";"75";"2.7";"24.5";"9.2";"10.5";"0.5";"0.5";"10";"70";"52";"50";"50";"";"";"0";"0";"0";"0";"2";"0";"1";"1.5";"0.5";"1";"";"0";"0";"8";"5";"3";"5";"10.1";"100";"100"
"China";"CHN";"Super League Women";"28-06-2026 08:35";"FT";"Shandong Sports Lottery W";"1";"0";"Zhejiang Hangzhou W";"1";"0";"2.08";"3.30";"";"";"";"";"";"";"";"";"";"";"";"";"";"";"";"";"";"";"";"";"";"";"";"";"";"";"";"";"";"";"";"";"";"";"";"";"";"";"";"";"";"";"";"";"";"";"";"";"";"";"";"";"";""
"Europe";"EUR";"Euro U19 Women";"28-06-2026 09:00";"FT";"Switzerland U19 W";"2";"2";"Spain U19 W";"1";"1";"14.25";"1.10";"";"";"";"";"";"";"";"";"";"";"";"";"";"";"";"";"";"";"";"";"";"";"";"";"";"";"";"";"";"";"";"";"";"";"";"";"";"";"";"";"";"";"";"";"";"";"";"";"";"";"";"";"";""
"Europe";"EUR";"Euro U19 Women";"28-06-2026 12:00";"NS";"Austria U19 W";"";"";"Iceland U19 W";"";"";"1.72";"3.61";"";"";"";"";"";"";"";"";"";"";"";"";"";"";"";"";"";"";"";"";"";"";"";"";"";"";"";"";"";"";"";"";"";"";"";"";"";"";"";"";"";"";"";"";"";"";"";"";"";"";"";"";"";""
"Finland";"FIN";"Kansallinen Liiga Women";"28-06-2026 11:00";"INPLAY_1ST_HALF";"Åland United W";"0";"0";"HPS W";"0";"0";"1.93";"3.04";"";"";"4";"3";"50";"58";"1";"100";"41";"75";"";"4.1";"4";"3.2";"1.2";"2.8";"1";"75";"62";"75";"38";"3.8";"";"";"";"1.5";"1.8";"";"7";"70";"50";"50";"";"";"1.8";"0.2";"1.5";"0";"2.4";"1.7";"1.2";"1";"1.5";"1";"";"50";"50";"";"5.5";"";"5.2";"11.1";"";""
"Finland";"FIN";"Ykkönen Women";"28-06-2026 09:00";"FT";"HJS W";"2";"3";"TPS W";"1";"1";"1.31";"6.38";"";"";"3";"10";"83";"19";"1";"100";"37";"100";"";"4.2";"3";"3";"1.1";"1.7";"2.4";"69";"86";"93";"38";"3.4";"19.5";"10.2";"7.6";"2.5";"0.6";"9";"46";"21";"50";"57";"";"";"1.7";"0.3";"0.5";"0.7";"2.6";"1.6";"1.2";"1.7";"1.3";"0.9";"";"83";"14";"2.3";"2.5";"4";"6.3";"9.1";"42";"42"
"Iceland";"ISL";"2. Deild Women";"28-06-2026 13:00";"NS";"Afturelding W";"";"";"Dalvík / Reynir W";"";"";"1.04";"26.00";"";"";"2";"8";"100";"0";"3";"100";"17";"100";"";"6.4";"5";"6";"0.5";"0.3";"6";"42";"";"100";"16";"5.6";"";"";"";"3";"0";"";"100";"2";"33";"50";"";"";"3";"";"0";"";"2.6";"1.5";"2";"";"4.5";"";"";"100";"0";"";"";"";"";"9";"";""
"Latvia";"LVA";"Women League";"28-06-2026 08:00";"FT";"Riga W";"22";"0";"Rēzeknes / BJSS";"9";"0";"";"";"";"";"2";"7";"100";"0";"";"100";"0";"100";"";"7.6";"7";"5.2";"0";"0.2";"9.8";"10";"100";"100";"10";"6.7";"";"";"";"3";"0";"";"100";"2";"40";"60";"";"";"2.6";"0";"0.2";"5.6";"3.4";"4.2";"0";"4.2";"2.6";"0";"";"100";"0";"";"";"";"";"0";"";""
"Latvia";"LVA";"Women League";"28-06-2026 12:00";"NS";"Iecava / Olaine W";"";"";"Auda W";"";"";"";"";"";"";"5";"4";"25";"60";"";"100";"100";"100";"";"6.8";"7";"3";"4.2";"4.5";"1.8";"42";"100";"100";"12";"6.7";"";"";"";"0.8";"1.8";"";"2";"42";"50";"20";"";"";"1.5";"1.4";"2.5";"1.2";"3.4";"3.3";"2";"0.6";"1.5";"2.8";"";"25";"60";"";"";"";"";"0";"";""
"Northern Ireland";"NIR";"Premiership Women";"28-06-2026 11:00";"INPLAY_1ST_HALF";"Glentoran BU W";"1";"0";"Derry City W";"1";"0";"1.02";"54.50";"";"";"3";"6";"100";"33";"3";"100";"61";"92";"";"5.2";"3";"5.7";"1.8";"0";"2.8";"34";"92";"92";"8";"5.1";"19.6";"11";"13.9";"3";"1";"11";"100";"7";"33";"67";"";"";"3.3";"0.5";"0";"1.3";"2.6";"2.6";"0";"1.5";"2.3";"1.3";"";"100";"33";"15.5";"6.3";"0";"6";"12.3";"84";"84"
"Norway";"NOR";"1. Division Women";"28-06-2026 09:00";"FT";"Start W";"1";"0";"Arna-Bjørnar W";"0";"0";"2.19";"2.61";"";"";"1";"4";"87";"67";"5";"82";"100";"90";"";"4";"4";"2.4";"3.4";"1.2";"1";"70";"80";"80";"60";"3.5";"22.8";"8.6";"8.8";"2.6";"2";"9";"63";"70";"40";"40";"";"";"1";"1.2";"0.2";"0.4";"2.6";"1.4";"1";"0.6";"1.4";"2.2";"";"80";"60";"7.5";"7.7";"0.5";"2";"9.5";"58";"42"
"Norway";"NOR";"1. Division Women";"28-06-2026 09:00";"FT";"Kolbotn W";"0";"3";"Grei W";"0";"1";"1.64";"3.85";"";"";"8";"10";"47";"33";"1";"75";"100";"90";"";"4.6";"4";"2.2";"3";"1.2";"2.8";"70";"78";"68";"42";"3.5";"24.5";"12.1";"9.1";"1.4";"1";"9";"63";"7";"40";"75";"";"";"0.4";"1";"1";"1";"2.9";"1.7";"0.2";"1.8";"1.8";"2";"";"40";"25";"7.8";"1";"3.5";"6";"9.5";"75";"75"
"Norway";"NOR";"1. Division Women";"28-06-2026 09:00";"DELAYED";"Klepp W";"";"";"TIL 2020 W";"";"";"8.93";"1.21";"";"";"11";"5";"20";"80";"4";"54";"100";"90";"";"4.6";"4";"1.6";"3";"3.8";"0.8";"70";"90";"80";"60";"3.5";"26.2";"9.8";"11";"0.6";"2.4";"10";"2";"77";"40";"40";"";"";"0.8";"1.6";"2";"0.6";"2.1";"2.5";"1.8";"0.2";"0.8";"1.4";"";"20";"80";"3.8";"6";"9.2";"3";"9.5";"100";"100"
"Norway";"NOR";"Cup Women";"28-06-2026 09:00";"INPLAY_ET";"Stabæk W";"2";"2";"Fortuna Ålesund W";"1";"1";"2.96";"2.01";"";"";"";"";"";"100";"";"";"";"";"";"";"";"";"4";"";"1";"";"";"";"";"";"";"";"";"";"3";"";"";"";"";"50";"";"";"";"2";"";"0.5";"";"";"";"0.5";"";"2";"";"";"100";"";"";"";"";"";"";""
"New Zealand";"NZL";"National League Women";"28-06-2026 00:00";"FT";"Western Springs W";"0";"2";"Ellerslie W";"";"";"";"";"";"";"7";"5";"0";"20";"";"7";"34";"84";"";"3.4";"4";"0.2";"1";"3.3";"2.2";"38";"";"65";"65";"4.7";"";"";"";"0";"0.6";"";"2";"28";"50";"20";"";"";"";"";"";"";"0.3";"0.2";"";"";"";"";"";"0";"20";"";"";"";"";"9.8";"";""
"Russia";"RUS";"Premier League Women";"28-06-2026 03:00";"FT";"Yenisey W";"0";"0";"Krasnodar W";"0";"0";"6.13";"1.47";"";"";"13";"10";"7";"20";"2";"14";"14";"70";"";"2.1";"3";"0.4";"0.4";"2.2";"1.2";"40";"70";"30";"90";"2.6";"11.5";"5.2";"8.4";"0.2";"0.6";"8";"28";"63";"60";"80";"";"";"0.4";"0.2";"1.2";"0.6";"0.9";"1.2";"1";"0.6";"0";"0.2";"";"0";"0";"1.8";"1";"6.6";"7.5";"8.5";"65";"55"
"Thailand";"THA";"Thai Women's League 1";"28-06-2026 05:00";"AWAITING_UPDATES";"MH Nakhonsi W";"";"";"Chonburi Sports School W";"";"";"";"";"";"";"7";"5";"17";"33";"";"27";"58";"92";"";"3.8";"4";"0.8";"1.7";"2.3";"2.7";"75";"100";"92";"34";"3.9";"";"";"";"0.5";"1";"";"25";"10";"50";"33";"";"";"0.4";"0.5";"1";"1.5";"1.9";"1.6";"1.6";"1.2";"0.8";"1.2";"";"17";"33";"";"3.3";"";"5.3";"8.9";"";""
"Thailand";"THA";"Thai Women's League 1";"28-06-2026 05:00";"AWAITING_UPDATES";"Nakhon Sawan W";"";"";"Kasem Bundit Uni W";"";"";"";"";"";"";"8";"4";"0";"28";"";"27";"44";"92";"";"3.8";"4";"0.8";"1.3";"3.3";"2";"75";"68";"92";"58";"3.9";"";"";"";"0";"0.8";"";"2";"35";"33";"33";"";"";"0.2";"0.2";"2.2";"1.4";"1.5";"1.5";"2.2";"1";"1.5";"1.4";"";"0";"17";"";"";"";"";"8.9";"";""
"Thailand";"THA";"Thai Women's League 1";"28-06-2026 05:00";"AWAITING_UPDATES";"BGC Asian Scholars W";"";"";"Chonburi FA W";"";"";"";"";"";"";"1";"2";"89";"83";"";"100";"100";"92";"";"4.2";"4";"3.7";"3";"0.5";"1.2";"58";"84";"83";"58";"3.9";"";"";"";"2.7";"2.5";"";"88";"63";"33";"33";"";"";"1.3";"1";"0";"0.5";"0.9";"0.8";"6.7";"1.2";"0.3";"3.5";"";"83";"83";"";"7.5";"";"4";"8.9";"";""
"Thailand";"THA";"Thai Women's League 1";"28-06-2026 06:00";"FT";"Burirat Academy W";"2";"0";"Bangkok W";"1";"0";"11.90";"1.12";"";"";"6";"3";"44";"50";"4";"61";"75";"92";"";"3.8";"3";"1.8";"2.2";"2.3";"1.2";"58";"78";"58";"42";"3.9";"";"";"";"1.3";"1.5";"";"25";"63";"33";"50";"";"";"0.8";"1.2";"0.8";"0.2";"1.4";"1.2";"1.4";"1.5";"2";"2";"";"33";"33";"";"";"";"";"8.9";"";""
"World";"WOR";"Club Friendlies 3";"28-06-2026 04:30";"FT";"Katowice";"2";"0";"Arka Gdynia";"2";"0";"1.62";"4.32";"1.15";"1.45";"1";"";"75";"";"";"";"";"";"";"";"";"3";"";"1";"";"";"";"";"";"";"";"";"";"2.2";"";"";"";"";"25";"";"";"";"1";"";"0.2";"";"";"";"0.8";"";"2";"";"";"75";"";"5.5";"";"0.5";"";"";"";""
"World";"WOR";"Club Friendlies 3";"28-06-2026 05:30";"FT";"Odra Opole";"0";"0";"Žilina";"0";"0";"";"";"";"";"1";"2";"58";"33";"";"61";"78";"88";"";"3.4";"4";"1.8";"2.3";"1";"1.7";"58";"71";"88";"54";"3.4";"";"";"";"1.8";"1";"";"70";"46";"75";"67";"";"";"0.8";"0.7";"0.5";"0.7";"2.1";"1.2";"0.5";"1";"1";"1.7";"";"50";"33";"";"";"";"";"9";"";""
"World";"WOR";"Club Friendlies 3";"28-06-2026 05:30";"AWAITING_UPDATES";"Slovácko";"";"";"Prostějov";"";"";"";"";"";"";"";"2";"";"0";"";"";"";"";"";"";"";"";"1";"";"4.5";"";"";"";"";"";"";"";"";"";"0";"";"";"";"";"50";"";"";"";"0";"";"1.5";"";"";"";"3";"";"1";"";"";"0";"";"";"";"";"";"";""
"World";"WOR";"Club Friendlies 3";"28-06-2026 08:00";"FT";"Brøndby IF";"8";"1";"Hvidovre";"4";"1";"1.56";"4.39";"1.10";"1.64";"1";"2";"53";"11";"1";"48";"34";"84";"";"2.7";"3";"1.4";"1";"1.2";"1.7";"74";"80";"36";"74";"3.4";"16.9";"7.6";"8.2";"1.6";"0.3";"9";"63";"46";"40";"33";"";"";"0.2";"0.3";"0.6";"1";"1.6";"1";"0.6";"0.7";"1.2";"0.7";"";"40";"0";"3.8";"8";"4";"0.5";"9";"62";"50"
"World";"WOR";"Club Friendlies 3";"28-06-2026 09:00";"FT";"Hallescher FC";"1";"2";"Górnik Zabrze";"0";"0";"7.83";"1.26";"1.07";"1.87";"1";"";"100";"";"";"";"";"";"";"";"";"3.5";"";"0.5";"";"";"";"";"";"";"";"";"";"3";"";"";"";"";"100";"";"";"";"";"";"";"";"";"";"";"";"";"";"";"100";"";"";"";"";"";"";"";""
"World";"WOR";"Club Friendlies 3";"28-06-2026 09:00";"FT";"AIK";"3";"2";"Västerås SK";"2";"1";"2.23";"2.50";"";"";"1";"2";"58";"11";"5";"68";"24";"54";"";"2.9";"3";"2";"0.7";"1.8";"1.3";"54";"54";"54";"46";"3.4";"18.6";"10.1";"13.4";"1.8";"0.3";"11";"42";"60";"75";"33";"";"";"0.8";"0.7";"1";"0.3";"1.5";"1.4";"0.8";"1";"1.2";"0";"";"50";"0";"8.8";"5.5";"7";"5.5";"9";"75";"75"
"World";"WOR";"Club Friendlies 3";"28-06-2026 09:30";"TBA";"Barockstadt Fulda-Lehnerz";"";"";"SV Steinbach";"";"";"";"";"";"";"1";"";"50";"";"";"";"";"";"";"";"";"2";"";"2";"";"";"";"";"";"";"";"";"";"1.5";"";"";"";"";"50";"";"";"";"0.5";"";"1";"";"";"";"1";"";"1.5";"";"";"50";"";"";"";"";"";"";"";""
"World";"WOR";"Club Friendlies 3";"28-06-2026 10:00";"CANCELLED";"Vorwarts-Wacker 04";"";"";"Drochtersen / Assel";"";"";"";"";"";"";"";"";"";"";"";"";"";"";"";"";"";"";"";"";"";"";"";"";"";"";"";"";"";"";"";"";"";"";"";"";"";"";"";"";"";"";"";"";"";"";"";"";"";"";"";"";"";"";"";"";"";""
"World";"WOR";"Club Friendlies 3";"28-06-2026 10:00";"INPLAY_2ND_HALF";"Krylya Sovetov";"1";"1";"Neftekhimik";"0";"1";"";"";"";"";"1";"2";"33";"67";"";"24";"17";"16";"";"1.1";"2";"0.7";"0.5";"1";"0";"16";"";"16";"100";"3.4";"";"";"";"1";"2";"";"70";"100";"33";"50";"";"";"0";"";"0.3";"";"0.9";"0.2";"0.7";"";"0.7";"";"";"33";"50";"";"";"";"";"9";"";""
"World";"WOR";"Club Friendlies 3";"28-06-2026 10:30";"INPLAY_1ST_HALF";"Nijlen";"0";"1";"Koninklijke Lierse Sportkring";"0";"1";"10.89";"1.13";"1.01";"2.73";"";"";"";"";"";"";"";"";"";"";"";"";"";"";"";"";"";"";"";"";"";"";"";"";"";"";"";"";"";"";"";"";"";"";"";"";"";"";"";"";"";"";"";"";"";"";"";"";"";"";"";""
"World";"WOR";"Club Friendlies 3";"28-06-2026 10:45";"INPLAY_1ST_HALF";"Molde";"0";"1";"Bodø / Glimt";"0";"1";"3.03";"1.92";"1.06";"1.84";"1";"";"58";"";"";"";"";"";"";"";"";"2.8";"";"1.2";"";"";"";"";"";"";"";"";"";"1.8";"";"";"";"";"75";"";"";"";"1.2";"";"0.5";"";"";"";"0.8";"";"1.5";"";"";"50";"";"5.3";"";"3.7";"";"";"";""
"World";"WOR";"Club Friendlies 3";"28-06-2026 12:00";"NS";"Wieczysta Kraków";"";"";"Dynamo Kyiv";"";"";"5.12";"1.45";"1.12";"1.60";"1";"";"71";"";"";"";"";"";"";"";"";"2.4";"";"1";"";"";"";"";"";"";"";"";"";"2.1";"";"";"";"";"57";"";"";"";"1";"";"0.2";"";"";"";"1";"";"1.8";"";"";"57";"";"";"";"";"";"";"";""
"World";"WOR";"Club Friendlies 3";"28-06-2026 13:00";"AWAITING_UPDATES";"Olimpija";"";"";"Čukarički";"";"";"1.75";"3.89";"1.17";"1.44";"";"2";"";"33";"";"";"";"";"";"";"";"";"1";"";"1";"";"";"";"";"";"";"";"";"";"1";"";"";"";"";"100";"";"";"";"0.5";"";"0.5";"";"";"";"0.5";"";"0.5";"";"";"0";"";"";"";"";"";"";""
"World";"WOR";"Club Friendlies 3";"28-06-2026 18:00";"NS";"NY Cosmos";"";"";"Santos Laguna";"";"";"";"";"";"";"";"";"";"";"";"";"";"";"";"";"";"";"";"";"";"";"";"";"";"";"";"";"";"";"";"";"";"";"";"";"";"";"";"";"";"";"";"";"";"";"";"";"";"";"";"";"";"";"";"";"";""
"World";"WOR";"Club Friendlies 3";"28-06-2026 21:00";"NS";"Odense BK";"";"";"Kolding IF";"";"";"1.66";"3.82";"1.08";"1.74";"1";"2";"100";"11";"1";"100";"44";"84";"";"4.5";"4";"4";"1.3";"1";"2.7";"50";"84";"84";"50";"3.4";"";"";"";"3";"0.3";"";"70";"10";"67";"33";"";"";"1.7";"0.3";"0.3";"1";"2.8";"1.6";"0.7";"1.7";"2.3";"1";"";"100";"0";"6";"";"4";"";"9";"";""
"World";"WOR";"Club Friendlies 3";"28-06-2026 21:00";"NS";"Crvena Zvezda";"";"";"Slovan Bratislava";"";"";"1.69";"4.26";"1.19";"1.37";"1";"2";"100";"44";"1";"100";"44";"84";"";"3.2";"3";"3";"1.3";"0.7";"1.3";"67";"100";"67";"50";"3.4";"";"";"";"3";"1.3";"";"80";"60";"67";"67";"";"";"2";"1.3";"0";"1";"1";"2.2";"0.7";"0.3";"1";"0";"";"100";"33";"";"4.5";"";"2";"9";"";""
"World";"WOR";"Club Friendlies Women";"28-06-2026 20:00";"NS";"Portland Thorns W";"";"";"San Diego Wave W";"";"";"";"";"";"";"1";"";"50";"";"";"";"";"";"";"";"";"3";"";"1.5";"";"";"";"";"";"";"";"";"";"1.5";"";"";"";"";"50";"";"";"";"2.5";"";"1";"";"";"";"0.5";"";"0.5";"";"";"50";"";"";"";"";"";"";"";""
"Peru";"PER";"Copa de La Liga";"28-06-2026 15:00";"NS";"Alianza Lima";"";"";"Alianza Atlético";"";"";"4.22";"1.62";"1.18";"1.40";"";"";"";"";"";"";"";"";"";"";"";"";"";"";"";"";"";"";"";"";"";"";"";"";"";"";"";"";"";"";"";"";"";"";"";"";"";"";"";"";"";"";"";"";"";"";"";"";"";"";"";""
"Peru";"PER";"Copa de La Liga";"28-06-2026 15:00";"NS";"César Vallejo";"";"";"Carlos Mannucci";"";"";"1.68";"4.17";"1.20";"1.38";"";"";"";"";"";"";"";"";"";"";"";"";"";"";"";"";"";"";"";"";"";"";"";"";"";"";"";"";"";"";"";"";"";"";"";"";"";"";"";"";"";"";"";"";"";"";"";"";"";"";"";""
"Peru";"PER";"Copa de La Liga";"28-06-2026 17:15";"NS";"Los Chankas";"";"";"Santos";"";"";"1.37";"6.39";"";"";"";"";"";"";"";"";"";"";"";"";"";"";"";"";"";"";"";"";"";"";"";"";"";"";"";"";"";"";"";"";"";"";"";"";"";"";"";"";"";"";"";"";"";"";"";"";"";"";"";"";"";""
"Peru";"PER";"Copa de La Liga";"28-06-2026 20:00";"NS";"Cusco FC";"";"";"Cienciano";"";"";"2.98";"2.23";"1.37";"1.18";"";"";"";"";"";"";"";"";"";"";"";"";"";"";"";"";"";"";"";"";"";"";"";"";"";"";"";"";"";"";"";"";"";"";"";"";"";"";"";"";"";"";"";"";"";"";"";"";"";"";"";""
"South Africa";"RSA";"Super League Women";"28-06-2026 04:00";"AWAITING_UPDATES";"Stellenbosch W";"";"";"Copperbelt Ladies W";"";"";"";"";"";"";"";"";"";"";"";"";"";"";"";"";"";"";"";"";"";"";"";"";"";"";"";"";"";"";"";"";"";"";"";"";"";"";"";"";"";"";"";"";"";"";"";"";"";"";"";"";"";"";"";"";"";""
"South Africa";"RSA";"Super League Women";"28-06-2026 07:00";"FT";"Ramatlaohle Ladies W";"1";"1";"University of Fort Hare W";"1";"1";"5.36";"1.52";"";"";"";"";"";"";"";"";"";"";"";"";"";"";"";"";"";"";"";"";"";"";"";"";"";"";"";"";"";"";"";"";"";"";"";"";"";"";"";"";"";"";"";"";"";"";"";"";"";"";"";"";"";""
"South Africa";"RSA";"Super League Women";"28-06-2026 10:00";"INPLAY_2ND_HALF";"City Lads W";"0";"2";"First Touch W";"0";"2";"3.83";"1.82";"";"";"";"";"";"";"";"";"";"";"";"";"";"";"";"";"";"";"";"";"";"";"";"";"";"";"";"";"";"";"";"";"";"";"";"";"";"";"";"";"";"";"";"";"";"";"";"";"";"";"";"";"";""