"Country ";"Short";"League ";"Hour";"Status";"Home Team";"Result Home";"Result Visitor";"Visitor Team";"Result Home HT";"Result Visitor HT";"Casa";"Fora";"Casa";"Fora";"Global";"Global";"Global";"Global";"Global";"Global";"Casa";"Fora";"Casa";"Fora";"Global";"Casa";"Fora";"Casa";"Fora";"Global";"Casa";"Fora";"Casa";"Fora";"Global";"Casa";"Fora"
"World";"WOR";"World Cup";"28-06-2026 16:00";"NS";"South Africa";"";"";"Canada";"";"";"3.9";"9";"3.6";"2.5";"9.5";"65";"65";"50";"25";"20.5";"12.5";"14.3";"8.8";"5.3";"7.4";"4.4";"5";"3";"2.3";"8.8";"22";"89";"40";"100";"10";"9.7";"6.7"
"Brazil";"BRA";"Serie B";"28-06-2026 16:00";"NS";"Juventude";"";"";"Ceará";"";"";"5";"5.9";"4.1";"3.9";"9.4";"70";"50";"40";"30";"27.8";"15.1";"14.4";"13.1";"12.9";"9.2";"4.9";"4.7";"4.5";"4.2";"10.4";"80";"40";"40";"60";"10";"8.9";"11.9"
"Brazil";"BRA";"Serie B";"28-06-2026 16:00";"NS";"Atlético GO";"";"";"Ponte Preta";"";"";"5.7";"5.7";"5.2";"6.3";"11.4";"90";"85";"75";"55";"28";"14.8";"10.9";"12.6";"17.8";"9.2";"5";"3";"4.4";"6.1";"10.4";"50";"20";"60";"40";"11";"11.2";"10.1"
"Brazil";"BRA";"Serie B";"28-06-2026 16:00";"NS";"Athletic Club";"";"";"Avaí";"";"";"5.1";"2.2";"5.2";"6.9";"9.7";"75";"60";"50";"35";"24.3";"10.7";"8.9";"13.8";"15.2";"7.4";"2.6";"3.3";"3.4";"5.4";"10.4";"50";"10";"60";"10";"10";"8.8";"5.7"
"Brazil";"BRA";"Serie B";"28-06-2026 18:30";"NS";"Náutico";"";"";"Goiás";"";"";"6.3";"5.5";"4.4";"5";"10.6";"80";"75";"50";"45";"26.9";"17.5";"12.8";"10.3";"13.2";"9";"4.9";"4.1";"4.5";"4.6";"10.4";"80";"30";"50";"30";"11";"7.4";"14.3"
"Brazil";"BRA";"Serie B";"28-06-2026 18:30";"NS";"Fortaleza";"";"";"Sport Recife";"";"";"5.4";"4.2";"4.6";"5.8";"10";"75";"75";"65";"45";"25.2";"14.3";"10.7";"12.8";"12.6";"8";"4.2";"3.3";"4.7";"3.7";"10.4";"40";"40";"50";"40";"11";"10.5";"7.2"
"China";"CHN";"League One";"28-06-2026 08:00";"FT";"Suzhou Dongwu";"1";"2";"Shanghai Jiading Huilong";"0";"2";"4";"3.4";"4.2";"4.2";"7.9";"65";"40";"20";"15";"18.8";"9.4";"8.4";"11";"8.8";"7.2";"3.5";"3.1";"4.7";"3.2";"9.2";"30";"20";"50";"40";"8";"9.9";"4.3"
"China";"CHN";"League One";"28-06-2026 09:00";"FT";"Jiangxi Dingnan United";"3";"3";"Wuxi Wugou";"2";"2";"8";"4.2";"4.3";"5";"10.8";"90";"70";"55";"45";"26.7";"13";"13.9";"14.1";"12.4";"9.5";"5.3";"4.6";"4.8";"4.3";"9.2";"60";"50";"70";"20";"10";"7.4";"9.3"
"Finland";"FIN";"Ykkönen";"28-06-2026 10:00";"INPLAY_2ND_HALF";"KPV";"1";"1";"PKKU";"0";"0";"4.2";"5";"5.9";"4.9";"10";"80";"55";"45";"40";"22.1";"7.2";"11.9";"14.9";"10.2";"11.2";"3.2";"6";"8.4";"4.8";"11";"50";"30";"20";"40";"11";"6.5";"6.6"
"Finland";"FIN";"Ykkönen";"28-06-2026 12:30";"NS";"OLS";"";"";"KuPS Ak.";"";"";"5.9";"5.6";"6";"6.4";"12";"90";"84";"69";"64";"24.6";"13.4";"10";"15.2";"10.5";"11.2";"6.4";"4.9";"6";"5.2";"11";"44";"50";"44";"30";"11";"7.4";"5.9"
"Morocco";"MAR";"Botola Pro";"28-06-2026 14:00";"NS";"Hassania Agadir";"";"";"CR Khemis Zemamra";"";"";"5.4";"5.3";"4.4";"4";"9.6";"84";"58";"47";"26";"18.1";"9.3";"11";"7.9";"8";"7.7";"4.4";"4";"3.6";"3.4";"7.9";"50";"67";"40";"56";"8";"7.8";"10"
"Morocco";"MAR";"Botola Pro";"28-06-2026 14:00";"NS";"FUS Rabat";"";"";"RSB Berkane";"";"";"4.6";"3";"5.6";"4.7";"8.9";"64";"43";"43";"27";"19.8";"11.2";"8.4";"9.2";"10.7";"7.6";"4.1";"3.6";"4.1";"3.3";"7.9";"22";"60";"44";"30";"8";"11.2";"5.6"
"Morocco";"MAR";"Botola Pro";"28-06-2026 14:00";"NS";"Maghreb Fès";"";"";"Yacoub El Mansour";"";"";"3";"3.9";"3.3";"3";"6.6";"37";"16";"16";"16";"16.6";"9.7";"8";"8.1";"7.3";"6.6";"4.6";"3.1";"2.4";"3.1";"7.9";"40";"33";"50";"56";"8";"12.1";"6.2"
"Morocco";"MAR";"Botola Pro";"28-06-2026 14:00";"NS";"Wydad Casablanca";"";"";"Olympique Dcheïra";"";"";"4.3";"3.5";"3.6";"6";"8.7";"70";"40";"35";"25";"20.3";"10.4";"8.2";"11";"11";"8.3";"4.8";"3.5";"3.8";"4.5";"7.9";"40";"30";"50";"20";"8";"8.7";"9.1"
"Morocco";"MAR";"Botola Pro";"28-06-2026 14:00";"NS";"FAR Rabat";"";"";"UTS Rabat";"";"";"3.8";"4.4";"3.1";"3.4";"7.4";"58";"27";"16";"6";"18";"10.2";"9";"7.7";"9.1";"7.8";"4";"4.4";"3.5";"3.8";"7.9";"70";"78";"40";"44";"7";"7.1";"8.2"
"Morocco";"MAR";"Botola Pro";"28-06-2026 14:00";"NS";"Ittihad Tanger";"";"";"Raja Casablanca";"";"";"4.8";"5.2";"4.6";"3.3";"9";"67";"44";"38";"33";"20.5";"10.9";"9.8";"11.7";"8.6";"8.5";"3.6";"4.1";"4.6";"4.8";"7.9";"78";"56";"44";"56";"9";"9.9";"7.5"
"Morocco";"MAR";"Botola Pro";"28-06-2026 14:00";"NS";"Olympic Safi";"";"";"CODM Meknès";"";"";"4.5";"4.1";"4";"4.1";"8.4";"50";"45";"35";"35";"18.2";"9.4";"8.2";"10";"8.9";"7";"3.4";"3.3";"3.6";"3.8";"7.9";"40";"40";"40";"60";"9";"10.4";"10.2"
"Morocco";"MAR";"Botola Pro";"28-06-2026 14:00";"NS";"Difaâ El Jadida";"";"";"Kawkab Marrakech";"";"";"5";"2.7";"4";"3.3";"7.5";"54";"27";"27";"16";"19.6";"8.3";"10.5";"10.4";"10";"7.8";"3.9";"4.2";"4";"3.6";"7.9";"56";"60";"56";"40";"8";"5.9";"8.8"
"Uruguay";"URU";"Segunda Division";"28-06-2026 12:00";"NS";"River Plate";"";"";"La Luz";"";"";"6.6";"4.7";"3.2";"4.6";"9.6";"85";"70";"45";"20";"13.8";"7.3";"6.9";"7.9";"5.6";"6.7";"3.9";"2.5";"4";"3";"9.7";"70";"60";"60";"50";"9";"4.6";"8.6"
"Uruguay";"URU";"Segunda Division";"28-06-2026 15:00";"NS";"Cerrito";"";"";"Plaza Colonia";"";"";"5";"5.4";"4.2";"4.2";"9.4";"80";"70";"50";"40";"16.5";"8";"9.2";"7.8";"8";"6.8";"4.2";"3.8";"2.8";"2.9";"9.7";"50";"60";"40";"50";"10";"5.3";"8.4"
"Uruguay";"URU";"Segunda Division";"28-06-2026 18:00";"NS";"Oriental";"";"";"Colón";"";"";"3.9";"4.7";"6";"4.4";"9.5";"80";"75";"35";"25";"15.2";"6.6";"7";"8.2";"8.6";"6.9";"3.5";"2.8";"3.2";"4.3";"9.7";"50";"50";"20";"60";"9";"4.7";"6.4"
"Venezuela";"VEN";"Copa Venezuela";"28-06-2026 17:00";"POSTPONED";"Marítimo";"";"";"Academia Anzoátegui";"";"";"3.8";"3.8";"3.2";"4.4";"7.6";"50";"45";"35";"20";"20.8";"8.6";"11.9";"5.8";"15.2";"8";"4";"3.9";"2.8";"5.4";"";"50";"80";"50";"50";"";"6.1";"9.2"
"Venezuela";"VEN";"Copa Venezuela";"28-06-2026 17:00";"POSTPONED";"Atlético Ávila";"";"";"Deportivo Miranda FC";"";"";"2.8";"3.3";"4.8";"4.4";"7.6";"45";"35";"25";"5";"16.2";"7.2";"7.5";"9.8";"8";"6.5";"2.1";"3";"3.9";"4";"";"60";"40";"30";"40";"";"9";"12.5"
"Venezuela";"VEN";"Copa Venezuela";"28-06-2026 17:00";"POSTPONED";"Aragua";"";"";"Fundación Lara Deportiva";"";"";"3.7";"6.1";"3.3";"2.9";"8";"55";"35";"30";"20";"21.6";"12";"12.8";"10.3";"8.1";"9.2";"5.3";"5.2";"4";"4";"";"40";"80";"50";"80";"";"13.3";"10.7"
"Venezuela";"VEN";"Copa Venezuela";"28-06-2026 17:00";"POSTPONED";"Yaracuyanos";"";"";"Caracas";"";"";"7";"3.6";"4.2";"5.3";"10";"85";"70";"50";"45";"26.3";"11.7";"13.5";"10.3";"17.1";"10";"5.2";"4.8";"4.5";"5.4";"";"70";"30";"80";"20";"";"6.9";"8.4"
"Venezuela";"VEN";"Copa Venezuela";"28-06-2026 17:00";"POSTPONED";"Bolívar SC";"";"";"Dinamo Puerto La Cruz";"";"";"3.2";"3.3";"4";"3.1";"6.8";"36";"16";"10";"5";"17.6";"7.5";"8.8";"10.6";"8.3";"6.9";"2.8";"3.9";"4.1";"3";"";"50";"44";"10";"56";"";"6.8";"9.8"
"Venezuela";"VEN";"Copa Venezuela";"28-06-2026 17:00";"POSTPONED";"Monagas";"";"";"Mineros de Guayana";"";"";"2.2";"5.2";"4.3";"2.6";"7.2";"30";"26";"20";"16";"20.7";"11.9";"10.7";"11.1";"7.7";"6.6";"3.2";"3.4";"3.4";"3.1";"";"11";"40";"33";"70";"";"7.4";"15.3"
"Venezuela";"VEN";"Copa Venezuela";"28-06-2026 17:00";"POSTPONED";"Atlético El Vigía";"";"";"Real Frontera";"";"";"4.1";"3";"5.2";"5.7";"9";"64";"58";"48";"32";"22.2";"7.7";"7.9";"13.3";"15.5";"8.9";"3";"3.4";"6.6";"4.8";"";"33";"50";"44";"20";"";"11";"8.8"
"Venezuela";"VEN";"Copa Venezuela";"28-06-2026 17:00";"POSTPONED";"Atlético Barinas";"";"";"Zamora Fútbol Club";"";"";"5";"5";"4.6";"5";"9.8";"70";"60";"50";"40";"23";"11.6";"12";"9.8";"12.5";"8.2";"4.4";"4.3";"3.9";"3.7";"";"60";"50";"60";"50";"";"5.5";"8"
"Venezuela";"VEN";"Copa Venezuela";"28-06-2026 17:00";"POSTPONED";"Trujillanos";"";"";"Ureña";"";"";"4.8";"4";"2.8";"6.1";"8.8";"70";"54";"42";"37";"18.6";"8.4";"11.9";"9";"7.9";"7.5";"3.6";"4.8";"3.8";"2.8";"";"70";"22";"70";"33";"";"14";"9.2"
"Venezuela";"VEN";"Copa Venezuela";"28-06-2026 17:00";"POSTPONED";"Deportivo Lara";"";"";"Rayo Zuliano";"";"";"4.9";"3.6";"4.1";"5.9";"9.2";"70";"55";"45";"30";"20.8";"8.9";"10";"8.4";"14.3";"8";"3.9";"2.9";"3.8";"5.3";"";"40";"40";"50";"30";"";"5.6";"14.7"
"Argentina";"ARG";"Torneo Promocional Amateur";"28-06-2026 10:00";"INPLAY_2ND_HALF";"Atlético Pilar";"0";"2";"SAT Moreno";"0";"1";"5";"6.5";"5";"2";"9.2";"50";"50";"50";"50";"27.2";"18.5";"14";"15";"7";"12.8";"7.5";"7.5";"7";"3.5";"7.8";"100";"100";"0";"100";"8";"26.4";"10.8"
"Argentina";"ARG";"Torneo Promocional Amateur";"28-06-2026 15:00";"NS";"Alumni Los Hornos";"";"";"Las Mandarinas";"";"";"5.2";"3.5";"4.6";"4.8";"9";"88";"55";"32";"32";"24.7";"12";"12.8";"11.4";"13.2";"11.6";"5.8";"5.5";"4.8";"7";"7.8";"20";"25";"60";"50";"8";"15";"21.3"
"Argentina";"ARG";"Torneo Promocional Amateur";"28-06-2026 15:00";"NS";"Control Orientado";"";"";"Barrancas UMET";"";"";"2";"3.8";"3.5";"4.8";"7.1";"34";"25";"16";"8";"";"";"9";"";"9.2";"";"";"3.5";"";"3.8";"7.8";"0";"50";"0";"50";"8";"";""
"Argentina";"ARG";"Torneo Promocional Amateur";"28-06-2026 15:30";"NS";"Belgrano Zarate";"";"";"Ezeiza";"";"";"2";"4";"3.2";"4";"6.6";"48";"34";"14";"7";"19.4";"7";"10.3";"11";"10.6";"8.6";"4.3";"4.3";"5";"3.7";"7.8";"25";"71";"25";"43";"7";"14";"14.7"
"Brazil";"BRA";"Carioca C";"28-06-2026 14:45";"POSTPONED";"Vera Cruz RJ";"";"";"CAAC Brasil";"";"";"6.2";"2.7";"3.5";"8.4";"10.4";"86";"62";"54";"45";"25.4";"15.7";"6.4";"14.5";"14.1";"9.6";"5.8";"3";"5.8";"4.6";"9.9";"50";"29";"83";"0";"10";"12.1";"6.4"
"Brazil";"BRA";"Carioca C";"28-06-2026 14:45";"POSTPONED";"Barcelona RJ";"";"";"Búzios";"";"";"4.8";"3.4";"5.8";"5.8";"9.8";"88";"88";"50";"25";"19.6";"7";"6.5";"15.8";"9.8";"8";"3.8";"3";"5.5";"3.7";"9.9";"50";"75";"25";"12";"10";"23.3";"5"
"Brazil";"BRA";"Carioca C";"28-06-2026 14:45";"POSTPONED";"Cardoso Moreira";"";"";"Independente RJ";"";"";"6.5";"5.2";"4.8";"3.2";"9.8";"75";"62";"62";"50";"18.5";"10.2";"12.5";"7.8";"6.5";"7.6";"5.5";"3.5";"2.8";"3.5";"9.9";"67";"33";"50";"75";"10";"6.8";"17.9"
"Brazil";"BRA";"Carioca C";"28-06-2026 14:45";"POSTPONED";"Bréscia";"";"";"EC Resende";"";"";"3.7";"5.2";"5.3";"5";"9.6";"74";"74";"64";"36";"21.8";"10.3";"11.4";"9";"12.8";"9.2";"3.7";"5.2";"4";"5.6";"9.9";"33";"25";"33";"60";"10";"7.9";"6"
"Brazil";"BRA";"Carioca C";"28-06-2026 14:45";"POSTPONED";"Tigres do Brasil";"";"";"União Central";"";"";"4.5";"5.1";"4";"3.6";"8.6";"69";"45";"23";"23";"23.8";"10.2";"12.2";"12.8";"12.3";"9";"4.2";"4.5";"3.2";"6";"9.9";"60";"75";"50";"57";"9";"4.4";"5.8"
"Canada";"CAN";"Premier League";"28-06-2026 20:00";"NS";"Cavalry";"";"";"Supra du Québec";"";"";"5";"5.8";"3.6";"4.7";"9.6";"75";"70";"50";"30";"24.5";"14.5";"14.6";"9.6";"10.2";"8.9";"5.7";"5.5";"2.7";"3.9";"9.1";"60";"56";"50";"60";"9";"5.6";"6.9"
"Chile";"CHI";"Chilean Cup";"28-06-2026 13:30";"NS";"Cobresal";"";"";"Antofagasta";"";"";"4.5";"6.1";"5.1";"5.4";"10.6";"75";"70";"60";"50";"29.4";"12.2";"14.5";"17.3";"14.9";"10.6";"3.6";"6";"5.3";"6.3";"13";"20";"30";"30";"60";"12";"14.7";"9.7"
"Chile";"CHI";"Chilean Cup";"28-06-2026 13:30";"NS";"La Serena";"";"";"Cobreloa";"";"";"5";"4.4";"3.8";"5.7";"9.4";"80";"75";"55";"25";"27.3";"13.7";"12.3";"13.3";"15.3";"10";"4.6";"5.3";"5.7";"4.4";"13";"60";"40";"60";"40";"11";"9.6";"6.5"
"Chile";"CHI";"Chilean Cup";"28-06-2026 16:00";"NS";"Huachipato";"";"";"Deportes Temuco";"";"";"4.4";"5.5";"6.3";"5.4";"10.8";"80";"70";"60";"55";"28";"10.6";"15.2";"15";"15.2";"10.4";"3.8";"6.4";"4.7";"5.9";"13";"60";"40";"30";"40";"12";"7.7";"8.9"
"Chile";"CHI";"Chilean Cup";"28-06-2026 16:00";"NS";"Unión La Calera";"";"";"Santiago Wanderers";"";"";"4.1";"5.5";"5.2";"5";"9.9";"84";"73";"47";"26";"25.2";"9.6";"14.8";"12.4";"13.6";"9.6";"3.7";"5.7";"4.3";"5.4";"13";"56";"70";"33";"60";"12";"5.9";"6.7"
"Chile";"CHI";"Chilean Cup";"28-06-2026 17:00";"NS";"Curicó Unido";"";"";"Univ. Concepción";"";"";"4.4";"3.7";"5.7";"5.4";"9.6";"75";"70";"50";"35";"25.5";"12";"12.2";"12.6";"14.1";"9.6";"5.2";"4.1";"4.5";"5.5";"13";"70";"40";"30";"40";"12";"12";"7.9"
"Chile";"CHI";"Chilean Cup";"28-06-2026 18:00";"NS";"O'Higgins";"";"";"Recoleta";"";"";"5.4";"5.4";"4.3";"7";"11";"90";"80";"65";"50";"26.7";"14.1";"10.6";"14.7";"14";"10";"5.3";"4";"5.2";"5.6";"13";"60";"50";"50";"20";"12";"8.5";"8.8"
"Chile";"CHI";"Chilean Cup";"28-06-2026 18:00";"NS";"Rangers";"";"";"Ñublense";"";"";"6.1";"4.8";"4";"4.6";"9.8";"70";"60";"60";"25";"24";"13.5";"12.9";"10.6";"11.1";"9";"4.6";"4.4";"4.9";"4.2";"13";"50";"40";"80";"50";"11";"16.9";"6.8"
"Chile";"CHI";"Chilean Cup";"28-06-2026 18:30";"NS";"Universidad Chile";"";"";"Unión San Felipe";"";"";"5.7";"4.7";"3.8";"5.6";"9.8";"84";"69";"64";"38";"25.2";"14.2";"9.7";"10.4";"16";"9.8";"5";"4.1";"3.9";"6.4";"13";"70";"56";"70";"33";"11";"5.3";"8.8"
"Chile";"CHI";"Chilean Cup";"28-06-2026 21:00";"NS";"Puerto Montt";"";"";"Concepcion";"";"";"4.9";"4.1";"4.9";"5.2";"9.6";"75";"65";"60";"50";"26.9";"13.6";"13.9";"14.1";"12.2";"9";"4.4";"4.9";"4.8";"4";"13";"50";"40";"40";"50";"12";"15.1";"8.6"
"Chile";"CHI";"Segunda División";"28-06-2026 16:00";"NS";"General Velásquez";"";"";"Lota Schwager";"";"";"4.2";"5.6";"5.8";"4.3";"10";"70";"65";"55";"40";"21.3";"9.4";"9.8";"11.8";"11.6";"8.9";"3.9";"4.5";"5";"4.3";"9.6";"50";"60";"20";"70";"10";"9.4";"14"
"Chile";"CHI";"Segunda División";"28-06-2026 16:00";"NS";"Santiago Morning";"";"";"Deportes Linares";"";"";"4.1";"5.6";"5";"5.3";"10";"75";"70";"55";"30";"22.4";"11.4";"11.7";"10.1";"11.5";"9.4";"4.1";"5.3";"4.3";"5.1";"9.6";"80";"40";"30";"50";"10";"14.2";"10.6"
"Chile";"CHI";"Segunda División";"28-06-2026 16:00";"NS";"Brujas de Salamanca";"";"";"Real San Joaquín";"";"";"5";"5.3";"2.7";"3";"8";"45";"30";"25";"20";"18.8";"7.4";"11.1";"8.7";"10.3";"7.1";"2.1";"4.2";"2.7";"5.2";"9.6";"50";"50";"70";"70";"9";"8.2";"7.9"
"Europe";"EUR";"Euro U19";"28-06-2026 14:00";"NS";"Wales U19";"";"";"Spain U19";"";"";"3";"5.8";"5.9";"4.8";"9.8";"74";"52";"52";"41";"25";"9.6";"18.4";"12.4";"9.7";"11";"5.1";"8.7";"5.1";"3.1";"";"33";"50";"33";"40";"";"6.1";"7.6"
"Europe";"EUR";"Euro U19";"28-06-2026 16:00";"NS";"Germany U19";"";"";"Denmark U19";"";"";"6.6";"6.8";"3.9";"2";"9.6";"70";"64";"53";"29";"24.6";"15.1";"16.1";"11";"6.9";"10";"5.9";"7.6";"4.6";"2";"";"56";"71";"78";"100";"";"5.2";"5.6"
"Argentina";"ARG";"Primera C";"28-06-2026 13:00";"NS";"Sportivo Barracas";"";"";"Luján";"";"";"4.5";"4.9";"4.3";"3.3";"8.5";"65";"50";"35";"25";"16.7";"9.6";"9.2";"9.1";"5.5";"6.2";"3";"4.3";"3.5";"1.6";"7.8";"20";"60";"40";"70";"8";"13.7";"6.1"
"Argentina";"ARG";"Primera C";"28-06-2026 15:00";"NS";"Puerto Nuevo";"";"";"Victoriano Arenas";"";"";"3.8";"6.2";"4";"3";"8.5";"65";"55";"45";"25";"18";"8.1";"9.7";"8.3";"9.9";"8";"3.5";"4.9";"3.9";"3.7";"7.8";"40";"60";"50";"80";"9";"11.6";"8.3"
"Argentina";"ARG";"Primera C";"28-06-2026 15:00";"NS";"Leandro Nicéforo Alem";"";"";"Berazategui";"";"";"3.4";"5";"4.3";"4.3";"8.5";"55";"50";"40";"25";"18";"8.4";"9.1";"8.6";"10";"7.8";"3.3";"4.4";"3.5";"4.4";"7.8";"40";"44";"40";"60";"9";"6.5";"9.1"
"Argentina";"ARG";"Primera C";"28-06-2026 15:00";"NS";"Defensores de Cambaceres";"";"";"Estrella del Sur";"";"";"4.6";"4.7";"4.6";"2.9";"8.4";"45";"40";"25";"20";"16";"9.6";"8.9";"8.6";"5.1";"6.2";"3.9";"3.3";"3.2";"2.1";"7.8";"67";"60";"50";"60";"8";"16";"14.8"
"Argentina";"ARG";"Primera B Metropolitana";"28-06-2026 13:00";"NS";"Liniers";"";"";"Villa San Carlos";"";"";"5.9";"4.3";"3.7";"3.6";"8.8";"60";"55";"45";"25";"16";"7.8";"7.8";"8.4";"8";"5.9";"2.9";"2.7";"3";"3.2";"8.6";"60";"50";"70";"50";"9";"15.6";"19.5"
"Argentina";"ARG";"Primera B Metropolitana";"28-06-2026 13:00";"NS";"UAI Urquiza";"";"";"Sportivo Italiano";"";"";"4.6";"3.8";"5.1";"4";"8.8";"60";"50";"40";"30";"15.7";"6.9";"8.3";"8.4";"7.8";"6.2";"2.4";"3.4";"3.3";"3.2";"8.6";"20";"60";"30";"50";"8";"11.5";"10.4"
"Argentina";"ARG";"Primera B Metropolitana";"28-06-2026 13:00";"NS";"Deportivo Laferrere";"";"";"Argentino Quilmes";"";"";"3.7";"4.2";"4.7";"4.5";"8.6";"50";"50";"30";"20";"17.5";"10";"6.9";"8.7";"9.4";"6.9";"3.9";"3.3";"3.7";"2.9";"8.6";"70";"50";"40";"50";"8";"8.3";"6.3"
"Argentina";"ARG";"Primera B Metropolitana";"28-06-2026 15:00";"NS";"Arsenal de Sarandí";"";"";"Dock Sud";"";"";"5.9";"5.5";"4.2";"2.1";"8.8";"65";"60";"50";"30";"17.2";"9.3";"7.7";"8.4";"8.9";"6.6";"3.6";"2.9";"3";"3.8";"8.6";"40";"70";"70";"80";"9";"7.2";"7.7"
"Argentina";"ARG";"Primera B Metropolitana";"28-06-2026 15:00";"NS";"Argentino Merlo";"";"";"Comunicaciones";"";"";"2.8";"4.6";"4.5";"3.7";"7.8";"55";"40";"35";"15";"16";"7.8";"9";"8.5";"6.6";"7";"3.6";"4";"4.2";"2.2";"8.6";"50";"60";"30";"60";"8";"9.8";"5.6"
"Argentina";"ARG";"Torneo Federal A";"28-06-2026 15:00";"NS";"Independiente Chivilcoy";"";"";"Douglas Haig";"";"";"3.5";"6";"5.3";"3.9";"9.4";"75";"65";"50";"40";"20";"9.9";"11.1";"12.5";"6.4";"7.5";"3.1";"3.7";"5.3";"2.9";"8.9";"30";"70";"40";"70";"9";"24.8";"18.5"
"Argentina";"ARG";"Torneo Federal A";"28-06-2026 15:00";"NS";"El Linqueño";"";"";"Sportivo Belgrano";"";"";"4.2";"4.6";"4.3";"5.9";"9.5";"75";"70";"55";"30";"19.2";"8.8";"8.9";"10.2";"10.6";"7.5";"3.4";"4.3";"3.7";"3.6";"8.9";"40";"50";"40";"30";"9";"14.7";"6.8"
"Argentina";"ARG";"Torneo Federal A";"28-06-2026 15:00";"NS";"Sol de América";"";"";"San Martín Formosa";"";"";"4.1";"4.9";"4.6";"3.7";"8.6";"50";"45";"35";"25";"21.5";"7.8";"13.5";"10";"11.6";"9.8";"3.7";"6.4";"4.3";"5.2";"8.9";"40";"78";"50";"60";"9";"7.1";"6.8"
"Argentina";"ARG";"Torneo Federal A";"28-06-2026 15:00";"NS";"Germinal de Rawson";"";"";"Deportivo Santamarina";"";"";"3.1";"4.5";"6.8";"5.7";"10";"57";"57";"57";"52";"17.4";"6.8";"8.3";"9.8";"9.8";"8.4";"3.3";"3.1";"4.6";"5.7";"8.9";"12";"33";"33";"30";"10";"13.6";"11.9"
"Argentina";"ARG";"Torneo Federal A";"28-06-2026 15:00";"NS";"Villa Mitre";"";"";"Alvarado";"";"";"5.6";"5";"2.7";"2.4";"7.8";"40";"35";"30";"15";"16.5";"8";"12.3";"5.4";"7.3";"6.3";"3.6";"4.9";"1.9";"2.2";"8.9";"70";"90";"40";"80";"9";"16";"10.3"
"Argentina";"ARG";"Torneo Federal A";"28-06-2026 15:00";"NS";"Circulo Deportivo";"";"";"Olimpo";"";"";"3.5";"4.3";"4";"3.2";"7.5";"40";"30";"25";"20";"17.8";"9.9";"8.4";"10.2";"7";"6.8";"3.2";"3.9";"3.6";"2.8";"8.9";"60";"60";"50";"70";"8";"99";"21"
"Argentina";"ARG";"Torneo Federal A";"28-06-2026 15:00";"NS";"Kimberley Mar del Plata";"";"";"Guillermo Brown";"";"";"5.2";"2";"3.7";"5.4";"8.2";"54";"44";"28";"16";"17.9";"9.2";"7.1";"8.6";"10.9";"7.3";"3.7";"2.9";"3.5";"4.5";"8.9";"50";"38";"40";"12";"8";"11.5";"8.9"
"Argentina";"ARG";"Torneo Federal A";"28-06-2026 15:30";"NS";"Escobar FC";"";"";"Gimnasia Concepción";"";"";"5.4";"3.2";"2.7";"4.5";"7.9";"50";"45";"35";"25";"18.8";"10.3";"9";"8.9";"9.3";"7.1";"4.1";"3.2";"4.2";"2.7";"8.9";"70";"20";"80";"40";"8";"9.7";"15"
"Argentina";"ARG";"Torneo Federal A";"28-06-2026 15:30";"NS";"Juventud Antoniana";"";"";"Defensores Pto. Vilelas";"";"";"6";"3.8";"3.4";"6.6";"9.9";"80";"70";"50";"35";"20.8";"11.5";"11.2";"8.1";"10.8";"8.6";"5.1";"4";"3.2";"4.9";"8.9";"50";"40";"80";"0";"10";"28.8";"9.3"
"Argentina";"ARG";"Torneo Federal A";"28-06-2026 15:30";"NS";"Costa Brava";"";"";"San Martín Mendoza";"";"";"5.4";"4.5";"3";"3.8";"8.4";"60";"35";"30";"15";"17.5";"12.4";"8.4";"6.6";"7.6";"7.2";"4.6";"3.2";"2.8";"3.8";"8.9";"60";"40";"60";"50";"9";"20.7";"10.5"
"Argentina";"ARG";"Torneo Federal A";"28-06-2026 16:00";"NS";"9 de Julio Rafaela";"";"";"Gimnasia Chivilcoy";"";"";"2.9";"3.7";"5";"4.1";"7.8";"55";"44";"29";"11";"17.4";"8.8";"9.8";"8.9";"7.3";"7.4";"4.5";"4.2";"3.6";"2.5";"8.9";"38";"40";"12";"40";"8";"4.4";"8.9"
"Argentina";"ARG";"Torneo Federal A";"28-06-2026 16:00";"NS";"Sarmiento de La Banda";"";"";"Bartolomé Mitre";"";"";"5.7";"4.1";"4.7";"5.1";"9.8";"65";"65";"50";"40";"19.4";"8.2";"12.7";"7.9";"10";"7.3";"3";"5.1";"3.3";"3.2";"8.9";"50";"60";"40";"30";"9";"7.5";"11.5"
"Argentina";"ARG";"Torneo Federal A";"28-06-2026 16:00";"NS";"Sarmiento Resistencia";"";"";"Tucumán Central";"";"";"5";"3.7";"3.3";"4.2";"8.1";"55";"50";"35";"25";"20.8";"10.6";"9.2";"11.7";"10";"7.8";"4.4";"2.9";"4.8";"3.6";"8.9";"40";"50";"60";"50";"9";"15.1";"8.4"
"Argentina";"ARG";"Reserve League";"28-06-2026 11:00";"INPLAY_1ST_HALF";"Vélez Sársfield Res.";"1";"0";"Newell's Old Boys Res.";"1";"0";"5";"4.8";"2.4";"3.6";"7.9";"50";"35";"25";"15";"18.2";"11.3";"10.2";"7.6";"7.2";"8.2";"6";"4.5";"2.3";"3.6";"9";"60";"50";"80";"60";"9";"4.9";"5.7"
"Argentina";"ARG";"Reserve League";"28-06-2026 14:00";"NS";"Boca Juniors Res.";"";"";"Atlético Tucumán Res.";"";"";"5.5";"4.7";"2.3";"4.8";"8.6";"60";"40";"30";"15";"19.3";"12.2";"10.1";"7.1";"9.2";"7.6";"5";"4.5";"1.8";"3.9";"9";"60";"50";"90";"50";"9";"7.1";"6.3"
"Argentina";"ARG";"Copa Santa Fe";"28-06-2026 15:00";"NS";"Argentino Rosario";"";"";"Union Arroyo Seco";"";"";"3";"";"5.2";"";"";"";"";"";"";"";"7.9";"";"9.2";"";"";"4";"";"4";"";"9.5";"44";"";"11";"";"";"";""
"Argentina";"ARG";"Copa Santa Fe";"28-06-2026 15:30";"NS";"Náutico El Quillá";"";"";"Atlético Tostado";"";"";"";"";"";"";"";"";"";"";"";"";"";"";"";"";"";"";"";"";"";"9.5";"";"";"";"";"";"";""
"Argentina";"ARG";"Copa Santa Fe";"28-06-2026 16:00";"NS";"Atlético Rafaela";"";"";"Sportivo Suardi";"";"";"4.4";"";"4.7";"";"";"";"";"";"";"";"7.2";"";"10.1";"";"";"3";"";"4.6";"";"9.5";"56";"";"33";"";"";"";""
"Argentina";"ARG";"Copa Santa Fe";"28-06-2026 16:00";"NS";"Atlético Brown";"";"";"Sanjustino";"";"";"";"";"";"";"";"";"";"";"";"";"";"";"";"";"";"";"";"";"";"9.5";"";"";"";"";"";"";""
"Australia";"AUS";"Queensland Premier League 3 Metro";"28-06-2026 02:00";"FT";"Logan Roos";"1";"1";"Yeronga Eagles";"1";"0";"5";"6";"4.9";"4.1";"10";"89";"61";"40";"28";"25.5";"8.8";"17.6";"12.7";"11.9";"13.3";"4.1";"10.2";"6.6";"5.6";"10.4";"20";"50";"50";"62";"11";"4.2";"5.2"
"Australia";"AUS";"Queensland Premier League 3 Metro";"28-06-2026 04:00";"FT";"Redcliffe PCYC";"2";"4";"Mt Gravatt Hawks";"0";"3";"3.1";"4.1";"9.2";"6.1";"11.4";"87";"80";"73";"59";"27.4";"12";"11.6";"18";"13.1";"14.8";"5.6";"5";"10.6";"8.4";"10.4";"25";"57";"12";"43";"11";"6.3";"11.6"
"Australia";"AUS";"Queensland Premier League 3 Metro";"28-06-2026 04:00";"FT";"North Brisbane";"2";"0";"Ipswich Knights";"1";"0";"3.2";"2.9";"6.2";"5.9";"9.1";"73";"66";"27";"20";"27.2";"12";"10";"19.4";"12.9";"16.4";"7.9";"5.1";"11.5";"8.1";"10.4";"14";"43";"12";"43";"10";"8.6";"6.2"
"Australia";"AUS";"Capital Territory";"28-06-2026 02:00";"FT";"Canberra FC";"1";"2";"Tuggeranong United";"1";"1";"6";"4.2";"3";"8.3";"10.8";"70";"65";"45";"45";"25.6";"14.2";"12.2";"9.4";"15.4";"15.2";"8.4";"7.5";"5.9";"8.7";"9.5";"50";"40";"60";"10";"10";"5.1";"4.4"
"Australia";"AUS";"Capital Territory";"28-06-2026 02:00";"FT";"Gungahlin Juventus";"2";"0";"Brindabella Blues";"0";"0";"7.1";"2.9";"4.6";"6.2";"10.4";"75";"55";"45";"45";"22";"9.4";"6.7";"11.3";"16.7";"11.2";"5";"3";"6.6";"7.9";"9.5";"40";"10";"70";"20";"10";"3.9";"9.6"
"Australia";"AUS";"New South Wales";"28-06-2026 02:00";"FT";"Marconi Stallions";"2";"0";"Blacktown City";"1";"0";"4.9";"4.7";"3.4";"5.3";"9.2";"57";"52";"46";"42";"18.5";"11.9";"8.9";"6";"10.3";"8.6";"5.2";"4.5";"2.4";"4.9";"9.4";"89";"50";"44";"20";"9";"7";"6.8"
"Australia";"AUS";"New South Wales";"28-06-2026 03:15";"FT";"APIA Leichhardt Tigers";"0";"2";"Rockdale Ilinden FC";"0";"1";"5.3";"5.3";"4.3";"3.3";"9.1";"64";"53";"43";"37";"20.5";"12.7";"12.2";"7.8";"8.5";"10.7";"7.2";"5.4";"4.4";"4.3";"9.4";"67";"50";"56";"70";"10";"6.4";"7.2"
"Australia";"AUS";"Npl Tasmania";"28-06-2026 01:30";"FT";"Kingborough Lions";"2";"1";"Devonport City";"1";"0";"6.7";"6";"3.7";"4";"10.2";"93";"78";"64";"29";"22.3";"19.7";"9.4";"9.6";"5.9";"10.7";"10.6";"3.6";"4.6";"2.7";"11.5";"86";"86";"71";"71";"11";"4.9";"4.1"
"Australia";"AUS";"Npl Tasmania";"28-06-2026 01:30";"FT";"Launceston City";"1";"0";"South East United";"0";"0";"6.4";"3.9";"4.6";"9.9";"12.4";"94";"88";"78";"66";"24";"13.6";"7.4";"11.2";"15.7";"12.2";"7.8";"3.1";"5.6";"7.9";"11.5";"56";"0";"78";"12";"11";"5.2";"4.9"
"Australia";"AUS";"Npl Queensland";"28-06-2026 02:00";"FT";"Gold Coast United";"0";"1";"Moreton City Excelsior";"0";"0";"4.8";"6.9";"5.2";"2.8";"9.8";"85";"75";"65";"50";"21.6";"8";"13.6";"13.1";"8.5";"10.8";"4.2";"6.4";"6.7";"4.2";"10.4";"30";"60";"30";"90";"10";"8";"4.5"
"Australia";"AUS";"Npl Queensland";"28-06-2026 04:00";"FT";"Queensland Lions";"6";"2";"Wynnum Wolves FC";"2";"0";"7.7";"5.7";"3.6";"6.2";"11.6";"94";"84";"84";"58";"25.4";"17.9";"10.9";"7.9";"14.1";"11.6";"8.8";"3.8";"3.9";"6.7";"10.4";"78";"40";"78";"50";"11";"7.2";"9.1"
"Australia";"AUS";"Npl Victoria";"28-06-2026 02:30";"FT";"South Melbourne";"1";"2";"Green Gully";"0";"1";"4.7";"4.8";"4.6";"5.8";"10";"80";"60";"55";"45";"19.8";"10.7";"8.7";"8.9";"11.3";"9.3";"5.5";"3.6";"4.7";"4.8";"10.1";"50";"30";"60";"30";"10";"5.1";"17.4"
"Australia";"AUS";"Northern Nsw";"28-06-2026 02:00";"FT";"Broadmeadow Magic";"5";"1";"Weston Workers FC";"1";"1";"5.3";"6.9";"4.6";"5.3";"11";"76";"58";"52";"52";"19.8";"13.2";"12.1";"7.6";"6.7";"9";"6.4";"4.6";"3.8";"3.1";"10.9";"33";"71";"78";"57";"11";"4.7";"5.5"
"Australia";"AUS";"Northern Nsw";"28-06-2026 02:00";"DELAYED";"Kahibah";"0";"0";"Maitland";"0";"0";"3.9";"5.3";"7";"6.3";"11.2";"73";"73";"66";"54";"20.4";"9";"7.1";"15.9";"8.9";"10.2";"4.9";"3.3";"8.6";"3.6";"10.9";"38";"57";"0";"29";"11";"5.6";"2.7"
"Australia";"AUS";"Victoria NPL Youth League";"28-06-2026 02:30";"FT";"Heidelberg United U23";"2";"1";"Oakleigh Cannons U23";"1";"1";"5";"4.6";"3.6";"2.1";"7.7";"58";"34";"22";"11";"24.8";"12.9";"12.8";"14.1";"9.9";"14.7";"8";"7.1";"8.8";"5.5";"8.9";"89";"62";"78";"75";"8";"3.4";"6.2"
"Australia";"AUS";"Brisbane Reserves Premier League";"28-06-2026 00:00";"AWAITING_UPDATES";"Logan Roos U23";"";"";"Yeronga Eagles U23";"";"";"";"";"";"";"";"";"";"";"";"";"";"";"";"";"";"";"";"";"";"0";"";"";"";"";"";"";""
"Australia";"AUS";"Brisbane Reserves Premier League";"28-06-2026 02:00";"AWAITING_UPDATES";"Redcliffe Dolphins U23";"";"";"Mt Gravatt U23";"";"";"";"";"";"";"";"";"";"";"";"";"";"";"";"";"";"";"";"";"";"0";"";"";"";"";"";"";""
"Australia";"AUS";"Brisbane Reserves Premier League";"28-06-2026 02:00";"AWAITING_UPDATES";"North Brisbane U23";"";"";"Ipswich Knights U23";"";"";"";"";"";"";"";"";"";"";"";"";"";"";"";"";"";"";"";"";"";"0";"";"";"";"";"";"";""
"Australia";"AUS";"Northern Territory Premier League";"28-06-2026 03:30";"FT";"Darwin Olympic";"2";"3";"Darwin Hearts";"1";"3";"4.8";"5.7";"4.6";"2.9";"9";"68";"68";"42";"32";"21";"12.7";"11.3";"9.3";"8.6";"11.2";"6.6";"5.6";"5.6";"4.7";"8.9";"50";"89";"40";"89";"9";"3.6";"5.6"
"Australia";"AUS";"New South Wales NPL Youth League";"28-06-2026 00:00";"FT";"Marconi Stallions U20";"3";"1";"Blacktown City U20";"2";"1";"5.4";"5.3";"3.2";"4";"9";"58";"48";"26";"26";"21.5";"12.5";"12.9";"7.5";"10.1";"10";"6.1";"5.1";"3.1";"5.6";"9";"60";"62";"60";"67";"9";"6.2";"6.4"
"Australia";"AUS";"New South Wales NPL Youth League";"28-06-2026 05:15";"FT";"APIA Leichhardt U20";"1";"2";"Rockdale Ilinden U20";"1";"1";"6.4";"3.3";"3";"5.2";"9";"68";"46";"31";"20";"22";"13.4";"9.6";"7";"14";"9.6";"5.7";"4.2";"3";"6.1";"9";"80";"38";"80";"22";"9";"6.1";"5.1"
"Australia";"AUS";"Queensland Premier League 2";"28-06-2026 03:00";"FT";"Brisbane Knights";"6";"2";"Caloundra";"3";"1";"3.4";"7.4";"7.6";"5.3";"11.9";"94";"88";"74";"60";"32";"10.1";"16.9";"22.1";"14.9";"20";"5.3";"10.9";"13.7";"10.1";"11";"71";"44";"0";"78";"12";"7.8";"8"
"Australia";"AUS";"Queensland NPL Youth League";"28-06-2026 01:45";"FT";"Lions U23";"4";"0";"Wolves U23";"1";"0";"5.9";"4.4";"3.9";"5.6";"9.9";"75";"62";"62";"50";"26.6";"12.5";"13.1";"10";"17.4";"13.1";"6.5";"6.1";"3.8";"9.9";"10.2";"62";"71";"75";"38";"10";"5.4";"7.3"
"Australia";"AUS";"Queensland NPL Youth League";"28-06-2026 03:30";"AWAITING_UPDATES";"Peninsula Power U23";"";"";"Queensland U16";"";"";"4.3";"5";"5.7";"4";"9.5";"65";"55";"50";"50";"";"12.6";"";"13.8";"";"";"7.7";"";"7.9";"";"10.2";"50";"";"20";"50";"10";"";""
"Australia";"AUS";"NSW League One Youth";"28-06-2026 05:00";"AWAITING_UPDATES";"Prospect United U20";"";"";"Bulls Academy U20";"";"";"2.7";"4.5";"4.7";"5";"8.4";"72";"57";"32";"7";"23.8";"9";"17.5";"11.7";"9.5";"11.8";"3.9";"10.5";"3.1";"6";"9";"0";"0";"14";"0";"9";"6.4";"9.7"
"Australia";"AUS";"Northern NSW Reserve League";"28-06-2026 00:00";"DELAYED";"Kahibah Res.";"";"";"Maitland Res.";"";"";"6";"4";"7";"6.2";"11.6";"84";"84";"84";"58";"22.8";"7.3";"9.2";"17.3";"11.8";"13.2";"4.3";"6";"9.3";"6.7";"10.3";"0";"17";"33";"33";"11";"3.6";"4.6"
"Australia";"AUS";"Northern NSW Reserve League";"28-06-2026 00:00";"DELAYED";"Broadmeadow Magic Res.";"";"";"Weston Workers Res.";"";"";"8";"5.8";"5";"4.8";"11.8";"90";"80";"80";"70";"23.3";"11.5";"13.8";"7.8";"13.6";"13.7";"4.8";"8.4";"5.5";"8.8";"10.3";"75";"80";"75";"80";"11";"4.8";"6"
"Australia";"AUS";"Northern NSW State League 1 Reserves";"28-06-2026 00:00";"AWAITING_UPDATES";"Wallsend Res.";"";"";"Singleton Strikers Res.";"";"";"";"";"";"";"";"";"";"";"";"";"";"";"";"";"";"";"";"";"";"";"";"";"";"";"";"";""
"Australia";"AUS";"Northern NSW State League 1 Reserves";"28-06-2026 00:00";"AWAITING_UPDATES";"West Wallsend Res.";"";"";"Newcastle Croatia Res.";"";"";"";"";"";"";"";"";"";"";"";"";"";"";"";"";"";"";"";"";"";"";"";"";"";"";"";"";""
"Australia";"AUS";"Northern NSW State League 1 Reserves";"28-06-2026 01:00";"AWAITING_UPDATES";"Lake Macquarie Res.";"";"";"Dudley Redhead Utd Res.";"";"";"";"";"";"";"";"";"";"";"";"";"";"";"";"";"";"";"";"";"";"";"";"";"";"";"";"";""
"Australia";"AUS";"New South Wales NPL 2";"28-06-2026 07:00";"FT";"Prospect United";"1";"1";"Bulls Academy";"1";"0";"3.3";"6";"6.3";"3.3";"9.5";"78";"67";"44";"38";"23.4";"8.8";"12";"14.8";"11.2";"10.6";"2.6";"6.6";"6";"6.1";"9.9";"22";"33";"11";"78";"10";"9.8";"7.5"
"Australia";"AUS";"Northern NSW State League 1";"28-06-2026 02:00";"POSTPONED";"Wallsend";"";"";"Singleton Strikers";"";"";"";"";"";"";"";"";"";"";"";"";"";"";"";"";"";"";"";"";"";"0";"";"";"";"";"";"";""
"Australia";"AUS";"Northern NSW State League 1";"28-06-2026 02:00";"AWAITING_UPDATES";"West Wallsend";"";"";"Newcastle Croatia";"";"";"";"";"";"";"";"";"";"";"";"";"";"";"";"";"";"";"";"";"";"0";"";"";"";"";"";"";""
"Australia";"AUS";"Northern NSW State League 1";"28-06-2026 03:00";"AWAITING_UPDATES";"Weston Workers";"";"";"Dudley Redhead Senior";"";"";"";"";"";"";"";"";"";"";"";"";"";"";"";"";"";"";"";"";"";"0";"";"";"";"";"";"";""
"Australia";"AUS";"New South Wales NPL 3";"28-06-2026 04:00";"FT";"Bonnyrigg White Eagles";"2";"3";"Granville Rage";"0";"2";"4.4";"3.7";"3.4";"4.5";"8";"45";"45";"28";"18";"24";"12.6";"11";"13";"11.3";"12.8";"8.6";"5";"5.6";"6.5";"10";"40";"50";"60";"33";"9";"7";"7.3"
"Australia";"AUS";"New South Wales NPL 3 Youth";"28-06-2026 02:00";"AWAITING_UPDATES";"Bonnyrigg WE U20";"";"";"Western Rage U20";"";"";"";"";"";"";"";"";"";"";"";"";"";"";"";"";"";"";"";"";"";"";"";"";"";"";"";"";""
"Belarus";"BLR";"Vysshaya Liga";"28-06-2026 12:00";"NS";"Dnepr Mogilev";"";"";"Neman Grodno";"";"";"5.4";"5.5";"4.8";"4.5";"10.1";"70";"65";"60";"55";"15.4";"6.9";"8.7";"8.6";"6.7";"5.9";"2.3";"3.1";"2.5";"3.9";"10";"70";"33";"50";"60";"10";"6.9";"7.2"
"Belarus";"BLR";"Vysshaya Liga";"28-06-2026 12:30";"NS";"Isloch";"";"";"Belshina";"";"";"7.3";"5.7";"4.9";"6.1";"12";"95";"90";"70";"60";"16.9";"10.4";"8.1";"6.3";"8.9";"7.4";"4.8";"3.9";"2.3";"3.7";"10";"50";"30";"60";"40";"11";"6.9";"7.4"
"Belarus";"BLR";"Pershaya Liga";"28-06-2026 08:00";"FT";"Orsha";"0";"4";"Minsk II";"0";"1";"3";"5.1";"6";"6.1";"10.1";"65";"65";"54";"49";"15.6";"3.5";"7.2";"11.5";"8.9";"6.5";"1.3";"2.7";"5";"4";"10.1";"38";"60";"12";"50";"10";"3.5";"8"
"Belarus";"BLR";"Pershaya Liga";"28-06-2026 10:00";"INPLAY_2ND_HALF";"FC Ostrovets";"1";"1";"Dinamo Minsk II";"0";"1";"7.3";"5";"4.1";"5.9";"11.2";"84";"84";"84";"74";"15.3";"8.2";"8.7";"6.1";"7.7";"7.4";"4.1";"3.7";"3.3";"3.7";"10.1";"56";"40";"67";"50";"11";"6.3";"3.5"
"Belarus";"BLR";"Pershaya Liga";"28-06-2026 12:00";"NS";"BATE II";"";"";"Energetik-BGU";"";"";"4.2";"5.6";"6.1";"5.5";"10.7";"74";"74";"68";"58";"17.6";"7.4";"10.7";"7.1";"10";"8";"3.7";"5.3";"3";"4.1";"10.1";"67";"60";"33";"40";"11";"4.9";"4.1"
"Brazil";"BRA";"Serie C";"28-06-2026 11:00";"INPLAY_1ST_HALF";"Figueirense";"0";"0";"Guarani";"0";"0";"5.7";"6.7";"4.5";"4.4";"10.6";"75";"65";"60";"45";"22.9";"11";"16.2";"9.9";"8.7";"8.4";"3.6";"6.2";"3.6";"3.4";"10.5";"40";"60";"60";"60";"10";"12.2";"7.7"
"Brazil";"BRA";"Serie C";"28-06-2026 20:30";"NS";"Ypiranga Erechim";"";"";"Confiança";"";"";"6.3";"6.3";"5.5";"4.2";"11.2";"90";"75";"70";"65";"26.7";"13.1";"12.9";"15.2";"12.2";"9.9";"5.3";"4";"5.6";"4.9";"10.5";"50";"50";"50";"80";"11";"10.1";"17.7"
"Brazil";"BRA";"Serie C";"28-06-2026 20:30";"NS";"Ituano";"";"";"Maranhão";"";"";"5.6";"4.4";"5.8";"5.3";"10.6";"75";"75";"55";"45";"26.5";"13.5";"12.1";"13.4";"14";"8.2";"4.6";"3.7";"4.4";"3.6";"10.5";"50";"50";"40";"40";"11";"10.4";"13.4"
"Brazil";"BRA";"Serie D";"28-06-2026 15:30";"NS";"Juazeirense";"";"";"Serra Branca";"";"";"3.7";"5.3";"5.9";"4.6";"9.8";"60";"60";"60";"50";"20";"10.3";"12.1";"10.7";"7";"7";"3.2";"4.3";"4.2";"2.3";"9.6";"20";"70";"30";"50";"9";"20.6";"9.3"
"Brazil";"BRA";"Serie D";"28-06-2026 16:00";"NS";"ABC";"";"";"Altos";"";"";"6";"6.2";"4.9";"4.4";"10.8";"74";"68";"63";"47";"24.9";"13.6";"13.8";"13";"9.4";"8.6";"4.3";"4.4";"4.5";"4.1";"9.6";"50";"56";"60";"56";"10";"7.6";"15.3"
"Brazil";"BRA";"Serie D";"28-06-2026 16:00";"NS";"Cianorte";"";"";"Independiente FSJ";"";"";"5";"3.3";"3.9";"4.9";"8.6";"70";"55";"35";"20";"17.9";"10.3";"6.9";"9.4";"9.2";"6.2";"3.9";"1.8";"3.6";"3";"9.6";"60";"30";"40";"30";"9";"9.4";"23"
"Brazil";"BRA";"Serie D";"28-06-2026 16:00";"NS";"Marcílio Dias";"";"";"Cascavel";"";"";"7.2";"4.6";"4.5";"3.9";"10";"73";"73";"52";"46";"19";"9.5";"10.6";"11.3";"6.8";"7.2";"3";"4.3";"4";"3";"9.6";"40";"78";"60";"44";"10";"8.6";"10.6"
"Brazil";"BRA";"Serie D";"28-06-2026 16:00";"NS";"Noroeste";"";"";"Portuguesa RJ";"";"";"5.8";"3.6";"4.8";"4.1";"9.2";"70";"50";"35";"30";"22.6";"12.5";"10.6";"10";"12";"8";"4.4";"4.3";"3.2";"4.1";"9.6";"60";"40";"50";"30";"10";"9.6";"7.6"
"Brazil";"BRA";"Serie D";"28-06-2026 16:30";"NS";"Manauara";"";"";"Independencia";"";"";"6.7";"3.1";"3.7";"4.7";"9.1";"56";"52";"46";"36";"22";"13";"10.7";"6.9";"13.3";"8.7";"5.4";"4.6";"1.6";"5.9";"9.6";"50";"33";"80";"33";"8";"8.7";"6.3"
"Brazil";"BRA";"Serie D";"28-06-2026 17:00";"NS";"Ferroviário";"";"";"Central";"";"";"4.4";"4.2";"4.2";"5.7";"9.2";"70";"65";"55";"25";"25.8";"14.7";"12.6";"11.3";"13";"9.4";"4.3";"5.6";"4.6";"4.2";"9.6";"30";"70";"60";"30";"9";"11.3";"15.7"
"Brazil";"BRA";"Serie D";"28-06-2026 17:00";"NS";"Nacional AM";"";"";"Araguaína";"";"";"6.9";"6.1";"3.7";"3.8";"10.2";"75";"70";"60";"50";"17.8";"12.3";"10.2";"8.1";"5";"8";"4.8";"5.7";"2.9";"2.5";"9.6";"70";"50";"40";"60";"10";"11.2";"3.5"
"Brazil";"BRA";"Serie D";"28-06-2026 17:00";"NS";"Treze";"";"";"Jacuipense";"";"";"4.7";"5.8";"4.7";"5.9";"10.6";"75";"75";"65";"50";"22.3";"11.5";"10.8";"10.6";"11.7";"7.5";"4";"3.7";"4.3";"3";"9.6";"60";"30";"40";"40";"10";"6.4";"8.9"
"Brazil";"BRA";"Serie D";"28-06-2026 17:00";"NS";"Porto Velho";"";"";"São Raimundo RR";"";"";"4.9";"4.2";"6.6";"5.9";"10.8";"89";"78";"72";"49";"19.1";"10.4";"7.8";"9.5";"10.6";"7.4";"4.9";"2.8";"3.9";"3.3";"9.6";"38";"50";"38";"40";"10";"4";"7.1"
"Brazil";"BRA";"Serie D";"28-06-2026 18:00";"NS";"Luverdense";"";"";"Ceilândia";"";"";"4.9";"4.6";"4";"3.9";"8.7";"70";"60";"35";"20";"20.2";"11.2";"10.2";"7.9";"11";"7.5";"4.2";"3";"3.2";"4.6";"9.6";"70";"50";"60";"40";"9";"10.2";"10.2"
"Brazil";"BRA";"Serie D";"28-06-2026 18:00";"NS";"Guaporé";"";"";"Monte Roraima";"";"";"5.1";"4.1";"3";"4.3";"8.2";"61";"45";"22";"16";"19.3";"12.6";"8.7";"9.1";"8.2";"8.4";"5.6";"3.5";"4.4";"3.3";"9.6";"88";"40";"75";"40";"9";"6.6";"5.4"
"Brazil";"BRA";"Mineiro 2";"28-06-2026 10:00";"INPLAY_2ND_HALF";"CAP Patrocinense";"0";"0";"Uberaba";"0";"0";"3.8";"4.6";"5.6";"4.3";"9.1";"78";"50";"44";"33";"21.4";"9.9";"10.8";"11.1";"11.1";"8.8";"5.5";"4.1";"4.6";"3.3";"8.1";"0";"22";"33";"44";"9";"11";"7.7"
"Brazil";"BRA";"Mineiro 2";"28-06-2026 10:00";"INPLAY_2ND_HALF";"Aymorés";"0";"1";"Valeriodoce";"0";"1";"4.1";"4";"3.7";"4.9";"8.4";"50";"45";"40";"32";"20.4";"11";"11.3";"10.4";"8";"6.8";"3.7";"4";"2.9";"3";"8.1";"62";"43";"56";"43";"9";"9.6";"10.3"
"Brazil";"BRA";"Mineiro 2";"28-06-2026 10:30";"INPLAY_1ST_HALF";"Boa";"0";"0";"Mamoré";"0";"0";"6.4";"4";"5.8";"2.6";"9.4";"64";"44";"44";"38";"24";"11.6";"12.3";"9.6";"14.4";"9";"4";"4.4";"4.4";"5.3";"8.1";"75";"86";"50";"57";"9";"8.3";"24.6"
"Brazil";"BRA";"Paulista Série B";"28-06-2026 10:00";"INPLAY_2ND_HALF";"Osasco Audax";"0";"0";"Flamengo SP";"0";"0";"6.7";"4.7";"4.6";"4.4";"10.2";"78";"67";"56";"41";"19.9";"11.2";"10.3";"10.7";"7.6";"7.2";"4.6";"3.4";"3.4";"3";"9.5";"56";"44";"80";"33";"10";"7.5";"7.9"
"Brazil";"BRA";"Paulista Série B";"28-06-2026 10:00";"INPLAY_2ND_HALF";"Tupã";"0";"0";"Independente SP";"0";"0";"4.9";"5.7";"3.2";"2.7";"8.2";"56";"44";"29";"18";"19.8";"9.3";"12.3";"9.9";"8";"7.2";"4.2";"5.2";"2.8";"2.3";"9.5";"56";"0";"78";"57";"9";"7.1";"3.3"
"Brazil";"BRA";"Paulista Série B";"28-06-2026 15:00";"NS";"Santacruzense";"";"";"América SP";"";"";"2.4";"5.2";"4.9";"4";"8.2";"60";"36";"24";"18";"22.5";"8.6";"14.2";"10.7";"11.6";"8.6";"3.1";"5.2";"4.6";"4.1";"9.5";"25";"75";"11";"50";"9";"4.5";"10.9"
"Brazil";"BRA";"Paulista Série B";"28-06-2026 15:00";"NS";"Paulínia FU";"";"";"Itaquaquecetuba";"";"";"3.8";"7.6";"4.8";"2.4";"9.3";"66";"54";"42";"36";"18.4";"8.7";"11.9";"10.1";"6";"7.9";"3.4";"5";"4.4";"2.9";"9.5";"29";"86";"44";"88";"9";"7.9";"5.7"
"Brazil";"BRA";"Paulista U20";"28-06-2026 10:00";"INPLAY_2ND_HALF";"Portuguesa U20";"0";"0";"Ferroviária U20";"0";"0";"4";"4.3";"4.3";"4.6";"8.6";"62";"62";"44";"38";"22.7";"14";"13";"6.7";"11.7";"9.6";"6.2";"5.7";"2.8";"4.6";"9.1";"56";"78";"56";"33";"8";"7.8";"8.1"
"Brazil";"BRA";"Paulista U20";"28-06-2026 15:00";"NS";"Bragantino U20";"";"";"Capivariano U20";"";"";"7";"5.4";"3.8";"4.3";"10.2";"74";"74";"69";"53";"25";"16.2";"14.3";"10.6";"8.8";"9.9";"6.8";"5.1";"5";"2.8";"9.1";"56";"40";"78";"80";"9";"7";"11.9"
"Brazil";"BRA";"Paulista U20";"28-06-2026 15:00";"NS";"São Caetano U20";"";"";"Sao Paulo U20";"";"";"4.7";"6.8";"4";"3.3";"9.4";"70";"55";"45";"40";"20.8";"9";"14.1";"8.9";"9.7";"8.4";"3.7";"5";"4.1";"3.9";"9.1";"40";"40";"40";"70";"9";"7.5";"9.5"
"Brazil";"BRA";"Paulista U20";"28-06-2026 15:00";"NS";"Santos U20";"";"";"Corinthians U20";"";"";"5.5";"6";"3.4";"5.2";"10";"80";"74";"64";"43";"25.2";"16.2";"12.9";"10.2";"11";"9";"5.9";"4.8";"3.2";"4";"9.1";"50";"56";"60";"56";"10";"8.5";"6.4"
"Brazil";"BRA";"Catarinense 2";"28-06-2026 15:00";"NS";"Hercílio Luz";"";"";"Fluminense SC";"";"";"6.1";"4.4";"3.8";"5.1";"9.8";"59";"52";"52";"46";"19.2";"12.1";"8.9";"7";"10.4";"7.6";"6";"2.4";"2.1";"4.7";"9.5";"71";"43";"75";"43";"9";"6.7";"12.7"
"Brazil";"BRA";"Catarinense 2";"28-06-2026 16:00";"NS";"Caravaggio";"";"";"Guarani de Palhoça";"";"";"3";"3.9";"5.9";"3.8";"8.2";"66";"53";"40";"29";"20.6";"10.9";"8.9";"13";"8.5";"7.7";"4.4";"3.1";"3.9";"4";"9.5";"33";"50";"22";"50";"9";"4.2";"9.9"
"Brazil";"BRA";"Brasiliense U20";"28-06-2026 10:00";"INPLAY_2ND_HALF";"Capital DF U20";"3";"1";"CA Taguatinga U20";"3";"0";"7.2";"";"4.2";"";"";"";"";"";"";"";"20.3";"";"6.7";"";"";"11";"";"3";"";"10.5";"75";"";"75";"";"";"";""
"Brazil";"BRA";"Brasiliense U20";"28-06-2026 15:30";"NS";"Brasilia DF U20";"";"";"Planaltina DF U20";"";"";"8.5";"8.4";"6.5";"3.6";"13.5";"100";"100";"90";"90";"30.8";"18.5";"17.2";"17";"9";"12.2";"8";"7.4";"6.5";"2.4";"10.5";"50";"60";"100";"80";"12";"14.2";"5.5"
"Brazil";"BRA";"Brasiliense U20";"28-06-2026 15:30";"NS";"Luziânia U20";"";"";"Paranoá U20";"";"";"";"3.5";"";"4";"";"";"";"";"";"";"";"7";"";"12.5";"";"";"3.5";"";"5.5";"10.5";"";"50";"";"0";"";"";""
"Brazil";"BRA";"Brasiliense U20";"28-06-2026 15:30";"NS";"Santa Maria U20";"";"";"Ceilândia U20";"";"";"3.2";"1.8";"4.5";"5.6";"7.6";"55";"55";"32";"10";"27";"10.2";"12";"14.2";"17.4";"12.1";"3.8";"5.8";"5.2";"9.4";"10.5";"50";"60";"25";"20";"9";"6.4";"6.3"
"Brazil";"BRA";"Brasiliense U20";"28-06-2026 15:30";"NS";"Samambaia U20";"";"";"Brasiliense U20";"";"";"7.5";"6.7";"4.8";"4.7";"11.8";"92";"84";"71";"71";"22.7";"13.2";"11.3";"10";"10.8";"6.9";"3.5";"2.8";"4";"3.5";"10.5";"50";"67";"50";"83";"10";"7.8";"3.9"
"Brazil";"BRA";"Baiano U20";"28-06-2026 09:00";"FT";"Barcelona BA U20";"0";"5";"Vitoria U20";"0";"4";"5.4";"6";"4.4";"2.8";"9.3";"71";"65";"42";"42";"25.1";"17.6";"15.6";"7.8";"9.1";"9.2";"7";"4.8";"3.6";"3";"10";"80";"62";"40";"88";"9";"12.6";"7.8"
"Brazil";"BRA";"Baiano U20";"28-06-2026 15:00";"NS";"Jacobina U20";"";"";"Bahia U20";"";"";"4.5";"6";"6.5";"4.6";"10.8";"68";"60";"54";"46";"24.8";"9";"14.7";"12";"13.9";"9";"4";"5.7";"4";"4.3";"10";"100";"57";"0";"71";"11";"15";"9.8"
"Brazil";"BRA";"Torneio Otavio Pinto Guimaraes U20";"28-06-2026 14:45";"NS";"Flamengo RJ U20";"";"";"Paduano U20";"";"";"5.7";"3.3";"4.7";"4.7";"9.2";"74";"56";"20";"20";"22";"13.6";"6.3";"12.2";"12";"10.2";"6.2";"4";"5.3";"5";"10.4";"80";"33";"60";"33";"10";"9.1";"6.3"
"Brazil";"BRA";"Gaúcho - Estadual Junior U20";"28-06-2026 14:00";"NS";"Juventude U20";"";"";"São José PA U20";"";"";"4.1";"5.1";"6.3";"4.1";"9.9";"70";"64";"58";"46";"21.2";"11.1";"10.1";"10.7";"10.6";"8.2";"4.7";"3.7";"4.2";"3.9";"9.7";"33";"86";"40";"57";"9";"5.1";"5.6"
"Brazil";"BRA";"Catarinense U20";"28-06-2026 10:00";"INPLAY_2ND_HALF";"Carlos Renaux U20";"1";"3";"Chapecoense-SC U20";"0";"3";"4.6";"5.2";"4.4";"4.7";"9.4";"84";"67";"33";"28";"23.6";"9.7";"12.9";"12.7";"12.1";"8.7";"2.9";"5";"5.6";"4";"9.1";"33";"44";"56";"56";"9";"12.1";"9.2"
"Brazil";"BRA";"Maranhense 2";"28-06-2026 16:00";"NS";"Pinheiro";"";"";"Viana";"";"";"3.8";"3.8";"6.8";"7.2";"10.8";"100";"88";"68";"55";"23.9";"8.2";"8";"15.8";"15.8";"8.9";"3.5";"3";"5.5";"5.8";"0";"50";"50";"25";"0";"6";"13.7";"20"
"Canada";"CAN";"PCSL";"28-06-2026 18:00";"NS";"Gorge";"";"";"WIA";"";"";"";"";"";"";"";"";"";"";"";"";"";"";"";"";"";"";"";"";"";"0";"";"";"";"";"";"";""
"Canada";"CAN";"PCSL";"28-06-2026 19:00";"NS";"Mid Isle Highlanders";"";"";"Khalsa";"";"";"";"";"";"";"";"";"";"";"";"";"";"";"";"";"";"";"";"";"";"0";"";"";"";"";"";"";""
"Canada";"CAN";"PCSL";"28-06-2026 19:00";"CANCELLED";"Kamloops Rivers II";"";"";"AFA";"";"";"";"";"";"";"";"";"";"";"";"";"";"";"";"";"";"";"";"";"";"0";"";"";"";"";"";"";""
"Chile";"CHI";"Tercera A";"28-06-2026 16:30";"NS";"Futuro";"";"";"Chimbarongo";"";"";"2.3";"5.6";"5.2";"5.4";"9.2";"76";"76";"68";"44";"22.8";"6.3";"11.3";"13.8";"14.1";"10.1";"3.2";"5.6";"6.2";"5.3";"10.2";"33";"43";"0";"43";"9";"6.3";"9.4"
"China";"CHN";"Super League";"28-06-2026 07:00";"FT";"Qingdao West Coast";"3";"1";"Zhejiang";"1";"1";"4.4";"5";"4.5";"4.1";"9";"70";"60";"35";"25";"23.8";"9.3";"13.1";"13.6";"11.7";"8.2";"3.3";"5";"4.1";"4.1";"10.4";"60";"50";"60";"60";"10";"4.9";"7.4"
"China";"CHN";"Super League";"28-06-2026 08:00";"FT";"Dalian Yingbo";"1";"4";"Shanghai Shenhua";"1";"2";"7.1";"6.1";"4.3";"5";"11.2";"90";"80";"65";"60";"25";"15";"13.8";"9.4";"11.7";"8.8";"4.6";"4.8";"3.9";"4.3";"10.4";"50";"30";"60";"60";"11";"11.1";"5.9"
"China";"CHN";"League Two";"28-06-2026 08:00";"FT";"Beijing BIT";"1";"1";"Tai'an Tiankuang";"1";"1";"4.1";"4.2";"8";"4";"10.1";"85";"80";"55";"45";"20.4";"5.9";"12.3";"15.1";"7.4";"6.2";"2.3";"3.6";"3.9";"2.5";"8.7";"10";"50";"0";"60";"10";"5.7";"9.8"
"China";"CHN";"League Two";"28-06-2026 08:00";"FT";"Shandong Taishan II";"1";"0";"Shanxi Chongde Ronghai";"0";"0";"5.3";"3.9";"5";"5.9";"10";"80";"70";"60";"45";"20.2";"10.8";"12.7";"8.1";"8.9";"7";"3.7";"4.7";"2.5";"3.1";"8.7";"50";"30";"60";"30";"9";"6.8";"7.1"
"China";"CHN";"League Two";"28-06-2026 08:30";"FT";"Jiangxi Lushan";"2";"0";"Guangzhou Dandelion";"2";"0";"4";"4.7";"4.4";"2.8";"8";"55";"45";"35";"15";"18.9";"9";"10.2";"7.8";"10.8";"6.7";"3.3";"3.2";"2.5";"4.4";"8.7";"40";"60";"40";"70";"8";"7.3";"8.8"
"China";"CHN";"League Two";"28-06-2026 08:30";"FT";"Shenzhen 2028";"1";"0";"Chengdu Rongcheng II";"0";"0";"4.6";"3.6";"4.8";"4.3";"8.6";"75";"45";"30";"20";"20.4";"11.6";"7.8";"10.4";"11";"6.7";"4";"2.2";"3.2";"4";"8.7";"50";"20";"40";"40";"9";"5.1";"12.2"
"China";"CHN";"League Two";"28-06-2026 08:30";"FT";"Wenzhou";"0";"1";"Ganzhou Ruishi";"0";"1";"3.3";"2.3";"5.4";"5.1";"8";"70";"45";"30";"20";"19.2";"8.8";"8.4";"11.6";"9.5";"6";"2.8";"2.6";"4.4";"2.1";"8.7";"80";"40";"20";"10";"8";"8";"8.2"
"China";"CHN";"League Two";"28-06-2026 08:30";"FT";"Wuhan Three Towns II";"0";"1";"Hangzhou Linping Wuyue";"0";"0";"4";"4.5";"3.4";"3.3";"7.6";"55";"35";"25";"15";"21.2";"10.6";"9.8";"9.7";"12.2";"6.9";"2.9";"2.4";"3.7";"4.8";"8.7";"60";"50";"40";"60";"8";"15";"8"
"Cameroon";"CMR";"Elite One";"28-06-2026 09:45";"INPLAY_2ND_HALF";"Canon";"3";"0";"Victoria United";"0";"0";"2.4";"3.5";"6";"5.4";"8.6";"60";"50";"45";"45";"18.1";"6.6";"6.7";"10.9";"12";"6.5";"1.8";"3.1";"4.1";"4";"8.6";"30";"50";"20";"40";"9";"8.5";"5.2"
"Cameroon";"CMR";"Elite One";"28-06-2026 11:30";"NS";"Aigle Royal";"";"";"Panthère";"";"";"4";"3.4";"4.4";"3.6";"7.7";"60";"45";"25";"10";"15.6";"9.8";"9.2";"6.6";"5.6";"5.2";"3.1";"2.8";"2.1";"2.4";"8.6";"20";"50";"40";"30";"8";"9.8";"5.1"
"Cameroon";"CMR";"Elite One";"28-06-2026 11:30";"NS";"Aigle Royal de Moungo";"";"";"PWD";"";"";"3.4";"4.8";"4.9";"4.9";"9";"65";"50";"45";"35";"19.2";"8.2";"9.5";"10.7";"10";"7";"3.3";"3.5";"4.3";"2.9";"8.6";"60";"60";"20";"40";"9";"6.3";"5.5"
"Cameroon";"CMR";"Elite One";"28-06-2026 11:30";"NS";"Gazelle";"";"";"Cotonsport";"";"";"4.7";"6";"4.7";"3.8";"9.6";"65";"60";"45";"40";"18";"8.2";"9.6";"10.2";"7.9";"6.9";"3.1";"3.4";"3.8";"3.4";"8.6";"67";"70";"50";"60";"9";"9.1";"5.5"
"Cameroon";"CMR";"Elite One";"28-06-2026 12:00";"NS";"Unisport Bafang";"";"";"Dynamo de Douala";"";"";"4.6";"4.6";"3.6";"3.5";"8.1";"46";"42";"42";"31";"18.2";"11.3";"8.6";"9.6";"6.9";"6.8";"4.6";"3.6";"3.3";"2";"8.6";"75";"40";"67";"50";"8";"4.7";"4.5"
"Cameroon";"CMR";"Elite One";"28-06-2026 12:00";"NS";"Colombe";"";"";"Fauve Azur Elite";"";"";"4.6";"2.7";"2.2";"3.9";"6.7";"32";"21";"16";"10";"17.1";"10.5";"7.6";"5.6";"10.6";"5.4";"3.3";"2.1";"1.4";"3.9";"8.6";"50";"44";"90";"22";"8";"5.6";"6.9"
"Ecuador";"ECU";"Superliga Femenina";"28-06-2026 12:30";"NS";"Macará W";"";"";"Universidad Católica W";"";"";"2.2";"7";"4.8";"1.8";"7.9";"65";"55";"39";"22";"25.4";"12.3";"19";"13.6";"6";"13.2";"5.9";"9.4";"6.4";"4.6";"7.7";"29";"80";"12";"100";"8";"7.7";"6.3"
"Ecuador";"ECU";"Superliga Femenina";"28-06-2026 14:00";"NS";"Deportivo Ibarra W";"";"";"El Nacional W";"";"";"4";"2.6";"2";"4.4";"6.5";"41";"27";"20";"0";"24.2";"10";"6.4";"12";"19.9";"12.7";"4";"4";"6";"11.4";"7.7";"75";"43";"75";"14";"7";"6.2";"7.1"
"Ecuador";"ECU";"Superliga Femenina";"28-06-2026 17:00";"NS";"Emelec W";"";"";"LDU Quito W";"";"";"1";"4";"8.5";"3.8";"8.6";"62";"62";"38";"12";"25.6";"4";"15";"23.8";"8.5";"13.4";"2";"8.2";"12.5";"4";"7.7";"0";"40";"0";"33";"8";"8";"3.9"
"Estonia";"EST";"Meistriliiga";"28-06-2026 11:00";"INPLAY_1ST_HALF";"Nõmme Kalju";"0";"0";"Paide";"0";"0";"6";"4.8";"4.6";"5.7";"10.6";"90";"75";"60";"55";"23.7";"12.4";"12.9";"10.1";"12";"9";"5";"4.2";"3.7";"5";"10.8";"60";"50";"60";"40";"11";"6.9";"10.8"
"Estonia";"EST";"Meistriliiga";"28-06-2026 13:00";"NS";"Levadia";"";"";"Flora";"";"";"8.5";"7.8";"2.5";"3.5";"11.2";"80";"75";"75";"65";"24.8";"18.8";"15.6";"7";"8.2";"10";"7.3";"6.7";"3.1";"2.9";"10.8";"70";"60";"100";"80";"11";"6.3";"6.2"
"Estonia";"EST";"Small Cup";"28-06-2026 12:00";"NS";"Rae Spordikool";"";"";"JK Poseidon";"";"";"";"1.3";"";"7.6";"";"";"";"";"";"";"";"";"";"";"";"";"";"";"";"0";"";"33";"";"0";"";"";""
"Ethiopia";"ETH";"Premier League";"28-06-2026 04:00";"FT";"Adama Kenema";"0";"2";"Welayta Dicha";"0";"0";"3.4";"3.7";"4.9";"3";"7.5";"50";"30";"25";"15";"12.8";"6.7";"8.8";"6";"4";"4.2";"2.7";"2.6";"1.7";"1.4";"7.6";"40";"44";"20";"60";"7";"8.4";"10.7"
"Ethiopia";"ETH";"Premier League";"28-06-2026 07:00";"FT";"Bahardar";"0";"1";"Sidama Bunna";"0";"1";"3.8";"4.2";"3.5";"3.7";"7.6";"45";"35";"35";"20";"14.5";"7.2";"9.2";"6.5";"6.1";"5.3";"2.7";"3.5";"2.6";"1.8";"7.6";"50";"70";"50";"50";"8";"10.3";"9.2"
"Ethiopia";"ETH";"Premier League";"28-06-2026 10:00";"INPLAY_2ND_HALF";"Mebrat Hayl";"1";"0";"Awassa Kenema";"1";"0";"3.8";"3.5";"4.3";"4.1";"7.8";"58";"32";"27";"10";"14.1";"6";"6.2";"7.9";"8.1";"5.6";"2.3";"2.7";"2.8";"3.3";"7.6";"78";"30";"44";"30";"8";"6";"15.5"
"Ethiopia";"ETH";"Premier League";"28-06-2026 10:00";"INPLAY_2ND_HALF";"Sheger Ketema";"2";"0";"Mechal FC";"2";"0";"4.6";"5.4";"3";"3.3";"8.1";"60";"30";"20";"15";"14";"5.7";"9.1";"7.5";"5.8";"5.2";"1.9";"3.4";"2.7";"2.4";"7.6";"60";"56";"60";"60";"8";"8.1";"8.3"
"Fiji";"FIJ";"FA Cup";"28-06-2026 00:00";"FT_PEN";"Ba";"0";"0";"Navua";"0";"0";"8.8";"3.6";"2";"4.8";"9.6";"60";"50";"30";"20";"8.4";"6";"4.8";"2";"4";"7.2";"6";"3.8";"2";"2.8";"10.8";"80";"20";"80";"20";"10";"1.8";"3.7"
"Finland";"FIN";"Ykkösliiga";"28-06-2026 10:00";"INPLAY_2ND_HALF";"KäPa";"1";"1";"JäPS";"1";"1";"6";"4.6";"5";"5.9";"10.8";"90";"80";"65";"40";"22.4";"10.5";"11";"10.4";"13";"9.8";"4.3";"4.8";"5";"5.5";"9.7";"30";"20";"60";"30";"10";"10.5";"6.1"
"Finland";"FIN";"Kakkonen";"28-06-2026 09:00";"FT";"Ilves II";"3";"2";"EBK";"0";"1";"8.9";"6.7";"5.9";"4.6";"13";"95";"84";"74";"64";"22.8";"11.7";"12.2";"11.2";"10.4";"10.6";"5.3";"6.2";"5";"4.7";"11.1";"56";"30";"67";"50";"12";"4";"7.6"
"Finland";"FIN";"Kolmonen - Eastern Group";"28-06-2026 10:00";"INPLAY_2ND_HALF";"PK-37";"3";"0";"ToU";"1";"0";"5.5";"7.2";"6.5";"7";"13.1";"100";"100";"100";"100";"27.4";"16";"5.4";"18";"15.4";"13.2";"8";"2.4";"8.5";"7.6";"10.6";"0";"40";"0";"40";"12";"12.3";"4.9"
"Finland";"FIN";"Kolmonen - Western Group";"28-06-2026 09:00";"INTERRUPTED";"Sporting Kristina";"";"";"FC Sääripotku";"";"";"2.9";"1.3";"6.1";"12";"11.2";"94";"81";"56";"56";"22.8";"6.6";"4";"9.8";"25.3";"11.2";"3.2";"1.3";"3.2";"14.7";"10";"12";"0";"25";"0";"9";"3.5";"10"
"Finland";"FIN";"Kolmonen - Southern Group";"28-06-2026 08:00";"FT";"SexyPöxyt";"2";"3";"MPS";"2";"1";"2.8";"4.3";"5.2";"4.8";"8.6";"59";"59";"47";"29";"19";"8.8";"8.7";"8.5";"12.1";"8.9";"4.5";"3.7";"4.9";"4.8";"9.8";"25";"22";"12";"33";"10";"3.7";"12.4"
"Finland";"FIN";"Kolmonen - Southern Group";"28-06-2026 09:00";"FT";"GrIFK U23";"4";"2";"EsPa";"1";"0";"5.4";"7.2";"4";"2.8";"9.7";"75";"68";"44";"32";"20.8";"13.4";"11";"10";"7.3";"10.9";"6.1";"7.1";"5.1";"3.4";"9.8";"50";"71";"62";"88";"10";"8.4";"4.2"
"Faroe Islands";"FRO";"1. Deild";"28-06-2026 10:45";"INPLAY_1ST_HALF";"TB";"0";"3";"B71";"0";"3";"3";"6.2";"6";"4.4";"9.8";"56";"56";"56";"56";"21.4";"7.5";"13.4";"14.5";"7.5";"9";"2";"6";"7";"2.9";"11.1";"100";"38";"0";"62";"10";"4.7";"5.6"
"Faroe Islands";"FRO";"Meistaradeildin";"28-06-2026 11:00";"INPLAY_1ST_HALF";"KÍ";"0";"0";"07 Vestur";"0";"0";"6.2";"3.9";"4.1";"7.2";"10.7";"75";"70";"55";"50";"22.2";"13.9";"9.1";"8.5";"13";"9.4";"6.3";"3.5";"3.7";"5.4";"10.7";"70";"40";"70";"30";"10";"6.3";"11.4"
"Faroe Islands";"FRO";"Meistaradeildin";"28-06-2026 11:00";"INPLAY_1ST_HALF";"EB / Streymur";"1";"1";"B36";"1";"1";"4.4";"4.7";"8.7";"5.9";"11.8";"84";"74";"74";"64";"21.8";"9.8";"10.2";"13.8";"9.7";"8";"3.4";"3.8";"4.9";"4";"10.7";"56";"20";"22";"50";"11";"8.9";"6.4"
"Grenada";"GRN";"Premier Division";"28-06-2026 19:00";"NS";"Paradise";"";"";"Camerhogne";"";"";"";"";"";"";"";"";"";"";"";"";"";"";"";"";"";"";"";"";"";"0";"";"";"";"";"";"";""
"Grenada";"GRN";"Premier Division";"28-06-2026 19:00";"NS";"Honved";"";"";"SAB Spartans";"";"";"";"";"";"";"";"";"";"";"";"";"";"";"";"";"";"";"";"";"";"";"";"";"";"";"";"";""
"Republic of Ireland";"IRL";"U20 National League";"28-06-2026 08:00";"FT";"Sligo Rovers U20";"2";"1";"Athlone Town U20";"2";"0";"7.5";"3.7";"5.7";"4.7";"10.8";"92";"58";"34";"34";"31";"16.2";"13.3";"12.5";"20";"16.2";"8.3";"5";"6.2";"13";"9.8";"40";"100";"67";"33";"10";"6.8";"5.3"
"Iceland";"ISL";"Besta deild";"28-06-2026 14:00";"NS";"Stjarnan";"";"";"KA Akureyri";"";"";"5.1";"5.2";"6.4";"7.1";"11.9";"85";"85";"75";"65";"31";"14.2";"16.6";"15.2";"16";"11.3";"6";"4.6";"5.8";"6.2";"12.5";"20";"10";"30";"30";"12";"7.6";"8.7"
"Iceland";"ISL";"Besta deild";"28-06-2026 14:00";"NS";"FH";"";"";"ÍBV";"";"";"5.6";"3.9";"8";"6.1";"11.8";"80";"80";"70";"65";"26.4";"12.1";"11";"16.2";"13.4";"8.9";"3.5";"4.1";"5.9";"4.3";"12.5";"50";"40";"30";"0";"12";"6.8";"4.4"
"Iceland";"ISL";"Besta deild";"28-06-2026 14:00";"NS";"Thór";"";"";"Valur";"";"";"5.8";"5.4";"7.5";"8.7";"13.7";"90";"90";"85";"85";"32.2";"10.6";"12";"20.6";"21.2";"11.3";"3.3";"4.6";"7.6";"7.1";"12.5";"50";"50";"30";"30";"13";"10.4";"5.6"
"Iceland";"ISL";"Besta deild";"28-06-2026 14:00";"NS";"Keflavík";"";"";"KR Reykjavík";"";"";"6";"9.7";"5.5";"6.1";"13.6";"95";"95";"90";"80";"31.8";"15.6";"19.6";"14.1";"14.3";"12.1";"4.7";"7.9";"5.2";"6.4";"12.5";"60";"60";"60";"70";"13";"9.5";"4.5"
"Iceland";"ISL";"Iceland Cup";"28-06-2026 11:00";"INPLAY_1ST_HALF";"Breidablik";"0";"0";"Víkingur Reykjavík";"0";"0";"7.2";"7.2";"5.1";"4.6";"12";"84";"84";"68";"64";"28.6";"15.8";"18.6";"16.6";"6.2";"10.9";"6.1";"7.5";"5.9";"2.3";"13.1";"56";"60";"67";"80";"13";"4";"4.2"
"Iceland";"ISL";"3. Deild";"28-06-2026 11:00";"INPLAY_1ST_HALF";"Reynir";"0";"1";"Ýmir";"0";"1";"7.3";"5";"5";"4.8";"11";"88";"81";"69";"52";"22.4";"13.2";"10.9";"9.5";"11.2";"11.6";"7.7";"4.6";"4.7";"6.1";"12.3";"80";"38";"67";"62";"11";"5.5";"6.1"
"Iceland";"ISL";"U19 League B";"28-06-2026 10:00";"NS";"Fram / Úlfarnir U19";"";"";"KA/D/KF/Hö/H U19 II";"";"";"";"";"";"";"";"";"";"";"";"";"";"";"";"";"";"";"";"";"";"11.7";"";"";"";"";"";"";""
"Iceland";"ISL";"U19 League C";"28-06-2026 11:00";"NS";"Austurland U19";"";"";"HK / Ýmir U19 II";"";"";"";"";"";"";"";"";"";"";"";"";"";"";"";"";"";"";"";"";"";"15";"";"";"";"";"";"";""
"Iceland";"ISL";"U19 League C";"28-06-2026 12:00";"NS";"Thór / T / V / M II U19";"";"";"Breið / A / Sm U19 III";"";"";"";"";"";"";"";"";"";"";"";"";"";"";"";"";"";"";"";"";"";"15";"";"";"";"";"";"";""
"Japan";"JPN";"Nadeshiko League 1";"28-06-2026 01:00";"FT";"Harima W";"0";"5";"Shizuoka SSU Bonita";"0";"2";"3";"5.3";"4";"3.6";"8";"42";"36";"26";"26";"24.9";"13";"15.2";"12.4";"9.2";"10.5";"4.6";"7.3";"5.4";"3.7";"8.8";"22";"30";"22";"80";"9";"10.8";"6.6"
"Japan";"JPN";"Nadeshiko League 1";"28-06-2026 01:00";"FT";"NGU Lublield Nagoya W";"0";"0";"VONDS Ichihara";"0";"0";"5.7";"4.6";"3.4";"4.4";"9";"74";"52";"42";"42";"23.8";"15.6";"9.4";"10.2";"12.3";"11.4";"9.1";"3";"4";"6.7";"8.8";"60";"56";"80";"44";"9";"5.2";"18.8"
"Japan";"JPN";"Nadeshiko League 1";"28-06-2026 03:00";"FT";"Ehime W";"2";"1";"Yunogo Belle W";"2";"0";"4.5";"4.6";"3.1";"5.7";"9";"55";"45";"45";"35";"21.2";"9.4";"9.8";"10.7";"12.6";"9.6";"4.4";"4.6";"4.8";"5.3";"8.8";"60";"50";"40";"10";"9";"11.8";"6.1"
"Japan";"JPN";"Nadeshiko League 2";"28-06-2026 01:00";"FT";"Kibi Univ. Takahashi W";"3";"0";"Bunnies Gunma White Star W";"1";"0";"3";"4.5";"4.1";"3.4";"7.5";"40";"20";"13";"13";"24.6";"13.7";"10.6";"11.9";"13";"9.8";"5.4";"4";"5.6";"4.6";"6.9";"43";"50";"29";"62";"8";"6.5";"13.2"
"Japan";"JPN";"Nadeshiko League 2";"28-06-2026 01:00";"FT";"Fujizakura Yamanashi W";"2";"1";"Renofa Yamaguchi W";"1";"0";"4";"3.5";"4.2";"2.4";"7";"37";"12";"12";"12";"21.1";"12.8";"9.9";"9.9";"9.8";"8.2";"5";"3.8";"3.6";"4";"6.9";"50";"62";"50";"75";"7";"7.5";"9"
"Japan";"JPN";"Nadeshiko League 2";"28-06-2026 01:30";"FT";"Diavorosso Hiroshima W";"2";"4";"SEISA OSA Rheia W";"2";"3";"6.5";"1.9";"2.9";"4";"7.6";"49";"42";"20";"20";"23.5";"15";"8.9";"7.4";"15.8";"9.4";"6";"3.2";"2.4";"7.1";"6.9";"80";"25";"60";"12";"8";"11.5";"9.9"
"Japan";"JPN";"Regional Leagues: Kyushu";"28-06-2026 00:15";"FT";"Veroskronos Tsuno";"4";"1";"Atletico Celeste";"2";"0";"5.4";"2.6";"4.2";"7.2";"9.7";"70";"70";"60";"30";"24.2";"15.6";"5.8";"8.4";"18.6";"8.2";"6";"2";"1";"7.4";"9.8";"80";"40";"60";"20";"10";"4.6";"8.3"
"Japan";"JPN";"Regional Leagues: Kyushu";"28-06-2026 01:15";"FT";"Nobeoka";"3";"2";"Nippon Steel Oita";"1";"1";"9";"2.4";"2.7";"6.1";"10.1";"78";"62";"55";"55";"23.2";"20";"6.3";"7.7";"12.3";"8.3";"6.7";"1.9";"3";"5";"9.8";"100";"29";"100";"14";"10";"7.1";"7.9"
"Japan";"JPN";"Regional Leagues: Kyushu";"28-06-2026 02:30";"FT";"KMG Holdings";"1";"0";"Kawasoe Club";"0";"0";"6.9";"4.7";"3.2";"5.3";"10";"80";"73";"60";"40";"20";"14.5";"9.9";"6.1";"9.4";"8";"6.2";"3.9";"1.8";"4.3";"9.8";"50";"43";"75";"29";"10";"5.6";"11"
"Japan";"JPN";"Regional Leagues: Chugoku";"28-06-2026 00:00";"AWAITING_UPDATES";"Variamore Aki";"";"";"Intl Pacific UFC";"";"";"2.7";"3";"4.8";"2.8";"6.6";"38";"25";"16";"0";"22.5";"10";"9.8";"13.5";"11.8";"10";"4.5";"4";"6.8";"4.8";"";"50";"50";"33";"25";"";"6.7";"12.2"
"Japan";"JPN";"Regional Leagues: Chugoku";"28-06-2026 02:00";"FT";"Baleine Shimonoseki";"0";"0";"ENEOS Mizushima";"0";"0";"2.5";"3.2";"5.5";"5.6";"8.4";"94";"25";"19";"6";"24.6";"14.5";"8.4";"12.5";"13.9";"12.4";"9.5";"3.5";"5";"6.8";"";"100";"25";"0";"25";"";"8.1";"12"
"Japan";"JPN";"Regional Leagues: Chugoku";"28-06-2026 02:30";"FT";"SRC Hiroshima";"2";"4";"Beluga Rosso Hamada";"1";"2";"3.2";"5.7";"2.8";"1.3";"6.5";"36";"16";"16";"0";"22.8";"13.6";"17.3";"9";"5.7";"10.4";"6.6";"8";"4.4";"1.7";"";"40";"67";"40";"67";"";"5.9";"6.9"
"Japan";"JPN";"Regional Leagues: Chugoku";"28-06-2026 04:00";"AWAITING_UPDATES";"Hatsukaichi";"";"";"Yonago Genki";"";"";"3";"6.3";"2.5";"4.3";"8.1";"34";"34";"34";"34";"23.2";"10";"9.7";"13.5";"13.3";"9.6";"3";"4";"6.5";"5.7";"";"50";"67";"50";"67";"";"14.3";"13.9"
"Japan";"JPN";"Regional Leagues: Kanto";"28-06-2026 05:00";"AWAITING_UPDATES";"Ryutsu Keizai Dragons";"";"";"Nankatsu";"";"";"";"";"";"";"";"";"";"";"";"";"";"";"";"";"";"";"";"";"";"0";"";"";"";"";"";"";""
"Japan";"JPN";"Regional Leagues: Kanto";"28-06-2026 06:00";"AWAITING_UPDATES";"Edo All United";"";"";"Tokyo 23";"";"";"";"";"";"";"";"";"";"";"";"";"";"";"";"";"";"";"";"";"";"0";"";"";"";"";"";"";""
"Japan";"JPN";"Regional Leagues: Kansai";"28-06-2026 00:30";"FT";"Moriyama Samurai";"1";"4";"Basara Hyogo";"1";"3";"2";"5.5";"3";"1.5";"6";"25";"25";"25";"0";"21";"6.5";"15.5";"10";"10";"9";"3.5";"7";"4";"3.5";"";"50";"100";"25";"100";"";"10.8";"6.7"
"Japan";"JPN";"Regional Leagues: Kansai";"28-06-2026 06:00";"FT";"Velago Ikoma";"1";"1";"Arterivo Wakayama";"0";"1";"2.8";"3";"3";"6.3";"7.6";"34";"34";"34";"34";"23.4";"13.2";"8.7";"9";"16";"9.4";"5.2";"3.7";"3.2";"6.7";"";"25";"67";"25";"33";"";"8.2";"4.1"
"Japan";"JPN";"Regional Leagues: Tokai";"28-06-2026 01:30";"AWAITING_UPDATES";"Sapporo University";"";"";"Hokkaido Tokachi";"";"";"";"";"";"";"";"";"";"";"";"";"";"";"";"";"";"";"";"";"";"9.2";"";"";"";"";"";"";""
"Japan";"JPN";"Regional Leagues: Tokai";"28-06-2026 02:30";"AWAITING_UPDATES";"Hokushukai";"";"";"Sabas";"";"";"";"";"";"";"";"";"";"";"";"";"";"";"";"";"";"";"";"";"";"9.2";"";"";"";"";"";"";""
"Kazakhstan";"KAZ";"Premier League";"28-06-2026 09:00";"FT";"Irtysh";"1";"2";"Kaisar";"1";"1";"5.2";"4.3";"4.7";"5.4";"9.8";"70";"65";"55";"40";"25.5";"12.5";"8.8";"15.1";"14.6";"10.1";"5";"3.9";"6.2";"5.1";"9.2";"40";"40";"50";"40";"10";"17.9";"7.5"
"Kazakhstan";"KAZ";"Premier League";"28-06-2026 10:00";"INPLAY_2ND_HALF";"Ulytau";"0";"1";"Ordabasy";"0";"1";"4";"5.1";"3.7";"2.7";"7.8";"50";"45";"25";"25";"23.7";"13.4";"13.7";"13.6";"6.7";"9.5";"5.4";"5.7";"5.8";"2.1";"9.2";"40";"70";"50";"80";"9";"13.4";"6.8"
"Kazakhstan";"KAZ";"Premier League";"28-06-2026 10:00";"INPLAY_2ND_HALF";"Tobol";"1";"1";"Altay";"1";"1";"5.7";"2.8";"5";"5.4";"9.4";"65";"55";"50";"40";"24.6";"13.1";"12.3";"10.9";"12.9";"11.3";"4.7";"6.3";"4.9";"6.7";"9.2";"60";"10";"60";"10";"9";"11.9";"13.7"
"Kazakhstan";"KAZ";"Premier League";"28-06-2026 11:00";"INPLAY_1ST_HALF";"Zhenys";"0";"0";"Astana";"0";"0";"3.7";"6.2";"4.5";"3.7";"9";"65";"55";"40";"25";"23";"10.6";"13.6";"10.9";"10.8";"10.4";"4.7";"5.7";"5";"5.5";"9.2";"60";"70";"40";"70";"9";"8.2";"10.5"
"Kyrgyzstan";"KGZ";"Top Liga";"28-06-2026 11:30";"POSTPONED";"Ozgon";"";"";"Talant";"";"";"7";"5.4";"3";"4.2";"9.8";"64";"58";"47";"42";"8.3";"2";"6.8";"2";"5.8";"3.4";"2";"1.6";"2";"1.3";"9.4";"50";"78";"100";"67";"9";"1";"8.5"
"South Korea";"KOR";"K3 League";"28-06-2026 02:00";"FT";"Gyeongju HNP";"1";"3";"Pocheon";"0";"2";"4.2";"5.1";"2.2";"2.9";"7.2";"40";"25";"25";"10";"17.4";"9.4";"11.2";"7.7";"6.4";"7.6";"4.7";"4.4";"3.6";"2.7";"8.6";"70";"50";"70";"70";"8";"6.3";"5.9"
"South Korea";"KOR";"K3 League";"28-06-2026 05:00";"FT";"Dangjin Citizen";"5";"2";"Gangneung City";"3";"1";"4.9";"3.3";"4.2";"4.8";"8.6";"65";"55";"40";"20";"16.4";"8.7";"6.9";"8.3";"8.9";"7.7";"3.7";"3.3";"3.9";"4.4";"8.6";"70";"70";"50";"20";"9";"6.2";"7.7"
"South Korea";"KOR";"K3 League";"28-06-2026 07:00";"FT";"Busan Transportation";"0";"1";"Daejeon Korail";"0";"1";"4.7";"3";"6.1";"4.8";"9.3";"66";"56";"44";"34";"17.6";"10.7";"9.9";"8.1";"6.4";"7.9";"6.2";"4.8";"3";"1.8";"8.6";"44";"33";"33";"33";"9";"5.9";"5.2"
"South Korea";"KOR";"K4 League";"28-06-2026 02:00";"FT";"Jincheon HR";"2";"2";"Namyangju";"1";"0";"6";"4.4";"4.4";"5";"9.9";"80";"70";"60";"45";"20";"12.2";"10.8";"7.5";"9.5";"8.7";"5.5";"4.1";"3.6";"4.2";"9.5";"60";"70";"60";"30";"9";"7.2";"9"
"South Korea";"KOR";"K4 League";"28-06-2026 02:00";"FT";"Sejong SA";"1";"3";"Pyeongchang United";"1";"2";"4.4";"3.8";"4.4";"4.1";"8.4";"58";"47";"36";"21";"21";"9.7";"11.3";"11.1";"9.9";"9.5";"4.9";"4.8";"5";"4.3";"9.5";"70";"56";"50";"33";"9";"6.5";"10.3"
"South Korea";"KOR";"K4 League";"28-06-2026 05:00";"FT";"Jecheon Citizen";"1";"1";"Gijang United";"1";"0";"5";"4.1";"3.9";"5.8";"9.4";"65";"50";"40";"35";"17.8";"9.1";"7.1";"9.3";"10.2";"8.2";"4.2";"3.1";"4.4";"4.7";"9.5";"40";"40";"70";"30";"9";"7.6";"4.4"
"Lebanon";"LIB";"Premier League";"28-06-2026 10:00";"INPLAY_2ND_HALF";"Al Ahed";"3";"0";"Shabab Al Sahel";"3";"0";"4.2";"4.7";"4.4";"3.3";"8.3";"65";"50";"30";"25";"17.2";"10.2";"9.2";"8";"7";"7.5";"3.7";"3.8";"4.3";"3.2";"8.4";"40";"44";"40";"60";"8";"10.2";"8.4"
"Lebanon";"LIB";"Premier League";"28-06-2026 15:30";"NS";"Jwaya";"";"";"Safa";"";"";"7.3";"2.7";"3.9";"4.3";"9";"75";"75";"58";"46";"17.8";"11";"6.6";"7.7";"10.2";"8.2";"4.3";"3.8";"4.8";"3.5";"8.4";"71";"62";"71";"40";"9";"7.9";"4.1"
"Lithuania";"LTU";"A Lyga";"28-06-2026 12:00";"NS";"Banga";"";"";"Hegelmann Litauen";"";"";"5.1";"5.4";"4.9";"4.5";"10";"75";"70";"70";"60";"18.4";"10.4";"7.6";"7.8";"11";"7.6";"4.4";"3.8";"3.1";"3.9";"9.4";"50";"40";"40";"60";"10";"7.4";"5.8"
"Lithuania";"LTU";"A Lyga";"28-06-2026 12:45";"NS";"Džiugas Telšiai";"";"";"Žalgiris";"";"";"3.9";"5.5";"3.8";"3.2";"8.2";"50";"50";"45";"20";"18.2";"10";"9.5";"6.8";"10";"7.5";"4.3";"3.6";"3.1";"4";"9.4";"50";"80";"40";"70";"9";"5.9";"5.9"
"Lithuania";"LTU";"A Lyga";"28-06-2026 14:00";"CANCELLED";"FK Riteriai";"";"";"Kauno Žalgiris";"";"";"3.7";"6.2";"5.7";"4.4";"10";"74";"68";"68";"46";"19.4";"6.2";"11.1";"13.1";"8.3";"8.7";"1.9";"4.5";"7.3";"3.7";"9.4";"11";"80";"22";"30";"9";"20.7";"7.9"
"Lithuania";"LTU";"1. Lyga";"28-06-2026 12:30";"NS";"Kauno Žalgiris II";"";"";"BFA";"";"";"4.1";"4.8";"6.1";"4.4";"9.7";"75";"55";"50";"45";"17.3";"6.4";"8.9";"9.7";"9.6";"7";"2.5";"3";"4.6";"3.9";"10.2";"40";"50";"20";"30";"10";"16";"9.9"
"Latvia";"LVA";"First Liga";"28-06-2026 07:00";"FT";"Leevon / PPK";"1";"3";"Metta / LU";"0";"2";"8";"8.6";"4";"2.7";"11.6";"89";"84";"68";"52";"23.2";"12.2";"20.6";"10.1";"3.6";"10";"5.3";"9.2";"3.9";"1.6";"11.4";"60";"78";"70";"78";"11";"5.5";"4.9"
"Latvia";"LVA";"First Liga";"28-06-2026 09:00";"FT";"Smiltene";"2";"4";"Skanste";"0";"1";"3";"5.9";"7.8";"4.9";"10.8";"94";"88";"70";"47";"24.8";"6.9";"11";"18.1";"13.6";"10.2";"2.1";"4.1";"8.3";"5.8";"11.4";"33";"38";"11";"62";"11";"7.7";"7.3"
"Latvia";"LVA";"First Liga";"28-06-2026 11:00";"INPLAY_1ST_HALF";"JFK Ventspils";"0";"0";"Valmiera";"0";"0";"9.4";"6.4";"4.9";"4.9";"12.8";"100";"94";"84";"66";"21.1";"9.4";"13.3";"8";"11.4";"10.2";"4";"7.8";"4.4";"4.1";"11.4";"62";"33";"100";"56";"12";"6.3";"5.5"
"Macau";"MAC";"Primeira Division";"28-06-2026 08:00";"FT";"Benfica de Macau";"2";"1";"Chiba";"0";"1";"4.4";"6.7";"3.9";"6.7";"10.8";"80";"64";"59";"49";"25";"14.1";"14.2";"11.2";"10.6";"10.4";"5.3";"6.1";"4.6";"4.7";"10.4";"56";"44";"60";"67";"11";"6.1";"4.4"
"Macau";"MAC";"Primeira Division";"28-06-2026 10:00";"HT";"Gorila do Universo";"2";"2";"Universidade de Macau";"2";"2";"4.3";"2.9";"7.6";"7.3";"11";"90";"75";"65";"45";"27";"10.4";"6.3";"16.3";"21";"13.1";"5.4";"3.2";"7.5";"10.1";"10.4";"20";"22";"30";"10";"11";"4";"9"
"Moldova";"MDA";"Super Liga";"28-06-2026 12:00";"NS";"Sheriff";"";"";"Sireți";"";"";"4.9";"6.6";"4.9";"5.6";"11";"90";"90";"80";"62";"18.6";"9.2";"11.8";"5.9";"10.2";"8";"4.4";"4.2";"2.4";"5";"";"11";"62";"50";"62";"";"6.6";"6.5"
"Moldova";"MDA";"Super Liga";"28-06-2026 14:00";"NS";"Petrocub";"";"";"Dacia-Buiucani";"";"";"4.3";"3.6";"5.8";"4.3";"9";"65";"65";"55";"40";"16.6";"6.2";"6";"9.7";"11.4";"6.3";"2.7";"2.5";"4";"3.4";"";"60";"22";"40";"20";"";"3.6";"8.6"
"Mongolia";"MNG";"Premier League";"28-06-2026 05:00";"FT";"Ulaangom City";"3";"3";"Khovd";"0";"3";"4.5";"3.4";"6.3";"6.1";"10.2";"75";"60";"55";"50";"26.4";"9.3";"11.3";"12.7";"19.6";"12";"4.3";"4.6";"6.1";"9";"10.5";"33";"20";"40";"20";"10";"4";"12.6"
"Mongolia";"MNG";"Premier League";"28-06-2026 08:00";"FT";"Hunters";"2";"0";"Khovd Western";"1";"0";"3.9";"3.2";"5.2";"8.7";"10.5";"84";"69";"64";"48";"27.8";"14.6";"9.7";"15.1";"16.3";"12.6";"7";"4.9";"6.2";"7.1";"10.5";"50";"22";"30";"22";"11";"3.4";"6.9"
"Mozambique";"MOZ";"Mocambola";"28-06-2026 09:45";"NS";"Chingale de Tete";"";"";"AD Pemba";"";"";"2.7";"";"8";"";"";"";"";"";"";"";"7";"";"18";"";"";"1.3";"";"5";"";"10.6";"0";"";"0";"";"";"";""
"Mozambique";"MOZ";"Mocambola";"28-06-2026 09:45";"INPLAY_2ND_HALF";"Ferroviario Beira";"1";"1";"Ferroviário Nampula";"1";"0";"5.6";"";"7";"";"";"";"";"";"";"";"8";"";"9.2";"";"";"2.6";"";"3.4";"";"10.6";"60";"";"40";"";"";"";""
"Mozambique";"MOZ";"Mocambola";"28-06-2026 09:45";"INPLAY_2ND_HALF";"ENH Vilankulo";"1";"1";"Black Bulls Maputo";"1";"0";"5";"6.1";"3.8";"1.8";"8.4";"52";"52";"38";"38";"21.8";"14.2";"14.3";"8.8";"6.3";"7.2";"5.6";"4.7";"2";"2.2";"10.6";"33";"100";"67";"75";"9";"12.9";"13"
"Malawi";"MWI";"Super League";"28-06-2026 09:30";"INPLAY_2ND_HALF";"Ekhaya";"1";"0";"MAFCO";"0";"0";"4.4";"3.4";"3.3";"5";"8.1";"67";"50";"28";"16";"15.1";"8.7";"6.4";"8.6";"6.6";"4.2";"1.6";"2.3";"2.1";"2.4";"7.7";"44";"50";"56";"33";"8";"6.7";"6.4"
"Malawi";"MWI";"Super League";"28-06-2026 09:30";"INPLAY_2ND_HALF";"Karonga United";"0";"0";"Moyale Barracks";"0";"0";"4.3";"2.9";"4.7";"5.3";"8.6";"68";"52";"31";"31";"15.8";"7";"7.1";"8.4";"9.1";"5.9";"2.9";"2.9";"2.9";"3.2";"7.7";"44";"56";"60";"22";"8";"6.4";"7.1"
"Malawi";"MWI";"Super League";"28-06-2026 09:30";"INPLAY_2ND_HALF";"Dedza Dynamos";"1";"1";"Mighty Mukuru Wanderers";"1";"0";"5";"5";"3.1";"2.5";"7.8";"47";"41";"29";"18";"18.4";"9.1";"9";"11";"7.7";"7.2";"4";"4.3";"4.4";"1.9";"7.7";"38";"62";"67";"62";"7";"45.5";"4.7"
"Malawi";"MWI";"Super League";"28-06-2026 09:30";"INPLAY_2ND_HALF";"Silver Strikers";"3";"0";"Red Lions";"2";"0";"5.5";"3";"3.5";"4.2";"8.1";"60";"38";"25";"15";"17.9";"10.9";"9.6";"6.9";"8.4";"4.4";"2.7";"2";"2.4";"1.8";"7.7";"56";"67";"70";"17";"8";"6.8";"9.6"
"Malawi";"MWI";"Super League";"28-06-2026 09:30";"INPLAY_2ND_HALF";"Creck";"0";"1";"Civil Sporting";"0";"1";"4.9";"2.6";"4.4";"3.7";"7.8";"59";"44";"38";"32";"18.4";"8.6";"8.4";"9.8";"10";"6.3";"2.8";"1.9";"3.6";"4.3";"7.7";"56";"20";"56";"20";"8";"8.6";"9.3"
"New Caledonia";"NCL";"Super Ligue";"28-06-2026 01:00";"POSTPONED";"Tiga Sport";"";"";"Saint Louis";"";"";"";"";"";"";"";"";"";"";"";"";"";"";"";"";"";"";"";"";"";"0";"";"";"";"";"";"";""
"Norway";"NOR";"2. Division - Group 1";"28-06-2026 12:00";"NS";"Sotra";"";"";"Jerv";"";"";"6";"5.9";"3.2";"4.4";"9.8";"85";"70";"60";"35";"19.9";"12.1";"11.9";"6.6";"9.2";"8.5";"5.4";"5.5";"2.1";"4";"9.3";"50";"60";"80";"70";"10";"5.9";"6.3"
"Norway";"NOR";"2. Division: Group 2";"28-06-2026 09:00";"FT";"Skeid";"7";"1";"Trygg/Lade";"2";"1";"4.1";"4.8";"5.2";"5.6";"9.9";"74";"68";"58";"32";"22";"5.8";"12";"12";"14.3";"9.4";"2.1";"5";"5.3";"6.5";"9.3";"44";"20";"22";"40";"10";"5.8";"8.6"
"Norway";"NOR";"2. Division: Group 2";"28-06-2026 10:00";"INPLAY_2ND_HALF";"Stjørdals-Blink";"0";"1";"Junkeren";"0";"1";"4.7";"3.9";"4.3";"5.8";"9.4";"74";"68";"46";"26";"22.2";"10.2";"10.1";"9.2";"15";"10";"4.6";"4.8";"4.4";"6.3";"9.3";"44";"50";"44";"30";"9";"6.4";"7.2"
"Norway";"NOR";"2. Division: Group 2";"28-06-2026 10:00";"INPLAY_2ND_HALF";"Follo";"0";"1";"Levanger";"0";"1";"5";"4.2";"4.6";"4.2";"9";"70";"65";"60";"25";"20";"9.1";"10.9";"10.8";"9.3";"8.1";"3.1";"4.3";"5.2";"3.6";"9.3";"30";"60";"50";"50";"9";"7";"5.2"
"Norway";"NOR";"3. Division - Group 1";"28-06-2026 11:00";"INPLAY_1ST_HALF";"KFUM II";"0";"0";"Heming";"0";"0";"4.4";"6.4";"6.2";"6.6";"11.8";"90";"80";"69";"64";"22.5";"9.1";"9";"15";"11.9";"11";"4.8";"4.1";"8";"5.2";"10.5";"30";"56";"20";"44";"11";"4.8";"4.3"
"Norway";"NOR";"3. Division - Group 3";"28-06-2026 09:00";"FT";"Varegg";"1";"1";"Vard";"0";"0";"6.2";"7.2";"3";"4.3";"10.4";"100";"75";"46";"38";"20.5";"9.5";"14.3";"9.5";"7.7";"9.9";"5";"6.8";"4.5";"3.5";"10.5";"50";"83";"75";"67";"10";"8.6";"5.7"
"Norway";"NOR";"3. Division - Group 4";"28-06-2026 09:00";"FT";"Brodd";"4";"0";"Haugesund II";"1";"0";"7";"5.1";"3.3";"6.1";"10.8";"86";"72";"72";"36";"24";"13.5";"12.6";"11.2";"10.9";"11";"7.8";"4.4";"4";"5.9";"11.3";"57";"43";"71";"29";"11";"7.5";"5.2"
"Norway";"NOR";"3. Division - Group 4";"28-06-2026 11:00";"INPLAY_1ST_HALF";"Vindbjart";"1";"0";"Stabæk II";"1";"0";"7.3";"5.8";"4.4";"4.7";"11";"82";"74";"74";"50";"22.7";"10.8";"13.8";"7.3";"13.4";"9.3";"4.7";"6";"2.7";"5.3";"11.3";"71";"33";"71";"33";"11";"5.4";"5.5"
"Norway";"NOR";"3. Division - Group 4";"28-06-2026 12:00";"NS";"Varhaug";"";"";"Odd II";"";"";"3.6";"6.1";"7";"5";"10.8";"100";"90";"70";"32";"26.6";"11.6";"13.3";"11.6";"16.9";"10.9";"4.8";"5.3";"4.4";"7.3";"11.3";"40";"43";"0";"29";"11";"6.8";"8.9"
"Norway";"NOR";"3. Division - Group 5";"28-06-2026 07:00";"FT";"Strømsgodset II";"5";"1";"Skjervøy";"2";"0";"5";"";"4.1";"";"";"";"";"";"";"";"14.6";"";"11.7";"";"";"7.1";"";"5.1";"";"9.6";"71";"";"57";"";"";"";""
"Norway";"NOR";"3. Division - Group 5";"28-06-2026 08:00";"FT";"Alta";"3";"0";"Finnsnes";"1";"0";"4.4";"";"5";"";"";"";"";"";"";"";"11.4";"";"10.4";"";"";"5.4";"";"4";"";"9.6";"60";"";"40";"";"";"";""
"Norway";"NOR";"3. Division - Group 5";"28-06-2026 12:00";"NS";"Lillestrøm II";"";"";"Tromsø II";"";"";"4.9";"4.5";"2.4";"7.5";"9.6";"72";"64";"64";"57";"22.9";"13.4";"7.5";"7.9";"17";"11.2";"8.1";"3.5";"4.7";"6";"9.6";"57";"0";"71";"0";"10";"3.8";"5"
"Norway";"NOR";"3. Division - Group 6";"28-06-2026 10:00";"INPLAY_2ND_HALF";"Råde";"3";"2";"Lyn II";"1";"2";"5.6";"5.9";"2.8";"6.1";"10.2";"70";"60";"55";"40";"24.5";"15";"12.8";"7.4";"13.9";"11.1";"8";"5.3";"3";"5.9";"9.8";"100";"70";"100";"30";"10";"3.7";"7.5"
"Paraguay";"PAR";"Division Intermedia";"28-06-2026 10:00";"INPLAY_2ND_HALF";"3 de Noviembre";"1";"0";"Paraguarí";"1";"0";"4.9";"4.5";"4.8";"3.4";"8.8";"70";"55";"40";"25";"18.2";"8.2";"8.6";"10.6";"9";"7.7";"3.2";"3.6";"3.9";"4.7";"8.5";"60";"70";"40";"50";"8";"10.2";"14.3"
"Paraguay";"PAR";"Division Intermedia";"28-06-2026 15:30";"NS";"Guaireña";"";"";"Deportivo Santaní";"";"";"3.4";"6.2";"4.3";"3.6";"8.8";"70";"40";"30";"20";"21.2";"11.4";"10.3";"12.2";"8.5";"8.9";"4.7";"4.2";"5.1";"3.8";"8.5";"50";"90";"40";"50";"9";"8.1";"10.3"
"Paraguay";"PAR";"Division Intermedia";"28-06-2026 18:00";"NS";"Sol de América";"";"";"12 de Junio VH";"";"";"3.7";"4.2";"4.2";"3.3";"7.7";"45";"20";"15";"15";"18.4";"11.1";"11";"8.6";"6.1";"8.1";"4.2";"4.9";"4.2";"2.9";"8.5";"60";"60";"50";"50";"8";"8.5";"6.9"
"Paraguay";"PAR";"Campeonato Femenino";"28-06-2026 15:00";"NS";"Sportivo Trinidense W";"";"";"Sportivo Ameliano W";"";"";"3.9";"2.9";"4.8";"5.2";"8.4";"66";"60";"30";"18";"16.8";"9.4";"4.6";"7.5";"12.1";"8";"4.5";"1.7";"3.6";"6.2";"7.9";"50";"25";"38";"22";"7";"8.5";"4.4"
"Paraguay";"PAR";"Campeonato Femenino";"28-06-2026 17:15";"NS";"Sportivo San Lorenzo";"";"";"2 de Mayo W";"";"";"3.7";"2.3";"4";"5.9";"8";"56";"33";"28";"16";"19.8";"11.3";"6.7";"9.4";"12.3";"8.6";"5";"1.9";"4.4";"5.9";"7.9";"11";"25";"33";"22";"8";"5.4";"5.3"
"Paraguay";"PAR";"Campeonato Femenino";"28-06-2026 19:30";"NS";"Rubio Ñú";"";"";"Cerro Porteño W";"";"";"1.1";"5.5";"6.1";"2.5";"7.6";"48";"30";"30";"15";"20.6";"5.8";"13.9";"13.6";"7.9";"10.3";"2.8";"6.8";"7";"4";"7.9";"29";"80";"0";"80";"6";"5.8";"5.6"
"Réunion";"REU";"Regionale 1";"28-06-2026 08:30";"NS";"St Pauloise FC";"";"";"Jeanne d'Arc";"";"";"";"";"";"";"";"";"";"";"";"";"";"";"";"";"";"";"";"";"";"0";"";"";"";"";"";"";""
"Réunion";"REU";"Regionale 1";"28-06-2026 08:30";"NS";"Bénédictine";"";"";"Saint-Pierroise";"";"";"";"";"";"";"";"";"";"";"";"";"";"";"";"";"";"";"";"";"";"0";"";"";"";"";"";"";""
"Réunion";"REU";"Regionale 1";"28-06-2026 08:30";"NS";"Ville Sainte-Suzanne";"";"";"Piton Saint-Leu";"";"";"";"";"";"";"";"";"";"";"";"";"";"";"";"";"";"";"";"";"";"0";"";"";"";"";"";"";""
"Réunion";"REU";"Regionale 1";"28-06-2026 08:30";"NS";"Sainte-Rose";"";"";"Saint-Louisienne";"";"";"";"";"";"";"";"";"";"";"";"";"";"";"";"";"";"";"";"";"";"0";"";"";"";"";"";"";""
"Réunion";"REU";"Regionale 1";"28-06-2026 08:30";"NS";"Stade Tamponnaise";"";"";"Excelsior";"";"";"";"";"";"";"";"";"";"";"";"";"";"";"";"";"";"";"";"";"";"0";"";"";"";"";"";"";""
"Réunion";"REU";"Regionale 1";"28-06-2026 08:30";"NS";"Saint-Denis";"";"";"Bagatelle Sainte-Suzanne";"";"";"";"";"";"";"";"";"";"";"";"";"";"";"";"";"";"";"";"";"";"0";"";"";"";"";"";"";""
"Réunion";"REU";"Regionale 1";"28-06-2026 08:30";"NS";"Trois Bassins";"";"";"ES Dominicaine";"";"";"";"";"";"";"";"";"";"";"";"";"";"";"";"";"";"";"";"";"";"0";"";"";"";"";"";"";""
"Russia";"RUS";"FNL 2 - Group 2";"28-06-2026 04:00";"FT";"Yenisey II";"1";"6";"Baltika II";"0";"4";"3.3";"4.9";"5.8";"5.3";"9.6";"75";"60";"55";"50";"11.8";"3.5";"7.9";"5.5";"6.8";"4.2";"1.3";"2.6";"2.3";"2.3";"9.1";"30";"40";"20";"40";"9";"3.5";"5.3"
"Russia";"RUS";"FNL 2 - Group 2";"28-06-2026 07:00";"FT";"Kosmos Dolgoprudny";"2";"0";"Irkutsk";"2";"0";"4.7";"4.6";"4";"5.4";"9.4";"62";"46";"41";"35";"14";"5.6";"7";"6.6";"8.9";"5.1";"1.7";"2.6";"2.6";"3.4";"9.1";"10";"25";"50";"12";"9";"5.6";"7.8"
"Russia";"RUS";"FNL 2 - Group 2";"28-06-2026 08:00";"FT";"FK Dinamo St. Petersburg";"1";"1";"Torpedo Vladimir";"0";"1";"6.6";"4.4";"2.2";"4";"8.6";"74";"46";"31";"16";"14.1";"7.5";"8.4";"4.2";"8";"4";"2.6";"1.8";"1.4";"2.2";"9.1";"90";"56";"100";"44";"9";"3.8";"8.4"
"Russia";"RUS";"FNL 2 - Group 2";"28-06-2026 12:00";"NS";"Cherepovets";"";"";"Zvezda Sint Petersburg";"";"";"3.9";"4.6";"4.9";"4.6";"9";"70";"53";"24";"24";"12.6";"5.2";"6.6";"6";"7.4";"4.4";"2.4";"1.8";"1.4";"3.1";"9.1";"25";"67";"50";"56";"9";"3.5";"6.6"
"Russia";"RUS";"FNL 2 - Group 2";"28-06-2026 12:00";"NS";"Spartak Moskva II";"";"";"Luki-Energiya";"";"";"4.2";"4.4";"5.4";"2.9";"8.4";"65";"55";"45";"30";"13.4";"7.6";"6.6";"7.3";"5.2";"3.8";"2.7";"1.8";"2.3";"0.8";"9.1";"50";"100";"30";"70";"9";"7.6";"3.7"
"Russia";"RUS";"FNL 2 - Group 2";"28-06-2026 12:00";"NS";"Tver";"";"";"Murom";"";"";"3.1";"6";"5.2";"4.1";"9.2";"65";"40";"40";"35";"13.3";"6.6";"7.5";"8.1";"4.3";"4.2";"1.8";"2.8";"2.6";"1.1";"9.1";"20";"60";"20";"80";"9";"6.6";"4.7"
"Russia";"RUS";"FNL 2 - Group 2";"28-06-2026 13:00";"NS";"Chertanovo";"";"";"Dinamo Vologda";"";"";"3.5";"4.2";"3.8";"4";"7.8";"55";"40";"25";"10";"14.4";"7.8";"7.4";"7.2";"6.4";"4.3";"2.9";"1.8";"1.7";"2.2";"9.1";"60";"70";"30";"20";"8";"3.7";"6.7"
"Russia";"RUS";"FNL 2 - Group 3";"28-06-2026 08:00";"FT";"Arsenal Tula II";"0";"4";"Salyut Belgorod";"0";"1";"3.9";"4.5";"4.7";"3";"8";"60";"35";"25";"15";"13.6";"6.8";"8.1";"7.1";"5.2";"4.5";"2.4";"2.1";"3";"1.4";"9.5";"60";"90";"50";"70";"9";"4.9";"8.1"
"Russia";"RUS";"FNL 2 - Group 4";"28-06-2026 05:00";"FT";"Ural 2";"0";"0";"Zenit Izhevsk";"0";"0";"3.6";"3.7";"5.6";"3";"8";"57";"46";"26";"26";"13.4";"7.4";"5.9";"8.4";"5.1";"5.5";"3.8";"2";"3.1";"2.1";"8.5";"30";"44";"30";"44";"8";"3.7";"4.2"
"Russia";"RUS";"FNL 2 - Group 4";"28-06-2026 07:00";"FT";"Dinamo Barnaul";"2";"0";"Rubin Kazan' II";"0";"0";"3.8";"3.6";"5";"3.2";"7.8";"55";"35";"25";"15";"12.8";"5.2";"5.9";"7.6";"6.9";"5.2";"1.9";"2.5";"3.1";"2.9";"8.5";"44";"40";"40";"40";"8";"5";"4.9"
"Russia";"RUS";"FNL 2 - Group 4";"28-06-2026 08:00";"FT";"Chelyabinsk II";"0";"3";"Khimik Dzerzhinsk";"0";"2";"2.9";"5.5";"3.7";"2.9";"7.5";"45";"30";"20";"10";"12.6";"6.1";"7";"7.9";"4.1";"4.4";"1.8";"3.2";"2.4";"1.3";"8.5";"30";"67";"30";"70";"8";"5.7";"2.6"
"Russia";"RUS";"FNL 2 - Group 4";"28-06-2026 09:00";"FT";"Akron II";"1";"1";"Orenburg II";"0";"0";"3.3";"3.4";"3.7";"4.8";"7.6";"45";"30";"25";"20";"14.4";"6.9";"8";"5.9";"7.9";"5.3";"2.1";"3.1";"2.2";"3.1";"8.5";"56";"40";"50";"20";"8";"4.1";"5.3"
"Russia";"RUS";"FNL 2 - Group 4";"28-06-2026 10:00";"INPLAY_2ND_HALF";"Nosta";"1";"1";"Krylya Sovetov Samara II";"0";"1";"3.9";"3.6";"6.1";"3.8";"8.7";"65";"45";"25";"25";"14.6";"5.5";"8.1";"7.5";"8.2";"3.8";"1.4";"1.7";"2.6";"2";"8.5";"56";"30";"30";"30";"9";"11";"8.1"
"Russia";"RUS";"FNL 2 - Group 4";"28-06-2026 10:30";"HT";"Pobeda Nizhny Novgorod";"1";"0";"KDV";"1";"0";"4.7";"6.1";"2.9";"3";"8.4";"58";"48";"43";"37";"12.7";"7.3";"7.2";"5.7";"5.1";"4.2";"2.8";"2.1";"1.9";"1.5";"8.5";"80";"89";"70";"78";"8";"2.9";"4"
"Sierra Leone";"SLE";"Premier League";"28-06-2026 13:30";"NS";"East End Lions";"";"";"Mighty Blackpool";"";"";"4.8";"2.1";"4.4";"4.8";"8";"66";"48";"42";"24";"19.2";"10.3";"9.6";"9.1";"9.4";"7.2";"4.1";"3.4";"3.6";"3.4";"7.7";"29";"43";"38";"22";"8";"7.4";"10.7"
"Sierra Leone";"SLE";"Premier League";"28-06-2026 13:30";"NS";"Bo Rangers";"";"";"Diamond Stars";"";"";"5";"3.2";"3.6";"2";"6.9";"50";"44";"38";"12";"19.6";"16";"10.5";"7.8";"5";"7.4";"5.2";"4.5";"3";"2";"7.7";"29";"80";"38";"62";"7";"11.4";"10.5"
"Sweden";"SWE";"Superettan";"28-06-2026 10:00";"INPLAY_2ND_HALF";"Norrköping";"0";"1";"Norrby";"0";"1";"5.6";"4.2";"4.7";"5.6";"10";"80";"65";"60";"35";"18.6";"11";"8.8";"7.4";"10";"7.6";"4.1";"3.6";"3.1";"4.3";"9.9";"20";"50";"30";"30";"10";"7.3";"7.3"
"Sweden";"SWE";"Superettan";"28-06-2026 10:00";"INPLAY_2ND_HALF";"Landskrona";"0";"0";"Värnamo";"0";"0";"4.3";"4.4";"6.2";"5.3";"10.1";"80";"70";"50";"40";"20.6";"9.4";"9.8";"10.5";"11.6";"8.6";"4.8";"3.5";"3.1";"5.8";"9.9";"60";"50";"40";"40";"10";"4.9";"8.9"
"Sweden";"SWE";"Superettan";"28-06-2026 12:00";"NS";"Sandviken";"";"";"Helsingborg";"";"";"4.9";"5.1";"5.8";"5.3";"10.6";"90";"80";"65";"50";"20.6";"9.9";"9.6";"9.8";"12";"9";"4.2";"4.2";"4";"5.7";"9.9";"40";"40";"30";"30";"10";"6.2";"5.6"
"Sweden";"SWE";"Ettan: North";"28-06-2026 11:00";"INPLAY_1ST_HALF";"Umeå";"0";"1";"Järfälla";"0";"1";"6.4";"3.6";"6";"5.1";"10.6";"70";"65";"65";"50";"22.4";"10.1";"9.5";"13";"12.1";"9.7";"4.3";"3.9";"5.3";"5.9";"9.3";"50";"40";"50";"0";"11";"6.3";"6.3"
"Sweden";"SWE";"Ettan: South";"28-06-2026 08:00";"FT";"Olympic";"2";"1";"Eskilsminne";"0";"0";"3.9";"5";"6.4";"4.2";"9.8";"75";"60";"50";"40";"21.6";"10.7";"9.4";"12.8";"10.3";"9.5";"4.4";"3.9";"4.4";"6.3";"9.7";"30";"40";"20";"50";"9";"5.9";"5.5"
"Sweden";"SWE";"Division 2: Norrland";"28-06-2026 09:00";"FT";"Lucksta";"3";"0";"Gottne IF";"2";"0";"3";"6";"5.7";"3.7";"9.2";"66";"50";"50";"33";"23.3";"7";"17.3";"10.3";"12";"11";"3.7";"8";"5.7";"4.7";"10.4";"33";"33";"33";"100";"10";"3.3";"6.7"
"Sweden";"SWE";"Division 2: Sodra Gotaland";"28-06-2026 09:00";"FT";"Linero";"3";"1";"Karlshamn";"2";"0";"4.2";"3.3";"5.5";"11.7";"12.4";"81";"81";"75";"75";"18.1";"10.4";"5.7";"9.1";"11";"8.8";"5.1";"2.7";"4.8";"5";"10.5";"38";"33";"38";"0";"12";"5";"5.2"
"Sweden";"SWE";"Division 2: Sodra Svealand";"28-06-2026 11:00";"INPLAY_1ST_HALF";"Örebro Syrianska";"1";"0";"Syrianska";"1";"0";"3.9";"4.1";"3";"6.6";"8.8";"75";"45";"45";"22";"19";"7.4";"10.2";"7.9";"12.6";"9.3";"2.8";"4.4";"3.8";"7.7";"9.4";"38";"22";"50";"0";"9";"6.2";"7.3"
"Sweden";"SWE";"Division 2: Sodra Svealand";"28-06-2026 11:00";"INPLAY_1ST_HALF";"Rågsved";"1";"0";"Forward";"1";"0";"4.3";"5.4";"4.3";"5.6";"9.8";"85";"73";"48";"38";"22";"11.1";"12.6";"10.4";"10";"11.4";"5.7";"8.6";"4.9";"3.7";"9.4";"70";"57";"50";"43";"10";"4.8";"5.2"
"Sweden";"SWE";"Division 2: Sodra Svealand";"28-06-2026 13:00";"NS";"Karlslund";"";"";"Fittja IF";"";"";"4.4";"4.9";"5.4";"4.6";"9.7";"80";"80";"53";"26";"22.4";"9.2";"11";"12.7";"12";"11.4";"4.8";"4.9";"6.4";"6.8";"9.4";"44";"80";"33";"40";"10";"8.4";"4.8"
"Sweden";"SWE";"Division 2: Vastra Gotaland";"28-06-2026 08:00";"FT";"Jonsered";"1";"0";"Kongahälla";"0";"0";"3.5";"4.1";"5.4";"6.9";"10";"73";"73";"54";"36";"20.2";"9.2";"6.6";"11.2";"13.6";"9.1";"4.3";"3.4";"5.4";"5.1";"10";"40";"43";"30";"29";"10";"6.1";"6"
"Syria";"SYR";"Premier League";"28-06-2026 11:00";"INPLAY_1ST_HALF";"Al Futuwa";"0";"0";"Khan Sheikhoun";"0";"0";"";"";"";"";"";"";"";"";"";"";"";"";"";"";"";"";"";"";"";"9.1";"";"";"";"";"";"";""
"Syria";"SYR";"Premier League";"28-06-2026 11:00";"INPLAY_1ST_HALF";"Al Jaish";"0";"0";"Homs Al Fidaa";"0";"0";"2.5";"";"6";"";"";"";"";"";"";"16.8";"5";"10";"9";"9.5";"3.5";"1";"4";"0";"2";"9.1";"0";"";"0";"";"";"5";"5.3"
"Syria";"SYR";"Premier League";"28-06-2026 11:00";"INPLAY_1ST_HALF";"Hottin";"0";"0";"Damascus Al Ahli";"0";"0";"";"";"";"";"";"";"";"";"";"";"";"";"";"";"";"";"";"";"";"9.1";"";"";"";"";"";"";""
"Syria";"SYR";"Premier League";"28-06-2026 11:00";"INPLAY_1ST_HALF";"Jabala";"0";"0";"Al-Ittihad Aleppo";"0";"0";"";"6";"";"4.8";"";"";"";"";"";"";"";"14.5";"";"8.2";"";"";"2.8";"";"0.3";"9.1";"";"67";"";"50";"";"";""
"Syria";"SYR";"Premier League";"28-06-2026 11:00";"INPLAY_1ST_HALF";"Horriya";"0";"0";"Taliya";"0";"0";"4.6";"";"3.2";"";"";"";"";"";"";"";"11.4";"";"9.6";"";"";"2";"";"1.4";"";"9.1";"60";"";"60";"";"";"";""
"Syria";"SYR";"Premier League";"28-06-2026 11:00";"INPLAY_1ST_HALF";"Umayya";"0";"0";"Al Shorta";"0";"0";"";"";"";"";"";"";"";"";"";"";"";"";"";"";"";"";"";"";"";"9.1";"";"";"";"";"";"";""
"Syria";"SYR";"Premier League";"28-06-2026 11:00";"INPLAY_1ST_HALF";"Al Karama";"0";"0";"Al Shouleh";"0";"0";"";"";"";"";"";"";"";"";"";"";"";"";"";"";"";"";"";"";"";"9.1";"";"";"";"";"";"";""
"Tajikistan";"TJK";"Vysshaya Liga";"28-06-2026 11:00";"INPLAY_1ST_HALF";"Sardor Tursunzoda";"0";"0";"Istiqlol Dushanbe";"0";"0";"";"";"";"";"";"";"";"";"";"";"";"";"";"";"";"";"";"";"";"6.3";"";"";"";"";"";"";""
"Tajikistan";"TJK";"Vysshaya Liga";"28-06-2026 11:00";"INPLAY_1ST_HALF";"Ravshan";"0";"0";"Regar-TadAZ";"0";"0";"";"2.7";"";"3.7";"";"";"";"";"";"";"";"2.5";"";"5.5";"";"";"0.5";"";"1.5";"6.3";"";"50";"";"33";"";"";""
"Uruguay";"URU";"Primera División Amateur";"28-06-2026 10:00";"NS";"Los Gorriones";"";"";"Huracán Buceo";"";"";"4.5";"6";"5";"6.5";"11";"100";"100";"75";"25";"23.5";"16";"9.5";"10";"11.5";"8";"5.5";"2";"3";"5.5";"10";"50";"100";"50";"50";"10";"32";"23.8"
"Uruguay";"URU";"Primera División Amateur";"28-06-2026 10:00";"NS";"Canadian";"";"";"Parque del Plata";"";"";"3.3";"7";"8";"4.3";"11.3";"100";"84";"67";"50";"26.2";"11.3";"11.3";"17";"12.7";"9";"3";"3.3";"7.3";"4.3";"10";"0";"100";"0";"67";"10";"28.2";"14.1"
"Uruguay";"URU";"Primera División Amateur";"28-06-2026 15:00";"NS";"Sportivo Bella Italia";"";"";"Terremoto";"";"";"";"4.3";"";"4.3";"";"";"";"";"";"";"";"14";"";"11.7";"";"";"4.7";"";"3";"10";"";"67";"";"33";"";"";""
"Uruguay";"URU";"Primera División Amateur";"28-06-2026 15:00";"NS";"Lito";"";"";"LSM";"";"";"4.5";"4.3";"4";"4.7";"8.8";"84";"58";"16";"16";"24.2";"14";"11.3";"11.5";"11.7";"6.8";"4";"3.7";"2.5";"3.3";"10";"50";"33";"50";"33";"10";"7.4";"7.5"
"Uruguay";"URU";"Primera División Amateur";"28-06-2026 15:00";"NS";"Alto Perú";"";"";"Deportivo Italiano";"";"";"1";"5.7";"9";"4";"9.8";"100";"84";"58";"42";"29.9";"5";"15.7";"31.5";"7.7";"13.5";"1.5";"6.7";"13.5";"5.3";"10";"0";"100";"0";"67";"10";"25";"9.2"
"Uruguay";"URU";"Primera División Amateur";"28-06-2026 15:00";"NS";"Villa Española";"";"";"Salto";"";"";"4.2";"";"5.2";"";"";"";"";"";"";"";"9.2";"";"8.8";"";"";"4";"";"3";"";"10";"25";"";"25";"";"";"";""
"Uruguay";"URU";"Primera División Amateur";"28-06-2026 15:30";"NS";"Platense";"";"";"Artigas";"";"";"2.6";"4";"5.8";"5.5";"9";"70";"45";"35";"35";"17.6";"7.8";"8.5";"8.8";"10";"7.7";"3.2";"3";"4.2";"5";"10";"60";"0";"20";"0";"10";"6.5";"8.5"
"United States";"USA";"USL League Two";"28-06-2026 16:00";"NS";"Erie Sports Center";"";"";"Riverhounds II";"";"";"2.7";"6";"6";"2.5";"8.6";"75";"58";"25";"0";"25.6";"12";"11";"17.7";"10.5";"14.1";"6";"7";"9.7";"5.5";"8.7";"33";"50";"0";"100";"8";"17.1";"5.8"
"United States";"USA";"USL League Two";"28-06-2026 17:00";"NS";"Philadelphia Lone Star";"";"";"Ocean City Nor'easters";"";"";"3.2";"6.4";"6.6";"4.6";"10.4";"100";"100";"60";"30";"26.2";"13.2";"13";"17.5";"8.6";"12.5";"7";"7";"7.2";"3.8";"8.7";"80";"60";"20";"60";"10";"6.6";"4.3"
"United States";"USA";"USL League Two";"28-06-2026 17:00";"NS";"Seacoast United Phantoms";"";"";"Black Rock";"";"";"3.5";"3.4";"3.5";"4.4";"7.4";"41";"34";"27";"14";"24.5";"14.8";"9.7";"14";"10.4";"11.4";"6.2";"5";"6.8";"4.7";"8.7";"50";"43";"50";"14";"8";"9.2";"5.7"
"United States";"USA";"USL League Two";"28-06-2026 18:00";"NS";"SF Glens";"";"";"San Francisco City";"";"";"4.3";"3.2";"3.3";"4.4";"7.6";"58";"36";"26";"16";"19";"9";"11.2";"10.1";"7.8";"10";"4.7";"6";"5";"4.4";"8.7";"44";"60";"67";"40";"8";"6.9";"3.7"
"United States";"USA";"USL League Two";"28-06-2026 19:00";"NS";"Blackwatch Rush";"";"";"Boston";"";"";"2";"5.7";"5.5";"4.7";"9";"60";"60";"60";"54";"22.6";"6.5";"12.1";"11.5";"15.1";"11.4";"4.5";"6.3";"4";"8.1";"8.7";"50";"57";"0";"57";"9";"4.6";"7.6"
"United States";"USA";"USL League Two";"28-06-2026 19:00";"NS";"Albion Colorado";"";"";"Colorado Storm";"";"";"";"2";"";"7";"";"";"";"";"";"";"";"7.5";"";"16";"";"";"1.5";"";"9";"8.7";"";"0";"";"0";"";"";""
"United States";"USA";"USL League Two";"28-06-2026 19:00";"NS";"Bangers";"";"";"Bigfoot";"";"";"5.7";"3.6";"4.7";"5.9";"9.9";"78";"67";"56";"44";"14.2";"4.7";"6.8";"5.3";"11.7";"7.8";"2.3";"3.7";"3.3";"6.3";"8.7";"67";"38";"67";"33";"9";"3.1";"5.7"
"United States";"USA";"USL League Two";"28-06-2026 19:00";"NS";"Weston";"";"";"Lakeland United";"";"";"3";"2";"2.6";"2.5";"5";"7";"0";"0";"0";"19.4";"8.4";"10";"10";"10.5";"9.6";"3.1";"6";"5.1";"5";"8.7";"33";"0";"57";"50";"7";"6.5";"5"
"United States";"USA";"USL League Two";"28-06-2026 20:00";"NS";"West Chester United II";"";"";"Lehigh Valley Utd. Sonic";"";"";"5.6";"6.3";"2.9";"4";"9.4";"88";"58";"36";"22";"30.8";"17.3";"17";"13.6";"13.7";"13";"6.6";"7";"5.1";"7.3";"8.7";"57";"33";"75";"67";"9";"10.8";"6.8"
"United States";"USA";"USL League Two";"28-06-2026 20:00";"NS";"Tacoma Stars";"";"";"West Seattle Junction";"";"";"4.5";"5.2";"5";"4";"9.4";"75";"58";"50";"33";"11.6";"3.8";"7.8";"4.2";"7.3";"6.1";"2.5";"3";"2.2";"4.5";"8.7";"33";"50";"33";"67";"9";"1.9";"4.3"
"United States";"USA";"USL League Two";"28-06-2026 20:30";"NS";"Southern Soccer Academy";"";"";"Dothan United";"";"";"7.2";"";"4.2";"";"";"";"";"";"";"";"17.8";"";"8.2";"";"";"8.5";"";"2.2";"";"8.7";"75";"";"80";"";"";"";""
"United States";"USA";"USL League Two";"28-06-2026 21:00";"NS";"Miami AC";"";"";"Brevard Fire";"";"";"3";"3.2";"4.3";"6.8";"8.6";"62";"42";"34";"34";"23.4";"7.8";"8.5";"15.2";"15.2";"9.6";"2.5";"4.2";"6.7";"5.8";"8.7";"33";"25";"17";"25";"9";"6";"4.5"
"United States";"USA";"USL League Two";"28-06-2026 23:00";"NS";"Academica";"";"";"Marin";"";"";"4.7";"3.4";"3.7";"5";"8.4";"64";"64";"36";"0";"27";"11.7";"12.8";"14.7";"14.8";"15.6";"5.7";"8.6";"8.7";"8.2";"8.7";"67";"40";"33";"20";"9";"7.3";"5.8"
"United States";"USA";"WPSL";"28-06-2026 13:00";"NS";"El Paso Surf W";"";"";"SC del Sol W";"";"";"";"";"";"";"";"";"";"";"";"";"";"";"";"";"";"";"";"";"";"8.7";"";"";"";"";"";"";""
"United States";"USA";"WPSL";"28-06-2026 14:00";"NS";"STA W";"";"";"New York Dutch Lions W";"";"";"7.7";"5.3";"3.7";"7";"11.8";"84";"67";"67";"50";"24.4";"16.7";"5.7";"10.3";"16";"11";"4.7";"2.7";"6.7";"8";"8.7";"33";"0";"67";"33";"10";"10.4";"7.1"
"United States";"USA";"WPSL";"28-06-2026 14:00";"NS";"New York Athletic W";"";"";"SUSA W";"";"";"6";"";"4.8";"";"";"";"";"";"";"";"14.3";"";"14.2";"";"";"6.7";"";"5.8";"";"8.7";"67";"";"67";"";"";"";""
"United States";"USA";"WPSL";"28-06-2026 14:00";"NS";"Beadling W";"";"";"Rochester New York W";"";"";"";"";"";"";"";"";"";"";"";"";"";"";"";"";"";"";"";"";"";"8.7";"";"";"";"";"";"";""
"United States";"USA";"WPSL";"28-06-2026 14:00";"NS";"Florida Roots W";"";"";"Valdosta W";"";"";"";"";"";"";"";"";"";"";"";"";"";"";"";"";"";"";"";"";"";"8.7";"";"";"";"";"";"";""
"United States";"USA";"WPSL";"28-06-2026 16:00";"NS";"Kensington W";"";"";"Fever W";"";"";"2";"2.2";"7.5";"5.5";"8.6";"62";"62";"38";"12";"23.6";"6";"8.2";"15.5";"17.5";"11.6";"1";"4";"8";"10.2";"8.7";"0";"0";"0";"0";"9";"7.5";"5.1"
"United States";"USA";"WPSL";"28-06-2026 16:00";"NS";"Erie W";"";"";"Niagara 1812 W";"";"";"";"";"";"";"";"";"";"";"";"";"";"";"";"";"";"";"";"";"";"8.7";"";"";"";"";"";"";""
"United States";"USA";"WPSL";"28-06-2026 17:00";"NS";"Colorado Elevation W";"";"";"Glacier W";"";"";"";"";"";"";"";"";"";"";"";"";"";"";"";"";"";"";"";"";"";"8.7";"";"";"";"";"";"";""
"United States";"USA";"WPSL";"28-06-2026 19:00";"NS";"Brooklyn City W";"";"";"Force New York W";"";"";"3";"4.5";"5.3";"7.2";"10";"84";"84";"84";"38";"25.2";"11";"8.8";"12.7";"18";"11.9";"5.7";"5";"6.3";"6.8";"8.7";"33";"50";"33";"25";"9";"5.5";"7.3"
"United States";"USA";"WPSL";"28-06-2026 19:00";"NS";"Mankato W";"";"";"Minnesota Thunder W";"";"";"4.4";"9.3";"2.4";"4";"10";"62";"44";"34";"34";"31.3";"11.2";"21.8";"17.2";"12.3";"15.8";"6.8";"11.5";"8.2";"5.2";"8.7";"60";"100";"40";"83";"9";"6.6";"7.3"
"United States";"USA";"WPSL";"28-06-2026 20:00";"NS";"Chicago KICS W";"";"";"Milwaukee Torrent W";"";"";"2";"4";"4.5";"7";"8.8";"75";"50";"25";"25";"30.2";"9";"15";"21";"15.5";"16";"5";"8";"9.5";"9.5";"8.7";"50";"0";"0";"0";"8";"5";"2.7"
"United States";"USA";"WPSL";"28-06-2026 20:30";"NS";"SF Glens W";"";"";"San Francisco Nighthawks W";"";"";"4.7";"4";"3.7";"2";"7.2";"34";"34";"34";"0";"22";"16";"11.5";"11";"5.5";"10.9";"7.3";"4.5";"7";"3";"8.7";"67";"50";"67";"100";"8";"6.4";"4.6"
"United States";"USA";"WPSL";"28-06-2026 21:00";"NS";"Minnesota Dutch Lions W";"";"";"Salvo W";"";"";"3";"7.1";"5.3";"2.9";"9.2";"64";"42";"36";"19";"25.5";"8.3";"25.9";"9.7";"7.1";"13";"4.7";"12.8";"5";"3.5";"8.7";"67";"50";"33";"88";"8";"11.9";"7.8"
"United States";"USA";"WPSL";"28-06-2026 21:00";"NS";"Texas Lone Star W";"";"";"Dallas W";"";"";"";"6.5";"";"3";"";"";"";"";"";"";"";"14";"";"11.5";"";"";"7.5";"";"8.5";"8.7";"";"50";"";"100";"";"";""
"United States";"USA";"WPSL";"28-06-2026 21:00";"NS";"Prestige II W";"";"";"So Cal Union W";"";"";"";"4.2";"";"2.4";"";"";"";"";"";"";"";"14.6";"";"13.4";"";"";"6.6";"";"7.6";"";"";"100";"";"80";"";"";""
"United States";"USA";"WPSL";"28-06-2026 23:00";"NS";"The Futbol Collective W";"";"";"Fresno Freeze W";"";"";"";"";"";"";"";"";"";"";"";"";"";"";"";"";"";"";"";"";"";"8.7";"";"";"";"";"";"";""
"United States";"USA";"WPSL";"28-06-2026 23:00";"NS";"FC Premier Women W";"";"";"Beach W";"";"";"5.5";"3.7";"1.5";"2.2";"6.4";"8";"0";"0";"0";"19.5";"10";"14.5";"6.5";"8";"7.4";"3";"4.3";"4";"3.3";"8.7";"50";"83";"100";"50";"7";"3.3";"6"
"United States";"USA";"MLS Next Pro";"28-06-2026 16:00";"NS";"Toronto II";"";"";"New England II";"";"";"4.3";"5.6";"5.9";"5.2";"10.5";"85";"80";"60";"55";"23.5";"10.6";"12.4";"14.5";"9.4";"9.4";"4.8";"4.9";"5.6";"3.4";"9.7";"40";"70";"30";"60";"10";"6.1";"7.3"
"United States";"USA";"MLS Next Pro";"28-06-2026 19:00";"NS";"FC Cincinnati II";"";"";"Inter Miami II";"";"";"4.8";"4.4";"4.4";"5.3";"9.4";"80";"70";"50";"40";"27.6";"10.4";"10.9";"16";"17.9";"11.6";"4.1";"5.1";"6.1";"7.8";"9.7";"60";"30";"50";"50";"10";"8.1";"7.1"
"United States";"USA";"MLS Next Pro";"28-06-2026 19:00";"NS";"Carolina Core";"";"";"Huntsville City";"";"";"4.6";"3.5";"6.8";"4.8";"9.9";"75";"60";"50";"40";"24.2";"10";"11.3";"14.4";"12.8";"10.1";"3.9";"5.3";"5.8";"5.3";"9.7";"50";"40";"20";"30";"10";"6.8";"4.6"
"United States";"USA";"MLS Next Pro";"28-06-2026 20:00";"NS";"St. Louis City II";"";"";"Austin II";"";"";"9.8";"4.3";"3.5";"5.5";"11.6";"75";"70";"70";"65";"26.4";"14.8";"13";"12.9";"12.2";"10.1";"5.6";"5.8";"5.2";"3.6";"9.7";"80";"40";"90";"30";"10";"7.7";"4.6"
"United States";"USA";"MLS Next Pro";"28-06-2026 20:00";"NS";"Orlando City II";"";"";"Columbus Crew II";"";"";"5.5";"5.2";"5.2";"4.5";"10.2";"85";"65";"40";"40";"27.3";"15.2";"13.5";"12.5";"13.4";"10.4";"6.4";"5.1";"4.4";"4.9";"9.7";"30";"30";"40";"30";"10";"5.1";"5.6"
"United States";"USA";"MLS Next Pro";"28-06-2026 20:00";"NS";"New York RB II";"";"";"Philadelphia Union II";"";"";"4.5";"3.6";"3.5";"5.1";"8.4";"60";"45";"30";"30";"26.2";"15.9";"11.3";"11.1";"14.2";"10.8";"6.2";"3.8";"6.4";"5.2";"9.7";"30";"70";"60";"30";"9";"5.8";"9.8"
"United States";"USA";"MLS Next Pro";"28-06-2026 21:00";"NS";"Minnesota United II";"";"";"Tacoma Defiance";"";"";"4.9";"4.7";"3.8";"5.2";"9.3";"70";"55";"40";"30";"25";"14.5";"11.5";"11";"13.1";"9.2";"5.2";"3.6";"5.3";"4.4";"9.7";"60";"10";"40";"50";"10";"7.1";"5.4"
"United States";"USA";"MLS Next Pro";"28-06-2026 23:00";"NS";"Los Angeles FC 2";"";"";"Houston Dynamo FC II";"";"";"4.9";"4.3";"4.3";"5.4";"9.4";"70";"55";"55";"35";"27.8";"13.9";"14.9";"12.4";"14.4";"10.4";"4.9";"6.1";"4.5";"5.2";"9.7";"50";"56";"50";"40";"10";"6.4";"5.9"
"United States";"USA";"USL W League";"28-06-2026 16:00";"NS";"Tacoma Galaxy W";"";"";"West Seattle Rhodies W";"";"";"2.3";"4";"5.7";"3";"7.5";"50";"50";"0";"0";"21.4";"5.8";"14.7";"13.7";"8.7";"8.2";"2.7";"5.3";"5.5";"3";"8";"17";"33";"33";"67";"8";"5.8";"6.1"
"United States";"USA";"USL W League";"28-06-2026 16:00";"NS";"Edgewater Castle W";"";"";"Sioux Falls City W";"";"";"6.7";"5.8";"3.7";"3";"9.6";"88";"46";"46";"29";"27.2";"10";"20.2";"12.5";"11.5";"12.8";"5";"8.8";"5.5";"6.2";"8";"50";"75";"67";"50";"8";"8.3";"11.9"
"United States";"USA";"USL W League";"28-06-2026 16:00";"NS";"Ann Arbor W";"";"";"Kalamazoo FC W";"";"";"";"";"";"";"";"";"";"";"";"";"";"";"";"";"";"";"";"";"";"8";"";"";"";"";"";"";""
"United States";"USA";"USL W League";"28-06-2026 16:00";"NS";"Manhattan W";"";"";"Cedar Stars W";"";"";"2.7";"";"9.3";"";"";"";"";"";"";"";"7.5";"";"29.5";"";"";"4.5";"";"10.5";"";"8";"0";"";"0";"";"";"";""
"United States";"USA";"USL W League";"28-06-2026 16:00";"NS";"Long Island Rough Riders W";"";"";"Paisley Athletic W";"";"";"8";"3";"1.5";"5";"8.8";"84";"42";"42";"42";"36.2";"21";"15.5";"14";"22";"17.2";"9";"8.5";"7.5";"9.5";"8";"100";"0";"100";"0";"9";"4.5";"5"
"United States";"USA";"USL W League";"28-06-2026 18:00";"NS";"Salmon Bay W";"";"";"Snohomish United W";"";"";"6";"6.5";"1.5";"1";"7.5";"50";"50";"0";"0";"23";"14";"21.5";"3.5";"7";"9.2";"6.2";"8.5";"1.5";"2";"8";"75";"100";"75";"100";"8";"4.4";"5.4"
"United States";"USA";"USL W League";"28-06-2026 19:00";"NS";"Miami AC W";"";"";"Brooke House W";"";"";"1.2";"4.6";"4.2";"2.2";"6.1";"20";"10";"0";"0";"24";"2.5";"11.6";"25";"8.8";"15";"2";"5.6";"17.5";"5";"8";"50";"60";"0";"80";"7";"6.2";"5.5"
"United States";"USA";"USL W League";"28-06-2026 19:00";"NS";"RKC W";"";"";"Minnesota Aurora W";"";"";"1.5";"3.7";"5.2";"1.7";"6";"54";"0";"0";"0";"21.9";"9.3";"11.5";"17";"6";"10.8";"5.7";"5";"7.3";"3.5";"8";"33";"33";"25";"67";"6";"8.5";"4.1"
"United States";"USA";"USL W League";"28-06-2026 19:00";"NS";"Northern Virginia FC W";"";"";"Patuxent W";"";"";"3";"2.5";"2.5";"7";"7.5";"25";"25";"25";"25";"";"10.8";"";"14.5";"";"";"5.5";"";"8";"";"8";"50";"";"50";"0";"7";"";""
"United States";"USA";"USL W League";"28-06-2026 19:30";"NS";"Asheville City W";"";"";"Birmingham Legion W";"";"";"";"1.7";"";"8.7";"";"";"";"";"";"";"";"9.7";"";"14.7";"";"";"6.3";"";"10.3";"8";"";"33";"";"0";"";"";""
"United States";"USA";"USL W League";"28-06-2026 20:00";"NS";"Lancaster Inferno W";"";"";"Eagle FC W";"";"";"";"7";"";"2.5";"";"";"";"";"";"";"";"27";"";"5.5";"";"";"15";"";"2.5";"8";"";"100";"";"50";"";"";""
"United States";"USA";"USL W League";"28-06-2026 20:00";"NS";"Hartford Athletic W";"";"";"AC Connecticut W";"";"";"";"";"";"";"";"";"";"";"";"";"";"";"";"";"";"";"";"";"";"8";"";"";"";"";"";"";""
"United States";"USA";"USL W League";"28-06-2026 21:00";"NS";"Lonestar San Antonio W";"";"";"AHFC Royals W";"";"";"";"2.7";"";"2";"";"";"";"";"";"";"";"17.5";"";"12.5";"";"";"7";"";"5";"8";"";"0";"";"33";"";"";""
"United States";"USA";"USL W League";"28-06-2026 22:00";"NS";"Albion Colorado W";"";"";"Colorado Storm W";"";"";"";"";"";"";"";"";"";"";"";"";"";"";"";"";"";"";"";"";"";"8";"";"";"";"";"";"";""
"United States";"USA";"USL W League";"28-06-2026 22:00";"CANCELLED";"SoCal Reds W";"";"";"Capo W";"";"";"";"7";"";"4";"";"";"";"";"";"";"";"24";"";"10.5";"";"";"11.5";"";"4.5";"8";"";"50";"";"50";"";"";""
"United States";"USA";"USL W League";"28-06-2026 23:00";"NS";"Portland Cherry Bombs";"";"";"Bigfoot W";"";"";"3.5";"2.5";"4.5";"5";"7.8";"50";"50";"12";"12";"20.9";"10.5";"6.5";"13.2";"11.5";"9.2";"3.8";"3.2";"5.8";"5.5";"8";"75";"50";"50";"0";"8";"15";"5.4"
"United States";"USA";"UWS";"28-06-2026 13:00";"NS";"Michigan Stars W";"";"";"Midwest United W";"";"";"";"";"";"";"";"";"";"";"";"";"";"";"";"";"";"";"";"";"";"0";"";"";"";"";"";"";""
"United States";"USA";"UWS";"28-06-2026 15:00";"NS";"Pinnacle W";"";"";"Michigan Legends W";"";"";"";"";"";"";"";"";"";"";"";"";"";"";"";"";"";"";"";"";"";"0";"";"";"";"";"";"";""
"United States";"USA";"UWS";"28-06-2026 18:00";"NS";"Baltimore Blast W";"";"";"Racing Power W";"";"";"";"";"";"";"";"";"";"";"";"";"";"";"";"";"";"";"";"";"";"0";"";"";"";"";"";"";""
"United States";"USA";"UWS";"28-06-2026 20:00";"NS";"Midland Fusion W";"";"";"Pontiac W";"";"";"";"";"";"";"";"";"";"";"";"";"";"";"";"";"";"";"";"";"";"0";"";"";"";"";"";"";""
"United States";"USA";"UWS";"28-06-2026 20:00";"NS";"Grand Rapids W";"";"";"Michigan Jaguars W";"";"";"";"";"";"";"";"";"";"";"";"";"";"";"";"";"";"";"";"";"";"0";"";"";"";"";"";"";""
"United States";"USA";"UWS";"28-06-2026 20:00";"NS";"Michigan Jaguars II W";"";"";"Troy City W";"";"";"";"";"";"";"";"";"";"";"";"";"";"";"";"";"";"";"";"";"";"0";"";"";"";"";"";"";""
"United States";"USA";"UWS";"28-06-2026 20:00";"NS";"Baltimore Warriors W";"";"";"Lancaster W";"";"";"";"";"";"";"";"";"";"";"";"";"";"";"";"";"";"";"";"";"";"0";"";"";"";"";"";"";""
"United States";"USA";"UWS";"28-06-2026 23:00";"NS";"Los Angeles SC W";"";"";"San Fernando Valley W";"";"";"";"";"";"";"";"";"";"";"";"";"";"";"";"";"";"";"";"";"";"0";"";"";"";"";"";"";""
"Yemen";"YEM";"Yemeni League";"28-06-2026 10:00";"INPLAY_2ND_HALF";"Wahda Sana’a FC";"0";"0";"Shaab Hadramout FC";"0";"0";"";"";"";"";"";"";"";"";"";"";"";"";"";"";"";"";"";"";"";"0";"";"";"";"";"";"";""
"Zimbabwe";"ZIM";"Premier Soccer League";"28-06-2026 10:00";"INPLAY_2ND_HALF";"Dynamos";"0";"0";"Bulawayo Chiefs";"0";"0";"3.9";"2.2";"3.5";"4.9";"7.2";"44";"32";"12";"6";"17";"9";"8.4";"7.5";"9.2";"4.2";"2.6";"1.9";"2.2";"1.5";"7.3";"62";"12";"38";"38";"7";"5";"7"
"Zimbabwe";"ZIM";"Premier Soccer League";"28-06-2026 10:00";"INPLAY_2ND_HALF";"AGAMA";"0";"0";"Herentals";"0";"0";"2.3";"3.7";"4";"3";"6.5";"33";"33";"16";"0";"15.6";"5";"8.8";"9";"8.5";"3.6";"0.3";"2.2";"1.7";"3";"7.3";"67";"50";"0";"50";"7";"10";"6.8"
"Argentina";"ARG";"Primera Division Women";"28-06-2026 15:00";"NS";"Unión W";"";"";"Ferro Carril Oeste W";"";"";"2.8";"3.7";"5.7";"2.9";"7.6";"45";"30";"25";"20";"17.7";"4.6";"6.7";"15.8";"8.3";"8";"2.1";"2.7";"7.8";"3.5";"7.9";"50";"50";"10";"50";"8";"7.7";"8"
"Argentina";"ARG";"Primera Division Women";"28-06-2026 18:00";"NS";"San Luis W";"";"";"Boca Juniors W";"";"";"3.7";"5";"3.8";"2.9";"7.7";"45";"40";"30";"30";"18.8";"9.7";"11.5";"10.2";"6.2";"8.4";"4.5";"4.7";"4.2";"3.4";"7.9";"70";"60";"50";"60";"7";"8.1";"10.5"
"Australia";"AUS";"Western Australia NPL Women";"28-06-2026 04:00";"FT";"Perth W";"2";"1";"Fremantle City W";"2";"0";"6.9";"5.2";"2.9";"3.1";"9";"78";"62";"50";"33";"21.4";"12";"13.3";"6.6";"10.9";"10.4";"7.3";"6.2";"2.7";"4.6";"9.1";"56";"56";"78";"67";"9";"4.3";"4.9"
"Australia";"AUS";"Western Australia NPL Women";"28-06-2026 04:00";"FT";"Perth RedStar W";"2";"2";"Sorrento W";"1";"1";"4.5";"1.8";"4.2";"7.6";"9.1";"78";"68";"45";"45";"22.5";"10.9";"5.1";"9.9";"19.1";"11.6";"5.4";"2.6";"5.9";"9.3";"9.1";"50";"30";"62";"10";"9";"9.1";"5.1"
"Australia";"AUS";"Western Australia NPL Women";"28-06-2026 04:45";"FT";"Subiaco W";"0";"3";"Balcatta W";"0";"0";"4.3";"5.1";"3.7";"3.6";"8.4";"68";"61";"50";"28";"22.8";"10.1";"15.7";"12.3";"7.4";"11.5";"4.7";"8";"6.2";"4.1";"9.1";"40";"88";"40";"62";"9";"7.2";"7.5"
"Australia";"AUS";"Capital Territory NPL Women";"28-06-2026 01:00";"FT";"Woden Weston W";"1";"8";"Canberra W";"1";"3";"3.8";"6.1";"5.5";"1.7";"8.5";"48";"42";"36";"24";"17.9";"6.2";"13.3";"10.3";"6";"8.2";"2.3";"6.5";"4.5";"3";"9.4";"50";"67";"38";"67";"9";"4.6";"3.7"
"Australia";"AUS";"Capital Territory NPL Women";"28-06-2026 02:00";"FT";"Belconnen United W";"10";"0";"Majura W";"6";"0";"9.1";"0.4";"0.7";"11.4";"10.9";"72";"72";"52";"46";"18.8";"15";"1.5";"2.5";"18.5";"10.5";"9";"1.3";"1.2";"9.5";"9.4";"100";"0";"100";"0";"9";"2.5";"7.5"
"Australia";"AUS";"New South Wales NPL Women";"28-06-2026 01:50";"FT";"Bulls Academy W";"1";"0";"University of NSW W";"0";"0";"5.3";"6.1";"4.1";"2.7";"9.1";"75";"50";"50";"40";"23.4";"15.2";"14.5";"8";"9.2";"10.8";"9";"5";"3.7";"3.9";"8.6";"30";"70";"60";"80";"9";"4.7";"6.6"
"Australia";"AUS";"New South Wales NPL Women";"28-06-2026 02:00";"FT";"Illawarra Stingrays W";"3";"0";"Gladesville Ravens W";"1";"0";"4.6";"3.2";"5.3";"6.5";"9.8";"60";"55";"55";"55";"24.4";"9.3";"8";"15.3";"16.1";"12.6";"4.7";"4.6";"7.8";"8";"8.6";"60";"50";"30";"10";"9";"11.6";"5"
"Australia";"AUS";"New South Wales NPL Women";"28-06-2026 02:00";"DELAYED";"Macarthur Rams W";"0";"0";"Western Sydney II W";"0";"0";"5.4";"4.7";"4.2";"3";"8.6";"65";"45";"30";"30";"22.3";"11";"13.4";"9.3";"10.9";"11.4";"5.7";"6.9";"4.6";"5.6";"8.6";"30";"70";"80";"80";"8";"8.5";"6.1"
"Australia";"AUS";"New South Wales NPL Women";"28-06-2026 04:00";"FT";"Sydney University W";"5";"2";"Mt Druitt Town W";"2";"0";"4.2";"3.4";"4.6";"4.5";"8.4";"65";"40";"25";"20";"24.7";"10.1";"12";"12.2";"15.1";"12.6";"5.1";"4.9";"6.5";"8.7";"8.6";"40";"30";"30";"20";"8";"5";"24"
"Australia";"AUS";"New South Wales NPL Women";"28-06-2026 04:00";"FT";"Manly United W";"1";"2";"APIA Leichhardt W";"1";"0";"4";"5.5";"6";"2.2";"8.8";"70";"50";"40";"30";"21.6";"12.3";"13.1";"8.5";"9.3";"11.4";"5.8";"7.6";"5.2";"4.2";"8.6";"70";"70";"20";"80";"9";"7.7";"5.5"
"Australia";"AUS";"New South Wales NPL Women";"28-06-2026 04:30";"FT";"Hills United W";"1";"0";"Sydney Olympic W";"0";"0";"4.2";"5.3";"4.7";"3.7";"9";"65";"55";"40";"35";"23.2";"12.7";"12.9";"10.3";"10.5";"12.4";"6.6";"7.4";"5.2";"5.6";"8.6";"30";"70";"20";"70";"9";"10.6";"6.4"
"Australia";"AUS";"Tasmania Women's Super League";"28-06-2026 01:00";"FT";"South Hobart W";"2";"1";"Kingborough United W";"1";"1";"5.7";"5.9";"5";"6.2";"11.4";"100";"93";"86";"72";"24";"9.9";"13";"13";"12.1";"14";"6.1";"7.4";"7.6";"7";"10.3";"29";"75";"57";"50";"11";"2.9";"6.2"
"Australia";"AUS";"Northern NSW NPL Women";"28-06-2026 01:00";"DELAYED";"Newcastle Olympic W";"0";"0";"Charlestown Azzurri W";"0";"0";"3.5";"3.4";"6.3";"6.3";"9.8";"79";"79";"63";"42";"22.4";"9.7";"7";"12";"16";"14.3";"6.5";"4.2";"8";"9.9";"8.5";"20";"33";"30";"0";"10";"6.9";"6.4"
"Australia";"AUS";"Northern NSW NPL Women";"28-06-2026 03:00";"FT";"Adamstown Rosebud W";"0";"1";"Lake Macquarie City W";"0";"1";"3.1";"6";"4.8";"3.3";"8.6";"60";"50";"35";"25";"20.7";"11.9";"8.7";"12";"8.8";"11.1";"6.8";"4.4";"5.8";"5.3";"8.5";"40";"80";"20";"80";"9";"5.7";"7.2"
"Belarus";"BLR";"Vysshaya Liga Women";"28-06-2026 08:00";"FT";"Naftan W";"2";"0";"Zorka-BDU W";"1";"0";"8";"5";"1.2";"3.2";"8.7";"70";"50";"30";"30";"13.6";"9.8";"5.7";"2.4";"9.3";"4.8";"4.4";"1.7";"0.6";"3";"7.9";"100";"80";"100";"40";"9";"2.3";"3.4"
"Belarus";"BLR";"Vysshaya Liga Women";"28-06-2026 10:00";"INPLAY_2ND_HALF";"DYuSSh Pinskogo W";"0";"2";"Dinamo Brest W";"0";"2";"0.7";"5.5";"7";"2.5";"7.8";"67";"33";"33";"33";"";"";"11";"";"8.2";"";"";"3.5";"";"1.2";"7.9";"0";"83";"0";"67";"8";"";""
"Belarus";"BLR";"Vysshaya Liga Women";"28-06-2026 12:00";"NS";"Vitebsk W";"";"";"Belshina W";"";"";"3.6";"0.4";"4.4";"6.4";"7.4";"60";"40";"20";"20";"17.6";"10";"4.5";"7.3";"13.5";"5.4";"2.7";"1";"2";"5";"7.9";"20";"0";"40";"0";"7";"5.9";"2.2"
"China";"CHN";"Super League Women";"28-06-2026 05:00";"FT";"Shaanxi Chang AN Athletic FC W";"0";"0";"Sichuan W";"0";"0";"2.8";"2.5";"7.5";"6.2";"9.6";"66";"58";"46";"29";"15.2";"3.3";"6.8";"9";"11.2";"7";"1.5";"3.2";"4.5";"4.8";"10.1";"60";"25";"0";"0";"10";"6.6";"8.5"
"China";"CHN";"Super League Women";"28-06-2026 08:00";"FT";"Liaoning Shenbei Hefeng W";"1";"0";"Changchun Dazhong Zhiye W";"0";"0";"5.6";"3.6";"4.2";"4.1";"8.8";"75";"60";"45";"15";"17.2";"12.4";"6.4";"9.9";"5.6";"7.6";"4.7";"3.6";"4.3";"2.6";"10.1";"50";"50";"50";"40";"9";"8.3";"3.8"
"China";"CHN";"Super League Women";"28-06-2026 08:35";"FT";"Shanghai RCB W";"2";"1";"Jiangsu W";"2";"0";"6.3";"6.3";"3.8";"3.9";"10.1";"82";"82";"58";"31";"21.4";"15.1";"11.3";"6.6";"9.7";"10.4";"7.7";"5.4";"2.7";"5.1";"10.1";"44";"71";"78";"57";"10";"8.9";"6.3"
"China";"CHN";"Super League Women";"28-06-2026 08:35";"FT";"Shandong Sports Lottery W";"1";"0";"Zhejiang Hangzhou W";"1";"0";"4.4";"2.3";"4.3";"6.7";"8.9";"55";"50";"50";"31";"15.7";"7";"4.9";"10.7";"8.9";"7.2";"3.7";"2";"5.3";"3.4";"10.1";"44";"43";"44";"0";"9";"4.4";"4.5"
"Europe";"EUR";"Euro U19 Women";"28-06-2026 09:00";"FT";"Switzerland U19 W";"2";"2";"Spain U19 W";"1";"1";"4.6";"7.9";"3.3";"1.3";"8.5";"73";"46";"40";"30";"20.4";"12.1";"18.9";"7.7";"2.1";"9.8";"5.9";"9";"3.7";"1";"";"70";"86";"50";"100";"";"6.7";"5.4"
"Europe";"EUR";"Euro U19 Women";"28-06-2026 12:00";"NS";"Austria U19 W";"";"";"Iceland U19 W";"";"";"6.1";"5.6";"1.9";"5.1";"9.4";"76";"58";"52";"27";"19.2";"17.4";"10.4";"3";"7.7";"8.1";"7.3";"4";"1.6";"3.3";"";"71";"60";"57";"50";"";"6.4";"5.8"
"Finland";"FIN";"Kansallinen Liiga Women";"28-06-2026 11:00";"INPLAY_1ST_HALF";"Åland United W";"0";"0";"HPS W";"0";"0";"6.8";"5.3";"2.8";"5";"10";"80";"80";"75";"35";"21.2";"11.8";"13.7";"8.8";"8";"9.8";"6.6";"6.3";"3.4";"3.3";"11.1";"80";"70";"80";"50";"11";"3";"6.8"
"Finland";"FIN";"Ykkönen Women";"28-06-2026 09:00";"FT";"HJS W";"2";"3";"TPS W";"1";"1";"3.3";"3.1";"4";"5.5";"8";"46";"46";"34";"26";"19";"9.1";"7.2";"10";"11.6";"9.8";"4.7";"3";"5.4";"6.6";"9.1";"29";"25";"29";"25";"9";"5.1";"5.1"
"Iceland";"ISL";"2. Deild Women";"28-06-2026 13:00";"NS";"Afturelding W";"";"";"Dalvík / Reynir W";"";"";"4.5";"3";"3.5";"6.5";"8.8";"50";"50";"25";"25";"26.5";"24.5";"4.5";"6";"18";"12";"9";"3";"3";"9";"9";"50";"0";"100";"0";"8";"6.8";"2.8"
"Latvia";"LVA";"Women League";"28-06-2026 08:00";"FT";"Riga W";"22";"0";"Rēzeknes / BJSS";"9";"0";"";"";"";"";"";"";"";"";"";"";"";"";"";"";"";"";"";"";"";"0";"";"";"";"";"";"";""
"Latvia";"LVA";"Women League";"28-06-2026 12:00";"NS";"Iecava / Olaine W";"";"";"Auda W";"";"";"";"";"";"";"";"";"";"";"";"";"";"";"";"";"";"";"";"";"";"0";"";"";"";"";"";"";""
"Northern Ireland";"NIR";"Premiership Women";"28-06-2026 11:00";"INPLAY_1ST_HALF";"Glentoran BU W";"1";"0";"Derry City W";"1";"0";"10.8";"5";"2";"6.2";"12";"78";"71";"64";"64";"20.8";"16.6";"8.2";"8.6";"8.4";"9.5";"7.3";"4";"3.3";"4.4";"12.3";"71";"80";"88";"17";"10";"4.9";"4.1"
"Norway";"NOR";"1. Division Women";"28-06-2026 09:00";"FT";"Start W";"1";"0";"Arna-Bjørnar W";"0";"0";"6.4";"7";"2.8";"2.8";"9.4";"75";"56";"50";"31";"28.4";"13.1";"17.2";"11.6";"14.8";"13.1";"5.4";"8.8";"4.6";"7.5";"9.5";"62";"100";"88";"75";"10";"4.7";"6.1"
"Norway";"NOR";"1. Division Women";"28-06-2026 09:00";"FT";"Kolbotn W";"0";"3";"Grei W";"0";"1";"5.3";"3.6";"3.7";"5.1";"8.9";"66";"54";"40";"34";"23";"12.2";"11.4";"10.7";"11.8";"11.4";"7.7";"4.6";"5";"5.4";"9.5";"43";"38";"57";"50";"9";"8.1";"6.3"
"Norway";"NOR";"1. Division Women";"28-06-2026 09:00";"DELAYED";"Klepp W";"";"";"TIL 2020 W";"";"";"3.9";"";"6.9";"";"";"";"";"";"";"";"10.9";"";"18.9";"";"";"4.6";"";"9.9";"";"9.5";"38";"";"38";"";"";"";""
"Norway";"NOR";"Cup Women";"28-06-2026 09:00";"INPLAY_ET";"Stabæk W";"2";"2";"Fortuna Ålesund W";"1";"1";"5.3";"8.1";"5.7";"2.5";"10.8";"82";"76";"53";"53";"25.4";"11.7";"16.4";"12";"10.9";"12.3";"6.4";"8.1";"5.1";"4.9";"8.8";"56";"88";"67";"88";"10";"5.6";"4.8"
"New Zealand";"NZL";"National League Women";"28-06-2026 00:00";"FT";"Western Springs W";"0";"2";"Ellerslie W";"";"";"";"5.5";"";"3.5";"";"";"";"";"";"";"";"4.5";"";"14";"";"";"3.5";"";"9";"9.8";"";"50";"";"100";"";"";""
"Russia";"RUS";"Premier League Women";"28-06-2026 03:00";"FT";"Yenisey W";"0";"0";"Krasnodar W";"0";"0";"2.2";"3.1";"6.3";"6.7";"9.2";"72";"56";"44";"33";"11.6";"2.1";"5.4";"7";"8.7";"5.8";"0.9";"3.6";"3.3";"3.9";"8.5";"12";"12";"0";"22";"9";"2.1";"6.8"
"Thailand";"THA";"Thai Women's League 1";"28-06-2026 05:00";"AWAITING_UPDATES";"MH Nakhonsi W";"";"";"Chonburi Sports School W";"";"";"4.3";"4";"4";"4.2";"8.2";"58";"58";"29";"16";"25.2";"11.3";"14.8";"15.7";"8.8";"12.4";"4.7";"6.2";"8.3";"5.5";"8.9";"67";"75";"33";"50";"8";"16.1";"8.7"
"Thailand";"THA";"Thai Women's League 1";"28-06-2026 05:00";"AWAITING_UPDATES";"Nakhon Sawan W";"";"";"Kasem Bundit Uni W";"";"";"";"5.8";"";"2.5";"";"";"";"";"";"";"";"12.2";"";"9.8";"";"";"8";"";"3.8";"8.9";"";"50";"";"75";"";"";""
"Thailand";"THA";"Thai Women's League 1";"28-06-2026 05:00";"AWAITING_UPDATES";"BGC Asian Scholars W";"";"";"Chonburi FA W";"";"";"";"5";"";"5";"";"";"";"";"";"";"";"6";"";"10.7";"";"";"3";"";"6";"8.9";"";"67";"";"67";"";"";""
"Thailand";"THA";"Thai Women's League 1";"28-06-2026 06:00";"FT";"Burirat Academy W";"2";"0";"Bangkok W";"1";"0";"0.5";"5.8";"8";"4.5";"9.4";"100";"62";"38";"25";"20.4";"8";"10.2";"17";"5.5";"9.8";"3.5";"5.5";"8";"2.5";"8.9";"0";"25";"0";"50";"9";"5.3";"3.4"
"World";"WOR";"Club Friendlies 3";"28-06-2026 04:30";"FT";"Katowice";"2";"0";"Arka Gdynia";"2";"0";"5.5";"4.3";"4.9";"5.8";"10.2";"75";"65";"65";"45";"29";"14.1";"11";"17.4";"15.5";"9.8";"6.2";"3.5";"5";"4.9";"9";"67";"60";"40";"30";"9";"4.4";"9.2"
"World";"WOR";"Club Friendlies 3";"28-06-2026 05:30";"FT";"Odra Opole";"0";"0";"Žilina";"0";"0";"4.8";"4";"6.6";"5.7";"10.6";"85";"75";"70";"45";"26.2";"10.5";"11.9";"15.3";"14.8";"9.2";"3.9";"4.9";"4";"5.5";"9";"50";"40";"20";"30";"10";"11.7";"6.2"
"World";"WOR";"Club Friendlies 3";"28-06-2026 05:30";"AWAITING_UPDATES";"Slovácko";"";"";"Prostějov";"";"";"3.9";"4.4";"4.2";"5.9";"9.2";"70";"60";"50";"35";"18.9";"12";"5.6";"9.8";"10.4";"7.2";"4.5";"2.3";"3.6";"4";"9";"20";"40";"30";"30";"9";"6.8";"5.6"
"World";"WOR";"Club Friendlies 3";"28-06-2026 08:00";"FT";"Brøndby IF";"8";"1";"Hvidovre";"4";"1";"4.7";"5.4";"5.5";"5.8";"10.7";"75";"70";"55";"45";"26.2";"14.4";"13.3";"12.4";"12.3";"9.8";"4.7";"3.8";"5.4";"5.7";"9";"30";"40";"40";"40";"10";"7.4";"9.7"
"World";"WOR";"Club Friendlies 3";"28-06-2026 09:00";"FT";"Hallescher FC";"1";"2";"Górnik Zabrze";"0";"0";"";"5.8";"";"4.3";"";"";"";"";"";"";"";"15.4";"";"11.1";"";"";"5";"";"2.9";"9";"";"67";"";"44";"";"";""
"World";"WOR";"Club Friendlies 3";"28-06-2026 09:00";"FT";"AIK";"3";"2";"Västerås SK";"2";"1";"6.7";"4.9";"4.9";"5.7";"11.1";"80";"80";"65";"50";"26.6";"14.2";"10.6";"13.6";"14.9";"9.2";"5.3";"3.4";"4.7";"5";"9";"40";"50";"50";"50";"10";"8.2";"4.5"
"World";"WOR";"Club Friendlies 3";"28-06-2026 09:30";"TBA";"Barockstadt Fulda-Lehnerz";"";"";"SV Steinbach";"";"";"";"";"";"";"";"";"";"";"";"";"";"";"";"";"";"";"";"";"";"9";"";"";"";"";"";"";""
"World";"WOR";"Club Friendlies 3";"28-06-2026 10:00";"CANCELLED";"Vorwarts-Wacker 04";"";"";"Drochtersen / Assel";"";"";"";"";"";"";"";"";"";"";"";"";"";"";"";"";"";"";"";"";"";"9";"";"";"";"";"";"";""
"World";"WOR";"Club Friendlies 3";"28-06-2026 10:00";"INPLAY_2ND_HALF";"Krylya Sovetov";"1";"1";"Neftekhimik";"0";"1";"5.2";"4.3";"5.6";"4.3";"9.8";"78";"57";"52";"47";"18.8";"10.4";"6.6";"13.4";"7.1";"8";"4.2";"3.9";"4";"4";"9";"50";"56";"40";"33";"10";"5.1";"6"
"World";"WOR";"Club Friendlies 3";"28-06-2026 10:30";"INPLAY_1ST_HALF";"Nijlen";"0";"1";"Koninklijke Lierse Sportkring";"0";"1";"";"4.2";"";"5.1";"";"";"";"";"";"";"";"12.4";"";"15.8";"";"";"4.5";"";"5.9";"9";"";"50";"";"30";"";"";""
"World";"WOR";"Club Friendlies 3";"28-06-2026 10:45";"INPLAY_1ST_HALF";"Molde";"0";"1";"Bodø / Glimt";"0";"1";"4.7";"8";"5.3";"2.7";"10.4";"80";"70";"50";"40";"26.5";"12.5";"18.9";"12.7";"8.9";"10.4";"4.9";"7.7";"4.5";"3.6";"9";"70";"70";"40";"90";"10";"5.1";"5.6"
"World";"WOR";"Club Friendlies 3";"28-06-2026 12:00";"NS";"Wieczysta Kraków";"";"";"Dynamo Kyiv";"";"";"6";"7.9";"4.2";"3.4";"10.8";"80";"70";"70";"55";"21.6";"13.7";"13.3";"9.2";"7";"9.2";"5.3";"6.2";"3.5";"3.3";"9";"100";"80";"50";"80";"10";"6";"5.8"
"World";"WOR";"Club Friendlies 3";"28-06-2026 13:00";"AWAITING_UPDATES";"Olimpija";"";"";"Čukarički";"";"";"4.4";"3.3";"2.7";"5.2";"7.8";"35";"30";"30";"30";"22.3";"10.9";"8.7";"8.8";"16.2";"8";"4.3";"2.8";"4.1";"4.8";"9";"70";"40";"60";"40";"9";"7.8";"7.6"
"World";"WOR";"Club Friendlies 3";"28-06-2026 18:00";"NS";"NY Cosmos";"";"";"Santos Laguna";"";"";"4.8";"4.6";"5.8";"4.2";"9.7";"80";"55";"35";"35";"25.8";"12.3";"9.6";"15.2";"14.5";"9.3";"3.8";"3.5";"6.5";"4.8";"9";"30";"40";"20";"40";"10";"7.7";"5.6"
"World";"WOR";"Club Friendlies 3";"28-06-2026 21:00";"NS";"Odense BK";"";"";"Kolding IF";"";"";"6.6";"5";"4.9";"5";"10.8";"70";"70";"65";"50";"26.4";"12.9";"12.8";"13.8";"13.4";"8.7";"4.7";"4.1";"4.4";"4.2";"9";"40";"50";"60";"50";"10";"6.3";"12.4"
"World";"WOR";"Club Friendlies 3";"28-06-2026 21:00";"NS";"Crvena Zvezda";"";"";"Slovan Bratislava";"";"";"6.1";"4.9";"2";"4.5";"8.8";"55";"45";"30";"25";"25.7";"19.7";"11.6";"8.9";"11.2";"8.2";"7.3";"3.2";"3.1";"2.9";"9";"80";"50";"80";"50";"9";"8.9";"6.3"
"World";"WOR";"Club Friendlies Women";"28-06-2026 20:00";"NS";"Portland Thorns W";"";"";"San Diego Wave W";"";"";"4.6";"3.9";"5.8";"2.8";"8.6";"55";"50";"30";"25";"24.4";"13.4";"13.3";"14.2";"7.8";"9";"5.2";"5.1";"5.2";"2.6";"8";"60";"40";"20";"70";"8";"6.4";"6.8"
"Peru";"PER";"Copa de La Liga";"28-06-2026 15:00";"NS";"Alianza Lima";"";"";"Alianza Atlético";"";"";"3.1";"3.1";"2.8";"3.9";"6.4";"40";"30";"15";"5";"25.3";"13.4";"13";"11.9";"12.3";"8.7";"5.8";"4.8";"2.8";"4";"7.9";"70";"40";"50";"40";"8";"6.1";"9.1"
"Peru";"PER";"Copa de La Liga";"28-06-2026 15:00";"NS";"César Vallejo";"";"";"Carlos Mannucci";"";"";"3.8";"4.6";"3.3";"5.2";"8.4";"65";"55";"40";"35";"20.9";"12";"10.1";"8.4";"11.3";"7.5";"4.1";"3.7";"3.2";"4";"7.9";"60";"50";"40";"40";"9";"15";"9.2"
"Peru";"PER";"Copa de La Liga";"28-06-2026 17:15";"NS";"Los Chankas";"";"";"Santos";"";"";"4.2";"5.6";"5.2";"2.9";"9";"78";"65";"49";"26";"22.4";"14";"8.8";"15.3";"6.6";"8";"4.7";"3";"5.5";"2.8";"7.9";"60";"62";"20";"88";"8";"12.4";"9.8"
"Peru";"PER";"Copa de La Liga";"28-06-2026 20:00";"NS";"Cusco FC";"";"";"Cienciano";"";"";"3.8";"4.2";"5.7";"4";"8.8";"65";"60";"45";"30";"27.8";"11.3";"15.6";"17.1";"11.6";"9.6";"4.2";"4.2";"7";"3.8";"7.9";"40";"40";"40";"60";"8";"7.7";"10.2"
"South Africa";"RSA";"Super League Women";"28-06-2026 04:00";"AWAITING_UPDATES";"Stellenbosch W";"";"";"Copperbelt Ladies W";"";"";"";"5";"";"3.2";"";"";"";"";"";"";"";"12.3";"";"9.7";"";"";"7.3";"";"4.3";"7.6";"";"75";"";"50";"";"";""
"South Africa";"RSA";"Super League Women";"28-06-2026 07:00";"FT";"Ramatlaohle Ladies W";"1";"1";"University of Fort Hare W";"1";"1";"";"5";"";"2";"";"";"";"";"";"";"";"10";"";"5";"";"";"5";"";"1.5";"7.6";"";"100";"";"100";"";"";""
"South Africa";"RSA";"Super League Women";"28-06-2026 10:00";"INPLAY_2ND_HALF";"City Lads W";"0";"2";"First Touch W";"0";"2";"0.5";"1.7";"8.5";"5";"7.8";"25";"25";"25";"25";"22.5";"9";"7.5";"14.5";"14";"9.2";"4.5";"1";"6.5";"6.5";"7.6";"0";"0";"0";"33";"8";"22.5";"25"