"Country ";"Short";"League ";"Hour";"Status";"Home Team";"Result Home";"Result Visitor";"Visitor Team";"Result Home HT";"Result Visitor HT";"Casa";"Fora";"Casa";"Fora";"Casa";"Fora";"Global";"Global";"Global";"Global";"Global";"Global";"Global";"Casa";"Fora";"Global";"Global";"Global";"Global";"Global";"Global";"Global";"Casa";"Fora";"Casa";"Fora"
"World";"WOR";"World Cup";"04-07-2026 14:00";"NS";"Canada";"";"";"Morocco";"";"";"2";"1.7";"3.5";"1";"0.5";"0.7";"84";"25";"58";"75";"84";"2.8";"3";"67";"56";"";"";"";"";"";"";"23.9";"22.5";"12.3";"5";"8"
"World";"WOR";"World Cup";"04-07-2026 18:00";"NS";"Paraguay";"";"";"France";"";"";"";"";"";"";"";"";"";"";"";"";"";"";"";"";"";"";"";"";"";"";"";"";"";"";"";""
"Brazil";"BRA";"Serie B";"04-07-2026 16:00";"NS";"Criciúma";"";"";"Sport Recife";"";"";"2.1";"1.7";"1.3";"1";"0.6";"0.6";"50";"28";"50";"72";"57";"1.8";"2";"71";"57";"";"";"";"";"";"";"26.4";"17.3";"10.1";"12.4";"12.9"
"Brazil";"BRA";"Serie B";"04-07-2026 16:00";"NS";"Londrina";"";"";"CRB";"";"";"1.1";"1.5";"1.3";"1.5";"1.4";"1.6";"80";"60";"66";"40";"72";"2.9";"2";"38";"50";"";"";"";"";"";"";"26.3";"13.3";"12.4";"12.1";"14.9"
"Brazil";"BRA";"Serie B";"04-07-2026 16:00";"NS";"Novorizontino";"";"";"Atlético GO";"";"";"2";"1.3";"1.6";"1";"1.3";"1";"78";"50";"78";"50";"72";"2.4";"3";"67";"43";"";"";"";"";"";"";"27.4";"17.7";"11.7";"8.6";"16.7"
"Brazil";"BRA";"Serie B";"04-07-2026 20:00";"NS";"Goiás";"";"";"Ceará";"";"";"1.7";"0.9";"0.9";"0.7";"1.4";"1.1";"72";"28";"28";"72";"43";"2.1";"2";"57";"29";"";"";"";"";"";"";"25.5";"14";"10.4";"12.3";"14.3"
"China";"CHN";"League One";"04-07-2026 07:00";"INPLAY_1ST_HALF";"Yanbian Longding";"1";"0";"Jiangxi Dingnan United";"1";"0";"1";"1.8";"0.8";"1.4";"0.8";"1";"70";"30";"70";"70";"60";"2";"2";"33";"60";"";"";"";"";"";"";"23.2";"10.8";"10.6";"11.2";"13.8"
"China";"CHN";"League One";"04-07-2026 08:00";"NS";"Shaanxi Union FC";"";"";"Wuxi Wugou";"";"";"1.2";"1.3";"0.5";"1.7";"0.5";"1.5";"46";"25";"46";"75";"54";"2.1";"2";"42";"44";"";"";"";"";"";"";"25";"11.8";"12.2";"9.5";"16.5"
"China";"CHN";"League One";"04-07-2026 08:00";"NS";"Suzhou Dongwu";"";"";"Guangzhou E-Power FC";"";"";"0.5";"2";"0.7";"1.8";"1.8";"1.2";"74";"64";"65";"36";"90";"2.8";"3";"17";"67";"";"";"";"";"";"";"24.8";"11";"15";"10.7";"12.8"
"China";"CHN";"League One";"04-07-2026 08:00";"NS";"Shenzhen Juniors FC";"";"";"Nantong Zhiyun";"";"";"2";"0.8";"1";"0.6";"0.8";"1";"60";"20";"40";"80";"50";"1.7";"2";"67";"27";"";"";"";"";"";"";"19.9";"9.8";"8.8";"10.4";"10.8"
"China";"CHN";"League One";"04-07-2026 08:00";"NS";"Shanghai Jiading Huilong";"";"";"Shijiazhuang Gongfu";"";"";"1.4";"0.4";"1.4";"0.2";"1.6";"1";"60";"40";"40";"60";"40";"2.1";"3";"47";"13";"";"";"";"";"";"";"20.2";"11.2";"8.8";"7.6";"12.8"
"Ecuador";"ECU";"Liga Pro";"04-07-2026 16:00";"POSTPONED";"Libertad";"";"";"Leones del Norte";"";"";"1.6";"0.4";"1.1";"0.5";"1";"1.5";"59";"46";"46";"54";"46";"2";"2";"52";"12";"";"";"";"";"";"";"25.6";"13.1";"7.6";"13";"17.4"
"Ecuador";"ECU";"Liga Pro";"04-07-2026 21:00";"POSTPONED";"Barcelona Guayaquil";"";"";"Deportivo Cuenca";"";"";"2.4";"1.9";"1.6";"0.9";"0.6";"0.8";"48";"28";"34";"72";"48";"1.8";"2";"81";"62";"";"";"";"";"";"";"23.2";"13.7";"12.1";"7";"13.6"
"Finland";"FIN";"Ykkönen";"04-07-2026 10:00";"NS";"SalPa";"";"";"VJS";"";"";"2.2";"1";"3.2";"1.6";"1.5";"1.4";"90";"64";"64";"36";"72";"3.8";"4";"72";"33";"";"";"";"";"";"";"23";"13.8";"12.6";"6.7";"12.8"
"Finland";"FIN";"Ykkönen";"04-07-2026 11:00";"NS";"KuPS Ak.";"";"";"Tampere United";"";"";"1";"2.5";"1.8";"2.2";"1.7";"0.3";"75";"58";"34";"42";"58";"3";"3";"33";"83";"";"";"";"";"";"";"22.6";"11.7";"12";"11.8";"9.6"
"Finland";"FIN";"Ykkönen";"04-07-2026 12:00";"NS";"OLS";"";"";"Inter Turku II";"";"";"2.2";"0.7";"2.2";"1.8";"0.8";"4";"92";"75";"75";"25";"84";"4.4";"4";"72";"22";"";"";"";"";"";"";"28.6";"17";"8.7";"14.8";"16.7"
"South Korea";"KOR";"K League 1";"04-07-2026 07:30";"INPLAY_1ST_HALF";"Anyang";"0";"1";"Pohang Steelers";"0";"1";"1";"1.6";"1";"1.1";"1.1";"1";"71";"22";"57";"78";"43";"2.1";"2";"33";"52";"";"";"";"";"";"";"14.4";"6";"7.1";"5.4";"10.1"
"South Korea";"KOR";"K League 1";"04-07-2026 07:30";"INPLAY_1ST_HALF";"Daejeon Citizen";"0";"0";"Bucheon 1995";"0";"0";"0.4";"1.4";"0.4";"0.7";"1.2";"1";"46";"20";"26";"80";"60";"1.6";"2";"12";"48";"";"";"";"";"";"";"15.3";"8";"6.3";"8.5";"7.9"
"South Korea";"KOR";"K League 1";"04-07-2026 07:30";"INPLAY_1ST_HALF";"Jeonbuk Motors";"0";"0";"Gangwon";"0";"0";"2.1";"1.6";"2.1";"1";"1.1";"0.6";"64";"50";"36";"50";"72";"2.4";"2";"71";"52";"";"";"";"";"";"";"15";"8";"8.7";"8";"5.4"
"Sweden";"SWE";"Allsvenskan";"04-07-2026 10:00";"NS";"Halmstad";"";"";"Västerås SK";"";"";"1";"1.8";"1";"1.4";"1.6";"2";"90";"60";"60";"40";"70";"3";"4";"33";"60";"";"";"";"";"";"";"26.4";"12.6";"8.2";"14";"18"
"Sweden";"SWE";"Allsvenskan";"04-07-2026 10:00";"NS";"Degerfors";"";"";"Malmö FF";"";"";"0.8";"1.4";"1";"1.2";"2";"1.6";"72";"54";"64";"46";"64";"2.9";"3";"28";"47";"";"";"";"";"";"";"26.4";"11.3";"12";"10.5";"19"
"Uruguay";"URU";"Segunda Division";"04-07-2026 14:00";"NS";"Rentistas";"";"";"Paysandu FC";"";"";"1.1";"0.6";"0.7";"0.9";"1";"1.4";"57";"36";"50";"64";"72";"2";"2";"38";"19";"";"";"";"";"";"";"16.8";"8.7";"8.7";"7.3";"8.9"
"Uruguay";"URU";"Segunda Division";"04-07-2026 17:00";"NS";"Plaza Colonia";"";"";"La Luz";"";"";"1.6";"0.9";"1.4";"0.3";"0.7";"0.9";"57";"28";"36";"72";"50";"1.6";"2";"52";"29";"";"";"";"";"";"";"16.2";"9.4";"7.7";"8.4";"6.9"
"Uruguay";"URU";"Segunda Division";"04-07-2026 20:00";"NS";"Oriental";"";"";"River Plate";"";"";"2";"0.6";"1.4";"1";"0.5";"2.1";"74";"54";"54";"46";"81";"2.5";"2";"67";"19";"";"";"";"";"";"";"14.4";"5";"7.9";"7";"8.9"
"Venezuela";"VEN";"Copa Venezuela";"04-07-2026 21:00";"NS";"Atlético Ávila";"";"";"Marítimo";"";"";"";"";"";"";"";"";"";"";"";"";"";"";"";"";"";"";"";"";"";"";"";"";"";"";"";""
"Venezuela";"VEN";"Copa Venezuela";"04-07-2026 21:00";"NS";"Yaracuyanos";"";"";"Aragua";"";"";"";"";"";"";"";"";"";"";"";"";"";"";"";"";"";"";"";"";"";"";"";"";"";"";"";""
"Venezuela";"VEN";"Copa Venezuela";"04-07-2026 21:00";"NS";"Fundación Lara Deportiva";"";"";"Caracas";"";"";"";"";"";"";"";"";"";"";"";"";"";"";"";"";"";"";"";"";"";"";"";"";"";"";"";""
"Venezuela";"VEN";"Copa Venezuela";"04-07-2026 21:00";"NS";"Monagas";"";"";"Bolívar SC";"";"";"";"";"";"";"";"";"";"";"";"";"";"";"";"";"";"";"";"";"";"";"";"";"";"";"";""
"Venezuela";"VEN";"Copa Venezuela";"04-07-2026 21:00";"NS";"Dinamo Puerto La Cruz";"";"";"Mineros de Guayana";"";"";"";"";"";"";"";"";"";"";"";"";"";"";"";"";"";"";"";"";"";"";"";"";"";"";"";""
"Venezuela";"VEN";"Copa Venezuela";"04-07-2026 21:00";"NS";"Deportivo Lara";"";"";"Trujillanos";"";"";"";"";"";"";"";"";"";"";"";"";"";"";"";"";"";"";"";"";"";"";"";"";"";"";"";""
"Venezuela";"VEN";"Copa Venezuela";"04-07-2026 21:00";"NS";"Ureña";"";"";"Rayo Zuliano";"";"";"";"";"";"";"";"";"";"";"";"";"";"";"";"";"";"";"";"";"";"";"";"";"";"";"";""
"Venezuela";"VEN";"Copa Venezuela";"04-07-2026 21:00";"POSTPONED";"Academia Anzoátegui";"";"";"Deportivo Miranda FC";"";"";"";"";"";"";"";"";"";"";"";"";"";"";"";"";"";"";"";"";"";"";"";"";"";"";"";""
"Venezuela";"VEN";"Copa Venezuela";"04-07-2026 21:00";"POSTPONED";"Atlético Barinas";"";"";"Atlético El Vigía";"";"";"";"";"";"";"";"";"";"";"";"";"";"";"";"";"";"";"";"";"";"";"";"";"";"";"";""
"Venezuela";"VEN";"Copa Venezuela";"04-07-2026 21:00";"POSTPONED";"Real Frontera";"";"";"Zamora Fútbol Club";"";"";"";"";"";"";"";"";"";"";"";"";"";"";"";"";"";"";"";"";"";"";"";"";"";"";"";""
"Argentina";"ARG";"Torneo Promocional Amateur";"04-07-2026 10:00";"NS";"Barrancas UMET";"";"";"Buenos Aires City";"";"";"3";"0.7";"1.7";"0.3";"0.7";"0.7";"50";"34";"50";"66";"58";"1.6";"2";"100";"22";"";"";"";"";"";"";"";"10";"";"7.7";""
"Argentina";"ARG";"Torneo Promocional Amateur";"04-07-2026 15:00";"NS";"Deportivo Metalúrgico";"";"";"SAT Moreno";"";"";"1.5";"2.3";"1";"1";"0.5";"0.3";"42";"16";"16";"84";"34";"1.4";"2";"50";"78";"";"";"";"";"";"";"";"";"12";"";"5.5"
"Argentina";"ARG";"Torneo Promocional Amateur";"04-07-2026 15:00";"NS";"Las Mandarinas";"";"";"Uribelarrea";"";"";"0.3";"0.7";"0.7";"0";"1.3";"0.3";"34";"34";"34";"66";"16";"1.2";"2";"11";"22";"";"";"";"";"";"";"";"";"14";"";"6.5"
"Canada";"CAN";"Premier League";"04-07-2026 17:00";"NS";"Atlético Ottawa";"";"";"Cavalry";"";"";"2.5";"2.2";"2.2";"1.7";"1.2";"0.5";"62";"42";"54";"58";"42";"2.8";"3";"83";"72";"";"";"";"";"";"";"24.8";"13.5";"12.2";"11.8";"12.2"
"Canada";"CAN";"Premier League";"04-07-2026 20:00";"NS";"Vancouver FC";"";"";"Inter Toronto FC";"";"";"1.2";"1.2";"0.8";"1";"1.2";"1.2";"71";"29";"62";"71";"42";"2.1";"2";"39";"42";"";"";"";"";"";"";"26.2";"13.8";"14";"9.2";"15.5"
"Chile";"CHI";"Chilean Cup";"04-07-2026 16:00";"NS";"Magallanes";"";"";"Palestino";"";"";"";"0.5";"";"1";"";"1.5";"";"";"";"";"";"";"";"";"17";"";"";"";"";"";"";"";"";"15.5";"";"24.5"
"Chile";"CHI";"Chilean Cup";"04-07-2026 16:00";"NS";"Unión San Felipe";"";"";"Unión La Calera";"";"";"";"";"";"";"";"";"";"";"";"";"";"";"";"";"";"";"";"";"";"";"";"";"";"";"";""
"Chile";"CHI";"Chilean Cup";"04-07-2026 17:00";"NS";"San Luis";"";"";"Everton";"";"";"";"";"";"";"";"";"";"";"";"";"";"";"";"";"";"";"";"";"";"";"";"";"";"";"";""
"Chile";"CHI";"Chilean Cup";"04-07-2026 19:00";"NS";"Deportes Iquique";"";"";"Coquimbo Unido";"";"";"";"2";"";"1";"";"0.5";"";"";"";"";"";"";"";"";"67";"";"";"";"";"";"";"";"";"7";"";"10.5"
"Chile";"CHI";"Chilean Cup";"04-07-2026 21:30";"NS";"Universidad Católica";"";"";"Copiapó";"";"";"3";"0.5";"3";"0.5";"1.5";"2";"100";"75";"75";"25";"50";"3.5";"3";"100";"17";"";"";"";"";"";"";"";"12.5";"";"11";""
"Chile";"CHI";"Segunda División";"04-07-2026 17:00";"NS";"Provincial Osorno";"";"";"General Velásquez";"";"";"1.8";"1.2";"1";"0.8";"0.6";"1.6";"50";"40";"40";"60";"50";"2";"3";"60";"40";"";"";"";"";"";"";"21";"12.4";"10.6";"5.8";"13.2"
"Chile";"CHI";"Segunda División";"04-07-2026 17:00";"NS";"Provincial Ovalle";"";"";"Colina";"";"";"0.4";"1";"0.6";"0.6";"2";"0.8";"50";"10";"50";"90";"70";"2";"2";"13";"33";"";"";"";"";"";"";"15.9";"9.2";"7.2";"7.4";"8"
"Chile";"CHI";"Segunda División";"04-07-2026 18:00";"NS";"Deportes Rengo";"";"";"Santiago Morning";"";"";"1";"1";"1";"1.2";"1.2";"1.4";"78";"32";"65";"68";"65";"2.4";"2";"33";"33";"";"";"";"";"";"";"21.1";"9.2";"11.2";"10.5";"11.2"
"Cape Verde";"CPV";"Campeonato Nacional";"04-07-2026 13:30";"NS";"Palmeira";"";"";"Mindelense";"";"";"3";"1.3";"1.5";"1.7";"0.2";"1.7";"75";"46";"46";"54";"";"2.6";"";"100";"44";"";"";"";"";"";"";"";"";"";"";""
"Europe";"EUR";"Euro U19";"04-07-2026 10:00";"NS";"Spain U19";"";"";"Germany U19";"";"";"";"";"";"";"";"";"";"";"";"";"";"";"";"";"";"";"";"";"";"";"";"";"";"";"";""
"Europe";"EUR";"Euro U19";"04-07-2026 10:00";"NS";"Denmark U19";"";"";"Wales U19";"";"";"";"";"";"";"";"";"";"";"";"";"";"";"";"";"";"";"";"";"";"";"";"";"";"";"";""
"Republic of Ireland";"IRL";"First Division";"04-07-2026 15:30";"NS";"Longford Town";"";"";"UCD";"";"";"1.7";"1.4";"1.1";"1.7";"0.8";"1.1";"75";"50";"50";"50";"70";"2.3";"2";"57";"47";"";"";"";"";"";"";"17.2";"7.5";"9.9";"7.4";"9.6"
"United States";"USA";"NWSL";"04-07-2026 20:30";"NS";"North Carolina Courage W";"";"";"Seattle Reign W";"";"";"1.4";"1.4";"2";"1";"1.6";"1.2";"90";"80";"70";"20";"80";"2.9";"3";"47";"47";"";"";"";"";"";"";"28.4";"15";"12.6";"13.8";"15.4"
"United States";"USA";"NWSL";"04-07-2026 21:45";"NS";"San Diego Wave W";"";"";"Gotham FC W";"";"";"1.5";"2.2";"1.2";"1.5";"0.8";"0.5";"62";"29";"29";"71";"79";"2";"2";"50";"75";"";"";"";"";"";"";"24.5";"16.2";"13.8";"9";"10"
"Argentina";"ARG";"Primera B Nacional";"04-07-2026 15:00";"NS";"Colegiales";"";"";"Gimnasia y Tiro de Salta";"";"";"2.3";"0.6";"1.6";"0.6";"0.3";"1.4";"59";"30";"42";"70";"53";"2";"2";"78";"21";"";"";"";"";"";"";"13.6";"6.3";"6.6";"6";"8.2"
"Argentina";"ARG";"Primera B Nacional";"04-07-2026 15:30";"NS";"Nueva Chicago";"";"";"Güemes";"";"";"1.3";"0.6";"1";"1";"0.7";"2.1";"78";"48";"66";"52";"66";"2.4";"2";"44";"21";"";"";"";"";"";"";"16.2";"9.8";"5.4";"7";"10.1"
"Argentina";"ARG";"Primera B Nacional";"04-07-2026 15:30";"NS";"Temperley";"";"";"Tristán Suárez";"";"";"1.9";"1.8";"1.6";"0.8";"1.5";"0.4";"54";"36";"42";"64";"66";"2.2";"2";"62";"59";"";"";"";"";"";"";"15.1";"10.2";"4.7";"6";"9.3"
"Argentina";"ARG";"Primera B Nacional";"04-07-2026 15:30";"NS";"Almagro";"";"";"Atlético Rafaela";"";"";"1.8";"0.8";"1.2";"0.4";"0.7";"1";"62";"22";"33";"78";"44";"1.6";"2";"59";"26";"";"";"";"";"";"";"16.2";"6.6";"7";"6.7";"12.1"
"Argentina";"ARG";"Primera B Nacional";"04-07-2026 15:30";"NS";"Defensores de Belgrano";"";"";"Deportivo Morón";"";"";"1";"1.2";"0.4";"1.3";"0.8";"1.2";"61";"34";"44";"66";"67";"1.9";"2";"33";"41";"";"";"";"";"";"";"13.3";"5.9";"6.7";"5.4";"8.8"
"Argentina";"ARG";"Primera B Nacional";"04-07-2026 15:30";"NS";"Almirante Brown";"";"";"Los Andes";"";"";"1.9";"1.9";"1";"1.2";"0.7";"0.4";"53";"24";"29";"76";"53";"1.6";"2";"63";"62";"";"";"";"";"";"";"13.9";"8";"6.4";"5.9";"7.5"
"Argentina";"ARG";"Primera B Nacional";"04-07-2026 16:00";"NS";"Ciudad de Bolívar";"";"";"Godoy Cruz";"";"";"1.1";"0.7";"0.9";"0.3";"1.1";"0.9";"44";"16";"39";"84";"56";"1.6";"2";"37";"22";"";"";"";"";"";"";"11.3";"4";"7.1";"4.3";"7.2"
"Argentina";"ARG";"Primera B Nacional";"04-07-2026 18:00";"NS";"Quilmes Atlético Club";"";"";"Atlanta";"";"";"1.9";"1.6";"1";"1";"0.2";"0.9";"50";"32";"25";"68";"50";"1.5";"2";"62";"54";"";"";"";"";"";"";"16.5";"9.6";"6.1";"8.5";"8.8"
"Argentina";"ARG";"Primera C";"04-07-2026 13:00";"NS";"Lugano";"";"";"JJ Urquiza";"";"";"1.7";"0.9";"1.4";"0.4";"0.6";"1.1";"54";"34";"30";"66";"36";"1.8";"1";"57";"30";"";"";"";"";"";"";"17.5";"9.1";"7.6";"8.1";"10"
"Argentina";"ARG";"Primera C";"04-07-2026 15:00";"NS";"Leones de Rosario";"";"";"Central Ballester";"";"";"1.6";"1.2";"1.1";"0.9";"1";"1.2";"64";"29";"34";"71";"53";"2.1";"2";"52";"42";"";"";"";"";"";"";"17.2";"11.3";"6.5";"8";"8.8"
"Argentina";"ARG";"Primera C";"04-07-2026 15:00";"NS";"Argentino Rosario";"";"";"Defensores de Cambaceres";"";"";"1.2";"1.2";"1";"0.7";"0.9";"0.9";"68";"21";"46";"79";"62";"1.8";"2";"40";"41";"";"";"";"";"";"";"17.9";"9.7";"8.6";"9.7";"7.9"
"Argentina";"ARG";"Primera C";"04-07-2026 15:00";"NS";"Estrella del Sur";"";"";"Leandro Nicéforo Alem";"";"";"1.6";"1.1";"0.9";"1.4";"0.6";"2.1";"75";"42";"48";"58";"68";"2.6";"3";"54";"38";"";"";"";"";"";"";"18.4";"12.3";"9.6";"3.9";"11"
"Argentina";"ARG";"Primera B Metropolitana";"04-07-2026 13:00";"NS";"Deportivo Camioneros";"";"";"UAI Urquiza";"";"";"1.7";"0.9";"1.1";"0.6";"0.9";"0.9";"55";"40";"40";"60";"45";"1.8";"2";"57";"30";"";"";"";"";"";"";"15.2";"7.4";"5.6";"7.6";"9.8"
"Argentina";"ARG";"Primera B Metropolitana";"04-07-2026 14:30";"NS";"Ituzaingó";"";"";"Villa San Carlos";"";"";"0.8";"0.7";"0.6";"0.9";"1.1";"1.5";"75";"25";"45";"75";"65";"2";"2";"27";"23";"";"";"";"";"";"";"17.6";"9.7";"8.8";"8.3";"8.3"
"Argentina";"ARG";"Primera B Metropolitana";"04-07-2026 15:00";"NS";"Flandria";"";"";"Deportivo Laferrere";"";"";"1.1";"1.2";"0.9";"1.3";"1.3";"1.5";"70";"45";"45";"55";"70";"2.5";"2";"37";"40";"";"";"";"";"";"";"17.4";"9.2";"7.7";"9";"8.9"
"Argentina";"ARG";"Primera B Metropolitana";"04-07-2026 15:00";"NS";"Comunicaciones";"";"";"Arsenal de Sarandí";"";"";"1.5";"1.9";"1.5";"1";"1";"0.4";"55";"30";"30";"70";"60";"2";"2";"50";"63";"";"";"";"";"";"";"18";"9.1";"10.5";"5.7";"10.6"
"Argentina";"ARG";"Primera B Metropolitana";"04-07-2026 15:00";"NS";"Dock Sud";"";"";"Excursionistas";"";"";"1.5";"1.8";"1.2";"1.3";"0.7";"0.7";"65";"20";"35";"80";"65";"2";"2";"50";"60";"";"";"";"";"";"";"16";"7.8";"8.6";"6.9";"8.8"
"Argentina";"ARG";"Primera B Metropolitana";"04-07-2026 15:00";"NS";"Deportivo Merlo";"";"";"Villa Dálmine";"";"";"1.9";"2";"1.4";"1.4";"1.2";"0.5";"65";"35";"40";"65";"60";"2.2";"2";"63";"67";"";"";"";"";"";"";"16.6";"10.4";"7.8";"7";"8.1"
"Argentina";"ARG";"Primera B Metropolitana";"04-07-2026 15:30";"NS";"Deportivo Armenio";"";"";"Brown de Adrogué";"";"";"2";"1.3";"1.5";"0.5";"1";"0.5";"55";"25";"40";"75";"60";"1.8";"2";"67";"43";"";"";"";"";"";"";"15";"9.1";"7.7";"5.6";"7.5"
"Argentina";"ARG";"Torneo Federal A";"04-07-2026 15:30";"NS";"Defensores Pto. Vilelas";"";"";"Sarmiento de La Banda";"";"";"1.4";"1.2";"1.4";"0.8";"1.4";"1.3";"52";"45";"45";"55";"60";"2.6";"2";"48";"39";"";"";"";"";"";"";"23.6";"13.9";"8.8";"11.1";"13.5"
"Argentina";"ARG";"Torneo Federal A";"04-07-2026 15:30";"NS";"Huracán Las Heras";"";"";"Costa Brava";"";"";"2";"0.7";"0.8";"0.3";"0.3";"0.7";"38";"0";"31";"100";"55";"1.1";"2";"67";"24";"";"";"";"";"";"";"16.9";"12.2";"8.9";"5.7";"7.1"
"Argentina";"ARG";"Copa Santa Fe";"04-07-2026 15:30";"NS";"Ciclón Racing";"";"";"Colón San Justo";"";"";"";"";"";"";"";"";"";"";"";"";"";"";"";"";"";"";"";"";"";"";"";"";"";"";"";""
"Australia";"AUS";"Queensland Premier League 3 Metro";"04-07-2026 05:00";"FT";"Yeronga Eagles";"1";"3";"Springfield United";"0";"0";"2.4";"1.8";"3.5";"2.2";"0.6";"2";"88";"82";"52";"18";"70";"4.2";"5";"79";"59";"";"";"";"";"";"";"27.1";"15.8";"13.4";"10.2";"14.8"
"Australia";"AUS";"Queensland Premier League 3 Metro";"04-07-2026 05:15";"FT";"Newmarket";"1";"0";"AC Carina";"1";"0";"2.2";"1.8";"3.3";"3.1";"1.2";"1.8";"92";"79";"78";"21";"54";"4.7";"4";"72";"58";"";"";"";"";"";"";"29.6";"19.2";"18.9";"9";"12.3"
"Australia";"AUS";"Queensland Premier League 3 Metro";"04-07-2026 06:00";"INPLAY_2ND_HALF";"North Lakes United";"1";"1";"North Brisbane";"1";"1";"1.4";"1.4";"2.4";"1.6";"1.8";"2.6";"100";"88";"94";"12";"82";"4.2";"5";"46";"46";"";"";"";"";"";"";"34.4";"16";"9.6";"23";"20.2"
"Australia";"AUS";"Capital Territory";"04-07-2026 02:00";"FT";"Canberra White Eagles";"0";"2";"Cooma Tigers";"0";"1";"0.1";"1.5";"0.8";"1.7";"3";"1.2";"92";"56";"56";"44";"78";"3.3";"3";"4";"50";"";"";"";"";"";"";"21";"9.1";"10.2";"15.5";"7.3"
"Australia";"AUS";"Capital Territory";"04-07-2026 02:00";"DELAYED";"Queanbeyan City";"";"";"Tuggeranong United";"";"";"2.1";"2";"2.1";"2.2";"1.4";"2.2";"93";"86";"70";"14";"86";"4";"4";"71";"67";"";"";"";"";"";"";"21.5";"12.9";"11.7";"6";"12.5"
"Australia";"AUS";"Capital Territory";"04-07-2026 03:30";"FT";"Belconnen United";"0";"1";"Gungahlin Juventus";"0";"1";"0.5";"2.1";"1.5";"2.6";"2.5";"1.9";"93";"93";"86";"7";"93";"4.2";"5";"17";"71";"";"";"";"";"";"";"19.4";"8";"9.6";"9.8";"11.4"
"Australia";"AUS";"Capital Territory";"04-07-2026 04:45";"FT";"Monaro Panthers";"9";"0";"Brindabella Blues";"3";"0";"3";"0.5";"3.4";"0.8";"1.2";"3.3";"100";"74";"65";"26";"75";"4.4";"3";"100";"17";"";"";"";"";"";"";"26.4";"16.6";"10";"9.4";"16.7"
"Australia";"AUS";"New South Wales";"04-07-2026 02:00";"FT";"University of NSW";"3";"2";"Sydney II";"2";"1";"1.8";"1.6";"1.9";"1.6";"1.3";"1.2";"78";"58";"41";"42";"68";"3";"2";"60";"52";"";"";"";"";"";"";"24.6";"13.5";"13";"9.5";"13.2"
"Australia";"AUS";"New South Wales";"04-07-2026 02:00";"FT";"Western Sydney W. II";"2";"1";"Sydney Olympic";"1";"1";"0.8";"0.7";"1.3";"0.8";"1.6";"2.2";"90";"55";"50";"45";"80";"3";"3";"27";"23";"";"";"";"";"";"";"21.8";"10.1";"8.4";"10.1";"15.1"
"Australia";"AUS";"New South Wales";"04-07-2026 04:00";"FT";"Manly United";"1";"0";"SD Raiders";"0";"0";"1.6";"1.2";"1.3";"1.4";"0.7";"2";"69";"38";"59";"62";"74";"2.7";"3";"53";"41";"";"";"";"";"";"";"19.2";"11.8";"8.6";"8.7";"9.3"
"Australia";"AUS";"New South Wales";"04-07-2026 04:30";"FT";"Sutherland Sharks";"3";"2";"APIA Leichhardt Tigers";"1";"0";"1.3";"2";"1.6";"1.8";"1.4";"1.1";"78";"64";"63";"36";"74";"3";"3";"44";"67";"";"";"";"";"";"";"19";"9.1";"10.6";"11";"7.2"
"Australia";"AUS";"Npl Western Australia";"04-07-2026 04:00";"FT";"Perth Glory II";"1";"3";"Balcatta";"1";"1";"1";"0.4";"1.3";"1.4";"1.6";"3.9";"86";"72";"66";"28";"86";"4";"4";"33";"12";"";"";"";"";"";"";"22.1";"9";"10.1";"13";"12.1"
"Australia";"AUS";"Npl Western Australia";"04-07-2026 04:00";"FT";"Stirling Lions";"0";"1";"Perth RedStar";"0";"0";"1.1";"1.7";"1.9";"1.8";"2";"2";"79";"79";"71";"21";"92";"3.8";"4";"38";"56";"";"";"";"";"";"";"21.6";"8.5";"10.2";"11.2";"13.3"
"Australia";"AUS";"Npl Western Australia";"04-07-2026 04:00";"FT";"Fremantle City";"1";"1";"Bayswater City";"1";"0";"1.9";"1.6";"2.1";"2";"1.3";"1.5";"78";"71";"59";"29";"71";"3.4";"4";"63";"54";"";"";"";"";"";"";"20.7";"10.4";"13.5";"9.3";"8.1"
"Australia";"AUS";"Npl Western Australia";"04-07-2026 04:00";"FT";"Western Knights";"2";"0";"Sorrento";"1";"0";"2";"1.9";"3.1";"1.3";"2.4";"1";"78";"64";"72";"36";"86";"4";"4";"67";"62";"";"";"";"";"";"";"19.8";"12";"6";"11.6";"10"
"Australia";"AUS";"Npl Western Australia";"04-07-2026 04:00";"FT";"Armadale";"1";"6";"Olympic Kingsway";"0";"2";"1.2";"2.1";"1.9";"1.9";"2.6";"1.1";"88";"82";"75";"18";"94";"3.8";"4";"42";"71";"";"";"";"";"";"";"17.7";"11.2";"9.6";"7.2";"7.2"
"Australia";"AUS";"Npl Western Australia";"04-07-2026 06:00";"INPLAY_2ND_HALF";"Dianella White Eagles";"2";"2";"Perth";"2";"2";"1.5";"1.9";"1.5";"2.3";"1.2";"1.8";"88";"64";"81";"36";"94";"3.4";"4";"50";"63";"";"";"";"";"";"";"21.8";"14.2";"11.6";"9.2";"8.6"
"Australia";"AUS";"Npl Tasmania";"04-07-2026 01:30";"FT";"Devonport City";"4";"1";"Riverside Olympic";"3";"0";"2.6";"1.4";"1.6";"1.4";"0.6";"2";"70";"50";"50";"50";"80";"2.8";"3";"87";"47";"";"";"";"";"";"";"20.1";"10";"9.8";"7.4";"13"
"Australia";"AUS";"Npl Tasmania";"04-07-2026 01:30";"FT";"Ulverstone";"2";"1";"Kingborough Lions";"0";"0";"0.2";"2";"1";"4";"4.7";"1.2";"92";"83";"50";"17";"83";"5.4";"2";"6";"67";"";"";"";"";"";"";"23.6";"4.6";"18";"13.8";"10.8"
"Australia";"AUS";"Npl Tasmania";"04-07-2026 03:45";"FT";"Glenorchy Knights";"2";"2";"Clarence Zebras";"2";"1";"1.4";"1.7";"1.6";"1.5";"1.4";"1.2";"92";"65";"66";"35";"82";"2.8";"4";"47";"56";"";"";"";"";"";"";"21.4";"13.2";"8.5";"12";"9"
"Australia";"AUS";"Npl Tasmania";"04-07-2026 03:45";"TBA";"Launceston City";"";"";"Launceston United";"";"";"1.7";"0.4";"1.9";"0.6";"2.1";"2";"93";"46";"58";"54";"48";"3.3";"3";"57";"13";"";"";"";"";"";"";"24.2";"12.3";"10.4";"11.9";"13.8"
"Australia";"AUS";"Npl Queensland";"04-07-2026 03:15";"FT";"Gold Coast Knights";"2";"1";"Moreton City Excelsior";"1";"1";"2.6";"1.6";"3";"2";"1.4";"1.2";"88";"71";"69";"29";"78";"3.8";"4";"87";"54";"";"";"";"";"";"";"21.8";"16.6";"11.7";"7";"8.1"
"Australia";"AUS";"Npl Queensland";"04-07-2026 06:00";"INPLAY_2ND_HALF";"Eastern Suburbs Brisbane";"1";"3";"Peninsula Power";"1";"1";"1.6";"2.3";"2.1";"2.7";"1.5";"0.9";"94";"87";"72";"13";"94";"3.6";"4";"54";"76";"";"";"";"";"";"";"24.5";"12.4";"16.4";"12";"8.1"
"Australia";"AUS";"Npl Queensland";"04-07-2026 06:30";"INPLAY_2ND_HALF";"Queensland Lions";"0";"0";"Olympic FC Brisbane";"0";"0";"2.4";"1";"2.7";"2.4";"1";"2.6";"93";"80";"78";"20";"93";"4.4";"5";"81";"33";"";"";"";"";"";"";"23.1";"19.7";"10";"6";"10.5"
"Australia";"AUS";"Npl South Australian";"04-07-2026 02:00";"FT";"Adelaide City";"2";"0";"Para Hills Knights";"2";"0";"2.4";"0";"2.7";"0.4";"1.1";"5.1";"100";"100";"58";"0";"93";"4.8";"3";"81";"0";"";"";"";"";"";"";"21.8";"11.3";"5.1";"8.6";"18.4"
"Australia";"AUS";"Npl South Australian";"04-07-2026 02:30";"FT";"Adelaide United ||";"0";"0";"Campbelltown City";"0";"0";"1.2";"0.9";"1.2";"1.9";"1.1";"2.5";"75";"63";"50";"37";"75";"3.4";"4";"42";"29";"";"";"";"";"";"";"22";"12.8";"9.8";"8.6";"12.9"
"Australia";"AUS";"Npl South Australian";"04-07-2026 02:30";"FT";"Sturt Lions";"1";"0";"Playford City Patriots";"0";"0";"1.5";"1.3";"2.1";"1.7";"1.8";"1.9";"80";"74";"68";"26";"87";"3.8";"4";"50";"43";"";"";"";"";"";"";"21.6";"11.6";"9";"10.2";"12.3"
"Australia";"AUS";"Npl South Australian";"04-07-2026 04:30";"FT";"White City Woodville";"1";"0";"West Adelaide";"0";"0";"1.9";"1";"2.4";"1.6";"1.3";"2";"94";"80";"73";"20";"94";"3.6";"3";"62";"33";"";"";"";"";"";"";"22.9";"12.7";"10.9";"10";"12.2"
"Australia";"AUS";"Npl South Australian";"04-07-2026 06:45";"HT";"NE MetroStars";"1";"0";"West Torrens Birkalla";"1";"0";"2";"1.6";"2.6";"1.9";"0.7";"1.9";"86";"80";"46";"20";"80";"3.6";"3";"67";"54";"";"";"";"";"";"";"22.2";"12.4";"12.5";"7.9";"11.6"
"Australia";"AUS";"Npl Victoria";"04-07-2026 01:00";"FT";"Hume City";"0";"0";"Dandenong City";"0";"0";"2.1";"0.9";"1.9";"1";"1.2";"1.8";"64";"58";"58";"42";"64";"3";"3";"70";"29";"";"";"";"";"";"";"20";"11.1";"9";"8.1";"11.9"
"Australia";"AUS";"Npl Victoria";"04-07-2026 02:00";"FT";"Avondale Heights";"2";"3";"Preston Lions";"0";"0";"2.4";"2.2";"4.2";"1.8";"0.9";"0.6";"80";"59";"43";"41";"80";"3.8";"3";"81";"73";"";"";"";"";"";"";"23.6";"14.4";"12.7";"9.9";"10.4"
"Australia";"AUS";"Npl Victoria";"04-07-2026 02:15";"FT";"Altona Magic";"0";"3";"Melbourne City II";"0";"2";"0.8";"1.9";"0.8";"2.4";"1.7";"1.3";"84";"50";"61";"50";"100";"3.1";"3";"26";"63";"";"";"";"";"";"";"20.9";"9.3";"11.1";"9.3";"12"
"Australia";"AUS";"Npl Victoria";"04-07-2026 05:00";"FT";"Caroline Springs George Cross FC";"1";"1";"Oakleigh Cannons";"0";"1";"1.3";"2.3";"1.1";"2";"1.6";"0.4";"78";"44";"50";"56";"56";"2.6";"3";"44";"78";"";"";"";"";"";"";"17.5";"7.9";"11";"10.6";"5.6"
"Australia";"AUS";"Victoria NPL Youth League";"04-07-2026 00:00";"FT";"Altona Magic U23";"1";"2";"Melbourne City FC U23";"1";"2";"1.4";"2.6";"1.4";"3.8";"2.1";"1";"89";"78";"62";"22";"94";"4.2";"5";"48";"85";"";"";"";"";"";"";"22";"13.6";"12.6";"11.4";"6.4"
"Australia";"AUS";"Victoria NPL Youth League";"04-07-2026 02:00";"FT";"Bentleigh Greens U23";"2";"4";"Green Gully U23";"1";"2";"1.8";"1.2";"2.2";"1.9";"2.6";"1.7";"94";"74";"74";"26";"95";"4.2";"4";"60";"41";"";"";"";"";"";"";"22";"15.1";"8.8";"9.7";"10.2"
"Australia";"AUS";"Victoria NPL Youth League";"04-07-2026 02:45";"AWAITING_UPDATES";"George Cross U23";"";"";"Oakleigh Cannons U23";"";"";"2.3";"1.4";"2.4";"1.8";"1";"1.6";"84";"72";"67";"28";"78";"3.4";"4";"78";"48";"";"";"";"";"";"";"20.6";"14.8";"11.4";"6";"8.9"
"Australia";"AUS";"Victoria NPL Youth League";"04-07-2026 03:15";"FT";"Hume City U23";"1";"0";"Dandenong City U23";"1";"0";"0.3";"1";"0.8";"1.4";"2.1";"2";"82";"64";"76";"36";"69";"3.2";"4";"11";"33";"";"";"";"";"";"";"18.5";"7.4";"8.5";"11.1";"10"
"Australia";"AUS";"Victoria NPL Youth League";"04-07-2026 21:15";"NS";"Avondale U23";"";"";"Preston Lions U23";"";"";"1.4";"1";"1.9";"1.2";"1.7";"2.2";"74";"53";"43";"47";"70";"3.5";"3";"48";"33";"";"";"";"";"";"";"18.4";"8.7";"10.7";"8.2";"9.3"
"Australia";"AUS";"Victoria NPL Youth League";"04-07-2026 23:30";"NS";"South Melbourne U23";"";"";"Dandenong Thunder U23";"";"";"1.1";"0.4";"2.1";"1.4";"2.4";"3.2";"100";"82";"64";"18";"100";"4.6";"4";"38";"15";"";"";"";"";"";"";"26";"10.5";"7.1";"16.3";"18"
"Australia";"AUS";"Brisbane Reserves Premier League";"04-07-2026 03:00";"AWAITING_UPDATES";"Newmarket U23";"";"";"Carina U23";"";"";"2.4";"2";"6.1";"4.5";"1.8";"1.1";"88";"88";"50";"12";"";"6.8";"6";"79";"67";"";"";"";"";"";"";"";"";"";"";""
"Australia";"AUS";"Brisbane Reserves Premier League";"04-07-2026 03:00";"AWAITING_UPDATES";"Yeronga Eagles U23";"";"";"Springfield United U23";"";"";"1.9";"1";"2.4";"1.3";"1.5";"3.3";"100";"82";"47";"18";"";"4.3";"5";"62";"33";"";"";"";"";"";"";"";"";"";"";""
"Australia";"AUS";"Brisbane Reserves Premier League";"04-07-2026 04:00";"AWAITING_UPDATES";"North Lakes United U23";"";"";"North Brisbane U23";"";"";"1.2";"1";"2.1";"2.9";"2.2";"2.8";"100";"100";"82";"0";"";"5";"4";"42";"33";"";"";"";"";"";"";"";"";"";"";""
"Australia";"AUS";"Victoria Premier League 2";"04-07-2026 02:00";"FT";"North Sunshine Eagles";"2";"2";"Manningham United Blues";"0";"2";"0.8";"0.9";"1.1";"1.4";"1.9";"2.6";"78";"66";"66";"34";"47";"3.5";"4";"26";"29";"";"";"";"";"";"";"22.4";"10.7";"8.4";"10.7";"15.1"
"Australia";"AUS";"Victoria Premier League 2";"04-07-2026 02:00";"FT";"Langwarrin";"1";"6";"Eltham Redbacks";"1";"2";"1.6";"1";"2.5";"1.4";"1.9";"2";"100";"94";"83";"6";"94";"3.9";"4";"54";"33";"";"";"";"";"";"";"20";"8.9";"11.7";"9";"10.6"
"Australia";"AUS";"Victoria Premier League 2";"04-07-2026 04:00";"FT";"North Geelong Warriors";"1";"1";"Port Melbourne";"0";"0";"2";"0.2";"2";"0";"1.7";"2.8";"67";"61";"34";"39";"72";"3.2";"3";"67";"7";"";"";"";"";"";"";"22.6";"12.4";"5.6";"12.4";"14.9"
"Australia";"AUS";"Western Australia State League 1";"04-07-2026 04:00";"FT";"Mandurah City";"2";"2";"Gwelup Croatia SC";"1";"1";"1.9";"1";"2.3";"0.7";"1.3";"2.2";"76";"68";"60";"32";"69";"3.2";"3";"62";"33";"";"";"";"";"";"";"29.6";"26.5";"9.8";"13";"10"
"Australia";"AUS";"Western Australia State League 1";"04-07-2026 04:00";"FT";"Joondalup City";"3";"1";"Quinns";"0";"1";"1.2";"1.8";"1";"1.5";"1.6";"2";"90";"55";"55";"45";"88";"3";"3";"40";"58";"";"";"";"";"";"";"";"";"9.4";"";"9.7"
"Australia";"AUS";"Western Australia State League 1";"04-07-2026 04:00";"FT";"Kingsley";"3";"0";"UWA Nedlands";"1";"0";"1.9";"1.7";"2";"2.2";"1";"1.8";"78";"70";"56";"30";"93";"3.5";"4";"62";"56";"";"";"";"";"";"";"24.6";"13.2";"17.2";"9.8";"9"
"Australia";"AUS";"Western Australia State League 1";"04-07-2026 04:00";"FT";"Murdoch Uni Melville";"2";"2";"Floreat Athena";"1";"1";"1.1";"1.3";"1.9";"1.7";"1.9";"1";"84";"69";"75";"31";"60";"3.2";"3";"38";"44";"";"";"";"";"";"";"22";"10.8";"12.7";"13.2";"7.3"
"Australia";"AUS";"Western Australia State League 1";"04-07-2026 04:00";"FT";"Inglewood United";"2";"0";"Subiaco";"1";"0";"1.4";"0.9";"0.9";"1.6";"1";"2.3";"74";"54";"60";"46";"88";"2.9";"3";"46";"29";"";"";"";"";"";"";"22.8";"9.9";"11.6";"7.6";"16.6"
"Australia";"AUS";"Western Australia State League 1";"04-07-2026 04:00";"FT";"Curtin University";"3";"4";"Cockburn City";"2";"3";"0";"0.8";"0.3";"2";"2";"2.5";"84";"66";"58";"34";"75";"3.4";"4";"0";"28";"";"";"";"";"";"";"21.4";"7.2";"9.8";"13.2";"12.8"
"Australia";"AUS";"South Australia State League 1";"04-07-2026 02:30";"FT";"Adelaide Blue Eagles";"4";"1";"South Adelaide Panthers";"3";"1";"1.8";"0.1";"1.8";"1.1";"0.8";"3.8";"100";"69";"78";"31";"86";"3.8";"3";"61";"4";"";"";"";"";"";"";"23.5";"12.2";"9";"9.7";"16.2"
"Australia";"AUS";"South Australia State League 1";"04-07-2026 02:30";"FT";"Adelaide Cobras";"0";"3";"Fulham United";"0";"1";"0.5";"1.6";"1.2";"1";"2";"1.5";"88";"62";"44";"38";"69";"2.8";"3";"17";"54";"";"";"";"";"";"";"15.2";"6";"9.4";"6.4";"8.8"
"Australia";"AUS";"South Australia State League 1";"04-07-2026 04:30";"FT";"The Cove";"0";"0";"Adelaide Atletico";"0";"0";"2.2";"1.9";"2.2";"1.6";"1.2";"2.1";"100";"76";"76";"24";"92";"3.5";"4";"72";"62";"";"";"";"";"";"";"22";"15.2";"9.4";"9.5";"9.9"
"Australia";"AUS";"South Australia State League 1";"04-07-2026 06:30";"INPLAY_2ND_HALF";"Cumberland United";"1";"2";"Adelaide Raiders";"1";"2";"1.3";"1.6";"2.1";"2.2";"2";"1.6";"100";"73";"66";"27";"88";"4";"4";"43";"54";"";"";"";"";"";"";"20";"11.1";"11.8";"7";"10.1"
"Australia";"AUS";"South Australia Reserves Premier League";"04-07-2026 00:00";"FT";"Sturt Lions Res.";"4";"1";"Playford City Res.";"2";"1";"1.8";"0.4";"3.1";"1.3";"1.8";"5.4";"93";"93";"87";"7";"87";"5.8";"4";"58";"14";"";"";"";"";"";"";"27.6";"14.5";"6.8";"13.2";"20.8"
"Australia";"AUS";"South Australia Reserves Premier League";"04-07-2026 00:15";"AWAITING_UPDATES";"Adelaide United Res.";"";"";"Campbelltown City Res.";"";"";"1.9";"2.6";"4.4";"3.6";"2";"0.9";"94";"88";"68";"12";"100";"5.4";"5";"62";"88";"";"";"";"";"";"";"25.7";"12.5";"13.8";"16";"9.1"
"Australia";"AUS";"South Australia Reserves Premier League";"04-07-2026 01:45";"FT";"MetroStars Res.";"4";"0";"West Torrens Res.";"0";"0";"2.7";"1.2";"3.4";"2.2";"1.1";"2.2";"100";"94";"81";"6";"100";"4.6";"5";"90";"42";"";"";"";"";"";"";"22.4";"17.4";"12.6";"4.3";"10.6"
"Australia";"AUS";"South Australia Reserves Premier League";"04-07-2026 02:15";"FT";"Beograd Res.";"1";"2";"West Adelaide Res.";"1";"1";"0.1";"1.1";"0.4";"0.5";"3.1";"2.2";"81";"75";"20";"25";"81";"3.2";"4";"5";"38";"";"";"";"";"";"";"23.2";"6.4";"9.4";"16";"14.6"
"Australia";"AUS";"South Australia Reserves Premier League";"04-07-2026 03:15";"FT";"Adelaide Comets Res.";"1";"0";"Croydon Kings Res.";"1";"0";"1.1";"2.1";"2.6";"2.3";"2.9";"1.6";"100";"93";"93";"7";"78";"4.7";"4";"38";"71";"";"";"";"";"";"";"20.6";"15.6";"8.6";"9.8";"7.2"
"Australia";"AUS";"Queensland Premier League";"04-07-2026 01:30";"FT";"Robina City";"0";"0";"Broadbeach United";"0";"0";"2";"2.8";"2.3";"3.5";"0.9";"1.2";"84";"84";"66";"16";"84";"4";"4";"67";"92";"";"";"";"";"";"";"20.5";"9.9";"12";"6.9";"12.1"
"Australia";"AUS";"Queensland Premier League";"04-07-2026 04:00";"FT";"Brisbane Strikers";"3";"2";"Logan Lightning";"1";"1";"2.8";"1.2";"2.9";"1.5";"0.4";"1.8";"88";"50";"38";"50";"75";"3.2";"3";"92";"42";"";"";"";"";"";"";"21.8";"13.9";"12.2";"5.9";"11.5"
"Australia";"AUS";"Queensland Premier League";"04-07-2026 04:45";"FT";"North Star";"1";"2";"Redlands United";"0";"1";"0.4";"1.2";"1";"1.6";"2.1";"1.9";"87";"74";"74";"26";"87";"3.3";"4";"14";"42";"";"";"";"";"";"";"24.8";"15.3";"8.5";"15.6";"10.2"
"Australia";"AUS";"Queensland Premier League";"04-07-2026 05:00";"FT";"Capalaba";"0";"2";"St George Willawong";"0";"1";"0.4";"0.4";"1.2";"0.6";"3.2";"2.6";"89";"66";"54";"34";"83";"3.8";"4";"12";"15";"";"";"";"";"";"";"20.6";"7.2";"9.1";"13.5";"11.3"
"Australia";"AUS";"New South Wales NPL Youth League";"04-07-2026 00:00";"FT";"UNSW U20";"4";"4";"Sydney U20";"2";"4";"1.2";"1.7";"2.2";"1.7";"2.7";"1.3";"89";"68";"68";"32";"89";"4";"4";"40";"56";"";"";"";"";"";"";"25.3";"14.2";"12.2";"13.5";"10.6"
"Australia";"AUS";"New South Wales NPL Youth League";"04-07-2026 04:00";"FT";"WS Wanderers U20";"1";"1";"Sydney Olympic U20";"0";"1";"0.7";"0.1";"1.8";"1.1";"2.9";"2.8";"90";"80";"70";"20";"90";"4.3";"4";"23";"3";"";"";"";"";"";"";"22.8";"8.6";"6.6";"12.3";"18.2"
"Australia";"AUS";"New South Wales NPL Youth League";"04-07-2026 06:00";"INPLAY_2ND_HALF";"Manly United U20";"1";"0";"SD Raiders U20";"1";"0";"2.3";"1.2";"1.7";"1.2";"0.9";"2.1";"74";"64";"53";"36";"74";"3";"3";"77";"41";"";"";"";"";"";"";"17.5";"7.7";"7.7";"11.3";"8.3"
"Australia";"AUS";"New South Wales NPL Youth League";"04-07-2026 06:45";"INPLAY_2ND_HALF";"Sutherland Sharks U20";"0";"0";"APIA Leichhardt U20";"0";"0";"0.9";"2.6";"1.7";"1.9";"1.9";"0.5";"80";"48";"58";"52";"79";"3";"3";"30";"87";"";"";"";"";"";"";"22.4";"11.8";"11.8";"13.7";"7.7"
"Australia";"AUS";"Victoria NPL 2 Youth";"04-07-2026 01:00";"AWAITING_UPDATES";"Goulburn Valley Suns U23";"";"";"Moreland City U23";"";"";"0.9";"1.3";"1.1";"2.4";"1.7";"2.7";"94";"72";"72";"28";"";"4";"4";"30";"44";"";"";"";"";"";"";"";"";"";"";""
"Australia";"AUS";"Victoria NPL 2 Youth";"04-07-2026 01:45";"AWAITING_UPDATES";"Malvern City U23";"";"";"Eastern Lions U23";"";"";"1";"1.1";"2.5";"1";"2.8";"1.3";"85";"69";"74";"31";"";"3.8";"4";"33";"37";"";"";"";"";"";"";"";"";"";"";""
"Australia";"AUS";"Victoria NPL 2 Youth";"04-07-2026 02:00";"AWAITING_UPDATES";"Kingston City U23";"";"";"Nunawading City U23";"";"";"0.8";"1";"1.8";"1.1";"3.8";"1.4";"80";"62";"70";"38";"";"4.1";"4";"27";"33";"";"";"";"";"";"";"";"";"";"";""
"Australia";"AUS";"Victoria NPL 2 Youth";"04-07-2026 04:30";"AWAITING_UPDATES";"Box Hill United U23";"";"";"Whittlesea United U23";"";"";"2.3";"1.6";"3";"1.5";"1.6";"1.7";"85";"85";"74";"15";"";"3.9";"4";"78";"53";"";"";"";"";"";"";"";"";"";"";""
"Australia";"AUS";"Queensland Premier League 2";"04-07-2026 04:00";"FT";"Grange Thistle";"1";"2";"Mitchelton";"0";"0";"2.4";"0.9";"2.8";"2";"1.4";"2.7";"93";"80";"66";"20";"93";"4.4";"5";"79";"29";"";"";"";"";"";"";"31.6";"22.1";"17.6";"9.9";"13.6"
"Australia";"AUS";"Queensland Premier League 2";"04-07-2026 05:00";"FT";"Moreton City II";"0";"2";"Southside Eagles";"0";"2";"1.9";"0.9";"3.7";"1.4";"1.3";"2.1";"100";"86";"78";"14";"86";"4.3";"4";"62";"29";"";"";"";"";"";"";"31.2";"14.8";"11.3";"15.2";"21"
"Australia";"AUS";"Queensland Premier League 2";"04-07-2026 05:00";"FT";"Pine Hills";"3";"1";"Souths United";"2";"0";"1.4";"1.7";"1.4";"2.1";"1.3";"1.6";"72";"64";"50";"36";"64";"3.2";"4";"48";"57";"";"";"";"";"";"";"29.2";"17";"15.8";"10.5";"15.2"
"Australia";"AUS";"Queensland Premier League 2";"04-07-2026 05:15";"FT";"Brisbane Knights";"0";"3";"SWQ Thunder";"0";"2";"2.1";"1.9";"2.3";"2.1";"1.1";"1.2";"87";"66";"48";"34";"66";"3.4";"4";"71";"62";"";"";"";"";"";"";"31.6";"16.4";"19.3";"16.8";"10.9"
"Australia";"AUS";"Queensland Premier League 2";"04-07-2026 06:00";"INPLAY_2ND_HALF";"Virginia United";"1";"3";"Taringa Rovers";"";"";"1.2";"1.6";"1.5";"2.3";"2.2";"1.7";"100";"84";"77";"16";"68";"3.8";"4";"39";"52";"";"";"";"";"";"";"31.3";"13";"14.7";"17";"17.9"
"Australia";"AUS";"South Australia State League 1 Reserves";"04-07-2026 00:15";"FT";"Blue Eagles Res.";"1";"2";"South Adelaide Res.";"1";"0";"2.2";"0.6";"2.2";"1";"1.7";"1.9";"84";"69";"76";"31";"62";"3.4";"4";"72";"19";"";"";"";"";"";"";"27.5";"11.3";"15.5";"11.8";"16.2"
"Australia";"AUS";"South Australia State League 1 Reserves";"04-07-2026 00:15";"FT";"Adelaide Cobras Res.";"2";"0";"Fulham United Res.";"2";"0";"2.1";"1.2";"2.1";"1.6";"1.4";"1.9";"87";"74";"60";"26";"80";"3.6";"4";"71";"42";"";"";"";"";"";"";"18.5";"8.8";"8.5";"9.2";"10.5"
"Australia";"AUS";"South Australia State League 1 Reserves";"04-07-2026 00:15";"AWAITING_UPDATES";"Adelaide Olympic Res.";"";"";"Salisbury Unted Res.";"";"";"2";"0";"3";"1.8";"1.2";"3.2";"94";"88";"75";"12";"94";"4.6";"4";"67";"0";"";"";"";"";"";"";"29.2";"13.5";"12";"12.8";"20.2"
"Australia";"AUS";"South Australia State League 1 Reserves";"04-07-2026 02:00";"DELAYED";"The Cove Res.";"";"";"Adelaide Atletico Res.";"";"";"1.8";"0.4";"1.3";"1.4";"1";"2.3";"76";"60";"69";"40";"62";"3";"4";"61";"14";"";"";"";"";"";"";"20.7";"10.2";"10.7";"8.6";"11.9"
"Australia";"AUS";"South Australia State League 1 Reserves";"04-07-2026 04:00";"FT";"Cumberland United Res.";"1";"3";"Adelaide Raiders Res.";"1";"2";"2";"1.1";"2.9";"2.7";"2.1";"1.9";"100";"93";"93";"7";"93";"4.8";"4";"67";"38";"";"";"";"";"";"";"25.4";"12.6";"12.5";"15.4";"10.2"
"Australia";"AUS";"Capital Territory NPL Youth League";"04-07-2026 01:15";"FT";"Belconnen United U23";"2";"1";"Canberra Juventus U23";"1";"0";"2.5";"1.7";"2.5";"2.6";"2";"1.4";"84";"70";"69";"30";"86";"4.2";"4";"83";"57";"";"";"";"";"";"";"25.1";"13.8";"15.5";"10.4";"10.5"
"Australia";"AUS";"Capital Territory NPL Youth League";"04-07-2026 02:30";"DELAYED";"Monaro Panthers U23";"0";"0";"Brindabella Blues U23";"0";"0";"1.8";"0.7";"2.6";"0.7";"2";"3.8";"84";"84";"46";"16";"84";"4.6";"4";"60";"22";"";"";"";"";"";"";"26.4";"17.8";"8.2";"8.8";"18"
"Australia";"AUS";"Capital Territory NPL Youth League";"04-07-2026 23:30";"NS";"Canberra Croatia U23";"";"";"Canberra Olympic U23";"";"";"2";"1.6";"2.2";"2.5";"1.4";"2.4";"90";"84";"74";"16";"100";"4.2";"4";"67";"54";"";"";"";"";"";"";"28.5";"13.3";"16.8";"13.3";"13.5"
"Australia";"AUS";"Queensland NPL Youth League";"04-07-2026 02:00";"FT";"Lions U23";"1";"2";"Olympic U23";"0";"0";"3";"1.3";"3.3";"1.4";"0.3";"1.9";"86";"71";"36";"29";"93";"3.4";"4";"100";"43";"";"";"";"";"";"";"24.2";"15.4";"8.3";"8.6";"16"
"Australia";"AUS";"Queensland NPL Youth League";"04-07-2026 03:00";"DELAYED";"Wolves U23";"0";"0";"Rochedale Rovers U23";"0";"0";"1.4";"1.9";"1.6";"2.1";"1.9";"1.4";"88";"60";"52";"40";"66";"3.6";"4";"46";"62";"";"";"";"";"";"";"25.2";"17";"11";"13.8";"8.5"
"Australia";"AUS";"Queensland NPL Youth League";"04-07-2026 03:45";"FT";"Eastern Suburbs U23";"1";"1";"Peninsula Power U23";"0";"0";"2.1";"1.7";"2.5";"2.4";"1";"1.7";"80";"72";"52";"28";"72";"3.8";"4";"71";"57";"";"";"";"";"";"";"22";"13.7";"11.3";"8.6";"10.5"
"Australia";"AUS";"Queensland NPL Youth League";"04-07-2026 23:45";"NS";"Gold Coast United U23";"";"";"Magic United U23";"";"";"2.2";"0.1";"2.8";"0.6";"1.3";"4.3";"100";"84";"70";"16";"92";"4.6";"4";"72";"5";"";"";"";"";"";"";"24.2";"8.6";"9.8";"12.2";"17.8"
"Australia";"AUS";"NSW League One Youth";"04-07-2026 00:30";"AWAITING_UPDATES";"Blacktown Spartans U20";"";"";"Newcastle Jets U20";"";"";"1";"1.7";"1.2";"2.1";"1.6";"2.9";"85";"75";"60";"25";"93";"3.9";"4";"33";"57";"";"";"";"";"";"";"";"11";"";"11.6";""
"Australia";"AUS";"NSW League One Youth";"04-07-2026 04:00";"AWAITING_UPDATES";"Bulls Academy U20";"";"";"Mt Druitt Town U20";"";"";"2.3";"1.5";"2.9";"1.9";"0.4";"1.8";"89";"79";"31";"21";"94";"3.5";"4";"78";"50";"";"";"";"";"";"";"";"";"10.4";"";"13.1"
"Australia";"AUS";"NSW League One Youth";"04-07-2026 05:30";"FT";"Macarthur Rams U20";"4";"0";"Inter Lions U20";"2";"0";"0.9";"0.7";"2";"0.8";"1.9";"3.5";"95";"80";"55";"20";"88";"4.1";"4";"30";"23";"";"";"";"";"";"";"28.8";"16";"7.8";"15.5";"18.2"
"Australia";"AUS";"NSW League One Youth";"04-07-2026 06:00";"INPLAY_2ND_HALF";"Bankstown City U20";"2";"1";"Dulwich Hill U20";"0";"1";"1.3";"2.1";"2.2";"1.5";"1.9";"1.4";"80";"70";"75";"30";"76";"3.5";"4";"43";"70";"";"";"";"";"";"";"17.8";"12.3";"7.4";"9.7";"6.3"
"Australia";"AUS";"NSW League One Youth";"04-07-2026 06:00";"INPLAY_2ND_HALF";"Hills United U20";"0";"1";"Northern Tigers U20";"0";"1";"1.3";"1.8";"1.8";"2";"1";"1.2";"89";"53";"57";"47";"78";"3";"4";"44";"60";"";"";"";"";"";"";"24.6";"19.2";"13.8";"8.8";"7.4"
"Australia";"AUS";"Northern NSW State League 1 Reserves";"04-07-2026 03:00";"AWAITING_UPDATES";"South Cardiff Res.";"";"";"New Lambton Res.";"";"";"0.5";"2.5";"2";"2.5";"2.7";"1";"83";"75";"67";"25";"";"4.1";"";"17";"83";"";"";"";"";"";"";"";"";"";"";""
"Australia";"AUS";"Victoria NPL 3";"04-07-2026 02:00";"FT";"Werribee City";"0";"0";"Altona City";"0";"0";"1";"1.2";"1.4";"1.5";"2";"1.8";"83";"76";"71";"24";"88";"3.3";"4";"33";"42";"";"";"";"";"";"";"23";"9.5";"10.5";"13";"13.1"
"Australia";"AUS";"Victoria NPL 3";"04-07-2026 02:00";"FT";"Bayside Argonauts";"1";"1";"Essendon Royals";"0";"0";"1.6";"1.7";"1.6";"1.8";"1.5";"1.1";"84";"59";"47";"41";"72";"3";"3";"54";"56";"";"";"";"";"";"";"20.4";"10";"10";"14";"6.8"
"Australia";"AUS";"Victoria NPL 3";"04-07-2026 04:00";"DELAYED";"Malvern City";"";"";"Eastern Lions";"";"";"1.9";"0.9";"2.2";"1.9";"1.8";"1.6";"89";"84";"79";"16";"82";"3.8";"4";"62";"30";"";"";"";"";"";"";"23.7";"12.4";"12.2";"10.4";"12.4"
"Australia";"AUS";"Victoria NPL 3";"04-07-2026 04:00";"DELAYED";"Goulburn Valley Suns";"";"";"Moreland City";"";"";"2.1";"0.7";"2.2";"0.8";"1.2";"1.7";"78";"62";"62";"38";"67";"2.9";"3";"70";"22";"";"";"";"";"";"";"23.8";"20";"8.8";"8.5";"10.3"
"Australia";"AUS";"New South Wales NPL 2";"04-07-2026 02:30";"FT";"Blacktown Spartans";"7";"2";"Newcastle Jets II";"1";"1";"2.7";"1.3";"2.9";"1.7";"1.1";"1.6";"85";"70";"80";"30";"70";"3.6";"3";"90";"43";"";"";"";"";"";"";"25.4";"13.3";"11";"9.5";"17"
"Australia";"AUS";"New South Wales NPL 2";"04-07-2026 03:30";"FT";"Macarthur Rams";"3";"2";"Inter Lions";"1";"2";"1.3";"0.9";"1.4";"1.2";"1.4";"1.6";"75";"45";"55";"55";"70";"2.8";"3";"43";"30";"";"";"";"";"";"";"20.7";"14";"5.9";"10";"11.6"
"Australia";"AUS";"New South Wales NPL 2";"04-07-2026 04:00";"FT";"Hills United";"1";"2";"Northern Tigers";"1";"0";"1.4";"1.3";"1.3";"1.9";"1.2";"1.1";"79";"68";"64";"32";"68";"2.8";"3";"48";"43";"";"";"";"";"";"";"24.2";"17.2";"10.2";"12.1";"9"
"Australia";"AUS";"New South Wales NPL 2";"04-07-2026 04:00";"FT";"Bankstown City Lions";"2";"2";"Dulwich Hill";"2";"1";"1.9";"1";"1.5";"1";"1.4";"1.6";"85";"60";"60";"40";"75";"2.8";"3";"63";"33";"";"";"";"";"";"";"18.8";"9.4";"9.7";"9.5";"9.1"
"Australia";"AUS";"New South Wales NPL 2";"04-07-2026 06:00";"TBA";"Bulls Academy";"";"";"Mt Druitt Town";"";"";"1.8";"0.5";"2";"1.3";"1.1";"2.4";"78";"63";"67";"37";"68";"3.4";"3";"59";"17";"";"";"";"";"";"";"20.8";"13.6";"6.7";"8.5";"12.9"
"Australia";"AUS";"Western Australia State League 1 Reserves";"04-07-2026 02:00";"FT";"Curtin University Res.";"1";"7";"Cockburn City Res.";"1";"4";"0.3";"2";"0.5";"1.7";"2.7";"1";"83";"50";"42";"50";"75";"3";"3";"11";"67";"";"";"";"";"";"";"24.6";"8";"13";"14.7";"13.5"
"Australia";"AUS";"Western Australia State League 1 Reserves";"04-07-2026 02:00";"DELAYED";"Mandurah City Res.";"";"";"Gwelup Croatia Res.";"";"";"2.1";"2.3";"3.3";"2.7";"1.6";"1";"100";"76";"77";"24";"86";"4.3";"4";"71";"78";"";"";"";"";"";"";"";"";"15";"";"11.5"
"Australia";"AUS";"Western Australia State League 1 Reserves";"04-07-2026 02:00";"DELAYED";"Joondalup City Res.";"";"";"Quinns Res.";"";"";"1.4";"2.2";"1.6";"3.9";"1.2";"1.5";"90";"80";"51";"20";"100";"4.1";"3";"47";"75";"";"";"";"";"";"";"";"";"15.2";"";"10.5"
"Australia";"AUS";"Western Australia State League 1 Reserves";"04-07-2026 02:00";"DELAYED";"Kingsley Westside Res.";"";"";"UWA Nedlands Res.";"";"";"3";"2.4";"2.3";"2.8";"1";"1";"86";"76";"66";"24";"73";"3.6";"4";"100";"80";"";"";"";"";"";"";"22.4";"12.2";"17.3";"8.8";"6.3"
"Australia";"AUS";"Western Australia State League 1 Reserves";"04-07-2026 02:00";"DELAYED";"MUM Res.";"";"";"Floreat Athena Res.";"";"";"0.9";"1.7";"1.6";"1.7";"1.7";"1.3";"72";"57";"50";"43";"93";"3.2";"4";"29";"57";"";"";"";"";"";"";"24.1";"17.4";"11.7";"7.8";"11.3"
"Australia";"AUS";"Western Australia State League 1 Reserves";"04-07-2026 02:00";"DELAYED";"Inglewood United Res.";"";"";"Subiaco Res.";"";"";"0.4";"0.4";"0.9";"0.3";"2.9";"3.3";"73";"66";"26";"34";"94";"3.7";"4";"12";"14";"";"";"";"";"";"";"24.8";"11.6";"5";"14.6";"18.3"
"Australia";"AUS";"Northern NSW State League 1";"04-07-2026 05:00";"POSTPONED";"South Cardiff";"";"";"New Lambton";"";"";"0.8";"2.4";"0.8";"3.6";"2.4";"1.4";"80";"70";"40";"30";"60";"4.1";"3";"27";"80";"";"";"";"";"";"";"";"";"";"";""
"Australia";"AUS";"New South Wales NPL 3";"04-07-2026 04:00";"FT";"Gladesville Ryde Magic";"1";"2";"Parramatta";"0";"0";"1.3";"1.6";"1.6";"1.9";"1.7";"1.9";"84";"74";"55";"26";"82";"3.6";"4";"43";"54";"";"";"";"";"";"";"27.2";"14.9";"12.5";"14.6";"12.2"
"Australia";"AUS";"New South Wales NPL 3";"04-07-2026 04:00";"FT";"South Coast Flame";"1";"0";"Central Coast United";"1";"0";"1.4";"1.9";"1.4";"2.1";"1";"1.4";"89";"61";"72";"39";"67";"3";"4";"48";"63";"";"";"";"";"";"";"26.6";"14.7";"9.8";"13.5";"15.2"
"Australia";"AUS";"New South Wales NPL 3";"04-07-2026 04:00";"DELAYED";"Stanmore Hawks";"0";"0";"Camden Tigers";"0";"0";"1.2";"0.4";"1.3";"1.1";"1.6";"2.6";"84";"53";"63";"47";"79";"3.3";"4";"41";"13";"";"";"";"";"";"";"24.6";"8.7";"10.8";"15.4";"14.5"
"Australia";"AUS";"New South Wales NPL 3";"04-07-2026 04:00";"DELAYED";"Hawkesbury City";"0";"0";"Bonnyrigg White Eagles";"0";"0";"1.8";"1.4";"3.1";"1.7";"2.8";"1.8";"89";"78";"84";"22";"72";"4.6";"4";"58";"48";"";"";"";"";"";"";"33.2";"18.4";"13.8";"19.4";"14.8"
"Australia";"AUS";"New South Wales NPL 3";"04-07-2026 06:00";"TBA";"Granville Rage";"";"";"Dunbar Rovers";"";"";"1.8";"1.3";"2.4";"1.8";"1.7";"1.7";"89";"78";"67";"22";"78";"3.8";"4";"59";"44";"";"";"";"";"";"";"26.7";"14.6";"11.8";"12.6";"14.5"
"Australia";"AUS";"New South Wales NPL 3 Youth";"04-07-2026 02:00";"AWAITING_UPDATES";"Gladesville Ryde U20";"";"";"Parramatta U20";"";"";"2.2";"1.9";"2";"1.8";"1.1";"1.2";"82";"72";"54";"28";"";"3";"";"73";"62";"";"";"";"";"";"";"";"";"";"";""
"Australia";"AUS";"New South Wales NPL 3 Youth";"04-07-2026 02:00";"AWAITING_UPDATES";"Hawkesbury City U20";"";"";"Bonnyrigg WE U20";"";"";"1.6";"0.1";"1.6";"0.9";"1.5";"3.4";"94";"82";"64";"18";"";"3.7";"";"54";"4";"";"";"";"";"";"";"";"";"";"";""
"Australia";"AUS";"New South Wales NPL 3 Youth";"04-07-2026 04:00";"AWAITING_UPDATES";"Western Rage U20";"";"";"Dunbar Rovers U20";"";"";"1.1";"1.3";"1.2";"1.3";"1.8";"1.1";"78";"62";"62";"38";"";"2.7";"";"37";"44";"";"";"";"";"";"";"";"";"";"";""
"Australia";"AUS";"New South Wales NPL 3 Youth";"04-07-2026 06:00";"NS";"South Coast Flame U20";"";"";"Central Coast Utd U20";"";"";"1.9";"0.8";"1.7";"1.2";"0.9";"2.4";"84";"61";"62";"39";"";"3.2";"";"63";"26";"";"";"";"";"";"";"";"";"";"";""
"Australia";"AUS";"New South Wales NPL 3 Youth";"04-07-2026 06:00";"NS";"Inner West Hawks U20";"";"";"Camden Tigers U20";"";"";"1.9";"0.7";"2.3";"1.9";"0.4";"2.3";"89";"57";"56";"43";"";"3.5";"";"63";"23";"";"";"";"";"";"";"";"";"";"";""
"Australia";"AUS";"Queensland PL Youth";"04-07-2026 01:45";"FT";"Brisbane Strikers U23";"1";"1";"Logan Lightning U23";"0";"1";"1.6";"1.8";"2.4";"2.8";"1.8";"1.9";"88";"88";"68";"12";"83";"4.4";"4";"54";"58";"";"";"";"";"";"";"26.8";"10.3";"16.2";"13.2";"13.8"
"Australia";"AUS";"Queensland PL Youth";"04-07-2026 02:30";"FT";"North Star U23";"1";"1";"Redlands United U23";"0";"0";"1.4";"1.2";"2.4";"0.9";"2.7";"1.9";"81";"81";"69";"19";"78";"4";"4";"48";"42";"";"";"";"";"";"";"26.5";"15.8";"10.8";"14";"12.4"
"Australia";"AUS";"Queensland PL Youth";"04-07-2026 02:45";"FT";"Capalaba U23";"7";"0";"St George Willawong U23";"3";"0";"0.5";"0.4";"0.9";"0.9";"1.9";"3";"81";"62";"40";"38";"73";"3.4";"4";"17";"14";"";"";"";"";"";"";"21.5";"7.2";"6.8";"12.4";"16.5"
"Australia";"AUS";"Tasmania Southern Championship";"04-07-2026 01:15";"FT";"Hobart City Beachside";"5";"2";"University of Tasmania";"3";"0";"1.8";"1.8";"2.7";"2.4";"1.3";"3.4";"100";"100";"72";"0";"74";"4.9";"5";"61";"60";"";"";"";"";"";"";"23.4";"13.5";"8";"9.5";"15.7"
"Australia";"AUS";"Tasmania Southern Championship";"04-07-2026 01:30";"CANCELLED";"South East United II";"";"";"South Hobart II";"";"";"0";"2.6";"0.5";"3.6";"4";"1.6";"100";"100";"68";"0";"75";"4.8";"5";"0";"86";"";"";"";"";"";"";"";"";"17.2";"";"10.2"
"Australia";"AUS";"Tasmania Southern Championship";"04-07-2026 01:30";"FT";"New Town Eagles";"0";"0";"Olympia FC";"0";"0";"1.8";"1.7";"3.2";"2.7";"1.5";"2.3";"88";"66";"79";"34";"50";"4.9";"5";"58";"56";"";"";"";"";"";"";"20.8";"22.5";"7";"7.5";"4.7"
"Australia";"AUS";"TAS NPL Youth";"04-07-2026 01:30";"AWAITING_UPDATES";"Glenorchy Knights U21";"";"";"Clarence Zebras U21";"";"";"2.6";"1";"2.8";"1.5";"1";"1.8";"92";"64";"74";"36";"";"3.6";"4";"87";"33";"";"";"";"";"";"";"";"";"";"";""
"Australia";"AUS";"TAS NPL Youth";"04-07-2026 23:15";"NS";"South East United U21";"";"";"South Hobart U21";"";"";"0.2";"0.9";"0.7";"3.1";"4.5";"2.1";"84";"69";"38";"31";"";"5.2";"5";"6";"29";"";"";"";"";"";"";"";"";"";"";""
"Bhutan";"BHU";"Bhutan Premier League";"04-07-2026 09:00";"NS";"Thimphu City";"";"";"Tsirang";"";"";"1.3";"1.8";"1.3";"1.2";"1.3";"1";"58";"42";"58";"58";"46";"2.4";"2";"44";"58";"";"";"";"";"";"";"";"16";"";"12";""
"Belarus";"BLR";"Vysshaya Liga";"04-07-2026 10:00";"NS";"Vitebsk";"";"";"Dnepr Mogilev";"";"";"1.3";"0.7";"1.2";"0.9";"1";"2";"76";"45";"60";"55";"70";"2.6";"2";"44";"24";"";"";"";"";"";"";"12.2";"5.3";"5.4";"5.2";"8.4"
"Belarus";"BLR";"Vysshaya Liga";"04-07-2026 12:00";"NS";"Neman Grodno";"";"";"Arsenal";"";"";"1.4";"1.4";"1.3";"1.4";"1.1";"1.6";"78";"50";"64";"50";"78";"2.7";"3";"48";"48";"";"";"";"";"";"";"17.4";"11";"5.4";"5.7";"12.7"
"Belarus";"BLR";"Pershaya Liga";"04-07-2026 09:00";"NS";"Shakhtyor Soligorsk";"";"";"Dinamo Minsk II";"";"";"2.3";"1.3";"2.3";"2";"0.3";"1.3";"84";"58";"58";"42";"75";"3";"3";"78";"44";"";"";"";"";"";"";"17.5";"8.2";"8.5";"6.8";"11.5"
"Belarus";"BLR";"Pershaya Liga";"04-07-2026 10:00";"NS";"Niva";"";"";"BATE II";"";"";"1.8";"1";"2.7";"1";"1";"1.6";"93";"56";"62";"44";"84";"3.2";"3";"61";"33";"";"";"";"";"";"";"17.4";"14.8";"6.4";"6.6";"6.9"
"Belarus";"BLR";"Pershaya Liga";"04-07-2026 10:30";"NS";"Bumprom";"";"";"Orsha";"";"";"1.6";"1.4";"2.2";"1.1";"1.4";"1.6";"80";"73";"66";"27";"66";"3.2";"3";"54";"48";"";"";"";"";"";"";"14.4";"8.3";"4";"5";"11.6"
"Belarus";"BLR";"Pershaya Liga";"04-07-2026 11:00";"NS";"Energetik-BGU";"";"";"Slonim";"";"";"2";"1.8";"2";"1.6";"1";"0.9";"76";"45";"45";"55";"65";"2.7";"3";"67";"59";"";"";"";"";"";"";"15.9";"9.7";"7.2";"8.5";"6.4"
"Belarus";"BLR";"Pershaya Liga";"04-07-2026 12:00";"NS";"Slutsk";"";"";"FC Ostrovets";"";"";"2.7";"1.2";"2.1";"1.3";"0.9";"1.5";"92";"60";"84";"40";"66";"2.9";"3";"90";"39";"";"";"";"";"";"";"12.2";"7.6";"5.2";"6.7";"5"
"Brazil";"BRA";"Serie C";"04-07-2026 17:00";"NS";"Maranhão";"";"";"Inter de Limeira";"";"";"1.6";"2.2";"1.2";"1.3";"0.8";"1";"64";"45";"55";"55";"62";"2.2";"2";"53";"72";"";"";"";"";"";"";"23.7";"13.4";"8.7";"13.2";"12.2"
"Brazil";"BRA";"Serie C";"04-07-2026 19:00";"NS";"Maringá";"";"";"Volta Redonda";"";"";"1.3";"0.6";"1.7";"0.4";"2.2";"1.6";"82";"44";"44";"56";"72";"2.9";"3";"44";"20";"";"";"";"";"";"";"24.2";"16.7";"8.2";"7";"16.4"
"Brazil";"BRA";"Serie C";"04-07-2026 19:00";"NS";"Confiança";"";"";"Barra FC";"";"";"1.7";"0.8";"0.8";"1";"0.5";"1";"50";"25";"34";"75";"50";"1.6";"2";"56";"28";"";"";"";"";"";"";"21.8";"11.3";"7.8";"11";"13.5"
"Brazil";"BRA";"Serie C";"04-07-2026 19:30";"NS";"Santa Cruz";"";"";"Ituano";"";"";"1.4";"0.8";"0.8";"1.2";"0.6";"1.8";"70";"34";"44";"66";"64";"2.2";"2";"47";"28";"";"";"";"";"";"";"22.3";"9.2";"11";"8.4";"16"
"Brazil";"BRA";"Serie C";"04-07-2026 20:30";"NS";"Guarani";"";"";"Floresta";"";"";"2.2";"1.4";"2";"1.2";"0.8";"1.2";"82";"65";"65";"35";"65";"2.6";"3";"72";"47";"";"";"";"";"";"";"22.4";"17.5";"10";"7.3";"10"
"Brazil";"BRA";"Serie C";"04-07-2026 20:30";"NS";"Ferroviária";"";"";"Caxias";"";"";"2.2";"0.5";"1.2";"0.5";"0.7";"1";"50";"25";"34";"75";"42";"1.6";"2";"72";"17";"";"";"";"";"";"";"25";"14.8";"11.8";"10.8";"12.5"
"Brazil";"BRA";"Serie D";"04-07-2026 16:00";"NS";"Maguary PE";"";"";"Iguatu";"";"";"2.2";"2";"1.5";"1.2";"0.3";"0.5";"75";"17";"25";"83";"75";"1.8";"2";"72";"67";"";"";"";"";"";"";"24.6";"18.8";"8";"10.8";"11.6"
"Brazil";"BRA";"Serie D";"04-07-2026 16:00";"NS";"Trem";"";"";"América RN";"";"";"2.2";"2.3";"2.7";"1.3";"1.5";"0.2";"75";"50";"50";"50";"66";"2.8";"3";"72";"78";"";"";"";"";"";"";"27.5";"15.6";"14.4";"15.4";"9.6"
"Brazil";"BRA";"Serie D";"04-07-2026 16:00";"NS";"Porto Velho";"";"";"Gama";"";"";"1.8";"2.7";"3.5";"1.7";"0.7";"0.5";"83";"50";"50";"50";"83";"3.2";"3";"61";"89";"";"";"";"";"";"";"22.1";"13.7";"11.7";"9.3";"9.5"
"Brazil";"BRA";"Serie D";"04-07-2026 16:00";"NS";"Cianorte";"";"";"XV de Piracicaba";"";"";"1";"1.2";"1";"1.2";"1.3";"1.2";"66";"42";"66";"58";"66";"2.3";"2";"33";"39";"";"";"";"";"";"";"19.5";"10.8";"10";"7.2";"11"
"Brazil";"BRA";"Serie D";"04-07-2026 16:00";"NS";"EC São José";"";"";"Portuguesa RJ";"";"";"1.5";"1.7";"0.7";"1.7";"0.8";"0.8";"66";"25";"33";"75";"58";"2";"2";"50";"56";"";"";"";"";"";"";"23.2";"14.8";"8.8";"9";"13.7"
"Brazil";"BRA";"Serie D";"04-07-2026 16:00";"NS";"CRAC";"";"";"Treze";"";"";"2";"1.7";"0.8";"1.8";"0.3";"1.8";"58";"42";"50";"58";"75";"2.4";"2";"67";"56";"";"";"";"";"";"";"21.3";"9.3";"11.3";"10";"12"
"Brazil";"BRA";"Serie D";"04-07-2026 16:00";"NS";"Nacional AM";"";"";"Capital Brasilia";"";"";"1.8";"2";"1.3";"1.8";"0.7";"0.8";"66";"33";"58";"67";"66";"2.4";"2";"61";"67";"";"";"";"";"";"";"20.8";"12.2";"11.5";"5.8";"12.2"
"Brazil";"BRA";"Serie D";"04-07-2026 16:00";"NS";"Imperatriz";"";"";"Ferroviário";"";"";"1.8";"1.2";"2.2";"0.8";"1";"0.7";"84";"34";"50";"66";"75";"2.4";"2";"61";"39";"";"";"";"";"";"";"23";"9.7";"11.8";"11";"13.5"
"Brazil";"BRA";"Serie D";"04-07-2026 16:30";"NS";"Serra Branca";"";"";"Uberlândia";"";"";"1.5";"2.3";"1.2";"1.3";"0.5";"0.3";"67";"25";"33";"75";"33";"1.7";"2";"50";"78";"";"";"";"";"";"";"19.5";"12";"11.8";"7.3";"7.8"
"Brazil";"BRA";"Serie D";"04-07-2026 17:00";"NS";"Águia de Marabá";"";"";"ABC";"";"";"2.3";"2.5";"2.3";"1.2";"0.7";"0.7";"75";"33";"42";"67";"66";"2.4";"2";"78";"83";"";"";"";"";"";"";"26.6";"16.2";"11.7";"10.6";"14.7"
"Brazil";"BRA";"Serie D";"04-07-2026 17:00";"NS";"Betim";"";"";"CSA";"";"";"2.2";"2.2";"1.3";"3";"0.5";"1";"75";"50";"50";"50";"42";"2.9";"2";"72";"72";"";"";"";"";"";"";"19.9";"11.7";"10.7";"11.8";"5.7"
"Brazil";"BRA";"Serie D";"04-07-2026 18:00";"NS";"Luverdense";"";"";"Guaporé";"";"";"1.5";"1.2";"1.3";"2";"0.7";"1.5";"75";"50";"58";"50";"66";"2.8";"3";"50";"39";"";"";"";"";"";"";"17.8";"13";"10.8";"5.5";"6.5"
"Brazil";"BRA";"Serie D";"04-07-2026 18:00";"NS";"Marcílio Dias";"";"";"Portuguesa";"";"";"1.7";"1.5";"1.3";"1";"0.8";"0.8";"58";"34";"58";"66";"67";"2";"2";"56";"50";"";"";"";"";"";"";"19.2";"9.3";"11";"11.8";"6.3"
"Brazil";"BRA";"Serie D";"04-07-2026 18:30";"NS";"Goiatuba EC";"";"";"Manauara";"";"";"2.7";"2.3";"1.7";"1.2";"0.3";"0.3";"42";"17";"33";"83";"58";"1.8";"2";"89";"78";"";"";"";"";"";"";"19.4";"13.8";"9.8";"7.2";"7.8"
"Brazil";"BRA";"Serie D";"04-07-2026 19:00";"NS";"Velo Clube";"";"";"São Luiz";"";"";"2";"1.3";"1.3";"0.5";"0.5";"0.7";"50";"8";"34";"92";"50";"1.5";"2";"67";"44";"";"";"";"";"";"";"21.8";"12.3";"8.7";"8.7";"14"
"Brazil";"BRA";"Mineiro 2";"04-07-2026 16:00";"NS";"Villa Nova";"";"";"Aymorés";"";"";"2.5";"1.2";"3.2";"1.2";"1.2";"0.8";"75";"75";"62";"25";"75";"3.2";"3";"83";"42";"";"";"";"";"";"";"18.8";"12";"7";"8.7";"10"
"Brazil";"BRA";"Mineiro 2";"04-07-2026 16:00";"NS";"Democrata SL";"";"";"Ipatinga";"";"";"2.2";"0.2";"1.2";"0.2";"0.8";"3.8";"75";"62";"38";"38";"88";"3";"3";"75";"8";"";"";"";"";"";"";"19.8";"9";"2.5";"11.5";"16.8"
"Brazil";"BRA";"Mineiro 2";"04-07-2026 16:00";"NS";"CAP Patrocinense";"";"";"Guarani MG";"";"";"0.5";"0.5";"0.5";"0.8";"1.2";"1.2";"50";"38";"50";"62";"38";"1.9";"2";"17";"17";"";"";"";"";"";"";"19.8";"13";"9.2";"10";"7.2"
"Brazil";"BRA";"Paulista Série B";"04-07-2026 15:00";"NS";"Mauá";"";"";"União Mogi";"";"";"1.8";"1.6";"2.2";"1.4";"0.4";"1.6";"70";"50";"50";"50";"70";"2.8";"3";"60";"53";"";"";"";"";"";"";"20.2";"9.8";"8.5";"8.8";"13.2"
"Brazil";"BRA";"Paulista Série B";"04-07-2026 15:00";"NS";"América SP";"";"";"Santacruzense";"";"";"2.6";"1.4";"1.6";"1.6";"0.4";"1";"60";"30";"50";"70";"40";"2.3";"2";"87";"47";"";"";"";"";"";"";"24";"15.8";"8.2";"12";"12"
"Brazil";"BRA";"Paulista Série B";"04-07-2026 15:00";"NS";"Matonense";"";"";"Assisense";"";"";"2";"1";"1.6";"0.6";"1.2";"0.8";"70";"30";"60";"70";"70";"2.1";"2";"67";"33";"";"";"";"";"";"";"22.6";"9.8";"12.7";"13";"9.7"
"Brazil";"BRA";"Paulista Série B";"04-07-2026 15:00";"NS";"Flamengo SP";"";"";"Osasco Audax";"";"";"3";"1.2";"1.6";"1.4";"0.4";"1.2";"70";"50";"50";"50";"60";"2.3";"2";"100";"40";"";"";"";"";"";"";"20.9";"11";"11.6";"7.6";"11.6"
"Brazil";"BRA";"Paulista Série B";"04-07-2026 15:00";"NS";"Itaquaquecetuba";"";"";"Paulínia FU";"";"";"3";"0";"2.6";"0";"0.4";"1.6";"50";"30";"20";"70";"60";"2.3";"3";"100";"0";"";"";"";"";"";"";"20.4";"16.3";"8.8";"6.7";"9"
"Brazil";"BRA";"Paulista U20";"04-07-2026 15:00";"NS";"Sao Paulo U20";"";"";"XV de Piracicaba U20";"";"";"";"1";"";"1";"";"1";"";"";"";"";"";"";"";"";"33";"";"";"";"";"";"";"";"";"9.5";"";"9.5"
"Brazil";"BRA";"Paulista U20";"04-07-2026 15:00";"NS";"Aguai U20";"";"";"Botafogo SP U20";"";"";"1.5";"";"1";"";"1";"";"";"";"";"";"";"";"";"50";"";"";"";"";"";"";"";"";"10.5";"";"9.5";""
"Brazil";"BRA";"Paulista U20";"04-07-2026 15:00";"NS";"Ponte Preta U20";"";"";"Santos U20";"";"";"";"";"";"";"";"";"";"";"";"";"";"";"";"";"";"";"";"";"";"";"";"";"";"";"";""
"Brazil";"BRA";"Catarinense 2";"04-07-2026 15:00";"NS";"Fluminense SC";"";"";"Blumenau";"";"";"1.2";"2.5";"0.8";"2.7";"1.2";"0.7";"58";"50";"42";"50";"83";"2.6";"3";"39";"83";"";"";"";"";"";"";"18.6";"7.7";"12.2";"7.7";"9.6"
"Brazil";"BRA";"Catarinense 2";"04-07-2026 15:00";"NS";"Guarani de Palhoça";"";"";"Hercílio Luz";"";"";"1.5";"1.6";"0.8";"1";"0.7";"0.6";"36";"18";"26";"82";"36";"1.6";"2";"50";"53";"";"";"";"";"";"";"16.6";"10.2";"9.3";"7.6";"6"
"Brazil";"BRA";"Catarinense 2";"04-07-2026 15:00";"NS";"Juventus SC";"";"";"Jaraguá";"";"";"0.2";"0.2";"0.2";"0.4";"2";"3";"80";"50";"30";"50";"80";"2.8";"3";"7";"7";"";"";"";"";"";"";"";"4.7";"";"5.7";""
"Brazil";"BRA";"Copa Gaúcha";"04-07-2026 19:00";"NS";"Brasil de Pelotas";"";"";"Santa Cruz RS";"";"";"3";"1.7";"2.3";"1.3";"0";"1";"84";"33";"50";"67";"84";"2.3";"3";"100";"56";"";"";"";"";"";"";"22.5";"18.3";"9";"8.3";"9.3"
"Brazil";"BRA";"Brasiliense U20";"04-07-2026 10:00";"NS";"Grêmio Valparaíso U20";"";"";"Santa Maria U20";"";"";"1.5";"0";"2.5";"1";"1.5";"4";"100";"100";"16";"0";"";"4.5";"5";"50";"0";"";"";"";"";"";"";"";"13";"";"14";""
"Brazil";"BRA";"Brasiliense U20";"04-07-2026 10:00";"NS";"Paranoá U20";"";"";"Real Brasília U20";"";"";"1";"3";"2.3";"3";"3.3";"0.5";"100";"100";"75";"0";"";"4.6";"5";"33";"100";"";"";"";"";"";"";"";"";"";"";""
"Brazil";"BRA";"Brasiliense U20";"04-07-2026 15:30";"NS";"Ceilandense U20";"";"";"Brasilia DF U20";"";"";"0.7";"1";"0";"2.3";"1.3";"2.7";"66";"66";"50";"34";"42";"3.2";"4";"22";"33";"";"";"";"";"";"";"";"6";"";"14.5";""
"Brazil";"BRA";"Brasiliense U20";"04-07-2026 15:30";"NS";"EC Cruzeiro U20";"";"";"Canaã U20";"";"";"1";"3";"1";"6";"2.7";"0.7";"100";"84";"67";"16";"";"5.2";"4";"33";"100";"";"";"";"";"";"";"";"12.7";"";"10";""
"Brazil";"BRA";"Brasiliense U20";"04-07-2026 15:30";"NS";"Brasiliense U20";"";"";"Capital DF U20";"";"";"3";"2.3";"2.5";"1.3";"0";"0.3";"58";"25";"16";"75";"";"2.1";"3";"100";"78";"";"";"";"";"";"";"";"";"";"";""
"Brazil";"BRA";"Brasiliense U20";"04-07-2026 15:30";"NS";"Planaltina U20";"";"";"Sobradinho U20";"";"";"1";"1.5";"0.7";"4.5";"3";"0.5";"58";"58";"16";"42";"";"4.4";"4";"33";"50";"";"";"";"";"";"";"";"";"";"";""
"Brazil";"BRA";"Brasiliense U20";"04-07-2026 16:00";"NS";"Ceilândia U20";"";"";"Luziânia U20";"";"";"1";"0.5";"1.7";"1";"3.3";"3";"75";"58";"58";"42";"";"4.5";"4";"33";"17";"";"";"";"";"";"";"";"";"";"";""
"Brazil";"BRA";"Baiano U20";"04-07-2026 09:00";"NS";"Vitoria U20";"";"";"Barcelona BA U20";"";"";"2.6";"0.6";"3.2";"0.8";"0.6";"1.5";"94";"63";"44";"37";"64";"3";"2";"88";"21";"";"";"";"";"";"";"";"16.5";"";"6.8";""
"Brazil";"BRA";"Baiano U20";"04-07-2026 15:00";"NS";"Bahia U20";"";"";"Jacobina U20";"";"";"3";"1.4";"6.8";"0.9";"0.8";"1.4";"63";"63";"50";"37";"68";"4.8";"3";"100";"46";"";"";"";"";"";"";"25.6";"25.8";"10.3";"5.2";"10"
"Brazil";"BRA";"Baiano U20";"04-07-2026 15:00";"NS";"Fluminense de Feira U20";"";"";"Jacuipense U20";"";"";"2";"1.9";"1.7";"1.4";"1";"0.6";"74";"40";"41";"60";"35";"2.4";"2";"67";"62";"";"";"";"";"";"";"";"";"11";"";"9.8"
"Brazil";"BRA";"Baiano U20";"04-07-2026 15:00";"NS";"Camaçariense U20";"";"";"SSA U20";"";"";"1.7";"0.9";"2.3";"0.5";"1.6";"1.6";"54";"48";"42";"52";"31";"3";"3";"57";"29";"";"";"";"";"";"";"18";"12";"7";"5.5";"11.5"
"Brazil";"BRA";"Torneio Otavio Pinto Guimaraes U20";"04-07-2026 10:00";"NS";"Portuguesa RJ U20";"";"";"Vasco da Gama U20";"";"";"";"";"";"";"";"";"";"";"";"";"";"";"";"";"";"";"";"";"";"";"";"";"";"";"";""
"Brazil";"BRA";"Gaúcho - Estadual Junior U20";"04-07-2026 11:00";"NS";"Juventude U20";"";"";"Internacional U20";"";"";"3";"2.4";"2.7";"1.4";"0.3";"0.6";"62";"45";"16";"55";"54";"2.5";"2";"100";"80";"";"";"";"";"";"";"23.3";"17.5";"13";"6.2";"9.8"
"Brazil";"BRA";"Carioca A2";"04-07-2026 14:45";"NS";"Resende";"";"";"Americano";"";"";"2.2";"2.4";"2";"1.6";"0.4";"0.8";"70";"60";"40";"40";"70";"2.4";"2";"73";"80";"";"";"";"";"";"";"21.4";"10.8";"14.5";"6";"11.5"
"Brazil";"BRA";"Carioca A2";"04-07-2026 14:45";"NS";"São Gonçalo EC RJ";"";"";"Audax Rio";"";"";"0.8";"0.6";"0.6";"0.6";"1";"1.4";"50";"30";"30";"70";"80";"1.8";"2";"27";"20";"";"";"";"";"";"";"21.1";"13.4";"8.2";"9";"11.6"
"Brazil";"BRA";"Carioca A2";"04-07-2026 14:45";"NS";"América RJ";"";"";"Serrano RJ";"";"";"1.2";"1.6";"0.8";"1.4";"1.2";"1.2";"70";"60";"60";"40";"60";"2.3";"2";"40";"53";"";"";"";"";"";"";"23.2";"15";"7.8";"12.4";"11.2"
"Brazil";"BRA";"Carioca A2";"04-07-2026 14:45";"NS";"Olaria";"";"";"Bonsucesso";"";"";"2.2";"0.4";"1.6";"0";"0.8";"1";"60";"20";"30";"80";"70";"1.7";"2";"73";"13";"";"";"";"";"";"";"18.4";"8.8";"8";"10.6";"9.5"
"Brazil";"BRA";"Carioca A2";"04-07-2026 14:45";"NS";"CEAC / Araruama";"";"";"Cabofriense";"";"";"1.4";"0.8";"1";"1";"1";"1.2";"60";"40";"50";"60";"80";"2.1";"2";"47";"27";"";"";"";"";"";"";"22.2";"10";"8.2";"11.5";"14.6"
"Brazil";"BRA";"Carioca A2";"04-07-2026 14:45";"NS";"CFRJ / Marica";"";"";"Perolas Negras";"";"";"2.6";"1.8";"1";"1";"0.2";"1.4";"40";"30";"30";"70";"40";"1.8";"3";"87";"60";"";"";"";"";"";"";"23.2";"13.6";"7.8";"13";"12"
"Brazil";"BRA";"Paraibano U20";"04-07-2026 16:00";"NS";"Cruzeiro Itaporanga U20";"";"";"Treze U20";"";"";"3";"3";"2.5";"4";"0.5";"0.7";"88";"88";"58";"12";"25";"3.8";"4";"100";"100";"";"";"";"";"";"";"";"";"17";"";"1"
"Brazil";"BRA";"Catarinense U20";"04-07-2026 15:00";"NS";"Nação U20";"";"";"Criciuma U20";"";"";"1.2";"2";"2.8";"2";"1.8";"0.6";"80";"70";"50";"30";"70";"3.6";"4";"40";"67";"";"";"";"";"";"";"20.7";"13.8";"11";"10.4";"6.2"
"Brazil";"BRA";"Catarinense U20";"04-07-2026 15:00";"NS";"Chapecoense-SC U20";"";"";"Joinville U20";"";"";"1.8";"0.8";"1.8";"1";"1.6";"2.6";"80";"80";"40";"20";"70";"3.5";"3";"60";"27";"";"";"";"";"";"";"24.7";"16.2";"8.8";"10";"14.4"
"Brazil";"BRA";"Catarinense U20";"04-07-2026 15:00";"NS";"Barra SC U20";"";"";"Brusque U20";"";"";"2.3";"0.5";"2.2";"1";"1.2";"2.8";"92";"75";"67";"25";"75";"3.6";"3";"78";"17";"";"";"";"";"";"";"23.5";"12.4";"10.4";"9.4";"14.8"
"Brazil";"BRA";"Maranhense 2";"04-07-2026 16:00";"NS";"Cordino";"";"";"Balsas";"";"";"";"";"";"";"";"";"";"";"";"";"";"";"";"";"";"";"";"";"";"";"";"";"";"";"";""
"Brazil";"BRA";"Maranhense 2";"04-07-2026 16:00";"NS";"Expressinho";"";"";"São José MA";"";"";"";"1.5";"";"1.5";"";"1.5";"";"";"";"";"";"";"";"";"50";"";"";"";"";"";"";"";"";"";"";""
"Brazil";"BRA";"Cearense U20";"04-07-2026 09:30";"NS";"Anjos do Céu U20";"";"";"Floresta CE U20";"";"";"";"2";"";"1";"";"0.5";"";"";"";"";"";"";"";"";"67";"";"";"";"";"";"";"";"";"";"";""
"Brazil";"BRA";"Cearense U20";"04-07-2026 15:30";"FT";"Fortaleza U20";"0";"0";"Vila Real U20";"0";"0";"3";"0.5";"4";"1";"0";"1.5";"75";"75";"25";"25";"50";"3.2";"3";"100";"17";"";"";"";"";"";"";"";"15.5";"";"6";""
"Canada";"CAN";"PCSL";"04-07-2026 00:00";"AWAITING_UPDATES";"Mid Isle Highlanders";"";"";"Victoria United";"";"";"0.2";"2.2";"0.6";"2";"2";"1.8";"80";"45";"45";"55";"";"3.2";"3";"7";"75";"";"";"";"";"";"";"";"";"";"";""
"Canada";"CAN";"PCSL";"04-07-2026 18:00";"NS";"Khalsa";"";"";"Victoria United";"";"";"2.5";"2.2";"1.8";"2";"0.5";"1.8";"88";"38";"50";"62";"";"3";"3";"83";"75";"";"";"";"";"";"";"";"";"";"";""
"Canada";"CAN";"PCSL";"04-07-2026 18:00";"NS";"AFA";"";"";"Gorge";"";"";"1.2";"1.8";"2.2";"1.5";"2";"1.2";"88";"62";"75";"38";"";"3.5";"4";"42";"58";"";"";"";"";"";"";"";"";"";"";""
"Canada";"CAN";"PCSL";"04-07-2026 20:00";"CANCELLED";"Kamloops Rivers II";"";"";"Mid Isle Highlanders";"";"";"";"0";"";"0.8";"";"3";"";"";"";"";"";"";"";"";"0";"";"";"";"";"";"";"";"";"";"";""
"Chile";"CHI";"Tercera A";"04-07-2026 13:00";"NS";"Chimbarongo";"";"";"Naval";"";"";"2";"0.8";"1.8";"1.2";"1";"1.6";"90";"70";"70";"30";"90";"2.8";"3";"67";"27";"";"";"";"";"";"";"24.1";"10.2";"9.7";"14";"14.3"
"Chile";"CHI";"Tercera A";"04-07-2026 13:00";"NS";"Rodelindo Román";"";"";"Constitución Unido";"";"";"1.6";"1.4";"1.4";"1.6";"1.2";"1.6";"70";"50";"70";"50";"60";"2.9";"2";"53";"47";"";"";"";"";"";"";"26.1";"11.8";"11.2";"14.5";"14.8"
"Chile";"CHI";"Tercera A";"04-07-2026 13:00";"NS";"Lautaro de Buin";"";"";"Comunal Cabrero";"";"";"2";"0.2";"1.4";"0.5";"1";"1.2";"55";"32";"45";"68";"60";"2.1";"2";"67";"8";"";"";"";"";"";"";"27.4";"15.7";"14.7";"12.3";"12"
"Chile";"CHI";"Tercera A";"04-07-2026 17:00";"NS";"Atlético Oriente";"";"";"Futuro";"";"";"2";"0.8";"2";"0.7";"1.3";"1.3";"66";"50";"50";"50";"42";"2.6";"3";"67";"28";"";"";"";"";"";"";"24.6";"16.2";"6";"10.8";"16.2"
"China";"CHN";"Super League";"04-07-2026 08:00";"NS";"Qingdao West Coast";"";"";"Shanghai Port";"";"";"1.5";"1";"1.2";"1.1";"0.9";"1.5";"68";"38";"68";"62";"62";"2.4";"2";"50";"33";"";"";"";"";"";"";"21.3";"10.9";"7.6";"10.8";"13.4"
"China";"CHN";"Super League";"04-07-2026 08:00";"NS";"Liaoning Tieren FC";"";"";"Chongqing Tonglianglong FC";"";"";"1.5";"1.6";"1.5";"1";"1.6";"1";"59";"59";"52";"41";"59";"2.6";"2";"50";"52";"";"";"";"";"";"";"21.6";"10.9";"6.1";"13.2";"12.9"
"China";"CHN";"Super League";"04-07-2026 08:35";"NS";"Dalian Yingbo";"";"";"Wuhan Three Towns";"";"";"1.9";"0.6";"1.6";"1.3";"1.4";"2.3";"82";"64";"64";"36";"64";"3.4";"3";"62";"19";"";"";"";"";"";"";"25";"15.6";"10.4";"9";"14.9"
"China";"CHN";"Super League";"04-07-2026 08:35";"NS";"Beijing Guoan";"";"";"Shandong Taishan";"";"";"1.4";"1.5";"1.9";"1.5";"1.6";"2";"82";"75";"68";"25";"81";"3.5";"3";"46";"50";"";"";"";"";"";"";"25.3";"16";"12.1";"8.8";"13.6"
"China";"CHN";"Super League";"04-07-2026 09:00";"NS";"Tianjin Jinmen Tiger";"";"";"Shenzhen Peng City";"";"";"0.8";"0.6";"1.1";"0.7";"1.5";"1.9";"73";"52";"66";"48";"52";"2.6";"2";"25";"19";"";"";"";"";"";"";"22.8";"8.5";"8.9";"11.5";"16.7"
"China";"CHN";"League Two";"04-07-2026 05:30";"FT";"Shanghai Port B";"5";"1";"Beijing BIT";"4";"1";"2";"1";"1";"0.8";"0.5";"1.3";"50";"42";"50";"58";"50";"1.8";"2";"67";"33";"";"";"";"";"";"";"22";"11.5";"5.5";"10.3";"16.8"
"China";"CHN";"League Two";"04-07-2026 08:00";"NS";"Shandong Taishan II";"";"";"Lanzhou Longyuan";"";"";"1.9";"1";"1.3";"0.5";"0.9";"0.7";"38";"30";"38";"70";"38";"1.6";"2";"62";"33";"";"";"";"";"";"";"21.4";"12.4";"12.2";"8.4";"9.8"
"China";"CHN";"League Two";"04-07-2026 08:00";"NS";"Guangzhou Dandelion";"";"";"Guangdong Mingtu";"";"";"1.5";"1.3";"1.7";"1.3";"1.5";"1.3";"86";"48";"62";"52";"77";"2.9";"2";"50";"43";"";"";"";"";"";"";"18.6";"8.3";"9.1";"8.3";"11.4"
"China";"CHN";"League Two";"04-07-2026 08:30";"NS";"Haimen Codion";"";"";"Dalian Kewei";"";"";"1.3";"0.8";"1.8";"0.3";"1.2";"0.5";"58";"42";"50";"58";"50";"1.9";"2";"44";"28";"";"";"";"";"";"";"18.1";"12.3";"8.8";"7.8";"7.2"
"China";"CHN";"League Two";"04-07-2026 08:30";"NS";"Ganzhou Ruishi";"";"";"Hubei Istar";"";"";"1.6";"1.6";"1.1";"1";"0.9";"0.9";"57";"36";"43";"64";"72";"2";"2";"52";"52";"";"";"";"";"";"";"19.8";"10.1";"6.7";"9.7";"13"
"China";"CHN";"League Two";"04-07-2026 09:00";"NS";"Chengdu Rongcheng II";"";"";"Wuhan Three Towns II";"";"";"1";"0.3";"1";"0.9";"1";"1.7";"78";"50";"78";"50";"78";"2.3";"2";"33";"10";"";"";"";"";"";"";"19.8";"8.1";"8.9";"12.7";"9.7"
"Ecuador";"ECU";"Liga Pro Serie B";"04-07-2026 18:30";"NS";"LDU Portoviejo";"";"";"9 de Octubre";"";"";"2.3";"1.5";"1";"0.3";"0.3";"0.2";"16";"8";"16";"92";"16";"0.9";"2";"78";"50";"";"";"";"";"";"";"18.4";"14.3";"9.2";"6.3";"7"
"Estonia";"EST";"Meistriliiga";"04-07-2026 13:00";"NS";"Paide";"";"";"Vaprus";"";"";"1.6";"1.2";"1.1";"1";"1";"1.9";"62";"50";"56";"50";"62";"2.5";"3";"54";"42";"";"";"";"";"";"";"19.7";"9.5";"5";"10.5";"14.4"
"Estonia";"EST";"Meistriliiga";"04-07-2026 13:00";"NS";"JK Trans Narva";"";"";"Levadia";"";"";"1.1";"2.8";"1.1";"2.6";"1.6";"0.9";"88";"83";"70";"17";"83";"3.1";"3";"38";"93";"";"";"";"";"";"";"25";"13.8";"18.2";"11";"7"
"Estonia";"EST";"Esiliiga A";"04-07-2026 09:00";"NS";"FC Tallinn";"";"";"Nõmme United II";"";"";"1.1";"1.2";"1.6";"2.1";"1.8";"2.6";"88";"64";"76";"36";"58";"4";"4";"38";"41";"";"";"";"";"";"";"27";"11";"13.1";"13.1";"16.8"
"Estonia";"EST";"Esiliiga B";"04-07-2026 09:00";"NS";"Phoenix";"";"";"Tartu Kalev";"";"";"2.4";"1";"3.4";"2.2";"2.4";"2.9";"94";"94";"89";"6";"100";"5.4";"5";"80";"33";"";"";"";"";"";"";"30";"19";"12.4";"11.2";"17.4"
"Estonia";"EST";"Esiliiga B";"04-07-2026 09:00";"NS";"FCI Tallinn";"";"";"Tammeka II";"";"";"1.7";"1.6";"2.1";"2";"1.7";"2.6";"93";"72";"58";"28";"78";"4.2";"4";"57";"52";"";"";"";"";"";"";"28.6";"15.4";"14";"11.7";"16.1"
"Fiji";"FIJ";"National Football League";"04-07-2026 21:00";"NS";"Tailevu Naitasiri";"";"";"Nasinu";"";"";"0.4";"1";"1.2";"0.8";"5.4";"2.2";"90";"80";"50";"20";"80";"4.8";"4";"13";"33";"";"";"";"";"";"";"16";"5.8";"5";"12.8";"8.5"
"Fiji";"FIJ";"National Football League";"04-07-2026 22:00";"NS";"Lautoka";"";"";"Rewa";"";"";"1.2";"1.2";"1.8";"1.3";"1.2";"1";"75";"45";"66";"55";"74";"2.6";"3";"40";"39";"";"";"";"";"";"";"";"";"15.5";"";"8"
"Fiji";"FIJ";"National Football League";"04-07-2026 23:00";"NS";"Labasa";"";"";"Nadroga";"";"";"2.2";"0.5";"2";"1.8";"0.8";"2.8";"80";"68";"80";"32";"80";"3.6";"3";"73";"17";"";"";"";"";"";"";"";"";"";"";""
"Finland";"FIN";"Veikkausliiga";"04-07-2026 09:00";"NS";"Lahti";"";"";"Gnistan";"";"";"1.3";"1";"1.6";"1";"1.1";"1";"84";"30";"54";"70";"69";"2.4";"2";"43";"33";"";"";"";"";"";"";"22.4";"13.3";"10.7";"8.9";"12"
"Finland";"FIN";"Veikkausliiga";"04-07-2026 11:00";"NS";"SJK";"";"";"TPS";"";"";"0.8";"0.5";"1.2";"0.7";"1.3";"1.2";"66";"42";"58";"58";"75";"2.2";"3";"28";"17";"";"";"";"";"";"";"25.6";"18.5";"12.2";"9.8";"10.8"
"Finland";"FIN";"Veikkausliiga";"04-07-2026 11:00";"NS";"Jaro";"";"";"Ilves";"";"";"1";"0.4";"1.5";"1.6";"1.7";"2.7";"92";"68";"76";"32";"100";"3.8";"3";"33";"14";"";"";"";"";"";"";"24.3";"11.3";"10.6";"10.3";"16.3"
"Finland";"FIN";"Veikkausliiga";"04-07-2026 12:00";"NS";"VPS";"";"";"Mariehamn";"";"";"2";"0.2";"2";"0.3";"1";"1.8";"75";"50";"58";"50";"66";"2.6";"3";"67";"6";"";"";"";"";"";"";"25.8";"12.3";"7.7";"13";"18.7"
"Finland";"FIN";"Ykkösliiga";"04-07-2026 10:00";"NS";"EIF";"";"";"PK-35";"";"";"2.5";"2.2";"2.2";"1.3";"0.8";"0.2";"42";"42";"25";"58";"58";"2.2";"2";"83";"72";"";"";"";"";"";"";"18.8";"9.5";"10.3";"8.3";"9.3"
"Finland";"FIN";"Kakkonen";"04-07-2026 08:00";"NS";"Honka";"";"";"MuSa";"";"";"2";"0.8";"2.2";"1.2";"1.2";"3";"100";"68";"80";"32";"100";"3.8";"2";"67";"27";"";"";"";"";"";"";"21.6";"13.5";"4.4";"5.8";"19.6"
"Finland";"FIN";"Kakkonen";"04-07-2026 08:00";"NS";"JS Hercules";"";"";"Vaajakoski";"";"";"1.2";"0.8";"1.8";"1";"2";"2";"80";"80";"60";"20";"70";"3.4";"4";"40";"27";"";"";"";"";"";"";"16.2";"4.4";"11";"5.4";"11.6"
"Finland";"FIN";"Kakkonen";"04-07-2026 09:00";"NS";"HIFK";"";"";"MYPA";"";"";"2";"1.8";"2.4";"1.8";"1.6";"1.2";"100";"65";"78";"35";"68";"3.5";"3";"67";"58";"";"";"";"";"";"";"23.9";"9.2";"10.8";"10.6";"17.2"
"Finland";"FIN";"Kakkonen";"04-07-2026 09:00";"NS";"Kraft";"";"";"Jaro II";"";"";"0.8";"1.8";"2";"2.2";"2";"2.6";"88";"78";"68";"22";"88";"4.4";"4";"25";"60";"";"";"";"";"";"";"21";"3.7";"14.2";"6";"18"
"Finland";"FIN";"Kakkonen";"04-07-2026 10:00";"NS";"Atlantis";"";"";"PEPO";"";"";"2.2";"1.6";"4";"1.2";"1.2";"1";"90";"68";"65";"32";"70";"3.7";"4";"75";"53";"";"";"";"";"";"";"20.8";"15.5";"12";"6";"8"
"Finland";"FIN";"Kakkonen";"04-07-2026 10:00";"NS";"Union Plaani";"";"";"PuiU Helsinki";"";"";"0.2";"0.8";"0.6";"0.8";"2.4";"2.8";"90";"60";"40";"40";"70";"3.3";"4";"7";"27";"";"";"";"";"";"";"24.3";"17.5";"6.6";"14.2";"10.2"
"Finland";"FIN";"Kakkonen";"04-07-2026 10:00";"NS";"P-Iirot";"";"";"HJS Akatemia";"";"";"2.4";"2.2";"2.6";"2.2";"1.2";"1.2";"80";"70";"50";"30";"80";"3.6";"4";"80";"73";"";"";"";"";"";"";"22.1";"14.2";"11.2";"8.2";"10.6"
"Finland";"FIN";"Kakkonen";"04-07-2026 11:00";"NS";"HPS";"";"";"Reipas";"";"";"0.8";"0.6";"1.8";"1.8";"2.4";"2";"100";"100";"80";"0";"80";"4";"4";"27";"20";"";"";"";"";"";"";"20.3";"7.5";"11.6";"11.2";"10.2"
"Finland";"FIN";"Kakkonen";"04-07-2026 11:00";"NS";"TP-47";"";"";"GBK";"";"";"1.2";"1.8";"2";"2";"2.2";"3";"100";"90";"80";"10";"90";"4.6";"4";"40";"60";"";"";"";"";"";"";"24.4";"15.5";"8.5";"14.2";"10.5"
"Finland";"FIN";"Kolmonen - Northern Group";"04-07-2026 11:00";"NS";"HauPa";"";"";"Villan Pojat";"";"";"1.3";"1.3";"5";"1.3";"1.7";"2";"100";"67";"50";"33";"";"5";"4";"44";"44";"";"";"";"";"";"";"";"";"";"";""
"Finland";"FIN";"Kolmonen - Western Group";"04-07-2026 08:00";"NS";"Tampere United II";"";"";"TPV II";"";"";"3";"2";"2";"2.2";"0.8";"1.8";"88";"75";"75";"25";"88";"3.4";"4";"100";"67";"";"";"";"";"";"";"26";"10";"17";"11.5";"13.4"
"Finland";"FIN";"Kolmonen - Western Group";"04-07-2026 09:00";"NS";"NoPS";"";"";"Lasten";"";"";"2.2";"3";"3.8";"5";"1.2";"1";"80";"80";"70";"20";"80";"5.5";"5";"73";"100";"";"";"";"";"";"";"25.5";"13";"17";"13";"8"
"Finland";"FIN";"Kolmonen - Western Group";"04-07-2026 09:00";"NS";"TP-49";"";"";"Loiske";"";"";"0.2";"1.2";"0.6";"1";"2.6";"2";"90";"70";"60";"30";"90";"3.1";"3";"7";"40";"";"";"";"";"";"";"";"";"11.4";"";"14.6"
"Finland";"FIN";"Kolmonen - Western Group";"04-07-2026 10:00";"NS";"Mariehamn II";"";"";"LTU";"";"";"2.4";"1";"3";"0.5";"1.2";"1.2";"75";"62";"62";"38";"75";"3";"3";"80";"33";"";"";"";"";"";"";"";"";"6.8";"";"12.5"
"Finland";"FIN";"Kolmonen - Southern Group";"04-07-2026 07:00";"TBA";"SibboV";"";"";"JäPS II";"";"";"2.2";"1.8";"2.8";"2.8";"1.8";"1.8";"100";"100";"88";"0";"88";"4.5";"4";"75";"58";"";"";"";"";"";"";"24.5";"15";"15";"12";"7"
"Finland";"FIN";"Kolmonen - Southern Group";"04-07-2026 07:00";"INPLAY_1ST_HALF";"RiPS";"2";"1";"ToTe / Tapio";"2";"1";"2";"0.6";"2.7";"1.2";"3";"2.6";"100";"90";"90";"10";"100";"4.8";"5";"67";"20";"";"";"";"";"";"";"";"";"7.2";"";"14"
"Finland";"FIN";"Kolmonen - Southern Group";"04-07-2026 10:00";"NS";"Atlantis II";"";"";"Futura";"";"";"2.2";"3";"2.4";"5.2";"1.4";"1";"78";"68";"78";"32";"100";"5";"5";"73";"100";"";"";"";"";"";"";"";"11.5";"";"6";""
"Faroe Islands";"FRO";"1. Deild";"04-07-2026 09:00";"NS";"B71";"";"";"HB II";"";"";"2.6";"1.2";"3.4";"1.2";"0.9";"1.6";"87";"74";"54";"26";"73";"3.6";"3";"86";"42";"";"";"";"";"";"";"22.5";"13.5";"16.5";"6";"9"
"Faroe Islands";"FRO";"1. Deild";"04-07-2026 09:00";"NS";"NSÍ II";"";"";"Suduroy";"";"";"0.9";"1.9";"1.1";"2.1";"2";"1.1";"80";"60";"46";"40";"94";"3.2";"3";"29";"62";"";"";"";"";"";"";"";"8.4";"";"15";""
"Faroe Islands";"FRO";"1. Deild";"04-07-2026 11:00";"NS";"TB";"";"";"EB / Streymur II";"";"";"1";"0.7";"1.3";"0.8";"2.4";"2.5";"92";"77";"69";"23";"76";"3.5";"4";"33";"22";"";"";"";"";"";"";"";"";"5.5";"";"19.5"
"Faroe Islands";"FRO";"1. Deild";"04-07-2026 13:30";"NS";"ÍF";"";"";"Víkingur II";"";"";"1.2";"1.9";"1.7";"2.3";"1.2";"1.6";"93";"60";"63";"40";"92";"3.4";"4";"39";"62";"";"";"";"";"";"";"24.8";"10.7";"10.5";"14";"14.5"
"Faroe Islands";"FRO";"Meistaradeildin";"04-07-2026 10:30";"NS";"B36";"";"";"Víkingur";"";"";"2";"1.3";"1.7";"1";"0.7";"1";"57";"36";"36";"64";"57";"2.2";"2";"67";"43";"";"";"";"";"";"";"19.5";"10.4";"11.7";"7.9";"9"
"Faroe Islands";"FRO";"Meistaradeildin";"04-07-2026 13:15";"NS";"AB Argir";"";"";"EB / Streymur";"";"";"1.9";"1.2";"2";"1.5";"1.6";"1.7";"92";"62";"77";"38";"84";"3.4";"3";"62";"39";"";"";"";"";"";"";"21.6";"7.7";"8";"14.3";"13.2"
"Faroe Islands";"FRO";"Meistaradeildin";"04-07-2026 14:30";"NS";"Skála";"";"";"B68";"";"";"1";"0.6";"1.2";"0.7";"1.8";"2.7";"80";"59";"52";"41";"66";"3.2";"3";"33";"19";"";"";"";"";"";"";"21";"11.2";"8.1";"11.5";"11"
"Gabon";"GAB";"Champoinnat D1";"04-07-2026 10:00";"NS";"Lozo";"";"";"Cercle Mbéri";"";"";"1.7";"1.5";"1";"1.4";"0.4";"0.9";"45";"20";"25";"80";"60";"1.8";"2";"57";"50";"";"";"";"";"";"";"";"";"";"";""
"Gabon";"GAB";"Champoinnat D1";"04-07-2026 11:30";"NS";"Stade Migovéen";"";"";"Dikaki";"";"";"1.5";"0.4";"1";"0.8";"0.9";"2.4";"70";"50";"45";"50";"52";"2.6";"2";"50";"13";"";"";"";"";"";"";"";"";"";"";""
"Gabon";"GAB";"Champoinnat D1";"04-07-2026 11:30";"NS";"Vautour Club";"";"";"FC 105";"";"";"1.5";"2";"0.9";"1.4";"0.7";"0.8";"60";"35";"35";"65";"55";"1.9";"2";"50";"67";"";"";"";"";"";"";"";"";"";"";""
"Gabon";"GAB";"Champoinnat D1";"04-07-2026 11:30";"NS";"Oyem";"";"";"Oyem AC";"";"";"1.9";"1.6";"1.6";"1.8";"0.9";"1.1";"65";"50";"40";"50";"50";"2.7";"2";"63";"53";"";"";"";"";"";"";"";"";"";"";""
"Gabon";"GAB";"Champoinnat D1";"04-07-2026 11:30";"NS";"Stade Mandji";"";"";"Mangasport";"";"";"2.7";"2.4";"2.4";"1.9";"0.5";"0.5";"65";"55";"35";"45";"54";"2.6";"2";"90";"80";"";"";"";"";"";"";"";"";"";"";""
"Gabon";"GAB";"Champoinnat D1";"04-07-2026 12:00";"NS";"Ogooue";"";"";"Bitam";"";"";"2.6";"1.5";"2.2";"1.4";"1.1";"1.9";"84";"84";"78";"16";"78";"3.2";"3";"87";"50";"";"";"";"";"";"";"";"";"";"";""
"Gabon";"GAB";"Champoinnat D1";"04-07-2026 12:00";"NS";"Bouenguidi";"";"";"Lambaréné";"";"";"1.1";"1.1";"0.7";"1.7";"0.9";"1.2";"70";"25";"40";"75";"50";"2.2";"2";"37";"37";"";"";"";"";"";"";"";"";"";"";""
"Germany";"GER";"Reg. Cup Bayern";"04-07-2026 06:00";"NS";"Kirchheimer SC";"";"";"Heimstetten";"";"";"";"";"";"";"";"";"";"";"";"";"";"";"";"";"";"";"";"";"";"";"";"";"";"";"";""
"Germany";"GER";"Reg. Cup Bayern";"04-07-2026 09:00";"NS";"Buckenhofen";"";"";"Neudrossenfeld";"";"";"";"";"";"";"";"";"";"";"";"";"";"";"";"";"";"";"";"";"";"";"";"";"";"";"";""
"Germany";"GER";"Reg. Cup Bayern";"04-07-2026 09:45";"NS";"Durach";"";"";"Kottern";"";"";"";"";"";"";"";"";"";"";"";"";"";"";"";"";"";"";"";"";"";"";"";"";"";"";"";""
"Germany";"GER";"Reg. Cup Bayern";"04-07-2026 11:00";"NS";"Lichtenfels";"";"";"Coburg";"";"";"";"";"";"";"";"";"";"";"";"";"";"";"";"";"";"";"";"";"";"";"";"";"";"";"";""
"Germany";"GER";"Reg. Cup Bayern";"04-07-2026 11:00";"NS";"Garmisch-Partenkirchen";"";"";"Ismaning";"";"";"";"";"";"";"";"";"";"";"";"";"";"";"";"";"";"";"";"";"";"";"";"";"";"";"";""
"Germany";"GER";"Reg. Cup Bayern";"04-07-2026 11:00";"NS";"Manching";"";"";"Gundelfingen";"";"";"";"";"";"";"";"";"";"";"";"";"";"";"";"";"";"";"";"";"";"";"";"";"";"";"";""
"Germany";"GER";"Reg. Cup Bayern";"04-07-2026 11:00";"NS";"Schwabmünchen";"";"";"Pipinsried";"";"";"";"";"";"";"";"";"";"";"";"";"";"";"";"";"";"";"";"";"";"";"";"";"";"";"";""
"Germany";"GER";"Reg. Cup Bayern";"04-07-2026 14:30";"NS";"DJK Bamberg";"";"";"Eintracht Bamberg";"";"";"";"";"";"";"";"";"";"";"";"";"";"";"";"";"";"";"";"";"";"";"";"";"";"";"";""
"Republic of Ireland";"IRL";"U20 National League";"04-07-2026 08:00";"NS";"Mayo U20";"";"";"Athlone Town U20";"";"";"0";"0.5";"0.2";"1";"2.2";"4";"66";"58";"46";"42";"";"3.8";"4";"0";"17";"";"";"";"";"";"";"";"";"11.8";"";"18.2"
"Republic of Ireland";"IRL";"U20 National League";"04-07-2026 09:00";"NS";"Drogheda United U20";"";"";"Shelbourne U20";"";"";"2.5";"2";"2.3";"3";"1";"1.8";"100";"100";"92";"0";"84";"4";"4";"83";"67";"";"";"";"";"";"";"22.6";"11.5";"10.3";"9.8";"13.7"
"Republic of Ireland";"IRL";"U20 National League";"04-07-2026 10:00";"NS";"Derry City U20";"";"";"Sligo Rovers U20";"";"";"1.2";"1.7";"1.8";"2.2";"1.8";"1.5";"83";"58";"67";"42";"58";"3.7";"4";"39";"56";"";"";"";"";"";"";"20.8";"10.3";"10.7";"8";"12.7"
"Republic of Ireland";"IRL";"U20 National League";"04-07-2026 10:00";"NS";"Cork City U20";"";"";"Shamrock Rovers U20";"";"";"2.4";"1.8";"2.6";"3.5";"1.4";"1.5";"92";"84";"54";"16";"75";"4.5";"4";"80";"61";"";"";"";"";"";"";"23";"16";"10";"11.5";"8.5"
"Republic of Ireland";"IRL";"U20 National League";"04-07-2026 10:30";"NS";"Klub Kildare U20";"";"";"Finn Harps U20";"";"";"0.5";"1.7";"1.5";"1.8";"3.2";"1.8";"92";"84";"75";"16";"";"4.2";"4";"17";"56";"";"";"";"";"";"";"";"";"6";"";"10.7"
"Republic of Ireland";"IRL";"U20 National League";"04-07-2026 11:00";"NS";"Kerry FC U20";"";"";"Wexford U20";"";"";"1";"0.8";"1.2";"1.4";"1.6";"3.2";"90";"70";"60";"30";"";"3.7";"4";"33";"27";"";"";"";"";"";"";"";"";"";"";""
"Republic of Ireland";"IRL";"U20 National League";"04-07-2026 11:00";"NS";"St Patrick's U20";"";"";"Bohemians U20";"";"";"1.5";"1.2";"1.5";"1.2";"1.8";"1.5";"88";"50";"42";"50";"50";"3";"4";"50";"39";"";"";"";"";"";"";"";"";"8.3";"";"9"
"Republic of Ireland";"IRL";"U20 National League";"04-07-2026 12:30";"NS";"Dundalk U20";"";"";"Longford Town U20";"";"";"2.5";"0";"3.7";"0.6";"1";"4.8";"100";"92";"64";"8";"100";"5.1";"4";"83";"0";"";"";"";"";"";"";"24.8";"17.2";"6.6";"8";"17.8"
"Republic of Ireland";"IRL";"U20 National League";"04-07-2026 12:30";"NS";"Treaty United U20";"";"";"Cobh Ramblers U20";"";"";"0.8";"0.8";"1";"1";"2";"2";"90";"80";"22";"20";"";"3";"4";"25";"27";"";"";"";"";"";"";"";"";"";"";""
"Republic of Ireland";"IRL";"U20 National League";"04-07-2026 13:00";"NS";"CK United U20";"";"";"Waterford U20";"";"";"1.7";"2";"1.3";"1.5";"1.3";"1.5";"75";"42";"50";"58";"";"2.8";"4";"56";"67";"";"";"";"";"";"";"";"";"";"";""
"Iceland";"ISL";"Besta deild";"04-07-2026 11:00";"NS";"ÍA";"";"";"Breidablik";"";"";"1";"1";"1";"2";"1.6";"2.2";"82";"54";"72";"46";"82";"3.4";"4";"33";"33";"";"";"";"";"";"";"28.6";"14";"13.7";"13";"16.7"
"Iceland";"ISL";"Besta deild";"04-07-2026 13:00";"NS";"ÍBV";"";"";"Valur";"";"";"1.2";"1.5";"2";"2";"2.2";"1.8";"84";"67";"75";"33";"92";"4";"4";"39";"50";"";"";"";"";"";"";"28";"10.3";"14.3";"12.7";"18.7"
"Iceland";"ISL";"Inkasso-Deildin";"04-07-2026 11:00";"NS";"Grindavík";"";"";"Vestri";"";"";"1";"1.2";"0.8";"1.2";"1";"1.7";"54";"36";"45";"64";"36";"2.3";"2";"33";"39";"";"";"";"";"";"";"21.8";"10.6";"7.8";"11.6";"13.7"
"Iceland";"ISL";"Inkasso-Deildin";"04-07-2026 13:00";"NS";"Leiknir Reykjavík";"";"";"Völsungur";"";"";"2";"0.4";"1.4";"1.2";"1";"2.6";"60";"60";"50";"40";"50";"3.1";"3";"67";"13";"";"";"";"";"";"";"19.9";"6.8";"8";"11.5";"13.6"
"Iceland";"ISL";"2. Deild";"04-07-2026 11:00";"NS";"Fjölnir";"";"";"Kormákur / Hvöt";"";"";"1.8";"1";"2.7";"1.3";"1.5";"1.3";"92";"66";"84";"34";"83";"3.4";"4";"61";"33";"";"";"";"";"";"";"22.6";"13.3";"7.6";"10.8";"13.4"
"Iceland";"ISL";"2. Deild";"04-07-2026 11:00";"NS";"KFA";"";"";"Víkingur Ólafsvík";"";"";"1.4";"0.8";"3";"1";"2";"2.5";"88";"88";"78";"12";"100";"4.2";"4";"47";"25";"";"";"";"";"";"";"20.6";"13";"7.8";"4.7";"15.8"
"Iceland";"ISL";"2. Deild";"04-07-2026 13:00";"NS";"Magni";"";"";"Thróttur Vogar";"";"";"1.3";"0";"1.7";"0.5";"1.3";"2.2";"88";"42";"58";"58";"58";"2.9";"3";"44";"0";"";"";"";"";"";"";"22.2";"11";"12";"10";"11.5"
"Iceland";"ISL";"3. Deild";"04-07-2026 11:00";"NS";"Árbær";"";"";"Höttur";"";"";"1.3";"1";"2.7";"1.5";"3.3";"2.2";"100";"100";"88";"0";"100";"4.9";"5";"44";"33";"";"";"";"";"";"";"";"";"12";"";"12.3"
"Iceland";"ISL";"3. Deild";"04-07-2026 13:00";"NS";"KH Hlidarendi";"";"";"KF";"";"";"1.8";"1.3";"3";"1.7";"1.7";"1.7";"92";"75";"75";"25";"92";"4";"4";"61";"44";"";"";"";"";"";"";"19.5";"12.4";"9.5";"8.6";"8.5"
"Iceland";"ISL";"3. Deild";"04-07-2026 13:00";"NS";"Vídir";"";"";"Tindastóll";"";"";"3";"1.8";"3";"2";"0.3";"1";"71";"71";"54";"29";"88";"3.2";"4";"100";"58";"";"";"";"";"";"";"19.7";"15.7";"10";"3";"10.7"
"Iceland";"ISL";"3. Deild";"04-07-2026 13:00";"NS";"Sindri";"";"";"Augnablik";"";"";"1";"1";"1.4";"2.5";"1.8";"2.8";"90";"80";"78";"20";"100";"4.2";"4";"33";"33";"";"";"";"";"";"";"";"";"7.3";"";"14"
"Japan";"JPN";"Regional Leagues: Kyushu";"04-07-2026 05:30";"FT";"Miyakonojo";"2";"1";"Kawasoe Club";"0";"0";"0.8";"0.8";"1.6";"0.5";"2.8";"1.3";"84";"66";"46";"34";"66";"3.1";"3";"27";"28";"";"";"";"";"";"";"22.8";"5.7";"8";"24";"8"
"Japan";"JPN";"Regional Leagues: Kyushu";"04-07-2026 22:00";"NS";"Atletico Celeste";"";"";"Nippon Steel Oita";"";"";"0.8";"0.4";"1.2";"1.2";"2.5";"2";"90";"80";"78";"20";"62";"3.5";"4";"25";"13";"";"";"";"";"";"";"25";"4.5";"7.8";"21";"16.8"
"Japan";"JPN";"Regional Leagues: Kyushu";"04-07-2026 22:00";"NS";"Brew Saga";"";"";"Nobeoka";"";"";"1.4";"2";"0.8";"2.2";"1.2";"1.8";"70";"62";"35";"38";"50";"3";"3";"47";"67";"";"";"";"";"";"";"25.7";"14.7";"20";"9";"7.7"
"Japan";"JPN";"Regional Leagues: Kyushu";"04-07-2026 22:00";"NS";"Heavy Industries";"";"";"KMG Holdings";"";"";"1";"3";"0.8";"2.3";"1.4";"0";"46";"36";"20";"64";"75";"2.2";"3";"33";"100";"";"";"";"";"";"";"19.5";"13.5";"10.7";"10.5";"4.3"
"Japan";"JPN";"Regional Leagues: Chugoku";"04-07-2026 04:00";"AWAITING_UPDATES";"Beluga Rosso Hamada";"";"";"Mizushima";"";"";"2.2";"0.7";"2.7";"1.7";"1.3";"2.7";"100";"67";"84";"33";"";"4.2";"";"72";"22";"";"";"";"";"";"";"";"";"";"";""
"Japan";"JPN";"Regional Leagues: Chugoku";"04-07-2026 06:00";"INPLAY_2ND_HALF";"Hatsukaichi";"1";"1";"ENEOS Mizushima";"0";"1";"0.5";"0.8";"1";"1";"2.2";"2.8";"90";"74";"72";"26";"";"3.5";"";"17";"27";"";"";"";"";"";"";"";"";"6.2";"";"13.2"
"Japan";"JPN";"Regional Leagues: Chugoku";"04-07-2026 06:00";"INPLAY_2ND_HALF";"Fukuyama City";"3";"0";"SRC Hiroshima";"3";"0";"2.6";"2.2";"3.6";"2";"1.2";"1";"84";"65";"74";"35";"84";"3.9";"";"87";"72";"";"";"";"";"";"";"23.2";"18.5";"13.7";"5";"9.3"
"Japan";"JPN";"Regional Leagues: Kanto";"04-07-2026 03:00";"AWAITING_UPDATES";"Tokyo 23";"";"";"Toin Yokohama UFC";"";"";"1";"1.7";"0.5";"2.7";"0.5";"2.3";"75";"50";"75";"50";"";"3";"2";"33";"56";"";"";"";"";"";"";"";"";"";"";""
"Japan";"JPN";"Regional Leagues: Kansai";"04-07-2026 02:00";"FT";"Velago Ikoma";"0";"1";"Asuka FC";"0";"0";"1.3";"0.7";"1.7";"0.3";"1";"2";"84";"50";"50";"50";"84";"2.5";"";"44";"22";"";"";"";"";"";"";"23.6";"14";"10.7";"9.5";"13"
"Japan";"JPN";"Regional Leagues: Kansai";"04-07-2026 06:30";"INPLAY_2ND_HALF";"Arterivo Wakayama";"2";"0";"Moriyama Samurai";"1";"0";"3";"0.3";"3.7";"0.7";"0.3";"1.7";"84";"66";"50";"34";"";"3.2";"";"100";"11";"";"";"";"";"";"";"";"";"9";"";"7.5"
"Japan";"JPN";"Regional Leagues: Kansai";"04-07-2026 06:30";"INPLAY_2ND_HALF";"Cento Cuore Harima";"0";"0";"Ococias Kyoto";"0";"0";"1.7";"2.2";"2";"2.5";"0.7";"2.2";"84";"84";"66";"16";"";"3.8";"";"56";"75";"";"";"";"";"";"";"";"15.5";"";"10.5";""
"Japan";"JPN";"Regional Leagues: Kansai";"04-07-2026 22:30";"NS";"Basara Hyogo";"";"";"Laranja Kyoto";"";"";"2.5";"0";"2.8";"0";"0.8";"4";"88";"88";"25";"12";"";"3.8";"";"83";"0";"";"";"";"";"";"";"";"15.5";"";"10";""
"Kazakhstan";"KAZ";"Premier League";"04-07-2026 09:00";"NS";"Altay";"";"";"Tobol";"";"";"0.6";"0.1";"0.6";"0.6";"1";"1.9";"56";"38";"50";"62";"56";"2";"2";"21";"4";"";"";"";"";"";"";"21.2";"9.4";"10.4";"10.1";"12.5"
"Kazakhstan";"KAZ";"Premier League";"04-07-2026 10:00";"NS";"Kyzyl-Zhar";"";"";"Yelimay Semey";"";"";"1.2";"1.7";"1.9";"1.9";"1.8";"1.3";"80";"72";"73";"28";"74";"3.4";"2";"42";"57";"";"";"";"";"";"";"19.4";"8.6";"12.4";"9.1";"8.6"
"Kyrgyzstan";"KGZ";"Top Liga";"04-07-2026 11:30";"NS";"Ozgon";"";"";"Alay";"";"";"1.8";"2";"1.7";"1.3";"0.8";"0.9";"76";"55";"54";"45";"76";"2.3";"2";"61";"67";"";"";"";"";"";"";"";"";"3.8";"";"3"
"Kyrgyzstan";"KGZ";"Top Liga";"04-07-2026 11:30";"NS";"Bishkek City";"";"";"Toktogul";"";"";"1.1";"1";"0.9";"0.8";"1";"1.4";"62";"31";"31";"69";"64";"2";"2";"38";"33";"";"";"";"";"";"";"12.4";"4.3";"4";"8.3";"8"
"South Korea";"KOR";"Korean Cup";"04-07-2026 04:00";"FT_PEN";"Jincheon HR";"1";"1";"Siheung Citizen";"1";"0";"";"";"";"";"";"";"";"";"";"";"";"";"";"";"";"";"";"";"";"";"";"";"";"";"";""
"South Korea";"KOR";"Korean Cup";"04-07-2026 06:00";"INPLAY_2ND_HALF";"Pocheon";"1";"0";"Daejeon Korail";"1";"0";"";"";"";"";"";"";"";"";"";"";"";"";"";"";"";"";"";"";"";"";"";"";"";"";"";""
"South Korea";"KOR";"Korean Cup";"04-07-2026 06:00";"INPLAY_2ND_HALF";"Changwon City";"3";"0";"Geumsan Insam";"2";"0";"";"";"";"";"";"";"";"";"";"";"";"";"";"";"";"";"";"";"";"";"";"";"";"";"";""
"South Korea";"KOR";"Korean Cup";"04-07-2026 07:00";"INPLAY_1ST_HALF";"Gangneung City";"0";"0";"Jecheon Citizen";"0";"0";"";"";"";"";"";"";"";"";"";"";"";"";"";"";"";"";"";"";"";"";"";"";"";"";"";""
"South Korea";"KOR";"Korean Cup";"04-07-2026 07:00";"INPLAY_1ST_HALF";"Together";"1";"0";"Pyeongchang United";"1";"0";"";"";"";"";"";"";"";"";"";"";"";"";"";"";"";"";"";"";"";"";"";"";"";"";"";""
"South Korea";"KOR";"Korean Cup";"04-07-2026 07:00";"INPLAY_1ST_HALF";"Haman";"0";"0";"Dangjin Citizen";"0";"0";"";"";"";"";"";"";"";"";"";"";"";"";"";"";"";"";"";"";"";"";"";"";"";"";"";""
"South Korea";"KOR";"Korean Cup";"04-07-2026 07:00";"INPLAY_1ST_HALF";"Ulsan FC";"0";"0";"Yangpyeong";"0";"0";"";"";"";"";"";"";"";"";"";"";"";"";"";"";"";"";"";"";"";"";"";"";"";"";"";""
"South Korea";"KOR";"Korean Cup";"04-07-2026 07:00";"INPLAY_1ST_HALF";"Jinju Citizen";"0";"1";"Sejong SA";"0";"1";"";"";"";"";"";"";"";"";"";"";"";"";"";"";"";"";"";"";"";"";"";"";"";"";"";""
"South Korea";"KOR";"Korean Cup";"04-07-2026 07:00";"INPLAY_1ST_HALF";"Mokpo City";"1";"0";"Anseong Citizens";"1";"0";"";"";"";"";"";"";"";"";"";"";"";"";"";"";"";"";"";"";"";"";"";"";"";"";"";""
"South Korea";"KOR";"Korean Cup";"04-07-2026 07:00";"INPLAY_1ST_HALF";"Ulsan Citize";"1";"0";"Chuncheon";"1";"0";"";"";"";"";"";"";"";"";"";"";"";"";"";"";"";"";"";"";"";"";"";"";"";"";"";""
"South Korea";"KOR";"K League 2";"04-07-2026 07:30";"INPLAY_1ST_HALF";"Suwon Bluewings";"0";"0";"Seongnam";"0";"0";"2";"1.5";"1.4";"1.3";"0.9";"1.2";"70";"46";"63";"54";"62";"2.4";"3";"67";"50";"";"";"";"";"";"";"15.2";"4.8";"11";"4.5";"10.2"
"South Korea";"KOR";"K League 2";"04-07-2026 07:30";"INPLAY_1ST_HALF";"Paju Citizen";"0";"0";"Yongin City";"0";"0";"1";"1";"1.1";"1.2";"1.3";"1.7";"70";"55";"55";"45";"54";"2.6";"2";"33";"33";"";"";"";"";"";"";"16.3";"7";"7.2";"10.3";"8.2"
"South Korea";"KOR";"K League 2";"04-07-2026 07:30";"INPLAY_1ST_HALF";"Ansan Greeners";"1";"0";"Suwon";"1";"0";"0.4";"1.4";"0.9";"1.9";"2";"1.8";"94";"78";"83";"22";"94";"3.2";"3";"15";"46";"";"";"";"";"";"";"17.8";"6.2";"11";"10.4";"8"
"South Korea";"KOR";"K League 2";"04-07-2026 07:30";"INPLAY_1ST_HALF";"Cheongju";"0";"0";"Daegu";"0";"0";"0.6";"1.5";"1";"1.8";"1.7";"1.5";"84";"55";"84";"45";"69";"3";"3";"19";"50";"";"";"";"";"";"";"16.6";"8.7";"11.3";"6.4";"6.7"
"Lithuania";"LTU";"A Lyga";"04-07-2026 10:00";"NS";"Panevėžys";"";"";"Hegelmann Litauen";"";"";"1.5";"0.6";"1.2";"0.8";"1.1";"2";"79";"56";"60";"44";"71";"2.6";"2";"50";"21";"";"";"";"";"";"";"19.2";"8";"7.6";"11.4";"11.5"
"Latvia";"LVA";"Virsliga";"04-07-2026 10:00";"NS";"FC Daugavpils";"";"";"Liepāja";"";"";"1.4";"0.8";"0.8";"0.7";"0.8";"2";"50";"40";"35";"60";"60";"2.2";"2";"47";"27";"";"";"";"";"";"";"27.1";"12.9";"15.2";"12.8";"13.3"
"Latvia";"LVA";"Virsliga";"04-07-2026 12:00";"NS";"Rīgas FS";"";"";"Auda";"";"";"2.5";"2";"3.2";"1.4";"0.7";"1.1";"80";"60";"50";"40";"70";"3.2";"3";"83";"67";"";"";"";"";"";"";"24";"18";"14.2";"7.1";"8.6"
"Latvia";"LVA";"First Liga";"04-07-2026 07:00";"INPLAY_1ST_HALF";"Riga FC II";"0";"0";"Tukums II";"0";"0";"1.8";"0.8";"1.8";"1.8";"2";"3.2";"100";"90";"80";"10";"90";"4.4";"4";"60";"27";"";"";"";"";"";"";"21.8";"8.2";"11.2";"12";"12.2"
"Latvia";"LVA";"First Liga";"04-07-2026 08:00";"NS";"JDFS Alberts";"";"";"Beitar / Riga Mariners";"";"";"2.6";"2.6";"2.8";"2";"0.6";"0.8";"80";"60";"60";"40";"70";"3.1";"4";"87";"87";"";"";"";"";"";"";"27.7";"17.4";"16.2";"11";"10.8"
"Latvia";"LVA";"First Liga";"04-07-2026 10:00";"NS";"Mārupe";"";"";"Smiltene";"";"";"1.2";"0.3";"2.4";"0.7";"1.8";"3.2";"92";"75";"46";"25";"84";"4";"4";"40";"11";"";"";"";"";"";"";"23.8";"13.8";"8";"7.2";"18.5"
"Latvia";"LVA";"First Liga";"04-07-2026 11:00";"NS";"Rēzekne / BJSS";"";"";"JFK Ventspils";"";"";"0.7";"0.8";"1.3";"1.8";"3.2";"2.6";"100";"92";"92";"8";"92";"4.4";"4";"22";"27";"";"";"";"";"";"";"21.5";"5";"11.3";"15.3";"11.3"
"Latvia";"LVA";"First Liga";"04-07-2026 13:00";"NS";"Metta / LU";"";"";"Skanste";"";"";"2.5";"1.2";"4.5";"2.2";"1";"2.6";"100";"82";"55";"18";"92";"5.2";"4";"83";"40";"";"";"";"";"";"";"25.2";"19.7";"11.8";"3";"16"
"Macau";"MAC";"Primeira Division";"04-07-2026 08:00";"NS";"Jia Hua";"";"";"Gorila do Universo";"";"";"2.4";"1.1";"3.6";"3.3";"0.6";"3.6";"100";"100";"56";"0";"90";"5.6";"4";"80";"38";"";"";"";"";"";"";"28";"17.2";"17.2";"8.5";"13"
"Macau";"MAC";"Primeira Division";"04-07-2026 10:00";"NS";"CPK";"";"";"Benfica de Macau";"";"";"2.4";"1.6";"4.1";"2.6";"0.6";"2.4";"88";"88";"50";"12";"75";"4.9";"5";"79";"54";"";"";"";"";"";"";"22.8";"15.6";"11.8";"8.2";"10"
"Moldova";"MDA";"Super Liga";"04-07-2026 12:00";"NS";"FC Politehnica";"";"";"Sheriff";"";"";"";"";"";"";"";"";"";"";"";"";"";"";"";"";"";"";"";"";"";"";"";"";"";"";"";""
"Moldova";"MDA";"Super Liga";"04-07-2026 14:00";"NS";"Petrocub";"";"";"Milsami";"";"";"";"";"";"";"";"";"";"";"";"";"";"";"";"";"";"";"";"";"";"";"";"";"";"";"";""
"Mongolia";"MNG";"Premier League";"04-07-2026 05:00";"FT";"Khoromkhon Club";"1";"3";"Khovd Western";"0";"1";"0.3";"0.9";"1.3";"1.2";"5.1";"2.2";"89";"84";"52";"16";"84";"4.9";"5";"10";"30";"";"";"";"";"";"";"25.3";"10.3";"9.4";"16.7";"14.2"
"Mongolia";"MNG";"Premier League";"04-07-2026 08:00";"NS";"Ulaangom City";"";"";"Hunters";"";"";"0.2";"1.9";"1.2";"3.1";"5.5";"1.6";"94";"78";"66";"22";"88";"5.8";"5";"8";"63";"";"";"";"";"";"";"23.9";"11";"13";"12.8";"11"
"Malawi";"MWI";"Super League";"04-07-2026 09:30";"NS";"Karonga United";"";"";"Dedza Dynamos";"";"";"1.2";"0.2";"0.8";"0";"0.8";"2.5";"62";"50";"25";"50";"62";"2";"2";"42";"8";"";"";"";"";"";"";"17.2";"7.5";"7.8";"5";"14"
"Malawi";"MWI";"Super League";"04-07-2026 09:30";"NS";"Blue eagles Malawi";"";"";"Moyale Barracks";"";"";"2.5";"0.5";"1.8";"0.5";"1";"1.8";"75";"38";"62";"62";"62";"2.5";"3";"83";"17";"";"";"";"";"";"";"18.4";"12";"6.7";"8.5";"9.7"
"Malawi";"MWI";"Super League";"04-07-2026 09:30";"NS";"Big Bullets";"";"";"Creck";"";"";"2";"1.2";"0.8";"1";"0.2";"0.8";"38";"12";"38";"88";"25";"1.4";"1";"67";"42";"";"";"";"";"";"";"16";"10";"7";"4";"11"
"Nicaragua";"NCA";"Copa Nicaragua";"04-07-2026 18:00";"NS";"Xilotepelt";"";"";"Real Estelí";"";"";"1";"";"0.5";"";"0.5";"";"";"";"";"";"";"";"";"33";"";"";"";"";"";"";"";"";"";"";"";""
"Nicaragua";"NCA";"Copa Nicaragua";"04-07-2026 21:00";"NS";"Diriangén";"";"";"H&H Export";"";"";"";"";"";"";"";"";"";"";"";"";"";"";"";"";"";"";"";"";"";"";"";"";"";"";"";""
"Nicaragua";"NCA";"Copa Nicaragua";"04-07-2026 22:00";"NS";"Matagalpa";"";"";"Jalapa";"";"";"";"";"";"";"";"";"";"";"";"";"";"";"";"";"";"";"";"";"";"";"";"";"";"";"";""
"New Caledonia";"NCL";"Super Ligue";"04-07-2026 01:00";"AWAITING_UPDATES";"Gaïca";"";"";"Magenta";"";"";"1.3";"1.9";"0.8";"1.3";"0.5";"0";"40";"23";"25";"77";"";"1.3";"2";"44";"62";"";"";"";"";"";"";"";"";"";"";""
"New Caledonia";"NCL";"Super Ligue";"04-07-2026 01:00";"AWAITING_UPDATES";"AS Mont-Dore";"";"";"Lössi";"";"";"0";"1.2";"0.6";"1.2";"3.2";"1.2";"90";"70";"60";"30";"";"3.1";"3";"0";"40";"";"";"";"";"";"";"";"";"";"";""
"New Caledonia";"NCL";"Super Ligue";"04-07-2026 01:00";"AWAITING_UPDATES";"Hienghene Sport";"";"";"Kunié";"";"";"1.4";"1.5";"0.7";"0.8";"0.4";"0.7";"46";"24";"40";"76";"";"1.3";"2";"48";"50";"";"";"";"";"";"";"";"";"";"";""
"New Caledonia";"NCL";"Super Ligue";"04-07-2026 03:30";"AWAITING_UPDATES";"Ne Drehu";"";"";"Horizon Patho";"";"";"1.8";"0.9";"1.8";"1";"2";"1";"78";"72";"40";"28";"";"2.9";"2";"58";"29";"";"";"";"";"";"";"";"";"";"";""
"Norway";"NOR";"1. Division";"04-07-2026 09:00";"NS";"Egersund";"";"";"Moss";"";"";"1.9";"1.3";"1.6";"2";"1.3";"2.6";"78";"78";"58";"22";"71";"3.8";"4";"62";"43";"";"";"";"";"";"";"22.8";"12.1";"10.9";"11.9";"10.7"
"Norway";"NOR";"1. Division";"04-07-2026 11:00";"NS";"Hødd";"";"";"Strømsgodset";"";"";"1.7";"1.5";"1.5";"2.7";"1.3";"1.7";"92";"67";"67";"33";"66";"3.6";"3";"56";"50";"";"";"";"";"";"";"26.6";"10.7";"16.8";"13.7";"12.2"
"Norway";"NOR";"1. Division";"04-07-2026 13:00";"NS";"Bryne";"";"";"Sandnes Ulf";"";"";"1.7";"1";"2";"1.3";"1.7";"2";"84";"58";"58";"42";"83";"3.5";"4";"56";"33";"";"";"";"";"";"";"20.6";"13.7";"8.8";"7.3";"11.3"
"New Zealand";"NZL";"National League";"04-07-2026 04:00";"FT";"Auckland II";"4";"1";"Bay Olympic";"3";"0";"1.6";"0.7";"1.8";"0.5";"1.5";"2.5";"88";"50";"42";"50";"79";"3.1";"3";"54";"22";"";"";"";"";"";"";"23.2";"10.2";"8.3";"14.1";"13.7"
"New Zealand";"NZL";"Chatham Cup";"04-07-2026 00:00";"FT";"South City Royals";"0";"9";"Cashmere Technical";"0";"4";"3";"3";"5";"7.7";"1.5";"1";"100";"100";"66";"0";"";"7.6";"6";"100";"100";"";"";"";"";"";"";"";"";"";"";""
"New Zealand";"NZL";"Chatham Cup";"04-07-2026 00:00";"FT";"Melville United";"0";"1";"Hibiscus Coast";"0";"0";"";"2";"";"3";"";"1.5";"";"";"";"";"";"";"";"";"67";"";"";"";"";"";"";"";"";"";"";""
"New Zealand";"NZL";"Chatham Cup";"04-07-2026 00:45";"FT";"Island Bay United";"1";"3";"Miramar";"0";"1";"";"";"";"";"";"";"";"";"";"";"";"";"";"";"";"";"";"";"";"";"";"";"";"";"";""
"New Zealand";"NZL";"Chatham Cup";"04-07-2026 03:00";"FT";"Fencibles United";"3";"0";"South Auckland Rangers";"2";"0";"";"3";"";"4.3";"";"1";"";"";"";"";"";"";"";"";"100";"";"";"";"";"";"";"";"";"";"";""
"Russia";"RUS";"FNL 2 - Group 1";"04-07-2026 10:30";"NS";"Pobeda";"";"";"Rostov II";"";"";"1.7";"2.1";"2.3";"2";"0.3";"1.3";"75";"68";"43";"32";"69";"3";"3";"56";"71";"";"";"";"";"";"";"15";"9.8";"8.2";"6.8";"5.2"
"Russia";"RUS";"FNL 2 - Group 1";"04-07-2026 11:00";"NS";"Nart Cherkessk";"";"";"Kyzyltash";"";"";"1.3";"1.8";"1.2";"1.2";"0.5";"1.2";"33";"25";"25";"75";"33";"2";"2";"44";"61";"";"";"";"";"";"";"13.1";"6.2";"8.7";"4.2";"7"
"Russia";"RUS";"FNL 2 - Group 1";"04-07-2026 11:00";"NS";"Spartak Nal'chik";"";"";"Sevastopol";"";"";"1.9";"2.3";"1.7";"1.7";"0.4";"0.4";"50";"43";"22";"57";"57";"2.1";"2";"62";"76";"";"";"";"";"";"";"12.2";"8.6";"5.7";"5.4";"4.7"
"Russia";"RUS";"FNL 2 - Group 1";"04-07-2026 11:00";"NS";"Neftyanik Ufa";"";"";"Chayka II";"";"";"2";"0";"1.5";"0.3";"1.3";"2.9";"84";"70";"32";"30";"78";"3";"3";"67";"0";"";"";"";"";"";"";"15.9";"8";"5.4";"8.8";"9.6"
"Russia";"RUS";"FNL 2 - Group 1";"04-07-2026 11:30";"NS";"Astrakhan";"";"";"Zarya Lugansk";"";"";"0.6";"0.2";"0.8";"0.5";"1.6";"2.2";"79";"66";"50";"34";"66";"2.6";"3";"21";"6";"";"";"";"";"";"";"12.9";"5";"8";"5.5";"7.3"
"Russia";"RUS";"FNL 2 - Group 1";"04-07-2026 12:00";"NS";"Druzhba";"";"";"Rubin Yalta";"";"";"2.2";"1.2";"2";"0.7";"0.8";"1";"58";"50";"33";"50";"50";"2.2";"3";"72";"39";"";"";"";"";"";"";"15.2";"7";"9.7";"6.8";"7"
"Russia";"RUS";"FNL 2 - Group 2";"04-07-2026 07:00";"INPLAY_1ST_HALF";"Iskra Smolensk";"2";"0";"Tver";"2";"0";"1.3";"0.6";"1.2";"0.9";"1";"1.7";"92";"45";"62";"55";"77";"2.4";"2";"44";"19";"";"";"";"";"";"";"12.8";"5.5";"5.2";"7.2";"7.8"
"Russia";"RUS";"FNL 2 - Group 2";"04-07-2026 08:00";"NS";"Zvezda Sint Petersburg";"";"";"FK Dinamo St. Petersburg";"";"";"1.2";"2.5";"1.2";"2.3";"1.2";"0.5";"74";"54";"56";"46";"46";"2.6";"3";"40";"83";"";"";"";"";"";"";"14.4";"8.7";"7.4";"7.7";"5.2"
"Russia";"RUS";"FNL 2 - Group 3";"04-07-2026 07:00";"INPLAY_1ST_HALF";"Avangard Kursk";"0";"0";"Spartak Tambov";"0";"0";"2.2";"2.7";"2.4";"2.6";"0.8";"0.6";"73";"48";"48";"52";"83";"3.2";"3";"73";"90";"";"";"";"";"";"";"14.2";"10";"7.7";"5.8";"4.8"
"Russia";"RUS";"FNL 2 - Group 3";"04-07-2026 09:00";"NS";"Volna Kovernino";"";"";"Shumbrat";"";"";"3";"2.5";"2.7";"1.7";"0.5";"0.7";"84";"58";"42";"42";"58";"2.8";"3";"100";"83";"";"";"";"";"";"";"12.2";"6.3";"7.4";"3.5";"7.2"
"Russia";"RUS";"FNL 2 - Group 3";"04-07-2026 09:00";"NS";"Ryazan";"";"";"SKA-Energiya II";"";"";"1";"0.8";"0.8";"2";"1";"2.8";"84";"56";"74";"44";"92";"3.3";"3";"33";"27";"";"";"";"";"";"";"13.6";"6.5";"6.8";"3.2";"10.8"
"Russia";"RUS";"FNL 2 - Group 3";"04-07-2026 09:00";"NS";"Kvant";"";"";"Arsenal Tula II";"";"";"0";"0.6";"0.8";"0.9";"3.2";"2";"86";"68";"68";"32";"76";"3.4";"3";"0";"19";"";"";"";"";"";"";"16.4";"7.3";"6.3";"11.7";"7.5"
"Russia";"RUS";"FNL 2 - Group 3";"04-07-2026 11:00";"NS";"Rodina Moskva III";"";"";"Saturn Ramenskoye";"";"";"1.4";"0.2";"2.6";"1";"1.3";"2.5";"60";"54";"54";"46";"80";"3.7";"3";"48";"8";"";"";"";"";"";"";"15.1";"6.8";"7.7";"5.7";"10"
"Russia";"RUS";"FNL 2 - Group 3";"04-07-2026 12:00";"NS";"Rotor-2";"";"";"Strogino";"";"";"0";"0.2";"0.4";"0.5";"2";"2";"64";"46";"36";"54";"82";"2.4";"2";"0";"6";"";"";"";"";"";"";"12.9";"5.2";"4.8";"7.8";"8"
"Russia";"RUS";"FNL 2 - Group 3";"04-07-2026 12:00";"NS";"Orel";"";"";"Metallurg Lipetsk";"";"";"1.3";"1.3";"1.1";"2";"1.4";"1.7";"77";"48";"70";"52";"84";"3.2";"3";"43";"44";"";"";"";"";"";"";"16.1";"8.5";"7.8";"7.3";"8.6"
"Sierra Leone";"SLE";"Premier League";"04-07-2026 13:30";"POSTPONED";"Freetown City";"";"";"Ports Authority";"";"";"0.5";"1";"0.8";"0.9";"1.7";"1.2";"65";"45";"50";"55";"55";"2.3";"2";"17";"33";"";"";"";"";"";"";"18";"7.4";"8.3";"11.7";"8.6"
"Sierra Leone";"SLE";"Premier League";"04-07-2026 13:30";"POSTPONED";"Wilberforce Strikers";"";"";"Luawa";"";"";"1.4";"1.1";"0.7";"0.6";"0.7";"1.3";"40";"30";"30";"70";"50";"1.6";"2";"47";"37";"";"";"";"";"";"";"15.4";"7.8";"6.3";"8.2";"8.5"
"Sierra Leone";"SLE";"Premier League";"04-07-2026 13:30";"POSTPONED";"Star Sport Academy";"";"";"Wusum Stars";"";"";"1.5";"0.5";"1";"0.5";"0.5";"1.6";"50";"30";"35";"70";"40";"1.8";"2";"50";"17";"";"";"";"";"";"";"16.9";"10.2";"6.7";"6.5";"10.3"
"Sierra Leone";"SLE";"Premier League";"04-07-2026 13:30";"POSTPONED";"Old Edwardians";"";"";"SLIFA Mount Aureol";"";"";"1.6";"0.9";"1.6";"1.1";"0.9";"1.2";"75";"50";"55";"50";"70";"2.4";"2";"53";"30";"";"";"";"";"";"";"19.7";"8.8";"9";"8.8";"12.7"
"Sierra Leone";"SLE";"Premier League";"04-07-2026 13:30";"POSTPONED";"Bai Bureh Warriors";"";"";"Diamond Stars";"";"";"2.2";"0.4";"1.4";"0.5";"0.4";"1.7";"55";"40";"30";"60";"60";"2";"2";"73";"13";"";"";"";"";"";"";"16";"14";"6.2";"6";"5.8"
"Sierra Leone";"SLE";"Premier League";"04-07-2026 13:30";"POSTPONED";"East End Lions";"";"";"Bullom Stars";"";"";"1.6";"0.6";"1.6";"0.9";"1";"2";"65";"60";"55";"40";"60";"2.8";"2";"53";"20";"";"";"";"";"";"";"18.2";"9.5";"7";"11";"8.8"
"Sierra Leone";"SLE";"Premier League";"04-07-2026 13:30";"POSTPONED";"Bhantal";"";"";"Kamboi Eagles";"";"";"1.3";"0.7";"1.3";"0.9";"0.9";"1.4";"60";"40";"45";"60";"60";"2.2";"2";"43";"23";"";"";"";"";"";"";"14.5";"7.4";"6.4";"5";"10.1"
"Sierra Leone";"SLE";"Premier League";"04-07-2026 13:30";"POSTPONED";"Bo Rangers";"";"";"Mighty Blackpool";"";"";"2.7";"1.3";"1.6";"0.8";"0.6";"1.1";"50";"20";"35";"80";"75";"2";"2";"90";"43";"";"";"";"";"";"";"";"";"8.8";"";"8.4"
"Sierra Leone";"SLE";"Premier League";"04-07-2026 13:30";"POSTPONED";"Kallon";"";"";"Abacha City";"";"";"1.1";"1";"1.1";"0.8";"1.4";"1.3";"60";"40";"25";"60";"75";"2.3";"2";"37";"33";"";"";"";"";"";"";"16.6";"9.8";"6.8";"10.4";"6.2"
"Syria";"SYR";"Premier League";"04-07-2026 11:00";"TBA";"Al Shorta";"";"";"Horriya";"";"";"1.3";"0.7";"1.3";"0.7";"1.2";"1";"70";"30";"45";"70";"65";"2.1";"2";"43";"23";"";"";"";"";"";"";"";"";"";"";""
"Syria";"SYR";"Premier League";"04-07-2026 11:00";"TBA";"Al Karama";"";"";"Umayya";"";"";"2.1";"0.9";"2.3";"1.1";"1.1";"1.8";"80";"60";"70";"40";"75";"3.2";"3";"70";"30";"";"";"";"";"";"";"";"";"4";"";"16.5"
"Syria";"SYR";"Premier League";"04-07-2026 11:00";"NS";"Damascus Al Ahli";"";"";"Al Futuwa";"";"";"1.4";"0.5";"1.2";"0.7";"1.1";"1.8";"65";"35";"40";"65";"70";"2.4";"2";"47";"17";"";"";"";"";"";"";"";"";"9.3";"";"12"
"Uruguay";"URU";"Primera División Amateur";"04-07-2026 10:00";"NS";"Deportivo Colonia";"";"";"Lito";"";"";"1.3";"1.8";"1";"2.8";"0.3";"1.2";"66";"54";"50";"46";"0";"2.6";"2";"44";"58";"";"";"";"";"";"";"";"";"";"";""
"United States";"USA";"USL Championship";"04-07-2026 17:00";"NS";"Indy Eleven";"";"";"Charleston Battery";"";"";"2.7";"1";"2";"1.3";"0.8";"1.9";"77";"62";"56";"38";"70";"3";"3";"89";"33";"";"";"";"";"";"";"24.9";"15";"9.9";"13.5";"11.4"
"United States";"USA";"USL Championship";"04-07-2026 19:00";"NS";"Tampa Bay Rowdies";"";"";"Lexington";"";"";"2";"0.8";"2";"1.2";"0.9";"1.5";"77";"60";"55";"40";"84";"2.8";"3";"67";"28";"";"";"";"";"";"";"24";"16.7";"11.8";"8.1";"11.3"
"United States";"USA";"USL Championship";"04-07-2026 20:00";"NS";"Pittsburgh Riverhounds";"";"";"Brooklyn FC";"";"";"2.4";"0.3";"1.6";"1.2";"0.8";"2.8";"80";"70";"54";"30";"62";"3.2";"3";"80";"11";"";"";"";"";"";"";"23.9";"11.8";"9.8";"10";"16.2"
"United States";"USA";"USL Championship";"04-07-2026 20:30";"NS";"Rhode Island";"";"";"Orange County";"";"";"1.5";"1.9";"1.8";"1.9";"1";"1.4";"79";"50";"71";"50";"62";"3";"3";"50";"62";"";"";"";"";"";"";"25.4";"16.3";"11.9";"8";"14.5"
"United States";"USA";"USL Championship";"04-07-2026 21:00";"NS";"Louisville City";"";"";"Hartford Athletic";"";"";"1.4";"1.8";"1.6";"1";"1.6";"0.5";"68";"38";"30";"62";"69";"2.3";"3";"48";"61";"";"";"";"";"";"";"27";"18.3";"11.8";"7.6";"16.2"
"United States";"USA";"USL Championship";"04-07-2026 21:30";"NS";"Tulsa Roughnecks";"";"";"Sacramento Republic";"";"";"1.6";"1";"1.3";"0.7";"0.9";"1";"69";"23";"46";"77";"62";"1.9";"2";"52";"33";"";"";"";"";"";"";"20.7";"10.6";"9";"10.1";"11.7"
"United States";"USA";"USL Championship";"04-07-2026 22:00";"NS";"San Antonio";"";"";"Monterey Bay";"";"";"2.3";"0.2";"1.7";"0.7";"0.8";"2.3";"75";"50";"58";"50";"67";"2.8";"3";"78";"6";"";"";"";"";"";"";"23";"14.2";"7.8";"10.8";"13.2"
"United States";"USA";"USL Championship";"04-07-2026 22:00";"NS";"Colorado Springs";"";"";"Phoenix Rising";"";"";"1.3";"1.1";"1.8";"1";"1.5";"1.3";"84";"55";"63";"45";"62";"2.8";"3";"44";"38";"";"";"";"";"";"";"21.3";"15.5";"9.1";"6.7";"11.3"
"United States";"USA";"USL Championship";"04-07-2026 22:30";"NS";"New Mexico United";"";"";"Oakland Roots";"";"";"1.8";"1.5";"1.7";"2.2";"1.2";"2";"75";"66";"75";"34";"67";"3.5";"4";"61";"50";"";"";"";"";"";"";"28";"13.3";"13.7";"15.5";"13.5"
"United States";"USA";"USL Championship";"04-07-2026 23:30";"NS";"Las Vegas Lights";"";"";"El Paso Locomotive";"";"";"1.8";"1.6";"1.3";"1.9";"0.8";"1";"76";"52";"54";"48";"76";"2.6";"2";"61";"52";"";"";"";"";"";"";"24.8";"11.7";"10.7";"11.8";"15.3"
"United States";"USA";"USL League Two";"04-07-2026 21:00";"NS";"Jackson Boom";"";"";"Mississippi Brilla";"";"";"0";"1.5";"0";"1.8";"3";"1.8";"75";"75";"38";"25";"88";"3.2";"3";"0";"50";"";"";"";"";"";"";"";"";"";"";""
"United States";"USA";"USL League Two";"04-07-2026 21:00";"NS";"Twin City Toucans";"";"";"Laredo Heat";"";"";"0.6";"2.6";"1.2";"2.8";"1.4";"1";"80";"70";"60";"30";"90";"3.2";"3";"20";"87";"";"";"";"";"";"";"";"";"20";"";"9.5"
"United States";"USA";"USL League Two";"04-07-2026 21:00";"NS";"GFI";"";"";"Houston Sur";"";"";"2";"0.2";"2.2";"0.8";"1.6";"2.8";"90";"80";"45";"20";"80";"3.6";"4";"67";"8";"";"";"";"";"";"";"";"";"";"";""
"United States";"USA";"USL League Two";"04-07-2026 21:30";"NS";"McKinney Chupacabras";"";"";"Texoma";"";"";"3";"1.5";"1.5";"2.8";"0.5";"1.2";"75";"75";"62";"25";"62";"3";"4";"100";"50";"";"";"";"";"";"";"";"9.7";"";"7";""
"United States";"USA";"USL League One";"04-07-2026 20:00";"NS";"NY Cosmos";"";"";"Greenville Triumph";"";"";"1.4";"0.2";"1.8";"0.2";"1.8";"2";"90";"50";"50";"50";"50";"2.9";"3";"47";"7";"";"";"";"";"";"";"24";"13.6";"9.6";"12.6";"12.2"
"United States";"USA";"USL League One";"04-07-2026 20:30";"NS";"Fort Wayne";"";"";"Spokane Velocity";"";"";"1.8";"0.4";"1.4";"0.4";"0.6";"1.6";"60";"40";"40";"60";"50";"2";"2";"60";"13";"";"";"";"";"";"";"24.6";"16";"12";"9.8";"11.4"
"United States";"USA";"USL League One";"04-07-2026 20:30";"NS";"Corpus Christi";"";"";"Chattanooga Red Wolves";"";"";"1.7";"1.4";"1.6";"1.4";"1.1";"1.6";"78";"68";"68";"32";"68";"2.8";"3";"57";"47";"";"";"";"";"";"";"24.4";"11.6";"11.8";"9.4";"16"
"United States";"USA";"USL League One";"04-07-2026 20:30";"CANCELLED";"Forward Madison";"";"";"Tormenta";"";"";"2.5";"";"3";"";"0.8";"";"";"";"";"";"";"";"";"83";"";"";"";"";"";"";"";"";"19";"";"10.2";""
"United States";"USA";"NPSL";"04-07-2026 11:00";"NS";"WC Predators";"";"";"West Chester United";"";"";"1.3";"2.3";"3.3";"8";"3.3";"2.3";"100";"100";"84";"0";"100";"8.5";"6";"44";"78";"";"";"";"";"";"";"";"";"";"";""
"United States";"USA";"NPSL";"04-07-2026 17:00";"NS";"Newport";"";"";"Osner’s";"";"";"0.5";"0.2";"1.5";"0.2";"2.8";"2.5";"75";"62";"50";"38";"66";"3.5";"4";"17";"8";"";"";"";"";"";"";"";"";"";"";""
"United States";"USA";"NPSL";"04-07-2026 20:00";"NS";"Bristol Rhythm";"";"";"Mint Hill";"";"";"3";"1";"2.8";"1.5";"0.5";"1.8";"88";"75";"62";"25";"84";"3.2";"4";"100";"33";"";"";"";"";"";"";"";"";"";"";""
"United States";"USA";"MLS Next Pro";"04-07-2026 20:00";"NS";"Atlanta United II";"";"";"Toronto II";"";"";"1.8";"1";"2.7";"1.4";"1.8";"2";"88";"72";"46";"28";"66";"4";"3";"61";"33";"";"";"";"";"";"";"27.5";"18.2";"10.4";"10.8";"15.6"
"United States";"USA";"MLS Next Pro";"04-07-2026 20:30";"NS";"Chattanooga";"";"";"Inter Miami II";"";"";"2";"0.2";"2.1";"1";"1.4";"2.8";"88";"68";"56";"32";"81";"3.6";"3";"67";"8";"";"";"";"";"";"";"26.5";"15.1";"10.8";"10.5";"16.6"
"United States";"USA";"MLS Next Pro";"04-07-2026 21:45";"NS";"North Texas";"";"";"St. Louis City II";"";"";"1.6";"1.5";"2.4";"1.5";"1.6";"1.8";"94";"65";"78";"35";"94";"3.6";"4";"53";"50";"";"";"";"";"";"";"27.7";"13.8";"14.1";"15";"12.5"
"Yemen";"YEM";"Yemeni League";"04-07-2026 10:00";"NS";"Shaab Hadramout FC";"";"";"Shabab Al Bayda FC";"";"";"";"0.8";"";"0.2";"";"1.8";"";"";"";"";"";"";"";"";"25";"";"";"";"";"";"";"";"";"";"";""
"Yemen";"YEM";"Yemeni League";"04-07-2026 10:00";"NS";"Al Yarmouk FC";"";"";"Salam Al Gharfa FC";"";"";"1.5";"";"0.5";"";"0.5";"";"";"";"";"";"";"";"";"50";"";"";"";"";"";"";"";"";"";"";"";""
"Zimbabwe";"ZIM";"Premier Soccer League";"04-07-2026 10:00";"NS";"Ngezi Platinum";"";"";"Chicken Inn";"";"";"2.1";"0.9";"1.5";"0.5";"1";"0.8";"55";"25";"40";"75";"55";"1.9";"2";"70";"30";"";"";"";"";"";"";"";"";"6";"";"10"
"Zimbabwe";"ZIM";"Premier Soccer League";"04-07-2026 10:00";"NS";"Hunters";"";"";"Scotland Mabvuku";"";"";"1.5";"2.2";"1";"1.4";"0.7";"0.3";"60";"25";"40";"75";"60";"1.7";"1";"50";"73";"";"";"";"";"";"";"14.8";"8.3";"7.7";"7.4";"6.3"
"Zimbabwe";"ZIM";"Premier Soccer League";"04-07-2026 10:00";"NS";"TelOne";"";"";"Platinum";"";"";"0.5";"1.2";"0.6";"0.5";"1.5";"0.7";"50";"30";"35";"70";"55";"1.6";"2";"17";"40";"";"";"";"";"";"";"";"";"6.2";"";"7.2"
"Zimbabwe";"ZIM";"Premier Soccer League";"04-07-2026 10:00";"NS";"Bulawayo Chiefs";"";"";"MWOS";"";"";"1.1";"1.2";"0.8";"0.9";"0.9";"0.8";"60";"25";"35";"75";"45";"1.7";"2";"37";"40";"";"";"";"";"";"";"13.6";"6.9";"6";"7.2";"7"
"Argentina";"ARG";"Primera Division Women";"04-07-2026 11:30";"NS";"Talleres de Córdoba W";"";"";"Unión W";"";"";"1.7";"0";"1.5";"0.7";"0.5";"3.7";"83";"50";"42";"50";"58";"3.2";"3";"56";"0";"";"";"";"";"";"";"24.2";"17.5";"4.8";"7.7";"18.5"
"Argentina";"ARG";"Primera Division Women";"04-07-2026 12:00";"NS";"Gimnasia La Plata W";"";"";"River Plate W";"";"";"1.8";"1.6";"1.8";"1.2";"1.5";"1";"82";"44";"64";"56";"45";"2.8";"2";"61";"53";"";"";"";"";"";"";"18.2";"10.3";"7";"7.3";"11.8"
"Argentina";"ARG";"Primera Division Women";"04-07-2026 15:00";"NS";"San Lorenzo W";"";"";"Independiente W";"";"";"2.3";"1.2";"2.5";"1";"0.3";"1.8";"66";"58";"42";"42";"83";"2.8";"3";"78";"39";"";"";"";"";"";"";"17.2";"8.7";"8";"7.5";"10.2"
"Argentina";"ARG";"Primera Division Women";"04-07-2026 15:00";"NS";"Racing Club W";"";"";"Huracán W";"";"";"2.5";"1";"2.8";"0.7";"0.7";"1.5";"75";"50";"50";"50";"66";"2.8";"3";"83";"33";"";"";"";"";"";"";"18.5";"13.8";"6.8";"5.7";"10.7"
"Argentina";"ARG";"Primera Division Women";"04-07-2026 15:30";"NS";"Newell's Old Boys W";"";"";"Belgrano W";"";"";"0.3";"0.8";"0.2";"0.5";"1.5";"0.8";"34";"25";"17";"75";"42";"1.5";"2";"11";"28";"";"";"";"";"";"";"16.6";"6.3";"8.7";"12.2";"6"
"Australia";"AUS";"Western Australia NPL Women";"04-07-2026 02:00";"FT";"West NTC W";"1";"2";"Fremantle City W";"1";"0";"1.3";"2";"2.2";"2.4";"1.7";"1.4";"68";"60";"60";"40";"60";"3.8";"4";"44";"67";"";"";"";"";"";"";"19.6";"7.8";"11.9";"7.2";"12.4"
"Australia";"AUS";"Queensland NPL Women";"04-07-2026 02:00";"FT";"Gold Coast United W";"12";"0";"Souths Strikers W";"7";"0";"1.9";"0";"1.4";"1";"1.1";"4.2";"93";"86";"54";"14";"80";"3.9";"3";"62";"0";"";"";"";"";"";"";"24.1";"10.6";"4";"9.4";"24.2"
"Australia";"AUS";"Queensland NPL Women";"04-07-2026 04:15";"FT";"Lions W";"5";"0";"Brisbane Olympic W";"1";"0";"2";"2";"2.6";"2";"1";"1.1";"79";"64";"52";"36";"90";"3.4";"3";"67";"67";"";"";"";"";"";"";"20.1";"10.9";"11.1";"7.6";"10.7"
"Australia";"AUS";"Queensland NPL Women";"04-07-2026 05:00";"FT";"FQ QAS W";"2";"3";"Sunshine Coast Wanderers W";"1";"2";"1";"1.2";"2.6";"1.2";"2.9";"1.4";"88";"69";"69";"31";"88";"4";"4";"33";"42";"";"";"";"";"";"";"29.1";"24";"8.1";"16";"10.1"
"Australia";"AUS";"Queensland NPL Women";"04-07-2026 05:30";"FT";"Gold Coast Knights W";"5";"1";"Capalaba W";"2";"0";"2.3";"1";"2.7";"0.9";"0.8";"2.1";"84";"53";"42";"47";"86";"3.2";"2";"78";"33";"";"";"";"";"";"";"24.8";"21";"7";"5";"16.7"
"Australia";"AUS";"South Australia NPL Women";"04-07-2026 02:45";"FT";"Modbury Vista W";"2";"2";"Salisbury Inter W";"2";"1";"1.2";"2.2";"1.3";"3.7";"2.3";"0.8";"100";"83";"58";"17";"100";"4.1";"4";"39";"72";"";"";"";"";"";"";"20.2";"7.3";"12.5";"12.3";"8.3"
"Australia";"AUS";"South Australia NPL Women";"04-07-2026 04:00";"FT";"MetroStars";"0";"2";"WT Birkalla W";"0";"1";"0.5";"1.1";"1.3";"1.4";"3.7";"1.6";"92";"70";"54";"30";"84";"4";"4";"17";"38";"";"";"";"";"";"";"22.2";"6.8";"9.7";"16.8";"11.2"
"Australia";"AUS";"Victoria NPL Women";"04-07-2026 02:00";"FT";"Keilor ParkW";"3";"1";"Melbourne City II";"2";"0";"1.3";"0.1";"1.3";"0.8";"1.7";"4.4";"84";"78";"64";"22";"84";"4";"4";"44";"4";"";"";"";"";"";"";"22.1";"6.8";"5.3";"13.1";"19"
"Australia";"AUS";"Victoria NPL Women";"04-07-2026 02:00";"FT";"Alamein W";"2";"0";"Preston Lions W";"2";"0";"2.3";"0.9";"1.4";"1.2";"0.7";"1.9";"78";"56";"38";"44";"89";"2.6";"3";"78";"30";"";"";"";"";"";"";"23.7";"13.2";"9.2";"9.1";"15.9"
"Australia";"AUS";"New South Wales NPL Women";"04-07-2026 05:30";"FT";"Northern Tigers W";"0";"0";"University of NSW W";"0";"0";"1.2";"2.4";"1.8";"2.6";"1.5";"0.9";"78";"41";"53";"59";"52";"3.3";"3";"42";"81";"";"";"";"";"";"";"19.1";"7.5";"11.9";"11.1";"7.7"
"Australia";"AUS";"Tasmania Women's Super League";"04-07-2026 01:30";"FT";"Taroona W";"4";"1";"Riverside Olympic W";"1";"0";"1.2";"0.2";"1.8";"0.5";"2.6";"3.5";"88";"78";"45";"22";"88";"4.2";"4";"40";"8";"";"";"";"";"";"";"15";"8";"2";"9.4";"10.7"
"Australia";"AUS";"Tasmania Women's Super League";"04-07-2026 01:30";"DELAYED";"Launceston City W";"";"";"South Hobart W";"";"";"1.3";"1.2";"1.5";"2.5";"2.3";"2.3";"92";"83";"50";"17";"92";"4.3";"5";"44";"39";"";"";"";"";"";"";"21.2";"9.2";"9.4";"9.8";"14"
"Australia";"AUS";"QLD FQPL 1 Women";"04-07-2026 02:00";"FT";"The Gap W";"5";"3";"Palm Beach W";"4";"0";"1";"0.5";"2.5";"1";"2.8";"2.5";"88";"62";"88";"38";"";"4.4";"4";"33";"17";"";"";"";"";"";"";"";"16.3";"";"17.3";""
"Australia";"AUS";"QLD FQPL 1 Women";"04-07-2026 04:00";"FT";"Virginia United W";"1";"3";"Peninsula Power W";"0";"1";"1";"1";"1";"1.6";"2.3";"2.6";"100";"74";"56";"26";"90";"3.8";"4";"33";"33";"";"";"";"";"";"";"25.8";"7.7";"7.6";"22";"14.4"
"Australia";"AUS";"QLD FQPL 1 Women";"04-07-2026 05:00";"FT";"Caboolture W";"5";"1";"Logan Lightning W";"4";"1";"2.2";"1.5";"3.2";"1.5";"1.2";"3.5";"100";"75";"38";"25";"100";"4.8";"5";"75";"50";"";"";"";"";"";"";"29.5";"18";"14.8";"9";"17.2"
"Australia";"AUS";"QLD FQPL 1 Women";"04-07-2026 06:00";"TBA";"Grange Thistle W";"";"";"Mitchelton W";"";"";"0.8";"1.2";"1.8";"2.4";"2";"2.2";"78";"78";"55";"22";"78";"4.2";"4";"25";"40";"";"";"";"";"";"";"28.9";"16.8";"14";"11.2";"15.8"
"Australia";"AUS";"VIC Premier League Womens";"04-07-2026 02:00";"AWAITING_UPDATES";"Manningham United Blues W";"";"";"Brunswick Juventus W";"";"";"1.6";"2.2";"3.1";"3.5";"1.6";"1.8";"94";"94";"71";"6";"";"5";"4";"54";"72";"";"";"";"";"";"";"";"";"";"";""
"Australia";"AUS";"VIC Premier League Womens";"04-07-2026 02:00";"AWAITING_UPDATES";"Eltham Redbacks W";"";"";"Geelong Galaxy W";"";"";"2.3";"2.4";"3.7";"2.4";"2";"0.7";"93";"78";"64";"22";"";"4.4";"4";"76";"81";"";"";"";"";"";"";"";"";"";"";""
"Australia";"AUS";"VIC Premier League Womens";"04-07-2026 04:00";"AWAITING_UPDATES";"Ballarat City W";"";"";"Ringwood City W";"";"";"0.6";"1";"1.1";"0.7";"3.4";"1.9";"78";"72";"50";"28";"";"3.6";"4";"19";"33";"";"";"";"";"";"";"";"";"";"";""
"Australia";"AUS";"VIC Premier League Womens";"04-07-2026 05:00";"NS";"Southern United W";"";"";"Clifton Hill W";"";"";"1.7";"2";"2";"2.4";"1.4";"1.9";"100";"88";"60";"12";"";"3.8";"4";"57";"67";"";"";"";"";"";"";"";"";"";"";""
"Belarus";"BLR";"Women's Cup";"04-07-2026 10:00";"NS";"Dnepr Mogilev W";"";"";"Dinamo-BGU W";"";"";"";"";"";"";"";"";"";"";"";"";"";"";"";"";"";"";"";"";"";"";"";"";"";"";"";""
"China";"CHN";"Super League Women";"04-07-2026 06:00";"INPLAY_2ND_HALF";"Jiangsu W";"1";"0";"Zhejiang Hangzhou W";"1";"0";"3";"1.5";"2.5";"0.5";"1.5";"0.5";"50";"50";"50";"50";"75";"2.5";"3";"100";"50";"";"";"";"";"";"";"19.5";"16.5";"5.5";"10.5";"6.5"
"China";"CHN";"Super League Women";"04-07-2026 08:00";"NS";"Shanghai RCB W";"";"";"Sichuan W";"";"";"1.3";"0.5";"1";"1";"1";"1.5";"58";"58";"58";"42";"42";"2.2";"1";"44";"17";"";"";"";"";"";"";"26.4";"19.3";"9.5";"7.3";"16.5"
"China";"CHN";"Super League Women";"04-07-2026 08:35";"NS";"Shandong Sports Lottery W";"";"";"Guangxi Pingguo W";"";"";"2";"0";"1.5";"0.5";"1";"1.5";"50";"50";"50";"50";"100";"2.2";"3";"67";"0";"";"";"";"";"";"";"16.8";"9";"8.5";"7";"9"
"Europe";"EUR";"Euro U19 Women";"04-07-2026 12:00";"NS";"Iceland U19 W";"";"";"Switzerland U19 W";"";"";"";"";"";"";"";"";"";"";"";"";"";"";"";"";"";"";"";"";"";"";"";"";"";"";"";""
"Europe";"EUR";"Euro U19 Women";"04-07-2026 12:00";"NS";"Spain U19 W";"";"";"Austria U19 W";"";"";"";"";"";"";"";"";"";"";"";"";"";"";"";"";"";"";"";"";"";"";"";"";"";"";"";""
"Finland";"FIN";"Kansallinen Liiga Women";"04-07-2026 08:00";"NS";"PK-35 Vantaa W";"";"";"HPS W";"";"";"0.6";"1.6";"1";"1";"2.6";"0.8";"70";"60";"50";"40";"60";"2.7";"3";"20";"53";"";"";"";"";"";"";"20";"5.4";"13.8";"9";"11.8"
"Finland";"FIN";"Kansallinen Liiga Women";"04-07-2026 09:00";"NS";"Ilves W";"";"";"Åland United W";"";"";"1.2";"1.8";"1.8";"2.6";"2.2";"1";"80";"70";"50";"30";"70";"3.8";"3";"40";"60";"";"";"";"";"";"";"25.2";"15.6";"13.2";"14";"7.6"
"Finland";"FIN";"Kansallinen Liiga Women";"04-07-2026 11:00";"NS";"HJK W";"";"";"KuPS W";"";"";"3";"2.4";"3.8";"3";"0.6";"1.6";"100";"100";"70";"0";"80";"4.5";"4";"100";"80";"";"";"";"";"";"";"21.4";"17.2";"13.2";"5.2";"7.2"
"Finland";"FIN";"Ykkönen Women";"04-07-2026 10:00";"NS";"KTP W";"";"";"PKKU W";"";"";"0.8";"0.4";"1.6";"1.1";"3.5";"2.1";"93";"86";"66";"14";"87";"4.2";"4";"25";"14";"";"";"";"";"";"";"20.6";"9";"9.4";"9.7";"13.2"
"Republic of Ireland";"IRL";"FAI Women's Cup";"04-07-2026 11:00";"NS";"Waterford W";"";"";"Sligo Rovers W";"";"";"";"";"";"";"";"";"";"";"";"";"";"";"";"";"";"";"";"";"";"";"";"";"";"";"";""
"Republic of Ireland";"IRL";"FAI Women's Cup";"04-07-2026 11:00";"NS";"Bohemians WFC W";"";"";"Kerry FC W";"";"";"";"";"";"";"";"";"";"";"";"";"";"";"";"";"";"";"";"";"";"";"";"";"";"";"";""
"Republic of Ireland";"IRL";"FAI Women's Cup";"04-07-2026 12:00";"NS";"Shelbourne W";"";"";"Bray Wanderers W";"";"";"";"";"";"";"";"";"";"";"";"";"";"";"";"";"";"";"";"";"";"";"";"";"";"";"";""
"Republic of Ireland";"IRL";"FAI Women's Cup";"04-07-2026 13:00";"NS";"Peamount United W";"";"";"Athlone Town WFC W";"";"";"";"";"";"";"";"";"";"";"";"";"";"";"";"";"";"";"";"";"";"";"";"";"";"";"";""
"Republic of Ireland";"IRL";"FAI Women's Cup";"04-07-2026 13:00";"NS";"Galway United W";"";"";"Treaty United W";"";"";"";"";"";"";"";"";"";"";"";"";"";"";"";"";"";"";"";"";"";"";"";"";"";"";"";""
"Republic of Ireland";"IRL";"FAI Women's Cup";"04-07-2026 14:00";"NS";"Wexford Youths";"";"";"Shamrock Rovers W";"";"";"";"";"";"";"";"";"";"";"";"";"";"";"";"";"";"";"";"";"";"";"";"";"";"";"";""
"Iceland";"ISL";"1. Deild Women";"04-07-2026 11:00";"NS";"Volsungur Husavik W";"";"";"HK W";"";"";"1.3";"1";"1.7";"1";"1.3";"3.3";"67";"67";"50";"33";"84";"3.6";"4";"44";"33";"";"";"";"";"";"";"";"";"11.5";"";"8.5"
"Iceland";"ISL";"2. Deild Women";"04-07-2026 11:00";"NS";"Dalvík / Reynir W";"";"";"Álftanes W";"";"";"1.2";"0.3";"2.2";"0.3";"2.5";"5.3";"100";"84";"66";"16";"100";"5.2";"6";"42";"11";"";"";"";"";"";"";"";"";"5.5";"";"30"
"Iceland";"ISL";"2. Deild Women";"04-07-2026 11:00";"NS";"Augnablik W";"";"";"Vestri W";"";"";"1.5";"1.7";"2";"2.3";"2.8";"1";"100";"84";"71";"16";"84";"4";"5";"50";"56";"";"";"";"";"";"";"";"14.5";"";"15";""
"Latvia";"LVA";"Women League";"04-07-2026 08:00";"NS";"Iecava / Olaine W";"";"";"SFK Rīga W";"";"";"1.2";"2.4";"2.8";"4.4";"3.8";"0.8";"100";"90";"30";"10";"100";"5.9";"7";"40";"80";"";"";"";"";"";"";"";"";"";"";""
"New Zealand";"NZL";"National League Women";"04-07-2026 03:00";"AWAITING_UPDATES";"Palmerston North United W";"";"";"Victoria University W";"";"";"1.8";"0.6";"1.6";"2";"1.6";"5";"90";"60";"40";"40";"";"5.1";"5";"60";"20";"";"";"";"";"";"";"";"";"";"";""
"New Zealand";"NZL";"National League Women";"04-07-2026 23:30";"AWARDED";"Miramar Rangers W";"";"";"Taradale W";"";"";"2.5";"1";"1.2";"1.3";"0";"4.7";"75";"50";"34";"50";"";"3.6";"4";"83";"33";"";"";"";"";"";"";"";"";"";"";""
"New Zealand";"NZL";"Women's Cup";"04-07-2026 02:00";"FT";"Ellerslie W";"2";"1";"Western Springs W";"2";"0";"3";"";"4.5";"";"1.5";"";"";"";"";"";"";"";"";"100";"";"";"";"";"";"";"";"";"";"";"";""
"New Zealand";"NZL";"Women's Cup";"04-07-2026 23:00";"NS";"Wellington Phoenix III W";"";"";"Waterside Karori W";"";"";"";"3";"";"5";"";"1";"";"";"";"";"";"";"";"";"100";"";"";"";"";"";"";"";"";"";"";""
"Russia";"RUS";"Women's Cup";"04-07-2026 03:00";"FT";"Yenisey W";"2";"5";"Lokomotiv Moscow W";"1";"3";"";"";"";"";"";"";"";"";"";"";"";"";"";"";"";"";"";"";"";"";"";"";"";"";"";""
"Russia";"RUS";"Women's Cup";"04-07-2026 05:00";"FT";"OSSh Chelyabinsk";"0";"13";"CSKA Moscow W";"0";"7";"";"";"";"";"";"";"";"";"";"";"";"";"";"";"";"";"";"";"";"";"";"";"";"";"";""
"Russia";"RUS";"Women's Cup";"04-07-2026 09:00";"NS";"Zvezda 2005 W";"";"";"Krylya Sovetov W";"";"";"";"";"";"";"";"";"";"";"";"";"";"";"";"";"";"";"";"";"";"";"";"";"";"";"";""
"Russia";"RUS";"Women's Cup";"04-07-2026 10:00";"NS";"ZhFK Nizhny Novgorod W";"";"";"Spartak Moskva W";"";"";"";"";"";"";"";"";"";"";"";"";"";"";"";"";"";"";"";"";"";"";"";"";"";"";"";""
"Russia";"RUS";"Women's Cup";"04-07-2026 12:00";"NS";"Sochi W";"";"";"Zenit W";"";"";"";"";"";"";"";"";"";"";"";"";"";"";"";"";"";"";"";"";"";"";"";"";"";"";"";""
"Russia";"RUS";"Women's Cup";"04-07-2026 12:00";"NS";"Rostov W";"";"";"Krasnodar W";"";"";"";"";"";"";"";"";"";"";"";"";"";"";"";"";"";"";"";"";"";"";"";"";"";"";"";""
"Vietnam";"VIE";"Women's National League";"04-07-2026 06:00";"INPLAY_2ND_HALF";"Hà Nội II W";"0";"2";"GT Thai Nguyen W";"0";"1";"0.3";"";"0.7";"";"2.7";"";"";"";"";"";"";"";"";"11";"";"";"";"";"";"";"";"";"4";"";"15";""
"World";"WOR";"Club Friendlies 1";"04-07-2026 06:00";"INPLAY_2ND_HALF";"PSV";"1";"1";"Antwerp";"1";"0";"";"";"";"";"";"";"";"";"";"";"";"";"";"";"";"";"";"";"";"";"";"";"";"";"";""
"World";"WOR";"Club Friendlies 1";"04-07-2026 09:30";"NS";"FC Dordrecht";"";"";"Feyenoord";"";"";"";"";"";"";"";"";"";"";"";"";"";"";"";"";"";"";"";"";"";"";"";"";"";"";"";""
"World";"WOR";"Club Friendlies 1";"04-07-2026 12:00";"NS";"Ajax";"";"";"Panathinaikos";"";"";"";"";"";"";"";"";"";"";"";"";"";"";"";"";"";"";"";"";"";"";"";"";"";"";"";""
"World";"WOR";"Club Friendlies 3";"04-07-2026 04:00";"FT";"Botev Plovdiv";"1";"2";"Etar";"0";"1";"3";"0.2";"2.4";"1.2";"0.2";"4.2";"84";"66";"36";"34";"89";"4.1";"4";"100";"8";"";"";"";"";"";"";"22";"12.7";"8";"8";"15.2"
"World";"WOR";"Club Friendlies 3";"04-07-2026 04:00";"DELAYED";"Blaublitz Akita";"0";"0";"Fujieda MYFC";"0";"0";"";"1.5";"";"2.5";"";"3.5";"";"";"";"";"";"";"";"";"50";"";"";"";"";"";"";"";"";"";"";""
"World";"WOR";"Club Friendlies 3";"04-07-2026 05:00";"TBA";"České Budějovice";"";"";"Slavia Praha B";"";"";"1.2";"";"1";"";"2";"";"";"";"";"";"";"";"";"40";"";"";"";"";"";"";"";"";"6";"";"13";""
"World";"WOR";"Club Friendlies 3";"04-07-2026 05:00";"FT";"Epitsentr Dunayivtsi";"4";"0";"Bukovyna Chernivtsi";"2";"0";"3";"3";"2";"2";"0.3";"1";"58";"42";"42";"58";"";"2.6";"3";"100";"100";"";"";"";"";"";"";"";"";"";"";""
"World";"WOR";"Club Friendlies 3";"04-07-2026 05:00";"NS";"Nieciecza";"";"";"Resovia Rzeszów";"";"";"3";"1";"3.5";"1.5";"0.2";"1.5";"75";"50";"62";"50";"50";"3.4";"3";"100";"33";"";"";"";"";"";"";"";"12.5";"";"3";""
"World";"WOR";"Club Friendlies 3";"04-07-2026 05:00";"FT";"MTK";"2";"3";"Kecskemeti TE";"1";"1";"2.5";"";"3.5";"";"1.8";"";"";"";"";"";"";"";"";"83";"";"";"";"";"";"";"";"";"";"";"";""
"World";"WOR";"Club Friendlies 3";"04-07-2026 05:00";"FT";"Sigma Olomouc";"2";"1";"Banská Bystrica";"1";"0";"1.8";"0.8";"1";"0.8";"0.6";"2.2";"80";"35";"55";"65";"64";"2.3";"3";"60";"25";"";"";"";"";"";"";"23.5";"12.8";"14.3";"5.8";"14"
"World";"WOR";"Club Friendlies 3";"04-07-2026 05:30";"FT";"Lugano";"1";"1";"Rapperswil-Jona";"0";"0";"1.5";"";"2";"";"2.5";"";"";"";"";"";"";"";"";"50";"";"";"";"";"";"";"";"";"";"";"";""
"World";"WOR";"Club Friendlies 3";"04-07-2026 05:30";"FT";"Ružomberok";"3";"3";"Lokomotíva Zvolen";"2";"1";"1.2";"0";"2";"1";"2";"3.7";"92";"84";"75";"16";"100";"4.4";"4";"39";"0";"";"";"";"";"";"";"25.5";"15.3";"9.3";"10";"16.3"
"World";"WOR";"Club Friendlies 3";"04-07-2026 05:30";"FT";"Teplice";"0";"0";"Příbram";"0";"0";"";"0.2";"";"1.2";"";"2.2";"";"";"";"";"";"";"";"";"7";"";"";"";"";"";"";"";"";"8";"";"7.5"
"World";"WOR";"Club Friendlies 3";"04-07-2026 06:00";"INPLAY_2ND_HALF";"Mladá Boleslav";"3";"0";"Viktoria Žižkov";"0";"0";"";"";"";"";"";"";"";"";"";"";"";"";"";"";"";"";"";"";"";"";"";"";"";"";"";""
"World";"WOR";"Club Friendlies 3";"04-07-2026 06:00";"INPLAY_2ND_HALF";"Mezőkövesd-Zsóry";"0";"0";"Diósgyőr";"0";"0";"";"2";"";"2.3";"";"2.3";"";"";"";"";"";"";"";"";"67";"";"";"";"";"";"";"";"";"6.3";"";"9.3"
"World";"WOR";"Club Friendlies 3";"04-07-2026 06:00";"INPLAY_2ND_HALF";"Salzburg";"2";"1";"Górnik Zabrze";"1";"0";"3";"3";"1.5";"1.5";"0";"0.5";"50";"25";"25";"75";"50";"1.8";"2";"100";"100";"";"";"";"";"";"";"";"";"7.5";"";"6"
"World";"WOR";"Club Friendlies 3";"04-07-2026 06:00";"INPLAY_2ND_HALF";"Zagłębie Sosnowiec";"2";"2";"Podbeskidzie";"1";"1";"";"";"";"";"";"";"";"";"";"";"";"";"";"";"";"";"";"";"";"";"";"";"";"";"";""
"World";"WOR";"Club Friendlies 3";"04-07-2026 06:00";"INPLAY_2ND_HALF";"Slovan Liberec";"2";"2";"Dukla Praha";"1";"1";"1.5";"2";"1.5";"1";"1.5";"0.5";"62";"25";"50";"75";"50";"2.2";"3";"50";"67";"";"";"";"";"";"";"19.6";"11.7";"6";"14";"7.5"
"World";"WOR";"Club Friendlies 3";"04-07-2026 06:00";"INPLAY_2ND_HALF";"Táborsko";"2";"4";"Bohemians 1905";"2";"1";"1.5";"3";"1.5";"2.7";"2";"1.3";"84";"84";"58";"16";"100";"3.8";"4";"50";"100";"";"";"";"";"";"";"";"9";"";"10";""
"World";"WOR";"Club Friendlies 3";"04-07-2026 06:00";"INPLAY_2ND_HALF";"Petržalka akadémia";"0";"1";"Skalica";"0";"0";"";"2.3";"";"1.3";"";"0.7";"";"";"";"";"";"";"";"";"78";"";"";"";"";"";"";"";"";"7.3";"";"9.3"
"World";"WOR";"Club Friendlies 3";"04-07-2026 06:00";"INPLAY_2ND_HALF";"Liefering";"4";"0";"Hallein";"1";"0";"2.2";"";"2.2";"";"0.8";"";"";"";"";"";"";"";"";"73";"";"";"";"";"";"";"";"";"17.5";"";"6";""
"World";"WOR";"Club Friendlies 3";"04-07-2026 06:00";"INPLAY_2ND_HALF";"OH Leuven";"6";"0";"Schaerbeek-Evere";"4";"0";"";"";"";"";"";"";"";"";"";"";"";"";"";"";"";"";"";"";"";"";"";"";"";"";"";""
"World";"WOR";"Club Friendlies 3";"04-07-2026 06:00";"INPLAY_2ND_HALF";"Barockstadt Fulda-Lehnerz";"4";"1";"Hunfelder SV";"3";"1";"2.2";"";"2.5";"";"1.5";"";"";"";"";"";"";"";"";"75";"";"";"";"";"";"";"";"";"";"";"";""
"World";"WOR";"Club Friendlies 3";"04-07-2026 06:00";"INPLAY_2ND_HALF";"Novi Pazar";"1";"1";"Akhmat Grozny";"1";"1";"1.5";"0.5";"0.5";"1";"0.5";"1.5";"25";"25";"25";"75";"25";"1.8";"2";"50";"17";"";"";"";"";"";"";"";"";"";"";""
"World";"WOR";"Club Friendlies 3";"04-07-2026 06:00";"INPLAY_2ND_HALF";"Baník Lehota p.Vtáčnikom";"1";"1";"Třinec";"0";"0";"";"";"";"";"";"";"";"";"";"";"";"";"";"";"";"";"";"";"";"";"";"";"";"";"";""
"World";"WOR";"Club Friendlies 3";"04-07-2026 06:00";"CANCELLED";"Slovan Bratislava II";"";"";"Vysočina Jihlava";"";"";"";"0.5";"";"1";"";"2.4";"";"";"";"";"";"";"";"";"17";"";"";"";"";"";"";"";"";"11";"";"7.4"
"World";"WOR";"Club Friendlies 3";"04-07-2026 06:00";"TBA";"Eintracht Trier";"";"";"Résidence Walferdange";"0";"0";"";"";"";"";"";"";"";"";"";"";"";"";"";"";"";"";"";"";"";"";"";"";"";"";"";""
"World";"WOR";"Club Friendlies 3";"04-07-2026 06:00";"TBA";"Lausanne Sport";"";"";"Étoile Carouge";"0";"0";"3";"";"2.5";"";"1";"";"";"";"";"";"";"";"";"100";"";"";"";"";"";"";"";"";"";"";"";""
"World";"WOR";"Club Friendlies 3";"04-07-2026 06:00";"NS";"Astoria Walldorf";"";"";"Gimbsheim";"";"";"3";"";"5";"";"1";"";"";"";"";"";"";"";"";"100";"";"";"";"";"";"";"";"";"";"";"";""
"World";"WOR";"Club Friendlies 3";"04-07-2026 06:00";"FT";"Unia Skierniewice";"0";"1";"Pogon Grodzisk Mazowiecki";"0";"1";"";"0.3";"";"1.3";"";"2";"";"";"";"";"";"";"";"";"11";"";"";"";"";"";"";"";"";"";"";""
"World";"WOR";"Club Friendlies 3";"04-07-2026 06:00";"FT";"Hradec Králové";"2";"1";"Sparta Praha B";"1";"0";"";"3";"";"1.5";"";"0";"";"";"";"";"";"";"";"";"100";"";"";"";"";"";"";"";"";"";"";""
"World";"WOR";"Club Friendlies 3";"04-07-2026 06:30";"HT";"Odra Opole";"0";"0";"GKS Tychy";"0";"0";"1.5";"";"1.3";"";"0.8";"";"";"";"";"";"";"";"";"50";"";"";"";"";"";"";"";"";"";"";"";""
"World";"WOR";"Club Friendlies 3";"04-07-2026 06:30";"INPLAY_2ND_HALF";"Lechia Gdańsk";"1";"3";"Olimpia Grudziądz";"1";"3";"1.8";"2";"1.2";"2";"1";"1";"88";"50";"62";"50";"62";"2.6";"3";"58";"67";"";"";"";"";"";"";"";"";"";"";""
"World";"WOR";"Club Friendlies 3";"04-07-2026 06:30";"INPLAY_2ND_HALF";"Dunkerque";"0";"2";"Valenciennes";"0";"2";"";"";"";"";"";"";"";"";"";"";"";"";"";"";"";"";"";"";"";"";"";"";"";"";"";""
"World";"WOR";"Club Friendlies 3";"04-07-2026 07:00";"INPLAY_1ST_HALF";"De Treffers";"0";"1";"FC Eindhoven";"0";"1";"";"";"";"";"";"";"";"";"";"";"";"";"";"";"";"";"";"";"";"";"";"";"";"";"";""
"World";"WOR";"Club Friendlies 3";"04-07-2026 07:00";"INPLAY_1ST_HALF";"Stal Rzeszów";"0";"2";"Górnik Łęczna";"0";"2";"1.4";"";"1.6";"";"1.2";"";"";"";"";"";"";"";"";"47";"";"";"";"";"";"";"";"";"";"";"";""
"World";"WOR";"Club Friendlies 3";"04-07-2026 07:00";"INPLAY_1ST_HALF";"Wisła Płock";"1";"0";"Polonia Warszawa";"1";"0";"2";"";"1.4";"";"0.8";"";"";"";"";"";"";"";"";"67";"";"";"";"";"";"";"";"";"";"";"";""
"World";"WOR";"Club Friendlies 3";"04-07-2026 07:00";"INPLAY_1ST_HALF";"Korona Kielce";"3";"0";"Zemplín Michalovce";"3";"0";"2.3";"0.7";"1.7";"1.3";"0.3";"2";"69";"45";"52";"55";"52";"2.6";"3";"78";"24";"";"";"";"";"";"";"15.8";"5.5";"8.5";"6.5";"11"
"World";"WOR";"Club Friendlies 3";"04-07-2026 07:00";"INPLAY_1ST_HALF";"Lyngby Boldklub";"3";"2";"B 93";"3";"2";"2";"1.2";"2";"2";"0.5";"2.2";"92";"66";"58";"34";"50";"3.4";"3";"67";"39";"";"";"";"";"";"";"";"";"5";"";"13.7"
"World";"WOR";"Club Friendlies 3";"04-07-2026 07:00";"INPLAY_1ST_HALF";"Wisła Kraków";"1";"0";"Karviná";"1";"0";"1.3";"";"2.3";"";"1.5";"";"";"";"";"";"";"";"";"44";"";"";"";"";"";"";"";"";"10";"";"4";""
"World";"WOR";"Club Friendlies 3";"04-07-2026 07:00";"INPLAY_1ST_HALF";"VVV-Venlo";"1";"2";"Borussia Mönchengladbach II";"1";"2";"";"";"";"";"";"";"";"";"";"";"";"";"";"";"";"";"";"";"";"";"";"";"";"";"";""
"World";"WOR";"Club Friendlies 3";"04-07-2026 07:00";"AWAITING_UPDATES";"Oleksandria";"";"";"Chornomorets";"";"";"2.1";"";"1.6";"";"0.9";"";"";"";"";"";"";"";"";"71";"";"";"";"";"";"";"";"";"";"";"";""
"World";"WOR";"Club Friendlies 3";"04-07-2026 08:00";"NS";"FC Midtjylland";"";"";"Silkeborg IF";"";"";"3";"";"2";"";"0";"";"";"";"";"";"";"";"";"100";"";"";"";"";"";"";"";"";"17.5";"";"6";""
"World";"WOR";"Club Friendlies 3";"04-07-2026 08:00";"NS";"Rot-Weiß Erfurt";"";"";"Hannover 96 II";"";"";"";"2";"";"3.5";"";"2";"";"";"";"";"";"";"";"";"67";"";"";"";"";"";"";"";"";"";"";""
"World";"WOR";"Club Friendlies 3";"04-07-2026 08:00";"NS";"Sparta Praha";"";"";"Opava";"";"";"";"1";"";"1.2";"";"1.2";"";"";"";"";"";"";"";"";"33";"";"";"";"";"";"";"";"";"8";"";"10.6"
"World";"WOR";"Club Friendlies 3";"04-07-2026 08:00";"NS";"Esbjerg";"";"";"Aarhus Fremad";"";"";"0.6";"1.2";"1.8";"2.2";"2.2";"1.8";"78";"68";"65";"32";"75";"4";"4";"20";"42";"";"";"";"";"";"";"21.4";"12.5";"10.3";"11.5";"8.3"
"World";"WOR";"Club Friendlies 3";"04-07-2026 08:00";"NS";"Horsens";"";"";"Hobro";"";"";"1.5";"0.5";"1";"1";"1.5";"2";"100";"50";"25";"50";"25";"2.8";"3";"50";"17";"";"";"";"";"";"";"";"";"";"";""
"World";"WOR";"Club Friendlies 3";"04-07-2026 08:00";"NS";"TOP Oss";"";"";"Go Ahead Eagles";"";"";"";"";"";"";"";"";"";"";"";"";"";"";"";"";"";"";"";"";"";"";"";"";"";"";"";""
"World";"WOR";"Club Friendlies 3";"04-07-2026 08:00";"NS";"FC Kempten";"";"";"Illertissen";"";"";"";"1.5";"";"1.5";"";"1.5";"";"";"";"";"";"";"";"";"50";"";"";"";"";"";"";"";"";"";"";""
"World";"WOR";"Club Friendlies 3";"04-07-2026 08:00";"NS";"Eintracht Braunschw. II";"";"";"HSC Hannover";"";"";"";"";"";"";"";"";"";"";"";"";"";"";"";"";"";"";"";"";"";"";"";"";"";"";"";""
"World";"WOR";"Club Friendlies 3";"04-07-2026 08:00";"NS";"Brøndby IF";"";"";"Nordsjælland";"";"";"1.8";"1.5";"2.5";"0.5";"1.2";"1";"75";"25";"42";"75";"84";"2.6";"3";"61";"50";"";"";"";"";"";"";"";"11.6";"";"11.4";""
"World";"WOR";"Club Friendlies 3";"04-07-2026 08:00";"NS";"Drochtersen / Assel";"";"";"Rödinghausen";"";"";"";"0.5";"";"0.5";"";"1";"";"";"";"";"";"";"";"";"17";"";"";"";"";"";"";"";"";"";"";""
"World";"WOR";"Club Friendlies 3";"04-07-2026 08:00";"NS";"Wacker Innsbruck";"";"";"Bayern München II";"";"";"";"";"";"";"";"";"";"";"";"";"";"";"";"";"";"";"";"";"";"";"";"";"";"";"";""
"World";"WOR";"Club Friendlies 3";"04-07-2026 08:00";"NS";"Magdeburg II";"";"";"Borussia Hildesheim";"";"";"2";"";"3.5";"";"2";"";"";"";"";"";"";"";"";"67";"";"";"";"";"";"";"";"";"";"";"";""
"World";"WOR";"Club Friendlies 3";"04-07-2026 08:00";"NS";"Eendracht Termien";"";"";"Genk";"";"";"";"";"";"";"";"";"";"";"";"";"";"";"";"";"";"";"";"";"";"";"";"";"";"";"";""
"World";"WOR";"Club Friendlies 3";"04-07-2026 08:00";"NS";"Swindon Town";"";"";"Swindon Supermarine";"";"";"";"";"";"";"";"";"";"";"";"";"";"";"";"";"";"";"";"";"";"";"";"";"";"";"";""
"World";"WOR";"Club Friendlies 3";"04-07-2026 08:00";"NS";"Liptovský Mikuláš";"";"";"Banik Ostrava B";"";"";"";"2";"";"2.4";"";"2";"";"";"";"";"";"";"";"";"67";"";"";"";"";"";"";"";"";"10.3";"";"9.3"
"World";"WOR";"Club Friendlies 3";"04-07-2026 08:00";"CANCELLED";"Basel";"";"";"Aarau";"";"";"1.5";"0";"3";"1.5";"4";"3.5";"100";"100";"100";"0";"100";"6";"4";"50";"0";"";"";"";"";"";"";"";"";"";"";""
"World";"WOR";"Club Friendlies 3";"04-07-2026 08:00";"CANCELLED";"Crvena Zvezda";"";"";"Slavia Praha";"";"";"2.5";"1.3";"2.5";"2";"0.8";"2";"100";"58";"88";"42";"71";"3.6";"4";"83";"44";"";"";"";"";"";"";"22.4";"8.5";"13.7";"14.5";"8"
"World";"WOR";"Club Friendlies 3";"04-07-2026 08:30";"NS";"Ballymena United";"";"";"Strabane Athletic";"";"";"";"";"";"";"";"";"";"";"";"";"";"";"";"";"";"";"";"";"";"";"";"";"";"";"";""
"World";"WOR";"Club Friendlies 3";"04-07-2026 09:00";"NS";"Energie Cottbus";"";"";"Hertha BSC II";"";"";"1";"";"1.5";"";"1.5";"";"";"";"";"";"";"";"";"33";"";"";"";"";"";"";"";"";"";"";"";""
"World";"WOR";"Club Friendlies 3";"04-07-2026 09:00";"NS";"VfB Lübeck";"";"";"Jeddeloh";"";"";"2";"";"2.3";"";"1.3";"";"";"";"";"";"";"";"";"67";"";"";"";"";"";"";"";"";"";"";"";""
"World";"WOR";"Club Friendlies 3";"04-07-2026 09:00";"NS";"Cove Rangers";"";"";"Huntly";"";"";"2";"";"1.7";"";"0.7";"";"";"";"";"";"";"";"";"67";"";"";"";"";"";"";"";"";"";"";"";""
"World";"WOR";"Club Friendlies 3";"04-07-2026 09:00";"NS";"Holstein Kiel";"";"";"Fredericia";"";"";"";"2";"";"1.2";"";"0.2";"";"";"";"";"";"";"";"";"67";"";"";"";"";"";"";"";"";"";"";""
"World";"WOR";"Club Friendlies 3";"04-07-2026 09:00";"NS";"Cliftonville";"";"";"Hibernian";"";"";"";"";"";"";"";"";"";"";"";"";"";"";"";"";"";"";"";"";"";"";"";"";"";"";"";""
"World";"WOR";"Club Friendlies 3";"04-07-2026 09:00";"NS";"Willem II";"";"";"Quick Boys";"";"";"";"";"";"";"";"";"";"";"";"";"";"";"";"";"";"";"";"";"";"";"";"";"";"";"";""
"World";"WOR";"Club Friendlies 3";"04-07-2026 09:00";"NS";"Greifswalder FC";"";"";"Hamburger SV II";"";"";"";"";"";"";"";"";"";"";"";"";"";"";"";"";"";"";"";"";"";"";"";"";"";"";"";""
"World";"WOR";"Club Friendlies 3";"04-07-2026 09:00";"NS";"Homburg";"";"";"Emmelshausen-Karbach";"";"";"";"";"";"";"";"";"";"";"";"";"";"";"";"";"";"";"";"";"";"";"";"";"";"";"";""
"World";"WOR";"Club Friendlies 3";"04-07-2026 09:00";"NS";"SC Wiedenbrück";"";"";"Chemie Leipzig";"";"";"0.5";"";"0.5";"";"1.5";"";"";"";"";"";"";"";"";"17";"";"";"";"";"";"";"";"";"";"";"";""
"World";"WOR";"Club Friendlies 3";"04-07-2026 09:00";"NS";"Club Brugge";"";"";"KV Kortrijk";"";"";"";"3";"";"5";"";"0.7";"";"";"";"";"";"";"";"";"100";"";"";"";"";"";"";"";"";"17.7";"";"7.7"
"World";"WOR";"Club Friendlies 3";"04-07-2026 09:00";"NS";"Ingolstadt";"";"";"Eichstätt";"";"";"";"3";"";"3";"";"1.5";"";"";"";"";"";"";"";"";"100";"";"";"";"";"";"";"";"";"";"";""
"World";"WOR";"Club Friendlies 3";"04-07-2026 09:00";"NS";"Sonnenhof Großaspach";"";"";"SGV Freiberg";"";"";"1";"1.8";"3.7";"3.5";"2.3";"2.2";"88";"88";"71";"12";"75";"5.9";"4";"33";"58";"";"";"";"";"";"";"";"";"";"";""
"World";"WOR";"Club Friendlies 3";"04-07-2026 09:00";"NS";"Melle 03";"";"";"Osnabrück";"";"";"";"";"";"";"";"";"";"";"";"";"";"";"";"";"";"";"";"";"";"";"";"";"";"";"";""
"World";"WOR";"Club Friendlies 3";"04-07-2026 09:00";"NS";"Hollenbach";"";"";"Ansbach";"";"";"";"0.5";"";"1.5";"";"3.5";"";"";"";"";"";"";"";"";"17";"";"";"";"";"";"";"";"";"";"";""
"World";"WOR";"Club Friendlies 3";"04-07-2026 09:00";"NS";"Ayr United";"";"";"Airdrieonians";"";"";"3";"";"3";"";"0";"";"";"";"";"";"";"";"";"100";"";"";"";"";"";"";"";"";"";"";"";""
"World";"WOR";"Club Friendlies 3";"04-07-2026 09:00";"NS";"Zürich";"";"";"Kriens";"";"";"";"";"";"";"";"";"";"";"";"";"";"";"";"";"";"";"";"";"";"";"";"";"";"";"";""
"World";"WOR";"Club Friendlies 3";"04-07-2026 09:00";"NS";"Servette";"";"";"Stade Nyonnais";"";"";"";"";"";"";"";"";"";"";"";"";"";"";"";"";"";"";"";"";"";"";"";"";"";"";"";""
"World";"WOR";"Club Friendlies 3";"04-07-2026 09:00";"NS";"FC Twente";"";"";"Aberdeen";"";"";"";"";"";"";"";"";"";"";"";"";"";"";"";"";"";"";"";"";"";"";"";"";"";"";"";""
"World";"WOR";"Club Friendlies 3";"04-07-2026 09:00";"NS";"Linfield";"";"";"Kilmarnock";"";"";"";"";"";"";"";"";"";"";"";"";"";"";"";"";"";"";"";"";"";"";"";"";"";"";"";""
"World";"WOR";"Club Friendlies 3";"04-07-2026 09:00";"NS";"Fortuna Köln";"";"";"TuS Koblenz";"";"";"2";"";"2";"";"1.5";"";"";"";"";"";"";"";"";"67";"";"";"";"";"";"";"";"";"";"";"";""
"World";"WOR";"Club Friendlies 3";"04-07-2026 09:00";"NS";"Maribor";"";"";"Železničar Pančevo";"";"";"";"0";"";"0";"";"1.5";"";"";"";"";"";"";"";"";"0";"";"";"";"";"";"";"";"";"2.5";"";"7.5"
"World";"WOR";"Club Friendlies 3";"04-07-2026 09:00";"NS";"FSV Frankfurt";"";"";"Aubstadt";"";"";"1.5";"";"1";"";"1";"";"";"";"";"";"";"";"";"50";"";"";"";"";"";"";"";"";"";"";"";""
"World";"WOR";"Club Friendlies 3";"04-07-2026 09:00";"NS";"Carl Zeiss Jena";"";"";"Germania Halberstadt";"";"";"2";"0.5";"2";"1";"1.5";"2.5";"100";"50";"100";"50";"";"3.5";"3";"67";"17";"";"";"";"";"";"";"";"";"";"";""
"World";"WOR";"Club Friendlies 3";"04-07-2026 09:00";"NS";"Stuttgarter Kickers";"";"";"Young Boys Reutlingen";"";"";"2.5";"";"4.2";"";"2.5";"";"";"";"";"";"";"";"";"83";"";"";"";"";"";"";"";"";"";"";"";""
"World";"WOR";"Club Friendlies 3";"04-07-2026 09:00";"NS";"Würzburger Kickers";"";"";"Jahn Regensburg II";"";"";"3";"";"4.5";"";"1";"";"";"";"";"";"";"";"";"100";"";"";"";"";"";"";"";"";"";"";"";""
"World";"WOR";"Club Friendlies 3";"04-07-2026 09:00";"NS";"LASK Linz";"";"";"Austria Salzburg";"";"";"1.8";"1.2";"1.8";"2.5";"1";"2.2";"100";"90";"70";"10";"74";"3.8";"4";"60";"42";"";"";"";"";"";"";"";"";"";"";""
"World";"WOR";"Club Friendlies 3";"04-07-2026 09:00";"NS";"Mainz 05 II";"";"";"Progrès Niedercorn";"";"";"2.2";"";"3";"";"0.8";"";"";"";"";"";"";"";"";"73";"";"";"";"";"";"";"";"";"";"";"";""
"World";"WOR";"Club Friendlies 3";"04-07-2026 09:00";"NS";"Quierschied";"";"";"Saarbrücken";"";"";"";"1.5";"";"8.5";"";"2";"";"";"";"";"";"";"";"";"50";"";"";"";"";"";"";"";"";"";"";""
"World";"WOR";"Club Friendlies 3";"04-07-2026 09:00";"NS";"Vendsyssel";"";"";"KFUM";"";"";"";"1";"";"1.8";"";"3.2";"";"";"";"";"";"";"";"";"33";"";"";"";"";"";"";"";"";"5.5";"";"10.5"
"World";"WOR";"Club Friendlies 3";"04-07-2026 09:00";"NS";"Marburg";"";"";"TSV Steinbach";"";"";"";"";"";"";"";"";"";"";"";"";"";"";"";"";"";"";"";"";"";"";"";"";"";"";"";""
"World";"WOR";"Club Friendlies 3";"04-07-2026 09:00";"NS";"FSV Kuhlungsborn";"";"";"Hansa Rostock";"";"";"";"";"";"";"";"";"";"";"";"";"";"";"";"";"";"";"";"";"";"";"";"";"";"";"";""
"World";"WOR";"Club Friendlies 3";"04-07-2026 09:00";"NS";"Sportfreunde Siegen";"";"";"Fernwald";"";"";"1";"";"2.3";"";"1.7";"";"";"";"";"";"";"";"";"33";"";"";"";"";"";"";"";"";"";"";"";""
"World";"WOR";"Club Friendlies 3";"04-07-2026 09:00";"NS";"Köln II";"";"";"FV Engers 07";"";"";"";"";"";"";"";"";"";"";"";"";"";"";"";"";"";"";"";"";"";"";"";"";"";"";"";""
"World";"WOR";"Club Friendlies 3";"04-07-2026 09:00";"AWAITING_UPDATES";"Viktoria Köln";"";"";"Bonner SC";"";"";"";"";"";"";"";"";"";"";"";"";"";"";"";"";"";"";"";"";"";"";"";"";"";"";"";""
"World";"WOR";"Club Friendlies 3";"04-07-2026 09:00";"AWAITING_UPDATES";"Veres";"";"";"UCSA";"";"";"1.1";"";"1.6";"";"1.6";"";"";"";"";"";"";"";"";"38";"";"";"";"";"";"";"";"";"";"";"";""
"World";"WOR";"Club Friendlies 3";"04-07-2026 09:15";"NS";"Memmingen";"";"";"TSV Essingen";"";"";"3";"";"4.5";"";"0.5";"";"";"";"";"";"";"";"";"100";"";"";"";"";"";"";"";"";"";"";"";""
"World";"WOR";"Club Friendlies 3";"04-07-2026 09:30";"NS";"Coleraine";"";"";"H&W Welders";"";"";"";"";"";"";"";"";"";"";"";"";"";"";"";"";"";"";"";"";"";"";"";"";"";"";"";""
"World";"WOR";"Club Friendlies 3";"04-07-2026 09:30";"NS";"Edinburgh City";"";"";"Bonnyrigg Rose Athletic";"";"";"";"";"";"";"";"";"";"";"";"";"";"";"";"";"";"";"";"";"";"";"";"";"";"";"";""
"World";"WOR";"Club Friendlies 3";"04-07-2026 09:30";"NS";"Ramlingen/Ehlershausen";"";"";"Hannover 96";"";"";"";"";"";"";"";"";"";"";"";"";"";"";"";"";"";"";"";"";"";"";"";"";"";"";"";""
"World";"WOR";"Club Friendlies 3";"04-07-2026 09:30";"NS";"PAOK";"";"";"Westerlo";"";"";"";"";"";"";"";"";"";"";"";"";"";"";"";"";"";"";"";"";"";"";"";"";"";"";"";""
"World";"WOR";"Club Friendlies 3";"04-07-2026 09:30";"NS";"Thun";"";"";"Neuchâtel Xamax";"";"";"";"0";"";"1.3";"";"2.7";"";"";"";"";"";"";"";"";"0";"";"";"";"";"";"";"";"";"";"";""
"World";"WOR";"Club Friendlies 3";"04-07-2026 10:00";"NS";"Odense BK";"";"";"Hillerød";"";"";"3";"0";"3.5";"1";"1";"2.3";"100";"100";"88";"0";"66";"3.9";"4";"100";"0";"";"";"";"";"";"";"20.2";"15";"7.5";"8";"10"
"World";"WOR";"Club Friendlies 3";"04-07-2026 10:00";"NS";"VfB Bottrop 1900";"";"";"Rot-Weiss Essen";"";"";"";"";"";"";"";"";"";"";"";"";"";"";"";"";"";"";"";"";"";"";"";"";"";"";"";""
"World";"WOR";"Club Friendlies 3";"04-07-2026 10:00";"NS";"Haverfordwest County";"";"";"Hamilton Academical";"";"";"";"";"";"";"";"";"";"";"";"";"";"";"";"";"";"";"";"";"";"";"";"";"";"";"";""
"World";"WOR";"Club Friendlies 3";"04-07-2026 10:00";"NS";"RKC Waalwijk";"";"";"Jong AZ";"";"";"";"";"";"";"";"";"";"";"";"";"";"";"";"";"";"";"";"";"";"";"";"";"";"";"";""
"World";"WOR";"Club Friendlies 3";"04-07-2026 10:00";"NS";"Inverness CT";"";"";"Ross County";"";"";"";"3";"";"4";"";"0.7";"";"";"";"";"";"";"";"";"100";"";"";"";"";"";"";"";"";"";"";""
"World";"WOR";"Club Friendlies 3";"04-07-2026 10:00";"NS";"Rutherglen Glencairn";"";"";"Clyde";"";"";"";"";"";"";"";"";"";"";"";"";"";"";"";"";"";"";"";"";"";"";"";"";"";"";"";""
"World";"WOR";"Club Friendlies 3";"04-07-2026 10:00";"NS";"Arbroath";"";"";"Brechin City";"";"";"";"";"";"";"";"";"";"";"";"";"";"";"";"";"";"";"";"";"";"";"";"";"";"";"";""
"World";"WOR";"Club Friendlies 3";"04-07-2026 10:00";"NS";"Johnstone Burgh";"";"";"Elgin City";"";"";"";"2";"";"3.5";"";"0.5";"";"";"";"";"";"";"";"";"67";"";"";"";"";"";"";"";"";"";"";""
"World";"WOR";"Club Friendlies 3";"04-07-2026 10:00";"NS";"Forfar Athletic";"";"";"Banks O Dee FC";"";"";"0.5";"";"0.5";"";"2.5";"";"";"";"";"";"";"";"";"17";"";"";"";"";"";"";"";"";"5";"";"15.5";""
"World";"WOR";"Club Friendlies 3";"04-07-2026 10:00";"NS";"Glentoran";"";"";"Dundela";"";"";"0.3";"";"0.7";"";"2.3";"";"";"";"";"";"";"";"";"11";"";"";"";"";"";"";"";"";"10.3";"";"6.3";""
"World";"WOR";"Club Friendlies 3";"04-07-2026 10:00";"NS";"La Louvière";"";"";"Rochefort";"";"";"";"";"";"";"";"";"";"";"";"";"";"";"";"";"";"";"";"";"";"";"";"";"";"";"";""
"World";"WOR";"Club Friendlies 3";"04-07-2026 10:00";"NS";"Mechelen";"";"";"Rupel Boom";"";"";"";"";"";"";"";"";"";"";"";"";"";"";"";"";"";"";"";"";"";"";"";"";"";"";"";""
"World";"WOR";"Club Friendlies 3";"04-07-2026 10:00";"NS";"Tranent Juniors";"";"";"Stirling Albion";"";"";"";"";"";"";"";"";"";"";"";"";"";"";"";"";"";"";"";"";"";"";"";"";"";"";"";""
"World";"WOR";"Club Friendlies 3";"04-07-2026 10:00";"NS";"Montrose";"";"";"St. Johnstone";"";"";"";"";"";"";"";"";"";"";"";"";"";"";"";"";"";"";"";"";"";"";"";"";"";"";"";""
"World";"WOR";"Club Friendlies 3";"04-07-2026 10:00";"NS";"Eintracht Rheine";"";"";"Preußen Münster";"";"";"";"";"";"";"";"";"";"";"";"";"";"";"";"";"";"";"";"";"";"";"";"";"";"";"";""
"World";"WOR";"Club Friendlies 3";"04-07-2026 10:00";"NS";"Austria Wien";"";"";"Debrecen";"";"";"2.3";"";"2.7";"";"0.7";"";"";"";"";"";"";"";"";"78";"";"";"";"";"";"";"";"";"10";"";"8";""
"World";"WOR";"Club Friendlies 3";"04-07-2026 10:00";"NS";"Bangor";"";"";"Newington Youth";"";"";"";"";"";"";"";"";"";"";"";"";"";"";"";"";"";"";"";"";"";"";"";"";"";"";"";""
"World";"WOR";"Club Friendlies 3";"04-07-2026 10:00";"NS";"Zemun";"";"";"Borac Čačak";"";"";"";"";"";"";"";"";"";"";"";"";"";"";"";"";"";"";"";"";"";"";"";"";"";"";"";""
"World";"WOR";"Club Friendlies 3";"04-07-2026 10:30";"NS";"CSKA Moskva";"";"";"Arsenal Tula";"";"";"1.5";"";"2.2";"";"1.8";"";"";"";"";"";"";"";"";"50";"";"";"";"";"";"";"";"";"7.7";"";"6";""
"World";"WOR";"Club Friendlies 3";"04-07-2026 10:30";"NS";"Rot-Weiß Oberhausen";"";"";"VfL Bochum 1848";"";"";"";"";"";"";"";"";"";"";"";"";"";"";"";"";"";"";"";"";"";"";"";"";"";"";"";""
"World";"WOR";"Club Friendlies 3";"04-07-2026 10:30";"NS";"FSV Optik Rathenow";"";"";"FC Union Berlin";"";"";"";"";"";"";"";"";"";"";"";"";"";"";"";"";"";"";"";"";"";"";"";"";"";"";"";""
"World";"WOR";"Club Friendlies 3";"04-07-2026 10:30";"NS";"Auerbach";"";"";"Bayreuth";"";"";"";"2";"";"1.5";"";"0.5";"";"";"";"";"";"";"";"";"67";"";"";"";"";"";"";"";"";"";"";""
"World";"WOR";"Club Friendlies 3";"04-07-2026 11:00";"NS";"Luzern";"";"";"Winterthur";"";"";"3";"";"2.5";"";"1.5";"";"";"";"";"";"";"";"";"100";"";"";"";"";"";"";"";"";"";"";"";""
"World";"WOR";"Club Friendlies 3";"04-07-2026 11:00";"NS";"Rheindorf Altach";"";"";"Heidenheim";"";"";"2.3";"";"3.3";"";"2.3";"";"";"";"";"";"";"";"";"78";"";"";"";"";"";"";"";"";"";"";"";""
"World";"WOR";"Club Friendlies 3";"04-07-2026 11:00";"NS";"Clay Cross Town";"";"";"Chesterfield";"";"";"";"";"";"";"";"";"";"";"";"";"";"";"";"";"";"";"";"";"";"";"";"";"";"";"";""
"World";"WOR";"Club Friendlies 3";"04-07-2026 11:00";"NS";"Peterhead";"";"";"Celtic II";"";"";"";"";"";"";"";"";"";"";"";"";"";"";"";"";"";"";"";"";"";"";"";"";"";"";"";""
"World";"WOR";"Club Friendlies 3";"04-07-2026 11:00";"NS";"Verlaine";"";"";"Standard Liège";"";"";"";"";"";"";"";"";"";"";"";"";"";"";"";"";"";"";"";"";"";"";"";"";"";"";"";""
"World";"WOR";"Club Friendlies 3";"04-07-2026 11:00";"NS";"Neftekhimik";"";"";"KAMAZ";"";"";"1.2";"2.5";"2";"2.5";"1.6";"0.8";"65";"32";"65";"68";"78";"3.4";"4";"40";"83";"";"";"";"";"";"";"";"6";"";"5";""
"World";"WOR";"Club Friendlies 3";"04-07-2026 11:00";"NS";"Carshalton Athletic";"";"";"Bromley";"";"";"";"";"";"";"";"";"";"";"";"";"";"";"";"";"";"";"";"";"";"";"";"";"";"";"";""
"World";"WOR";"Club Friendlies 3";"04-07-2026 11:00";"NS";"BFC Preussen";"";"";"Reinickendorfer Fuchse";"";"";"";"";"";"";"";"";"";"";"";"";"";"";"";"";"";"";"";"";"";"";"";"";"";"";"";""
"World";"WOR";"Club Friendlies 3";"04-07-2026 11:00";"CANCELLED";"East Kilbride";"";"";"Dumbarton";"";"";"";"0";"";"1.5";"";"3.5";"";"";"";"";"";"";"";"";"0";"";"";"";"";"";"";"";"";"";"";""
"World";"WOR";"Club Friendlies 3";"04-07-2026 11:00";"NS";"Spartak Moskva";"";"";"Krylya Sovetov";"";"";"2.7";"";"2";"";"0.7";"";"";"";"";"";"";"";"";"89";"";"";"";"";"";"";"";"";"";"";"";""
"World";"WOR";"Club Friendlies 3";"04-07-2026 11:00";"NS";"Ballymena United";"";"";"Loughgall";"";"";"";"";"";"";"";"";"";"";"";"";"";"";"";"";"";"";"";"";"";"";"";"";"";"";"";""
"World";"WOR";"Club Friendlies 3";"04-07-2026 11:00";"NS";"Alfreton Town";"";"";"Notts County";"";"";"";"";"";"";"";"";"";"";"";"";"";"";"";"";"";"";"";"";"";"";"";"";"";"";"";""
"World";"WOR";"Club Friendlies 3";"04-07-2026 11:00";"NS";"Excelsior";"";"";"SC Cambuur";"";"";"";"";"";"";"";"";"";"";"";"";"";"";"";"";"";"";"";"";"";"";"";"";"";"";"";""
"World";"WOR";"Club Friendlies 3";"04-07-2026 11:00";"NS";"Halifax Town";"";"";"Sheffield United";"";"";"";"";"";"";"";"";"";"";"";"";"";"";"";"";"";"";"";"";"";"";"";"";"";"";"";""
"World";"WOR";"Club Friendlies 3";"04-07-2026 11:00";"NS";"Norwich City";"";"";"King's Lynn Town";"";"";"";"";"";"";"";"";"";"";"";"";"";"";"";"";"";"";"";"";"";"";"";"";"";"";"";""
"World";"WOR";"Club Friendlies 3";"04-07-2026 11:00";"NS";"Helmond Sport";"";"";"AEK Larnaca";"";"";"";"";"";"";"";"";"";"";"";"";"";"";"";"";"";"";"";"";"";"";"";"";"";"";"";""
"World";"WOR";"Club Friendlies 3";"04-07-2026 11:00";"NS";"Zelzate";"";"";"Zulte-Waregem";"";"";"";"1.5";"";"2.5";"";"1.5";"";"";"";"";"";"";"";"";"50";"";"";"";"";"";"";"";"";"";"";""
"World";"WOR";"Club Friendlies 3";"04-07-2026 11:00";"NS";"Queen of the South";"";"";"Crusaders";"";"";"";"";"";"";"";"";"";"";"";"";"";"";"";"";"";"";"";"";"";"";"";"";"";"";"";""
"World";"WOR";"Club Friendlies 3";"04-07-2026 11:00";"NS";"Kelty Hearts";"";"";"Dunfermline Athletic";"";"";"";"";"";"";"";"";"";"";"";"";"";"";"";"";"";"";"";"";"";"";"";"";"";"";"";""
"World";"WOR";"Club Friendlies 3";"04-07-2026 11:00";"NS";"Greenock Morton";"";"";"Stranraer";"";"";"";"";"";"";"";"";"";"";"";"";"";"";"";"";"";"";"";"";"";"";"";"";"";"";"";""
"World";"WOR";"Club Friendlies 3";"04-07-2026 11:00";"NS";"United of Manchester";"";"";"Bradford City";"";"";"";"";"";"";"";"";"";"";"";"";"";"";"";"";"";"";"";"";"";"";"";"";"";"";"";""
"World";"WOR";"Club Friendlies 3";"04-07-2026 11:00";"NS";"FC Gießen";"";"";"Elversberg";"";"";"";"";"";"";"";"";"";"";"";"";"";"";"";"";"";"";"";"";"";"";"";"";"";"";"";""
"World";"WOR";"Club Friendlies 3";"04-07-2026 11:00";"NS";"Badshot Lea";"";"";"Aldershot Town";"";"";"";"";"";"";"";"";"";"";"";"";"";"";"";"";"";"";"";"";"";"";"";"";"";"";"";""
"World";"WOR";"Club Friendlies 3";"04-07-2026 11:00";"NS";"Lokomotive Leipzig";"";"";"Kladno";"";"";"2";"1.2";"2.5";"1.2";"1.5";"2.8";"90";"90";"80";"10";"100";"4";"4";"67";"40";"";"";"";"";"";"";"";"";"7.5";"";"16.5"
"World";"WOR";"Club Friendlies 3";"04-07-2026 11:00";"NS";"Limavady United";"";"";"Warrenpoint Town";"";"";"";"";"";"";"";"";"";"";"";"";"";"";"";"";"";"";"";"";"";"";"";"";"";"";"";""
"World";"WOR";"Club Friendlies 3";"04-07-2026 11:00";"NS";"Metz";"";"";"Differdange 03";"";"";"";"";"";"";"";"";"";"";"";"";"";"";"";"";"";"";"";"";"";"";"";"";"";"";"";""
"World";"WOR";"Club Friendlies 3";"04-07-2026 11:00";"NS";"Bristol Manor Farm";"";"";"Newport County";"";"";"";"";"";"";"";"";"";"";"";"";"";"";"";"";"";"";"";"";"";"";"";"";"";"";"";""
"World";"WOR";"Club Friendlies 3";"04-07-2026 11:00";"NS";"Ballyclare Comrades";"";"";"Portadown";"";"";"";"";"";"";"";"";"";"";"";"";"";"";"";"";"";"";"";"";"";"";"";"";"";"";"";""
"World";"WOR";"Club Friendlies 3";"04-07-2026 11:00";"NS";"Anderlecht";"";"";"Boulogne";"";"";"";"";"";"";"";"";"";"";"";"";"";"";"";"";"";"";"";"";"";"";"";"";"";"";"";""
"World";"WOR";"Club Friendlies 3";"04-07-2026 11:00";"NS";"Matlock Town";"";"";"Barnsley";"";"";"";"";"";"";"";"";"";"";"";"";"";"";"";"";"";"";"";"";"";"";"";"";"";"";"";""
"World";"WOR";"Club Friendlies 3";"04-07-2026 11:00";"NS";"Todesfelde";"";"";"Paloma";"";"";"";"";"";"";"";"";"";"";"";"";"";"";"";"";"";"";"";"";"";"";"";"";"";"";"";""
"World";"WOR";"Club Friendlies 3";"04-07-2026 11:00";"NS";"Sporting Club Jemappes";"";"";"Royal Francs Borains";"";"";"";"";"";"";"";"";"";"";"";"";"";"";"";"";"";"";"";"";"";"";"";"";"";"";"";""
"World";"WOR";"Club Friendlies 3";"04-07-2026 11:00";"NS";"Bodø / Glimt";"";"";"Start";"";"";"";"1";"";"1.3";"";"1.3";"";"";"";"";"";"";"";"";"33";"";"";"";"";"";"";"";"";"13";"";"9"
"World";"WOR";"Club Friendlies 3";"04-07-2026 11:00";"NS";"Bahia";"";"";"Montevideo City Torque";"";"";"";"";"";"";"";"";"";"";"";"";"";"";"";"";"";"";"";"";"";"";"";"";"";"";"";""
"World";"WOR";"Club Friendlies 3";"04-07-2026 11:00";"NS";"Lichfield City";"";"";"Tamworth";"";"";"";"";"";"";"";"";"";"";"";"";"";"";"";"";"";"";"";"";"";"";"";"";"";"";"";""
"World";"WOR";"Club Friendlies 3";"04-07-2026 11:00";"NS";"AZ";"";"";"Gent";"";"";"";"";"";"";"";"";"";"";"";"";"";"";"";"";"";"";"";"";"";"";"";"";"";"";"";""
"World";"WOR";"Club Friendlies 3";"04-07-2026 11:30";"NS";"VELO";"";"";"Sparta Rotterdam";"";"";"";"";"";"";"";"";"";"";"";"";"";"";"";"";"";"";"";"";"";"";"";"";"";"";"";""
"World";"WOR";"Club Friendlies 3";"04-07-2026 11:30";"NS";"Gurten";"";"";"WSPG Wels";"";"";"";"1.5";"";"1";"";"1";"";"";"";"";"";"";"";"";"50";"";"";"";"";"";"";"";"";"";"";""
"World";"WOR";"Club Friendlies 3";"04-07-2026 11:30";"NS";"Greifswalder FC";"";"";"Anker Wismar";"";"";"";"";"";"";"";"";"";"";"";"";"";"";"";"";"";"";"";"";"";"";"";"";"";"";"";""
"World";"WOR";"Club Friendlies 3";"04-07-2026 11:30";"NS";"Blau-Weiß Linz";"";"";"Wiener Viktoria";"";"";"1";"";"1.5";"";"1.5";"";"";"";"";"";"";"";"";"33";"";"";"";"";"";"";"";"";"10";"";"11";""
"World";"WOR";"Club Friendlies 3";"04-07-2026 11:30";"NS";"Universitario";"";"";"Sport Boys";"";"";"3";"";"3";"";"0.5";"";"";"";"";"";"";"";"";"100";"";"";"";"";"";"";"";"";"";"";"";""
"World";"WOR";"Club Friendlies 3";"04-07-2026 11:30";"NS";"Nafta";"";"";"Honvéd";"";"";"";"";"";"";"";"";"";"";"";"";"";"";"";"";"";"";"";"";"";"";"";"";"";"";"";""
"World";"WOR";"Club Friendlies 3";"04-07-2026 11:30";"CANCELLED";"CSKA Moskva";"";"";"Botafogo";"";"";"1.5";"";"2.2";"";"1.8";"";"";"";"";"";"";"";"";"50";"";"";"";"";"";"";"";"";"7.7";"";"6";""
"World";"WOR";"Club Friendlies 3";"04-07-2026 12:00";"NS";"Vaduz";"";"";"Austria Lustenau";"";"";"";"";"";"";"";"";"";"";"";"";"";"";"";"";"";"";"";"";"";"";"";"";"";"";"";""
"World";"WOR";"Club Friendlies 3";"04-07-2026 12:00";"NS";"Piast Gliwice";"";"";"Baník Ostrava";"";"";"1.5";"1.5";"1";"2.2";"1";"1.5";"100";"38";"25";"62";"88";"2.9";"3";"50";"50";"";"";"";"";"";"";"";"";"";"";""
"World";"WOR";"Club Friendlies 3";"04-07-2026 12:00";"NS";"Osijek";"";"";"Paksi SE";"";"";"3";"0.8";"2";"3.5";"0.5";"2";"100";"75";"75";"25";"100";"4";"4";"100";"25";"";"";"";"";"";"";"";"";"";"";""
"World";"WOR";"Club Friendlies 3";"04-07-2026 12:00";"NS";"Slovácko";"";"";"Spartak Trnava";"";"";"";"1";"";"0.8";"";"1.5";"";"";"";"";"";"";"";"";"33";"";"";"";"";"";"";"";"";"3.7";"";"7.3"
"World";"WOR";"Club Friendlies 3";"04-07-2026 12:00";"NS";"Zepperen-Brustem";"";"";"Sint-Truiden";"";"";"";"";"";"";"";"";"";"";"";"";"";"";"";"";"";"";"";"";"";"";"";"";"";"";"";""
"World";"WOR";"Club Friendlies 3";"04-07-2026 12:00";"NS";"Zbrojovka Brno";"";"";"Csikszereda";"";"";"2.5";"1";"2.2";"0.7";"0.8";"0.7";"75";"34";"67";"66";"84";"2.2";"3";"83";"33";"";"";"";"";"";"";"";"15.3";"";"9";""
"World";"WOR";"Club Friendlies 3";"04-07-2026 12:00";"NS";"Frohnauer";"";"";"Hertha BSC";"";"";"";"";"";"";"";"";"";"";"";"";"";"";"";"";"";"";"";"";"";"";"";"";"";"";"";""
"World";"WOR";"Club Friendlies 3";"04-07-2026 12:00";"NS";"Jagiellonia Białystok";"";"";"Pogoń Siedlce";"";"";"2";"";"2.5";"";"1";"";"";"";"";"";"";"";"";"67";"";"";"";"";"";"";"";"";"";"";"";""
"World";"WOR";"Club Friendlies 3";"04-07-2026 12:00";"NS";"Puskás";"";"";"Slovan Bratislava";"";"";"";"1.2";"";"1.2";"";"1.2";"";"";"";"";"";"";"";"";"42";"";"";"";"";"";"";"";"";"10.3";"";"6"
"World";"WOR";"Club Friendlies 3";"04-07-2026 12:00";"NS";"Várda SE";"";"";"Tatran Prešov";"";"";"";"";"";"";"";"";"";"";"";"";"";"";"";"";"";"";"";"";"";"";"";"";"";"";"";""
"World";"WOR";"Club Friendlies 3";"04-07-2026 12:00";"NS";"Sigma Olomouc";"";"";"Hanácká";"";"";"1.8";"1.5";"1";"1";"0.6";"0.5";"55";"10";"30";"90";"80";"1.6";"2";"60";"50";"";"";"";"";"";"";"16.3";"12.8";"9.5";"5.8";"4.5"
"World";"WOR";"Club Friendlies 3";"04-07-2026 12:00";"NS";"Gievenbeck";"";"";"Schalke 04 II";"";"";"";"";"";"";"";"";"";"";"";"";"";"";"";"";"";"";"";"";"";"";"";"";"";"";"";""
"World";"WOR";"Club Friendlies 3";"04-07-2026 12:00";"NS";"Prostějov";"";"";"Sigma Olomouc B";"";"";"2";"";"1.6";"";"0.8";"";"";"";"";"";"";"";"";"67";"";"";"";"";"";"";"";"";"6.5";"";"9.5";""
"World";"WOR";"Club Friendlies 3";"04-07-2026 12:00";"NS";"Beveren";"";"";"SK Beveren";"";"";"";"";"";"";"";"";"";"";"";"";"";"";"";"";"";"";"";"";"";"";"";"";"";"";"";""
"World";"WOR";"Club Friendlies 3";"04-07-2026 12:00";"NS";"Radnički Niš";"";"";"UTA Arad";"";"";"";"";"";"";"";"";"";"";"";"";"";"";"";"";"";"";"";"";"";"";"";"";"";"";"";""
"World";"WOR";"Club Friendlies 3";"04-07-2026 12:30";"NS";"Dunajská Streda";"";"";"Widzew Lodz";"";"";"1.3";"";"2.7";"";"1.3";"";"";"";"";"";"";"";"";"44";"";"";"";"";"";"";"";"";"14";"";"5.5";""
"World";"WOR";"Club Friendlies 3";"04-07-2026 12:30";"NS";"WSG Tirol";"";"";"Górnik Zabrze";"";"";"1";"3";"0.5";"1.5";"0.5";"0.5";"50";"25";"50";"75";"0";"1.5";"2";"33";"100";"";"";"";"";"";"";"";"";"7.5";"";"6"
"World";"WOR";"Club Friendlies 3";"04-07-2026 12:30";"NS";"Újpest";"";"";"Hartberg";"";"";"2.3";"2";"1.3";"2";"0.7";"1.7";"84";"84";"84";"16";"66";"2.8";"4";"78";"67";"";"";"";"";"";"";"";"";"13";"";"4.5"
"World";"WOR";"Club Friendlies 3";"04-07-2026 12:30";"NS";"Sandhausen";"";"";"Karlsruher SC II";"";"";"2";"";"3.3";"";"2";"";"";"";"";"";"";"";"";"67";"";"";"";"";"";"";"";"";"";"";"";""
"World";"WOR";"Club Friendlies 3";"04-07-2026 12:30";"NS";"Gorica";"";"";"Zorya Luhansk";"";"";"2.3";"1";"1.3";"2.6";"0.3";"2.2";"84";"50";"66";"50";"84";"3.2";"4";"78";"33";"";"";"";"";"";"";"13.4";"7";"6";"4.7";"9"
"World";"WOR";"Club Friendlies 3";"04-07-2026 13:00";"NS";"Klagenfurter AC 1909";"";"";"Austria Klagenfurt";"";"";"";"2";"";"3.7";"";"2.7";"";"";"";"";"";"";"";"";"67";"";"";"";"";"";"";"";"";"10.5";"";"10.5"
"World";"WOR";"Club Friendlies 3";"04-07-2026 13:00";"NS";"Olimpija";"";"";"CFR Cluj";"";"";"1.5";"";"1";"";"2";"";"";"";"";"";"";"";"";"50";"";"";"";"";"";"";"";"";"11.5";"";"8.5";""
"World";"WOR";"Club Friendlies 3";"04-07-2026 13:00";"NS";"St. Pauli";"";"";"Kickers Emden";"";"";"";"2";"";"5";"";"2.3";"";"";"";"";"";"";"";"";"67";"";"";"";"";"";"";"";"";"";"";""
"World";"WOR";"Club Friendlies 3";"04-07-2026 13:00";"NS";"Mura";"";"";"Noah";"";"";"1.7";"1.2";"1.7";"0.6";"0.7";"1.4";"90";"26";"34";"74";"80";"2.2";"3";"56";"40";"";"";"";"";"";"";"";"";"";"";""
"World";"WOR";"Club Friendlies 3";"04-07-2026 13:00";"NS";"CSKA 1948 Sofia";"";"";"Varaždin";"";"";"2";"3";"2";"4";"1.2";"1";"90";"90";"55";"10";"80";"4.1";"4";"67";"100";"";"";"";"";"";"";"";"8";"";"5";""
"World";"WOR";"Club Friendlies 3";"04-07-2026 13:00";"NS";"Juárez";"";"";"Mineros de Zacatecas";"";"";"";"0";"";"2";"";"5.5";"";"";"";"";"";"";"";"";"0";"";"";"";"";"";"";"";"";"";"";""
"World";"WOR";"Club Friendlies 3";"04-07-2026 13:00";"NS";"Dundee";"";"";"Maccabi Haifa";"";"";"";"";"";"";"";"";"";"";"";"";"";"";"";"";"";"";"";"";"";"";"";"";"";"";"";""
"World";"WOR";"Club Friendlies 3";"04-07-2026 13:00";"NS";"Radnik Surdulica";"";"";"Budućnost";"";"";"1.5";"";"1";"";"1";"";"";"";"";"";"";"";"";"50";"";"";"";"";"";"";"";"";"";"";"";""
"World";"WOR";"Club Friendlies 3";"04-07-2026 13:30";"NS";"Slaven Koprivnica";"";"";"Zalaegerszegi TE";"";"";"";"0";"";"0.5";"";"2";"";"";"";"";"";"";"";"";"0";"";"";"";"";"";"";"";"";"3.5";"";"7"
"World";"WOR";"Club Friendlies 3";"04-07-2026 14:00";"NS";"Amstetten";"";"";"SV Horn";"";"";"1.5";"";"3.5";"";"2.5";"";"";"";"";"";"";"";"";"50";"";"";"";"";"";"";"";"";"";"";"";""
"World";"WOR";"Club Friendlies 3";"04-07-2026 16:00";"NS";"Cruzeiro";"";"";"Defensor Sporting";"";"";"";"";"";"";"";"";"";"";"";"";"";"";"";"";"";"";"";"";"";"";"";"";"";"";"";""
"World";"WOR";"Club Friendlies 3";"04-07-2026 21:00";"NS";"Mačva Šabac";"";"";"Mladost Lučani";"";"";"1.7";"1.7";"1";"1.2";"0.7";"0.7";"67";"25";"67";"75";"67";"1.8";"2";"56";"56";"";"";"";"";"";"";"";"8.7";"";"7.3";""
"World";"WOR";"Club Friendlies 3";"04-07-2026 21:00";"NS";"Wieczysta Kraków";"";"";"Slavia Praha";"";"";"1.7";"1.3";"2.2";"2";"1.4";"2";"100";"67";"89";"33";"71";"3.8";"4";"56";"44";"";"";"";"";"";"";"";"";"13.7";"";"8"
"World";"WOR";"Club Friendlies 3";"04-07-2026 21:00";"NS";"Koper";"";"";"LNZ Cherkasy";"";"";"3";"2.5";"2";"2.5";"0.3";"0.8";"71";"42";"42";"58";"54";"2.8";"4";"100";"83";"";"";"";"";"";"";"";"12";"";"5.5";""
"World";"WOR";"Club Friendlies 3";"04-07-2026 21:00";"NS";"Cancún";"";"";"Pumas UNAM";"";"";"1.5";"";"1";"";"2";"";"";"";"";"";"";"";"";"50";"";"";"";"";"";"";"";"";"";"";"";""
"World";"WOR";"Club Friendlies 3";"04-07-2026 21:30";"NS";"Morelia";"";"";"Cruz Azul";"";"";"";"";"";"";"";"";"";"";"";"";"";"";"";"";"";"";"";"";"";"";"";"";"";"";"";""
"World";"WOR";"Club Friendlies 3";"04-07-2026 23:00";"NS";"Jaiba Brava";"";"";"América";"";"";"";"";"";"";"";"";"";"";"";"";"";"";"";"";"";"";"";"";"";"";"";"";"";"";"";""
"World";"WOR";"Club Friendlies 4";"04-07-2026 04:45";"FT";"Zrinjski";"2";"1";"Sarajevo";"2";"1";"";"";"";"";"";"";"";"";"";"";"";"";"";"";"";"";"";"";"";"";"";"";"";"";"";""
"World";"WOR";"Club Friendlies 4";"04-07-2026 05:00";"CANCELLED";"Kežmarok";"";"";"Spišská Nová Ves";"";"";"";"";"";"";"";"";"";"";"";"";"";"";"";"";"";"";"";"";"";"";"";"";"";"";"";""
"World";"WOR";"Club Friendlies 4";"04-07-2026 05:00";"FT";"FK Humenné";"3";"1";"MSK Tesla Stropkov";"0";"1";"0.5";"";"1";"";"2.5";"";"";"";"";"";"";"";"";"17";"";"";"";"";"";"";"";"";"";"";"";""
"World";"WOR";"Club Friendlies 4";"04-07-2026 06:00";"FT";"Lokomotíva Košice";"0";"3";"Lipany";"0";"1";"";"";"";"";"";"";"";"";"";"";"";"";"";"";"";"";"";"";"";"";"";"";"";"";"";""
"World";"WOR";"Club Friendlies 4";"04-07-2026 06:00";"TBA";"Bulle";"";"";"Chênois";"";"";"";"";"";"";"";"";"";"";"";"";"";"";"";"";"";"";"";"";"";"";"";"";"";"";"";""
"World";"WOR";"Club Friendlies 4";"04-07-2026 06:00";"INPLAY_2ND_HALF";"ASU Poli Timişoara";"1";"0";"Dumbrăviţa";"0";"0";"";"";"";"";"";"";"";"";"";"";"";"";"";"";"";"";"";"";"";"";"";"";"";"";"";""
"World";"WOR";"Club Friendlies 4";"04-07-2026 06:00";"INPLAY_2ND_HALF";"Považská Bystrica";"3";"0";"Čadca";"1";"0";"";"";"";"";"";"";"";"";"";"";"";"";"";"";"";"";"";"";"";"";"";"";"";"";"";""
"World";"WOR";"Club Friendlies 4";"04-07-2026 06:00";"INPLAY_2ND_HALF";"Polkowice";"1";"3";"Karkonosze Jelenia Góra";"0";"2";"1.5";"";"1.5";"";"2";"";"";"";"";"";"";"";"";"50";"";"";"";"";"";"";"";"";"";"";"";""
"World";"WOR";"Club Friendlies 4";"04-07-2026 09:00";"NS";"F91 Dudelange";"";"";"Rumelange";"";"";"";"";"";"";"";"";"";"";"";"";"";"";"";"";"";"";"";"";"";"";"";"";"";"";"";""
"World";"WOR";"Club Friendlies 4";"04-07-2026 09:00";"NS";"Canvey Island";"";"";"Ebbsfleet United";"";"";"";"";"";"";"";"";"";"";"";"";"";"";"";"";"";"";"";"";"";"";"";"";"";"";"";""
"World";"WOR";"Club Friendlies 4";"04-07-2026 09:00";"NS";"Quorn";"";"";"Barwell";"";"";"";"";"";"";"";"";"";"";"";"";"";"";"";"";"";"";"";"";"";"";"";"";"";"";"";""
"World";"WOR";"Club Friendlies 4";"04-07-2026 09:30";"NS";"Bognor Regis Town";"";"";"Dorking Wanderers";"";"";"";"";"";"";"";"";"";"";"";"";"";"";"";"";"";"";"";"";"";"";"";"";"";"";"";""
"World";"WOR";"Club Friendlies 4";"04-07-2026 10:00";"NS";"Baden";"";"";"Muttenz";"";"";"";"";"";"";"";"";"";"";"";"";"";"";"";"";"";"";"";"";"";"";"";"";"";"";"";""
"World";"WOR";"Club Friendlies 4";"04-07-2026 11:00";"NS";"Ashford Town (Middlesex)";"";"";"Farnham Town";"";"";"";"";"";"";"";"";"";"";"";"";"";"";"";"";"";"";"";"";"";"";"";"";"";"";"";""
"World";"WOR";"Club Friendlies 4";"04-07-2026 11:00";"NS";"Hebburn Town";"";"";"Warrington Rylands";"";"";"";"";"";"";"";"";"";"";"";"";"";"";"";"";"";"";"";"";"";"";"";"";"";"";"";""
"World";"WOR";"Club Friendlies 4";"04-07-2026 11:00";"NS";"Bamber Bridge";"";"";"Chorley";"";"";"";"";"";"";"";"";"";"";"";"";"";"";"";"";"";"";"";"";"";"";"";"";"";"";"";""
"World";"WOR";"Club Friendlies 4";"04-07-2026 11:00";"NS";"Worksop Town";"";"";"Hallam";"";"";"";"";"";"";"";"";"";"";"";"";"";"";"";"";"";"";"";"";"";"";"";"";"";"";"";""
"World";"WOR";"Club Friendlies 4";"04-07-2026 11:00";"NS";"Harlow Town";"";"";"Bishop's Stortford";"";"";"";"";"";"";"";"";"";"";"";"";"";"";"";"";"";"";"";"";"";"";"";"";"";"";"";""
"World";"WOR";"Club Friendlies 4";"04-07-2026 11:00";"NS";"Macclesfield";"";"";"Hyde United";"";"";"";"";"";"";"";"";"";"";"";"";"";"";"";"";"";"";"";"";"";"";"";"";"";"";"";""
"World";"WOR";"Club Friendlies 4";"04-07-2026 12:00";"NS";"Yantra 1919";"";"";"Ludogorets II";"";"";"";"";"";"";"";"";"";"";"";"";"";"";"";"";"";"";"";"";"";"";"";"";"";"";"";""
"World";"WOR";"Club Friendlies Women";"04-07-2026 09:00";"NS";"Bayer Leverkusen W";"";"";"Mainz 05 W";"";"";"";"";"";"";"";"";"";"";"";"";"";"";"";"";"";"";"";"";"";"";"";"";"";"";"";""
"Australia";"AUS";"Tasmania Northern Championship";"04-07-2026 01:30";"FT";"Burnie United";"1";"0";"Riverside II";"0";"0";"1.2";"0";"1.8";"1";"4.2";"6.5";"100";"100";"58";"0";"45";"6.8";"";"40";"0";"";"";"";"";"";"";"";"";"";"";""
"Australia";"AUS";"Tasmania Northern Championship";"04-07-2026 03:45";"AWAITING_UPDATES";"Devonport City II";"";"";"Launceston United II";"";"";"2.7";"0";"6";"0.3";"1.3";"5";"100";"83";"66";"17";"100";"6.3";"";"89";"0";"";"";"";"";"";"";"";"";"";"";""
"Australia";"AUS";"Tasmania Northern Championship";"04-07-2026 03:45";"AWAITING_UPDATES";"Ulverstone II";"";"";"Northern Rangers";"";"";"2.7";"2.6";"3.8";"4.4";"1.2";"1.4";"100";"100";"46";"0";"83";"5.4";"";"89";"86";"";"";"";"";"";"";"";"";"";"";""
"South Africa";"RSA";"Super League Women";"04-07-2026 05:00";"TBA";"University of Fort Hare W";"";"";"Ezemvelo W";"";"";"2";"0";"1";"0.5";"0";"2";"75";"25";"25";"75";"50";"1.8";"3";"67";"0";"";"";"";"";"";"";"13.5";"10";"4";"5";"8"
"South Africa";"RSA";"Super League Women";"04-07-2026 07:00";"INPLAY_1ST_HALF";"TUT Matsatsantsa W";"1";"0";"Ramatlaohle Ladies W";"1";"0";"1.5";"1.5";"2";"1.5";"2";"2.5";"100";"75";"75";"25";"";"4";"4";"50";"50";"";"";"";"";"";"";"";"10";"";"11.5";""
"South Africa";"RSA";"Super League Women";"04-07-2026 10:00";"NS";"UWC Ladies";"";"";"Mamelodi Sundowns W";"";"";"";"";"";"";"";"";"";"";"";"";"";"";"";"";"";"";"";"";"";"";"";"";"";"";"";""