"Country ";"Short";"League ";"Hour";"Status";"Home Team";"Result Home";"Result Visitor";"Visitor Team";"Odds";"Odds";"Odds";"Odds";"Casa | Fora";"Casa | Fora";"Global";"Casa | Fora";"Global";"Global";"Global";"Global";"Casa | Fora";"Casa | Fora";"Global";"Global";"Global";"Global";"Global";"Global";"Global";"Global";"Casa | Fora";"Global";"Casa | Fora";"Casa | Fora";"Casa | Fora";"Casa | Fora";"Casa | Fora";"Global";"Global";"Casa | Fora";"Casa | Fora";"Global";"Casa | Fora";"Casa | Fora";"Casa | Fora";"Global";"Global";"Global"
"World";"WOR";"World Cup";"04-07-2026 14:00";"NS";"Canada";"";"";"Morocco";"4.93";"1.75";"";"";"";"67 | 56";"2";"100 | 34";"84";"";"2.8";"3";"3.5 | 1";"0.5 | 0.7";"58";"84";"25";"75";"3";"23.9";"7.1";"12.9";"2 | 1.7";"11";"88 | 80";"50 | 67";"";"1.5 | 0.7";"0.5 | 0.3";"1.4";"1.5";"0 | 0.3";"2 | 0.3";"";"50 | 33";"14 | 5";"2.5 | 4.3";"8.9";"84";"66"
"World";"WOR";"World Cup";"04-07-2026 18:00";"NS";"Paraguay";"";"";"Winner Match 77";"";"";"";"";"";"";"";"";"";"";"";"";"";"";"";"";"";"";"";"";"";"";"";"";"";"";"";"";"";"";"";"";"";"";"";"";"";"";"";""
"Brazil";"BRA";"Serie B";"04-07-2026 16:00";"NS";"Criciúma";"";"";"Sport Recife";"1.90";"4.16";"1.35";"1.23";"3 | 8";"71 | 57";"1";"44 | 34";"50";"";"1.8";"2";"1.3 | 1";"0.6 | 0.6";"50";"57";"28";"86";"2.3";"26.4";"7.2";"11";"2.1 | 1.7";"11";"84 | 84";"57 | 43";"";"0.7 | 0.3";"0.1 | 0.4";"1";"0.8";"0.4 | 0.1";"0.6 | 0.7";"";"57 | 43";"7.4 | 4.6";"4.6 | 5.4";"10.4";"86";"78"
"Brazil";"BRA";"Serie B";"04-07-2026 16:00";"NS";"Londrina";"";"";"CRB";"2.72";"2.46";"1.30";"1.26";"17 | 16";"38 | 43";"5";"44 | 54";"86";"";"3";"2";"1.3 | 1.6";"1.4 | 1.9";"72";"72";"64";"57";"2.3";"26.4";"9.4";"11";"1.1 | 1.3";"11";"56 | 38";"57 | 43";"";"0.4 | 0.9";"0.6 | 0.7";"1.8";"1.3";"0.9 | 1.1";"0.9 | 0.7";"";"29 | 29";"6.7 | 3.3";"5.9 | 6.1";"10.4";"78";"72"
"Brazil";"BRA";"Serie B";"04-07-2026 16:00";"NS";"Novorizontino";"";"";"Atlético GO";"1.88";"4.08";"1.34";"1.24";"2 | 11";"67 | 43";"1";"54 | 34";"78";"";"2.4";"3";"1.6 | 1";"1.3 | 1";"78";"72";"50";"86";"2.3";"27.4";"8.5";"10.8";"2 | 1.3";"11";"60 | 70";"71 | 71";"";"0.4 | 0.6";"0.6 | 0.6";"1.4";"1";"0.7 | 0.4";"1.1 | 0.4";"";"57 | 29";"6.6 | 4.4";"2.9 | 7.7";"10.4";"78";"78"
"Brazil";"BRA";"Serie B";"04-07-2026 20:00";"NS";"Goiás";"";"";"Ceará";"2.16";"3.53";"1.46";"1.17";"10 | 14";"57 | 29";"5";"31 | 24";"72";"";"2.1";"2";"0.9 | 0.7";"1.4 | 1.1";"28";"43";"28";"86";"2.3";"25.5";"7.8";"10.5";"1.7 | 0.9";"11";"56 | 66";"43 | 86";"";"0.3 | 0.1";"0.6 | 0.6";"1.2";"0.8";"0.9 | 0.6";"0.6 | 0.6";"";"57 | 14";"5.7 | 4.6";"4.7 | 6";"10.4";"78";"72"
"China";"CHN";"League One";"04-07-2026 07:00";"NS";"Yanbian Longding";"";"";"Jiangxi Dingnan United";"";"";"";"";"5 | 8";"33 | 60";"";"27 | 48";"70";"";"2";"2";"0.8 | 1.4";"0.8 | 1";"70";"60";"30";"80";"2.4";"23.2";"7.6";"9.7";"1 | 1.8";"9";"77 | 70";"60 | 40";"";"0.4 | 0.6";"0.4 | 0.4";"1.1";"0.9";"0.4 | 0.6";"0.4 | 0.8";"";"0 | 40";"3.6 | 6.2";"4.8 | 4.8";"9.2";"80";"60"
"China";"CHN";"League One";"04-07-2026 08:00";"NS";"Shaanxi Union FC";"";"";"Wuxi Wugou";"";"";"";"";"12 | 7";"42 | 44";"";"17 | 58";"46";"";"2.1";"2";"0.5 | 1.7";"0.5 | 1.5";"46";"54";"25";"75";"2.4";"25";"8.4";"9";"1.2 | 1.3";"10";"88 | 52";"75 | 50";"";"0 | 1";"0.2 | 0.7";"1.2";"1";"0.2 | 0.8";"0.5 | 0.7";"";"25 | 33";"3.5 | 4.2";"4.8 | 5.7";"9.2";"71";"62"
"China";"CHN";"League One";"04-07-2026 08:00";"NS";"Suzhou Dongwu";"";"";"Guangzhou E-Power FC";"5.00";"1.63";"";"";"16 | 1";"17 | 67";"2";"24 | 61";"74";"";"2.8";"3";"0.7 | 1.8";"1.8 | 1.2";"65";"90";"64";"72";"2.4";"24.8";"9.6";"10";"0.5 | 2";"10";"42 | 63";"67 | 60";"";"0.3 | 1.2";"1.2 | 0.4";"1.2";"1.6";"0.7 | 0.8";"0.3 | 0.6";"";"17 | 60";"5.3 | 6.2";"4 | 4.6";"9.2";"90";"65"
"China";"CHN";"League One";"04-07-2026 08:00";"NS";"Shenzhen Juniors FC";"";"";"Nantong Zhiyun";"2.25";"3.00";"";"";"2 | 3";"67 | 27";"5";"34 | 20";"60";"";"1.7";"2";"1 | 0.6";"0.8 | 1";"40";"50";"20";"90";"2.4";"19.9";"7.1";"10.7";"2 | 0.8";"10";"77 | 70";"60 | 60";"";"0.2 | 0.4";"0.2 | 0.4";"1.1";"0.6";"0.6 | 0.6";"0.8 | 0.2";"";"60 | 0";"6 | 6.2";"5.6 | 3.6";"9.2";"90";"80"
"China";"CHN";"League One";"04-07-2026 08:00";"NS";"Shanghai Jiading Huilong";"";"";"Shijiazhuang Gongfu";"";"";"";"";"6 | 15";"47 | 13";"";"48 | 7";"60";"";"2.1";"2";"1.4 | 0.2";"1.6 | 1";"40";"40";"40";"80";"2.4";"20.2";"5.8";"7.8";"1.4 | 0.4";"9";"49 | 70";"60 | 40";"";"0.6 | 0";"0.8 | 0";"1.4";"0.7";"0.8 | 1";"0.8 | 0.2";"";"40 | 0";"3.2 | 2.8";"4 | 5.6";"9.2";"70";"40"
"Ecuador";"ECU";"Liga Pro";"04-07-2026 21:00";"NS";"Libertad";"";"";"Leones del Norte";"2.10";"3.40";"";"";"14 | 13";"52 | 12";"5";"37 | 17";"59";"";"2";"2";"1.1 | 0.5";"1 | 1.5";"46";"46";"46";"86";"2.2";"25.6";"8.9";"8.9";"1.6 | 0.4";"9";"70 | 52";"43 | 75";"";"0.3 | 0.1";"0.4 | 0.5";"1.4";"0.6";"0.6 | 1";"0.9 | 0.4";"";"43 | 0";"4.6 | 3.4";"3.9 | 6";"9.2";"60";"52"
"Ecuador";"ECU";"Liga Pro";"04-07-2026 21:00";"NS";"Barcelona Guayaquil";"";"";"Deportivo Cuenca";"1.50";"6.32";"1.32";"1.27";"4 | 2";"81 | 62";"1";"54 | 31";"48";"";"1.8";"2";"1.6 | 0.9";"0.6 | 0.8";"34";"48";"28";"94";"2.2";"23.2";"7.2";"8.6";"2.4 | 1.9";"9";"84 | 77";"43 | 25";"";"0.4 | 0.2";"0.1 | 0.4";"1.3";"0.6";"0.4 | 0.4";"1.1 | 0.6";"";"71 | 62";"5.3 | 3.5";"3.4 | 4.9";"9.2";"66";"60"
"Ecuador";"ECU";"Liga Pro";"04-07-2026 21:00";"NS";"Independiente del Valle";"";"";"Manta";"1.21";"12.63";"1.17";"1.53";"1 | 16";"67 | 21";"3";"61 | 17";"69";"";"2.4";"2";"1.8 | 0.5";"1.1 | 1.4";"44";"82";"38";"75";"2.2";"25.6";"8.2";"11";"2 | 0.6";"9";"66 | 56";"50 | 50";"";"1 | 0.2";"0.5 | 0.9";"1.1";"1.3";"0.6 | 0.5";"0.8 | 0.2";"";"62 | 12";"8.6 | 4.5";"2.8 | 6.1";"9.2";"100";"94"
"Ecuador";"ECU";"Liga Pro";"04-07-2026 21:00";"NS";"Universidad Católica";"";"";"Mushuc Runa";"1.50";"5.57";"1.18";"1.49";"3 | 12";"71 | 10";"1";"82 | 37";"87";"";"3.2";"3";"2.4 | 1.1";"0.9 | 2.1";"68";"68";"66";"46";"2.2";"24";"8.1";"8.6";"2.1 | 0.3";"9";"74 | 32";"50 | 57";"";"0.4 | 0.7";"0.6 | 1.1";"1.8";"1.4";"0.2 | 1";"2 | 0.4";"";"62 | 0";"5.9 | 3.6";"3 | 4.9";"9.2";"72";"40"
"Ecuador";"ECU";"Liga Pro";"04-07-2026 21:00";"NS";"Orense";"";"";"Técnico Universitario";"1.83";"4.28";"1.36";"1.22";"7 | 9";"50 | 29";"1";"48 | 27";"69";"";"2.2";"3";"1.4 | 0.8";"1.1 | 1";"56";"50";"38";"94";"2.2";"21.8";"7.5";"10";"1.5 | 0.9";"9";"66 | 70";"50 | 50";"";"0.8 | 0.2";"0.5 | 0.2";"1.2";"0.8";"0.6 | 0.8";"0.6 | 0.5";"";"38 | 25";"5.5 | 4.8";"4 | 5.6";"9.2";"88";"68"
"Ecuador";"ECU";"Liga Pro";"04-07-2026 21:00";"NS";"Macará";"";"";"LDU Quito";"3.35";"2.08";"1.34";"1.25";"10 | 6";"46 | 54";"5";"37 | 48";"68";"";"2.2";"2";"1.1 | 1.4";"1 | 0.9";"44";"56";"44";"88";"2.2";"25.7";"8.6";"10.4";"1.4 | 1.6";"10";"70 | 74";"50 | 38";"";"0.4 | 0.5";"0.4 | 0.2";"1.4";"0.8";"0.6 | 0.6";"0.8 | 0.9";"";"38 | 50";"5.4 | 4.5";"5 | 6";"9.2";"88";"75"
"Ecuador";"ECU";"Liga Pro";"04-07-2026 21:00";"NS";"Aucas";"";"";"Guayaquil City";"1.45";"6.78";"1.29";"1.29";"5 | 11";"67 | 42";"1";"51 | 34";"56";"";"2.4";"3";"1.5 | 1";"0.9 | 1.4";"44";"62";"38";"68";"2.2";"24.2";"8.2";"8.6";"2 | 1.2";"8";"74 | 56";"38 | 38";"";"0.8 | 0.5";"0.2 | 0.8";"1.2";"1.1";"0.6 | 0.6";"0.8 | 0.5";"";"62 | 38";"6.4 | 2.5";"3.1 | 5.2";"9.2";"62";"38"
"Finland";"FIN";"Ykkönen";"04-07-2026 10:00";"NS";"SalPa";"";"";"VJS";"2.30";"2.55";"";"";"5 | 8";"72 | 33";"5";"100 | 54";"90";"";"3.8";"4";"3.2 | 1.6";"1.5 | 1.4";"64";"72";"64";"36";"3.4";"23";"9.5";"11.2";"2.2 | 1";"12";"52 | 56";"67 | 60";"";"1.8 | 0.6";"0.7 | 0.6";"2";"1.8";"0.8 | 0.8";"1.3 | 1";"";"67 | 20";"6 | 6";"5 | 5.4";"11";"100";"92"
"Finland";"FIN";"Ykkönen";"04-07-2026 11:00";"NS";"KuPS Ak.";"";"";"Tampere United";"3.10";"1.91";"";"";"10 | 1";"33 | 83";"2";"61 | 75";"75";"";"3";"3";"1.8 | 2.2";"1.7 | 0.3";"34";"58";"58";"75";"3.4";"22.6";"9.9";"12.4";"1 | 2.5";"11";"46 | 100";"33 | 33";"";"0.3 | 1";"1 | 0";"1.8";"1.2";"0.7 | 0.3";"1.5 | 1.2";"";"33 | 83";"5.3 | 8.4";"6.3 | 4.8";"11";"92";"84"
"Finland";"FIN";"Ykkönen";"04-07-2026 12:00";"NS";"OLS";"";"";"Inter Turku II";"1.48";"4.75";"";"";"4 | 9";"72 | 22";"1";"75 | 61";"92";"";"4.4";"4";"2.2 | 1.8";"0.8 | 4";"75";"84";"75";"42";"3.4";"28.6";"13.4";"11.2";"2.2 | 0.7";"11";"77 | 2";"67 | 33";"";"1 | 0.5";"0.3 | 1.7";"2.7";"1.8";"0.5 | 2.3";"1.2 | 1.3";"";"67 | 17";"6 | 3.2";"6.2 | 7";"11";"92";"92"
"South Korea";"KOR";"K League 1";"04-07-2026 07:30";"NS";"Anyang";"";"";"Pohang Steelers";"2.83";"2.52";"1.46";"1.16";"7 | 5";"33 | 52";"5";"34 | 37";"71";"";"2.1";"2";"1 | 1.1";"1.1 | 1";"57";"43";"22";"86";"2.3";"14.4";"5.2";"8.8";"1 | 1.6";"8";"66 | 70";"29 | 14";"";"0.3 | 0.3";"0.1 | 0.4";"1.5";"0.6";"1 | 0.6";"0.7 | 0.9";"";"14 | 43";"3.6 | 4";"5.3 | 4.7";"8.5";"71";"57"
"South Korea";"KOR";"K League 1";"04-07-2026 07:30";"NS";"Daejeon Citizen";"";"";"Bucheon 1995";"1.74";"4.65";"";"";"10 | 9";"12 | 48";"1";"14 | 24";"46";"";"1.6";"2";"0.4 | 0.7";"1.2 | 1";"26";"60";"20";"93";"2.3";"15.3";"6.1";"8.4";"0.4 | 1.4";"8";"63 | 70";"62 | 29";"";"0 | 0.1";"0.6 | 0.7";"1";"0.8";"0.6 | 0.3";"0.4 | 0.6";"";"0 | 43";"3.8 | 4.6";"4.6 | 3.7";"8.5";"60";"46"
"South Korea";"KOR";"K League 1";"04-07-2026 07:30";"NS";"Jeonbuk Motors";"";"";"Gangwon";"2.25";"3.29";"1.42";"1.17";"2 | 4";"71 | 52";"5";"71 | 34";"64";"";"2.4";"2";"2.1 | 1";"1.1 | 0.6";"36";"72";"50";"72";"2.3";"15";"6.3";"7.6";"2.1 | 1.6";"8";"66 | 84";"43 | 43";"";"1 | 0.6";"0.6 | 0.3";"1.2";"1.2";"0.6 | 0.3";"1.1 | 0.4";"";"71 | 43";"5 | 3.7";"2.7 | 3.9";"8.5";"50";"29"
"Sweden";"SWE";"Allsvenskan";"04-07-2026 10:00";"NS";"Halmstad";"";"";"Västerås SK";"2.66";"2.49";"1.25";"1.35";"15 | 11";"33 | 60";"5";"34 | 48";"90";"";"3";"4";"1 | 1.4";"1.6 | 2";"60";"70";"60";"70";"3.1";"26.4";"7.3";"9.3";"1 | 1.8";"10";"49 | 35";"40 | 40";"";"0.4 | 0.8";"0.2 | 1";"1.8";"1.2";"1.4 | 1";"0.6 | 0.6";"";"20 | 60";"2.4 | 4.4";"5.2 | 6.6";"9.8";"60";"50"
"Sweden";"SWE";"Allsvenskan";"04-07-2026 10:00";"NS";"Degerfors";"";"";"Malmö FF";"3.09";"2.21";"1.24";"1.36";"12 | 9";"28 | 47";"5";"34 | 41";"72";"";"2.9";"3";"1 | 1.2";"2 | 1.6";"64";"64";"54";"64";"3.1";"26.4";"9.1";"11.5";"0.8 | 1.4";"11";"35 | 49";"67 | 40";"";"0.2 | 0.8";"1 | 1.2";"1.3";"1.6";"1 | 0.4";"0.8 | 0.4";"";"17 | 40";"4.3 | 5.2";"4.5 | 9";"9.8";"100";"66"
"Uruguay";"URU";"Segunda Division";"04-07-2026 14:00";"NS";"Rentistas";"";"";"Paysandu FC";"1.81";"4.00";"";"";"8 | 14";"38 | 19";"1";"24 | 31";"57";"";"2";"2";"0.7 | 0.9";"1 | 1.4";"50";"72";"36";"93";"2.4";"16.8";"6.6";"9.5";"1.1 | 0.6";"9";"70 | 56";"57 | 43";"";"0.4 | 0.4";"0.6 | 0.9";"0.8";"1.2";"0.4 | 0.6";"0.3 | 0.4";"";"29 | 14";"6.6 | 4.4";"4 | 4";"9.7";"86";"50"
"Uruguay";"URU";"Segunda Division";"04-07-2026 17:00";"NS";"Plaza Colonia";"";"";"La Luz";"2.12";"3.35";"";"";"10 | 11";"52 | 29";"5";"48 | 10";"57";"";"1.6";"2";"1.4 | 0.3";"0.7 | 0.9";"36";"50";"28";"86";"2.4";"16.2";"5.6";"8.8";"1.6 | 0.9";"9";"80 | 74";"43 | 43";"";"0.7 | 0.1";"0.4 | 0.4";"0.8";"0.8";"0.3 | 0.4";"0.7 | 0.1";"";"43 | 0";"5.9 | 4";"3.1 | 4.7";"9.7";"72";"57"
"Uruguay";"URU";"Segunda Division";"04-07-2026 20:00";"NS";"Oriental";"";"";"River Plate";"2.25";"2.85";"";"";"6 | 7";"67 | 19";"5";"48 | 34";"74";"";"2.5";"2";"1.4 | 1";"0.5 | 2.1";"54";"81";"54";"80";"2.4";"14.4";"6.8";"9.9";"2 | 0.6";"9";"88 | 32";"62 | 29";"";"0.8 | 0.9";"0.2 | 1";"1.1";"1.4";"0.2 | 1.1";"0.6 | 0.1";"";"50 | 14";"4.6 | 6.6";"5.1 | 3.3";"9.7";"94";"87"
"Venezuela";"VEN";"Copa Venezuela";"04-07-2026 21:00";"NS";"Atlético Ávila";"";"";"Marítimo";"";"";"";"";"";"";"";"";"";"";"";"";"";"";"";"";"";"";"";"";"";"";"";"";"";"";"";"";"";"";"";"";"";"";"";"";"";"";"";""
"Venezuela";"VEN";"Copa Venezuela";"04-07-2026 21:00";"NS";"Academia Anzoátegui";"";"";"Deportivo Miranda FC";"";"";"";"";"";"";"";"";"";"";"";"";"";"";"";"";"";"";"";"";"";"";"";"";"";"";"";"";"";"";"";"";"";"";"";"";"";"";"";""
"Venezuela";"VEN";"Copa Venezuela";"04-07-2026 21:00";"NS";"Yaracuyanos";"";"";"Aragua";"";"";"";"";"";"";"";"";"";"";"";"";"";"";"";"";"";"";"";"";"";"";"";"";"";"";"";"";"";"";"";"";"";"";"";"";"";"";"";""
"Venezuela";"VEN";"Copa Venezuela";"04-07-2026 21:00";"NS";"Fundación Lara Deportiva";"";"";"Caracas";"";"";"";"";"";"";"";"";"";"";"";"";"";"";"";"";"";"";"";"";"";"";"";"";"";"";"";"";"";"";"";"";"";"";"";"";"";"";"";""
"Venezuela";"VEN";"Copa Venezuela";"04-07-2026 21:00";"NS";"Monagas";"";"";"Bolívar SC";"";"";"";"";"";"";"";"";"";"";"";"";"";"";"";"";"";"";"";"";"";"";"";"";"";"";"";"";"";"";"";"";"";"";"";"";"";"";"";""
"Venezuela";"VEN";"Copa Venezuela";"04-07-2026 21:00";"NS";"Dinamo Puerto La Cruz";"";"";"Mineros de Guayana";"";"";"";"";"";"";"";"";"";"";"";"";"";"";"";"";"";"";"";"";"";"";"";"";"";"";"";"";"";"";"";"";"";"";"";"";"";"";"";""
"Venezuela";"VEN";"Copa Venezuela";"04-07-2026 21:00";"NS";"Atlético Barinas";"";"";"Atlético El Vigía";"";"";"";"";"";"";"";"";"";"";"";"";"";"";"";"";"";"";"";"";"";"";"";"";"";"";"";"";"";"";"";"";"";"";"";"";"";"";"";""
"Venezuela";"VEN";"Copa Venezuela";"04-07-2026 21:00";"NS";"Real Frontera";"";"";"Zamora Fútbol Club";"";"";"";"";"";"";"";"";"";"";"";"";"";"";"";"";"";"";"";"";"";"";"";"";"";"";"";"";"";"";"";"";"";"";"";"";"";"";"";""
"Venezuela";"VEN";"Copa Venezuela";"04-07-2026 21:00";"NS";"Deportivo Lara";"";"";"Trujillanos";"";"";"";"";"";"";"";"";"";"";"";"";"";"";"";"";"";"";"";"";"";"";"";"";"";"";"";"";"";"";"";"";"";"";"";"";"";"";"";""
"Venezuela";"VEN";"Copa Venezuela";"04-07-2026 21:00";"NS";"Ureña";"";"";"Rayo Zuliano";"";"";"";"";"";"";"";"";"";"";"";"";"";"";"";"";"";"";"";"";"";"";"";"";"";"";"";"";"";"";"";"";"";"";"";"";"";"";"";""
"Argentina";"ARG";"Torneo Promocional Amateur";"04-07-2026 15:30";"NS";"Deportivo Metalúrgico";"";"";"SAT Moreno";"";"";"";"";"2 | 1";"50 | 78";"";"34 | 34";"42";"";"1.4";"2";"1 | 1";"0.5 | 0.3";"16";"34";"16";"100";"1.6";"";"";"";"1.5 | 2.3";"";"88 | 100";"50 | 33";"";"0 | 0.7";"0 | 0";"1.1";"0.4";"0.5 | 0.3";"1 | 0.3";"";"50 | 67";"";"";"8.1";"";""
"Argentina";"ARG";"Torneo Promocional Amateur";"04-07-2026 15:30";"NS";"Estrella de Berisso";"";"";"Juventud de Bernal";"";"";"";"";"4 | 8";"44 | 0";"";"24 | 10";"50";"";"2";"2";"0.7 | 0.3";"0.7 | 2.3";"33";"84";"34";"84";"1.6";"";"";"8";"1.3 | 0";"8";"80 | 25";"33 | 67";"";"0.7 | 0";"0.7 | 0.7";"1";"1";"0 | 1.7";"0 | 0.3";"";"33 | 0";"3.5 | 2.5";"4 | 6";"8.1";"50";"50"
"Argentina";"ARG";"Torneo Promocional Amateur";"04-07-2026 15:30";"NS";"Provincial Lobos";"";"";"Náutico Hacoaj";"";"";"";"";"6 | 3";"44 | 100";"";"10 | 44";"16";"";"1";"1";"0.3 | 1.3";"0.3 | 0";"0";"16";"0";"100";"1.6";"";"";"";"1.3 | 3";"";"100 | 100";"67 | 33";"";"0.3 | 0";"0 | 0";"0.8";"0.2";"0.3 | 0";"0 | 1.3";"";"33 | 100";"";"";"8.1";"";""
"Argentina";"ARG";"Torneo Promocional Amateur";"04-07-2026 15:30";"NS";"Defensores Glew";"";"";"Atlético Pilar";"";"";"";"";"5 | 7";"67 | 0";"";"92 | 0";"50";"";"2.6";"2";"2.7 | 0";"1.7 | 1";"50";"100";"50";"66";"1.6";"";"";"";"2 | 0";"";"46 | 70";"33 | 100";"";"1.3 | 0";"0.7 | 1";"1.2";"1.5";"1 | 0";"1.3 | 0";"";"67 | 0";"";"";"8.1";"";""
"Canada";"CAN";"Premier League";"04-07-2026 16:00";"NS";"Atlético Ottawa";"";"";"Cavalry";"3.65";"1.90";"";"";"3 | 2";"83 | 72";"2";"75 | 58";"62";"";"2.8";"2";"2.2 | 1.7";"1.2 | 0.5";"54";"42";"42";"79";"2.6";"24.8";"8.8";"8";"2.5 | 2.2";"8";"63 | 88";"25 | 33";"";"0.5 | 0.5";"0.8 | 0";"2";"0.8";"0.5 | 0.5";"1.8 | 1.2";"";"75 | 67";"4 | 3.2";"4.5 | 4.3";"9.1";"58";"42"
"Canada";"CAN";"Premier League";"04-07-2026 19:00";"NS";"Vancouver FC";"";"";"Inter Toronto FC";"";"";"";"";"7 | 5";"39 | 42";"";"27 | 34";"71";"";"2.1";"2";"0.8 | 1";"1.2 | 1.2";"62";"42";"29";"88";"2.6";"26.2";"7.8";"10.5";"1.2 | 1.2";"10";"63 | 63";"67 | 25";"";"0.3 | 0.5";"0.2 | 0.5";"1.4";"0.8";"1 | 0.8";"0.5 | 0.5";"";"33 | 25";"7 | 4.2";"2.5 | 7.2";"9.1";"79";"79"
"Chile";"CHI";"Chilean Cup";"04-07-2026 16:00";"NS";"Magallanes";"";"";"Palestino";"1.74";"15.66";"1.19";"1.46";"";"";"";"";"";"";"";"";"";"";"";"";"";"";"";"";"";"";"";"";"";"";"";"";"";"";"";"";"";"";"";"";"";"";"";""
"Chile";"CHI";"Chilean Cup";"04-07-2026 16:00";"NS";"Unión San Felipe";"";"";"Unión La Calera";"";"";"";"";"";"";"";"";"";"";"";"";"";"";"";"";"";"";"";"";"";"";"";"";"";"";"";"";"";"";"";"";"";"";"";"";"";"";"";""
"Chile";"CHI";"Chilean Cup";"04-07-2026 17:00";"NS";"San Luis";"";"";"Everton";"";"";"";"";"";"";"";"";"";"";"";"";"";"";"";"";"";"";"";"";"";"";"";"";"";"";"";"";"";"";"";"";"";"";"";"";"";"";"";""
"Chile";"CHI";"Chilean Cup";"04-07-2026 19:00";"NS";"Deportes Iquique";"";"";"Coquimbo Unido";"";"";"";"";"";"";"";"";"";"";"";"";"";"";"";"";"";"";"";"";"";"";"";"";"";"";"";"";"";"";"";"";"";"";"";"";"";"";"";""
"Chile";"CHI";"Chilean Cup";"04-07-2026 21:30";"NS";"Universidad Católica";"";"";"Copiapó";"";"";"";"";"";"";"";"";"";"";"";"";"";"";"";"";"";"";"";"";"";"";"";"";"";"";"";"";"";"";"";"";"";"";"";"";"";"";"";""
"Chile";"CHI";"Segunda División";"04-07-2026 17:00";"NS";"Provincial Osorno";"";"";"General Velásquez";"";"";"";"";"2 | 4";"60 | 40";"";"34 | 27";"50";"";"2";"2";"1 | 0.8";"0.6 | 1.6";"40";"50";"40";"80";"2.1";"21";"8.9";"10.2";"1.8 | 1.2";"10";"84 | 49";"40 | 60";"";"0.6 | 0.6";"0 | 1";"0.9";"1.1";"0.6 | 0.6";"0.4 | 0.2";"";"40 | 40";"6 | 4.8";"4 | 5.6";"9.6";"60";"60"
"Chile";"CHI";"Segunda División";"04-07-2026 17:00";"NS";"Provincial Ovalle";"";"";"Colina";"";"";"";"";"7 | 6";"13 | 33";"";"20 | 20";"50";"";"2";"2";"0.6 | 0.6";"2 | 0.8";"50";"70";"10";"90";"2.1";"15.9";"6.8";"7.5";"0.4 | 1";"8";"35 | 77";"20 | 40";"";"0 | 0.4";"1 | 0.4";"1.1";"0.9";"1 | 0.4";"0.6 | 0.2";"";"0 | 20";"2.8 | 3";"3.8 | 5.4";"9.6";"40";"40"
"Chile";"CHI";"Segunda División";"04-07-2026 18:00";"NS";"Deportes Rengo";"";"";"Santiago Morning";"";"";"";"";"7 | 5";"33 | 33";"";"34 | 41";"78";"";"2.4";"2";"1 | 1.2";"1.2 | 1.4";"65";"65";"32";"68";"2.1";"21.1";"9.6";"9";"1 | 1";"10";"63 | 56";"25 | 40";"";"0.2 | 0.8";"0.5 | 0.4";"1.4";"1";"0.8 | 1";"0.8 | 0.4";"";"25 | 20";"4 | 4.2";"4.5 | 5.2";"9.6";"55";"55"
"Cape Verde";"CPV";"Campeonato Nacional";"04-07-2026 13:30";"NS";"Winner Semi-final 1";"";"";"Winner Semi-final 2";"";"";"";"";"";"";"";"";"";"";"";"";"";"";"";"";"";"";"";"";"";"";"";"";"";"";"";"";"";"";"";"";"";"";"";"";"";"";"";""
"Europe";"EUR";"Euro U19";"04-07-2026 10:00";"NS";"Spain U19";"";"";"Germany U19";"";"";"";"";"";"";"";"";"";"";"";"";"";"";"";"";"";"";"";"";"";"";"";"";"";"";"";"";"";"";"";"";"";"";"";"";"";"";"";""
"Europe";"EUR";"Euro U19";"04-07-2026 10:00";"NS";"Denmark U19";"";"";"Wales U19";"";"";"";"";"";"";"";"";"";"";"";"";"";"";"";"";"";"";"";"";"";"";"";"";"";"";"";"";"";"";"";"";"";"";"";"";"";"";"";""
"Republic of Ireland";"IRL";"First Division";"04-07-2026 15:30";"NS";"Longford Town";"";"";"UCD";"3.24";"2.03";"1.24";"1.35";"7 | 2";"57 | 47";"5";"37 | 58";"75";"";"2.3";"2";"1.1 | 1.7";"0.8 | 1.1";"50";"70";"50";"85";"2.6";"17.2";"7.7";"10";"1.7 | 1.4";"10";"77 | 66";"60 | 70";"";"0.5 | 0.7";"0.3 | 0.6";"1.3";"1";"0.5 | 0.5";"0.6 | 1";"";"50 | 40";"5.3 | 5";"4.1 | 5.5";"9.3";"80";"65"
"United States";"USA";"NWSL";"04-07-2026 19:30";"NS";"North Carolina Courage W";"";"";"Seattle Reign W";"1.73";"4.14";"1.27";"1.29";"7 | 10";"47 | 47";"1";"68 | 34";"90";"";"2.9";"3";"2 | 1";"1.6 | 1.2";"70";"80";"80";"70";"2.5";"28.4";"9.3";"10.3";"1.4 | 1.4";"10";"49 | 63";"60 | 60";"";"0.6 | 0.6";"1.6 | 0.6";"1.2";"1.7";"0 | 0.6";"1.4 | 0.4";"";"40 | 40";"5.8 | 5.8";"4.4 | 4.6";"9.4";"90";"80"
"United States";"USA";"NWSL";"04-07-2026 21:45";"NS";"San Diego Wave W";"";"";"Gotham FC W";"";"";"";"";"1 | 5";"50 | 75";"";"41 | 51";"62";"";"2";"2";"1.2 | 1.5";"0.8 | 0.5";"29";"79";"29";"92";"2.5";"24.5";"8.8";"8";"1.5 | 2.2";"9";"77 | 88";"50 | 75";"";"0.5 | 1";"0.8 | 0.2";"0.8";"1.2";"0 | 0.2";"0.7 | 0.5";"";"50 | 75";"5.2 | 4";"3 | 3.8";"9.4";"50";"50"
"Argentina";"ARG";"Primera B Nacional";"04-07-2026 15:00";"NS";"Colegiales";"";"";"Gimnasia y Tiro de Salta";"2.00";"4.31";"1.67";"1.08";"7 | 14";"78 | 21";"";"54 | 20";"59";"";"2";"2";"1.6 | 0.6";"0.3 | 1.4";"42";"53";"30";"83";"1.9";"13.6";"5.2";"9";"2.3 | 0.6";"8";"100 | 56";"56 | 62";"";"0.4 | 0.4";"0.1 | 0.8";"1.1";"0.8";"0.2 | 0.6";"1.1 | 0.2";"";"67 | 12";"5.6 | 2.2";"4 | 6.2";"8.4";"70";"58"
"Argentina";"ARG";"Primera B Nacional";"04-07-2026 15:30";"NS";"Nueva Chicago";"";"";"Güemes";"2.02";"3.83";"1.52";"1.13";"11 | 17";"44 | 21";"5";"34 | 34";"78";"";"2.4";"2";"1 | 1";"0.7 | 2.1";"66";"66";"48";"76";"1.9";"16.2";"6.3";"9.1";"1.3 | 0.6";"9";"80 | 32";"56 | 25";"";"0.3 | 0.4";"0.6 | 0.8";"1.4";"1";"0.1 | 1.4";"0.7 | 0.6";"";"22 | 12";"3.1 | 2.9";"4.4 | 7.8";"8.4";"60";"36"
"Argentina";"ARG";"Primera B Nacional";"04-07-2026 15:30";"NS";"Temperley";"";"";"Tristán Suárez";"2.32";"3.45";"1.64";"1.09";"5 | 3";"62 | 59";"5";"54 | 27";"54";"";"2.2";"2";"1.6 | 0.8";"1.5 | 0.4";"42";"66";"36";"76";"1.9";"15.1";"6.8";"6";"1.9 | 1.8";"7";"52 | 100";"38 | 33";"";"1 | 0.6";"0.9 | 0.3";"0.8";"1.4";"0.6 | 0.1";"0.6 | 0.2";"";"50 | 44";"2.6 | 2.6";"2.5 | 4.4";"8.4";"28";"17"
"Argentina";"ARG";"Primera B Nacional";"04-07-2026 15:30";"NS";"Almagro";"";"";"Atlético Rafaela";"2.37";"3.32";"1.64";"1.08";"12 | 4";"59 | 26";"5";"41 | 14";"62";"";"1.6";"2";"1.2 | 0.4";"0.7 | 1";"33";"44";"22";"100";"1.9";"16.2";"7";"10.2";"1.8 | 0.8";"9";"80 | 70";"67 | 56";"";"0.1 | 0.2";"0.2 | 0.6";"1.2";"0.6";"0.4 | 0.4";"1.1 | 0.2";"";"56 | 11";"6.1 | 3.3";"4.4 | 6.6";"8.4";"84";"72"
"Argentina";"ARG";"Primera B Nacional";"04-07-2026 15:30";"NS";"Defensores de Belgrano";"";"";"Deportivo Morón";"2.64";"2.98";"1.70";"1.07";"12 | 1";"33 | 41";"5";"14 | 44";"61";"";"1.9";"2";"0.4 | 1.3";"0.8 | 1.2";"44";"67";"34";"89";"1.9";"13.3";"5.2";"8.2";"1 | 1.2";"9";"77 | 63";"44 | 56";"";"0.3 | 0.6";"0.4 | 0.7";"0.8";"1";"0.3 | 0.6";"0.1 | 0.8";"";"11 | 33";"5.8 | 3.3";"3.3 | 4";"8.4";"44";"33"
"Argentina";"ARG";"Primera B Nacional";"04-07-2026 15:30";"NS";"Almirante Brown";"";"";"Los Andes";"2.54";"3.14";"1.72";"1.05";"7 | 3";"63 | 62";"5";"34 | 41";"53";"";"1.6";"2";"1 | 1.2";"0.7 | 0.4";"29";"53";"24";"94";"1.9";"13.9";"5.4";"10";"1.9 | 1.9";"9";"80 | 100";"44 | 62";"";"0.3 | 0.8";"0.3 | 0.2";"0.8";"0.8";"0.3 | 0.1";"0.7 | 0.5";"";"56 | 50";"4.3 | 3.9";"4.9 | 7";"8.4";"94";"78"
"Argentina";"ARG";"Primera B Nacional";"04-07-2026 16:00";"NS";"Ciudad de Bolívar";"";"";"Godoy Cruz";"2.89";"2.69";"1.64";"1.08";"6 | 9";"37 | 22";"5";"31 | 10";"44";"";"1.6";"2";"0.9 | 0.3";"1.1 | 0.9";"39";"56";"16";"94";"1.9";"11.3";"3.6";"8.2";"1.1 | 0.7";"8";"66 | 74";"56 | 33";"";"0.4 | 0.2";"0.4 | 0.4";"0.8";"0.8";"0.7 | 0.4";"0.4 | 0.1";"";"22 | 11";"3.9 | 5.1";"4.4 | 3";"8.4";"62";"50"
"Argentina";"ARG";"Primera B Nacional";"04-07-2026 18:00";"NS";"Quilmes Atlético Club";"";"";"Atlanta";"2.46";"3.09";"";"";"13 | 2";"62 | 54";"5";"34 | 34";"50";"";"1.5";"2";"1 | 1";"0.2 | 0.9";"25";"50";"32";"100";"1.9";"16.5";"6.2";"8.2";"1.9 | 1.6";"9";"100 | 74";"38 | 62";"";"0.6 | 0.2";"0.1 | 0.4";"0.8";"0.7";"0.1 | 0.5";"0.4 | 0.8";"";"50 | 50";"5.9 | 3.2";"2.8 | 4.5";"8.4";"68";"56"
"Argentina";"ARG";"Primera C";"04-07-2026 13:00";"NS";"Lugano";"";"";"JJ Urquiza";"1.90";"4.20";"";"";"11 | 28";"57 | 30";"1";"48 | 14";"54";"";"1.8";"2";"1.4 | 0.4";"0.6 | 1.1";"30";"36";"34";"88";"1.9";"17.5";"6.3";"7.2";"1.7 | 0.9";"7";"84 | 66";"57 | 50";"";"0.6 | 0";"0 | 0.6";"1.2";"0.6";"0.6 | 0.5";"0.9 | 0.4";"";"43 | 10";"3.6 | 2.5";"3.6 | 4.9";"7.8";"48";"34"
"Argentina";"ARG";"Primera C";"04-07-2026 15:00";"NS";"Leones de Rosario";"";"";"Central Ballester";"1.80";"4.35";"";"";"4 | 22";"52 | 42";"1";"37 | 31";"64";"";"2.1";"2";"1.1 | 0.9";"1 | 1.2";"34";"53";"29";"76";"1.9";"17.2";"7.4";"8.8";"1.6 | 1.2";"8";"70 | 63";"33 | 25";"";"0.2 | 0.4";"0.7 | 0.8";"1.1";"1";"0.3 | 0.5";"0.9 | 0.5";"";"33 | 38";"5.6 | 3";"3.7 | 5.4";"7.8";"60";"42"
"Argentina";"ARG";"Primera C";"04-07-2026 15:00";"NS";"Luján";"";"";"Fénix";"1.67";"5.20";"";"";"2 | 27";"44 | 21";"1";"31 | 17";"47";"";"1.7";"2";"0.9 | 0.5";"0.7 | 1.2";"29";"47";"12";"94";"1.9";"15";"5.8";"7.8";"1.3 | 0.6";"8";"80 | 63";"56 | 38";"";"0.4 | 0.2";"0 | 0.5";"1";"0.6";"0.7 | 0.8";"0.4 | 0.2";"";"33 | 12";"5.4 | 4.6";"1.6 | 3.9";"7.8";"47";"36"
"Argentina";"ARG";"Primera C";"04-07-2026 15:00";"NS";"Argentino Rosario";"";"";"Defensores de Cambaceres";"2.17";"3.33";"1.48";"1.13";"24 | 19";"40 | 41";"5";"34 | 24";"68";"";"1.8";"2";"1 | 0.7";"0.9 | 0.9";"46";"62";"21";"100";"1.9";"17.9";"7.6";"7.6";"1.2 | 1.2";"8";"74 | 74";"80 | 56";"";"0.5 | 0.2";"0.4 | 0.2";"1";"0.6";"0.5 | 0.7";"0.5 | 0.4";"";"20 | 33";"3.1 | 3.6";"4.2 | 4.4";"7.8";"46";"42"
"Argentina";"ARG";"Primera C";"04-07-2026 15:00";"NS";"Estrella del Sur";"";"";"Leandro Nicéforo Alem";"1.74";"4.64";"1.38";"1.16";"10 | 16";"54 | 38";"1";"31 | 48";"75";"";"2.6";"3";"0.9 | 1.4";"0.6 | 2.1";"48";"68";"42";"72";"1.9";"18.4";"7.8";"5.6";"1.6 | 1.1";"7";"84 | 32";"50 | 43";"";"0.2 | 0.4";"0.4 | 1.1";"1.4";"1.1";"0.2 | 1";"0.6 | 1";"";"38 | 29";"4.1 | 1.7";"2 | 3.3";"7.8";"27";"20"
"Argentina";"ARG";"Primera B Metropolitana";"04-07-2026 13:00";"NS";"Deportivo Merlo";"";"";"Villa Dálmine";"2.70";"2.65";"";"";"10 | 4";"63 | 67";"5";"48 | 48";"65";"";"2.2";"2";"1.4 | 1.4";"1.2 | 0.5";"40";"60";"35";"75";"2";"16.6";"6";"8.5";"1.9 | 2";"9";"63 | 88";"50 | 60";"";"0.2 | 0.8";"0.7 | 0.1";"1.4";"0.9";"0.5 | 0.4";"1.2 | 0.6";"";"50 | 60";"5.3 | 4.4";"3.1 | 4.2";"8.6";"55";"55"
"Argentina";"ARG";"Primera B Metropolitana";"04-07-2026 14:30";"NS";"Ituzaingó";"";"";"Villa San Carlos";"2.63";"2.63";"";"";"22 | 21";"27 | 23";"5";"20 | 31";"75";"";"2";"2";"0.6 | 0.9";"1.1 | 1.5";"45";"65";"25";"85";"2";"17.6";"7";"8.7";"0.8 | 0.7";"8";"66 | 52";"70 | 40";"";"0.3 | 0.1";"0.6 | 0.6";"1.2";"0.8";"0.5 | 0.9";"0.3 | 0.8";"";"10 | 10";"4.4 | 4.3";"4.2 | 4.5";"8.6";"65";"55"
"Argentina";"ARG";"Primera B Metropolitana";"04-07-2026 15:00";"NS";"Flandria";"";"";"Deportivo Laferrere";"2.63";"2.66";"1.54";"1.10";"19 | 13";"37 | 40";"5";"31 | 44";"70";"";"2.5";"2";"0.9 | 1.3";"1.3 | 1.5";"45";"70";"45";"75";"2";"17.4";"6.4";"9.3";"1.1 | 1.2";"8";"60 | 52";"40 | 50";"";"0.4 | 0.7";"0.1 | 0.9";"1.4";"1";"1.2 | 0.6";"0.5 | 0.6";"";"30 | 30";"4.5 | 3.5";"5.8 | 4.8";"8.6";"60";"60"
"Argentina";"ARG";"Primera B Metropolitana";"04-07-2026 15:00";"NS";"Comunicaciones";"";"";"Arsenal de Sarandí";"3.42";"2.12";"1.40";"1.17";"8 | 3";"50 | 63";"5";"51 | 34";"55";"";"2";"2";"1.5 | 1";"1 | 0.4";"30";"60";"30";"85";"2";"18";"6.5";"8.8";"1.5 | 1.9";"9";"70 | 100";"40 | 40";"";"0.7 | 0.6";"0.4 | 0.2";"1";"1";"0.6 | 0.2";"0.8 | 0.4";"";"40 | 50";"4.8 | 4.1";"3.6 | 5.1";"8.6";"70";"60"
"Argentina";"ARG";"Primera B Metropolitana";"04-07-2026 15:00";"NS";"Dock Sud";"";"";"Excursionistas";"3.51";"2.08";"1.46";"1.14";"16 | 1";"50 | 60";"5";"41 | 44";"65";"";"2";"2";"1.2 | 1.3";"0.7 | 0.7";"35";"65";"20";"85";"2";"16";"6.6";"9.8";"1.5 | 1.8";"9";"80 | 80";"70 | 60";"";"0.5 | 0.5";"0.4 | 0.5";"1";"1";"0.3 | 0.2";"0.7 | 0.8";"";"40 | 50";"6.5 | 4.2";"2.7 | 6.1";"8.6";"75";"65"
"Argentina";"ARG";"Primera B Metropolitana";"04-07-2026 15:00";"NS";"Deportivo Camioneros";"";"";"UAI Urquiza";"1.86";"4.50";"1.56";"1.09";"5 | 18";"57 | 30";"1";"37 | 20";"55";"";"1.8";"2";"1.1 | 0.6";"0.9 | 0.9";"40";"45";"40";"95";"2";"15.2";"6";"8.4";"1.7 | 0.9";"9";"74 | 74";"50 | 60";"";"0.2 | 0";"0.4 | 0.4";"1.2";"0.5";"0.5 | 0.5";"0.9 | 0.6";"";"50 | 10";"5 | 3.6";"4.6 | 3.5";"8.6";"65";"60"
"Argentina";"ARG";"Primera B Metropolitana";"04-07-2026 15:30";"NS";"Deportivo Armenio";"";"";"Brown de Adrogué";"2.25";"3.20";"";"";"9 | 20";"67 | 43";"5";"51 | 17";"55";"";"1.8";"2";"1.5 | 0.5";"1 | 0.5";"40";"60";"25";"95";"2";"15";"6.2";"8.1";"2 | 1.3";"9";"70 | 88";"50 | 80";"";"0.7 | 0.2";"0.6 | 0.1";"1";"0.8";"0.4 | 0.4";"0.8 | 0.3";"";"60 | 30";"3.8 | 3.1";"3.5 | 5.8";"8.6";"60";"45"
"Argentina";"ARG";"Copa Santa Fe";"04-07-2026 15:30";"NS";"Ciclón Racing";"";"";"Colón San Justo";"";"";"";"";"";"";"";"";"";"";"";"";"";"";"";"";"";"";"";"";"";"";"";"";"";"";"";"";"";"";"";"";"";"";"";"";"";"";"";""
"Australia";"AUS";"Queensland Premier League 3 Metro";"04-07-2026 05:00";"NS";"Yeronga Eagles";"";"";"Springfield United";"";"";"";"";"1 | 5";"79 | 54";"";"100 | 68";"88";"";"4";"5";"3.5 | 2";"0.6 | 2";"50";"68";"82";"38";"4.6";"26.9";"15.2";"10.9";"2.4 | 1.6";"11";"84 | 35";"50 | 75";"";"1.6 | 0.9";"0.1 | 0.4";"2.6";"1.5";"0.5 | 1.6";"1.9 | 1.1";"";"75 | 50";"6.5 | 7";"4.8 | 3.5";"10.4";"88";"88"
"Australia";"AUS";"Queensland Premier League 3 Metro";"04-07-2026 05:15";"NS";"Newmarket";"";"";"AC Carina";"";"";"";"";"2 | 4";"72 | 58";"";"100 | 100";"92";"";"4.7";"4";"3.3 | 3.1";"1.2 | 1.8";"78";"54";"79";"36";"4.6";"29.6";"17.2";"10.6";"2.2 | 1.8";"11";"63 | 42";"50 | 50";"";"0.7 | 1.6";"0.2 | 0.8";"3.1";"1.6";"1 | 1";"2.7 | 1.5";"";"67 | 50";"5.8 | 7.6";"4 | 3.9";"10.4";"83";"66"
"Australia";"AUS";"Queensland Premier League 3 Metro";"04-07-2026 06:00";"NS";"North Lakes United";"";"";"North Brisbane";"";"";"";"";"6 | 7";"46 | 46";"";"82 | 54";"100";"";"4.2";"4";"2.4 | 1.6";"1.8 | 2.6";"94";"82";"88";"44";"4.6";"34.4";"20.2";"12.4";"1.4 | 1.4";"11";"42 | 14";"25 | 38";"";"1 | 0.8";"0.5 | 1";"2.6";"1.6";"1.2 | 1.6";"1.4 | 0.9";"";"38 | 38";"4.8 | 3.4";"7.8 | 9";"10.4";"100";"78"
"Australia";"AUS";"Capital Territory";"04-07-2026 02:00";"NS";"Canberra White Eagles";"";"";"Cooma Tigers";"";"";"";"";"";"4 | 50";"";"27 | 58";"92";"";"3.3";"4";"0.8 | 1.7";"3 | 1.2";"56";"78";"56";"72";"4.3";"21";"9.6";"10.2";"0.1 | 1.5";"10";"0 | 63";"38 | 50";"";"0.4 | 0.3";"1.4 | 0.5";"2";"1.3";"1.6 | 0.7";"0.4 | 1.3";"";"0 | 50";"3.5 | 4.5";"8.2 | 4";"9.5";"62";"54"
"Australia";"AUS";"Capital Territory";"04-07-2026 02:00";"NS";"Queanbeyan City";"";"";"Tuggeranong United";"1.70";"3.70";"";"";"";"71 | 67";"1";"71 | 75";"93";"";"4";"4";"2.1 | 2.2";"1.4 | 2.2";"70";"86";"86";"45";"4.3";"21.5";"11.3";"9.5";"2.1 | 2";"9";"56 | 28";"43 | 50";"";"1.1 | 1.5";"0.4 | 0.8";"2";"2";"1 | 1.3";"1 | 0.7";"";"71 | 67";"3.3 | 4.3";"3.7 | 7.7";"9.5";"63";"56"
"Australia";"AUS";"Capital Territory";"04-07-2026 03:30";"NS";"Belconnen United";"";"";"Gungahlin Juventus";"2.55";"2.16";"";"";"";"17 | 71";"5";"51 | 88";"93";"";"4.2";"4";"1.5 | 2.6";"2.5 | 1.9";"86";"93";"93";"31";"4.3";"19.4";"9.4";"10.4";"0.5 | 2.1";"9";"18 | 38";"67 | 57";"";"0.7 | 1";"1.3 | 0.6";"2.4";"1.8";"1.2 | 1.3";"0.8 | 1.6";"";"17 | 71";"3.8 | 6.1";"6.3 | 4.4";"9.5";"84";"77"
"Australia";"AUS";"Capital Territory";"04-07-2026 04:45";"NS";"Monaro Panthers";"";"";"Brindabella Blues";"1.02";"19.00";"";"";"";"100 | 17";"3";"100 | 27";"100";"";"4.4";"4";"3.4 | 0.8";"1.2 | 3.3";"65";"75";"74";"55";"4.3";"26.4";"13";"9.2";"3 | 0.5";"9";"63 | 2";"40 | 50";"";"0.8 | 0.5";"0.6 | 0.8";"3";"1.4";"0.6 | 2.5";"2.6 | 0.3";"";"100 | 17";"7.2 | 4.5";"2.2 | 4.5";"9.5";"64";"55"
"Australia";"AUS";"New South Wales";"04-07-2026 02:00";"NS";"University of NSW";"";"";"Sydney II";"";"";"";"";"13 | 6";"60 | 46";"";"65 | 54";"82";"";"3.1";"3";"1.9 | 1.6";"1.3 | 1.4";"42";"72";"61";"50";"2.7";"24.3";"10.9";"9";"1.8 | 1.4";"9";"60 | 56";"50 | 62";"";"0.7 | 0.8";"0.7 | 1";"1.5";"1.6";"0.6 | 0.4";"1.2 | 0.9";"";"50 | 38";"5.7 | 3.2";"4.2 | 4.9";"9.3";"71";"49"
"Australia";"AUS";"New South Wales";"04-07-2026 02:00";"NS";"Western Sydney W. II";"";"";"Sydney Olympic";"1.71";"3.75";"";"";"9 | 16";"27 | 23";"1";"44 | 27";"90";"";"3";"3";"1.3 | 0.8";"1.6 | 2.2";"50";"80";"55";"75";"2.7";"21.8";"9";"9.8";"0.8 | 0.7";"10";"49 | 28";"50 | 60";"";"0.6 | 0.4";"0.8 | 0.8";"1.6";"1.3";"0.8 | 1.4";"0.7 | 0.4";"";"10 | 20";"4.3 | 3.9";"3.8 | 7.7";"9.3";"80";"60"
"Australia";"AUS";"New South Wales";"04-07-2026 04:00";"NS";"Manly United";"";"";"SD Raiders";"";"";"";"";"11 | 10";"53 | 41";"";"44 | 48";"69";"";"2.7";"3";"1.3 | 1.4";"0.7 | 2";"59";"74";"38";"74";"2.7";"19.2";"8.2";"9";"1.6 | 1.2";"10";"80 | 35";"60 | 33";"";"0.5 | 0.7";"0.2 | 0.9";"1.6";"1.2";"0.5 | 1.1";"0.8 | 0.8";"";"40 | 33";"5 | 4.2";"4.6 | 4.2";"9.3";"68";"58"
"Australia";"AUS";"New South Wales";"04-07-2026 04:30";"NS";"Sutherland Sharks";"";"";"APIA Leichhardt Tigers";"4.70";"1.52";"";"";"5 | 2";"44 | 67";"2";"54 | 61";"78";"";"3";"3";"1.6 | 1.8";"1.4 | 1.1";"63";"74";"64";"68";"2.7";"19";"8.6";"10.6";"1.3 | 2";"10";"56 | 66";"67 | 60";"";"0.9 | 0.6";"0.4 | 0.6";"1.7";"1.2";"1 | 0.5";"0.7 | 1.2";"";"44 | 60";"4.9 | 5.6";"7.2 | 3.4";"9.3";"69";"69"
"Australia";"AUS";"Npl Western Australia";"04-07-2026 04:00";"NS";"Perth Glory II";"";"";"Balcatta";"";"";"";"";"11 | 12";"33 | 12";"";"44 | 48";"86";"";"4";"4";"1.3 | 1.4";"1.6 | 3.9";"66";"86";"72";"48";"3.7";"22.1";"9.9";"9.6";"1 | 0.4";"10";"49 | 2";"57 | 38";"";"1 | 0.5";"0.7 | 2.5";"1.6";"2.4";"0.9 | 1.4";"0.3 | 0.9";"";"29 | 12";"3.1 | 4.6";"5.3 | 6.1";"9.5";"78";"66"
"Australia";"AUS";"Npl Western Australia";"04-07-2026 04:00";"NS";"Stirling Lions";"";"";"Perth RedStar";"2.15";"2.70";"";"";"6 | 2";"38 | 56";"5";"65 | 61";"79";"";"3.8";"4";"1.9 | 1.8";"2 | 2";"71";"92";"79";"44";"3.7";"21.6";"8.6";"10.2";"1.1 | 1.7";"10";"35 | 35";"62 | 50";"";"1.1 | 1.2";"0.9 | 0.7";"2";"1.9";"1.1 | 1.3";"0.8 | 0.7";"";"38 | 50";"4.9 | 5.2";"4.6 | 5.8";"9.5";"72";"58"
"Australia";"AUS";"Npl Western Australia";"04-07-2026 04:00";"NS";"Fremantle City";"";"";"Bayswater City";"3.50";"1.77";"";"";"5 | 1";"63 | 54";"2";"71 | 68";"78";"";"3.4";"4";"2.1 | 2";"1.3 | 1.5";"59";"71";"71";"66";"3.7";"20.7";"9";"9.9";"1.9 | 1.6";"10";"60 | 52";"44 | 25";"";"0.7 | 0.4";"1 | 0.8";"2.1";"1.4";"0.3 | 0.8";"1.4 | 1.6";"";"56 | 50";"6.1 | 6.9";"4.2 | 2.6";"9.5";"64";"58"
"Australia";"AUS";"Npl Western Australia";"04-07-2026 04:00";"NS";"Western Knights";"";"";"Sorrento";"1.63";"4.00";"";"";"8 | 7";"67 | 62";"1";"100 | 44";"78";"";"4";"4";"3.1 | 1.3";"2.4 | 1";"72";"86";"64";"58";"3.7";"19.8";"7.8";"10.5";"2 | 1.9";"10";"21 | 70";"57 | 43";"";"1.7 | 0.4";"1.4 | 0.4";"1.9";"2";"1 | 0.6";"1.4 | 0.9";"";"57 | 57";"4.1 | 2.3";"6.1 | 8.4";"9.5";"71";"71"
"Australia";"AUS";"Npl Western Australia";"04-07-2026 04:00";"NS";"Armadale";"";"";"Olympic Kingsway";"3.75";"1.65";"";"";"10 | 3";"42 | 71";"2";"65 | 65";"88";"";"3.8";"3";"1.9 | 1.9";"2.6 | 1.1";"75";"94";"82";"44";"3.7";"17.7";"7.4";"8.6";"1.2 | 2.1";"9";"14 | 66";"75 | 75";"";"1.1 | 1.1";"1.1 | 0.5";"1.8";"1.9";"1.5 | 0.6";"0.8 | 0.8";"";"38 | 62";"5.6 | 3.1";"3.9 | 4.5";"9.5";"63";"44"
"Australia";"AUS";"Npl Western Australia";"04-07-2026 04:00";"NS";"Dianella White Eagles";"";"";"Perth";"2.80";"2.04";"";"";"9 | 4";"50 | 63";"5";"51 | 78";"88";"";"3.4";"4";"1.5 | 2.3";"1.2 | 1.8";"81";"94";"64";"53";"3.7";"21.8";"9.2";"9.9";"1.5 | 1.9";"10";"63 | 42";"50 | 44";"";"0.5 | 1.1";"0.5 | 1.1";"1.8";"1.6";"0.8 | 0.7";"1 | 1.2";"";"38 | 56";"6.9 | 6";"4.4 | 2.6";"9.5";"89";"78"
"Australia";"AUS";"Npl Tasmania";"04-07-2026 01:30";"NS";"Devonport City";"";"";"Riverside Olympic";"1.23";"7.50";"";"";"3 | 5";"87 | 47";"3";"54 | 48";"70";"";"2.8";"3";"1.6 | 1.4";"0.6 | 2";"50";"80";"50";"60";"4.1";"20.1";"9.8";"11.7";"2.6 | 1.4";"12";"84 | 35";"40 | 60";"";"0.6 | 0.8";"0.4 | 1";"1.4";"1.4";"0.2 | 1";"1 | 0.6";"";"80 | 40";"6.4 | 6.2";"2.4 | 8.4";"11.4";"90";"80"
"Australia";"AUS";"Npl Tasmania";"04-07-2026 01:30";"NS";"Ulverstone";"";"";"Kingborough Lions";"16.00";"1.05";"";"";"10 | 2";"6 | 67";"4";"34 | 100";"92";"";"5.4";"4";"1 | 4";"4.7 | 1.2";"50";"83";"83";"25";"4.1";"23.6";"12.2";"11.5";"0.2 | 2";"11";"2 | 63";"33 | 50";"";"0.2 | 2.2";"2.3 | 0.7";"2.8";"2.6";"2.3 | 0.5";"0.8 | 1.8";"";"0 | 67";"2.7 | 6.2";"10.7 | 3.5";"11.4";"83";"75"
"Australia";"AUS";"Npl Tasmania";"04-07-2026 03:45";"NS";"Launceston City";"";"";"Launceston United";"";"20.00";"";"";"4 | 9";"57 | 13";"";"65 | 20";"93";"";"3.3";"4";"1.9 | 0.6";"2.1 | 2";"58";"48";"46";"62";"4.1";"24.2";"10.6";"12.5";"1.7 | 0.4";"12";"32 | 35";"57 | 20";"";"0.6 | 0.2";"0.6 | 0.2";"2.6";"0.8";"1.6 | 1.8";"1.3 | 0.4";"";"57 | 0";"5.7 | 5.2";"4.9 | 9.2";"11.4";"86";"86"
"Australia";"AUS";"Npl Tasmania";"04-07-2026 03:45";"NS";"Glenorchy Knights";"";"";"Clarence Zebras";"1.76";"3.35";"";"";"7 | 6";"47 | 56";"1";"54 | 51";"92";"";"2.8";"4";"1.6 | 1.5";"1.4 | 1.2";"66";"82";"65";"74";"4.1";"21.4";"10.5";"11.9";"1.4 | 1.7";"12";"56 | 63";"80 | 50";"";"0.8 | 1";"0.6 | 0.5";"1.4";"1.4";"0.8 | 0.7";"0.8 | 0.5";"";"40 | 50";"7.4 | 5.5";"6.2 | 4.7";"11.4";"84";"84"
"Australia";"AUS";"Npl Queensland";"04-07-2026 03:15";"NS";"Gold Coast Knights";"";"";"Moreton City Excelsior";"2.55";"2.17";"";"";"5 | 3";"87 | 54";"5";"100 | 68";"88";"";"3.8";"4";"3 | 2";"1.4 | 1.2";"69";"78";"71";"51";"3.9";"21.8";"9.8";"10";"2.6 | 1.6";"10";"56 | 63";"60 | 38";"";"0.8 | 0.6";"0.6 | 0.4";"2.6";"1.2";"0.8 | 0.9";"2.2 | 1.4";"";"80 | 50";"7.8 | 5.2";"3.4 | 3.6";"10.4";"88";"75"
"Australia";"AUS";"Npl Queensland";"04-07-2026 06:00";"NS";"Eastern Suburbs Brisbane";"";"";"Peninsula Power";"2.80";"2.06";"";"";"4 | 1";"54 | 76";"5";"71 | 92";"94";"";"3.6";"4";"2.1 | 2.7";"1.5 | 0.9";"72";"94";"87";"46";"3.9";"24.5";"9.8";"10.8";"1.6 | 2.3";"11";"52 | 74";"50 | 57";"";"1.4 | 1.1";"1.2 | 0.6";"1.4";"2.2";"0.2 | 0.3";"0.8 | 1.6";"";"50 | 71";"4.5 | 8.1";"4.4 | 4.4";"10.4";"81";"81"
"Australia";"AUS";"Npl Queensland";"04-07-2026 06:30";"NS";"Queensland Lions";"";"";"Olympic FC Brisbane";"1.33";"6.25";"";"";"2 | 8";"81 | 33";"1";"92 | 82";"93";"";"4.4";"5";"2.7 | 2.4";"1 | 2.6";"78";"93";"80";"40";"3.9";"23.1";"10.6";"10.6";"2.4 | 1";"10";"70 | 14";"57 | 50";"";"1.4 | 1";"0.3 | 0.9";"2.6";"1.8";"0.7 | 1.8";"1.3 | 1.4";"";"71 | 25";"8.4 | 3.8";"3.7 | 5.5";"10.4";"87";"87"
"Australia";"AUS";"Npl South Australian";"04-07-2026 02:00";"NS";"Adelaide City";"";"";"Para Hills Knights";"1.05";"16.00";"";"";"3 | 12";"81 | 0";"3";"92 | 14";"100";"";"4.8";"3";"2.7 | 0.4";"1.1 | 5.1";"58";"93";"100";"28";"3.6";"21.8";"10.4";"8.6";"2.4 | 0";"8";"66 | 2";"57 | 43";"";"1.6 | 0.4";"0.6 | 2.6";"2.2";"2.6";"0.6 | 2.6";"1.1 | 0";"";"71 | 0";"4.6 | 2.4";"3.7 | 6.4";"9.2";"64";"36"
"Australia";"AUS";"Npl South Australian";"04-07-2026 02:30";"NS";"Adelaide United ||";"";"";"Campbelltown City";"";"";"";"";"7 | 10";"42 | 29";"";"41 | 65";"75";"";"3.4";"4";"1.2 | 1.9";"1.1 | 2.5";"50";"75";"63";"50";"3.6";"22";"8.6";"9.3";"1.2 | 0.9";"9";"66 | 18";"38 | 50";"";"0.2 | 1.1";"0.8 | 1.2";"1.7";"1.7";"0.4 | 1.2";"1 | 0.8";"";"25 | 25";"5.8 | 4.8";"2.9 | 5.2";"9.2";"63";"56"
"Australia";"AUS";"Npl South Australian";"04-07-2026 02:30";"NS";"Sturt Lions";"";"";"Playford City Patriots";"";"";"";"";"9 | 5";"50 | 43";"";"71 | 58";"80";"";"3.8";"4";"2.1 | 1.7";"1.8 | 1.9";"68";"87";"74";"46";"3.6";"21.6";"9.5";"9.6";"1.5 | 1.3";"9";"42 | 38";"50 | 57";"";"1.1 | 1";"0.9 | 0.7";"1.9";"1.8";"0.9 | 1.1";"1 | 0.7";"";"50 | 29";"4.5 | 3.7";"3.9 | 7.1";"9.2";"68";"62"
"Australia";"AUS";"Npl South Australian";"04-07-2026 04:30";"NS";"White City Woodville";"";"";"West Adelaide";"";"";"";"";"4 | 8";"62 | 33";"";"82 | 54";"94";"";"3.6";"4";"2.4 | 1.6";"1.3 | 2";"73";"94";"80";"40";"3.6";"22.9";"9.4";"10";"1.9 | 1";"9";"60 | 35";"71 | 50";"";"1.3 | 0.6";"1 | 0.9";"1.8";"1.9";"0.3 | 1.1";"1.1 | 1";"";"57 | 25";"5.3 | 4.5";"4.1 | 6.1";"9.2";"75";"54"
"Australia";"AUS";"Npl South Australian";"04-07-2026 06:45";"NS";"NE MetroStars";"";"";"West Torrens Birkalla";"1.48";"5.10";"";"";"1 | 2";"67 | 54";"1";"88 | 65";"86";"";"3.6";"3";"2.6 | 1.9";"0.7 | 1.9";"46";"80";"80";"52";"3.6";"22.2";"10";"7.6";"2 | 1.6";"9";"80 | 38";"57 | 38";"";"1.6 | 0.9";"0.3 | 0.5";"1.9";"1.6";"0.4 | 1.4";"1 | 1";"";"57 | 50";"4.7 | 4.5";"3 | 3.1";"9.2";"54";"34"
"Australia";"AUS";"Npl Victoria";"04-07-2026 01:00";"NS";"Hume City";"";"";"Dandenong City";"2.00";"2.95";"";"";"2 | 7";"70 | 29";"5";"65 | 34";"64";"";"3";"3";"1.9 | 1";"1.2 | 1.8";"58";"64";"58";"59";"3.1";"20";"9";"10.6";"2.1 | 0.9";"10";"63 | 42";"44 | 50";"";"0.8 | 0.1";"0.4 | 0.6";"2";"1";"0.8 | 1.1";"1.1 | 0.9";"";"67 | 25";"5.3 | 4";"5.4 | 6.5";"10.2";"88";"88"
"Australia";"AUS";"Npl Victoria";"04-07-2026 02:00";"NS";"Avondale Heights";"";"";"Preston Lions";"2.20";"2.70";"";"";"3 | 4";"81 | 73";"5";"100 | 61";"80";"";"3.8";"3";"4.2 | 1.8";"0.9 | 0.6";"43";"80";"59";"46";"3.1";"23.6";"11.4";"9.5";"2.4 | 2.2";"10";"74 | 84";"33 | 40";"";"1.4 | 0.7";"0.3 | 0.3";"2.3";"1.4";"0.6 | 0.3";"2.8 | 1.1";"";"78 | 70";"4.6 | 5.2";"4.3 | 4.9";"10.2";"68";"52"
"Australia";"AUS";"Npl Victoria";"04-07-2026 02:15";"NS";"Altona Magic";"";"";"Melbourne City II";"";"";"";"";"11 | 6";"26 | 63";"";"27 | 82";"84";"";"3.1";"3";"0.8 | 2.4";"1.7 | 1.3";"61";"100";"50";"61";"3.1";"20.9";"10.1";"9.9";"0.8 | 1.9";"10";"46 | 60";"33 | 56";"";"0.4 | 1.4";"1 | 0.6";"1.4";"1.7";"0.7 | 0.8";"0.3 | 1";"";"22 | 56";"5.1 | 4.7";"4.4 | 5.6";"10.2";"72";"72"
"Australia";"AUS";"Npl Victoria";"04-07-2026 05:00";"NS";"Caroline Springs George Cross FC";"";"";"Oakleigh Cannons";"4.90";"1.50";"";"";"8 | 1";"44 | 78";"2";"37 | 68";"78";"";"2.6";"3";"1.1 | 2";"1.6 | 0.4";"50";"56";"44";"78";"3.1";"17.5";"7.6";"8.6";"1.3 | 2.3";"10";"49 | 100";"56 | 33";"";"0.8 | 0.7";"0.6 | 0.3";"1.4";"1.2";"1 | 0.1";"0.3 | 1.3";"";"33 | 67";"3.6 | 6.3";"5.2 | 2.1";"10.2";"56";"44"
"Australia";"AUS";"Victoria NPL Youth League";"04-07-2026 00:00";"NS";"Altona Magic U23";"";"";"Melbourne City FC U23";"";"";"";"";"7 | 2";"48 | 85";"";"48 | 100";"89";"";"4.2";"5";"1.4 | 3.8";"2.1 | 1";"62";"94";"78";"33";"4.2";"22";"11.6";"10.2";"1.4 | 2.6";"10";"32 | 70";"67 | 67";"";"0.9 | 1.7";"0.8 | 0.6";"2.2";"2";"1.3 | 0.4";"0.6 | 2.1";"";"44 | 78";"5 | 5";"4.3 | 6.2";"8.9";"89";"78"
"Australia";"AUS";"Victoria NPL Youth League";"04-07-2026 02:00";"NS";"Bentleigh Greens U23";"";"";"Green Gully U23";"";"";"";"";"6 | 9";"60 | 41";"";"75 | 65";"94";"";"4.2";"4";"2.2 | 1.9";"2.6 | 1.7";"74";"95";"74";"37";"4.2";"22";"13.8";"8.2";"1.8 | 1.2";"9";"14 | 46";"40 | 56";"";"0.9 | 0.7";"1.1 | 1";"2.3";"1.8";"1.5 | 0.7";"1.3 | 1.2";"";"60 | 33";"4.1 | 4.1";"2.9 | 5.4";"8.9";"72";"46"
"Australia";"AUS";"Victoria NPL Youth League";"04-07-2026 02:45";"NS";"George Cross U23";"";"";"Oakleigh Cannons U23";"";"";"";"";"1 | 4";"78 | 48";"";"82 | 61";"84";"";"3.4";"4";"2.4 | 1.8";"1 | 1.6";"67";"78";"72";"56";"4.2";"20.6";"9.9";"7.5";"2.3 | 1.4";"8";"70 | 49";"56 | 33";"";"0.7 | 0.9";"0.2 | 0.6";"2.2";"1.2";"0.8 | 1";"1.8 | 0.9";"";"78 | 44";"4.6 | 4.7";"3.3 | 2.4";"8.9";"62";"11"
"Australia";"AUS";"Victoria NPL Youth League";"04-07-2026 03:15";"NS";"Hume City U23";"";"";"Dandenong City U23";"";"";"";"";"14 | 12";"11 | 33";"";"27 | 48";"82";"";"3.2";"4";"0.8 | 1.4";"2.1 | 2";"76";"69";"64";"55";"4.2";"18.5";"10.6";"8.4";"0.3 | 1";"9";"32 | 35";"56 | 57";"";"0.3 | 0.3";"0.8 | 0.9";"2";"1.1";"1.3 | 1.1";"0.4 | 1.1";"";"0 | 29";"3.5 | 4.7";"4.6 | 4.2";"8.9";"50";"42"
"Australia";"AUS";"Victoria NPL Youth League";"04-07-2026 21:15";"NS";"Avondale U23";"";"";"Preston Lions U23";"1.45";"4.75";"";"";"5 | 11";"48 | 33";"1";"65 | 41";"74";"";"3.5";"4";"1.9 | 1.2";"1.7 | 2.2";"43";"70";"53";"58";"4.2";"18.4";"8.9";"8.4";"1.4 | 1";"9";"46 | 28";"44 | 40";"";"0.9 | 0.2";"1 | 0.7";"2.1";"1.4";"0.7 | 1.5";"1 | 1";"";"44 | 30";"5.3 | 3.9";"3.2 | 4.4";"8.9";"58";"40"
"Australia";"AUS";"Victoria NPL Youth League";"04-07-2026 23:30";"NS";"South Melbourne U23";"";"";"Dandenong Thunder U23";"";"";"";"";"8 | 13";"38 | 15";"";"71 | 48";"100";"";"4.6";"4";"2.1 | 1.4";"2.4 | 3.2";"64";"100";"82";"18";"4.2";"26";"14.6";"10.2";"1.1 | 0.4";"10";"21 | 2";"62 | 67";"";"0.8 | 0.7";"1 | 1.6";"2.6";"2";"1.4 | 1.7";"1.4 | 0.8";"";"38 | 11";"4.5 | 2.4";"6.8 | 6.7";"8.9";"80";"64"
"Australia";"AUS";"Brisbane Reserves Premier League";"04-07-2026 03:00";"NS";"Newmarket U23";"";"";"Carina U23";"";"";"";"";"4 | 5";"76 | 67";"";"100 | 100";"87";"";"6.8";"6";"6.4 | 4.5";"1.7 | 1.1";"48";"";"87";"26";"4.8";"";"";"";"2.3 | 2";"";"46 | 66";"43 | 38";"";"";"";"0";"0";"";"";"";"71 | 62";"";"";"0";"";""
"Australia";"AUS";"Brisbane Reserves Premier League";"04-07-2026 03:00";"NS";"Yeronga Eagles U23";"";"";"Springfield United U23";"";"";"";"";"3 | 10";"62 | 38";"";"82 | 51";"100";"";"4.4";"5";"2.4 | 1.5";"1.5 | 3.4";"50";"";"82";"56";"4.8";"";"";"";"1.9 | 1.1";"";"52 | 2";"50 | 25";"";"";"";"0";"0";"";"";"";"62 | 38";"";"";"0";"";""
"Australia";"AUS";"Brisbane Reserves Premier League";"04-07-2026 04:00";"NS";"North Lakes United U23";"";"";"North Brisbane U23";"";"";"";"";"8 | 6";"42 | 33";"";"71 | 99";"100";"";"5";"4";"2.1 | 2.9";"2.2 | 2.8";"82";"";"100";"38";"4.8";"";"";"";"1.2 | 1";"";"28 | 7";"38 | 38";"";"";"";"0";"0";"";"";"";"38 | 25";"";"";"0";"";""
"Australia";"AUS";"Victoria Premier League 2";"04-07-2026 02:00";"NS";"North Sunshine Eagles";"";"";"Manningham United Blues";"1.98";"3.00";"";"";"13 | 9";"26 | 29";"1";"37 | 48";"78";"";"3.5";"4";"1.1 | 1.4";"1.9 | 2.6";"66";"47";"66";"52";"3.3";"22.4";"12.4";"10.4";"0.8 | 0.9";"10";"38 | 14";"44 | 62";"";"0.2 | 0.4";"0.7 | 0.6";"2.6";"1";"1.2 | 2";"0.9 | 1";"";"22 | 25";"5.4 | 4.9";"4.7 | 5.9";"10.5";"73";"66"
"Australia";"AUS";"Victoria Premier League 2";"04-07-2026 02:00";"NS";"Langwarrin";"";"";"Eltham Redbacks";"2.85";"2.00";"";"";"11 | 8";"54 | 33";"5";"85 | 48";"100";"";"3.9";"4";"2.5 | 1.4";"1.9 | 2";"83";"94";"94";"34";"3.3";"20";"11.2";"11";"1.6 | 1";"11";"38 | 35";"50 | 44";"";"1.2 | 1";"0.6 | 0.6";"2.2";"1.8";"1.2 | 1.4";"1.2 | 0.4";"";"50 | 33";"5.1 | 5.6";"6.6 | 4.6";"10.5";"84";"84"
"Australia";"AUS";"Victoria Premier League 2";"04-07-2026 04:00";"NS";"North Geelong Warriors";"";"";"Port Melbourne";"1.35";"5.80";"";"";"6 | 14";"67 | 7";"1";"68 | 0";"67";"";"3.2";"3";"2 | 0";"1.7 | 2.8";"34";"72";"61";"62";"3.3";"22.6";"14.5";"11.8";"2 | 0.2";"11";"46 | 7";"44 | 44";"";"0.8 | 0";"1.3 | 1.3";"1.5";"1.7";"0.3 | 1.4";"1.2 | 0";"";"67 | 0";"6.2 | 3.7";"5.8 | 7.9";"10.5";"84";"84"
"Australia";"AUS";"Western Australia State League 1";"04-07-2026 04:00";"NS";"Mandurah City";"";"";"Gwelup Croatia SC";"";"";"";"";"3 | 10";"62 | 33";"";"78 | 24";"76";"";"3.2";"3";"2.3 | 0.7";"1.3 | 2.2";"60";"69";"68";"55";"3.4";"29.6";"16.5";"10.1";"1.9 | 1";"11";"60 | 28";"57 | 50";"";"0.6 | 0.3";"0.6 | 0.5";"2.2";"1";"0.7 | 1.7";"1.7 | 0.3";"";"57 | 33";"5.5 | 5.8";"2.5 | 6.5";"10.1";"75";"75"
"Australia";"AUS";"Western Australia State League 1";"04-07-2026 04:00";"NS";"Joondalup City";"";"";"Quinns";"";"";"";"";"4 | 7";"40 | 58";"";"34 | 51";"90";"";"3";"4";"1 | 1.5";"1.6 | 2";"55";"88";"55";"78";"3.4";"";"";"";"1.2 | 1.8";"";"49 | 35";"60 | 25";"";"0.6 | 0.5";"0.6 | 0.9";"1.8";"1.3";"1 | 1.1";"0.4 | 1";"";"40 | 50";"";"";"10.1";"";""
"Australia";"AUS";"Western Australia State League 1";"04-07-2026 04:00";"NS";"Kingsley";"";"";"UWA Nedlands";"";"";"";"";"5 | 1";"62 | 56";"";"68 | 75";"78";"";"3.5";"4";"2 | 2.2";"1 | 1.8";"56";"93";"70";"38";"3.4";"24.6";"14";"10";"1.9 | 1.7";"10";"70 | 42";"57 | 67";"";"1 | 1";"0.7 | 0.7";"1.8";"1.7";"0.3 | 1.2";"1 | 1.2";"";"57 | 50";"6.5 | 5.5";"4.7 | 3.2";"10.1";"79";"79"
"Australia";"AUS";"Western Australia State League 1";"04-07-2026 04:00";"NS";"Murdoch Uni Melville";"";"";"Floreat Athena";"";"";"";"";"9 | 2";"38 | 44";"";"65 | 58";"84";"";"3.2";"4";"1.9 | 1.7";"1.9 | 1";"75";"60";"69";"54";"3.4";"22";"9.6";"10.2";"1.1 | 1.3";"10";"38 | 70";"43 | 67";"";"0.9 | 0.8";"0.6 | 0.2";"2";"1.2";"1.3 | 0.8";"1 | 0.8";"";"29 | 33";"3.3 | 6.3";"6.8 | 4";"10.1";"75";"58"
"Australia";"AUS";"Western Australia State League 1";"04-07-2026 04:00";"NS";"Inglewood United";"";"";"Subiaco";"";"";"";"";"6 | 11";"46 | 29";"";"31 | 54";"74";"";"2.9";"3";"0.9 | 1.6";"1 | 2.3";"60";"88";"54";"86";"3.4";"22.8";"11.4";"9.3";"1.4 | 0.9";"10";"70 | 25";"62 | 29";"";"0.5 | 0.6";"0.6 | 1.1";"1.5";"1.4";"0.4 | 1.1";"0.4 | 1";"";"38 | 29";"6.3 | 3.8";"4.1 | 4.4";"10.1";"73";"63"
"Australia";"AUS";"Western Australia State League 1";"04-07-2026 04:00";"NS";"Curtin University";"";"";"Cockburn City";"";"";"";"";"12 | 8";"0 | 28";"";"10 | 68";"84";"";"3.4";"4";"0.3 | 2";"2 | 2.5";"58";"75";"66";"58";"3.4";"21.4";"9.8";"12.3";"0 | 0.8";"11";"35 | 18";"33 | 33";"";"0.2 | 0.8";"0.8 | 0.7";"2.2";"1.2";"1.2 | 1.8";"0.2 | 1.2";"";"0 | 17";"5.3 | 6.8";"6.5 | 6";"10.1";"100";"100"
"Australia";"AUS";"South Australia State League 1";"04-07-2026 02:30";"NS";"Adelaide Blue Eagles";"";"";"South Adelaide Panthers";"";"";"";"";"7 | 12";"61 | 4";"";"61 | 37";"100";"";"3.8";"3";"1.8 | 1.1";"0.8 | 3.8";"78";"86";"69";"54";"3.4";"23.5";"11.8";"9.6";"1.8 | 0.1";"9";"77 | 2";"50 | 62";"";"0.8 | 0.5";"0.3 | 1.9";"2";"1.8";"0.5 | 1.9";"1 | 0.6";"";"50 | 0";"4.8 | 4.5";"3.5 | 6.5";"9.7";"75";"54"
"Australia";"AUS";"South Australia State League 1";"04-07-2026 02:30";"NS";"Adelaide Cobras";"";"";"Fulham United";"3.25";"1.87";"";"";"9 | 2";"17 | 54";"2";"41 | 34";"88";"";"2.8";"4";"1.2 | 1";"2 | 1.5";"44";"69";"62";"68";"3.4";"15.2";"7.2";"9.1";"0.5 | 1.6";"9";"35 | 52";"38 | 62";"";"0.9 | 0.4";"0.4 | 0.1";"2";"0.8";"1.6 | 1.4";"0.4 | 0.6";"";"12 | 50";"4.1 | 5.4";"5 | 3.8";"9.7";"68";"56"
"Australia";"AUS";"South Australia State League 1";"04-07-2026 04:30";"NS";"The Cove";"";"";"Adelaide Atletico";"";"";"";"";"8 | 3";"72 | 62";"";"75 | 54";"100";"";"3.5";"4";"2.2 | 1.6";"1.2 | 2.1";"76";"92";"76";"54";"3.4";"22";"11.8";"10";"2.2 | 1.9";"10";"63 | 32";"50 | 43";"";"1 | 0.3";"0.8 | 1.3";"1.8";"1.7";"0.3 | 0.9";"1.2 | 1.3";"";"67 | 57";"5.2 | 5.4";"4 | 5.3";"9.7";"69";"62"
"Australia";"AUS";"South Australia State League 1";"04-07-2026 06:30";"NS";"Cumberland United";"";"";"Adelaide Raiders";"";"";"";"";"6 | 1";"43 | 54";"";"71 | 75";"100";"";"4";"4";"2.1 | 2.2";"2 | 1.6";"66";"88";"73";"54";"3.4";"20";"10.4";"10.9";"1.3 | 1.6";"10";"35 | 49";"43 | 50";"";"1.4 | 0.9";"0.9 | 0.9";"2";"2";"1.1 | 0.8";"0.7 | 1.4";"";"43 | 50";"5 | 6.6";"4.9 | 5.1";"9.7";"86";"59"
"Australia";"AUS";"South Australia Reserves Premier League";"04-07-2026 00:00";"NS";"Sturt Lions Res.";"";"";"Playford City Res.";"";"";"";"";"6 | 12";"58 | 14";"";"100 | 44";"93";"";"5.8";"5";"3.1 | 1.3";"1.8 | 5.4";"87";"87";"93";"27";"4.6";"27.6";"16.4";"12";"1.8 | 0.4";"11";"42 | 2";"62 | 43";"";"1.5 | 1";"0.8 | 2";"3.2";"2.6";"1 | 3.4";"1.6 | 0.3";"";"50 | 14";"6.3 | 3.7";"5 | 9";"10.1";"93";"84"
"Australia";"AUS";"South Australia Reserves Premier League";"04-07-2026 00:15";"NS";"Adelaide United Res.";"";"";"Campbelltown City Res.";"";"";"";"";"3 | 2";"62 | 88";"";"100 | 100";"94";"";"5.4";"5";"4.4 | 3.6";"2 | 0.9";"68";"100";"88";"25";"4.6";"25.7";"15.8";"10.6";"1.9 | 2.6";"11";"35 | 74";"38 | 25";"";"2.1 | 1.5";"0.6 | 0.2";"3.2";"2.3";"1.4 | 0.6";"2.2 | 2.1";"";"62 | 88";"8.5 | 4.6";"3.8 | 4.2";"10.1";"81";"75"
"Australia";"AUS";"South Australia Reserves Premier League";"04-07-2026 01:45";"NS";"MetroStars Res.";"";"";"West Torrens Res.";"1.32";"6.10";"";"";"1 | 4";"90 | 42";"1";"100 | 75";"100";"";"4.6";"5";"3.4 | 2.2";"1.1 | 2.2";"81";"100";"94";"46";"4.6";"22.4";"12.2";"10.2";"2.7 | 1.2";"10";"66 | 28";"43 | 50";"";"1.3 | 1.5";"0.7 | 1.1";"2.2";"2.3";"0.4 | 1.1";"2.1 | 0.8";"";"86 | 38";"9 | 4";"3 | 4.4";"10.1";"78";"64"
"Australia";"AUS";"South Australia Reserves Premier League";"04-07-2026 02:15";"NS";"Beograd Res.";"";"";"West Adelaide Res.";"";"";"";"";"11 | 9";"5 | 38";"";"14 | 17";"81";"";"3.2";"4";"0.4 | 0.5";"3.1 | 2.2";"20";"81";"75";"59";"4.6";"23.2";"11.6";"11.4";"0.1 | 1.1";"11";"2 | 28";"57 | 50";"";"0.3 | 0.1";"2.1 | 1";"1.4";"1.8";"1 | 1.2";"0.1 | 0.4";"";"0 | 38";"5.7 | 3";"7.3 | 6.8";"10.1";"84";"84"
"Australia";"AUS";"South Australia Reserves Premier League";"04-07-2026 03:15";"NS";"Adelaide Comets Res.";"";"";"Croydon Kings Res.";"";"";"";"";"8 | 7";"38 | 71";"";"88 | 78";"100";"";"4.7";"4";"2.6 | 2.3";"2.9 | 1.6";"93";"78";"93";"22";"4.6";"20.6";"11.9";"11.2";"1.1 | 2.1";"10";"4 | 49";"50 | 57";"";"0.9 | 0.7";"0.9 | 0.6";"2.8";"1.4";"2 | 1";"2.6 | 1.6";"";"38 | 71";"6.4 | 3";"3.6 | 9.3";"10.1";"72";"62"
"Australia";"AUS";"Queensland Premier League";"04-07-2026 01:30";"NS";"Robina City";"";"";"Broadbeach United";"3.65";"1.79";"";"";"6 | 1";"67 | 92";"2";"78 | 100";"84";"";"4";"4";"2.3 | 3.5";"0.9 | 1.2";"66";"84";"84";"28";"3.4";"20.5";"9.8";"10";"2 | 2.8";"9";"74 | 63";"56 | 50";"";"1.2 | 1.5";"0.6 | 0.5";"2.1";"1.9";"0.3 | 0.8";"1.1 | 2";"";"67 | 88";"7.3 | 4.2";"3.8 | 4.6";"10";"76";"76"
"Australia";"AUS";"Queensland Premier League";"04-07-2026 04:00";"NS";"Brisbane Strikers";"";"";"Logan Lightning";"1.53";"4.60";"";"";"2 | 9";"92 | 42";"1";"99 | 51";"88";"";"3.2";"3";"2.9 | 1.5";"0.4 | 1.8";"38";"75";"50";"62";"3.4";"21.8";"9.6";"8.9";"2.8 | 1.2";"9";"100 | 42";"25 | 50";"";"1.1 | 0.4";"0 | 0.6";"2.2";"1";"0.4 | 1.1";"1.8 | 1.1";"";"88 | 38";"5.1 | 4.6";"2.9 | 5.1";"10";"62";"44"
"Australia";"AUS";"Queensland Premier League";"04-07-2026 04:45";"NS";"North Star";"";"";"Redlands United";"";"";"";"";"10 | 8";"14 | 48";"";"34 | 58";"86";"";"3.1";"3";"1 | 1.7";"2.1 | 1.4";"72";"86";"72";"64";"3.4";"25";"11.2";"9.6";"0.4 | 1.4";"10";"32 | 56";"43 | 29";"";"0 | 1.3";"1.4 | 0.3";"1.6";"1.5";"0.7 | 1.1";"1 | 0.4";"";"14 | 43";"5.4 | 3";"3.9 | 7";"10";"71";"64"
"Australia";"AUS";"Queensland Premier League";"04-07-2026 05:00";"NS";"Capalaba";"";"";"St George Willawong";"2.90";"2.07";"";"";"12 | 11";"12 | 15";"5";"41 | 20";"89";"";"3.8";"4";"1.2 | 0.6";"3.2 | 2.6";"54";"83";"66";"46";"3.4";"20.6";"9.8";"11.2";"0.4 | 0.4";"11";"2 | 14";"50 | 33";"";"0.4 | 0.3";"0.9 | 0.8";"2.6";"1.2";"2.4 | 1.8";"0.9 | 0.2";"";"12 | 11";"5.2 | 4.8";"7.4 | 5";"10";"78";"78"
"Australia";"AUS";"New South Wales NPL Youth League";"04-07-2026 00:00";"NS";"UNSW U20";"";"";"Sydney U20";"3.30";"1.90";"";"";"12 | 5";"40 | 62";"2";"75 | 51";"88";"";"3.7";"4";"2.2 | 1.5";"2.7 | 1";"66";"88";"65";"52";"3.8";"25.3";"12.1";"8.2";"1.2 | 1.9";"9";"10 | 70";"50 | 50";"";"1 | 0.9";"1.5 | 0.6";"1.7";"2";"1.2 | 0.4";"1.2 | 0.6";"";"30 | 50";"4.5 | 3.3";"5.8 | 3";"9.1";"54";"54"
"Australia";"AUS";"New South Wales NPL Youth League";"04-07-2026 04:00";"NS";"WS Wanderers U20";"";"";"Sydney Olympic U20";"1.24";"8.00";"";"";"9 | 16";"23 | 3";"3";"61 | 37";"90";"";"4.3";"4";"1.8 | 1.1";"2.9 | 2.8";"70";"90";"80";"50";"3.8";"22.8";"11.8";"9.4";"0.7 | 0.1";"9";"4 | 7";"40 | 50";"";"1 | 0.5";"1.1 | 1.1";"2.4";"1.8";"1.8 | 1.7";"0.8 | 0.6";"";"20 | 0";"4.2 | 2.1";"5.8 | 6.7";"9.1";"68";"50"
"Australia";"AUS";"New South Wales NPL Youth League";"04-07-2026 06:00";"NS";"Manly United U20";"";"";"SD Raiders U20";"2.25";"2.60";"";"";"4 | 7";"77 | 41";"5";"58 | 41";"74";"";"3";"3";"1.7 | 1.2";"0.9 | 2.1";"53";"74";"64";"63";"3.8";"17.5";"7.5";"8.8";"2.3 | 1.2";"9";"74 | 32";"50 | 44";"";"0.6 | 0.8";"0.2 | 1.2";"1.5";"1.3";"0.7 | 1.1";"1.1 | 0.6";"";"70 | 33";"4.2 | 5";"4.6 | 3.7";"9.1";"58";"40"
"Australia";"AUS";"New South Wales NPL Youth League";"04-07-2026 06:45";"NS";"Sutherland Sharks U20";"";"";"APIA Leichhardt U20";"4.10";"1.61";"";"";"14 | 1";"30 | 87";"2";"58 | 65";"80";"";"3";"3";"1.7 | 1.9";"1.9 | 0.5";"58";"79";"48";"73";"3.8";"22.4";"11.6";"9";"0.9 | 2.6";"9";"38 | 88";"44 | 40";"";"0.6 | 1";"1.3 | 0.2";"1.4";"1.5";"0.6 | 0.3";"1.1 | 0.9";"";"22 | 80";"5.1 | 5.7";"3.8 | 3.5";"9.1";"79";"46"
"Australia";"AUS";"Victoria NPL 2 Youth";"04-07-2026 01:00";"NS";"Goulburn Valley Suns U23";"";"";"Moreland City U23";"";"";"";"";"14 | 11";"30 | 44";"";"37 | 82";"94";"";"4";"4";"1.1 | 2.4";"1.7 | 2.7";"72";"";"72";"56";"4.1";"";"";"";"0.9 | 1.3";"";"46 | 10";"56 | 33";"";"";"";"0";"0";"";"";"";"22 | 44";"";"";"0";"";""
"Australia";"AUS";"Victoria NPL 2 Youth";"04-07-2026 01:45";"NS";"Malvern City U23";"";"";"Eastern Lions U23";"";"";"";"";"10 | 6";"33 | 37";"";"85 | 34";"85";"";"3.8";"4";"2.5 | 1";"2.8 | 1.3";"74";"";"69";"51";"4.1";"";"";"";"1 | 1.1";"";"7 | 60";"38 | 50";"";"";"";"0";"0";"";"";"";"25 | 30";"";"";"0";"";""
"Australia";"AUS";"Victoria NPL 2 Youth";"04-07-2026 02:00";"NS";"Kingston City U23";"";"";"Nunawading City U23";"";"";"";"";"13 | 12";"27 | 33";"";"61 | 37";"80";"";"4.1";"4";"1.8 | 1.1";"3.8 | 1.4";"70";"";"62";"56";"4.1";"";"";"";"0.8 | 1";"";"2 | 56";"50 | 43";"";"";"";"0";"0";"";"";"";"20 | 14";"";"";"0";"";""
"Australia";"AUS";"Victoria NPL 2 Youth";"04-07-2026 04:30";"NS";"Box Hill United U23";"";"";"Whittlesea United U23";"";"";"";"";"1 | 3";"78 | 53";"";"100 | 51";"85";"";"3.9";"4";"3 | 1.5";"1.6 | 1.7";"74";"";"85";"36";"4.1";"";"";"";"2.3 | 1.6";"";"49 | 46";"44 | 50";"";"";"";"0";"0";"";"";"";"78 | 50";"";"";"0";"";""
"Australia";"AUS";"Queensland Premier League 2";"04-07-2026 04:00";"NS";"Grange Thistle";"";"";"Mitchelton";"";"";"";"";"1 | 9";"79 | 29";"";"95 | 68";"93";"";"4.4";"4";"2.8 | 2";"1.4 | 2.7";"66";"93";"80";"40";"3.7";"31.6";"19.1";"12.4";"2.4 | 0.9";"11";"56 | 10";"50 | 43";"";"1.2 | 0.6";"0.6 | 1.1";"2.6";"1.8";"0.8 | 1.6";"1.5 | 1.4";"";"75 | 29";"7.7 | 7";"3 | 7";"11.1";"100";"100"
"Australia";"AUS";"Queensland Premier League 2";"04-07-2026 05:00";"NS";"Moreton City II";"";"";"Southside Eagles";"";"";"";"";"3 | 10";"62 | 29";"";"100 | 48";"100";"";"4.3";"4";"3.7 | 1.4";"1.3 | 2.1";"78";"86";"86";"50";"3.7";"31.2";"18.4";"10.9";"1.9 | 0.9";"11";"60 | 32";"43 | 43";"";"1.6 | 0.6";"0.7 | 0.6";"2.6";"1.7";"0.6 | 1.6";"2.1 | 0.9";"";"57 | 29";"6.2 | 2.5";"5.3 | 7.8";"11.1";"100";"84"
"Australia";"AUS";"Queensland Premier League 2";"04-07-2026 05:00";"NS";"Pine Hills";"";"";"Souths United";"";"";"";"";"5 | 6";"48 | 67";"";"48 | 78";"70";"";"3.2";"4";"1.4 | 2.3";"1.3 | 1.3";"46";"62";"63";"52";"3.7";"29.2";"19";"11";"1.4 | 2";"11";"60 | 60";"43 | 67";"";"0.6 | 0.8";"0.4 | 0.3";"2.1";"1.1";"0.9 | 1";"0.9 | 1.5";"";"43 | 67";"5.2 | 5";"4.8 | 7";"11.1";"88";"88"
"Australia";"AUS";"Queensland Premier League 2";"04-07-2026 05:15";"NS";"Brisbane Knights";"";"";"SWQ Thunder";"";"";"";"";"11 | 2";"67 | 62";"";"75 | 71";"86";"";"3.4";"4";"2.2 | 2.1";"1.2 | 1.2";"44";"64";"62";"71";"3.7";"31.6";"18.1";"10.4";"2 | 1.9";"11";"63 | 63";"33 | 25";"";"0.8 | 1";"0.5 | 0.5";"2";"1.4";"0.7 | 0.8";"1.3 | 1.1";"";"67 | 62";"3.8 | 6.3";"6 | 4.9";"11.1";"83";"73"
"Australia";"AUS";"Queensland Premier League 2";"04-07-2026 06:00";"NS";"Virginia United";"";"";"Taringa Rovers";"";"";"";"";"4 | 8";"39 | 52";"";"51 | 78";"100";"";"3.8";"4";"1.5 | 2.3";"2.2 | 1.7";"77";"68";"84";"48";"3.7";"31.3";"20.2";"10.1";"1.2 | 1.6";"11";"28 | 46";"33 | 71";"";"0.5 | 1";"0.7 | 0.6";"2.4";"1.4";"1.5 | 1.1";"1 | 1.3";"";"33 | 43";"4.5 | 5.3";"5.8 | 4.7";"11.1";"54";"54"
"Australia";"AUS";"South Australia State League 1 Reserves";"04-07-2026 00:15";"NS";"Blue Eagles Res.";"";"";"South Adelaide Res.";"";"";"";"";"3 | 8";"62 | 19";"";"65 | 34";"78";"";"3.2";"4";"1.9 | 1";"1.6 | 1.9";"72";"57";"64";"64";"4.1";"27.5";"14.6";"9.4";"1.9 | 0.6";"10";"49 | 38";"43 | 71";"";"0.6 | 0.6";"0.7 | 0.7";"1.8";"1.3";"0.9 | 1.1";"1.3 | 0.4";"";"57 | 14";"5.3 | 4";"4.7 | 4.8";"9.6";"88";"75"
"Australia";"AUS";"South Australia State League 1 Reserves";"04-07-2026 00:15";"NS";"Adelaide Cobras Res.";"";"";"Fulham United Res.";"1.76";"3.30";"";"";"6 | 10";"71 | 42";"1";"71 | 54";"87";"";"3.6";"4";"2.1 | 1.6";"1.4 | 1.9";"60";"80";"74";"46";"4.1";"18.5";"8.5";"9.4";"2.1 | 1.2";"10";"56 | 38";"57 | 50";"";"1.4 | 0.6";"0.6 | 1";"1.8";"1.8";"0.9 | 0.9";"0.7 | 1";"";"71 | 38";"3.3 | 4.2";"5.7 | 5.5";"9.6";"92";"58"
"Australia";"AUS";"South Australia State League 1 Reserves";"04-07-2026 00:15";"NS";"Adelaide Olympic Res.";"";"";"Salisbury Unted Res.";"1.01";"20.00";"";"";"1 | 12";"67 | 14";"3";"100 | 58";"87";"";"4.3";"4";"3 | 1.7";"1.2 | 2.7";"68";"87";"80";"34";"4.1";"29.2";"16.6";"10.1";"2 | 0.4";"9";"63 | 10";"38 | 43";"";"2.1 | 0.7";"0.4 | 0.9";"2.4";"2";"0.9 | 1.9";"0.9 | 1";"";"62 | 14";"6.8 | 4.8";"3.2 | 5.5";"9.6";"88";"88"
"Australia";"AUS";"South Australia State League 1 Reserves";"04-07-2026 02:00";"NS";"The Cove Res.";"";"";"Adelaide Atletico Res.";"";"";"";"";"5 | 7";"61 | 14";"";"44 | 48";"76";"";"3";"4";"1.3 | 1.4";"1 | 2.3";"69";"62";"60";"62";"4.1";"20.7";"11.2";"8.4";"1.8 | 0.4";"9";"70 | 25";"50 | 43";"";"0.3 | 0.7";"0.7 | 1.4";"1.5";"1.6";"0.3 | 0.9";"1 | 0.7";"";"50 | 14";"3.4 | 5.1";"4 | 4.3";"9.6";"58";"38"
"Australia";"AUS";"South Australia State League 1 Reserves";"04-07-2026 04:00";"NS";"Cumberland United Res.";"";"";"Adelaide Raiders Res.";"";"";"";"";"2 | 9";"67 | 38";"";"99 | 92";"100";"";"4.8";"4";"2.9 | 2.7";"2.1 | 1.9";"93";"93";"93";"22";"4.1";"25.4";"16.3";"8.6";"2 | 1.1";"9";"32 | 38";"71 | 29";"";"1.9 | 0.9";"1.1 | 1.1";"2.3";"2.5";"1 | 0.7";"1 | 1.9";"";"57 | 29";"4.4 | 4";"5.4 | 3.5";"9.6";"65";"46"
"Australia";"AUS";"Capital Territory NPL Youth League";"04-07-2026 01:15";"NS";"Belconnen United U23";"";"";"Canberra Juventus U23";"";"";"";"";"3 | 5";"83 | 57";"";"85 | 88";"84";"";"4.2";"4";"2.5 | 2.6";"2 | 1.4";"69";"86";"70";"38";"4.2";"25.1";"16.2";"8.6";"2.5 | 1.7";"9";"35 | 56";"50 | 57";"";"0.7 | 1.1";"1.5 | 0.3";"2.4";"1.8";"0.5 | 1.1";"1.8 | 1.4";"";"83 | 43";"5.6 | 3.3";"3.4 | 5";"8.6";"74";"55"
"Australia";"AUS";"Capital Territory NPL Youth League";"04-07-2026 02:30";"NS";"Monaro Panthers U23";"";"";"Brindabella Blues U23";"";"";"";"";"2 | 10";"60 | 22";"";"88 | 24";"84";"";"4.6";"5";"2.6 | 0.7";"2 | 3.8";"46";"84";"84";"36";"4.2";"26.4";"17";"9.3";"1.8 | 0.7";"9";"35 | 2";"40 | 50";"";"1.4 | 0.5";"1.4 | 2.2";"1.8";"2.8";"0.6 | 1.7";"1.2 | 0.2";"";"60 | 17";"7.5 | 2.6";"2.5 | 6";"8.6";"68";"58"
"Australia";"AUS";"Capital Territory NPL Youth League";"04-07-2026 23:30";"NS";"Canberra Croatia U23";"";"";"Canberra Olympic U23";"";"";"";"";"9 | 7";"67 | 54";"";"75 | 85";"90";"";"4.2";"4";"2.2 | 2.5";"1.4 | 2.4";"74";"100";"84";"22";"4.2";"28.5";"17.8";"8.8";"2 | 1.6";"8";"56 | 21";"80 | 62";"";"1.2 | 1.2";"0.6 | 1.2";"2.1";"2.2";"0.8 | 1.1";"1 | 1.2";"";"60 | 50";"5.7 | 5.2";"3.7 | 3.2";"8.6";"75";"50"
"Australia";"AUS";"Queensland NPL Youth League";"04-07-2026 02:00";"NS";"Lions U23";"";"";"Olympic U23";"1.37";"5.80";"";"";"1 | 7";"100 | 43";"1";"100 | 48";"86";"";"3.4";"4";"3.3 | 1.4";"0.3 | 1.9";"36";"93";"71";"64";"4.2";"24.2";"11.4";"9.6";"3 | 1.3";"10";"100 | 38";"43 | 29";"";"1.4 | 0.4";"0.1 | 1.1";"1.8";"1.6";"0.1 | 0.7";"1.9 | 1";"";"100 | 43";"6.3 | 3.3";"3.6 | 6.1";"10.2";"78";"64"
"Australia";"AUS";"Queensland NPL Youth League";"04-07-2026 03:00";"NS";"Wolves U23";"";"";"Rochedale Rovers U23";"";"";"";"";"9 | 2";"46 | 62";"";"54 | 71";"88";"";"3.6";"4";"1.6 | 2.1";"1.9 | 1.4";"52";"66";"60";"52";"4.2";"25.2";"12.9";"10.4";"1.4 | 1.9";"11";"38 | 56";"38 | 57";"";"0.6 | 1.1";"0.8 | 0.6";"2";"1.5";"1.1 | 0.9";"1 | 1";"";"38 | 57";"4.7 | 6.5";"6 | 3.7";"10.2";"86";"77"
"Australia";"AUS";"Queensland NPL Youth League";"04-07-2026 03:45";"NS";"Eastern Suburbs U23";"";"";"Peninsula Power U23";"1.71";"3.55";"";"";"4 | 10";"71 | 50";"1";"85 | 75";"78";"";"3.6";"4";"2.5 | 2.2";"1 | 1.5";"48";"69";"69";"38";"4.2";"22";"10.8";"10.4";"2.1 | 1.5";"10";"70 | 52";"75 | 50";"";"1.5 | 0.8";"0.1 | 0.2";"2.3";"1.3";"0.9 | 1.3";"1 | 1.3";"";"62 | 50";"5.4 | 5.3";"5.9 | 4.2";"10.2";"76";"60"
"Australia";"AUS";"Queensland NPL Youth League";"04-07-2026 23:45";"NS";"Gold Coast United U23";"";"";"Magic United U23";"";"";"";"";"6 | 12";"72 | 5";"";"95 | 20";"100";"";"4.6";"5";"2.8 | 0.6";"1.3 | 4.3";"70";"92";"84";"40";"4.2";"24.2";"13.7";"13.3";"2.2 | 0.1";"12";"60 | 2";"50 | 29";"";"0.8 | 0.2";"1 | 1.2";"2.4";"1.3";"1.8 | 3.8";"1.4 | 0.5";"";"67 | 0";"4.6 | 5.2";"7 | 9.8";"10.2";"88";"88"
"Australia";"AUS";"NSW League One Youth";"04-07-2026 00:30";"NS";"Blacktown Spartans U20";"";"";"Newcastle Jets U20";"";"";"";"";"11 | 5";"33 | 57";"";"41 | 71";"85";"";"3.9";"4";"1.2 | 2.1";"1.6 | 2.9";"60";"93";"75";"45";"3.8";"";"";"";"1 | 1.7";"";"49 | 4";"60 | 60";"";"0.5 | 0.4";"1.1 | 2";"1.4";"1.6";"0.5 | 2.1";"0.7 | 2.6";"";"30 | 50";"";"";"9";"";""
"Australia";"AUS";"NSW League One Youth";"04-07-2026 04:00";"NS";"Bulls Academy U20";"";"";"Mt Druitt Town U20";"";"";"";"";"2 | 12";"78 | 50";"";"99 | 65";"89";"";"3.5";"4";"2.9 | 1.9";"0.4 | 1.8";"31";"94";"79";"52";"3.8";"";"";"";"2.3 | 1.5";"";"100 | 42";"56 | 40";"";"1 | 1";"0.2 | 1.2";"1";"1.2";"4.5 | 1";"1.8 | 1.4";"";"78 | 50";"";"";"9";"";""
"Australia";"AUS";"NSW League One Youth";"04-07-2026 05:30";"NS";"Macarthur Rams U20";"";"";"Inter Lions U20";"";"";"";"";"8 | 16";"30 | 23";"";"68 | 27";"95";"";"4.1";"4";"2 | 0.8";"1.9 | 3.5";"55";"88";"80";"50";"3.8";"28.8";"16.2";"9";"0.9 | 0.7";"9";"38 | 2";"50 | 50";"";"1.4 | 0.4";"0.6 | 1.8";"1.6";"1.8";"1.1 | 2.6";"1.2 | 0.6";"";"20 | 20";"4.5 | 3.9";"3.5 | 6";"9";"56";"56"
"Australia";"AUS";"NSW League One Youth";"04-07-2026 06:00";"NS";"Bankstown City U20";"";"";"Dulwich Hill U20";"";"";"";"";"10 | 6";"43 | 70";"";"75 | 51";"80";"";"3.5";"4";"2.2 | 1.5";"1.9 | 1.4";"75";"76";"70";"65";"3.8";"17.8";"9.3";"8.3";"1.3 | 2.1";"9";"38 | 56";"50 | 60";"";"1.2 | 0.9";"1 | 0.6";"1.6";"1.6";"1 | 1.1";"1.3 | 1";"";"40 | 60";"4.7 | 4";"3.7 | 4.3";"9";"54";"46"
"Australia";"AUS";"NSW League One Youth";"04-07-2026 06:00";"NS";"Hills United U20";"";"";"Northern Tigers U20";"";"";"";"";"9 | 4";"44 | 60";"";"61 | 68";"89";"";"3";"4";"1.8 | 2";"1 | 1.2";"57";"78";"53";"64";"3.8";"24.6";"13.8";"9";"1.3 | 1.8";"9";"70 | 63";"56 | 40";"";"1.2 | 1";"0.6 | 0.3";"1.3";"1.4";"0.4 | 1";"0.9 | 1.2";"";"33 | 50";"6.3 | 5";"3.8 | 2.8";"9";"64";"38"
"Australia";"AUS";"Victoria NPL 3";"04-07-2026 02:00";"NS";"Werribee City";"";"";"Altona City";"";"";"";"";"11 | 13";"33 | 42";"";"48 | 51";"83";"";"3.3";"4";"1.4 | 1.5";"2 | 1.8";"71";"88";"76";"42";"3.1";"23";"13.3";"10.8";"1 | 1.2";"10";"35 | 42";"67 | 50";"";"0.9 | 0.8";"0.9 | 1";"1.6";"1.8";"1.1 | 0.8";"0.6 | 0.8";"";"22 | 25";"4.8 | 3.9";"8 | 4.9";"9.9";"81";"68"
"Australia";"AUS";"Victoria NPL 3";"04-07-2026 02:00";"NS";"Bayside Argonauts";"";"";"Essendon Royals";"";"";"";"";"4 | 3";"54 | 56";"";"54 | 61";"84";"";"3";"3";"1.6 | 1.8";"1.5 | 1.1";"47";"72";"59";"71";"3.1";"20.4";"11.3";"10.2";"1.6 | 1.7";"10";"52 | 66";"25 | 56";"";"1 | 1";"0.6 | 0.3";"1.6";"1.5";"0.9 | 0.8";"0.6 | 0.8";"";"50 | 56";"7 | 6";"4.5 | 3";"9.9";"70";"70"
"Australia";"AUS";"Victoria NPL 3";"04-07-2026 04:00";"NS";"Malvern City";"";"";"Eastern Lions";"";"";"";"";"1 | 9";"62 | 30";"";"75 | 65";"89";"";"3.8";"4";"2.2 | 1.9";"1.8 | 1.6";"79";"82";"84";"56";"3.1";"23.7";"13.5";"9.1";"1.9 | 0.9";"9";"42 | 49";"38 | 50";"";"0.9 | 0.7";"0.9 | 0.7";"2.2";"1.6";"0.9 | 0.9";"1.4 | 1.2";"";"62 | 20";"5.8 | 3.4";"3.6 | 5.4";"9.9";"70";"70"
"Australia";"AUS";"Victoria NPL 3";"04-07-2026 04:00";"NS";"Goulburn Valley Suns";"";"";"Moreland City";"";"";"";"";"2 | 14";"70 | 22";"";"75 | 27";"78";"";"2.9";"3";"2.2 | 0.8";"1.2 | 1.7";"62";"67";"62";"56";"3.1";"23.8";"13.8";"11.1";"2.1 | 0.7";"10";"63 | 46";"44 | 56";"";"1 | 0.2";"0.6 | 0.9";"1.6";"1.4";"0.7 | 0.8";"1.2 | 0.6";"";"67 | 11";"6.5 | 5.3";"5 | 5.3";"9.9";"100";"100"
"Australia";"AUS";"New South Wales NPL 2";"04-07-2026 02:30";"NS";"Blacktown Spartans";"";"";"Newcastle Jets II";"";"";"";"";"1 | 11";"90 | 43";"";"99 | 58";"85";"";"3.6";"4";"2.9 | 1.7";"1.1 | 1.6";"80";"70";"70";"50";"3.2";"25.4";"12.8";"10.6";"2.7 | 1.3";"11";"66 | 49";"70 | 30";"";"1.3 | 0.4";"0.4 | 0.7";"2.2";"1.4";"0.7 | 0.9";"1.6 | 1.3";"";"90 | 30";"6 | 3";"5.2 | 6.9";"9.9";"74";"68"
"Australia";"AUS";"New South Wales NPL 2";"04-07-2026 03:30";"NS";"Macarthur Rams";"";"";"Inter Lions";"";"";"";"";"5 | 13";"43 | 30";"";"48 | 41";"75";"";"2.8";"3";"1.4 | 1.2";"1.4 | 1.6";"55";"70";"45";"70";"3.2";"20.7";"12.9";"10.9";"1.3 | 0.9";"11";"56 | 49";"40 | 50";"";"0.6 | 0.6";"0.7 | 0.6";"1.6";"1.2";"0.7 | 1";"0.8 | 0.6";"";"30 | 20";"6.3 | 2.7";"6 | 6.8";"9.9";"78";"66"
"Australia";"AUS";"New South Wales NPL 2";"04-07-2026 04:00";"NS";"Hills United";"";"";"Northern Tigers";"";"";"";"";"6 | 2";"48 | 43";"";"44 | 65";"79";"";"2.8";"3";"1.3 | 1.9";"1.2 | 1.1";"64";"68";"68";"69";"3.2";"24.2";"13.4";"10.8";"1.4 | 1.3";"11";"63 | 66";"67 | 70";"";"0.8 | 1";"0.6 | 0.4";"1.4";"1.4";"0.7 | 0.7";"0.6 | 0.9";"";"33 | 30";"6.9 | 5.4";"3.7 | 5.6";"9.9";"64";"58"
"Australia";"AUS";"New South Wales NPL 2";"04-07-2026 04:00";"NS";"Bankstown City Lions";"";"";"Dulwich Hill";"";"";"";"";"3 | 14";"63 | 33";"";"51 | 34";"85";"";"2.8";"3";"1.5 | 1";"1.4 | 1.6";"60";"75";"60";"75";"3.2";"18.8";"9.4";"9";"1.9 | 1";"9";"56 | 49";"70 | 50";"";"0.5 | 0.5";"0.6 | 0.5";"1.7";"1";"0.8 | 1.1";"1 | 0.5";"";"60 | 30";"5.8 | 4";"2.9 | 5.3";"9.9";"64";"41"
"Australia";"AUS";"New South Wales NPL 2";"04-07-2026 06:00";"NS";"Bulls Academy";"";"";"Mt Druitt Town";"";"";"";"";"7 | 16";"59 | 17";"";"68 | 44";"78";"";"3.4";"3";"2 | 1.3";"1.1 | 2.4";"67";"68";"63";"47";"3.2";"20.8";"10.4";"9.6";"1.8 | 0.5";"9";"66 | 21";"56 | 50";"";"0.7 | 0.5";"0.3 | 1.2";"2";"1.4";"0.8 | 1.2";"1.3 | 0.8";"";"56 | 10";"5.6 | 3.3";"4 | 6.2";"9.9";"74";"68"
"Australia";"AUS";"Western Australia State League 1 Reserves";"04-07-2026 02:00";"NS";"Mandurah City Res.";"";"";"Gwelup Croatia Res.";"";"";"";"";"7 | 4";"71 | 78";"";"100 | 92";"100";"";"4.3";"4";"3.3 | 2.7";"1.6 | 1";"77";"86";"76";"32";"3.7";"";"";"";"2.1 | 2.3";"";"49 | 70";"57 | 50";"";"1.7 | 1.7";"0.7 | 0.3";"2";"2.2";"0.9 | 0.7";"1.6 | 1";"";"71 | 67";"";"";"9.9";"";""
"Australia";"AUS";"Western Australia State League 1 Reserves";"04-07-2026 02:00";"NS";"Joondalup City Res.";"";"";"Quinns Res.";"";"";"";"";"5 | 2";"47 | 75";"";"54 | 100";"90";"";"4.1";"4";"1.6 | 3.9";"1.2 | 1.5";"51";"100";"80";"36";"3.7";"";"";"";"1.4 | 2.2";"";"63 | 52";"60 | 38";"";"1 | 1.4";"0.8 | 0.8";"2.1";"2";"0.4 | 0.8";"0.6 | 2.5";"";"40 | 75";"";"";"9.9";"";""
"Australia";"AUS";"Western Australia State League 1 Reserves";"04-07-2026 02:00";"NS";"Kingsley Westside Res.";"";"";"UWA Nedlands Res.";"";"";"";"";"1 | 3";"100 | 80";"";"78 | 95";"86";"";"3.6";"4";"2.3 | 2.8";"1 | 1";"66";"73";"76";"48";"3.7";"22.4";"12.1";"8.8";"3 | 2.4";"9";"70 | 70";"43 | 60";"";"0.7 | 1.2";"0.4 | 0.5";"2";"1.2";"0.6 | 0.8";"1.6 | 2.2";"";"100 | 80";"6.5 | 3.3";"4.5 | 3.3";"9.9";"66";"54"
"Australia";"AUS";"Western Australia State League 1 Reserves";"04-07-2026 02:00";"NS";"MUM Res.";"";"";"Floreat Athena Res.";"";"";"";"";"8 | 6";"29 | 57";"";"54 | 58";"72";"";"3.2";"4";"1.6 | 1.7";"1.7 | 1.3";"50";"93";"57";"57";"3.7";"24.1";"14.2";"7.8";"0.9 | 1.7";"9";"46 | 60";"43 | 57";"";"0.9 | 1.1";"1.3 | 0.6";"1.2";"1.9";"0.4 | 0.7";"0.7 | 0.6";"";"29 | 57";"5.8 | 3.7";"3.4 | 2.7";"9.9";"20";"20"
"Australia";"AUS";"Western Australia State League 1 Reserves";"04-07-2026 02:00";"NS";"Inglewood United Res.";"";"";"Subiaco Res.";"";"";"";"";"12 | 11";"12 | 14";"";"31 | 10";"73";"";"3.7";"4";"0.9 | 0.3";"2.9 | 3.3";"26";"94";"66";"60";"3.7";"24.8";"13.4";"9.4";"0.4 | 0.4";"9";"4 | 2";"50 | 29";"";"0.5 | 0.1";"1.1 | 2";"1.8";"1.8";"1.8 | 1.3";"0.4 | 0.1";"";"12 | 14";"4.8 | 2.3";"5.2 | 6.3";"9.9";"64";"46"
"Australia";"AUS";"Western Australia State League 1 Reserves";"04-07-2026 02:00";"NS";"Curtin University Res.";"";"";"Cockburn City Res.";"";"";"";"";"10 | 9";"11 | 67";"";"17 | 58";"83";"";"3";"3";"0.5 | 1.7";"2.7 | 1";"42";"75";"50";"58";"3.7";"24.6";"14";"10.2";"0.3 | 2";"10";"10 | 70";"50 | 50";"";"0.2 | 0.7";"1.5 | 0.2";"1.6";"1.2";"1.2 | 0.8";"0.3 | 1";"";"0 | 67";"4.2 | 7";"5.7 | 3.5";"9.9";"92";"92"
"Australia";"AUS";"New South Wales NPL 3";"04-07-2026 04:00";"NS";"Gladesville Ryde Magic";"";"";"Parramatta";"";"";"";"";"11 | 2";"43 | 54";"";"54 | 65";"84";"";"3.6";"4";"1.6 | 1.9";"1.7 | 1.9";"55";"82";"74";"44";"3.5";"27.2";"16.4";"8.4";"1.3 | 1.6";"9";"46 | 38";"50 | 62";"";"1 | 1.2";"1 | 0.9";"1.5";"2";"0.7 | 1";"0.6 | 0.6";"";"40 | 50";"5 | 4";"5.2 | 2.5";"10";"44";"38"
"Australia";"AUS";"New South Wales NPL 3";"04-07-2026 04:00";"NS";"South Coast Flame";"";"";"Central Coast United";"";"";"";"";"12 | 7";"48 | 63";"";"48 | 71";"89";"";"3";"4";"1.4 | 2.1";"1 | 1.4";"72";"67";"61";"78";"3.5";"26.6";"14.8";"9.6";"1.4 | 1.9";"9";"70 | 56";"33 | 33";"";"0.9 | 0.8";"0.2 | 0.7";"1.7";"1.2";"0.8 | 0.8";"0.6 | 1.3";"";"33 | 56";"5.2 | 1.8";"6.2 | 6";"10";"66";"66"
"Australia";"AUS";"New South Wales NPL 3";"04-07-2026 04:00";"NS";"Stanmore Hawks";"";"";"Camden Tigers";"";"";"";"";"13 | 15";"41 | 13";"";"44 | 37";"84";"";"3.3";"4";"1.3 | 1.1";"1.6 | 2.6";"63";"79";"53";"58";"3.5";"24.6";"13";"10.6";"1.2 | 0.4";"11";"49 | 14";"56 | 50";"";"0.8 | 0.5";"0.6 | 1.3";"1.8";"1.6";"1 | 1.3";"0.6 | 0.6";"";"33 | 0";"4 | 4.8";"7.3 | 5.2";"10";"80";"68"
"Australia";"AUS";"New South Wales NPL 3";"04-07-2026 04:00";"NS";"Hawkesbury City";"";"";"Bonnyrigg White Eagles";"";"";"";"";"5 | 6";"58 | 48";"";"100 | 58";"89";"";"4.6";"4";"3.1 | 1.7";"2.8 | 1.8";"84";"72";"78";"34";"3.5";"33.2";"19.4";"8.8";"1.8 | 1.4";"9";"7 | 42";"50 | 44";"";"1.5 | 1";"1 | 0.2";"2.8";"1.8";"1.8 | 1.6";"1.6 | 0.7";"";"50 | 44";"3.6 | 4.5";"5.4 | 4";"10";"55";"35"
"Australia";"AUS";"New South Wales NPL 3";"04-07-2026 06:00";"NS";"Granville Rage";"";"";"Dunbar Rovers";"";"";"";"";"8 | 4";"59 | 44";"";"82 | 61";"89";"";"3.8";"4";"2.4 | 1.8";"1.7 | 1.7";"67";"78";"78";"56";"3.5";"26.7";"16";"9.4";"1.8 | 1.3";"9";"46 | 46";"44 | 44";"";"0.6 | 0.6";"1 | 1";"2.2";"1.6";"0.7 | 0.7";"1.9 | 1.2";"";"56 | 44";"6.4 | 4.2";"2.8 | 5.2";"10";"55";"55"
"Australia";"AUS";"New South Wales NPL 3 Youth";"04-07-2026 02:00";"NS";"Gladesville Ryde U20";"";"";"Parramatta U20";"";"";"";"";"5 | 6";"73 | 62";"";"68 | 61";"82";"";"3";"";"2 | 1.8";"1.1 | 1.2";"54";"";"72";"71";"";"";"";"";"2.2 | 1.9";"";"66 | 63";"20 | 75";"";"";"";"0";"0";"";"";"";"70 | 62";"";"";"";"";""
"Australia";"AUS";"New South Wales NPL 3 Youth";"04-07-2026 02:00";"NS";"Hawkesbury City U20";"";"";"Bonnyrigg WE U20";"";"";"";"";"9 | 15";"54 | 4";"";"54 | 31";"94";"";"3.7";"";"1.6 | 0.9";"1.5 | 3.4";"64";"";"82";"60";"";"";"";"";"1.6 | 0.1";"";"52 | 2";"25 | 33";"";"";"";"0";"0";"";"";"";"50 | 0";"";"";"";"";""
"Australia";"AUS";"New South Wales NPL 3 Youth";"04-07-2026 04:00";"NS";"Western Rage U20";"";"";"Dunbar Rovers U20";"";"";"";"";"13 | 4";"37 | 44";"";"41 | 44";"78";"";"2.7";"";"1.2 | 1.3";"1.8 | 1.1";"62";"";"62";"72";"";"";"";"";"1.1 | 1.3";"";"42 | 66";"67 | 56";"";"";"";"0";"0";"";"";"";"22 | 33";"";"";"";"";""
"Australia";"AUS";"New South Wales NPL 3 Youth";"04-07-2026 06:00";"NS";"South Coast Flame U20";"";"";"Central Coast Utd U20";"";"";"";"";"3 | 12";"63 | 26";"";"58 | 41";"84";"";"3.2";"";"1.7 | 1.2";"0.9 | 2.4";"62";"";"61";"66";"";"";"";"";"1.9 | 0.8";"";"74 | 21";"44 | 56";"";"";"";"0";"0";"";"";"";"56 | 22";"";"";"";"";""
"Australia";"AUS";"New South Wales NPL 3 Youth";"04-07-2026 06:00";"NS";"Inner West Hawks U20";"";"";"Camden Tigers U20";"";"";"";"";"7 | 11";"63 | 23";"";"78 | 65";"89";"";"3.5";"";"2.3 | 1.9";"0.4 | 2.3";"56";"";"57";"64";"";"";"";"";"1.9 | 0.7";"";"100 | 25";"44 | 30";"";"";"";"0";"0";"";"";"";"56 | 10";"";"";"";"";""
"Australia";"AUS";"Queensland PL Youth";"04-07-2026 01:45";"NS";"Brisbane Strikers U23";"";"";"Logan Lightning U23";"";"";"";"";"4 | 5";"54 | 58";"";"82 | 95";"88";"";"4.4";"4";"2.4 | 2.8";"1.8 | 1.9";"68";"83";"88";"25";"3.8";"26.8";"13.6";"10.1";"1.6 | 1.8";"10";"42 | 38";"50 | 38";"";"1.5 | 1.3";"0.8 | 0.7";"2";"1.6";"2.5 | 1.8";"0.7 | 2.3";"";"50 | 50";"6 | 5.2";"4.2 | 4.8";"9.9";"75";"75"
"Australia";"AUS";"Queensland PL Youth";"04-07-2026 02:30";"NS";"North Star U23";"";"";"Redlands United U23";"";"";"";"";"6 | 10";"48 | 42";"";"82 | 31";"81";"";"4";"4";"2.4 | 0.9";"2.7 | 1.9";"69";"78";"81";"44";"3.8";"26.5";"12.5";"9.7";"1.4 | 1.2";"10";"10 | 38";"43 | 62";"";"0.6 | 0.1";"1.6 | 0.7";"1.8";"1.2";"2.6 | 1.4";"2.4 | 0.9";"";"43 | 38";"5.5 | 3.8";"6.2 | 3.8";"9.9";"70";"60"
"Australia";"AUS";"Queensland PL Youth";"04-07-2026 02:45";"NS";"Capalaba U23";"";"";"St George Willawong U23";"";"";"";"";"11 | 12";"17 | 14";"";"31 | 31";"81";"";"3.4";"4";"0.9 | 0.9";"1.9 | 3";"40";"73";"62";"52";"3.8";"21.5";"11.2";"9.2";"0.5 | 0.4";"10";"38 | 0";"38 | 71";"";"0.2 | 0.6";"1.2 | 1.1";"1.8";"1.3";"2 | 1.9";"1 | 0.3";"";"12 | 14";"3.2 | 2.3";"6.6 | 6.2";"9.9";"64";"64"
"Australia";"AUS";"Tasmania Southern Championship";"04-07-2026 01:30";"CANCELLED";"South East United II";"";"";"South Hobart II";"";"";"";"";"";"0 | 86";"";"17 | 100";"100";"";"4.8";"5";"0.5 | 3.6";"4 | 1.6";"68";"75";"100";"40";"5.4";"";"";"";"0 | 2.6";"";"2 | 49";"50 | 43";"";"0.5 | 1.7";"1 | 0.6";"3";"1.9";"3 | 1";"0 | 1.9";"";"0 | 86";"";"";"9.1";"";""
"Australia";"AUS";"Tasmania Southern Championship";"04-07-2026 01:30";"NS";"New Town Eagles";"";"";"Olympia FC";"";"";"";"";"3 | 2";"58 | 56";"";"100 | 92";"88";"";"4.9";"5";"3.2 | 2.7";"1.5 | 2.3";"79";"50";"66";"34";"5.4";"20.8";"7.6";"10";"1.8 | 1.7";"10";"52 | 25";"50 | 50";"";"1.5 | 1.2";"0.5 | 0.7";"3";"1.9";"1 | 1.7";"1.8 | 1.5";"";"50 | 50";"7.5 | 4.7";"5.5 | 2.3";"9.1";"66";"50"
"Australia";"AUS";"Tasmania Southern Championship";"04-07-2026 03:30";"NS";"Hobart City Beachside";"";"";"University of Tasmania";"";"";"";"";"4 | 7";"61 | 60";"";"92 | 82";"100";"";"4.9";"5";"2.7 | 2.4";"1.3 | 3.4";"72";"74";"100";"18";"5.4";"23.4";"15.6";"9.5";"1.8 | 1.8";"10";"60 | 2";"83 | 40";"";"0.7 | 0.8";"0.5 | 2.2";"2.8";"2.1";"0.8 | 1.2";"2 | 1.6";"";"50 | 60";"4 | 2.3";"3 | 9.7";"9.1";"75";"50"
"Australia";"AUS";"TAS NPL Youth";"04-07-2026 01:30";"NS";"Glenorchy Knights U21";"";"";"Clarence Zebras U21";"";"";"";"";"2 | 4";"87 | 33";"";"95 | 51";"92";"";"3.6";"4";"2.8 | 1.5";"1 | 1.8";"74";"";"64";"45";"4.7";"";"";"";"2.6 | 1";"";"70 | 42";"60 | 50";"";"";"";"0";"0";"";"";"";"80 | 17";"";"";"0";"";""
"Australia";"AUS";"TAS NPL Youth";"04-07-2026 23:15";"NS";"South East United U21";"";"";"South Hobart U21";"";"";"";"";"9 | 7";"6 | 29";"";"24 | 100";"84";"";"5.2";"5";"0.7 | 3.1";"4.5 | 2.1";"38";"";"69";"31";"4.7";"";"";"";"0.2 | 0.9";"";"2 | 32";"50 | 29";"";"";"";"0";"0";"";"";"";"0 | 29";"";"";"0";"";""
"Bhutan";"BHU";"Bhutan Premier League";"04-07-2026 09:00";"NS";"Thimphu City";"";"";"Tsirang";"";"";"";"";"2 | 4";"44 | 58";"";"44 | 41";"58";"";"2.4";"2";"1.3 | 1.2";"1.3 | 1";"58";"46";"42";"71";"3.2";"";"";"";"1.3 | 1.8";"";"60 | 70";"33 | 50";"";"0.7 | 0.2";"0.7 | 0.2";"1.6";"0.9";"0.7 | 0.8";"0.7 | 1";"";"33 | 50";"";"";"9.9";"";""
"Belarus";"BLR";"Vysshaya Liga";"04-07-2026 10:00";"NS";"Vitebsk";"";"";"Dnepr Mogilev";"2.29";"3.14";"1.35";"1.19";"11 | 13";"44 | 24";"5";"41 | 31";"76";"";"2.6";"2";"1.2 | 0.9";"1 | 2";"60";"70";"45";"77";"2.5";"12.2";"4.9";"9.5";"1.3 | 0.7";"10";"70 | 35";"33 | 57";"";"0.5 | 0.4";"1 | 0.6";"1.3";"1.2";"0 | 1.4";"0.7 | 0.4";"";"33 | 14";"3.7 | 4.9";"4.7 | 5.9";"9.9";"76";"60"
"Belarus";"BLR";"Vysshaya Liga";"04-07-2026 12:00";"NS";"Neman Grodno";"";"";"Arsenal";"1.60";"5.55";"1.27";"1.24";"6 | 9";"48 | 48";"1";"44 | 48";"78";"";"2.7";"3";"1.3 | 1.4";"1.1 | 1.6";"64";"78";"50";"71";"2.5";"17.4";"7.6";"10.1";"1.4 | 1.4";"10";"66 | 49";"57 | 43";"";"0.6 | 0.7";"0.4 | 0.4";"1.6";"1";"0.7 | 1.1";"0.7 | 0.7";"";"43 | 29";"6.7 | 3";"2.9 | 7.7";"9.9";"78";"72"
"Belarus";"BLR";"Pershaya Liga";"04-07-2026 08:00";"NS";"Smorgon";"";"";"Volna";"";"";"";"";"13 | 9";"33 | 40";"";"37 | 54";"76";"";"3.3";"4";"1.1 | 1.6";"1.9 | 2";"54";"58";"62";"56";"3.2";"17.5";"7.8";"10.6";"1 | 1.2";"10";"38 | 35";"43 | 60";"";"0.3 | 0.4";"0.6 | 0.4";"2.4";"0.8";"1.3 | 1.6";"0.9 | 1.2";"";"29 | 40";"6.6 | 3.2";"4.7 | 6.8";"10";"86";"76"
"Belarus";"BLR";"Pershaya Liga";"04-07-2026 09:00";"NS";"Shakhtyor Soligorsk";"";"";"Dinamo Minsk II";"";"";"";"";"7 | 8";"78 | 44";"";"78 | 68";"84";"";"3";"3";"2.3 | 2";"0.3 | 1.3";"58";"75";"58";"58";"3.2";"17.5";"8";"10.8";"2.3 | 1.3";"10";"100 | 60";"50 | 50";"";"1.2 | 1.2";"0 | 0.2";"1.8";"1.2";"0.3 | 1.2";"1.2 | 0.8";"";"67 | 33";"5.7 | 2.8";"5.2 | 7.8";"10";"75";"66"
"Belarus";"BLR";"Pershaya Liga";"04-07-2026 10:00";"NS";"Niva";"";"";"BATE II";"";"";"";"";"4 | 15";"61 | 33";"";"92 | 34";"93";"";"3.2";"3";"2.7 | 1";"1 | 1.6";"62";"84";"56";"68";"3.2";"17.4";"8.6";"11.4";"1.8 | 1";"11";"70 | 49";"50 | 29";"";"1.3 | 0.3";"0.5 | 1.1";"1.5";"1.6";"0.5 | 0.4";"1.3 | 0.7";"";"50 | 14";"5.4 | 5.9";"4.6 | 6.9";"10";"63";"63"
"Belarus";"BLR";"Pershaya Liga";"04-07-2026 10:30";"NS";"Bumprom";"";"";"Orsha";"";"";"";"";"5 | 17";"54 | 48";"";"75 | 37";"80";"";"3.2";"3";"2.2 | 1.1";"1.4 | 1.6";"66";"66";"73";"68";"3.2";"14.4";"6.2";"10.8";"1.6 | 1.4";"11";"56 | 49";"50 | 71";"";"0.8 | 0.6";"0.6 | 0.7";"1.8";"1.4";"0.8 | 0.9";"1.5 | 0.6";"";"50 | 43";"4.9 | 4.6";"4.1 | 8";"10";"76";"54"
"Belarus";"BLR";"Pershaya Liga";"04-07-2026 11:00";"NS";"Energetik-BGU";"";"";"Slonim";"";"";"";"";"2 | 3";"67 | 59";"";"68 | 54";"76";"";"2.7";"3";"2 | 1.6";"1 | 0.9";"45";"65";"45";"60";"3.2";"15.9";"7.5";"9.4";"2 | 1.8";"10";"70 | 74";"57 | 33";"";"1.1 | 0.6";"0.7 | 0.4";"1.2";"1.4";"0.3 | 0.4";"0.9 | 1";"";"57 | 56";"5.3 | 3.8";"4.7 | 5";"10";"52";"52"
"Belarus";"BLR";"Pershaya Liga";"04-07-2026 12:00";"NS";"Slutsk";"";"";"FC Ostrovets";"";"";"";"";"1 | 12";"90 | 39";"";"71 | 44";"92";"";"2.9";"3";"2.1 | 1.3";"0.9 | 1.5";"84";"66";"60";"60";"3.2";"12.2";"5.2";"10.6";"2.7 | 1.2";"10";"74 | 52";"71 | 50";"";"1 | 0.2";"0.4 | 0.2";"2";"0.8";"0.4 | 1.3";"1.1 | 1.2";"";"86 | 17";"4.7 | 6.2";"5.4 | 4.8";"10";"86";"86"
"Brazil";"BRA";"Serie C";"04-07-2026 17:00";"NS";"Maranhão";"";"";"Inter de Limeira";"2.28";"3.20";"";"";"15 | 6";"53 | 72";"5";"41 | 44";"64";"";"2.2";"2";"1.2 | 1.3";"0.8 | 1";"55";"62";"45";"82";"2.3";"23.7";"8.2";"11.6";"1.6 | 2.2";"11";"77 | 70";"60 | 50";"";"0.6 | 0.7";"0.4 | 0.5";"1.1";"1.1";"0.4 | 0.5";"0.6 | 0.7";"";"40 | 67";"5 | 3.8";"7.6 | 6.8";"10.5";"90";"74"
"Brazil";"BRA";"Serie C";"04-07-2026 19:00";"NS";"Maringá";"";"";"Volta Redonda";"1.72";"4.20";"";"";"11 | 14";"44 | 20";"1";"58 | 14";"82";"";"2.9";"3";"1.7 | 0.4";"2.2 | 1.6";"44";"72";"44";"66";"2.3";"24.2";"8.1";"9.3";"1.3 | 0.6";"10";"28 | 49";"67 | 80";"";"0.5 | 0.2";"1.3 | 0.8";"1.5";"1.4";"0.8 | 0.8";"1.2 | 0.2";"";"33 | 20";"7.3 | 4";"2.5 | 4.8";"10.5";"72";"72"
"Brazil";"BRA";"Serie C";"04-07-2026 19:00";"NS";"Confiança";"";"";"Barra FC";"2.23";"3.25";"";"";"18 | 17";"56 | 28";"5";"27 | 34";"50";"";"1.6";"2";"0.8 | 1";"0.5 | 1";"34";"50";"25";"100";"2.3";"21.8";"7.7";"11";"1.7 | 0.8";"10";"88 | 70";"33 | 67";"";"0.3 | 0.3";"0.2 | 0.3";"1";"0.6";"0.3 | 0.7";"0.5 | 0.7";"";"50 | 17";"6.5 | 2.5";"4.3 | 8.7";"10.5";"100";"75"
"Brazil";"BRA";"Serie C";"04-07-2026 20:30";"NS";"Guarani";"";"";"Floresta";"1.52";"5.75";"";"";"1 | 8";"72 | 47";"1";"68 | 41";"82";"";"2.6";"3";"2 | 1.2";"0.8 | 1.2";"65";"65";"65";"84";"2.3";"22.4";"8.9";"11.6";"2.2 | 1.4";"11";"77 | 63";"50 | 80";"";"0.8 | 0.6";"0.3 | 1";"1.2";"1.4";"0.5 | 0.2";"1.2 | 0.6";"";"67 | 40";"8.5 | 4";"3.2 | 7.4";"10.5";"74";"74"
"Brazil";"BRA";"Serie C";"04-07-2026 20:30";"NS";"Ferroviária";"";"";"Caxias";"2.38";"3.25";"";"";"5 | 10";"72 | 17";"5";"41 | 17";"50";"";"1.6";"2";"1.2 | 0.5";"0.7 | 1";"34";"42";"25";"92";"2.3";"25";"6.8";"9.4";"2.2 | 0.5";"10";"80 | 70";"50 | 50";"";"0.3 | 0.2";"0.3 | 0.3";"1.1";"0.6";"0.3 | 0.7";"0.8 | 0.3";"";"67 | 0";"6.7 | 2.7";"4 | 5.3";"10.5";"75";"66"
"Brazil";"BRA";"Serie C";"04-07-2026 21:00";"NS";"Santa Cruz";"";"";"Ituano";"2.16";"3.15";"";"";"7 | 4";"47 | 28";"5";"27 | 41";"70";"";"2.2";"2";"0.8 | 1.2";"0.6 | 1.8";"44";"64";"34";"84";"2.3";"22.3";"7.8";"11.4";"1.4 | 0.8";"11";"84 | 42";"40 | 67";"";"0.2 | 0.3";"0.4 | 0.8";"1.3";"0.9";"0.2 | 1";"0.6 | 0.8";"";"40 | 17";"5.6 | 5.2";"5.2 | 6.8";"10.5";"82";"64"
"Brazil";"BRA";"Mineiro 2";"04-07-2026 16:00";"NS";"Villa Nova";"";"";"Aymorés";"";"";"";"";"1 | 2";"83 | 22";"";"100 | 10";"66";"";"2.8";"3";"3.2 | 0.3";"1.2 | 0.7";"54";"66";"66";"62";"2.4";"18.8";"8.2";"7.5";"2.5 | 0.7";"8";"63 | 80";"50 | 33";"";"1.5 | 0";"0.2 | 0.3";"1.8";"1";"1 | 0.3";"1.8 | 0.3";"";"75 | 0";"5.3 | 3";"4 | 2.7";"9";"34";"34"
"Brazil";"BRA";"Mineiro 2";"04-07-2026 16:00";"NS";"Democrata SL";"";"";"Ipatinga";"";"";"";"";"1 | 2";"75 | 8";"";"41 | 7";"75";"";"3";"3";"1.2 | 0.2";"0.8 | 3.8";"38";"88";"62";"62";"2.4";"19.8";"10";"8.6";"2.2 | 0.2";"9";"77 | 2";"50 | 75";"";"0.5 | 0.2";"0.2 | 2";"1.5";"1.5";"0.5 | 1.8";"0.8 | 0";"";"75 | 0";"3.5 | 2";"6 | 5.8";"9";"50";"50"
"Brazil";"BRA";"Mineiro 2";"04-07-2026 16:00";"NS";"CAP Patrocinense";"";"";"Guarani MG";"";"";"";"";"1 | 2";"17 | 11";"";"17 | 10";"42";"";"1.6";"2";"0.5 | 0.3";"1.2 | 1";"42";"29";"29";"88";"2.4";"20.5";"9.2";"9.6";"0.5 | 0.3";"10";"63 | 70";"50 | 33";"";"0 | 0.3";"0.5 | 0.7";"0.8";"0.8";"0.8 | 0.3";"0.5 | 0";"";"0 | 0";"4.8 | 4.7";"4.5 | 5.3";"9";"71";"58"
"Brazil";"BRA";"Paulista Série B";"04-07-2026 15:00";"NS";"Mauá";"";"";"União Mogi";"";"";"";"";"1 | 2";"60 | 53";"";"75 | 48";"70";"";"2.8";"3";"2.2 | 1.4";"0.4 | 1.6";"50";"70";"50";"60";"3";"20.2";"9.1";"8.8";"1.8 | 1.6";"9";"100 | 49";"40 | 60";"";"0.6 | 0.2";"0.4 | 0.8";"1.8";"1";"0 | 0.8";"1.6 | 1.2";"";"40 | 40";"3.6 | 3.8";"6 | 4.2";"9.4";"70";"50"
"Brazil";"BRA";"Paulista Série B";"04-07-2026 15:00";"NS";"América SP";"";"";"Santacruzense";"";"";"";"";"1 | 2";"87 | 47";"";"54 | 54";"60";"";"2.3";"2";"1.6 | 1.6";"0.4 | 1";"50";"40";"30";"80";"3";"24";"9.2";"7.5";"2.6 | 1.4";"9";"100 | 70";"60 | 40";"";"0.4 | 0.4";"0.2 | 0.2";"1.7";"0.6";"0.2 | 0.8";"1.2 | 1.2";"";"80 | 40";"5 | 1.8";"3 | 5.2";"9.4";"58";"22"
"Brazil";"BRA";"Paulista Série B";"04-07-2026 15:00";"NS";"Matonense";"";"";"Assisense";"";"";"";"";"1 | 2";"67 | 33";"";"54 | 20";"70";"";"2.1";"2";"1.6 | 0.6";"1.2 | 0.8";"60";"70";"30";"90";"3";"22.6";"7.6";"7";"2 | 1";"9";"63 | 77";"60 | 40";"";"0.4 | 0.2";"0.6 | 0.6";"1.2";"0.9";"0.6 | 0.2";"1.2 | 0.4";"";"60 | 20";"3.2 | 5.3";"3.8 | 1.7";"9.4";"36";"26"
"Brazil";"BRA";"Paulista Série B";"04-07-2026 15:00";"NS";"Flamengo SP";"";"";"Osasco Audax";"";"";"";"";"1 | 2";"100 | 40";"";"54 | 48";"70";"";"2.3";"2";"1.6 | 1.4";"0.4 | 1.2";"50";"60";"50";"90";"3";"20.9";"7.5";"10.2";"3 | 1.2";"10";"100 | 63";"60 | 60";"";"0.4 | 0.8";"0.2 | 0.6";"1.3";"1";"0.2 | 0.6";"1.2 | 0.6";"";"100 | 40";"6 | 5.8";"3.2 | 5.4";"9.4";"60";"60"
"Brazil";"BRA";"Paulista Série B";"04-07-2026 15:00";"NS";"Itaquaquecetuba";"";"";"Paulínia FU";"";"";"";"";"1 | 2";"100 | 0";"";"88 | 0";"50";"";"2.3";"3";"2.6 | 0";"0.4 | 1.6";"20";"60";"30";"80";"3";"20.4";"7.8";"8.3";"3 | 0";"9";"100 | 49";"40 | 40";"";"1.6 | 0";"0.2 | 0.4";"1.2";"1.1";"0.2 | 1.2";"1 | 0";"";"100 | 0";"6.8 | 3.6";"2.2 | 4";"9.4";"58";"48"
"Brazil";"BRA";"Paulista U20";"04-07-2026 15:00";"NS";"Sao Paulo U20";"";"";"XV de Piracicaba U20";"";"";"";"";"";"";"";"";"";"";"";"";"";"";"";"";"";"";"";"";"";"";"";"";"";"";"";"";"";"";"";"";"";"";"";"";"";"";"";""
"Brazil";"BRA";"Paulista U20";"04-07-2026 15:00";"NS";"Aguai U20";"";"";"Botafogo SP U20";"";"";"";"";"";"";"";"";"";"";"";"";"";"";"";"";"";"";"";"";"";"";"";"";"";"";"";"";"";"";"";"";"";"";"";"";"";"";"";""
"Brazil";"BRA";"Paulista U20";"04-07-2026 15:00";"NS";"Ponte Preta U20";"";"";"Santos U20";"";"";"";"";"";"";"";"";"";"";"";"";"";"";"";"";"";"";"";"";"";"";"";"";"";"";"";"";"";"";"";"";"";"";"";"";"";"";"";""
"Brazil";"BRA";"Catarinense 2";"04-07-2026 15:00";"NS";"Guarani de Palhoça";"";"";"Hercílio Luz";"";"";"";"";"";"50 | 53";"";"27 | 34";"36";"";"1.6";"2";"0.8 | 1";"0.7 | 0.6";"26";"36";"18";"82";"2.6";"16.6";"6.5";"8.2";"1.5 | 1.6";"9";"80 | 84";"33 | 40";"";"0.2 | 0";"0.3 | 0.4";"1.1";"0.4";"0.3 | 0.2";"0.7 | 1";"";"33 | 40";"3.8 | 6.5";"2.8 | 3.2";"9.3";"68";"35"
"Brazil";"BRA";"Brasiliense U20";"04-07-2026 10:00";"NS";"Grêmio Valparaíso U20";"";"";"Santa Maria U20";"";"";"";"";"4 | 6";"50 | 0";"";"85 | 34";"100";"";"4.5";"5";"2.5 | 1";"1.5 | 4";"16";"";"100";"58";"4.3";"";"";"";"1.5 | 0";"";"52 | 2";"50 | 33";"";"";"";"1.5";"1";"";"";"";"50 | 0";"";"";"10.1";"";""
"Brazil";"BRA";"Brasiliense U20";"04-07-2026 10:30";"NS";"Brasiliense U20";"";"";"Capital DF U20";"";"";"";"";"1 | 3";"100 | 67";"";"85 | 34";"50";"";"2";"3";"2.5 | 1";"0 | 0.5";"25";"";"25";"75";"4.3";"";"";"";"3 | 2";"";"100 | 88";"50 | 50";"";"";"";"0.5";"0.5";"";"";"";"100 | 50";"";"";"10.1";"";""
"Brazil";"BRA";"Brasiliense U20";"04-07-2026 15:30";"NS";"EC Cruzeiro U20";"";"";"Canaã U20";"";"";"";"";"8 | 3";"33 | 100";"";"34 | 100";"100";"";"5.2";"5";"1 | 6";"2.7 | 0.7";"67";"";"84";"50";"4.3";"";"";"";"1 | 3";"";"10 | 80";"33 | 67";"";"";"";"1.4";"1";"";"";"";"33 | 100";"";"";"10.1";"";""
"Brazil";"BRA";"Baiano U20";"04-07-2026 09:00";"NS";"Vitoria U20";"";"";"Barcelona BA U20";"";"";"";"";"1 | 2";"88 | 21";"";"100 | 27";"94";"";"3";"3";"3.2 | 0.8";"0.6 | 1.5";"44";"64";"63";"63";"2.8";"";"";"";"2.6 | 0.6";"";"84 | 52";"62 | 38";"";"1.5 | 0.2";"0.2 | 0.4";"1.6";"1.1";"0.4 | 2";"1.8 | 1";"";"88 | 12";"";"";"10";"";""
"Brazil";"BRA";"Baiano U20";"04-07-2026 15:00";"NS";"Bahia U20";"";"";"Jacobina U20";"";"";"";"";"1 | 2";"100 | 46";"";"100 | 31";"63";"";"4.8";"4";"6.8 | 0.9";"0.8 | 1.4";"50";"68";"63";"44";"2.8";"25.6";"10.6";"9.5";"3 | 1.4";"10";"77 | 56";"50 | 38";"";"4.1 | 0.2";"0.1 | 0.3";"2";"2.1";"1.4 | 1.5";"2.9 | 1";"";"100 | 38";"7.8 | 5";"1.2 | 5";"10";"74";"36"
"Brazil";"BRA";"Baiano U20";"04-07-2026 15:00";"NS";"Fluminense de Feira U20";"";"";"Jacuipense U20";"";"";"";"";"1 | 2";"67 | 62";"";"58 | 48";"74";"";"2.4";"2";"1.7 | 1.4";"1 | 0.6";"41";"35";"40";"73";"2.8";"";"";"";"2 | 1.9";"";"70 | 84";"43 | 62";"";"0 | 0.6";"0.4 | 0.1";"1.4";"0.6";"1.4 | 0.5";"1.6 | 0.8";"";"57 | 50";"";"";"10";"";""
"Brazil";"BRA";"Baiano U20";"04-07-2026 15:00";"NS";"Camaçariense U20";"";"";"SSA U20";"";"";"";"";"1 | 2";"57 | 29";"";"78 | 17";"54";"";"3";"3";"2.3 | 0.5";"1.6 | 1.6";"42";"31";"48";"59";"2.8";"18";"7.2";"7.1";"1.7 | 0.9";"8";"49 | 49";"57 | 25";"";"0.4 | 0.3";"0.1 | 0.5";"2.3";"0.6";"1.4 | 1.7";"1.9 | 0.3";"";"57 | 25";"3 | 3.2";"4 | 4";"10";"38";"12"
"Brazil";"BRA";"Torneio Otavio Pinto Guimaraes U20";"04-07-2026 10:00";"NS";"Flamengo RJ U20";"";"";"Botafogo U20";"";"";"";"";"";"";"";"";"";"";"";"";"";"";"";"";"";"";"";"";"";"";"";"";"";"";"";"";"";"";"";"";"";"";"";"";"";"";"";""
"Brazil";"BRA";"Torneio Otavio Pinto Guimaraes U20";"04-07-2026 10:00";"NS";"Portuguesa RJ U20";"";"";"Vasco da Gama U20";"";"";"";"";"";"";"";"";"";"";"";"";"";"";"";"";"";"";"";"";"";"";"";"";"";"";"";"";"";"";"";"";"";"";"";"";"";"";"";""
"Brazil";"BRA";"Torneio Otavio Pinto Guimaraes U20";"04-07-2026 14:45";"NS";"Maricá U20";"";"";"Fluminense U20";"";"";"";"";"";"";"";"";"";"";"";"";"";"";"";"";"";"";"";"";"";"";"";"";"";"";"";"";"";"";"";"";"";"";"";"";"";"";"";""
"Brazil";"BRA";"Carioca A2";"04-07-2026 14:45";"NS";"Resende";"";"";"Americano";"2.05";"3.50";"";"";"3 | 1";"73 | 80";"5";"68 | 54";"70";"";"2.4";"2";"2 | 1.6";"0.4 | 0.8";"40";"70";"60";"80";"2.2";"21.4";"7.9";"10.2";"2.2 | 2.4";"10";"100 | 77";"60 | 60";"";"1 | 0.8";"0.2 | 0.4";"1.2";"1.2";"0.2 | 0.4";"1 | 0.8";"";"60 | 80";"5.2 | 4";"5.2 | 6";"9.5";"75";"62"
"Brazil";"BRA";"Carioca A2";"04-07-2026 14:45";"NS";"São Gonçalo EC RJ";"";"";"Audax Rio";"";"";"";"";"7 | 10";"27 | 20";"";"20 | 20";"50";"";"1.8";"2";"0.6 | 0.6";"1 | 1.4";"30";"80";"30";"90";"2.2";"21.1";"7.8";"10";"0.8 | 0.6";"9";"70 | 56";"60 | 40";"";"0.2 | 0.2";"0.8 | 1";"0.7";"1.1";"0.2 | 0.4";"0.4 | 0.4";"";"20 | 20";"6 | 4.6";"3.2 | 6.2";"9.5";"80";"70"
"Brazil";"BRA";"Carioca A2";"04-07-2026 14:45";"NS";"América RJ";"";"";"Serrano RJ";"";"";"";"";"6 | 9";"40 | 53";"";"27 | 48";"70";"";"2.3";"2";"0.8 | 1.4";"1.2 | 1.2";"60";"60";"60";"90";"2.2";"23.2";"7.8";"11.2";"1.2 | 1.6";"10";"63 | 63";"60 | 80";"";"0.2 | 1";"0.4 | 0";"1.5";"0.8";"0.8 | 1.2";"0.6 | 0.4";"";"40 | 40";"6.2 | 6";"5 | 5.2";"9.5";"90";"90"
"Brazil";"BRA";"Carioca A2";"04-07-2026 14:45";"NS";"Olaria";"";"";"Bonsucesso";"";"";"";"";"5 | 11";"73 | 13";"";"54 | 0";"60";"";"1.7";"2";"1.6 | 0";"0.8 | 1";"30";"70";"20";"90";"2.2";"18.4";"6.2";"9";"2.2 | 0.4";"9";"77 | 70";"40 | 60";"";"0.8 | 0";"0.4 | 0.6";"0.8";"0.9";"0.4 | 0.4";"0.8 | 0";"";"60 | 0";"5.6 | 3";"3.8 | 5.5";"9.5";"55";"42"
"Brazil";"BRA";"Carioca A2";"04-07-2026 14:45";"NS";"CEAC / Araruama";"";"";"Cabofriense";"";"";"";"";"12 | 8";"47 | 27";"";"34 | 34";"60";"";"2.1";"2";"1 | 1";"1 | 1.2";"50";"80";"40";"90";"2.2";"22.2";"8.3";"7.8";"1.4 | 0.8";"9";"70 | 63";"60 | 40";"";"0.4 | 0.8";"0.6 | 0.4";"1";"1.1";"0.4 | 0.8";"0.6 | 0.2";"";"40 | 20";"1.5 | 4";"2 | 8.2";"9.5";"50";"50"
"Brazil";"BRA";"Carioca A2";"04-07-2026 14:45";"NS";"CFRJ / Marica";"";"";"Perolas Negras";"";"";"";"";"2 | 4";"87 | 60";"";"34 | 34";"40";"";"1.8";"2";"1 | 1";"0.2 | 1.4";"30";"40";"30";"90";"2.2";"23.2";"7.7";"9.8";"2.6 | 1.8";"9";"100 | 56";"20 | 40";"";"0.2 | 0.4";"0 | 0.6";"1.2";"0.6";"0.2 | 0.8";"0.8 | 0.6";"";"80 | 60";"6 | 3.2";"4 | 6.4";"9.5";"70";"70"
"Brazil";"BRA";"Catarinense U20";"04-07-2026 15:00";"NS";"Nação U20";"";"";"Criciuma U20";"";"";"";"";"";"40 | 67";"";"95 | 68";"80";"";"3.6";"4";"2.8 | 2";"1.8 | 0.6";"50";"70";"70";"50";"3.2";"20.7";"9.7";"9.5";"1.2 | 2";"9";"42 | 84";"40 | 60";"";"0.8 | 0.6";"0.4 | 0.6";"2.4";"1.2";"1.4 | 0";"2 | 1.4";"";"20 | 60";"4.8 | 4.8";"4 | 5.4";"9.1";"60";"60"
"Brazil";"BRA";"Catarinense U20";"04-07-2026 15:00";"NS";"Chapecoense-SC U20";"";"";"Joinville U20";"";"";"";"";"";"60 | 27";"";"61 | 34";"80";"";"3.5";"3";"1.8 | 1";"1.6 | 2.6";"40";"70";"80";"60";"3.2";"24.7";"9.6";"9.6";"1.8 | 0.8";"9";"49 | 14";"60 | 20";"";"0.6 | 0.6";"0.6 | 0.8";"2.2";"1.3";"1 | 1.8";"1.2 | 0.4";"";"60 | 20";"6.8 | 3.6";"3.2 | 5.6";"9.1";"68";"68"
"Brazil";"BRA";"Catarinense U20";"04-07-2026 15:00";"NS";"Barra SC U20";"";"";"Brusque U20";"";"";"";"";"";"78 | 17";"";"75 | 34";"92";"";"3.6";"3";"2.2 | 1";"1.2 | 2.8";"67";"75";"75";"50";"3.2";"23.5";"11.1";"9.6";"2.3 | 0.5";"9";"63 | 7";"50 | 50";"";"1 | 0.6";"0.5 | 1.4";"1.8";"1.6";"0.7 | 2";"1.2 | 0.6";"";"67 | 17";"6.2 | 4.2";"4.6 | 4.2";"9.1";"60";"60"
"Brazil";"BRA";"Maranhense 2";"04-07-2026 16:00";"NS";"Viana";"";"";"Lago Verde";"";"";"";"";"";"";"";"";"";"";"";"";"";"";"";"";"";"";"";"";"";"";"";"";"";"";"";"";"";"";"";"";"";"";"";"";"";"";"";""
"Brazil";"BRA";"Maranhense 2";"04-07-2026 16:00";"NS";"Cordino";"";"";"Balsas";"";"";"";"";"";"";"";"";"";"";"";"";"";"";"";"";"";"";"";"";"";"";"";"";"";"";"";"";"";"";"";"";"";"";"";"";"";"";"";""
"Brazil";"BRA";"Maranhense 2";"04-07-2026 16:00";"NS";"Expressinho";"";"";"São José MA";"";"";"";"";"";"";"";"";"";"";"";"";"";"";"";"";"";"";"";"";"";"";"";"";"";"";"";"";"";"";"";"";"";"";"";"";"";"";"";""
"Brazil";"BRA";"Cearense U20";"04-07-2026 15:00";"NS";"Anjos do Céu U20";"";"";"Floresta CE U20";"";"";"";"";"";"";"";"";"";"";"";"";"";"";"";"";"";"";"";"";"";"";"";"";"";"";"";"";"";"";"";"";"";"";"";"";"";"";"";""
"Brazil";"BRA";"Cearense U20";"04-07-2026 15:00";"FT";"Fortaleza U20";"0";"0";"Vila Real U20";"1.30";"7.00";"";"";"";"100 | 17";"3";"100 | 34";"75";"";"3.2";"3";"4 | 1";"0 | 1.5";"25";"50";"75";"50";"2.6";"";"";"";"3 | 0.5";"";"100 | 52";"50 | 50";"";"2 | 0.5";"0 | 0";"2";"1.2";"0 | 1.5";"2 | 0.5";"";"100 | 0";"";"";"9.6";"";""
"Canada";"CAN";"PCSL";"04-07-2026 00:00";"NS";"Mid Isle Highlanders";"";"";"Victoria United";"";"";"";"";"7 | 2";"7 | 75";"";"20 | 68";"80";"";"3.2";"3";"0.6 | 2";"2 | 1.8";"45";"";"45";"65";"3.2";"";"";"";"0.2 | 2.2";"";"35 | 42";"40 | 50";"";"";"";"0";"0";"";"";"";"0 | 75";"";"";"0";"";""
"Canada";"CAN";"PCSL";"04-07-2026 18:00";"NS";"Khalsa";"";"";"Victoria United";"";"";"";"";"4 | 2";"83 | 75";"";"61 | 68";"88";"";"3";"3";"1.8 | 2";"0.5 | 1.8";"50";"";"38";"62";"3.2";"";"";"";"2.5 | 2.2";"";"88 | 42";"25 | 50";"";"";"";"0";"0";"";"";"";"75 | 75";"";"";"0";"";""
"Canada";"CAN";"PCSL";"04-07-2026 18:00";"NS";"AFA";"";"";"Gorge";"";"";"";"";"6 | 3";"42 | 58";"";"75 | 51";"88";"";"3.5";"4";"2.2 | 1.5";"2 | 1.2";"75";"";"62";"50";"3.2";"";"";"";"1.2 | 1.8";"";"35 | 63";"50 | 50";"";"";"";"0";"0";"";"";"";"25 | 50";"";"";"0";"";""
"Canada";"CAN";"PCSL";"04-07-2026 20:00";"CANCELLED";"Kamloops Rivers II";"";"";"Mid Isle Highlanders";"";"";"";"";"";"";"";"";"";"";"";"";"";"";"";"";"";"";"";"";"";"";"";"";"";"";"";"";"";"";"";"";"";"";"";"";"";"";"";""
"China";"CHN";"Super League";"04-07-2026 08:00";"NS";"Qingdao West Coast";"";"";"Shanghai Port";"2.98";"2.24";"1.21";"1.43";"6 | 12";"50 | 33";"5";"41 | 37";"68";"";"2.4";"2";"1.2 | 1.1";"0.9 | 1.5";"68";"62";"38";"68";"3";"21.3";"7.5";"9.4";"1.5 | 1";"10";"74 | 52";"25 | 50";"";"0.6 | 0.5";"0.4 | 0.4";"1.5";"1";"0.5 | 1.1";"0.6 | 0.6";"";"25 | 25";"4.9 | 4.1";"5.4 | 4.4";"10.4";"75";"50"
"China";"CHN";"Super League";"04-07-2026 08:00";"NS";"Liaoning Tieren FC";"";"";"Chongqing Tonglianglong FC";"2.07";"3.50";"1.32";"1.26";"10 | 2";"50 | 52";"5";"51 | 34";"59";"";"2.6";"2";"1.5 | 1";"1.6 | 1";"52";"59";"59";"73";"3";"21.6";"7.4";"10";"1.5 | 1.6";"10";"49 | 70";"25 | 43";"";"0.6 | 0.6";"0.5 | 0.3";"1.6";"1";"1.1 | 0.7";"0.9 | 0.4";"";"50 | 43";"3.8 | 3";"5.6 | 7.6";"10.4";"80";"60"
"China";"CHN";"Super League";"04-07-2026 08:35";"NS";"Dalian Yingbo";"";"";"Wuhan Three Towns";"1.71";"4.52";"1.22";"1.41";"3 | 15";"62 | 19";"1";"54 | 44";"82";"";"3.4";"3";"1.6 | 1.3";"1.4 | 2.3";"64";"64";"64";"53";"3";"25";"8.6";"9.6";"1.9 | 0.6";"10";"56 | 25";"62 | 56";"";"0.2 | 0.3";"0.9 | 1.2";"2";"1.4";"0.5 | 1.1";"1.4 | 1";"";"62 | 0";"6.6 | 4.1";"3.2 | 5.1";"10.4";"83";"53"
"China";"CHN";"Super League";"04-07-2026 08:35";"NS";"Beijing Guoan";"";"";"Shandong Taishan";"1.72";"3.98";"1.09";"1.82";"7 | 4";"46 | 50";"1";"65 | 51";"82";"";"3.5";"3";"1.9 | 1.5";"1.6 | 2";"68";"81";"75";"56";"3";"25.3";"8.6";"9.9";"1.4 | 1.5";"10";"49 | 35";"38 | 50";"";"0.6 | 0.6";"0.4 | 0.9";"2.2";"1.2";"1.2 | 1.1";"1.2 | 0.9";"";"38 | 50";"6.6 | 4.1";"3.6 | 5.5";"10.4";"75";"62"
"China";"CHN";"Super League";"04-07-2026 09:00";"NS";"Tianjin Jinmen Tiger";"";"";"Shenzhen Peng City";"2.19";"3.03";"1.28";"1.31";"16 | 9";"25 | 19";"5";"37 | 24";"73";"";"2.6";"2";"1.1 | 0.7";"1.5 | 1.9";"66";"52";"52";"80";"3";"22.8";"7.4";"11.4";"0.8 | 0.6";"11";"52 | 38";"62 | 43";"";"0.5 | 0.6";"0.4 | 0.7";"1.6";"1.1";"1.1 | 1.1";"0.6 | 0.1";"";"12 | 14";"4.4 | 4.6";"5.2 | 8.7";"10.4";"81";"75"
"China";"CHN";"League Two";"04-07-2026 05:30";"NS";"Shanghai Port B";"";"";"Beijing BIT";"";"";"";"";"1 | 12";"67 | 33";"";"34 | 27";"50";"";"1.8";"2";"1 | 0.8";"0.5 | 1.3";"50";"50";"42";"84";"2.2";"22";"7.2";"9";"2 | 1";"9";"88 | 60";"50 | 50";"";"0.7 | 0.2";"0.5 | 0.5";"0.9";"1";"0 | 0.8";"0.3 | 0.7";"";"50 | 17";"4.3 | 3.5";"3.7 | 6.5";"8.8";"50";"50"
"China";"CHN";"League Two";"04-07-2026 08:00";"NS";"Shandong Taishan II";"";"";"Lanzhou Longyuan";"2.01";"3.53";"1.36";"1.20";"2 | 9";"62 | 33";"5";"44 | 17";"38";"";"1.6";"2";"1.3 | 0.5";"0.9 | 0.7";"38";"38";"30";"86";"2.2";"21.4";"6.2";"10.6";"1.9 | 1";"10";"74 | 80";"43 | 33";"";"0.4 | 0.2";"0.1 | 0.2";"1.2";"0.4";"0.7 | 0.5";"0.9 | 0.3";"";"57 | 17";"7 | 6.7";"3.9 | 3.5";"8.8";"76";"69"
"China";"CHN";"League Two";"04-07-2026 08:00";"NS";"Guangzhou Dandelion";"";"";"Guangdong Mingtu";"";"";"";"";"7 | 10";"50 | 43";"";"58 | 44";"86";"";"2.9";"2";"1.7 | 1.3";"1.5 | 1.3";"62";"77";"48";"69";"2.2";"18.6";"6.7";"8.4";"1.5 | 1.3";"9";"52 | 60";"33 | 29";"";"1 | 0.9";"0.7 | 0.6";"1.3";"1.5";"0.8 | 0.7";"0.7 | 0.4";"";"50 | 29";"5 | 4.1";"2.8 | 5";"8.8";"68";"60"
"China";"CHN";"League Two";"04-07-2026 08:30";"NS";"Haimen Codion";"";"";"Dalian Kewei";"";"";"";"";"8 | 3";"44 | 28";"";"61 | 10";"58";"";"1.9";"2";"1.8 | 0.3";"1.2 | 0.5";"50";"50";"42";"66";"2.2";"18.1";"5.9";"9.8";"1.3 | 0.8";"9";"63 | 88";"67 | 33";"";"1 | 0.2";"0.7 | 0.3";"0.8";"1.1";"0.5 | 0.2";"0.8 | 0.2";"";"17 | 0";"6 | 5.8";"3 | 4.7";"8.8";"83";"66"
"China";"CHN";"League Two";"04-07-2026 08:30";"NS";"Ganzhou Ruishi";"";"";"Hubei Istar";"";"";"";"";"5 | 2";"52 | 52";"";"37 | 34";"57";"";"2";"2";"1.1 | 1";"0.9 | 0.9";"43";"72";"36";"93";"2.2";"19.8";"6.2";"7.3";"1.6 | 1.6";"8";"74 | 74";"71 | 43";"";"0.3 | 0.4";"0.6 | 0.3";"1.1";"0.8";"0.3 | 0.6";"0.9 | 0.6";"";"43 | 43";"3.6 | 2.3";"3.4 | 5.3";"8.8";"50";"14"
"China";"CHN";"League Two";"04-07-2026 09:00";"NS";"Chengdu Rongcheng II";"";"";"Wuhan Three Towns II";"";"";"";"";"11 | 12";"33 | 10";"";"34 | 31";"78";"";"2.3";"2";"1 | 0.9";"1 | 1.7";"78";"78";"50";"86";"2.2";"19.8";"7";"8.5";"1 | 0.3";"8";"70 | 46";"71 | 57";"";"0.4 | 0.3";"0.4 | 1";"1.2";"1.1";"0.6 | 0.7";"0.6 | 0.6";"";"14 | 0";"3.6 | 3.4";"5.6 | 4.4";"8.8";"72";"43"
"Ecuador";"ECU";"Liga Pro Serie B";"04-07-2026 18:30";"NS";"LDU Portoviejo";"";"";"9 de Octubre";"2.63";"2.60";"";"";"8 | 1";"78 | 50";"5";"34 | 10";"16";"";"0.9";"2";"1 | 0.3";"0.3 | 0.2";"16";"16";"8";"100";"2";"18.4";"6.4";"8.8";"2.3 | 1.5";"9";"100 | 100";"33 | 50";"";"0.3 | 0";"0 | 0";"0.8";"0.2";"0.3 | 0.2";"0.7 | 0.3";"";"67 | 33";"8.7 | 3.4";"2.3 | 3.2";"8.8";"62";"52"
"Estonia";"EST";"Meistriliiga";"04-07-2026 13:00";"NS";"Paide";"";"";"Vaprus";"1.43";"5.63";"1.14";"1.49";"4 | 6";"54 | 42";"1";"37 | 34";"62";"";"2.5";"3";"1.1 | 1";"1 | 1.9";"56";"62";"50";"82";"3";"19.7";"7.8";"10.1";"1.6 | 1.2";"11";"70 | 38";"38 | 62";"";"0.6 | 0.6";"0.4 | 0.6";"1.4";"1.1";"0.6 | 1.2";"0.5 | 0.4";"";"50 | 38";"4.2 | 3.4";"6 | 6.6";"10.8";"88";"75"
"Estonia";"EST";"Meistriliiga";"04-07-2026 13:00";"NS";"JK Trans Narva";"";"";"Levadia";"13.27";"1.15";"1.07";"1.78";"10 | 1";"38 | 93";"4";"37 | 88";"88";"";"3.1";"3";"1.1 | 2.6";"1.6 | 0.9";"70";"83";"83";"78";"3";"25";"9";"12.2";"1.1 | 2.8";"11";"49 | 74";"88 | 44";"";"0.5 | 1.2";"1.1 | 0.6";"1.4";"1.7";"0.5 | 0.3";"0.6 | 1.3";"";"38 | 89";"6.5 | 9.7";"5.6 | 2.8";"10.8";"100";"94"
"Estonia";"EST";"Esiliiga A";"04-07-2026 09:00";"NS";"FC Tallinn";"";"";"Nõmme United II";"";"";"";"";"10 | 8";"38 | 41";"";"54 | 71";"88";"";"4";"4";"1.6 | 2.1";"1.8 | 2.6";"76";"58";"64";"42";"3.8";"27";"13.2";"9.3";"1.1 | 1.2";"10";"42 | 14";"38 | 44";"";"0.4 | 0.6";"0.6 | 1.1";"2.7";"1.4";"1.1 | 1.4";"1.2 | 1.6";"";"25 | 33";"3.4 | 4.2";"5.2 | 5.8";"10.2";"76";"76"
"Estonia";"EST";"Esiliiga B";"04-07-2026 09:00";"NS";"Phoenix";"";"";"Tartu Kalev";"";"";"";"";"5 | 8";"80 | 33";"";"100 | 75";"94";"";"5.4";"5";"3.4 | 2.2";"2.4 | 2.9";"89";"100";"94";"20";"4.6";"30";"15.8";"10.4";"2.4 | 1";"10";"21 | 4";"70 | 44";"";"1.4 | 1.1";"1.2 | 1.1";"3";"2.4";"1.2 | 1.8";"2 | 1.1";"";"80 | 33";"5.7 | 5";"4.6 | 5.6";"10.4";"64";"54"
"Estonia";"EST";"Esiliiga B";"04-07-2026 09:00";"NS";"FCI Tallinn";"";"";"Tammeka II";"";"";"";"";"6 | 1";"57 | 52";"";"71 | 68";"93";"";"4.2";"4";"2.1 | 2";"1.7 | 2.6";"58";"78";"72";"36";"4.6";"28.6";"13.2";"10.4";"1.7 | 1.6";"10";"46 | 14";"57 | 43";"";"1.1 | 0.3";"0.9 | 1.6";"2.3";"2";"0.9 | 1";"1 | 1.7";"";"57 | 43";"4 | 6.6";"3.7 | 6.4";"10.4";"72";"58"
"Ethiopia";"ETH";"Premier League";"04-07-2026 10:00";"NS";"Sidama Bunna";"";"";"Mebrat Hayl";"2.02";"3.75";"";"";"1 | 4";"50 | 43";"5";"31 | 41";"60";"";"2";"2";"0.9 | 1.2";"0.7 | 1.1";"40";"50";"30";"90";"1.8";"15.6";"5.8";"7.9";"1.5 | 1.3";"8";"80 | 66";"50 | 50";"";"0.3 | 0.9";"0.1 | 0.3";"1.2";"0.8";"0.6 | 0.8";"0.6 | 0.3";"";"40 | 40";"4.3 | 4.7";"3.8 | 3";"7.6";"42";"36"
"Finland";"FIN";"Veikkausliiga";"04-07-2026 09:00";"NS";"Lahti";"";"";"Gnistan";"2.28";"2.88";"1.23";"1.37";"9 | 6";"43 | 33";"5";"54 | 34";"84";"";"2.4";"2";"1.6 | 1";"1.1 | 1";"54";"69";"30";"86";"2.6";"22.4";"8.4";"9.8";"1.3 | 1";"9";"66 | 70";"43 | 83";"";"1.1 | 0.5";"0.3 | 0.3";"1.2";"1.1";"0.9 | 0.7";"0.4 | 0.5";"";"29 | 17";"4.7 | 3.8";"3.7 | 7.3";"9.7";"78";"63"
"Finland";"FIN";"Veikkausliiga";"04-07-2026 11:00";"NS";"SJK";"";"";"TPS";"1.65";"4.61";"1.19";"1.45";"10 | 7";"28 | 17";"1";"41 | 24";"66";"";"2.2";"3";"1.2 | 0.7";"1.3 | 1.2";"58";"75";"42";"83";"2.6";"25.6";"8.2";"8.5";"0.8 | 0.5";"9";"60 | 63";"50 | 50";"";"0.3 | 0.3";"0.8 | 0.7";"1";"1.1";"0.5 | 0.5";"0.8 | 0.3";"";"17 | 0";"6.7 | 4";"2.2 | 4.2";"9.7";"58";"42"
"Finland";"FIN";"Veikkausliiga";"04-07-2026 11:00";"NS";"Jaro";"";"";"Ilves";"3.22";"2.02";"1.16";"1.48";"11 | 8";"33 | 14";"5";"51 | 54";"92";"";"3.8";"3";"1.5 | 1.6";"1.7 | 2.7";"76";"100";"68";"48";"2.6";"24.3";"9.4";"9.1";"1 | 0.4";"10";"46 | 10";"33 | 43";"";"1 | 0.7";"0.7 | 1.7";"1.7";"2";"1 | 1";"0.5 | 0.9";"";"17 | 0";"3.8 | 3.9";"4.5 | 6";"9.7";"69";"62"
"Finland";"FIN";"Veikkausliiga";"04-07-2026 12:00";"NS";"VPS";"";"";"Mariehamn";"1.29";"9.09";"1.17";"1.47";"5 | 12";"67 | 6";"3";"68 | 10";"75";"";"2.6";"3";"2 | 0.3";"1 | 1.8";"58";"66";"50";"84";"2.6";"25.8";"8.5";"10.5";"2 | 0.2";"10";"70 | 42";"50 | 50";"";"1.3 | 0";"0.3 | 0.7";"1.4";"1.2";"0.7 | 1.2";"0.7 | 0.3";"";"50 | 0";"5.2 | 3.7";"5.3 | 6.8";"9.7";"83";"75"
"Finland";"FIN";"Ykkösliiga";"04-07-2026 10:00";"NS";"EIF";"";"";"PK-35";"2.91";"2.30";"1.29";"1.27";"5 | 2";"83 | 72";"5";"75 | 44";"42";"";"2.2";"2";"2.2 | 1.3";"0.8 | 0.2";"25";"58";"42";"83";"2.3";"18.8";"7.6";"9.6";"2.5 | 2.2";"10";"77 | 100";"67 | 17";"";"0.8 | 0.5";"0.2 | 0.2";"1.4";"0.8";"0.7 | 0";"1.3 | 0.8";"";"83 | 67";"4.2 | 5";"5.5 | 4.5";"9.7";"83";"58"
"Finland";"FIN";"Kakkonen";"04-07-2026 08:00";"NS";"Honka";"";"";"MuSa";"";"29.00";"";"";"1 | 9";"67 | 27";"";"75 | 41";"100";"";"3.8";"4";"2.2 | 1.2";"1.2 | 3";"80";"100";"68";"45";"3.7";"21.6";"10.2";"11";"2 | 0.8";"11";"63 | 0";"50 | 40";"";"0.5 | 0.8";"0.8 | 1.2";"2.2";"1.6";"0.5 | 1.8";"1.8 | 0.4";"";"50 | 20";"5.8 | 1.4";"3.8 | 11.2";"11.1";"75";"75"
"Finland";"FIN";"Kakkonen";"04-07-2026 08:00";"NS";"JS Hercules";"";"";"Vaajakoski";"";"";"";"";"10 | 8";"40 | 33";"";"61 | 41";"75";"";"3.4";"4";"1.8 | 1.2";"2 | 1.8";"65";"68";"75";"55";"3.7";"15.9";"7.4";"10.6";"1.2 | 1";"11";"35 | 42";"40 | 50";"";"0.4 | 0";"0.4 | 1.2";"2.4";"1";"1.6 | 0.5";"1.4 | 1.2";"";"40 | 25";"5.6 | 4.5";"5.6 | 5.5";"11.1";"78";"55"
"Finland";"FIN";"Kakkonen";"04-07-2026 09:00";"NS";"HIFK";"";"";"MYPA";"";"";"";"";"1 | 8";"67 | 58";"";"82 | 61";"100";"";"3.5";"4";"2.4 | 1.8";"1.6 | 1.2";"78";"68";"65";"55";"3.7";"23.9";"10.8";"12.2";"2 | 1.8";"12";"49 | 63";"40 | 50";"";"1 | 0.2";"0.2 | 0.5";"2.5";"1";"1.4 | 0.8";"1.4 | 1.5";"";"60 | 50";"6.4 | 5";"6.6 | 6.5";"11.1";"100";"88"
"Finland";"FIN";"Kakkonen";"04-07-2026 09:00";"NS";"Kraft";"";"";"Jaro II";"";"";"";"";"6 | 1";"25 | 60";"";"68 | 75";"88";"";"4.4";"4";"2 | 2.2";"2 | 2.6";"68";"88";"78";"45";"3.7";"21";"8.9";"10.5";"0.8 | 1.8";"11";"35 | 14";"50 | 40";"";"1.2 | 1.6";"0.8 | 1.2";"2";"2.4";"1.2 | 1.4";"0.8 | 0.6";"";"25 | 60";"6 | 5";"5 | 5";"11.1";"71";"71"
"Finland";"FIN";"Kakkonen";"04-07-2026 10:00";"NS";"Atlantis";"";"";"PEPO";"2.80";"1.97";"";"";"7 | 2";"75 | 53";"2";"100 | 41";"90";"";"3.7";"4";"4 | 1.2";"1.2 | 1";"65";"70";"68";"62";"3.7";"20.8";"10.8";"11.8";"2.2 | 1.6";"12";"63 | 70";"50 | 60";"";"2.8 | 0.6";"0.8 | 0.4";"1.5";"2.2";"0.5 | 0.6";"1.2 | 0.6";"";"75 | 40";"6.8 | 9.2";"1.8 | 6";"11.1";"88";"75"
"Finland";"FIN";"Kakkonen";"04-07-2026 10:00";"NS";"Union Plaani";"";"";"PuiU Helsinki";"";"";"";"";"10 | 9";"7 | 27";"";"20 | 27";"90";"";"3.3";"4";"0.6 | 0.8";"2.4 | 2.8";"40";"70";"60";"50";"3.7";"24.3";"12.5";"13.2";"0.2 | 0.8";"12";"21 | 7";"60 | 60";"";"0.2 | 0.2";"0.8 | 2.4";"1.5";"1.8";"1.6 | 0.4";"0.4 | 0.6";"";"0 | 20";"6.5 | 5.2";"8.5 | 6.2";"11.1";"100";"100"
"Finland";"FIN";"Kakkonen";"04-07-2026 10:00";"NS";"P-Iirot";"";"";"HJS Akatemia";"";"";"";"";"5 | 3";"80 | 73";"";"88 | 75";"80";"";"3.6";"4";"2.6 | 2.2";"1.2 | 1.2";"50";"80";"70";"40";"3.7";"22.1";"11";"10.7";"2.4 | 2.2";"11";"63 | 63";"60 | 60";"";"0.8 | 1";"0.4 | 0";"2.5";"1.1";"0.8 | 1.2";"1.8 | 1.2";"";"80 | 60";"5.6 | 6.4";"4.8 | 4.6";"11.1";"100";"90"
"Finland";"FIN";"Kakkonen";"04-07-2026 11:00";"NS";"HPS";"";"";"Reipas";"2.60";"2.15";"";"";"4 | 6";"27 | 20";"5";"61 | 61";"100";"";"4";"4";"1.8 | 1.8";"2.4 | 2";"80";"80";"100";"50";"3.7";"20.3";"10";"10.8";"0.8 | 0.6";"11";"21 | 35";"20 | 40";"";"1 | 1.2";"0.6 | 1";"2.1";"1.9";"1.8 | 1";"0.8 | 0.6";"";"20 | 20";"4.5 | 5.8";"5.5 | 5.8";"11.1";"88";"88"
"Finland";"FIN";"Kakkonen";"04-07-2026 11:00";"NS";"TP-47";"";"";"GBK";"1.72";"3.45";"";"";"3 | 4";"40 | 60";"1";"68 | 68";"100";"";"4.6";"4";"2 | 2";"2.2 | 3";"80";"90";"90";"40";"3.7";"24.4";"11.6";"11.5";"1.2 | 1.8";"11";"28 | 0";"20 | 40";"";"1 | 0.6";"1.2 | 1.2";"2.6";"2";"1 | 1.8";"1 | 1.4";"";"20 | 60";"7.2 | 5.2";"4.5 | 6";"11.1";"75";"62"
"Finland";"FIN";"Kolmonen - Northern Group";"04-07-2026 11:00";"NS";"HauPa";"";"";"Villan Pojat";"";"";"";"";"3 | 6";"44 | 44";"";"100 | 44";"100";"";"5";"5";"5 | 1.3";"1.7 | 2";"50";"";"67";"50";"4";"";"";"";"1.3 | 1.3";"";"46 | 35";"33 | 33";"";"";"";"2.2";"1.3";"";"";"";"33 | 33";"";"";"11.4";"";""
"Finland";"FIN";"Kolmonen - Western Group";"04-07-2026 08:00";"NS";"Tampere United II";"";"";"TPV II";"";"";"";"";"2 | 3";"100 | 67";"";"68 | 75";"88";"";"3.4";"4";"2 | 2.2";"0.8 | 1.8";"75";"88";"75";"58";"3.7";"26";"12.8";"12.4";"3 | 2";"12";"77 | 42";"50 | 60";"";"1.2 | 1";"0.8 | 0.8";"1.5";"1.9";"0 | 1";"0.8 | 1.2";"";"100 | 60";"10 | 5.8";"2.5 | 6.6";"10";"100";"80"
"Finland";"FIN";"Kolmonen - Western Group";"04-07-2026 09:00";"NS";"NoPS";"";"";"Lasten";"";"";"";"";"4 | 1";"73 | 100";"";"100 | 100";"80";"";"5.5";"4";"3.8 | 5";"1.2 | 1";"70";"80";"80";"20";"3.7";"25.5";"9.5";"9.8";"2.2 | 3";"10";"63 | 70";"60 | 60";"";"1 | 2.8";"0.8 | 1";"2.7";"2.8";"0.4 | 0";"2.8 | 2.2";"";"60 | 100";"5.7 | 8";"4.3 | 1.7";"10";"67";"50"
"Finland";"FIN";"Kolmonen - Western Group";"04-07-2026 09:00";"NS";"TP-49";"";"";"Loiske";"";"";"";"";"12 | 8";"7 | 40";"";"20 | 34";"90";"";"3.1";"4";"0.6 | 1";"2.6 | 2";"60";"90";"70";"70";"3.7";"";"";"";"0.2 | 1.2";"";"14 | 35";"40 | 80";"";"0.4 | 0.6";"1.6 | 1";"1.3";"1.8";"1 | 1";"0.2 | 0.4";"";"0 | 40";"";"";"10";"";""
"Finland";"FIN";"Kolmonen - Western Group";"04-07-2026 10:00";"NS";"Mariehamn II";"";"";"LTU";"";"";"";"";"2 | 9";"80 | 33";"";"100 | 17";"75";"";"3";"3";"3 | 0.5";"1.2 | 1.2";"62";"75";"62";"58";"3.7";"";"";"";"2.4 | 1";"";"63 | 63";"40 | 50";"";"2 | 0";"0.2 | 0.5";"1.6";"1.4";"1 | 0.8";"1 | 0.5";"";"80 | 25";"";"";"10";"";""
"Finland";"FIN";"Kolmonen - Southern Group";"04-07-2026 07:00";"NS";"SibboV";"";"";"JäPS II";"";"";"";"";"2 | 4";"75 | 58";"";"95 | 95";"100";"";"4.5";"4";"2.8 | 2.8";"1.8 | 1.8";"88";"88";"100";"12";"4.1";"24.5";"11.5";"11.9";"2.2 | 1.8";"11";"42 | 42";"50 | 25";"";"1.8 | 2.2";"0.8 | 0.5";"1.9";"2.6";"1 | 1.2";"1 | 0.5";"";"75 | 50";"3.8 | 9.5";"7.2 | 3.2";"9.8";"88";"75"
"Finland";"FIN";"Kolmonen - Southern Group";"04-07-2026 07:00";"NS";"RiPS";"";"";"ToTe / Tapio";"";"";"";"";"6 | 12";"67 | 20";"";"92 | 41";"100";"";"4.8";"4";"2.7 | 1.2";"3 | 2.6";"90";"100";"90";"20";"4.1";"";"";"";"2 | 0.6";"";"0 | 14";"67 | 60";"";"1.3 | 0.6";"2 | 1.2";"2.2";"2.6";"1 | 1.4";"1.3 | 0.6";"";"67 | 0";"";"";"9.8";"";""
"Finland";"FIN";"Kolmonen - Southern Group";"04-07-2026 10:00";"NS";"Atlantis II";"";"";"Futura";"";"";"";"";"3 | 1";"73 | 100";"";"82 | 100";"78";"";"5";"5";"2.4 | 5.2";"1.4 | 1";"78";"100";"68";"32";"4.1";"";"";"";"2.2 | 3";"";"56 | 70";"60 | 25";"";"1.4 | 2.5";"0.2 | 0.8";"2.6";"2.4";"1.2 | 0.2";"1 | 2.8";"";"60 | 100";"";"";"9.8";"";""
"Faroe Islands";"FRO";"1. Deild";"04-07-2026 11:00";"NS";"TB";"";"";"EB / Streymur II";"";"";"";"";"8 | 10";"33 | 22";"";"44 | 27";"92";"";"3.5";"4";"1.3 | 0.8";"2.4 | 2.5";"69";"76";"77";"45";"3.8";"";"";"";"1 | 0.7";"";"21 | 18";"43 | 67";"";"0.4 | 0.3";"1.1 | 0.8";"2.2";"1.4";"1.3 | 1.7";"0.9 | 0.5";"";"29 | 17";"";"";"11";"";""
"Faroe Islands";"FRO";"1. Deild";"04-07-2026 13:30";"NS";"ÍF";"";"";"Víkingur II";"";"";"";"";"4 | 2";"39 | 62";"";"58 | 78";"93";"";"3.4";"4";"1.7 | 2.3";"1.2 | 1.6";"63";"92";"60";"55";"3.8";"24.8";"9.9";"10.9";"1.2 | 1.9";"11";"63 | 49";"50 | 57";"";"0.7 | 1.4";"0.3 | 0.9";"1.7";"1.6";"0.8 | 0.7";"1 | 0.9";"";"17 | 57";"6.2 | 7";"4.5 | 4";"11";"88";"88"
"Faroe Islands";"FRO";"Meistaradeildin";"04-07-2026 10:30";"NS";"B36";"";"";"Víkingur";"2.55";"2.46";"1.26";"1.29";"3 | 4";"67 | 43";"5";"58 | 34";"57";"";"2.2";"2";"1.7 | 1";"0.7 | 1";"36";"57";"36";"78";"2.8";"19.5";"7.5";"11";"2 | 1.3";"10";"80 | 70";"43 | 43";"";"0.6 | 0.3";"0.3 | 0.7";"1.3";"1";"0.4 | 0.3";"1.1 | 0.7";"";"57 | 29";"4 | 7.6";"7.3 | 3.1";"10.8";"86";"71"
"Faroe Islands";"FRO";"Meistaradeildin";"04-07-2026 13:15";"NS";"AB Argir";"";"";"EB / Streymur";"2.06";"3.12";"1.20";"1.38";"6 | 7";"62 | 39";"5";"68 | 51";"92";"";"3.4";"3";"2 | 1.5";"1.6 | 1.7";"77";"84";"62";"63";"2.8";"21.6";"8.8";"9.5";"1.9 | 1.2";"10";"49 | 46";"57 | 17";"";"1.1 | 1";"0.6 | 0.3";"1.8";"1.5";"1 | 1.3";"0.9 | 0.5";"";"57 | 33";"3.9 | 2.5";"6.1 | 6.5";"10.8";"60";"45"
"Faroe Islands";"FRO";"Meistaradeildin";"04-07-2026 14:30";"NS";"Skála";"";"";"B68";"1.75";"3.92";"1.14";"1.52";"10 | 9";"33 | 19";"1";"41 | 24";"80";"";"3.2";"3";"1.2 | 0.7";"1.8 | 2.7";"52";"66";"59";"66";"2.8";"21";"9";"10";"1 | 0.6";"10";"42 | 10";"75 | 43";"";"0.4 | 0";"0.8 | 1.1";"2.1";"1.1";"1 | 1.6";"0.9 | 0.7";"";"25 | 14";"7.2 | 3.9";"3.5 | 5.4";"10.8";"66";"66"
"Germany";"GER";"Reg. Cup Bayern";"04-07-2026 06:00";"NS";"Kirchheimer SC";"";"";"Heimstetten";"";"";"";"";"";"";"";"";"";"";"";"";"";"";"";"";"";"";"";"";"";"";"";"";"";"";"";"";"";"";"";"";"";"";"";"";"";"";"";""
"Germany";"GER";"Reg. Cup Bayern";"04-07-2026 09:00";"NS";"Buckenhofen";"";"";"Neudrossenfeld";"";"";"";"";"";"";"";"";"";"";"";"";"";"";"";"";"";"";"";"";"";"";"";"";"";"";"";"";"";"";"";"";"";"";"";"";"";"";"";""
"Germany";"GER";"Reg. Cup Bayern";"04-07-2026 09:45";"NS";"Durach";"";"";"Kottern";"";"";"";"";"";"";"";"";"";"";"";"";"";"";"";"";"";"";"";"";"";"";"";"";"";"";"";"";"";"";"";"";"";"";"";"";"";"";"";""
"Germany";"GER";"Reg. Cup Bayern";"04-07-2026 11:00";"NS";"Lichtenfels";"";"";"Coburg";"";"";"";"";"";"";"";"";"";"";"";"";"";"";"";"";"";"";"";"";"";"";"";"";"";"";"";"";"";"";"";"";"";"";"";"";"";"";"";""
"Germany";"GER";"Reg. Cup Bayern";"04-07-2026 11:00";"NS";"Garmisch-Partenkirchen";"";"";"Ismaning";"";"";"";"";"";"";"";"";"";"";"";"";"";"";"";"";"";"";"";"";"";"";"";"";"";"";"";"";"";"";"";"";"";"";"";"";"";"";"";""
"Germany";"GER";"Reg. Cup Bayern";"04-07-2026 11:00";"NS";"Manching";"";"";"Gundelfingen";"";"";"";"";"";"";"";"";"";"";"";"";"";"";"";"";"";"";"";"";"";"";"";"";"";"";"";"";"";"";"";"";"";"";"";"";"";"";"";""
"Germany";"GER";"Reg. Cup Bayern";"04-07-2026 11:00";"NS";"Schwabmünchen";"";"";"Pipinsried";"";"";"";"";"";"";"";"";"";"";"";"";"";"";"";"";"";"";"";"";"";"";"";"";"";"";"";"";"";"";"";"";"";"";"";"";"";"";"";""
"Germany";"GER";"Reg. Cup Bayern";"04-07-2026 14:30";"NS";"DJK Bamberg";"";"";"Eintracht Bamberg";"";"";"";"";"";"";"";"";"";"";"";"";"";"";"";"";"";"";"";"";"";"";"";"";"";"";"";"";"";"";"";"";"";"";"";"";"";"";"";""
"Republic of Ireland";"IRL";"U20 National League";"04-07-2026 07:30";"NS";"St Patrick's U20";"";"";"Bohemians U20";"";"";"";"";"6 | 3";"50 | 39";"";"51 | 41";"88";"";"3";"4";"1.5 | 1.2";"1.8 | 1.5";"42";"50";"50";"66";"3.9";"";"";"";"1.5 | 1.2";"";"42 | 52";"50 | 50";"";"0 | 0.3";"0 | 1.3";"1.2";"0.4";"1.5 | 1.7";"5 | 2";"";"50 | 33";"";"";"10";"";""
"Republic of Ireland";"IRL";"U20 National League";"04-07-2026 09:00";"NS";"Drogheda United U20";"";"";"Shelbourne U20";"";"";"";"";"4 | 5";"83 | 67";"";"78 | 100";"100";"";"4";"4";"2.3 | 3";"1 | 1.8";"92";"84";"100";"34";"3.9";"22.6";"9.8";"12.1";"2.5 | 2";"11";"70 | 42";"33 | 60";"";"2 | 1.3";"0.5 | 0.7";"1.2";"1.4";"1.8 | 2.3";"0.8 | 3.7";"";"83 | 60";"7.5 | 5.3";"5 | 6.3";"10";"100";"100"
"Republic of Ireland";"IRL";"U20 National League";"04-07-2026 10:00";"NS";"Derry City U20";"";"";"Sligo Rovers U20";"";"";"";"";"7 | 4";"39 | 56";"";"61 | 75";"83";"";"3.7";"4";"1.8 | 2.2";"1.8 | 1.5";"67";"58";"58";"42";"3.9";"20.8";"11";"13.5";"1.2 | 1.7";"12";"42 | 52";"50 | 67";"";"0.8 | 0.3";"1.2 | 0.7";"1.2";"1.2";"0.7 | 2.3";"1 | 4";"";"33 | 50";"6.2 | 10";"3.5 | 7.3";"10";"100";"92"
"Republic of Ireland";"IRL";"U20 National League";"04-07-2026 10:00";"NS";"Mayo U20";"";"";"Athlone Town U20";"";"";"";"";"8 | 6";"0 | 17";"";"7 | 34";"66";"";"3.8";"4";"0.2 | 1";"2.2 | 4";"46";"";"58";"50";"3.9";"";"";"";"0 | 0.5";"";"28 | 2";"50 | 50";"";"";"";"1.1";"0.8";"";"";"";"0 | 17";"";"";"10";"";""
"Republic of Ireland";"IRL";"U20 National League";"04-07-2026 10:00";"NS";"Kerry FC U20";"";"";"Wexford U20";"";"";"";"";"5 | 4";"33 | 27";"";"41 | 48";"90";"";"3.7";"4";"1.2 | 1.4";"1.6 | 3.2";"60";"";"70";"50";"3.9";"";"";"";"1 | 0.8";"";"49 | 2";"60 | 60";"";"";"";"0.2";"0.3";"";"";"";"20 | 20";"";"";"10";"";""
"Republic of Ireland";"IRL";"U20 National League";"04-07-2026 10:00";"NS";"Cork City U20";"";"";"Shamrock Rovers U20";"";"";"";"";"1 | 7";"80 | 61";"";"88 | 100";"92";"";"4.5";"4";"2.6 | 3.5";"1.4 | 1.5";"54";"75";"84";"36";"3.9";"23";"12.2";"6.5";"2.4 | 1.8";"8";"56 | 52";"60 | 67";"";"1.5 | 1";"1 | 0";"1.2";"0.6";"4.5 | 4.5";"3 | 9.5";"";"80 | 50";"5.5 | 3";"2.5 | 2";"10";"25";"25"
"Republic of Ireland";"IRL";"U20 National League";"04-07-2026 10:30";"NS";"Klub Kildare U20";"";"";"Finn Harps U20";"";"";"";"";"3 | 5";"17 | 56";"";"51 | 61";"92";"";"4.2";"4";"1.5 | 1.8";"3.2 | 1.8";"75";"";"84";"33";"3.9";"";"";"";"0.5 | 1.7";"";"2 | 42";"50 | 67";"";"";"";"0.9";"0.5";"";"";"";"17 | 50";"";"";"10";"";""
"Republic of Ireland";"IRL";"U20 National League";"04-07-2026 12:30";"NS";"Dundalk U20";"";"";"Longford Town U20";"";"";"";"";"2 | 1";"83 | 0";"";"100 | 20";"100";"";"5.1";"4";"3.7 | 0.6";"1 | 4.8";"64";"100";"92";"26";"3.9";"24.8";"12.7";"12.7";"2.5 | 0";"11";"70 | 2";"50 | 40";"";"1.8 | 0.2";"0.6 | 1.8";"2.8";"2";"1 | 3";"2.2 | 0.4";"";"83 | 0";"8.2 | 1.8";"4.6 | 10.8";"10";"100";"100"
"Republic of Ireland";"IRL";"U20 National League";"04-07-2026 12:30";"NS";"Treaty United U20";"";"";"Cobh Ramblers U20";"";"";"";"";"7 | 6";"25 | 27";"";"34 | 34";"90";"";"3";"4";"1 | 1";"2 | 2";"22";"";"80";"80";"3.9";"";"";"";"0.8 | 0.8";"";"35 | 35";"100 | 60";"";"";"";"0.8";"0.1";"";"";"";"25 | 20";"";"";"10";"";""
"Republic of Ireland";"IRL";"U20 National League";"04-07-2026 13:00";"NS";"CK United U20";"";"";"Waterford U20";"";"";"";"";"1 | 2";"56 | 67";"";"44 | 51";"75";"";"2.8";"4";"1.3 | 1.5";"1.3 | 1.5";"50";"";"42";"67";"3.9";"";"";"";"1.7 | 2";"";"60 | 52";"33 | 50";"";"";"";"0";"0";"";"";"";"50 | 67";"";"";"10";"";""
"Iceland";"ISL";"Besta deild";"04-07-2026 11:00";"NS";"ÍA";"";"";"Breidablik";"2.33";"2.37";"1.06";"1.99";"7 | 4";"33 | 33";"5";"34 | 68";"82";"";"3.4";"4";"1 | 2";"1.6 | 2.2";"72";"82";"54";"55";"4";"28.6";"9.6";"10.2";"1 | 1";"11";"49 | 28";"40 | 50";"";"0.4 | 1";"0.6 | 1.2";"1.8";"1.6";"1 | 1";"0.6 | 1";"";"20 | 17";"5.4 | 6.7";"4.8 | 3.7";"12.4";"82";"74"
"Iceland";"ISL";"Besta deild";"04-07-2026 13:00";"NS";"ÍBV";"";"";"Valur";"2.12";"2.78";"1.09";"1.74";"9 | 5";"39 | 50";"5";"68 | 68";"84";"";"4";"4";"2 | 2";"2.2 | 1.8";"75";"92";"67";"50";"4";"28";"10.8";"9.2";"1.2 | 1.5";"11";"28 | 42";"33 | 67";"";"1 | 1.2";"1 | 1.2";"1.8";"2.2";"1.2 | 0.7";"1 | 0.8";"";"33 | 50";"2.5 | 3.3";"4.7 | 8";"12.4";"50";"50"
"Iceland";"ISL";"Inkasso-Deildin";"04-07-2026 11:00";"NS";"Grindavík";"";"";"Vestri";"";"";"";"";"10 | 4";"33 | 39";"";"27 | 41";"54";"";"2.3";"2";"0.8 | 1.2";"1 | 1.7";"45";"36";"36";"72";"3.4";"21.8";"8.8";"13.7";"1 | 1.2";"13";"70 | 46";"40 | 33";"";"0.2 | 0.3";"0.6 | 0.2";"1.6";"0.6";"0.4 | 1.5";"0.6 | 0.8";"";"20 | 33";"6.4 | 4.2";"10.2 | 6.7";"12.4";"92";"92"
"Iceland";"ISL";"Inkasso-Deildin";"04-07-2026 13:00";"NS";"Leiknir Reykjavík";"";"";"Völsungur";"1.62";"4.30";"1.09";"1.77";"6 | 12";"67 | 13";"1";"48 | 41";"60";"";"3.1";"3";"1.4 | 1.2";"1 | 2.6";"50";"50";"60";"60";"3.4";"19.9";"10.1";"13.5";"2 | 0.4";"13";"70 | 14";"60 | 60";"";"0.6 | 0.6";"0.2 | 1";"1.9";"1.2";"0.8 | 1.6";"0.8 | 0.6";"";"60 | 0";"6.8 | 5.2";"7.2 | 7.8";"12.4";"88";"88"
"Iceland";"ISL";"2. Deild";"04-07-2026 11:00";"NS";"Fjölnir";"";"";"Kormákur / Hvöt";"1.53";"4.20";"";"";"6 | 5";"61 | 33";"1";"92 | 44";"92";"";"3.4";"3";"2.7 | 1.3";"1.5 | 1.3";"84";"83";"66";"50";"4";"22.6";"10.6";"11.4";"1.8 | 1";"11";"52 | 60";"50 | 50";"";"1 | 0.7";"0.5 | 0.5";"2.1";"1.4";"1 | 0.8";"1.7 | 0.7";"";"50 | 17";"5.5 | 3.8";"7.2 | 6.2";"11.7";"80";"64"
"Iceland";"ISL";"2. Deild";"04-07-2026 11:00";"NS";"KFA";"";"";"Víkingur Ólafsvík";"";"";"";"";"10 | 7";"47 | 25";"";"100 | 34";"88";"";"4.2";"4";"3 | 1";"2 | 2.5";"78";"100";"88";"25";"4";"20.6";"10.6";"11.8";"1.4 | 0.8";"11";"35 | 18";"60 | 50";"";"2 | 0.5";"0.4 | 1.2";"2.2";"2.1";"1.6 | 1.2";"1 | 0.5";"";"40 | 25";"8 | 6.5";"3.7 | 5.5";"11.7";"100";"71"
"Iceland";"ISL";"2. Deild";"04-07-2026 13:00";"NS";"Magni";"";"";"Thróttur Vogar";"";"";"";"";"12 | 11";"44 | 0";"";"58 | 17";"88";"";"2.9";"3";"1.7 | 0.5";"1.3 | 2.2";"58";"58";"42";"58";"4";"22.2";"10";"13.4";"1.3 | 0";"13";"60 | 28";"33 | 50";"";"0.3 | 0";"0.7 | 0.5";"2.1";"0.8";"0.7 | 1.8";"1.3 | 0.5";"";"33 | 0";"10 | 5.2";"5.3 | 6.2";"11.7";"100";"88"
"Iceland";"ISL";"3. Deild";"04-07-2026 11:00";"NS";"Árbær";"";"";"Höttur";"";"";"";"";"12 | 8";"44 | 33";"";"92 | 51";"100";"";"4.9";"4";"2.7 | 1.5";"3.3 | 2.2";"88";"100";"100";"25";"4";"";"";"";"1.3 | 1";"";"2 | 28";"67 | 50";"";"1.7 | 0.5";"1.3 | 1.2";"2.5";"2.4";"2 | 1";"1 | 1";"";"33 | 25";"";"";"12.2";"";""
"Iceland";"ISL";"3. Deild";"04-07-2026 13:00";"NS";"KH Hlidarendi";"";"";"KF";"";"";"";"";"3 | 6";"61 | 44";"";"100 | 58";"92";"";"4";"4";"3 | 1.7";"1.7 | 1.7";"75";"92";"75";"42";"4";"19.5";"10.8";"11.4";"1.8 | 1.3";"12";"46 | 46";"33 | 50";"";"1.5 | 0.7";"0.7 | 0.8";"2.2";"1.8";"1 | 0.8";"1.5 | 1";"";"50 | 33";"5.6 | 3.8";"6.4 | 7";"12.2";"78";"78"
"Iceland";"ISL";"3. Deild";"04-07-2026 13:00";"NS";"Vídir";"";"";"Tindastóll";"";"";"";"";"2 | 1";"100 | 58";"";"100 | 68";"71";"";"3.2";"4";"3 | 2";"0.3 | 1";"54";"88";"71";"42";"4";"19.7";"9.2";"11.2";"3 | 1.8";"12";"100 | 70";"67 | 75";"";"2 | 0.8";"0.3 | 0";"1.6";"1.5";"0 | 1";"1 | 1.2";"";"100 | 50";"5.3 | 6";"4.3 | 6.7";"12.2";"100";"84"
"Iceland";"ISL";"3. Deild";"04-07-2026 13:00";"NS";"Sindri";"";"";"Augnablik";"";"";"";"";"11 | 9";"33 | 33";"";"48 | 85";"90";"";"4.2";"4";"1.4 | 2.5";"1.8 | 2.8";"78";"100";"80";"45";"4";"";"";"";"1 | 1";"";"42 | 7";"60 | 50";"";"0.6 | 0.5";"0.8 | 1.2";"2.6";"1.6";"1 | 1.5";"0.8 | 2";"";"20 | 25";"";"";"12.2";"";""
"Japan";"JPN";"Regional Leagues: Kyushu";"04-07-2026 05:00";"NS";"Miyakonojo";"";"";"Kawasoe Club";"";"";"";"";"5 | 6";"27 | 28";"";"54 | 17";"84";"";"3.1";"3";"1.6 | 0.5";"2.8 | 1.3";"46";"66";"66";"70";"3.1";"22.8";"8.8";"8.8";"0.8 | 0.8";"10";"7 | 60";"20 | 67";"";"0 | 0";"2.7 | 0.3";"1";"0.9";"3 | 2.3";"1.7 | 1";"";"20 | 17";"2.7 | 3";"5.7 | 6.3";"9.8";"50";"33"
"Japan";"JPN";"Regional Leagues: Kyushu";"04-07-2026 22:00";"NS";"Atletico Celeste";"";"";"Nippon Steel Oita";"";"";"";"";"8 | 10";"25 | 13";"";"41 | 41";"90";"";"3.5";"4";"1.2 | 1.2";"2.5 | 2";"78";"62";"80";"45";"3.1";"25";"10.2";"9.6";"0.8 | 0.4";"10";"18 | 35";"50 | 60";"";"0.5 | 0.5";"0 | 1";"1.5";"0.7";"3.5 | 1.5";"3.5 | 1";"";"25 | 0";"2.5 | 2.5";"6.5 | 7.8";"9.8";"75";"75"
"Japan";"JPN";"Regional Leagues: Kyushu";"04-07-2026 22:00";"NS";"Brew Saga";"";"";"Nobeoka";"";"";"";"";"7 | 3";"47 | 67";"";"27 | 75";"70";"";"3";"3";"0.8 | 2.2";"1.2 | 1.8";"35";"50";"62";"46";"3.1";"25.7";"7.7";"12.5";"1.4 | 2";"11";"63 | 42";"40 | 67";"";"0 | 0.7";"1 | 0.3";"0.8";"0.6";"1.3 | 3.3";"1 | 3.7";"";"40 | 67";"9 | 9";"4.3 | 2.7";"9.8";"100";"84"
"Japan";"JPN";"Regional Leagues: Kyushu";"04-07-2026 22:00";"NS";"Heavy Industries";"";"";"KMG Holdings";"";"";"";"";"4 | 2";"33 | 100";"";"27 | 78";"46";"";"2.2";"3";"0.8 | 2.3";"1.4 | 0";"20";"75";"36";"74";"3.1";"19.5";"7.2";"8.8";"1 | 3";"10";"56 | 100";"40 | 33";"";"0.5 | 1.3";"0.5 | 0";"1";"1";"1.2 | 0";"0.5 | 1";"";"20 | 100";"5.5 | 5.3";"3 | 3.7";"9.8";"71";"58"
"Japan";"JPN";"Regional Leagues: Chugoku";"04-07-2026 04:00";"NS";"Beluga Rosso Hamada";"";"";"Mizushima";"";"";"";"";"1 | 2";"72 | 22";"";"92 | 58";"100";"";"4.2";"";"2.7 | 1.7";"1.3 | 2.7";"84";"";"67";"42";"";"";"";"";"2.2 | 0.7";"";"60 | 10";"50 | 33";"";"";"";"1";"0.5";"";"";"";"67 | 0";"";"";"";"";""
"Japan";"JPN";"Regional Leagues: Chugoku";"04-07-2026 06:00";"NS";"Hatsukaichi";"";"";"ENEOS Mizushima";"";"";"";"";"1 | 2";"17 | 27";"";"34 | 34";"90";"";"3.5";"";"1 | 1";"2.2 | 2.8";"72";"";"74";"45";"";"";"";"";"0.5 | 0.8";"";"28 | 7";"50 | 60";"";"";"";"0.8";"0.5";"";"";"";"0 | 20";"";"";"";"";""
"Japan";"JPN";"Regional Leagues: Chugoku";"04-07-2026 06:00";"NS";"Fukuyama City";"";"";"SRC Hiroshima";"";"";"";"";"1 | 2";"87 | 72";"";"100 | 68";"84";"";"3.9";"";"3.6 | 2";"1.2 | 1";"74";"84";"65";"35";"";"23.2";"10.5";"7.2";"2.6 | 2.2";"";"63 | 70";"60 | 50";"";"2.5 | 1.7";"0.5 | 0.3";"1.1";"1.1";"5 | 1.7";"4 | 2.3";"";"80 | 67";"6 | 4.3";"1 | 3";"";"58";"25"
"Japan";"JPN";"Regional Leagues: Kanto";"04-07-2026 03:00";"NS";"Tokyo 23";"";"";"Toin Yokohama UFC";"";"";"";"";"6 | 7";"33 | 56";"";"17 | 92";"75";"";"3";"2";"0.5 | 2.7";"0.5 | 2.3";"75";"";"50";"50";"2.7";"";"";"";"1 | 1.7";"";"88 | 25";"50 | 67";"";"";"";"1.4";"0.2";"";"";"";"0 | 33";"";"";"0";"";""
"Japan";"JPN";"Regional Leagues: Kansai";"04-07-2026 02:00";"NS";"Velago Ikoma";"";"";"Asuka FC";"";"";"";"";"5 | 6";"44 | 22";"";"58 | 10";"84";"";"2.5";"";"1.7 | 0.3";"1 | 2";"50";"84";"50";"84";"";"23.6";"10.5";"7.8";"1.3 | 0.7";"";"70 | 35";"67 | 33";"";"0.5 | 0.3";"0.5 | 0.7";"1.2";"0.8";"0.5 | 1.3";"2.5 | 0";"";"33 | 0";"4.5 | 4";"3.5 | 3.7";"";"58";"58"
"Japan";"JPN";"Regional Leagues: Kansai";"04-07-2026 06:30";"NS";"Arterivo Wakayama";"";"";"Moriyama Samurai";"";"";"";"";"3 | 8";"100 | 11";"";"100 | 24";"84";"";"3.2";"";"3.7 | 0.7";"0.3 | 1.7";"50";"";"66";"50";"";"";"";"";"3 | 0.3";"";"100 | 46";"67 | 33";"";"";"";"0.5";"0";"";"";"";"100 | 0";"";"";"";"";""
"Japan";"JPN";"Regional Leagues: Kansai";"04-07-2026 06:30";"NS";"Cento Cuore Harima";"";"";"Ococias Kyoto";"";"";"";"";"1 | 4";"56 | 75";"";"68 | 85";"84";"";"3.8";"";"2 | 2.5";"0.7 | 2.2";"66";"";"84";"29";"";"";"";"";"1.7 | 2.2";"";"80 | 28";"67 | 50";"";"";"";"0.8";"0.4";"";"";"";"33 | 75";"";"";"";"";""
"Japan";"JPN";"Regional Leagues: Kansai";"04-07-2026 22:30";"NS";"Basara Hyogo";"";"";"Laranja Kyoto";"";"";"";"";"2 | 7";"83 | 0";"";"95 | 0";"88";"";"3.8";"";"2.8 | 0";"0.8 | 4";"25";"";"88";"29";"";"";"";"";"2.5 | 0";"";"77 | 2";"75 | 67";"";"";"";"1.2";"0.6";"";"";"";"75 | 0";"";"";"";"";""
"Kazakhstan";"KAZ";"Premier League";"04-07-2026 09:00";"NS";"Altay";"";"";"Tobol";"3.10";"2.11";"";"";"16 | 13";"21 | 4";"5";"20 | 20";"56";"";"2";"2";"0.6 | 0.6";"1 | 1.9";"50";"56";"38";"88";"2.2";"21.2";"8.8";"9.9";"0.6 | 0.1";"9";"70 | 38";"38 | 50";"";"0.1 | 0.5";"0.5 | 0.6";"1.2";"0.8";"0.5 | 1.2";"0.5 | 0.1";"";"0 | 0";"3.9 | 4.8";"6.1 | 5";"9.1";"69";"62"
"Kazakhstan";"KAZ";"Premier League";"04-07-2026 10:00";"NS";"Kyzyl-Zhar";"";"";"Yelimay Semey";"3.14";"2.10";"1.28";"1.26";"12 | 4";"42 | 57";"5";"65 | 65";"80";"";"3.4";"2";"1.9 | 1.9";"1.8 | 1.3";"73";"74";"72";"46";"2.2";"19.4";"9.8";"9";"1.2 | 1.7";"9";"42 | 60";"50 | 57";"";"0.5 | 0.4";"0.5 | 0.6";"2.4";"1";"1.2 | 0.7";"1.4 | 1.4";"";"38 | 43";"3.8 | 5.3";"3.4 | 5.6";"9.1";"68";"49"
"South Korea";"KOR";"Korean Cup";"04-07-2026 04:00";"NS";"Jincheon HR";"";"";"Siheung Citizen";"";"";"";"";"";"";"";"";"";"";"";"";"";"";"";"";"";"";"";"";"";"";"";"";"";"";"";"";"";"";"";"";"";"";"";"";"";"";"";""
"South Korea";"KOR";"Korean Cup";"04-07-2026 06:00";"NS";"Pocheon";"";"";"Daejeon Korail";"";"";"";"";"";"";"";"";"";"";"";"";"";"";"";"";"";"";"";"";"";"";"";"";"";"";"";"";"";"";"";"";"";"";"";"";"";"";"";""
"South Korea";"KOR";"Korean Cup";"04-07-2026 06:00";"NS";"Changwon City";"";"";"Geumsan Insam";"";"";"";"";"";"";"";"";"";"";"";"";"";"";"";"";"";"";"";"";"";"";"";"";"";"";"";"";"";"";"";"";"";"";"";"";"";"";"";""
"South Korea";"KOR";"Korean Cup";"04-07-2026 07:00";"NS";"Gangneung City";"";"";"Jecheon Citizen";"";"";"";"";"";"";"";"";"";"";"";"";"";"";"";"";"";"";"";"";"";"";"";"";"";"";"";"";"";"";"";"";"";"";"";"";"";"";"";""
"South Korea";"KOR";"Korean Cup";"04-07-2026 07:00";"NS";"Together";"";"";"Pyeongchang United";"";"";"";"";"";"";"";"";"";"";"";"";"";"";"";"";"";"";"";"";"";"";"";"";"";"";"";"";"";"";"";"";"";"";"";"";"";"";"";""
"South Korea";"KOR";"Korean Cup";"04-07-2026 07:00";"NS";"Haman";"";"";"Dangjin Citizen";"";"";"";"";"";"";"";"";"";"";"";"";"";"";"";"";"";"";"";"";"";"";"";"";"";"";"";"";"";"";"";"";"";"";"";"";"";"";"";""
"South Korea";"KOR";"Korean Cup";"04-07-2026 07:00";"NS";"Ulsan FC";"";"";"Yangpyeong";"";"";"";"";"";"";"";"";"";"";"";"";"";"";"";"";"";"";"";"";"";"";"";"";"";"";"";"";"";"";"";"";"";"";"";"";"";"";"";""
"South Korea";"KOR";"Korean Cup";"04-07-2026 07:00";"NS";"Jinju Citizen";"";"";"Sejong SA";"";"";"";"";"";"";"";"";"";"";"";"";"";"";"";"";"";"";"";"";"";"";"";"";"";"";"";"";"";"";"";"";"";"";"";"";"";"";"";""
"South Korea";"KOR";"Korean Cup";"04-07-2026 07:00";"NS";"Mokpo City";"";"";"Anseong Citizens";"";"";"";"";"";"";"";"";"";"";"";"";"";"";"";"";"";"";"";"";"";"";"";"";"";"";"";"";"";"";"";"";"";"";"";"";"";"";"";""
"South Korea";"KOR";"Korean Cup";"04-07-2026 07:00";"NS";"Ulsan Citize";"";"";"Chuncheon";"";"";"";"";"";"";"";"";"";"";"";"";"";"";"";"";"";"";"";"";"";"";"";"";"";"";"";"";"";"";"";"";"";"";"";"";"";"";"";""
"South Korea";"KOR";"K League 2";"04-07-2026 07:30";"NS";"Suwon Bluewings";"";"";"Seongnam";"1.87";"3.95";"1.35";"1.21";"2 | 10";"67 | 50";"1";"48 | 44";"70";"";"2.4";"3";"1.4 | 1.3";"0.9 | 1.2";"63";"62";"46";"69";"2.7";"15.2";"5.7";"8.4";"2 | 1.5";"9";"74 | 63";"43 | 50";"";"0.6 | 0.7";"0.1 | 0.5";"1.5";"1";"0.7 | 0.7";"0.9 | 0.7";"";"57 | 33";"5.3 | 3.3";"4.3 | 4";"8.6";"68";"45"
"South Korea";"KOR";"K League 2";"04-07-2026 07:30";"NS";"Paju Citizen";"";"";"Yongin City";"2.64";"2.44";"1.32";"1.25";"12 | 13";"33 | 33";"5";"37 | 41";"70";"";"2.6";"2";"1.1 | 1.2";"1.3 | 1.7";"55";"54";"55";"54";"2.7";"16.3";"7.4";"8.4";"1 | 1";"8";"60 | 46";"43 | 67";"";"0.7 | 0.3";"0.3 | 0.3";"1.8";"0.8";"1 | 1.3";"0.4 | 0.8";"";"29 | 17";"3.6 | 3.3";"4.3 | 5.5";"8.6";"60";"46"
"South Korea";"KOR";"K League 2";"04-07-2026 07:30";"NS";"Ansan Greeners";"";"";"Suwon";"5.08";"1.51";"1.18";"1.43";"15 | 7";"15 | 46";"2";"31 | 65";"94";"";"3.2";"3";"0.9 | 1.9";"2 | 1.8";"83";"94";"78";"58";"2.7";"17.8";"7.5";"8.4";"0.4 | 1.4";"9";"35 | 42";"67 | 50";"";"0.6 | 0.8";"0.9 | 0.9";"1.7";"1.5";"1.1 | 0.9";"0.3 | 1.1";"";"11 | 38";"3.1 | 6.1";"3.7 | 4";"8.6";"66";"42"
"South Korea";"KOR";"K League 2";"04-07-2026 07:30";"NS";"Cheongju";"";"";"Daegu";"4.32";"1.70";"1.25";"1.32";"14 | 4";"19 | 50";"2";"34 | 61";"84";"";"3";"3";"1 | 1.8";"1.7 | 1.5";"84";"69";"55";"52";"2.7";"16.6";"6.3";"9.7";"0.6 | 1.5";"9";"46 | 52";"43 | 67";"";"0.6 | 0.7";"0.6 | 0.7";"1.8";"1.2";"1.1 | 0.8";"0.4 | 1.2";"";"0 | 33";"5.7 | 5.8";"4.1 | 3.7";"8.6";"92";"77"
"Lithuania";"LTU";"A Lyga";"04-07-2026 10:00";"NS";"Panevėžys";"";"";"Hegelmann Litauen";"2.36";"2.69";"1.28";"1.27";"7 | 8";"50 | 21";"5";"41 | 27";"79";"";"2.6";"2";"1.2 | 0.8";"1.1 | 2";"60";"71";"56";"82";"2.6";"19.2";"7.4";"9";"1.5 | 0.6";"9";"66 | 35";"50 | 62";"";"0.7 | 0.2";"0.6 | 1.1";"1.2";"1.4";"0.5 | 0.9";"0.5 | 0.5";"";"40 | 12";"4.3 | 4.2";"5.7 | 3.6";"9.4";"71";"54"
"Latvia";"LVA";"Virsliga";"04-07-2026 10:00";"NS";"FC Daugavpils";"";"";"Liepāja";"2.64";"2.23";"1.14";"1.54";"6 | 4";"47 | 27";"5";"27 | 24";"50";"";"2.2";"2";"0.8 | 0.7";"0.8 | 2";"35";"60";"40";"70";"3";"27.1";"8.1";"9.2";"1.4 | 0.8";"10";"77 | 35";"30 | 50";"";"0.4 | 0.2";"0.2 | 1.2";"1.2";"1";"0.6 | 0.8";"0.4 | 0.5";"";"40 | 20";"4.6 | 6.3";"3.3 | 4.2";"9.6";"60";"50"
"Latvia";"LVA";"Virsliga";"04-07-2026 12:00";"NS";"Rīgas FS";"";"";"Auda";"1.42";"5.94";"1.16";"1.50";"2 | 3";"81 | 67";"1";"100 | 48";"80";"";"3.2";"3";"3.2 | 1.4";"0.7 | 1.1";"46";"69";"58";"56";"3";"24";"8.2";"9.8";"2.4 | 2";"9";"80 | 66";"67 | 50";"";"1.3 | 0.6";"0.3 | 0.6";"1.8";"1.4";"0.3 | 0.5";"1.9 | 0.8";"";"78 | 60";"7 | 6.1";"2.7 | 3.9";"9.6";"74";"54"
"Latvia";"LVA";"First Liga";"04-07-2026 07:00";"NS";"Riga FC II";"";"";"Tukums II";"";"";"";"";"9 | 11";"60 | 27";"";"61 | 61";"100";"";"4.4";"4";"1.8 | 1.8";"2 | 3.2";"80";"90";"90";"20";"3.5";"21.8";"11.1";"11.5";"1.8 | 0.8";"11";"35 | 2";"60 | 60";"";"1.4 | 0.8";"0.4 | 1.6";"2.3";"2.1";"1.6 | 1.6";"0.4 | 1";"";"60 | 20";"3.4 | 5.2";"8.8 | 5.5";"11.4";"100";"100"
"Latvia";"LVA";"First Liga";"04-07-2026 08:00";"NS";"JDFS Alberts";"";"";"Beitar / Riga Mariners";"";"";"";"";"5 | 3";"87 | 87";"";"95 | 68";"80";"";"3.1";"4";"2.8 | 2";"0.6 | 0.8";"60";"70";"60";"60";"3.5";"27.7";"15.2";"10.3";"2.6 | 2.6";"11";"84 | 77";"40 | 60";"";"0.8 | 1";"0 | 0.2";"2.1";"1";"0.6 | 0.6";"2 | 1";"";"80 | 80";"5.8 | 4.8";"5 | 5";"11.4";"90";"70"
"Latvia";"LVA";"First Liga";"04-07-2026 10:00";"NS";"Mārupe";"";"";"Smiltene";"";"";"";"";"7 | 13";"40 | 11";"";"82 | 24";"92";"";"4";"3";"2.4 | 0.7";"1.8 | 3.2";"46";"84";"75";"35";"3.5";"23.8";"10.5";"10.8";"1.2 | 0.3";"11";"42 | 2";"40 | 50";"";"0.6 | 0";"0.8 | 1.5";"2.6";"1.4";"1 | 1.7";"1.8 | 0.7";"";"40 | 0";"6.2 | 2.8";"4.5 | 8";"11.4";"100";"88"
"Latvia";"LVA";"First Liga";"04-07-2026 11:00";"NS";"Rēzekne / BJSS";"";"";"JFK Ventspils";"";"";"";"";"14 | 12";"22 | 27";"";"44 | 61";"100";"";"4.4";"4";"1.3 | 1.8";"3.2 | 2.6";"92";"92";"92";"36";"3.5";"21.5";"11.8";"11.3";"0.7 | 0.8";"11";"2 | 14";"50 | 40";"";"0.7 | 0.6";"1 | 1";"2.8";"1.6";"2.2 | 1.6";"0.7 | 1.2";"";"17 | 20";"1.3 | 10.7";"6 | 4.7";"11.4";"84";"66"
"Latvia";"LVA";"First Liga";"04-07-2026 13:00";"NS";"Metta / LU";"";"";"Skanste";"";"";"";"";"1 | 8";"83 | 40";"";"100 | 75";"100";"";"5.2";"5";"4.5 | 2.2";"1 | 2.6";"55";"92";"82";"26";"3.5";"25.2";"11.6";"10.2";"2.5 | 1.2";"11";"70 | 14";"33 | 60";"";"2.7 | 0.6";"0 | 1";"3";"2.2";"1 | 1.6";"1.8 | 1.6";"";"83 | 40";"8.3 | 4.8";"2.2 | 5.2";"11.4";"84";"84"
"Macau";"MAC";"Primeira Division";"04-07-2026 08:00";"NS";"Jia Hua";"";"";"Gorila do Universo";"";"";"";"";"3 | 7";"80 | 38";"";"100 | 100";"100";"";"5.6";"5";"3.6 | 3.3";"0.6 | 3.6";"56";"90";"100";"37";"4.9";"28";"12.4";"9.4";"2.4 | 1.1";"9";"84 | 2";"40 | 71";"";"1.8 | 1";"0 | 1.7";"3.2";"2.2";"0.6 | 1.9";"1.8 | 2.3";"";"80 | 29";"5.8 | 5.5";"1.8 | 5.7";"10.4";"72";"52"
"Macau";"MAC";"Primeira Division";"04-07-2026 10:00";"NS";"CPK";"";"";"Benfica de Macau";"";"";"";"";"2 | 6";"79 | 54";"";"100 | 88";"88";"";"4.9";"5";"4.1 | 2.6";"0.6 | 2.4";"50";"75";"88";"25";"4.9";"22.8";"9.4";"10";"2.4 | 1.6";"10";"84 | 21";"38 | 38";"";"1.5 | 1.5";"0.2 | 0.9";"2.8";"2.1";"0.4 | 1.5";"2.6 | 1.1";"";"75 | 50";"9.1 | 4.6";"2.5 | 3.8";"10.4";"75";"62"
"Moldova";"MDA";"Super Liga";"04-07-2026 12:00";"NS";"FC Politehnica";"";"";"Sheriff";"";"";"";"";"";"";"";"";"";"";"";"";"";"";"";"";"";"";"";"";"";"";"";"";"";"";"";"";"";"";"";"";"";"";"";"";"";"";"";""
"Moldova";"MDA";"Super Liga";"04-07-2026 14:00";"NS";"Petrocub";"";"";"Milsami";"";"";"";"";"";"";"";"";"";"";"";"";"";"";"";"";"";"";"";"";"";"";"";"";"";"";"";"";"";"";"";"";"";"";"";"";"";"";"";""
"Mongolia";"MNG";"Premier League";"04-07-2026 05:00";"NS";"Khoromkhon Club";"";"";"Khovd Western";"";"";"";"";"8 | 6";"10 | 30";"";"44 | 41";"89";"";"4.9";"5";"1.3 | 1.2";"5.1 | 2.2";"52";"84";"84";"27";"5.1";"25.3";"11";"13";"0.3 | 0.9";"12";"2 | 28";"60 | 56";"";"0.5 | 0.6";"2.1 | 0.9";"2.9";"2";"3 | 1.3";"0.8 | 0.7";"";"10 | 22";"6.6 | 4.1";"6.4 | 9";"10.5";"89";"83"
"Mongolia";"MNG";"Premier League";"04-07-2026 08:00";"NS";"Ulaangom City";"";"";"Hunters";"";"";"";"";"9 | 5";"8 | 63";"";"41 | 100";"94";"";"5.8";"5";"1.2 | 3.1";"5.5 | 1.6";"66";"88";"78";"22";"5.1";"23.9";"11.4";"9.5";"0.2 | 1.9";"10";"2 | 49";"50 | 44";"";"0.4 | 1.6";"2.1 | 0.8";"3.2";"2.4";"3.4 | 0.8";"0.9 | 1.6";"";"0 | 56";"3.9 | 4.9";"5.3 | 5";"10.5";"74";"56"
"Nicaragua";"NCA";"Copa Nicaragua";"04-07-2026 18:00";"NS";"Xilotepelt";"";"";"Real Estelí";"";"";"";"";"";"";"";"";"";"";"";"";"";"";"";"";"";"";"";"";"";"";"";"";"";"";"";"";"";"";"";"";"";"";"";"";"";"";"";""
"Nicaragua";"NCA";"Copa Nicaragua";"04-07-2026 21:00";"NS";"Diriangén";"";"";"H&H Export";"";"";"";"";"";"";"";"";"";"";"";"";"";"";"";"";"";"";"";"";"";"";"";"";"";"";"";"";"";"";"";"";"";"";"";"";"";"";"";""
"Nicaragua";"NCA";"Copa Nicaragua";"04-07-2026 22:00";"NS";"Matagalpa";"";"";"Jalapa";"";"";"";"";"";"";"";"";"";"";"";"";"";"";"";"";"";"";"";"";"";"";"";"";"";"";"";"";"";"";"";"";"";"";"";"";"";"";"";""
"Norway";"NOR";"1. Division";"04-07-2026 09:00";"NS";"Egersund";"";"";"Moss";"1.98";"3.08";"1.10";"1.71";"10 | 9";"62 | 43";"1";"54 | 68";"78";"";"3.8";"4";"1.6 | 2";"1.3 | 2.6";"58";"71";"78";"42";"3.6";"22.8";"10.5";"10.7";"1.9 | 1.3";"10";"60 | 14";"57 | 57";"";"1.1 | 0.7";"0.4 | 1.3";"2";"1.8";"0.9 | 1.3";"0.4 | 1.3";"";"57 | 43";"5.6 | 7";"3.6 | 5.3";"11";"78";"72"
"Norway";"NOR";"1. Division";"04-07-2026 11:00";"NS";"Hødd";"";"";"Strømsgodset";"5.72";"1.41";"1.09";"1.79";"8 | 1";"56 | 50";"2";"51 | 92";"92";"";"3.6";"3";"1.5 | 2.7";"1.3 | 1.7";"67";"66";"67";"58";"3.6";"26.6";"11.8";"13";"1.7 | 1.5";"12";"60 | 46";"67 | 50";"";"1 | 0.7";"0.2 | 0.3";"2.5";"1.1";"1.2 | 1.3";"0.5 | 2";"";"50 | 33";"3 | 8.5";"8.3 | 6.3";"11";"92";"92"
"Norway";"NOR";"1. Division";"04-07-2026 13:00";"NS";"Bryne";"";"";"Sandnes Ulf";"1.92";"3.39";"1.15";"1.52";"11 | 7";"56 | 33";"1";"68 | 44";"84";"";"3.5";"4";"2 | 1.3";"1.7 | 2";"58";"83";"58";"58";"3.6";"20.6";"8.6";"11.2";"1.7 | 1";"11";"46 | 35";"50 | 33";"";"0.8 | 0.2";"0.5 | 1";"2.2";"1.2";"1.2 | 1";"1.2 | 1.2";"";"50 | 33";"6.3 | 6.8";"3.5 | 5.8";"11";"92";"92"
"New Zealand";"NZL";"National League";"04-07-2026 04:00";"NS";"Auckland II";"";"";"Bay Olympic";"2.00";"2.96";"";"";"1 | 2";"54 | 22";"5";"61 | 17";"88";"";"3.1";"3";"1.8 | 0.5";"1.5 | 2.5";"42";"79";"50";"66";"3.4";"23.2";"12.2";"11.4";"1.6 | 0.7";"11";"52 | 18";"50 | 50";"";"0.9 | 0.3";"0.5 | 1";"1.8";"1.4";"1 | 1.5";"0.9 | 0.2";"";"50 | 17";"6.2 | 5.7";"6.2 | 4.7";"10.6";"84";"84"
"New Zealand";"NZL";"Chatham Cup";"04-07-2026 00:00";"NS";"South City Royals";"";"";"Cashmere Technical";"";"";"";"";"";"100 | 100";"";"100 | 100";"100";"";"7.6";"6";"5 | 7.7";"1.5 | 1";"66";"";"100";"0";"4.4";"";"";"";"3 | 3";"";"52 | 70";"50 | 33";"";"";"";"1.5";"1.6";"";"";"";"100 | 100";"";"";"11";"";""
"New Zealand";"NZL";"Chatham Cup";"04-07-2026 00:00";"NS";"Melville United";"";"";"Hibiscus Coast";"";"";"";"";"";"";"";"";"";"";"";"";"";"";"";"";"";"";"";"";"";"";"";"";"";"";"";"";"";"";"";"";"";"";"";"";"";"";"";""
"New Zealand";"NZL";"Chatham Cup";"04-07-2026 00:45";"NS";"Island Bay United";"";"";"Miramar";"";"";"";"";"";"";"";"";"";"";"";"";"";"";"";"";"";"";"";"";"";"";"";"";"";"";"";"";"";"";"";"";"";"";"";"";"";"";"";""
"New Zealand";"NZL";"Chatham Cup";"04-07-2026 03:00";"NS";"Fencibles United";"";"";"South Auckland Rangers";"";"";"";"";"";"";"";"";"";"";"";"";"";"";"";"";"";"";"";"";"";"";"";"";"";"";"";"";"";"";"";"";"";"";"";"";"";"";"";""
"Paraguay";"PAR";"Campeonato Femenino";"04-07-2026 16:30";"NS";"Sportivo San Lorenzo";"";"";"Nacional / Humaitá W";"";"";"";"";"7 | 5";"40 | 40";"";"41 | 41";"80";"";"3.4";"4";"1.2 | 1.2";"2.2 | 2.2";"60";"90";"70";"50";"4.2";"23.2";"11.1";"8.5";"1.2 | 1.2";"8";"28 | 28";"60 | 40";"";"0.6 | 0.6";"0.8 | 0.8";"2";"1.4";"1.4 | 1.4";"0.6 | 0.6";"";"40 | 40";"4.6 | 4";"3.6 | 4.8";"7.9";"50";"50"
"Paraguay";"PAR";"Campeonato Femenino";"04-07-2026 18:30";"NS";"Guaraní W";"";"";"Olimpia W";"";"";"";"";"2 | 4";"100 | 83";"";"75 | 100";"68";"";"3.6";"4";"2.2 | 4";"1 | 0";"30";"75";"68";"68";"4.2";"19.8";"8.2";"7.5";"3 | 2.5";"8";"70 | 100";"40 | 25";"";"1.4 | 1.5";"0 | 0";"2.2";"1.4";"1 | 0";"0.8 | 2.5";"";"100 | 75";"5.8 | 6.8";"2 | 0.5";"7.9";"38";"25"
"Paraguay";"PAR";"Campeonato Femenino";"04-07-2026 20:30";"NS";"Club Libertad W";"";"";"Cerro Porteño W";"";"";"";"";"1 | 3";"87 | 80";"";"100 | 100";"100";"";"4.4";"4";"4.8 | 3.2";"0.4 | 0.4";"30";"80";"80";"50";"4.2";"18.5";"9.8";"8";"2.6 | 2.4";"8";"100 | 100";"40 | 40";"";"2.6 | 1.4";"0 | 0.4";"2.2";"2.2";"0.4 | 0";"2.2 | 1.8";"";"80 | 80";"6.8 | 6.2";"1.2 | 1.8";"7.9";"60";"30"
"Russia";"RUS";"FNL 2 - Group 1";"04-07-2026 10:30";"NS";"Pobeda";"";"";"Rostov II";"";"";"";"";"7 | 2";"56 | 71";"";"78 | 68";"75";"";"3";"3";"2.3 | 2";"0.3 | 1.3";"43";"69";"68";"69";"2.5";"15";"4.7";"9.2";"1.7 | 2.1";"9";"100 | 60";"50 | 29";"";"1.3 | 0.1";"0.2 | 0.7";"1.8";"1.2";"0.2 | 0.6";"1 | 1.9";"";"50 | 71";"5.3 | 5.7";"4 | 3.3";"8.4";"75";"50"
"Russia";"RUS";"FNL 2 - Group 1";"04-07-2026 11:00";"NS";"Nart Cherkessk";"";"";"Kyzyltash";"";"";"";"";"6 | 4";"44 | 61";"";"41 | 41";"33";"";"2";"2";"1.2 | 1.2";"0.5 | 1.2";"25";"33";"25";"75";"2.5";"13.1";"4";"8.6";"1.3 | 1.8";"8";"88 | 63";"33 | 33";"";"0.3 | 0.3";"0.2 | 0.2";"1.5";"0.5";"0.3 | 1";"0.8 | 0.8";"";"33 | 50";"4.2 | 5";"3.2 | 4.6";"8.4";"65";"52"
"Russia";"RUS";"FNL 2 - Group 1";"04-07-2026 11:00";"NS";"Spartak Nal'chik";"";"";"Sevastopol";"";"";"";"";"8 | 1";"62 | 76";"";"58 | 58";"50";"";"2.1";"2";"1.7 | 1.7";"0.4 | 0.4";"22";"57";"43";"78";"2.5";"12.2";"2";"7.6";"1.9 | 2.3";"8";"100 | 100";"43 | 43";"";"0.7 | 0.7";"0.1 | 0";"1.4";"0.8";"0.3 | 0.4";"1 | 1";"";"57 | 71";"4.6 | 4.5";"2.7 | 3.5";"8.4";"59";"27"
"Russia";"RUS";"FNL 2 - Group 1";"04-07-2026 11:00";"NS";"Neftyanik Ufa";"";"";"Chayka II";"";"";"";"";"12 | 16";"67 | 0";"";"51 | 10";"84";"";"3";"3";"1.5 | 0.3";"1.3 | 2.9";"32";"78";"70";"70";"2.5";"15.9";"5.1";"8.8";"2 | 0";"9";"60 | 4";"83 | 43";"";"1 | 0";"0.5 | 1.1";"1.6";"1.3";"0.8 | 1.7";"0.5 | 0.3";"";"67 | 0";"3.3 | 2.8";"5 | 6.3";"8.4";"58";"42"
"Russia";"RUS";"FNL 2 - Group 1";"04-07-2026 11:30";"NS";"Astrakhan";"";"";"Zarya Lugansk";"";"";"";"";"11 | 14";"21 | 6";"";"27 | 17";"79";"";"2.6";"2";"0.8 | 0.5";"1.6 | 2.2";"50";"66";"66";"79";"2.5";"12.9";"3.5";"7.5";"0.6 | 0.2";"8";"49 | 28";"50 | 83";"";"0.1 | 0.2";"0.5 | 1.2";"1.6";"1";"1.1 | 1";"0.6 | 0.3";"";"12 | 0";"3.1 | 3.6";"3.9 | 4.4";"8.4";"52";"42"
"Russia";"RUS";"FNL 2 - Group 1";"04-07-2026 12:00";"NS";"Druzhba";"";"";"Rubin Yalta";"";"";"";"";"5 | 9";"72 | 39";"";"68 | 24";"58";"";"2.2";"2";"2 | 0.7";"0.8 | 1";"33";"50";"50";"75";"2.5";"15.2";"5.1";"7.4";"2.2 | 1.2";"8";"77 | 70";"67 | 33";"";"0.5 | 0.2";"0.5 | 0.5";"1.4";"0.8";"0.3 | 0.5";"1.5 | 0.5";"";"67 | 33";"2.3 | 6.6";"3.2 | 2.8";"8.4";"38";"38"
"Russia";"RUS";"FNL 2 - Group 2";"04-07-2026 07:00";"NS";"Iskra Smolensk";"";"";"Tver";"";"";"";"";"15 | 12";"44 | 19";"";"41 | 31";"92";"";"2.4";"2";"1.2 | 0.9";"1 | 1.7";"62";"77";"45";"100";"2.5";"12.8";"3.3";"8.4";"1.3 | 0.6";"8";"70 | 46";"33 | 57";"";"0.7 | 0.6";"0.7 | 0.7";"1";"1.3";"0.3 | 1";"0.5 | 0.3";"";"33 | 14";"2.7 | 2.9";"5.2 | 6";"8.9";"69";"38"
"Russia";"RUS";"FNL 2 - Group 2";"04-07-2026 08:00";"NS";"Zvezda Sint Petersburg";"";"";"FK Dinamo St. Petersburg";"";"";"";"";"9 | 1";"40 | 83";"";"41 | 78";"74";"";"2.6";"3";"1.2 | 2.3";"1.2 | 0.5";"56";"46";"54";"65";"2.5";"14.4";"5.1";"8.2";"1.2 | 2.5";"9";"63 | 88";"40 | 67";"";"1 | 0.5";"0.2 | 0.2";"1.7";"1";"1 | 0.3";"0.2 | 1.8";"";"20 | 83";"5.2 | 5.7";"3.8 | 1.8";"8.9";"66";"54"
"Russia";"RUS";"FNL 2 - Group 2";"04-07-2026 21:00";"NS";"Irkutsk";"";"";"Chertanovo";"";"";"";"";"13 | 3";"33 | 78";"";"24 | 68";"66";"";"2.4";"3";"0.7 | 2";"1.5 | 0.5";"42";"67";"50";"75";"2.5";"15.1";"5.2";"9.2";"1 | 2.3";"9";"52 | 88";"50 | 50";"";"0.3 | 0.8";"0.7 | 0.3";"1.2";"1.1";"0.8 | 0.2";"0.3 | 1.2";"";"33 | 67";"5 | 3.5";"5 | 5";"8.9";"67";"58"
"Russia";"RUS";"FNL 2 - Group 3";"04-07-2026 07:00";"NS";"Avangard Kursk";"";"";"Spartak Tambov";"";"";"";"";"5 | 2";"73 | 90";"";"82 | 88";"73";"";"3.2";"3";"2.4 | 2.6";"0.8 | 0.6";"48";"83";"48";"58";"2.9";"14.2";"5.2";"8";"2.2 | 2.7";"9";"77 | 84";"40 | 43";"";"1 | 1.3";"0.2 | 0.3";"1.8";"1.4";"0.6 | 0.3";"1.4 | 1.3";"";"60 | 86";"3.2 | 5.9";"3.2 | 3.6";"9.4";"68";"48"
"Russia";"RUS";"FNL 2 - Group 3";"04-07-2026 09:00";"NS";"Volna Kovernino";"";"";"Shumbrat";"";"";"";"";"1 | 3";"100 | 83";"";"92 | 58";"84";"";"2.8";"3";"2.7 | 1.7";"0.5 | 0.7";"42";"58";"58";"75";"2.9";"12.2";"3.8";"9.6";"3 | 2.5";"10";"88 | 80";"33 | 50";"";"1.2 | 0.3";"0.2 | 0.3";"1.8";"1";"0.3 | 0.3";"1.5 | 1.3";"";"100 | 83";"7.7 | 3";"3.2 | 5.4";"9.4";"72";"54"
"Russia";"RUS";"FNL 2 - Group 3";"04-07-2026 09:00";"NS";"Ryazan";"";"";"SKA-Energiya II";"";"";"";"";"7 | 11";"33 | 27";"";"27 | 68";"84";"";"3.3";"3";"0.8 | 2";"1 | 2.8";"74";"92";"56";"60";"2.9";"13.6";"4.8";"7.5";"1 | 0.8";"9";"70 | 7";"67 | 40";"";"0.7 | 0.4";"0.7 | 1.2";"1.8";"1.5";"0.3 | 1.6";"0.2 | 1.6";"";"17 | 20";"3.8 | 2.8";"3.2 | 5.2";"9.4";"50";"29"
"Russia";"RUS";"FNL 2 - Group 3";"04-07-2026 09:00";"NS";"Kvant";"";"";"Arsenal Tula II";"";"";"";"";"16 | 14";"0 | 19";"";"27 | 31";"86";"";"3.4";"3";"0.8 | 0.9";"3.2 | 2";"68";"76";"68";"38";"2.9";"16.4";"4.8";"8.9";"0 | 0.6";"10";"2 | 35";"80 | 57";"";"0.4 | 0.1";"1.2 | 1";"2";"1.4";"2 | 1";"0.4 | 0.7";"";"0 | 14";"3.2 | 3.4";"5.5 | 5.4";"9.4";"54";"46"
"Russia";"RUS";"FNL 2 - Group 3";"04-07-2026 11:00";"NS";"Rodina Moskva III";"";"";"Saturn Ramenskoye";"";"";"";"";"10 | 8";"48 | 8";"";"88 | 34";"60";"";"3.7";"3";"2.6 | 1";"1.3 | 2.5";"54";"80";"54";"46";"2.9";"15.1";"5.8";"8.5";"1.4 | 0.2";"9";"60 | 18";"57 | 50";"";"1.1 | 0";"0.9 | 1";"2.2";"1.5";"0.4 | 1.5";"1.4 | 1";"";"43 | 0";"4.9 | 3.5";"4.1 | 4.5";"9.4";"54";"46"
"Russia";"RUS";"FNL 2 - Group 3";"04-07-2026 12:00";"NS";"Rotor-2";"";"";"Strogino";"";"";"";"";"13 | 15";"0 | 6";"";"14 | 17";"64";"";"2.4";"2";"0.4 | 0.5";"2 | 2";"36";"82";"46";"82";"2.9";"12.9";"3.8";"8";"0 | 0.2";"8";"35 | 35";"60 | 33";"";"0.2 | 0.2";"1 | 1.3";"1.1";"1.4";"1 | 0.7";"0.2 | 0.3";"";"0 | 0";"2 | 1.7";"5.8 | 6.5";"9.4";"50";"38"
"Russia";"RUS";"FNL 2 - Group 3";"04-07-2026 12:00";"NS";"Orel";"";"";"Metallurg Lipetsk";"";"";"";"";"9 | 4";"43 | 44";"";"37 | 68";"77";"";"3.2";"3";"1.1 | 2";"1.4 | 1.7";"70";"84";"48";"60";"2.9";"16.1";"5.8";"9.1";"1.3 | 1.3";"9";"56 | 46";"29 | 50";"";"0.4 | 1";"1 | 0.2";"1.8";"1.3";"0.4 | 1.5";"0.7 | 1";"";"29 | 33";"5.3 | 6.4";"3.7 | 2.8";"9.4";"76";"42"
"Sierra Leone";"SLE";"Premier League";"04-07-2026 13:30";"POSTPONED";"Freetown City";"";"";"Ports Authority";"";"";"";"";"";"17 | 33";"";"27 | 31";"65";"";"2.3";"2";"0.8 | 0.9";"1.7 | 1.2";"50";"55";"45";"75";"2";"18";"6.4";"6.6";"0.5 | 1";"7";"46 | 63";"50 | 40";"";"0.4 | 0.6";"0.5 | 0.4";"1.4";"1";"1.2 | 0.8";"0.4 | 0.3";"";"10 | 20";"3.7 | 1.9";"4.1 | 3.5";"7.7";"41";"34"
"Sierra Leone";"SLE";"Premier League";"04-07-2026 13:30";"POSTPONED";"Wilberforce Strikers";"";"";"Luawa";"";"";"";"";"";"47 | 37";"";"24 | 20";"40";"";"1.6";"2";"0.7 | 0.6";"0.7 | 1.3";"30";"50";"30";"85";"2";"15.4";"6.2";"7.9";"1.4 | 1.1";"8";"80 | 60";"40 | 40";"";"0.3 | 0.2";"0.3 | 0.7";"0.9";"0.8";"0.4 | 0.6";"0.4 | 0.4";"";"30 | 30";"5.4 | 3.3";"4 | 3.1";"7.7";"54";"29"
"Sierra Leone";"SLE";"Premier League";"04-07-2026 13:30";"POSTPONED";"Star Sport Academy";"";"";"Wusum Stars";"";"";"";"";"";"50 | 17";"";"34 | 17";"50";"";"1.8";"2";"1 | 0.5";"0.5 | 1.6";"35";"40";"30";"75";"2";"16.9";"6";"7.4";"1.5 | 0.5";"8";"88 | 49";"50 | 40";"";"0.3 | 0.1";"0.4 | 0.7";"1";"0.8";"0.1 | 0.9";"0.7 | 0.4";"";"30 | 10";"4.7 | 4";"2.3 | 3.8";"7.7";"59";"46"
"Sierra Leone";"SLE";"Premier League";"04-07-2026 13:30";"POSTPONED";"Old Edwardians";"";"";"SLIFA Mount Aureol";"";"";"";"";"";"53 | 30";"";"54 | 37";"75";"";"2.4";"2";"1.6 | 1.1";"0.9 | 1.2";"55";"70";"50";"75";"2";"19.7";"7.8";"7.5";"1.6 | 0.9";"8";"74 | 63";"50 | 50";"";"0.7 | 0.6";"0.5 | 0.7";"1.2";"1.2";"0.4 | 0.5";"0.9 | 0.5";"";"40 | 20";"3.2 | 4.1";"3 | 4.7";"7.7";"47";"47"
"Sierra Leone";"SLE";"Premier League";"04-07-2026 13:30";"POSTPONED";"Bai Bureh Warriors";"";"";"Diamond Stars";"";"";"";"";"";"73 | 13";"";"48 | 17";"55";"";"2";"2";"1.4 | 0.5";"0.4 | 1.7";"30";"60";"40";"95";"2";"16";"6.3";"6.9";"2.2 | 0.4";"8";"100 | 46";"60 | 40";"";"0.8 | 0.1";"0.4 | 0.5";"1.1";"0.9";"0 | 1.2";"0.6 | 0.4";"";"60 | 10";"4.4 | 3.9";"2.8 | 2.7";"7.7";"42";"42"
"Sierra Leone";"SLE";"Premier League";"04-07-2026 13:30";"POSTPONED";"East End Lions";"";"";"Bullom Stars";"";"";"";"";"";"53 | 20";"";"54 | 31";"65";"";"2.8";"2";"1.6 | 0.9";"1 | 2";"55";"60";"60";"60";"2";"18.2";"7.6";"7.5";"1.6 | 0.6";"8";"70 | 35";"50 | 70";"";"0.6 | 0.5";"0.2 | 1.1";"1.6";"1.2";"0.8 | 0.9";"1 | 0.4";"";"40 | 10";"4.7 | 2.8";"4.3 | 3.2";"7.7";"56";"44"
"Sierra Leone";"SLE";"Premier League";"04-07-2026 13:30";"POSTPONED";"Bhantal";"";"";"Kamboi Eagles";"";"";"";"";"";"43 | 23";"";"44 | 31";"60";"";"2.2";"2";"1.3 | 0.9";"0.9 | 1.4";"45";"60";"40";"75";"2";"14.5";"5.9";"8.1";"1.3 | 0.7";"8";"74 | 56";"40 | 40";"";"0.8 | 0.4";"0.3 | 0.8";"1.1";"1.2";"0.6 | 0.6";"0.5 | 0.5";"";"30 | 10";"4.9 | 2.6";"3 | 5.7";"7.7";"46";"46"
"Sierra Leone";"SLE";"Premier League";"04-07-2026 13:30";"POSTPONED";"Bo Rangers";"";"";"Mighty Blackpool";"";"";"";"";"";"90 | 43";"";"54 | 27";"50";"";"2";"2";"1.6 | 0.8";"0.6 | 1.1";"35";"75";"20";"85";"2";"";"";"8.3";"2.7 | 1.3";"8";"84 | 66";"30 | 60";"";"0.6 | 0.4";"0.2 | 0.7";"1.1";"1";"0.4 | 0.4";"1 | 0.4";"";"90 | 30";"6.2 | 3.4";"3.2 | 3.7";"7.7";"66";"59"
"Sierra Leone";"SLE";"Premier League";"04-07-2026 13:30";"POSTPONED";"Kallon";"";"";"Abacha City";"";"";"";"";"";"37 | 33";"";"37 | 27";"60";"";"2.3";"2";"1.1 | 0.8";"1.4 | 1.3";"25";"75";"40";"85";"2";"16.6";"6.5";"10";"1.1 | 1";"9";"56 | 60";"60 | 20";"";"0.5 | 0.6";"0.7 | 0.7";"1";"1.2";"0.7 | 0.6";"0.6 | 0.2";"";"30 | 30";"6 | 6.1";"4.9 | 3";"7.7";"88";"75"
"United States";"USA";"USL Championship";"04-07-2026 17:00";"NS";"Indy Eleven";"";"";"Charleston Battery";"2.67";"2.30";"1.19";"1.42";"10 | 2";"89 | 33";"5";"68 | 44";"77";"";"3";"3";"2 | 1.3";"0.8 | 1.9";"56";"70";"62";"62";"2.8";"24.9";"9.6";"11.2";"2.7 | 1";"10";"77 | 38";"67 | 43";"";"0.7 | 0.6";"0.2 | 0.6";"2";"1";"0.7 | 1.3";"1.3 | 0.7";"";"83 | 29";"5.5 | 5.1";"5.8 | 6";"9";"93";"77"
"United States";"USA";"USL Championship";"04-07-2026 19:00";"NS";"Tampa Bay Rowdies";"";"";"Lexington";"1.56";"4.92";"1.19";"1.41";"1 | 19";"67 | 28";"1";"68 | 41";"77";"";"2.8";"3";"2 | 1.2";"0.9 | 1.5";"55";"84";"60";"62";"2.8";"24";"7.6";"9.8";"2 | 0.8";"9";"74 | 52";"71 | 50";"";"1.1 | 0.7";"0.3 | 0.7";"1.4";"1.4";"0.6 | 0.8";"0.9 | 0.5";"";"57 | 17";"6.9 | 5.7";"2.4 | 4.5";"9";"77";"63"
"United States";"USA";"USL Championship";"04-07-2026 20:00";"NS";"Pittsburgh Riverhounds";"";"";"Brooklyn FC";"1.57";"5.03";"1.25";"1.31";"8 | 24";"80 | 11";"1";"54 | 41";"80";"";"3.2";"3";"1.6 | 1.2";"0.8 | 2.8";"54";"62";"70";"56";"2.8";"23.9";"8.4";"8.6";"2.4 | 0.3";"9";"77 | 7";"40 | 67";"";"0.6 | 0.7";"0 | 1";"2";"1.2";"0.8 | 1.8";"1 | 0.5";"";"80 | 0";"3.4 | 3.3";"4.6 | 5.8";"9";"55";"26"
"United States";"USA";"USL Championship";"04-07-2026 20:30";"NS";"Rhode Island";"";"";"Orange County";"1.54";"5.18";"1.24";"1.33";"18 | 3";"50 | 62";"1";"61 | 65";"79";"";"3";"3";"1.8 | 1.9";"1 | 1.4";"71";"62";"50";"50";"2.8";"25.4";"8.6";"7.9";"1.5 | 1.9";"9";"70 | 56";"50 | 50";"";"0.3 | 0.6";"0.3 | 0.6";"2.1";"1";"0.7 | 0.8";"1.5 | 1.2";"";"33 | 50";"3 | 3.1";"3.8 | 5.9";"9";"42";"36"
"United States";"USA";"USL Championship";"04-07-2026 21:00";"NS";"Louisville City";"";"";"Hartford Athletic";"1.55";"4.97";"1.18";"1.42";"7 | 12";"48 | 61";"1";"54 | 34";"68";"";"2.3";"3";"1.6 | 1";"1.6 | 0.5";"30";"69";"38";"78";"2.8";"27";"9.2";"12";"1.4 | 1.8";"11";"49 | 88";"43 | 50";"";"0.7 | 0.7";"0.7 | 0.2";"1.2";"1.1";"0.9 | 0.3";"0.9 | 0.3";"";"43 | 50";"10 | 4.3";"2 | 7.7";"9";"100";"84"
"United States";"USA";"USL Championship";"04-07-2026 21:30";"NS";"Tulsa Roughnecks";"";"";"Sacramento Republic";"2.45";"2.66";"1.35";"1.22";"9 | 15";"52 | 33";"5";"44 | 24";"69";"";"1.9";"2";"1.3 | 0.7";"0.9 | 1";"46";"62";"23";"93";"2.8";"20.7";"6.4";"7.6";"1.6 | 1";"8";"74 | 70";"29 | 67";"";"0.6 | 0.2";"0.1 | 1";"1";"1";"0.7 | 0";"0.7 | 0.5";"";"43 | 17";"3.6 | 4.2";"4.4 | 3.2";"9";"54";"46"
"United States";"USA";"USL Championship";"04-07-2026 22:00";"NS";"San Antonio";"";"";"Monterey Bay";"1.78";"3.88";"";"";"4 | 21";"78 | 6";"1";"58 | 24";"75";"";"2.8";"3";"1.7 | 0.7";"0.8 | 2.3";"58";"67";"50";"66";"2.8";"23";"8.6";"7.6";"2.3 | 0.2";"9";"77 | 25";"50 | 50";"";"0.8 | 0";"0.2 | 1";"1.8";"1";"0.7 | 1.3";"0.8 | 0.7";"";"67 | 0";"3.3 | 2.7";"4.7 | 4.7";"9";"33";"25"
"United States";"USA";"USL Championship";"04-07-2026 22:00";"NS";"Colorado Springs";"";"";"Phoenix Rising";"1.69";"4.16";"1.18";"1.43";"17 | 13";"44 | 38";"1";"61 | 34";"84";"";"2.8";"3";"1.8 | 1";"1.5 | 1.3";"63";"62";"55";"75";"2.8";"21.3";"6.4";"7.8";"1.3 | 1.1";"9";"52 | 60";"50 | 43";"";"0.7 | 0.1";"0.5 | 0.9";"1.8";"1.1";"1 | 0.4";"1.2 | 0.9";"";"33 | 29";"6.3 | 4.7";"2 | 2.6";"9";"46";"46"
"United States";"USA";"USL Championship";"04-07-2026 22:30";"NS";"New Mexico United";"";"";"Oakland Roots";"2.42";"2.58";"1.18";"1.42";"11 | 6";"61 | 50";"5";"58 | 75";"75";"";"3.5";"4";"1.7 | 2.2";"1.2 | 2";"75";"67";"66";"34";"2.8";"28";"9.6";"9.6";"1.8 | 1.5";"10";"63 | 35";"50 | 33";"";"0.7 | 0.8";"0.7 | 0.7";"2.1";"1.4";"0.5 | 1.3";"1 | 1.3";"";"50 | 33";"4.5 | 4";"5.5 | 5.3";"9";"83";"75"
"United States";"USA";"USL Championship";"04-07-2026 23:30";"NS";"Las Vegas Lights";"";"";"El Paso Locomotive";"2.59";"2.39";"1.18";"1.41";"20 | 16";"61 | 52";"5";"44 | 65";"76";"";"2.6";"2";"1.3 | 1.9";"0.8 | 1";"54";"76";"52";"77";"2.8";"24.8";"7.9";"8.4";"1.8 | 1.6";"8";"77 | 70";"33 | 71";"";"0.8 | 1.3";"0.5 | 0.4";"1";"1.5";"0.3 | 0.6";"0.5 | 0.6";"";"50 | 43";"3 | 4.1";"4.3 | 5.4";"9";"62";"45"
"United States";"USA";"USL League Two";"04-07-2026 21:00";"NS";"Jackson Boom";"";"";"Mississippi Brilla";"";"";"";"";"7 | 4";"0 | 33";"";"0 | 44";"71";"";"3.2";"3";"0 | 1.3";"3 | 2";"34";"88";"71";"54";"3.6";"";"";"";"0 | 1";"";"0 | 35";"75 | 67";"";"0 | 0.7";"1.5 | 1.3";"1.4";"1.8";"1.5 | 0.7";"0 | 0.7";"";"0 | 33";"";"";"8.7";"";""
"United States";"USA";"USL League Two";"04-07-2026 21:00";"NS";"Twin City Toucans";"";"";"Laredo Heat";"";"";"";"";"8 | 1";"20 | 83";"";"41 | 95";"80";"";"3";"3";"1.2 | 2.8";"1.4 | 0.8";"58";"88";"68";"65";"3.6";"";"";"";"0.6 | 2.5";"";"56 | 77";"60 | 50";"";"0.8 | 1.2";"0.8 | 0.2";"1.5";"1.6";"0.6 | 0.5";"0.4 | 1.5";"";"20 | 75";"";"";"8.7";"";""
"United States";"USA";"USL League Two";"04-07-2026 21:00";"NS";"GFI";"";"";"Houston Sur";"";"";"";"";"2 | 9";"83 | 8";"";"85 | 27";"88";"";"3.4";"3";"2.5 | 0.8";"0.8 | 2.8";"38";"75";"75";"50";"3.6";"";"";"";"2.5 | 0.2";"";"77 | 7";"50 | 50";"";"1 | 0.5";"0 | 1.8";"1.7";"1.6";"0.8 | 1";"1.5 | 0.2";"";"75 | 0";"";"";"8.7";"";""
"United States";"USA";"USL League Two";"04-07-2026 21:30";"NS";"McKinney Chupacabras";"";"";"Texoma";"";"";"";"";"1 | 3";"100 | 50";"";"51 | 95";"75";"";"3";"4";"1.5 | 2.8";"0.5 | 1.2";"62";"62";"75";"88";"3.6";"";"";"";"3 | 1.5";"";"88 | 63";"50 | 25";"";"1.2 | 0.8";"0.5 | 0.2";"1.6";"1.4";"0 | 1";"0.2 | 2";"";"100 | 50";"";"";"8.7";"";""
"United States";"USA";"USL League One";"04-07-2026 20:00";"NS";"NY Cosmos";"";"";"Greenville Triumph";"3.20";"2.00";"";"";"17 | 16";"47 | 7";"5";"61 | 7";"90";"";"2.9";"3";"1.8 | 0.2";"1.8 | 2";"50";"50";"50";"60";"2.9";"24";"8.8";"9.9";"1.4 | 0.2";"10";"42 | 35";"60 | 20";"";"0.6 | 0";"0.8 | 0.8";"1.8";"1.1";"1 | 1.2";"1.2 | 0.2";"";"40 | 0";"5 | 4.6";"6.2 | 4";"10";"70";"50"
"United States";"USA";"USL League One";"04-07-2026 20:30";"NS";"Fort Wayne";"";"";"Spokane Velocity";"2.80";"2.28";"";"";"6 | 5";"60 | 13";"5";"48 | 14";"60";"";"2";"2";"1.4 | 0.4";"0.6 | 1.6";"40";"50";"40";"80";"2.9";"24.6";"8";"9.6";"1.8 | 0.4";"9";"84 | 49";"60 | 60";"";"0.6 | 0.4";"0.4 | 0.6";"1";"1";"0.2 | 1";"0.8 | 0";"";"40 | 0";"7 | 4.4";"3.6 | 4.2";"10";"70";"60"
"United States";"USA";"USL League One";"04-07-2026 20:30";"NS";"Corpus Christi";"";"";"Chattanooga Red Wolves";"2.75";"2.30";"";"";"13 | 11";"57 | 47";"5";"54 | 48";"78";"";"2.8";"3";"1.6 | 1.4";"1.1 | 1.6";"68";"68";"68";"62";"2.9";"24.4";"8.4";"11.1";"1.7 | 1.4";"11";"66 | 49";"57 | 80";"";"0.6 | 0.8";"0.4 | 0.8";"1.5";"1.3";"0.7 | 0.8";"1 | 0.6";"";"43 | 40";"5.9 | 5.6";"3.6 | 7.2";"10";"78";"72"
"United States";"USA";"USL League One";"04-07-2026 20:30";"CANCELLED";"Forward Madison";"";"";"Tormenta";"";"";"";"";"";"";"";"";"";"";"";"";"";"";"";"";"";"";"";"";"";"";"";"";"";"";"";"";"";"";"";"";"";"";"";"";"";"";"";""
"United States";"USA";"NPSL";"04-07-2026 11:00";"NS";"WC Predators";"";"";"West Chester United";"";"";"";"";"6 | 2";"17 | 100";"";"85 | 100";"100";"";"8.2";"6";"2.5 | 9.5";"3.5 | 1";"75";"100";"100";"0";"4.5";"";"";"";"0.5 | 3";"";"2 | 70";"50 | 50";"";"1 | 4";"2 | 0";"4.8";"3.5";"1.5 | 1";"1.5 | 5.5";"";"0 | 100";"";"";"8.8";"";""
"United States";"USA";"NPSL";"04-07-2026 17:00";"NS";"Newport";"";"";"Osner’s";"";"";"";"";"5 | 6";"17 | 8";"";"51 | 7";"75";"";"3.5";"4";"1.5 | 0.2";"2.8 | 2.5";"50";"66";"62";"38";"4.5";"";"";"";"0.5 | 0.2";"";"7 | 18";"50 | 50";"";"0.7 | 0";"1.7 | 1";"0.8";"1.3";"2 | 2.3";"1.3 | 0.3";"";"0 | 0";"";"";"8.8";"";""
"United States";"USA";"NPSL";"04-07-2026 20:00";"NS";"Bristol Rhythm";"";"";"Mint Hill";"";"";"";"";"1 | 7";"100 | 33";"";"95 | 51";"88";"";"3.2";"4";"2.8 | 1.5";"0.5 | 1.8";"62";"84";"75";"62";"4.5";"";"";"";"3 | 1";"";"88 | 42";"50 | 25";"";"1.3 | 1";"0.3 | 0.5";"1.6";"1.4";"1 | 1.2";"1.7 | 0.5";"";"100 | 25";"";"";"8.8";"";""
"United States";"USA";"MLS Next Pro";"04-07-2026 20:00";"NS";"Atlanta United II";"";"";"Toronto II";"1.45";"5.30";"";"";"8 | 10";"61 | 33";"1";"92 | 48";"88";"";"4";"3";"2.7 | 1.4";"1.8 | 2";"46";"66";"72";"44";"3.3";"27.5";"10.6";"10";"1.8 | 1";"10";"42 | 35";"50 | 62";"";"0.7 | 0.4";"1 | 0.2";"2.8";"1.2";"0.8 | 1.8";"2 | 1";"";"50 | 25";"5.7 | 4.6";"4.2 | 5.5";"9.7";"86";"71"
"United States";"USA";"MLS Next Pro";"04-07-2026 20:30";"NS";"Chattanooga";"";"";"Inter Miami II";"";"";"";"";"6 | 16";"67 | 8";"";"71 | 34";"88";"";"3.6";"3";"2.1 | 1";"1.4 | 2.8";"56";"81";"68";"44";"3.3";"26.5";"10.2";"9.8";"2 | 0.2";"10";"56 | 7";"62 | 50";"";"1 | 0.6";"0.4 | 1.1";"2";"1.6";"1 | 1.6";"1.1 | 0.4";"";"62 | 0";"6.5 | 3.9";"3.6 | 5.8";"9.7";"75";"75"
"United States";"USA";"MLS Next Pro";"04-07-2026 21:45";"NS";"North Texas";"";"";"St. Louis City II";"3.55";"1.77";"";"";"11 | 4";"53 | 50";"2";"82 | 51";"94";"";"3.6";"4";"2.4 | 1.5";"1.6 | 1.8";"78";"94";"65";"41";"3.3";"27.7";"12.2";"10";"1.6 | 1.5";"9";"49 | 42";"80 | 38";"";"1 | 0.6";"1.2 | 0.9";"1.8";"1.8";"0.4 | 0.9";"1.4 | 0.9";"";"40 | 38";"4.2 | 6.9";"5 | 4";"9.7";"61";"61"
"Yemen";"YEM";"Yemeni League";"04-07-2026 10:00";"NS";"Shaab Hadramout FC";"";"";"Shabab Al Bayda FC";"";"";"";"";"";"";"";"";"";"";"";"";"";"";"";"";"";"";"";"";"";"";"";"";"";"";"";"";"";"";"";"";"";"";"";"";"";"";"";""
"Yemen";"YEM";"Yemeni League";"04-07-2026 10:00";"NS";"Al Yarmouk FC";"";"";"Salam Al Gharfa FC";"";"";"";"";"";"";"";"";"";"";"";"";"";"";"";"";"";"";"";"";"";"";"";"";"";"";"";"";"";"";"";"";"";"";"";"";"";"";"";""
"Australia";"AUS";"Western Australia NPL Women";"04-07-2026 02:00";"NS";"West NTC W";"";"";"Fremantle City W";"";"";"";"";"5 | 3";"44 | 67";"";"75 | 82";"68";"";"3.8";"4";"2.2 | 2.4";"1.7 | 1.4";"60";"60";"60";"62";"3.2";"19.6";"8.6";"9.8";"1.3 | 2";"9";"46 | 56";"33 | 43";"";"1 | 1.1";"0.5 | 0.9";"2.1";"1.8";"1.2 | 0.6";"1.2 | 1.3";"";"33 | 57";"4.8 | 5";"6.5 | 3.3";"9";"77";"70"
"Australia";"AUS";"Queensland NPL Women";"04-07-2026 02:00";"NS";"Gold Coast United W";"";"";"Souths Strikers W";"";"";"";"";"6 | 10";"62 | 0";"";"48 | 44";"93";"";"3.8";"3";"1.4 | 1.3";"1.1 | 3.7";"62";"93";"86";"66";"3.3";"23.5";"12";"8";"1.9 | 0";"9";"66 | 2";"71 | 67";"";"0.7 | 0.3";"0.7 | 1.7";"2";"1.7";"0.4 | 2";"0.7 | 1";"";"57 | 0";"3.7 | 2.3";"4.1 | 5.7";"8.8";"31";"31"
"Australia";"AUS";"Queensland NPL Women";"04-07-2026 04:15";"NS";"Lions W";"";"";"Brisbane Olympic W";"";"";"";"";"3 | 5";"67 | 63";"";"88 | 71";"84";"";"3.4";"4";"2.6 | 2.1";"1 | 1.2";"56";"89";"67";"62";"3.3";"20.4";"10.4";"8.7";"2 | 1.9";"8";"70 | 63";"44 | 33";"";"1.3 | 0.8";"0.7 | 0.6";"1.8";"1.6";"0.3 | 0.7";"1.2 | 1.3";"";"67 | 56";"5 | 4.1";"4.2 | 4.1";"8.8";"67";"62"
"Australia";"AUS";"Queensland NPL Women";"04-07-2026 05:00";"NS";"FQ QAS W";"";"";"Sunshine Coast Wanderers W";"";"";"";"";"7 | 8";"33 | 42";"";"88 | 41";"88";"";"4";"4";"2.6 | 1.2";"2.9 | 1.4";"69";"88";"69";"48";"3.3";"29.1";"13.4";"9.4";"1 | 1.2";"9";"4 | 56";"56 | 38";"";"0.9 | 0.8";"1.2 | 0.4";"2.4";"1.6";"1.7 | 1";"1.7 | 0.5";"";"33 | 38";"5 | 3.8";"4.8 | 5.2";"8.8";"64";"58"
"Australia";"AUS";"Queensland NPL Women";"04-07-2026 05:30";"NS";"Gold Coast Knights W";"";"";"Capalaba W";"";"";"";"";"4 | 9";"73 | 33";"";"95 | 31";"84";"";"3.4";"3";"2.8 | 0.9";"1 | 2.1";"46";"84";"58";"64";"3.3";"25.6";"11.1";"8.6";"2.2 | 1";"9";"70 | 32";"40 | 56";"";"1 | 0.8";"0.6 | 0.7";"1.9";"1.5";"0.4 | 1.4";"1.8 | 0.1";"";"60 | 33";"8.2 | 2.1";"1.2 | 5.8";"8.8";"58";"52"
"Australia";"AUS";"South Australia NPL Women";"04-07-2026 02:45";"NS";"Modbury Vista W";"";"";"Salisbury Inter W";"";"";"";"";"8 | 2";"39 | 72";"";"44 | 100";"100";"";"4.1";"3";"1.3 | 3.7";"2.3 | 0.8";"58";"100";"83";"42";"3.9";"20.2";"11";"7.7";"1.2 | 2.2";"8";"25 | 77";"50 | 33";"";"0.5 | 1.5";"1 | 0.2";"2.5";"1.6";"1.3 | 0.7";"0.8 | 2.2";"";"33 | 67";"4.5 | 3.5";"4.7 | 2.7";"7.7";"50";"34"
"Australia";"AUS";"South Australia NPL Women";"04-07-2026 04:00";"NS";"MetroStars";"";"";"WT Birkalla W";"";"";"";"";"9 | 3";"17 | 38";"";"44 | 48";"92";"";"4";"4";"1.3 | 1.4";"3.7 | 1.6";"54";"84";"70";"60";"3.9";"22.2";"12.4";"7.2";"0.5 | 1.1";"8";"2 | 49";"50 | 57";"";"0.7 | 0.7";"1 | 1";"2.3";"1.7";"2.7 | 0.6";"0.7 | 0.7";"";"17 | 29";"3.3 | 3";"4.7 | 3.4";"7.7";"40";"32"
"Australia";"AUS";"Victoria NPL Women";"04-07-2026 02:00";"NS";"Melbourne Victory II";"";"";"Box Hill United W";"";"";"";"";"8 | 3";"54 | 54";"";"68 | 85";"94";"";"3.8";"4";"2 | 2.5";"1.6 | 1.6";"50";"88";"75";"50";"3.6";"24.1";"11.3";"7.8";"1.6 | 1.6";"9";"49 | 49";"50 | 25";"";"1.1 | 1.1";"1 | 0.9";"1.8";"2";"0.6 | 0.8";"0.9 | 1.4";"";"50 | 50";"5.2 | 3.9";"2.4 | 4.1";"9";"32";"25"
"Australia";"AUS";"Victoria NPL Women";"04-07-2026 02:00";"NS";"Keilor ParkW";"";"";"Melbourne City II";"";"";"";"";"11 | 13";"44 | 4";"";"44 | 27";"84";"";"4";"4";"1.3 | 0.8";"1.7 | 4.4";"64";"84";"78";"47";"3.6";"22.1";"12.4";"9.4";"1.3 | 0.1";"10";"46 | 2";"67 | 38";"";"0.8 | 0.5";"0.7 | 2.1";"2";"2";"1 | 2.2";"0.6 | 0.2";"";"33 | 0";"3.1 | 4.1";"5.3 | 6.4";"9";"83";"66"
"Australia";"AUS";"Victoria NPL Women";"04-07-2026 02:00";"NS";"Alamein W";"";"";"Preston Lions W";"";"";"";"";"7 | 12";"78 | 30";"";"48 | 41";"78";"";"2.6";"3";"1.4 | 1.2";"0.7 | 1.9";"38";"89";"56";"89";"3.6";"23.7";"11.6";"7.8";"2.3 | 0.9";"8";"80 | 38";"44 | 22";"";"0.7 | 0.4";"0.3 | 1";"1.4";"1.2";"0.3 | 0.9";"0.8 | 0.8";"";"78 | 22";"3.8 | 3.8";"3.1 | 4.9";"9";"53";"36"
"Australia";"AUS";"New South Wales NPL Women";"04-07-2026 05:30";"NS";"Northern Tigers W";"";"";"University of NSW W";"";"";"";"";"6 | 1";"42 | 81";"";"61 | 88";"78";"";"3.3";"4";"1.8 | 2.6";"1.5 | 0.9";"53";"52";"41";"64";"3.5";"19.1";"8.3";"7.8";"1.2 | 2.4";"8";"52 | 74";"38 | 33";"";"1 | 1.2";"0.2 | 0.3";"2";"1.4";"1.2 | 0.6";"0.8 | 1.3";"";"38 | 78";"4.1 | 5.8";"3.4 | 2.3";"8.6";"41";"34"
"Australia";"AUS";"Tasmania Women's Super League";"04-07-2026 01:30";"NS";"Launceston City W";"";"";"South Hobart W";"";"";"";"";"6 | 3";"44 | 39";"";"51 | 85";"92";"";"4.3";"4";"1.5 | 2.5";"2.3 | 2.3";"50";"92";"83";"25";"5";"21.2";"11.1";"10.2";"1.3 | 1.2";"10";"25 | 25";"67 | 67";"";"0.7 | 1.2";"1.2 | 1.2";"1.9";"1.9";"1.2 | 1.6";"0.8 | 1.8";"";"33 | 33";"5 | 5";"5.2 | 5.2";"10.5";"82";"74"
"Australia";"AUS";"Tasmania Women's Super League";"04-07-2026 01:30";"NS";"Taroona W";"";"";"Riverside Olympic W";"";"";"";"";"7 | 8";"40 | 8";"";"61 | 17";"88";"";"4.2";"5";"1.8 | 0.5";"2.6 | 3.5";"45";"88";"78";"32";"5";"15";"10";"8.7";"1.2 | 0.2";"9";"14 | 2";"60 | 75";"";"1.2 | 0";"1.2 | 2.2";"1.9";"2.3";"1.4 | 1.2";"0.6 | 0.5";"";"40 | 0";"2.4 | 2";"5 | 8";"10.5";"68";"68"
"Australia";"AUS";"QLD FQPL 1 Women";"04-07-2026 02:00";"NS";"The Gap W";"";"";"Palm Beach W";"";"";"";"";"3 | 4";"33 | 17";"";"85 | 34";"88";"";"4.4";"4";"2.5 | 1";"2.8 | 2.5";"88";"";"62";"38";"3.8";"";"";"";"1 | 0.5";"";"7 | 18";"75 | 50";"";"";"";"1";"1.4";"";"";"";"25 | 0";"";"";"9.3";"";""
"Australia";"AUS";"QLD FQPL 1 Women";"04-07-2026 04:00";"NS";"Virginia United W";"";"";"Peninsula Power W";"";"";"";"";"7 | 8";"0 | 33";"";"17 | 54";"100";"";"4.1";"4";"0.5 | 1.6";"3.5 | 2.6";"65";"90";"90";"10";"3.8";"24.8";"14.8";"8";"0 | 1";"8";"2 | 14";"100 | 40";"";"0.5 | 1";"2 | 1.4";"1.6";"2.4";"1.5 | 1.2";"0 | 0.6";"";"0 | 20";"2.5 | 2.8";"5 | 5.8";"9.3";"65";"65"
"Australia";"AUS";"QLD FQPL 1 Women";"04-07-2026 05:00";"NS";"Caboolture W";"";"";"Logan Lightning W";"";"";"";"";"1 | 5";"75 | 67";"";"100 | 68";"100";"";"5.2";"5";"3.2 | 2";"1.2 | 4";"42";"100";"84";"42";"3.8";"29.2";"16.6";"7.6";"2.2 | 2";"9";"63 | 2";"50 | 67";"";"2 | 1.7";"0.7 | 1.3";"2.1";"2.5";"2 | 2.7";"1.3 | 0.3";"";"75 | 67";"5.7 | 2.3";"2.7 | 4.7";"9.3";"67";"67"
"Australia";"AUS";"QLD FQPL 1 Women";"04-07-2026 06:00";"NS";"Grange Thistle W";"";"";"Mitchelton W";"";"";"";"";"9 | 6";"25 | 40";"";"61 | 82";"78";"";"4.2";"4";"1.8 | 2.4";"2 | 2.2";"55";"78";"78";"22";"3.8";"28.9";"15.7";"11.4";"0.8 | 1.2";"10";"35 | 28";"75 | 40";"";"1 | 1.2";"0.5 | 1.6";"2";"2.2";"1.5 | 0.6";"0.8 | 1.2";"";"25 | 40";"8.2 | 3.2";"4.2 | 7.2";"9.3";"90";"90"
"Australia";"AUS";"VIC Premier League Womens";"04-07-2026 02:00";"NS";"Manningham United Blues W";"";"";"Brunswick Juventus W";"";"";"";"";"9 | 4";"54 | 72";"";"100 | 100";"94";"";"5";"4";"3.1 | 3.5";"1.6 | 1.8";"71";"";"94";"28";"4.2";"";"";"";"1.6 | 2.2";"";"49 | 42";"38 | 50";"";"";"";"0.4";"0.6";"";"";"";"50 | 67";"";"";"8.9";"";""
"Australia";"AUS";"VIC Premier League Womens";"04-07-2026 02:00";"NS";"Eltham Redbacks W";"";"";"Geelong Galaxy W";"";"";"";"";"1 | 3";"76 | 81";"";"100 | 82";"93";"";"4.4";"4";"3.7 | 2.4";"2 | 0.7";"64";"";"78";"28";"4.2";"";"";"";"2.3 | 2.4";"";"35 | 80";"29 | 43";"";"";"";"0.4";"0.3";"";"";"";"71 | 71";"";"";"8.9";"";""
"Australia";"AUS";"VIC Premier League Womens";"04-07-2026 04:00";"NS";"Ballarat City W";"";"";"Ringwood City W";"";"";"";"";"11 | 7";"19 | 33";"";"37 | 24";"78";"";"3.6";"4";"1.1 | 0.7";"3.4 | 1.9";"50";"";"72";"36";"4.2";"";"";"";"0.6 | 1";"";"2 | 38";"43 | 43";"";"";"";"0.2";"0.2";"";"";"";"14 | 29";"";"";"8.9";"";""
"Australia";"AUS";"VIC Premier League Womens";"04-07-2026 05:00";"NS";"Southern United W";"";"";"Clifton Hill W";"";"";"";"";"5 | 6";"57 | 67";"";"68 | 82";"100";"";"3.8";"4";"2 | 2.4";"1.4 | 1.9";"60";"";"88";"40";"4.2";"";"";"";"1.7 | 2";"";"56 | 38";"43 | 33";"";"";"";"0.4";"0.4";"";"";"";"57 | 56";"";"";"8.9";"";""
"China";"CHN";"Super League Women";"04-07-2026 06:00";"NS";"Jiangsu W";"";"";"Zhejiang Hangzhou W";"";"";"";"";"5 | 6";"100 | 50";"";"85 | 17";"50";"";"2.5";"2";"2.5 | 0.5";"1.5 | 0.5";"50";"75";"50";"75";"2.7";"19.5";"9";"7.2";"3 | 1.5";"8";"52 | 88";"50 | 100";"";"1 | 0";"1.5 | 0.5";"1";"1.5";"0 | 0";"1.5 | 0.5";"";"100 | 50";"8.5 | 2";"1 | 3";"9.8";"25";"25"
"China";"CHN";"Super League Women";"04-07-2026 08:00";"NS";"Shanghai RCB W";"";"";"Sichuan W";"";"";"";"";"3 | 12";"44 | 17";"";"34 | 34";"58";"";"2.2";"2";"1 | 1";"1 | 1.5";"58";"42";"58";"75";"2.7";"26.4";"9.8";"10";"1.3 | 0.5";"10";"70 | 52";"67 | 50";"";"0.7 | 1";"0 | 0.5";"1.2";"1.1";"1 | 1";"0.3 | 0";"";"33 | 0";"7.7 | 3";"2.3 | 7";"9.8";"75";"58"
"China";"CHN";"Super League Women";"04-07-2026 08:35";"NS";"Shandong Sports Lottery W";"";"";"Guangxi Pingguo W";"";"";"";"";"9 | 11";"67 | 0";"";"51 | 17";"50";"";"2.2";"2";"1.5 | 0.5";"1 | 1.5";"50";"100";"50";"75";"2.7";"16.8";"8";"7.5";"2 | 0";"9";"70 | 52";"50 | 50";"";"1 | 0.5";"0.5 | 1";"0.8";"1.5";"0.5 | 0.5";"0.5 | 0";"";"50 | 0";"5.5 | 2.5";"3 | 4";"9.8";"25";"25"
"Europe";"EUR";"Euro U19 Women";"04-07-2026 12:00";"NS";"Iceland U19 W";"";"";"Switzerland U19 W";"";"";"";"";"";"";"";"";"";"";"";"";"";"";"";"";"";"";"";"";"";"";"";"";"";"";"";"";"";"";"";"";"";"";"";"";"";"";"";""
"Europe";"EUR";"Euro U19 Women";"04-07-2026 12:00";"NS";"Spain U19 W";"";"";"Austria U19 W";"";"";"";"";"";"";"";"";"";"";"";"";"";"";"";"";"";"";"";"";"";"";"";"";"";"";"";"";"";"";"";"";"";"";"";"";"";"";"";""
"Finland";"FIN";"Kansallinen Liiga Women";"04-07-2026 08:00";"NS";"PK-35 Vantaa W";"";"";"HPS W";"";"";"";"";"7 | 3";"20 | 53";"";"34 | 34";"70";"";"2.7";"3";"1 | 1";"2.6 | 0.8";"50";"60";"60";"70";"3.8";"20";"7.8";"11.2";"0.6 | 1.6";"11";"14 | 77";"40 | 40";"";"0.8 | 0.2";"1.4 | 0";"1.5";"1.2";"1.2 | 0.8";"0.2 | 0.8";"";"20 | 40";"5.2 | 5.8";"6 | 5.4";"11.1";"100";"80"
"Finland";"FIN";"Kansallinen Liiga Women";"04-07-2026 09:00";"NS";"Ilves W";"";"";"Åland United W";"";"";"";"";"5 | 4";"40 | 60";"";"61 | 88";"80";"";"3.8";"4";"1.8 | 2.6";"2.2 | 1";"50";"70";"70";"40";"3.8";"25.2";"11.7";"10.9";"1.2 | 1.8";"11";"28 | 70";"60 | 60";"";"0.6 | 1";"1.2 | 0";"2.4";"1.4";"1 | 1";"1.2 | 1.6";"";"40 | 60";"6 | 6.2";"6.2 | 3.4";"11.1";"80";"80"
"Finland";"FIN";"Kansallinen Liiga Women";"04-07-2026 11:00";"NS";"HJK W";"";"";"KuPS W";"";"";"";"";"1 | 2";"100 | 80";"";"100 | 100";"100";"";"4.5";"4";"3.8 | 3";"0.6 | 1.6";"70";"80";"100";"30";"3.8";"21.4";"10.8";"11.4";"3 | 2.4";"11";"84 | 49";"60 | 60";"";"1.2 | 1.2";"0.2 | 0.6";"2.9";"1.6";"0.4 | 1";"2.6 | 1.8";"";"100 | 80";"9 | 10";"2.4 | 1.5";"11.1";"78";"65"
"Finland";"FIN";"Ykkönen Women";"04-07-2026 10:00";"NS";"KTP W";"";"";"PKKU W";"";"";"";"";"8 | 7";"25 | 17";"";"54 | 44";"100";"";"4.4";"4";"1.6 | 1.3";"3.5 | 2.3";"69";"86";"92";"46";"3.4";"19.1";"10.2";"9.9";"0.8 | 0.5";"10";"2 | 25";"38 | 33";"";"0.8 | 1";"1.5 | 1";"2.3";"2.1";"2 | 1.3";"0.9 | 0.3";"";"25 | 17";"3.9 | 3.2";"6 | 6.5";"9.1";"60";"54"
"Iceland";"ISL";"1. Deild Women";"04-07-2026 11:00";"NS";"Volsungur Husavik W";"";"";"HK W";"";"";"";"";"7 | 5";"44 | 33";"";"58 | 34";"67";"";"3.6";"4";"1.7 | 1";"1.3 | 3.3";"50";"84";"67";"33";"4";"";"";"";"1.3 | 1";"";"60 | 2";"67 | 67";"";"1 | 0.7";"1 | 1.7";"1.5";"2.2";"0.3 | 1.7";"0.7 | 0.3";"";"33 | 33";"";"";"9.4";"";""
"Iceland";"ISL";"2. Deild Women";"04-07-2026 11:00";"NS";"Augnablik W";"";"";"Vestri W";"";"";"";"";"6 | 5";"50 | 56";"";"68 | 78";"100";"";"4";"5";"2 | 2.3";"2.8 | 1";"71";"84";"84";"29";"5.6";"";"";"";"1.5 | 1.7";"";"7 | 70";"50 | 67";"";"1 | 1.7";"0.3 | 0";"2";"1.4";"1.3 | 1";"3.7 | 0.7";"";"50 | 33";"";"";"9";"";""
"Iceland";"ISL";"2. Deild Women";"04-07-2026 13:00";"NS";"Dalvík / Reynir W";"";"";"Álftanes W";"";"";"";"";"8 | 10";"42 | 11";"";"75 | 10";"100";"";"5.2";"5";"2.2 | 0.3";"2.5 | 5.3";"66";"100";"84";"34";"5.6";"";"";"";"1.2 | 0.3";"";"18 | 2";"50 | 33";"";"1 | 0.5";"1.2 | 4";"2.1";"2.6";"1.2 | 4";"1.2 | 0";"";"25 | 0";"";"";"9";"";""
"Latvia";"LVA";"Women League";"04-07-2026 08:00";"NS";"Iecava / Olaine W";"";"";"SFK Rīga W";"";"";"";"";"5 | 2";"40 | 80";"";"95 | 100";"100";"";"5.9";"7";"2.8 | 4.4";"3.8 | 0.8";"30";"100";"90";"50";"6.8";"";"";"";"1.2 | 2.4";"";"2 | 77";"40 | 40";"";"1.4 | 2.2";"2.2 | 0.2";"2.9";"3";"1.6 | 0.6";"1.4 | 2.2";"";"40 | 80";"";"";"5";"";""
"New Zealand";"NZL";"National League Women";"04-07-2026 03:00";"NS";"Palmerston North United W";"";"";"Victoria University W";"";"";"";"";"4 | 8";"60 | 20";"";"54 | 68";"90";"";"5.1";"5";"1.6 | 2";"1.6 | 5";"40";"";"60";"50";"4.7";"";"";"";"1.8 | 0.6";"";"49 | 2";"40 | 60";"";"";"";"0";"0";"";"";"";"60 | 20";"";"";"9.2";"";""
"New Zealand";"NZL";"National League Women";"04-07-2026 23:30";"NS";"Miramar Rangers W";"";"";"Taradale W";"";"";"";"";"5 | 10";"83 | 33";"";"41 | 44";"75";"";"3.6";"4";"1.2 | 1.3";"0 | 4.7";"34";"";"50";"66";"4.7";"";"";"";"2.5 | 1";"";"100 | 2";"50 | 33";"";"";"";"0";"0";"";"";"";"75 | 33";"";"";"9.2";"";""
"New Zealand";"NZL";"Women's Cup";"04-07-2026 02:00";"NS";"Ellerslie W";"";"";"Western Springs W";"";"";"";"";"";"";"";"";"";"";"";"";"";"";"";"";"";"";"";"";"";"";"";"";"";"";"";"";"";"";"";"";"";"";"";"";"";"";"";""
"New Zealand";"NZL";"Women's Cup";"04-07-2026 23:00";"NS";"Wellington Phoenix III W";"";"";"Waterside Karori W";"";"";"";"";"";"";"";"";"";"";"";"";"";"";"";"";"";"";"";"";"";"";"";"";"";"";"";"";"";"";"";"";"";"";"";"";"";"";"";""
"Russia";"RUS";"Women's Cup";"04-07-2026 03:00";"NS";"Yenisey W";"";"";"Lokomotiv Moscow W";"";"";"";"";"";"";"";"";"";"";"";"";"";"";"";"";"";"";"";"";"";"";"";"";"";"";"";"";"";"";"";"";"";"";"";"";"";"";"";""
"Russia";"RUS";"Women's Cup";"04-07-2026 05:00";"NS";"OSSh Chelyabinsk";"";"";"CSKA Moscow W";"";"";"";"";"";"";"";"";"";"";"";"";"";"";"";"";"";"";"";"";"";"";"";"";"";"";"";"";"";"";"";"";"";"";"";"";"";"";"";""
"Russia";"RUS";"Women's Cup";"04-07-2026 09:00";"NS";"Zvezda 2005 W";"";"";"Krylya Sovetov W";"";"";"";"";"";"";"";"";"";"";"";"";"";"";"";"";"";"";"";"";"";"";"";"";"";"";"";"";"";"";"";"";"";"";"";"";"";"";"";""
"Russia";"RUS";"Women's Cup";"04-07-2026 10:00";"NS";"ZhFK Nizhny Novgorod W";"";"";"Spartak Moskva W";"";"";"";"";"";"";"";"";"";"";"";"";"";"";"";"";"";"";"";"";"";"";"";"";"";"";"";"";"";"";"";"";"";"";"";"";"";"";"";""
"Russia";"RUS";"Women's Cup";"04-07-2026 12:00";"NS";"Sochi W";"";"";"Zenit W";"";"";"";"";"";"";"";"";"";"";"";"";"";"";"";"";"";"";"";"";"";"";"";"";"";"";"";"";"";"";"";"";"";"";"";"";"";"";"";""
"Russia";"RUS";"Women's Cup";"04-07-2026 12:00";"NS";"Rostov W";"";"";"Krasnodar W";"";"";"";"";"";"";"";"";"";"";"";"";"";"";"";"";"";"";"";"";"";"";"";"";"";"";"";"";"";"";"";"";"";"";"";"";"";"";"";""
"Vietnam";"VIE";"Women's National League";"04-07-2026 06:00";"NS";"Hà Nội II W";"";"";"GT Thai Nguyen W";"";"";"";"";"";"";"";"";"";"";"";"";"";"";"";"";"";"";"";"";"";"";"";"";"";"";"";"";"";"";"";"";"";"";"";"";"";"";"";""
"World";"WOR";"Club Friendlies 1";"04-07-2026 09:30";"NS";"FC Dordrecht";"";"";"Feyenoord";"";"";"";"";"";"";"";"";"";"";"";"";"";"";"";"";"";"";"";"";"";"";"";"";"";"";"";"";"";"";"";"";"";"";"";"";"";"";"";""
"World";"WOR";"Club Friendlies 1";"04-07-2026 12:00";"NS";"Ajax";"";"";"Panathinaikos";"";"";"";"";"";"";"";"";"";"";"";"";"";"";"";"";"";"";"";"";"";"";"";"";"";"";"";"";"";"";"";"";"";"";"";"";"";"";"";""
"World";"WOR";"Club Friendlies 3";"04-07-2026 04:00";"NS";"Blaublitz Akita";"";"";"Fujieda MYFC";"";"";"";"";"";"";"";"";"";"";"";"";"";"";"";"";"";"";"";"";"";"";"";"";"";"";"";"";"";"";"";"";"";"";"";"";"";"";"";""
"World";"WOR";"Club Friendlies 3";"04-07-2026 05:30";"NS";"Teplice";"";"";"Příbram";"";"";"";"";"";"";"";"";"";"";"";"";"";"";"";"";"";"";"";"";"";"";"";"";"";"";"";"";"";"";"";"";"";"";"";"";"";"";"";""
"World";"WOR";"Club Friendlies 3";"04-07-2026 06:00";"NS";"Lugano";"";"";"Rapperswil-Jona";"";"";"";"";"";"";"";"";"";"";"";"";"";"";"";"";"";"";"";"";"";"";"";"";"";"";"";"";"";"";"";"";"";"";"";"";"";"";"";""
"World";"WOR";"Club Friendlies 3";"04-07-2026 06:00";"NS";"Zagłębie Sosnowiec";"";"";"Podbeskidzie";"";"";"";"";"";"";"";"";"";"";"";"";"";"";"";"";"";"";"";"";"";"";"";"";"";"";"";"";"";"";"";"";"";"";"";"";"";"";"";""
"World";"WOR";"Club Friendlies 3";"04-07-2026 06:00";"NS";"Slovan Liberec";"";"";"Dukla Praha";"";"";"";"";"1 | 2";"50 | 67";"";"51 | 34";"62";"";"2.2";"2";"1.5 | 1";"1.5 | 0.5";"50";"50";"25";"75";"3.4";"19.6";"9.2";"8.1";"1.5 | 2";"8";"52 | 88";"50 | 50";"";"0.2 | 0.5";"0.5 | 0";"1.6";"0.6";"1 | 0.5";"1.2 | 0.5";"";"50 | 50";"3.3 | 4";"3.3 | 5.5";"9";"42";"42"
"World";"WOR";"Club Friendlies 3";"04-07-2026 06:00";"NS";"Hradec Králové";"";"";"Sparta Praha B";"";"";"";"";"";"";"";"";"";"";"";"";"";"";"";"";"";"";"";"";"";"";"";"";"";"";"";"";"";"";"";"";"";"";"";"";"";"";"";""
"World";"WOR";"Club Friendlies 3";"04-07-2026 06:00";"NS";"Táborsko";"";"";"Bohemians 1905";"";"";"";"";"";"";"";"";"";"";"";"";"";"";"";"";"";"";"";"";"";"";"";"";"";"";"";"";"";"";"";"";"";"";"";"";"";"";"";""
"World";"WOR";"Club Friendlies 3";"04-07-2026 07:00";"NS";"De Treffers";"";"";"FC Eindhoven";"";"";"";"";"";"";"";"";"";"";"";"";"";"";"";"";"";"";"";"";"";"";"";"";"";"";"";"";"";"";"";"";"";"";"";"";"";"";"";""
"World";"WOR";"Club Friendlies 3";"04-07-2026 08:00";"NS";"Basel";"";"";"Aarau";"";"";"";"";"1 | 2";"50 | 0";"";"100 | 51";"100";"";"6";"4";"3 | 1.5";"4 | 3.5";"100";"100";"100";"0";"3.4";"";"";"";"1.5 | 0";"";"2 | 2";"100 | 100";"";"1.5 | 0";"1.5 | 1.5";"3.8";"2.2";"2.5 | 2";"1.5 | 1.5";"";"50 | 0";"";"";"9";"";""
"World";"WOR";"Club Friendlies 3";"04-07-2026 08:00";"NS";"Sparta Praha";"";"";"Opava";"1.06";"17.00";"";"";"";"";"";"";"";"";"";"";"";"";"";"";"";"";"";"";"";"";"";"";"";"";"";"";"";"";"";"";"";"";"";"";"";"";"";""
"World";"WOR";"Club Friendlies 3";"04-07-2026 08:00";"NS";"Esbjerg";"";"";"Aarhus Fremad";"";"";"";"";"1 | 2";"20 | 42";"";"61 | 75";"78";"";"4";"4";"1.8 | 2.2";"2.2 | 1.8";"65";"75";"68";"55";"3.4";"21.4";"13.8";"8.9";"0.6 | 1.2";"9";"28 | 42";"40 | 50";"";"0.6 | 0.2";"1 | 0.8";"2.7";"1.3";"1.2 | 1";"1.2 | 2";"";"0 | 25";"3.5 | 7";"5 | 2.3";"9";"42";"42"
"World";"WOR";"Club Friendlies 3";"04-07-2026 08:00";"NS";"Horsens";"";"";"Hobro";"";"";"";"";"1 | 2";"50 | 17";"";"34 | 34";"100";"";"2.8";"3";"1 | 1";"1.5 | 2";"25";"25";"50";"75";"3.4";"";"";"";"1.5 | 0.5";"";"52 | 35";"50 | 50";"";"0 | 0.5";"0 | 0.5";"2.2";"0.5";"1.5 | 1.5";"1 | 0.5";"";"50 | 0";"";"";"9";"";""
"World";"WOR";"Club Friendlies 3";"04-07-2026 08:00";"NS";"TOP Oss";"";"";"Go Ahead Eagles";"";"";"";"";"";"";"";"";"";"";"";"";"";"";"";"";"";"";"";"";"";"";"";"";"";"";"";"";"";"";"";"";"";"";"";"";"";"";"";""
"World";"WOR";"Club Friendlies 3";"04-07-2026 08:00";"NS";"FC Kempten";"";"";"Illertissen";"";"";"";"";"";"";"";"";"";"";"";"";"";"";"";"";"";"";"";"";"";"";"";"";"";"";"";"";"";"";"";"";"";"";"";"";"";"";"";""
"World";"WOR";"Club Friendlies 3";"04-07-2026 08:00";"NS";"Eintracht Braunschw. II";"";"";"HSC Hannover";"";"";"";"";"";"";"";"";"";"";"";"";"";"";"";"";"";"";"";"";"";"";"";"";"";"";"";"";"";"";"";"";"";"";"";"";"";"";"";""
"World";"WOR";"Club Friendlies 3";"04-07-2026 08:00";"NS";"Brøndby IF";"";"";"Nordsjælland";"";"";"";"";"1 | 2";"61 | 50";"";"85 | 17";"75";"";"2.6";"3";"2.5 | 0.5";"1.2 | 1";"42";"84";"25";"84";"3.4";"";"";"";"1.8 | 1.5";"";"63 | 70";"33 | 50";"";"0.8 | 0.5";"0.7 | 1";"1.1";"1.5";"0.5 | 0";"1.7 | 0";"";"50 | 50";"";"";"9";"";""
"World";"WOR";"Club Friendlies 3";"04-07-2026 08:00";"NS";"Drochtersen / Assel";"";"";"Rödinghausen";"";"";"";"";"";"";"";"";"";"";"";"";"";"";"";"";"";"";"";"";"";"";"";"";"";"";"";"";"";"";"";"";"";"";"";"";"";"";"";""
"World";"WOR";"Club Friendlies 3";"04-07-2026 08:00";"NS";"FC Twente";"";"";"Aberdeen";"";"";"";"";"";"";"";"";"";"";"";"";"";"";"";"";"";"";"";"";"";"";"";"";"";"";"";"";"";"";"";"";"";"";"";"";"";"";"";""
"World";"WOR";"Club Friendlies 3";"04-07-2026 08:30";"NS";"Ballymena United";"";"";"Strabane Athletic";"";"";"";"";"";"";"";"";"";"";"";"";"";"";"";"";"";"";"";"";"";"";"";"";"";"";"";"";"";"";"";"";"";"";"";"";"";"";"";""
"World";"WOR";"Club Friendlies 3";"04-07-2026 09:00";"NS";"FSV Kuhlungsborn";"";"";"Hansa Rostock";"";"";"";"";"";"";"";"";"";"";"";"";"";"";"";"";"";"";"";"";"";"";"";"";"";"";"";"";"";"";"";"";"";"";"";"";"";"";"";""
"World";"WOR";"Club Friendlies 3";"04-07-2026 09:00";"NS";"Sportfreunde Siegen";"";"";"Fernwald";"";"";"";"";"";"";"";"";"";"";"";"";"";"";"";"";"";"";"";"";"";"";"";"";"";"";"";"";"";"";"";"";"";"";"";"";"";"";"";""
"World";"WOR";"Club Friendlies 3";"04-07-2026 09:00";"NS";"Willem II";"";"";"Quick Boys";"";"";"";"";"";"";"";"";"";"";"";"";"";"";"";"";"";"";"";"";"";"";"";"";"";"";"";"";"";"";"";"";"";"";"";"";"";"";"";""
"World";"WOR";"Club Friendlies 3";"04-07-2026 09:00";"NS";"Greifswalder FC";"";"";"Hamburger SV II";"";"";"";"";"";"";"";"";"";"";"";"";"";"";"";"";"";"";"";"";"";"";"";"";"";"";"";"";"";"";"";"";"";"";"";"";"";"";"";""
"World";"WOR";"Club Friendlies 3";"04-07-2026 09:00";"NS";"Homburg";"";"";"Emmelshausen-Karbach";"";"";"";"";"";"";"";"";"";"";"";"";"";"";"";"";"";"";"";"";"";"";"";"";"";"";"";"";"";"";"";"";"";"";"";"";"";"";"";""
"World";"WOR";"Club Friendlies 3";"04-07-2026 09:00";"NS";"SC Wiedenbrück";"";"";"Chemie Leipzig";"";"";"";"";"";"";"";"";"";"";"";"";"";"";"";"";"";"";"";"";"";"";"";"";"";"";"";"";"";"";"";"";"";"";"";"";"";"";"";""
"World";"WOR";"Club Friendlies 3";"04-07-2026 09:00";"NS";"Club Brugge";"";"";"KV Kortrijk";"";"";"";"";"";"";"";"";"";"";"";"";"";"";"";"";"";"";"";"";"";"";"";"";"";"";"";"";"";"";"";"";"";"";"";"";"";"";"";""
"World";"WOR";"Club Friendlies 3";"04-07-2026 09:00";"NS";"Ingolstadt";"";"";"Eichstätt";"1.34";"5.57";"";"";"";"";"";"";"";"";"";"";"";"";"";"";"";"";"";"";"";"";"";"";"";"";"";"";"";"";"";"";"";"";"";"";"";"";"";""
"World";"WOR";"Club Friendlies 3";"04-07-2026 09:00";"NS";"Sonnenhof Großaspach";"";"";"SGV Freiberg";"";"";"";"";"1 | 2";"33 | 58";"";"100 | 100";"88";"";"5.9";"4";"3.7 | 3.5";"2.3 | 2.2";"71";"75";"88";"12";"3.4";"";"";"";"1 | 1.8";"";"25 | 28";"67 | 50";"";"1 | 1.5";"1 | 1.5";"3.4";"2.5";"1.3 | 0.8";"2.7 | 2";"";"33 | 50";"";"";"9";"";""
"World";"WOR";"Club Friendlies 3";"04-07-2026 09:00";"NS";"Melle 03";"";"";"Osnabrück";"";"";"";"";"";"";"";"";"";"";"";"";"";"";"";"";"";"";"";"";"";"";"";"";"";"";"";"";"";"";"";"";"";"";"";"";"";"";"";""
"World";"WOR";"Club Friendlies 3";"04-07-2026 09:00";"NS";"Hollenbach";"";"";"Ansbach";"";"";"";"";"";"";"";"";"";"";"";"";"";"";"";"";"";"";"";"";"";"";"";"";"";"";"";"";"";"";"";"";"";"";"";"";"";"";"";""
"World";"WOR";"Club Friendlies 3";"04-07-2026 09:00";"NS";"Ayr United";"";"";"Airdrieonians";"";"";"";"";"";"";"";"";"";"";"";"";"";"";"";"";"";"";"";"";"";"";"";"";"";"";"";"";"";"";"";"";"";"";"";"";"";"";"";""
"World";"WOR";"Club Friendlies 3";"04-07-2026 09:00";"NS";"Linfield";"";"";"Kilmarnock";"";"";"";"";"";"";"";"";"";"";"";"";"";"";"";"";"";"";"";"";"";"";"";"";"";"";"";"";"";"";"";"";"";"";"";"";"";"";"";""
"World";"WOR";"Club Friendlies 3";"04-07-2026 09:00";"NS";"Fortuna Köln";"";"";"TuS Koblenz";"";"";"";"";"";"";"";"";"";"";"";"";"";"";"";"";"";"";"";"";"";"";"";"";"";"";"";"";"";"";"";"";"";"";"";"";"";"";"";""
"World";"WOR";"Club Friendlies 3";"04-07-2026 09:00";"NS";"Energie Cottbus";"";"";"Hertha BSC II";"";"";"";"";"";"";"";"";"";"";"";"";"";"";"";"";"";"";"";"";"";"";"";"";"";"";"";"";"";"";"";"";"";"";"";"";"";"";"";""
"World";"WOR";"Club Friendlies 3";"04-07-2026 09:00";"NS";"VfB Lübeck";"";"";"Jeddeloh";"";"";"";"";"";"";"";"";"";"";"";"";"";"";"";"";"";"";"";"";"";"";"";"";"";"";"";"";"";"";"";"";"";"";"";"";"";"";"";""
"World";"WOR";"Club Friendlies 3";"04-07-2026 09:00";"NS";"Cove Rangers";"";"";"Huntly";"";"";"";"";"";"";"";"";"";"";"";"";"";"";"";"";"";"";"";"";"";"";"";"";"";"";"";"";"";"";"";"";"";"";"";"";"";"";"";""
"World";"WOR";"Club Friendlies 3";"04-07-2026 09:15";"NS";"Memmingen";"";"";"TSV Essingen";"";"";"";"";"";"";"";"";"";"";"";"";"";"";"";"";"";"";"";"";"";"";"";"";"";"";"";"";"";"";"";"";"";"";"";"";"";"";"";""
"World";"WOR";"Club Friendlies 3";"04-07-2026 09:30";"NS";"Coleraine";"";"";"H&W Welders";"";"";"";"";"";"";"";"";"";"";"";"";"";"";"";"";"";"";"";"";"";"";"";"";"";"";"";"";"";"";"";"";"";"";"";"";"";"";"";""
"World";"WOR";"Club Friendlies 3";"04-07-2026 10:00";"NS";"VfB Bottrop 1900";"";"";"Rot-Weiss Essen";"";"";"";"";"";"";"";"";"";"";"";"";"";"";"";"";"";"";"";"";"";"";"";"";"";"";"";"";"";"";"";"";"";"";"";"";"";"";"";""
"World";"WOR";"Club Friendlies 3";"04-07-2026 10:00";"NS";"Haverfordwest County";"";"";"Hamilton Academical";"";"";"";"";"";"";"";"";"";"";"";"";"";"";"";"";"";"";"";"";"";"";"";"";"";"";"";"";"";"";"";"";"";"";"";"";"";"";"";""
"World";"WOR";"Club Friendlies 3";"04-07-2026 10:00";"NS";"Montrose";"";"";"St. Johnstone";"";"";"";"";"";"";"";"";"";"";"";"";"";"";"";"";"";"";"";"";"";"";"";"";"";"";"";"";"";"";"";"";"";"";"";"";"";"";"";""
"World";"WOR";"Club Friendlies 3";"04-07-2026 10:00";"NS";"RKC Waalwijk";"";"";"Jong AZ";"";"";"";"";"";"";"";"";"";"";"";"";"";"";"";"";"";"";"";"";"";"";"";"";"";"";"";"";"";"";"";"";"";"";"";"";"";"";"";""
"World";"WOR";"Club Friendlies 3";"04-07-2026 10:00";"NS";"Inverness CT";"";"";"Ross County";"";"";"";"";"";"";"";"";"";"";"";"";"";"";"";"";"";"";"";"";"";"";"";"";"";"";"";"";"";"";"";"";"";"";"";"";"";"";"";""
"World";"WOR";"Club Friendlies 3";"04-07-2026 10:00";"NS";"Rutherglen Glencairn";"";"";"Clyde";"";"";"";"";"";"";"";"";"";"";"";"";"";"";"";"";"";"";"";"";"";"";"";"";"";"";"";"";"";"";"";"";"";"";"";"";"";"";"";""
"World";"WOR";"Club Friendlies 3";"04-07-2026 10:00";"NS";"Arbroath";"";"";"Brechin City";"";"";"";"";"";"";"";"";"";"";"";"";"";"";"";"";"";"";"";"";"";"";"";"";"";"";"";"";"";"";"";"";"";"";"";"";"";"";"";""
"World";"WOR";"Club Friendlies 3";"04-07-2026 10:00";"NS";"Johnstone Burgh";"";"";"Elgin City";"";"";"";"";"";"";"";"";"";"";"";"";"";"";"";"";"";"";"";"";"";"";"";"";"";"";"";"";"";"";"";"";"";"";"";"";"";"";"";""
"World";"WOR";"Club Friendlies 3";"04-07-2026 10:00";"NS";"Forfar Athletic";"";"";"Banks O Dee FC";"";"";"";"";"";"";"";"";"";"";"";"";"";"";"";"";"";"";"";"";"";"";"";"";"";"";"";"";"";"";"";"";"";"";"";"";"";"";"";""
"World";"WOR";"Club Friendlies 3";"04-07-2026 10:00";"NS";"Glentoran";"";"";"Dundela";"";"";"";"";"";"";"";"";"";"";"";"";"";"";"";"";"";"";"";"";"";"";"";"";"";"";"";"";"";"";"";"";"";"";"";"";"";"";"";""
"World";"WOR";"Club Friendlies 3";"04-07-2026 10:00";"NS";"La Louvière";"";"";"Rochefort";"";"";"";"";"";"";"";"";"";"";"";"";"";"";"";"";"";"";"";"";"";"";"";"";"";"";"";"";"";"";"";"";"";"";"";"";"";"";"";""
"World";"WOR";"Club Friendlies 3";"04-07-2026 10:00";"NS";"Mechelen";"";"";"Rupel Boom";"";"";"";"";"";"";"";"";"";"";"";"";"";"";"";"";"";"";"";"";"";"";"";"";"";"";"";"";"";"";"";"";"";"";"";"";"";"";"";""
"World";"WOR";"Club Friendlies 3";"04-07-2026 10:00";"NS";"Tranent Juniors";"";"";"Stirling Albion";"";"";"";"";"";"";"";"";"";"";"";"";"";"";"";"";"";"";"";"";"";"";"";"";"";"";"";"";"";"";"";"";"";"";"";"";"";"";"";""
"World";"WOR";"Club Friendlies 3";"04-07-2026 10:30";"NS";"Rot-Weiß Oberhausen";"";"";"VfL Bochum 1848";"";"";"";"";"";"";"";"";"";"";"";"";"";"";"";"";"";"";"";"";"";"";"";"";"";"";"";"";"";"";"";"";"";"";"";"";"";"";"";""
"World";"WOR";"Club Friendlies 3";"04-07-2026 10:30";"NS";"FSV Optik Rathenow";"";"";"FC Union Berlin";"";"";"";"";"";"";"";"";"";"";"";"";"";"";"";"";"";"";"";"";"";"";"";"";"";"";"";"";"";"";"";"";"";"";"";"";"";"";"";""
"World";"WOR";"Club Friendlies 3";"04-07-2026 10:30";"NS";"Auerbach";"";"";"Bayreuth";"";"";"";"";"";"";"";"";"";"";"";"";"";"";"";"";"";"";"";"";"";"";"";"";"";"";"";"";"";"";"";"";"";"";"";"";"";"";"";""
"World";"WOR";"Club Friendlies 3";"04-07-2026 11:00";"NS";"Rheindorf Altach";"";"";"Heidenheim";"";"";"";"";"";"";"";"";"";"";"";"";"";"";"";"";"";"";"";"";"";"";"";"";"";"";"";"";"";"";"";"";"";"";"";"";"";"";"";""
"World";"WOR";"Club Friendlies 3";"04-07-2026 11:00";"NS";"Clay Cross Town";"";"";"Chesterfield";"";"";"";"";"";"";"";"";"";"";"";"";"";"";"";"";"";"";"";"";"";"";"";"";"";"";"";"";"";"";"";"";"";"";"";"";"";"";"";""
"World";"WOR";"Club Friendlies 3";"04-07-2026 11:00";"NS";"Peterhead";"";"";"Celtic II";"";"";"";"";"";"";"";"";"";"";"";"";"";"";"";"";"";"";"";"";"";"";"";"";"";"";"";"";"";"";"";"";"";"";"";"";"";"";"";""
"World";"WOR";"Club Friendlies 3";"04-07-2026 11:00";"NS";"Verlaine";"";"";"Standard Liège";"";"";"";"";"";"";"";"";"";"";"";"";"";"";"";"";"";"";"";"";"";"";"";"";"";"";"";"";"";"";"";"";"";"";"";"";"";"";"";""
"World";"WOR";"Club Friendlies 3";"04-07-2026 11:00";"NS";"Ballymena United";"";"";"Loughgall";"";"";"";"";"";"";"";"";"";"";"";"";"";"";"";"";"";"";"";"";"";"";"";"";"";"";"";"";"";"";"";"";"";"";"";"";"";"";"";""
"World";"WOR";"Club Friendlies 3";"04-07-2026 11:00";"NS";"Alfreton Town";"";"";"Notts County";"";"";"";"";"";"";"";"";"";"";"";"";"";"";"";"";"";"";"";"";"";"";"";"";"";"";"";"";"";"";"";"";"";"";"";"";"";"";"";""
"World";"WOR";"Club Friendlies 3";"04-07-2026 11:00";"NS";"Excelsior";"";"";"SC Cambuur";"";"";"";"";"";"";"";"";"";"";"";"";"";"";"";"";"";"";"";"";"";"";"";"";"";"";"";"";"";"";"";"";"";"";"";"";"";"";"";""
"World";"WOR";"Club Friendlies 3";"04-07-2026 11:00";"NS";"Halifax Town";"";"";"Sheffield United";"";"";"";"";"";"";"";"";"";"";"";"";"";"";"";"";"";"";"";"";"";"";"";"";"";"";"";"";"";"";"";"";"";"";"";"";"";"";"";""
"World";"WOR";"Club Friendlies 3";"04-07-2026 11:00";"NS";"Norwich City";"";"";"King's Lynn Town";"";"";"";"";"";"";"";"";"";"";"";"";"";"";"";"";"";"";"";"";"";"";"";"";"";"";"";"";"";"";"";"";"";"";"";"";"";"";"";""
"World";"WOR";"Club Friendlies 3";"04-07-2026 11:00";"NS";"Helmond Sport";"";"";"AEK Larnaca";"";"";"";"";"";"";"";"";"";"";"";"";"";"";"";"";"";"";"";"";"";"";"";"";"";"";"";"";"";"";"";"";"";"";"";"";"";"";"";""
"World";"WOR";"Club Friendlies 3";"04-07-2026 11:00";"NS";"Zelzate";"";"";"Zulte-Waregem";"";"";"";"";"";"";"";"";"";"";"";"";"";"";"";"";"";"";"";"";"";"";"";"";"";"";"";"";"";"";"";"";"";"";"";"";"";"";"";""
"World";"WOR";"Club Friendlies 3";"04-07-2026 11:00";"NS";"Queen of the South";"";"";"Crusaders";"";"";"";"";"";"";"";"";"";"";"";"";"";"";"";"";"";"";"";"";"";"";"";"";"";"";"";"";"";"";"";"";"";"";"";"";"";"";"";""
"World";"WOR";"Club Friendlies 3";"04-07-2026 11:00";"NS";"Kelty Hearts";"";"";"Dunfermline Athletic";"";"";"";"";"";"";"";"";"";"";"";"";"";"";"";"";"";"";"";"";"";"";"";"";"";"";"";"";"";"";"";"";"";"";"";"";"";"";"";""
"World";"WOR";"Club Friendlies 3";"04-07-2026 11:00";"NS";"Greenock Morton";"";"";"Stranraer";"";"";"";"";"";"";"";"";"";"";"";"";"";"";"";"";"";"";"";"";"";"";"";"";"";"";"";"";"";"";"";"";"";"";"";"";"";"";"";""
"World";"WOR";"Club Friendlies 3";"04-07-2026 11:00";"NS";"United of Manchester";"";"";"Bradford City";"";"";"";"";"";"";"";"";"";"";"";"";"";"";"";"";"";"";"";"";"";"";"";"";"";"";"";"";"";"";"";"";"";"";"";"";"";"";"";""
"World";"WOR";"Club Friendlies 3";"04-07-2026 11:00";"NS";"FC Gießen";"";"";"Elversberg";"";"";"";"";"";"";"";"";"";"";"";"";"";"";"";"";"";"";"";"";"";"";"";"";"";"";"";"";"";"";"";"";"";"";"";"";"";"";"";""
"World";"WOR";"Club Friendlies 3";"04-07-2026 11:00";"NS";"Lokomotive Leipzig";"";"";"Kladno";"";"";"";"";"1 | 2";"67 | 40";"";"85 | 41";"90";"";"4";"4";"2.5 | 1.2";"1.5 | 2.8";"80";"100";"90";"10";"3.4";"";"";"";"2 | 1.2";"";"52 | 7";"100 | 80";"";"0.5 | 0.8";"1 | 1.2";"2.2";"1.8";"0.5 | 1.6";"2 | 0.4";"";"50 | 40";"";"";"9";"";""
"World";"WOR";"Club Friendlies 3";"04-07-2026 11:00";"NS";"Limavady United";"";"";"Warrenpoint Town";"";"";"";"";"";"";"";"";"";"";"";"";"";"";"";"";"";"";"";"";"";"";"";"";"";"";"";"";"";"";"";"";"";"";"";"";"";"";"";""
"World";"WOR";"Club Friendlies 3";"04-07-2026 11:00";"NS";"Metz";"";"";"Differdange 03";"";"";"";"";"";"";"";"";"";"";"";"";"";"";"";"";"";"";"";"";"";"";"";"";"";"";"";"";"";"";"";"";"";"";"";"";"";"";"";""
"World";"WOR";"Club Friendlies 3";"04-07-2026 11:00";"NS";"Bristol Manor Farm";"";"";"Newport County";"";"";"";"";"";"";"";"";"";"";"";"";"";"";"";"";"";"";"";"";"";"";"";"";"";"";"";"";"";"";"";"";"";"";"";"";"";"";"";""
"World";"WOR";"Club Friendlies 3";"04-07-2026 11:00";"CANCELLED";"East Kilbride";"";"";"Dumbarton";"";"";"";"";"";"";"";"";"";"";"";"";"";"";"";"";"";"";"";"";"";"";"";"";"";"";"";"";"";"";"";"";"";"";"";"";"";"";"";""
"World";"WOR";"Club Friendlies 3";"04-07-2026 11:30";"NS";"VELO";"";"";"Sparta Rotterdam";"";"";"";"";"";"";"";"";"";"";"";"";"";"";"";"";"";"";"";"";"";"";"";"";"";"";"";"";"";"";"";"";"";"";"";"";"";"";"";""
"World";"WOR";"Club Friendlies 3";"04-07-2026 11:30";"NS";"Gurten";"";"";"WSPG Wels";"";"";"";"";"";"";"";"";"";"";"";"";"";"";"";"";"";"";"";"";"";"";"";"";"";"";"";"";"";"";"";"";"";"";"";"";"";"";"";""
"World";"WOR";"Club Friendlies 3";"04-07-2026 11:30";"NS";"Greifswalder FC";"";"";"Anker Wismar";"";"";"";"";"";"";"";"";"";"";"";"";"";"";"";"";"";"";"";"";"";"";"";"";"";"";"";"";"";"";"";"";"";"";"";"";"";"";"";""
"World";"WOR";"Club Friendlies 3";"04-07-2026 11:30";"NS";"Blau-Weiß Linz";"";"";"Wiener Viktoria";"";"";"";"";"";"";"";"";"";"";"";"";"";"";"";"";"";"";"";"";"";"";"";"";"";"";"";"";"";"";"";"";"";"";"";"";"";"";"";""
"World";"WOR";"Club Friendlies 3";"04-07-2026 12:00";"NS";"Piast Gliwice";"";"";"Baník Ostrava";"";"";"";"";"1 | 2";"50 | 50";"";"34 | 75";"100";"";"2.9";"3";"1 | 2.2";"1 | 1.5";"25";"88";"38";"75";"3.4";"";"";"";"1.5 | 1.5";"";"70 | 52";"100 | 50";"";"0.5 | 0.8";"0.5 | 1.2";"1.4";"1.5";"0.5 | 0.2";"0.5 | 1.5";"";"50 | 50";"";"";"9";"";""
"World";"WOR";"Club Friendlies 3";"04-07-2026 12:00";"NS";"Osijek";"";"";"Paksi SE";"";"";"";"";"1 | 2";"100 | 33";"";"68 | 100";"100";"";"4.4";"4";"2 | 4.3";"0.5 | 2";"75";"100";"75";"66";"3.4";"";"";"";"3 | 1";"";"88 | 35";"50 | 33";"";"1 | 2.7";"0.5 | 1";"1.8";"2.6";"0 | 1";"1 | 1.7";"";"100 | 33";"";"";"9";"";""
"World";"WOR";"Club Friendlies 3";"04-07-2026 12:00";"NS";"Frohnauer";"";"";"Hertha BSC";"";"";"";"";"";"";"";"";"";"";"";"";"";"";"";"";"";"";"";"";"";"";"";"";"";"";"";"";"";"";"";"";"";"";"";"";"";"";"";""
"World";"WOR";"Club Friendlies 3";"04-07-2026 12:00";"NS";"Vaduz";"";"";"Austria Lustenau";"";"";"";"";"";"";"";"";"";"";"";"";"";"";"";"";"";"";"";"";"";"";"";"";"";"";"";"";"";"";"";"";"";"";"";"";"";"";"";""
"World";"WOR";"Club Friendlies 3";"04-07-2026 12:30";"NS";"Újpest";"";"";"Hartberg";"";"";"";"";"1 | 2";"78 | 100";"";"44 | 68";"84";"";"2.5";"3";"1.3 | 2";"0.7 | 1";"84";"66";"84";"100";"3.4";"";"";"";"2.3 | 3";"";"80 | 70";"67 | 100";"";"0.7 | 1";"0.3 | 0";"1.5";"1";"0.3 | 1";"0.7 | 1";"";"67 | 100";"";"";"9";"";""
"World";"WOR";"Club Friendlies 3";"04-07-2026 13:00";"NS";"Klagenfurter AC 1909";"";"";"Austria Klagenfurt";"";"";"";"";"";"";"";"";"";"";"";"";"";"";"";"";"";"";"";"";"";"";"";"";"";"";"";"";"";"";"";"";"";"";"";"";"";"";"";""
"World";"WOR";"Club Friendlies 3";"04-07-2026 13:00";"NS";"St. Pauli";"";"";"Kickers Emden";"";"";"";"";"";"";"";"";"";"";"";"";"";"";"";"";"";"";"";"";"";"";"";"";"";"";"";"";"";"";"";"";"";"";"";"";"";"";"";""
"World";"WOR";"Club Friendlies 3";"04-07-2026 14:00";"NS";"Amstetten";"";"";"SV Horn";"";"";"";"";"";"";"";"";"";"";"";"";"";"";"";"";"";"";"";"";"";"";"";"";"";"";"";"";"";"";"";"";"";"";"";"";"";"";"";""
"World";"WOR";"Club Friendlies 3";"04-07-2026 21:00";"NS";"Mačva Šabac";"";"";"Mladost Lučani";"";"";"";"";"1 | 2";"33 | 47";"";"17 | 41";"65";"";"1.5";"2";"0.5 | 1.2";"0.5 | 0.8";"65";"55";"10";"90";"3.4";"";"";"";"1 | 1.4";"";"88 | 77";"50 | 80";"";"0 | 0.8";"0.5 | 0.6";"0.6";"1";"0 | 0.2";"0.5 | 0.4";"";"0 | 20";"";"";"9";"";""
"World";"WOR";"Club Friendlies 3";"04-07-2026 21:00";"NS";"Wieczysta Kraków";"";"";"Slavia Praha";"";"";"";"";"1 | 2";"62 | 44";"";"82 | 68";"100";"";"3.9";"4";"2.4 | 2";"1.4 | 2";"88";"69";"64";"52";"3.4";"";"";"";"1.9 | 1.3";"";"56 | 35";"62 | 33";"";"0.9 | 0.7";"0.1 | 0.7";"2.7";"1.1";"1.4 | 1.3";"1.9 | 1.3";"";"50 | 33";"";"";"9";"";""
"World";"WOR";"Club Friendlies Women";"04-07-2026 09:00";"NS";"Bayer Leverkusen W";"";"";"Mainz 05 W";"";"";"";"";"";"";"";"";"";"";"";"";"";"";"";"";"";"";"";"";"";"";"";"";"";"";"";"";"";"";"";"";"";"";"";"";"";"";"";""
"Australia";"AUS";"Tasmania Northern Championship";"04-07-2026 01:30";"NS";"Burnie United";"";"";"Riverside II";"";"";"";"";"6 | 7";"40 | 0";"";"61 | 34";"100";"";"6.8";"";"1.8 | 1";"4.2 | 6.5";"58";"45";"100";"0";"";"";"";"";"1.2 | 0";"";"2 | 2";"80 | 25";"";"0.6 | 0";"0.8 | 1.8";"5.2";"1.6";"3.4 | 4.8";"1.2 | 1";"";"40 | 0";"";"";"";"";""
"Australia";"AUS";"Tasmania Northern Championship";"04-07-2026 03:45";"NS";"Devonport City II";"";"";"Launceston United II";"";"";"";"";"2 | 8";"89 | 0";"";"100 | 10";"100";"";"6.3";"";"6 | 0.3";"1.3 | 5";"66";"100";"83";"17";"";"";"";"";"2.7 | 0";"";"60 | 2";"33 | 50";"";"1.8 | 0.2";"0.8 | 3.3";"3.2";"3.1";"0.5 | 1.7";"4.2 | 0.2";"";"83 | 0";"";"";"";"";""
"Australia";"AUS";"Tasmania Northern Championship";"04-07-2026 03:45";"NS";"Ulverstone II";"";"";"Northern Rangers";"";"";"";"";"3 | 1";"89 | 86";"";"100 | 100";"100";"";"5.4";"";"3.8 | 4.4";"1.2 | 1.4";"46";"83";"100";"16";"";"";"";"";"2.7 | 2.6";"";"63 | 56";"50 | 71";"";"1.5 | 1.5";"0.3 | 0.8";"3.2";"1.9";"0.8 | 0.8";"2.3 | 3.7";"";"83 | 86";"";"";"";"";""
"South Africa";"RSA";"Super League Women";"04-07-2026 05:00";"NS";"University of Fort Hare W";"";"";"Ezemvelo W";"";"";"";"";"4 | 7";"67 | 0";"";"34 | 17";"75";"";"1.8";"3";"1 | 0.5";"0 | 2";"25";"50";"25";"100";"3.1";"13.5";"6";"7.2";"2 | 0";"8";"100 | 35";"50 | 50";"";"0 | 0.5";"0 | 1.5";"0.8";"1";"0 | 0.5";"1 | 0";"";"50 | 0";"5 | 2.5";"1.5 | 5.5";"7.7";"25";"25"
"South Africa";"RSA";"Super League Women";"04-07-2026 07:30";"NS";"TUT Matsatsantsa W";"";"";"Ramatlaohle Ladies W";"";"";"";"";"5 | 6";"50 | 50";"";"68 | 51";"100";"";"4";"4";"2 | 1.5";"2 | 2.5";"75";"";"75";"50";"3.1";"";"";"";"1.5 | 1.5";"";"35 | 18";"50 | 50";"";"";"";"1.2";"1.5";"";"";"";"50 | 50";"";"";"7.7";"";""
"South Africa";"RSA";"Super League Women";"04-07-2026 10:30";"NS";"UWC Ladies";"";"";"Mamelodi Sundowns W";"";"";"";"";"";"";"";"";"";"";"";"";"";"";"";"";"";"";"";"";"";"";"";"";"";"";"";"";"";"";"";"";"";"";"";"";"";"";"";""
"South Africa";"RSA";"Super League Women";"04-07-2026 13:00";"NS";"First Touch W";"";"";"JVW W";"";"";"";"";"";"";"";"";"";"";"";"";"";"";"";"";"";"";"";"";"";"";"";"";"";"";"";"";"";"";"";"";"";"";"";"";"";"";"";""