"Country ";"Short";"League ";"Hour";"Status";"Home Team";"Result Home";"Result Visitor";"Visitor Team";"Casa | Fora";"Casa | Fora";"Global";"Global";"Global";"Global";"Global";"Global";"Global";"Global";"Casa | Fora";"Casa | Fora"
"World";"WOR";"World Cup";"04-07-2026 14:00";"NS";"Canada";"";"";"Morocco";"2.4 | 1.2";"1.9 | 2.2";"3.8";"2.6";"67";"46";"32";"21";"2.4";"3.6";"1.6 | 2.1";"2.2 | 1.2"
"World";"WOR";"World Cup";"04-07-2026 18:00";"NS";"Paraguay";"";"";"Winner Match 77";"";"";"";"";"";"";"";"";"";"";"";""
"Brazil";"BRA";"Serie B";"04-07-2026 16:00";"NS";"Criciúma";"";"";"Sport Recife";"2.1 | 2.7";"2 | 2.8";"4.8";"5.4";"85";"80";"60";"40";"5";"4.6";"2 | 2.6";"2.1 | 2.6"
"Brazil";"BRA";"Serie B";"04-07-2026 16:00";"NS";"Londrina";"";"";"CRB";"3 | 2.3";"3.1 | 3";"5.7";"5.4";"90";"80";"60";"60";"5";"5.4";"2.8 | 3";"2.7 | 2.3"
"Brazil";"BRA";"Serie B";"04-07-2026 16:00";"NS";"Novorizontino";"";"";"Atlético GO";"2 | 2.6";"2.8 | 2.3";"4.8";"5.4";"80";"80";"70";"40";"5";"4.6";"2.5 | 2.3";"2 | 2.4"
"Brazil";"BRA";"Serie B";"04-07-2026 20:00";"NS";"Goiás";"";"";"Ceará";"2.7 | 2.5";"2.5 | 2.2";"5";"5.4";"85";"80";"55";"40";"5";"4.4";"2.3 | 2";"2.5 | 2"
"China";"CHN";"League One";"04-07-2026 07:00";"NS";"Yanbian Longding";"";"";"Jiangxi Dingnan United";"1.9 | 2";"2.9 | 1.5";"4.2";"3.8";"85";"60";"50";"25";"3.7";"4";"2.7 | 1.5";"1.9 | 1.9"
"China";"CHN";"League One";"04-07-2026 08:00";"NS";"Shaanxi Union FC";"";"";"Wuxi Wugou";"1.7 | 1.9";"2 | 1.8";"3.7";"3.8";"75";"55";"35";"25";"3.7";"3.4";"2 | 1.6";"1.5 | 1.8"
"China";"CHN";"League One";"04-07-2026 08:00";"NS";"Suzhou Dongwu";"";"";"Guangzhou E-Power FC";"1.8 | 1.2";"2.3 | 2.6";"4";"3.8";"85";"60";"25";"10";"3.7";"4";"2.3 | 2.6";"1.8 | 1.2"
"China";"CHN";"League One";"04-07-2026 08:00";"NS";"Shenzhen Juniors FC";"";"";"Nantong Zhiyun";"1.8 | 2.5";"1.8 | 1.8";"4";"3.8";"80";"65";"30";"10";"3.7";"3.8";"1.7 | 1.8";"1.8 | 2.3"
"China";"CHN";"League One";"04-07-2026 08:00";"NS";"Shanghai Jiading Huilong";"";"";"Shijiazhuang Gongfu";"1.6 | 1.4";"0.9 | 2.2";"3";"3.8";"65";"40";"20";"15";"3.7";"2.8";"0.8 | 2.1";"1.6 | 1.2"
"Ecuador";"ECU";"Liga Pro";"04-07-2026 21:00";"NS";"Libertad";"";"";"Leones del Norte";"2.1 | 2.9";"1.8 | 2.4";"4.6";"5";"90";"85";"45";"20";"4.7";"4.4";"1.8 | 2.3";"2 | 2.7"
"Ecuador";"ECU";"Liga Pro";"04-07-2026 21:00";"NS";"Barcelona Guayaquil";"";"";"Deportivo Cuenca";"2.9 | 2.2";"2.4 | 2.7";"5.1";"5";"100";"95";"58";"21";"4.7";"4.8";"2.1 | 2.5";"2.7 | 2.2"
"Ecuador";"ECU";"Liga Pro";"04-07-2026 21:00";"NS";"Independiente del Valle";"";"";"Manta";"2.4 | 2.7";"2.8 | 1.7";"4.8";"5";"85";"75";"65";"25";"4.7";"4.6";"2.8 | 1.4";"2.3 | 2.6"
"Ecuador";"ECU";"Liga Pro";"04-07-2026 21:00";"NS";"Universidad Católica";"";"";"Mushuc Runa";"2.3 | 3.1";"2.9 | 3.2";"5.8";"5";"90";"85";"65";"50";"4.7";"5.2";"2.7 | 3";"2 | 2.8"
"Ecuador";"ECU";"Liga Pro";"04-07-2026 21:00";"NS";"Orense";"";"";"Técnico Universitario";"2.9 | 3.4";"2.8 | 2.8";"6";"5";"95";"95";"80";"50";"4.7";"5.4";"2.5 | 2.6";"2.8 | 2.8"
"Ecuador";"ECU";"Liga Pro";"04-07-2026 21:00";"NS";"Macará";"";"";"LDU Quito";"2.2 | 2.8";"2.1 | 2.1";"4.6";"5";"90";"70";"55";"35";"4.7";"4.5";"2.1 | 2";"2.1 | 2.8"
"Ecuador";"ECU";"Liga Pro";"04-07-2026 21:00";"NS";"Aucas";"";"";"Guayaquil City";"2.5 | 1.4";"2 | 2.5";"4.2";"5";"80";"60";"50";"15";"4.7";"3.8";"1.7 | 2.2";"2.4 | 1.4"
"Finland";"FIN";"Ykkönen";"04-07-2026 10:00";"NS";"SalPa";"";"";"VJS";"1.7 | 2.3";"2.2 | 1.9";"4";"3.9";"85";"60";"40";"30";"3.7";"3.8";"2.1 | 1.8";"1.6 | 2.2"
"Finland";"FIN";"Ykkönen";"04-07-2026 11:00";"NS";"KuPS Ak.";"";"";"Tampere United";"1.7 | 0.8";"1.8 | 1.3";"2.8";"3.9";"62";"41";"5";"5";"3.7";"2.8";"1.7 | 1.3";"1.7 | 0.8"
"Finland";"FIN";"Ykkönen";"04-07-2026 12:00";"NS";"OLS";"";"";"Inter Turku II";"1.7 | 2.8";"1.9 | 2.5";"4.4";"3.9";"84";"78";"56";"31";"3.7";"4.2";"1.8 | 2.5";"1.7 | 2.4"
"South Korea";"KOR";"K League 1";"04-07-2026 07:30";"NS";"Anyang";"";"";"Pohang Steelers";"2.2 | 1.4";"2.4 | 2.3";"4.2";"4.2";"85";"65";"35";"25";"4";"4";"2.3 | 2.2";"2 | 1.4"
"South Korea";"KOR";"K League 1";"04-07-2026 07:30";"NS";"Daejeon Citizen";"";"";"Bucheon 1995";"1.4 | 2";"2.2 | 2.1";"3.8";"4.2";"85";"55";"30";"20";"4";"3.6";"2.2 | 2";"1.3 | 1.8"
"South Korea";"KOR";"K League 1";"04-07-2026 07:30";"NS";"Jeonbuk Motors";"";"";"Gangwon";"1.8 | 3.3";"2.4 | 1.7";"4.6";"4.2";"80";"70";"60";"30";"4";"4.4";"2.3 | 1.5";"1.8 | 3.2"
"Sweden";"SWE";"Allsvenskan";"04-07-2026 10:00";"NS";"Halmstad";"";"";"Västerås SK";"1.3 | 0.9";"1.6 | 2.1";"3";"3.7";"50";"35";"25";"5";"3.6";"2.9";"1.5 | 2.1";"1.3 | 0.9"
"Sweden";"SWE";"Allsvenskan";"04-07-2026 10:00";"NS";"Degerfors";"";"";"Malmö FF";"2 | 1.4";"1.7 | 1.7";"3.4";"3.7";"70";"50";"20";"15";"3.6";"3.4";"1.7 | 1.7";"2 | 1.4"
"Uruguay";"URU";"Segunda Division";"04-07-2026 14:00";"NS";"Rentistas";"";"";"Paysandu FC";"3 | 4.2";"3.2 | 3.7";"7";"6.8";"100";"100";"78";"62";"6.4";"6.8";"3.1 | 3.6";"2.9 | 4.1"
"Uruguay";"URU";"Segunda Division";"04-07-2026 17:00";"NS";"Plaza Colonia";"";"";"La Luz";"3.9 | 2.7";"3.7 | 2.7";"6.5";"6.8";"90";"85";"75";"55";"6.4";"6.2";"3.7 | 2.4";"3.7 | 2.5"
"Uruguay";"URU";"Segunda Division";"04-07-2026 20:00";"NS";"Oriental";"";"";"River Plate";"2.6 | 2.3";"2.8 | 3.4";"5.6";"6.8";"100";"85";"60";"45";"6.4";"5.4";"2.8 | 3.3";"2.5 | 2.1"
"Venezuela";"VEN";"Copa Venezuela";"04-07-2026 21:00";"NS";"Atlético Ávila";"";"";"Marítimo";"3.1 | 3.9";"3.6 | 3.8";"7.2";"";"100";"95";"95";"80";"";"6.9";"3.4 | 3.6";"3 | 3.8"
"Venezuela";"VEN";"Copa Venezuela";"04-07-2026 21:00";"NS";"Academia Anzoátegui";"";"";"Deportivo Miranda FC";"2.7 | 2.7";"4 | 3.9";"6.6";"";"100";"90";"80";"65";"";"6.2";"3.9 | 3.6";"2.4 | 2.4"
"Venezuela";"VEN";"Copa Venezuela";"04-07-2026 21:00";"NS";"Yaracuyanos";"";"";"Aragua";"3.1 | 3.4";"3.1 | 3.8";"6.7";"";"95";"90";"90";"80";"";"6.5";"3 | 3.8";"2.9 | 3.3"
"Venezuela";"VEN";"Copa Venezuela";"04-07-2026 21:00";"NS";"Fundación Lara Deportiva";"";"";"Caracas";"3.7 | 2.5";"3.8 | 2";"6";"";"95";"85";"75";"60";"";"5.7";"3.5 | 1.9";"3.6 | 2.4"
"Venezuela";"VEN";"Copa Venezuela";"04-07-2026 21:00";"NS";"Monagas";"";"";"Bolívar SC";"2.3 | 4.2";"2.6 | 3.1";"6.1";"";"94";"89";"84";"67";"";"5.7";"2.6 | 3";"2.1 | 3.7"
"Venezuela";"VEN";"Copa Venezuela";"04-07-2026 21:00";"NS";"Dinamo Puerto La Cruz";"";"";"Mineros de Guayana";"3.7 | 3";"3.6 | 3.2";"6.7";"";"100";"100";"95";"74";"";"6.6";"3.6 | 3";"3.7 | 3"
"Venezuela";"VEN";"Copa Venezuela";"04-07-2026 21:00";"NS";"Atlético Barinas";"";"";"Atlético El Vigía";"1.9 | 2.4";"2.8 | 2.8";"5";"";"79";"74";"64";"53";"";"4.8";"2.7 | 2.7";"1.9 | 2.2"
"Venezuela";"VEN";"Copa Venezuela";"04-07-2026 21:00";"NS";"Real Frontera";"";"";"Zamora Fútbol Club";"3.7 | 3.6";"2.1 | 3";"6.2";"";"95";"95";"85";"65";"";"6";"2.1 | 2.9";"3.4 | 3.5"
"Venezuela";"VEN";"Copa Venezuela";"04-07-2026 21:00";"NS";"Deportivo Lara";"";"";"Trujillanos";"3 | 3.1";"2.5 | 3";"5.8";"";"95";"85";"70";"50";"";"5.6";"2.5 | 2.9";"2.9 | 3"
"Venezuela";"VEN";"Copa Venezuela";"04-07-2026 21:00";"NS";"Ureña";"";"";"Rayo Zuliano";"1.7 | 3.2";"3 | 2.8";"5.4";"";"84";"74";"62";"57";"";"5";"2.6 | 2.8";"1.7 | 3"
"Argentina";"ARG";"Torneo Promocional Amateur";"04-07-2026 15:30";"NS";"Deportivo Metalúrgico";"";"";"SAT Moreno";"1.8 | 1.7";"4 | 4";"5.8";"6.2";"100";"88";"88";"58";"5.7";"5.1";"3.5 | 3.7";"1.8 | 1.3"
"Argentina";"ARG";"Torneo Promocional Amateur";"04-07-2026 15:30";"NS";"Estrella de Berisso";"";"";"Juventud de Bernal";"4 | 3.8";"1.7 | 2";"5.8";"6.2";"100";"100";"54";"42";"5.7";"5.4";"1.7 | 2";"3.7 | 3.5"
"Argentina";"ARG";"Torneo Promocional Amateur";"04-07-2026 15:30";"NS";"Provincial Lobos";"";"";"Náutico Hacoaj";"2.3 | 2";"2.7 | 2.3";"4.6";"6.2";"100";"84";"50";"33";"5.7";"4.4";"2.7 | 2";"2.3 | 1.7"
"Argentina";"ARG";"Torneo Promocional Amateur";"04-07-2026 15:30";"NS";"Defensores Glew";"";"";"Atlético Pilar";"3.5 | 3.7";"2 | 2.7";"5.9";"6.2";"100";"100";"100";"58";"5.7";"5.6";"2 | 2.7";"3 | 3.7"
"Canada";"CAN";"Premier League";"04-07-2026 16:00";"NS";"Atlético Ottawa";"";"";"Cavalry";"1.6 | 2";"1.9 | 2.5";"4";"4.2";"85";"60";"40";"15";"4";"3.8";"1.8 | 2.3";"1.5 | 2"
"Canada";"CAN";"Premier League";"04-07-2026 19:00";"NS";"Vancouver FC";"";"";"Inter Toronto FC";"1.5 | 2.8";"2.8 | 1.9";"4.5";"4.2";"95";"70";"50";"25";"4";"4.3";"2.6 | 1.7";"1.5 | 2.8"
"Chile";"CHI";"Chilean Cup";"04-07-2026 16:00";"NS";"Magallanes";"";"";"Palestino";"3.6 | 2.7";"2.7 | 2.1";"5.6";"4.5";"95";"80";"65";"55";"4.3";"5.1";"2.5 | 2";"3.3 | 2.4"
"Chile";"CHI";"Chilean Cup";"04-07-2026 16:00";"NS";"Unión San Felipe";"";"";"Unión La Calera";"1.8 | 2.2";"1.6 | 2.8";"4.2";"4.5";"85";"60";"35";"25";"4.3";"3.8";"1.5 | 2.7";"1.6 | 1.9"
"Chile";"CHI";"Chilean Cup";"04-07-2026 17:00";"NS";"San Luis";"";"";"Everton";"2.3 | 2.6";"2.2 | 3.6";"5.4";"4.5";"90";"75";"65";"40";"4.3";"5.1";"2.1 | 3.5";"2.1 | 2.5"
"Chile";"CHI";"Chilean Cup";"04-07-2026 19:00";"NS";"Deportes Iquique";"";"";"Coquimbo Unido";"2 | 2.5";"2 | 2";"4.2";"4.5";"75";"70";"40";"25";"4.3";"4";"2 | 1.6";"1.9 | 2.4"
"Chile";"CHI";"Chilean Cup";"04-07-2026 21:30";"NS";"Universidad Católica";"";"";"Copiapó";"2.3 | 2.9";"2.9 | 2.2";"5.2";"4.5";"95";"75";"60";"45";"4.3";"4.5";"2.3 | 2.1";"2.2 | 2.4"
"Chile";"CHI";"Segunda División";"04-07-2026 17:00";"NS";"Provincial Osorno";"";"";"General Velásquez";"1.9 | 4";"3.6 | 3.4";"6.4";"6.6";"90";"90";"90";"60";"5.8";"5.7";"3.2 | 3";"1.9 | 3.3"
"Chile";"CHI";"Segunda División";"04-07-2026 17:00";"NS";"Provincial Ovalle";"";"";"Colina";"2.3 | 3.3";"2.8 | 2.8";"5.6";"6.6";"95";"80";"65";"50";"5.8";"5.1";"2.7 | 2.4";"2.1 | 3"
"Chile";"CHI";"Segunda División";"04-07-2026 18:00";"NS";"Deportes Rengo";"";"";"Santiago Morning";"3 | 3.9";"2.9 | 2.9";"6.4";"6.6";"95";"90";"80";"55";"5.8";"5.8";"2.7 | 2.8";"2.8 | 3.3"
"Cape Verde";"CPV";"Campeonato Nacional";"04-07-2026 13:30";"NS";"Winner Semi-final 1";"";"";"Winner Semi-final 2";"";"";"";"";"";"";"";"";"";"";"";""
"Europe";"EUR";"Euro U19";"04-07-2026 10:00";"NS";"Spain U19";"";"";"Germany U19";"2.1 | 2";"2.5 | 1.7";"4.2";"";"75";"55";"35";"30";"";"4.2";"2.5 | 1.7";"2.1 | 2"
"Europe";"EUR";"Euro U19";"04-07-2026 10:00";"NS";"Denmark U19";"";"";"Wales U19";"1.6 | 1.4";"3 | 0.7";"3.4";"";"66";"43";"25";"19";"";"3.3";"3 | 0.7";"1.6 | 1.3"
"Republic of Ireland";"IRL";"First Division";"04-07-2026 15:30";"NS";"Longford Town";"";"";"UCD";"2.1 | 2";"2.1 | 2.4";"4.3";"5";"85";"70";"50";"20";"4.8";"4.1";"2.1 | 2.3";"1.9 | 1.9"
"United States";"USA";"NWSL";"04-07-2026 19:30";"NS";"North Carolina Courage W";"";"";"Seattle Reign W";"1.4 | 1.2";"1.4 | 1.2";"2.6";"2.8";"50";"30";"10";"0";"2.6";"2.4";"1.4 | 1";"1.2 | 1.2"
"United States";"USA";"NWSL";"04-07-2026 21:45";"NS";"San Diego Wave W";"";"";"Gotham FC W";"1.4 | 0.7";"2.1 | 0.9";"2.6";"2.8";"54";"27";"16";"6";"2.6";"2.6";"2.1 | 0.9";"1.4 | 0.7"
"Argentina";"ARG";"Primera B Nacional";"04-07-2026 15:00";"NS";"Colegiales";"";"";"Gimnasia y Tiro de Salta";"1.3 | 2.7";"2 | 2";"4";"5.2";"65";"60";"45";"30";"4.9";"3.7";"1.6 | 1.9";"1.3 | 2.6"
"Argentina";"ARG";"Primera B Nacional";"04-07-2026 15:30";"NS";"Nueva Chicago";"";"";"Güemes";"3.2 | 2.8";"2.2 | 1.4";"4.8";"5.2";"79";"69";"58";"43";"4.9";"4.6";"2.2 | 1.4";"3.1 | 2.4"
"Argentina";"ARG";"Primera B Nacional";"04-07-2026 15:30";"NS";"Temperley";"";"";"Tristán Suárez";"2.9 | 2.2";"2.4 | 2.1";"4.8";"5.2";"80";"75";"50";"40";"4.9";"4.5";"2.3 | 1.9";"2.8 | 2"
"Argentina";"ARG";"Primera B Nacional";"04-07-2026 15:30";"NS";"Almagro";"";"";"Atlético Rafaela";"2.6 | 2.9";"2.1 | 1.3";"4.4";"5.2";"70";"64";"42";"42";"4.9";"4.2";"2.1 | 1.3";"2.5 | 2.6"
"Argentina";"ARG";"Primera B Nacional";"04-07-2026 15:30";"NS";"Defensores de Belgrano";"";"";"Deportivo Morón";"2 | 3.2";"3.1 | 3.6";"5.9";"5.2";"95";"80";"65";"60";"4.9";"5.4";"3 | 3.1";"1.7 | 3"
"Argentina";"ARG";"Primera B Nacional";"04-07-2026 15:30";"NS";"Almirante Brown";"";"";"Los Andes";"1.7 | 3";"2.8 | 3.4";"5.4";"5.2";"90";"80";"75";"40";"4.9";"5.2";"2.7 | 3.4";"1.6 | 2.7"
"Argentina";"ARG";"Primera B Nacional";"04-07-2026 16:00";"NS";"Ciudad de Bolívar";"";"";"Godoy Cruz";"2.6 | 2.8";"1.5 | 3.1";"5";"5.2";"90";"70";"60";"30";"4.9";"4.8";"1.5 | 2.9";"2.5 | 2.7"
"Argentina";"ARG";"Primera B Nacional";"04-07-2026 18:00";"NS";"Quilmes Atlético Club";"";"";"Atlanta";"1.4 | 2";"2.1 | 2.4";"4";"5.2";"65";"55";"50";"20";"4.9";"3.7";"2 | 2.1";"1.4 | 1.9"
"Argentina";"ARG";"Primera C";"04-07-2026 13:00";"NS";"Lugano";"";"";"JJ Urquiza";"4.1 | 3.6";"3.3 | 3.2";"7.1";"6.4";"95";"90";"85";"70";"5.8";"6.5";"3.1 | 3";"3.8 | 3.1"
"Argentina";"ARG";"Primera C";"04-07-2026 15:00";"NS";"Leones de Rosario";"";"";"Central Ballester";"2.1 | 3.4";"2.7 | 2.2";"5.2";"6.4";"94";"73";"62";"41";"5.8";"4.6";"2.3 | 2.1";"1.9 | 3"
"Argentina";"ARG";"Primera C";"04-07-2026 15:00";"NS";"Luján";"";"";"Fénix";"2.6 | 3.4";"2.9 | 2.9";"5.8";"6.4";"84";"74";"57";"52";"5.8";"5.5";"2.4 | 2.8";"2.4 | 3.3"
"Argentina";"ARG";"Primera C";"04-07-2026 15:00";"NS";"Argentino Rosario";"";"";"Defensores de Cambaceres";"3.4 | 3.5";"4.2 | 2.8";"7";"6.4";"95";"95";"90";"64";"5.8";"6.4";"3.9 | 2.8";"3 | 3"
"Argentina";"ARG";"Primera C";"04-07-2026 15:00";"NS";"Estrella del Sur";"";"";"Leandro Nicéforo Alem";"4 | 3.5";"4.5 | 3.5";"7.8";"6.4";"100";"100";"100";"75";"5.8";"6.7";"4.1 | 3";"3.4 | 2.9"
"Argentina";"ARG";"Primera B Metropolitana";"04-07-2026 13:00";"NS";"Deportivo Merlo";"";"";"Villa Dálmine";"3.2 | 2.6";"2.1 | 2.4";"5.2";"5.9";"80";"70";"60";"40";"5.5";"4.9";"2 | 2.2";"3.1 | 2.5"
"Argentina";"ARG";"Primera B Metropolitana";"04-07-2026 14:30";"NS";"Ituzaingó";"";"";"Villa San Carlos";"3.5 | 3.3";"3.8 | 2.9";"6.8";"5.9";"100";"90";"80";"70";"5.5";"6";"3.5 | 2.6";"2.8 | 3.2"
"Argentina";"ARG";"Primera B Metropolitana";"04-07-2026 15:00";"NS";"Flandria";"";"";"Deportivo Laferrere";"2.9 | 2.9";"1.8 | 2.4";"5";"5.9";"95";"70";"55";"45";"5.5";"4.7";"1.8 | 2.3";"2.8 | 2.5"
"Argentina";"ARG";"Primera B Metropolitana";"04-07-2026 15:00";"NS";"Comunicaciones";"";"";"Arsenal de Sarandí";"3 | 3.8";"2.4 | 4.3";"6.8";"5.9";"95";"85";"80";"80";"5.5";"6.1";"1.9 | 4";"2.8 | 3.4"
"Argentina";"ARG";"Primera B Metropolitana";"04-07-2026 15:00";"NS";"Dock Sud";"";"";"Excursionistas";"2.6 | 2.3";"2.7 | 2.6";"5.1";"5.9";"85";"75";"45";"40";"5.5";"4.8";"2.5 | 2.6";"2.4 | 2.2"
"Argentina";"ARG";"Primera B Metropolitana";"04-07-2026 15:00";"NS";"Deportivo Camioneros";"";"";"UAI Urquiza";"2.7 | 2.6";"3.3 | 2.1";"5.4";"5.9";"85";"65";"55";"55";"5.5";"4.9";"2.9 | 1.9";"2.6 | 2.4"
"Argentina";"ARG";"Primera B Metropolitana";"04-07-2026 15:30";"NS";"Deportivo Armenio";"";"";"Brown de Adrogué";"2.1 | 2";"3.8 | 2.2";"5.1";"5.9";"90";"80";"65";"50";"5.5";"4.8";"3.6 | 2.1";"2.1 | 1.8"
"Argentina";"ARG";"Copa Santa Fe";"04-07-2026 15:30";"NS";"Ciclón Racing";"";"";"Colón San Justo";"";"";"";"";"";"";"";"";"";"";"";""
"Australia";"AUS";"Queensland Premier League 3 Metro";"04-07-2026 05:00";"NS";"Yeronga Eagles";"";"";"Springfield United";"0.9 | 1.3";"2.2 | 1.5";"3";"3.7";"50";"28";"21";"14";"3.5";"2.8";"2 | 1.5";"0.8 | 1.2"
"Australia";"AUS";"Queensland Premier League 3 Metro";"04-07-2026 05:15";"NS";"Newmarket";"";"";"AC Carina";"2 | 2.2";"1.5 | 2.5";"4.2";"3.7";"72";"48";"48";"25";"3.5";"3.9";"1.3 | 2.5";"1.8 | 2.1"
"Australia";"AUS";"Queensland Premier League 3 Metro";"04-07-2026 06:00";"NS";"North Lakes United";"";"";"North Brisbane";"1.6 | 2.9";"2 | 0.6";"3.6";"3.7";"90";"42";"16";"6";"3.5";"3.4";"2 | 0.5";"1.6 | 2.6"
"Australia";"AUS";"Capital Territory";"04-07-2026 02:00";"NS";"Canberra White Eagles";"";"";"Cooma Tigers";"1.9 | 2.1";"1.4 | 2.2";"3.8";"3.7";"75";"50";"35";"20";"3.5";"3.5";"1.4 | 1.9";"1.7 | 2"
"Australia";"AUS";"Capital Territory";"04-07-2026 02:00";"NS";"Queanbeyan City";"";"";"Tuggeranong United";"2.1 | 0.5";"1.8 | 1.1";"2.8";"3.7";"60";"20";"15";"10";"3.5";"2.6";"1.8 | 0.9";"2 | 0.5"
"Australia";"AUS";"Capital Territory";"04-07-2026 03:30";"NS";"Belconnen United";"";"";"Gungahlin Juventus";"1.8 | 1.8";"1.5 | 3.5";"4.3";"3.7";"80";"55";"35";"25";"3.5";"4.2";"1.5 | 3.2";"1.8 | 1.8"
"Australia";"AUS";"Capital Territory";"04-07-2026 04:45";"NS";"Monaro Panthers";"";"";"Brindabella Blues";"2.2 | 1.9";"1.2 | 1";"3.2";"3.7";"65";"50";"25";"15";"3.5";"2.8";"1.2 | 1";"1.9 | 1.6"
"Australia";"AUS";"New South Wales";"04-07-2026 02:00";"NS";"University of NSW";"";"";"Sydney II";"3 | 1.9";"1.7 | 1.4";"4";"3.7";"65";"50";"35";"20";"3.5";"3.6";"1.7 | 1.2";"2.6 | 1.7"
"Australia";"AUS";"New South Wales";"04-07-2026 02:00";"NS";"Western Sydney W. II";"";"";"Sydney Olympic";"0.8 | 2.4";"2 | 1.3";"3.3";"3.7";"53";"43";"33";"22";"3.5";"3.1";"1.8 | 1.3";"0.8 | 2.2"
"Australia";"AUS";"New South Wales";"04-07-2026 04:00";"NS";"Manly United";"";"";"SD Raiders";"2 | 3";"1.7 | 2.7";"4.7";"3.7";"80";"69";"48";"44";"3.5";"4.5";"1.7 | 2.4";"2 | 2.9"
"Australia";"AUS";"New South Wales";"04-07-2026 04:30";"NS";"Sutherland Sharks";"";"";"APIA Leichhardt Tigers";"1.1 | 1.4";"1.2 | 1.8";"2.8";"3.7";"58";"27";"16";"11";"3.5";"2.8";"1.2 | 1.8";"1.1 | 1.4"
"Australia";"AUS";"Npl Western Australia";"04-07-2026 04:00";"NS";"Perth Glory II";"";"";"Balcatta";"2 | 1.8";"1.3 | 1.6";"3.3";"3.7";"68";"42";"26";"16";"3.5";"3.2";"1.3 | 1.4";"1.9 | 1.7"
"Australia";"AUS";"Npl Western Australia";"04-07-2026 04:00";"NS";"Stirling Lions";"";"";"Perth RedStar";"2.1 | 0.8";"2.3 | 1.7";"3.4";"3.7";"67";"41";"31";"10";"3.5";"3.2";"2.2 | 1.7";"1.9 | 0.8"
"Australia";"AUS";"Npl Western Australia";"04-07-2026 04:00";"NS";"Fremantle City";"";"";"Bayswater City";"1.3 | 1.6";"1.3 | 1.7";"3";"3.7";"50";"33";"33";"0";"3.5";"2.7";"1.3 | 1.2";"1.2 | 1.6"
"Australia";"AUS";"Npl Western Australia";"04-07-2026 04:00";"NS";"Western Knights";"";"";"Sorrento";"2.1 | 1.1";"2 | 1.8";"3.5";"3.7";"85";"45";"20";"10";"3.5";"3.4";"2 | 1.6";"2 | 1.1"
"Australia";"AUS";"Npl Western Australia";"04-07-2026 04:00";"NS";"Armadale";"";"";"Olympic Kingsway";"1.9 | 1.7";"1.2 | 1.7";"3.2";"3.7";"64";"42";"32";"10";"3.5";"2.8";"1.1 | 1.4";"1.6 | 1.6"
"Australia";"AUS";"Npl Western Australia";"04-07-2026 04:00";"NS";"Dianella White Eagles";"";"";"Perth";"2.5 | 1.7";"1.2 | 2.4";"4";"3.7";"82";"61";"39";"11";"3.5";"3.7";"1.2 | 2.3";"2.2 | 1.6"
"Australia";"AUS";"Npl Tasmania";"04-07-2026 01:30";"NS";"Devonport City";"";"";"Riverside Olympic";"2.3 | 1.9";"2.4 | 1.1";"3.8";"3.5";"78";"60";"32";"20";"3.4";"3.8";"2.4 | 1";"2.3 | 1.9"
"Australia";"AUS";"Npl Tasmania";"04-07-2026 01:30";"NS";"Ulverstone";"";"";"Kingborough Lions";"1.8 | 2";"1.2 | 2.7";"3.8";"3.5";"65";"52";"34";"34";"3.4";"3.8";"1.2 | 2.7";"1.8 | 2"
"Australia";"AUS";"Npl Tasmania";"04-07-2026 03:45";"NS";"Launceston City";"";"";"Launceston United";"1.3 | 1.4";"2.1 | 1.1";"3";"3.5";"67";"39";"11";"11";"3.4";"2.8";"2.1 | 1";"1.3 | 1.3"
"Australia";"AUS";"Npl Tasmania";"04-07-2026 03:45";"NS";"Glenorchy Knights";"";"";"Clarence Zebras";"1.6 | 1.3";"1.6 | 2.2";"3.4";"3.5";"71";"40";"17";"12";"3.4";"3.2";"1.6 | 2.1";"1.5 | 1.3"
"Australia";"AUS";"Npl Queensland";"04-07-2026 03:15";"NS";"Gold Coast Knights";"";"";"Moreton City Excelsior";"1.1 | 1.3";"2.4 | 1.9";"3.4";"3.9";"56";"46";"29";"11";"3.7";"3.3";"2.2 | 1.9";"1.1 | 1.3"
"Australia";"AUS";"Npl Queensland";"04-07-2026 06:00";"NS";"Eastern Suburbs Brisbane";"";"";"Peninsula Power";"1.4 | 1.5";"0.6 | 1.5";"2.5";"3.9";"40";"25";"15";"0";"3.7";"2.4";"0.6 | 1.3";"1.4 | 1.5"
"Australia";"AUS";"Npl Queensland";"04-07-2026 06:30";"NS";"Queensland Lions";"";"";"Olympic FC Brisbane";"1 | 1.6";"1.6 | 1.3";"2.8";"3.9";"60";"35";"10";"0";"3.7";"2.6";"1.4 | 1.3";"1 | 1.6"
"Australia";"AUS";"Npl South Australian";"04-07-2026 02:00";"NS";"Adelaide City";"";"";"Para Hills Knights";"2.3 | 0.8";"2.7 | 0.3";"3";"3.6";"40";"35";"25";"20";"3.5";"2.8";"2.6 | 0.3";"2.2 | 0.6"
"Australia";"AUS";"Npl South Australian";"04-07-2026 02:30";"NS";"Adelaide United ||";"";"";"Campbelltown City";"2.1 | 1.7";"1 | 1.5";"3.2";"3.6";"50";"35";"25";"20";"3.5";"3";"1 | 1.5";"1.9 | 1.5"
"Australia";"AUS";"Npl South Australian";"04-07-2026 02:30";"NS";"Sturt Lions";"";"";"Playford City Patriots";"1.6 | 1.5";"2.1 | 1.4";"3.3";"3.6";"65";"40";"20";"15";"3.5";"3.2";"2 | 1.3";"1.6 | 1.5"
"Australia";"AUS";"Npl South Australian";"04-07-2026 04:30";"NS";"White City Woodville";"";"";"West Adelaide";"2.1 | 1.5";"2.5 | 1.7";"3.9";"3.6";"65";"55";"45";"25";"3.5";"3.8";"2.3 | 1.6";"2.1 | 1.5"
"Australia";"AUS";"Npl South Australian";"04-07-2026 06:45";"NS";"NE MetroStars";"";"";"West Torrens Birkalla";"1.4 | 1.6";"1.9 | 2.3";"3.6";"3.6";"65";"50";"35";"20";"3.5";"3.6";"1.9 | 2.2";"1.4 | 1.6"
"Australia";"AUS";"Npl Victoria";"04-07-2026 01:00";"NS";"Hume City";"";"";"Dandenong City";"1.2 | 1.9";"1.1 | 1.4";"2.8";"3.5";"63";"31";"10";"10";"3.4";"2.8";"1.1 | 1.4";"1.2 | 1.8"
"Australia";"AUS";"Npl Victoria";"04-07-2026 02:00";"NS";"Avondale Heights";"";"";"Preston Lions";"1.4 | 1.4";"1.3 | 1.8";"3";"3.5";"58";"47";"20";"5";"3.4";"2.8";"1.2 | 1.8";"1.4 | 1.2"
"Australia";"AUS";"Npl Victoria";"04-07-2026 02:15";"NS";"Altona Magic";"";"";"Melbourne City II";"2.1 | 1.3";"1.7 | 2.2";"3.6";"3.5";"70";"40";"25";"20";"3.4";"3.6";"1.6 | 2.2";"2 | 1.3"
"Australia";"AUS";"Npl Victoria";"04-07-2026 05:00";"NS";"Caroline Springs George Cross FC";"";"";"Oakleigh Cannons";"1.2 | 1.4";"1.5 | 1.5";"2.8";"3.5";"50";"35";"20";"15";"3.4";"2.8";"1.5 | 1.5";"1.2 | 1.4"
"Australia";"AUS";"Victoria NPL Youth League";"04-07-2026 00:00";"NS";"Altona Magic U23";"";"";"Melbourne City FC U23";"2.3 | 0.8";"2 | 1.7";"3.4";"3.7";"56";"38";"28";"20";"3.4";"3.3";"2 | 1.7";"2.1 | 0.8"
"Australia";"AUS";"Victoria NPL Youth League";"04-07-2026 02:00";"NS";"Bentleigh Greens U23";"";"";"Green Gully U23";"1.8 | 2.4";"2.6 | 1.6";"4.2";"3.7";"64";"59";"47";"36";"3.4";"3.8";"2.4 | 1.4";"1.5 | 2.3"
"Australia";"AUS";"Victoria NPL Youth League";"04-07-2026 02:45";"NS";"George Cross U23";"";"";"Oakleigh Cannons U23";"2.2 | 1.9";"1.7 | 1.1";"3.4";"3.7";"65";"44";"39";"10";"3.4";"3.2";"1.5 | 1.1";"2 | 1.8"
"Australia";"AUS";"Victoria NPL Youth League";"04-07-2026 03:15";"NS";"Hume City U23";"";"";"Dandenong City U23";"2 | 2.3";"1.2 | 1.6";"3.6";"3.7";"80";"40";"24";"7";"3.4";"3.5";"1.2 | 1.6";"1.9 | 2.3"
"Australia";"AUS";"Victoria NPL Youth League";"04-07-2026 21:15";"NS";"Avondale U23";"";"";"Preston Lions U23";"0.9 | 1.6";"1.1 | 2.4";"3";"3.7";"48";"29";"29";"24";"3.4";"3";"1.1 | 2.4";"0.9 | 1.4"
"Australia";"AUS";"Victoria NPL Youth League";"04-07-2026 23:30";"NS";"South Melbourne U23";"";"";"Dandenong Thunder U23";"1.8 | 1.8";"2.1 | 2.1";"3.9";"3.7";"68";"61";"45";"28";"3.4";"3.6";"2 | 1.7";"1.8 | 1.8"
"Australia";"AUS";"Brisbane Reserves Premier League";"04-07-2026 03:00";"NS";"Newmarket U23";"";"";"Carina U23";"";"";"";"0";"";"";"";"";"0";"";"";""
"Australia";"AUS";"Brisbane Reserves Premier League";"04-07-2026 03:00";"NS";"Yeronga Eagles U23";"";"";"Springfield United U23";"";"";"";"0";"";"";"";"";"0";"";"";""
"Australia";"AUS";"Brisbane Reserves Premier League";"04-07-2026 04:00";"NS";"North Lakes United U23";"";"";"North Brisbane U23";"";"";"";"0";"";"";"";"";"0";"";"";""
"Australia";"AUS";"Victoria Premier League 2";"04-07-2026 02:00";"NS";"North Sunshine Eagles";"";"";"Manningham United Blues";"1.8 | 2.4";"2 | 1.7";"4";"4";"64";"53";"36";"20";"3.8";"3.9";"2 | 1.7";"1.8 | 2.3"
"Australia";"AUS";"Victoria Premier League 2";"04-07-2026 02:00";"NS";"Langwarrin";"";"";"Eltham Redbacks";"1.8 | 1.6";"1.8 | 1.7";"3.4";"4";"50";"40";"40";"25";"3.8";"3.2";"1.6 | 1.7";"1.7 | 1.5"
"Australia";"AUS";"Victoria Premier League 2";"04-07-2026 04:00";"NS";"North Geelong Warriors";"";"";"Port Melbourne";"2.8 | 1.6";"2.3 | 1.1";"3.9";"4";"67";"51";"40";"26";"3.8";"3.4";"2.1 | 0.9";"2.5 | 1.3"
"Australia";"AUS";"Western Australia State League 1";"04-07-2026 04:00";"NS";"Mandurah City";"";"";"Gwelup Croatia SC";"3.2 | 2.8";"1.2 | 2.2";"4.7";"4.3";"80";"54";"54";"45";"4";"4.4";"1.2 | 2.2";"3 | 2.3"
"Australia";"AUS";"Western Australia State League 1";"04-07-2026 04:00";"NS";"Joondalup City";"";"";"Quinns";"2 | 2.3";"1.4 | 1.8";"3.8";"4.3";"72";"54";"36";"26";"4";"3.2";"1.4 | 1.2";"1.8 | 2.2"
"Australia";"AUS";"Western Australia State League 1";"04-07-2026 04:00";"NS";"Kingsley";"";"";"UWA Nedlands";"1.7 | 1.3";"1.9 | 2.3";"3.6";"4.3";"72";"47";"42";"14";"4";"3.4";"1.8 | 2.3";"1.6 | 1.2"
"Australia";"AUS";"Western Australia State League 1";"04-07-2026 04:00";"NS";"Murdoch Uni Melville";"";"";"Floreat Athena";"2.5 | 1";"2 | 1.3";"3.4";"4.3";"56";"34";"28";"19";"4";"3";"1.6 | 1";"2.4 | 1"
"Australia";"AUS";"Western Australia State League 1";"04-07-2026 04:00";"NS";"Inglewood United";"";"";"Subiaco";"2.9 | 1.4";"2 | 2.5";"4.4";"4.3";"68";"62";"56";"32";"4";"4";"1.9 | 2.2";"2.6 | 1.4"
"Australia";"AUS";"Western Australia State League 1";"04-07-2026 04:00";"NS";"Curtin University";"";"";"Cockburn City";"1.6 | 1.9";"2 | 2.6";"4";"4.3";"72";"50";"36";"22";"4";"3.8";"2 | 2.4";"1.4 | 1.7"
"Australia";"AUS";"South Australia State League 1";"04-07-2026 02:30";"NS";"Adelaide Blue Eagles";"";"";"South Adelaide Panthers";"2.4 | 1";"3.1 | 2";"4.2";"3.6";"75";"55";"35";"25";"3.4";"4";"2.9 | 2";"2.2 | 1"
"Australia";"AUS";"South Australia State League 1";"04-07-2026 02:30";"NS";"Adelaide Cobras";"";"";"Fulham United";"1.2 | 1.6";"2 | 1.5";"3.2";"3.6";"80";"40";"15";"5";"3.4";"3";"2 | 1.5";"1.2 | 1.4"
"Australia";"AUS";"South Australia State League 1";"04-07-2026 04:30";"NS";"The Cove";"";"";"Adelaide Atletico";"2.1 | 2.6";"2.2 | 1.7";"4.3";"3.6";"80";"70";"45";"30";"3.4";"4.2";"2.2 | 1.7";"2 | 2.5"
"Australia";"AUS";"South Australia State League 1";"04-07-2026 06:30";"NS";"Cumberland United";"";"";"Adelaide Raiders";"1.5 | 2";"1.5 | 1.4";"3.2";"3.6";"55";"40";"25";"15";"3.4";"3.1";"1.5 | 1.3";"1.5 | 1.9"
"Australia";"AUS";"South Australia Reserves Premier League";"04-07-2026 00:00";"NS";"Sturt Lions Res.";"";"";"Playford City Res.";"1.8 | 1.3";"2.2 | 0.8";"3.1";"3.6";"48";"42";"28";"12";"3.4";"2.8";"1.9 | 0.8";"1.8 | 1.2"
"Australia";"AUS";"South Australia Reserves Premier League";"04-07-2026 00:15";"NS";"Adelaide United Res.";"";"";"Campbelltown City Res.";"1.5 | 1.6";"2.2 | 2";"3.7";"3.6";"62";"50";"38";"18";"3.4";"3.6";"2.2 | 2";"1.2 | 1.6"
"Australia";"AUS";"South Australia Reserves Premier League";"04-07-2026 01:45";"NS";"MetroStars Res.";"";"";"West Torrens Res.";"0.6 | 1.8";"1.1 | 1.2";"2.4";"3.6";"42";"36";"11";"0";"3.4";"2.3";"1.1 | 1.1";"0.6 | 1.8"
"Australia";"AUS";"South Australia Reserves Premier League";"04-07-2026 02:15";"NS";"Beograd Res.";"";"";"West Adelaide Res.";"1.6 | 1.5";"1.1 | 2";"3.2";"3.6";"58";"44";"22";"22";"3.4";"3";"1.1 | 1.8";"1.6 | 1.3"
"Australia";"AUS";"South Australia Reserves Premier League";"04-07-2026 03:15";"NS";"Adelaide Comets Res.";"";"";"Croydon Kings Res.";"1.6 | 2.2";"1.2 | 2.5";"3.8";"3.6";"66";"60";"38";"31";"3.4";"3.6";"1.2 | 2.3";"1.5 | 2.2"
"Australia";"AUS";"Queensland Premier League";"04-07-2026 01:30";"NS";"Robina City";"";"";"Broadbeach United";"2.2 | 0.8";"1.7 | 2.1";"3.4";"4";"64";"38";"16";"16";"3.8";"3.2";"1.4 | 2";"2.2 | 0.8"
"Australia";"AUS";"Queensland Premier League";"04-07-2026 04:00";"NS";"Brisbane Strikers";"";"";"Logan Lightning";"2.9 | 1.5";"3.1 | 0.5";"4";"4";"62";"51";"35";"25";"3.8";"3.8";"2.9 | 0.5";"2.7 | 1.5"
"Australia";"AUS";"Queensland Premier League";"04-07-2026 04:45";"NS";"North Star";"";"";"Redlands United";"2.1 | 1.6";"1.2 | 1.8";"3.4";"4";"70";"50";"25";"5";"3.8";"3.2";"1.2 | 1.7";"2 | 1.4"
"Australia";"AUS";"Queensland Premier League";"04-07-2026 05:00";"NS";"Capalaba";"";"";"St George Willawong";"1.9 | 1.7";"1.1 | 1.7";"3.2";"4";"70";"53";"12";"0";"3.8";"2.8";"1.1 | 1.7";"1.5 | 1.3"
"Australia";"AUS";"New South Wales NPL Youth League";"04-07-2026 00:00";"NS";"UNSW U20";"";"";"Sydney U20";"0.9 | 0.9";"1.4 | 2.2";"2.7";"3";"52";"34";"20";"7";"2.8";"2.7";"1.4 | 2.2";"0.9 | 0.9"
"Australia";"AUS";"New South Wales NPL Youth League";"04-07-2026 04:00";"NS";"WS Wanderers U20";"";"";"Sydney Olympic U20";"1.1 | 0.8";"0.9 | 0.9";"1.8";"3";"25";"6";"0";"0";"2.8";"1.8";"0.9 | 0.9";"1 | 0.8"
"Australia";"AUS";"New South Wales NPL Youth League";"04-07-2026 06:00";"NS";"Manly United U20";"";"";"SD Raiders U20";"2 | 0.9";"2 | 1.2";"3";"3";"52";"26";"20";"15";"2.8";"3";"2 | 1.1";"1.9 | 0.9"
"Australia";"AUS";"New South Wales NPL Youth League";"04-07-2026 06:45";"NS";"Sutherland Sharks U20";"";"";"APIA Leichhardt U20";"1.1 | 1.1";"1.1 | 1.4";"2.4";"3";"40";"10";"10";"0";"2.8";"2.2";"1 | 1.3";"1.1 | 1.1"
"Australia";"AUS";"Victoria NPL 2 Youth";"04-07-2026 01:00";"NS";"Goulburn Valley Suns U23";"";"";"Moreland City U23";"";"";"";"0";"";"";"";"";"0";"";"";""
"Australia";"AUS";"Victoria NPL 2 Youth";"04-07-2026 01:45";"NS";"Malvern City U23";"";"";"Eastern Lions U23";"";"";"";"0";"";"";"";"";"0";"";"";""
"Australia";"AUS";"Victoria NPL 2 Youth";"04-07-2026 02:00";"NS";"Kingston City U23";"";"";"Nunawading City U23";"";"";"";"0";"";"";"";"";"0";"";"";""
"Australia";"AUS";"Victoria NPL 2 Youth";"04-07-2026 04:30";"NS";"Box Hill United U23";"";"";"Whittlesea United U23";"";"";"";"0";"";"";"";"";"0";"";"";""
"Australia";"AUS";"Queensland Premier League 2";"04-07-2026 04:00";"NS";"Grange Thistle";"";"";"Mitchelton";"1.3 | 1";"1.4 | 1.9";"2.8";"3.3";"44";"28";"22";"11";"3.1";"2.7";"1.4 | 1.7";"1.2 | 1"
"Australia";"AUS";"Queensland Premier League 2";"04-07-2026 05:00";"NS";"Moreton City II";"";"";"Southside Eagles";"1.4 | 1.6";"1.8 | 1.9";"3.2";"3.3";"58";"41";"36";"18";"3.1";"3";"1.6 | 1.7";"1.2 | 1.6"
"Australia";"AUS";"Queensland Premier League 2";"04-07-2026 05:00";"NS";"Pine Hills";"";"";"Souths United";"1.3 | 1.1";"0.8 | 1.6";"2.5";"3.3";"52";"6";"6";"6";"3.1";"2.4";"0.8 | 1.5";"1.3 | 1"
"Australia";"AUS";"Queensland Premier League 2";"04-07-2026 05:15";"NS";"Brisbane Knights";"";"";"SWQ Thunder";"1.6 | 1.1";"1 | 1.7";"2.8";"3.3";"48";"34";"20";"6";"3.1";"2.7";"1 | 1.7";"1.5 | 1.1"
"Australia";"AUS";"Queensland Premier League 2";"04-07-2026 06:00";"NS";"Virginia United";"";"";"Taringa Rovers";"1 | 1.9";"1.5 | 1.4";"2.8";"3.3";"56";"19";"19";"12";"3.1";"2.8";"1.5 | 1.2";"1 | 1.9"
"Australia";"AUS";"South Australia State League 1 Reserves";"04-07-2026 00:15";"NS";"Blue Eagles Res.";"";"";"South Adelaide Res.";"1.8 | 1";"1.6 | 1.4";"2.9";"3.4";"56";"31";"12";"6";"3.1";"2.7";"1.5 | 1.2";"1.6 | 1"
"Australia";"AUS";"South Australia State League 1 Reserves";"04-07-2026 00:15";"NS";"Adelaide Cobras Res.";"";"";"Fulham United Res.";"1.3 | 1.1";"1.8 | 1.7";"3";"3.4";"56";"44";"24";"7";"3.1";"2.7";"1.8 | 1.3";"1.2 | 1.1"
"Australia";"AUS";"South Australia State League 1 Reserves";"04-07-2026 00:15";"NS";"Adelaide Olympic Res.";"";"";"Salisbury Unted Res.";"1.8 | 1.2";"1.8 | 1.2";"3";"3.4";"65";"22";"10";"10";"3.1";"2.8";"1.6 | 1.2";"1.8 | 1"
"Australia";"AUS";"South Australia State League 1 Reserves";"04-07-2026 02:00";"NS";"The Cove Res.";"";"";"Adelaide Atletico Res.";"1.8 | 1.9";"1.7 | 2.1";"3.7";"3.4";"68";"42";"36";"21";"3.1";"3.4";"1.3 | 2";"1.8 | 1.7"
"Australia";"AUS";"South Australia State League 1 Reserves";"04-07-2026 04:00";"NS";"Cumberland United Res.";"";"";"Adelaide Raiders Res.";"1.6 | 2.1";"1.4 | 1.3";"3.2";"3.4";"60";"40";"28";"7";"3.1";"2.9";"1.4 | 1.1";"1.4 | 1.9"
"Australia";"AUS";"Capital Territory NPL Youth League";"04-07-2026 01:15";"NS";"Belconnen United U23";"";"";"Canberra Juventus U23";"1.5 | 1.4";"1.9 | 1.4";"3.1";"2.7";"56";"44";"12";"12";"2.6";"3";"1.9 | 1.4";"1.5 | 1.2"
"Australia";"AUS";"Capital Territory NPL Youth League";"04-07-2026 02:30";"NS";"Monaro Panthers U23";"";"";"Brindabella Blues U23";"1.6 | 0.8";"1.3 | 1.2";"2.4";"2.7";"45";"37";"16";"8";"2.6";"2.4";"1.3 | 1.2";"1.6 | 0.8"
"Australia";"AUS";"Capital Territory NPL Youth League";"04-07-2026 23:30";"NS";"Canberra Croatia U23";"";"";"Canberra Olympic U23";"1.7 | 1.3";"0.7 | 1.1";"2.3";"2.7";"31";"23";"16";"16";"2.6";"2.3";"0.7 | 1";"1.7 | 1.3"
"Australia";"AUS";"Queensland NPL Youth League";"04-07-2026 02:00";"NS";"Lions U23";"";"";"Olympic U23";"0.8 | 0.8";"0.8 | 1.6";"1.9";"2.9";"24";"24";"6";"6";"2.7";"1.8";"0.8 | 1.6";"0.8 | 0.7"
"Australia";"AUS";"Queensland NPL Youth League";"04-07-2026 03:00";"NS";"Wolves U23";"";"";"Rochedale Rovers U23";"2 | 1.1";"2.3 | 0.6";"3";"2.9";"48";"48";"22";"14";"2.7";"2.9";"2.3 | 0.6";"1.9 | 1.1"
"Australia";"AUS";"Queensland NPL Youth League";"04-07-2026 03:45";"NS";"Eastern Suburbs U23";"";"";"Peninsula Power U23";"1.4 | 1.3";"1.6 | 0.7";"2.5";"2.9";"48";"24";"12";"6";"2.7";"2.3";"1.5 | 0.6";"1.4 | 1.1"
"Australia";"AUS";"Queensland NPL Youth League";"04-07-2026 23:45";"NS";"Gold Coast United U23";"";"";"Magic United U23";"1.3 | 1.5";"1.4 | 1.2";"2.8";"2.9";"50";"45";"5";"0";"2.7";"2.6";"1.4 | 1";"1.3 | 1.5"
"Australia";"AUS";"NSW League One Youth";"04-07-2026 00:30";"NS";"Blacktown Spartans U20";"";"";"Newcastle Jets U20";"2.1 | 1.5";"1.9 | 1";"3.2";"3.1";"70";"39";"16";"11";"2.9";"3";"1.8 | 1";"1.8 | 1.5"
"Australia";"AUS";"NSW League One Youth";"04-07-2026 04:00";"NS";"Bulls Academy U20";"";"";"Mt Druitt Town U20";"2.5 | 1.5";"2 | 1.5";"3.8";"3.1";"44";"44";"31";"31";"2.9";"3.6";"2 | 1.4";"2.5 | 1.4"
"Australia";"AUS";"NSW League One Youth";"04-07-2026 05:30";"NS";"Macarthur Rams U20";"";"";"Inter Lions U20";"0.8 | 1.6";"1.5 | 1.8";"2.8";"3.1";"50";"44";"12";"6";"2.9";"2.6";"1.5 | 1.5";"0.8 | 1.5"
"Australia";"AUS";"NSW League One Youth";"04-07-2026 06:00";"NS";"Bankstown City U20";"";"";"Dulwich Hill U20";"1.9 | 1.9";"1.5 | 1";"3.2";"3.1";"56";"50";"32";"0";"2.9";"3";"1.4 | 1";"1.9 | 1.9"
"Australia";"AUS";"NSW League One Youth";"04-07-2026 06:00";"NS";"Hills United U20";"";"";"Northern Tigers U20";"1.4 | 1.6";"1.4 | 1.6";"3";"3.1";"44";"31";"20";"12";"2.9";"2.7";"1.1 | 1.4";"1.3 | 1.6"
"Australia";"AUS";"Victoria NPL 3";"04-07-2026 02:00";"NS";"Werribee City";"";"";"Altona City";"1.6 | 1.4";"0.8 | 1.1";"2.5";"3.6";"53";"12";"0";"0";"3.4";"2.2";"0.6 | 1";"1.5 | 1.4"
"Australia";"AUS";"Victoria NPL 3";"04-07-2026 02:00";"NS";"Bayside Argonauts";"";"";"Essendon Royals";"0.5 | 1.5";"2.5 | 1.1";"2.8";"3.6";"50";"38";"6";"6";"3.4";"2.7";"2.5 | 1";"0.5 | 1.4"
"Australia";"AUS";"Victoria NPL 3";"04-07-2026 04:00";"NS";"Malvern City";"";"";"Eastern Lions";"1.2 | 1";"1.2 | 2";"2.6";"3.6";"50";"8";"8";"8";"3.4";"2.6";"1.2 | 2";"1.2 | 0.8"
"Australia";"AUS";"Victoria NPL 3";"04-07-2026 04:00";"NS";"Goulburn Valley Suns";"";"";"Moreland City";"2.3 | 1.4";"2.7 | 1.8";"4.1";"3.6";"80";"64";"44";"26";"3.4";"4.1";"2.7 | 1.8";"2.3 | 1.4"
"Australia";"AUS";"New South Wales NPL 2";"04-07-2026 02:30";"NS";"Blacktown Spartans";"";"";"Newcastle Jets II";"1.2 | 1.3";"2.7 | 1.3";"3.3";"3.6";"68";"36";"16";"10";"3.5";"3.2";"2.5 | 1.3";"1.2 | 1.3"
"Australia";"AUS";"New South Wales NPL 2";"04-07-2026 03:30";"NS";"Macarthur Rams";"";"";"Inter Lions";"3.8 | 2.2";"2.8 | 1.8";"5.2";"3.6";"80";"75";"65";"48";"3.5";"5";"2.8 | 1.8";"3.5 | 2.1"
"Australia";"AUS";"New South Wales NPL 2";"04-07-2026 04:00";"NS";"Hills United";"";"";"Northern Tigers";"1.7 | 1";"1.6 | 1.4";"2.8";"3.6";"50";"33";"16";"6";"3.5";"2.8";"1.6 | 1.3";"1.7 | 1"
"Australia";"AUS";"New South Wales NPL 2";"04-07-2026 04:00";"NS";"Bankstown City Lions";"";"";"Dulwich Hill";"1.8 | 1.9";"2.1 | 0.8";"3.3";"3.6";"56";"44";"33";"16";"3.5";"3.2";"2.1 | 0.8";"1.8 | 1.8"
"Australia";"AUS";"New South Wales NPL 2";"04-07-2026 06:00";"NS";"Bulls Academy";"";"";"Mt Druitt Town";"0.8 | 1.6";"1.4 | 1.6";"2.7";"3.6";"50";"28";"11";"6";"3.5";"2.6";"1.2 | 1.6";"0.8 | 1.6"
"Australia";"AUS";"Western Australia State League 1 Reserves";"04-07-2026 02:00";"NS";"Mandurah City Res.";"";"";"Gwelup Croatia Res.";"0.7 | 0.7";"2 | 1.1";"2.3";"2.8";"48";"24";"16";"0";"2.6";"2.1";"1.7 | 1.1";"0.7 | 0.7"
"Australia";"AUS";"Western Australia State League 1 Reserves";"04-07-2026 02:00";"NS";"Joondalup City Res.";"";"";"Quinns Res.";"1.2 | 1";"0.8 | 1.6";"2.3";"2.8";"55";"10";"10";"0";"2.6";"2.2";"0.8 | 1.4";"1.2 | 1"
"Australia";"AUS";"Western Australia State League 1 Reserves";"04-07-2026 02:00";"NS";"Kingsley Westside Res.";"";"";"UWA Nedlands Res.";"2.8 | 1.3";"0.4 | 2";"3.2";"2.8";"64";"45";"26";"18";"2.6";"3.1";"0.4 | 1.8";"2.8 | 1.2"
"Australia";"AUS";"Western Australia State League 1 Reserves";"04-07-2026 02:00";"NS";"MUM Res.";"";"";"Floreat Athena Res.";"1.3 | 0.2";"1.6 | 1.8";"2.4";"2.8";"48";"7";"7";"0";"2.6";"2.3";"1.4 | 1.8";"1.1 | 0.2"
"Australia";"AUS";"Western Australia State League 1 Reserves";"04-07-2026 02:00";"NS";"Inglewood United Res.";"";"";"Subiaco Res.";"2 | 1.4";"0.8 | 1.7";"3";"2.8";"54";"34";"34";"20";"2.6";"2.8";"0.8 | 1.7";"2 | 1.1"
"Australia";"AUS";"Western Australia State League 1 Reserves";"04-07-2026 02:00";"NS";"Curtin University Res.";"";"";"Cockburn City Res.";"1.2 | 1.3";"0.7 | 1";"2";"2.8";"33";"8";"0";"0";"2.6";"2";"0.7 | 1";"1.2 | 1.3"
"Australia";"AUS";"New South Wales NPL 3";"04-07-2026 04:00";"NS";"Gladesville Ryde Magic";"";"";"Parramatta";"1.4 | 1";"1.6 | 1.6";"2.8";"4";"38";"24";"17";"10";"3.8";"2.6";"1.6 | 1.6";"1.3 | 0.6"
"Australia";"AUS";"New South Wales NPL 3";"04-07-2026 04:00";"NS";"South Coast Flame";"";"";"Central Coast United";"1.6 | 1.5";"1.6 | 2.5";"3.6";"4";"50";"50";"44";"31";"3.8";"3.4";"1.5 | 2.2";"1.6 | 1.5"
"Australia";"AUS";"New South Wales NPL 3";"04-07-2026 04:00";"NS";"Stanmore Hawks";"";"";"Camden Tigers";"1.9 | 2";"2.1 | 1";"3.5";"4";"56";"38";"38";"32";"3.8";"3.4";"2.1 | 1";"1.8 | 2"
"Australia";"AUS";"New South Wales NPL 3";"04-07-2026 04:00";"NS";"Hawkesbury City";"";"";"Bonnyrigg White Eagles";"1 | 2.2";"0.7 | 1";"2.4";"4";"38";"12";"12";"12";"3.8";"2.4";"0.7 | 0.8";"1 | 2.2"
"Australia";"AUS";"New South Wales NPL 3";"04-07-2026 06:00";"NS";"Granville Rage";"";"";"Dunbar Rovers";"1.3 | 1.5";"2 | 3.3";"4";"4";"58";"58";"42";"25";"3.8";"3.8";"2 | 3";"1.2 | 1.5"
"Australia";"AUS";"New South Wales NPL 3 Youth";"04-07-2026 02:00";"NS";"Gladesville Ryde U20";"";"";"Parramatta U20";"";"";"";"";"";"";"";"";"";"";"";""
"Australia";"AUS";"New South Wales NPL 3 Youth";"04-07-2026 02:00";"NS";"Hawkesbury City U20";"";"";"Bonnyrigg WE U20";"";"";"";"";"";"";"";"";"";"";"";""
"Australia";"AUS";"New South Wales NPL 3 Youth";"04-07-2026 04:00";"NS";"Western Rage U20";"";"";"Dunbar Rovers U20";"";"";"";"";"";"";"";"";"";"";"";""
"Australia";"AUS";"New South Wales NPL 3 Youth";"04-07-2026 06:00";"NS";"South Coast Flame U20";"";"";"Central Coast Utd U20";"";"";"";"";"";"";"";"";"";"";"";""
"Australia";"AUS";"New South Wales NPL 3 Youth";"04-07-2026 06:00";"NS";"Inner West Hawks U20";"";"";"Camden Tigers U20";"";"";"";"";"";"";"";"";"";"";"";""
"Australia";"AUS";"Queensland PL Youth";"04-07-2026 01:45";"NS";"Brisbane Strikers U23";"";"";"Logan Lightning U23";"0.5 | 1";"1.2 | 0.5";"1.6";"2.4";"25";"6";"6";"0";"2.2";"1.5";"1.1 | 0.5";"0.5 | 0.9"
"Australia";"AUS";"Queensland PL Youth";"04-07-2026 02:30";"NS";"North Star U23";"";"";"Redlands United U23";"0.9 | 0.4";"2.3 | 0.9";"2.2";"2.4";"43";"14";"14";"7";"2.2";"2.2";"2.1 | 0.9";"0.9 | 0.4"
"Australia";"AUS";"Queensland PL Youth";"04-07-2026 02:45";"NS";"Capalaba U23";"";"";"St George Willawong U23";"1.3 | 2.3";"1.4 | 1.2";"3.2";"2.4";"58";"26";"22";"10";"2.2";"3";"1.3 | 1.2";"1.3 | 2.2"
"Australia";"AUS";"Tasmania Southern Championship";"04-07-2026 01:30";"CANCELLED";"South East United II";"";"";"South Hobart II";"";"";"";"3.2";"";"";"";"";"3";"";"";""
"Australia";"AUS";"Tasmania Southern Championship";"04-07-2026 01:30";"NS";"New Town Eagles";"";"";"Olympia FC";"0.8 | 2";"1.6 | 1.6";"3";"3.2";"46";"32";"24";"17";"3";"2.8";"1.4 | 1.4";"0.8 | 2"
"Australia";"AUS";"Tasmania Southern Championship";"04-07-2026 03:30";"NS";"Hobart City Beachside";"";"";"University of Tasmania";"2 | 1.8";"0.7 | 1.4";"3";"3.2";"74";"36";"0";"0";"3";"2.8";"0.7 | 1.4";"1.7 | 1.8"
"Australia";"AUS";"TAS NPL Youth";"04-07-2026 01:30";"NS";"Glenorchy Knights U21";"";"";"Clarence Zebras U21";"";"";"";"0";"";"";"";"";"0";"";"";""
"Australia";"AUS";"TAS NPL Youth";"04-07-2026 23:15";"NS";"South East United U21";"";"";"South Hobart U21";"";"";"";"0";"";"";"";"";"0";"";"";""
"Bhutan";"BHU";"Bhutan Premier League";"04-07-2026 09:00";"NS";"Thimphu City";"";"";"Tsirang";"";"";"";"3.4";"";"";"";"";"3.2";"";"";""
"Belarus";"BLR";"Vysshaya Liga";"04-07-2026 10:00";"NS";"Vitebsk";"";"";"Dnepr Mogilev";"1.2 | 2";"2.2 | 1.1";"3.2";"3.5";"70";"40";"25";"10";"3.4";"3.2";"2.2 | 1.1";"1.2 | 2"
"Belarus";"BLR";"Vysshaya Liga";"04-07-2026 12:00";"NS";"Neman Grodno";"";"";"Arsenal";"1.3 | 2.3";"1.8 | 1.3";"3.4";"3.5";"69";"36";"26";"5";"3.4";"3.2";"1.6 | 1.3";"1.3 | 2.2"
"Belarus";"BLR";"Pershaya Liga";"04-07-2026 08:00";"NS";"Smorgon";"";"";"Volna";"2 | 1.4";"2.4 | 2.1";"4";"3.8";"84";"58";"37";"20";"3.8";"3.9";"2.3 | 2.1";"1.9 | 1.4"
"Belarus";"BLR";"Pershaya Liga";"04-07-2026 09:00";"NS";"Shakhtyor Soligorsk";"";"";"Dinamo Minsk II";"2.3 | 1.9";"2.6 | 1.7";"4.2";"3.8";"70";"70";"40";"40";"3.8";"4.1";"2.6 | 1.6";"2.2 | 1.8"
"Belarus";"BLR";"Pershaya Liga";"04-07-2026 10:00";"NS";"Niva";"";"";"BATE II";"1.4 | 2";"2.9 | 2.3";"4.3";"3.8";"72";"56";"44";"38";"3.8";"4.3";"2.9 | 2.3";"1.4 | 2"
"Belarus";"BLR";"Pershaya Liga";"04-07-2026 10:30";"NS";"Bumprom";"";"";"Orsha";"2.1 | 2.4";"1.7 | 1.9";"4";"3.8";"74";"53";"48";"26";"3.8";"4";"1.7 | 1.8";"2.1 | 2.4"
"Belarus";"BLR";"Pershaya Liga";"04-07-2026 11:00";"NS";"Energetik-BGU";"";"";"Slonim";"1.6 | 1.9";"1.6 | 2.6";"3.8";"3.8";"70";"50";"38";"20";"3.8";"3.6";"1.4 | 2.4";"1.6 | 1.9"
"Belarus";"BLR";"Pershaya Liga";"04-07-2026 12:00";"NS";"Slutsk";"";"";"FC Ostrovets";"1.8 | 1.8";"1.5 | 2";"3.6";"3.8";"74";"48";"26";"10";"3.8";"3.4";"1.5 | 1.9";"1.7 | 1.8"
"Brazil";"BRA";"Serie C";"04-07-2026 17:00";"NS";"Maranhão";"";"";"Inter de Limeira";"3.3 | 2.8";"2.3 | 2.7";"5.6";"5.5";"100";"90";"60";"35";"5.3";"5.4";"2.3 | 2.7";"3.2 | 2.6"
"Brazil";"BRA";"Serie C";"04-07-2026 19:00";"NS";"Maringá";"";"";"Volta Redonda";"2.9 | 2.5";"2.9 | 2.6";"5.4";"5.5";"95";"95";"70";"30";"5.3";"5";"2.8 | 2.4";"2.5 | 2.4"
"Brazil";"BRA";"Serie C";"04-07-2026 19:00";"NS";"Confiança";"";"";"Barra FC";"1.9 | 2.1";"2.7 | 1.3";"4";"5.5";"80";"60";"40";"25";"5.3";"3.8";"2.5 | 1.3";"1.8 | 2"
"Brazil";"BRA";"Serie C";"04-07-2026 20:30";"NS";"Guarani";"";"";"Floresta";"3.2 | 2.1";"2.8 | 2.4";"5.2";"5.5";"80";"60";"60";"50";"5.3";"5";"2.6 | 2.4";"3 | 2.1"
"Brazil";"BRA";"Serie C";"04-07-2026 20:30";"NS";"Ferroviária";"";"";"Caxias";"3.5 | 2.7";"2.9 | 3.5";"6.3";"5.5";"100";"90";"80";"65";"5.3";"5.6";"2.5 | 2.9";"3.2 | 2.7"
"Brazil";"BRA";"Serie C";"04-07-2026 21:00";"NS";"Santa Cruz";"";"";"Ituano";"4 | 3.4";"2.5 | 3";"6.4";"5.5";"100";"95";"80";"75";"5.3";"6.2";"2.4 | 2.9";"3.7 | 3.3"
"Brazil";"BRA";"Mineiro 2";"04-07-2026 16:00";"NS";"Villa Nova";"";"";"Aymorés";"2.3 | 2.8";"1.9 | 2";"4.4";"5";"80";"74";"44";"18";"4.8";"4.4";"1.9 | 2";"2.3 | 2.7"
"Brazil";"BRA";"Mineiro 2";"04-07-2026 16:00";"NS";"Democrata SL";"";"";"Ipatinga";"2.4 | 2.2";"3 | 1.2";"4.4";"5";"84";"75";"34";"28";"4.8";"4.1";"3 | 1";"2.2 | 2"
"Brazil";"BRA";"Mineiro 2";"04-07-2026 16:00";"NS";"CAP Patrocinense";"";"";"Guarani MG";"2.1 | 2.7";"1.9 | 2.3";"4.5";"5";"81";"81";"44";"29";"4.8";"4.4";"1.9 | 2.3";"2.1 | 2.5"
"Brazil";"BRA";"Paulista Série B";"04-07-2026 15:00";"NS";"Mauá";"";"";"União Mogi";"3.4 | 3";"3.4 | 2.9";"6.4";"5.8";"95";"95";"95";"70";"5.2";"6";"3.1 | 2.8";"3.1 | 3"
"Brazil";"BRA";"Paulista Série B";"04-07-2026 15:00";"NS";"América SP";"";"";"Santacruzense";"2.4 | 2.2";"2.7 | 3";"5.2";"5.8";"88";"88";"59";"40";"5.2";"4.8";"2.3 | 2.8";"2.4 | 2.1"
"Brazil";"BRA";"Paulista Série B";"04-07-2026 15:00";"NS";"Matonense";"";"";"Assisense";"2.5 | 3";"3.2 | 3.6";"6.2";"5.8";"94";"94";"82";"58";"5.2";"5.4";"2.6 | 3.1";"2.4 | 2.8"
"Brazil";"BRA";"Paulista Série B";"04-07-2026 15:00";"NS";"Flamengo SP";"";"";"Osasco Audax";"3.9 | 3.7";"2.7 | 2.1";"6.2";"5.8";"100";"84";"78";"68";"5.2";"5.4";"2.2 | 2";"3.6 | 3.1"
"Brazil";"BRA";"Paulista Série B";"04-07-2026 15:00";"NS";"Itaquaquecetuba";"";"";"Paulínia FU";"4 | 2.4";"3.4 | 3.9";"6.8";"5.8";"94";"88";"88";"71";"5.2";"6.2";"3.1 | 3.4";"3.6 | 2.2"
"Brazil";"BRA";"Paulista U20";"04-07-2026 15:00";"NS";"Sao Paulo U20";"";"";"XV de Piracicaba U20";"2.9 | 1.7";"3.3 | 2";"5";"6";"80";"70";"35";"30";"5.7";"4.6";"2.9 | 2";"2.7 | 1.6"
"Brazil";"BRA";"Paulista U20";"04-07-2026 15:00";"NS";"Aguai U20";"";"";"Botafogo SP U20";"2 | 2.5";"3.3 | 2.6";"5.2";"6";"80";"65";"50";"40";"5.7";"4.8";"3.1 | 2.4";"1.8 | 2.3"
"Brazil";"BRA";"Paulista U20";"04-07-2026 15:00";"NS";"Ponte Preta U20";"";"";"Santos U20";"3.1 | 3.1";"2.4 | 3.2";"5.9";"6";"84";"78";"68";"53";"5.7";"5.5";"2.2 | 2.9";"2.8 | 3.1"
"Brazil";"BRA";"Catarinense 2";"04-07-2026 15:00";"NS";"Guarani de Palhoça";"";"";"Hercílio Luz";"3.2 | 3.9";"2.9 | 3.6";"6.8";"5.8";"100";"94";"82";"71";"5.6";"6.6";"2.9 | 3.3";"3.2 | 3.9"
"Brazil";"BRA";"Brasiliense U20";"04-07-2026 10:00";"NS";"Grêmio Valparaíso U20";"";"";"Santa Maria U20";"2.7 | 1.8";"2.2 | 3";"4.8";"5.8";"65";"65";"55";"45";"5.2";"4.6";"1.8 | 3";"2.7 | 1.8"
"Brazil";"BRA";"Brasiliense U20";"04-07-2026 10:30";"NS";"Brasiliense U20";"";"";"Capital DF U20";"2.5 | 1.2";"2.5 | 1.5";"3.9";"5.8";"66";"38";"38";"29";"5.2";"3.5";"2.2 | 1.5";"2.3 | 1"
"Brazil";"BRA";"Brasiliense U20";"04-07-2026 15:30";"NS";"EC Cruzeiro U20";"";"";"Canaã U20";"3.2 | 3.6";"3.7 | 2.2";"6.3";"5.8";"90";"90";"82";"64";"5.2";"5.7";"3 | 2.2";"3 | 3.2"
"Brazil";"BRA";"Baiano U20";"04-07-2026 09:00";"NS";"Vitoria U20";"";"";"Barcelona BA U20";"2.5 | 2.6";"2.5 | 2.2";"4.9";"5.6";"74";"68";"68";"39";"5.3";"4.7";"2.4 | 2";"2.4 | 2.6"
"Brazil";"BRA";"Baiano U20";"04-07-2026 15:00";"NS";"Bahia U20";"";"";"Jacobina U20";"2.6 | 4.5";"1.6 | 3";"5.8";"5.6";"86";"78";"72";"64";"5.3";"5.7";"1.6 | 3";"2.3 | 4.5"
"Brazil";"BRA";"Baiano U20";"04-07-2026 15:00";"NS";"Fluminense de Feira U20";"";"";"Jacuipense U20";"2.8 | 3.4";"2.8 | 3.9";"6.4";"5.6";"100";"90";"63";"56";"5.3";"6";"2.8 | 3.3";"2.4 | 3.4"
"Brazil";"BRA";"Baiano U20";"04-07-2026 15:00";"NS";"Camaçariense U20";"";"";"SSA U20";"1.4 | 3.3";"3 | 3.8";"5.8";"5.6";"82";"72";"72";"44";"5.3";"5.8";"3 | 3.8";"1.4 | 3.3"
"Brazil";"BRA";"Torneio Otavio Pinto Guimaraes U20";"04-07-2026 10:00";"NS";"Flamengo RJ U20";"";"";"Botafogo U20";"3.1 | 1.9";"1.9 | 2.3";"4.6";"5.9";"80";"65";"50";"30";"5.7";"4.3";"1.8 | 2.2";"3 | 3"
"Brazil";"BRA";"Torneio Otavio Pinto Guimaraes U20";"04-07-2026 10:00";"NS";"Portuguesa RJ U20";"";"";"Vasco da Gama U20";"2.5 | 2.2";"3.2 | 1.8";"4.9";"5.9";"82";"66";"59";"30";"5.7";"4.6";"3 | 1.6";"2.5 | 2.2"
"Brazil";"BRA";"Torneio Otavio Pinto Guimaraes U20";"04-07-2026 14:45";"NS";"Maricá U20";"";"";"Fluminense U20";"2.7 | 2.2";"3.3 | 3";"5.6";"5.9";"94";"89";"56";"44";"5.7";"5.4";"3 | 2.9";"2.7 | 2.1"
"Brazil";"BRA";"Carioca A2";"04-07-2026 14:45";"NS";"Resende";"";"";"Americano";"2.9 | 2.1";"3.1 | 2.1";"5.1";"5.9";"76";"60";"60";"39";"5.5";"4.8";"2.9 | 1.9";"2.6 | 2.1"
"Brazil";"BRA";"Carioca A2";"04-07-2026 14:45";"NS";"São Gonçalo EC RJ";"";"";"Audax Rio";"3.6 | 3.7";"3.3 | 4";"7.3";"5.9";"100";"100";"90";"63";"5.5";"6.8";"3.3 | 3.4";"3.4 | 3.3"
"Brazil";"BRA";"Carioca A2";"04-07-2026 14:45";"NS";"América RJ";"";"";"Serrano RJ";"2.9 | 3.1";"2.7 | 3";"5.8";"5.9";"100";"84";"67";"56";"5.5";"5.6";"2.7 | 2.9";"2.8 | 3"
"Brazil";"BRA";"Carioca A2";"04-07-2026 14:45";"NS";"Olaria";"";"";"Bonsucesso";"2.8 | 2.8";"2 | 2.9";"5.2";"5.9";"82";"78";"66";"44";"5.5";"4.8";"2 | 2.4";"2.8 | 2.4"
"Brazil";"BRA";"Carioca A2";"04-07-2026 14:45";"NS";"CEAC / Araruama";"";"";"Cabofriense";"3.5 | 2.8";"3.6 | 2.5";"6.2";"5.9";"90";"85";"80";"56";"5.5";"5.7";"3.4 | 2.5";"3 | 2.5"
"Brazil";"BRA";"Carioca A2";"04-07-2026 14:45";"NS";"CFRJ / Marica";"";"";"Perolas Negras";"2.4 | 3.3";"2.5 | 3.4";"5.8";"5.9";"85";"80";"75";"55";"5.5";"5.4";"2.4 | 3.1";"2.3 | 3.1"
"Brazil";"BRA";"Catarinense U20";"04-07-2026 15:00";"NS";"Nação U20";"";"";"Criciuma U20";"3.6 | 1.9";"2.7 | 3";"5.6";"7.1";"90";"85";"69";"42";"6.4";"5.1";"2.6 | 2.7";"3.2 | 1.7"
"Brazil";"BRA";"Catarinense U20";"04-07-2026 15:00";"NS";"Chapecoense-SC U20";"";"";"Joinville U20";"3.3 | 3.4";"3.4 | 2.2";"6.2";"7.1";"94";"89";"84";"67";"6.4";"5.7";"2.9 | 2.1";"3.1 | 3.3"
"Brazil";"BRA";"Catarinense U20";"04-07-2026 15:00";"NS";"Barra SC U20";"";"";"Brusque U20";"4.2 | 3.1";"3.9 | 2.8";"7";"7.1";"94";"88";"75";"69";"6.4";"6.4";"3.4 | 2.5";"4 | 2.9"
"Brazil";"BRA";"Maranhense 2";"04-07-2026 16:00";"NS";"Viana";"";"";"Lago Verde";"";"";"";"0";"";"";"";"";"0";"";"";""
"Brazil";"BRA";"Maranhense 2";"04-07-2026 16:00";"NS";"Cordino";"";"";"Balsas";"";"";"";"0";"";"";"";"";"0";"";"";""
"Brazil";"BRA";"Maranhense 2";"04-07-2026 16:00";"NS";"Expressinho";"";"";"São José MA";"";"";"";"0";"";"";"";"";"0";"";"";""
"Brazil";"BRA";"Cearense U20";"04-07-2026 15:00";"NS";"Anjos do Céu U20";"";"";"Floresta CE U20";"2.3 | 2.6";"3.7 | 2.8";"5.7";"6.4";"100";"100";"64";"54";"6.2";"5.7";"3.7 | 2.8";"2.3 | 2.6"
"Brazil";"BRA";"Cearense U20";"04-07-2026 15:00";"FT";"Fortaleza U20";"0";"0";"Vila Real U20";"";"";"";"6.4";"";"";"";"";"6.2";"";"";""
"Canada";"CAN";"PCSL";"04-07-2026 00:00";"NS";"Mid Isle Highlanders";"";"";"Victoria United";"";"";"";"0";"";"";"";"";"0";"";"";""
"Canada";"CAN";"PCSL";"04-07-2026 18:00";"NS";"Khalsa";"";"";"Victoria United";"";"";"";"0";"";"";"";"";"0";"";"";""
"Canada";"CAN";"PCSL";"04-07-2026 18:00";"NS";"AFA";"";"";"Gorge";"";"";"";"0";"";"";"";"";"0";"";"";""
"Canada";"CAN";"PCSL";"04-07-2026 20:00";"CANCELLED";"Kamloops Rivers II";"";"";"Mid Isle Highlanders";"";"";"";"0";"";"";"";"";"0";"";"";""
"China";"CHN";"Super League";"04-07-2026 08:00";"NS";"Qingdao West Coast";"";"";"Shanghai Port";"2.3 | 2.4";"1.8 | 1.7";"4.1";"4.4";"75";"60";"40";"20";"4.2";"3.9";"1.8 | 1.6";"2.2 | 2.2"
"China";"CHN";"Super League";"04-07-2026 08:00";"NS";"Liaoning Tieren FC";"";"";"Chongqing Tonglianglong FC";"1.9 | 1.7";"1.6 | 2.6";"3.9";"4.4";"80";"60";"35";"20";"4.2";"3.8";"1.6 | 2.5";"1.8 | 1.7"
"China";"CHN";"Super League";"04-07-2026 08:35";"NS";"Dalian Yingbo";"";"";"Wuhan Three Towns";"2 | 3.1";"2.6 | 2";"4.8";"4.4";"85";"75";"45";"40";"4.2";"4.7";"2.4 | 2";"2 | 3"
"China";"CHN";"Super League";"04-07-2026 08:35";"NS";"Beijing Guoan";"";"";"Shandong Taishan";"1.5 | 1.8";"2.4 | 2.2";"4";"4.4";"80";"65";"40";"15";"4.2";"3.8";"2.3 | 2.2";"1.4 | 1.8"
"China";"CHN";"Super League";"04-07-2026 09:00";"NS";"Tianjin Jinmen Tiger";"";"";"Shenzhen Peng City";"2.1 | 2.3";"1.6 | 2.3";"4.2";"4.4";"75";"60";"40";"30";"4.2";"4";"1.5 | 2.1";"2.1 | 2.2"
"China";"CHN";"League Two";"04-07-2026 05:30";"NS";"Shanghai Port B";"";"";"Beijing BIT";"1.4 | 1.8";"1.9 | 2.2";"3.6";"3.7";"60";"50";"25";"15";"3.5";"3.6";"1.9 | 2.1";"1.4 | 1.7"
"China";"CHN";"League Two";"04-07-2026 08:00";"NS";"Shandong Taishan II";"";"";"Lanzhou Longyuan";"1.6 | 2";"2.2 | 0.8";"3.3";"3.7";"70";"40";"20";"0";"3.5";"3.2";"2.1 | 0.8";"1.5 | 2"
"China";"CHN";"League Two";"04-07-2026 08:00";"NS";"Guangzhou Dandelion";"";"";"Guangdong Mingtu";"1.1 | 1.7";"1.4 | 2";"3.1";"3.7";"70";"40";"10";"5";"3.5";"3";"1.4 | 2";"1.1 | 1.5"
"China";"CHN";"League Two";"04-07-2026 08:30";"NS";"Haimen Codion";"";"";"Dalian Kewei";"1.7 | 2.2";"1.7 | 1.3";"3.4";"3.7";"70";"50";"30";"10";"3.5";"3.4";"1.6 | 1.2";"1.7 | 2.2"
"China";"CHN";"League Two";"04-07-2026 08:30";"NS";"Ganzhou Ruishi";"";"";"Hubei Istar";"2 | 2";"1.4 | 1.4";"3.4";"3.7";"65";"50";"20";"15";"3.5";"3.2";"1.2 | 1.3";"2 | 1.9"
"China";"CHN";"League Two";"04-07-2026 09:00";"NS";"Chengdu Rongcheng II";"";"";"Wuhan Three Towns II";"1.1 | 1.6";"1.1 | 1.5";"2.7";"3.7";"50";"25";"15";"5";"3.5";"2.7";"1.1 | 1.5";"1.1 | 1.6"
"Ecuador";"ECU";"Liga Pro Serie B";"04-07-2026 18:30";"NS";"LDU Portoviejo";"";"";"9 de Octubre";"3.2 | 3.1";"2.4 | 2.9";"5.8";"4.9";"100";"95";"80";"47";"4.6";"5.4";"2.2 | 2.4";"3.1 | 3.1"
"Estonia";"EST";"Meistriliiga";"04-07-2026 13:00";"NS";"Paide";"";"";"Vaprus";"2 | 1.8";"2.2 | 2.2";"4.1";"4.5";"80";"55";"40";"10";"4.3";"3.9";"2.1 | 2.1";"1.8 | 1.8"
"Estonia";"EST";"Meistriliiga";"04-07-2026 13:00";"NS";"JK Trans Narva";"";"";"Levadia";"2.6 | 2";"1.2 | 2.6";"4.2";"4.5";"84";"58";"52";"20";"4.3";"4";"1.2 | 2.3";"2.4 | 1.9"
"Estonia";"EST";"Esiliiga A";"04-07-2026 09:00";"NS";"FC Tallinn";"";"";"Nõmme United II";"2.5 | 1.9";"2.3 | 2.6";"4.6";"4.4";"85";"65";"60";"25";"4.3";"4.6";"2.2 | 2.5";"2.5 | 1.9"
"Estonia";"EST";"Esiliiga B";"04-07-2026 09:00";"NS";"Phoenix";"";"";"Tartu Kalev";"2.2 | 3";"2.1 | 2.3";"4.8";"4.3";"84";"72";"56";"44";"4.1";"4.6";"2 | 2.2";"2.1 | 2.8"
"Estonia";"EST";"Esiliiga B";"04-07-2026 09:00";"NS";"FCI Tallinn";"";"";"Tammeka II";"1.8 | 2.3";"2.8 | 3.4";"5.2";"4.3";"89";"84";"56";"44";"4.1";"4.8";"2.6 | 3.2";"1.8 | 2.1"
"Ethiopia";"ETH";"Premier League";"04-07-2026 10:00";"NS";"Sidama Bunna";"";"";"Mebrat Hayl";"1.7 | 1.6";"3.1 | 2.1";"4.2";"4.7";"65";"45";"35";"25";"4.5";"4";"2.9 | 1.9";"1.7 | 1.5"
"Finland";"FIN";"Veikkausliiga";"04-07-2026 09:00";"NS";"Lahti";"";"";"Gnistan";"2.7 | 2.5";"2 | 2";"4.6";"3.6";"80";"75";"50";"30";"3.5";"4.4";"1.9 | 1.9";"2.6 | 2.4"
"Finland";"FIN";"Veikkausliiga";"04-07-2026 11:00";"NS";"SJK";"";"";"TPS";"2.2 | 1.7";"2 | 2.3";"4.1";"3.6";"80";"60";"30";"15";"3.5";"4";"2 | 2.2";"2.2 | 1.7"
"Finland";"FIN";"Veikkausliiga";"04-07-2026 11:00";"NS";"Jaro";"";"";"Ilves";"1.6 | 1.9";"1.5 | 2";"3.5";"3.6";"75";"35";"20";"10";"3.5";"3.2";"1.4 | 1.7";"1.5 | 1.7"
"Finland";"FIN";"Veikkausliiga";"04-07-2026 12:00";"NS";"VPS";"";"";"Mariehamn";"1.7 | 2.2";"1.9 | 1.5";"3.6";"3.6";"75";"55";"25";"15";"3.5";"3.6";"1.7 | 1.5";"1.7 | 2.2"
"Finland";"FIN";"Ykkösliiga";"04-07-2026 10:00";"NS";"EIF";"";"";"PK-35";"1.9 | 1.8";"2 | 1.5";"3.6";"3.9";"80";"65";"25";"5";"3.8";"3.4";"1.9 | 1.4";"1.8 | 1.7"
"Finland";"FIN";"Kakkonen";"04-07-2026 08:00";"NS";"Honka";"";"";"MuSa";"1.8 | 1.9";"2.8 | 1";"3.8";"4.3";"65";"45";"35";"20";"4.1";"3.6";"2.8 | 1";"1.8 | 1.7"
"Finland";"FIN";"Kakkonen";"04-07-2026 08:00";"NS";"JS Hercules";"";"";"Vaajakoski";"1.9 | 2.3";"1.4 | 1.9";"3.8";"4.3";"73";"53";"26";"20";"4.1";"3.6";"1.4 | 1.8";"1.8 | 2.1"
"Finland";"FIN";"Kakkonen";"04-07-2026 09:00";"NS";"HIFK";"";"";"MYPA";"2.8 | 2.6";"2.6 | 2.8";"5.4";"4.3";"84";"74";"58";"47";"4.1";"5.3";"2.4 | 2.8";"2.8 | 2.6"
"Finland";"FIN";"Kakkonen";"04-07-2026 09:00";"NS";"Kraft";"";"";"Jaro II";"1.7 | 2.1";"2 | 1.8";"3.8";"4.3";"78";"72";"34";"11";"4.1";"3.4";"1.8 | 1.6";"1.4 | 2"
"Finland";"FIN";"Kakkonen";"04-07-2026 10:00";"NS";"Atlantis";"";"";"PEPO";"1.3 | 1.8";"1.8 | 2.4";"3.6";"4.3";"70";"59";"37";"16";"4.1";"3.6";"1.7 | 2.4";"1.3 | 1.8"
"Finland";"FIN";"Kakkonen";"04-07-2026 10:00";"NS";"Union Plaani";"";"";"PuiU Helsinki";"1.6 | 2.3";"2 | 2";"4";"4.3";"78";"67";"39";"16";"4.1";"3.9";"2 | 2";"1.6 | 2.2"
"Finland";"FIN";"Kakkonen";"04-07-2026 10:00";"NS";"P-Iirot";"";"";"HJS Akatemia";"2.8 | 1.7";"2.4 | 1.6";"4.2";"4.3";"85";"60";"40";"10";"4.1";"4.1";"2.3 | 1.6";"2.7 | 1.6"
"Finland";"FIN";"Kakkonen";"04-07-2026 11:00";"NS";"HPS";"";"";"Reipas";"3.3 | 1.7";"1.8 | 2";"4.4";"4.3";"90";"70";"35";"20";"4.1";"4.4";"1.8 | 2";"3.2 | 1.7"
"Finland";"FIN";"Kakkonen";"04-07-2026 11:00";"NS";"TP-47";"";"";"GBK";"2.2 | 1.7";"1.4 | 2.4";"3.9";"4.3";"74";"57";"52";"16";"4.1";"3.7";"1.4 | 2.3";"2.1 | 1.5"
"Finland";"FIN";"Kolmonen - Northern Group";"04-07-2026 11:00";"NS";"HauPa";"";"";"Villan Pojat";"0.5 | 3";"1.8 | 0.5";"2.8";"2.4";"50";"38";"25";"0";"2.3";"2.5";"1.5 | 0.5";"0.5 | 2.5"
"Finland";"FIN";"Kolmonen - Western Group";"04-07-2026 08:00";"NS";"Tampere United II";"";"";"TPV II";"1.4 | 2.3";"1.6 | 2.3";"3.8";"3.4";"70";"37";"27";"22";"3.2";"3.7";"1.6 | 2.1";"1.4 | 2.3"
"Finland";"FIN";"Kolmonen - Western Group";"04-07-2026 09:00";"NS";"NoPS";"";"";"Lasten";"0.9 | 1.6";"1.4 | 3.4";"3.6";"3.4";"66";"46";"31";"19";"3.2";"3.6";"1.4 | 3.4";"0.9 | 1.6"
"Finland";"FIN";"Kolmonen - Western Group";"04-07-2026 09:00";"NS";"TP-49";"";"";"Loiske";"2.2 | 2.8";"2.2 | 1.6";"4.4";"3.4";"82";"56";"44";"25";"3.2";"4.3";"2.2 | 1.4";"2.2 | 2.8"
"Finland";"FIN";"Kolmonen - Western Group";"04-07-2026 10:00";"NS";"Mariehamn II";"";"";"LTU";"2 | 1.3";"2 | 1.3";"3.4";"3.4";"62";"39";"39";"0";"3.2";"3.4";"2 | 1.3";"2 | 1.3"
"Finland";"FIN";"Kolmonen - Southern Group";"04-07-2026 07:00";"NS";"SibboV";"";"";"JäPS II";"1.6 | 1.8";"2.6 | 1.9";"3.8";"3.6";"70";"53";"36";"29";"3.3";"3.4";"2.2 | 1.5";"1.4 | 1.8"
"Finland";"FIN";"Kolmonen - Southern Group";"04-07-2026 07:00";"NS";"RiPS";"";"";"ToTe / Tapio";"2 | 2.4";"2.3 | 2";"4.4";"3.6";"93";"72";"43";"28";"3.3";"4";"1.9 | 2";"1.7 | 2.3"
"Finland";"FIN";"Kolmonen - Southern Group";"04-07-2026 10:00";"NS";"Atlantis II";"";"";"Futura";"";"";"";"3.6";"";"";"";"";"3.3";"";"";""
"Faroe Islands";"FRO";"1. Deild";"04-07-2026 11:00";"NS";"TB";"";"";"EB / Streymur II";"1.5 | 1.5";"1.5 | 2";"3.2";"4.2";"75";"25";"25";"25";"3.9";"2.8";"1.5 | 2";"1 | 1"
"Faroe Islands";"FRO";"1. Deild";"04-07-2026 13:30";"NS";"ÍF";"";"";"Víkingur II";"2.2 | 2.5";"2 | 3";"4.8";"4.2";"92";"84";"34";"34";"3.9";"4.5";"1.5 | 3";"2 | 2.5"
"Faroe Islands";"FRO";"Meistaradeildin";"04-07-2026 10:30";"NS";"B36";"";"";"Víkingur";"1.6 | 0.9";"1.7 | 2.4";"3.3";"3.9";"65";"40";"35";"15";"3.7";"3.2";"1.7 | 2.2";"1.5 | 0.9"
"Faroe Islands";"FRO";"Meistaradeildin";"04-07-2026 13:15";"NS";"AB Argir";"";"";"EB / Streymur";"2.6 | 2.3";"1.5 | 1";"3.7";"3.9";"70";"55";"40";"20";"3.7";"3.5";"1.4 | 1";"2.4 | 2.2"
"Faroe Islands";"FRO";"Meistaradeildin";"04-07-2026 14:30";"NS";"Skála";"";"";"B68";"1.4 | 1.3";"2.2 | 2.2";"3.6";"3.9";"58";"42";"31";"20";"3.7";"3.5";"2.2 | 2.2";"1.4 | 1.2"
"Germany";"GER";"Reg. Cup Bayern";"04-07-2026 06:00";"NS";"Kirchheimer SC";"";"";"Heimstetten";"";"";"";"";"";"";"";"";"";"";"";""
"Germany";"GER";"Reg. Cup Bayern";"04-07-2026 09:00";"NS";"Buckenhofen";"";"";"Neudrossenfeld";"";"";"";"";"";"";"";"";"";"";"";""
"Germany";"GER";"Reg. Cup Bayern";"04-07-2026 09:45";"NS";"Durach";"";"";"Kottern";"";"";"";"";"";"";"";"";"";"";"";""
"Germany";"GER";"Reg. Cup Bayern";"04-07-2026 11:00";"NS";"Lichtenfels";"";"";"Coburg";"";"";"";"";"";"";"";"";"";"";"";""
"Germany";"GER";"Reg. Cup Bayern";"04-07-2026 11:00";"NS";"Garmisch-Partenkirchen";"";"";"Ismaning";"";"";"";"";"";"";"";"";"";"";"";""
"Germany";"GER";"Reg. Cup Bayern";"04-07-2026 11:00";"NS";"Manching";"";"";"Gundelfingen";"";"";"";"";"";"";"";"";"";"";"";""
"Germany";"GER";"Reg. Cup Bayern";"04-07-2026 11:00";"NS";"Schwabmünchen";"";"";"Pipinsried";"";"";"";"";"";"";"";"";"";"";"";""
"Germany";"GER";"Reg. Cup Bayern";"04-07-2026 14:30";"NS";"DJK Bamberg";"";"";"Eintracht Bamberg";"";"";"";"";"";"";"";"";"";"";"";""
"Republic of Ireland";"IRL";"U20 National League";"04-07-2026 07:30";"NS";"St Patrick's U20";"";"";"Bohemians U20";"";"";"";"3.7";"";"";"";"";"3.5";"";"";""
"Republic of Ireland";"IRL";"U20 National League";"04-07-2026 09:00";"NS";"Drogheda United U20";"";"";"Shelbourne U20";"1.7 | 2";"1.3 | 2.1";"3.6";"3.7";"64";"50";"36";"14";"3.5";"3.4";"1.3 | 2.1";"1.4 | 2"
"Republic of Ireland";"IRL";"U20 National League";"04-07-2026 10:00";"NS";"Derry City U20";"";"";"Sligo Rovers U20";"1.6 | 1.2";"2 | 1.2";"3";"3.7";"62";"30";"22";"6";"3.5";"2.8";"2 | 1.2";"1.4 | 1.2"
"Republic of Ireland";"IRL";"U20 National League";"04-07-2026 10:00";"NS";"Mayo U20";"";"";"Athlone Town U20";"1 | 0.7";"1.7 | 0";"1.7";"3.7";"16";"16";"0";"0";"3.5";"1.5";"1.7 | 0";"1 | 0.3"
"Republic of Ireland";"IRL";"U20 National League";"04-07-2026 10:00";"NS";"Kerry FC U20";"";"";"Wexford U20";"";"";"";"3.7";"";"";"";"";"3.5";"";"";""
"Republic of Ireland";"IRL";"U20 National League";"04-07-2026 10:00";"NS";"Cork City U20";"";"";"Shamrock Rovers U20";"3.6 | 2";"2 | 1";"4.3";"3.7";"75";"75";"65";"20";"3.5";"4";"2 | 1";"3.4 | 1.5"
"Republic of Ireland";"IRL";"U20 National League";"04-07-2026 10:30";"NS";"Klub Kildare U20";"";"";"Finn Harps U20";"2.3 | 2.3";"2 | 2.3";"4.5";"3.7";"92";"92";"50";"8";"3.5";"4.2";"2 | 2.2";"2 | 2.3"
"Republic of Ireland";"IRL";"U20 National League";"04-07-2026 12:30";"NS";"Dundalk U20";"";"";"Longford Town U20";"2.3 | 1.7";"1.4 | 1.7";"3.5";"3.7";"54";"46";"30";"23";"3.5";"3.4";"1.4 | 1.7";"2.1 | 1.5"
"Republic of Ireland";"IRL";"U20 National League";"04-07-2026 12:30";"NS";"Treaty United U20";"";"";"Cobh Ramblers U20";"1.8 | 1.5";"1.8 | 2";"3.5";"3.7";"62";"62";"25";"0";"3.5";"3.1";"1.8 | 1.5";"1.5 | 1.5"
"Republic of Ireland";"IRL";"U20 National League";"04-07-2026 13:00";"NS";"CK United U20";"";"";"Waterford U20";"";"";"";"3.7";"";"";"";"";"3.5";"";"";""
"Iceland";"ISL";"Besta deild";"04-07-2026 11:00";"NS";"ÍA";"";"";"Breidablik";"1.9 | 2.1";"2.2 | 2.1";"4.2";"4.3";"74";"69";"42";"20";"4.2";"4";"2.1 | 2.1";"1.9 | 2"
"Iceland";"ISL";"Besta deild";"04-07-2026 13:00";"NS";"ÍBV";"";"";"Valur";"1.9 | 2.7";"2.2 | 1.6";"4.2";"4.3";"65";"60";"35";"35";"4.2";"4.1";"2.2 | 1.6";"1.8 | 2.6"
"Iceland";"ISL";"Inkasso-Deildin";"04-07-2026 11:00";"NS";"Grindavík";"";"";"Vestri";"1.8 | 1.9";"1.4 | 1.4";"3.2";"3.9";"65";"45";"20";"20";"3.8";"3.2";"1.4 | 1.4";"1.8 | 1.8"
"Iceland";"ISL";"Inkasso-Deildin";"04-07-2026 13:00";"NS";"Leiknir Reykjavík";"";"";"Völsungur";"2.4 | 2.1";"2.5 | 1.6";"4.3";"3.9";"90";"55";"40";"20";"3.8";"4.2";"2.3 | 1.6";"2.4 | 2.1"
"Iceland";"ISL";"2. Deild";"04-07-2026 11:00";"NS";"Fjölnir";"";"";"Kormákur / Hvöt";"2.7 | 3.1";"1.9 | 1.8";"4.8";"5.2";"74";"74";"52";"36";"4.9";"4.6";"1.9 | 1.7";"2.6 | 3"
"Iceland";"ISL";"2. Deild";"04-07-2026 11:00";"NS";"KFA";"";"";"Víkingur Ólafsvík";"2.7 | 2.1";"3 | 1.6";"4.7";"5.2";"72";"67";"50";"28";"4.9";"4.3";"2.4 | 1.6";"2.6 | 2"
"Iceland";"ISL";"2. Deild";"04-07-2026 13:00";"NS";"Magni";"";"";"Thróttur Vogar";"2.9 | 2.2";"2.1 | 2.7";"5";"5.2";"94";"94";"62";"28";"4.9";"4.8";"2.1 | 2.7";"2.8 | 2"
"Iceland";"ISL";"3. Deild";"04-07-2026 11:00";"NS";"Árbær";"";"";"Höttur";"2.5 | 2.3";"1.8 | 2";"4.2";"4.2";"88";"88";"36";"12";"4.1";"4.2";"1.8 | 2";"2.4 | 2.3"
"Iceland";"ISL";"3. Deild";"04-07-2026 13:00";"NS";"KH Hlidarendi";"";"";"KF";"1.4 | 2.3";"2.6 | 1.5";"3.9";"4.2";"69";"62";"38";"31";"4.1";"3.9";"2.6 | 1.5";"1.4 | 2.3"
"Iceland";"ISL";"3. Deild";"04-07-2026 13:00";"NS";"Vídir";"";"";"Tindastóll";"2 | 1";"1.7 | 1.8";"3.2";"4.2";"54";"41";"28";"13";"4.1";"3";"1.4 | 1.6";"1.9 | 1"
"Iceland";"ISL";"3. Deild";"04-07-2026 13:00";"NS";"Sindri";"";"";"Augnablik";"1.6 | 2.4";"1 | 2";"3.5";"4.2";"49";"44";"26";"21";"4.1";"3.4";"1 | 2";"1.6 | 2.3"
"Japan";"JPN";"Regional Leagues: Kyushu";"04-07-2026 05:00";"NS";"Miyakonojo";"";"";"Kawasoe Club";"1.4 | 1.3";"1 | 1.3";"2.5";"2";"50";"22";"14";"0";"1.9";"2.4";"1 | 1.1";"1.4 | 1.3"
"Japan";"JPN";"Regional Leagues: Kyushu";"04-07-2026 22:00";"NS";"Atletico Celeste";"";"";"Nippon Steel Oita";"0 | 1.3";"0.5 | 1.3";"1.6";"2";"22";"7";"7";"0";"1.9";"1.4";"0.5 | 1.3";"0 | 1.1"
"Japan";"JPN";"Regional Leagues: Kyushu";"04-07-2026 22:00";"NS";"Brew Saga";"";"";"Nobeoka";"1.3 | 0.5";"0.7 | 2";"2.2";"2";"21";"21";"21";"8";"1.9";"2";"0.7 | 1.8";"1.2 | 0.5"
"Japan";"JPN";"Regional Leagues: Kyushu";"04-07-2026 22:00";"NS";"Heavy Industries";"";"";"KMG Holdings";"2 | 1.5";"0.6 | 1.2";"2.7";"2";"45";"32";"16";"6";"1.9";"2.4";"0.6 | 1.1";"1.8 | 1.4"
"Japan";"JPN";"Regional Leagues: Chugoku";"04-07-2026 04:00";"NS";"Beluga Rosso Hamada";"";"";"Mizushima";"1 | 1.6";"2.7 | 0.7";"3";"";"55";"24";"24";"24";"";"2.8";"2.3 | 0.7";"1 | 1.6"
"Japan";"JPN";"Regional Leagues: Chugoku";"04-07-2026 06:00";"NS";"Hatsukaichi";"";"";"ENEOS Mizushima";"1 | 1.1";"0.5 | 1.2";"1.9";"";"42";"11";"6";"0";"";"1.8";"0.5 | 1.1";"1 | 1.1"
"Japan";"JPN";"Regional Leagues: Chugoku";"04-07-2026 06:00";"NS";"Fukuyama City";"";"";"SRC Hiroshima";"1 | 1.2";"1.5 | 1";"2.4";"";"42";"12";"12";"0";"";"2.2";"1.5 | 1";"1 | 1"
"Japan";"JPN";"Regional Leagues: Kanto";"04-07-2026 03:00";"NS";"Tokyo 23";"";"";"Toin Yokohama UFC";"";"";"";"0";"";"";"";"";"0";"";"";""
"Japan";"JPN";"Regional Leagues: Kansai";"04-07-2026 02:00";"NS";"Velago Ikoma";"";"";"Asuka FC";"1.6 | 1.6";"1.6 | 1.5";"3.2";"";"68";"45";"10";"0";"";"3";"1.6 | 1.5";"1.4 | 1.6"
"Japan";"JPN";"Regional Leagues: Kansai";"04-07-2026 06:30";"NS";"Arterivo Wakayama";"";"";"Moriyama Samurai";"1.8 | 1";"1.5 | 1";"2.6";"";"58";"35";"0";"0";"";"2.5";"1.2 | 1";"1.8 | 1"
"Japan";"JPN";"Regional Leagues: Kansai";"04-07-2026 06:30";"NS";"Cento Cuore Harima";"";"";"Ococias Kyoto";"1 | 1.7";"2.2 | 2.7";"3.8";"";"80";"54";"26";"16";"";"3.4";"2.2 | 2";"1 | 1.7"
"Japan";"JPN";"Regional Leagues: Kansai";"04-07-2026 22:30";"NS";"Basara Hyogo";"";"";"Laranja Kyoto";"1.3 | 1.8";"0.7 | 1";"2.4";"";"36";"26";"10";"10";"";"2.2";"0.7 | 1";"1.3 | 1.4"
"Kazakhstan";"KAZ";"Premier League";"04-07-2026 09:00";"NS";"Altay";"";"";"Tobol";"2.7 | 2.1";"2.4 | 2.7";"4.9";"4.7";"95";"90";"65";"35";"4.5";"4.5";"2.2 | 2.6";"2.5 | 1.7"
"Kazakhstan";"KAZ";"Premier League";"04-07-2026 10:00";"NS";"Kyzyl-Zhar";"";"";"Yelimay Semey";"3.1 | 2.3";"1.9 | 2.4";"4.8";"4.7";"80";"70";"55";"40";"4.5";"4.6";"1.9 | 2.4";"2.8 | 2.2"
"South Korea";"KOR";"Korean Cup";"04-07-2026 04:00";"NS";"Jincheon HR";"";"";"Siheung Citizen";"1.5 | 2";"2.3 | 1.6";"3.7";"2";"75";"40";"30";"20";"2";"3.6";"2.2 | 1.4";"1.5 | 2"
"South Korea";"KOR";"Korean Cup";"04-07-2026 06:00";"NS";"Pocheon";"";"";"Daejeon Korail";"2.3 | 1.8";"2.3 | 1.8";"4.1";"2";"94";"73";"30";"16";"2";"4";"2.1 | 1.8";"2.2 | 1.8"
"South Korea";"KOR";"Korean Cup";"04-07-2026 06:00";"NS";"Changwon City";"";"";"Geumsan Insam";"1.9 | 1.8";"1.4 | 2";"3.6";"2";"68";"36";"26";"21";"2";"3.5";"1.4 | 1.9";"1.9 | 1.8"
"South Korea";"KOR";"Korean Cup";"04-07-2026 07:00";"NS";"Gangneung City";"";"";"Jecheon Citizen";"1.6 | 1.9";"1.3 | 2";"3.4";"2";"74";"46";"20";"5";"2";"3.3";"1.3 | 1.9";"1.4 | 1.9"
"South Korea";"KOR";"Korean Cup";"04-07-2026 07:00";"NS";"Together";"";"";"Pyeongchang United";"2 | 2.1";"1 | 1.2";"3.2";"2";"58";"47";"42";"0";"2";"3.2";"1 | 1.2";"2 | 2.1"
"South Korea";"KOR";"Korean Cup";"04-07-2026 07:00";"NS";"Haman";"";"";"Dangjin Citizen";"2.1 | 1.6";"1.6 | 2.1";"3.7";"2";"75";"45";"35";"25";"2";"3.6";"1.5 | 1.9";"2.1 | 1.6"
"South Korea";"KOR";"Korean Cup";"04-07-2026 07:00";"NS";"Ulsan FC";"";"";"Yangpyeong";"";"";"";"";"";"";"";"";"";"";"";""
"South Korea";"KOR";"Korean Cup";"04-07-2026 07:00";"NS";"Jinju Citizen";"";"";"Sejong SA";"1.7 | 1.6";"2.2 | 2";"3.8";"2";"60";"40";"25";"20";"2";"3.7";"2.2 | 2";"1.6 | 1.6"
"South Korea";"KOR";"Korean Cup";"04-07-2026 07:00";"NS";"Mokpo City";"";"";"Anseong Citizens";"";"";"";"";"";"";"";"";"";"";"";""
"South Korea";"KOR";"Korean Cup";"04-07-2026 07:00";"NS";"Ulsan Citize";"";"";"Chuncheon";"1.8 | 1.8";"1.5 | 2.2";"3.6";"2";"60";"50";"35";"25";"2";"3.6";"1.5 | 2.2";"1.7 | 1.7"
"South Korea";"KOR";"K League 2";"04-07-2026 07:30";"NS";"Suwon Bluewings";"";"";"Seongnam";"1.6 | 2";"3 | 2.9";"4.8";"4.2";"90";"75";"60";"35";"3.9";"4.6";"3 | 2.8";"1.6 | 1.8"
"South Korea";"KOR";"K League 2";"04-07-2026 07:30";"NS";"Paju Citizen";"";"";"Yongin City";"2.6 | 2.8";"2.3 | 1.9";"4.8";"4.2";"85";"75";"60";"40";"3.9";"4.4";"2.2 | 1.7";"2.3 | 2.6"
"South Korea";"KOR";"K League 2";"04-07-2026 07:30";"NS";"Ansan Greeners";"";"";"Suwon";"1.3 | 1.9";"2.1 | 2.7";"4";"4.2";"95";"65";"35";"10";"3.9";"3.8";"1.9 | 2.5";"1.3 | 1.9"
"South Korea";"KOR";"K League 2";"04-07-2026 07:30";"NS";"Cheongju";"";"";"Daegu";"1.5 | 1.7";"2.6 | 2.1";"4";"4.2";"85";"55";"30";"20";"3.9";"3.8";"2.5 | 2.1";"1.4 | 1.6"
"Lithuania";"LTU";"A Lyga";"04-07-2026 10:00";"NS";"Panevėžys";"";"";"Hegelmann Litauen";"2.3 | 2.2";"2.9 | 2.1";"4.8";"4.1";"95";"75";"50";"30";"3.9";"4.6";"2.9 | 2";"2.1 | 2.1"
"Latvia";"LVA";"Virsliga";"04-07-2026 10:00";"NS";"FC Daugavpils";"";"";"Liepāja";"1 | 2.3";"1.1 | 1.9";"3.2";"4.4";"55";"40";"35";"10";"4.3";"3";"1 | 1.9";"1 | 2.1"
"Latvia";"LVA";"Virsliga";"04-07-2026 12:00";"NS";"Rīgas FS";"";"";"Auda";"1.5 | 3.1";"2.2 | 2.8";"4.8";"4.4";"80";"75";"45";"40";"4.3";"4.6";"2 | 2.8";"1.5 | 2.8"
"Latvia";"LVA";"First Liga";"04-07-2026 07:00";"NS";"Riga FC II";"";"";"Tukums II";"2.6 | 1.2";"2.1 | 1.1";"3.5";"4.4";"72";"50";"22";"16";"4.2";"3.3";"2.1 | 1.1";"2.2 | 1.2"
"Latvia";"LVA";"First Liga";"04-07-2026 08:00";"NS";"JDFS Alberts";"";"";"Beitar / Riga Mariners";"2.4 | 2.5";"1.8 | 3";"4.8";"4.4";"89";"66";"54";"42";"4.2";"4.8";"1.8 | 2.9";"2.3 | 2.5"
"Latvia";"LVA";"First Liga";"04-07-2026 10:00";"NS";"Mārupe";"";"";"Smiltene";"2.4 | 2.3";"1.7 | 2.4";"4.4";"4.4";"74";"69";"50";"29";"4.2";"4.2";"1.6 | 2.2";"2.3 | 2.2"
"Latvia";"LVA";"First Liga";"04-07-2026 11:00";"NS";"Rēzekne / BJSS";"";"";"JFK Ventspils";"1.6 | 2.4";"1 | 2.5";"3.8";"4.4";"72";"58";"38";"19";"4.2";"3.8";"1 | 2.5";"1.6 | 2.4"
"Latvia";"LVA";"First Liga";"04-07-2026 13:00";"NS";"Metta / LU";"";"";"Skanste";"0.9 | 1.1";"1.3 | 2";"2.7";"4.4";"59";"24";"17";"6";"4.2";"2.7";"1.3 | 2";"0.9 | 1.1"
"Macau";"MAC";"Primeira Division";"04-07-2026 08:00";"NS";"Jia Hua";"";"";"Gorila do Universo";"2 | 1.4";"1.8 | 2.1";"3.6";"3.9";"60";"55";"35";"25";"3.6";"3.4";"1.6 | 2";"1.8 | 1.4"
"Macau";"MAC";"Primeira Division";"04-07-2026 10:00";"NS";"CPK";"";"";"Benfica de Macau";"1.9 | 2.1";"1.3 | 2";"3.6";"3.9";"74";"64";"16";"16";"3.6";"3.2";"1.1 | 2";"1.6 | 1.8"
"Moldova";"MDA";"Super Liga";"04-07-2026 12:00";"NS";"FC Politehnica";"";"";"Sheriff";"1.6 | 2.1";"1.3 | 2.9";"4";"";"88";"47";"30";"30";"";"3.8";"1.3 | 2.7";"1.6 | 2.1"
"Moldova";"MDA";"Super Liga";"04-07-2026 14:00";"NS";"Petrocub";"";"";"Milsami";"2.5 | 2.3";"2.1 | 1.7";"4.3";"";"80";"55";"40";"35";"";"4.2";"2 | 1.7";"2.3 | 2.3"
"Mongolia";"MNG";"Premier League";"04-07-2026 05:00";"NS";"Khoromkhon Club";"";"";"Khovd Western";"1.3 | 2.1";"1.5 | 2.3";"3.6";"3.5";"60";"55";"35";"20";"3.3";"3.4";"1.5 | 2.1";"1.3 | 1.9"
"Mongolia";"MNG";"Premier League";"04-07-2026 08:00";"NS";"Ulaangom City";"";"";"Hunters";"1.8 | 1.7";"2 | 1.1";"3.3";"3.5";"50";"45";"25";"15";"3.3";"3.2";"2 | 1.1";"1.8 | 1.5"
"Nicaragua";"NCA";"Copa Nicaragua";"04-07-2026 18:00";"NS";"Xilotepelt";"";"";"Real Estelí";"";"";"";"4.4";"";"";"";"";"4.2";"";"";""
"Nicaragua";"NCA";"Copa Nicaragua";"04-07-2026 21:00";"NS";"Diriangén";"";"";"H&H Export";"2.9 | 2.2";"3.1 | 2.1";"5.2";"4.4";"84";"68";"68";"52";"4.2";"4.9";"3 | 1.9";"2.8 | 2.2"
"Nicaragua";"NCA";"Copa Nicaragua";"04-07-2026 22:00";"NS";"Matagalpa";"";"";"Jalapa";"2.6 | 1.2";"2.3 | 3.7";"4.9";"4.4";"93";"69";"50";"38";"4.2";"4.8";"2.3 | 3.3";"2.6 | 1.2"
"Norway";"NOR";"1. Division";"04-07-2026 09:00";"NS";"Egersund";"";"";"Moss";"1.6 | 1.9";"1.5 | 1.7";"3.4";"3.4";"65";"45";"40";"5";"3.4";"3.4";"1.5 | 1.7";"1.6 | 1.9"
"Norway";"NOR";"1. Division";"04-07-2026 11:00";"NS";"Hødd";"";"";"Strømsgodset";"1.8 | 1";"2.4 | 1.6";"3.4";"3.4";"75";"55";"20";"0";"3.4";"3.3";"2.3 | 1.5";"1.8 | 1"
"Norway";"NOR";"1. Division";"04-07-2026 13:00";"NS";"Bryne";"";"";"Sandnes Ulf";"2.4 | 1.9";"1.6 | 1.9";"3.9";"3.4";"80";"55";"35";"20";"3.4";"3.8";"1.6 | 1.9";"2.4 | 1.8"
"New Zealand";"NZL";"National League";"04-07-2026 04:00";"NS";"Auckland II";"";"";"Bay Olympic";"1.7 | 2.6";"2.6 | 1.1";"4";"3.1";"68";"48";"38";"21";"3";"3.8";"2.4 | 1.1";"1.6 | 2.5"
"New Zealand";"NZL";"Chatham Cup";"04-07-2026 00:00";"NS";"South City Royals";"";"";"Cashmere Technical";"1.8 | 0.9";"0.7 | 1.9";"2.6";"3.1";"54";"23";"23";"16";"3.1";"2.6";"0.7 | 1.7";"1.8 | 0.9"
"New Zealand";"NZL";"Chatham Cup";"04-07-2026 00:00";"NS";"Melville United";"";"";"Hibiscus Coast";"";"";"";"3.1";"";"";"";"";"3.1";"";"";""
"New Zealand";"NZL";"Chatham Cup";"04-07-2026 00:45";"NS";"Island Bay United";"";"";"Miramar";"1.8 | 1.7";"0.9 | 1.4";"2.9";"3.1";"58";"46";"10";"10";"3.1";"2.9";"0.9 | 1.4";"1.8 | 1.7"
"New Zealand";"NZL";"Chatham Cup";"04-07-2026 03:00";"NS";"Fencibles United";"";"";"South Auckland Rangers";"";"";"";"3.1";"";"";"";"";"3.1";"";"";""
"Paraguay";"PAR";"Campeonato Femenino";"04-07-2026 16:30";"NS";"Sportivo San Lorenzo";"";"";"Nacional / Humaitá W";"1.9 | 2";"2.7 | 1.9";"4.2";"3.9";"80";"70";"45";"15";"3.7";"3.8";"2.4 | 1.8";"1.7 | 1.8"
"Paraguay";"PAR";"Campeonato Femenino";"04-07-2026 18:30";"NS";"Guaraní W";"";"";"Olimpia W";"2.3 | 1.6";"1.3 | 1.2";"3.2";"3.9";"74";"42";"16";"0";"3.7";"3.2";"1.3 | 1.2";"2.3 | 1.5"
"Paraguay";"PAR";"Campeonato Femenino";"04-07-2026 20:30";"NS";"Club Libertad W";"";"";"Cerro Porteño W";"1.3 | 1.3";"1.9 | 1.6";"3";"3.9";"58";"42";"21";"6";"3.7";"3";"1.8 | 1.6";"1.3 | 1.2"
"Russia";"RUS";"FNL 2 - Group 1";"04-07-2026 10:30";"NS";"Pobeda";"";"";"Rostov II";"1.8 | 1.8";"1.4 | 2.3";"3.6";"3.8";"72";"50";"28";"22";"3.6";"3.6";"1.4 | 2.3";"1.8 | 1.8"
"Russia";"RUS";"FNL 2 - Group 1";"04-07-2026 11:00";"NS";"Nart Cherkessk";"";"";"Kyzyltash";"1.2 | 2";"1.2 | 1.9";"3.2";"3.8";"66";"42";"18";"12";"3.6";"3";"1.2 | 1.6";"1.2 | 2"
"Russia";"RUS";"FNL 2 - Group 1";"04-07-2026 11:00";"NS";"Spartak Nal'chik";"";"";"Sevastopol";"2.2 | 1.2";"1.3 | 2.1";"3.5";"3.8";"71";"58";"41";"12";"3.6";"3.4";"1.3 | 2.1";"2.2 | 1.1"
"Russia";"RUS";"FNL 2 - Group 1";"04-07-2026 11:00";"NS";"Neftyanik Ufa";"";"";"Chayka II";"1.9 | 1.7";"2.1 | 0.6";"3.1";"3.8";"66";"56";"28";"6";"3.6";"3";"1.9 | 0.6";"1.8 | 1.7"
"Russia";"RUS";"FNL 2 - Group 1";"04-07-2026 11:30";"NS";"Astrakhan";"";"";"Zarya Lugansk";"1.8 | 1.8";"2.3 | 1.4";"3.6";"3.8";"70";"53";"29";"29";"3.6";"3.4";"2.1 | 1.2";"1.8 | 1.8"
"Russia";"RUS";"FNL 2 - Group 1";"04-07-2026 12:00";"NS";"Druzhba";"";"";"Rubin Yalta";"0.8 | 1.6";"1.4 | 2.2";"3";"3.8";"68";"56";"26";"10";"3.6";"2.9";"1.4 | 2";"0.8 | 1.6"
"Russia";"RUS";"FNL 2 - Group 2";"04-07-2026 07:00";"NS";"Iskra Smolensk";"";"";"Tver";"1.3 | 2.1";"1.5 | 1.9";"3.4";"3.9";"65";"55";"30";"15";"3.8";"3.4";"1.5 | 1.8";"1.3 | 2.1"
"Russia";"RUS";"FNL 2 - Group 2";"04-07-2026 08:00";"NS";"Zvezda Sint Petersburg";"";"";"FK Dinamo St. Petersburg";"0.7 | 2.2";"1.3 | 2.6";"3.4";"3.9";"62";"40";"30";"26";"3.8";"3.3";"1.2 | 2.6";"0.7 | 2.1"
"Russia";"RUS";"FNL 2 - Group 2";"04-07-2026 21:00";"NS";"Irkutsk";"";"";"Chertanovo";"1.9 | 2.2";"1.6 | 2.2";"4";"3.9";"84";"71";"25";"15";"3.8";"4";"1.6 | 2.2";"1.9 | 2.2"
"Russia";"RUS";"FNL 2 - Group 3";"04-07-2026 07:00";"NS";"Avangard Kursk";"";"";"Spartak Tambov";"2.8 | 2.4";"2.1 | 1.9";"4.6";"4";"84";"68";"53";"43";"3.9";"4.6";"2 | 1.9";"2.8 | 2.4"
"Russia";"RUS";"FNL 2 - Group 3";"04-07-2026 09:00";"NS";"Volna Kovernino";"";"";"Shumbrat";"3.1 | 1.1";"2.1 | 1.5";"3.9";"4";"75";"55";"45";"30";"3.9";"3.8";"2.1 | 1.4";"2.9 | 1.1"
"Russia";"RUS";"FNL 2 - Group 3";"04-07-2026 09:00";"NS";"Ryazan";"";"";"SKA-Energiya II";"1.4 | 1.8";"2.4 | 2";"3.8";"4";"79";"58";"42";"26";"3.9";"3.8";"2.4 | 2";"1.3 | 1.8"
"Russia";"RUS";"FNL 2 - Group 3";"04-07-2026 09:00";"NS";"Kvant";"";"";"Arsenal Tula II";"1.7 | 1.9";"1.9 | 2";"3.8";"4";"84";"58";"26";"16";"3.9";"3.8";"1.9 | 2";"1.7 | 1.9"
"Russia";"RUS";"FNL 2 - Group 3";"04-07-2026 11:00";"NS";"Rodina Moskva III";"";"";"Saturn Ramenskoye";"1.8 | 2.7";"3 | 2.8";"5.2";"4";"90";"68";"52";"37";"3.9";"5";"3 | 2.5";"1.8 | 2.7"
"Russia";"RUS";"FNL 2 - Group 3";"04-07-2026 12:00";"NS";"Rotor-2";"";"";"Strogino";"1.8 | 2";"1.3 | 1.5";"3.3";"4";"65";"50";"30";"15";"3.9";"3.3";"1.3 | 1.5";"1.8 | 2"
"Russia";"RUS";"FNL 2 - Group 3";"04-07-2026 12:00";"NS";"Orel";"";"";"Metallurg Lipetsk";"2.7 | 1.9";"2.4 | 2.5";"4.8";"4";"89";"72";"60";"44";"3.9";"4.5";"2.3 | 2.5";"2.7 | 1.5"
"Sierra Leone";"SLE";"Premier League";"04-07-2026 13:30";"POSTPONED";"Freetown City";"";"";"Ports Authority";"1.7 | 1.2";"1.3 | 1.4";"2.8";"2.4";"46";"36";"11";"11";"2.3";"2.6";"1.1 | 1.4";"1.4 | 1.2"
"Sierra Leone";"SLE";"Premier League";"04-07-2026 13:30";"POSTPONED";"Wilberforce Strikers";"";"";"Luawa";"1.9 | 1.6";"0.9 | 1.2";"2.8";"2.4";"56";"38";"22";"6";"2.3";"2.8";"0.9 | 1.2";"1.9 | 1.4"
"Sierra Leone";"SLE";"Premier League";"04-07-2026 13:30";"POSTPONED";"Star Sport Academy";"";"";"Wusum Stars";"0.6 | 1.4";"1.6 | 0.9";"2.2";"2.4";"32";"32";"0";"0";"2.3";"2.2";"1.6 | 0.9";"0.6 | 1.4"
"Sierra Leone";"SLE";"Premier League";"04-07-2026 13:30";"POSTPONED";"Old Edwardians";"";"";"SLIFA Mount Aureol";"1 | 0.8";"1.1 | 1.6";"2.2";"2.4";"41";"24";"11";"0";"2.3";"2.2";"1.1 | 1.6";"1 | 0.8"
"Sierra Leone";"SLE";"Premier League";"04-07-2026 13:30";"POSTPONED";"Bai Bureh Warriors";"";"";"Diamond Stars";"0.9 | 1.5";"1 | 1.7";"2.6";"2.4";"40";"32";"32";"16";"2.3";"2.4";"0.9 | 1.7";"0.9 | 1.5"
"Sierra Leone";"SLE";"Premier League";"04-07-2026 13:30";"POSTPONED";"East End Lions";"";"";"Bullom Stars";"1.6 | 1.1";"1 | 1.2";"2.4";"2.4";"44";"38";"7";"0";"2.3";"2.4";"1 | 1.2";"1.6 | 1.1"
"Sierra Leone";"SLE";"Premier League";"04-07-2026 13:30";"POSTPONED";"Bhantal";"";"";"Kamboi Eagles";"1.8 | 1.1";"1.5 | 1.9";"3.1";"2.4";"54";"40";"20";"12";"2.3";"3.1";"1.5 | 1.9";"1.8 | 1.1"
"Sierra Leone";"SLE";"Premier League";"04-07-2026 13:30";"POSTPONED";"Bo Rangers";"";"";"Mighty Blackpool";"0.7 | 1.6";"1 | 2";"2.6";"2.4";"58";"36";"7";"0";"2.3";"2.6";"1 | 2";"0.7 | 1.6"
"Sierra Leone";"SLE";"Premier League";"04-07-2026 13:30";"POSTPONED";"Kallon";"";"";"Abacha City";"1.1 | 0.8";"0.9 | 1.1";"2";"2.4";"36";"12";"6";"6";"2.3";"1.8";"0.9 | 0.9";"1 | 0.7"
"United States";"USA";"USL Championship";"04-07-2026 17:00";"NS";"Indy Eleven";"";"";"Charleston Battery";"1.8 | 2.1";"2.8 | 3";"4.8";"4.6";"95";"85";"50";"35";"4.5";"4.6";"2.7 | 2.7";"1.8 | 2.1"
"United States";"USA";"USL Championship";"04-07-2026 19:00";"NS";"Tampa Bay Rowdies";"";"";"Lexington";"2.4 | 2.4";"1.8 | 2.1";"4.4";"4.6";"70";"60";"40";"25";"4.5";"4.2";"1.8 | 1.8";"2.4 | 2.3"
"United States";"USA";"USL Championship";"04-07-2026 20:00";"NS";"Pittsburgh Riverhounds";"";"";"Brooklyn FC";"1.6 | 1.3";"1.6 | 2.6";"3.6";"4.6";"65";"45";"25";"20";"4.5";"3.4";"1.6 | 2.4";"1.5 | 1.2"
"United States";"USA";"USL Championship";"04-07-2026 20:30";"NS";"Rhode Island";"";"";"Orange County";"1.9 | 1.7";"2.2 | 1.8";"3.8";"4.6";"75";"65";"25";"20";"4.5";"3.7";"2.1 | 1.8";"1.9 | 1.6"
"United States";"USA";"USL Championship";"04-07-2026 21:00";"NS";"Louisville City";"";"";"Hartford Athletic";"2 | 2.7";"2.6 | 2.4";"4.8";"4.6";"85";"85";"60";"30";"4.5";"4.6";"2.5 | 2.3";"2 | 2.3"
"United States";"USA";"USL Championship";"04-07-2026 21:30";"NS";"Tulsa Roughnecks";"";"";"Sacramento Republic";"3.1 | 2.6";"3 | 2.6";"5.6";"4.6";"85";"80";"55";"40";"4.5";"5.4";"2.8 | 2.5";"2.9 | 2.5"
"United States";"USA";"USL Championship";"04-07-2026 22:00";"NS";"San Antonio";"";"";"Monterey Bay";"3.1 | 2.3";"2.7 | 1.6";"4.8";"4.6";"90";"70";"50";"35";"4.5";"4.6";"2.5 | 1.4";"3.1 | 2.2"
"United States";"USA";"USL Championship";"04-07-2026 22:00";"NS";"Colorado Springs";"";"";"Phoenix Rising";"2.3 | 2.8";"3.9 | 1.9";"5.4";"4.6";"85";"75";"70";"60";"4.5";"5.2";"3.7 | 1.8";"2.3 | 2.6"
"United States";"USA";"USL Championship";"04-07-2026 22:30";"NS";"New Mexico United";"";"";"Oakland Roots";"2.8 | 2";"2.9 | 2.2";"5";"4.6";"80";"70";"55";"50";"4.5";"4.6";"2.7 | 2";"2.8 | 1.8"
"United States";"USA";"USL Championship";"04-07-2026 23:30";"NS";"Las Vegas Lights";"";"";"El Paso Locomotive";"2 | 2.7";"2.1 | 2.3";"4.6";"4.6";"85";"65";"50";"30";"4.5";"4.2";"2 | 2.2";"1.9 | 2.2"
"United States";"USA";"USL League Two";"04-07-2026 21:00";"NS";"Jackson Boom";"";"";"Mississippi Brilla";"";"";"";"4";"";"";"";"";"3.8";"";"";""
"United States";"USA";"USL League Two";"04-07-2026 21:00";"NS";"Twin City Toucans";"";"";"Laredo Heat";"3.3 | 3";"2.3 | 4";"6.4";"4";"100";"100";"84";"67";"3.8";"5.2";"1.3 | 3.7";"2.3 | 3"
"United States";"USA";"USL League Two";"04-07-2026 21:00";"NS";"GFI";"";"";"Houston Sur";"";"";"";"4";"";"";"";"";"3.8";"";"";""
"United States";"USA";"USL League Two";"04-07-2026 21:30";"NS";"McKinney Chupacabras";"";"";"Texoma";"1.2 | 1.2";"2.7 | 1.5";"3.2";"4";"66";"58";"25";"0";"3.8";"2.9";"2.3 | 1.5";"1 | 1"
"United States";"USA";"USL League One";"04-07-2026 20:00";"NS";"NY Cosmos";"";"";"Greenville Triumph";"3.3 | 2.9";"2.8 | 2";"5.5";"5.1";"95";"95";"74";"54";"4.9";"5.2";"2.7 | 2";"3.1 | 2.7"
"United States";"USA";"USL League One";"04-07-2026 20:30";"NS";"Fort Wayne";"";"";"Spokane Velocity";"3.3 | 1.7";"2.6 | 2.2";"4.9";"5.1";"85";"75";"60";"40";"4.9";"4.8";"2.4 | 2.2";"3.3 | 1.6"
"United States";"USA";"USL League One";"04-07-2026 20:30";"NS";"Corpus Christi";"";"";"Chattanooga Red Wolves";"3.7 | 2.1";"3 | 2";"5.4";"5.1";"90";"80";"65";"45";"4.9";"5.2";"2.9 | 2";"3.5 | 2.1"
"United States";"USA";"USL League One";"04-07-2026 20:30";"CANCELLED";"Forward Madison";"";"";"Tormenta";"3.3 | 3.5";"2.3 | 2.8";"5.9";"5.1";"95";"90";"90";"55";"4.9";"5.7";"2.2 | 2.6";"3.1 | 3.5"
"United States";"USA";"NPSL";"04-07-2026 11:00";"NS";"WC Predators";"";"";"West Chester United";"1.7 | 2.2";"2.3 | 3.4";"4.8";"4.2";"84";"74";"64";"30";"4";"4.8";"2.3 | 3.4";"1.7 | 2.2"
"United States";"USA";"NPSL";"04-07-2026 17:00";"NS";"Newport";"";"";"Osner’s";"";"";"";"4.2";"";"";"";"";"4";"";"";""
"United States";"USA";"NPSL";"04-07-2026 20:00";"NS";"Bristol Rhythm";"";"";"Mint Hill";"";"";"";"4.2";"";"";"";"";"4";"";"";""
"United States";"USA";"MLS Next Pro";"04-07-2026 20:00";"NS";"Atlanta United II";"";"";"Toronto II";"1.9 | 1.7";"2.7 | 2.1";"4.2";"4.5";"90";"70";"30";"25";"4.3";"3.9";"2.4 | 2.1";"1.7 | 1.6"
"United States";"USA";"MLS Next Pro";"04-07-2026 20:30";"NS";"Chattanooga";"";"";"Inter Miami II";"1.3 | 2.8";"2.1 | 2.1";"4.2";"4.5";"85";"65";"45";"25";"4.3";"4";"2.1 | 1.9";"1.2 | 2.7"
"United States";"USA";"MLS Next Pro";"04-07-2026 21:45";"NS";"North Texas";"";"";"St. Louis City II";"1.9 | 1.9";"2.1 | 1.4";"3.6";"4.5";"70";"40";"25";"15";"4.3";"3.4";"2.1 | 1.3";"1.7 | 1.7"
"Yemen";"YEM";"Yemeni League";"04-07-2026 10:00";"NS";"Shaab Hadramout FC";"";"";"Shabab Al Bayda FC";"";"";"";"1.2";"";"";"";"";"1";"";"";""
"Yemen";"YEM";"Yemeni League";"04-07-2026 10:00";"NS";"Al Yarmouk FC";"";"";"Salam Al Gharfa FC";"";"";"";"1.2";"";"";"";"";"1";"";"";""
"Australia";"AUS";"Western Australia NPL Women";"04-07-2026 02:00";"NS";"West NTC W";"";"";"Fremantle City W";"0.2 | 0.7";"0.5 | 0.3";"0.8";"1.3";"0";"0";"0";"0";"1.3";"0.8";"0.5 | 0.2";"0.2 | 0.7"
"Australia";"AUS";"Queensland NPL Women";"04-07-2026 02:00";"NS";"Gold Coast United W";"";"";"Souths Strikers W";"0.3 | 0.6";"0.7 | 0.6";"1.1";"1.3";"24";"10";"0";"0";"1.2";"1";"0.6 | 0.6";"0.3 | 0.6"
"Australia";"AUS";"Queensland NPL Women";"04-07-2026 04:15";"NS";"Lions W";"";"";"Brisbane Olympic W";"1.3 | 0.6";"0.4 | 0.6";"1.4";"1.3";"22";"0";"0";"0";"1.2";"1.4";"0.4 | 0.6";"1.3 | 0.6"
"Australia";"AUS";"Queensland NPL Women";"04-07-2026 05:00";"NS";"FQ QAS W";"";"";"Sunshine Coast Wanderers W";"1.3 | 1";"1.1 | 0.2";"1.8";"1.3";"34";"7";"0";"0";"1.2";"1.8";"1.1 | 0.2";"1.3 | 0.9"
"Australia";"AUS";"Queensland NPL Women";"04-07-2026 05:30";"NS";"Gold Coast Knights W";"";"";"Capalaba W";"0.2 | 0.6";"0.7 | 0.4";"0.9";"1.3";"11";"0";"0";"0";"1.2";"0.9";"0.7 | 0.4";"0.2 | 0.6"
"Australia";"AUS";"South Australia NPL Women";"04-07-2026 02:45";"NS";"Modbury Vista W";"";"";"Salisbury Inter W";"0.7 | 0.7";"0.1 | 0.4";"1";"1.3";"7";"0";"0";"0";"1.3";"1";"0.1 | 0.4";"0.7 | 0.7"
"Australia";"AUS";"South Australia NPL Women";"04-07-2026 04:00";"NS";"MetroStars";"";"";"WT Birkalla W";"1.1 | 1";"0.8 | 0.3";"1.6";"1.3";"14";"8";"0";"0";"1.3";"1.6";"0.8 | 0.3";"1.1 | 1"
"Australia";"AUS";"Victoria NPL Women";"04-07-2026 02:00";"NS";"Melbourne Victory II";"";"";"Box Hill United W";"0.6 | 0.7";"1 | 0.8";"1.5";"1.5";"33";"6";"6";"0";"1.5";"1.5";"1 | 0.8";"0.6 | 0.7"
"Australia";"AUS";"Victoria NPL Women";"04-07-2026 02:00";"NS";"Keilor ParkW";"";"";"Melbourne City II";"1.4 | 1.2";"0.9 | 0.4";"2";"1.5";"24";"18";"18";"0";"1.5";"2";"0.9 | 0.4";"1.4 | 1.2"
"Australia";"AUS";"Victoria NPL Women";"04-07-2026 02:00";"NS";"Alamein W";"";"";"Preston Lions W";"0.7 | 0.8";"1.4 | 0.5";"1.6";"1.5";"17";"11";"6";"0";"1.5";"1.6";"1.4 | 0.5";"0.7 | 0.8"
"Australia";"AUS";"New South Wales NPL Women";"04-07-2026 05:30";"NS";"Northern Tigers W";"";"";"University of NSW W";"1.3 | 0.5";"1.5 | 0.6";"2";"1.8";"25";"15";"10";"10";"1.8";"1.9";"1.4 | 0.6";"1.3 | 0.5"
"Australia";"AUS";"Tasmania Women's Super League";"04-07-2026 01:30";"NS";"Launceston City W";"";"";"South Hobart W";"0.6 | 0.7";"0.5 | 0.4";"1.1";"0.9";"7";"0";"0";"0";"0.9";"1.1";"0.5 | 0.4";"0.6 | 0.7"
"Australia";"AUS";"Tasmania Women's Super League";"04-07-2026 01:30";"NS";"Taroona W";"";"";"Riverside Olympic W";"0.3 | 0.8";"0.2 | 0.8";"1.1";"0.9";"10";"0";"0";"0";"0.9";"1";"0.2 | 0.8";"0.3 | 0.6"
"Australia";"AUS";"QLD FQPL 1 Women";"04-07-2026 02:00";"NS";"The Gap W";"";"";"Palm Beach W";"0.6 | 0.6";"0.6 | 0.2";"1";"1.3";"13";"0";"0";"0";"1.2";"1";"0.6 | 0.2";"0.6 | 0.5"
"Australia";"AUS";"QLD FQPL 1 Women";"04-07-2026 04:00";"NS";"Virginia United W";"";"";"Peninsula Power W";"0.4 | 0.8";"0.5 | 0.2";"1";"1.3";"6";"0";"0";"0";"1.2";"0.8";"0.5 | 0.2";"0.4 | 0.6"
"Australia";"AUS";"QLD FQPL 1 Women";"04-07-2026 05:00";"NS";"Caboolture W";"";"";"Logan Lightning W";"0.5 | 0.2";"1.4 | 0.6";"1.4";"1.3";"12";"0";"0";"0";"1.2";"1.4";"1.2 | 0.6";"0.5 | 0.2"
"Australia";"AUS";"QLD FQPL 1 Women";"04-07-2026 06:00";"NS";"Grange Thistle W";"";"";"Mitchelton W";"0.8 | 0.9";"0.3 | 1";"1.5";"1.3";"24";"0";"0";"0";"1.2";"1.4";"0.2 | 1";"0.8 | 0.8"
"Australia";"AUS";"VIC Premier League Womens";"04-07-2026 02:00";"NS";"Manningham United Blues W";"";"";"Brunswick Juventus W";"";"";"";"1";"";"";"";"";"1";"";"";""
"Australia";"AUS";"VIC Premier League Womens";"04-07-2026 02:00";"NS";"Eltham Redbacks W";"";"";"Geelong Galaxy W";"";"";"";"1";"";"";"";"";"1";"";"";""
"Australia";"AUS";"VIC Premier League Womens";"04-07-2026 04:00";"NS";"Ballarat City W";"";"";"Ringwood City W";"";"";"";"1";"";"";"";"";"1";"";"";""
"Australia";"AUS";"VIC Premier League Womens";"04-07-2026 05:00";"NS";"Southern United W";"";"";"Clifton Hill W";"";"";"";"1";"";"";"";"";"1";"";"";""
"China";"CHN";"Super League Women";"04-07-2026 06:00";"NS";"Jiangsu W";"";"";"Zhejiang Hangzhou W";"1.2 | 0.4";"0.8 | 0.5";"1.4";"1.3";"19";"6";"0";"0";"1.2";"1.4";"0.8 | 0.5";"1.2 | 0.4"
"China";"CHN";"Super League Women";"04-07-2026 08:00";"NS";"Shanghai RCB W";"";"";"Sichuan W";"0.2 | 0.8";"0.8 | 0.2";"1";"1.3";"10";"0";"0";"0";"1.2";"1";"0.8 | 0.2";"0.2 | 0.8"
"China";"CHN";"Super League Women";"04-07-2026 08:35";"NS";"Shandong Sports Lottery W";"";"";"Guangxi Pingguo W";"1 | 0.8";"0.8 | 1.4";"2";"1.3";"31";"16";"0";"0";"1.2";"2";"0.8 | 1.4";"1 | 0.8"
"Europe";"EUR";"Euro U19 Women";"04-07-2026 12:00";"NS";"Iceland U19 W";"";"";"Switzerland U19 W";"0.8 | 0.8";"1 | 1.8";"2.2";"";"40";"10";"5";"0";"";"2.2";"0.9 | 1.8";"0.8 | 0.8"
"Europe";"EUR";"Euro U19 Women";"04-07-2026 12:00";"NS";"Spain U19 W";"";"";"Austria U19 W";"0.9 | 0.7";"1.7 | 1";"2.2";"";"42";"18";"11";"6";"";"2.2";"1.7 | 1";"0.9 | 0.7"
"Finland";"FIN";"Kansallinen Liiga Women";"04-07-2026 08:00";"NS";"PK-35 Vantaa W";"";"";"HPS W";"0.6 | 1.1";"0.6 | 1.7";"2";"2.4";"38";"15";"15";"10";"2.4";"2";"0.6 | 1.7";"0.6 | 1.1"
"Finland";"FIN";"Kansallinen Liiga Women";"04-07-2026 09:00";"NS";"Ilves W";"";"";"Åland United W";"0.6 | 1.6";"1.3 | 1.4";"2.4";"2.4";"40";"22";"7";"0";"2.4";"2.4";"1.3 | 1.4";"0.6 | 1.6"
"Finland";"FIN";"Kansallinen Liiga Women";"04-07-2026 11:00";"NS";"HJK W";"";"";"KuPS W";"0.4 | 1.5";"0.7 | 1.2";"1.9";"2.4";"25";"20";"10";"5";"2.4";"1.9";"0.7 | 1.2";"0.4 | 1.5"
"Finland";"FIN";"Ykkönen Women";"04-07-2026 10:00";"NS";"KTP W";"";"";"PKKU W";"1.6 | 0.9";"0.7 | 0.1";"1.6";"1.7";"24";"18";"11";"0";"1.7";"1.6";"0.7 | 0.1";"1.4 | 0.9"
"Iceland";"ISL";"1. Deild Women";"04-07-2026 11:00";"NS";"Volsungur Husavik W";"";"";"HK W";"1 | 1.2";"1.4 | 1.1";"2.4";"2.3";"32";"16";"6";"6";"2.1";"2.2";"1.4 | 1";"1 | 1"
"Iceland";"ISL";"2. Deild Women";"04-07-2026 11:00";"NS";"Augnablik W";"";"";"Vestri W";"";"";"";"2.1";"";"";"";"";"2";"";"";""
"Iceland";"ISL";"2. Deild Women";"04-07-2026 13:00";"NS";"Dalvík / Reynir W";"";"";"Álftanes W";"1.3 | 1";"1 | 0.6";"2";"2.1";"26";"16";"0";"0";"2";"1.8";"1 | 0.6";"1 | 1"
"Latvia";"LVA";"Women League";"04-07-2026 08:00";"NS";"Iecava / Olaine W";"";"";"SFK Rīga W";"";"";"";"2";"";"";"";"";"2";"";"";""
"New Zealand";"NZL";"National League Women";"04-07-2026 03:00";"NS";"Palmerston North United W";"";"";"Victoria University W";"";"";"";"2.2";"";"";"";"";"2";"";"";""
"New Zealand";"NZL";"National League Women";"04-07-2026 23:30";"NS";"Miramar Rangers W";"";"";"Taradale W";"";"";"";"2.2";"";"";"";"";"2";"";"";""
"New Zealand";"NZL";"Women's Cup";"04-07-2026 02:00";"NS";"Ellerslie W";"";"";"Western Springs W";"";"";"";"0";"";"";"";"";"0";"";"";""
"New Zealand";"NZL";"Women's Cup";"04-07-2026 23:00";"NS";"Wellington Phoenix III W";"";"";"Waterside Karori W";"";"";"";"0";"";"";"";"";"0";"";"";""
"Russia";"RUS";"Women's Cup";"04-07-2026 03:00";"NS";"Yenisey W";"";"";"Lokomotiv Moscow W";"1 | 1.6";"0.6 | 0.7";"2";"0";"21";"16";"10";"10";"0";"1.8";"0.6 | 0.7";"0.9 | 1.6"
"Russia";"RUS";"Women's Cup";"04-07-2026 05:00";"NS";"OSSh Chelyabinsk";"";"";"CSKA Moscow W";"";"";"";"0";"";"";"";"";"0";"";"";""
"Russia";"RUS";"Women's Cup";"04-07-2026 09:00";"NS";"Zvezda 2005 W";"";"";"Krylya Sovetov W";"1.4 | 1.2";"0.7 | 1.1";"2.2";"0";"35";"20";"10";"5";"0";"2.2";"0.6 | 1.1";"1.4 | 1.2"
"Russia";"RUS";"Women's Cup";"04-07-2026 10:00";"NS";"ZhFK Nizhny Novgorod W";"";"";"Spartak Moskva W";"";"";"";"0";"";"";"";"";"0";"";"";""
"Russia";"RUS";"Women's Cup";"04-07-2026 12:00";"NS";"Sochi W";"";"";"Zenit W";"";"";"";"";"";"";"";"";"";"";"";""
"Russia";"RUS";"Women's Cup";"04-07-2026 12:00";"NS";"Rostov W";"";"";"Krasnodar W";"2.3 | 1.7";"1.7 | 1.8";"3.8";"0";"58";"43";"26";"16";"0";"3.6";"1.7 | 1.7";"2.2 | 1.6"
"Vietnam";"VIE";"Women's National League";"04-07-2026 06:00";"NS";"Hà Nội II W";"";"";"GT Thai Nguyen W";"0.3 | 0.4";"0 | 1.1";"0.9";"0";"10";"10";"0";"0";"0";"0.9";"0 | 1.1";"0.3 | 0.4"
"World";"WOR";"Club Friendlies 1";"04-07-2026 09:30";"NS";"FC Dordrecht";"";"";"Feyenoord";"2.3 | 1.6";"1.2 | 1.7";"3.4";"3.3";"60";"45";"30";"30";"3";"3.2";"1.2 | 1.5";"2.2 | 1.6"
"World";"WOR";"Club Friendlies 1";"04-07-2026 12:00";"NS";"Ajax";"";"";"Panathinaikos";"1.9 | 2";"1.6 | 2.7";"4.1";"3.3";"80";"50";"35";"25";"3";"3.9";"1.6 | 2.6";"1.8 | 1.8"
"World";"WOR";"Club Friendlies 3";"04-07-2026 04:00";"NS";"Blaublitz Akita";"";"";"Fujieda MYFC";"1.4 | 1.7";"1.5 | 1";"2.8";"2.1";"55";"25";"15";"5";"2";"2.8";"1.5 | 1";"1.4 | 1.7"
"World";"WOR";"Club Friendlies 3";"04-07-2026 05:30";"NS";"Teplice";"";"";"Příbram";"1.5 | 1.5";"1.1 | 1.4";"2.8";"2.1";"50";"30";"15";"5";"2";"2.4";"0.9 | 1.3";"1.2 | 1.5"
"World";"WOR";"Club Friendlies 3";"04-07-2026 06:00";"NS";"Lugano";"";"";"Rapperswil-Jona";"2.2 | 1.4";"2.6 | 1.7";"4";"2.1";"80";"65";"40";"15";"2";"3.8";"2.6 | 1.5";"2.1 | 1.4"
"World";"WOR";"Club Friendlies 3";"04-07-2026 06:00";"NS";"Zagłębie Sosnowiec";"";"";"Podbeskidzie";"1.9 | 2.4";"2.6 | 2.8";"4.8";"2.1";"95";"65";"45";"20";"2";"4.7";"2.5 | 2.7";"1.9 | 2.3"
"World";"WOR";"Club Friendlies 3";"04-07-2026 06:00";"NS";"Slovan Liberec";"";"";"Dukla Praha";"2.7 | 2.3";"1.7 | 1.9";"4.3";"2.1";"85";"70";"45";"30";"2";"4";"1.7 | 1.9";"2.3 | 2.1"
"World";"WOR";"Club Friendlies 3";"04-07-2026 06:00";"NS";"Hradec Králové";"";"";"Sparta Praha B";"1 | 1.8";"1.3 | 2.1";"3.1";"2.1";"65";"45";"30";"5";"2";"3";"1.1 | 2.1";"1 | 1.7"
"World";"WOR";"Club Friendlies 3";"04-07-2026 06:00";"NS";"Táborsko";"";"";"Bohemians 1905";"1.9 | 2";"2.2 | 1.9";"4";"2.1";"84";"69";"36";"16";"2";"3.8";"2.2 | 1.7";"1.9 | 1.8"
"World";"WOR";"Club Friendlies 3";"04-07-2026 07:00";"NS";"De Treffers";"";"";"FC Eindhoven";"0.9 | 1.7";"1.6 | 1.1";"2.6";"2.1";"60";"20";"10";"0";"2";"2.4";"1.4 | 1.1";"0.9 | 1.5"
"World";"WOR";"Club Friendlies 3";"04-07-2026 08:00";"NS";"Basel";"";"";"Aarau";"2 | 2.5";"2.1 | 3.2";"4.9";"2.1";"74";"74";"42";"36";"2";"4.6";"1.9 | 3.1";"1.9 | 2.4"
"World";"WOR";"Club Friendlies 3";"04-07-2026 08:00";"NS";"Sparta Praha";"";"";"Opava";"2 | 1.6";"1.8 | 1.7";"3.6";"2.1";"65";"40";"35";"20";"2";"3.2";"1.4 | 1.7";"1.8 | 1.6"
"World";"WOR";"Club Friendlies 3";"04-07-2026 08:00";"NS";"Esbjerg";"";"";"Aarhus Fremad";"1.3 | 1.5";"1.2 | 1.7";"2.8";"2.1";"65";"25";"5";"5";"2";"2.8";"1.2 | 1.6";"1.3 | 1.5"
"World";"WOR";"Club Friendlies 3";"04-07-2026 08:00";"NS";"Horsens";"";"";"Hobro";"1.2 | 1.5";"1.1 | 1";"2.4";"2.1";"50";"25";"15";"0";"2";"2.4";"1.1 | 1";"1.1 | 1.5"
"World";"WOR";"Club Friendlies 3";"04-07-2026 08:00";"NS";"TOP Oss";"";"";"Go Ahead Eagles";"1.8 | 1.1";"1.4 | 0.7";"2.5";"2.1";"55";"25";"15";"10";"2";"2.4";"1.3 | 0.7";"1.8 | 1"
"World";"WOR";"Club Friendlies 3";"04-07-2026 08:00";"NS";"FC Kempten";"";"";"Illertissen";"";"";"";"2.1";"";"";"";"";"2";"";"";""
"World";"WOR";"Club Friendlies 3";"04-07-2026 08:00";"NS";"Eintracht Braunschw. II";"";"";"HSC Hannover";"";"";"";"2.1";"";"";"";"";"2";"";"";""
"World";"WOR";"Club Friendlies 3";"04-07-2026 08:00";"NS";"Brøndby IF";"";"";"Nordsjælland";"2.3 | 1.8";"2.7 | 1.7";"4.2";"2.1";"80";"70";"45";"25";"2";"4";"2.5 | 1.7";"2.2 | 1.7"
"World";"WOR";"Club Friendlies 3";"04-07-2026 08:00";"NS";"Drochtersen / Assel";"";"";"Rödinghausen";"";"";"";"2.1";"";"";"";"";"2";"";"";""
"World";"WOR";"Club Friendlies 3";"04-07-2026 08:00";"NS";"FC Twente";"";"";"Aberdeen";"0.6 | 1.6";"1.6 | 1.9";"2.8";"2.1";"54";"44";"22";"5";"2";"2.7";"1.6 | 1.7";"0.6 | 1.6"
"World";"WOR";"Club Friendlies 3";"04-07-2026 08:30";"NS";"Ballymena United";"";"";"Strabane Athletic";"1.9 | 1.4";"2 | 2.6";"4";"2.1";"64";"58";"52";"26";"2";"3.6";"1.8 | 2.2";"1.8 | 1.4"
"World";"WOR";"Club Friendlies 3";"04-07-2026 09:00";"NS";"FSV Kuhlungsborn";"";"";"Hansa Rostock";"";"";"";"2.1";"";"";"";"";"2";"";"";""
"World";"WOR";"Club Friendlies 3";"04-07-2026 09:00";"NS";"Sportfreunde Siegen";"";"";"Fernwald";"";"";"";"2.1";"";"";"";"";"2";"";"";""
"World";"WOR";"Club Friendlies 3";"04-07-2026 09:00";"NS";"Willem II";"";"";"Quick Boys";"1.4 | 1.9";"2.2 | 2.2";"3.8";"2.1";"79";"50";"28";"22";"2";"3.7";"2 | 2.1";"1.4 | 1.9"
"World";"WOR";"Club Friendlies 3";"04-07-2026 09:00";"NS";"Greifswalder FC";"";"";"Hamburger SV II";"";"";"";"2.1";"";"";"";"";"2";"";"";""
"World";"WOR";"Club Friendlies 3";"04-07-2026 09:00";"NS";"Homburg";"";"";"Emmelshausen-Karbach";"";"";"";"2.1";"";"";"";"";"2";"";"";""
"World";"WOR";"Club Friendlies 3";"04-07-2026 09:00";"NS";"SC Wiedenbrück";"";"";"Chemie Leipzig";"";"";"";"2.1";"";"";"";"";"2";"";"";""
"World";"WOR";"Club Friendlies 3";"04-07-2026 09:00";"NS";"Club Brugge";"";"";"KV Kortrijk";"1.4 | 1.2";"2 | 1.6";"3.1";"2.1";"60";"30";"20";"10";"2";"3";"1.8 | 1.6";"1.4 | 1.2"
"World";"WOR";"Club Friendlies 3";"04-07-2026 09:00";"NS";"Ingolstadt";"";"";"Eichstätt";"";"";"";"2.1";"";"";"";"";"2";"";"";""
"World";"WOR";"Club Friendlies 3";"04-07-2026 09:00";"NS";"Sonnenhof Großaspach";"";"";"SGV Freiberg";"";"";"";"2.1";"";"";"";"";"2";"";"";""
"World";"WOR";"Club Friendlies 3";"04-07-2026 09:00";"NS";"Melle 03";"";"";"Osnabrück";"";"";"";"2.1";"";"";"";"";"2";"";"";""
"World";"WOR";"Club Friendlies 3";"04-07-2026 09:00";"NS";"Hollenbach";"";"";"Ansbach";"";"";"";"2.1";"";"";"";"";"2";"";"";""
"World";"WOR";"Club Friendlies 3";"04-07-2026 09:00";"NS";"Ayr United";"";"";"Airdrieonians";"2.6 | 1.8";"2.1 | 1.8";"4.2";"2.1";"74";"59";"38";"21";"2";"4";"2 | 1.8";"2.4 | 1.7"
"World";"WOR";"Club Friendlies 3";"04-07-2026 09:00";"NS";"Linfield";"";"";"Kilmarnock";"1.6 | 2.2";"1.2 | 1.9";"3.5";"2.1";"71";"54";"26";"10";"2";"3.3";"1.1 | 1.8";"1.5 | 2.2"
"World";"WOR";"Club Friendlies 3";"04-07-2026 09:00";"NS";"Fortuna Köln";"";"";"TuS Koblenz";"";"";"";"2.1";"";"";"";"";"2";"";"";""
"World";"WOR";"Club Friendlies 3";"04-07-2026 09:00";"NS";"Energie Cottbus";"";"";"Hertha BSC II";"1.4 | 0.5";"1.6 | 0.5";"2";"2.1";"38";"12";"6";"0";"2";"1.5";"1.6 | 0";"1.4 | 0"
"World";"WOR";"Club Friendlies 3";"04-07-2026 09:00";"NS";"VfB Lübeck";"";"";"Jeddeloh";"";"";"";"2.1";"";"";"";"";"2";"";"";""
"World";"WOR";"Club Friendlies 3";"04-07-2026 09:00";"NS";"Cove Rangers";"";"";"Huntly";"";"";"";"2.1";"";"";"";"";"2";"";"";""
"World";"WOR";"Club Friendlies 3";"04-07-2026 09:15";"NS";"Memmingen";"";"";"TSV Essingen";"";"";"";"2.1";"";"";"";"";"2";"";"";""
"World";"WOR";"Club Friendlies 3";"04-07-2026 09:30";"NS";"Coleraine";"";"";"H&W Welders";"0.7 | 1.3";"1.1 | 1";"2";"2.1";"42";"22";"16";"0";"2";"2";"1 | 1";"0.6 | 1.3"
"World";"WOR";"Club Friendlies 3";"04-07-2026 10:00";"NS";"VfB Bottrop 1900";"";"";"Rot-Weiss Essen";"";"";"";"2.1";"";"";"";"";"2";"";"";""
"World";"WOR";"Club Friendlies 3";"04-07-2026 10:00";"NS";"Haverfordwest County";"";"";"Hamilton Academical";"1.9 | 1.9";"1.7 | 1";"3.2";"2.1";"70";"40";"25";"5";"2";"3.2";"1.6 | 1";"1.9 | 1.9"
"World";"WOR";"Club Friendlies 3";"04-07-2026 10:00";"NS";"Montrose";"";"";"St. Johnstone";"2 | 1.9";"1.3 | 2.3";"3.8";"2.1";"70";"55";"30";"25";"2";"3.8";"1.3 | 2.3";"2 | 1.9"
"World";"WOR";"Club Friendlies 3";"04-07-2026 10:00";"NS";"RKC Waalwijk";"";"";"Jong AZ";"1.9 | 1";"2 | 1.6";"3.2";"2.1";"70";"45";"25";"15";"2";"3";"1.9 | 1.5";"1.6 | 0.9"
"World";"WOR";"Club Friendlies 3";"04-07-2026 10:00";"NS";"Inverness CT";"";"";"Ross County";"1.7 | 2.8";"1.7 | 1.2";"3.6";"2.1";"72";"47";"42";"18";"2";"3.5";"1.7 | 1.2";"1.6 | 2.5"
"World";"WOR";"Club Friendlies 3";"04-07-2026 10:00";"NS";"Rutherglen Glencairn";"";"";"Clyde";"";"";"";"2.1";"";"";"";"";"2";"";"";""
"World";"WOR";"Club Friendlies 3";"04-07-2026 10:00";"NS";"Arbroath";"";"";"Brechin City";"2.1 | 0.9";"1.9 | 2.9";"3.8";"2.1";"70";"52";"46";"24";"2";"3.6";"1.9 | 2.6";"2.1 | 0.7"
"World";"WOR";"Club Friendlies 3";"04-07-2026 10:00";"NS";"Johnstone Burgh";"";"";"Elgin City";"";"";"";"2.1";"";"";"";"";"2";"";"";""
"World";"WOR";"Club Friendlies 3";"04-07-2026 10:00";"NS";"Forfar Athletic";"";"";"Banks O Dee FC";"1.5 | 2";"1.3 | 1";"2.9";"2.1";"50";"40";"40";"10";"2";"2.6";"1.3 | 1";"1.5 | 1.5"
"World";"WOR";"Club Friendlies 3";"04-07-2026 10:00";"NS";"Glentoran";"";"";"Dundela";"0.7 | 2.5";"1 | 2";"3.1";"2.1";"66";"36";"25";"25";"2";"2.8";"0.9 | 2";"0.7 | 2"
"World";"WOR";"Club Friendlies 3";"04-07-2026 10:00";"NS";"La Louvière";"";"";"Rochefort";"1.7 | 2.6";"1.6 | 1.6";"3.7";"2.1";"80";"43";"27";"10";"2";"3.5";"1.4 | 1.4";"1.7 | 2.4"
"World";"WOR";"Club Friendlies 3";"04-07-2026 10:00";"NS";"Mechelen";"";"";"Rupel Boom";"1.9 | 1";"2 | 1";"3";"2.1";"52";"42";"15";"5";"2";"2.9";"2 | 1";"1.8 | 1"
"World";"WOR";"Club Friendlies 3";"04-07-2026 10:00";"NS";"Tranent Juniors";"";"";"Stirling Albion";"1.2 | 2.2";"2.1 | 1.9";"3.7";"2.1";"64";"53";"26";"16";"2";"3.6";"2.1 | 1.6";"1.2 | 2.2"
"World";"WOR";"Club Friendlies 3";"04-07-2026 10:30";"NS";"Rot-Weiß Oberhausen";"";"";"VfL Bochum 1848";"0.5 | 2.7";"1 | 1.4";"2.8";"2.1";"30";"30";"30";"15";"2";"2.2";"0.5 | 1.3";"0 | 2.6"
"World";"WOR";"Club Friendlies 3";"04-07-2026 10:30";"NS";"FSV Optik Rathenow";"";"";"FC Union Berlin";"";"";"";"2.1";"";"";"";"";"2";"";"";""
"World";"WOR";"Club Friendlies 3";"04-07-2026 10:30";"NS";"Auerbach";"";"";"Bayreuth";"";"";"";"2.1";"";"";"";"";"2";"";"";""
"World";"WOR";"Club Friendlies 3";"04-07-2026 11:00";"NS";"Rheindorf Altach";"";"";"Heidenheim";"1.4 | 1.1";"2.4 | 2";"3.4";"2.1";"55";"55";"35";"15";"2";"3.2";"2.3 | 1.9";"1.1 | 1.1"
"World";"WOR";"Club Friendlies 3";"04-07-2026 11:00";"NS";"Clay Cross Town";"";"";"Chesterfield";"";"";"";"2.1";"";"";"";"";"2";"";"";""
"World";"WOR";"Club Friendlies 3";"04-07-2026 11:00";"NS";"Peterhead";"";"";"Celtic II";"1.8 | 1";"2.6 | 1.6";"3.5";"2.1";"70";"30";"30";"20";"2";"3.5";"2.6 | 1.6";"1.8 | 1"
"World";"WOR";"Club Friendlies 3";"04-07-2026 11:00";"NS";"Verlaine";"";"";"Standard Liège";"";"";"";"2.1";"";"";"";"";"2";"";"";""
"World";"WOR";"Club Friendlies 3";"04-07-2026 11:00";"NS";"Ballymena United";"";"";"Loughgall";"1.9 | 1.2";"2 | 1.2";"3.2";"2.1";"46";"40";"34";"18";"2";"2.8";"1.8 | 1";"1.8 | 1"
"World";"WOR";"Club Friendlies 3";"04-07-2026 11:00";"NS";"Alfreton Town";"";"";"Notts County";"2.1 | 1.9";"2.3 | 1.7";"4";"2.1";"70";"55";"45";"30";"2";"3.9";"2.3 | 1.6";"2 | 1.9"
"World";"WOR";"Club Friendlies 3";"04-07-2026 11:00";"NS";"Excelsior";"";"";"SC Cambuur";"0.6 | 2";"1.6 | 2.4";"3.3";"2.1";"65";"45";"20";"15";"2";"3.2";"1.5 | 2.3";"0.6 | 1.9"
"World";"WOR";"Club Friendlies 3";"04-07-2026 11:00";"NS";"Halifax Town";"";"";"Sheffield United";"2.3 | 2.3";"2.2 | 2.8";"4.8";"2.1";"90";"80";"50";"40";"2";"4.6";"2 | 2.7";"2.3 | 2.2"
"World";"WOR";"Club Friendlies 3";"04-07-2026 11:00";"NS";"Norwich City";"";"";"King's Lynn Town";"2.6 | 1.9";"2.7 | 1.7";"4.4";"2.1";"75";"55";"40";"30";"2";"4.2";"2.7 | 1.5";"2.6 | 1.7"
"World";"WOR";"Club Friendlies 3";"04-07-2026 11:00";"NS";"Helmond Sport";"";"";"AEK Larnaca";"1.7 | 2.1";"1.1 | 3.1";"4";"2.1";"65";"50";"35";"30";"2";"3.8";"1 | 3.1";"1.7 | 1.9"
"World";"WOR";"Club Friendlies 3";"04-07-2026 11:00";"NS";"Zelzate";"";"";"Zulte-Waregem";"1.7 | 0.8";"1.7 | 2.1";"3.1";"2.1";"50";"39";"22";"16";"2";"3";"1.6 | 2.1";"1.7 | 0.8"
"World";"WOR";"Club Friendlies 3";"04-07-2026 11:00";"NS";"Queen of the South";"";"";"Crusaders";"2.2 | 2.3";"1.9 | 2.4";"4.4";"2.1";"80";"69";"53";"21";"2";"4.4";"1.9 | 2.4";"2.1 | 2.3"
"World";"WOR";"Club Friendlies 3";"04-07-2026 11:00";"NS";"Kelty Hearts";"";"";"Dunfermline Athletic";"2.1 | 1.7";"1.9 | 2";"3.8";"2.1";"56";"51";"34";"22";"2";"3.8";"1.8 | 1.9";"2.1 | 1.7"
"World";"WOR";"Club Friendlies 3";"04-07-2026 11:00";"NS";"Greenock Morton";"";"";"Stranraer";"2.5 | 1.6";"1.6 | 1.9";"3.8";"2.1";"68";"36";"36";"26";"2";"3.4";"1.4 | 1.9";"2.2 | 1.4"
"World";"WOR";"Club Friendlies 3";"04-07-2026 11:00";"NS";"United of Manchester";"";"";"Bradford City";"1 | 2.3";"1 | 2";"3.2";"2.1";"60";"40";"25";"15";"2";"3.1";"1 | 1.9";"1 | 2.3"
"World";"WOR";"Club Friendlies 3";"04-07-2026 11:00";"NS";"FC Gießen";"";"";"Elversberg";"";"";"";"2.1";"";"";"";"";"2";"";"";""
"World";"WOR";"Club Friendlies 3";"04-07-2026 11:00";"NS";"Lokomotive Leipzig";"";"";"Kladno";"3.3 | 1.5";"2.7 | 2.1";"4.8";"2.1";"85";"70";"44";"44";"2";"4.7";"2.7 | 1.9";"3.3 | 1.5"
"World";"WOR";"Club Friendlies 3";"04-07-2026 11:00";"NS";"Limavady United";"";"";"Warrenpoint Town";"";"";"";"2.1";"";"";"";"";"2";"";"";""
"World";"WOR";"Club Friendlies 3";"04-07-2026 11:00";"NS";"Metz";"";"";"Differdange 03";"1.6 | 2.6";"1.8 | 1.9";"3.9";"2.1";"78";"58";"28";"22";"2";"3.8";"1.7 | 1.9";"1.6 | 2.3"
"World";"WOR";"Club Friendlies 3";"04-07-2026 11:00";"NS";"Bristol Manor Farm";"";"";"Newport County";"";"";"";"2.1";"";"";"";"";"2";"";"";""
"World";"WOR";"Club Friendlies 3";"04-07-2026 11:00";"CANCELLED";"East Kilbride";"";"";"Dumbarton";"2.1 | 1.8";"2.8 | 1";"3.8";"2.1";"72";"54";"30";"19";"2";"3.8";"2.8 | 1";"2.1 | 1.6"
"World";"WOR";"Club Friendlies 3";"04-07-2026 11:30";"NS";"VELO";"";"";"Sparta Rotterdam";"";"";"";"2.1";"";"";"";"";"2";"";"";""
"World";"WOR";"Club Friendlies 3";"04-07-2026 11:30";"NS";"Gurten";"";"";"WSPG Wels";"2.2 | 1.9";"1.8 | 1.6";"3.7";"2.1";"67";"42";"42";"28";"2";"3.6";"1.8 | 1.6";"2 | 1.9"
"World";"WOR";"Club Friendlies 3";"04-07-2026 11:30";"NS";"Greifswalder FC";"";"";"Anker Wismar";"";"";"";"2.1";"";"";"";"";"2";"";"";""
"World";"WOR";"Club Friendlies 3";"04-07-2026 11:30";"NS";"Blau-Weiß Linz";"";"";"Wiener Viktoria";"1.6 | 1.4";"2.4 | 1.6";"3.5";"2.1";"75";"55";"25";"5";"2";"3.4";"2.3 | 1.5";"1.6 | 1.4"
"World";"WOR";"Club Friendlies 3";"04-07-2026 12:00";"NS";"Piast Gliwice";"";"";"Baník Ostrava";"2.3 | 1.7";"1.5 | 2.5";"4";"2.1";"70";"60";"40";"30";"2";"3.8";"1.5 | 2.4";"2.1 | 1.6"
"World";"WOR";"Club Friendlies 3";"04-07-2026 12:00";"NS";"Osijek";"";"";"Paksi SE";"1.6 | 1.8";"2.7 | 2";"4";"2.1";"65";"60";"40";"40";"2";"4";"2.7 | 1.9";"1.6 | 1.7"
"World";"WOR";"Club Friendlies 3";"04-07-2026 12:00";"NS";"Frohnauer";"";"";"Hertha BSC";"";"";"";"2.1";"";"";"";"";"2";"";"";""
"World";"WOR";"Club Friendlies 3";"04-07-2026 12:00";"NS";"Vaduz";"";"";"Austria Lustenau";"3 | 1.9";"2.1 | 2.3";"4.6";"2.1";"95";"75";"44";"30";"2";"4.5";"2.1 | 2.3";"2.9 | 1.7"
"World";"WOR";"Club Friendlies 3";"04-07-2026 12:30";"NS";"Újpest";"";"";"Hartberg";"2.4 | 1.3";"2.2 | 2.2";"4";"2.1";"75";"65";"35";"25";"2";"3.9";"2.2 | 2.2";"2.3 | 1.1"
"World";"WOR";"Club Friendlies 3";"04-07-2026 13:00";"NS";"Klagenfurter AC 1909";"";"";"Austria Klagenfurt";"0.6 | 1.1";"0.9 | 1.4";"2";"2.1";"32";"15";"5";"0";"2";"1.8";"0.9 | 1.3";"0.6 | 1"
"World";"WOR";"Club Friendlies 3";"04-07-2026 13:00";"NS";"St. Pauli";"";"";"Kickers Emden";"1.8 | 0.3";"1.2 | 2";"2.6";"2.1";"64";"15";"10";"0";"2";"1.6";"1.2 | 0.3";"1.7 | 0"
"World";"WOR";"Club Friendlies 3";"04-07-2026 14:00";"NS";"Amstetten";"";"";"SV Horn";"1.5 | 2.2";"2.7 | 1.7";"4";"2.1";"68";"58";"36";"36";"2";"3.8";"2.5 | 1.6";"1.4 | 2"
"World";"WOR";"Club Friendlies 3";"04-07-2026 21:00";"NS";"Mačva Šabac";"";"";"Mladost Lučani";"2.7 | 1.8";"2.3 | 1.9";"4.4";"2.1";"74";"68";"32";"27";"2";"4";"2.1 | 1.8";"2.6 | 1.6"
"World";"WOR";"Club Friendlies 3";"04-07-2026 21:00";"NS";"Wieczysta Kraków";"";"";"Slavia Praha";"1.7 | 1.3";"2.1 | 2.5";"3.8";"2.1";"64";"48";"32";"20";"2";"3.4";"2.1 | 2.3";"1.6 | 0.8"
"World";"WOR";"Club Friendlies Women";"04-07-2026 09:00";"NS";"Bayer Leverkusen W";"";"";"Mainz 05 W";"1.4 | 0.8";"1.6 | 2.2";"3";"1";"56";"36";"14";"8";"0.9";"2.9";"1.6 | 2";"1.4 | 0.8"
"Australia";"AUS";"Tasmania Northern Championship";"04-07-2026 01:30";"NS";"Burnie United";"";"";"Riverside II";"";"";"";"";"";"";"";"";"";"";"";""
"Australia";"AUS";"Tasmania Northern Championship";"04-07-2026 03:45";"NS";"Devonport City II";"";"";"Launceston United II";"";"";"";"";"";"";"";"";"";"";"";""
"Australia";"AUS";"Tasmania Northern Championship";"04-07-2026 03:45";"NS";"Ulverstone II";"";"";"Northern Rangers";"";"";"";"";"";"";"";"";"";"";"";""
"South Africa";"RSA";"Super League Women";"04-07-2026 05:00";"NS";"University of Fort Hare W";"";"";"Ezemvelo W";"1 | 1.3";"0.3 | 1.5";"2";"2.7";"25";"16";"8";"0";"2.6";"2";"0.3 | 1.3";"1 | 1.3"
"South Africa";"RSA";"Super League Women";"04-07-2026 07:30";"NS";"TUT Matsatsantsa W";"";"";"Ramatlaohle Ladies W";"1.2 | 1";"1.4 | 2";"2.8";"2.7";"55";"35";"10";"0";"2.6";"2.6";"1.4 | 2";"1.2 | 0.5"
"South Africa";"RSA";"Super League Women";"04-07-2026 10:30";"NS";"UWC Ladies";"";"";"Mamelodi Sundowns W";"0.7 | 1.3";"2.3 | 1.3";"2.8";"2.7";"50";"33";"16";"0";"2.6";"2.8";"2.3 | 1.3";"0.7 | 1.3"
"South Africa";"RSA";"Super League Women";"04-07-2026 13:00";"NS";"First Touch W";"";"";"JVW W";"2 | 1.5";"1.3 | 2";"3.4";"2.7";"58";"58";"42";"0";"2.6";"3.4";"1.3 | 2";"2 | 1.5"