"Country ";"Short";"League ";"Hour";"Status";"Home Team";"Result Home";"Result Visitor";"Visitor Team";"Odds";"Odds";"Casa | Fora";"Casa | Fora";"Global";"Casa | Fora";"Casa | Fora";"Casa | Fora";"Casa | Fora";"Global";"Casa | Fora";"Global";"Casa | Fora";"Casa | Fora";"Casa | Fora";"Casa | Fora";"Casa | Fora";"Casa | Fora";"Casa | Fora";"Casa | Fora";"Global";"Casa | Fora";"Casa | Fora";"Global";"Casa | Fora";"Casa | Fora";"Casa | Fora";"Casa | Fora";"Casa | Fora";"Global";"Casa | Fora";"Casa | Fora";"Casa | Fora";"Casa | Fora";"Global";"Global"
"World";"WOR";"World Cup";"04-07-2026 14:00";"NS";"Canada";"";"";"Morocco";"4.93";"1.75";"84 | 80";"58 | 68";"2";"70 | 59";"1.9 | 2";"68 | 49";"6.8 | 5.6";"2";"0 | 100";"0";"50 | 50";"40 | 50";"10 | 0";"63 | 67";"90 | 100";"60 | 50";"50 | 50";"1x0 | 1x1";"21.8";"1.7 | 2";"0.6 | 0.7";"2.5";"55 | 58";"";"10 | 10";"15.1 | 14.6";"5.6 | 8.2";"8";"2.4 | 3";"5.6 | 5";"2.4 | 1.2";"1.9 | 2.2";"3.8";"2.6"
"World";"WOR";"World Cup";"04-07-2026 18:00";"NS";"Paraguay";"";"";"Winner Match 77";"";"";"";"";"";"";"";"";"";"";"";"";"";"";"";"";"";"";"";" | ";"";"";"";"";"";"";"";"";"";"";"";"";"";"";"";""
"Brazil";"BRA";"Serie B";"04-07-2026 16:00";"NS";"Criciúma";"";"";"Sport Recife";"1.90";"4.16";"84 | 70";"41 | 41";"1";"55 | 49";"2 | 1.5";"49 | 42";"8.9 | 6.8";"10";"40 | 20";"40";"50 | 40";"50 | 30";"0 | 30";"67 | 50";"100 | 70";"50 | 70";"50 | 60";"1x1 | 1x1";"25.3";"1.2 | 1.2";"0.6 | 1";"2";"52 | 53";"3 | 8";"10 | 10";"14.2 | 10.7";"13.1 | 12.6";"7.6";"4.1 | 4.1";"4 | 2.9";"2.1 | 2.7";"2 | 2.8";"4.8";"5.4"
"Brazil";"BRA";"Serie B";"04-07-2026 16:00";"NS";"Londrina";"";"";"CRB";"2.72";"2.46";"46 | 60";"41 | 68";"5";"44 | 52";"1 | 1.8";"40 | 47";"7.2 | 7.9";"10";"20 | 60";"20";"30 | 50";"10 | 30";"60 | 20";"33 | 60";"40 | 80";"90 | 70";"70 | 50";"0x1 | 1x2";"29.6";"1.2 | 2";"1.7 | 1.3";"3.1";"46 | 53";"17 | 16";"10 | 10";"12.1 | 20.4";"13.5 | 13.3";"9.8";"4 | 4.9";"3.7 | 6.9";"3 | 2.3";"3.1 | 3";"5.7";"5.4"
"Brazil";"BRA";"Serie B";"04-07-2026 16:00";"NS";"Novorizontino";"";"";"Atlético GO";"1.88";"4.08";"74 | 77";"54 | 37";"1";"52 | 54";"1.9 | 1.5";"43 | 47";"6.6 | 11.2";"4";"0 | 25";"75";"50 | 30";"40 | 60";"10 | 10";"63 | 50";"90 | 90";"60 | 40";"50 | 70";"2x1 | 1x1";"27.6";"1.6 | 1.1";"0.9 | 0.8";"2.2";"46 | 48";"2 | 11";"10 | 10";"13.8 | 16";"13.4 | 12.1";"9.4";"4.6 | 3.8";"4.9 | 5.6";"2 | 2.6";"2.8 | 2.3";"4.8";"5.4"
"Brazil";"BRA";"Serie B";"04-07-2026 20:00";"NS";"Goiás";"";"";"Ceará";"2.16";"3.53";"56 | 60";"27 | 31";"5";"51 | 52";"1.4 | 1";"46 | 44";"12.7 | 11.8";"10";"40 | 10";"50";"40 | 30";"20 | 10";"40 | 60";"47 | 33";"60 | 40";"80 | 90";"60 | 70";"1x0 | 1x0";"27.2";"0.8 | 0.9";"1.4 | 1.3";"2.2";"52 | 54";"10 | 14";"10 | 10";"13.1 | 14.4";"14.6 | 12.3";"9.2";"5 | 4.2";"4.3 | 4.8";"2.7 | 2.5";"2.5 | 2.2";"5";"5.4"
"China";"CHN";"League One";"04-07-2026 07:00";"NS";"Yanbian Longding";"";"";"Jiangxi Dingnan United";"";"";"66 | 38";"41 | 54";"";"45 | 54";"1.4 | 1.1";"38 | 55";"6.2 | 6.8";"6";"50 | 17";"33";"30 | 20";"50 | 50";"20 | 30";"47 | 37";"80 | 70";"50 | 50";"70 | 80";"1x1 | 1x1";"24.6";"1.2 | 1.6";"1.1 | 1.9";"2.9";"51 | 50";"5 | 8";"10 | 10";"9.1 | 14.1";"12.2 | 13.8";"8.6";"2.9 | 5.2";"3.5 | 5.5";"1.9 | 2";"2.9 | 1.5";"4.2";"3.8"
"China";"CHN";"League One";"04-07-2026 08:00";"NS";"Shaanxi Union FC";"";"";"Wuxi Wugou";"";"";"84 | 60";"48 | 51";"";"43 | 52";"1.4 | 1.2";"39 | 65";"4.4 | 7.7";"";"";"";"30 | 20";"50 | 60";"20 | 20";"47 | 40";"80 | 80";"50 | 40";"70 | 80";"1x1 | 1x1";"23.8";"1.4 | 1.5";"0.6 | 1.3";"2.4";"50 | 52";"12 | 7";"10 | 10";"8 | 14.1";"12.7 | 12.8";"8.7";"5.1 | 4.6";"2.8 | 4.9";"1.7 | 1.9";"2 | 1.8";"3.7";"3.8"
"China";"CHN";"League One";"04-07-2026 08:00";"NS";"Suzhou Dongwu";"";"";"Guangzhou E-Power FC";"5.00";"1.63";"49 | 66";"31 | 65";"2";"53 | 56";"0.8 | 2";"55 | 51";"8.7 | 6.4";"2";"0 | 100";"0";"20 | 60";"20 | 20";"60 | 20";"27 | 67";"40 | 80";"80 | 80";"80 | 40";"1x1 | 1x2";"23.4";"0.9 | 1.9";"1.6 | 1.1";"2.8";"48 | 52";"16 | 1";"10 | 10";"9.5 | 16.5";"11.1 | 9.7";"9.1";"4.9 | 3.9";"3.5 | 5.9";"1.8 | 1.2";"2.3 | 2.6";"4";"3.8"
"China";"CHN";"League One";"04-07-2026 08:00";"NS";"Shenzhen Juniors FC";"";"";"Nantong Zhiyun";"2.25";"3.00";"56 | 74";"68 | 31";"5";"52 | 58";"1.7 | 1.5";"46 | 58";"4.6 | 9.8";"2";"0 | 100";"0";"50 | 40";"20 | 30";"30 | 30";"57 | 50";"70 | 70";"80 | 70";"50 | 60";"0x0 | 0x1";"22.8";"2 | 0.9";"1.4 | 0.9";"2.6";"57 | 53";"2 | 3";"10 | 10";"10.8 | 12.9";"10.5 | 11.4";"8.1";"4.3 | 3.3";"4.5 | 4.1";"1.8 | 2.5";"1.8 | 1.8";"4";"3.8"
"China";"CHN";"League One";"04-07-2026 08:00";"NS";"Shanghai Jiading Huilong";"";"";"Shijiazhuang Gongfu";"";"";"77 | 63";"58 | 14";"";"46 | 40";"2.1 | 0.7";"44 | 31";"3.8 | 14.8";"8";"12 | 50";"38";"60 | 10";"30 | 40";"10 | 50";"70 | 23";"90 | 50";"70 | 60";"40 | 90";"1x1 | 0x0";"18.2";"1.7 | 0.4";"0.8 | 1.2";"2";"46 | 48";"6 | 15";"10 | 10";"7.8 | 8.5";"9.6 | 10.6";"6";"3.1 | 3.5";"3.3 | 2.1";"1.6 | 1.4";"0.9 | 2.2";"3";"3.8"
"Ecuador";"ECU";"Liga Pro";"04-07-2026 21:00";"NS";"Libertad";"";"";"Leones del Norte";"2.10";"3.40";"46 | 66";"34 | 44";"5";"39 | 45";"0.8 | 1.3";"31 | 34";"7.2 | 5.5";"";"";"";"20 | 40";"20 | 10";"60 | 50";"27 | 43";"40 | 50";"80 | 90";"80 | 60";"0x1 | 2x1";"24.8";"1 | 1.3";"1.7 | 1.1";"2.6";"42 | 48";"14 | 13";"10 | 10";"9.6 | 8.9";"17.5 | 13.5";"8.6";"6 | 5.8";"2.9 | 2.5";"2.1 | 2.9";"1.8 | 2.4";"4.6";"5"
"Ecuador";"ECU";"Liga Pro";"04-07-2026 21:00";"NS";"Barcelona Guayaquil";"";"";"Deportivo Cuenca";"1.50";"6.32";"56 | 80";"41 | 27";"1";"50 | 51";"1.3 | 1.7";"43 | 43";"8.4 | 13";"10";"40 | 40";"20";"40 | 40";"10 | 50";"50 | 10";"43 | 57";"50 | 90";"90 | 50";"60 | 60";"0x1 | 0x0";"26";"1.2 | 0.8";"1.4 | 0.7";"2";"53 | 54";"4 | 2";"10 | 10";"13.2 | 13.5";"13 | 12.2";"8.1";"4.7 | 3.8";"3.4 | 4.4";"2.9 | 2.2";"2.4 | 2.7";"5.1";"5"
"Ecuador";"ECU";"Liga Pro";"04-07-2026 21:00";"NS";"Independiente del Valle";"";"";"Manta";"1.21";"12.63";"63 | 66";"82 | 17";"3";"59 | 50";"2.4 | 0.9";"56 | 38";"5.8 | 17.2";"10";"60 | 10";"30";"80 | 20";"0 | 30";"20 | 50";"80 | 30";"80 | 50";"100 | 70";"20 | 80";"3x0 | 1x0";"24.5";"2.4 | 0.5";"1.2 | 1.1";"2.6";"55 | 48";"1 | 16";"10 | 10";"18.1 | 11.1";"9.7 | 10.1";"8.6";"3.9 | 3.1";"7 | 3.3";"2.4 | 2.7";"2.8 | 1.7";"4.8";"5"
"Ecuador";"ECU";"Liga Pro";"04-07-2026 21:00";"NS";"Universidad Católica";"";"";"Mushuc Runa";"1.50";"5.57";"56 | 60";"58 | 37";"1";"56 | 51";"1.3 | 1.1";"47 | 40";"6.2 | 7.5";"10";"50 | 20";"30";"40 | 30";"10 | 20";"50 | 50";"43 | 37";"50 | 50";"90 | 80";"60 | 70";"0x1 | 0x1";"24";"1.7 | 1.1";"1.4 | 1.3";"2.8";"56 | 50";"3 | 12";"10 | 10";"12.9 | 11.8";"10.4 | 12.9";"8.6";"4.1 | 4.4";"4.9 | 3.7";"2.3 | 3.1";"2.9 | 3.2";"5.8";"5"
"Ecuador";"ECU";"Liga Pro";"04-07-2026 21:00";"NS";"Orense";"";"";"Técnico Universitario";"1.83";"4.28";"70 | 63";"44 | 31";"1";"49 | 49";"1.7 | 0.9";"43 | 38";"7.9 | 12.4";"10";"30 | 40";"30";"50 | 30";"20 | 0";"30 | 70";"57 | 30";"70 | 30";"80 | 100";"50 | 70";"1x2 | 1x0";"24.5";"1.3 | 0.9";"1 | 1.2";"2.2";"50 | 45";"7 | 9";"10 | 10";"12.3 | 13.9";"12 | 10.8";"8.7";"3.8 | 3.1";"5.8 | 4.7";"2.9 | 3.4";"2.8 | 2.8";"6";"5"
"Ecuador";"ECU";"Liga Pro";"04-07-2026 21:00";"NS";"Macará";"";"";"LDU Quito";"3.35";"2.08";"70 | 74";"27 | 41";"5";"55 | 54";"1.3 | 1.7";"50 | 45";"11.5 | 8.6";"10";"20 | 70";"10";"30 | 50";"40 | 20";"30 | 30";"43 | 57";"70 | 70";"60 | 80";"70 | 50";"1x0 | 1x0";"25.8";"0.8 | 1.2";"1 | 0.9";"2";"50 | 51";"10 | 6";"10 | 10";"13.7 | 14.1";"11.4 | 12.4";"7";"3.3 | 4.4";"2.6 | 3.6";"2.2 | 2.8";"2.1 | 2.1";"4.6";"5"
"Ecuador";"ECU";"Liga Pro";"04-07-2026 21:00";"NS";"Aucas";"";"";"Guayaquil City";"1.45";"6.78";"77 | 60";"48 | 41";"1";"60 | 43";"2 | 1.3";"49 | 34";"8.2 | 5.7";"10";"60 | 30";"10";"60 | 40";"20 | 10";"20 | 50";"67 | 43";"80 | 50";"80 | 90";"40 | 60";"1x0 | 1x0";"24.4";"1.4 | 1.2";"0.8 | 1.3";"2.4";"60 | 55";"5 | 11";"10 | 10";"15.2 | 8.4";"8.4 | 16.7";"8.5";"2.2 | 5.9";"5.4 | 3.6";"2.5 | 1.4";"2 | 2.5";"4.2";"5"
"Finland";"FIN";"Ykkönen";"04-07-2026 10:00";"NS";"SalPa";"";"";"VJS";"2.30";"2.55";"32 | 42";"78 | 71";"5";"54 | 52";"1.5 | 1.6";"56 | 59";"5.6 | 5.6";"5";"60 | 20";"20";"40 | 40";"30 | 40";"30 | 20";"50 | 53";"70 | 80";"70 | 60";"60 | 60";"2x2 | 2x2";"22.5";"2.3 | 2.1";"2.1 | 1.8";"4.2";"54 | 52";"5 | 8";"10 | 10";"12.8 | 11.8";"9.3 | 11.1";"10.4";"5.2 | 4.9";"5.8 | 5";"1.7 | 2.3";"2.2 | 1.9";"4";"3.9"
"Finland";"FIN";"Ykkönen";"04-07-2026 11:00";"NS";"KuPS Ak.";"";"";"Tampere United";"3.10";"1.91";"42 | 100";"54 | 85";"2";"50 | 53";"0.8 | 2.6";"51 | 53";"5.9 | 5.2";"4";"75 | 25";"0";"20 | 80";"20 | 20";"60 | 0";"27 | 87";"40 | 100";"80 | 80";"80 | 20";"0x1 | 0x1";"22.3";"1.6 | 2.5";"1.8 | 0.2";"3";"55 | 52";"10 | 1";"10 | 10";"9.4 | 13.1";"12.2 | 9.9";"10.3";"5.3 | 4.8";"4.8 | 5.8";"1.7 | 0.8";"1.8 | 1.3";"2.8";"3.9"
"Finland";"FIN";"Ykkönen";"04-07-2026 12:00";"NS";"OLS";"";"";"Inter Turku II";"1.48";"4.75";"56 | 7";"61 | 58";"1";"51 | 46";"1.2 | 1.2";"55 | 48";"8.2 | 5.4";"3";"0 | 0";"100";"30 | 30";"30 | 30";"40 | 40";"40 | 40";"60 | 60";"70 | 70";"70 | 70";"1x2 | 1x1";"26.2";"1.8 | 1.7";"1.4 | 2.8";"3.8";"53 | 53";"4 | 9";"10 | 10";"14.7 | 9.1";"14.9 | 13.8";"12";"5.9 | 7";"6.3 | 4.7";"1.7 | 2.8";"1.9 | 2.5";"4.4";"3.9"
"South Korea";"KOR";"K League 1";"04-07-2026 07:30";"NS";"Anyang";"";"";"Pohang Steelers";"2.83";"2.52";"70 | 74";"48 | 31";"5";"45 | 52";"1.5 | 1.6";"46 | 52";"5.1 | 7.6";"5";"20 | 60";"20";"30 | 50";"60 | 10";"10 | 40";"50 | 53";"90 | 60";"40 | 90";"70 | 50";"1x1 | 0x1";"15.4";"1.4 | 0.9";"1 | 0.9";"2.1";"46 | 52";"7 | 5";"10 | 10";"7.1 | 6.8";"9.4 | 7.6";"5.4";"2.9 | 2.6";"2.6 | 2.6";"2.2 | 1.4";"2.4 | 2.3";"4.2";"4.2"
"South Korea";"KOR";"K League 1";"04-07-2026 07:30";"NS";"Daejeon Citizen";"";"";"Bucheon 1995";"1.74";"4.65";"66 | 70";"37 | 20";"1";"49 | 42";"1 | 1.1";"50 | 40";"7.2 | 9.2";"10";"40 | 40";"20";"30 | 30";"10 | 20";"60 | 50";"33 | 37";"40 | 50";"90 | 80";"70 | 70";"0x2 | 1x0";"16.1";"1.1 | 0.6";"1.1 | 1";"1.9";"51 | 43";"10 | 9";"10 | 10";"7.9 | 5.5";"8.5 | 10.3";"6.2";"3.1 | 3.9";"3.6 | 1.8";"1.4 | 2";"2.2 | 2.1";"3.8";"4.2"
"South Korea";"KOR";"K League 1";"04-07-2026 07:30";"NS";"Jeonbuk Motors";"";"";"Gangwon";"2.25";"3.29";"80 | 100";"51 | 54";"5";"55 | 61";"1.8 | 2.1";"58 | 60";"7.1 | 7.4";"10";"30 | 40";"30";"50 | 60";"30 | 30";"20 | 10";"60 | 70";"80 | 90";"70 | 70";"50 | 40";"1x1 | 0x2";"18.7";"1.5 | 1.6";"0.7 | 0.4";"2.1";"54 | 57";"2 | 4";"10 | 10";"10.7 | 11.8";"8.9 | 6";"7.2";"3.4 | 2.4";"4.4 | 4.2";"1.8 | 3.3";"2.4 | 1.7";"4.6";"4.2"
"Sweden";"SWE";"Allsvenskan";"04-07-2026 10:00";"NS";"Halmstad";"";"";"Västerås SK";"2.66";"2.49";"32 | 18";"37 | 61";"5";"42 | 42";"0.7 | 0.9";"42 | 40";"8.1 | 4.2";"10";"40 | 10";"50";"10 | 20";"40 | 30";"50 | 50";"23 | 30";"50 | 50";"60 | 70";"90 | 80";"1x1 | 1x0";"26.7";"1.1 | 1.8";"2.1 | 2.5";"3.8";"42 | 48";"15 | 11";"10 | 10";"12.3 | 10.6";"15.8 | 14.7";"9";"5.8 | 5.4";"3.4 | 3.5";"1.3 | 0.9";"1.6 | 2.1";"3";"3.7"
"Sweden";"SWE";"Allsvenskan";"04-07-2026 10:00";"NS";"Degerfors";"";"";"Malmö FF";"3.09";"2.21";"49 | 32";"41 | 71";"5";"50 | 47";"1 | 1.3";"42 | 43";"6.4 | 4";"10";"0 | 80";"20";"20 | 40";"40 | 10";"40 | 50";"33 | 43";"60 | 50";"60 | 90";"80 | 60";"1x1 | 3x2";"25.3";"1.2 | 2.1";"1.6 | 2.1";"3.5";"49 | 51";"12 | 9";"10 | 10";"11.7 | 12.6";"11 | 15.3";"9.5";"4.4 | 6.5";"3.5 | 4.6";"2 | 1.4";"1.7 | 1.7";"3.4";"3.7"
"Uruguay";"URU";"Segunda Division";"04-07-2026 14:00";"NS";"Rentistas";"";"";"Paysandu FC";"1.81";"4.00";"60 | 46";"31 | 37";"1";"53 | 49";"1.2 | 0.5";"57 | 47";"9.8 | 9.3";"2";"100 | 0";"0";"30 | 10";"30 | 20";"40 | 70";"40 | 17";"60 | 30";"70 | 80";"70 | 90";"1x1 | 1x0";"18.2";"0.9 | 1.1";"1.3 | 1.7";"2.5";"52 | 49";"8 | 14";"10 | 10";"8.8 | 10.2";"8 | 9.4";"7.8";"3.7 | 4.6";"3.9 | 3.5";"3 | 4.2";"3.2 | 3.7";"7";"6.8"
"Uruguay";"URU";"Segunda Division";"04-07-2026 17:00";"NS";"Plaza Colonia";"";"";"La Luz";"2.12";"3.35";"74 | 74";"34 | 20";"5";"53 | 53";"1.4 | 1.1";"46 | 53";"8.1 | 11.8";"6";"17 | 17";"67";"40 | 20";"20 | 50";"40 | 30";"47 | 37";"60 | 70";"80 | 50";"60 | 80";"0x1 | 0x0";"14.7";"1 | 0.6";"0.9 | 0.9";"1.7";"50 | 50";"10 | 11";"10 | 10";"8.1 | 7.1";"7.9 | 6.3";"5.6";"2.9 | 2.7";"3.1 | 2.5";"3.9 | 2.7";"3.7 | 2.7";"6.5";"6.8"
"Uruguay";"URU";"Segunda Division";"04-07-2026 20:00";"NS";"Oriental";"";"";"River Plate";"2.25";"2.85";"60 | 42";"44 | 54";"5";"48 | 51";"1.1 | 1.4";"46 | 57";"4.5 | 4.5";"";"";"";"20 | 40";"50 | 20";"30 | 40";"37 | 47";"70 | 60";"50 | 80";"80 | 60";"2x2 | 1x2";"14.5";"1.3 | 1.6";"1.3 | 1.8";"3";"52 | 49";"6 | 7";"10 | 10";"5.9 | 7.2";"8 | 7.9";"6.8";"3 | 4.1";"2.9 | 3.7";"2.6 | 2.3";"2.8 | 3.4";"5.6";"6.8"
"Venezuela";"VEN";"Copa Venezuela";"04-07-2026 21:00";"NS";"Atlético Ávila";"";"";"Marítimo";"";"";"63 | 66";"27 | 48";"";"43 | 53";"0.9 | 1.5";"42 | 56";"9 | 6.1";"2";"50 | 0";"50";"10 | 40";"60 | 30";"30 | 30";"30 | 50";"70 | 70";"40 | 70";"90 | 60";"0x0 | 1x2";"15.7";"0.8 | 1.4";"1.2 | 1.1";"2.2";"48 | 52";"";"10 | 10";"7.2 | 8.6";"9.8 | 5.8";"6.4";"3.9 | 2.8";"2.1 | 4";"3.1 | 3.9";"3.6 | 3.8";"7.2";""
"Venezuela";"VEN";"Copa Venezuela";"04-07-2026 21:00";"NS";"Academia Anzoátegui";"";"";"Deportivo Miranda FC";"";"";"46 | 80";"44 | 20";"";"45 | 46";"0.9 | 1.4";"41 | 42";"9.2 | 12.5";"10";"50 | 10";"40";"20 | 40";"30 | 20";"50 | 40";"30 | 47";"50 | 60";"70 | 80";"80 | 60";"0x1 | 0x1";"21.3";"1.3 | 0.6";"1.7 | 0.7";"2.2";"46 | 50";"";"10 | 10";"11.9 | 7.5";"15.2 | 8";"8.2";"5.4 | 4";"3.9 | 3";"2.7 | 2.7";"4 | 3.9";"6.6";""
"Venezuela";"VEN";"Copa Venezuela";"04-07-2026 21:00";"NS";"Yaracuyanos";"";"";"Aragua";"";"";"70 | 80";"58 | 31";"";"51 | 53";"1.7 | 1.4";"61 | 51";"6.9 | 13.3";"10";"30 | 30";"40";"50 | 30";"20 | 50";"30 | 20";"57 | 47";"70 | 80";"80 | 50";"50 | 70";"1x0 | 1x1";"22.2";"1.7 | 0.9";"1 | 0.7";"2.2";"52 | 54";"";"10 | 10";"11.7 | 12";"10.3 | 10.3";"9.5";"4.5 | 4";"5.2 | 5.3";"3.1 | 3.4";"3.1 | 3.8";"6.7";""
"Venezuela";"VEN";"Copa Venezuela";"04-07-2026 21:00";"NS";"Fundación Lara Deportiva";"";"";"Caracas";"";"";"70 | 52";"41 | 48";"";"58 | 45";"1.4 | 1.4";"65 | 43";"10.7 | 8.4";"";"";"";"40 | 30";"20 | 50";"40 | 20";"47 | 47";"60 | 80";"80 | 50";"60 | 70";"0x0 | 1x1";"25.8";"1.2 | 1.4";"1 | 1.5";"2.6";"56 | 44";"";"10 | 10";"12.8 | 13.5";"8.1 | 17.1";"9.7";"4 | 5.4";"5.2 | 4.8";"3.7 | 2.5";"3.8 | 2";"6";""
"Venezuela";"VEN";"Copa Venezuela";"04-07-2026 21:00";"NS";"Monagas";"";"";"Bolívar SC";"";"";"74 | 70";"54 | 37";"";"44 | 45";"1.5 | 1.3";"39 | 43";"7.4 | 6.8";"2";"50 | 0";"50";"40 | 30";"30 | 40";"30 | 30";"50 | 43";"70 | 70";"70 | 60";"60 | 70";"1x1 | 1x0";"20.6";"1.6 | 1.1";"0.9 | 1";"2.3";"48 | 50";"";"10 | 10";"11.9 | 7.5";"11.1 | 10.6";"6.8";"3.4 | 4.1";"3.2 | 2.8";"2.3 | 4.2";"2.6 | 3.1";"6.1";""
"Venezuela";"VEN";"Copa Venezuela";"04-07-2026 21:00";"NS";"Dinamo Puerto La Cruz";"";"";"Mineros de Guayana";"";"";"56 | 60";"31 | 24";"";"49 | 56";"1 | 0.6";"42 | 55";"9.8 | 15.3";"6";"67 | 17";"17";"20 | 0";"40 | 60";"40 | 40";"33 | 20";"60 | 60";"60 | 40";"80 | 100";"1x1 | 1x1";"17.8";"0.9 | 0.7";"1.4 | 1.3";"2.2";"47 | 53";"";"10 | 10";"8.8 | 10.7";"8.3 | 7.7";"6.7";"3 | 3.1";"3.9 | 3.4";"3.7 | 3";"3.6 | 3.2";"6.7";""
"Venezuela";"VEN";"Copa Venezuela";"04-07-2026 21:00";"NS";"Atlético Barinas";"";"";"Atlético El Vigía";"";"";"42 | 10";"71 | 24";"";"53 | 46";"1.6 | 0.4";"60 | 51";"5.5 | 11";"2";"50 | 50";"0";"50 | 10";"10 | 10";"40 | 80";"53 | 13";"60 | 20";"90 | 90";"50 | 90";"2x1 | 1x0";"21.2";"2.1 | 0.7";"1.8 | 2.7";"3.6";"55 | 45";"";"10 | 10";"11.6 | 7.7";"9.8 | 13.3";"9";"3.9 | 6.6";"4.4 | 3";"1.9 | 2.4";"2.8 | 2.8";"5";""
"Venezuela";"VEN";"Copa Venezuela";"04-07-2026 21:00";"NS";"Real Frontera";"";"";"Zamora Fútbol Club";"";"";"46 | 70";"31 | 51";"";"40 | 50";"0.7 | 1.3";"42 | 46";"8.8 | 8";"";"";"";"20 | 30";"10 | 40";"70 | 30";"23 | 43";"30 | 70";"90 | 60";"80 | 70";"0x2 | 1x1";"24";"0.9 | 1.5";"1.7 | 1";"2.6";"43 | 50";"";"10 | 10";"7.9 | 12";"15.5 | 12.5";"8.1";"4.8 | 3.7";"3.4 | 4.3";"3.7 | 3.6";"2.1 | 3";"6.2";""
"Venezuela";"VEN";"Copa Venezuela";"04-07-2026 21:00";"NS";"Deportivo Lara";"";"";"Trujillanos";"";"";"77 | 32";"54 | 20";"";"53 | 51";"2 | 0.2";"53 | 51";"5.6 | 14";"10";"60 | 30";"10";"60 | 0";"20 | 20";"20 | 80";"67 | 7";"80 | 20";"80 | 80";"40 | 100";"1x0 | 3x1";"17.4";"1.6 | 0.6";"0.8 | 2.1";"2.6";"51 | 51";"";"10 | 10";"8.9 | 8.4";"8.4 | 9";"7.6";"3.8 | 3.8";"3.9 | 3.6";"3 | 3.1";"2.5 | 3";"5.8";""
"Venezuela";"VEN";"Copa Venezuela";"04-07-2026 21:00";"NS";"Ureña";"";"";"Rayo Zuliano";"";"";"80 | 38";"44 | 20";"";"50 | 43";"2.1 | 0.6";"52 | 38";"9.2 | 14.7";"4";"50 | 25";"25";"60 | 10";"30 | 30";"10 | 60";"70 | 20";"90 | 40";"70 | 70";"40 | 90";"0x0 | 0x0";"22";"1.3 | 0.6";"0.7 | 1.9";"2.2";"49 | 45";"";"10 | 10";"11.9 | 10";"7.9 | 14.3";"7.9";"2.8 | 5.3";"4.8 | 2.9";"1.7 | 3.2";"3 | 2.8";"5.4";""
"Argentina";"ARG";"Torneo Promocional Amateur";"04-07-2026 15:30";"NS";"Deportivo Metalúrgico";"";"";"SAT Moreno";"";"";"84 | 100";"65 | 51";"";"58 | 65";"2.4 | 2.6";"68 | 57";"8.8 | 9.5";"2";"0 | 50";"50";"80 | 80";"0 | 20";"20 | 0";"80 | 87";"80 | 100";"100 | 80";"20 | 20";"0x1 | 0x1";"22.9";"1.9 | 1.5";"0.6 | 0.4";"2.2";"56 | 55";"2 | 1";"10 | 10";"16.8 | 14.3";"8.8 | 6";"11";"3.8 | 3";"8.2 | 7";"1.8 | 1.7";"4 | 4";"5.8";"6.2"
"Argentina";"ARG";"Torneo Promocional Amateur";"04-07-2026 15:30";"NS";"Estrella de Berisso";"";"";"Juventud de Bernal";"";"";"60 | 28";"24 | 17";"";"53 | 38";"1.2 | 0.3";"50 | 41";"12.9 | 20.4";"2";"50 | 0";"50";"30 | 10";"30 | 0";"40 | 90";"40 | 10";"60 | 10";"70 | 100";"70 | 90";"1x0 | 1x0";"23.4";"0.7 | 0.5";"1.3 | 2.2";"2.4";"52 | 40";"4 | 8";"10 | 10";"9 | 10.2";"9.7 | 17.8";"11";"4.3 | 8.8";"5.7 | 3.2";"4 | 3.8";"1.7 | 2";"5.8";"6.2"
"Argentina";"ARG";"Torneo Promocional Amateur";"04-07-2026 15:30";"NS";"Provincial Lobos";"";"";"Náutico Hacoaj";"";"";"35 | 84";"31 | 54";"";"40 | 45";"1 | 1.9";"48 | 47";"10.8 | 5.8";"4";"0 | 75";"25";"30 | 60";"10 | 10";"60 | 30";"33 | 63";"40 | 70";"90 | 90";"70 | 40";"1x0 | 0x1";"24.6";"0.9 | 1.6";"2 | 0.6";"2.6";"45 | 45";"6 | 3";"10 | 10";"9.7 | 9.3";"17.7 | 12.7";"12.8";"7.7 | 8.3";"5.3 | 4.3";"2.3 | 2";"2.7 | 2.3";"4.6";"6.2"
"Argentina";"ARG";"Torneo Promocional Amateur";"04-07-2026 15:30";"NS";"Defensores Glew";"";"";"Atlético Pilar";"";"";"56 | 52";"75 | 27";"";"56 | 44";"1.6 | 0.7";"65 | 47";"6.8 | 17.1";"4";"75 | 0";"25";"50 | 20";"10 | 10";"40 | 70";"53 | 23";"60 | 30";"90 | 90";"50 | 80";"0x1 | 2x0";"26.8";"2.2 | 0.8";"1.4 | 1.5";"3";"54 | 50";"5 | 7";"10 | 10";"15 | 13.7";"10 | 15";"12.6";"5 | 6.7";"8 | 5.7";"3.5 | 3.7";"2 | 2.7";"5.9";"6.2"
"Canada";"CAN";"Premier League";"04-07-2026 16:00";"NS";"Atlético Ottawa";"";"";"Cavalry";"3.65";"1.90";"46 | 88";"61 | 68";"2";"48 | 59";"1.7 | 2.3";"42 | 55";"4.7 | 5.6";"10";"30 | 20";"50";"50 | 70";"20 | 20";"30 | 10";"57 | 77";"70 | 90";"80 | 80";"50 | 30";"1x0 | 0x2";"24.3";"1.8 | 2";"1.7 | 0.5";"3";"62 | 55";"3 | 2";"10 | 10";"11.7 | 14.5";"12.8 | 9.6";"8.9";"5.2 | 2.7";"4.2 | 5.7";"1.6 | 2";"1.9 | 2.5";"4";"4.2"
"Canada";"CAN";"Premier League";"04-07-2026 19:00";"NS";"Vancouver FC";"";"";"Inter Toronto FC";"";"";"70 | 42";"37 | 44";"";"52 | 47";"1.4 | 1.2";"49 | 44";"9.5 | 8.9";"10";"10 | 70";"20";"40 | 30";"20 | 30";"40 | 40";"47 | 40";"60 | 60";"80 | 70";"60 | 70";"0x1 | 1x1";"27";"1.1 | 1.3";"1 | 1.8";"2.6";"46 | 52";"7 | 5";"10 | 10";"14.8 | 14.7";"9.3 | 15.1";"9.3";"2.8 | 6.3";"4.4 | 5.1";"1.5 | 2.8";"2.8 | 1.9";"4.5";"4.2"
"Chile";"CHI";"Chilean Cup";"04-07-2026 16:00";"NS";"Magallanes";"";"";"Palestino";"1.74";"15.66";"32 | 66";"51 | 54";"1";"53 | 48";"1 | 1.5";"70 | 50";"11 | 8.7";"4";"50 | 50";"0";"30 | 40";"10 | 30";"60 | 30";"33 | 50";"40 | 70";"90 | 70";"70 | 60";"1x2 | 1x2";"30.6";"1.5 | 1.6";"2.1 | 1.1";"3.2";"52 | 46";"";"10 | 10";"16.5 | 16.1";"12.8 | 15.7";"12.6";"6.2 | 5.9";"6.9 | 6.3";"3.6 | 2.7";"2.7 | 2.1";"5.6";"4.5"
"Chile";"CHI";"Chilean Cup";"04-07-2026 16:00";"NS";"Unión San Felipe";"";"";"Unión La Calera";"";"";"42 | 60";"37 | 51";"";"41 | 48";"1.3 | 1.3";"44 | 48";"7.8 | 5.5";"10";"50 | 20";"30";"40 | 30";"10 | 40";"50 | 30";"43 | 43";"50 | 70";"90 | 60";"60 | 70";"0x1 | 0x0";"24.2";"1.1 | 1.5";"1.8 | 1.3";"2.8";"44 | 42";"";"10 | 10";"8.6 | 10.1";"17 | 12.8";"9";"6.4 | 3.9";"3.8 | 4";"1.8 | 2.2";"1.6 | 2.8";"4.2";"4.5"
"Chile";"CHI";"Chilean Cup";"04-07-2026 17:00";"NS";"San Luis";"";"";"Everton";"";"";"52 | 56";"65 | 58";"";"54 | 50";"1.7 | 1.5";"70 | 57";"8.7 | 6.7";"10";"20 | 60";"20";"50 | 40";"20 | 30";"30 | 30";"57 | 50";"70 | 70";"80 | 70";"50 | 60";"1x3 | 2x1";"28.4";"1.9 | 1.7";"1.5 | 1.4";"3.2";"55 | 44";"";"10 | 10";"16.5 | 13.4";"12 | 14.8";"10.6";"4.7 | 5";"6.3 | 5.3";"2.3 | 2.6";"2.2 | 3.6";"5.4";"4.5"
"Chile";"CHI";"Chilean Cup";"04-07-2026 19:00";"NS";"Deportes Iquique";"";"";"Coquimbo Unido";"";"";"42 | 84";"54 | 58";"";"50 | 55";"1 | 2.1";"66 | 55";"8.3 | 6.2";"10";"20 | 70";"10";"20 | 60";"40 | 30";"40 | 10";"33 | 70";"60 | 90";"60 | 70";"80 | 40";"1x1 | 0x3";"24.6";"1.6 | 1.7";"1.8 | 0.6";"2.8";"60 | 45";"";"10 | 10";"13.3 | 12.6";"14 | 9.4";"9.4";"5.6 | 3.1";"5.2 | 4.9";"2 | 2.5";"2 | 2";"4.2";"4.5"
"Chile";"CHI";"Chilean Cup";"04-07-2026 21:30";"NS";"Universidad Católica";"";"";"Copiapó";"";"";"80 | 38";"99 | 37";"";"53 | 45";"2.7 | 1.3";"56 | 51";"4.4 | 8.9";"5";"80 | 0";"20";"90 | 40";"0 | 10";"10 | 50";"90 | 43";"90 | 50";"100 | 90";"10 | 60";"2x0 | 3x0";"25";"2.9 | 1.1";"0.7 | 1.9";"3.3";"58 | 44";"";"10 | 10";"15.1 | 9.8";"12.2 | 13";"8.2";"2.7 | 5.7";"5.3 | 2.8";"2.3 | 2.9";"2.9 | 2.2";"5.2";"4.5"
"Chile";"CHI";"Segunda División";"04-07-2026 17:00";"NS";"Provincial Osorno";"";"";"General Velásquez";"";"";"100 | 63";"27 | 31";"";"55 | 44";"1.8 | 1.3";"51 | 37";"13.5 | 10.4";"7";"29 | 29";"43";"40 | 40";"60 | 10";"0 | 50";"60 | 43";"100 | 50";"40 | 90";"60 | 60";"1x0 | 1x0";"20.2";"0.8 | 0.9";"0.4 | 1.2";"1.6";"50 | 47";"2 | 4";"10 | 10";"10.8 | 9.4";"8.3 | 11.9";"7.8";"2.9 | 4.6";"4.1 | 4";"1.9 | 4";"3.6 | 3.4";"6.4";"6.6"
"Chile";"CHI";"Segunda División";"04-07-2026 17:00";"NS";"Provincial Ovalle";"";"";"Colina";"";"";"25 | 66";"31 | 31";"";"52 | 52";"0.2 | 0.9";"48 | 47";"9.8 | 12.2";"9";"22 | 67";"11";"0 | 20";"20 | 30";"80 | 50";"7 | 30";"20 | 50";"80 | 70";"100 | 80";"0x1 | 1x0";"19.4";"0.9 | 0.9";"2.3 | 1.1";"2.6";"51 | 53";"7 | 6";"10 | 10";"8.8 | 11";"9.2 | 9.8";"8";"5.1 | 3.2";"3.6 | 4.2";"2.3 | 3.3";"2.8 | 2.8";"5.6";"6.6"
"Chile";"CHI";"Segunda División";"04-07-2026 18:00";"NS";"Deportes Rengo";"";"";"Santiago Morning";"";"";"52 | 70";"27 | 27";"";"41 | 50";"0.8 | 1";"38 | 50";"11 | 14.6";"";"";"";"20 | 20";"20 | 40";"60 | 40";"27 | 33";"40 | 60";"80 | 60";"80 | 80";"0x1 | 1x0";"23.2";"0.8 | 0.8";"1.5 | 1";"2";"45 | 51";"7 | 5";"10 | 10";"8.8 | 11.7";"15.1 | 10.8";"9.5";"6.5 | 4.7";"3.7 | 4.1";"3 | 3.9";"2.9 | 2.9";"6.4";"6.6"
"Cape Verde";"CPV";"Campeonato Nacional";"04-07-2026 13:30";"NS";"Winner Semi-final 1";"";"";"Winner Semi-final 2";"";"";"";"";"";"";"";"";"";"";"";"";"";"";"";"";"";"";"";" | ";"";"";"";"";"";"";"";"";"";"";"";"";"";"";"";""
"Europe";"EUR";"Euro U19";"04-07-2026 10:00";"NS";"Spain U19";"";"";"Germany U19";"";"";"88 | 60";"95 | 95";"";"69 | 59";"2.5 | 2.1";"69 | 60";"5.8 | 5.3";"3";"0 | 33";"67";"80 | 60";"10 | 30";"10 | 10";"83 | 70";"90 | 90";"90 | 70";"20 | 40";"1x0 | 1x2";"24.1";"2.8 | 2.8";"0.5 | 1.3";"3.7";"59 | 54";"1 | 2";"10 | 10";"16.3 | 14.8";"7.1 | 10";"10.2";"2.2 | 4";"8.2 | 5.9";"2.1 | 2";"2.5 | 1.7";"4.2";""
"Europe";"EUR";"Euro U19";"04-07-2026 10:00";"NS";"Denmark U19";"";"";"Wales U19";"";"";"56 | 21";"92 | 41";"";"58 | 35";"1.6 | 0.9";"71 | 25";"5.4 | 7.2";"";"";"";"50 | 30";"10 | 0";"40 | 70";"53 | 30";"60 | 30";"90 | 100";"50 | 70";"0x0 | 1x0";"21.6";"2.7 | 1.2";"1.4 | 2.4";"3.8";"55 | 51";"3 | 4";"10 | 10";"14.6 | 8.4";"8 | 12.2";"9.7";"3 | 5.4";"6.4 | 4.6";"1.6 | 1.4";"3 | 0.7";"3.4";""
"Republic of Ireland";"IRL";"First Division";"04-07-2026 15:30";"NS";"Longford Town";"";"";"UCD";"3.24";"2.03";"46 | 66";"48 | 68";"5";"45 | 53";"1.4 | 1.8";"45 | 53";"5.1 | 6";"10";"0 | 70";"30";"40 | 60";"20 | 0";"40 | 40";"47 | 60";"60 | 60";"80 | 100";"60 | 40";"0x2 | 0x2";"19.1";"1.4 | 2";"1.7 | 1.1";"3.1";"50 | 55";"7 | 2";"10 | 10";"7.2 | 11.9";"10.7 | 8.4";"8";"4.9 | 3";"3 | 5.1";"2.1 | 2";"2.1 | 2.4";"4.3";"5"
"United States";"USA";"NWSL";"04-07-2026 19:30";"NS";"North Carolina Courage W";"";"";"Seattle Reign W";"1.73";"4.14";"63 | 63";"51 | 27";"1";"52 | 48";"1.5 | 1.1";"46 | 44";"7.3 | 9";"10";"30 | 50";"20";"40 | 30";"30 | 20";"30 | 50";"50 | 37";"70 | 50";"70 | 80";"60 | 70";"2x1 | 1x2";"25.8";"1.5 | 0.8";"1.2 | 1.2";"2.4";"52 | 50";"7 | 10";"10 | 10";"14.3 | 11.3";"12.8 | 13.2";"7.4";"3.4 | 3.9";"4.2 | 3.4";"1.4 | 1.2";"1.4 | 1.2";"2.6";"2.8"
"United States";"USA";"NWSL";"04-07-2026 21:45";"NS";"San Diego Wave W";"";"";"Gotham FC W";"";"";"60 | 70";"54 | 48";"";"56 | 57";"1.9 | 1.9";"55 | 56";"5.7 | 7.8";"9";"67 | 22";"11";"60 | 60";"10 | 10";"30 | 30";"63 | 63";"70 | 70";"90 | 90";"40 | 40";"0x1 | 0x2";"22.2";"1.6 | 1.4";"1.3 | 1";"2.6";"54 | 58";"1 | 5";"10 | 10";"12.6 | 14.9";"8.4 | 8.5";"8.4";"2.8 | 3.8";"4.8 | 5.3";"1.4 | 0.7";"2.1 | 0.9";"2.6";"2.8"
"Argentina";"ARG";"Primera B Nacional";"04-07-2026 15:00";"NS";"Colegiales";"";"";"Gimnasia y Tiro de Salta";"2.00";"4.31";"84 | 66";"41 | 24";"";"52 | 45";"1.6 | 0.9";"58 | 40";"5.6 | 11.3";"3";"33 | 67";"0";"40 | 20";"40 | 30";"20 | 50";"53 | 30";"80 | 50";"60 | 70";"60 | 80";"0x0 | 0x1";"15";"1.2 | 0.7";"0.6 | 1.1";"1.8";"50 | 47";"7 | 14";"10 | 10";"6.7 | 8";"7 | 8.4";"6.4";"2.4 | 3.7";"3.1 | 3.6";"1.3 | 2.7";"2 | 2";"4";"5.2"
"Argentina";"ARG";"Primera B Nacional";"04-07-2026 15:30";"NS";"Nueva Chicago";"";"";"Güemes";"2.02";"3.83";"63 | 38";"24 | 31";"5";"50 | 47";"0.8 | 1";"59 | 47";"15.4 | 5.9";"4";"25 | 75";"0";"10 | 30";"50 | 10";"40 | 60";"27 | 33";"60 | 40";"50 | 90";"90 | 70";"0x0 | 0x1";"17";"0.7 | 0.9";"1.2 | 1.9";"2.3";"53 | 47";"11 | 17";"10 | 10";"10.8 | 5.3";"9.7 | 8.3";"6.6";"3.4 | 4.1";"3.8 | 2";"3.2 | 2.8";"2.2 | 1.4";"4.8";"5.2"
"Argentina";"ARG";"Primera B Nacional";"04-07-2026 15:30";"NS";"Temperley";"";"";"Tristán Suárez";"2.32";"3.45";"63 | 77";"37 | 24";"5";"52 | 45";"1.4 | 1.4";"63 | 47";"8.4 | 9.4";"10";"40 | 30";"30";"30 | 30";"50 | 50";"20 | 20";"47 | 47";"80 | 80";"50 | 50";"70 | 70";"1x1 | 0x0";"15.7";"1.1 | 0.7";"1.2 | 0.8";"1.9";"51 | 46";"5 | 3";"10 | 10";"9.2 | 6.6";"7.3 | 8.3";"6.4";"3.1 | 3.2";"3.8 | 2.6";"2.9 | 2.2";"2.4 | 2.1";"4.8";"5.2"
"Argentina";"ARG";"Primera B Nacional";"04-07-2026 15:30";"NS";"Almagro";"";"";"Atlético Rafaela";"2.37";"3.32";"60 | 77";"37 | 14";"5";"46 | 44";"1.4 | 1.2";"45 | 44";"6.5 | 17.7";"10";"50 | 20";"30";"40 | 30";"20 | 30";"40 | 40";"47 | 40";"60 | 60";"80 | 70";"60 | 70";"0x1 | 0x0";"18";"1.1 | 0.4";"1.3 | 0.8";"1.8";"45 | 44";"12 | 4";"10 | 10";"7.1 | 7.1";"10.8 | 10.9";"7.9";"4.2 | 5";"3.8 | 2.8";"2.6 | 2.9";"2.1 | 1.3";"4.4";"5.2"
"Argentina";"ARG";"Primera B Nacional";"04-07-2026 15:30";"NS";"Defensores de Belgrano";"";"";"Deportivo Morón";"2.64";"2.98";"60 | 74";"14 | 44";"5";"52 | 52";"0.6 | 1.7";"44 | 57";"16.8 | 6.7";"10";"10 | 50";"40";"10 | 50";"30 | 20";"60 | 30";"20 | 57";"40 | 70";"70 | 80";"90 | 50";"0x0 | 1x0";"14.8";"0.4 | 1.3";"1.3 | 0.9";"2";"51 | 50";"12 | 1";"10 | 10";"6.7 | 8.9";"6.4 | 7.7";"5.7";"2.1 | 2.6";"1.8 | 4.9";"2 | 3.2";"3.1 | 3.6";"5.9";"5.2"
"Argentina";"ARG";"Primera B Nacional";"04-07-2026 15:30";"NS";"Almirante Brown";"";"";"Los Andes";"2.54";"3.14";"100 | 100";"27 | 34";"5";"47 | 50";"1.8 | 1.7";"54 | 62";"9.4 | 7.9";"6";"67 | 0";"33";"50 | 40";"30 | 50";"20 | 10";"60 | 57";"80 | 90";"70 | 50";"50 | 60";"1x0 | 0x0";"15";"0.8 | 1";"0.4 | 0.3";"1.2";"50 | 49";"7 | 3";"10 | 10";"7.5 | 7.9";"8 | 6.6";"5.2";"2.9 | 1.8";"2.6 | 3.2";"1.7 | 3";"2.8 | 3.4";"5.4";"5.2"
"Argentina";"ARG";"Primera B Nacional";"04-07-2026 16:00";"NS";"Ciudad de Bolívar";"";"";"Godoy Cruz";"2.89";"2.69";"74 | 77";"34 | 34";"5";"43 | 52";"1.7 | 1.2";"42 | 55";"5 | 8.4";"";"";"";"50 | 30";"20 | 30";"30 | 40";"57 | 40";"70 | 60";"80 | 70";"50 | 70";"1x0 | 1x0";"14.9";"1 | 1";"0.9 | 0.8";"1.8";"45 | 54";"6 | 9";"10 | 10";"5 | 8.4";"7.2 | 9.2";"5.2";"2.1 | 3.4";"2.1 | 2.8";"2.6 | 2.8";"1.5 | 3.1";"5";"5.2"
"Argentina";"ARG";"Primera B Nacional";"04-07-2026 18:00";"NS";"Quilmes Atlético Club";"";"";"Atlanta";"2.46";"3.09";"80 | 88";"17 | 51";"5";"57 | 46";"1 | 2.3";"56 | 42";"16.8 | 4.1";"10";"40 | 40";"20";"20 | 70";"40 | 20";"40 | 10";"33 | 77";"60 | 90";"60 | 80";"80 | 30";"0x0 | 0x1";"15.4";"0.5 | 1.5";"0.7 | 0.5";"1.6";"53 | 51";"13 | 2";"10 | 10";"8.4 | 6.1";"8.5 | 7.7";"6.2";"3.3 | 2.8";"3.3 | 2.9";"1.4 | 2";"2.1 | 2.4";"4";"5.2"
"Argentina";"ARG";"Primera C";"04-07-2026 13:00";"NS";"Lugano";"";"";"JJ Urquiza";"1.90";"4.20";"66 | 66";"41 | 7";"1";"48 | 49";"1.3 | 0.7";"57 | 50";"7.9 | 44";"5";"20 | 40";"40";"30 | 10";"40 | 40";"30 | 50";"43 | 23";"70 | 50";"60 | 60";"70 | 90";"0x0 | 1x0";"18.8";"1.2 | 0.2";"1.1 | 1.1";"1.8";"48 | 45";"11 | 28";"10 | 10";"9.5 | 8.8";"9.4 | 9.8";"6.8";"4 | 4";"3.2 | 2.4";"4.1 | 3.6";"3.3 | 3.2";"7.1";"6.4"
"Argentina";"ARG";"Primera C";"04-07-2026 15:00";"NS";"Leones de Rosario";"";"";"Central Ballester";"1.80";"4.35";"77 | 56";"34 | 27";"1";"53 | 43";"1.6 | 0.9";"55 | 44";"9.8 | 7";"";"";"";"40 | 20";"40 | 30";"20 | 50";"53 | 30";"80 | 50";"60 | 70";"60 | 80";"0x0 | 0x0";"16";"1 | 0.8";"0.8 | 1.4";"2";"54 | 49";"4 | 22";"10 | 10";"9.8 | 5.6";"8.4 | 8.1";"6.3";"3.9 | 3.4";"3.2 | 2.1";"2.1 | 3.4";"2.7 | 2.2";"5.2";"6.4"
"Argentina";"ARG";"Primera C";"04-07-2026 15:00";"NS";"Luján";"";"";"Fénix";"1.67";"5.20";"84 | 70";"51 | 17";"1";"53 | 45";"2.3 | 0.8";"51 | 43";"5.7 | 12";"10";"30 | 30";"40";"70 | 20";"20 | 20";"10 | 60";"77 | 27";"90 | 40";"80 | 80";"30 | 80";"2x0 | 1x0";"14.4";"1.5 | 0.5";"0.6 | 1";"1.8";"47 | 46";"2 | 27";"10 | 10";"8.1 | 6";"5.2 | 9.6";"6.6";"2.5 | 4.7";"3.9 | 2.2";"2.6 | 3.4";"2.9 | 2.9";"5.8";"6.4"
"Argentina";"ARG";"Primera C";"04-07-2026 15:00";"NS";"Argentino Rosario";"";"";"Defensores de Cambaceres";"2.17";"3.33";"52 | 66";"37 | 14";"5";"47 | 52";"0.9 | 0.9";"52 | 50";"7.3 | 24";"10";"40 | 30";"30";"10 | 20";"60 | 30";"30 | 50";"30 | 30";"70 | 50";"40 | 70";"90 | 80";"1x1 | 0x0";"17.6";"1.1 | 0.4";"1.5 | 1.1";"2";"50 | 48";"24 | 19";"10 | 10";"8 | 9.6";"9.2 | 8.6";"7.8";"4.6 | 3.4";"4 | 3.7";"3.4 | 3.5";"4.2 | 2.8";"7";"6.4"
"Argentina";"ARG";"Primera C";"04-07-2026 15:00";"NS";"Estrella del Sur";"";"";"Leandro Nicéforo Alem";"1.74";"4.64";"70 | 63";"27 | 48";"1";"52 | 47";"1.3 | 1.5";"54 | 51";"11 | 6.1";"";"";"";"30 | 40";"40 | 30";"30 | 30";"43 | 50";"70 | 70";"60 | 70";"70 | 60";"0x0 | 0x0";"15.4";"0.8 | 1.4";"1 | 1.2";"2.2";"50 | 46";"10 | 16";"10 | 10";"8.8 | 8.6";"5.1 | 8.4";"6";"2.1 | 3.3";"3.3 | 3.3";"4 | 3.5";"4.5 | 3.5";"7.8";"6.4"
"Argentina";"ARG";"Primera B Metropolitana";"04-07-2026 13:00";"NS";"Deportivo Merlo";"";"";"Villa Dálmine";"2.70";"2.65";"42 | 84";"37 | 31";"5";"50 | 52";"1.4 | 1.5";"50 | 61";"7.8 | 8.3";"9";"44 | 33";"22";"40 | 40";"20 | 30";"40 | 30";"47 | 50";"60 | 70";"80 | 70";"60 | 60";"1x0 | 0x2";"16.8";"1.1 | 0.9";"1.8 | 0.6";"2.2";"49 | 53";"10 | 4";"10 | 10";"8.6 | 7.5";"9 | 8.4";"5.9";"4.1 | 2.7";"2.5 | 2.5";"3.2 | 2.6";"2.1 | 2.4";"5.2";"5.9"
"Argentina";"ARG";"Primera B Metropolitana";"04-07-2026 14:30";"NS";"Ituzaingó";"";"";"Villa San Carlos";"2.63";"2.63";"42 | 63";"34 | 14";"5";"47 | 50";"0.5 | 0.6";"56 | 63";"9.2 | 19";"8";"38 | 25";"38";"10 | 0";"20 | 60";"70 | 40";"17 | 20";"30 | 60";"80 | 40";"90 | 100";"0x2 | 0x0";"16.7";"1 | 0.4";"1.8 | 1.2";"2.2";"43 | 47";"22 | 21";"10 | 10";"9.2 | 7.6";"8.6 | 8";"6.3";"3.8 | 3";"3.5 | 2.3";"3.5 | 3.3";"3.8 | 2.9";"6.8";"5.9"
"Argentina";"ARG";"Primera B Metropolitana";"04-07-2026 15:00";"NS";"Flandria";"";"";"Deportivo Laferrere";"2.63";"2.66";"70 | 63";"24 | 44";"5";"51 | 51";"0.9 | 1.5";"57 | 65";"13 | 8.3";"7";"14 | 57";"29";"20 | 40";"30 | 30";"50 | 30";"30 | 50";"50 | 70";"70 | 70";"80 | 60";"0x0 | 0x2";"19.3";"0.7 | 1.3";"1 | 1.2";"2.1";"52 | 49";"19 | 13";"10 | 10";"9.1 | 10.8";"9.4 | 9.3";"7.6";"3.9 | 4";"3.1 | 4.1";"2.9 | 2.9";"1.8 | 2.4";"5";"5.9"
"Argentina";"ARG";"Primera B Metropolitana";"04-07-2026 15:00";"NS";"Comunicaciones";"";"";"Arsenal de Sarandí";"3.42";"2.12";"63 | 66";"54 | 41";"5";"54 | 54";"1.6 | 1.6";"54 | 64";"4.9 | 8.3";"";"";"";"40 | 40";"40 | 40";"20 | 20";"53 | 53";"80 | 80";"60 | 60";"60 | 60";"2x1 | 0x0";"15.9";"1.6 | 1.2";"1.2 | 1.1";"2.6";"52 | 56";"8 | 3";"10 | 10";"7.9 | 10";"6.3 | 7.6";"6.3";"2.4 | 2.9";"3.7 | 3.6";"3 | 3.8";"2.4 | 4.3";"6.8";"5.9"
"Argentina";"ARG";"Primera B Metropolitana";"04-07-2026 15:00";"NS";"Dock Sud";"";"";"Excursionistas";"3.51";"2.08";"77 | 88";"34 | 61";"5";"50 | 54";"1.3 | 2.1";"57 | 58";"7.5 | 4.4";"10";"30 | 30";"40";"30 | 60";"40 | 30";"30 | 10";"43 | 70";"70 | 90";"60 | 70";"70 | 40";"2x0 | 0x1";"16";"1 | 1.8";"0.8 | 0.5";"2";"50 | 54";"16 | 1";"10 | 10";"7.5 | 8";"8.5 | 7.9";"6.3";"3.2 | 2.7";"3 | 3.7";"2.6 | 2.3";"2.7 | 2.6";"5.1";"5.9"
"Argentina";"ARG";"Primera B Metropolitana";"04-07-2026 15:00";"NS";"Deportivo Camioneros";"";"";"UAI Urquiza";"1.86";"4.50";"77 | 77";"44 | 14";"1";"48 | 47";"1.8 | 0.9";"53 | 52";"6.1 | 16.2";"";"";"";"50 | 10";"30 | 60";"20 | 30";"60 | 30";"80 | 70";"70 | 40";"50 | 90";"0x0 | 0x0";"16.2";"1.3 | 0.4";"0.8 | 0.8";"1.6";"51 | 52";"5 | 18";"10 | 10";"7.9 | 6.5";"9.8 | 8.1";"6";"3.6 | 3";"3.5 | 1.9";"2.7 | 2.6";"3.3 | 2.1";"5.4";"5.9"
"Argentina";"ARG";"Primera B Metropolitana";"04-07-2026 15:30";"NS";"Deportivo Armenio";"";"";"Brown de Adrogué";"2.25";"3.20";"66 | 66";"51 | 27";"5";"54 | 51";"1.7 | 0.9";"56 | 57";"7.7 | 9.5";"10";"20 | 10";"70";"50 | 20";"20 | 30";"30 | 50";"57 | 30";"70 | 50";"80 | 70";"50 | 80";"1x1 | 0x0";"15.6";"1.5 | 0.8";"1.1 | 1.1";"2.2";"51 | 49";"9 | 20";"10 | 10";"11.6 | 7.6";"5.7 | 6.2";"6.6";"2.8 | 2.7";"4.6 | 3.2";"2.1 | 2";"3.8 | 2.2";"5.1";"5.9"
"Argentina";"ARG";"Copa Santa Fe";"04-07-2026 15:30";"NS";"Ciclón Racing";"";"";"Colón San Justo";"";"";"";"";"";"";"";"";"";"";"";"";"";"";"";"";"";"";"";" | ";"";"";"";"";"";"";"";"";"";"";"";"";"";"";"";""
"Australia";"AUS";"Queensland Premier League 3 Metro";"04-07-2026 05:00";"NS";"Yeronga Eagles";"";"";"Springfield United";"";"";"80 | 38";"100 | 68";"";"56 | 52";"2.2 | 1.5";"65 | 60";"5.2 | 6.5";"3";"33 | 33";"33";"70 | 40";"10 | 30";"20 | 30";"73 | 50";"80 | 70";"90 | 70";"30 | 60";"3x0 | 2x2";"26.2";"3.2 | 2";"0.7 | 1.9";"3.9";"56 | 49";"1 | 5";"10 | 10";"16.8 | 13";"11.2 | 11.3";"14.3";"5 | 6.7";"9.6 | 7.3";"0.9 | 1.3";"2.2 | 1.5";"3";"3.7"
"Australia";"AUS";"Queensland Premier League 3 Metro";"04-07-2026 05:15";"NS";"Newmarket";"";"";"AC Carina";"";"";"56 | 38";"100 | 78";"";"54 | 53";"2.3 | 1.6";"74 | 56";"4.9 | 6.7";"4";"75 | 25";"0";"70 | 40";"20 | 40";"10 | 20";"77 | 53";"90 | 80";"80 | 60";"30 | 60";"0x4 | 2x2";"31.1";"3.4 | 2.3";"1.4 | 1.9";"4.5";"56 | 50";"2 | 4";"10 | 10";"16.8 | 15.3";"14.3 | 15.7";"18.6";"8.8 | 8.1";"11 | 9.3";"2 | 2.2";"1.5 | 2.5";"4.2";"3.7"
"Australia";"AUS";"Queensland Premier League 3 Metro";"04-07-2026 06:00";"NS";"North Lakes United";"";"";"North Brisbane";"";"";"35 | 4";"78 | 48";"";"46 | 38";"1.6 | 1.3";"53 | 39";"7 | 7.5";"";"";"";"50 | 40";"10 | 10";"40 | 50";"53 | 43";"60 | 50";"90 | 90";"50 | 60";"1x3 | 1x2";"32";"2.3 | 1.4";"2 | 2.9";"4.3";"53 | 44";"6 | 7";"10 | 10";"16 | 10.5";"19.4 | 18.1";"19.6";"11.6 | 10.4";"10.2 | 7";"1.6 | 2.9";"2 | 0.6";"3.6";"3.7"
"Australia";"AUS";"Capital Territory";"04-07-2026 02:00";"NS";"Canberra White Eagles";"";"";"Cooma Tigers";"";"";"14 | 66";"27 | 100";"";"40 | 58";"0.3 | 2.5";"45 | 54";"10.6 | 4.2";"";"";"";"10 | 80";"0 | 10";"90 | 10";"10 | 83";"10 | 90";"100 | 90";"90 | 20";"1x2 | 1x3";"22.2";"0.8 | 3.1";"2.6 | 1.1";"3.8";"43 | 56";"";"10 | 10";"8.5 | 13.1";"14.9 | 8";"11.4";"7.6 | 4.2";"3.4 | 7.7";"1.9 | 2.1";"1.4 | 2.2";"3.8";"3.7"
"Australia";"AUS";"Capital Territory";"04-07-2026 02:00";"NS";"Queanbeyan City";"";"";"Tuggeranong United";"1.70";"3.70";"63 | 14";"71 | 95";"1";"56 | 44";"2.2 | 2.1";"53 | 54";"6.4 | 4.4";"8";"25 | 50";"25";"70 | 70";"10 | 0";"20 | 30";"73 | 70";"80 | 70";"90 | 100";"30 | 30";"2x1 | 1x2";"24.9";"2.1 | 2.8";"1.2 | 2.6";"4.4";"54 | 46";"";"10 | 10";"13.5 | 12.4";"7.9 | 16";"13.4";"3.6 | 8.7";"6.9 | 7.7";"2.1 | 0.5";"1.8 | 1.1";"2.8";"3.7"
"Australia";"AUS";"Capital Territory";"04-07-2026 03:30";"NS";"Belconnen United";"";"";"Gungahlin Juventus";"2.55";"2.16";"7 | 42";"58 | 78";"5";"42 | 52";"0.4 | 1.8";"43 | 59";"4.9 | 4.3";"10";"70 | 30";"0";"10 | 60";"10 | 0";"80 | 40";"13 | 60";"20 | 60";"90 | 100";"90 | 40";"1x2 | 0x1";"20.8";"1.7 | 2.3";"2.8 | 1.8";"4.3";"46 | 52";"";"10 | 10";"8.3 | 9.9";"12 | 11.4";"11.2";"6.1 | 6.8";"4.1 | 5.4";"1.8 | 1.8";"1.5 | 3.5";"4.3";"3.7"
"Australia";"AUS";"Capital Territory";"04-07-2026 04:45";"NS";"Monaro Panthers";"";"";"Brindabella Blues";"1.02";"19.00";"38 | 14";"92 | 20";"3";"55 | 35";"1.8 | 0.6";"59 | 40";"4.7 | 13";"";"";"";"60 | 20";"0 | 0";"40 | 80";"60 | 20";"60 | 20";"100 | 100";"40 | 80";"1x3 | 2x0";"23.7";"2.7 | 0.6";"1.9 | 2.6";"3.9";"51 | 43";"";"10 | 10";"12.8 | 7.8";"9.9 | 16.9";"11.6";"4.9 | 8.3";"6.3 | 3.7";"2.2 | 1.9";"1.2 | 1";"3.2";"3.7"
"Australia";"AUS";"New South Wales";"04-07-2026 02:00";"NS";"University of NSW";"";"";"Sydney II";"";"";"49 | 60";"34 | 48";"";"56 | 49";"1 | 1.8";"64 | 56";"14.2 | 8.7";"";"";"";"30 | 50";"10 | 30";"60 | 20";"33 | 60";"40 | 80";"90 | 70";"70 | 50";"0x2 | 0x0";"23";"1 | 1.4";"1.6 | 1.3";"2.7";"51 | 47";"13 | 6";"10 | 10";"14.2 | 12.1";"9.8 | 10";"9.7";"4.2 | 4.6";"5.9 | 4.7";"3 | 1.9";"1.7 | 1.4";"4";"3.7"
"Australia";"AUS";"New South Wales";"04-07-2026 02:00";"NS";"Western Sydney W. II";"";"";"Sydney Olympic";"1.71";"3.75";"56 | 25";"78 | 44";"1";"52 | 45";"1.3 | 1.1";"53 | 49";"5.1 | 6.2";"8";"50 | 38";"12";"30 | 30";"40 | 20";"30 | 50";"43 | 37";"70 | 50";"60 | 80";"70 | 70";"3x3 | 2x0";"22.2";"2.3 | 1.3";"1.4 | 2.3";"3.6";"51 | 45";"9 | 16";"10 | 10";"11.8 | 8.1";"11.1 | 13.3";"9.5";"5.1 | 4.8";"5.3 | 3.8";"0.8 | 2.4";"2 | 1.3";"3.3";"3.7"
"Australia";"AUS";"New South Wales";"04-07-2026 04:00";"NS";"Manly United";"";"";"SD Raiders";"";"";"63 | 66";"41 | 51";"";"49 | 49";"1.2 | 1.8";"51 | 43";"9 | 7.3";"";"";"";"30 | 50";"30 | 30";"40 | 20";"40 | 60";"60 | 80";"70 | 70";"70 | 50";"1x2 | 1x2";"20.8";"1.2 | 1.5";"1.2 | 1.1";"2.5";"54 | 51";"11 | 10";"10 | 10";"10.8 | 10.9";"9.7 | 10.2";"9.6";"4.7 | 3.9";"4.8 | 5.7";"2 | 3";"1.7 | 2.7";"4.7";"3.7"
"Australia";"AUS";"New South Wales";"04-07-2026 04:30";"NS";"Sutherland Sharks";"";"";"APIA Leichhardt Tigers";"4.70";"1.52";"60 | 70";"54 | 61";"2";"46 | 55";"1.6 | 2.2";"50 | 61";"6 | 6.3";"10";"0 | 90";"10";"50 | 70";"10 | 10";"40 | 20";"53 | 73";"60 | 80";"90 | 90";"50 | 30";"1x0 | 1x2";"21.6";"1.6 | 1.8";"1.3 | 1";"2.8";"49 | 53";"5 | 2";"10 | 10";"9.6 | 11.3";"13.5 | 8.8";"10";"5.2 | 4.8";"3.9 | 6";"1.1 | 1.4";"1.2 | 1.8";"2.8";"3.7"
"Australia";"AUS";"Npl Western Australia";"04-07-2026 04:00";"NS";"Perth Glory II";"";"";"Balcatta";"";"";"35 | 4";"54 | 44";"";"44 | 55";"0.8 | 0.5";"52 | 59";"5.2 | 7.7";"10";"50 | 40";"10";"20 | 10";"20 | 20";"60 | 70";"27 | 17";"40 | 30";"80 | 80";"80 | 90";"1x2 | 0x0";"20.6";"1.6 | 1.3";"2 | 2.9";"3.9";"49 | 49";"11 | 12";"10 | 10";"8.3 | 10";"13.5 | 9.4";"9.7";"5.4 | 4.9";"4.3 | 4.8";"2 | 1.8";"1.3 | 1.6";"3.3";"3.7"
"Australia";"AUS";"Npl Western Australia";"04-07-2026 04:00";"NS";"Stirling Lions";"";"";"Perth RedStar";"2.15";"2.70";"42 | 60";"75 | 68";"5";"47 | 50";"1.4 | 2";"50 | 58";"3.9 | 5.8";"10";"40 | 40";"20";"40 | 60";"20 | 20";"40 | 20";"47 | 67";"60 | 80";"80 | 80";"60 | 40";"1x2 | 1x2";"20.8";"2.2 | 2";"1.8 | 1.3";"3.6";"50 | 47";"6 | 2";"10 | 10";"8.5 | 11.6";"11.9 | 9.7";"9";"5.2 | 3.6";"3.7 | 5.4";"2.1 | 0.8";"2.3 | 1.7";"3.4";"3.7"
"Australia";"AUS";"Npl Western Australia";"04-07-2026 04:00";"NS";"Fremantle City";"";"";"Bayswater City";"3.50";"1.77";"56 | 52";"82 | 95";"2";"48 | 57";"2.1 | 2.5";"55 | 61";"4.4 | 4.5";"8";"25 | 50";"25";"60 | 80";"30 | 10";"10 | 10";"70 | 83";"90 | 90";"70 | 90";"40 | 20";"2x2 | 1x2";"21.6";"2.4 | 2.8";"1.4 | 1.5";"4";"50 | 54";"5 | 1";"10 | 10";"10.6 | 12.6";"11.7 | 8.6";"9.2";"4.6 | 3.9";"4.7 | 5.4";"1.3 | 1.6";"1.3 | 1.7";"3";"3.7"
"Australia";"AUS";"Npl Western Australia";"04-07-2026 04:00";"NS";"Western Knights";"";"";"Sorrento";"1.63";"4.00";"32 | 46";"44 | 37";"1";"52 | 34";"0.6 | 1.2";"60 | 36";"9 | 5.6";"5";"0 | 80";"20";"10 | 40";"30 | 0";"60 | 60";"20 | 40";"40 | 40";"70 | 100";"90 | 60";"1x2 | 0x1";"20";"1.3 | 1.1";"2.1 | 1.7";"3.1";"48 | 38";"8 | 7";"10 | 10";"11.7 | 6.2";"10.9 | 11.1";"8.6";"5.4 | 4.6";"4.3 | 2.8";"2.1 | 1.1";"2 | 1.8";"3.5";"3.7"
"Australia";"AUS";"Npl Western Australia";"04-07-2026 04:00";"NS";"Armadale";"";"";"Olympic Kingsway";"3.75";"1.65";"21 | 38";"75 | 78";"2";"55 | 56";"1.3 | 1.9";"61 | 64";"5.2 | 5.3";"10";"0 | 60";"40";"40 | 60";"10 | 10";"50 | 30";"43 | 63";"50 | 70";"90 | 90";"60 | 40";"0x1 | 1x3";"21";"2.2 | 2.3";"2.4 | 1.9";"4.4";"51 | 53";"10 | 3";"10 | 10";"11.4 | 12.3";"8.3 | 10";"10";"3.7 | 5.2";"4.6 | 6.6";"1.9 | 1.7";"1.2 | 1.7";"3.2";"3.7"
"Australia";"AUS";"Npl Western Australia";"04-07-2026 04:00";"NS";"Dianella White Eagles";"";"";"Perth";"2.80";"2.04";"35 | 46";"78 | 82";"5";"54 | 58";"1.3 | 1.9";"66 | 61";"5.7 | 5.4";"2";"0 | 50";"50";"40 | 50";"10 | 40";"50 | 10";"43 | 63";"50 | 90";"90 | 60";"60 | 50";"0x1 | 1x1";"21.5";"2.3 | 2.4";"2 | 1.7";"4.2";"54 | 59";"9 | 4";"10 | 10";"13 | 13";"8.4 | 8.6";"9.7";"4.1 | 3.5";"6.4 | 5.4";"2.5 | 1.7";"1.2 | 2.4";"4";"3.7"
"Australia";"AUS";"Npl Tasmania";"04-07-2026 01:30";"NS";"Devonport City";"";"";"Riverside Olympic";"1.23";"7.50";"60 | 42";"71 | 61";"3";"55 | 49";"1.8 | 1.4";"59 | 58";"3.8 | 6.3";"10";"100 | 0";"0";"50 | 40";"30 | 20";"20 | 40";"60 | 47";"80 | 60";"70 | 80";"50 | 60";"2x2 | 1x1";"19.2";"2.1 | 1.8";"1.3 | 1.8";"3.5";"54 | 49";"3 | 5";"10 | 10";"8 | 11.3";"7.1 | 12.1";"8.2";"3.1 | 4.8";"3.3 | 5.1";"2.3 | 1.9";"2.4 | 1.1";"3.8";"3.5"
"Australia";"AUS";"Npl Tasmania";"04-07-2026 01:30";"NS";"Ulverstone";"";"";"Kingborough Lions";"16.00";"1.05";"2 | 80";"17 | 100";"4";"33 | 60";"0 | 2.4";"41 | 79";"12.2 | 5.1";"";"";"";"0 | 70";"0 | 30";"100 | 0";"0 | 80";"0 | 100";"100 | 70";"100 | 30";"0x6 | 1x1";"25";"0.5 | 3.9";"4.2 | 0.7";"4.6";"40 | 54";"10 | 2";"10 | 10";"6.1 | 19.7";"13.6 | 10.4";"12.3";"6.6 | 4.7";"3.4 | 9.9";"1.8 | 2";"1.2 | 2.7";"3.8";"3.5"
"Australia";"AUS";"Npl Tasmania";"04-07-2026 03:45";"NS";"Launceston City";"";"";"Launceston United";"";"20.00";"38 | 2";"85 | 44";"";"54 | 38";"1.8 | 0.4";"64 | 50";"4.7 | 6.9";"10";"90 | 0";"10";"60 | 10";"0 | 10";"40 | 80";"60 | 13";"60 | 20";"100 | 90";"40 | 90";"1x2 | 7x1";"23.1";"2.5 | 1.3";"1.9 | 3.7";"4.7";"57 | 43";"4 | 9";"10 | 10";"11.8 | 9";"11.3 | 14.1";"11";"5.4 | 6.8";"6 | 3.8";"1.3 | 1.4";"2.1 | 1.1";"3";"3.5"
"Australia";"AUS";"Npl Tasmania";"04-07-2026 03:45";"NS";"Glenorchy Knights";"";"";"Clarence Zebras";"1.76";"3.35";"38 | 49";"58 | 54";"1";"51 | 53";"1.1 | 1.4";"65 | 65";"7 | 5.9";"10";"90 | 10";"0";"30 | 40";"20 | 20";"50 | 40";"37 | 47";"50 | 60";"80 | 80";"70 | 60";"1x2 | 0x4";"22.2";"1.7 | 1.6";"1.9 | 1.6";"3.4";"50 | 50";"7 | 6";"10 | 10";"11.9 | 9.4";"13.5 | 9.4";"10.5";"6.4 | 4.2";"5.5 | 4.9";"1.6 | 1.3";"1.6 | 2.2";"3.4";"3.5"
"Australia";"AUS";"Npl Queensland";"04-07-2026 03:15";"NS";"Gold Coast Knights";"";"";"Moreton City Excelsior";"2.55";"2.17";"46 | 49";"88 | 88";"5";"56 | 60";"2 | 2";"70 | 70";"5.4 | 5.5";"5";"40 | 60";"0";"60 | 60";"20 | 20";"20 | 20";"67 | 67";"80 | 80";"80 | 80";"40 | 40";"0x2 | 0x0";"23.2";"2.6 | 2.6";"1.7 | 1.6";"4.2";"52 | 56";"5 | 3";"10 | 10";"14.1 | 14.2";"9.9 | 8.1";"11.2";"4.9 | 3.8";"7 | 6.6";"1.1 | 1.3";"2.4 | 1.9";"3.4";"3.9"
"Australia";"AUS";"Npl Queensland";"04-07-2026 06:00";"NS";"Eastern Suburbs Brisbane";"";"";"Peninsula Power";"2.80";"2.06";"63 | 74";"75 | 100";"5";"50 | 59";"2.2 | 3";"62 | 84";"5.2 | 5.2";"10";"10 | 80";"10";"70 | 100";"10 | 0";"20 | 0";"73 | 100";"80 | 100";"90 | 100";"30 | 0";"2x1 | 0x2";"25.3";"2.2 | 3.6";"1.2 | 0.9";"4";"52 | 53";"4 | 1";"10 | 10";"11.4 | 18.9";"10.6 | 9.7";"12.4";"4.5 | 5.2";"5.2 | 9.9";"1.4 | 1.5";"0.6 | 1.5";"2.5";"3.9"
"Australia";"AUS";"Npl Queensland";"04-07-2026 06:30";"NS";"Queensland Lions";"";"";"Olympic FC Brisbane";"1.33";"6.25";"70 | 28";"99 | 61";"1";"65 | 50";"2.6 | 0.9";"77 | 68";"6.7 | 6.8";"10";"80 | 20";"0";"80 | 30";"20 | 0";"0 | 70";"87 | 30";"100 | 30";"80 | 100";"20 | 70";"1x0 | 3x1";"25.8";"2.9 | 1.8";"1 | 2.2";"4";"58 | 50";"2 | 8";"10 | 10";"19.3 | 12.2";"7.2 | 12.8";"12.7";"3.4 | 5.9";"10.1 | 5.9";"1 | 1.6";"1.6 | 1.3";"2.8";"3.9"
"Australia";"AUS";"Npl South Australian";"04-07-2026 02:00";"NS";"Adelaide City";"";"";"Para Hills Knights";"1.05";"16.00";"80 | 2";"48 | 20";"3";"54 | 38";"1.8 | 0.1";"57 | 50";"7.6 | 13";"10";"70 | 20";"10";"50 | 0";"30 | 10";"20 | 90";"60 | 3";"80 | 10";"70 | 90";"50 | 100";"2x1 | 5x1";"22.8";"1.4 | 0.6";"0.7 | 4.7";"3.7";"48 | 40";"3 | 12";"10 | 10";"10.6 | 7.8";"8 | 19.3";"10.2";"3.3 | 9.6";"4.6 | 3";"2.3 | 0.8";"2.7 | 0.3";"3";"3.6"
"Australia";"AUS";"Npl South Australian";"04-07-2026 02:30";"NS";"Adelaide United ||";"";"";"Campbelltown City";"";"";"52 | 46";"51 | 51";"";"55 | 51";"1.5 | 1";"65 | 65";"8.1 | 6.5";"10";"50 | 40";"10";"40 | 30";"30 | 10";"30 | 60";"50 | 33";"70 | 40";"70 | 90";"60 | 70";"0x0 | 2x1";"20.8";"1.5 | 1.5";"1.5 | 1.7";"3.1";"60 | 52";"7 | 10";"10 | 10";"12.2 | 9.7";"9.9 | 9.9";"8.3";"4.6 | 3.6";"5.1 | 3.3";"2.1 | 1.7";"1 | 1.5";"3.2";"3.6"
"Australia";"AUS";"Npl South Australian";"04-07-2026 02:30";"NS";"Sturt Lions";"";"";"Playford City Patriots";"";"";"32 | 46";"44 | 71";"";"54 | 51";"0.6 | 1.3";"63 | 69";"7.5 | 6.4";"6";"50 | 33";"17";"20 | 30";"0 | 40";"80 | 30";"20 | 43";"20 | 70";"100 | 60";"80 | 70";"0x2 | 0x0";"21.9";"1.3 | 2.1";"2.1 | 1.7";"3.6";"48 | 47";"9 | 5";"10 | 10";"9.7 | 13.5";"9.6 | 11";"10.4";"5.3 | 4.9";"4.2 | 6.4";"1.6 | 1.5";"2.1 | 1.4";"3.3";"3.6"
"Australia";"AUS";"Npl South Australian";"04-07-2026 04:30";"NS";"White City Woodville";"";"";"West Adelaide";"";"";"77 | 32";"71 | 68";"";"49 | 50";"2.2 | 1";"60 | 61";"5.6 | 5.5";"10";"80 | 0";"20";"70 | 20";"10 | 40";"20 | 40";"73 | 33";"80 | 60";"90 | 60";"30 | 80";"1x0 | 2x1";"23";"2.1 | 2";"0.8 | 2.1";"3.5";"53 | 50";"4 | 8";"10 | 10";"11.7 | 11";"13 | 10.4";"10.4";"5.1 | 5.1";"6.5 | 4.1";"2.1 | 1.5";"2.5 | 1.7";"3.9";"3.6"
"Australia";"AUS";"Npl South Australian";"04-07-2026 06:45";"NS";"NE MetroStars";"";"";"West Torrens Birkalla";"1.48";"5.10";"70 | 42";"100 | 65";"1";"59 | 56";"2.3 | 1.7";"70 | 70";"4 | 7.3";"10";"70 | 10";"20";"70 | 50";"20 | 20";"10 | 30";"77 | 57";"90 | 70";"80 | 80";"30 | 50";"0x0 | 1x2";"21.8";"3.1 | 1.9";"1 | 1.8";"3.9";"60 | 50";"1 | 2";"10 | 10";"12.5 | 13.9";"7.6 | 9.7";"10.3";"3.3 | 4.8";"6.1 | 6.4";"1.4 | 1.6";"1.9 | 2.3";"3.6";"3.6"
"Australia";"AUS";"Npl Victoria";"04-07-2026 01:00";"NS";"Hume City";"";"";"Dandenong City";"2.00";"2.95";"66 | 66";"92 | 51";"5";"51 | 44";"2.6 | 1.6";"57 | 47";"4.1 | 6.7";"10";"60 | 20";"20";"80 | 50";"20 | 10";"0 | 40";"87 | 53";"100 | 60";"80 | 90";"20 | 50";"3x1 | 1x0";"20.5";"2.7 | 1.5";"1.1 | 1.1";"3.2";"50 | 45";"2 | 7";"10 | 10";"11.1 | 10.1";"8.4 | 11.3";"10.9";"4.9 | 5.2";"7.4 | 4.3";"1.2 | 1.9";"1.1 | 1.4";"2.8";"3.5"
"Australia";"AUS";"Npl Victoria";"04-07-2026 02:00";"NS";"Avondale Heights";"";"";"Preston Lions";"2.20";"2.70";"63 | 100";"100 | 51";"5";"59 | 57";"2.1 | 2.2";"64 | 64";"3.7 | 11.1";"6";"33 | 17";"50";"70 | 70";"0 | 10";"30 | 20";"70 | 73";"70 | 80";"100 | 90";"30 | 30";"4x0 | 0x1";"24.4";"3.8 | 1.5";"1.2 | 0.3";"3.4";"58 | 53";"3 | 4";"10 | 10";"13.9 | 16.7";"8.7 | 9.5";"12.8";"4.7 | 4.5";"6.3 | 10.1";"1.4 | 1.4";"1.3 | 1.8";"3";"3.5"
"Australia";"AUS";"Npl Victoria";"04-07-2026 02:15";"NS";"Altona Magic";"";"";"Melbourne City II";"";"";"38 | 66";"41 | 65";"";"50 | 52";"1.3 | 1.6";"57 | 58";"7.5 | 6.1";"";"";"";"40 | 50";"10 | 10";"50 | 40";"43 | 53";"50 | 60";"90 | 90";"60 | 50";"1x0 | 1x0";"21.5";"1.2 | 1.9";"1.9 | 1.1";"3";"48 | 56";"11 | 6";"10 | 10";"9 | 11.6";"10.4 | 12.1";"10.3";"4.8 | 5.4";"4.8 | 5.6";"2.1 | 1.3";"1.7 | 2.2";"3.6";"3.5"
"Australia";"AUS";"Npl Victoria";"04-07-2026 05:00";"NS";"Caroline Springs George Cross FC";"";"";"Oakleigh Cannons";"4.90";"1.50";"28 | 88";"54 | 68";"2";"44 | 56";"1.4 | 2.4";"50 | 56";"5.6 | 5.4";"5";"60 | 20";"20";"40 | 70";"20 | 30";"40 | 0";"47 | 80";"60 | 100";"80 | 70";"60 | 30";"0x0 | 0x2";"18.6";"1.6 | 2";"2.2 | 0.5";"3.2";"44 | 47";"8 | 1";"10 | 10";"9 | 10.9";"11.3 | 6";"9.3";"5.5 | 3.1";"4.7 | 5.3";"1.2 | 1.4";"1.5 | 1.5";"2.8";"3.5"
"Australia";"AUS";"Victoria NPL Youth League";"04-07-2026 00:00";"NS";"Altona Magic U23";"";"";"Melbourne City FC U23";"";"";"28 | 70";"82 | 99";"";"48 | 63";"2.1 | 2.1";"59 | 62";"5.9 | 5";"";"";"";"70 | 60";"0 | 30";"30 | 10";"70 | 70";"70 | 90";"100 | 70";"30 | 40";"3x1 | 1x1";"27";"2.4 | 2.9";"2.2 | 1";"4.2";"52 | 58";"7 | 2";"10 | 10";"14 | 14.4";"13.8 | 11.8";"15.8";"7.1 | 7.4";"8.6 | 8.6";"2.3 | 0.8";"2 | 1.7";"3.4";"3.7"
"Australia";"AUS";"Victoria NPL Youth League";"04-07-2026 02:00";"NS";"Bentleigh Greens U23";"";"";"Green Gully U23";"";"";"2 | 38";"65 | 48";"";"50 | 45";"1.2 | 1";"54 | 45";"6.2 | 6.6";"";"";"";"40 | 30";"0 | 10";"60 | 60";"40 | 33";"40 | 40";"100 | 90";"60 | 70";"2x0 | 1x3";"21.9";"1.9 | 1.4";"3.5 | 1.9";"4.4";"51 | 44";"6 | 9";"10 | 10";"11 | 9.6";"10.6 | 12.7";"14.1";"7.3 | 6.4";"8.7 | 5.8";"1.8 | 2.4";"2.6 | 1.6";"4.2";"3.7"
"Australia";"AUS";"Victoria NPL Youth League";"04-07-2026 02:45";"NS";"George Cross U23";"";"";"Oakleigh Cannons U23";"";"";"63 | 49";"99 | 61";"";"61 | 56";"2.4 | 1.3";"65 | 56";"5.8 | 6.8";"";"";"";"80 | 40";"0 | 10";"20 | 50";"80 | 43";"80 | 50";"100 | 90";"20 | 60";"3x1 | 2x1";"22.5";"2.9 | 1.8";"1.2 | 1.6";"3.8";"54 | 50";"1 | 4";"10 | 10";"16.4 | 12";"6.9 | 9.6";"11.7";"3.3 | 5.9";"7.9 | 6.4";"2.2 | 1.9";"1.7 | 1.1";"3.4";"3.7"
"Australia";"AUS";"Victoria NPL Youth League";"04-07-2026 03:15";"NS";"Hume City U23";"";"";"Dandenong City U23";"";"";"21 | 4";"37 | 54";"";"41 | 49";"0.7 | 0.7";"41 | 53";"5.4 | 7.3";"4";"25 | 75";"0";"20 | 20";"10 | 10";"70 | 70";"23 | 23";"30 | 30";"90 | 90";"80 | 80";"1x3 | 3x1";"22.6";"1.1 | 1.6";"2.4 | 2.9";"4";"43 | 45";"14 | 12";"10 | 10";"6.3 | 11.4";"13.4 | 14";"12.6";"7.3 | 9";"3 | 5.9";"2 | 2.3";"1.2 | 1.6";"3.6";"3.7"
"Australia";"AUS";"Victoria NPL Youth League";"04-07-2026 21:15";"NS";"Avondale U23";"";"";"Preston Lions U23";"1.45";"4.75";"42 | 46";"99 | 61";"1";"59 | 53";"1.9 | 1.5";"62 | 61";"4.3 | 6.2";"3";"67 | 33";"0";"60 | 50";"10 | 0";"30 | 50";"63 | 50";"70 | 50";"90 | 100";"40 | 50";"2x4 | 1x0";"21.2";"2.9 | 1.8";"1.8 | 1.7";"4.1";"56 | 50";"5 | 11";"10 | 10";"13.1 | 11.1";"9.1 | 9.2";"10.2";"5 | 4.3";"6.6 | 4.4";"0.9 | 1.6";"1.1 | 2.4";"3";"3.7"
"Australia";"AUS";"Victoria NPL Youth League";"04-07-2026 23:30";"NS";"South Melbourne U23";"";"";"Dandenong Thunder U23";"";"";"7 | 2";"58 | 58";"";"44 | 33";"0.9 | 0.6";"46 | 35";"5.9 | 4.7";"5";"60 | 40";"0";"30 | 20";"0 | 0";"70 | 80";"30 | 20";"30 | 20";"100 | 100";"70 | 80";"0x2 | 3x2";"25.2";"1.7 | 1.7";"2.8 | 3.4";"4.8";"49 | 42";"8 | 13";"10 | 10";"10.6 | 8";"13.8 | 17.9";"13.4";"7.9 | 8.9";"5.2 | 4.9";"1.8 | 1.8";"2.1 | 2.1";"3.9";"3.7"
"Australia";"AUS";"Brisbane Reserves Premier League";"04-07-2026 03:00";"NS";"Newmarket U23";"";"";"Carina U23";"";"";"46 | 66";"100 | 100";"";"";"2.4 | 2.3";"";"";"3";"0 | 100";"0";"80 | 70";"0 | 20";"20 | 10";"80 | 77";"80 | 90";"100 | 80";"20 | 30";"4x1 | 0x3";"";"5.8 | 3.1";"1.7 | 1.1";"5.8";"";"4 | 5";"10 | 10";"";"";"";"";"";"";"";"";"0"
"Australia";"AUS";"Brisbane Reserves Premier League";"04-07-2026 03:00";"NS";"Yeronga Eagles U23";"";"";"Springfield United U23";"";"";"46 | 2";"100 | 61";"";"";"1.9 | 0.9";"";"";"3";"33 | 33";"33";"60 | 30";"10 | 0";"30 | 70";"63 | 30";"70 | 30";"90 | 100";"40 | 70";"5x2 | 3x0";"";"4.1 | 1.8";"1.7 | 3.2";"5.4";"";"3 | 10";"10 | 10";"";"";"";"";"";"";"";"";"0"
"Australia";"AUS";"Brisbane Reserves Premier League";"04-07-2026 04:00";"NS";"North Lakes United U23";"";"";"North Brisbane U23";"";"";"32 | 7";"61 | 100";"";"";"1 | 1.3";"";"";"";"";"";"30 | 40";"10 | 10";"60 | 50";"33 | 43";"40 | 50";"90 | 90";"70 | 60";"0x2 | 3x1";"";"1.8 | 3.4";"2.1 | 2.8";"5";"";"8 | 6";"10 | 10";"";"";"";"";"";"";"";"";"0"
"Australia";"AUS";"Victoria Premier League 2";"04-07-2026 02:00";"NS";"North Sunshine Eagles";"";"";"Manningham United Blues";"1.98";"3.00";"46 | 28";"44 | 44";"1";"51 | 45";"1.1 | 1";"59 | 52";"8.9 | 8";"3";"33 | 33";"33";"30 | 30";"20 | 10";"50 | 60";"37 | 33";"50 | 40";"80 | 90";"70 | 70";"0x1 | 1x2";"24.6";"1.3 | 1.3";"1.7 | 2.2";"3.2";"49 | 48";"13 | 9";"10 | 10";"11.6 | 10.4";"11.2 | 15.9";"12.5";"5.8 | 7.4";"7.4 | 4.4";"1.8 | 2.4";"2 | 1.7";"4";"4"
"Australia";"AUS";"Victoria Premier League 2";"04-07-2026 02:00";"NS";"Langwarrin";"";"";"Eltham Redbacks";"2.85";"2.00";"46 | 21";"75 | 85";"5";"45 | 52";"1.7 | 0.8";"45 | 63";"5.1 | 5.1";"";"";"";"50 | 20";"20 | 20";"30 | 60";"57 | 27";"70 | 40";"80 | 80";"50 | 80";"1x3 | 2x1";"23.2";"2.2 | 2.5";"1.7 | 2.4";"4.4";"52 | 49";"11 | 8";"10 | 10";"11.2 | 12.7";"11.9 | 10.7";"12.7";"6.7 | 5.8";"6.3 | 6.6";"1.8 | 1.6";"1.8 | 1.7";"3.4";"4"
"Australia";"AUS";"Victoria Premier League 2";"04-07-2026 04:00";"NS";"North Geelong Warriors";"";"";"Port Melbourne";"1.35";"5.80";"32 | 2";"61 | 17";"1";"46 | 36";"1.2 | 0.2";"48 | 37";"5.7 | 10.8";"7";"14 | 86";"0";"40 | 0";"0 | 20";"60 | 80";"40 | 7";"40 | 20";"100 | 80";"60 | 100";"1x2 | 2x0";"21.8";"1.8 | 0.5";"2.1 | 3.3";"3.8";"48 | 40";"6 | 14";"10 | 10";"10.3 | 5.4";"13.2 | 14.8";"11.9";"6.9 | 8.4";"5.8 | 2.7";"2.8 | 1.6";"2.3 | 1.1";"3.9";"4"
"Australia";"AUS";"Western Australia State League 1";"04-07-2026 04:00";"NS";"Mandurah City";"";"";"Gwelup Croatia SC";"";"";"56 | 28";"78 | 37";"";"57 | 47";"1.9 | 0.7";"81 | 72";"6.9 | 10.6";"8";"50 | 38";"12";"60 | 10";"10 | 40";"30 | 50";"63 | 23";"70 | 50";"90 | 60";"40 | 90";"1x2 | 2x1";"25.3";"2.3 | 1.1";"1.4 | 2.2";"3.5";"54 | 46";"3 | 10";"10 | 10";"15.8 | 11.7";"10.8 | 12.3";"14.2";"5.2 | 7";"9.8 | 6.3";"3.2 | 2.8";"1.2 | 2.2";"4.7";"4.3"
"Australia";"AUS";"Western Australia State League 1";"04-07-2026 04:00";"NS";"Joondalup City";"";"";"Quinns";"";"";"52 | 21";"58 | 51";"";"48 | 50";"1.6 | 1.4";"55 | 56";"7.6 | 5.2";"";"";"";"50 | 40";"10 | 20";"40 | 40";"53 | 47";"60 | 60";"90 | 80";"50 | 60";"0x1 | 0x2";"23.9";"1.7 | 1.5";"1.5 | 2.4";"3.6";"52 | 48";"4 | 7";"10 | 10";"13 | 7.8";"14.8 | 12.2";"14.9";"8.4 | 7.5";"9.4 | 4.5";"2 | 2.3";"1.4 | 1.8";"3.8";"4.3"
"Australia";"AUS";"Western Australia State League 1";"04-07-2026 04:00";"NS";"Kingsley";"";"";"UWA Nedlands";"";"";"52 | 74";"58 | 85";"";"51 | 62";"1.5 | 2.5";"75 | 65";"7.8 | 5.9";"4";"0 | 100";"0";"50 | 80";"0 | 10";"50 | 10";"50 | 83";"50 | 90";"100 | 90";"50 | 20";"1x0 | 0x3";"22.8";"1.7 | 2.5";"1.5 | 0.9";"3.3";"50 | 58";"5 | 1";"10 | 10";"13.2 | 14.7";"10.1 | 7.7";"11.8";"5.2 | 4.2";"5.4 | 8.8";"1.7 | 1.3";"1.9 | 2.3";"3.6";"4.3"
"Australia";"AUS";"Western Australia State League 1";"04-07-2026 04:00";"NS";"Murdoch Uni Melville";"";"";"Floreat Athena";"";"";"28 | 63";"61 | 88";"";"45 | 61";"1.1 | 2.2";"43 | 59";"6.3 | 5.6";"";"";"";"30 | 70";"20 | 10";"50 | 20";"37 | 73";"50 | 80";"80 | 90";"70 | 30";"0x3 | 0x4";"22.2";"1.8 | 2.6";"2.2 | 1.2";"3.9";"49 | 55";"9 | 2";"10 | 10";"11.4 | 14.5";"12.9 | 5.7";"9.2";"5.6 | 1.7";"6.1 | 4.8";"2.5 | 1";"2 | 1.3";"3.4";"4.3"
"Australia";"AUS";"Western Australia State League 1";"04-07-2026 04:00";"NS";"Inglewood United";"";"";"Subiaco";"";"";"56 | 14";"31 | 65";"";"51 | 50";"1.6 | 0.6";"48 | 60";"9.3 | 6.1";"10";"60 | 20";"20";"50 | 20";"10 | 0";"40 | 80";"53 | 20";"60 | 20";"90 | 100";"50 | 80";"1x0 | 2x1";"21.2";"0.9 | 1.9";"1.4 | 2.6";"3.4";"50 | 48";"6 | 11";"10 | 10";"8.4 | 11.5";"9.5 | 12.9";"9.4";"3 | 7.8";"2.2 | 5.9";"2.9 | 1.4";"2 | 2.5";"4.4";"4.3"
"Australia";"AUS";"Western Australia State League 1";"04-07-2026 04:00";"NS";"Curtin University";"";"";"Cockburn City";"";"";"52 | 38";"27 | 58";"";"39 | 42";"0.8 | 1.2";"44 | 46";"10.1 | 5.9";"";"";"";"20 | 30";"20 | 30";"60 | 40";"27 | 40";"40 | 60";"80 | 70";"80 | 70";"0x1 | 2x1";"23.7";"0.8 | 1.7";"1.5 | 1.9";"3";"44 | 47";"12 | 8";"10 | 10";"8.1 | 10.1";"13.9 | 15.3";"12.8";"7.6 | 7.9";"3.7 | 6.4";"1.6 | 1.9";"2 | 2.6";"4";"4.3"
"Australia";"AUS";"South Australia State League 1";"04-07-2026 02:30";"NS";"Adelaide Blue Eagles";"";"";"South Adelaide Panthers";"";"";"63 | 38";"65 | 37";"";"51 | 44";"2.2 | 0.8";"56 | 49";"5.5 | 9";"10";"60 | 40";"0";"70 | 20";"10 | 20";"20 | 60";"73 | 27";"80 | 40";"90 | 80";"30 | 80";"1x0 | 1x1";"22.7";"1.9 | 1.1";"1.2 | 1.9";"3";"55 | 47";"7 | 12";"10 | 10";"10.4 | 9.9";"9.5 | 15.6";"11.1";"3.5 | 8.4";"4.7 | 5.6";"2.4 | 1";"3.1 | 2";"4.2";"3.6"
"Australia";"AUS";"South Australia State League 1";"04-07-2026 02:30";"NS";"Adelaide Cobras";"";"";"Fulham United";"3.25";"1.87";"21 | 46";"41 | 68";"2";"43 | 50";"0.7 | 1.8";"48 | 58";"5.4 | 4.9";"9";"22 | 67";"11";"20 | 50";"10 | 30";"70 | 20";"23 | 60";"30 | 80";"90 | 70";"80 | 50";"0x2 | 0x0";"18";"1.2 | 2";"2.4 | 1.7";"3.6";"50 | 50";"9 | 2";"10 | 10";"6.5 | 9.8";"10 | 9.6";"9.2";"4.9 | 5.3";"3.5 | 4.7";"1.2 | 1.6";"2 | 1.5";"3.2";"3.6"
"Australia";"AUS";"South Australia State League 1";"04-07-2026 04:30";"NS";"The Cove";"";"";"Adelaide Atletico";"";"";"49 | 52";"48 | 68";"";"49 | 49";"1.3 | 1.6";"54 | 59";"7.3 | 5.4";"2";"50 | 50";"0";"40 | 50";"10 | 10";"50 | 40";"43 | 53";"50 | 60";"90 | 90";"60 | 50";"2x1 | 1x2";"20";"1.4 | 2";"1.6 | 1.5";"3.2";"50 | 49";"8 | 3";"10 | 10";"10.2 | 10.8";"9.4 | 9.5";"10.3";"4.1 | 5.9";"5.2 | 5.4";"2.1 | 2.6";"2.2 | 1.7";"4.3";"3.6"
"Australia";"AUS";"South Australia State League 1";"04-07-2026 06:30";"NS";"Cumberland United";"";"";"Adelaide Raiders";"";"";"63 | 42";"65 | 100";"";"53 | 49";"2.1 | 1.9";"56 | 66";"5.3 | 4.3";"10";"60 | 30";"10";"70 | 60";"0 | 10";"30 | 30";"70 | 63";"70 | 70";"100 | 90";"30 | 40";"1x0 | 1x3";"21.2";"1.9 | 3";"1.2 | 1.8";"4";"51 | 49";"6 | 1";"10 | 10";"10 | 12.8";"7.5 | 12";"10.8";"4.1 | 5.8";"5.2 | 6.4";"1.5 | 2";"1.5 | 1.4";"3.2";"3.6"
"Australia";"AUS";"South Australia Reserves Premier League";"04-07-2026 00:00";"NS";"Sturt Lions Res.";"";"";"Playford City Res.";"";"";"38 | 2";"75 | 44";"";"48 | 34";"1.4 | 0.4";"51 | 40";"4.5 | 5.2";"3";"67 | 0";"33";"40 | 10";"20 | 10";"40 | 80";"47 | 13";"60 | 20";"80 | 90";"60 | 90";"1x2 | 1x0";"24.8";"2.2 | 1.3";"1.9 | 5.4";"5.4";"49 | 38";"6 | 12";"10 | 10";"9.9 | 6.8";"12.8 | 20.2";"14.1";"7 | 11";"6.2 | 4";"1.8 | 1.3";"2.2 | 0.8";"3.1";"3.6"
"Australia";"AUS";"South Australia Reserves Premier League";"04-07-2026 00:15";"NS";"Adelaide United Res.";"";"";"Campbelltown City Res.";"";"";"42 | 77";"100 | 100";"";"62 | 62";"1.9 | 2.4";"67 | 64";"4.1 | 3.4";"10";"30 | 50";"20";"60 | 80";"10 | 0";"30 | 20";"63 | 80";"70 | 80";"90 | 100";"40 | 20";"0x1 | 0x3";"21.6";"3.5 | 3.2";"1.8 | 0.8";"4.6";"";"3 | 2";"10 | 10";"14.3 | 11";"11.7 | 6.2";"14.2";"7 | 3.1";"12 | 6.4";"1.5 | 1.6";"2.2 | 2";"3.7";"3.6"
"Australia";"AUS";"South Australia Reserves Premier League";"04-07-2026 01:45";"NS";"MetroStars Res.";"";"";"West Torrens Res.";"1.32";"6.10";"70 | 52";"100 | 99";"1";"70 | 52";"2.5 | 1.9";"90 | 56";"5.1 | 4.5";"5";"80 | 0";"20";"80 | 60";"10 | 10";"10 | 30";"83 | 63";"90 | 70";"90 | 90";"20 | 40";"2x1 | 0x3";"21.4";"3.5 | 2.9";"1 | 1.5";"4.4";"61 | 55";"1 | 4";"10 | 10";"17.9 | 13.1";"3.9 | 7.9";"10.7";"1.7 | 4.4";"8.6 | 6.8";"0.6 | 1.8";"1.1 | 1.2";"2.4";"3.6"
"Australia";"AUS";"South Australia Reserves Premier League";"04-07-2026 02:15";"NS";"Beograd Res.";"";"";"West Adelaide Res.";"";"";"4 | 0";"48 | 31";"";"40 | 34";"0.7 | 0.8";"49 | 38";"6.1 | 5.8";"3";"0 | 100";"0";"20 | 20";"10 | 20";"70 | 60";"23 | 27";"30 | 40";"90 | 80";"80 | 80";"0x4 | 3x0";"21.5";"1.4 | 0.9";"2.9 | 3";"4.1";"42 | 47";"11 | 9";"10 | 10";"8.5 | 5.2";"14.2 | 15";"11.8";"8.8 | 8.2";"4.5 | 2.2";"1.6 | 1.5";"1.1 | 2";"3.2";"3.6"
"Australia";"AUS";"South Australia Reserves Premier League";"04-07-2026 03:15";"NS";"Adelaide Comets Res.";"";"";"Croydon Kings Res.";"";"";"21 | 38";"100 | 65";"";"59 | 40";"1.5 | 1.8";"72 | 39";"4.5 | 3.6";"10";"60 | 20";"20";"50 | 60";"0 | 0";"50 | 40";"50 | 60";"50 | 60";"100 | 100";"50 | 40";"1x4 | 1x3";"19.8";"3.4 | 1.9";"2.4 | 1.9";"4.8";"53 | 49";"8 | 7";"10 | 10";"15.4 | 6.8";"8.9 | 8.5";"11.7";"6.1 | 4.3";"8.6 | 4.3";"1.6 | 2.2";"1.2 | 2.5";"3.8";"3.6"
"Australia";"AUS";"Queensland Premier League";"04-07-2026 01:30";"NS";"Robina City";"";"";"Broadbeach United";"3.65";"1.79";"77 | 84";"58 | 82";"2";"53 | 55";"2 | 2.6";"65 | 55";"5.9 | 4.8";"";"";"";"60 | 80";"20 | 20";"20 | 0";"67 | 87";"80 | 100";"80 | 80";"40 | 20";"1x0 | 1x3";"20";"1.7 | 2.4";"0.8 | 0.6";"2.8";"49 | 47";"6 | 1";"10 | 10";"10.1 | 11.6";"9.2 | 9.1";"10.1";"4.4 | 4.5";"4.7 | 6.7";"2.2 | 0.8";"1.7 | 2.1";"3.4";"4"
"Australia";"AUS";"Queensland Premier League";"04-07-2026 04:00";"NS";"Brisbane Strikers";"";"";"Logan Lightning";"1.53";"4.60";"80 | 52";"92 | 41";"1";"58 | 55";"2.5 | 1.3";"66 | 61";"5.2 | 11.6";"10";"40 | 60";"0";"80 | 40";"10 | 10";"10 | 50";"83 | 43";"90 | 50";"90 | 90";"20 | 60";"3x0 | 0x2";"22.8";"2.7 | 1.2";"0.7 | 1.5";"3";"60 | 54";"2 | 9";"10 | 10";"14 | 13.9";"7.4 | 10.4";"10.6";"2.6 | 5.9";"6.5 | 6.4";"2.9 | 1.5";"3.1 | 0.5";"4";"4"
"Australia";"AUS";"Queensland Premier League";"04-07-2026 04:45";"NS";"North Star";"";"";"Redlands United";"";"";"18 | 38";"48 | 75";"";"50 | 50";"0.9 | 1.1";"60 | 56";"10 | 5.2";"";"";"";"30 | 30";"0 | 20";"70 | 50";"30 | 37";"30 | 50";"100 | 80";"70 | 70";"1x3 | 4x2";"24.4";"1.4 | 2.2";"2.5 | 1.9";"4";"52 | 48";"10 | 8";"10 | 10";"14 | 11.5";"13.4 | 10";"12.4";"7.1 | 5.1";"6.6 | 6.1";"2.1 | 1.6";"1.2 | 1.8";"3.4";"4"
"Australia";"AUS";"Queensland Premier League";"04-07-2026 05:00";"NS";"Capalaba";"";"";"St George Willawong";"2.90";"2.07";"2 | 4";"31 | 24";"5";"38 | 44";"0.3 | 0.6";"44 | 48";"8.4 | 13.1";"3";"33 | 33";"33";"10 | 20";"0 | 0";"90 | 80";"10 | 20";"10 | 20";"100 | 100";"90 | 80";"0x1 | 2x0";"24.4";"0.9 | 0.7";"3.8 | 2.9";"4.2";"42 | 48";"12 | 11";"10 | 10";"7.6 | 9.2";"18.7 | 13.2";"12.1";"10.4 | 6.3";"3.5 | 4";"1.9 | 1.7";"1.1 | 1.7";"3.2";"4"
"Australia";"AUS";"New South Wales NPL Youth League";"04-07-2026 00:00";"NS";"UNSW U20";"";"";"Sydney U20";"3.30";"1.90";"21 | 42";"71 | 85";"2";"49 | 50";"1.3 | 1.8";"63 | 60";"7.3 | 4";"";"";"";"40 | 50";"10 | 30";"50 | 20";"43 | 60";"50 | 80";"90 | 70";"60 | 50";"0x1 | 0x2";"24.2";"2.1 | 2.5";"2.4 | 1.8";"4.4";"53 | 49";"12 | 5";"10 | 10";"15.3 | 10.1";"12.6 | 10.4";"11.5";"5.4 | 4.4";"7 | 6.2";"0.9 | 0.9";"1.4 | 2.2";"2.7";"3"
"Australia";"AUS";"New South Wales NPL Youth League";"04-07-2026 04:00";"NS";"WS Wanderers U20";"";"";"Sydney Olympic U20";"1.24";"8.00";"7 | 4";"58 | 44";"3";"48 | 31";"0.9 | 0.1";"53 | 31";"4.5 | 4.8";"7";"100 | 0";"0";"30 | 0";"0 | 10";"70 | 90";"30 | 3";"30 | 10";"100 | 90";"70 | 100";"1x5 | 3x1";"21.2";"1.7 | 1.3";"2.8 | 2.9";"4.4";"49 | 42";"9 | 16";"10 | 10";"7.7 | 6.2";"10.6 | 17.8";"9.8";"5 | 9";"2.3 | 3.4";"1.1 | 0.8";"0.9 | 0.9";"1.8";"3"
"Australia";"AUS";"New South Wales NPL Youth League";"04-07-2026 06:00";"NS";"Manly United U20";"";"";"SD Raiders U20";"2.25";"2.60";"52 | 35";"88 | 65";"5";"52 | 52";"2 | 1.5";"56 | 50";"3.8 | 7.2";"";"";"";"60 | 40";"20 | 30";"20 | 30";"67 | 50";"80 | 70";"80 | 70";"40 | 60";"3x2 | 2x2";"22.8";"2.6 | 1.9";"1.5 | 2";"4";"51 | 51";"4 | 7";"10 | 10";"9.8 | 13.6";"10.8 | 11.5";"11.2";"4.9 | 6.1";"5.4 | 6";"2 | 0.9";"2 | 1.2";"3";"3"
"Australia";"AUS";"New South Wales NPL Youth League";"04-07-2026 06:45";"NS";"Sutherland Sharks U20";"";"";"APIA Leichhardt U20";"4.10";"1.61";"32 | 80";"82 | 68";"2";"48 | 60";"1.5 | 2.5";"61 | 61";"5.9 | 6.4";"10";"40 | 50";"10";"50 | 80";"0 | 10";"50 | 10";"50 | 83";"50 | 90";"100 | 90";"50 | 20";"0x2 | 0x1";"24.5";"2.4 | 2";"2.1 | 0.7";"3.6";"50 | 54";"14 | 1";"10 | 10";"14.1 | 12.9";"14 | 7.9";"10.8";"5.5 | 3.4";"7.3 | 5.4";"1.1 | 1.1";"1.1 | 1.4";"2.4";"3"
"Australia";"AUS";"Victoria NPL 2 Youth";"04-07-2026 01:00";"NS";"Goulburn Valley Suns U23";"";"";"Moreland City U23";"";"";"52 | 4";"44 | 61";"";"";"1 | 0.9";"";"";"";"";"";"20 | 30";"40 | 0";"40 | 70";"33 | 30";"60 | 30";"60 | 100";"80 | 70";"1x1 | 2x0";"";"1.3 | 1.8";"1.5 | 2.9";"3.8";"";"14 | 11";"10 | 10";"";"";"";"";"";"";"";"";"0"
"Australia";"AUS";"Victoria NPL 2 Youth";"04-07-2026 01:45";"NS";"Malvern City U23";"";"";"Eastern Lions U23";"";"";"25 | 77";"95 | 44";"";"";"1.4 | 1.7";"";"";"";"";"";"30 | 50";"50 | 20";"20 | 30";"47 | 57";"80 | 70";"50 | 80";"70 | 50";"0x0 | 0x1";"";"2.8 | 1.3";"2.3 | 0.8";"3.6";"";"10 | 6";"10 | 10";"";"";"";"";"";"";"";"";"0"
"Australia";"AUS";"Victoria NPL 2 Youth";"04-07-2026 02:00";"NS";"Kingston City U23";"";"";"Nunawading City U23";"";"";"2 | 49";"65 | 27";"";"";"0.7 | 0.7";"";"";"";"";"";"20 | 10";"10 | 40";"70 | 50";"23 | 23";"30 | 50";"90 | 60";"80 | 90";"0x12 | 0x0";"";"1.9 | 0.8";"5 | 1.6";"4.6";"";"13 | 12";"10 | 10";"";"";"";"";"";"";"";"";"0"
"Australia";"AUS";"Victoria NPL 2 Youth";"04-07-2026 04:30";"NS";"Box Hill United U23";"";"";"Whittlesea United U23";"";"";"63 | 63";"71 | 85";"";"";"2 | 2.2";"";"";"3";"100 | 0";"0";"60 | 70";"20 | 10";"20 | 20";"67 | 73";"80 | 80";"80 | 90";"40 | 30";"2x1 | 1x3";"";"2.1 | 2.5";"1.2 | 1.2";"3.5";"";"1 | 3";"10 | 10";"";"";"";"";"";"";"";"";"0"
"Australia";"AUS";"Queensland Premier League 2";"04-07-2026 04:00";"NS";"Grange Thistle";"";"";"Mitchelton";"";"";"60 | 25";"75 | 82";"";"52 | 54";"2.1 | 1.2";"55 | 64";"6 | 6.5";"5";"40 | 60";"0";"60 | 40";"30 | 0";"10 | 60";"70 | 40";"90 | 40";"70 | 100";"40 | 60";"2x1 | 2x1";"26.4";"2.2 | 2.4";"1.3 | 2.3";"4.1";"54 | 49";"1 | 9";"10 | 10";"13.3 | 15.7";"11.8 | 11.9";"15.8";"7.7 | 7.3";"7.1 | 9.4";"1.3 | 1";"1.4 | 1.9";"2.8";"3.3"
"Australia";"AUS";"Queensland Premier League 2";"04-07-2026 05:00";"NS";"Moreton City II";"";"";"Southside Eagles";"";"";"60 | 32";"100 | 65";"";"53 | 44";"1.8 | 1.5";"61 | 46";"4.9 | 6.2";"3";"33 | 33";"33";"50 | 50";"30 | 0";"20 | 50";"60 | 50";"80 | 50";"70 | 100";"50 | 50";"1x1 | 2x1";"28.8";"3 | 1.9";"1.3 | 2.1";"4.2";"54 | 49";"3 | 10";"10 | 10";"14.8 | 11.8";"14.9 | 16.2";"17.4";"9.5 | 9.6";"9.6 | 6";"1.4 | 1.6";"1.8 | 1.9";"3.2";"3.3"
"Australia";"AUS";"Queensland Premier League 2";"04-07-2026 05:00";"NS";"Pine Hills";"";"";"Souths United";"";"";"56 | 42";"75 | 58";"";"46 | 49";"2 | 1.5";"57 | 58";"6.5 | 7.5";"3";"33 | 67";"0";"60 | 50";"20 | 0";"20 | 50";"67 | 50";"80 | 50";"80 | 100";"40 | 50";"2x1 | 1x0";"27.4";"2.2 | 1.7";"1.4 | 1.8";"3.6";"50 | 53";"5 | 6";"10 | 10";"14.2 | 12.8";"15 | 12.9";"17.2";"10.3 | 6.9";"10 | 7.1";"1.3 | 1.1";"0.8 | 1.6";"2.5";"3.3"
"Australia";"AUS";"Queensland Premier League 2";"04-07-2026 05:15";"NS";"Brisbane Knights";"";"";"SWQ Thunder";"";"";"0 | 63";"54 | 71";"";"38 | 67";"0.6 | 1.9";"45 | 92";"6.9 | 11.2";"";"";"";"20 | 60";"0 | 10";"80 | 30";"20 | 63";"20 | 70";"100 | 90";"80 | 40";"1x2 | 2x1";"32.9";"1.6 | 2.1";"3 | 1.2";"4";"44 | 57";"11 | 2";"10 | 10";"11.1 | 23.6";"21.6 | 9.4";"20.6";"12.9 | 6.1";"6.2 | 16";"1.6 | 1.1";"1 | 1.7";"2.8";"3.3"
"Australia";"AUS";"Queensland Premier League 2";"04-07-2026 06:00";"NS";"Virginia United";"";"";"Taringa Rovers";"";"";"56 | 21";"54 | 51";"";"41 | 42";"1.8 | 0.8";"50 | 50";"9.9 | 7.8";"6";"17 | 67";"17";"50 | 20";"30 | 20";"20 | 60";"60 | 27";"80 | 40";"70 | 80";"50 | 80";"1x0 | 2x0";"30.2";"1.6 | 1.5";"1.4 | 2.4";"3.4";"44 | 46";"4 | 8";"10 | 10";"15.8 | 11.7";"18 | 15";"20";"12.2 | 8.7";"11.5 | 7.4";"1 | 1.9";"1.5 | 1.4";"2.8";"3.3"
"Australia";"AUS";"South Australia State League 1 Reserves";"04-07-2026 00:15";"NS";"Blue Eagles Res.";"";"";"South Adelaide Res.";"";"";"49 | 49";"48 | 51";"";"46 | 51";"1.4 | 1.1";"47 | 52";"6.9 | 9.9";"5";"60 | 20";"20";"40 | 30";"20 | 20";"40 | 50";"47 | 37";"60 | 50";"80 | 80";"60 | 70";"0x0 | 1x4";"24.6";"1.4 | 1.5";"1.6 | 1.6";"3";"50 | 50";"3 | 8";"10 | 10";"9.6 | 14.9";"10.5 | 14.2";"13.9";"5 | 8.4";"4.9 | 9.5";"1.8 | 1";"1.6 | 1.4";"2.9";"3.4"
"Australia";"AUS";"South Australia State League 1 Reserves";"04-07-2026 00:15";"NS";"Adelaide Cobras Res.";"";"";"Fulham United Res.";"1.76";"3.30";"46 | 32";"48 | 75";"1";"45 | 52";"1.5 | 1.6";"52 | 58";"6.1 | 4.9";"7";"43 | 29";"29";"50 | 50";"0 | 10";"50 | 40";"50 | 53";"50 | 60";"100 | 90";"50 | 50";"1x0 | 0x1";"19.5";"1.4 | 2.2";"1.7 | 2.1";"3.7";"51 | 49";"6 | 10";"10 | 10";"8.6 | 10.7";"10 | 9.7";"9.7";"4.9 | 5.3";"4.1 | 5.1";"1.3 | 1.1";"1.8 | 1.7";"3";"3.4"
"Australia";"AUS";"South Australia State League 1 Reserves";"04-07-2026 00:15";"NS";"Adelaide Olympic Res.";"";"";"Salisbury Unted Res.";"1.01";"20.00";"52 | 7";"100 | 41";"3";"57 | 46";"2.4 | 0.6";"68 | 55";"5.6 | 7.1";"3";"33 | 33";"33";"80 | 20";"0 | 0";"20 | 80";"80 | 20";"80 | 20";"100 | 100";"20 | 80";"0x1 | 2x1";"25.6";"3.2 | 1.2";"1.5 | 2.8";"4.4";"55 | 45";"1 | 12";"10 | 10";"17.8 | 8.5";"13.2 | 11.8";"13.2";"6.6 | 6.4";"8.8 | 4.5";"1.8 | 1.2";"1.8 | 1.2";"3";"3.4"
"Australia";"AUS";"South Australia State League 1 Reserves";"04-07-2026 02:00";"NS";"The Cove Res.";"";"";"Adelaide Atletico Res.";"";"";"49 | 32";"54 | 58";"";"49 | 50";"1.9 | 1.1";"52 | 62";"8.2 | 6.2";"";"";"";"60 | 30";"10 | 20";"30 | 50";"63 | 37";"70 | 50";"90 | 80";"40 | 70";"0x3 | 1x2";"23.4";"1.6 | 1.7";"1.6 | 2.1";"3.5";"52 | 48";"5 | 7";"10 | 10";"13.1 | 10.6";"10.6 | 12.6";"12.4";"6.3 | 6.3";"7.3 | 4.8";"1.8 | 1.9";"1.7 | 2.1";"3.7";"3.4"
"Australia";"AUS";"South Australia State League 1 Reserves";"04-07-2026 04:00";"NS";"Cumberland United Res.";"";"";"Adelaide Raiders Res.";"";"";"42 | 38";"100 | 68";"";"48 | 53";"1.9 | 1.3";"60 | 62";"3.6 | 5.2";"7";"29 | 71";"0";"60 | 40";"10 | 10";"30 | 50";"63 | 43";"70 | 50";"90 | 90";"40 | 60";"0x1 | 0x1";"22.8";"3.1 | 2";"1.8 | 1.9";"4.4";"53 | 51";"2 | 9";"10 | 10";"11.2 | 10.3";"13.6 | 10.4";"13.3";"7.1 | 6";"7.1 | 6.4";"1.6 | 2.1";"1.4 | 1.3";"3.2";"3.4"
"Australia";"AUS";"Capital Territory NPL Youth League";"04-07-2026 01:15";"NS";"Belconnen United U23";"";"";"Canberra Juventus U23";"";"";"46 | 42";"75 | 75";"";"54 | 52";"1.9 | 1.5";"52 | 56";"5.7 | 6.5";"10";"30 | 50";"20";"60 | 40";"10 | 30";"30 | 30";"63 | 50";"70 | 70";"90 | 70";"40 | 60";"1x2 | 1x5";"24.8";"2.2 | 2.2";"1.7 | 1.8";"4";"53 | 50";"3 | 5";"10 | 10";"12.5 | 14.4";"11.6 | 11";"15.5";"7.1 | 7.2";"7.5 | 9.1";"1.5 | 1.4";"1.9 | 1.4";"3.1";"2.7"
"Australia";"AUS";"Capital Territory NPL Youth League";"04-07-2026 02:30";"NS";"Monaro Panthers U23";"";"";"Brindabella Blues U23";"";"";"52 | 2";"100 | 27";"";"57 | 36";"2.1 | 0.7";"59 | 30";"5.3 | 9.8";"";"";"";"70 | 20";"0 | 10";"30 | 70";"70 | 23";"70 | 30";"100 | 90";"30 | 80";"5x1 | 7x0";"26.1";"3.2 | 0.8";"1.5 | 3.3";"4.4";"55 | 44";"2 | 10";"10 | 10";"17 | 7.8";"10.7 | 16.7";"17.2";"7 | 11.5";"11.1 | 4.8";"1.6 | 0.8";"1.3 | 1.2";"2.4";"2.7"
"Australia";"AUS";"Capital Territory NPL Youth League";"04-07-2026 23:30";"NS";"Canberra Croatia U23";"";"";"Canberra Olympic U23";"";"";"32 | 14";"75 | 65";"";"50 | 47";"1.4 | 1.2";"47 | 52";"4.6 | 7.1";"10";"60 | 20";"20";"40 | 30";"20 | 30";"40 | 40";"47 | 40";"60 | 60";"80 | 70";"60 | 70";"0x4 | 1x1";"25.5";"2.2 | 1.9";"2.1 | 2.6";"4.4";"44 | 47";"9 | 7";"10 | 10";"10.2 | 13.4";"13.8 | 13.6";"16.2";"9 | 8.3";"6.7 | 8.3";"1.7 | 1.3";"0.7 | 1.1";"2.3";"2.7"
"Australia";"AUS";"Queensland NPL Youth League";"04-07-2026 02:00";"NS";"Lions U23";"";"";"Olympic U23";"1.37";"5.80";"66 | 18";"88 | 37";"1";"56 | 44";"2.3 | 0.6";"77 | 59";"5.3 | 8.2";"9";"33 | 22";"44";"70 | 20";"20 | 0";"10 | 80";"77 | 20";"90 | 20";"80 | 100";"30 | 80";"2x1 | 3x0";"24.4";"2.6 | 1.1";"1.1 | 2.5";"3.6";"59 | 45";"1 | 7";"10 | 10";"13.9 | 9";"9.9 | 16";"11.4";"4 | 7.7";"7 | 4.2";"0.8 | 0.8";"0.8 | 1.6";"1.9";"2.9"
"Australia";"AUS";"Queensland NPL Youth League";"04-07-2026 03:00";"NS";"Wolves U23";"";"";"Rochedale Rovers U23";"";"";"42 | 60";"44 | 92";"";"45 | 55";"1.3 | 1.9";"58 | 76";"8.4 | 4.7";"3";"0 | 100";"0";"40 | 60";"10 | 10";"50 | 30";"43 | 63";"50 | 70";"90 | 90";"60 | 40";"1x2 | 0x2";"23.9";"1.3 | 2.7";"1.8 | 1.3";"3.6";"46 | 50";"9 | 2";"10 | 10";"10.9 | 12.6";"16.1 | 8.1";"11.1";"8 | 4.1";"4.4 | 5.6";"2 | 1.1";"2.3 | 0.6";"3";"2.9"
"Australia";"AUS";"Queensland NPL Youth League";"04-07-2026 03:45";"NS";"Eastern Suburbs U23";"";"";"Peninsula Power U23";"1.71";"3.55";"70 | 0";"85 | 61";"1";"47 | 48";"2.2 | 0.7";"57 | 64";"4.8 | 6.8";"7";"29 | 57";"14";"70 | 20";"10 | 10";"20 | 70";"73 | 23";"80 | 30";"90 | 90";"30 | 80";"3x1 | 1x0";"23.3";"2.5 | 1.8";"1 | 3";"4.2";"58 | 45";"4 | 10";"10 | 10";"11.9 | 12.3";"9.6 | 12.9";"12";"4 | 6.9";"6 | 7.2";"1.4 | 1.3";"1.6 | 0.7";"2.5";"2.9"
"Australia";"AUS";"Queensland NPL Youth League";"04-07-2026 23:45";"NS";"Gold Coast United U23";"";"";"Magic United U23";"";"";"28 | 0";"82 | 27";"";"46 | 34";"1.4 | 0.7";"53 | 42";"4.8 | 12.7";"";"";"";"40 | 20";"20 | 10";"40 | 70";"47 | 23";"60 | 30";"80 | 90";"60 | 80";"2x1 | 3x0";"26.8";"2.4 | 0.8";"2.2 | 3";"4.2";"50 | 43";"6 | 12";"10 | 10";"11.5 | 10.2";"15.5 | 16.2";"15.1";"8.8 | 10.2";"7.2 | 4";"1.3 | 1.5";"1.4 | 1.2";"2.8";"2.9"
"Australia";"AUS";"NSW League One Youth";"04-07-2026 00:30";"NS";"Blacktown Spartans U20";"";"";"Newcastle Jets U20";"";"";"49 | 10";"54 | 78";"";"50 | 52";"1.2 | 1.4";"54 | 58";"7.9 | 5.9";"3";"0 | 33";"67";"40 | 40";"0 | 20";"60 | 40";"40 | 47";"40 | 60";"100 | 80";"60 | 60";"0x1 | 2x2";"25.6";"1.6 | 2.3";"1.6 | 2.7";"4.1";"49 | 56";"11 | 5";"10 | 10";"12.7 | 13.5";"12.1 | 13";"17";"6 | 11";"7.4 | 9.5";"2.1 | 1.5";"1.9 | 1";"3.2";"3.1"
"Australia";"AUS";"NSW League One Youth";"04-07-2026 04:00";"NS";"Bulls Academy U20";"";"";"Mt Druitt Town U20";"";"";"84 | 10";"65 | 58";"";"60 | 43";"2 | 1";"74 | 40";"9.2 | 6.8";"5";"60 | 0";"40";"60 | 30";"20 | 10";"20 | 60";"67 | 33";"80 | 40";"80 | 90";"40 | 70";"0x1 | 3x0";"25.4";"1.9 | 1.7";"0.6 | 2.7";"3.4";"57 | 48";"2 | 12";"10 | 10";"17.5 | 11.5";"9.5 | 12.4";"15.6";"6 | 7.5";"10.5 | 7.2";"2.5 | 1.5";"2 | 1.5";"3.8";"3.1"
"Australia";"AUS";"NSW League One Youth";"04-07-2026 05:30";"NS";"Macarthur Rams U20";"";"";"Inter Lions U20";"";"";"49 | 2";"88 | 27";"";"46 | 38";"1.6 | 0.7";"42 | 45";"4.2 | 8.5";"9";"33 | 33";"33";"50 | 20";"10 | 10";"40 | 70";"53 | 23";"60 | 30";"90 | 90";"50 | 80";"0x1 | 3x0";"24.1";"2.6 | 0.8";"1.6 | 3.1";"4";"60 | 40";"8 | 16";"10 | 10";"10.8 | 6.8";"12.2 | 18.5";"13.6";"6.2 | 10.8";"6.8 | 3.5";"0.8 | 1.6";"1.5 | 1.8";"2.8";"3.1"
"Australia";"AUS";"NSW League One Youth";"04-07-2026 06:00";"NS";"Bankstown City U20";"";"";"Dulwich Hill U20";"";"";"49 | 52";"71 | 58";"";"56 | 48";"1.6 | 1.8";"58 | 49";"5.3 | 5.8";"9";"44 | 56";"0";"50 | 50";"10 | 30";"40 | 20";"53 | 60";"60 | 80";"90 | 70";"50 | 50";"1x2 | 1x2";"18.5";"2.1 | 1.7";"1.6 | 1.5";"3.4";"50 | 48";"10 | 6";"10 | 10";"11.2 | 9.9";"8.6 | 7.2";"9";"5.1 | 4";"3.8 | 5.1";"1.9 | 1.9";"1.5 | 1";"3.2";"3.1"
"Australia";"AUS";"NSW League One Youth";"04-07-2026 06:00";"NS";"Hills United U20";"";"";"Northern Tigers U20";"";"";"56 | 70";"92 | 65";"";"63 | 59";"2 | 1.9";"66 | 58";"6.4 | 6.3";"7";"71 | 14";"14";"60 | 50";"20 | 40";"20 | 10";"67 | 63";"80 | 90";"80 | 60";"40 | 50";"1x1 | 1x1";"22.4";"2.7 | 1.9";"1.4 | 1";"3.5";"60 | 54";"9 | 4";"10 | 10";"17.4 | 12";"7.4 | 7.9";"11.1";"3.1 | 3.6";"8.9 | 6.7";"1.4 | 1.6";"1.4 | 1.6";"3";"3.1"
"Australia";"AUS";"Victoria NPL 3";"04-07-2026 02:00";"NS";"Werribee City";"";"";"Altona City";"";"";"49 | 56";"41 | 27";"";"49 | 50";"1 | 0.7";"49 | 48";"9.6 | 9.9";"3";"0 | 67";"33";"30 | 10";"10 | 40";"60 | 50";"33 | 23";"40 | 50";"90 | 60";"70 | 90";"2x0 | 2x0";"19.8";"1.2 | 0.8";"1.6 | 1.4";"2.5";"49 | 50";"11 | 13";"10 | 10";"11.5 | 7.9";"10.8 | 9.4";"9";"4.8 | 4.6";"5.8 | 2.9";"1.6 | 1.4";"0.8 | 1.1";"2.5";"3.6"
"Australia";"AUS";"Victoria NPL 3";"04-07-2026 02:00";"NS";"Bayside Argonauts";"";"";"Essendon Royals";"";"";"42 | 60";"68 | 92";"";"46 | 56";"1.6 | 2.1";"50 | 58";"6 | 4.4";"";"";"";"50 | 70";"10 | 0";"40 | 30";"53 | 70";"60 | 70";"90 | 100";"50 | 30";"0x2 | 1x0";"22.5";"2 | 2.7";"1.8 | 1.3";"3.9";"58 | 55";"4 | 3";"10 | 10";"12 | 12";"12.5 | 8.5";"12.6";"6.5 | 4.6";"7.5 | 6.6";"0.5 | 1.5";"2.5 | 1.1";"2.8";"3.6"
"Australia";"AUS";"Victoria NPL 3";"04-07-2026 04:00";"NS";"Malvern City";"";"";"Eastern Lions";"";"";"63 | 63";"71 | 48";"";"54 | 50";"1.9 | 1.1";"49 | 49";"5.1 | 9.1";"";"";"";"60 | 30";"10 | 20";"30 | 50";"63 | 37";"70 | 50";"90 | 80";"40 | 70";"2x1 | 2x1";"21.2";"2.1 | 1.4";"1.2 | 1.2";"3";"52 | 49";"1 | 9";"10 | 10";"10.8 | 12.8";"7.5 | 11.3";"11.9";"4.3 | 5.8";"7.7 | 6";"1.2 | 1";"1.2 | 2";"2.6";"3.6"
"Australia";"AUS";"Victoria NPL 3";"04-07-2026 04:00";"NS";"Goulburn Valley Suns";"";"";"Moreland City";"";"";"66 | 10";"65 | 41";"";"57 | 52";"2.1 | 0.3";"64 | 54";"11.6 | 7.8";"4";"25 | 75";"0";"60 | 0";"30 | 30";"10 | 70";"70 | 10";"90 | 30";"70 | 70";"40 | 100";"2x1 | 3x1";"25.9";"1.9 | 1.2";"1.1 | 2.7";"3.4";"54 | 43";"2 | 14";"10 | 10";"22 | 9.4";"9 | 11.4";"17.2";"6.7 | 5.4";"17 | 5.2";"2.3 | 1.4";"2.7 | 1.8";"4.1";"3.6"
"Australia";"AUS";"New South Wales NPL 2";"04-07-2026 02:30";"NS";"Blacktown Spartans";"";"";"Newcastle Jets II";"";"";"60 | 28";"71 | 61";"";"56 | 46";"1.8 | 0.8";"61 | 54";"5.8 | 5.9";"3";"0 | 33";"67";"50 | 20";"30 | 20";"20 | 60";"60 | 27";"80 | 40";"70 | 80";"50 | 80";"1x1 | 1x0";"24.2";"2.1 | 1.8";"1.3 | 2.2";"3.7";"53 | 47";"1 | 11";"10 | 10";"12.1 | 10.7";"9.1 | 16.4";"12.2";"4.7 | 7.7";"6.3 | 5.7";"1.2 | 1.3";"2.7 | 1.3";"3.3";"3.6"
"Australia";"AUS";"New South Wales NPL 2";"04-07-2026 03:30";"NS";"Macarthur Rams";"";"";"Inter Lions";"";"";"70 | 66";"37 | 61";"";"46 | 49";"1.7 | 2.1";"42 | 51";"8.2 | 4.9";"10";"20 | 30";"50";"50 | 70";"20 | 0";"30 | 30";"57 | 70";"70 | 70";"80 | 100";"50 | 30";"1x0 | 1x2";"18.2";"1.1 | 1.8";"1 | 1.1";"2.5";"53 | 50";"5 | 13";"10 | 10";"9 | 8.9";"10.8 | 7.8";"9.2";"4.5 | 4";"5.2 | 4.5";"3.8 | 2.2";"2.8 | 1.8";"5.2";"3.6"
"Australia";"AUS";"New South Wales NPL 2";"04-07-2026 04:00";"NS";"Hills United";"";"";"Northern Tigers";"";"";"52 | 77";"75 | 44";"";"58 | 57";"1.8 | 1.6";"59 | 60";"7.2 | 8";"8";"25 | 62";"12";"50 | 40";"30 | 40";"20 | 20";"60 | 53";"80 | 80";"70 | 60";"50 | 60";"2x1 | 1x1";"22";"2.2 | 1.3";"1.5 | 0.8";"2.9";"53 | 52";"6 | 2";"10 | 10";"15.9 | 10.4";"10.3 | 7.3";"12";"6.2 | 4";"8.7 | 5";"1.7 | 1";"1.6 | 1.4";"2.8";"3.6"
"Australia";"AUS";"New South Wales NPL 2";"04-07-2026 04:00";"NS";"Bankstown City Lions";"";"";"Dulwich Hill";"";"";"25 | 38";"51 | 34";"";"51 | 48";"1.4 | 1";"54 | 52";"7.1 | 9.9";"9";"44 | 56";"0";"40 | 20";"20 | 40";"40 | 40";"47 | 33";"60 | 60";"80 | 60";"60 | 80";"2x1 | 1x1";"20.3";"1.5 | 1";"2.3 | 1.9";"3.4";"48 | 47";"3 | 14";"10 | 10";"10.7 | 9.9";"11.6 | 8.6";"10.1";"5.3 | 4.3";"5.1 | 5.4";"1.8 | 1.9";"2.1 | 0.8";"3.3";"3.6"
"Australia";"AUS";"New South Wales NPL 2";"04-07-2026 06:00";"NS";"Bulls Academy";"";"";"Mt Druitt Town";"";"";"56 | 38";"58 | 24";"";"58 | 44";"1.4 | 0.4";"60 | 44";"7.5 | 12.1";"5";"40 | 40";"20";"40 | 0";"20 | 40";"40 | 60";"47 | 13";"60 | 40";"80 | 60";"60 | 100";"0x1 | 1x1";"22.6";"1.7 | 0.7";"1.4 | 1.9";"2.8";"50 | 49";"7 | 16";"10 | 10";"12.8 | 8.5";"10.2 | 13.8";"12.4";"5.2 | 8.4";"6.4 | 4.6";"0.8 | 1.6";"1.4 | 1.6";"2.7";"3.6"
"Australia";"AUS";"Western Australia State League 1 Reserves";"04-07-2026 02:00";"NS";"Mandurah City Res.";"";"";"Gwelup Croatia Res.";"";"";"46 | 35";"71 | 100";"";"44 | 50";"1.7 | 2";"46 | 56";"4 | 4.3";"7";"57 | 14";"29";"50 | 60";"20 | 20";"30 | 20";"57 | 67";"70 | 80";"80 | 80";"50 | 40";"3x1 | 1x4";"23.4";"2.1 | 3";"1.7 | 2";"4.4";"47 | 56";"7 | 4";"10 | 10";"8.3 | 12.9";"11.7 | 14";"14.2";"8 | 7.7";"5.3 | 7.3";"0.7 | 0.7";"2 | 1.1";"2.3";"2.8"
"Australia";"AUS";"Western Australia State League 1 Reserves";"04-07-2026 02:00";"NS";"Joondalup City Res.";"";"";"Quinns Res.";"";"";"52 | 49";"61 | 100";"";"50 | 58";"1.7 | 1.9";"62 | 67";"6.2 | 3.5";"";"";"";"50 | 60";"20 | 10";"30 | 30";"57 | 63";"70 | 70";"80 | 90";"50 | 40";"3x2 | 0x0";"25.2";"1.8 | 3.9";"1.5 | 1.6";"4.4";"51 | 51";"5 | 2";"10 | 10";"11.2 | 13.8";"15.5 | 9.7";"12.6";"7.2 | 5.5";"4.8 | 7.8";"1.2 | 1";"0.8 | 1.6";"2.3";"2.8"
"Australia";"AUS";"Western Australia State League 1 Reserves";"04-07-2026 02:00";"NS";"Kingsley Westside Res.";"";"";"UWA Nedlands Res.";"";"";"70 | 60";"61 | 65";"";"47 | 59";"2.4 | 1.6";"51 | 56";"6.3 | 8.2";"5";"20 | 40";"40";"80 | 50";"0 | 10";"20 | 40";"80 | 53";"80 | 60";"100 | 90";"20 | 50";"2x0 | 0x2";"23";"1.8 | 1.9";"1 | 1.3";"3";"53 | 53";"1 | 3";"10 | 10";"11.3 | 15.5";"12 | 7.3";"11.6";"5.7 | 3.5";"6.3 | 7.7";"2.8 | 1.3";"0.4 | 2";"3.2";"2.8"
"Australia";"AUS";"Western Australia State League 1 Reserves";"04-07-2026 02:00";"NS";"MUM Res.";"";"";"Floreat Athena Res.";"";"";"32 | 56";"58 | 65";"";"59 | 46";"1.1 | 1.6";"65 | 50";"10.4 | 5.8";"";"";"";"30 | 50";"20 | 10";"50 | 40";"37 | 53";"50 | 60";"80 | 90";"70 | 50";"0x2 | 0x1";"24.8";"1.7 | 1.9";"2.1 | 1.4";"3.6";"50 | 51";"8 | 6";"10 | 10";"17.7 | 11";"8.4 | 12.5";"12.4";"4.9 | 5.2";"8.9 | 6";"1.3 | 0.2";"1.6 | 1.8";"2.4";"2.8"
"Australia";"AUS";"Western Australia State League 1 Reserves";"04-07-2026 02:00";"NS";"Inglewood United Res.";"";"";"Subiaco Res.";"";"";"10 | 18";"27 | 17";"";"46 | 35";"0.4 | 0.4";"41 | 37";"14.8 | 12.2";"3";"0 | 100";"0";"10 | 10";"10 | 10";"80 | 80";"13 | 13";"20 | 20";"90 | 90";"90 | 90";"0x4 | 1x0";"25.7";"0.8 | 0.5";"2.7 | 2.5";"3.2";"46 | 46";"12 | 11";"10 | 10";"11.8 | 6.1";"16.8 | 16.7";"13.6";"9.2 | 8";"7 | 3.1";"2 | 1.4";"0.8 | 1.7";"3";"2.8"
"Australia";"AUS";"Western Australia State League 1 Reserves";"04-07-2026 02:00";"NS";"Curtin University Res.";"";"";"Cockburn City Res.";"";"";"2 | 52";"48 | 61";"";"47 | 56";"0.7 | 1.8";"54 | 58";"6.6 | 9.1";"";"";"";"20 | 60";"10 | 0";"70 | 40";"23 | 60";"30 | 60";"90 | 100";"80 | 40";"0x5 | 0x1";"25.5";"1.4 | 1.8";"3.3 | 1.5";"4";"44 | 50";"10 | 9";"10 | 10";"9.2 | 16.3";"12.3 | 13.2";"14";"6.3 | 8.5";"3.8 | 9.3";"1.2 | 1.3";"0.7 | 1";"2";"2.8"
"Australia";"AUS";"New South Wales NPL 3";"04-07-2026 04:00";"NS";"Gladesville Ryde Magic";"";"";"Parramatta";"";"";"28 | 56";"68 | 65";"";"44 | 55";"1.5 | 1.7";"44 | 49";"6.2 | 6.3";"8";"25 | 50";"25";"50 | 50";"0 | 20";"50 | 30";"50 | 57";"50 | 70";"100 | 80";"50 | 50";"1x4 | 0x0";"25";"2 | 1.9";"2.2 | 1.4";"3.8";"51 | 49";"11 | 2";"10 | 10";"12.4 | 12";"16.9 | 8.6";"15.6";"10 | 6.2";"8.3 | 6.6";"1.4 | 1";"1.6 | 1.6";"2.8";"4"
"Australia";"AUS";"New South Wales NPL 3";"04-07-2026 04:00";"NS";"South Coast Flame";"";"";"Central Coast United";"";"";"38 | 77";"44 | 71";"";"49 | 54";"1 | 2.3";"55 | 43";"10.5 | 6.2";"5";"60 | 0";"40";"20 | 70";"40 | 20";"40 | 10";"33 | 77";"60 | 90";"60 | 80";"80 | 30";"1x1 | 1x2";"27.2";"1.3 | 2.1";"1.9 | 0.8";"3";"46 | 55";"12 | 7";"10 | 10";"13.6 | 13";"16.2 | 11.5";"15.4";"9.1 | 5.5";"6.9 | 9.2";"1.6 | 1.5";"1.6 | 2.5";"3.6";"4"
"Australia";"AUS";"New South Wales NPL 3";"04-07-2026 04:00";"NS";"Stanmore Hawks";"";"";"Camden Tigers";"";"";"32 | 0";"37 | 37";"";"37 | 45";"0.5 | 0.3";"40 | 48";"7.7 | 9.1";"7";"43 | 29";"29";"10 | 0";"20 | 30";"70 | 70";"17 | 10";"30 | 30";"80 | 70";"90 | 100";"1x2 | 1x1";"26.2";"1.1 | 1.1";"2.1 | 3";"3.6";"43 | 42";"13 | 15";"10 | 10";"8.5 | 10";"16.9 | 17";"15.3";"9.8 | 11.2";"3.9 | 5.8";"1.9 | 2";"2.1 | 1";"3.5";"4"
"Australia";"AUS";"New South Wales NPL 3";"04-07-2026 04:00";"NS";"Hawkesbury City";"";"";"Bonnyrigg White Eagles";"";"";"46 | 32";"78 | 61";"";"47 | 44";"2.1 | 1.6";"57 | 36";"6.4 | 6.8";"";"";"";"60 | 50";"30 | 10";"10 | 40";"70 | 53";"90 | 60";"70 | 90";"40 | 50";"1x1 | 1x2";"27.1";"2.3 | 1.8";"1.7 | 2.1";"4";"54 | 53";"5 | 6";"10 | 10";"14.8 | 12.2";"12.8 | 14.2";"15.4";"7.7 | 6.5";"7.8 | 8.8";"1 | 2.2";"0.7 | 1";"2.4";"4"
"Australia";"AUS";"New South Wales NPL 3";"04-07-2026 06:00";"NS";"Granville Rage";"";"";"Dunbar Rovers";"";"";"7 | 60";"58 | 54";"";"49 | 50";"1.3 | 1.4";"47 | 47";"6.5 | 9.4";"2";"0 | 50";"50";"40 | 40";"10 | 20";"50 | 40";"43 | 47";"50 | 60";"90 | 80";"60 | 60";"3x2 | 1x1";"24.2";"1.7 | 1.6";"2.8 | 1.3";"3.7";"46 | 54";"8 | 4";"10 | 10";"11 | 15";"11.3 | 11.2";"13.8";"6.5 | 7";"5 | 9.2";"1.3 | 1.5";"2 | 3.3";"4";"4"
"Australia";"AUS";"New South Wales NPL 3 Youth";"04-07-2026 02:00";"NS";"Gladesville Ryde U20";"";"";"Parramatta U20";"";"";"70 | 74";"95 | 37";"";"";"2.2 | 1.8";"";"";"7";"29 | 43";"29";"70 | 50";"10 | 30";"20 | 20";"73 | 60";"80 | 80";"90 | 70";"30 | 50";"2x0 | 0x0";"";"2.8 | 1.1";"1 | 0.9";"2.9";"";"5 | 6";"10 | 10";"";"";"";"";"";"";"";"";""
"Australia";"AUS";"New South Wales NPL 3 Youth";"04-07-2026 02:00";"NS";"Hawkesbury City U20";"";"";"Bonnyrigg WE U20";"";"";"52 | 2";"51 | 31";"";"";"1.5 | 0";"";"";"";"";"";"50 | 0";"0 | 0";"50 | 100";"50 | 0";"50 | 0";"100 | 100";"50 | 100";"2x1 | 3x0";"";"1.5 | 0.9";"1.5 | 4";"4";"";"9 | 15";"10 | 10";"";"";"";"";"";"";"";"";""
"Australia";"AUS";"New South Wales NPL 3 Youth";"04-07-2026 04:00";"NS";"Western Rage U20";"";"";"Dunbar Rovers U20";"";"";"25 | 56";"48 | 68";"";"";"0.5 | 1.8";"";"";"3";"33 | 67";"0";"10 | 50";"20 | 30";"70 | 20";"17 | 60";"30 | 80";"80 | 70";"90 | 50";"0x3 | 1x2";"";"1.4 | 2";"2.3 | 1.4";"3.6";"";"13 | 4";"10 | 10";"";"";"";"";"";"";"";"";""
"Australia";"AUS";"New South Wales NPL 3 Youth";"04-07-2026 06:00";"NS";"South Coast Flame U20";"";"";"Central Coast Utd U20";"";"";"63 | 35";"68 | 51";"";"";"2 | 1.3";"";"";"5";"80 | 20";"0";"60 | 40";"20 | 10";"20 | 50";"67 | 43";"80 | 50";"80 | 90";"40 | 60";"2x1 | 1x0";"";"2 | 1.5";"1.2 | 2";"3.4";"";"3 | 12";"10 | 10";"";"";"";"";"";"";"";"";""
"Australia";"AUS";"New South Wales NPL 3 Youth";"04-07-2026 06:00";"NS";"Inner West Hawks U20";"";"";"Camden Tigers U20";"";"";"66 | 18";"82 | 61";"";"";"1.9 | 1.1";"";"";"7";"71 | 14";"14";"60 | 30";"10 | 20";"30 | 50";"63 | 37";"70 | 50";"90 | 80";"40 | 70";"0x1 | 2x1";"";"2.4 | 1.8";"1.1 | 2.5";"3.9";"";"7 | 11";"10 | 10";"";"";"";"";"";"";"";"";""
"Australia";"AUS";"Queensland PL Youth";"04-07-2026 01:45";"NS";"Brisbane Strikers U23";"";"";"Logan Lightning U23";"";"";"38 | 52";"92 | 100";"";"56 | 57";"1.7 | 2.3";"63 | 72";"3.9 | 5.1";"8";"62 | 12";"25";"50 | 70";"20 | 20";"30 | 10";"57 | 77";"70 | 90";"80 | 80";"50 | 30";"5x2 | 0x0";"24.8";"2.7 | 3.1";"1.9 | 1.5";"4.6";"55 | 56";"4 | 5";"10 | 10";"10.4 | 15.8";"11.8 | 11.9";"11.8";"5.5 | 5.5";"4.8 | 7.9";"0.5 | 1";"1.2 | 0.5";"1.6";"2.4"
"Australia";"AUS";"Queensland PL Youth";"04-07-2026 02:30";"NS";"North Star U23";"";"";"Redlands United U23";"";"";"14 | 10";"75 | 37";"";"55 | 48";"1.3 | 0.7";"62 | 54";"6 | 10.9";"";"";"";"40 | 20";"10 | 10";"50 | 70";"43 | 23";"50 | 30";"90 | 90";"60 | 80";"2x5 | 0x0";"23.9";"2.2 | 1.1";"2.6 | 2.7";"4.3";"49 | 45";"6 | 10";"10 | 10";"13.1 | 12";"10.7 | 11.9";"11.5";"5.4 | 6.1";"5.9 | 5.6";"0.9 | 0.4";"2.3 | 0.9";"2.2";"2.4"
"Australia";"AUS";"Queensland PL Youth";"04-07-2026 02:45";"NS";"Capalaba U23";"";"";"St George Willawong U23";"";"";"10 | 4";"48 | 31";"";"41 | 32";"0.6 | 0.6";"43 | 34";"5.5 | 6.4";"3";"100 | 0";"0";"20 | 20";"0 | 0";"80 | 80";"20 | 20";"20 | 20";"100 | 100";"80 | 80";"1x2 | 4x1";"21.2";"1.4 | 0.9";"2.7 | 2.9";"4";"46 | 40";"11 | 12";"10 | 10";"7.7 | 5.8";"13.4 | 15.4";"10";"6.6 | 7.3";"3.2 | 2.9";"1.3 | 2.3";"1.4 | 1.2";"3.2";"2.4"
"Australia";"AUS";"Tasmania Southern Championship";"04-07-2026 01:30";"CANCELLED";"South East United II";"";"";"South Hobart II";"";"";"2 | 63";"10 | 100";"";"";"0 | 2.5";"";"";"";"";"";"0 | 80";"0 | 10";"100 | 10";"0 | 83";"0 | 90";"100 | 90";"100 | 20";"0x11 | 0x11";"";"0.3 | 5";"6.3 | 1.2";"6.4";"";"";"3 | 10";"";"";"";"";"";"";"";"";"3.2"
"Australia";"AUS";"Tasmania Southern Championship";"04-07-2026 01:30";"NS";"New Town Eagles";"";"";"Olympia FC";"";"";"63 | 35";"100 | 88";"";"56 | 57";"1.9 | 1.9";"74 | 68";"4.4 | 4.7";"10";"70 | 30";"0";"50 | 60";"40 | 10";"10 | 30";"63 | 63";"90 | 70";"60 | 90";"50 | 40";"1x1 | 0x2";"20";"3.4 | 2.6";"1.2 | 2";"4.6";"58 | 53";"3 | 2";"10 | 10";"15 | 12.2";"6 | 6.8";"9.1";"2.8 | 2.2";"6.8 | 6.5";"0.8 | 2";"1.6 | 1.6";"3";"3.2"
"Australia";"AUS";"Tasmania Southern Championship";"04-07-2026 03:30";"NS";"Hobart City Beachside";"";"";"University of Tasmania";"";"";"38 | 2";"82 | 78";"";"53 | 41";"1.7 | 1";"67 | 50";"5 | 3.2";"10";"40 | 60";"0";"50 | 30";"20 | 10";"30 | 60";"57 | 33";"70 | 40";"80 | 90";"50 | 70";"2x2 | 0x3";"20.5";"2.4 | 2.3";"1.9 | 3.5";"5";"52 | 45";"4 | 7";"10 | 10";"12 | 7.4";"9.3 | 12.2";"13.6";"6.7 | 9";"7.3 | 4.2";"2 | 1.8";"0.7 | 1.4";"3";"3.2"
"Australia";"AUS";"TAS NPL Youth";"04-07-2026 01:30";"NS";"Glenorchy Knights U21";"";"";"Clarence Zebras U21";"";"";"56 | 46";"92 | 92";"";"";"2.5 | 2";"";"";"10";"60 | 40";"0";"80 | 60";"10 | 20";"10 | 20";"83 | 67";"90 | 80";"90 | 80";"20 | 40";"1x0 | 2x2";"";"2.7 | 2.7";"1.4 | 1.7";"4.2";"";"2 | 4";"10 | 10";"";"";"";"";"";"";"";"";"0"
"Australia";"AUS";"TAS NPL Youth";"04-07-2026 23:15";"NS";"South East United U21";"";"";"South Hobart U21";"";"";"2 | 28";"27 | 41";"";"";"0.6 | 0.6";"";"";"";"";"";"20 | 20";"0 | 0";"80 | 80";"20 | 20";"20 | 20";"100 | 100";"80 | 80";"0x1 | 1x0";"";"0.8 | 1.2";"3.4 | 2.2";"3.8";"";"9 | 7";"10 | 10";"";"";"";"";"";"";"";"";"0"
"Bhutan";"BHU";"Bhutan Premier League";"04-07-2026 09:00";"NS";"Thimphu City";"";"";"Tsirang";"";"";"60 | 42";"95 | 51";"";"";"2.1 | 1.3";"";"";"4";"75 | 0";"25";"60 | 40";"30 | 10";"10 | 50";"70 | 43";"90 | 50";"70 | 90";"40 | 60";"3x0 | 2x3";"";"2.8 | 1.5";"1.3 | 1.8";"3.7";"55 | 50";"2 | 4";"10 | 10";"";"";"";"";"";"";"";"";"3.4"
"Belarus";"BLR";"Vysshaya Liga";"04-07-2026 10:00";"NS";"Vitebsk";"";"";"Dnepr Mogilev";"2.29";"3.14";"60 | 46";"34 | 31";"5";"50 | 46";"1 | 0.7";"42 | 41";"6.5 | 6.6";"10";"70 | 20";"10";"20 | 10";"40 | 40";"40 | 50";"33 | 23";"60 | 50";"60 | 60";"80 | 90";"1x1 | 1x1";"14.4";"1 | 0.9";"1.3 | 1.7";"2.4";"49 | 46";"11 | 13";"10 | 10";"6.5 | 6.6";"7.2 | 8.5";"5.2";"3.3 | 2.4";"2.4 | 2.3";"1.2 | 2";"2.2 | 1.1";"3.2";"3.5"
"Belarus";"BLR";"Vysshaya Liga";"04-07-2026 12:00";"NS";"Neman Grodno";"";"";"Arsenal";"1.60";"5.55";"56 | 49";"31 | 44";"1";"58 | 43";"1 | 1.3";"49 | 40";"9.6 | 4.8";"7";"86 | 0";"14";"30 | 30";"10 | 40";"60 | 30";"33 | 43";"40 | 70";"90 | 60";"70 | 70";"0x1 | 1x1";"16.2";"0.9 | 1.3";"1.4 | 1.6";"2.6";"57 | 47";"6 | 9";"10 | 10";"8.6 | 6.3";"6.6 | 10.9";"6.4";"3.8 | 4.2";"2.7 | 2.3";"1.3 | 2.3";"1.8 | 1.3";"3.4";"3.5"
"Belarus";"BLR";"Pershaya Liga";"04-07-2026 08:00";"NS";"Smorgon";"";"";"Volna";"";"";"56 | 46";"51 | 65";"";"52 | 46";"1.2 | 1.9";"46 | 42";"6.4 | 3.7";"10";"50 | 20";"30";"30 | 60";"30 | 10";"40 | 30";"40 | 63";"60 | 70";"70 | 90";"70 | 40";"0x0 | 1x2";"16.9";"1.5 | 1.9";"1.4 | 1.7";"3.2";"50 | 48";"13 | 9";"10 | 10";"9.6 | 7.1";"9 | 8.1";"7.4";"4 | 3.2";"4.6 | 3";"2 | 1.4";"2.4 | 2.1";"4";"3.8"
"Belarus";"BLR";"Pershaya Liga";"04-07-2026 09:00";"NS";"Shakhtyor Soligorsk";"";"";"Dinamo Minsk II";"";"";"56 | 52";"88 | 82";"";"51 | 51";"1.9 | 1.8";"42 | 52";"3 | 3.5";"";"";"";"60 | 50";"10 | 30";"30 | 20";"63 | 60";"70 | 80";"90 | 70";"40 | 50";"0x2 | 1x3";"15.9";"2.6 | 2.4";"1.4 | 1.5";"4";"53 | 52";"7 | 8";"10 | 10";"7.8 | 8.5";"7.8 | 7.8";"6.9";"3 | 3.6";"3.7 | 3.5";"2.3 | 1.9";"2.6 | 1.7";"4.2";"3.8"
"Belarus";"BLR";"Pershaya Liga";"04-07-2026 10:00";"NS";"Niva";"";"";"BATE II";"";"";"74 | 25";"82 | 58";"";"57 | 50";"2.2 | 0.9";"54 | 48";"5 | 5.8";"4";"50 | 25";"25";"70 | 20";"10 | 30";"20 | 50";"73 | 30";"80 | 50";"90 | 70";"30 | 80";"3x1 | 1x1";"18.5";"2.4 | 1.7";"0.9 | 2.3";"3.6";"55 | 48";"4 | 15";"10 | 10";"12.1 | 9.8";"7 | 8.1";"8.9";"3.7 | 3.7";"5.4 | 5";"1.4 | 2";"2.9 | 2.3";"4.3";"3.8"
"Belarus";"BLR";"Pershaya Liga";"04-07-2026 10:30";"NS";"Bumprom";"";"";"Orsha";"";"";"56 | 35";"82 | 34";"";"58 | 32";"1.9 | 0.8";"59 | 34";"3.7 | 3.1";"6";"33 | 33";"33";"60 | 20";"10 | 20";"30 | 60";"63 | 27";"70 | 40";"90 | 80";"40 | 80";"2x0 | 1x2";"15.4";"2.4 | 1";"1.4 | 2";"3.4";"54 | 39";"5 | 17";"10 | 10";"8.8 | 3.1";"7 | 11.7";"6.2";"2.9 | 5";"3.6 | 1.1";"2.1 | 2.4";"1.7 | 1.9";"4";"3.8"
"Belarus";"BLR";"Pershaya Liga";"04-07-2026 11:00";"NS";"Energetik-BGU";"";"";"Slonim";"";"";"70 | 66";"92 | 65";"";"50 | 46";"2.3 | 1.9";"55 | 40";"3.9 | 3.5";"2";"100 | 0";"0";"70 | 60";"20 | 10";"10 | 30";"77 | 63";"90 | 70";"80 | 90";"30 | 40";"0x2 | 1x0";"17.7";"2.7 | 1.9";"1 | 1.1";"3.4";"50 | 49";"2 | 3";"10 | 10";"10.6 | 6.7";"11.1 | 7";"8.4";"4.9 | 3.7";"5.2 | 3.2";"1.6 | 1.9";"1.6 | 2.6";"3.8";"3.8"
"Belarus";"BLR";"Pershaya Liga";"04-07-2026 12:00";"NS";"Slutsk";"";"";"FC Ostrovets";"";"";"63 | 52";"61 | 37";"";"48 | 57";"1.9 | 0.9";"49 | 59";"3.5 | 8.3";"";"";"";"60 | 10";"10 | 60";"30 | 30";"63 | 30";"70 | 70";"90 | 40";"40 | 90";"3x1 | 0x0";"14.2";"1.8 | 1.1";"1.2 | 1.5";"2.8";"49 | 52";"1 | 12";"10 | 10";"6.3 | 9.1";"6.8 | 6.1";"7.1";"3.1 | 3.8";"2.7 | 4.6";"1.8 | 1.8";"1.5 | 2";"3.6";"3.8"
"Brazil";"BRA";"Serie C";"04-07-2026 17:00";"NS";"Maranhão";"";"";"Inter de Limeira";"2.28";"3.20";"74 | 66";"31 | 41";"5";"49 | 52";"1.3 | 1.6";"54 | 59";"14 | 11.5";"";"";"";"30 | 40";"40 | 40";"30 | 20";"43 | 53";"70 | 80";"60 | 60";"70 | 60";"0x0 | 0x1";"25.8";"0.9 | 1.2";"0.9 | 1.1";"2";"51 | 53";"15 | 6";"10 | 10";"12.6 | 13.8";"13.7 | 11.4";"8.2";"3.6 | 3.8";"3.7 | 5.3";"3.3 | 2.8";"2.3 | 2.7";"5.6";"5.5"
"Brazil";"BRA";"Serie C";"04-07-2026 19:00";"NS";"Maringá";"";"";"Volta Redonda";"1.72";"4.20";"32 | 60";"54 | 27";"1";"56 | 49";"1 | 1.2";"64 | 54";"9.6 | 14.8";"";"";"";"20 | 30";"40 | 30";"40 | 40";"33 | 40";"60 | 60";"60 | 70";"80 | 70";"1x1 | 2x0";"24.6";"1.6 | 0.8";"2.1 | 1.3";"2.9";"54 | 50";"11 | 14";"10 | 10";"15.4 | 11.8";"10.1 | 12";"9.1";"4.2 | 4.8";"5 | 4.3";"2.9 | 2.5";"2.9 | 2.6";"5.4";"5.5"
"Brazil";"BRA";"Serie C";"04-07-2026 19:00";"NS";"Confiança";"";"";"Barra FC";"2.23";"3.25";"66 | 63";"20 | 34";"5";"54 | 44";"0.8 | 0.8";"56 | 47";"19.7 | 9.9";"";"";"";"20 | 10";"20 | 50";"60 | 40";"27 | 27";"40 | 60";"80 | 50";"80 | 90";"0x1 | 1x0";"25";"0.6 | 1";"1.1 | 1.2";"2";"52 | 44";"18 | 17";"10 | 10";"12.3 | 10";"13.3 | 14.5";"8.7";"5.5 | 4.3";"3.7 | 3.9";"1.9 | 2.1";"2.7 | 1.3";"4";"5.5"
"Brazil";"BRA";"Serie C";"04-07-2026 20:30";"NS";"Guarani";"";"";"Floresta";"1.52";"5.75";"70 | 63";"68 | 41";"1";"55 | 46";"1.8 | 1.4";"65 | 51";"7.6 | 9.6";"";"";"";"50 | 40";"30 | 20";"20 | 40";"60 | 47";"80 | 60";"70 | 80";"50 | 60";"1x1 | 2x1";"23.5";"2 | 1.2";"1 | 1.2";"2.7";"53 | 45";"1 | 8";"10 | 10";"15.1 | 11.5";"9.5 | 10.8";"8.4";"3.7 | 3.2";"5.8 | 4.2";"3.2 | 2.1";"2.8 | 2.4";"5.2";"5.5"
"Brazil";"BRA";"Serie C";"04-07-2026 20:30";"NS";"Ferroviária";"";"";"Caxias";"2.38";"3.25";"88 | 80";"31 | 41";"5";"54 | 51";"1.8 | 1.7";"62 | 53";"15.4 | 10.4";"";"";"";"50 | 40";"30 | 50";"20 | 10";"60 | 57";"80 | 90";"70 | 50";"50 | 60";"1x0 | 1x1";"24";"0.9 | 1.2";"0.5 | 0.7";"1.6";"53 | 51";"5 | 10";"10 | 10";"13.9 | 12.5";"10.7 | 10.9";"8.2";"3.3 | 4";"3.8 | 5.3";"3.5 | 2.7";"2.9 | 3.5";"6.3";"5.5"
"Brazil";"BRA";"Serie C";"04-07-2026 21:00";"NS";"Santa Cruz";"";"";"Ituano";"2.16";"3.15";"77 | 74";"34 | 44";"5";"45 | 50";"1.4 | 1.6";"44 | 59";"7.9 | 9.5";"4";"75 | 0";"25";"40 | 40";"20 | 40";"40 | 20";"47 | 53";"60 | 80";"80 | 60";"60 | 60";"0x1 | 0x0";"23.1";"1 | 1.3";"0.8 | 0.9";"2";"46 | 50";"7 | 4";"10 | 10";"7.9 | 12.4";"12.1 | 13.8";"8";"3.7 | 4.4";"3.2 | 4.6";"4 | 3.4";"2.5 | 3";"6.4";"5.5"
"Brazil";"BRA";"Mineiro 2";"04-07-2026 16:00";"NS";"Villa Nova";"";"";"Aymorés";"";"";"52 | 80";"58 | 34";"";"53 | 57";"1.4 | 1.2";"51 | 57";"6.5 | 9.6";"2";"50 | 50";"0";"40 | 30";"20 | 30";"40 | 40";"47 | 40";"60 | 60";"80 | 70";"60 | 70";"0x1 | 1x0";"22.9";"1.7 | 1";"1.5 | 0.7";"2.4";"49 | 50";"1 | 2";"10 | 10";"12.6 | 10.8";"11.6 | 10.9";"8.8";"4.7 | 3";"6.1 | 3.7";"2.3 | 2.8";"1.9 | 2";"4.4";"5"
"Brazil";"BRA";"Mineiro 2";"04-07-2026 16:00";"NS";"Democrata SL";"";"";"Ipatinga";"";"";"77 | 25";"48 | 14";"";"47 | 33";"1.8 | 0.7";"43 | 34";"7.1 | 16.8";"10";"30 | 50";"20";"50 | 20";"30 | 10";"20 | 70";"60 | 23";"80 | 30";"70 | 90";"50 | 80";"1x0 | 1x0";"20.4";"1.4 | 0.4";"0.8 | 2.3";"2.4";"51 | 43";"1 | 2";"10 | 10";"10 | 6.7";"9.9 | 14.3";"9.2";"4.1 | 7";"4.1 | 3.2";"2.4 | 2.2";"3 | 1.2";"4.4";"5"
"Brazil";"BRA";"Mineiro 2";"04-07-2026 16:00";"NS";"CAP Patrocinense";"";"";"Guarani MG";"";"";"70 | 70";"31 | 31";"";"48 | 57";"1 | 1.2";"60 | 62";"11.6 | 15.3";"2";"50 | 0";"50";"20 | 30";"40 | 30";"40 | 40";"33 | 40";"60 | 60";"60 | 70";"80 | 70";"1x1 | 0x0";"22.8";"0.9 | 0.9";"1 | 1";"1.9";"45 | 57";"1 | 2";"10 | 10";"10.4 | 13.8";"10.9 | 10.5";"9.6";"4.4 | 4.8";"5.5 | 4.3";"2.1 | 2.7";"1.9 | 2.3";"4.5";"5"
"Brazil";"BRA";"Paulista Série B";"04-07-2026 15:00";"NS";"Mauá";"";"";"União Mogi";"";"";"46 | 49";"68 | 48";"";"50 | 47";"1.6 | 1.4";"61 | 56";"5.8 | 7.9";"8";"62 | 0";"38";"40 | 40";"40 | 20";"20 | 40";"53 | 47";"80 | 60";"60 | 80";"60 | 60";"1x1 | 0x1";"22.8";"2 | 1.4";"1.7 | 1.6";"3.4";"50 | 51";"1 | 2";"10 | 10";"11.7 | 11.1";"11.3 | 11.6";"10.8";"5.4 | 4.9";"6.1 | 5.2";"3.4 | 3";"3.4 | 2.9";"6.4";"5.8"
"Brazil";"BRA";"Paulista Série B";"04-07-2026 15:00";"NS";"América SP";"";"";"Santacruzense";"";"";"80 | 60";"41 | 44";"";"54 | 44";"1.7 | 1.2";"57 | 40";"11.6 | 7.4";"2";"0 | 100";"0";"40 | 30";"50 | 30";"10 | 40";"57 | 40";"90 | 60";"50 | 70";"60 | 70";"1x1 | 0x1";"23";"1.2 | 1.3";"0.7 | 1.3";"2.2";"54 | 44";"1 | 2";"10 | 10";"13.9 | 9.6";"11.7 | 10.9";"8.9";"4 | 5";"5.3 | 3.4";"2.4 | 2.2";"2.7 | 3";"5.2";"5.8"
"Brazil";"BRA";"Paulista Série B";"04-07-2026 15:00";"NS";"Matonense";"";"";"Assisense";"";"";"77 | 52";"99 | 58";"";"39 | 57";"2.5 | 1.4";"42 | 52";"2.8 | 7.7";"";"";"";"80 | 30";"10 | 50";"10 | 20";"83 | 47";"90 | 80";"90 | 50";"20 | 70";"2x1 | 1x1";"22.2";"2.9 | 1.7";"0.8 | 1.5";"3.4";"49 | 56";"1 | 2";"10 | 10";"8.2 | 13.1";"14.1 | 8.9";"8.7";"5.4 | 3.9";"2.8 | 5.4";"2.5 | 3";"3.2 | 3.6";"6.2";"5.8"
"Brazil";"BRA";"Paulista Série B";"04-07-2026 15:00";"NS";"Flamengo SP";"";"";"Osasco Audax";"";"";"88 | 80";"41 | 48";"";"52 | 52";"2.3 | 1.7";"53 | 59";"8.8 | 7.6";"2";"100 | 0";"0";"70 | 50";"20 | 20";"10 | 30";"77 | 57";"90 | 70";"80 | 80";"30 | 50";"1x0 | 0x2";"19.7";"1.2 | 1.4";"0.5 | 0.7";"1.9";"55 | 49";"1 | 2";"10 | 10";"10.6 | 10.7";"7.5 | 10.7";"7.4";"2.9 | 3.9";"3.7 | 4.4";"3.9 | 3.7";"2.7 | 2.1";"6.2";"5.8"
"Brazil";"BRA";"Paulista Série B";"04-07-2026 15:00";"NS";"Itaquaquecetuba";"";"";"Paulínia FU";"";"";"80 | 46";"78 | 34";"";"60 | 51";"2.5 | 0.7";"70 | 54";"5.4 | 8.2";"";"";"";"80 | 20";"10 | 10";"10 | 70";"83 | 23";"90 | 30";"90 | 90";"20 | 80";"2x0 | 1x0";"18.6";"2.3 | 1";"0.7 | 1.7";"2.8";"54 | 47";"1 | 2";"10 | 10";"12.4 | 8.2";"5.9 | 10.9";"8.8";"2.9 | 5.4";"5.9 | 3.4";"4 | 2.4";"3.4 | 3.9";"6.8";"5.8"
"Brazil";"BRA";"Paulista U20";"04-07-2026 15:00";"NS";"Sao Paulo U20";"";"";"XV de Piracicaba U20";"";"";"88 | 56";"48 | 27";"";"60 | 47";"2 | 0.9";"63 | 57";"9.5 | 11.9";"5";"60 | 40";"0";"60 | 20";"20 | 30";"20 | 50";"67 | 30";"80 | 50";"80 | 70";"40 | 80";"1x0 | 1x0";"21.8";"1.4 | 0.8";"0.5 | 1.4";"2";"62 | 50";"3 | 11";"10 | 10";"14.1 | 9.5";"9.2 | 10.9";"7.8";"3.3 | 3.8";"5 | 3.4";"2.9 | 1.7";"3.3 | 2";"5";"6"
"Brazil";"BRA";"Paulista U20";"04-07-2026 15:00";"NS";"Aguai U20";"";"";"Botafogo SP U20";"";"";"35 | 60";"27 | 61";"";"46 | 53";"1 | 1.2";"52 | 62";"13.2 | 6.8";"";"";"";"30 | 30";"10 | 30";"60 | 40";"33 | 40";"40 | 60";"90 | 70";"70 | 70";"1x0 | 1x0";"23";"0.8 | 1.8";"2 | 1.3";"3";"50 | 48";"8 | 13";"10 | 10";"10.6 | 12.2";"12.8 | 10.4";"9";"5.8 | 4.2";"3.3 | 4.8";"2 | 2.5";"3.3 | 2.6";"5.2";"6"
"Brazil";"BRA";"Paulista U20";"04-07-2026 15:00";"NS";"Ponte Preta U20";"";"";"Santos U20";"";"";"60 | 70";"54 | 51";"";"49 | 57";"1.8 | 1.8";"50 | 65";"6.4 | 10.8";"7";"0 | 71";"29";"50 | 50";"30 | 30";"20 | 20";"60 | 60";"80 | 80";"70 | 70";"50 | 50";"1x1 | 1x2";"23.5";"1.6 | 1.5";"1.3 | 1";"2.7";"50 | 58";"6 | 4";"10 | 10";"10.2 | 16.2";"10.6 | 9.9";"8.8";"4.7 | 3.2";"4.2 | 5.5";"3.1 | 3.1";"2.4 | 3.2";"5.9";"6"
"Brazil";"BRA";"Catarinense 2";"04-07-2026 15:00";"NS";"Guarani de Palhoça";"";"";"Hercílio Luz";"";"";"46 | 80";"41 | 75";"";"49 | 62";"1.5 | 2.2";"47 | 69";"8.2 | 6.1";"2";"0 | 100";"0";"40 | 70";"30 | 10";"30 | 20";"50 | 73";"70 | 80";"70 | 90";"60 | 30";"1x0 | 1x0";"19.8";"1.2 | 2.2";"1.7 | 0.7";"2.9";"48 | 59";"";"10 | 10";"9.8 | 13.4";"8.8 | 7.4";"8.2";"4 | 2.3";"3.4 | 6.9";"3.2 | 3.9";"2.9 | 3.6";"6.8";"5.8"
"Brazil";"BRA";"Brasiliense U20";"04-07-2026 10:00";"NS";"Grêmio Valparaíso U20";"";"";"Santa Maria U20";"";"";"32 | 35";"51 | 48";"";"44 | 50";"1.3 | 0.9";"53 | 54";"7.3 | 8.6";"";"";"";"40 | 20";"10 | 30";"50 | 50";"43 | 30";"50 | 50";"90 | 70";"60 | 80";"3x1 | 1x1";"25.1";"1.5 | 1.4";"2.1 | 2";"3.5";"54 | 50";"4 | 6";"10 | 10";"11 | 12";"14 | 13.2";"9.6";"6.3 | 4.8";"4.2 | 4";"2.7 | 1.8";"2.2 | 3";"4.8";"5.8"
"Brazil";"BRA";"Brasiliense U20";"04-07-2026 10:30";"NS";"Brasiliense U20";"";"";"Capital DF U20";"";"";"88 | 80";"95 | 100";"";"51 | 69";"1.9 | 2.5";"60 | 87";"4.5 | 5.7";"";"";"";"60 | 80";"10 | 10";"30 | 10";"63 | 83";"70 | 90";"90 | 90";"40 | 20";"1x0 | 0x4";"26.1";"2.8 | 3.9";"0.5 | 0.7";"4";"46 | 60";"1 | 3";"10 | 10";"12.5 | 22.2";"11.2 | 6.2";"11.5";"3.8 | 3.2";"3.2 | 12.8";"2.5 | 1.2";"2.5 | 1.5";"3.9";"5.8"
"Brazil";"BRA";"Brasiliense U20";"04-07-2026 15:30";"NS";"EC Cruzeiro U20";"";"";"Canaã U20";"";"";"0 | 60";"31 | 100";"";"42 | 49";"0.8 | 2.4";"54 | 68";"11.3 | 4.6";"";"";"";"20 | 80";"20 | 0";"60 | 20";"27 | 80";"40 | 80";"80 | 100";"80 | 20";"0x3 | 0x1";"26.8";"0.9 | 3.5";"3 | 1.3";"4.4";"41 | 50";"8 | 3";"10 | 10";"10.2 | 16";"15.8 | 11.6";"9.6";"6.7 | 3.4";"3.8 | 5.4";"3.2 | 3.6";"3.7 | 2.2";"6.3";"5.8"
"Brazil";"BRA";"Baiano U20";"04-07-2026 09:00";"NS";"Vitoria U20";"";"";"Barcelona BA U20";"";"";"74 | 46";"75 | 48";"";"60 | 59";"1.8 | 1.3";"56 | 55";"7 | 12.6";"2";"50 | 0";"50";"60 | 40";"0 | 10";"40 | 50";"60 | 43";"60 | 50";"100 | 90";"40 | 60";"0x1 | 2x1";"26.2";"2.2 | 1.4";"0.9 | 1.7";"3.1";"52 | 58";"1 | 2";"10 | 10";"15.4 | 17.6";"9.5 | 9.8";"9.5";"3 | 4.4";"5 | 6.6";"2.5 | 2.6";"2.5 | 2.2";"4.9";"5.6"
"Brazil";"BRA";"Baiano U20";"04-07-2026 15:00";"NS";"Bahia U20";"";"";"Jacobina U20";"";"";"66 | 88";"61 | 17";"";"55 | 39";"1.8 | 1.5";"64 | 36";"8.2 | 18";"2";"50 | 50";"0";"50 | 40";"30 | 30";"20 | 30";"60 | 50";"80 | 70";"70 | 70";"50 | 60";"1x1 | 0x0";"24.8";"1.8 | 0.5";"1.1 | 0.5";"2";"55 | 44";"1 | 2";"10 | 10";"14.7 | 9";"13.9 | 12";"9";"4.3 | 4";"5.7 | 4";"2.6 | 4.5";"1.6 | 3";"5.8";"5.6"
"Brazil";"BRA";"Baiano U20";"04-07-2026 15:00";"NS";"Fluminense de Feira U20";"";"";"Jacuipense U20";"";"";"63 | 66";"78 | 65";"";"52 | 50";"2 | 2";"45 | 49";"4.3 | 6.2";"5";"60 | 40";"0";"60 | 60";"20 | 20";"20 | 20";"67 | 67";"80 | 80";"80 | 80";"40 | 40";"0x1 | 1x2";"19.2";"2.3 | 1.9";"1.2 | 1.1";"3.2";"51 | 54";"1 | 2";"10 | 10";"10 | 11.8";"6.6 | 9.8";"8.1";"4 | 3.2";"4.4 | 4.7";"2.8 | 3.4";"2.8 | 3.9";"6.4";"5.6"
"Brazil";"BRA";"Baiano U20";"04-07-2026 15:00";"NS";"Camaçariense U20";"";"";"SSA U20";"";"";"42 | 49";"58 | 58";"";"47 | 52";"1.8 | 1";"46 | 49";"6.1 | 5.4";"5";"40 | 20";"40";"60 | 30";"0 | 10";"40 | 60";"60 | 33";"60 | 40";"100 | 90";"40 | 70";"1x0 | 1x0";"21";"1.7 | 1.7";"1.8 | 1.6";"3.4";"48 | 54";"1 | 2";"10 | 10";"10.4 | 9.2";"11.2 | 11.2";"9.4";"5.2 | 5.5";"4.2 | 3.8";"1.4 | 3.3";"3 | 3.8";"5.8";"5.6"
"Brazil";"BRA";"Torneio Otavio Pinto Guimaraes U20";"04-07-2026 10:00";"NS";"Flamengo RJ U20";"";"";"Botafogo U20";"";"";"63 | 74";"58 | 82";"";"59 | 44";"1.9 | 2.3";"64 | 55";"8.6 | 4.5";"10";"20 | 60";"20";"50 | 70";"40 | 20";"10 | 10";"63 | 77";"90 | 90";"60 | 80";"50 | 30";"1x1 | 1x1";"24.2";"1.7 | 2.4";"1.2 | 0.9";"3.1";"57 | 44";"";"10 | 10";"14.7 | 10.8";"10.7 | 12.1";"10.9";"4.9 | 5.1";"6.9 | 4.8";"3.1 | 1.9";"1.9 | 2.3";"4.6";"5.9"
"Brazil";"BRA";"Torneio Otavio Pinto Guimaraes U20";"04-07-2026 10:00";"NS";"Portuguesa RJ U20";"";"";"Vasco da Gama U20";"";"";"66 | 77";"44 | 71";"";"43 | 54";"1.4 | 1.9";"45 | 62";"6.2 | 6.8";"10";"0 | 100";"0";"40 | 60";"20 | 10";"40 | 30";"47 | 63";"60 | 70";"80 | 90";"60 | 40";"0x0 | 1x0";"23.2";"1.3 | 2.1";"1.1 | 0.8";"2.6";"52 | 54";"";"10 | 10";"8 | 14.2";"13 | 11.1";"8.6";"4.4 | 3.9";"2.5 | 6.3";"2.5 | 2.2";"3.2 | 1.8";"4.9";"5.9"
"Brazil";"BRA";"Torneio Otavio Pinto Guimaraes U20";"04-07-2026 14:45";"NS";"Maricá U20";"";"";"Fluminense U20";"";"";"56 | 60";"34 | 71";"";"50 | 55";"1 | 1.3";"48 | 57";"9.4 | 6.2";"";"";"";"30 | 40";"10 | 10";"60 | 50";"33 | 43";"40 | 50";"90 | 90";"70 | 60";"0x1 | 2x0";"20.4";"1 | 2.1";"1.4 | 1.3";"2.9";"48 | 52";"";"10 | 10";"9.4 | 13";"9.7 | 8.7";"8.9";"4.4 | 4";"4 | 5.4";"2.7 | 2.2";"3.3 | 3";"5.6";"5.9"
"Brazil";"BRA";"Carioca A2";"04-07-2026 14:45";"NS";"Resende";"";"";"Americano";"2.05";"3.50";"77 | 77";"71 | 54";"5";"54 | 55";"2.1 | 2.3";"53 | 52";"5.1 | 7.3";"10";"50 | 20";"30";"60 | 70";"30 | 20";"10 | 10";"70 | 77";"90 | 90";"70 | 80";"40 | 30";"1x0 | 1x2";"19.4";"2.1 | 1.6";"0.8 | 0.8";"2.6";"55 | 57";"3 | 1";"10 | 10";"10.8 | 11.7";"8.7 | 7.7";"8.1";"3.4 | 2.7";"4.8 | 5.3";"2.9 | 2.1";"3.1 | 2.1";"5.1";"5.9"
"Brazil";"BRA";"Carioca A2";"04-07-2026 14:45";"NS";"São Gonçalo EC RJ";"";"";"Audax Rio";"";"";"70 | 52";"37 | 31";"";"56 | 49";"1.2 | 0.9";"64 | 45";"13.3 | 9.4";"4";"50 | 25";"25";"30 | 30";"30 | 0";"40 | 70";"40 | 30";"60 | 30";"70 | 100";"70 | 70";"0x0 | 1x0";"20.2";"1.1 | 0.9";"1 | 1.5";"2.2";"50 | 48";"7 | 10";"10 | 10";"14.6 | 8.5";"8.1 | 9.3";"7.1";"3.4 | 3.8";"4.3 | 2.6";"3.6 | 3.7";"3.3 | 4";"7.3";"5.9"
"Brazil";"BRA";"Carioca A2";"04-07-2026 14:45";"NS";"América RJ";"";"";"Serrano RJ";"";"";"60 | 56";"44 | 31";"";"48 | 48";"1.5 | 0.8";"52 | 50";"8.6 | 8.9";"4";"25 | 50";"25";"40 | 10";"30 | 50";"30 | 40";"50 | 27";"70 | 60";"70 | 50";"60 | 90";"2x1 | 0x0";"20.5";"1.3 | 0.9";"1.3 | 1.4";"2.4";"48 | 49";"6 | 9";"10 | 10";"11.2 | 8";"10 | 11.8";"7";"3.7 | 3.3";"3.8 | 3.2";"2.9 | 3.1";"2.7 | 3";"5.8";"5.9"
"Brazil";"BRA";"Carioca A2";"04-07-2026 14:45";"NS";"Olaria";"";"";"Bonsucesso";"";"";"77 | 74";"48 | 31";"";"56 | 55";"1.5 | 1.2";"61 | 55";"8.9 | 12.7";"10";"60 | 10";"30";"40 | 30";"30 | 30";"30 | 40";"50 | 40";"70 | 60";"70 | 70";"60 | 70";"1x2 | 0x0";"20.2";"1.4 | 0.9";"0.8 | 0.9";"2";"54 | 53";"5 | 11";"10 | 10";"12.4 | 11.4";"8 | 8.6";"7.2";"3.9 | 3.4";"4 | 3.1";"2.8 | 2.8";"2 | 2.9";"5.2";"5.9"
"Brazil";"BRA";"Carioca A2";"04-07-2026 14:45";"NS";"CEAC / Araruama";"";"";"Cabofriense";"";"";"63 | 56";"31 | 37";"";"47 | 50";"1.1 | 0.9";"46 | 56";"8 | 8.7";"3";"0 | 67";"33";"30 | 20";"20 | 30";"50 | 50";"37 | 30";"50 | 50";"80 | 70";"70 | 80";"0x1 | 2x1";"19.9";"0.9 | 1.1";"1.2 | 1.4";"2.3";"50 | 51";"12 | 8";"10 | 10";"7.2 | 9.6";"12.2 | 10.7";"6.6";"3.6 | 3.7";"2.8 | 3.1";"3.5 | 2.8";"3.6 | 2.5";"6.2";"5.9"
"Brazil";"BRA";"Carioca A2";"04-07-2026 14:45";"NS";"CFRJ / Marica";"";"";"Perolas Negras";"";"";"77 | 60";"34 | 65";"";"50 | 50";"1.8 | 1.8";"58 | 53";"12.7 | 6.8";"2";"0 | 0";"100";"50 | 60";"30 | 0";"20 | 40";"60 | 60";"80 | 60";"70 | 100";"50 | 40";"1x0 | 1x2";"23.8";"1 | 1.9";"0.8 | 1.3";"2.5";"50 | 51";"2 | 4";"10 | 10";"12.7 | 13";"12.3 | 9.7";"8.8";"4.3 | 3.3";"4.2 | 5.7";"2.4 | 3.3";"2.5 | 3.4";"5.8";"5.9"
"Brazil";"BRA";"Catarinense U20";"04-07-2026 15:00";"NS";"Nação U20";"";"";"Criciuma U20";"";"";"49 | 52";"82 | 41";"";"51 | 53";"1.5 | 1.4";"48 | 57";"5.4 | 12.2";"4";"0 | 100";"0";"40 | 40";"30 | 20";"30 | 40";"50 | 47";"70 | 60";"70 | 80";"60 | 60";"1x2 | 0x0";"25.4";"2.4 | 1.2";"1.6 | 1.5";"3.4";"48 | 50";"";"10 | 10";"13 | 14.6";"12.7 | 10.7";"10.2";"5.6 | 3.7";"5.8 | 5.3";"3.6 | 1.9";"2.7 | 3";"5.6";"7.1"
"Brazil";"BRA";"Catarinense U20";"04-07-2026 15:00";"NS";"Chapecoense-SC U20";"";"";"Joinville U20";"";"";"46 | 28";"58 | 27";"";"52 | 45";"1.5 | 0.5";"50 | 45";"7.7 | 13.4";"10";"80 | 10";"10";"40 | 10";"30 | 20";"30 | 70";"50 | 17";"70 | 30";"70 | 80";"60 | 90";"1x1 | 3x0";"25.2";"1.7 | 0.8";"1.7 | 2.2";"3.2";"52 | 47";"";"10 | 10";"13.1 | 10.7";"13 | 13.7";"10.4";"4.4 | 6.7";"5.6 | 4.2";"3.3 | 3.4";"3.4 | 2.2";"6.2";"7.1"
"Brazil";"BRA";"Catarinense U20";"04-07-2026 15:00";"NS";"Barra SC U20";"";"";"Brusque U20";"";"";"60 | 2";"88 | 31";"";"59 | 40";"2.3 | 0.1";"56 | 38";"4.9 | 8.3";"8";"100 | 0";"0";"70 | 0";"20 | 10";"10 | 90";"77 | 3";"90 | 10";"80 | 90";"30 | 100";"2x2 | 2x1";"23.2";"2.6 | 0.9";"1.3 | 3.2";"4";"56 | 41";"";"10 | 10";"12.8 | 7.5";"8.6 | 17.5";"10";"3.6 | 7.6";"6.5 | 2.1";"4.2 | 3.1";"3.9 | 2.8";"7";"7.1"
"Brazil";"BRA";"Maranhense 2";"04-07-2026 16:00";"NS";"Viana";"";"";"Lago Verde";"";"";"21 | 70";"14 | 58";"";"";"0.4 | 1.4";"";"";"";"";"";"10 | 33";"10 | 44";"80 | 22";"13 | 48";"20 | 78";"90 | 56";"90 | 67";"0x3 | 0x0";"";"0.4 | 1.7";"2.4 | 1";"2.8";"";"3 | 2";"10 | 9";"";"";"";"";"";"";"";"";"0"
"Brazil";"BRA";"Maranhense 2";"04-07-2026 16:00";"NS";"Cordino";"";"";"Balsas";"";"";"56 | 63";"24 | 14";"";"";"0.8 | 0.8";"";"";"7";"57 | 43";"0";"20 | 20";"20 | 20";"60 | 60";"27 | 27";"40 | 40";"80 | 80";"80 | 80";"1x0 | 1x0";"";"0.7 | 0.4";"1.4 | 1.2";"1.8";"";"2 | 3";"10 | 10";"";"";"";"";"";"";"";"";"0"
"Brazil";"BRA";"Maranhense 2";"04-07-2026 16:00";"NS";"Expressinho";"";"";"São José MA";"";"";"2 | 60";"14 | 31";"";"";"0 | 0.9";"";"";"";"";"";"0 | 20";"0 | 30";"100 | 50";"0 | 30";"0 | 50";"100 | 70";"100 | 80";"0x1 | 1x0";"";"0.4 | 0.9";"3.5 | 1.3";"3";"";"5 | 6";"10 | 10";"";"";"";"";"";"";"";"";"0"
"Brazil";"BRA";"Cearense U20";"04-07-2026 15:00";"NS";"Anjos do Céu U20";"";"";"Floresta CE U20";"";"";"14 | 77";"37 | 51";"";"37 | 44";"1.2 | 1.7";"34 | 46";"8.2 | 7.1";"";"";"";"40 | 50";"0 | 20";"60 | 30";"40 | 57";"40 | 70";"100 | 80";"60 | 50";"2x1 | 0x1";"22";"1.1 | 1.5";"2.6 | 0.8";"3";"38 | 53";"";"10 | 10";"9 | 10.6";"9 | 15.4";"9";"4 | 5.8";"3.7 | 4.4";"2.3 | 2.6";"3.7 | 2.8";"5.7";"6.4"
"Brazil";"BRA";"Cearense U20";"04-07-2026 15:00";"FT";"Fortaleza U20";"0";"0";"Vila Real U20";"1.30";"7.00";"49 | 77";"48 | 75";"3";"";"0.7 | 1.6";"";"";"";"";"";"20 | 40";"10 | 40";"70 | 20";"23 | 53";"30 | 80";"90 | 60";"80 | 60";"1x2 | 0x0";"";"1.4 | 2.2";"1.6 | 0.8";"3";"";"";"10 | 5";"";"";"";"";"";"";"";"";"6.4"
"Canada";"CAN";"PCSL";"04-07-2026 00:00";"NS";"Mid Isle Highlanders";"";"";"Victoria United";"";"";"21 | 60";"24 | 71";"";"";"0.1 | 2.3";"";"";"10";"10 | 90";"0";"0 | 70";"10 | 20";"90 | 10";"3 | 77";"10 | 90";"90 | 80";"100 | 30";"0x2 | 0x2";"";"0.7 | 2.1";"2.4 | 1.3";"3.2";"";"7 | 2";"10 | 10";"";"";"";"";"";"";"";"";"0"
"Canada";"CAN";"PCSL";"04-07-2026 18:00";"NS";"Khalsa";"";"";"Victoria United";"";"";"70 | 60";"65 | 71";"";"";"2 | 2.3";"";"";"10";"50 | 30";"20";"60 | 70";"20 | 20";"20 | 10";"67 | 77";"80 | 90";"80 | 80";"40 | 30";"1x0 | 0x2";"";"1.9 | 2.1";"1 | 1.3";"3.2";"";"4 | 2";"10 | 10";"";"";"";"";"";"";"";"";"0"
"Canada";"CAN";"PCSL";"04-07-2026 18:00";"NS";"AFA";"";"";"Gorge";"";"";"21 | 66";"44 | 82";"";"";"0.6 | 1.9";"";"";"";"";"";"10 | 60";"30 | 10";"60 | 30";"20 | 63";"40 | 70";"70 | 90";"90 | 40";"2x3 | 1x5";"";"1.3 | 2.4";"2.4 | 1.1";"3.6";"";"6 | 3";"10 | 10";"";"";"";"";"";"";"";"";"0"
"Canada";"CAN";"PCSL";"04-07-2026 20:00";"CANCELLED";"Kamloops Rivers II";"";"";"Mid Isle Highlanders";"";"";"32 | 21";"58 | 24";"";"";"1.8 | 0.1";"";"";"7";"43 | 29";"29";"50 | 0";"30 | 10";"20 | 90";"60 | 3";"80 | 10";"70 | 90";"50 | 100";"1x1 | 2x0";"";"1.7 | 0.7";"2.1 | 2.4";"3.4";"";"";"10 | 10";"";"";"";"";"";"";"";"";"0"
"China";"CHN";"Super League";"04-07-2026 08:00";"NS";"Qingdao West Coast";"";"";"Shanghai Port";"2.98";"2.24";"60 | 56";"58 | 61";"5";"47 | 56";"1.6 | 1.6";"44 | 49";"4.4 | 4.1";"5";"0 | 60";"40";"30 | 40";"70 | 40";"0 | 20";"53 | 53";"100 | 80";"30 | 60";"70 | 60";"1x1 | 1x1";"22.2";"1.7 | 1.8";"1.3 | 1.4";"3.1";"42 | 55";"6 | 12";"10 | 10";"10.1 | 9.7";"14 | 10.6";"7.5";"4.1 | 4";"3.8 | 3.1";"2.3 | 2.4";"1.8 | 1.7";"4.1";"4.4"
"China";"CHN";"Super League";"04-07-2026 08:00";"NS";"Liaoning Tieren FC";"";"";"Chongqing Tonglianglong FC";"2.07";"3.50";"38 | 66";"48 | 37";"5";"50 | 40";"1 | 1.3";"44 | 33";"6.9 | 5";"5";"40 | 60";"0";"30 | 30";"10 | 40";"60 | 30";"33 | 43";"40 | 70";"90 | 60";"70 | 70";"0x1 | 1x1";"21";"1.4 | 1.1";"1.9 | 1.1";"2.8";"52 | 48";"10 | 2";"10 | 10";"11.5 | 7";"12.5 | 11";"7.4";"4.5 | 3.5";"3.9 | 3";"1.9 | 1.7";"1.6 | 2.6";"3.9";"4.4"
"China";"CHN";"Super League";"04-07-2026 08:35";"NS";"Dalian Yingbo";"";"";"Wuhan Three Towns";"1.71";"4.52";"38 | 38";"34 | 41";"1";"60 | 49";"0.8 | 0.7";"55 | 41";"11.2 | 7.6";"3";"0 | 33";"67";"20 | 0";"20 | 70";"60 | 30";"27 | 23";"40 | 70";"80 | 30";"80 | 100";"1x1 | 2x2";"24.8";"1 | 1.2";"1.9 | 1.9";"3";"52 | 46";"3 | 15";"10 | 10";"15.2 | 11.2";"10.2 | 12.9";"8.9";"4.5 | 4.7";"4.5 | 4.1";"2 | 3.1";"2.6 | 2";"4.8";"4.4"
"China";"CHN";"Super League";"04-07-2026 08:35";"NS";"Beijing Guoan";"";"";"Shandong Taishan";"1.72";"3.98";"46 | 46";"75 | 85";"1";"66 | 54";"1.8 | 1.7";"61 | 51";"6.6 | 4.7";"10";"20 | 30";"50";"50 | 50";"30 | 20";"20 | 30";"60 | 57";"80 | 70";"70 | 80";"50 | 50";"1x0 | 4x1";"27.8";"2.2 | 2.5";"1.7 | 1.7";"4";"64 | 52";"7 | 4";"10 | 10";"18.2 | 15.9";"8.7 | 12.8";"10.5";"3.9 | 4.3";"7.6 | 5.2";"1.5 | 1.8";"2.4 | 2.2";"4";"4.4"
"China";"CHN";"Super League";"04-07-2026 09:00";"NS";"Tianjin Jinmen Tiger";"";"";"Shenzhen Peng City";"2.19";"3.03";"60 | 56";"44 | 51";"5";"41 | 45";"1.1 | 1.4";"33 | 41";"5.4 | 6.2";"7";"71 | 29";"0";"20 | 40";"50 | 20";"30 | 40";"37 | 47";"70 | 60";"50 | 80";"80 | 60";"1x1 | 1x1";"23.5";"1.3 | 1.5";"1.3 | 1.4";"2.8";"46 | 48";"16 | 9";"10 | 10";"9.1 | 12";"12.6 | 13.4";"7.9";"3.9 | 4";"3.3 | 4.6";"2.1 | 2.3";"1.6 | 2.3";"4.2";"4.4"
"China";"CHN";"League Two";"04-07-2026 05:30";"NS";"Shanghai Port B";"";"";"Beijing BIT";"";"";"80 | 66";"41 | 31";"";"48 | 34";"1.8 | 1";"50 | 33";"7.7 | 4.4";"3";"33 | 67";"0";"50 | 10";"30 | 70";"20 | 20";"60 | 33";"80 | 80";"70 | 30";"50 | 90";"1x0 | 1x1";"23";"1.2 | 0.9";"0.7 | 1.1";"2";"50 | 40";"1 | 12";"10 | 10";"12 | 5.3";"14 | 14.8";"7";"4.2 | 3.9";"3.5 | 2.4";"1.4 | 1.8";"1.9 | 2.2";"3.6";"3.7"
"China";"CHN";"League Two";"04-07-2026 08:00";"NS";"Shandong Taishan II";"";"";"Lanzhou Longyuan";"2.01";"3.53";"77 | 88";"34 | 17";"5";"58 | 47";"1.7 | 1.2";"46 | 43";"8.3 | 14.8";"5";"60 | 0";"40";"50 | 20";"20 | 60";"30 | 20";"57 | 40";"70 | 80";"80 | 40";"50 | 80";"1x0 | 0x0";"18.6";"1 | 0.5";"0.8 | 0.5";"1.4";"60 | 47";"2 | 9";"10 | 10";"11.5 | 9.6";"7.3 | 8.9";"5.8";"2.4 | 2.8";"3.5 | 2.8";"1.6 | 2";"2.2 | 0.8";"3.3";"3.7"
"China";"CHN";"League Two";"04-07-2026 08:00";"NS";"Guangzhou Dandelion";"";"";"Guangdong Mingtu";"";"";"56 | 70";"20 | 31";"";"53 | 52";"0.6 | 1.1";"44 | 42";"11.8 | 10.3";"3";"100 | 0";"0";"10 | 20";"30 | 50";"60 | 30";"20 | 37";"40 | 70";"70 | 50";"90 | 80";"0x0 | 1x1";"21.8";"0.6 | 0.9";"1.4 | 1";"2";"52 | 52";"7 | 10";"10 | 10";"9.7 | 12";"11.8 | 10.1";"7.4";"4.8 | 3.3";"2.5 | 4.2";"1.1 | 1.7";"1.4 | 2";"3.1";"3.7"
"China";"CHN";"League Two";"04-07-2026 08:30";"NS";"Haimen Codion";"";"";"Dalian Kewei";"";"";"66 | 100";"34 | 34";"";"59 | 55";"1 | 1.9";"55 | 46";"7.2 | 8.9";"";"";"";"10 | 50";"70 | 40";"20 | 10";"33 | 63";"80 | 90";"30 | 60";"90 | 50";"0x0 | 0x0";"19";"1 | 1";"1.1 | 0.4";"1.8";"54 | 52";"8 | 3";"10 | 10";"10 | 11.1";"8.8 | 8.1";"5.4";"2.6 | 2.5";"2.7 | 3";"1.7 | 2.2";"1.7 | 1.3";"3.4";"3.7"
"China";"CHN";"League Two";"04-07-2026 08:30";"NS";"Ganzhou Ruishi";"";"";"Hubei Istar";"";"";"84 | 66";"31 | 41";"";"38 | 44";"1.9 | 1.5";"33 | 36";"7.2 | 5";"";"";"";"60 | 40";"10 | 30";"30 | 30";"63 | 50";"70 | 70";"90 | 70";"40 | 60";"1x0 | 0x0";"20.3";"0.9 | 1.2";"0.6 | 1.1";"1.9";"38 | 49";"5 | 2";"10 | 10";"8.5 | 8.9";"10.8 | 12.4";"5.4";"2.2 | 3.5";"2.6 | 2.5";"2 | 2";"1.4 | 1.4";"3.4";"3.7"
"China";"CHN";"League Two";"04-07-2026 09:00";"NS";"Chengdu Rongcheng II";"";"";"Wuhan Three Towns II";"";"";"60 | 60";"14 | 17";"";"53 | 53";"0.4 | 0.3";"54 | 46";"15.2 | 16";"3";"67 | 0";"33";"0 | 0";"40 | 30";"60 | 70";"13 | 10";"40 | 30";"60 | 70";"100 | 100";"0x0 | 1x0";"20.2";"0.4 | 0.5";"1.3 | 1.3";"1.8";"58 | 51";"11 | 12";"10 | 10";"8.1 | 11.4";"11.7 | 9.1";"6.9";"4.4 | 3.6";"2.2 | 3.6";"1.1 | 1.6";"1.1 | 1.5";"2.7";"3.7"
"Ecuador";"ECU";"Liga Pro Serie B";"04-07-2026 18:30";"NS";"LDU Portoviejo";"";"";"9 de Octubre";"2.63";"2.60";"63 | 84";"34 | 37";"5";"56 | 59";"1.5 | 1.9";"48 | 46";"11.1 | 9.2";"";"";"";"40 | 50";"30 | 40";"30 | 10";"50 | 63";"70 | 90";"70 | 60";"60 | 50";"1x0 | 0x0";"18";"1 | 1.1";"1.2 | 0.6";"2";"51 | 55";"8 | 1";"10 | 10";"11.1 | 10.1";"8.7 | 6.2";"6.9";"3.6 | 2.8";"3.6 | 3.8";"3.2 | 3.1";"2.4 | 2.9";"5.8";"4.9"
"Estonia";"EST";"Meistriliiga";"04-07-2026 13:00";"NS";"Paide";"";"";"Vaprus";"1.43";"5.63";"52 | 49";"44 | 48";"1";"50 | 39";"1.5 | 1.6";"60 | 45";"10 | 5.4";"10";"70 | 30";"0";"40 | 50";"30 | 10";"30 | 40";"50 | 53";"70 | 60";"70 | 90";"60 | 50";"1x1 | 1x2";"23.5";"1.3 | 1.4";"1.5 | 1.6";"2.9";"51 | 44";"4 | 6";"10 | 10";"13 | 7.6";"11.8 | 14.5";"9.6";"5 | 6";"4.3 | 3.9";"2 | 1.8";"2.2 | 2.2";"4.1";"4.5"
"Estonia";"EST";"Meistriliiga";"04-07-2026 13:00";"NS";"JK Trans Narva";"";"";"Levadia";"13.27";"1.15";"52 | 77";"41 | 99";"4";"44 | 63";"0.7 | 2.5";"52 | 76";"9.2 | 6.8";"10";"10 | 70";"20";"20 | 80";"10 | 10";"70 | 10";"23 | 83";"30 | 90";"90 | 90";"80 | 20";"0x3 | 1x2";"25.4";"1.2 | 2.9";"1.5 | 0.8";"3.2";"44 | 59";"10 | 1";"10 | 10";"11 | 19.6";"12.3 | 7.9";"8.8";"3.9 | 3.3";"3 | 7.3";"2.6 | 2";"1.2 | 2.6";"4.2";"4.5"
"Estonia";"EST";"Esiliiga A";"04-07-2026 09:00";"NS";"FC Tallinn";"";"";"Nõmme United II";"";"";"32 | 10";"31 | 58";"";"44 | 44";"0.8 | 0.8";"54 | 56";"12.3 | 7.1";"";"";"";"20 | 20";"20 | 20";"60 | 60";"27 | 27";"40 | 40";"80 | 80";"80 | 80";"0x2 | 2x1";"27";"0.9 | 1.7";"2.1 | 2.7";"3.7";"41 | 48";"10 | 8";"10 | 10";"11.1 | 12";"13.8 | 17.1";"11.8";"6.3 | 7.5";"4.7 | 5.2";"2.5 | 1.9";"2.3 | 2.6";"4.6";"4.4"
"Estonia";"EST";"Esiliiga B";"04-07-2026 09:00";"NS";"Phoenix";"";"";"Tartu Kalev";"";"";"25 | 14";"88 | 78";"";"53 | 50";"1.6 | 0.8";"55 | 58";"6.1 | 5.7";"9";"44 | 44";"11";"50 | 20";"10 | 20";"40 | 60";"53 | 27";"60 | 40";"90 | 80";"50 | 80";"2x4 | 4x3";"28.3";"2.6 | 2.3";"2.3 | 2.6";"4.9";"50 | 51";"5 | 8";"10 | 10";"15.9 | 13.2";"12.3 | 15.2";"14.5";"6.6 | 8.1";"7.1 | 7.2";"2.2 | 3";"2.1 | 2.3";"4.8";"4.3"
"Estonia";"EST";"Esiliiga B";"04-07-2026 09:00";"NS";"FCI Tallinn";"";"";"Tammeka II";"";"";"38 | 35";"95 | 100";"";"57 | 58";"1.7 | 2";"68 | 69";"6.3 | 6.1";"";"";"";"50 | 60";"20 | 20";"30 | 20";"57 | 67";"70 | 80";"80 | 80";"50 | 40";"0x2 | 2x2";"30.5";"2.8 | 3.2";"1.9 | 2";"5";"57 | 56";"6 | 1";"10 | 10";"17.7 | 19.6";"12.2 | 11.6";"14.4";"5.4 | 5.4";"8.7 | 9.3";"1.8 | 2.3";"2.8 | 3.4";"5.2";"4.3"
"Ethiopia";"ETH";"Premier League";"04-07-2026 10:00";"NS";"Sidama Bunna";"";"";"Mebrat Hayl";"2.02";"3.75";"88 | 66";"34 | 34";"5";"52 | 52";"1.7 | 1";"44 | 52";"9.6 | 5.5";"10";"30 | 30";"40";"50 | 20";"20 | 40";"30 | 40";"57 | 33";"70 | 60";"80 | 60";"50 | 80";"0x1 | 1x1";"15.2";"1 | 1";"0.5 | 1.1";"1.8";"51 | 51";"1 | 4";"10 | 10";"9.6 | 5.5";"7 | 8.2";"5.5";"2.1 | 2.7";"4 | 2.2";"1.7 | 1.6";"3.1 | 2.1";"4.2";"4.7"
"Finland";"FIN";"Veikkausliiga";"04-07-2026 09:00";"NS";"Lahti";"";"";"Gnistan";"2.28";"2.88";"56 | 77";"54 | 61";"5";"54 | 47";"1.2 | 1.9";"49 | 46";"6.8 | 6.2";"8";"12 | 25";"62";"30 | 50";"30 | 40";"40 | 10";"40 | 63";"60 | 90";"70 | 60";"70 | 50";"1x1 | 1x1";"24.3";"1.6 | 1.8";"1.4 | 0.8";"2.8";"54 | 45";"9 | 6";"10 | 10";"13.5 | 13.4";"10.6 | 11.1";"8.7";"3.9 | 3.6";"5.2 | 4.7";"2.7 | 2.5";"2 | 2";"4.6";"3.6"
"Finland";"FIN";"Veikkausliiga";"04-07-2026 11:00";"NS";"SJK";"";"";"TPS";"1.65";"4.61";"49 | 74";"65 | 34";"1";"64 | 47";"1.1 | 1.3";"76 | 50";"8.4 | 8.7";"10";"60 | 30";"10";"30 | 40";"20 | 10";"50 | 50";"37 | 43";"50 | 50";"80 | 90";"70 | 60";"1x2 | 1x0";"27.4";"1.9 | 1";"1.6 | 0.9";"2.7";"59 | 48";"10 | 7";"10 | 10";"18.5 | 10.9";"10.5 | 14.8";"10";"4.4 | 4.8";"6.4 | 4.3";"2.2 | 1.7";"2 | 2.3";"4.1";"3.6"
"Finland";"FIN";"Veikkausliiga";"04-07-2026 11:00";"NS";"Jaro";"";"";"Ilves";"3.22";"2.02";"2 | 42";"41 | 75";"5";"49 | 47";"0.4 | 1.7";"50 | 48";"7.9 | 4.3";"8";"25 | 75";"0";"10 | 50";"10 | 20";"80 | 30";"13 | 57";"20 | 70";"90 | 80";"90 | 50";"0x5 | 2x2";"24.8";"1.2 | 2.2";"3.1 | 1.8";"4.2";"50 | 48";"11 | 8";"10 | 10";"12.9 | 10.9";"14 | 11.8";"10.5";"6.4 | 4.5";"4.6 | 5.5";"1.6 | 1.9";"1.5 | 2";"3.5";"3.6"
"Finland";"FIN";"Veikkausliiga";"04-07-2026 12:00";"NS";"VPS";"";"";"Mariehamn";"1.29";"9.09";"80 | 42";"78 | 20";"3";"52 | 41";"1.9 | 0.5";"53 | 44";"4.5 | 11.7";"10";"50 | 20";"30";"50 | 10";"40 | 20";"10 | 70";"63 | 17";"90 | 30";"60 | 80";"50 | 90";"1x1 | 1x0";"25.6";"2.3 | 0.6";"0.7 | 1.8";"2.7";"51 | 44";"5 | 12";"10 | 10";"12.7 | 8.9";"11.9 | 17.6";"9.5";"2.7 | 7.3";"6.1 | 2.9";"1.7 | 2.2";"1.9 | 1.5";"3.6";"3.6"
"Finland";"FIN";"Ykkösliiga";"04-07-2026 10:00";"NS";"EIF";"";"";"PK-35";"2.91";"2.30";"46 | 80";"58 | 71";"5";"51 | 56";"1.6 | 2";"49 | 58";"4.8 | 4.6";"10";"50 | 30";"20";"50 | 60";"10 | 20";"40 | 20";"53 | 67";"60 | 80";"90 | 80";"50 | 40";"1x0 | 0x1";"18";"1.7 | 2.1";"1.7 | 0.7";"3.1";"50 | 50";"5 | 2";"10 | 10";"8.2 | 11.2";"7.3 | 9.1";"7.4";"4.1 | 3.3";"3.8 | 3.6";"1.9 | 1.8";"2 | 1.5";"3.6";"3.9"
"Finland";"FIN";"Kakkonen";"04-07-2026 08:00";"NS";"Honka";"";"";"MuSa";"";"29.00";"56 | 4";"95 | 37";"";"59 | 31";"2.5 | 0.6";"60 | 34";"5 | 5.5";"";"";"";"80 | 10";"10 | 30";"10 | 60";"83 | 20";"90 | 40";"90 | 70";"20 | 90";"5x1 | 0x0";"23";"2.8 | 1.1";"1.4 | 2.9";"4.1";"56 | 38";"1 | 9";"10 | 10";"13.9 | 6.1";"7.3 | 18.6";"11.2";"3.7 | 8.9";"6.2 | 3.6";"1.8 | 1.9";"2.8 | 1";"3.8";"4.3"
"Finland";"FIN";"Kakkonen";"04-07-2026 08:00";"NS";"JS Hercules";"";"";"Vaajakoski";"";"";"2 | 21";"34 | 61";"";"42 | 50";"0.6 | 1";"48 | 55";"8 | 6.8";"10";"50 | 30";"20";"20 | 30";"0 | 10";"80 | 60";"20 | 33";"20 | 40";"100 | 90";"80 | 70";"1x2 | 2x3";"22.8";"1 | 1.8";"3.4 | 2.4";"4.3";"44 | 49";"10 | 8";"10 | 10";"8 | 12.3";"13.4 | 11.8";"11.2";"8.1 | 4.6";"3.6 | 5.9";"1.9 | 2.3";"1.4 | 1.9";"3.8";"4.3"
"Finland";"FIN";"Kakkonen";"04-07-2026 09:00";"NS";"HIFK";"";"";"MYPA";"";"";"56 | 0";"71 | 34";"";"52 | 42";"1.7 | 0.6";"46 | 47";"4.3 | 8.4";"2";"100 | 0";"0";"50 | 10";"20 | 30";"30 | 60";"57 | 20";"70 | 40";"80 | 70";"50 | 90";"2x1 | 3x1";"21.2";"2.1 | 1";"1.4 | 3";"3.8";"53 | 45";"1 | 8";"10 | 10";"9.1 | 8.4";"9.8 | 15.1";"10";"4.6 | 7.1";"4.1 | 4.2";"2.8 | 2.6";"2.6 | 2.8";"5.4";"4.3"
"Finland";"FIN";"Kakkonen";"04-07-2026 09:00";"NS";"Kraft";"";"";"Jaro II";"";"";"10 | 35";"88 | 100";"";"50 | 54";"1.3 | 2.4";"47 | 60";"3.2 | 5";"";"";"";"40 | 80";"10 | 0";"50 | 20";"43 | 80";"50 | 80";"90 | 100";"60 | 20";"0x1 | 1x2";"25.4";"2.6 | 3.3";"2.7 | 2";"5.3";"48 | 54";"6 | 1";"10 | 10";"8.4 | 16.6";"11.1 | 14.6";"11";"4.4 | 6.6";"3.6 | 7.2";"1.7 | 2.1";"2 | 1.8";"3.8";"4.3"
"Finland";"FIN";"Kakkonen";"04-07-2026 10:00";"NS";"Atlantis";"";"";"PEPO";"2.80";"1.97";"25 | 60";"99 | 48";"2";"52 | 54";"1.4 | 1.8";"57 | 61";"4.6 | 10.9";"5";"40 | 40";"20";"40 | 50";"20 | 30";"40 | 20";"47 | 60";"60 | 80";"80 | 70";"60 | 50";"3x3 | 1x2";"24.9";"2.9 | 1.4";"2.3 | 1.3";"4";"46 | 48";"7 | 2";"10 | 10";"13.3 | 15.2";"8.9 | 12.3";"11";"4.6 | 5";"6.8 | 5.6";"1.3 | 1.8";"1.8 | 2.4";"3.6";"4.3"
"Finland";"FIN";"Kakkonen";"04-07-2026 10:00";"NS";"Union Plaani";"";"";"PuiU Helsinki";"";"";"4 | 21";"34 | 14";"";"44 | 49";"0.2 | 0.3";"53 | 50";"13 | 27.2";"";"";"";"0 | 0";"20 | 30";"80 | 70";"7 | 10";"20 | 30";"80 | 70";"100 | 100";"0x2 | 2x0";"26.2";"1 | 0.4";"2.9 | 2.4";"3.4";"48 | 50";"10 | 9";"10 | 10";"13 | 10.9";"16.8 | 11.8";"11.6";"7.8 | 6.4";"5.1 | 3.9";"1.6 | 2.3";"2 | 2";"4";"4.3"
"Finland";"FIN";"Kakkonen";"04-07-2026 10:00";"NS";"P-Iirot";"";"";"HJS Akatemia";"";"";"42 | 60";"54 | 44";"";"48 | 46";"1.4 | 1.5";"53 | 44";"7.9 | 6";"10";"40 | 40";"20";"40 | 40";"20 | 30";"40 | 30";"47 | 50";"60 | 70";"80 | 70";"60 | 60";"0x2 | 0x0";"21.4";"1.6 | 1.3";"1.8 | 1.3";"3";"50 | 47";"5 | 3";"10 | 10";"12.6 | 7.8";"11.9 | 10.7";"9.6";"6 | 4.3";"4.9 | 3.9";"2.8 | 1.7";"2.4 | 1.6";"4.2";"4.3"
"Finland";"FIN";"Kakkonen";"04-07-2026 11:00";"NS";"HPS";"";"";"Reipas";"2.60";"2.15";"56 | 46";"68 | 75";"5";"42 | 52";"1.7 | 1.6";"41 | 56";"4.4 | 6.3";"";"";"";"50 | 50";"20 | 10";"30 | 40";"57 | 53";"70 | 60";"80 | 90";"50 | 50";"1x2 | 2x1";"23.8";"2 | 2.2";"1.4 | 1.7";"3.6";"45 | 53";"4 | 6";"10 | 10";"8.7 | 13.8";"15.4 | 9.8";"10.6";"5.9 | 4.4";"4.2 | 6.7";"3.3 | 1.7";"1.8 | 2";"4.4";"4.3"
"Finland";"FIN";"Kakkonen";"04-07-2026 11:00";"NS";"TP-47";"";"";"GBK";"1.72";"3.45";"46 | 42";"65 | 71";"1";"43 | 45";"1.6 | 1.5";"49 | 48";"5.2 | 6.5";"10";"20 | 50";"30";"40 | 50";"40 | 0";"20 | 50";"53 | 50";"80 | 50";"60 | 100";"60 | 50";"2x1 | 2x0";"24.8";"1.9 | 2.1";"1.7 | 1.8";"3.8";"45 | 44";"3 | 4";"10 | 10";"9.8 | 13.6";"12.8 | 13.3";"10.6";"5 | 6.2";"4.4 | 5.7";"2.2 | 1.7";"1.4 | 2.4";"3.9";"4.3"
"Finland";"FIN";"Kolmonen - Northern Group";"04-07-2026 11:00";"NS";"HauPa";"";"";"Villan Pojat";"";"";"52 | 38";"100 | 58";"";"67 | 43";"1.5 | 1.3";"104 | 44";"2.4 | 3.8";"5";"80 | 0";"20";"40 | 30";"30 | 40";"30 | 30";"50 | 43";"70 | 70";"70 | 60";"60 | 70";"2x2 | 1x1";"16.6";"3 | 1.7";"1.5 | 1.9";"4";"58 | 48";"3 | 6";"10 | 10";"7.3 | 6.5";"4 | 15.5";"8.5";"2.3 | 8";"3.7 | 3";"0.5 | 3";"1.8 | 0.5";"2.8";"2.4"
"Finland";"FIN";"Kolmonen - Western Group";"04-07-2026 08:00";"NS";"Tampere United II";"";"";"TPV II";"";"";"77 | 63";"65 | 75";"";"56 | 56";"2.5 | 2.2";"58 | 65";"6.9 | 7.4";"2";"100 | 0";"0";"80 | 70";"10 | 10";"10 | 20";"83 | 73";"90 | 80";"90 | 90";"20 | 30";"2x0 | 1x2";"26";"1.9 | 2.2";"0.8 | 1.2";"3";"55 | 51";"2 | 3";"10 | 10";"13.1 | 16.2";"12 | 10.6";"11.3";"3.9 | 5.2";"6 | 7.5";"1.4 | 2.3";"1.6 | 2.3";"3.8";"3.4"
"Finland";"FIN";"Kolmonen - Western Group";"04-07-2026 09:00";"NS";"NoPS";"";"";"Lasten";"";"";"52 | 74";"99 | 100";"";"53 | 62";"2 | 3";"55 | 64";"4 | 3.9";"3";"0 | 100";"0";"60 | 100";"20 | 0";"20 | 0";"67 | 100";"80 | 100";"80 | 100";"40 | 0";"0x0 | 0x4";"25.2";"2.9 | 4.7";"1.5 | 0.9";"5";"53 | 56";"4 | 1";"10 | 10";"11.6 | 18.5";"11.4 | 8.9";"11.4";"5.4 | 3.9";"4.3 | 9.1";"0.9 | 1.6";"1.4 | 3.4";"3.6";"3.4"
"Finland";"FIN";"Kolmonen - Western Group";"04-07-2026 09:00";"NS";"TP-49";"";"";"Loiske";"";"";"2 | 21";"17 | 41";"";"27 | 47";"0.1 | 1.1";"27 | 52";"11.6 | 10.9";"";"";"";"0 | 30";"10 | 20";"90 | 50";"3 | 37";"10 | 50";"90 | 80";"100 | 70";"0x4 | 1x2";"28.2";"0.5 | 1.2";"3.5 | 2.4";"3.8";"39 | 44";"12 | 8";"10 | 10";"5.8 | 13.1";"22 | 15.4";"12.2";"11 | 6.9";"2 | 4.6";"2.2 | 2.8";"2.2 | 1.6";"4.4";"3.4"
"Finland";"FIN";"Kolmonen - Western Group";"04-07-2026 10:00";"NS";"Mariehamn II";"";"";"LTU";"";"";"70 | 52";"92 | 27";"";"47 | 46";"2.4 | 1";"63 | 49";"4.1 | 9.5";"2";"0 | 100";"0";"80 | 30";"0 | 10";"20 | 60";"80 | 33";"80 | 40";"100 | 90";"20 | 70";"2x0 | 1x0";"20.7";"2.7 | 0.8";"1 | 1.5";"3";"53 | 43";"2 | 9";"10 | 10";"11 | 7.6";"10.3 | 12.6";"11.2";"5.3 | 6.2";"6.7 | 4.2";"2 | 1.3";"2 | 1.3";"3.4";"3.4"
"Finland";"FIN";"Kolmonen - Southern Group";"04-07-2026 07:00";"NS";"SibboV";"";"";"JäPS II";"";"";"28 | 52";"92 | 75";"";"51 | 56";"1.9 | 1.7";"59 | 67";"5.4 | 5.5";"";"";"";"60 | 50";"10 | 20";"30 | 30";"63 | 57";"70 | 70";"90 | 80";"40 | 50";"3x1 | 0x0";"23.4";"2.7 | 2.2";"2.2 | 1.5";"4.3";"46 | 47";"2 | 4";"10 | 10";"14.6 | 12.2";"11 | 9";"11.8";"4.8 | 4.8";"8.4 | 5.8";"1.6 | 1.8";"2.6 | 1.9";"3.8";"3.6"
"Finland";"FIN";"Kolmonen - Southern Group";"04-07-2026 07:00";"NS";"RiPS";"";"";"ToTe / Tapio";"";"";"25 | 2";"68 | 34";"";"47 | 39";"1.6 | 0.3";"42 | 39";"4.4 | 6.1";"";"";"";"50 | 0";"10 | 30";"40 | 70";"53 | 10";"60 | 30";"90 | 70";"50 | 100";"0x4 | 2x2";"21.6";"2 | 1";"2.3 | 3.7";"4.5";"53 | 47";"6 | 12";"10 | 10";"8.7 | 6.1";"12.6 | 15.6";"12";"6.4 | 8.6";"5.9 | 3";"2 | 2.4";"2.3 | 2";"4.4";"3.6"
"Finland";"FIN";"Kolmonen - Southern Group";"04-07-2026 10:00";"NS";"Atlantis II";"";"";"Futura";"";"";"52 | 66";"82 | 100";"";"";"1.8 | 2.6";"";"";"6";"50 | 17";"33";"50 | 80";"30 | 20";"20 | 0";"60 | 87";"80 | 100";"70 | 80";"50 | 20";"2x2 | 0x1";"";"2.4 | 4.1";"1.5 | 1.1";"4.6";"";"3 | 1";"10 | 10";"";"";"";"";"";"";"";"";"3.6"
"Faroe Islands";"FRO";"1. Deild";"04-07-2026 11:00";"NS";"TB";"";"";"EB / Streymur II";"";"";"7 | 14";"54 | 20";"";"38 | 34";"0.8 | 0.5";"54 | 48";"4.7 | 12.5";"";"";"";"20 | 10";"20 | 20";"60 | 70";"27 | 17";"40 | 30";"80 | 80";"80 | 90";"1x2 | 0x0";"26";"1.6 | 0.6";"2.8 | 2.6";"3.8";"40 | 41";"8 | 10";"10 | 10";"7.5 | 7.5";"14.5 | 22.5";"10.5";"7 | 8.5";"2 | 3.5";"1.5 | 1.5";"1.5 | 2";"3.2";"4.2"
"Faroe Islands";"FRO";"1. Deild";"04-07-2026 13:30";"NS";"ÍF";"";"";"Víkingur II";"";"";"52 | 56";"61 | 68";"";"46 | 56";"1.4 | 2";"62 | 75";"5.3 | 5.2";"10";"40 | 20";"40";"30 | 60";"50 | 20";"20 | 20";"47 | 67";"80 | 80";"50 | 80";"70 | 40";"1x1 | 0x0";"23.1";"1.8 | 2";"1.5 | 1.4";"3.4";"47 | 42";"4 | 2";"10 | 10";"9.5 | 10.5";"11.7 | 14.5";"10";"5 | 6.5";"4.5 | 4";"2.2 | 2.5";"2 | 3";"4.8";"4.2"
"Faroe Islands";"FRO";"Meistaradeildin";"04-07-2026 10:30";"NS";"B36";"";"";"Víkingur";"2.55";"2.46";"42 | 60";"58 | 65";"5";"52 | 58";"1.5 | 1.7";"58 | 70";"6.3 | 6.6";"10";"30 | 50";"20";"40 | 40";"30 | 50";"30 | 10";"50 | 57";"70 | 90";"70 | 50";"60 | 60";"0x3 | 0x0";"21";"1.7 | 1.9";"1.8 | 1.3";"3.4";"51 | 56";"3 | 4";"10 | 10";"10.7 | 12.6";"9.8 | 9";"9";"4.2 | 3.4";"4.4 | 6";"1.6 | 0.9";"1.7 | 2.4";"3.3";"3.9"
"Faroe Islands";"FRO";"Meistaradeildin";"04-07-2026 13:15";"NS";"AB Argir";"";"";"EB / Streymur";"2.06";"3.12";"46 | 56";"44 | 41";"5";"44 | 40";"1.1 | 1";"48 | 48";"6.6 | 7.8";"10";"30 | 50";"20";"30 | 20";"20 | 40";"50 | 40";"37 | 33";"50 | 60";"80 | 60";"70 | 80";"1x1 | 1x1";"21.7";"1.3 | 1.2";"1.7 | 1.4";"2.8";"45 | 40";"6 | 7";"10 | 10";"8.6 | 9.3";"11.9 | 13.6";"8.6";"4.6 | 5.1";"4 | 3.4";"2.6 | 2.3";"1.5 | 1";"3.7";"3.9"
"Faroe Islands";"FRO";"Meistaradeildin";"04-07-2026 14:30";"NS";"Skála";"";"";"B68";"1.75";"3.92";"46 | 38";"37 | 34";"1";"48 | 44";"1 | 0.6";"56 | 48";"10.6 | 7.2";"10";"20 | 30";"50";"20 | 10";"40 | 30";"40 | 60";"33 | 20";"60 | 40";"60 | 70";"80 | 90";"1x2 | 1x0";"20.9";"1.1 | 1";"1.7 | 1.9";"2.8";"44 | 50";"10 | 9";"10 | 10";"11.7 | 7.2";"12.7 | 10.2";"8.4";"5.6 | 4.6";"3.8 | 2.9";"1.4 | 1.3";"2.2 | 2.2";"3.6";"3.9"
"Germany";"GER";"Reg. Cup Bayern";"04-07-2026 06:00";"NS";"Kirchheimer SC";"";"";"Heimstetten";"";"";"49 | 60";"71 | 58";"";"";"1.5 | 1.6";"";"";"2";"0 | 100";"0";"40 | 40";"30 | 40";"30 | 20";"50 | 53";"70 | 80";"70 | 60";"60 | 60";"2x2 | 0x0";"";"2.1 | 1.7";"1.6 | 1.3";"3.4";"";"";"10 | 10";"";"";"";"";"";"";"";"";""
"Germany";"GER";"Reg. Cup Bayern";"04-07-2026 09:00";"NS";"Buckenhofen";"";"";"Neudrossenfeld";"";"";"49 | 46";"71 | 61";"";"";"1.6 | 1.4";"";"";"2";"50 | 50";"0";"50 | 40";"10 | 20";"40 | 40";"53 | 47";"60 | 60";"90 | 80";"50 | 60";"0x1 | 2x1";"";"2.1 | 1.8";"1.6 | 1.7";"3.6";"";"";"10 | 10";"";"";"";"";"";"";"";"";""
"Germany";"GER";"Reg. Cup Bayern";"04-07-2026 09:45";"NS";"Durach";"";"";"Kottern";"";"";"38 | 49";"20 | 58";"";"";"0.3 | 1.4";"";"";"";"";"";"0 | 40";"30 | 20";"70 | 40";"10 | 47";"30 | 60";"70 | 80";"100 | 60";"0x0 | 4x1";"";"0.6 | 1.7";"1.9 | 1.6";"2.9";"";"";"10 | 10";"";"";"";"";"";"";"";"";""
"Germany";"GER";"Reg. Cup Bayern";"04-07-2026 11:00";"NS";"Lichtenfels";"";"";"Coburg";"";"";"32 | 0";"37 | 51";"";"";"0.9 | 0.6";"";"";"4";"0 | 100";"0";"30 | 20";"0 | 0";"70 | 80";"30 | 20";"30 | 20";"100 | 100";"70 | 80";"1x2 | 2x1";"";"1.1 | 1.5";"2.1 | 3";"3.8";"";"";"10 | 10";"";"";"";"";"";"";"";"";""
"Germany";"GER";"Reg. Cup Bayern";"04-07-2026 11:00";"NS";"Garmisch-Partenkirchen";"";"";"Ismaning";"";"";"46 | 32";"48 | 54";"";"";"1 | 1.3";"";"";"";"";"";"20 | 40";"40 | 10";"40 | 50";"33 | 43";"60 | 50";"60 | 90";"80 | 60";"2x2 | 1x2";"";"1.4 | 1.6";"1.7 | 2.1";"3.4";"";"";"10 | 10";"";"";"";"";"";"";"";"";""
"Germany";"GER";"Reg. Cup Bayern";"04-07-2026 11:00";"NS";"Manching";"";"";"Gundelfingen";"";"";"56 | 77";"58 | 51";"";"";"1.3 | 1.9";"";"";"2";"50 | 50";"0";"30 | 60";"40 | 10";"30 | 30";"43 | 63";"70 | 70";"60 | 90";"70 | 40";"2x2 | 0x1";"";"1.7 | 1.5";"1.4 | 0.8";"2.7";"";"";"10 | 10";"";"";"";"";"";"";"";"";""
"Germany";"GER";"Reg. Cup Bayern";"04-07-2026 11:00";"NS";"Schwabmünchen";"";"";"Pipinsried";"";"";"70 | 70";"78 | 78";"";"";"2.1 | 1.9";"";"";"10";"30 | 40";"30";"60 | 60";"30 | 10";"10 | 30";"70 | 63";"90 | 70";"70 | 90";"40 | 40";"2x2 | 0x0";"";"2.3 | 2.3";"1 | 1";"3.3";"";"";"10 | 10";"";"";"";"";"";"";"";"";""
"Germany";"GER";"Reg. Cup Bayern";"04-07-2026 14:30";"NS";"DJK Bamberg";"";"";"Eintracht Bamberg";"";"";"84 | 66";"85 | 51";"";"";"2.5 | 1.5";"";"";"10";"30 | 60";"10";"80 | 30";"10 | 60";"10 | 10";"83 | 50";"90 | 90";"90 | 40";"20 | 70";"3x0 | 1x1";"";"2.5 | 1.5";"0.6 | 1.1";"2.8";"";"";"10 | 10";"";"";"";"";"";"";"";"";""
"Republic of Ireland";"IRL";"U20 National League";"04-07-2026 07:30";"NS";"St Patrick's U20";"";"";"Bohemians U20";"";"";"49 | 74";"51 | 75";"";"";"1.5 | 2.2";"";"";"4";"0 | 50";"50";"50 | 70";"0 | 10";"50 | 20";"50 | 73";"50 | 80";"100 | 90";"50 | 30";"0x2 | 1x3";"";"1.5 | 2.2";"1.6 | 0.9";"3.1";"";"6 | 3";"10 | 10";"";"";"";"";"";"";"";"";"3.7"
"Republic of Ireland";"IRL";"U20 National League";"04-07-2026 09:00";"NS";"Drogheda United U20";"";"";"Shelbourne U20";"";"";"63 | 60";"71 | 100";"";"47 | 53";"2.1 | 2.2";"42 | 51";"4.8 | 3.3";"4";"25 | 50";"25";"70 | 70";"0 | 10";"30 | 20";"70 | 73";"70 | 80";"100 | 90";"30 | 30";"2x1 | 3x2";"19.7";"2.1 | 3.5";"1.2 | 1.3";"4";"47 | 51";"4 | 5";"10 | 10";"10.1 | 11.4";"8 | 9.9";"9.2";"3.6 | 4.1";"4.7 | 6";"1.7 | 2";"1.3 | 2.1";"3.6";"3.7"
"Republic of Ireland";"IRL";"U20 National League";"04-07-2026 10:00";"NS";"Derry City U20";"";"";"Sligo Rovers U20";"";"";"28 | 63";"65 | 78";"";"51 | 58";"0.9 | 2.2";"40 | 70";"5.3 | 6.8";"2";"0 | 50";"50";"20 | 70";"30 | 10";"50 | 20";"30 | 73";"50 | 80";"70 | 90";"80 | 30";"0x1 | 0x1";"23.5";"1.9 | 2.3";"2.2 | 1.2";"3.8";"47 | 53";"7 | 4";"10 | 10";"10.1 | 15.7";"9.6 | 11.7";"11.6";"5 | 5.6";"5 | 7.7";"1.6 | 1.2";"2 | 1.2";"3";"3.7"
"Republic of Ireland";"IRL";"U20 National League";"04-07-2026 10:00";"NS";"Mayo U20";"";"";"Athlone Town U20";"";"";"2 | 2";"20 | 82";"";"32 | 37";"0 | 1";"37 | 46";"15 | 3.8";"2";"0 | 100";"0";"0 | 30";"0 | 10";"100 | 60";"0 | 33";"0 | 40";"100 | 90";"100 | 70";"0x4 | 6x1";"30.2";"0.6 | 2.4";"4.5 | 3.3";"5.4";"42 | 41";"8 | 6";"10 | 10";"9 | 9";"24 | 18.3";"14.2";"13 | 9.3";"3.3 | 2.7";"1 | 0.7";"1.7 | 0";"1.7";"3.7"
"Republic of Ireland";"IRL";"U20 National League";"04-07-2026 10:00";"NS";"Kerry FC U20";"";"";"Wexford U20";"";"";"28 | 25";"48 | 34";"";"";"0.8 | 1.3";"";"";"4";"50 | 50";"0";"20 | 40";"20 | 10";"60 | 50";"27 | 43";"40 | 50";"80 | 90";"80 | 60";"0x3 | 2x0";"";"1.4 | 1";"2.2 | 2.3";"3.4";"";"5 | 4";"10 | 10";"";"";"";"";"";"";"";"";"3.7"
"Republic of Ireland";"IRL";"U20 National League";"04-07-2026 10:00";"NS";"Cork City U20";"";"";"Shamrock Rovers U20";"";"";"56 | 70";"68 | 100";"";"57 | 62";"1.9 | 2.3";"52 | 54";"6.2 | 2.9";"2";"50 | 50";"0";"60 | 70";"10 | 20";"30 | 10";"63 | 77";"70 | 90";"90 | 80";"40 | 30";"3x2 | 0x1";"20.6";"2 | 3.4";"1.4 | 1";"3.9";"57 | 50";"1 | 7";"10 | 10";"12.4 | 10";"10.2 | 8.5";"10.8";"4.6 | 5.5";"6.4 | 5";"3.6 | 2";"2 | 1";"4.3";"3.7"
"Republic of Ireland";"IRL";"U20 National League";"04-07-2026 10:30";"NS";"Klub Kildare U20";"";"";"Finn Harps U20";"";"";"21 | 38";"34 | 78";"";"47 | 46";"0.3 | 1.7";"47 | 37";"9 | 3.4";"";"";"";"10 | 50";"0 | 20";"90 | 30";"10 | 57";"10 | 70";"100 | 80";"90 | 50";"1x2 | 3x0";"20.4";"1 | 2.3";"2.4 | 1.9";"3.8";"49 | 52";"3 | 5";"10 | 10";"9 | 7.8";"13 | 11";"10.4";"7.3 | 4.8";"5 | 3.7";"2.3 | 2.3";"2 | 2.3";"4.5";"3.7"
"Republic of Ireland";"IRL";"U20 National League";"04-07-2026 12:30";"NS";"Dundalk U20";"";"";"Longford Town U20";"";"";"49 | 2";"82 | 37";"";"53 | 38";"1.6 | 0.7";"49 | 39";"5 | 9.7";"6";"67 | 17";"17";"50 | 20";"10 | 10";"40 | 70";"53 | 23";"60 | 30";"90 | 90";"50 | 80";"0x3 | 2x0";"24.1";"2.4 | 1.1";"1.6 | 3.1";"4.1";"53 | 43";"2 | 1";"10 | 10";"11.9 | 10.7";"8.6 | 17";"12";"4.6 | 8.8";"5.6 | 4.8";"2.3 | 1.7";"1.4 | 1.7";"3.5";"3.7"
"Republic of Ireland";"IRL";"U20 National League";"04-07-2026 12:30";"NS";"Treaty United U20";"";"";"Cobh Ramblers U20";"";"";"38 | 46";"54 | 41";"";"46 | 48";"1 | 1.2";"42 | 44";"8.2 | 11.7";"8";"38 | 25";"38";"30 | 30";"10 | 30";"60 | 40";"33 | 40";"40 | 60";"90 | 70";"70 | 70";"0x3 | 2x0";"26.4";"1.6 | 1.2";"1.9 | 1.7";"3.2";"46 | 50";"7 | 6";"10 | 10";"13.2 | 14";"13 | 12.5";"13.6";"6.5 | 6.5";"7.8 | 6.5";"1.8 | 1.5";"1.8 | 2";"3.5";"3.7"
"Republic of Ireland";"IRL";"U20 National League";"04-07-2026 13:00";"NS";"CK United U20";"";"";"Waterford U20";"";"";"52 | 63";"51 | 54";"";"";"1.7 | 2";"";"";"6";"17 | 67";"17";"50 | 60";"20 | 20";"30 | 20";"57 | 67";"70 | 80";"80 | 80";"50 | 40";"0x0 | 1x2";"";"1.5 | 1.6";"1.5 | 1.2";"2.9";"";"1 | 2";"10 | 10";"";"";"";"";"";"";"";"";"3.7"
"Iceland";"ISL";"Besta deild";"04-07-2026 11:00";"NS";"ÍA";"";"";"Breidablik";"2.33";"2.37";"46 | 25";"48 | 100";"5";"50 | 51";"1.4 | 1.7";"55 | 63";"8.9 | 4";"10";"20 | 70";"10";"40 | 50";"20 | 20";"40 | 30";"47 | 57";"60 | 70";"80 | 80";"60 | 50";"1x0 | 0x3";"31.2";"1.4 | 3";"1.7 | 2.3";"4.2";"51 | 52";"7 | 4";"10 | 10";"15.4 | 15.6";"15.7 | 15.7";"11.1";"5 | 5.6";"5.3 | 6.3";"1.9 | 2.1";"2.2 | 2.1";"4.2";"4.3"
"Iceland";"ISL";"Besta deild";"04-07-2026 13:00";"NS";"ÍBV";"";"";"Valur";"2.12";"2.78";"25 | 25";"65 | 61";"5";"44 | 41";"1.1 | 1.3";"38 | 48";"4.2 | 6.1";"10";"20 | 70";"10";"30 | 40";"20 | 10";"50 | 50";"37 | 43";"50 | 50";"80 | 90";"70 | 60";"0x2 | 2x4";"28.4";"1.9 | 1.8";"2.3 | 2.3";"4.2";"47 | 44";"9 | 5";"10 | 10";"10.3 | 13.6";"12.9 | 20.1";"10.6";"4.6 | 7.1";"4.2 | 5.3";"1.9 | 2.7";"2.2 | 1.6";"4.2";"4.3"
"Iceland";"ISL";"Inkasso-Deildin";"04-07-2026 11:00";"NS";"Grindavík";"";"";"Vestri";"";"";"63 | 42";"31 | 58";"";"45 | 47";"0.9 | 1.6";"48 | 42";"12.6 | 5.4";"10";"50 | 20";"30";"10 | 50";"60 | 10";"30 | 40";"30 | 53";"70 | 60";"40 | 90";"90 | 50";"0x0 | 0x1";"25.2";"0.9 | 1.7";"1.2 | 1.8";"2.8";"46 | 52";"10 | 4";"10 | 10";"11.3 | 9.2";"15.9 | 13.9";"11.4";"6.1 | 6.6";"5.3 | 4.9";"1.8 | 1.9";"1.4 | 1.4";"3.2";"3.9"
"Iceland";"ISL";"Inkasso-Deildin";"04-07-2026 13:00";"NS";"Leiknir Reykjavík";"";"";"Völsungur";"1.62";"4.30";"66 | 25";"44 | 41";"1";"46 | 39";"1.7 | 0.6";"46 | 37";"5.3 | 6.8";"5";"80 | 0";"20";"50 | 10";"20 | 30";"30 | 60";"57 | 20";"70 | 40";"80 | 70";"50 | 90";"0x3 | 1x0";"20.8";"1.3 | 1.2";"1.1 | 2.3";"3";"51 | 46";"6 | 12";"10 | 10";"6.9 | 8.2";"12.4 | 14";"9.8";"5.6 | 7.7";"2.4 | 3.8";"2.4 | 2.1";"2.5 | 1.6";"4.3";"3.9"
"Iceland";"ISL";"2. Deild";"04-07-2026 11:00";"NS";"Fjölnir";"";"";"Kormákur / Hvöt";"1.53";"4.20";"32 | 60";"85 | 85";"1";"51 | 52";"1.4 | 1.5";"53 | 46";"5.2 | 4.9";"";"";"";"40 | 40";"20 | 30";"40 | 30";"47 | 50";"60 | 70";"80 | 70";"60 | 60";"2x3 | 2x2";"23.2";"2.5 | 2.5";"2.1 | 1.3";"4.2";"53 | 50";"6 | 5";"10 | 10";"13 | 12.2";"10.3 | 10.8";"11.5";"4.9 | 5.4";"5.7 | 7";"2.7 | 3.1";"1.9 | 1.8";"4.8";"5.2"
"Iceland";"ISL";"2. Deild";"04-07-2026 11:00";"NS";"KFA";"";"";"Víkingur Ólafsvík";"";"";"28 | 35";"82 | 54";"";"57 | 52";"1 | 1.4";"50 | 48";"4.2 | 6.4";"8";"25 | 38";"38";"30 | 40";"10 | 20";"60 | 40";"33 | 47";"40 | 60";"90 | 80";"70 | 60";"2x3 | 1x2";"19.8";"2.4 | 1.6";"2.2 | 2";"4.1";"50 | 49";"10 | 7";"10 | 10";"10.2 | 10.3";"7.5 | 11.4";"9.4";"3.8 | 4.9";"6.1 | 4.1";"2.7 | 2.1";"3 | 1.6";"4.7";"5.2"
"Iceland";"ISL";"2. Deild";"04-07-2026 13:00";"NS";"Magni";"";"";"Thróttur Vogar";"";"";"0 | 38";"41 | 41";"";"46 | 50";"0.8 | 1";"45 | 48";"6.3 | 10.1";"2";"0 | 50";"50";"20 | 30";"20 | 10";"60 | 60";"27 | 33";"40 | 40";"80 | 90";"80 | 70";"1x1 | 3x1";"21.4";"1.2 | 1.2";"3 | 1.9";"3.6";"49 | 51";"12 | 11";"10 | 10";"7.6 | 12.1";"11.2 | 11.8";"10.9";"6.2 | 5.7";"3.7 | 6.1";"2.9 | 2.2";"2.1 | 2.7";"5";"5.2"
"Iceland";"ISL";"3. Deild";"04-07-2026 11:00";"NS";"Árbær";"";"";"Höttur";"";"";"14 | 56";"54 | 44";"";"40 | 54";"0.8 | 1.1";"45 | 45";"6 | 9.2";"";"";"";"20 | 20";"20 | 50";"60 | 30";"27 | 37";"40 | 70";"80 | 50";"80 | 80";"1x3 | 2x1";"25.7";"1.6 | 1.3";"2.6 | 1.4";"3.4";"43 | 52";"12 | 8";"10 | 10";"9.6 | 12";"17.5 | 12.3";"10.7";"6.1 | 7.7";"3 | 4.7";"2.5 | 2.3";"1.8 | 2";"4.2";"4.2"
"Iceland";"ISL";"3. Deild";"04-07-2026 13:00";"NS";"KH Hlidarendi";"";"";"KF";"";"";"60 | 52";"100 | 51";"";"48 | 53";"2.1 | 1.3";"52 | 49";"4.3 | 9.2";"2";"0 | 100";"0";"60 | 30";"30 | 40";"10 | 30";"70 | 43";"90 | 70";"70 | 60";"40 | 70";"2x2 | 1x3";"23.6";"3.1 | 1.5";"1.3 | 1.5";"3.7";"53 | 51";"3 | 6";"10 | 10";"13.3 | 13.8";"10.3 | 9.7";"10.7";"4.1 | 4.7";"6.7 | 5.8";"1.4 | 2.3";"2.6 | 1.5";"3.9";"4.2"
"Iceland";"ISL";"3. Deild";"04-07-2026 13:00";"NS";"Vídir";"";"";"Tindastóll";"";"";"56 | 60";"85 | 85";"";"61 | 54";"2.2 | 2.2";"49 | 47";"5.9 | 3.8";"10";"50 | 10";"40";"70 | 70";"10 | 10";"20 | 20";"73 | 73";"80 | 80";"90 | 90";"30 | 30";"2x1 | 1x2";"19";"2.5 | 2.5";"1.4 | 1.3";"3.8";"51 | 54";"2 | 1";"10 | 10";"14.8 | 9.6";"5.8 | 7.9";"9.4";"2.5 | 3.7";"7.8 | 4.9";"2 | 1";"1.7 | 1.8";"3.2";"4.2"
"Iceland";"ISL";"3. Deild";"04-07-2026 13:00";"NS";"Sindri";"";"";"Augnablik";"";"";"7 | 18";"51 | 78";"";"45 | 47";"0.8 | 1.1";"38 | 46";"4.4 | 5";"10";"40 | 40";"20";"20 | 30";"20 | 20";"60 | 50";"27 | 37";"40 | 50";"80 | 80";"80 | 70";"0x4 | 3x1";"21.7";"1.5 | 2.3";"2.8 | 2.5";"4.6";"51 | 53";"11 | 9";"10 | 10";"6.6 | 11.4";"10.6 | 14.8";"11";"5.6 | 7.6";"2.6 | 6.3";"1.6 | 2.4";"1 | 2";"3.5";"4.2"
"Japan";"JPN";"Regional Leagues: Kyushu";"04-07-2026 05:00";"NS";"Miyakonojo";"";"";"Kawasoe Club";"";"";"21 | 52";"51 | 31";"";"40 | 48";"1 | 0.9";"37 | 44";"4.5 | 11.6";"";"";"";"30 | 20";"10 | 30";"60 | 50";"33 | 30";"40 | 50";"90 | 70";"70 | 80";"1x2 | 1x0";"22.1";"1.5 | 0.9";"2.4 | 1.5";"3.2";"47 | 42";"5 | 6";"10 | 10";"6.7 | 10.4";"18.1 | 8.9";"9.3";"8.1 | 3.9";"2.7 | 3.9";"1.4 | 1.3";"1 | 1.3";"2.5";"2"
"Japan";"JPN";"Regional Leagues: Kyushu";"04-07-2026 22:00";"NS";"Atletico Celeste";"";"";"Nippon Steel Oita";"";"";"25 | 25";"27 | 27";"";"37 | 41";"0.8 | 0.4";"35 | 36";"6.6 | 8.2";"";"";"";"20 | 0";"20 | 40";"60 | 60";"27 | 13";"40 | 40";"80 | 60";"80 | 100";"0x4 | 1x1";"21.8";"0.8 | 0.8";"2.3 | 2.3";"3.1";"41 | 40";"8 | 10";"10 | 10";"5.3 | 6.6";"19 | 12.9";"8.1";"7.8 | 4.6";"2 | 1.9";"0 | 1.3";"0.5 | 1.3";"1.6";"2"
"Japan";"JPN";"Regional Leagues: Kyushu";"04-07-2026 22:00";"NS";"Brew Saga";"";"";"Nobeoka";"";"";"42 | 52";"41 | 82";"";"52 | 62";"1.1 | 2.4";"53 | 57";"14.2 | 8";"3";"33 | 67";"0";"30 | 80";"20 | 0";"50 | 20";"37 | 80";"50 | 80";"80 | 100";"70 | 20";"1x0 | 2x3";"28.7";"1.2 | 2.4";"1.8 | 1.5";"3.4";"51 | 62";"7 | 3";"10 | 10";"17 | 19.2";"13.2 | 8";"9.6";"4 | 3.2";"6 | 6";"1.3 | 0.5";"0.7 | 2";"2.2";"2"
"Japan";"JPN";"Regional Leagues: Kyushu";"04-07-2026 22:00";"NS";"Heavy Industries";"";"";"KMG Holdings";"";"";"56 | 84";"27 | 85";"";"52 | 61";"1.2 | 2.4";"48 | 53";"13.2 | 5.4";"3";"33 | 0";"67";"30 | 80";"30 | 0";"40 | 20";"40 | 80";"60 | 80";"70 | 100";"70 | 20";"1x1 | 0x1";"20";"0.8 | 2.5";"1.4 | 0.6";"2.7";"53 | 56";"4 | 2";"10 | 10";"10.6 | 13.5";"9.4 | 6.6";"6.8";"3.6 | 1.8";"3 | 5.4";"2 | 1.5";"0.6 | 1.2";"2.7";"2"
"Japan";"JPN";"Regional Leagues: Chugoku";"04-07-2026 04:00";"NS";"Beluga Rosso Hamada";"";"";"Mizushima";"";"";"74 | 56";"88 | 85";"";"";"2.5 | 1.9";"";"6.8 | 3.7";"9";"33 | 22";"44";"80 | 60";"10 | 10";"10 | 30";"83 | 63";"90 | 70";"90 | 90";"20 | 40";"3x1 | 1x3";"22.6";"2.6 | 2.5";"0.9 | 1.4";"3.7";"59 | 47";"1 | 2";"10 | 10";"17.7 | 9.3";"6.7 | 11.6";"10.2";"2.3 | 4.9";"9 | 4.1";"1 | 1.6";"2.7 | 0.7";"3";""
"Japan";"JPN";"Regional Leagues: Chugoku";"04-07-2026 06:00";"NS";"Hatsukaichi";"";"";"ENEOS Mizushima";"";"";"49 | 7";"27 | 24";"";"";"0.6 | 0.7";"";"12.5 | 11";"3";"67 | 33";"0";"10 | 20";"30 | 10";"60 | 70";"20 | 23";"40 | 30";"70 | 90";"90 | 80";"0x1 | 3x1";"22.4";"0.8 | 0.7";"1.6 | 2.8";"3";"42 | 41";"1 | 2";"10 | 10";"10 | 7.7";"13.5 | 13.8";"9.4";"6.5 | 6.3";"3 | 3.1";"1 | 1.1";"0.5 | 1.2";"1.9";""
"Japan";"JPN";"Regional Leagues: Chugoku";"04-07-2026 06:00";"NS";"Fukuyama City";"";"";"SRC Hiroshima";"";"";"80 | 49";"100 | 68";"";"";"2.8 | 1.7";"";"5.3 | 6.4";"9";"67 | 11";"22";"90 | 50";"10 | 20";"0 | 30";"93 | 57";"100 | 70";"90 | 80";"10 | 50";"3x0 | 0x1";"22.8";"3.2 | 2";"0.7 | 1.6";"3.8";"64 | 50";"1 | 2";"10 | 10";"17 | 12.7";"5.8 | 10";"11.4";"3 | 5.3";"8.2 | 6.2";"1 | 1.2";"1.5 | 1";"2.4";""
"Japan";"JPN";"Regional Leagues: Kanto";"04-07-2026 03:00";"NS";"Tokyo 23";"";"";"Toin Yokohama UFC";"";"";"70 | 42";"31 | 51";"";"";"1 | 1.2";"";"";"6";"50 | 50";"0";"10 | 30";"70 | 30";"20 | 40";"33 | 40";"80 | 60";"30 | 70";"90 | 70";"1x1 | 2x3";"";"0.9 | 1.5";"1 | 1.8";"2.6";"";"6 | 7";"10 | 10";"";"";"";"";"";"";"";"";"0"
"Japan";"JPN";"Regional Leagues: Kansai";"04-07-2026 02:00";"NS";"Velago Ikoma";"";"";"Asuka FC";"";"";"52 | 52";"58 | 44";"";"";"1.5 | 1.1";"";"7.6 | 8.6";"";"";"";"40 | 20";"30 | 50";"30 | 30";"50 | 37";"70 | 70";"70 | 50";"60 | 80";"1x0 | 1x1";"22.7";"1.7 | 1.3";"1.5 | 1.5";"3";"51 | 50";"5 | 6";"10 | 10";"13 | 11.2";"10.2 | 11";"9.1";"3.2 | 5.1";"5.4 | 4.5";"1.6 | 1.6";"1.6 | 1.5";"3.2";""
"Japan";"JPN";"Regional Leagues: Kansai";"04-07-2026 06:30";"NS";"Arterivo Wakayama";"";"";"Moriyama Samurai";"";"";"88 | 35";"68 | 20";"";"";"2 | 0.3";"";"5.1 | 12.3";"9";"67 | 22";"11";"50 | 0";"50 | 30";"0 | 70";"67 | 10";"100 | 30";"50 | 70";"50 | 100";"1x1 | 1x0";"21.9";"2 | 0.6";"0.5 | 2";"2.6";"51 | 44";"3 | 8";"10 | 10";"10.2 | 7.4";"15 | 11.2";"8.8";"6.5 | 4.4";"3.5 | 3.2";"1.8 | 1";"1.5 | 1";"2.6";""
"Japan";"JPN";"Regional Leagues: Kansai";"04-07-2026 06:30";"NS";"Cento Cuore Harima";"";"";"Ococias Kyoto";"";"";"80 | 56";"65 | 44";"";"";"1.9 | 1.3";"";"8.1 | 9.8";"5";"20 | 20";"60";"50 | 30";"40 | 40";"10 | 30";"63 | 43";"90 | 70";"60 | 60";"50 | 70";"0x0 | 1x1";"22.8";"1.9 | 1.3";"0.7 | 1.4";"2.7";"56 | 46";"1 | 4";"10 | 10";"15.4 | 12.7";"8.2 | 9.3";"9.6";"3 | 3.7";"7.4 | 5";"1 | 1.7";"2.2 | 2.7";"3.8";""
"Japan";"JPN";"Regional Leagues: Kansai";"04-07-2026 22:30";"NS";"Basara Hyogo";"";"";"Laranja Kyoto";"";"";"77 | 2";"92 | 20";"";"";"2.1 | 0.4";"";"5.8 | 11";"3";"100 | 0";"0";"60 | 10";"30 | 10";"10 | 80";"70 | 13";"90 | 20";"70 | 90";"40 | 90";"0x0 | 5x0";"24";"2.7 | 0.6";"0.8 | 3.6";"3.8";"58 | 44";"2 | 7";"10 | 10";"15.7 | 6.6";"10.3 | 15.4";"9.6";"3 | 7.4";"6.7 | 2.2";"1.3 | 1.8";"0.7 | 1";"2.4";""
"Kazakhstan";"KAZ";"Premier League";"04-07-2026 09:00";"NS";"Altay";"";"";"Tobol";"3.10";"2.11";"52 | 63";"34 | 41";"5";"43 | 53";"0.8 | 1.4";"40 | 52";"12.4 | 11.8";"";"";"";"10 | 40";"50 | 20";"40 | 40";"27 | 47";"60 | 60";"50 | 80";"90 | 60";"1x1 | 1x1";"26.1";"1 | 1.2";"1.5 | 1.2";"2.4";"44 | 54";"16 | 13";"10 | 10";"12.4 | 14.1";"14.2 | 11.5";"12";"7.3 | 5.3";"6.3 | 5.1";"2.7 | 2.1";"2.4 | 2.7";"4.9";"4.7"
"Kazakhstan";"KAZ";"Premier League";"04-07-2026 10:00";"NS";"Kyzyl-Zhar";"";"";"Yelimay Semey";"3.14";"2.10";"35 | 49";"24 | 48";"5";"38 | 59";"0.4 | 1.1";"33 | 56";"9.9 | 10.1";"7";"0 | 57";"43";"10 | 30";"10 | 20";"80 | 50";"13 | 37";"20 | 50";"90 | 80";"90 | 70";"0x2 | 2x1";"23.9";"0.7 | 1.4";"2 | 1.6";"2.8";"45 | 54";"12 | 4";"10 | 10";"7.8 | 16";"13.9 | 10.1";"10";"6 | 5";"3.3 | 5.6";"3.1 | 2.3";"1.9 | 2.4";"4.8";"4.7"
"South Korea";"KOR";"Korean Cup";"04-07-2026 04:00";"NS";"Jincheon HR";"";"";"Siheung Citizen";"";"";"74 | 77";"58 | 48";"";"56 | 54";"1.8 | 2.2";"51 | 51";"7.2 | 6.4";"";"";"";"50 | 60";"30 | 40";"20 | 0";"60 | 73";"80 | 100";"70 | 60";"50 | 40";"1x0 | 1x1";"19";"1.7 | 1.4";"0.9 | 0.8";"2.4";"54 | 58";"";"10 | 10";"12.3 | 9";"7.4 | 9.4";"8.2";"4 | 3.2";"5.8 | 3.3";"1.5 | 2";"2.3 | 1.6";"3.7";"2"
"South Korea";"KOR";"Korean Cup";"04-07-2026 06:00";"NS";"Pocheon";"";"";"Daejeon Korail";"";"";"74 | 100";"71 | 68";"";"57 | 50";"2.3 | 2.5";"51 | 46";"6 | 4.9";"9";"44 | 56";"0";"70 | 80";"20 | 10";"10 | 10";"77 | 83";"90 | 90";"80 | 90";"30 | 20";"1x0 | 0x1";"17.8";"2.1 | 2";"0.9 | 0.4";"2.7";"51 | 46";"";"10 | 10";"12.7 | 9.8";"6.7 | 6.4";"7.2";"2.7 | 1.8";"5.4 | 4.7";"2.3 | 1.8";"2.3 | 1.8";"4.1";"2"
"South Korea";"KOR";"Korean Cup";"04-07-2026 06:00";"NS";"Changwon City";"";"";"Geumsan Insam";"";"";"74 | 63";"41 | 68";"";"53 | 53";"1.6 | 1.6";"46 | 45";"8 | 5.7";"";"";"";"40 | 40";"40 | 40";"20 | 20";"53 | 53";"80 | 80";"60 | 60";"60 | 60";"1x1 | 1x1";"20";"1.2 | 2";"0.9 | 1.2";"2.7";"50 | 58";"";"10 | 10";"9.6 | 11.4";"8.2 | 10.8";"8.9";"4 | 4.6";"3.8 | 5.4";"1.9 | 1.8";"1.4 | 2";"3.6";"2"
"South Korea";"KOR";"Korean Cup";"04-07-2026 07:00";"NS";"Gangneung City";"";"";"Jecheon Citizen";"";"";"42 | 66";"37 | 44";"";"46 | 50";"1.3 | 1.8";"41 | 45";"7 | 7.4";"";"";"";"40 | 50";"10 | 30";"50 | 20";"43 | 60";"50 | 80";"90 | 70";"60 | 50";"2x0 | 2x3";"17.9";"1.1 | 1.3";"1.8 | 1.1";"2.6";"47 | 49";"";"10 | 10";"7.7 | 9.6";"9.6 | 9";"9";"4.7 | 4.7";"4.2 | 4.3";"1.6 | 1.9";"1.3 | 2";"3.4";"2"
"South Korea";"KOR";"Korean Cup";"04-07-2026 07:00";"NS";"Together";"";"";"Pyeongchang United";"";"";"70 | 56";"75 | 48";"";"";"1.3 | 1.6";"";"3.9 | 7.7";"";"";"";"33 | 50";"33 | 10";"33 | 40";"44 | 53";"67 | 60";"67 | 90";"67 | 50";"0x0 | 1x0";"17.1";"2.2 | 1.4";"1 | 1.4";"3";"";"";"6 | 10";"8.5 | 10.8";"4.5 | 10.4";"7.4";"3.5 | 4.2";"3 | 4.2";"2 | 2.1";"1 | 1.2";"3.2";"2"
"South Korea";"KOR";"Korean Cup";"04-07-2026 07:00";"NS";"Haman";"";"";"Dangjin Citizen";"";"";"46 | 56";"41 | 58";"";"37 | 53";"1.1 | 1.4";"36 | 49";"7.3 | 5.2";"";"";"";"30 | 40";"20 | 20";"50 | 40";"37 | 47";"50 | 60";"80 | 80";"70 | 60";"1x3 | 2x1";"20.5";"1.2 | 1.7";"1.7 | 1.4";"3";"39 | 54";"";"10 | 10";"8.8 | 8.8";"15.7 | 7.7";"8.4";"5.7 | 4";"3.4 | 3.7";"2.1 | 1.6";"1.6 | 2.1";"3.7";"2"
"South Korea";"KOR";"Korean Cup";"04-07-2026 07:00";"NS";"Ulsan FC";"";"";"Yangpyeong";"";"";"";"";"";"";"";"";"";"";"";"";"";"";"";"";"";"";"";" | ";"";"";"";"";"";"";"";"";"";"";"";"";"";"";"";""
"South Korea";"KOR";"Korean Cup";"04-07-2026 07:00";"NS";"Jinju Citizen";"";"";"Sejong SA";"";"";"70 | 52";"78 | 48";"";"61 | 50";"2.5 | 1.4";"46 | 43";"3 | 6.7";"4";"75 | 0";"25";"80 | 40";"10 | 20";"10 | 40";"83 | 47";"90 | 60";"90 | 80";"20 | 60";"1x0 | 1x0";"15.4";"2.3 | 1.4";"1 | 1.5";"3.1";"53 | 53";"";"10 | 10";"7 | 9.4";"3.2 | 11.2";"8.1";"1.9 | 5.1";"4.7 | 4.6";"1.7 | 1.6";"2.2 | 2";"3.8";"2"
"South Korea";"KOR";"Korean Cup";"04-07-2026 07:00";"NS";"Mokpo City";"";"";"Anseong Citizens";"";"";"";"";"";"";"";"";"";"";"";"";"";"";"";"";"";"";"";" | ";"";"";"";"";"";"";"";"";"";"";"";"";"";"";"";""
"South Korea";"KOR";"Korean Cup";"04-07-2026 07:00";"NS";"Ulsan Citize";"";"";"Chuncheon";"";"";"60 | 46";"27 | 65";"";"46 | 54";"0.6 | 1";"38 | 46";"7.4 | 5.9";"7";"43 | 29";"29";"10 | 20";"30 | 40";"60 | 40";"20 | 33";"40 | 60";"70 | 60";"90 | 80";"0x1 | 1x0";"18.3";"0.8 | 1.9";"1.3 | 1.7";"2.8";"48 | 48";"";"10 | 10";"5.9 | 11.2";"10.6 | 8.9";"7.6";"3.8 | 4.2";"2.6 | 4.6";"1.8 | 1.8";"1.5 | 2.2";"3.6";"2"
"South Korea";"KOR";"K League 2";"04-07-2026 07:30";"NS";"Suwon Bluewings";"";"";"Seongnam";"1.87";"3.95";"66 | 70";"41 | 31";"1";"60 | 58";"1.7 | 1.1";"55 | 62";"6.3 | 12.6";"10";"70 | 10";"20";"50 | 20";"20 | 50";"30 | 30";"57 | 37";"70 | 70";"80 | 50";"50 | 80";"1x0 | 1x1";"16.2";"1.2 | 0.9";"1.1 | 1";"2.1";"60 | 58";"2 | 10";"10 | 10";"7.6 | 11.3";"4.9 | 8.5";"6";"1.9 | 3.4";"2.6 | 4";"1.6 | 2";"3 | 2.9";"4.8";"4.2"
"South Korea";"KOR";"K League 2";"04-07-2026 07:30";"NS";"Paju Citizen";"";"";"Yongin City";"2.64";"2.44";"52 | 56";"31 | 48";"5";"48 | 47";"0.8 | 1.1";"46 | 45";"8.1 | 4.7";"";"";"";"20 | 20";"20 | 50";"60 | 30";"27 | 37";"40 | 70";"80 | 50";"80 | 80";"0x0 | 2x2";"15.8";"0.9 | 1.4";"1.5 | 1.4";"2.6";"47 | 46";"12 | 13";"10 | 10";"7.3 | 6.6";"9 | 8.8";"7";"4.2 | 4.4";"2.5 | 2.9";"2.6 | 2.8";"2.3 | 1.9";"4.8";"4.2"
"South Korea";"KOR";"K League 2";"04-07-2026 07:30";"NS";"Ansan Greeners";"";"";"Suwon";"5.08";"1.51";"42 | 49";"24 | 51";"2";"40 | 49";"0.7 | 1.1";"42 | 49";"8.3 | 6.6";"10";"30 | 70";"0";"20 | 20";"10 | 50";"70 | 30";"23 | 37";"30 | 70";"90 | 50";"80 | 80";"0x2 | 1x1";"17.6";"0.7 | 1.5";"1.8 | 1.6";"2.8";"44 | 49";"15 | 7";"10 | 10";"5.8 | 9.9";"10 | 9.6";"7.2";"4.1 | 4.4";"2.6 | 3.3";"1.3 | 1.9";"2.1 | 2.7";"4";"4.2"
"South Korea";"KOR";"K League 2";"04-07-2026 07:30";"NS";"Cheongju";"";"";"Daegu";"4.32";"1.70";"63 | 63";"37 | 61";"2";"52 | 55";"1 | 1.6";"52 | 58";"6.5 | 5.7";"2";"0 | 50";"50";"10 | 40";"70 | 40";"20 | 20";"33 | 53";"80 | 80";"30 | 60";"90 | 60";"0x0 | 0x0";"15.2";"1.1 | 1.8";"1.2 | 1.2";"2.6";"52 | 54";"14 | 4";"10 | 10";"7.1 | 10.2";"7 | 6.1";"5.8";"2.3 | 2.7";"2.1 | 4.4";"1.5 | 1.7";"2.6 | 2.1";"4";"4.2"
"Lithuania";"LTU";"A Lyga";"04-07-2026 10:00";"NS";"Panevėžys";"";"";"Hegelmann Litauen";"2.36";"2.69";"38 | 46";"44 | 41";"5";"47 | 47";"1 | 1";"40 | 42";"6.6 | 6.8";"10";"20 | 60";"20";"30 | 20";"10 | 40";"60 | 40";"33 | 33";"40 | 60";"90 | 60";"70 | 80";"1x2 | 1x1";"19.8";"1.3 | 1.2";"1.9 | 1.7";"3";"51 | 40";"7 | 8";"10 | 10";"8.6 | 8.2";"11.5 | 11.3";"7.8";"4.9 | 3.7";"3.4 | 3.5";"2.3 | 2.2";"2.9 | 2.1";"4.8";"4.1"
"Latvia";"LVA";"Virsliga";"04-07-2026 10:00";"NS";"FC Daugavpils";"";"";"Liepāja";"2.64";"2.23";"70 | 38";"27 | 44";"5";"46 | 51";"1 | 1.3";"50 | 51";"11.5 | 6.9";"10";"20 | 50";"30";"20 | 40";"40 | 10";"40 | 50";"33 | 43";"60 | 50";"60 | 90";"80 | 60";"1x1 | 1x2";"27.3";"0.8 | 1.3";"1 | 1.9";"2.5";"47 | 50";"6 | 4";"10 | 10";"13.4 | 13.6";"14.1 | 13.5";"9.4";"4.9 | 5.2";"4.4 | 4.3";"1 | 2.3";"1.1 | 1.9";"3.2";"4.4"
"Latvia";"LVA";"Virsliga";"04-07-2026 12:00";"NS";"Rīgas FS";"";"";"Auda";"1.42";"5.94";"88 | 60";"100 | 37";"1";"65 | 57";"2.7 | 1.4";"72 | 57";"4.3 | 8.9";"10";"60 | 30";"10";"90 | 40";"0 | 20";"10 | 40";"90 | 47";"90 | 60";"100 | 80";"10 | 60";"3x1 | 0x2";"24.4";"3 | 1.1";"0.5 | 1.3";"3";"64 | 59";"2 | 3";"10 | 10";"17.3 | 14.1";"7.6 | 9.7";"9.3";"2.9 | 4.4";"6.9 | 4.4";"1.5 | 3.1";"2.2 | 2.8";"4.8";"4.4"
"Latvia";"LVA";"First Liga";"04-07-2026 07:00";"NS";"Riga FC II";"";"";"Tukums II";"";"";"38 | 14";"54 | 51";"";"42 | 51";"1.3 | 0.8";"48 | 59";"4.7 | 8.1";"8";"88 | 12";"0";"40 | 20";"10 | 20";"50 | 60";"43 | 27";"50 | 40";"90 | 80";"60 | 80";"0x2 | 3x1";"22.1";"1.6 | 1.5";"1.9 | 2.6";"3.8";"49 | 48";"9 | 11";"10 | 10";"7.6 | 12.2";"12.5 | 11.9";"10.6";"5.1 | 6.8";"3.9 | 5.3";"2.6 | 1.2";"2.1 | 1.1";"3.5";"4.4"
"Latvia";"LVA";"First Liga";"04-07-2026 08:00";"NS";"JDFS Alberts";"";"";"Beitar / Riga Mariners";"";"";"60 | 77";"88 | 95";"";"55 | 57";"2 | 2.4";"64 | 69";"5.7 | 4.8";"3";"33 | 67";"0";"60 | 70";"20 | 30";"20 | 0";"67 | 80";"80 | 100";"80 | 70";"40 | 30";"0x0 | 2x2";"23.6";"2.6 | 2.8";"1.3 | 0.8";"3.8";"53 | 51";"5 | 3";"10 | 10";"14.8 | 13.5";"9 | 9.9";"11";"4.2 | 4.6";"7.1 | 6";"2.4 | 2.5";"1.8 | 3";"4.8";"4.4"
"Latvia";"LVA";"First Liga";"04-07-2026 10:00";"NS";"Mārupe";"";"";"Smiltene";"";"";"46 | 14";"54 | 37";"";"52 | 36";"1.3 | 0.5";"57 | 42";"6 | 6.9";"6";"50 | 17";"33";"40 | 10";"10 | 20";"50 | 70";"43 | 17";"50 | 30";"90 | 80";"60 | 90";"1x2 | 2x0";"22.4";"1.6 | 1.1";"1.7 | 2.6";"3.5";"49 | 42";"7 | 13";"10 | 10";"9.6 | 7.6";"9.6 | 18.1";"9.9";"4.1 | 8";"4.9 | 2.8";"2.4 | 2.3";"1.7 | 2.4";"4.4";"4.4"
"Latvia";"LVA";"First Liga";"04-07-2026 11:00";"NS";"Rēzekne / BJSS";"";"";"JFK Ventspils";"";"";"2 | 42";"34 | 41";"";"30 | 56";"0.4 | 0.8";"33 | 63";"3.9 | 7.1";"6";"0 | 50";"50";"10 | 20";"10 | 20";"80 | 60";"13 | 27";"20 | 40";"90 | 80";"90 | 80";"0x1 | 3x1";"16.8";"1 | 1.2";"3.1 | 1.8";"3.6";"41 | 47";"14 | 12";"10 | 10";"3.9 | 8.5";"13.3 | 7.9";"8.9";"7.9 | 4.1";"2.6 | 3.2";"1.6 | 2.4";"1 | 2.5";"3.8";"4.4"
"Latvia";"LVA";"First Liga";"04-07-2026 13:00";"NS";"Metta / LU";"";"";"Skanste";"";"";"74 | 42";"100 | 61";"";"76 | 46";"2.5 | 1.3";"110 | 58";"5 | 6.8";"3";"100 | 0";"0";"80 | 40";"10 | 10";"10 | 50";"83 | 43";"90 | 50";"90 | 90";"20 | 60";"5x0 | 2x0";"25.5";"4.2 | 1.8";"0.9 | 1.8";"4.4";"68 | 49";"1 | 8";"10 | 10";"20.8 | 12.2";"3.7 | 14.4";"11.2";"1.2 | 6.5";"9.3 | 5.2";"0.9 | 1.1";"1.3 | 2";"2.7";"4.4"
"Macau";"MAC";"Primeira Division";"04-07-2026 08:00";"NS";"Jia Hua";"";"";"Gorila do Universo";"";"";"60 | 2";"100 | 85";"";"58 | 38";"2.5 | 1.1";"54 | 39";"4 | 4.2";"";"";"";"80 | 30";"10 | 20";"10 | 50";"83 | 37";"90 | 50";"90 | 80";"20 | 70";"5x0 | 4x4";"26.2";"3.4 | 2.5";"1.3 | 5.1";"6.2";"58 | 44";"3 | 7";"10 | 10";"13.5 | 10.4";"11.9 | 16.7";"11.5";"4 | 7.8";"5.7 | 5.5";"2 | 1.4";"1.8 | 2.1";"3.6";"3.9"
"Macau";"MAC";"Primeira Division";"04-07-2026 10:00";"NS";"CPK";"";"";"Benfica de Macau";"";"";"100 | 49";"100 | 85";"";"74 | 54";"2.5 | 1.7";"90 | 52";"4.3 | 5.8";"10";"60 | 30";"10";"80 | 50";"10 | 20";"10 | 30";"83 | 57";"90 | 70";"90 | 80";"20 | 50";"0x0 | 0x4";"24.8";"4.5 | 2.5";"0.4 | 1.6";"4.5";"64 | 52";"2 | 6";"10 | 10";"19.3 | 14.5";"6 | 9.8";"10";"2.2 | 3.9";"8.1 | 5.8";"1.9 | 2.1";"1.3 | 2";"3.6";"3.9"
"Moldova";"MDA";"Super Liga";"04-07-2026 12:00";"NS";"FC Politehnica";"";"";"Sheriff";"";"";"60 | 100";"61 | 48";"";"50 | 59";"2 | 2.2";"59 | 70";"4.1 | 7.5";"3";"0 | 100";"0";"60 | 70";"20 | 10";"20 | 20";"67 | 73";"80 | 80";"80 | 90";"40 | 30";"2x0 | 0x2";"15.2";"1.8 | 1.4";"1.3 | 0.4";"2.4";"51 | 54";"8 | 2";"10 | 10";"7.3 | 10.5";"7.3 | 5.2";"6.2";"2.2 | 1.6";"3.8 | 4.9";"1.6 | 2.1";"1.3 | 2.9";"4";""
"Moldova";"MDA";"Super Liga";"04-07-2026 14:00";"NS";"Petrocub";"";"";"Milsami";"";"";"84 | 56";"58 | 14";"";"48 | 46";"2.3 | 0.6";"52 | 52";"3.6 | 14.8";"10";"70 | 20";"10";"70 | 10";"20 | 30";"10 | 60";"77 | 20";"90 | 40";"80 | 70";"30 | 90";"3x0 | 0x0";"14.2";"1.7 | 0.4";"0.6 | 1.4";"2";"48 | 49";"3 | 5";"10 | 10";"6.1 | 5.9";"9.3 | 7.2";"6.2";"3.8 | 3.3";"2.7 | 2.6";"2.5 | 2.3";"2.1 | 1.7";"4.3";""
"Mongolia";"MNG";"Premier League";"04-07-2026 05:00";"NS";"Khoromkhon Club";"";"";"Khovd Western";"";"";"2 | 49";"54 | 48";"";"46 | 40";"0.3 | 1.2";"52 | 46";"7.8 | 7.4";"2";"0 | 100";"0";"10 | 30";"0 | 30";"90 | 40";"10 | 40";"10 | 60";"100 | 70";"90 | 70";"2x5 | 0x0";"26.8";"1.6 | 1.4";"5.4 | 1.6";"5";"47 | 42";"8 | 6";"10 | 10";"12.4 | 10.3";"14.8 | 16.3";"12.8";"8 | 7.1";"5.6 | 4.8";"1.3 | 2.1";"1.5 | 2.3";"3.6";"3.5"
"Mongolia";"MNG";"Premier League";"04-07-2026 08:00";"NS";"Ulaangom City";"";"";"Hunters";"";"";"2 | 56";"85 | 100";"";"48 | 48";"1.1 | 2.2";"54 | 59";"4.2 | 3.2";"2";"0 | 100";"0";"30 | 70";"20 | 10";"50 | 20";"37 | 73";"50 | 80";"80 | 90";"70 | 30";"0x0 | 0x2";"26";"2.5 | 4.5";"4.1 | 1.4";"6.2";"50 | 46";"9 | 5";"10 | 10";"10.4 | 14.4";"10.9 | 16.2";"12.2";"5.6 | 6.6";"5.2 | 7.1";"1.8 | 1.7";"2 | 1.1";"3.3";"3.5"
"Nicaragua";"NCA";"Copa Nicaragua";"04-07-2026 18:00";"NS";"Xilotepelt";"";"";"Real Estelí";"";"";"10 | 66";"24 | 54";"";"";"0.6 | 1.6";"";"";"4";"0 | 100";"0";"10 | 40";"30 | 40";"60 | 20";"20 | 53";"40 | 80";"70 | 60";"90 | 60";"1x2 | 1x1";"";"0.7 | 1.6";"2.7 | 1.1";"3";"";"";"10 | 10";"";"";"";"";"";"";"";"";"4.4"
"Nicaragua";"NCA";"Copa Nicaragua";"04-07-2026 21:00";"NS";"Diriangén";"";"";"H&H Export";"";"";"63 | 52";"65 | 61";"";"53 | 41";"2 | 1.3";"46 | 42";"4.9 | 4.4";"10";"50 | 30";"20";"60 | 40";"20 | 10";"20 | 50";"67 | 43";"80 | 50";"80 | 90";"40 | 60";"1x0 | 2x0";"19";"1.9 | 1.8";"1.2 | 1.5";"3.2";"53 | 48";"";"10 | 10";"9.6 | 8";"12.4 | 8.1";"8.5";"5.8 | 3.4";"4.9 | 3";"2.9 | 2.2";"3.1 | 2.1";"5.2";"4.4"
"Nicaragua";"NCA";"Copa Nicaragua";"04-07-2026 22:00";"NS";"Matagalpa";"";"";"Jalapa";"";"";"49 | 70";"58 | 75";"";"46 | 58";"1.1 | 2.1";"52 | 67";"6.9 | 4.8";"10";"50 | 30";"20";"30 | 60";"20 | 30";"50 | 10";"37 | 70";"50 | 90";"80 | 70";"70 | 40";"4x2 | 1x1";"20.5";"1.7 | 2.2";"1.6 | 1";"3.2";"48 | 55";"";"10 | 10";"11.8 | 10.6";"13.3 | 5.1";"9.4";"5.8 | 2";"6 | 5.1";"2.6 | 1.2";"2.3 | 3.7";"4.9";"4.4"
"Norway";"NOR";"1. Division";"04-07-2026 09:00";"NS";"Egersund";"";"";"Moss";"1.98";"3.08";"18 | 18";"48 | 61";"1";"50 | 49";"0.7 | 1.1";"51 | 51";"7 | 6.5";"8";"50 | 38";"12";"20 | 30";"10 | 20";"70 | 50";"23 | 37";"30 | 50";"90 | 80";"80 | 70";"1x3 | 3x2";"23.4";"1.4 | 1.8";"2.5 | 2.5";"4.1";"51 | 50";"10 | 9";"10 | 10";"9.8 | 11.7";"12.7 | 12.6";"10.4";"5.5 | 6.4";"3.7 | 5.2";"1.6 | 1.9";"1.5 | 1.7";"3.4";"3.4"
"Norway";"NOR";"1. Division";"04-07-2026 11:00";"NS";"Hødd";"";"";"Strømsgodset";"5.72";"1.41";"63 | 60";"54 | 100";"2";"45 | 57";"1.5 | 2.2";"45 | 62";"6.7 | 5.7";"2";"0 | 50";"50";"40 | 60";"30 | 40";"30 | 0";"50 | 73";"70 | 100";"70 | 60";"60 | 40";"0x0 | 1x1";"26.3";"1.6 | 3.1";"1.2 | 1.3";"3.6";"50 | 54";"8 | 1";"10 | 10";"10.7 | 17.7";"13.9 | 10.3";"11.4";"5.3 | 4.1";"4.7 | 8.6";"1.8 | 1";"2.4 | 1.6";"3.4";"3.4"
"Norway";"NOR";"1. Division";"04-07-2026 13:00";"NS";"Bryne";"";"";"Sandnes Ulf";"1.92";"3.39";"52 | 56";"54 | 58";"1";"52 | 50";"1.6 | 1.6";"55 | 46";"7.2 | 7.1";"10";"20 | 70";"10";"50 | 50";"10 | 10";"40 | 40";"53 | 53";"60 | 60";"90 | 90";"50 | 50";"1x0 | 0x2";"21.2";"1.6 | 1.7";"1.5 | 1.4";"3.1";"50 | 47";"11 | 7";"10 | 10";"11.5 | 12";"9.8 | 9.2";"8.4";"3.3 | 3.8";"4.9 | 4.9";"2.4 | 1.9";"1.6 | 1.9";"3.9";"3.4"
"New Zealand";"NZL";"National League";"04-07-2026 04:00";"NS";"Auckland II";"";"";"Bay Olympic";"2.00";"2.96";"56 | 7";"61 | 24";"5";"50 | 44";"1.8 | 0.6";"50 | 41";"6.3 | 11.4";"2";"50 | 0";"50";"60 | 20";"0 | 0";"40 | 80";"60 | 20";"60 | 20";"100 | 100";"40 | 80";"2x0 | 3x0";"23.5";"1.8 | 0.7";"1.4 | 2.8";"3.4";"49 | 44";"1 | 2";"10 | 10";"11.3 | 8";"12.8 | 14.8";"12.2";"5.9 | 8.8";"6.3 | 3.4";"1.7 | 2.6";"2.6 | 1.1";"4";"3.1"
"New Zealand";"NZL";"Chatham Cup";"04-07-2026 00:00";"NS";"South City Royals";"";"";"Cashmere Technical";"";"";"28 | 80";"51 | 100";"";"38 | 59";"1.2 | 2.8";"40 | 53";"1.1 | 1.9";"10";"10 | 80";"10";"40 | 90";"0 | 10";"60 | 0";"40 | 93";"40 | 100";"100 | 90";"60 | 10";"0x2 | 0x6";"11.2";"1.5 | 5.2";"2.2 | 0.7";"4.8";"47 | 50";"";"10 | 10";"1.7 | 10.1";"5.8 | 4.7";"7.1";"3.7 | 2.9";"1.2 | 6.6";"1.8 | 0.9";"0.7 | 1.9";"2.6";"3.1"
"New Zealand";"NZL";"Chatham Cup";"04-07-2026 00:00";"NS";"Melville United";"";"";"Hibiscus Coast";"";"";"32 | 74";"34 | 100";"";"";"0.7 | 2.6";"";"";"";"";"";"20 | 80";"10 | 20";"70 | 0";"23 | 87";"30 | 100";"90 | 80";"80 | 20";"0x4 | 0x4";"";"1 | 3.4";"2.1 | 0.9";"3.7";"";"";"10 | 10";"";"";"";"";"";"";"";"";"3.1"
"New Zealand";"NZL";"Chatham Cup";"04-07-2026 00:45";"NS";"Island Bay United";"";"";"Miramar";"";"";"35 | 74";"65 | 92";"";"45 | 58";"1.3 | 2.7";"47 | 59";"6.2 | 5.4";"7";"0 | 100";"0";"40 | 90";"10 | 0";"50 | 10";"43 | 90";"50 | 90";"90 | 100";"60 | 10";"0x1 | 1x2";"26.3";"1.9 | 2.7";"2 | 0.9";"3.8";"48 | 54";"";"10 | 10";"11.7 | 14.7";"15.2 | 11";"13.5";"7.6 | 5.8";"6.4 | 7.2";"1.8 | 1.7";"0.9 | 1.4";"2.9";"3.1"
"New Zealand";"NZL";"Chatham Cup";"04-07-2026 03:00";"NS";"Fencibles United";"";"";"South Auckland Rangers";"";"";"70 | 32";"100 | 92";"";"";"2.2 | 2.1";"";"";"";"";"";"70 | 70";"10 | 0";"20 | 30";"73 | 70";"80 | 70";"90 | 100";"30 | 30";"2x1 | 0x3";"";"3 | 2.7";"1 | 2.1";"4.4";"";"";"10 | 10";"";"";"";"";"";"";"";"";"3.1"
"Paraguay";"PAR";"Campeonato Femenino";"04-07-2026 16:30";"NS";"Sportivo San Lorenzo";"";"";"Nacional / Humaitá W";"";"";"10 | 28";"75 | 58";"";"50 | 44";"1.2 | 1.3";"50 | 48";"5.4 | 5.5";"";"";"";"40 | 40";"0 | 10";"60 | 50";"40 | 43";"40 | 50";"100 | 90";"60 | 60";"0x3 | 0x1";"22.2";"2.2 | 1.7";"2.7 | 2.2";"4.4";"49 | 49";"7 | 5";"10 | 10";"11.8 | 9.3";"9.1 | 14.2";"10.5";"4.8 | 5.4";"5.6 | 5.1";"1.9 | 2";"2.7 | 1.9";"4.2";"3.9"
"Paraguay";"PAR";"Campeonato Femenino";"04-07-2026 18:30";"NS";"Guaraní W";"";"";"Olimpia W";"";"";"80 | 100";"75 | 100";"";"62 | 67";"2.6 | 2";"63 | 75";"5 | 4.3";"10";"0 | 100";"0";"80 | 60";"20 | 20";"0 | 20";"87 | 67";"100 | 80";"80 | 80";"20 | 40";"1x0 | 0x7";"19";"2.2 | 3.8";"0.7 | 0.3";"3.5";"56 | 60";"2 | 4";"10 | 10";"11.1 | 16.4";"5 | 5.5";"7.8";"2 | 2.4";"3.9 | 7.2";"2.3 | 1.6";"1.3 | 1.2";"3.2";"3.9"
"Paraguay";"PAR";"Campeonato Femenino";"04-07-2026 20:30";"NS";"Club Libertad W";"";"";"Cerro Porteño W";"";"";"88 | 80";"100 | 100";"";"73 | 64";"2.6 | 2";"80 | 67";"3.1 | 4.8";"10";"70 | 10";"20";"80 | 60";"20 | 20";"0 | 20";"87 | 67";"100 | 80";"80 | 80";"20 | 40";"3x0 | 0x0";"20.4";"5 | 3.1";"0.5 | 0.7";"4.6";"68 | 62";"1 | 3";"10 | 10";"15.4 | 15";"3.1 | 7.4";"9.7";"1 | 3.6";"6.9 | 7.9";"1.3 | 1.3";"1.9 | 1.6";"3";"3.9"
"Russia";"RUS";"FNL 2 - Group 1";"04-07-2026 10:30";"NS";"Pobeda";"";"";"Rostov II";"";"";"74 | 74";"78 | 78";"";"60 | 64";"1.9 | 2.5";"81 | 69";"3.9 | 4.4";"6";"50 | 50";"0";"60 | 80";"10 | 10";"30 | 10";"63 | 83";"70 | 90";"90 | 90";"40 | 20";"0x1 | 1x2";"16.1";"2.3 | 2.3";"0.9 | 0.9";"3.2";"56 | 60";"7 | 2";"10 | 10";"9 | 10.1";"7.1 | 6";"6.3";"1.6 | 2.4";"3 | 5.6";"1.8 | 1.8";"1.4 | 2.3";"3.6";"3.8"
"Russia";"RUS";"FNL 2 - Group 1";"04-07-2026 11:00";"NS";"Nart Cherkessk";"";"";"Kyzyltash";"";"";"74 | 46";"41 | 65";"";"50 | 67";"1.5 | 1.6";"53 | 73";"3.4 | 5";"";"";"";"40 | 50";"30 | 10";"30 | 40";"50 | 53";"70 | 60";"70 | 90";"60 | 50";"1x1 | 2x1";"12.4";"1.2 | 1.9";"0.9 | 1.7";"2.8";"53 | 60";"6 | 4";"10 | 10";"4.1 | 9.5";"4.3 | 7";"4.2";"1.4 | 2.5";"1.3 | 3.2";"1.2 | 2";"1.2 | 1.9";"3.2";"3.8"
"Russia";"RUS";"FNL 2 - Group 1";"04-07-2026 11:00";"NS";"Spartak Nal'chik";"";"";"Sevastopol";"";"";"84 | 88";"37 | 41";"";"66 | 78";"1.3 | 2.1";"98 | 120";"7 | 5.3";"6";"0 | 50";"50";"30 | 60";"40 | 30";"30 | 10";"43 | 70";"70 | 90";"60 | 70";"70 | 40";"0x1 | 0x0";"11.6";"1.1 | 1.2";"0.6 | 0.5";"1.7";"55 | 67";"8 | 1";"10 | 10";"7.7 | 6.4";"6 | 3.2";"2.9";"2 | 0.6";"2 | 1.2";"2.2 | 1.2";"1.3 | 2.1";"3.5";"3.8"
"Russia";"RUS";"FNL 2 - Group 1";"04-07-2026 11:00";"NS";"Neftyanik Ufa";"";"";"Chayka II";"";"";"18 | 4";"34 | 24";"";"45 | 34";"1.2 | 0.3";"52 | 26";"6.7 | 7.3";"";"";"";"40 | 10";"0 | 0";"60 | 90";"40 | 10";"40 | 10";"100 | 100";"60 | 90";"0x3 | 3x0";"15.2";"1 | 0.7";"2.5 | 2.9";"3.6";"44 | 38";"12 | 16";"10 | 10";"6.7 | 5.1";"9.6 | 8.9";"5.7";"4.4 | 3.1";"2.6 | 1.3";"1.9 | 1.7";"2.1 | 0.6";"3.1";"3.8"
"Russia";"RUS";"FNL 2 - Group 1";"04-07-2026 11:30";"NS";"Astrakhan";"";"";"Zarya Lugansk";"";"";"60 | 49";"51 | 37";"";"46 | 42";"1.4 | 1";"52 | 69";"3.6 | 8.7";"";"";"";"40 | 30";"20 | 10";"40 | 60";"47 | 33";"60 | 40";"80 | 90";"60 | 70";"0x0 | 2x1";"15.8";"1.5 | 1.1";"1.3 | 1.6";"2.8";"49 | 47";"11 | 14";"10 | 10";"5.4 | 9.6";"8.7 | 7.8";"5";"4 | 1.8";"2 | 2.2";"1.8 | 1.8";"2.3 | 1.4";"3.6";"3.8"
"Russia";"RUS";"FNL 2 - Group 1";"04-07-2026 12:00";"NS";"Druzhba";"";"";"Rubin Yalta";"";"";"84 | 66";"51 | 48";"";"25 | 44";"2 | 1.4";"23 | 49";"4.7 | 5";"7";"86 | 14";"0";"60 | 40";"20 | 20";"20 | 40";"67 | 47";"80 | 60";"80 | 80";"40 | 60";"1x0 | 0x1";"13.3";"1.5 | 1.4";"0.6 | 1.1";"2.3";"34 | 50";"5 | 9";"10 | 10";"7 | 7";"7 | 5.6";"3.6";"0.8 | 1.5";"2 | 2.9";"0.8 | 1.6";"1.4 | 2.2";"3";"3.8"
"Russia";"RUS";"FNL 2 - Group 2";"04-07-2026 07:00";"NS";"Iskra Smolensk";"";"";"Tver";"";"";"35 | 49";"31 | 31";"";"30 | 38";"0.9 | 0.7";"25 | 35";"5.3 | 7.1";"";"";"";"20 | 20";"30 | 10";"50 | 70";"30 | 23";"50 | 30";"70 | 90";"80 | 80";"1x1 | 2x1";"14";"0.9 | 0.9";"2 | 1.6";"2.7";"37 | 44";"15 | 12";"10 | 10";"4.8 | 6.4";"8.5 | 8.3";"4.2";"2.6 | 2.6";"1.3 | 1.9";"1.3 | 2.1";"1.5 | 1.9";"3.4";"3.9"
"Russia";"RUS";"FNL 2 - Group 2";"04-07-2026 08:00";"NS";"Zvezda Sint Petersburg";"";"";"FK Dinamo St. Petersburg";"";"";"56 | 100";"37 | 61";"";"59 | 66";"1.3 | 2.5";"96 | 58";"6 | 4.2";"8";"38 | 25";"38";"30 | 80";"40 | 10";"30 | 10";"43 | 83";"70 | 90";"60 | 90";"70 | 20";"1x1 | 0x1";"13.4";"1.1 | 1.8";"1.4 | 0.4";"2.4";"57 | 59";"9 | 1";"10 | 10";"6.6 | 7.6";"7.4 | 5.2";"4.8";"3.1 | 1.6";"1.7 | 3.1";"0.7 | 2.2";"1.3 | 2.6";"3.4";"3.9"
"Russia";"RUS";"FNL 2 - Group 2";"04-07-2026 21:00";"NS";"Irkutsk";"";"";"Chertanovo";"";"";"42 | 84";"31 | 71";"";"44 | 50";"1 | 2.3";"40 | 37";"7.7 | 3.7";"4";"75 | 0";"25";"30 | 70";"10 | 20";"60 | 10";"33 | 77";"40 | 90";"90 | 80";"70 | 30";"2x1 | 1x3";"15";"0.9 | 2.1";"1.8 | 0.6";"2.7";"47 | 48";"13 | 3";"10 | 10";"6.9 | 7.7";"8.6 | 6.8";"5.1";"3.2 | 1.6";"2.2 | 3.1";"1.9 | 2.2";"1.6 | 2.2";"4";"3.9"
"Russia";"RUS";"FNL 2 - Group 3";"04-07-2026 07:00";"NS";"Avangard Kursk";"";"";"Spartak Tambov";"";"";"63 | 84";"65 | 58";"";"55 | 73";"1.8 | 2.5";"45 | 81";"4.3 | 4.7";"";"";"";"50 | 80";"30 | 10";"20 | 10";"60 | 83";"80 | 90";"70 | 90";"50 | 20";"0x0 | 0x1";"13.6";"1.9 | 1.7";"1.2 | 0.6";"2.7";"53 | 61";"5 | 2";"10 | 10";"8.2 | 8";"6.9 | 4.2";"4.4";"2.2 | 1";"3 | 2.6";"2.8 | 2.4";"2.1 | 1.9";"4.6";"4"
"Russia";"RUS";"FNL 2 - Group 3";"04-07-2026 09:00";"NS";"Volna Kovernino";"";"";"Shumbrat";"";"";"100 | 70";"71 | 71";"";"48 | 42";"2.7 | 2.4";"46 | 46";"2.5 | 3.8";"";"";"";"90 | 80";"0 | 0";"10 | 20";"90 | 80";"90 | 80";"100 | 100";"10 | 20";"2x0 | 0x2";"13.4";"2.1 | 2.1";"0.3 | 1";"2.8";"49 | 49";"1 | 3";"10 | 10";"5.3 | 7.9";"6.1 | 7.6";"4.2";"1.4 | 2.1";"2.4 | 2.3";"3.1 | 1.1";"2.1 | 1.5";"3.9";"4"
"Russia";"RUS";"FNL 2 - Group 3";"04-07-2026 09:00";"NS";"Ryazan";"";"";"SKA-Energiya II";"";"";"74 | 42";"34 | 68";"";"57 | 37";"1.1 | 1.4";"48 | 27";"6.5 | 3.2";"7";"57 | 14";"29";"20 | 40";"50 | 20";"30 | 40";"37 | 47";"70 | 60";"50 | 80";"80 | 60";"1x1 | 0x0";"13.6";"1 | 2";"0.9 | 1.8";"2.8";"54 | 45";"7 | 11";"10 | 10";"6.5 | 6.5";"5.9 | 8.3";"4.5";"1.4 | 3.3";"1.9 | 2.5";"1.4 | 1.8";"2.4 | 2";"3.8";"4"
"Russia";"RUS";"FNL 2 - Group 3";"04-07-2026 09:00";"NS";"Kvant";"";"";"Arsenal Tula II";"";"";"4 | 21";"24 | 48";"";"34 | 49";"0.1 | 0.9";"32 | 38";"7.6 | 5.1";"9";"22 | 44";"33";"0 | 20";"10 | 30";"90 | 50";"3 | 30";"10 | 50";"90 | 70";"100 | 80";"1x3 | 1x1";"15";"0.7 | 1.4";"2.9 | 2.4";"3.7";"40 | 47";"16 | 14";"10 | 10";"5.3 | 7.1";"10 | 7.4";"4.9";"3.1 | 3.1";"1 | 2.6";"1.7 | 1.9";"1.9 | 2";"3.8";"4"
"Russia";"RUS";"FNL 2 - Group 3";"04-07-2026 11:00";"NS";"Rodina Moskva III";"";"";"Saturn Ramenskoye";"";"";"56 | 60";"68 | 37";"";"48 | 57";"1.1 | 1.5";"33 | 73";"3.2 | 9.2";"2";"0 | 100";"0";"30 | 40";"20 | 30";"50 | 30";"37 | 50";"50 | 70";"80 | 70";"70 | 60";"0x1 | 0x0";"14.2";"2 | 1.1";"1.4 | 1.3";"2.9";"48 | 56";"10 | 8";"10 | 10";"6.3 | 10.1";"5.8 | 6.2";"5.7";"1.8 | 3.1";"3 | 3.5";"1.8 | 2.7";"3 | 2.8";"5.2";"4"
"Russia";"RUS";"FNL 2 - Group 3";"04-07-2026 12:00";"NS";"Rotor-2";"";"";"Strogino";"";"";"49 | 46";"24 | 44";"";"43 | 35";"0.7 | 0.8";"45 | 35";"7.1 | 4.8";"6";"33 | 67";"0";"20 | 20";"10 | 20";"70 | 60";"23 | 27";"30 | 40";"90 | 80";"80 | 80";"0x1 | 1x0";"13.6";"0.7 | 1.3";"1.6 | 1.7";"2.6";"41 | 42";"13 | 15";"10 | 10";"5 | 6.2";"7.7 | 8.2";"4";"2.6 | 2.3";"1.3 | 1.7";"1.8 | 2";"1.3 | 1.5";"3.3";"4"
"Russia";"RUS";"FNL 2 - Group 3";"04-07-2026 12:00";"NS";"Orel";"";"";"Metallurg Lipetsk";"";"";"46 | 60";"41 | 78";"";"50 | 57";"1.2 | 2";"49 | 54";"7.2 | 3.6";"4";"25 | 50";"25";"30 | 60";"30 | 20";"40 | 20";"40 | 67";"60 | 80";"70 | 80";"70 | 40";"1x1 | 1x0";"15.8";"1.2 | 2.3";"1.7 | 1.3";"3.2";"53 | 54";"9 | 4";"10 | 10";"8.6 | 8.3";"7.7 | 7";"5.8";"2.9 | 2.4";"2.8 | 3.6";"2.7 | 1.9";"2.4 | 2.5";"4.8";"4"
"Sierra Leone";"SLE";"Premier League";"04-07-2026 13:30";"POSTPONED";"Freetown City";"";"";"Ports Authority";"";"";"56 | 66";"27 | 31";"";"41 | 57";"0.8 | 1.3";"38 | 25";"8.6 | 6.7";"10";"10 | 50";"40";"20 | 40";"20 | 10";"60 | 50";"27 | 43";"40 | 50";"80 | 90";"80 | 60";"1x2 | 1x0";"13.4";"0.8 | 0.9";"1.4 | 1.1";"2.1";"47 | 50";"";"10 | 10";"6.9 | 6";"9.6 | 4.5";"4.8";"3.6 | 1.2";"2.7 | 2";"1.7 | 1.2";"1.3 | 1.4";"2.8";"2.4"
"Sierra Leone";"SLE";"Premier League";"04-07-2026 13:30";"POSTPONED";"Wilberforce Strikers";"";"";"Luawa";"";"";"100 | 66";"20 | 14";"";"52 | 56";"1.5 | 1";"47 | 41";"11.3 | 18.2";"5";"40 | 20";"40";"30 | 30";"60 | 10";"10 | 60";"50 | 33";"90 | 40";"40 | 90";"70 | 70";"0x0 | 0x1";"15.1";"0.6 | 0.4";"0.4 | 1.1";"1.2";"53 | 51";"";"10 | 10";"6.8 | 7.3";"9.5 | 6.7";"5.1";"3.2 | 3.1";"2.2 | 1.6";"1.9 | 1.6";"0.9 | 1.2";"2.8";"2.4"
"Sierra Leone";"SLE";"Premier League";"04-07-2026 13:30";"POSTPONED";"Star Sport Academy";"";"";"Wusum Stars";"";"";"77 | 70";"41 | 27";"";"48 | 42";"1.6 | 1.1";"27 | 41";"8.6 | 9.6";"3";"33 | 33";"33";"40 | 30";"40 | 20";"20 | 50";"53 | 37";"80 | 50";"60 | 80";"60 | 70";"0x0 | 1x0";"17.6";"1.2 | 0.8";"0.8 | 1";"1.9";"48 | 47";"";"10 | 10";"10.3 | 7.7";"7.7 | 9.6";"6.4";"2 | 3.9";"3.3 | 3.6";"0.6 | 1.4";"1.6 | 0.9";"2.2";"2.4"
"Sierra Leone";"SLE";"Premier League";"04-07-2026 13:30";"POSTPONED";"Old Edwardians";"";"";"SLIFA Mount Aureol";"";"";"77 | 70";"44 | 48";"";"39 | 51";"1.5 | 1.5";"28 | 48";"5.2 | 6.6";"9";"33 | 22";"44";"30 | 40";"60 | 30";"10 | 30";"50 | 50";"90 | 70";"40 | 70";"70 | 60";"1x1 | 0x2";"18.5";"1.3 | 1.4";"0.8 | 1";"2.2";"50 | 51";"";"10 | 10";"6.8 | 9.3";"9.3 | 11.6";"7";"2.2 | 4.6";"3.3 | 3.9";"1 | 0.8";"1.1 | 1.6";"2.2";"2.4"
"Sierra Leone";"SLE";"Premier League";"04-07-2026 13:30";"POSTPONED";"Bai Bureh Warriors";"";"";"Diamond Stars";"";"";"88 | 77";"41 | 31";"";"51 | 53";"1.9 | 1.5";"41 | 42";"8.8 | 11.7";"9";"56 | 22";"22";"50 | 40";"40 | 30";"10 | 30";"63 | 50";"90 | 70";"60 | 70";"50 | 60";"1x0 | 0x1";"16.4";"1.2 | 0.9";"0.5 | 0.8";"1.7";"52 | 53";"";"10 | 10";"10.6 | 10.5";"6.6 | 5";"6.6";"2.4 | 2";"4.2 | 4.5";"0.9 | 1.5";"1 | 1.7";"2.6";"2.4"
"Sierra Leone";"SLE";"Premier League";"04-07-2026 13:30";"POSTPONED";"East End Lions";"";"";"Bullom Stars";"";"";"66 | 56";"61 | 44";"";"49 | 50";"1.6 | 1.3";"47 | 35";"5.7 | 6.1";"7";"57 | 0";"43";"40 | 40";"40 | 10";"20 | 50";"53 | 43";"80 | 50";"60 | 90";"60 | 60";"0x0 | 2x1";"18.2";"1.8 | 1.3";"1.1 | 1.4";"2.8";"50 | 49";"";"10 | 10";"10.3 | 7.9";"9.6 | 8.7";"7.4";"3.7 | 3.1";"4.7 | 3.3";"1.6 | 1.1";"1 | 1.2";"2.4";"2.4"
"Sierra Leone";"SLE";"Premier League";"04-07-2026 13:30";"POSTPONED";"Bhantal";"";"";"Kamboi Eagles";"";"";"66 | 80";"14 | 37";"";"58 | 52";"0.4 | 2";"45 | 42";"16.8 | 5";"3";"100 | 0";"0";"0 | 60";"40 | 20";"60 | 20";"13 | 67";"40 | 80";"60 | 80";"100 | 40";"0x0 | 0x1";"12.5";"0.4 | 1.1";"1.1 | 0.7";"1.6";"48 | 51";"";"10 | 10";"6.7 | 5.5";"4.6 | 8.2";"4.5";"2.6 | 2.2";"2.1 | 2.2";"1.8 | 1.1";"1.5 | 1.9";"3.1";"2.4"
"Sierra Leone";"SLE";"Premier League";"04-07-2026 13:30";"POSTPONED";"Bo Rangers";"";"";"Mighty Blackpool";"";"";"100 | 60";"41 | 24";"";"66 | 56";"2.1 | 0.9";"46 | 50";"14.2 | 16.3";"10";"50 | 0";"50";"60 | 20";"30 | 30";"10 | 50";"70 | 30";"90 | 50";"70 | 70";"40 | 80";"0x0 | 1x0";"23";"1.2 | 0.7";"0.4 | 1.3";"1.8";"53 | 51";"";"10 | 10";"17 | 11.4";"8.3 | 9.2";"8.2";"2.7 | 4.6";"5.7 | 3.4";"0.7 | 1.6";"1 | 2";"2.6";"2.4"
"Sierra Leone";"SLE";"Premier League";"04-07-2026 13:30";"POSTPONED";"Kallon";"";"";"Abacha City";"";"";"49 | 66";"10 | 31";"";"37 | 44";"0.5 | 1.2";"35 | 35";"31 | 11.7";"3";"67 | 33";"0";"10 | 30";"20 | 30";"70 | 40";"17 | 40";"30 | 60";"80 | 70";"90 | 70";"0x3 | 1x0";"20.8";"0.3 | 0.9";"1.6 | 1.1";"2";"44 | 47";"";"10 | 10";"9.3 | 10.5";"13.7 | 8";"9.2";"6.3 | 3.5";"3.3 | 5.2";"1.1 | 0.8";"0.9 | 1.1";"2";"2.4"
"United States";"USA";"USL Championship";"04-07-2026 17:00";"NS";"Indy Eleven";"";"";"Charleston Battery";"2.67";"2.30";"70 | 77";"44 | 95";"5";"50 | 57";"1.5 | 2.3";"52 | 52";"7.8 | 3.7";"10";"30 | 60";"10";"40 | 70";"30 | 20";"30 | 10";"50 | 77";"70 | 90";"70 | 80";"60 | 30";"0x1 | 0x4";"24.6";"1.3 | 2.8";"1 | 0.8";"3";"46 | 56";"10 | 2";"10 | 10";"13.5 | 13.1";"13 | 9.7";"9.3";"3.9 | 3.4";"5.2 | 6.1";"1.8 | 2.1";"2.8 | 3";"4.8";"4.6"
"United States";"USA";"USL Championship";"04-07-2026 19:00";"NS";"Tampa Bay Rowdies";"";"";"Lexington";"1.56";"4.92";"88 | 60";"61 | 58";"1";"57 | 58";"2.3 | 1.5";"56 | 53";"6.4 | 6.1";"";"";"";"70 | 40";"20 | 30";"10 | 30";"77 | 50";"90 | 70";"80 | 70";"30 | 60";"2x0 | 0x0";"23.9";"1.8 | 1.7";"0.5 | 1.3";"2.6";"56 | 52";"1 | 19";"10 | 10";"15.6 | 13.8";"8.9 | 9.5";"8.2";"3.5 | 2.8";"4.7 | 5.4";"2.4 | 2.4";"1.8 | 2.1";"4.4";"4.6"
"United States";"USA";"USL Championship";"04-07-2026 20:00";"NS";"Pittsburgh Riverhounds";"";"";"Brooklyn FC";"1.57";"5.03";"84 | 42";"41 | 54";"1";"46 | 53";"1.8 | 0.9";"44 | 52";"6.2 | 6.3";"";"";"";"50 | 20";"30 | 30";"20 | 50";"60 | 30";"80 | 50";"70 | 70";"50 | 80";"0x0 | 2x0";"22.6";"1.2 | 1.6";"0.6 | 1.8";"2.6";"43 | 49";"8 | 24";"10 | 10";"9.9 | 12.8";"10.7 | 11.9";"8";"3.1 | 4.1";"3.5 | 5.3";"1.6 | 1.3";"1.6 | 2.6";"3.6";"4.6"
"United States";"USA";"USL Championship";"04-07-2026 20:30";"NS";"Rhode Island";"";"";"Orange County";"1.54";"5.18";"70 | 42";"65 | 61";"1";"58 | 44";"1.5 | 1.2";"62 | 37";"6.7 | 5";"";"";"";"40 | 30";"30 | 30";"30 | 40";"50 | 40";"70 | 60";"70 | 70";"60 | 70";"1x1 | 2x1";"26.4";"1.9 | 1.8";"1 | 1.8";"3.2";"50 | 43";"18 | 3";"10 | 10";"16.9 | 12.3";"8.8 | 14.7";"8.4";"2.5 | 4.1";"6.1 | 4.1";"1.9 | 1.7";"2.2 | 1.8";"3.8";"4.6"
"United States";"USA";"USL Championship";"04-07-2026 21:00";"NS";"Louisville City";"";"";"Hartford Athletic";"1.55";"4.97";"52 | 77";"51 | 31";"1";"55 | 52";"1 | 1.6";"60 | 54";"8.1 | 9.2";"10";"60 | 10";"30";"20 | 40";"40 | 40";"40 | 20";"33 | 53";"60 | 80";"60 | 60";"80 | 60";"0x2 | 0x0";"25.8";"1.5 | 0.9";"1.5 | 0.8";"2.4";"47 | 48";"7 | 12";"10 | 10";"15.9 | 11.2";"12 | 12.5";"8.6";"4.1 | 3.4";"5.4 | 4.4";"2 | 2.7";"2.6 | 2.4";"4.8";"4.6"
"United States";"USA";"USL Championship";"04-07-2026 21:30";"NS";"Tulsa Roughnecks";"";"";"Sacramento Republic";"2.45";"2.66";"63 | 74";"51 | 41";"5";"46 | 53";"1.7 | 1.5";"41 | 51";"5.5 | 7.4";"10";"20 | 40";"40";"50 | 40";"20 | 30";"30 | 30";"57 | 50";"70 | 70";"80 | 70";"50 | 60";"1x2 | 1x1";"22.2";"1.5 | 1.2";"1.2 | 0.9";"2.4";"42 | 47";"9 | 15";"10 | 10";"9.5 | 11.8";"11.9 | 11.3";"7.8";"4 | 4.4";"3.9 | 3.4";"3.1 | 2.6";"3 | 2.6";"5.6";"4.6"
"United States";"USA";"USL Championship";"04-07-2026 22:00";"NS";"San Antonio";"";"";"Monterey Bay";"1.78";"3.88";"52 | 52";"61 | 54";"1";"47 | 51";"1.9 | 1.4";"45 | 47";"4.9 | 5.1";"9";"67 | 0";"33";"50 | 40";"40 | 20";"10 | 40";"63 | 47";"90 | 60";"60 | 80";"50 | 60";"2x1 | 1x1";"22.6";"1.8 | 1.6";"1.5 | 1.5";"3.2";"51 | 54";"4 | 21";"10 | 10";"12.4 | 11.1";"11.8 | 9.9";"8.6";"4.6 | 3.7";"4.8 | 4.2";"3.1 | 2.3";"2.7 | 1.6";"4.8";"4.6"
"United States";"USA";"USL Championship";"04-07-2026 22:00";"NS";"Colorado Springs";"";"";"Phoenix Rising";"1.69";"4.16";"60 | 46";"54 | 34";"1";"59 | 55";"1.5 | 1.1";"54 | 53";"6.7 | 10.2";"10";"40 | 40";"20";"40 | 30";"30 | 20";"30 | 50";"50 | 37";"70 | 50";"70 | 80";"60 | 70";"2x1 | 1x1";"24.2";"1.6 | 1";"1.3 | 1.7";"2.8";"54 | 54";"17 | 13";"10 | 10";"14.2 | 13.8";"9.4 | 11.1";"7.4";"2.9 | 4.3";"3.3 | 4.3";"2.3 | 2.8";"3.9 | 1.9";"5.4";"4.6"
"United States";"USA";"USL Championship";"04-07-2026 22:30";"NS";"New Mexico United";"";"";"Oakland Roots";"2.42";"2.58";"70 | 60";"48 | 48";"5";"45 | 56";"1.8 | 1.3";"43 | 55";"5.8 | 6.3";"10";"30 | 40";"30";"50 | 30";"30 | 40";"20 | 30";"60 | 43";"80 | 70";"70 | 60";"50 | 70";"1x0 | 1x0";"24.6";"1.4 | 1.4";"1 | 1.3";"2.6";"54 | 58";"11 | 6";"10 | 10";"11.6 | 11.3";"13.9 | 12.5";"7.6";"4.2 | 3.7";"4.2 | 3";"2.8 | 2";"2.9 | 2.2";"5";"4.6"
"United States";"USA";"USL Championship";"04-07-2026 23:30";"NS";"Las Vegas Lights";"";"";"El Paso Locomotive";"2.59";"2.39";"49 | 42";"41 | 41";"5";"50 | 46";"1.1 | 0.9";"46 | 44";"7 | 7.4";"10";"30 | 70";"0";"30 | 20";"20 | 30";"50 | 50";"37 | 30";"50 | 50";"80 | 70";"70 | 80";"2x1 | 1x1";"25.2";"1.2 | 1.2";"1.6 | 1.8";"2.9";"51 | 48";"20 | 16";"10 | 10";"12.3 | 11.9";"12.2 | 14.1";"7.8";"3.9 | 4.5";"3.8 | 3.4";"2 | 2.7";"2.1 | 2.3";"4.6";"4.6"
"United States";"USA";"USL League Two";"04-07-2026 21:00";"NS";"Jackson Boom";"";"";"Mississippi Brilla";"";"";"14 | 49";"7 | 54";"";"";"0 | 1.2";"";"";"";"";"";"0 | 30";"0 | 30";"100 | 40";"0 | 40";"0 | 60";"100 | 70";"100 | 70";"0x1 | 1x0";"";"0.2 | 1.6";"2.6 | 1.6";"3";"";"7 | 4";"9 | 10";"";"";"";"";"";"";"";"";"4"
"United States";"USA";"USL League Two";"04-07-2026 21:00";"NS";"Twin City Toucans";"";"";"Laredo Heat";"";"";"32 | 84";"44 | 78";"";"48 | 67";"0.9 | 2.3";"52 | 61";"8.8 | 7.4";"3";"0 | 100";"0";"30 | 70";"0 | 20";"70 | 10";"30 | 77";"30 | 90";"100 | 80";"70 | 30";"0x1 | 1x1";"26.8";"1.3 | 2.3";"2.1 | 0.6";"3.2";"54 | 58";"8 | 1";"10 | 10";"11.5 | 18.3";"12.5 | 11.3";"12";"5.5 | 4";"5.5 | 9";"3.3 | 3";"2.3 | 4";"6.4";"4"
"United States";"USA";"USL League Two";"04-07-2026 21:00";"NS";"GFI";"";"";"Houston Sur";"";"";"52 | 2";"100 | 31";"";"";"2.1 | 0.1";"";"";"2";"100 | 0";"0";"60 | 0";"30 | 10";"10 | 90";"70 | 3";"90 | 10";"70 | 90";"40 | 100";"0x0 | 3x0";"";"3 | 0.9";"1.5 | 3.6";"4.5";"";"2 | 9";"10 | 10";"";"";"";"";"";"";"";"";"4"
"United States";"USA";"USL League Two";"04-07-2026 21:30";"NS";"McKinney Chupacabras";"";"";"Texoma";"";"";"32 | 63";"65 | 71";"";"56 | 57";"2 | 1.8";"66 | 98";"5.9 | 5.1";"";"";"";"60 | 60";"20 | 0";"20 | 40";"67 | 60";"80 | 60";"80 | 100";"40 | 40";"2x1 | 2x1";"19.6";"1.9 | 2.1";"2.1 | 1.2";"3.6";"54 | 56";"1 | 3";"10 | 10";"11.2 | 10.8";"8.7 | 8.6";"8.6";"4.5 | 3";"4.8 | 4.8";"1.2 | 1.2";"2.7 | 1.5";"3.2";"4"
"United States";"USA";"USL League One";"04-07-2026 20:00";"NS";"NY Cosmos";"";"";"Greenville Triumph";"3.20";"2.00";"7 | 38";"34 | 20";"5";"45 | 47";"0.3 | 0.7";"49 | 46";"8.6 | 12.8";"";"";"";"10 | 20";"0 | 10";"90 | 70";"10 | 23";"10 | 30";"100 | 90";"90 | 80";"1x2 | 2x0";"25.7";"1 | 0.6";"2.8 | 1.9";"3.2";"44 | 43";"17 | 16";"10 | 10";"12.1 | 10.2";"16 | 13.1";"9.7";"6.8 | 6.4";"3.6 | 2.7";"3.3 | 2.9";"2.8 | 2";"5.5";"5.1"
"United States";"USA";"USL League One";"04-07-2026 20:30";"NS";"Fort Wayne";"";"";"Spokane Velocity";"2.80";"2.28";"70 | 56";"54 | 31";"5";"49 | 49";"1.7 | 1.6";"51 | 48";"5.9 | 9.1";"";"";"";"40 | 50";"50 | 10";"10 | 40";"57 | 53";"90 | 60";"50 | 90";"60 | 50";"1x1 | 1x2";"25.6";"1.6 | 0.9";"1 | 1.4";"2.4";"51 | 50";"6 | 5";"10 | 10";"13.1 | 11.5";"14.7 | 11.9";"7.8";"4.5 | 3.7";"4.1 | 3.3";"3.3 | 1.7";"2.6 | 2.2";"4.9";"5.1"
"United States";"USA";"USL League One";"04-07-2026 20:30";"NS";"Corpus Christi";"";"";"Chattanooga Red Wolves";"2.75";"2.30";"49 | 63";"41 | 58";"5";"47 | 51";"1.2 | 1.4";"44 | 52";"6.7 | 5.2";"";"";"";"30 | 40";"30 | 20";"40 | 40";"40 | 47";"60 | 60";"70 | 80";"70 | 60";"0x3 | 1x1";"24.9";"1.2 | 1.7";"1.6 | 1.2";"2.8";"43 | 42";"13 | 11";"10 | 10";"10.2 | 13.8";"12.4 | 13.4";"8.5";"4.7 | 4";"4.1 | 4.2";"3.7 | 2.1";"3 | 2";"5.4";"5.1"
"United States";"USA";"USL League One";"04-07-2026 20:30";"CANCELLED";"Forward Madison";"";"";"Tormenta";"";"";"60 | 80";"54 | 88";"";"52 | 52";"1.3 | 2.6";"48 | 52";"6.2 | 4.8";"10";"30 | 40";"30";"40 | 80";"10 | 20";"50 | 0";"43 | 87";"50 | 100";"90 | 80";"60 | 20";"0x1 | 1x2";"25.4";"1.6 | 2.6";"1.3 | 0.7";"3.1";"50 | 53";"";"10 | 10";"13.8 | 13.7";"11.9 | 11.3";"9";"3.9 | 4";"4.4 | 5.8";"3.3 | 3.5";"2.3 | 2.8";"5.9";"5.1"
"United States";"USA";"NPSL";"04-07-2026 11:00";"NS";"WC Predators";"";"";"West Chester United";"";"";"18 | 32";"92 | 100";"";"40 | 53";"1.2 | 2.1";"44 | 66";"3.7 | 2.6";"";"";"";"30 | 60";"30 | 30";"40 | 10";"40 | 70";"60 | 90";"70 | 70";"70 | 40";"2x3 | 1x2";"27.6";"2.7 | 4.7";"2.5 | 2.1";"6";"42 | 50";"6 | 2";"10 | 10";"10 | 13.4";"17 | 14.8";"12.4";"7 | 5.4";"5.3 | 7";"1.7 | 2.2";"2.3 | 3.4";"4.8";"4.2"
"United States";"USA";"NPSL";"04-07-2026 17:00";"NS";"Newport";"";"";"Osner’s";"";"";"14 | 7";"68 | 17";"";"";"1 | 0.2";"";"";"";"";"";"25 | 0";"25 | 20";"50 | 80";"33 | 7";"50 | 20";"75 | 80";"75 | 100";"0x2 | 0x0";"";"2 | 0.5";"2.6 | 2.8";"4";"";"5 | 6";"8 | 10";"";"";"";"";"";"";"";"";"4.2"
"United States";"USA";"NPSL";"04-07-2026 20:00";"NS";"Bristol Rhythm";"";"";"Mint Hill";"";"";"66 | 14";"75 | 41";"";"";"2.5 | 0.9";"";"";"";"";"";"80 | 25";"10 | 12";"10 | 62";"83 | 29";"90 | 38";"90 | 88";"20 | 75";"1x0 | 2x1";"";"2.2 | 1.2";"1.1 | 2.6";"3.6";"";"1 | 7";"10 | 8";"";"";"";"";"";"";"";"";"4.2"
"United States";"USA";"MLS Next Pro";"04-07-2026 20:00";"NS";"Atlanta United II";"";"";"Toronto II";"1.45";"5.30";"46 | 21";"88 | 48";"1";"61 | 44";"1.7 | 1.3";"63 | 44";"5.7 | 5.9";"6";"83 | 0";"17";"50 | 40";"20 | 10";"30 | 50";"57 | 43";"70 | 50";"80 | 90";"50 | 60";"3x0 | 1x2";"26.8";"2.6 | 1.4";"1.7 | 2.4";"4";"54 | 48";"8 | 10";"10 | 10";"19.3 | 10.4";"9.5 | 14.5";"11.4";"4.3 | 6.1";"7.6 | 4.7";"1.9 | 1.7";"2.7 | 2.1";"4.2";"4.5"
"United States";"USA";"MLS Next Pro";"04-07-2026 20:30";"NS";"Chattanooga";"";"";"Inter Miami II";"";"";"46 | 18";"65 | 27";"";"53 | 45";"1.5 | 0.2";"51 | 43";"6.1 | 9.8";"7";"57 | 14";"29";"40 | 0";"30 | 20";"30 | 80";"50 | 7";"70 | 20";"70 | 80";"60 | 100";"0x1 | 3x1";"26.2";"1.9 | 0.8";"1.7 | 2.5";"3.4";"48 | 56";"6 | 16";"10 | 10";"14.3 | 10.1";"11.8 | 16.1";"10.5";"4.4 | 6.5";"5.6 | 4.5";"1.3 | 2.8";"2.1 | 2.1";"4.2";"4.5"
"United States";"USA";"MLS Next Pro";"04-07-2026 21:45";"NS";"North Texas";"";"";"St. Louis City II";"3.55";"1.77";"56 | 38";"61 | 41";"2";"41 | 55";"1.3 | 1.2";"43 | 54";"4.4 | 7.9";"10";"20 | 50";"30";"30 | 30";"40 | 30";"30 | 40";"43 | 40";"70 | 60";"60 | 70";"70 | 70";"2x2 | 1x1";"26.7";"1.8 | 1.2";"1.4 | 1.9";"3.2";"47 | 53";"11 | 4";"10 | 10";"11.4 | 13.1";"16.3 | 12.6";"10";"5.2 | 5.1";"4.5 | 5.1";"1.9 | 1.9";"2.1 | 1.4";"3.6";"4.5"
"Yemen";"YEM";"Yemeni League";"04-07-2026 10:00";"NS";"Shaab Hadramout FC";"";"";"Shabab Al Bayda FC";"";"";"100 | 52";"34 | 31";"";"";"2.1 | 1";"";"";"10";"50 | 40";"10";"60 | 20";"30 | 40";"10 | 40";"70 | 33";"90 | 60";"70 | 60";"40 | 80";"0x0 | 2x0";"";"1 | 0.9";"0.3 | 1.5";"1.8";"";"2 | 10";"10 | 10";"";"";"";"";"";"";"";"";"1.2"
"Yemen";"YEM";"Yemeni League";"04-07-2026 10:00";"NS";"Al Yarmouk FC";"";"";"Salam Al Gharfa FC";"";"";"70 | 56";"34 | 14";"";"";"1.3 | 0.6";"";"";"2";"0 | 50";"50";"30 | 11";"40 | 22";"30 | 67";"43 | 19";"70 | 33";"60 | 78";"70 | 89";"0x0 | 2x0";"";"1 | 0.4";"1 | 1.4";"2";"";"8 | 14";"10 | 9";"";"";"";"";"";"";"";"";"1.2"
"Australia";"AUS";"Western Australia NPL Women";"04-07-2026 02:00";"NS";"West NTC W";"";"";"Fremantle City W";"";"";"46 | 63";"41 | 82";"";"48 | 54";"1.2 | 1.9";"58 | 65";"8.2 | 4.9";"10";"40 | 60";"0";"30 | 60";"30 | 10";"40 | 30";"40 | 63";"60 | 70";"70 | 90";"70 | 40";"1x0 | 1x0";"20.6";"1.2 | 2.4";"1.7 | 1.2";"3.2";"48 | 56";"5 | 3";"10 | 10";"9.8 | 11.7";"8.3 | 11.3";"9";"3.3 | 4.7";"4.3 | 5.6";"0.2 | 0.7";"0.5 | 0.3";"0.8";"1.3"
"Australia";"AUS";"Queensland NPL Women";"04-07-2026 02:00";"NS";"Gold Coast United W";"";"";"Souths Strikers W";"";"";"52 | 2";"75 | 41";"";"49 | 32";"1.9 | 0";"49 | 42";"3.7 | 4.5";"2";"50 | 0";"50";"60 | 0";"10 | 0";"30 | 100";"63 | 0";"70 | 0";"90 | 100";"40 | 100";"2x1 | 3x0";"21.4";"2.2 | 1.2";"1.5 | 4.5";"4.7";"49 | 42";"6 | 10";"10 | 6";"8.1 | 5.4";"8.8 | 20.6";"11.2";"4.8 | 10.8";"3.8 | 3.2";"0.3 | 0.6";"0.7 | 0.6";"1.1";"1.3"
"Australia";"AUS";"Queensland NPL Women";"04-07-2026 04:15";"NS";"Lions W";"";"";"Brisbane Olympic W";"";"";"49 | 49";"78 | 82";"";"51 | 53";"2 | 1.6";"51 | 66";"5 | 5.4";"10";"80 | 0";"20";"60 | 50";"20 | 10";"20 | 40";"67 | 53";"80 | 60";"80 | 90";"40 | 50";"3x1 | 1x2";"26.2";"2.3 | 2.4";"1.6 | 1.6";"4";"50 | 53";"3 | 5";"10 | 10";"13.9 | 13";"12.3 | 13.3";"12";"5 | 6.7";"6.7 | 5.7";"1.3 | 0.6";"0.4 | 0.6";"1.4";"1.3"
"Australia";"AUS";"Queensland NPL Women";"04-07-2026 05:00";"NS";"FQ QAS W";"";"";"Sunshine Coast Wanderers W";"";"";"4 | 32";"71 | 51";"";"57 | 39";"1 | 0.8";"72 | 43";"5.7 | 4.2";"10";"30 | 40";"30";"30 | 20";"10 | 20";"60 | 60";"33 | 27";"40 | 40";"90 | 80";"70 | 80";"3x4 | 2x1";"24.4";"2.1 | 1.5";"2.9 | 2.1";"4.3";"54 | 48";"7 | 8";"10 | 10";"18.5 | 6.3";"12.8 | 11.1";"10.1";"5.5 | 5.4";"5.8 | 3.4";"1.3 | 1";"1.1 | 0.2";"1.8";"1.3"
"Australia";"AUS";"Queensland NPL Women";"04-07-2026 05:30";"NS";"Gold Coast Knights W";"";"";"Capalaba W";"";"";"77 | 2";"99 | 37";"";"70 | 32";"2.1 | 0.7";"138 | 38";"7.4 | 6.5";"5";"100 | 0";"0";"60 | 20";"30 | 10";"10 | 70";"70 | 23";"90 | 30";"70 | 90";"40 | 80";"1x1 | 3x0";"26.8";"2.9 | 1.1";"0.8 | 3.2";"4";"57 | 40";"4 | 9";"10 | 10";"21.4 | 8";"4.7 | 19.4";"11.4";"1.9 | 7.6";"10.3 | 3";"0.2 | 0.6";"0.7 | 0.4";"0.9";"1.3"
"Australia";"AUS";"South Australia NPL Women";"04-07-2026 02:45";"NS";"Modbury Vista W";"";"";"Salisbury Inter W";"";"";"0 | 66";"78 | 100";"";"51 | 59";"1.3 | 2";"64 | 76";"4.9 | 3.9";"6";"0 | 100";"0";"40 | 60";"10 | 20";"50 | 20";"43 | 67";"50 | 80";"90 | 80";"60 | 40";"0x2 | 0x2";"21.9";"2.3 | 3.1";"3 | 1.1";"4.8";"52 | 51";"8 | 2";"10 | 10";"11.3 | 12.2";"12.7 | 7.5";"11.2";"7.3 | 2.6";"5.9 | 6.8";"0.7 | 0.7";"0.1 | 0.4";"1";"1.3"
"Australia";"AUS";"South Australia NPL Women";"04-07-2026 04:00";"NS";"MetroStars";"";"";"WT Birkalla W";"";"";"4 | 74";"34 | 68";"";"44 | 44";"0.6 | 2";"54 | 55";"8 | 5.6";"2";"50 | 50";"0";"20 | 60";"0 | 20";"80 | 20";"20 | 67";"20 | 80";"100 | 80";"80 | 40";"0x1 | 1x1";"22.8";"1 | 2";"2.9 | 0.9";"3.4";"45 | 52";"9 | 3";"10 | 10";"8 | 11.3";"14.9 | 11.3";"12";"8 | 5.9";"3.9 | 6.1";"1.1 | 1";"0.8 | 0.3";"1.6";"1.3"
"Australia";"AUS";"Victoria NPL Women";"04-07-2026 02:00";"NS";"Melbourne Victory II";"";"";"Box Hill United W";"";"";"60 | 52";"51 | 75";"";"57 | 57";"1.3 | 2";"78 | 60";"8.5 | 5.3";"";"";"";"40 | 60";"10 | 20";"50 | 20";"43 | 67";"50 | 80";"90 | 80";"60 | 40";"1x2 | 1x3";"21.4";"1.5 | 2.2";"1.3 | 1.5";"3.2";"56 | 59";"8 | 3";"10 | 10";"12.7 | 11.7";"9.9 | 8.6";"9.9";"4.2 | 4.2";"5.7 | 5.7";"0.6 | 0.7";"1 | 0.8";"1.5";"1.5"
"Australia";"AUS";"Victoria NPL Women";"04-07-2026 02:00";"NS";"Keilor ParkW";"";"";"Melbourne City II";"";"";"46 | 2";"37 | 48";"";"32 | 36";"1.3 | 0.4";"34 | 37";"3.6 | 2.9";"";"";"";"40 | 10";"10 | 10";"50 | 80";"43 | 13";"50 | 20";"90 | 90";"60 | 90";"0x2 | 3x0";"19.2";"1.1 | 1.4";"1.7 | 4.4";"4.3";"37 | 48";"11 | 13";"10 | 10";"4 | 4.1";"12 | 18.2";"10.4";"5 | 11.6";"2.1 | 2";"1.4 | 1.2";"0.9 | 0.4";"2";"1.5"
"Australia";"AUS";"Victoria NPL Women";"04-07-2026 02:00";"NS";"Alamein W";"";"";"Preston Lions W";"";"";"66 | 52";"58 | 58";"";"54 | 49";"1.9 | 1.3";"60 | 57";"7.4 | 6.8";"8";"38 | 38";"25";"60 | 40";"10 | 10";"30 | 50";"63 | 43";"70 | 50";"90 | 90";"40 | 60";"3x0 | 3x0";"21.6";"1.7 | 1.7";"1.1 | 1.5";"3";"50 | 53";"7 | 12";"10 | 10";"12.6 | 11.6";"8.3 | 10.9";"12.4";"4.3 | 6.6";"6.3 | 7.6";"0.7 | 0.8";"1.4 | 0.5";"1.6";"1.5"
"Australia";"AUS";"New South Wales NPL Women";"04-07-2026 05:30";"NS";"Northern Tigers W";"";"";"University of NSW W";"";"";"52 | 74";"61 | 71";"";"50 | 60";"1.3 | 2.3";"54 | 75";"5.7 | 6.4";"5";"40 | 60";"0";"40 | 70";"10 | 20";"50 | 10";"43 | 77";"50 | 90";"90 | 80";"60 | 30";"2x3 | 1x1";"23";"1.8 | 2.1";"1.5 | 0.9";"3.2";"53 | 56";"6 | 1";"10 | 10";"10.3 | 13.4";"12.4 | 9.9";"9.9";"5.9 | 4.3";"5 | 4.6";"1.3 | 0.5";"1.5 | 0.6";"2";"1.8"
"Australia";"AUS";"Tasmania Women's Super League";"04-07-2026 01:30";"NS";"Launceston City W";"";"";"South Hobart W";"";"";"2 | 42";"48 | 100";"";"38 | 51";"0.8 | 1.6";"42 | 71";"5.1 | 3.6";"";"";"";"20 | 50";"20 | 10";"60 | 40";"27 | 53";"40 | 60";"80 | 90";"80 | 50";"0x5 | 0x6";"25";"1.4 | 3.4";"3.9 | 1.8";"5.2";"49 | 54";"6 | 3";"10 | 10";"7.1 | 12.1";"17.2 | 13.6";"14.2";"9.5 | 7.7";"3.9 | 7.1";"0.6 | 0.7";"0.5 | 0.4";"1.1";"0.9"
"Australia";"AUS";"Tasmania Women's Super League";"04-07-2026 01:30";"NS";"Taroona W";"";"";"Riverside Olympic W";"";"";"18 | 2";"51 | 20";"";"40 | 31";"1 | 0.1";"44 | 27";"4.9 | 4.3";"8";"50 | 38";"12";"30 | 0";"10 | 10";"60 | 90";"33 | 3";"40 | 10";"90 | 90";"70 | 100";"0x1 | 6x0";"17.8";"1.5 | 0.6";"2.5 | 6.9";"5.8";"46 | 39";"7 | 8";"10 | 10";"7.4 | 2.6";"10.7 | 14.8";"11.5";"5.8 | 10.4";"5 | 1.8";"0.3 | 0.8";"0.2 | 0.8";"1.1";"0.9"
"Australia";"AUS";"QLD FQPL 1 Women";"04-07-2026 02:00";"NS";"The Gap W";"";"";"Palm Beach W";"";"";"14 | 52";"78 | 48";"";"49 | 56";"1.2 | 1.2";"53 | 62";"6.1 | 9";"2";"0 | 100";"0";"40 | 30";"0 | 30";"60 | 40";"40 | 40";"40 | 60";"100 | 70";"60 | 70";"0x1 | 1x1";"25.9";"2.3 | 1.4";"2.6 | 1.5";"3.9";"50 | 49";"3 | 4";"10 | 10";"14.1 | 12.6";"15.6 | 9.5";"15.5";"8.9 | 6.5";"8.1 | 7.5";"0.6 | 0.6";"0.6 | 0.2";"1";"1.3"
"Australia";"AUS";"QLD FQPL 1 Women";"04-07-2026 04:00";"NS";"Virginia United W";"";"";"Peninsula Power W";"";"";"42 | 7";"31 | 51";"";"33 | 43";"1.1 | 1.1";"35 | 52";"7.6 | 6.2";"8";"25 | 50";"25";"30 | 30";"20 | 20";"50 | 50";"37 | 37";"50 | 50";"80 | 80";"70 | 70";"0x3 | 4x0";"21.4";"0.9 | 1.5";"1.8 | 2.8";"3.5";"42 | 48";"7 | 8";"10 | 10";"6.8 | 9.3";"12.1 | 14.7";"11.1";"6.6 | 7.2";"3.4 | 5";"0.4 | 0.8";"0.5 | 0.2";"1";"1.3"
"Australia";"AUS";"QLD FQPL 1 Women";"04-07-2026 05:00";"NS";"Caboolture W";"";"";"Logan Lightning W";"";"";"77 | 4";"85 | 51";"";"65 | 47";"2.2 | 1.5";"87 | 53";"7.2 | 7.2";"5";"80 | 20";"0";"70 | 50";"10 | 0";"20 | 50";"73 | 50";"80 | 50";"90 | 100";"30 | 50";"0x3 | 0x1";"24.8";"2.5 | 1.5";"0.8 | 2.9";"3.8";"57 | 52";"1 | 5";"10 | 10";"18 | 10.8";"6.4 | 14.4";"13.6";"4 | 7.8";"9.8 | 5.8";"0.5 | 0.2";"1.4 | 0.6";"1.4";"1.3"
"Australia";"AUS";"QLD FQPL 1 Women";"04-07-2026 06:00";"NS";"Grange Thistle W";"";"";"Mitchelton W";"";"";"18 | 56";"51 | 61";"";"46 | 50";"0.8 | 1.2";"45 | 59";"8.5 | 6.3";"";"";"";"20 | 30";"20 | 30";"60 | 40";"27 | 40";"40 | 60";"80 | 70";"80 | 70";"0x1 | 0x4";"24.7";"1.5 | 1.8";"2.5 | 1.4";"3.6";"44 | 52";"9 | 6";"10 | 10";"12.7 | 11.4";"14.6 | 10.9";"14.2";"8.7 | 6.8";"6.8 | 6.1";"0.8 | 0.9";"0.3 | 1";"1.5";"1.3"
"Australia";"AUS";"VIC Premier League Womens";"04-07-2026 02:00";"NS";"Manningham United Blues W";"";"";"Brunswick Juventus W";"";"";"18 | 49";"68 | 100";"";"";"0.9 | 1.9";"";"2.4 | 7.8";"";"";"";"30 | 60";"0 | 10";"70 | 30";"30 | 63";"30 | 70";"100 | 90";"70 | 40";"1x2 | 2x1";"32.1";"2 | 3.4";"2.5 | 1.6";"4.8";"42 | 55";"9 | 4";"10 | 10";"4.7 | 26.5";"18 | 15";"21.8";"12.3 | 10";"2.3 | 19";"";"";"";"1"
"Australia";"AUS";"VIC Premier League Womens";"04-07-2026 02:00";"NS";"Eltham Redbacks W";"";"";"Geelong Galaxy W";"";"";"35 | 74";"100 | 71";"";"";"2 | 2.2";"";"3.2 | 9";"9";"22 | 56";"22";"60 | 70";"20 | 10";"20 | 20";"67 | 73";"80 | 80";"80 | 90";"40 | 30";"4x1 | 0x1";"23.7";"4 | 2.1";"2 | 0.9";"4.5";"47 | 50";"1 | 3";"10 | 10";"13 | 19";"7.7 | 7.7";"16";"5.7 | 5.3";"8 | 13";"";"";"";"1"
"Australia";"AUS";"VIC Premier League Womens";"04-07-2026 04:00";"NS";"Ballarat City W";"";"";"Ringwood City W";"";"";"2 | 32";"41 | 54";"";"";"0.4 | 1.2";"";"";"";"";"";"10 | 30";"10 | 30";"80 | 40";"13 | 40";"20 | 60";"90 | 70";"90 | 70";"0x4 | 2x2";"";"1.2 | 1.6";"4.5 | 2.1";"4.7";"";"11 | 7";"10 | 10";"";"";"";"";"";"";"";"";"1"
"Australia";"AUS";"VIC Premier League Womens";"04-07-2026 05:00";"NS";"Southern United W";"";"";"Clifton Hill W";"";"";"35 | 52";"68 | 85";"";"";"1.8 | 1.3";"";"";"";"";"";"60 | 30";"0 | 40";"40 | 30";"60 | 43";"60 | 70";"100 | 60";"40 | 70";"3x1 | 1x0";"";"2 | 2.5";"2 | 1.5";"4";"";"5 | 6";"10 | 10";"";"";"";"";"";"";"";"";"1"
"China";"CHN";"Super League Women";"04-07-2026 06:00";"NS";"Jiangsu W";"";"";"Zhejiang Hangzhou W";"";"";"52 | 70";"54 | 34";"";"53 | 39";"1.7 | 1.4";"46 | 30";"6.6 | 4.9";"2";"50 | 0";"50";"50 | 40";"20 | 20";"30 | 40";"57 | 47";"70 | 60";"80 | 80";"50 | 60";"1x0 | 1x0";"17.4";"1.6 | 1";"1.5 | 1";"2.6";"49 | 40";"5 | 6";"10 | 10";"10.5 | 4.9";"10.6 | 8.8";"7.9";"5.2 | 3.4";"5.1 | 2";"1.2 | 0.4";"0.8 | 0.5";"1.4";"1.3"
"China";"CHN";"Super League Women";"04-07-2026 08:00";"NS";"Shanghai RCB W";"";"";"Sichuan W";"";"";"84 | 35";"61 | 20";"";"65 | 36";"1.9 | 0.2";"68 | 26";"8.5 | 12.7";"";"";"";"50 | 0";"40 | 20";"10 | 80";"63 | 7";"90 | 20";"60 | 80";"50 | 100";"1x1 | 0x0";"20.8";"1.8 | 0.6";"0.6 | 2";"2.5";"61 | 38";"3 | 12";"10 | 5";"15.3 | 7.6";"6.4 | 12.4";"9.1";"2.7 | 4.8";"7.5 | 3.2";"0.2 | 0.8";"0.8 | 0.2";"1";"1.3"
"China";"CHN";"Super League Women";"04-07-2026 08:35";"NS";"Shandong Sports Lottery W";"";"";"Guangxi Pingguo W";"";"";"63 | 49";"51 | 27";"";"46 | 44";"1.4 | 0.4";"42 | 30";"4.9 | 8.8";"";"";"";"30 | 0";"50 | 40";"20 | 60";"47 | 13";"80 | 40";"50 | 60";"70 | 100";"1x1 | 1x0";"16.2";"1.5 | 0.8";"1.2 | 1.6";"2.6";"49 | 49";"9 | 11";"10 | 5";"7.4 | 7";"9.9 | 8.2";"8";"4.9 | 4.4";"3.7 | 3";"1 | 0.8";"0.8 | 1.4";"2";"1.3"
"Europe";"EUR";"Euro U19 Women";"04-07-2026 12:00";"NS";"Iceland U19 W";"";"";"Switzerland U19 W";"";"";"52 | 88";"58 | 68";"";"52 | 59";"1.3 | 2.6";"53 | 58";"5.2 | 6.2";"";"";"";"40 | 80";"10 | 20";"50 | 0";"43 | 87";"50 | 100";"90 | 80";"60 | 20";"0x3 | 0x1";"19.2";"1.7 | 2";"1.5 | 0.5";"2.8";"51 | 57";"4 | 3";"10 | 10";"9.2 | 12.5";"8.8 | 8";"8.8";"3.8 | 3.6";"3.8 | 6.3";"0.8 | 0.8";"1 | 1.8";"2.2";""
"Europe";"EUR";"Euro U19 Women";"04-07-2026 12:00";"NS";"Spain U19 W";"";"";"Austria U19 W";"";"";"100 | 66";"100 | 95";"";"79 | 67";"2.4 | 1.7";"79 | 73";"5.6 | 6.2";"";"";"";"70 | 50";"30 | 20";"0 | 30";"80 | 57";"100 | 70";"70 | 80";"30 | 50";"3x0 | 0x0";"22";"3.6 | 2.8";"0.3 | 1.1";"3.9";"70 | 59";"2 | 1";"10 | 10";"20.7 | 17.7";"2 | 3.6";"10";"1.3 | 1.7";"9.6 | 7.4";"0.9 | 0.7";"1.7 | 1";"2.2";""
"Finland";"FIN";"Kansallinen Liiga Women";"04-07-2026 08:00";"NS";"PK-35 Vantaa W";"";"";"HPS W";"";"";"21 | 77";"88 | 68";"";"46 | 56";"1.2 | 2.2";"46 | 59";"3.5 | 7.1";"10";"40 | 60";"0";"40 | 70";"0 | 10";"60 | 20";"40 | 73";"40 | 80";"100 | 90";"60 | 30";"0x5 | 0x4";"21";"2.6 | 2";"2.4 | 0.8";"3.9";"49 | 55";"7 | 3";"10 | 10";"9.2 | 14.2";"10 | 8.7";"9.7";"6.1 | 2.5";"4.9 | 5.9";"0.6 | 1.1";"0.6 | 1.7";"2";"2.4"
"Finland";"FIN";"Kansallinen Liiga Women";"04-07-2026 09:00";"NS";"Ilves W";"";"";"Åland United W";"";"";"49 | 63";"61 | 100";"";"51 | 55";"1.5 | 2.2";"58 | 57";"7.2 | 3.4";"10";"10 | 80";"10";"50 | 70";"0 | 10";"50 | 20";"50 | 73";"50 | 80";"100 | 90";"50 | 30";"1x2 | 1x4";"23.9";"1.8 | 4";"1.6 | 1.2";"4.3";"53 | 51";"5 | 4";"10 | 10";"13 | 13.6";"11.2 | 10";"10.2";"5.2 | 2.6";"6.3 | 6.2";"0.6 | 1.6";"1.3 | 1.4";"2.4";"2.4"
"Finland";"FIN";"Kansallinen Liiga Women";"04-07-2026 11:00";"NS";"HJK W";"";"";"KuPS W";"";"";"70 | 63";"100 | 99";"";"64 | 61";"2.7 | 2.7";"69 | 57";"4.7 | 5.4";"10";"70 | 20";"10";"90 | 90";"0 | 0";"10 | 10";"90 | 90";"90 | 90";"100 | 100";"10 | 10";"2x1 | 1x2";"23.2";"3.4 | 2.9";"1 | 1.2";"4.2";"59 | 56";"1 | 2";"10 | 10";"16.1 | 15.8";"6.2 | 8.4";"10.9";"2.7 | 3.9";"8.2 | 6.9";"0.4 | 1.5";"0.7 | 1.2";"1.9";"2.4"
"Finland";"FIN";"Ykkönen Women";"04-07-2026 10:00";"NS";"KTP W";"";"";"PKKU W";"";"";"25 | 32";"54 | 54";"";"54 | 48";"1.5 | 1.2";"55 | 54";"8.1 | 5.4";"7";"43 | 29";"29";"50 | 40";"0 | 0";"50 | 60";"50 | 40";"50 | 40";"100 | 100";"50 | 60";"0x1 | 0x3";"19.8";"1.6 | 1.6";"2.3 | 2.1";"3.8";"50 | 49";"8 | 7";"10 | 10";"12.9 | 8.6";"8.8 | 9.3";"9.4";"4.3 | 4.7";"6.3 | 3.4";"1.6 | 0.9";"0.7 | 0.1";"1.6";"1.7"
"Iceland";"ISL";"1. Deild Women";"04-07-2026 11:00";"NS";"Volsungur Husavik W";"";"";"HK W";"";"";"35 | 38";"61 | 85";"";"49 | 61";"1.1 | 1.6";"56 | 64";"6.1 | 7";"";"";"";"30 | 50";"20 | 10";"50 | 40";"37 | 53";"50 | 60";"80 | 90";"70 | 50";"0x1 | 3x2";"25";"1.8 | 2.5";"2 | 1.9";"4.1";"46 | 48";"7 | 5";"10 | 10";"11 | 17.5";"12.8 | 8.8";"10";"5 | 4.5";"5 | 5.5";"1 | 1.2";"1.4 | 1.1";"2.4";"2.3"
"Iceland";"ISL";"2. Deild Women";"04-07-2026 11:00";"NS";"Augnablik W";"";"";"Vestri W";"";"";"2 | 49";"51 | 100";"";"";"1 | 1.8";"";"";"";"";"";"30 | 50";"10 | 30";"60 | 20";"33 | 60";"40 | 80";"90 | 70";"70 | 50";"0x6 | 2x2";"";"1.5 | 4.1";"3.7 | 1.6";"5.4";"";"6 | 5";"10 | 10";"";"";"";"";"";"";"";"";"2.1"
"Iceland";"ISL";"2. Deild Women";"04-07-2026 13:00";"NS";"Dalvík / Reynir W";"";"";"Álftanes W";"";"";"2 | 2";"58 | 20";"";"28 | 33";"1.1 | 0.2";"29 | 44";"2.5 | 12";"7";"43 | 57";"0";"30 | 0";"20 | 20";"50 | 80";"37 | 7";"50 | 20";"80 | 80";"70 | 100";"1x5 | 2x0";"28";"1.7 | 0.6";"3.2 | 4.4";"5";"37 | 43";"8 | 10";"10 | 10";"4.3 | 7.2";"19 | 25.6";"14.6";"9 | 14";"3.3 | 2.8";"1.3 | 1";"1 | 0.6";"2";"2.1"
"Latvia";"LVA";"Women League";"04-07-2026 08:00";"NS";"Iecava / Olaine W";"";"";"SFK Rīga W";"";"";"2 | 84";"100 | 100";"";"";"1.2 | 2.5";"";"";"5";"0 | 80";"20";"40 | 80";"0 | 10";"60 | 10";"40 | 83";"40 | 90";"100 | 90";"60 | 20";"0x12 | 0x3";"";"3 | 5";"3.8 | 0.6";"6.2";"";"5 | 2";"10 | 10";"";"";"";"";"";"";"";"";"2"
"New Zealand";"NZL";"National League Women";"04-07-2026 03:00";"NS";"Palmerston North United W";"";"";"Victoria University W";"";"";"28 | 2";"78 | 44";"";"";"1.8 | 0.4";"";"";"3";"67 | 0";"33";"60 | 10";"0 | 10";"40 | 80";"60 | 13";"60 | 20";"100 | 90";"40 | 90";"2x0 | 1x0";"";"2.3 | 1.3";"2.2 | 3.8";"4.8";"";"4 | 8";"10 | 10";"";"";"";"";"";"";"";"";"2.2"
"New Zealand";"NZL";"National League Women";"04-07-2026 23:30";"NS";"Miramar Rangers W";"";"";"Taradale W";"";"";"42 | 2";"48 | 58";"";"";"1.7 | 0.6";"";"";"2";"0 | 100";"0";"50 | 20";"20 | 0";"30 | 80";"57 | 20";"70 | 20";"80 | 100";"50 | 80";"2x0 | 0x3";"";"1.4 | 1.7";"1.8 | 5.2";"5.1";"";"5 | 10";"10 | 10";"";"";"";"";"";"";"";"";"2.2"
"New Zealand";"NZL";"Women's Cup";"04-07-2026 02:00";"NS";"Ellerslie W";"";"";"Western Springs W";"";"";"42 | 28";"68 | 44";"";"";"1.5 | 0.9";"";"";"5";"20 | 40";"40";"50 | 30";"0 | 0";"50 | 70";"50 | 30";"50 | 30";"100 | 100";"50 | 70";"2x0 | 2x0";"";"2 | 1.3";"1.8 | 2.2";"3.6";"";"";"10 | 10";"";"";"";"";"";"";"";"";"0"
"New Zealand";"NZL";"Women's Cup";"04-07-2026 23:00";"NS";"Wellington Phoenix III W";"";"";"Waterside Karori W";"";"";"49 | 56";"85 | 100";"";"";"1.7 | 2.4";"";"";"3";"33 | 67";"0";"50 | 80";"20 | 0";"30 | 20";"57 | 80";"70 | 80";"80 | 100";"50 | 20";"0x1 | 1x6";"";"2.5 | 5.3";"1.6 | 1.4";"5.4";"";"";"10 | 10";"";"";"";"";"";"";"";"";"0"
"Russia";"RUS";"Women's Cup";"04-07-2026 03:00";"NS";"Yenisey W";"";"";"Lokomotiv Moscow W";"";"";"49 | 88";"37 | 75";"";"35 | 61";"0.5 | 2.2";"35 | 66";"2.1 | 4.8";"10";"0 | 90";"10";"10 | 70";"20 | 10";"70 | 20";"17 | 73";"30 | 80";"80 | 90";"90 | 30";"0x3 | 0x3";"12.4";"1.1 | 2.2";"1.6 | 0.5";"2.7";"41 | 57";"";"10 | 10";"2.1 | 9.9";"7 | 5.9";"5.6";"3.3 | 2.4";"0.9 | 4.6";"1 | 1.6";"0.6 | 0.7";"2";"0"
"Russia";"RUS";"Women's Cup";"04-07-2026 05:00";"NS";"OSSh Chelyabinsk";"";"";"CSKA Moscow W";"";"";"52 | 84";"68 | 61";"";"";"2.1 | 2.2";"";"";"";"";"";"70 | 70";"0 | 10";"30 | 20";"70 | 73";"70 | 80";"100 | 90";"30 | 30";"2x1 | 0x3";"";"2 | 1.8";"1.5 | 0.6";"3";"";"";"10 | 10";"";"";"";"";"";"";"";"";"0"
"Russia";"RUS";"Women's Cup";"04-07-2026 09:00";"NS";"Zvezda 2005 W";"";"";"Krylya Sovetov W";"";"";"52 | 60";"27 | 48";"";"38 | 48";"1.2 | 1.7";"38 | 49";"6.5 | 2.8";"7";"43 | 29";"29";"30 | 50";"30 | 20";"40 | 30";"40 | 57";"60 | 70";"70 | 80";"70 | 50";"0x2 | 0x2";"13.2";"0.8 | 1.4";"1.5 | 1.3";"2.5";"41 | 49";"";"10 | 10";"5.1 | 3.7";"9.5 | 8";"6.3";"5 | 3.9";"2.2 | 1.6";"1.4 | 1.2";"0.7 | 1.1";"2.2";"0"
"Russia";"RUS";"Women's Cup";"04-07-2026 10:00";"NS";"ZhFK Nizhny Novgorod W";"";"";"Spartak Moskva W";"";"";"2 | 88";"20 | 54";"";"";"0.6 | 2.2";"";"";"";"";"";"20 | 60";"0 | 40";"80 | 0";"20 | 73";"20 | 100";"100 | 60";"80 | 40";"0x10 | 1x1";"";"0.6 | 1.6";"4 | 0.5";"3.4";"";"";"5 | 10";"";"";"";"";"";"";"";"";"0"
"Russia";"RUS";"Women's Cup";"04-07-2026 12:00";"NS";"Sochi W";"";"";"Zenit W";"";"";"";"";"";"";"";"";"";"";"";"";"";"";"";"";"";"";"";" | ";"";"";"";"";"";"";"";"";"";"";"";"";"";"";"";""
"Russia";"RUS";"Women's Cup";"04-07-2026 12:00";"NS";"Rostov W";"";"";"Krasnodar W";"";"";"35 | 49";"10 | 17";"";"43 | 32";"0.6 | 0.7";"37 | 27";"14 | 11.4";"10";"30 | 60";"10";"20 | 10";"0 | 40";"80 | 50";"20 | 23";"20 | 50";"100 | 60";"80 | 90";"0x2 | 1x1";"13.2";"0.3 | 0.5";"2 | 1.6";"2.2";"44 | 40";"";"10 | 10";"4.6 | 4.8";"7.8 | 9.2";"6.9";"4.1 | 4.3";"2 | 3.3";"2.3 | 1.7";"1.7 | 1.8";"3.8";"0"
"Vietnam";"VIE";"Women's National League";"04-07-2026 06:00";"NS";"Hà Nội II W";"";"";"GT Thai Nguyen W";"";"";"2 | 80";"14 | 71";"";"23 | 67";"0.2 | 2.1";"23 | 64";"8.2 | 6.5";"";"";"";"0 | 60";"20 | 30";"80 | 10";"7 | 70";"20 | 90";"80 | 70";"100 | 40";"0x2 | 0x1";"21.7";"0.4 | 2.1";"4 | 0.7";"3.6";"35 | 60";"7 | 3";"5 | 10";"3.3 | 13.6";"20.7 | 5.8";"12.2";"13 | 3";"1.3 | 7.1";"0.3 | 0.4";"0 | 1.1";"0.9";"0"
"World";"WOR";"Club Friendlies 1";"04-07-2026 09:30";"NS";"FC Dordrecht";"";"";"Feyenoord";"";"";"42 | 66";"41 | 51";"";"51 | 58";"0.9 | 1.7";"46 | 53";"7.6 | 6.8";"7";"0 | 100";"0";"20 | 40";"30 | 50";"50 | 10";"30 | 57";"50 | 90";"70 | 50";"80 | 60";"1x1 | 1x1";"25.6";"1.2 | 1.5";"1.8 | 1.1";"2.8";"49 | 49";"1 | 2";"10 | 10";"13.1 | 14.2";"12.5 | 11.3";"9.2";"5.5 | 3.4";"4 | 5.4";"2.3 | 1.6";"1.2 | 1.7";"3.4";"3.3"
"World";"WOR";"Club Friendlies 1";"04-07-2026 12:00";"NS";"Ajax";"";"";"Panathinaikos";"";"";"80 | 63";"54 | 20";"";"50 | 45";"1.6 | 1";"47 | 39";"7.1 | 12.7";"5";"60 | 40";"0";"40 | 20";"40 | 40";"20 | 40";"53 | 33";"80 | 60";"60 | 60";"60 | 80";"1x2 | 0x0";"25.8";"1.6 | 0.6";"0.7 | 1.2";"2";"54 | 47";"1 | 2";"10 | 10";"15 | 10.6";"12.8 | 13.2";"8.7";"3.8 | 4.6";"5.5 | 3.5";"1.9 | 2";"1.6 | 2.7";"4.1";"3.3"
"World";"WOR";"Club Friendlies 3";"04-07-2026 04:00";"NS";"Blaublitz Akita";"";"";"Fujieda MYFC";"";"";"70 | 88";"37 | 31";"";"53 | 56";"1.4 | 1.5";"51 | 43";"9 | 12.7";"10";"30 | 40";"30";"40 | 30";"20 | 60";"40 | 10";"47 | 50";"60 | 90";"80 | 40";"60 | 70";"0x1 | 0x0";"20";"1.1 | 0.9";"1 | 0.5";"1.8";"50 | 54";"1 | 2";"10 | 10";"10 | 11.8";"10.1 | 8.1";"6.8";"3.3 | 2.4";"3.5 | 4.3";"1.4 | 1.7";"1.5 | 1";"2.8";"2.1"
"World";"WOR";"Club Friendlies 3";"04-07-2026 05:30";"NS";"Teplice";"";"";"Příbram";"";"";"66 | 70";"58 | 27";"";"47 | 54";"1.7 | 1.2";"42 | 52";"4.6 | 15";"10";"40 | 10";"50";"50 | 30";"20 | 30";"30 | 40";"57 | 40";"70 | 60";"80 | 70";"50 | 70";"2x0 | 0x0";"21.5";"1.7 | 0.8";"1.1 | 1";"2.3";"46 | 54";"1 | 2";"10 | 10";"10.1 | 12";"13.8 | 7.2";"7.8";"4.2 | 3.2";"3.3 | 4.8";"1.5 | 1.5";"1.1 | 1.4";"2.8";"2.1"
"World";"WOR";"Club Friendlies 3";"04-07-2026 06:00";"NS";"Lugano";"";"";"Rapperswil-Jona";"";"";"80 | 46";"51 | 65";"";"46 | 44";"2.1 | 1.8";"47 | 45";"6.7 | 4.6";"2";"50 | 0";"50";"60 | 60";"30 | 0";"10 | 40";"70 | 60";"90 | 60";"70 | 100";"40 | 40";"1x0 | 1x2";"26.9";"1.5 | 1.9";"0.7 | 1.7";"2.9";"53 | 45";"1 | 2";"10 | 10";"13.5 | 12";"13.1 | 15.2";"10.4";"4.6 | 6.1";"5.5 | 4.5";"2.2 | 1.4";"2.6 | 1.7";"4";"2.1"
"World";"WOR";"Club Friendlies 3";"04-07-2026 06:00";"NS";"Zagłębie Sosnowiec";"";"";"Podbeskidzie";"";"";"42 | 77";"24 | 75";"";"47 | 50";"0.5 | 2.5";"59 | 51";"14.4 | 5.9";"10";"20 | 30";"50";"10 | 80";"20 | 10";"70 | 10";"17 | 83";"30 | 90";"80 | 90";"90 | 20";"0x2 | 1x2";"24.3";"0.7 | 2.2";"1.8 | 0.8";"2.8";"47 | 48";"1 | 2";"10 | 10";"10.1 | 12.9";"13.7 | 11.9";"9.6";"5.6 | 3.6";"3.8 | 6.1";"1.9 | 2.4";"2.6 | 2.8";"4.8";"2.1"
"World";"WOR";"Club Friendlies 3";"04-07-2026 06:00";"NS";"Slovan Liberec";"";"";"Dukla Praha";"";"";"56 | 46";"31 | 24";"";"51 | 47";"1 | 0.7";"49 | 44";"10.1 | 11.3";"10";"50 | 20";"30";"30 | 20";"10 | 10";"60 | 70";"33 | 23";"40 | 30";"90 | 90";"70 | 80";"0x2 | 2x0";"23.9";"0.9 | 0.7";"1.4 | 1.7";"2.3";"48 | 48";"1 | 2";"10 | 10";"12.5 | 10.5";"11.6 | 13.2";"8";"4.4 | 4.4";"3.6 | 3.5";"2.7 | 2.3";"1.7 | 1.9";"4.3";"2.1"
"World";"WOR";"Club Friendlies 3";"04-07-2026 06:00";"NS";"Hradec Králové";"";"";"Sparta Praha B";"";"";"74 | 60";"54 | 41";"";"43 | 46";"2.2 | 0.9";"41 | 44";"5 | 6.6";"10";"70 | 0";"30";"70 | 20";"10 | 30";"20 | 50";"73 | 30";"80 | 50";"90 | 70";"30 | 80";"1x0 | 1x0";"21.5";"1.6 | 1.2";"0.9 | 1.3";"2.5";"45 | 52";"1 | 2";"10 | 10";"10 | 7.9";"14.7 | 10.5";"7.8";"3.7 | 3.3";"4.3 | 4.3";"1 | 1.8";"1.3 | 2.1";"3.1";"2.1"
"World";"WOR";"Club Friendlies 3";"04-07-2026 06:00";"NS";"Táborsko";"";"";"Bohemians 1905";"";"";"46 | 70";"34 | 34";"";"44 | 50";"1.3 | 1.4";"39 | 50";"7.9 | 9.4";"8";"0 | 75";"25";"40 | 40";"10 | 20";"50 | 40";"43 | 47";"50 | 60";"90 | 80";"60 | 60";"1x0 | 0x2";"22.6";"1 | 1";"1.7 | 1";"2.4";"45 | 49";"1 | 2";"10 | 10";"7.9 | 12.2";"11.4 | 13.8";"8.7";"4.6 | 5.4";"3.4 | 4";"1.9 | 2";"2.2 | 1.9";"4";"2.1"
"World";"WOR";"Club Friendlies 3";"04-07-2026 07:00";"NS";"De Treffers";"";"";"FC Eindhoven";"";"";"70 | 42";"88 | 37";"";"55 | 49";"2.4 | 1.3";"64 | 48";"5.2 | 11.3";"";"";"";"70 | 40";"30 | 10";"0 | 50";"80 | 43";"100 | 50";"70 | 90";"30 | 60";"1x0 | 0x1";"26.5";"2.6 | 1.1";"1 | 1.8";"3.2";"56 | 44";"1 | 2";"10 | 10";"13.6 | 16.3";"9.7 | 13.4";"10.6";"4.2 | 5.2";"6.3 | 5.6";"0.9 | 1.7";"1.6 | 1.1";"2.6";"2.1"
"World";"WOR";"Club Friendlies 3";"04-07-2026 08:00";"NS";"Basel";"";"";"Aarau";"";"";"21 | 66";"51 | 65";"";"50 | 55";"1 | 1.7";"48 | 56";"5.7 | 6.8";"10";"50 | 30";"20";"30 | 40";"10 | 50";"60 | 10";"33 | 57";"40 | 90";"90 | 50";"70 | 60";"1x3 | 0x0";"29.4";"1.5 | 1.9";"2.4 | 1.1";"3.4";"53 | 52";"1 | 2";"10 | 10";"11.8 | 17.4";"14.8 | 14.7";"10.2";"5.4 | 4.8";"4.7 | 5.5";"2 | 2.5";"2.1 | 3.2";"4.9";"2.1"
"World";"WOR";"Club Friendlies 3";"04-07-2026 08:00";"NS";"Sparta Praha";"";"";"Opava";"1.06";"17.00";"66 | 60";"48 | 20";"3";"56 | 55";"1.9 | 0.5";"50 | 49";"6.8 | 19.5";"9";"89 | 0";"11";"60 | 0";"10 | 50";"30 | 50";"63 | 17";"70 | 50";"90 | 50";"40 | 100";"2x0 | 1x1";"23.2";"1.4 | 0.6";"1.1 | 1.3";"2.2";"55 | 54";"1 | 2";"10 | 10";"13.1 | 11.7";"11.8 | 9.9";"7.9";"3.5 | 4.4";"4.6 | 3.3";"2 | 1.6";"1.8 | 1.7";"3.6";"2.1"
"World";"WOR";"Club Friendlies 3";"04-07-2026 08:00";"NS";"Esbjerg";"";"";"Aarhus Fremad";"";"";"49 | 70";"51 | 68";"";"50 | 56";"1.5 | 1.7";"50 | 52";"7.2 | 5.6";"10";"50 | 30";"20";"40 | 50";"30 | 20";"30 | 30";"50 | 57";"70 | 70";"70 | 80";"60 | 50";"0x0 | 0x0";"25.6";"1.5 | 2";"1.6 | 1";"3";"46 | 54";"1 | 2";"10 | 10";"14.6 | 15.7";"13 | 7.9";"10.5";"5.4 | 3.3";"5.9 | 6.4";"1.3 | 1.5";"1.2 | 1.7";"2.8";"2.1"
"World";"WOR";"Club Friendlies 3";"04-07-2026 08:00";"NS";"Horsens";"";"";"Hobro";"";"";"100 | 63";"54 | 61";"";"48 | 51";"2.2 | 1.7";"44 | 48";"4.9 | 5.4";"10";"80 | 10";"10";"60 | 50";"40 | 20";"0 | 30";"73 | 57";"100 | 70";"60 | 80";"40 | 50";"1x0 | 0x1";"24.5";"1.6 | 1.8";"0.4 | 1.2";"2.5";"48 | 47";"1 | 2";"10 | 10";"10.6 | 13.3";"12.3 | 12.8";"8.6";"3.9 | 5.2";"3.9 | 4.2";"1.2 | 1.5";"1.1 | 1";"2.4";"2.1"
"World";"WOR";"Club Friendlies 3";"04-07-2026 08:00";"NS";"TOP Oss";"";"";"Go Ahead Eagles";"";"";"49 | 56";"68 | 58";"";"43 | 41";"1.7 | 1.2";"43 | 42";"4 | 4.7";"10";"30 | 60";"10";"50 | 30";"20 | 30";"30 | 40";"57 | 40";"70 | 60";"80 | 70";"50 | 70";"2x1 | 0x0";"31.4";"2 | 1.7";"1.6 | 1.4";"3.4";"41 | 48";"1 | 2";"10 | 10";"11.9 | 11.4";"17.5 | 22.1";"9.6";"4.5 | 6";"4 | 4.8";"1.8 | 1.1";"1.4 | 0.7";"2.5";"2.1"
"World";"WOR";"Club Friendlies 3";"04-07-2026 08:00";"NS";"FC Kempten";"";"";"Illertissen";"";"";"74 | 80";"31 | 58";"";"";"1.1 | 2";"";"";"";"";"";"10 | 60";"80 | 20";"10 | 20";"37 | 67";"90 | 80";"20 | 80";"90 | 40";"0x0 | 0x1";"";"0.9 | 1.7";"0.9 | 0.7";"2.1";"";"1 | 2";"10 | 10";"";"";"";"";"";"";"";"";"2.1"
"World";"WOR";"Club Friendlies 3";"04-07-2026 08:00";"NS";"Eintracht Braunschw. II";"";"";"HSC Hannover";"";"";"60 | 25";"61 | 61";"";"";"1.7 | 1.3";"";"";"4";"25 | 50";"25";"50 | 40";"20 | 10";"30 | 50";"57 | 43";"70 | 50";"80 | 90";"50 | 60";"1x2 | 0x1";"";"1.8 | 1.8";"1.3 | 2.3";"3.6";"";"1 | 2";"10 | 10";"";"";"";"";"";"";"";"";"2.1"
"World";"WOR";"Club Friendlies 3";"04-07-2026 08:00";"NS";"Brøndby IF";"";"";"Nordsjælland";"";"";"56 | 77";"75 | 48";"";"54 | 54";"1.4 | 1.7";"52 | 52";"5.5 | 8.1";"10";"30 | 20";"50";"40 | 40";"20 | 50";"40 | 10";"47 | 57";"60 | 90";"80 | 50";"60 | 60";"1x1 | 1x1";"28.4";"2.2 | 1.4";"1.4 | 0.8";"2.9";"52 | 57";"1 | 2";"10 | 10";"15.6 | 15";"12.6 | 13.6";"11";"5.4 | 4.5";"5.8 | 6.3";"2.3 | 1.8";"2.7 | 1.7";"4.2";"2.1"
"World";"WOR";"Club Friendlies 3";"04-07-2026 08:00";"NS";"Drochtersen / Assel";"";"";"Rödinghausen";"";"";"42 | 49";"61 | 41";"";"";"1.5 | 0.7";"";"";"";"";"";"40 | 10";"30 | 40";"30 | 50";"50 | 23";"70 | 50";"70 | 60";"60 | 90";"2x2 | 1x1";"";"1.8 | 1.2";"1.8 | 1.6";"3.2";"";"1 | 2";"10 | 10";"";"";"";"";"";"";"";"";"2.1"
"World";"WOR";"Club Friendlies 3";"04-07-2026 08:00";"NS";"FC Twente";"";"";"Aberdeen";"";"";"56 | 56";"68 | 41";"";"53 | 46";"2 | 1.4";"52 | 39";"5.9 | 6";"";"";"";"60 | 40";"20 | 20";"20 | 40";"67 | 47";"80 | 60";"80 | 80";"40 | 60";"2x1 | 2x0";"24.2";"2 | 1.2";"1.4 | 1.4";"3";"53 | 47";"1 | 2";"10 | 10";"16 | 9.8";"12.2 | 10.4";"8.7";"4.6 | 3.9";"6.4 | 2.6";"0.6 | 1.6";"1.6 | 1.9";"2.8";"2.1"
"World";"WOR";"Club Friendlies 3";"04-07-2026 08:30";"NS";"Ballymena United";"";"";"Strabane Athletic";"";"";"49 | 66";"48 | 61";"";"56 | 53";"1.1 | 2.1";"55 | 60";"4.6 | 5.2";"";"";"";"20 | 60";"50 | 30";"30 | 10";"37 | 70";"70 | 90";"50 | 70";"80 | 40";"1x1 | 1x2";"15.4";"1.4 | 1.8";"1.6 | 1.1";"3";"56 | 56";"1 | 2";"10 | 10";"6.5 | 9.4";"7 | 8";"5.6";"2.9 | 2.6";"2.6 | 3.2";"1.9 | 1.4";"2 | 2.6";"4";"2.1"
"World";"WOR";"Club Friendlies 3";"04-07-2026 09:00";"NS";"FSV Kuhlungsborn";"";"";"Hansa Rostock";"";"";"2 | 46";"71 | 85";"";"";"1.3 | 2";"";"";"";"";"";"40 | 60";"10 | 20";"50 | 20";"43 | 67";"50 | 80";"90 | 80";"60 | 40";"3x1 | 0x0";"";"2.1 | 2.5";"3.2 | 1.7";"4.8";"";"1 | 2";"10 | 10";"";"";"";"";"";"";"";"";"2.1"
"World";"WOR";"Club Friendlies 3";"04-07-2026 09:00";"NS";"Sportfreunde Siegen";"";"";"Fernwald";"";"";"60 | 56";"75 | 44";"";"";"1.4 | 1";"";"";"";"";"";"40 | 20";"20 | 40";"40 | 40";"47 | 33";"60 | 60";"80 | 60";"60 | 80";"1x2 | 1x1";"";"2.2 | 1.3";"1.3 | 1.4";"3.1";"";"1 | 2";"10 | 10";"";"";"";"";"";"";"";"";"2.1"
"World";"WOR";"Club Friendlies 3";"04-07-2026 09:00";"NS";"Willem II";"";"";"Quick Boys";"";"";"84 | 63";"54 | 75";"";"43 | 56";"2.5 | 2.3";"41 | 50";"5.4 | 4.8";"3";"33 | 67";"0";"80 | 70";"10 | 20";"10 | 10";"83 | 77";"90 | 90";"90 | 80";"20 | 30";"1x0 | 1x2";"21.8";"1.6 | 2.2";"0.6 | 1.2";"2.8";"45 | 53";"1 | 2";"10 | 10";"11.2 | 10.5";"13.6 | 8.4";"8";"2.8 | 3.5";"4.3 | 5.2";"1.4 | 1.9";"2.2 | 2.2";"3.8";"2.1"
"World";"WOR";"Club Friendlies 3";"04-07-2026 09:00";"NS";"Greifswalder FC";"";"";"Hamburger SV II";"";"";"74 | 70";"54 | 58";"";"";"1.5 | 1.5";"";"";"";"";"";"40 | 40";"30 | 30";"30 | 30";"50 | 50";"70 | 70";"70 | 70";"60 | 60";"0x0 | 1x0";"";"1.6 | 1.7";"0.9 | 1";"2.6";"";"1 | 2";"10 | 10";"";"";"";"";"";"";"";"";"2.1"
"World";"WOR";"Club Friendlies 3";"04-07-2026 09:00";"NS";"Homburg";"";"";"Emmelshausen-Karbach";"";"";"52 | 42";"100 | 92";"";"";"1.7 | 2";"";"";"";"";"";"50 | 60";"20 | 20";"30 | 20";"57 | 67";"70 | 80";"80 | 80";"50 | 40";"1x1 | 1x2";"";"3 | 2.7";"1.5 | 1.8";"4.5";"";"1 | 2";"10 | 10";"";"";"";"";"";"";"";"";"2.1"
"World";"WOR";"Club Friendlies 3";"04-07-2026 09:00";"NS";"SC Wiedenbrück";"";"";"Chemie Leipzig";"";"";"52 | 63";"34 | 68";"";"";"1.1 | 2";"";"";"";"";"";"30 | 60";"20 | 20";"50 | 20";"37 | 67";"50 | 80";"80 | 80";"70 | 40";"1x0 | 0x1";"";"1 | 2";"1.5 | 1.2";"2.8";"";"1 | 2";"10 | 10";"";"";"";"";"";"";"";"";"2.1"
"World";"WOR";"Club Friendlies 3";"04-07-2026 09:00";"NS";"Club Brugge";"";"";"KV Kortrijk";"";"";"74 | 66";"100 | 95";"";"55 | 61";"2.5 | 2.2";"53 | 61";"4.3 | 5";"10";"50 | 30";"20";"80 | 70";"10 | 10";"10 | 20";"83 | 73";"90 | 80";"90 | 90";"20 | 30";"2x0 | 1x3";"30.4";"3.2 | 2.8";"0.9 | 1.1";"4";"54 | 52";"1 | 2";"10 | 10";"20.2 | 17.1";"14.5 | 8.9";"11";"3.8 | 3.9";"7.6 | 6.7";"1.4 | 1.2";"2 | 1.6";"3.1";"2.1"
"World";"WOR";"Club Friendlies 3";"04-07-2026 09:00";"NS";"Ingolstadt";"";"";"Eichstätt";"1.34";"5.57";"42 | 70";"65 | 34";"1";"";"1.2 | 1.2";"";"";"7";"43 | 14";"43";"40 | 30";"0 | 30";"60 | 40";"40 | 40";"40 | 60";"100 | 70";"60 | 70";"0x1 | 1x0";"";"1.9 | 1";"1.8 | 1";"2.8";"";"1 | 2";"10 | 10";"";"";"";"";"";"";"";"";"2.1"
"World";"WOR";"Club Friendlies 3";"04-07-2026 09:00";"NS";"Sonnenhof Großaspach";"";"";"SGV Freiberg";"";"";"77 | 42";"75 | 48";"";"";"2.2 | 1.1";"";"";"4";"50 | 0";"50";"70 | 30";"10 | 20";"20 | 50";"73 | 37";"80 | 50";"90 | 80";"30 | 70";"0x2 | 2x1";"";"2.2 | 1.4";"0.8 | 1.8";"3.1";"";"1 | 2";"10 | 10";"";"";"";"";"";"";"";"";"2.1"
"World";"WOR";"Club Friendlies 3";"04-07-2026 09:00";"NS";"Melle 03";"";"";"Osnabrück";"";"";"32 | 70";"95 | 65";"";"";"1.3 | 2.3";"";"";"";"";"";"40 | 70";"10 | 20";"50 | 10";"43 | 77";"50 | 90";"90 | 80";"60 | 30";"1x3 | 0x1";"";"2.8 | 1.9";"2.1 | 1";"3.9";"";"1 | 2";"10 | 10";"";"";"";"";"";"";"";"";"2.1"
"World";"WOR";"Club Friendlies 3";"04-07-2026 09:00";"NS";"Hollenbach";"";"";"Ansbach";"";"";"35 | 46";"54 | 78";"";"";"1.1 | 1.8";"";"";"3";"33 | 67";"0";"30 | 60";"20 | 0";"50 | 40";"37 | 60";"50 | 60";"80 | 100";"70 | 40";"0x2 | 1x3";"";"1.6 | 2.3";"2 | 1.7";"3.8";"";"1 | 2";"10 | 10";"";"";"";"";"";"";"";"";"2.1"
"World";"WOR";"Club Friendlies 3";"04-07-2026 09:00";"NS";"Ayr United";"";"";"Airdrieonians";"";"";"56 | 46";"27 | 48";"";"51 | 48";"0.8 | 1";"51 | 45";"7.9 | 6.3";"10";"80 | 10";"10";"20 | 20";"20 | 40";"60 | 40";"27 | 33";"40 | 60";"80 | 60";"80 | 80";"0x1 | 1x1";"19.8";"0.8 | 1.4";"1.4 | 1.7";"2.7";"51 | 50";"1 | 2";"10 | 10";"9.1 | 10.7";"8.7 | 11";"7.6";"3.7 | 4.1";"3.4 | 4.1";"2.6 | 1.8";"2.1 | 1.8";"4.2";"2.1"
"World";"WOR";"Club Friendlies 3";"04-07-2026 09:00";"NS";"Linfield";"";"";"Kilmarnock";"";"";"52 | 60";"37 | 65";"";"50 | 49";"1.1 | 1.9";"47 | 44";"7.6 | 4.3";"";"";"";"30 | 60";"20 | 10";"50 | 30";"37 | 63";"50 | 70";"80 | 90";"70 | 40";"0x2 | 0x3";"20.5";"1.1 | 1.9";"1.5 | 1.3";"2.9";"49 | 49";"1 | 2";"10 | 10";"8.4 | 12.3";"8.8 | 11.5";"8.6";"5 | 4";"4 | 4.3";"1.6 | 2.2";"1.2 | 1.9";"3.5";"2.1"
"World";"WOR";"Club Friendlies 3";"04-07-2026 09:00";"NS";"Fortuna Köln";"";"";"TuS Koblenz";"";"";"66 | 28";"58 | 58";"";"";"1.7 | 1.1";"";"";"3";"67 | 33";"0";"50 | 30";"20 | 20";"30 | 50";"57 | 37";"70 | 50";"80 | 80";"50 | 70";"2x0 | 1x0";"";"1.7 | 1.7";"1.1 | 2.2";"3.4";"";"1 | 2";"10 | 10";"";"";"";"";"";"";"";"";"2.1"
"World";"WOR";"Club Friendlies 3";"04-07-2026 09:00";"NS";"Energie Cottbus";"";"";"Hertha BSC II";"";"";"74 | 52";"78 | 34";"";"";"2.1 | 1";"";"";"10";"50 | 20";"30";"70 | 30";"0 | 10";"30 | 60";"70 | 33";"70 | 40";"100 | 90";"30 | 70";"1x2 | 1x0";"";"2.3 | 1";"0.9 | 1.5";"2.8";"";"1 | 2";"10 | 10";"";"";"";"";"";"1.4 | 0.5";"1.6 | 0.5";"2";"2.1"
"World";"WOR";"Club Friendlies 3";"04-07-2026 09:00";"NS";"VfB Lübeck";"";"";"Jeddeloh";"";"";"63 | 42";"44 | 92";"";"";"1.2 | 1.7";"";"";"10";"40 | 20";"40";"30 | 50";"30 | 20";"40 | 30";"40 | 57";"60 | 70";"70 | 80";"70 | 50";"1x1 | 0x2";"";"1.3 | 2.7";"1.2 | 1.8";"3.5";"";"1 | 2";"10 | 10";"";"";"";"";"";"";"";"";"2.1"
"World";"WOR";"Club Friendlies 3";"04-07-2026 09:00";"NS";"Cove Rangers";"";"";"Huntly";"";"";"70 | 63";"41 | 48";"";"";"1.5 | 1.3";"";"";"2";"100 | 0";"0";"40 | 30";"30 | 40";"30 | 30";"50 | 43";"70 | 70";"70 | 60";"60 | 70";"2x0 | 1x1";"";"1.2 | 1.4";"1 | 1.2";"2.4";"";"1 | 2";"10 | 10";"";"";"";"";"";"";"";"";"2.1"
"World";"WOR";"Club Friendlies 3";"04-07-2026 09:15";"NS";"Memmingen";"";"";"TSV Essingen";"";"";"42 | 28";"41 | 44";"";"";"1 | 1.2";"";"";"";"";"";"30 | 30";"10 | 30";"60 | 40";"33 | 40";"40 | 60";"90 | 70";"70 | 70";"0x1 | 2x1";"";"1.2 | 1.3";"1.8 | 2.2";"3.2";"";"1 | 2";"10 | 10";"";"";"";"";"";"";"";"";"2.1"
"World";"WOR";"Club Friendlies 3";"04-07-2026 09:30";"NS";"Coleraine";"";"";"H&W Welders";"";"";"70 | 42";"99 | 54";"";"52 | 53";"2.6 | 1.1";"46 | 49";"3.9 | 3.9";"3";"100 | 0";"0";"80 | 30";"20 | 20";"0 | 50";"87 | 37";"100 | 50";"80 | 80";"20 | 70";"1x1 | 0x0";"16";"2.9 | 1.6";"1 | 1.8";"3.6";"51 | 46";"1 | 2";"10 | 10";"11.3 | 6.3";"7 | 7.3";"8.8";"3.7 | 4.3";"6.5 | 3";"0.7 | 1.3";"1.1 | 1";"2";"2.1"
"World";"WOR";"Club Friendlies 3";"04-07-2026 10:00";"NS";"VfB Bottrop 1900";"";"";"Rot-Weiss Essen";"";"";"2 | 38";"65 | 61";"";"";"1 | 1.8";"";"";"2";"0 | 100";"0";"30 | 60";"10 | 0";"60 | 40";"33 | 60";"40 | 60";"90 | 100";"70 | 40";"2x3 | 0x1";"";"1.9 | 1.8";"3.1 | 1.9";"4.4";"";"1 | 2";"10 | 10";"";"";"";"";"";"";"";"";"2.1"
"World";"WOR";"Club Friendlies 3";"04-07-2026 10:00";"NS";"Haverfordwest County";"";"";"Hamilton Academical";"";"";"80 | 56";"51 | 61";"";"58 | 48";"1.9 | 1.9";"53 | 43";"8.5 | 4.8";"";"";"";"60 | 60";"10 | 10";"30 | 30";"63 | 63";"70 | 70";"90 | 90";"40 | 40";"1x0 | 1x3";"21.4";"1.5 | 1.8";"0.7 | 1.4";"2.7";"54 | 48";"1 | 2";"10 | 10";"12.8 | 10.6";"8 | 11.3";"9.6";"2.9 | 4.2";"6.7 | 5.3";"1.9 | 1.9";"1.7 | 1";"3.2";"2.1"
"World";"WOR";"Club Friendlies 3";"04-07-2026 10:00";"NS";"Montrose";"";"";"St. Johnstone";"";"";"32 | 100";"48 | 68";"";"48 | 62";"0.9 | 2.6";"40 | 55";"5.1 | 4.8";"2";"50 | 50";"0";"20 | 80";"30 | 20";"50 | 0";"30 | 87";"50 | 100";"70 | 80";"80 | 20";"1x1 | 0x2";"19.2";"1.4 | 2";"2.1 | 0.4";"3";"48 | 57";"1 | 2";"10 | 10";"9.1 | 12.2";"12.4 | 4.6";"7.4";"5.6 | 1.3";"3.7 | 4.3";"2 | 1.9";"1.3 | 2.3";"3.8";"2.1"
"World";"WOR";"Club Friendlies 3";"04-07-2026 10:00";"NS";"RKC Waalwijk";"";"";"Jong AZ";"";"";"49 | 32";"68 | 41";"";"53 | 51";"1.3 | 1";"51 | 53";"5.8 | 10";"6";"67 | 17";"17";"30 | 30";"40 | 10";"30 | 60";"43 | 33";"70 | 40";"60 | 90";"70 | 70";"1x1 | 2x0";"28.4";"2 | 1.2";"1.6 | 2.1";"3.4";"50 | 49";"1 | 2";"10 | 10";"15.3 | 15.7";"10.9 | 14.9";"10.5";"3.4 | 5.6";"6.1 | 5.9";"1.9 | 1";"2 | 1.6";"3.2";"2.1"
"World";"WOR";"Club Friendlies 3";"04-07-2026 10:00";"NS";"Inverness CT";"";"";"Ross County";"";"";"66 | 46";"54 | 71";"";"58 | 52";"1.9 | 1.3";"50 | 44";"6 | 3";"10";"10 | 40";"50";"50 | 40";"40 | 10";"10 | 50";"63 | 43";"90 | 50";"60 | 90";"50 | 60";"1x1 | 1x5";"16.8";"1.6 | 2.1";"1.1 | 1.7";"3.2";"57 | 51";"1 | 2";"10 | 10";"11.2 | 8.1";"7.1 | 7.2";"8";"4.7 | 3.1";"4.9 | 3.4";"1.7 | 2.8";"1.7 | 1.2";"3.6";"2.1"
"World";"WOR";"Club Friendlies 3";"04-07-2026 10:00";"NS";"Rutherglen Glencairn";"";"";"Clyde";"";"";"32 | 52";"51 | 61";"";"";"1.3 | 1.7";"";"";"";"";"";"40 | 50";"10 | 20";"50 | 30";"43 | 57";"50 | 70";"90 | 80";"60 | 50";"0x1 | 0x2";"";"1.5 | 1.8";"2.1 | 1.5";"3.4";"";"1 | 2";"10 | 10";"";"";"";"";"";"";"";"";"2.1"
"World";"WOR";"Club Friendlies 3";"04-07-2026 10:00";"NS";"Arbroath";"";"";"Brechin City";"";"";"60 | 74";"27 | 54";"";"49 | 58";"0.9 | 1.9";"46 | 46";"5.9 | 8";"10";"40 | 30";"30";"20 | 60";"30 | 10";"50 | 30";"30 | 63";"50 | 70";"70 | 90";"80 | 40";"0x0 | 0x1";"18.5";"0.8 | 1.6";"1.3 | 0.9";"2.3";"49 | 59";"1 | 2";"10 | 10";"6.3 | 12.8";"8.2 | 9.8";"7.4";"3.3 | 3.2";"2.7 | 5.5";"2.1 | 0.9";"1.9 | 2.9";"3.8";"2.1"
"World";"WOR";"Club Friendlies 3";"04-07-2026 10:00";"NS";"Johnstone Burgh";"";"";"Elgin City";"";"";"25 | 66";"51 | 44";"";"";"0.7 | 1.3";"";"";"";"";"";"20 | 30";"10 | 40";"70 | 30";"23 | 43";"30 | 70";"90 | 60";"80 | 70";"0x1 | 1x1";"";"1.5 | 1.3";"2.3 | 1.1";"3.1";"";"1 | 2";"10 | 10";"";"";"";"";"";"";"";"";"2.1"
"World";"WOR";"Club Friendlies 3";"04-07-2026 10:00";"NS";"Forfar Athletic";"";"";"Banks O Dee FC";"";"";"63 | 66";"48 | 61";"";"46 | 42";"1.5 | 1.7";"38 | 30";"5.3 | 3.9";"";"";"";"40 | 50";"30 | 20";"30 | 30";"50 | 57";"70 | 70";"70 | 80";"60 | 50";"1x0 | 0x1";"17.4";"1.4 | 1.8";"1.2 | 1.1";"2.8";"47 | 51";"1 | 2";"10 | 10";"8.3 | 7";"8.9 | 10.5";"8";"3.4 | 5.5";"5 | 2";"1.5 | 2";"1.3 | 1";"2.9";"2.1"
"World";"WOR";"Club Friendlies 3";"04-07-2026 10:00";"NS";"Glentoran";"";"";"Dundela";"";"";"63 | 56";"54 | 34";"";"66 | 42";"1.4 | 1.1";"60 | 38";"5.5 | 5";"7";"71 | 14";"14";"30 | 20";"50 | 50";"20 | 30";"47 | 37";"80 | 70";"50 | 50";"70 | 80";"1x1 | 1x1";"11.2";"1.6 | 1";"1.2 | 1.4";"2.6";"59 | 54";"1 | 2";"10 | 10";"8.8 | 5";"3.6 | 5";"4.8";"1.7 | 2";"3.3 | 2.5";"0.7 | 2.5";"1 | 2";"3.1";"2.1"
"World";"WOR";"Club Friendlies 3";"04-07-2026 10:00";"NS";"La Louvière";"";"";"Rochefort";"";"";"35 | 25";"48 | 41";"";"51 | 40";"0.9 | 0.4";"51 | 34";"7.6 | 6.7";"";"";"";"20 | 10";"30 | 10";"50 | 80";"30 | 13";"50 | 20";"70 | 90";"80 | 90";"0x0 | 1x0";"25.2";"1.4 | 1.2";"2 | 2.3";"3.4";"48 | 46";"1 | 2";"10 | 10";"14.4 | 8";"12 | 15.9";"10.4";"4.9 | 8";"4.8 | 3.1";"1.7 | 2.6";"1.6 | 1.6";"3.7";"2.1"
"World";"WOR";"Club Friendlies 3";"04-07-2026 10:00";"NS";"Mechelen";"";"";"Rupel Boom";"";"";"21 | 56";"31 | 58";"";"44 | 56";"0.6 | 1.6";"36 | 43";"7.1 | 8.4";"4";"75 | 0";"25";"10 | 40";"30 | 40";"60 | 20";"20 | 53";"40 | 80";"70 | 60";"90 | 60";"0x3 | 2x2";"22.1";"0.9 | 1.7";"2.4 | 1.4";"3.2";"51 | 51";"1 | 2";"10 | 10";"9.1 | 14.3";"14.1 | 6.7";"7.9";"6.4 | 1.3";"2.7 | 5.3";"1.9 | 1";"2 | 1";"3";"2.1"
"World";"WOR";"Club Friendlies 3";"04-07-2026 10:00";"NS";"Tranent Juniors";"";"";"Stirling Albion";"";"";"70 | 32";"61 | 44";"";"60 | 40";"1.9 | 0.7";"53 | 37";"7.1 | 5.2";"";"";"";"60 | 10";"10 | 40";"30 | 50";"63 | 23";"70 | 50";"90 | 60";"40 | 90";"2x1 | 2x2";"21.2";"1.8 | 1.3";"1 | 2.1";"3.1";"54 | 43";"1 | 2";"10 | 10";"12.8 | 7.7";"6.6 | 15.2";"9.3";"2.5 | 6.7";"5.9 | 3.5";"1.2 | 2.2";"2.1 | 1.9";"3.7";"2.1"
"World";"WOR";"Club Friendlies 3";"04-07-2026 10:30";"NS";"Rot-Weiß Oberhausen";"";"";"VfL Bochum 1848";"";"";"60 | 38";"65 | 48";"";"";"2.1 | 1.2";"";"";"3";"33 | 67";"0";"60 | 30";"30 | 30";"10 | 40";"70 | 40";"90 | 60";"70 | 70";"40 | 70";"2x1 | 1x1";"";"1.9 | 1.4";"1.3 | 1.9";"3.2";"";"1 | 2";"10 | 10";"";"";"";"";"";"0.5 | 2.7";"1 | 1.4";"2.8";"2.1"
"World";"WOR";"Club Friendlies 3";"04-07-2026 10:30";"NS";"FSV Optik Rathenow";"";"";"FC Union Berlin";"";"";"66 | 35";"37 | 51";"";"";"1.1 | 1.1";"";"";"";"";"";"20 | 30";"50 | 20";"30 | 50";"37 | 37";"70 | 50";"50 | 80";"80 | 70";"1x1 | 3x1";"";"1.1 | 1.5";"1.1 | 2";"2.8";"";"1 | 2";"10 | 10";"";"";"";"";"";"";"";"";"2.1"
"World";"WOR";"Club Friendlies 3";"04-07-2026 10:30";"NS";"Auerbach";"";"";"Bayreuth";"";"";"66 | 49";"51 | 54";"";"";"1.8 | 1.2";"";"";"";"";"";"50 | 30";"30 | 30";"20 | 40";"60 | 40";"80 | 60";"70 | 70";"50 | 70";"1x0 | 1x1";"";"1.5 | 1.6";"1.1 | 1.6";"2.9";"";"1 | 2";"10 | 10";"";"";"";"";"";"";"";"";"2.1"
"World";"WOR";"Club Friendlies 3";"04-07-2026 11:00";"NS";"Rheindorf Altach";"";"";"Heidenheim";"";"";"38 | 38";"48 | 65";"";"44 | 44";"1 | 1.2";"40 | 39";"5.7 | 4.2";"3";"33 | 33";"33";"20 | 30";"40 | 30";"40 | 40";"33 | 40";"60 | 60";"60 | 70";"80 | 70";"2x2 | 1x3";"24";"1.4 | 1.9";"1.9 | 1.9";"3.6";"50 | 42";"1 | 2";"10 | 10";"9.8 | 10.5";"12.7 | 15.1";"10";"6.6 | 5.5";"4 | 4";"1.4 | 1.1";"2.4 | 2";"3.4";"2.1"
"World";"WOR";"Club Friendlies 3";"04-07-2026 11:00";"NS";"Clay Cross Town";"";"";"Chesterfield";"";"";"66 | 88";"37 | 37";"";"";"1.2 | 2.1";"";"";"";"";"";"30 | 60";"30 | 30";"40 | 10";"40 | 70";"60 | 90";"70 | 70";"70 | 40";"0x1 | 0x1";"";"1.1 | 1.1";"1.1 | 0.5";"1.9";"";"1 | 2";"10 | 10";"";"";"";"";"";"";"";"";"2.1"
"World";"WOR";"Club Friendlies 3";"04-07-2026 11:00";"NS";"Peterhead";"";"";"Celtic II";"";"";"46 | 32";"34 | 78";"";"48 | 53";"0.8 | 1";"38 | 47";"5.8 | 5.4";"";"";"";"20 | 20";"20 | 40";"60 | 40";"27 | 33";"40 | 60";"80 | 60";"80 | 80";"0x2 | 2x2";"21.6";"1 | 2.3";"1.7 | 2.1";"3.6";"50 | 58";"1 | 2";"10 | 10";"8.5 | 12.4";"10.8 | 11.4";"10";"5 | 5.8";"3.2 | 6";"1.8 | 1";"2.6 | 1.6";"3.5";"2.1"
"World";"WOR";"Club Friendlies 3";"04-07-2026 11:00";"NS";"Verlaine";"";"";"Standard Liège";"";"";"46 | 66";"51 | 58";"";"";"1.2 | 1.7";"";"";"";"";"";"30 | 50";"30 | 20";"40 | 30";"40 | 57";"60 | 70";"70 | 80";"70 | 50";"0x2 | 1x2";"";"1.5 | 1.7";"1.7 | 1.1";"3";"";"1 | 2";"10 | 10";"";"";"";"";"";"";"";"";"2.1"
"World";"WOR";"Club Friendlies 3";"04-07-2026 11:00";"NS";"Ballymena United";"";"";"Loughgall";"";"";"49 | 60";"48 | 20";"";"56 | 52";"1.1 | 0.8";"55 | 58";"4.6 | 13.3";"10";"50 | 50";"0";"20 | 20";"50 | 20";"30 | 60";"37 | 27";"70 | 40";"50 | 80";"80 | 80";"1x1 | 1x0";"15.2";"1.4 | 0.6";"1.6 | 1.3";"2.4";"56 | 43";"1 | 2";"10 | 10";"6.5 | 8";"7 | 8.8";"6.2";"2.9 | 3.8";"2.6 | 3.2";"1.9 | 1.2";"2 | 1.2";"3.2";"2.1"
"World";"WOR";"Club Friendlies 3";"04-07-2026 11:00";"NS";"Alfreton Town";"";"";"Notts County";"";"";"49 | 70";"48 | 44";"";"43 | 50";"1.4 | 1.7";"45 | 44";"5.8 | 5.9";"7";"14 | 57";"29";"30 | 50";"50 | 20";"20 | 30";"47 | 57";"80 | 70";"50 | 80";"70 | 50";"1x1 | 0x1";"20.4";"1.4 | 1.3";"1.6 | 1";"2.6";"43 | 54";"1 | 2";"10 | 10";"8.1 | 10.5";"12.1 | 10.1";"7.9";"5 | 3.1";"3.4 | 4.3";"2.1 | 1.9";"2.3 | 1.7";"4";"2.1"
"World";"WOR";"Club Friendlies 3";"04-07-2026 11:00";"NS";"Excelsior";"";"";"SC Cambuur";"";"";"52 | 49";"58 | 51";"";"53 | 59";"1.2 | 1.5";"48 | 54";"6.3 | 6.3";"10";"30 | 70";"0";"30 | 40";"30 | 30";"40 | 30";"40 | 50";"60 | 70";"70 | 70";"70 | 60";"1x1 | 1x1";"26.6";"1.7 | 1.5";"1.5 | 1.6";"3.2";"52 | 58";"1 | 2";"10 | 10";"15.2 | 14.3";"12 | 11.6";"9.2";"4.4 | 4.5";"5.1 | 4.5";"0.6 | 2";"1.6 | 2.4";"3.3";"2.1"
"World";"WOR";"Club Friendlies 3";"04-07-2026 11:00";"NS";"Halifax Town";"";"";"Sheffield United";"";"";"60 | 46";"48 | 51";"";"49 | 52";"1.7 | 1.1";"48 | 50";"6.2 | 6.6";"";"";"";"50 | 30";"20 | 20";"30 | 50";"57 | 37";"70 | 50";"80 | 80";"50 | 70";"1x0 | 1x2";"22";"1.4 | 1.5";"1.3 | 1.7";"3";"51 | 54";"1 | 2";"10 | 10";"8.7 | 13.6";"8.7 | 12.9";"9";"4.2 | 4.9";"4 | 5";"2.3 | 2.3";"2.2 | 2.8";"4.8";"2.1"
"World";"WOR";"Club Friendlies 3";"04-07-2026 11:00";"NS";"Norwich City";"";"";"King's Lynn Town";"";"";"66 | 52";"48 | 44";"";"57 | 47";"1.7 | 1";"50 | 47";"7.1 | 6.5";"4";"100 | 0";"0";"50 | 20";"20 | 40";"30 | 40";"57 | 33";"70 | 60";"80 | 60";"50 | 80";"1x1 | 1x0";"20.2";"1.4 | 1.3";"1.1 | 1.5";"2.6";"60 | 44";"1 | 2";"10 | 10";"13.4 | 8.5";"9.7 | 8.7";"8.1";"4 | 3.6";"5.1 | 3.5";"2.6 | 1.9";"2.7 | 1.7";"4.4";"2.1"
"World";"WOR";"Club Friendlies 3";"04-07-2026 11:00";"NS";"Helmond Sport";"";"";"AEK Larnaca";"";"";"56 | 66";"24 | 44";"";"53 | 46";"0.7 | 1.6";"46 | 46";"10.7 | 7";"";"";"";"10 | 40";"40 | 40";"50 | 20";"23 | 53";"50 | 80";"60 | 60";"90 | 60";"0x1 | 1x1";"21.3";"0.7 | 1.3";"1.4 | 1.1";"2.2";"54 | 48";"1 | 2";"10 | 10";"11.2 | 9.1";"10.8 | 11.5";"7.5";"3.6 | 4.2";"2.9 | 4.3";"1.7 | 2.1";"1.1 | 3.1";"4";"2.1"
"World";"WOR";"Club Friendlies 3";"04-07-2026 11:00";"NS";"Zelzate";"";"";"Zulte-Waregem";"";"";"21 | 52";"48 | 54";"";"46 | 52";"1 | 1.9";"46 | 46";"9.1 | 5.2";"";"";"";"30 | 60";"10 | 10";"60 | 30";"33 | 63";"40 | 70";"90 | 90";"70 | 40";"2x1 | 1x2";"26.5";"1.4 | 1.6";"2.4 | 1.5";"3.4";"50 | 49";"1 | 2";"10 | 10";"12.7 | 12.9";"15.9 | 11.6";"10.7";"7.2 | 4.2";"5.4 | 4.6";"1.7 | 0.8";"1.7 | 2.1";"3.1";"2.1"
"World";"WOR";"Club Friendlies 3";"04-07-2026 11:00";"NS";"Queen of the South";"";"";"Crusaders";"";"";"66 | 46";"51 | 48";"";"51 | 47";"1.3 | 1.4";"44 | 53";"6.4 | 6.9";"";"";"";"20 | 40";"70 | 20";"10 | 40";"43 | 47";"90 | 60";"30 | 80";"80 | 60";"1x1 | 2x3";"20.4";"1.5 | 1.4";"1.1 | 1.7";"2.8";"54 | 48";"1 | 2";"10 | 10";"12.1 | 9.7";"9.9 | 9";"8";"4.7 | 3.5";"4.9 | 2.8";"2.2 | 2.3";"1.9 | 2.4";"4.4";"2.1"
"World";"WOR";"Club Friendlies 3";"04-07-2026 11:00";"NS";"Kelty Hearts";"";"";"Dunfermline Athletic";"";"";"52 | 74";"34 | 27";"";"48 | 47";"1.1 | 1.3";"38 | 47";"6.8 | 9.1";"7";"14 | 57";"29";"30 | 30";"20 | 40";"50 | 30";"37 | 43";"50 | 70";"80 | 60";"70 | 70";"1x1 | 0x0";"18.1";"1 | 0.8";"1.5 | 0.9";"2.1";"48 | 49";"1 | 2";"10 | 10";"8.6 | 9.1";"9.4 | 9.1";"7";"3.6 | 3.6";"4.1 | 2.7";"2.1 | 1.7";"1.9 | 2";"3.8";"2.1"
"World";"WOR";"Club Friendlies 3";"04-07-2026 11:00";"NS";"Greenock Morton";"";"";"Stranraer";"";"";"38 | 77";"31 | 44";"";"42 | 57";"0.8 | 1.5";"41 | 54";"8.4 | 7.1";"10";"70 | 20";"10";"20 | 40";"20 | 30";"60 | 30";"27 | 50";"40 | 70";"80 | 70";"80 | 60";"1x3 | 1x0";"23";"0.9 | 1.3";"1.9 | 0.8";"2.4";"44 | 54";"1 | 2";"10 | 10";"10.1 | 12.3";"13.9 | 9.7";"8.8";"5.6 | 3.6";"4.1 | 4.2";"2.5 | 1.6";"1.6 | 1.9";"3.8";"2.1"
"World";"WOR";"Club Friendlies 3";"04-07-2026 11:00";"NS";"United of Manchester";"";"";"Bradford City";"";"";"49 | 66";"71 | 34";"";"54 | 56";"1.6 | 1.2";"46 | 51";"5.6 | 7.4";"";"";"";"50 | 30";"10 | 30";"40 | 40";"53 | 40";"60 | 60";"90 | 70";"50 | 70";"2x3 | 1x0";"20.6";"2.1 | 1";"1.6 | 1.1";"2.9";"51 | 51";"1 | 2";"10 | 10";"11.8 | 11.1";"7.8 | 10.4";"6.8";"3.4 | 2.6";"4.2 | 3.4";"1 | 2.3";"1 | 2";"3.2";"2.1"
"World";"WOR";"Club Friendlies 3";"04-07-2026 11:00";"NS";"FC Gießen";"";"";"Elversberg";"";"";"56 | 49";"71 | 85";"";"";"1.6 | 1.7";"";"";"8";"0 | 88";"12";"50 | 50";"10 | 20";"40 | 30";"53 | 57";"60 | 70";"90 | 80";"50 | 50";"4x1 | 0x3";"";"2.1 | 2.5";"1.4 | 1.6";"3.8";"";"1 | 2";"10 | 10";"";"";"";"";"";"";"";"";"2.1"
"World";"WOR";"Club Friendlies 3";"04-07-2026 11:00";"NS";"Lokomotive Leipzig";"";"";"Kladno";"";"";"60 | 80";"37 | 61";"";"44 | 62";"1.1 | 2";"47 | 59";"7.7 | 6.1";"";"";"";"30 | 60";"20 | 20";"50 | 20";"37 | 67";"50 | 80";"80 | 80";"70 | 40";"0x1 | 0x2";"19.3";"1.1 | 1.8";"1.3 | 0.7";"2.4";"53 | 60";"1 | 2";"10 | 10";"8.5 | 10.9";"13 | 6.2";"8.3";"5.5 | 2.1";"4.5 | 4.4";"3.3 | 1.5";"2.7 | 2.1";"4.8";"2.1"
"World";"WOR";"Club Friendlies 3";"04-07-2026 11:00";"NS";"Limavady United";"";"";"Warrenpoint Town";"";"";"77 | 56";"61 | 14";"";"";"1.9 | 0.5";"";"";"10";"30 | 60";"10";"60 | 10";"10 | 20";"30 | 70";"63 | 17";"70 | 30";"90 | 80";"40 | 90";"0x2 | 1x0";"";"1.8 | 0.4";"0.8 | 1.4";"2.2";"";"1 | 2";"10 | 10";"";"";"";"";"";"";"";"";"2.1"
"World";"WOR";"Club Friendlies 3";"04-07-2026 11:00";"NS";"Metz";"";"";"Differdange 03";"";"";"25 | 84";"34 | 58";"";"45 | 64";"0.4 | 2.1";"41 | 56";"8.7 | 7.7";"";"";"";"0 | 60";"40 | 30";"60 | 10";"13 | 70";"40 | 90";"60 | 70";"100 | 40";"0x0 | 0x2";"24.4";"1 | 1.7";"2.3 | 0.6";"2.8";"49 | 60";"1 | 2";"10 | 10";"11.6 | 13.1";"17.2 | 6.8";"8.9";"5.8 | 3.1";"3.5 | 5.4";"1.6 | 2.6";"1.8 | 1.9";"3.9";"2.1"
"World";"WOR";"Club Friendlies 3";"04-07-2026 11:00";"NS";"Bristol Manor Farm";"";"";"Newport County";"";"";"66 | 56";"51 | 41";"";"";"1.7 | 1.5";"";"";"";"";"";"40 | 50";"50 | 0";"10 | 50";"57 | 50";"90 | 50";"50 | 100";"60 | 50";"1x1 | 1x2";"";"1.5 | 1.2";"1.1 | 1.4";"2.6";"";"1 | 2";"10 | 10";"";"";"";"";"";"";"";"";"2.1"
"World";"WOR";"Club Friendlies 3";"04-07-2026 11:00";"CANCELLED";"East Kilbride";"";"";"Dumbarton";"";"";"80 | 42";"82 | 44";"";"60 | 44";"2.2 | 1.2";"57 | 38";"4.6 | 4.5";"6";"33 | 33";"33";"70 | 30";"10 | 30";"20 | 40";"73 | 40";"80 | 60";"90 | 70";"30 | 70";"4x0 | 1x1";"20.2";"2.4 | 1.3";"0.7 | 1.8";"3.1";"56 | 44";"1 | 2";"10 | 10";"14 | 8.1";"5.9 | 12.3";"8.2";"2.4 | 5.1";"6.2 | 2.7";"2.1 | 1.8";"2.8 | 1";"3.8";"2.1"
"World";"WOR";"Club Friendlies 3";"04-07-2026 11:30";"NS";"VELO";"";"";"Sparta Rotterdam";"";"";"38 | 28";"48 | 31";"";"";"1 | 0.6";"";"";"";"";"";"30 | 10";"10 | 30";"60 | 60";"33 | 20";"40 | 40";"90 | 70";"70 | 90";"2x3 | 4x0";"";"1.4 | 0.9";"1.9 | 2.2";"3.2";"";"1 | 2";"10 | 10";"";"";"";"";"";"";"";"";"2.1"
"World";"WOR";"Club Friendlies 3";"04-07-2026 11:30";"NS";"Gurten";"";"";"WSPG Wels";"";"";"100 | 46";"58 | 58";"";"57 | 47";"2.5 | 1.3";"59 | 45";"7.8 | 4.7";"10";"40 | 30";"30";"80 | 40";"10 | 10";"10 | 50";"83 | 43";"90 | 50";"90 | 90";"20 | 60";"1x0 | 2x1";"18.8";"1.7 | 1.7";"0.4 | 1.7";"2.8";"52 | 48";"1 | 2";"10 | 10";"13.3 | 8.2";"6.8 | 9.1";"7.8";"3 | 3.2";"5.5 | 3.8";"2.2 | 1.9";"1.8 | 1.6";"3.7";"2.1"
"World";"WOR";"Club Friendlies 3";"04-07-2026 11:30";"NS";"Greifswalder FC";"";"";"Anker Wismar";"";"";"74 | 21";"54 | 78";"";"";"1.5 | 1.3";"";"";"5";"100 | 0";"0";"40 | 40";"30 | 10";"30 | 50";"50 | 43";"70 | 50";"70 | 90";"60 | 60";"0x0 | 0x2";"";"1.6 | 2.3";"0.9 | 2.4";"3.6";"";"1 | 2";"10 | 10";"";"";"";"";"";"";"";"";"2.1"
"World";"WOR";"Club Friendlies 3";"04-07-2026 11:30";"NS";"Blau-Weiß Linz";"";"";"Wiener Viktoria";"";"";"60 | 52";"58 | 65";"";"57 | 50";"1.4 | 1.7";"51 | 51";"6.3 | 7.2";"";"";"";"40 | 50";"20 | 20";"40 | 30";"47 | 57";"60 | 70";"80 | 80";"60 | 50";"3x0 | 2x2";"24.1";"1.7 | 1.9";"1.3 | 1.5";"3.2";"52 | 47";"1 | 2";"10 | 10";"14.9 | 13.6";"9.1 | 10.6";"9";"2.5 | 3.8";"5.5 | 6.2";"1.6 | 1.4";"2.4 | 1.6";"3.5";"2.1"
"World";"WOR";"Club Friendlies 3";"04-07-2026 12:00";"NS";"Piast Gliwice";"";"";"Baník Ostrava";"";"";"49 | 74";"44 | 54";"";"57 | 58";"0.9 | 1.3";"60 | 54";"8.8 | 6.7";"";"";"";"20 | 40";"30 | 10";"50 | 50";"30 | 43";"50 | 50";"70 | 90";"80 | 60";"0x2 | 2x1";"23.1";"1.3 | 1.6";"1.6 | 0.9";"2.7";"56 | 55";"1 | 2";"10 | 10";"15.9 | 14.8";"8.2 | 7.3";"8.6";"3.9 | 2.9";"5.2 | 5.3";"2.3 | 1.7";"1.5 | 2.5";"4";"2.1"
"World";"WOR";"Club Friendlies 3";"04-07-2026 12:00";"NS";"Osijek";"";"";"Paksi SE";"";"";"60 | 60";"17 | 100";"";"51 | 58";"1.1 | 2.2";"56 | 61";"17.6 | 4.2";"";"";"";"30 | 70";"20 | 10";"50 | 20";"37 | 73";"50 | 80";"80 | 90";"70 | 30";"0x0 | 2x0";"25.6";"0.5 | 3.3";"1.3 | 1.3";"3.2";"51 | 54";"1 | 2";"10 | 10";"13 | 15.8";"11.9 | 10.6";"10";"4.5 | 3.7";"4.1 | 7.6";"1.6 | 1.8";"2.7 | 2";"4";"2.1"
"World";"WOR";"Club Friendlies 3";"04-07-2026 12:00";"NS";"Frohnauer";"";"";"Hertha BSC";"";"";"18 | 52";"100 | 44";"";"";"1.8 | 1.4";"";"";"";"";"";"60 | 40";"0 | 20";"40 | 40";"60 | 47";"60 | 60";"100 | 80";"40 | 60";"2x3 | 1x0";"";"3.5 | 1.3";"2.5 | 1.5";"4.4";"";"1 | 2";"10 | 10";"";"";"";"";"";"";"";"";"2.1"
"World";"WOR";"Club Friendlies 3";"04-07-2026 12:00";"NS";"Vaduz";"";"";"Austria Lustenau";"";"";"49 | 70";"82 | 61";"";"49 | 54";"2.2 | 2";"48 | 51";"4.2 | 5.6";"6";"50 | 33";"17";"70 | 60";"10 | 20";"20 | 20";"73 | 67";"80 | 80";"90 | 80";"30 | 40";"2x1 | 0x2";"24.8";"2.4 | 1.8";"1.6 | 1";"3.4";"51 | 53";"1 | 2";"10 | 10";"14.1 | 10";"16.4 | 8.9";"8.2";"4.6 | 3.6";"4.3 | 4";"3 | 1.9";"2.1 | 2.3";"4.6";"2.1"
"World";"WOR";"Club Friendlies 3";"04-07-2026 12:30";"NS";"Újpest";"";"";"Hartberg";"";"";"49 | 46";"51 | 48";"";"46 | 37";"1.2 | 1.1";"47 | 34";"6.3 | 5";"";"";"";"30 | 30";"30 | 20";"40 | 50";"40 | 37";"60 | 50";"70 | 80";"70 | 70";"0x0 | 1x0";"26.7";"1.5 | 1.4";"1.6 | 1.7";"3.1";"48 | 43";"1 | 2";"10 | 10";"11.8 | 9.3";"15.4 | 16.9";"8.5";"4.7 | 4.9";"4.5 | 2.9";"2.4 | 1.3";"2.2 | 2.2";"4";"2.1"
"World";"WOR";"Club Friendlies 3";"04-07-2026 13:00";"NS";"Klagenfurter AC 1909";"";"";"Austria Klagenfurt";"";"";"38 | 60";"37 | 41";"";"46 | 40";"0.9 | 1.6";"49 | 40";"9.5 | 7.2";"";"";"";"20 | 50";"30 | 10";"50 | 40";"30 | 53";"50 | 60";"70 | 90";"80 | 50";"1x1 | 1x2";"22.3";"1.1 | 1.2";"1.9 | 1.3";"2.8";"46 | 40";"1 | 2";"10 | 10";"10.4 | 9";"14.9 | 10.3";"9.4";"6.9 | 3.8";"4.3 | 3.8";"0.6 | 1.1";"0.9 | 1.4";"2";"2.1"
"World";"WOR";"Club Friendlies 3";"04-07-2026 13:00";"NS";"St. Pauli";"";"";"Kickers Emden";"";"";"35 | 56";"20 | 100";"";"";"0.3 | 2.2";"";"";"4";"75 | 0";"25";"0 | 70";"30 | 10";"70 | 20";"10 | 73";"30 | 80";"70 | 90";"100 | 30";"1x2 | 0x2";"";"0.6 | 3";"2 | 1.4";"3.5";"";"1 | 2";"10 | 10";"";"";"";"";"";"1.8 | 0.3";"1.2 | 2";"2.6";"2.1"
"World";"WOR";"Club Friendlies 3";"04-07-2026 14:00";"NS";"Amstetten";"";"";"SV Horn";"";"";"46 | 56";"34 | 48";"";"50 | 55";"0.9 | 1.3";"51 | 55";"9.3 | 8.1";"10";"10 | 40";"50";"20 | 40";"30 | 10";"50 | 50";"30 | 43";"50 | 50";"70 | 90";"80 | 60";"0x0 | 0x2";"20.1";"1 | 1.4";"1.7 | 1.4";"2.8";"47 | 48";"1 | 2";"10 | 10";"9.4 | 11.4";"10.7 | 8.7";"7.8";"4.8 | 3.8";"3.4 | 3.6";"1.5 | 2.2";"2.7 | 1.7";"4";"2.1"
"World";"WOR";"Club Friendlies 3";"04-07-2026 21:00";"NS";"Mačva Šabac";"";"";"Mladost Lučani";"";"";"84 | 77";"41 | 48";"";"58 | 41";"2 | 1.9";"45 | 43";"7.8 | 5.4";"9";"22 | 67";"11";"60 | 50";"20 | 40";"20 | 10";"67 | 63";"80 | 90";"80 | 60";"40 | 50";"0x2 | 1x1";"20.8";"1.2 | 1.4";"0.6 | 0.8";"2";"53 | 42";"1 | 2";"10 | 10";"9.3 | 10.3";"5.9 | 16.2";"8.4";"2.3 | 5.9";"4.5 | 4";"2.7 | 1.8";"2.3 | 1.9";"4.4";"2.1"
"World";"WOR";"Club Friendlies 3";"04-07-2026 21:00";"NS";"Wieczysta Kraków";"";"";"Slavia Praha";"";"";"56 | 66";"78 | 75";"";"58 | 59";"2 | 2.2";"61 | 56";"6.3 | 6";"";"";"";"60 | 70";"20 | 10";"20 | 20";"67 | 73";"80 | 80";"80 | 90";"40 | 30";"0x0 | 1x2";"25.3";"2.3 | 2.2";"1.4 | 1.1";"3.5";"55 | 56";"1 | 2";"10 | 10";"14.4 | 17.6";"9.6 | 9";"9.2";"3.6 | 3.6";"5.4 | 5.8";"1.7 | 1.3";"2.1 | 2.5";"3.8";"2.1"
"World";"WOR";"Club Friendlies Women";"04-07-2026 09:00";"NS";"Bayer Leverkusen W";"";"";"Mainz 05 W";"";"";"66 | 77";"65 | 100";"";"";"1.8 | 2.7";"";"";"";"";"";"60 | 90";"0 | 0";"40 | 10";"60 | 90";"60 | 90";"100 | 100";"40 | 10";"0x1 | 0x5";"";"1.9 | 3.8";"1.1 | 0.8";"3.8";"";"1 | 2";"10 | 10";"";"";"";"";"";"1.4 | 0.8";"1.6 | 2.2";"3";"1"
"Australia";"AUS";"Tasmania Northern Championship";"04-07-2026 01:30";"NS";"Burnie United";"";"";"Riverside II";"";"";"2 | 2";"85 | 61";"";"";"1 | 1.2";"";"";"10";"30 | 60";"10";"30 | 40";"10 | 0";"60 | 60";"33 | 40";"40 | 40";"90 | 100";"70 | 60";"5x1 | 1x3";"";"2.5 | 1.8";"4.5 | 3.9";"6.4";"";"6 | 7";"10 | 10";"";"";"";"";"";"";"";"";""
"Australia";"AUS";"Tasmania Northern Championship";"04-07-2026 03:45";"NS";"Devonport City II";"";"";"Launceston United II";"";"";"70 | 2";"100 | 10";"";"";"2.4 | 0.4";"";"";"10";"50 | 20";"30";"70 | 10";"30 | 10";"0 | 80";"80 | 13";"100 | 20";"70 | 90";"30 | 90";"4x1 | 6x0";"";"4.1 | 0.3";"1 | 4.4";"4.9";"";"2 | 8";"10 | 10";"";"";"";"";"";"";"";"";""
"Australia";"AUS";"Tasmania Northern Championship";"04-07-2026 03:45";"NS";"Ulverstone II";"";"";"Northern Rangers";"";"";"52 | 63";"100 | 100";"";"";"2.1 | 2.7";"";"";"";"";"";"60 | 90";"30 | 0";"10 | 10";"70 | 90";"90 | 90";"70 | 100";"40 | 10";"4x0 | 0x6";"";"3.2 | 6.1";"1.5 | 1.2";"6";"";"3 | 1";"10 | 10";"";"";"";"";"";"";"";"";""
"South Africa";"RSA";"Super League Women";"04-07-2026 05:00";"NS";"University of Fort Hare W";"";"";"Ezemvelo W";"";"";"77 | 38";"65 | 34";"";"62 | 45";"1.8 | 0.6";"49 | 38";"5.6 | 8.3";"2";"50 | 50";"0";"50 | 10";"30 | 30";"20 | 60";"60 | 20";"80 | 40";"70 | 70";"50 | 90";"1x1 | 2x1";"17.2";"1.9 | 1";"0.8 | 1.9";"2.8";"59 | 48";"4 | 7";"10 | 10";"10.7 | 8.3";"6.3 | 9";"8.4";"3 | 3.8";"5.7 | 4.2";"1 | 1.3";"0.3 | 1.5";"2";"2.7"
"South Africa";"RSA";"Super League Women";"04-07-2026 07:30";"NS";"TUT Matsatsantsa W";"";"";"Ramatlaohle Ladies W";"";"";"32 | 35";"41 | 44";"";"47 | 44";"1 | 1.3";"45 | 37";"9.7 | 6.9";"";"";"";"30 | 33";"10 | 33";"60 | 33";"33 | 44";"40 | 67";"90 | 67";"70 | 67";"0x1 | 1x1";"23.5";"1.2 | 1.3";"2.1 | 2";"3.3";"48 | 40";"5 | 6";"10 | 3";"11.6 | 9";"14.4 | 12";"12.3";"6.2 | 7";"6.4 | 5";"1.2 | 1";"1.4 | 2";"2.8";"2.7"
"South Africa";"RSA";"Super League Women";"04-07-2026 10:30";"NS";"UWC Ladies";"";"";"Mamelodi Sundowns W";"";"";"80 | 100";"41 | 100";"";"63 | 81";"1.5 | 3";"54 | 68";"6.9 | 5";"4";"25 | 50";"25";"40 | 100";"30 | 0";"30 | 0";"50 | 100";"70 | 100";"70 | 100";"60 | 0";"0x0 | 0x5";"18.6";"1.2 | 4.2";"0.7 | 0";"3";"57 | 73";"4 | 1";"10 | 10";"8.3 | 21";"5 | 3";"10.5";"4.3 | 2.3";"5.3 | 9";"0.7 | 1.3";"2.3 | 1.3";"2.8";"2.7"
"South Africa";"RSA";"Super League Women";"04-07-2026 13:00";"NS";"First Touch W";"";"";"JVW W";"";"";"32 | 88";"17 | 100";"";"42 | 62";"0.6 | 3";"40 | 52";"17.4 | 4.4";"4";"25 | 75";"0";"10 | 100";"30 | 0";"60 | 0";"20 | 100";"40 | 100";"70 | 100";"90 | 0";"0x4 | 0x3";"20.8";"0.5 | 3.1";"2.1 | 0.5";"3.1";"40 | 63";"3 | 1";"10 | 10";"8.7 | 13.5";"13 | 6.5";"8.2";"5.3 | 3";"2.7 | 5.5";"2 | 1.5";"1.3 | 2";"3.4";"2.7"