"Country ";"Short";"League ";"Hour";"Status";"Home Team";"Result Home";"Result Visitor";"Visitor Team";"Result Home HT";"Result Visitor HT";"Casa";"Fora";"Casa";"Fora";"Global";"Global";"Global";"Global";"Global";"Global";"Casa";"Fora";"Casa";"Fora";"Global";"Casa";"Fora";"Casa";"Fora";"Global";"Casa";"Fora";"Casa";"Fora";"Global";"Casa";"Fora"
"World";"WOR";"World Cup";"04-07-2026 14:00";"NS";"Canada";"";"";"Morocco";"";"";"9";"5.8";"2.4";"4.2";"10.7";"74";"68";"58";"42";"21.8";"15.1";"14.6";"5.6";"8.2";"8";"5.6";"5";"2.4";"3";"8.8";"89";"44";"100";"67";"10";"6.8";"5.6"
"World";"WOR";"World Cup";"04-07-2026 18:00";"NS";"Paraguay";"";"";"France";"";"";"4";"5.9";"5";"2.7";"8.8";"55";"55";"40";"25";"23.4";"10";"17.8";"11.9";"7.2";"8.6";"4.4";"6.7";"3.8";"2.4";"8.8";"30";"70";"30";"80";"8";"7.5";"5"
"Brazil";"BRA";"Serie B";"04-07-2026 16:00";"NS";"Criciúma";"";"";"Sport Recife";"";"";"6.7";"4.5";"4.6";"5.1";"10.4";"80";"70";"60";"50";"25.3";"14.2";"10.7";"13.1";"12.6";"7.6";"4";"2.9";"4.1";"4.1";"10.4";"60";"40";"60";"50";"11";"8.9";"6.8"
"Brazil";"BRA";"Serie B";"04-07-2026 16:00";"NS";"Londrina";"";"";"CRB";"";"";"4.4";"5.4";"6.5";"5.8";"11";"80";"75";"65";"55";"28.6";"12.1";"17.2";"13.5";"14.3";"9.6";"3.7";"6.2";"4";"5.2";"10.4";"20";"70";"30";"40";"11";"7.2";"6.9"
"Brazil";"BRA";"Serie B";"04-07-2026 16:00";"NS";"Novorizontino";"";"";"Atlético GO";"";"";"4.2";"5.8";"4.9";"4.8";"9.8";"70";"65";"60";"40";"27.6";"13.8";"16";"13.4";"12.1";"9.4";"4.9";"5.6";"4.6";"3.8";"10.4";"70";"50";"50";"60";"10";"6.6";"11.2"
"Brazil";"BRA";"Serie B";"04-07-2026 20:00";"NS";"Goiás";"";"";"Ceará";"";"";"5.4";"5.2";"5.2";"3.6";"9.7";"70";"65";"40";"30";"27.2";"13.1";"14.4";"14.6";"12.3";"9.2";"4.3";"4.8";"5";"4.2";"10.4";"40";"40";"30";"50";"10";"12.7";"11.8"
"China";"CHN";"League One";"04-07-2026 07:00";"INPLAY_1ST_HALF";"Yanbian Longding";"1";"0";"Jiangxi Dingnan United";"1";"0";"3.2";"8.4";"5.3";"4";"10.4";"85";"65";"50";"40";"24.6";"9.1";"14.1";"12.2";"13.8";"8.6";"3.5";"5.5";"2.9";"5.2";"9.2";"30";"70";"40";"80";"10";"6.2";"6.8"
"China";"CHN";"League One";"04-07-2026 08:00";"NS";"Shaanxi Union FC";"";"";"Wuxi Wugou";"";"";"3";"4.3";"5.7";"5.5";"9.2";"80";"65";"40";"30";"23.8";"8";"14.1";"12.7";"12.8";"8.7";"2.8";"4.9";"5.1";"4.6";"9.2";"40";"40";"10";"20";"10";"4.4";"7.7"
"China";"CHN";"League One";"04-07-2026 08:00";"NS";"Suzhou Dongwu";"";"";"Guangzhou E-Power FC";"";"";"4.7";"5.7";"3.9";"4.7";"9.5";"80";"60";"50";"45";"23.4";"9.5";"16.5";"11.1";"9.7";"9.1";"3.5";"5.9";"4.9";"3.9";"9.2";"40";"60";"60";"40";"9";"8.7";"6.4"
"China";"CHN";"League One";"04-07-2026 08:00";"NS";"Shenzhen Juniors FC";"";"";"Nantong Zhiyun";"";"";"4.2";"7.2";"6";"3.2";"10.3";"90";"70";"50";"50";"22.8";"10.8";"12.9";"10.5";"11.4";"8.1";"4.5";"4.1";"4.3";"3.3";"9.2";"50";"80";"50";"100";"10";"4.6";"9.8"
"China";"CHN";"League One";"04-07-2026 08:00";"NS";"Shanghai Jiading Huilong";"";"";"Shijiazhuang Gongfu";"";"";"2.8";"2.9";"5";"5.1";"7.9";"70";"45";"30";"15";"18.2";"7.8";"8.5";"9.6";"10.6";"6";"3.3";"2.1";"3.1";"3.5";"9.2";"10";"40";"30";"10";"9";"3.8";"14.8"
"Ecuador";"ECU";"Liga Pro";"04-07-2026 16:00";"POSTPONED";"Libertad";"";"";"Leones del Norte";"";"";"3.1";"3.6";"6.1";"5.6";"9.2";"85";"60";"40";"30";"24.8";"9.6";"8.9";"17.5";"13.5";"8.6";"2.9";"2.5";"6";"5.8";"9.2";"40";"60";"30";"30";"9";"7.2";"5.5"
"Ecuador";"ECU";"Liga Pro";"04-07-2026 21:00";"POSTPONED";"Barcelona Guayaquil";"";"";"Deportivo Cuenca";"";"";"3.7";"4";"4.1";"3.7";"7.8";"54";"32";"16";"10";"26";"13.2";"13.5";"13";"12.2";"8.1";"3.4";"4.4";"4.7";"3.8";"9.2";"56";"60";"33";"50";"8";"8.4";"13"
"Finland";"FIN";"Ykkönen";"04-07-2026 10:00";"NS";"SalPa";"";"";"VJS";"";"";"5.4";"7.7";"4.7";"5.7";"11.7";"95";"80";"64";"58";"22.5";"12.8";"11.8";"9.3";"11.1";"10.4";"5.8";"5";"5.2";"4.9";"11";"50";"44";"60";"56";"12";"5.6";"5.6"
"Finland";"FIN";"Ykkönen";"04-07-2026 11:00";"NS";"KuPS Ak.";"";"";"Tampere United";"";"";"5";"6.5";"6.5";"4.8";"11.4";"89";"78";"61";"55";"22.3";"9.4";"13.1";"12.2";"9.9";"10.3";"4.8";"5.8";"5.3";"4.8";"11";"40";"88";"30";"62";"11";"5.9";"5.2"
"Finland";"FIN";"Ykkönen";"04-07-2026 12:00";"NS";"OLS";"";"";"Inter Turku II";"";"";"6.2";"3.9";"4.9";"7.7";"11.4";"94";"94";"79";"64";"26.2";"14.7";"9.1";"14.9";"13.8";"12";"6.3";"4.7";"5.9";"7";"11";"44";"10";"56";"10";"11";"8.2";"5.4"
"South Korea";"KOR";"K League 1";"04-07-2026 07:30";"INPLAY_1ST_HALF";"Anyang";"0";"1";"Pohang Steelers";"0";"1";"3.3";"4.4";"5.4";"4.2";"8.6";"50";"40";"35";"30";"15.4";"7.1";"6.8";"9.4";"7.6";"5.4";"2.6";"2.6";"2.9";"2.6";"8.5";"30";"70";"10";"60";"9";"5.1";"7.6"
"South Korea";"KOR";"K League 1";"04-07-2026 07:30";"INPLAY_1ST_HALF";"Daejeon Citizen";"0";"0";"Bucheon 1995";"0";"0";"3.2";"3.5";"5";"4.3";"8";"55";"35";"30";"25";"16.1";"7.9";"5.5";"8.5";"10.3";"6.2";"3.6";"1.8";"3.1";"3.9";"8.5";"40";"30";"30";"40";"8";"7.2";"9.2"
"South Korea";"KOR";"K League 1";"04-07-2026 07:30";"INPLAY_1ST_HALF";"Jeonbuk Motors";"0";"0";"Gangwon";"0";"0";"4.7";"4.8";"3.6";"3";"8";"65";"40";"35";"10";"18.7";"10.7";"11.8";"8.9";"6";"7.2";"4.4";"4.2";"3.4";"2.4";"8.5";"80";"70";"50";"70";"8";"7.1";"7.4"
"Sweden";"SWE";"Allsvenskan";"04-07-2026 10:00";"NS";"Halmstad";"";"";"Västerås SK";"";"";"3.3";"4.5";"6.5";"4.7";"9.5";"70";"65";"50";"35";"26.7";"12.3";"10.6";"15.8";"14.7";"9";"3.4";"3.5";"5.8";"5.4";"9.8";"50";"60";"30";"50";"9";"8.1";"4.2"
"Sweden";"SWE";"Allsvenskan";"04-07-2026 10:00";"NS";"Degerfors";"";"";"Malmö FF";"";"";"4.3";"4.1";"4.4";"6.6";"9.7";"75";"55";"40";"35";"25.3";"11.7";"12.6";"11";"15.3";"9.5";"3.5";"4.6";"4.4";"6.5";"9.8";"60";"40";"40";"40";"10";"6.4";"4"
"Uruguay";"URU";"Segunda Division";"04-07-2026 14:00";"NS";"Rentistas";"";"";"Paysandu FC";"";"";"5.9";"3.8";"5.1";"4.2";"9.5";"80";"54";"44";"27";"18.2";"8.8";"10.2";"8";"9.4";"7.8";"3.9";"3.5";"3.7";"4.6";"9.7";"33";"40";"56";"40";"9";"9.8";"9.3"
"Uruguay";"URU";"Segunda Division";"04-07-2026 17:00";"NS";"Plaza Colonia";"";"";"La Luz";"";"";"5.8";"4.3";"4.5";"4.6";"9.6";"75";"65";"40";"25";"14.7";"8.1";"7.1";"7.9";"6.3";"5.6";"3.1";"2.5";"2.9";"2.7";"9.7";"60";"50";"50";"40";"10";"8.1";"11.8"
"Uruguay";"URU";"Segunda Division";"04-07-2026 20:00";"NS";"Oriental";"";"";"River Plate";"";"";"4";"6.1";"5.7";"3.3";"9.6";"85";"75";"45";"35";"14.5";"5.9";"7.2";"8";"7.9";"6.8";"2.9";"3.7";"3";"4.1";"9.7";"50";"70";"20";"60";"9";"4.5";"4.5"
"Venezuela";"VEN";"Copa Venezuela";"04-07-2026 21:00";"NS";"Atlético Ávila";"";"";"Marítimo";"";"";"2.8";"3.8";"4.8";"3.2";"7.3";"40";"30";"25";"15";"15.7";"7.2";"8.6";"9.8";"5.8";"6.4";"2.1";"4";"3.9";"2.8";"8.2";"60";"50";"30";"50";"8";"9";"6.1"
"Venezuela";"VEN";"Copa Venezuela";"04-07-2026 21:00";"NS";"Yaracuyanos";"";"";"Aragua";"";"";"7";"3.7";"4.2";"3.3";"9.1";"70";"50";"35";"30";"22.2";"11.7";"12";"10.3";"10.3";"9.5";"5.2";"5.3";"4.5";"4";"8.2";"70";"40";"80";"50";"9";"6.9";"13.3"
"Venezuela";"VEN";"Copa Venezuela";"04-07-2026 21:00";"NS";"Fundación Lara Deportiva";"";"";"Caracas";"";"";"6.1";"3.6";"2.9";"5.3";"9";"70";"55";"45";"35";"25.8";"12.8";"13.5";"8.1";"17.1";"9.7";"5.2";"4.8";"4";"5.4";"8.2";"80";"30";"80";"20";"9";"10.7";"8.4"
"Venezuela";"VEN";"Copa Venezuela";"04-07-2026 21:00";"NS";"Monagas";"";"";"Bolívar SC";"";"";"2.2";"3.2";"4.3";"4";"6.9";"26";"16";"10";"10";"20.6";"11.9";"7.5";"11.1";"10.6";"6.8";"3.2";"2.8";"3.4";"4.1";"8.2";"11";"50";"33";"10";"8";"7.4";"6.8"
"Venezuela";"VEN";"Copa Venezuela";"04-07-2026 21:00";"NS";"Dinamo Puerto La Cruz";"";"";"Mineros de Guayana";"";"";"3.3";"5.2";"3.1";"2.6";"7.1";"42";"26";"20";"10";"17.8";"8.8";"10.7";"8.3";"7.7";"6.7";"3.9";"3.4";"3";"3.1";"8.2";"44";"40";"56";"70";"8";"9.8";"15.3"
"Venezuela";"VEN";"Copa Venezuela";"04-07-2026 21:00";"NS";"Deportivo Lara";"";"";"Trujillanos";"";"";"4.9";"4.8";"4.1";"2.8";"8.3";"60";"45";"45";"35";"17.4";"8.9";"8.4";"8.4";"9";"7.6";"3.9";"3.6";"3.8";"3.8";"8.2";"40";"70";"50";"70";"8";"5.6";"14"
"Venezuela";"VEN";"Copa Venezuela";"04-07-2026 21:00";"NS";"Ureña";"";"";"Rayo Zuliano";"";"";"4";"3.6";"6.1";"5.9";"9.8";"80";"64";"42";"32";"22";"11.9";"10";"7.9";"14.3";"7.9";"4.8";"2.9";"2.8";"5.3";"8.2";"22";"40";"33";"30";"9";"9.2";"14.7"
"Venezuela";"VEN";"Copa Venezuela";"04-07-2026 21:00";"POSTPONED";"Academia Anzoátegui";"";"";"Deportivo Miranda FC";"";"";"3.8";"3.3";"4.4";"4.4";"8";"55";"50";"35";"10";"21.3";"11.9";"7.5";"15.2";"8";"8.2";"3.9";"3";"5.4";"4";"8.2";"80";"40";"50";"40";"8";"9.2";"12.5"
"Venezuela";"VEN";"Copa Venezuela";"04-07-2026 21:00";"POSTPONED";"Atlético Barinas";"";"";"Atlético El Vigía";"";"";"5";"4.1";"4.6";"5.2";"9.4";"74";"64";"53";"32";"21.2";"11.6";"7.7";"9.8";"13.3";"9";"4.4";"3";"3.9";"6.6";"8.2";"60";"33";"60";"44";"9";"5.5";"11"
"Venezuela";"VEN";"Copa Venezuela";"04-07-2026 21:00";"POSTPONED";"Real Frontera";"";"";"Zamora Fútbol Club";"";"";"3";"5";"5.7";"5";"9.4";"60";"55";"45";"40";"24";"7.9";"12";"15.5";"12.5";"8.1";"3.4";"4.3";"4.8";"3.7";"8.2";"50";"50";"20";"50";"9";"8.8";"8"
"Argentina";"ARG";"Torneo Promocional Amateur";"04-07-2026 10:00";"NS";"Barrancas UMET";"";"";"Buenos Aires City";"";"";"4";"5.7";"3";"1.7";"7.2";"42";"33";"8";"0";"16.2";"9";"8.7";"7.7";"7";"7.2";"3";"4";"3.8";"3.7";"7.9";"50";"100";"50";"100";"7";"8.2";"10.9"
"Argentina";"ARG";"Torneo Promocional Amateur";"04-07-2026 15:00";"NS";"Deportivo Metalúrgico";"";"";"SAT Moreno";"";"";"5.2";"6.7";"3.2";"1.3";"8.2";"54";"42";"29";"29";"22.9";"16.8";"14.3";"8.8";"6";"11";"8.2";"7";"3.8";"3";"7.9";"100";"100";"75";"100";"8";"8.8";"9.5"
"Argentina";"ARG";"Torneo Promocional Amateur";"04-07-2026 15:00";"NS";"Las Mandarinas";"";"";"Uribelarrea";"";"";"3.8";"4";"4.8";"3.2";"7.9";"65";"55";"32";"10";"21.4";"12.4";"12.5";"12";"6";"9";"5";"4.5";"6.2";"2.2";"7.9";"40";"25";"40";"50";"8";"17.7";"13.9"
"Canada";"CAN";"Premier League";"04-07-2026 17:00";"NS";"Atlético Ottawa";"";"";"Cavalry";"";"";"4.1";"5";"5";"3.6";"8.8";"65";"60";"35";"20";"24.1";"11.4";"14.5";"12.7";"9.6";"8.8";"4.1";"5.7";"5.1";"2.7";"9.1";"50";"60";"40";"50";"9";"4.2";"5.6"
"Canada";"CAN";"Premier League";"04-07-2026 20:00";"NS";"Vancouver FC";"";"";"Inter Toronto FC";"";"";"7";"3.4";"3.4";"5.6";"9.7";"80";"70";"55";"35";"27";"14.8";"14.7";"9.3";"15.1";"9.4";"4.3";"5.1";"3.1";"6.3";"9.1";"78";"40";"70";"20";"9";"8";"8.9"
"Chile";"CHI";"Chilean Cup";"04-07-2026 16:00";"NS";"Magallanes";"";"";"Palestino";"";"";"6.3";"5.3";"6";"5.9";"11.8";"95";"90";"85";"60";"30.4";"16.5";"14.8";"12.8";"16.8";"12.6";"6.9";"5.8";"6.2";"6.4";"9.8";"30";"50";"40";"30";"11";"11";"10.2"
"Chile";"CHI";"Chilean Cup";"04-07-2026 16:00";"NS";"Unión San Felipe";"";"";"Unión La Calera";"";"";"4";"3.7";"6";"5.3";"9.5";"78";"67";"56";"28";"24.1";"8.6";"9.7";"17";"12.9";"9";"3.8";"3.9";"6.4";"3.9";"9.8";"44";"33";"22";"33";"10";"7.8";"5.3"
"Chile";"CHI";"Chilean Cup";"04-07-2026 17:00";"NS";"San Luis";"";"";"Everton";"";"";"6.2";"5.3";"4";"5.9";"10.7";"80";"80";"70";"40";"28.3";"16.5";"13";"12";"15.1";"10.6";"6.3";"5";"4.7";"5.3";"9.8";"70";"20";"70";"30";"10";"8.7";"7"
"Chile";"CHI";"Chilean Cup";"04-07-2026 19:00";"NS";"Deportes Iquique";"";"";"Coquimbo Unido";"";"";"5.9";"6";"5";"4.5";"10.7";"100";"85";"75";"50";"24.8";"13.3";"12";"14";"10.2";"9.5";"5.2";"4.7";"5.6";"3.5";"9.8";"50";"70";"50";"60";"10";"8.3";"6.8"
"Chile";"CHI";"Chilean Cup";"04-07-2026 21:30";"NS";"Universidad Católica";"";"";"Copiapó";"";"";"5.6";"4.1";"4.3";"5.6";"9.8";"85";"80";"55";"40";"25.2";"15.3";"9.8";"12.2";"13";"8.5";"5.7";"2.8";"2.8";"5.7";"9.8";"70";"60";"50";"30";"10";"4.6";"8.9"
"Chile";"CHI";"Segunda División";"04-07-2026 17:00";"NS";"Provincial Osorno";"";"";"General Velásquez";"";"";"4.8";"4.1";"3.9";"5.8";"9.3";"65";"55";"55";"30";"20.2";"10.8";"9.4";"8.3";"11.9";"7.8";"4.1";"4";"2.9";"4.6";"9.6";"40";"40";"50";"10";"9";"13.5";"10.4"
"Chile";"CHI";"Segunda División";"04-07-2026 17:00";"NS";"Provincial Ovalle";"";"";"Colina";"";"";"3.2";"6";"4.7";"4.4";"9.2";"60";"55";"45";"35";"19.4";"8.8";"11";"9.2";"9.8";"8";"3.6";"4.2";"5.1";"3.2";"9.6";"40";"50";"20";"60";"9";"9.8";"12.2"
"Chile";"CHI";"Segunda División";"04-07-2026 18:00";"NS";"Deportes Rengo";"";"";"Santiago Morning";"";"";"3.8";"4.3";"6.2";"5";"9.6";"70";"55";"45";"35";"23.2";"8.8";"11.7";"15.1";"10.8";"9.5";"3.7";"4.1";"6.5";"4.7";"9.6";"40";"80";"20";"40";"10";"11";"14.6"
"Cape Verde";"CPV";"Campeonato Nacional";"04-07-2026 13:30";"NS";"Palmeira";"";"";"Mindelense";"";"";"";"";"";"";"";"";"";"";"";"";"";"";"";"";"";"";"";"";"";"";"";"";"";"";"";"";""
"Europe";"EUR";"Euro U19";"04-07-2026 10:00";"NS";"Spain U19";"";"";"Germany U19";"";"";"6.2";"6.1";"3.4";"2.4";"9.1";"68";"52";"46";"36";"23.5";"17.4";"14.3";"5.7";"9.4";"10.4";"8.9";"6.3";"1.8";"3.8";"";"75";"56";"60";"78";"";"5.4";"4.7"
"Europe";"EUR";"Euro U19";"04-07-2026 10:00";"NS";"Denmark U19";"";"";"Wales U19";"";"";"5";"3.1";"3.5";"4.8";"8.2";"59";"48";"42";"18";"22.5";"14";"8.4";"10.6";"11.9";"9.8";"5.9";"4";"4.1";"5.7";"";"57";"44";"88";"44";"";"5.1";"7.5"
"Republic of Ireland";"IRL";"First Division";"04-07-2026 15:30";"NS";"Longford Town";"";"";"UCD";"";"";"3.8";"4.5";"4.4";"4.4";"8.6";"85";"50";"25";"15";"19.1";"7.2";"11.9";"10.7";"8.4";"8";"3";"5.1";"4.9";"3";"9.3";"40";"60";"40";"30";"9";"5.1";"6"
"United States";"USA";"NWSL";"04-07-2026 20:30";"NS";"North Carolina Courage W";"";"";"Seattle Reign W";"";"";"4.4";"4.8";"5";"4.9";"9.6";"85";"75";"65";"40";"25.8";"14.3";"11.3";"12.8";"13.2";"7.4";"4.2";"3.4";"3.4";"3.9";"9.4";"60";"50";"40";"30";"10";"7.3";"9"
"United States";"USA";"NWSL";"04-07-2026 21:45";"NS";"San Diego Wave W";"";"";"Gotham FC W";"";"";"3.9";"4.7";"3.1";"3.8";"7.8";"46";"36";"26";"20";"22.2";"12.6";"14.9";"8.4";"8.5";"8.4";"4.8";"5.3";"2.8";"3.8";"9.4";"33";"60";"67";"60";"8";"5.7";"7.8"
"Argentina";"ARG";"Primera B Nacional";"04-07-2026 15:00";"NS";"Colegiales";"";"";"Gimnasia y Tiro de Salta";"";"";"5.2";"2.6";"3.7";"6.2";"8.9";"65";"40";"35";"20";"15";"6.7";"8";"7";"8.4";"6.4";"3.1";"3.6";"2.4";"3.7";"8.4";"30";"40";"90";"20";"8";"5.6";"11.3"
"Argentina";"ARG";"Primera B Nacional";"04-07-2026 15:30";"NS";"Nueva Chicago";"";"";"Güemes";"";"";"3.4";"3.6";"4.4";"4.6";"8";"55";"25";"20";"20";"17";"10.8";"5.3";"9.7";"8.3";"6.6";"3.8";"2";"3.4";"4.1";"8.4";"40";"50";"40";"50";"8";"15.4";"5.9"
"Argentina";"ARG";"Primera B Nacional";"04-07-2026 15:30";"NS";"Temperley";"";"";"Tristán Suárez";"";"";"4";"3.4";"3.6";"4.5";"7.8";"55";"40";"35";"15";"15.7";"9.2";"6.6";"7.3";"8.3";"6.4";"3.8";"2.6";"3.1";"3.2";"8.4";"40";"40";"50";"40";"8";"8.4";"9.4"
"Argentina";"ARG";"Primera B Nacional";"04-07-2026 15:30";"NS";"Almagro";"";"";"Atlético Rafaela";"";"";"6";"3.6";"5";"5";"9.8";"81";"59";"59";"32";"18";"7.1";"7.1";"10.8";"10.9";"7.9";"3.8";"2.8";"4.2";"5";"8.4";"50";"50";"40";"25";"9";"6.5";"17.7"
"Argentina";"ARG";"Primera B Nacional";"04-07-2026 15:30";"NS";"Defensores de Belgrano";"";"";"Deportivo Morón";"";"";"4.9";"4.3";"4.1";"4.3";"8.8";"55";"45";"40";"20";"14.8";"6.7";"8.9";"6.4";"7.7";"5.7";"1.8";"4.9";"2.1";"2.6";"8.4";"40";"60";"50";"30";"8";"16.8";"6.7"
"Argentina";"ARG";"Primera B Nacional";"04-07-2026 15:30";"NS";"Almirante Brown";"";"";"Los Andes";"";"";"3.4";"4.5";"5.5";"4.9";"9.2";"80";"65";"45";"25";"15";"7.5";"7.9";"8";"6.6";"5.2";"2.6";"3.2";"2.9";"1.8";"8.4";"40";"30";"20";"60";"9";"9.4";"7.9"
"Argentina";"ARG";"Primera B Nacional";"04-07-2026 16:00";"NS";"Ciudad de Bolívar";"";"";"Godoy Cruz";"";"";"3.9";"4.1";"5";"3.9";"8.4";"50";"45";"35";"25";"14.9";"5";"8.4";"7.2";"9.2";"5.2";"2.1";"2.8";"2.1";"3.4";"8.4";"10";"70";"30";"40";"8";"5";"8.4"
"Argentina";"ARG";"Primera B Nacional";"04-07-2026 18:00";"NS";"Quilmes Atlético Club";"";"";"Atlanta";"";"";"6";"3.2";"2.3";"4.9";"8.2";"60";"50";"45";"20";"15.4";"8.4";"6.1";"8.5";"7.7";"6.2";"3.3";"2.9";"3.3";"2.8";"8.4";"70";"60";"60";"20";"8";"16.8";"4.1"
"Argentina";"ARG";"Primera C";"04-07-2026 13:00";"NS";"Lugano";"";"";"JJ Urquiza";"";"";"2.5";"2.8";"5.2";"3.7";"7.1";"40";"35";"30";"5";"18.8";"9.5";"8.8";"9.4";"9.8";"6.8";"3.2";"2.4";"4";"4";"7.8";"80";"40";"20";"40";"8";"7.9";"44"
"Argentina";"ARG";"Primera C";"04-07-2026 15:00";"NS";"Leones de Rosario";"";"";"Central Ballester";"";"";"5";"2.9";"5.2";"4.9";"9";"64";"48";"37";"26";"16.3";"9.8";"5.5";"8.4";"8.9";"6.1";"3.2";"1.7";"3.9";"3.4";"7.8";"44";"70";"33";"10";"9";"9.8";"13.8"
"Argentina";"ARG";"Primera C";"04-07-2026 15:00";"NS";"Argentino Rosario";"";"";"Defensores de Cambaceres";"";"";"2.9";"5.3";"5.8";"4.7";"9.4";"64";"47";"30";"26";"17.6";"8";"9.6";"9.2";"8.6";"7.8";"4";"3.7";"4.6";"3.4";"7.8";"33";"67";"0";"50";"9";"7.3";"24"
"Argentina";"ARG";"Primera C";"04-07-2026 15:00";"NS";"Estrella del Sur";"";"";"Leandro Nicéforo Alem";"";"";"4.6";"3.6";"3.7";"4";"8";"55";"45";"25";"15";"15.4";"8.8";"8.6";"5.1";"8.4";"6";"3.3";"3.3";"2.1";"3.3";"7.8";"60";"40";"60";"50";"8";"11";"6.1"
"Argentina";"ARG";"Primera B Metropolitana";"04-07-2026 13:00";"NS";"Deportivo Camioneros";"";"";"UAI Urquiza";"";"";"4.2";"4.8";"5.6";"5.8";"10.2";"80";"80";"65";"50";"16.2";"7.9";"6.5";"9.8";"8.1";"6";"3.5";"1.9";"3.6";"3";"8.6";"40";"30";"30";"20";"10";"6.1";"16.2"
"Argentina";"ARG";"Primera B Metropolitana";"04-07-2026 14:30";"NS";"Ituzaingó";"";"";"Villa San Carlos";"";"";"3.3";"4.3";"4.3";"3.8";"7.8";"50";"45";"25";"10";"16.7";"9.2";"7.6";"8.6";"8";"6.3";"3.5";"2.3";"3.8";"3";"8.6";"30";"60";"40";"50";"8";"9.2";"19"
"Argentina";"ARG";"Primera B Metropolitana";"04-07-2026 15:00";"NS";"Flandria";"";"";"Deportivo Laferrere";"";"";"5.7";"4";"6.2";"4.3";"10.1";"60";"60";"50";"45";"19.3";"9.1";"10.8";"9.4";"9.3";"7.6";"3.1";"4.1";"3.9";"4";"8.6";"30";"70";"40";"50";"10";"13";"8.3"
"Argentina";"ARG";"Primera B Metropolitana";"04-07-2026 15:00";"NS";"Comunicaciones";"";"";"Arsenal de Sarandí";"";"";"4.8";"5.7";"3.4";"3.8";"8.8";"65";"60";"50";"25";"15.9";"7.9";"10";"6.3";"7.6";"6.3";"3.7";"3.6";"2.4";"2.9";"8.6";"70";"50";"70";"70";"8";"4.9";"8.3"
"Argentina";"ARG";"Primera B Metropolitana";"04-07-2026 15:00";"NS";"Dock Sud";"";"";"Excursionistas";"";"";"5.1";"5.4";"2.5";"4.3";"8.6";"60";"55";"45";"40";"16";"7.5";"8";"8.5";"7.9";"6.3";"3";"3.7";"3.2";"2.7";"8.6";"60";"60";"70";"60";"9";"7.5";"4.4"
"Argentina";"ARG";"Primera B Metropolitana";"04-07-2026 15:00";"NS";"Deportivo Merlo";"";"";"Villa Dálmine";"";"";"3.5";"4.2";"3.5";"3.6";"7.4";"35";"35";"20";"15";"16.8";"8.6";"7.5";"9";"8.4";"5.9";"2.5";"2.5";"4.1";"2.7";"8.6";"40";"50";"50";"70";"8";"7.8";"8.3"
"Argentina";"ARG";"Primera B Metropolitana";"04-07-2026 15:30";"NS";"Deportivo Armenio";"";"";"Brown de Adrogué";"";"";"3.8";"4.5";"3.7";"5.4";"8.7";"55";"40";"30";"25";"15.6";"11.6";"7.6";"5.7";"6.2";"6.6";"4.6";"3.2";"2.8";"2.7";"8.6";"50";"50";"50";"30";"8";"7.7";"9.5"
"Argentina";"ARG";"Torneo Federal A";"04-07-2026 15:30";"NS";"Defensores Pto. Vilelas";"";"";"Sarmiento de La Banda";"";"";"3.6";"6.2";"6.4";"4.8";"10.5";"80";"70";"55";"40";"18.2";"9.8";"8.6";"10.7";"7.2";"7.2";"3.6";"3.2";"5";"2.7";"8.9";"30";"60";"0";"50";"9";"9.8";"7.2"
"Argentina";"ARG";"Torneo Federal A";"04-07-2026 15:30";"NS";"Huracán Las Heras";"";"";"Costa Brava";"";"";"4";"5.8";"4.7";"3";"8.8";"75";"55";"40";"20";"19.1";"10.3";"12.8";"9.2";"5.9";"7.2";"4.1";"4.5";"3";"2.8";"8.9";"60";"60";"50";"70";"9";"14.7";"18.3"
"Argentina";"ARG";"Copa Santa Fe";"04-07-2026 15:30";"NS";"Ciclón Racing";"";"";"Colón San Justo";"";"";"";"";"";"";"";"";"";"";"";"";"";"";"";"";"";"";"";"";"";"";"";"";"";"";"";"";""
"Australia";"AUS";"Queensland Premier League 3 Metro";"04-07-2026 05:00";"FT";"Yeronga Eagles";"1";"3";"Springfield United";"0";"0";"6.1";"6.8";"3.4";"3.5";"9.9";"86";"64";"50";"31";"26.4";"16.8";"14.7";"11.2";"10";"13.8";"9.6";"8.2";"5";"4.8";"10.4";"62";"100";"62";"67";"10";"5.2";"6.4"
"Australia";"AUS";"Queensland Premier League 3 Metro";"04-07-2026 05:15";"FT";"Newmarket";"1";"0";"AC Carina";"1";"0";"5.3";"6.6";"4.2";"4.2";"10.2";"80";"72";"50";"36";"31.1";"16.8";"15.3";"14.3";"15.7";"18.6";"11";"9.3";"8.8";"8.1";"10.4";"50";"62";"67";"56";"10";"4.9";"6.7"
"Australia";"AUS";"Queensland Premier League 3 Metro";"04-07-2026 06:00";"INPLAY_2ND_HALF";"North Lakes United";"1";"1";"North Brisbane";"1";"1";"4.8";"3.1";"6.2";"7.2";"10.7";"88";"71";"59";"49";"32";"16";"10.5";"19.4";"18.1";"19.6";"10.2";"7";"11.6";"10.4";"10.4";"40";"14";"40";"12";"11";"7";"7.5"
"Australia";"AUS";"Capital Territory";"04-07-2026 02:00";"FT";"Canberra White Eagles";"0";"2";"Cooma Tigers";"0";"1";"3.1";"3.7";"7.7";"2.9";"8.7";"55";"50";"30";"25";"22.2";"8.5";"13.1";"14.9";"8";"11.4";"3.4";"7.7";"7.6";"4.2";"9.5";"40";"50";"20";"30";"8";"10.6";"4.2"
"Australia";"AUS";"Capital Territory";"04-07-2026 02:00";"DELAYED";"Queanbeyan City";"";"";"Tuggeranong United";"";"";"4.7";"4";"4.2";"8.9";"10.9";"80";"80";"50";"50";"24.9";"13.5";"12.4";"7.9";"16";"13.4";"6.9";"7.7";"3.6";"8.7";"9.5";"60";"40";"60";"10";"10";"6.4";"4.4"
"Australia";"AUS";"Capital Territory";"04-07-2026 03:30";"FT";"Belconnen United";"0";"1";"Gungahlin Juventus";"0";"1";"2.8";"7.2";"5.4";"4.1";"9.8";"80";"70";"45";"35";"20.8";"8.3";"9.9";"12";"11.4";"11.2";"4.1";"5.4";"6.1";"6.8";"9.5";"40";"40";"0";"80";"10";"4.9";"4.3"
"Australia";"AUS";"Capital Territory";"04-07-2026 04:45";"FT";"Monaro Panthers";"9";"0";"Brindabella Blues";"3";"0";"6.6";"2.5";"2.8";"6";"9";"55";"45";"25";"25";"23.7";"12.8";"7.8";"9.9";"16.9";"11.6";"6.3";"3.7";"4.9";"8.3";"9.5";"80";"20";"90";"20";"8";"4.7";"13"
"Australia";"AUS";"New South Wales";"04-07-2026 02:00";"FT";"University of NSW";"3";"2";"Sydney II";"2";"1";"6.2";"5.1";"3.2";"5.5";"10";"70";"55";"50";"45";"23.6";"14.2";"12.7";"9.8";"10.6";"9.9";"5.9";"5";"4.2";"4.7";"9.3";"60";"30";"80";"50";"9";"14.2";"9.5"
"Australia";"AUS";"New South Wales";"04-07-2026 02:00";"FT";"Western Sydney W. II";"2";"1";"Sydney Olympic";"1";"1";"4.6";"3.9";"4.2";"6.3";"9.5";"64";"53";"43";"38";"22.2";"11.8";"8.1";"11.1";"13.3";"9.5";"5.3";"3.8";"5.1";"4.8";"9.3";"60";"22";"50";"11";"9";"5.1";"6.2"
"Australia";"AUS";"New South Wales";"04-07-2026 04:00";"FT";"Manly United";"1";"0";"SD Raiders";"0";"0";"4";"4.6";"3.6";"4";"8.1";"54";"42";"20";"16";"21.6";"10.8";"12.2";"9.7";"10.4";"9.9";"4.8";"6.2";"4.7";"4.1";"9.3";"40";"56";"40";"67";"8";"9";"7.9"
"Australia";"AUS";"New South Wales";"04-07-2026 04:30";"FT";"Sutherland Sharks";"3";"2";"APIA Leichhardt Tigers";"1";"0";"4.4";"4.6";"8.2";"4.5";"10.8";"76";"76";"60";"54";"21.5";"9.6";"11";"13.5";"8.9";"10";"3.9";"6.1";"5.2";"4.8";"9.3";"40";"62";"20";"50";"10";"6";"6.5"
"Australia";"AUS";"Npl Western Australia";"04-07-2026 04:00";"FT";"Perth Glory II";"1";"3";"Balcatta";"1";"1";"3.1";"4.8";"6";"5.3";"9.6";"80";"74";"59";"36";"20.6";"8.3";"10";"13.5";"9.4";"9.7";"4.3";"4.8";"5.4";"4.9";"9.5";"60";"56";"40";"44";"9";"5.2";"7.7"
"Australia";"AUS";"Npl Western Australia";"04-07-2026 04:00";"FT";"Stirling Lions";"0";"1";"Perth RedStar";"0";"0";"4.9";"4.6";"5";"4.7";"9.6";"68";"58";"47";"42";"20.8";"8.5";"11.6";"11.9";"9.7";"9";"3.7";"5.4";"5.2";"3.6";"9.5";"30";"22";"30";"33";"10";"3.9";"5.8"
"Australia";"AUS";"Npl Western Australia";"04-07-2026 04:00";"FT";"Fremantle City";"1";"1";"Bayswater City";"1";"0";"4.9";"5.8";"3.9";"3.6";"9";"61";"56";"44";"33";"21.6";"10.6";"12.6";"11.7";"8.6";"9.2";"4.7";"5.4";"4.6";"3.9";"9.5";"56";"78";"67";"67";"9";"4.4";"4.5"
"Australia";"AUS";"Npl Western Australia";"04-07-2026 04:00";"FT";"Western Knights";"2";"0";"Sorrento";"1";"0";"5.8";"2.7";"5.6";"7.3";"10.7";"80";"75";"60";"40";"20";"11.7";"6.2";"10.9";"11.1";"8.6";"4.3";"2.8";"5.4";"4.6";"9.5";"30";"30";"30";"0";"10";"9";"5.6"
"Australia";"AUS";"Npl Western Australia";"04-07-2026 04:00";"FT";"Armadale";"1";"6";"Olympic Kingsway";"0";"2";"5.2";"4.4";"3.8";"3.6";"8.5";"56";"42";"36";"32";"21";"11.4";"12.3";"8.3";"10";"10";"4.6";"6.6";"3.7";"5.2";"9.5";"90";"44";"50";"56";"9";"5.2";"5.3"
"Australia";"AUS";"Npl Western Australia";"04-07-2026 06:00";"INPLAY_2ND_HALF";"Dianella White Eagles";"2";"2";"Perth";"2";"2";"5.6";"5.9";"2.6";"3";"8.6";"71";"60";"39";"29";"21.5";"13";"13";"8.4";"8.6";"9.7";"6.4";"5.4";"4.1";"3.5";"9.5";"62";"60";"88";"80";"9";"5.7";"5.4"
"Australia";"AUS";"Npl Tasmania";"04-07-2026 01:30";"FT";"Devonport City";"4";"1";"Riverside Olympic";"3";"0";"5.6";"6.3";"4.1";"6";"11";"93";"78";"50";"36";"19.2";"8";"11.3";"7.1";"12.1";"8.2";"3.3";"5.1";"3.1";"4.8";"11.4";"71";"56";"71";"44";"11";"3.8";"6.3"
"Australia";"AUS";"Npl Tasmania";"04-07-2026 01:30";"FT";"Ulverstone";"2";"1";"Kingborough Lions";"0";"0";"3.3";"6.4";"9.7";"3.9";"11.6";"100";"86";"74";"54";"25";"6.1";"19.7";"13.6";"10.4";"12.3";"3.4";"9.9";"6.6";"4.7";"11.4";"22";"100";"11";"57";"10";"12.2";"5.1"
"Australia";"AUS";"Npl Tasmania";"04-07-2026 03:45";"FT";"Glenorchy Knights";"2";"2";"Clarence Zebras";"2";"1";"6.4";"8.2";"5.8";"5.9";"13.1";"88";"82";"70";"58";"22.2";"11.9";"9.4";"13.5";"9.4";"10.5";"5.5";"4.9";"6.4";"4.2";"11.4";"62";"33";"50";"56";"12";"7";"5.9"
"Australia";"AUS";"Npl Tasmania";"04-07-2026 03:45";"TBA";"Launceston City";"";"";"Launceston United";"";"";"5.7";"3.6";"4.3";"6.7";"10.1";"84";"72";"50";"33";"23.1";"11.8";"9";"11.3";"14.1";"11";"6";"3.8";"5.4";"6.8";"11.4";"44";"44";"67";"33";"10";"4.7";"6.9"
"Australia";"AUS";"Npl Queensland";"04-07-2026 03:15";"FT";"Gold Coast Knights";"2";"1";"Moreton City Excelsior";"1";"1";"7.3";"6.7";"4.1";"2.7";"10.4";"95";"85";"70";"54";"23.2";"14.1";"14.2";"9.9";"8.1";"11.2";"7";"6.6";"4.9";"3.8";"10.4";"62";"50";"78";"80";"10";"5.4";"5.5"
"Australia";"AUS";"Npl Queensland";"04-07-2026 06:00";"INPLAY_2ND_HALF";"Eastern Suburbs Brisbane";"1";"3";"Peninsula Power";"1";"1";"3.9";"7";"4.2";"4.1";"9.6";"70";"64";"59";"54";"25.3";"11.4";"18.9";"10.6";"9.7";"12.4";"5.2";"9.9";"4.5";"5.2";"10.4";"50";"78";"40";"78";"10";"5.2";"5.2"
"Australia";"AUS";"Npl Queensland";"04-07-2026 06:30";"INPLAY_2ND_HALF";"Queensland Lions";"0";"0";"Olympic FC Brisbane";"0";"0";"7.7";"5.3";"3";"5.9";"11";"94";"78";"64";"58";"25.8";"19.3";"12.2";"7.2";"12.8";"12.7";"10.1";"5.9";"3.4";"5.9";"10.4";"78";"60";"78";"30";"10";"6.7";"6.8"
"Australia";"AUS";"Npl South Australian";"04-07-2026 02:00";"FT";"Adelaide City";"2";"0";"Para Hills Knights";"2";"0";"6.2";"3.2";"4.6";"6.2";"10.1";"75";"60";"50";"45";"22.8";"10.6";"7.8";"8";"19.3";"10.2";"4.6";"3";"3.3";"9.6";"9.2";"50";"40";"50";"10";"9";"7.6";"13"
"Australia";"AUS";"Npl South Australian";"04-07-2026 02:30";"FT";"Adelaide United ||";"0";"0";"Campbelltown City";"0";"0";"6.3";"4.9";"3.2";"4.6";"9.5";"75";"60";"40";"40";"20.8";"12.2";"9.7";"9.9";"9.9";"8.3";"5.1";"3.3";"4.6";"3.6";"9.2";"40";"60";"80";"60";"9";"8.1";"6.5"
"Australia";"AUS";"Npl South Australian";"04-07-2026 02:30";"FT";"Sturt Lions";"1";"0";"Playford City Patriots";"0";"0";"4.9";"5.7";"3.6";"5.9";"10";"80";"60";"45";"40";"21.9";"9.7";"13.5";"9.6";"11";"10.4";"4.2";"6.4";"5.3";"4.9";"9.2";"60";"40";"60";"60";"10";"7.5";"6.4"
"Australia";"AUS";"Npl South Australian";"04-07-2026 04:30";"FT";"White City Woodville";"1";"0";"West Adelaide";"0";"0";"5";"4.6";"5";"6";"10.3";"80";"55";"45";"35";"23";"11.7";"11";"13";"10.4";"10.4";"6.5";"4.1";"5.1";"5.1";"9.2";"50";"40";"40";"30";"10";"5.6";"5.5"
"Australia";"AUS";"Npl South Australian";"04-07-2026 06:45";"HT";"NE MetroStars";"1";"0";"West Torrens Birkalla";"1";"0";"5.2";"6.2";"2.8";"2.5";"8.4";"70";"45";"30";"15";"21.8";"12.5";"13.9";"7.6";"9.7";"10.3";"6.1";"6.4";"3.3";"4.8";"9.2";"80";"80";"80";"80";"9";"4";"7.3"
"Australia";"AUS";"Npl Victoria";"04-07-2026 01:00";"FT";"Hume City";"0";"0";"Dandenong City";"0";"0";"5.1";"4.1";"5.1";"5.2";"9.8";"75";"65";"60";"25";"20.5";"11.1";"10.1";"8.4";"11.3";"10.9";"7.4";"4.3";"4.9";"5.2";"10.2";"90";"40";"30";"30";"10";"4.1";"6.7"
"Australia";"AUS";"Npl Victoria";"04-07-2026 02:00";"FT";"Avondale Heights";"2";"3";"Preston Lions";"0";"0";"5.8";"7.7";"3.7";"4.1";"10.6";"85";"60";"60";"45";"24.4";"13.9";"16.7";"8.7";"9.5";"12.8";"6.3";"10.1";"4.7";"4.5";"10.2";"40";"80";"60";"70";"10";"3.7";"11.1"
"Australia";"AUS";"Npl Victoria";"04-07-2026 02:15";"FT";"Altona Magic";"0";"3";"Melbourne City II";"0";"2";"5.3";"4.6";"4.7";"5";"9.8";"75";"60";"50";"30";"21.5";"9";"11.6";"10.4";"12.1";"10.3";"4.8";"5.6";"4.8";"5.4";"10.2";"30";"40";"70";"50";"10";"7.5";"6.1"
"Australia";"AUS";"Npl Victoria";"04-07-2026 05:00";"FT";"Caroline Springs George Cross FC";"1";"1";"Oakleigh Cannons";"0";"1";"3.7";"5.3";"5.7";"3.6";"9.2";"55";"50";"45";"40";"18.6";"9";"10.9";"11.3";"6";"9.3";"4.7";"5.3";"5.5";"3.1";"10.2";"30";"80";"40";"70";"10";"5.6";"5.4"
"Australia";"AUS";"Victoria NPL Youth League";"04-07-2026 00:00";"FT";"Altona Magic U23";"1";"2";"Melbourne City FC U23";"1";"2";"4.2";"6.6";"5.6";"3.9";"10.1";"88";"78";"56";"30";"27";"14";"14.4";"13.8";"11.8";"15.8";"8.6";"8.6";"7.1";"7.4";"8.9";"60";"67";"20";"57";"9";"5.9";"5"
"Australia";"AUS";"Victoria NPL Youth League";"04-07-2026 02:00";"FT";"Bentleigh Greens U23";"2";"4";"Green Gully U23";"1";"2";"4.4";"4.1";"3.4";"5.4";"8.8";"86";"56";"31";"11";"21.9";"11";"9.6";"10.6";"12.7";"14.1";"8.7";"5.8";"7.3";"6.4";"8.9";"43";"33";"57";"33";"9";"6.2";"6.6"
"Australia";"AUS";"Victoria NPL Youth League";"04-07-2026 02:45";"AWAITING_UPDATES";"George Cross U23";"";"";"Oakleigh Cannons U23";"";"";"5.8";"4.9";"3.1";"2.1";"8";"76";"22";"22";"16";"22.5";"16.4";"12";"6.9";"9.6";"11.7";"7.9";"6.4";"3.3";"5.9";"8.9";"78";"62";"67";"75";"8";"5.8";"6.8"
"Australia";"AUS";"Victoria NPL Youth League";"04-07-2026 03:15";"FT";"Hume City U23";"1";"0";"Dandenong City U23";"1";"0";"3";"4.4";"5";"3.6";"8";"52";"32";"22";"12";"22.6";"6.3";"11.4";"13.4";"14";"12.6";"3";"5.9";"7.3";"9";"8.9";"40";"71";"30";"43";"9";"5.4";"7.3"
"Australia";"AUS";"Victoria NPL Youth League";"04-07-2026 21:15";"NS";"Avondale U23";"";"";"Preston Lions U23";"";"";"5.8";"3.6";"3.6";"4.4";"8.7";"66";"48";"48";"17";"21.2";"13.1";"11.1";"9.1";"9.2";"10.2";"6.6";"4.4";"5";"4.3";"8.9";"57";"33";"62";"22";"9";"4.3";"6.2"
"Australia";"AUS";"Victoria NPL Youth League";"04-07-2026 23:30";"NS";"South Melbourne U23";"";"";"Dandenong Thunder U23";"";"";"3.5";"2.3";"5.9";"6.9";"9.3";"78";"51";"51";"41";"25.2";"10.6";"8";"13.8";"17.9";"13.4";"5.2";"4.9";"7.9";"8.9";"8.9";"25";"10";"38";"10";"9";"5.9";"4.7"
"Australia";"AUS";"Brisbane Reserves Premier League";"04-07-2026 03:00";"AWAITING_UPDATES";"Newmarket U23";"";"";"Carina U23";"";"";"";"";"";"";"";"";"";"";"";"";"";"";"";"";"";"";"";"";"";"0";"";"";"";"";"";"";""
"Australia";"AUS";"Brisbane Reserves Premier League";"04-07-2026 03:00";"AWAITING_UPDATES";"Yeronga Eagles U23";"";"";"Springfield United U23";"";"";"";"";"";"";"";"";"";"";"";"";"";"";"";"";"";"";"";"";"";"0";"";"";"";"";"";"";""
"Australia";"AUS";"Brisbane Reserves Premier League";"04-07-2026 04:00";"AWAITING_UPDATES";"North Lakes United U23";"";"";"North Brisbane U23";"";"";"";"";"";"";"";"";"";"";"";"";"";"";"";"";"";"";"";"";"";"0";"";"";"";"";"";"";""
"Australia";"AUS";"Victoria Premier League 2";"04-07-2026 02:00";"FT";"North Sunshine Eagles";"2";"2";"Manningham United Blues";"0";"2";"5.7";"5.1";"5.3";"6.1";"11.1";"84";"78";"68";"64";"24.6";"11.6";"10.4";"11.2";"15.9";"12.5";"7.4";"4.4";"5.8";"7.4";"10.6";"56";"60";"44";"40";"11";"8.9";"8"
"Australia";"AUS";"Victoria Premier League 2";"04-07-2026 02:00";"FT";"Langwarrin";"1";"6";"Eltham Redbacks";"1";"2";"5";"6.5";"6.7";"5.5";"11.8";"95";"90";"85";"75";"23.2";"11.2";"12.7";"11.9";"10.7";"12.7";"6.3";"6.6";"6.7";"5.8";"10.6";"40";"70";"30";"60";"11";"5.1";"5.1"
"Australia";"AUS";"Victoria Premier League 2";"04-07-2026 04:00";"FT";"North Geelong Warriors";"1";"1";"Port Melbourne";"0";"0";"5.1";"2.7";"5.9";"7.3";"10.5";"84";"78";"63";"58";"21.8";"10.3";"5.4";"13.2";"14.8";"11.9";"5.8";"2.7";"6.9";"8.4";"10.6";"40";"33";"30";"0";"10";"5.7";"10.8"
"Australia";"AUS";"Western Australia State League 1";"04-07-2026 04:00";"FT";"Mandurah City";"2";"2";"Gwelup Croatia SC";"1";"1";"4.4";"4.5";"3.8";"5.8";"9.2";"80";"70";"35";"16";"25.3";"15.8";"11.7";"10.8";"12.3";"14.2";"9.8";"6.3";"5.2";"7";"10.1";"40";"50";"60";"33";"9";"6.9";"10.6"
"Australia";"AUS";"Western Australia State League 1";"04-07-2026 04:00";"FT";"Joondalup City";"3";"1";"Quinns";"0";"1";"4";"4.3";"5.8";"5.3";"9.8";"74";"74";"46";"36";"23.9";"13";"7.8";"14.8";"12.2";"14.9";"9.4";"4.5";"8.4";"7.5";"10.1";"20";"50";"40";"17";"10";"7.6";"5.2"
"Australia";"AUS";"Western Australia State League 1";"04-07-2026 04:00";"FT";"Kingsley";"3";"0";"UWA Nedlands";"1";"0";"7.1";"6.8";"4.7";"2.8";"10.8";"86";"86";"48";"48";"22.8";"13.2";"14.7";"10.1";"7.7";"11.8";"5.4";"8.8";"5.2";"4.2";"10.1";"78";"67";"56";"83";"10";"7.8";"5.9"
"Australia";"AUS";"Western Australia State League 1";"04-07-2026 04:00";"FT";"Murdoch Uni Melville";"2";"2";"Floreat Athena";"1";"1";"4.4";"6.3";"6";"3.5";"10.1";"78";"71";"64";"52";"22.2";"11.4";"14.5";"12.9";"5.7";"9.2";"6.1";"4.8";"5.6";"1.7";"10.1";"50";"50";"25";"67";"10";"6.3";"5.6"
"Australia";"AUS";"Western Australia State League 1";"04-07-2026 04:00";"FT";"Inglewood United";"2";"0";"Subiaco";"1";"0";"5.2";"4.5";"4.5";"4.2";"9.3";"75";"62";"44";"32";"21.2";"8.4";"11.5";"9.5";"12.9";"9.4";"2.2";"5.9";"3";"7.8";"10.1";"50";"25";"50";"25";"10";"9.3";"6.1"
"Australia";"AUS";"Western Australia State League 1";"04-07-2026 04:00";"FT";"Curtin University";"3";"4";"Cockburn City";"2";"3";"4";"4.6";"6.1";"7.1";"10.9";"93";"93";"64";"57";"23.7";"8.1";"10.1";"13.9";"15.3";"12.8";"3.7";"6.4";"7.6";"7.9";"10.1";"71";"57";"29";"14";"10";"10.1";"5.9"
"Australia";"AUS";"South Australia State League 1";"04-07-2026 02:30";"FT";"Adelaide Blue Eagles";"4";"1";"South Adelaide Panthers";"3";"1";"4.4";"4.6";"4.1";"5.6";"9.4";"65";"55";"40";"35";"22.7";"10.4";"9.9";"9.5";"15.6";"11.1";"4.7";"5.6";"3.5";"8.4";"9.7";"40";"40";"40";"50";"9";"5.5";"9"
"Australia";"AUS";"South Australia State League 1";"04-07-2026 02:30";"FT";"Adelaide Cobras";"0";"3";"Fulham United";"0";"1";"3.5";"3.9";"7.2";"5.5";"10";"80";"65";"55";"50";"18";"6.5";"9.8";"10";"9.6";"9.2";"3.5";"4.7";"4.9";"5.3";"9.7";"50";"50";"20";"40";"10";"5.4";"4.9"
"Australia";"AUS";"South Australia State League 1";"04-07-2026 04:30";"FT";"The Cove";"0";"0";"Adelaide Atletico";"0";"0";"6.4";"4.5";"4.6";"5.4";"10.4";"80";"70";"60";"55";"20";"10.2";"10.8";"9.4";"9.5";"10.3";"5.2";"5.4";"4.1";"5.9";"9.7";"70";"50";"40";"40";"10";"7.3";"5.4"
"Australia";"AUS";"South Australia State League 1";"04-07-2026 06:30";"INPLAY_2ND_HALF";"Cumberland United";"1";"2";"Adelaide Raiders";"1";"2";"3.8";"6.5";"3.8";"6.4";"10.2";"75";"55";"55";"55";"21.2";"10";"12.8";"7.5";"12";"10.8";"5.2";"6.4";"4.1";"5.8";"9.7";"80";"30";"50";"50";"10";"5.3";"4.3"
"Australia";"AUS";"South Australia Reserves Premier League";"04-07-2026 00:00";"FT";"Sturt Lions Res.";"4";"1";"Playford City Res.";"2";"1";"5.1";"3";"5.1";"5.3";"9.2";"68";"54";"48";"36";"24.8";"9.9";"6.8";"12.8";"20.2";"14.1";"6.2";"4";"7";"11";"10.1";"50";"33";"56";"14";"9";"4.5";"5.2"
"Australia";"AUS";"South Australia Reserves Premier League";"04-07-2026 00:15";"AWAITING_UPDATES";"Adelaide United Res.";"";"";"Campbelltown City Res.";"";"";"7.1";"7.4";"3";"3.6";"10.6";"83";"78";"72";"60";"21.6";"14.3";"11";"11.7";"6.2";"14.2";"12";"6.4";"7";"3.1";"10.1";"33";"62";"67";"75";"10";"4.1";"3.4"
"Australia";"AUS";"South Australia Reserves Premier League";"04-07-2026 01:45";"FT";"MetroStars Res.";"4";"0";"West Torrens Res.";"0";"0";"8.8";"4.4";"3.8";"4.3";"10.6";"84";"78";"60";"48";"21.4";"17.9";"13.1";"3.9";"7.9";"10.7";"8.6";"6.8";"1.7";"4.4";"10.1";"86";"56";"100";"56";"10";"5.1";"4.5"
"Australia";"AUS";"South Australia Reserves Premier League";"04-07-2026 02:15";"FT";"Beograd Res.";"1";"2";"West Adelaide Res.";"1";"1";"4.2";"1.6";"7.2";"6";"9.5";"66";"66";"54";"42";"21.5";"8.5";"5.2";"14.2";"15";"11.8";"4.5";"2.2";"8.8";"8.2";"10.1";"33";"50";"22";"14";"10";"6.1";"5.8"
"Australia";"AUS";"South Australia Reserves Premier League";"04-07-2026 03:15";"FT";"Adelaide Comets Res.";"1";"0";"Croydon Kings Res.";"1";"0";"6.5";"3.6";"4.5";"7.1";"10.8";"86";"66";"48";"41";"19.8";"15.4";"6.8";"8.9";"8.5";"11.7";"8.6";"4.3";"6.1";"4.3";"10.1";"62";"29";"50";"29";"11";"4.5";"3.6"
"Australia";"AUS";"Queensland Premier League";"04-07-2026 01:30";"FT";"Robina City";"0";"0";"Broadbeach United";"0";"0";"6.6";"5.3";"4.4";"3.3";"9.8";"74";"64";"54";"43";"20";"10.1";"11.6";"9.2";"9.1";"10.1";"4.7";"6.7";"4.4";"4.5";"10";"11";"70";"56";"80";"10";"5.9";"4.8"
"Australia";"AUS";"Queensland Premier League";"04-07-2026 04:00";"FT";"Brisbane Strikers";"3";"2";"Logan Lightning";"1";"1";"4.7";"3.8";"3.4";"3.9";"7.8";"54";"34";"29";"18";"21.2";"14";"12.5";"7.4";"8.5";"9.5";"6.5";"5.5";"2.6";"4.4";"10";"50";"50";"50";"38";"9";"5.2";"7.4"
"Australia";"AUS";"Queensland Premier League";"04-07-2026 04:45";"FT";"North Star";"1";"2";"Redlands United";"0";"1";"4.9";"3.7";"4.1";"5.7";"9.2";"74";"58";"36";"26";"23.5";"14";"9.6";"13.4";"10.1";"11.6";"6.6";"4.3";"7.1";"5.1";"10";"56";"50";"56";"10";"9";"10";"4.6"
"Australia";"AUS";"Queensland Premier League";"04-07-2026 05:00";"FT";"Capalaba";"0";"2";"St George Willawong";"0";"1";"3.6";"4";"6.3";"4.6";"9.2";"63";"63";"36";"26";"24.4";"7.6";"9.2";"18.7";"13.2";"12.1";"3.5";"4";"10.4";"6.3";"10";"25";"56";"20";"33";"10";"8.4";"13.1"
"Australia";"AUS";"New South Wales NPL Youth League";"04-07-2026 00:00";"FT";"UNSW U20";"4";"4";"Sydney U20";"2";"4";"5";"4.9";"6";"3.8";"9.8";"74";"66";"60";"41";"23.9";"15.3";"9.1";"12.6";"10.7";"11.2";"7";"5.7";"5.4";"4.1";"9.1";"29";"57";"43";"62";"9";"7.3";"4"
"Australia";"AUS";"New South Wales NPL Youth League";"04-07-2026 04:00";"FT";"WS Wanderers U20";"1";"1";"Sydney Olympic U20";"0";"1";"5.1";"1.9";"5.2";"7.9";"10.1";"84";"64";"47";"28";"21.2";"7.7";"6.2";"10.6";"17.8";"9.8";"2.3";"3.4";"5";"9";"9.1";"71";"12";"38";"0";"10";"4.5";"4.8"
"Australia";"AUS";"New South Wales NPL Youth League";"04-07-2026 06:00";"INPLAY_2ND_HALF";"Manly United U20";"1";"0";"SD Raiders U20";"1";"0";"4.4";"6.3";"4.1";"5.3";"10";"78";"60";"56";"40";"23.2";"9.8";"13.7";"10.8";"12.1";"11.3";"5.4";"5.9";"4.9";"6.4";"9.1";"60";"43";"50";"43";"10";"3.8";"6.8"
"Australia";"AUS";"New South Wales NPL Youth League";"04-07-2026 06:45";"INPLAY_2ND_HALF";"Sutherland Sharks U20";"0";"0";"APIA Leichhardt U20";"0";"0";"4.7";"6.9";"4.8";"3.1";"9.8";"75";"60";"50";"30";"24.5";"14.1";"12.9";"14";"7.9";"10.8";"7.3";"5.4";"5.5";"3.4";"9.1";"30";"80";"40";"80";"10";"5.9";"6.4"
"Australia";"AUS";"Victoria NPL 2 Youth";"04-07-2026 01:00";"AWAITING_UPDATES";"Goulburn Valley Suns U23";"";"";"Moreland City U23";"";"";"";"";"";"";"";"";"";"";"";"";"";"";"";"";"";"";"";"";"";"0";"";"";"";"";"";"";""
"Australia";"AUS";"Victoria NPL 2 Youth";"04-07-2026 01:45";"AWAITING_UPDATES";"Malvern City U23";"";"";"Eastern Lions U23";"";"";"";"";"";"";"";"";"";"";"";"";"";"";"";"";"";"";"";"";"";"0";"";"";"";"";"";"";""
"Australia";"AUS";"Victoria NPL 2 Youth";"04-07-2026 02:00";"AWAITING_UPDATES";"Kingston City U23";"";"";"Nunawading City U23";"";"";"";"";"";"";"";"";"";"";"";"";"";"";"";"";"";"";"";"";"";"0";"";"";"";"";"";"";""
"Australia";"AUS";"Victoria NPL 2 Youth";"04-07-2026 04:30";"AWAITING_UPDATES";"Box Hill United U23";"";"";"Whittlesea United U23";"";"";"";"";"";"";"";"";"";"";"";"";"";"";"";"";"";"";"";"";"";"0";"";"";"";"";"";"";""
"Australia";"AUS";"Queensland Premier League 2";"04-07-2026 04:00";"FT";"Grange Thistle";"1";"2";"Mitchelton";"0";"0";"6.2";"5.7";"5.8";"6.9";"12.3";"100";"100";"89";"56";"26.4";"13.3";"15.7";"11.8";"11.9";"15.8";"7.1";"9.4";"7.7";"7.3";"11.1";"56";"33";"67";"33";"11";"6";"6.5"
"Australia";"AUS";"Queensland Premier League 2";"04-07-2026 05:00";"FT";"Moreton City II";"0";"2";"Southside Eagles";"0";"2";"6.8";"3.9";"5.2";"7";"11.4";"94";"88";"75";"44";"28.8";"14.8";"11.8";"14.9";"16.2";"17.4";"9.6";"6";"9.5";"9.6";"11.1";"25";"38";"75";"25";"11";"4.9";"6.2"
"Australia";"AUS";"Queensland Premier League 2";"04-07-2026 05:00";"FT";"Pine Hills";"3";"1";"Souths United";"2";"0";"5";"6.3";"5.2";"6.3";"11.4";"92";"92";"69";"54";"28.8";"14.2";"14.1";"15";"14.1";"17.8";"10";"7.9";"10.3";"7.6";"11.1";"33";"71";"33";"29";"11";"6.5";"8.8"
"Australia";"AUS";"Queensland Premier League 2";"04-07-2026 05:15";"FT";"Brisbane Knights";"0";"3";"SWQ Thunder";"0";"2";"3.6";"7.6";"7.3";"4.1";"11.4";"100";"87";"60";"46";"31.8";"12";"23.6";"18.6";"9.4";"19.7";"6.6";"16";"10.7";"6.1";"11.1";"86";"100";"0";"88";"11";"6.3";"11.2"
"Australia";"AUS";"Queensland Premier League 2";"04-07-2026 06:00";"INPLAY_2ND_HALF";"Virginia United";"1";"3";"Taringa Rovers";"";"";"4.8";"6.1";"6.5";"5.4";"11.4";"76";"76";"58";"58";"30.2";"15.8";"11.7";"18";"15";"20";"11.5";"7.4";"12.2";"8.7";"11.1";"100";"33";"0";"44";"11";"9.9";"7.8"
"Australia";"AUS";"South Australia State League 1 Reserves";"04-07-2026 00:15";"FT";"Blue Eagles Res.";"1";"2";"South Adelaide Res.";"1";"0";"3.9";"4.9";"5.7";"5";"9.8";"78";"59";"47";"47";"24.9";"9.9";"14.9";"10.8";"14.2";"14.2";"5.1";"9.5";"5.3";"8.4";"9.6";"33";"50";"33";"38";"10";"5.8";"9.9"
"Australia";"AUS";"South Australia State League 1 Reserves";"04-07-2026 00:15";"FT";"Adelaide Cobras Res.";"2";"0";"Fulham United Res.";"2";"0";"3";"5.3";"5.4";"4.6";"9.2";"76";"50";"38";"27";"19.5";"8.6";"10.7";"10";"9.7";"9.7";"4.1";"5.1";"4.9";"5.3";"9.6";"33";"43";"22";"57";"9";"6.1";"4.9"
"Australia";"AUS";"South Australia State League 1 Reserves";"04-07-2026 00:15";"AWAITING_UPDATES";"Adelaide Olympic Res.";"";"";"Salisbury Unted Res.";"";"";"7.2";"4.1";"3.4";"5.4";"10";"78";"78";"65";"59";"25.6";"17.8";"8.5";"13.2";"11.8";"13.2";"8.8";"4.5";"6.6";"6.4";"9.6";"100";"50";"100";"25";"9";"5.6";"6.5"
"Australia";"AUS";"South Australia State League 1 Reserves";"04-07-2026 02:00";"DELAYED";"The Cove Res.";"";"";"Adelaide Atletico Res.";"";"";"4.2";"5.9";"5";"4.7";"9.9";"64";"58";"52";"42";"23.4";"13.1";"10.6";"10.6";"12.6";"12.4";"7.3";"4.8";"6.3";"6.3";"9.6";"67";"50";"22";"50";"10";"8.2";"6.2"
"Australia";"AUS";"South Australia State League 1 Reserves";"04-07-2026 04:00";"FT";"Cumberland United Res.";"1";"3";"Adelaide Raiders Res.";"1";"2";"3.1";"5.9";"5.6";"3";"8.9";"54";"48";"48";"40";"22.8";"11.2";"10.3";"13.6";"10.4";"13.3";"7.1";"6.4";"7.1";"6";"9.6";"38";"71";"12";"100";"9";"3.6";"5.2"
"Australia";"AUS";"Capital Territory NPL Youth League";"04-07-2026 01:15";"FT";"Belconnen United U23";"2";"1";"Canberra Juventus U23";"1";"0";"5.5";"3.4";"3.2";"4.5";"8.4";"62";"50";"25";"12";"24.8";"12.5";"14.4";"11.6";"11";"15.5";"7.5";"9.1";"7.1";"7.2";"8.6";"50";"38";"88";"25";"9";"5.7";"6.5"
"Australia";"AUS";"Capital Territory NPL Youth League";"04-07-2026 02:30";"DELAYED";"Monaro Panthers U23";"0";"0";"Brindabella Blues U23";"0";"0";"6";"3";"3.6";"7.2";"9.9";"84";"55";"32";"24";"26.1";"17";"7.8";"10.7";"16.7";"17.2";"11.1";"4.8";"7";"11.5";"8.6";"57";"33";"43";"0";"9";"5.3";"9.8"
"Australia";"AUS";"Capital Territory NPL Youth League";"04-07-2026 23:30";"NS";"Canberra Croatia U23";"";"";"Canberra Olympic U23";"";"";"5.5";"3";"3.8";"4.9";"8.6";"70";"46";"31";"31";"25.5";"10.2";"13.4";"13.8";"13.6";"16.2";"6.7";"8.3";"9";"8.3";"8.6";"83";"43";"67";"29";"9";"4.6";"7.1"
"Australia";"AUS";"Queensland NPL Youth League";"04-07-2026 02:00";"FT";"Lions U23";"1";"2";"Olympic U23";"0";"0";"6.5";"4.7";"3.2";"5.6";"10";"72";"56";"56";"40";"24.4";"13.9";"9";"9.9";"16";"11.4";"7";"4.2";"4";"7.7";"10.2";"75";"40";"88";"30";"10";"5.3";"8.2"
"Australia";"AUS";"Queensland NPL Youth League";"04-07-2026 03:00";"DELAYED";"Wolves U23";"0";"0";"Rochedale Rovers U23";"0";"0";"4";"6.4";"6.2";"2.9";"9.7";"75";"62";"56";"38";"23.3";"10.9";"11.4";"16.1";"8.2";"10.4";"4.4";"4.9";"8";"3.6";"10.2";"57";"12";"25";"88";"10";"8.4";"5"
"Australia";"AUS";"Queensland NPL Youth League";"04-07-2026 03:45";"FT";"Eastern Suburbs U23";"1";"1";"Peninsula Power U23";"0";"0";"5.5";"4.6";"5.2";"5.8";"10.6";"75";"62";"62";"62";"22.8";"11.9";"12.5";"9.6";"11.6";"11.5";"6";"6.8";"4";"6.2";"10.2";"38";"50";"25";"25";"10";"4.8";"6"
"Australia";"AUS";"Queensland NPL Youth League";"04-07-2026 23:45";"NS";"Gold Coast United U23";"";"";"Magic United U23";"";"";"4.5";"4.3";"7";"10.3";"13.1";"100";"95";"90";"90";"26.8";"11.5";"10.2";"15.5";"16.2";"15.1";"7.2";"4";"8.8";"10.2";"10.2";"50";"40";"30";"0";"12";"4.8";"12.7"
"Australia";"AUS";"NSW League One Youth";"04-07-2026 00:30";"AWAITING_UPDATES";"Blacktown Spartans U20";"";"";"Newcastle Jets U20";"";"";"4.8";"3.5";"5";"5";"9.2";"53";"47";"47";"47";"25.6";"12.7";"13.5";"12.1";"13";"17";"7.4";"9.5";"6";"11";"9";"22";"50";"22";"50";"9";"7.9";"5.9"
"Australia";"AUS";"NSW League One Youth";"04-07-2026 04:00";"AWAITING_UPDATES";"Bulls Academy U20";"";"";"Mt Druitt Town U20";"";"";"4.5";"2.4";"5";"3.8";"7.8";"56";"56";"31";"0";"25.4";"17.5";"11.5";"9.5";"12.4";"15.6";"10.5";"7.2";"6";"7.5";"9";"0";"25";"0";"12";"8";"9.2";"6.8"
"Australia";"AUS";"NSW League One Youth";"04-07-2026 05:30";"FT";"Macarthur Rams U20";"4";"0";"Inter Lions U20";"2";"0";"3";"3.4";"4";"5.9";"8.1";"56";"56";"44";"25";"24.1";"10.8";"6.8";"12.2";"18.5";"13.6";"6.8";"3.5";"6.2";"10.8";"9";"75";"38";"50";"12";"8";"4.2";"8.5"
"Australia";"AUS";"NSW League One Youth";"04-07-2026 06:00";"INPLAY_2ND_HALF";"Bankstown City U20";"2";"1";"Dulwich Hill U20";"0";"1";"5.1";"4.6";"3";"4.5";"8.6";"68";"44";"25";"25";"18.5";"11.2";"9.9";"8.6";"7.2";"9";"3.8";"5.1";"5.1";"4";"9";"75";"62";"75";"25";"9";"5.3";"5.8"
"Australia";"AUS";"NSW League One Youth";"04-07-2026 06:00";"INPLAY_2ND_HALF";"Hills United U20";"0";"1";"Northern Tigers U20";"0";"1";"6.9";"4.4";"3.4";"3.4";"9.1";"64";"50";"38";"20";"22.4";"17.4";"12";"7.4";"7.9";"11.1";"8.9";"6.7";"3.1";"3.6";"9";"71";"78";"100";"56";"9";"6.4";"6.3"
"Australia";"AUS";"Northern NSW State League 1 Reserves";"04-07-2026 03:00";"AWAITING_UPDATES";"South Cardiff Res.";"";"";"New Lambton Res.";"";"";"";"";"";"";"";"";"";"";"";"";"";"";"";"";"";"";"";"";"";"";"";"";"";"";"";"";""
"Australia";"AUS";"Victoria NPL 3";"04-07-2026 02:00";"FT";"Werribee City";"0";"0";"Altona City";"0";"0";"4.8";"4.3";"5";"4.7";"9.4";"78";"66";"42";"30";"19.8";"11.5";"7.9";"10.8";"9.4";"9";"5.8";"2.9";"4.8";"4.6";"9.9";"62";"44";"38";"33";"10";"9.6";"9.9"
"Australia";"AUS";"Victoria NPL 3";"04-07-2026 02:00";"FT";"Bayside Argonauts";"1";"1";"Essendon Royals";"0";"0";"4.5";"6.8";"7";"3.6";"11";"94";"88";"75";"75";"22.5";"12";"12";"12.5";"8.5";"12.6";"7.5";"6.6";"6.5";"4.6";"9.9";"50";"38";"50";"75";"11";"6";"4.4"
"Australia";"AUS";"Victoria NPL 3";"04-07-2026 04:00";"DELAYED";"Malvern City";"";"";"Eastern Lions";"";"";"6";"3.5";"3.5";"5.7";"9.4";"75";"58";"50";"42";"21.2";"10.8";"12.8";"7.5";"11.3";"11.9";"7.7";"6";"4.3";"5.8";"9.9";"67";"50";"67";"17";"9";"5.1";"9.1"
"Australia";"AUS";"Victoria NPL 3";"04-07-2026 04:00";"DELAYED";"Goulburn Valley Suns";"";"";"Moreland City";"";"";"5.7";"6.2";"6";"3.6";"10.8";"90";"90";"90";"54";"25.9";"22";"9.4";"9";"11.4";"17.2";"17";"5.2";"6.7";"5.4";"9.9";"33";"80";"67";"60";"11";"11.6";"7.8"
"Australia";"AUS";"New South Wales NPL 2";"04-07-2026 02:30";"FT";"Blacktown Spartans";"7";"2";"Newcastle Jets II";"1";"1";"5.7";"4.4";"4.4";"6.8";"10.6";"84";"69";"58";"58";"24.2";"12.1";"10.7";"9.1";"16.4";"12.2";"6.3";"5.7";"4.7";"7.7";"9.9";"60";"22";"50";"22";"10";"5.8";"5.9"
"Australia";"AUS";"New South Wales NPL 2";"04-07-2026 03:30";"FT";"Macarthur Rams";"3";"2";"Inter Lions";"1";"2";"4.5";"3.2";"7.2";"5.8";"10.4";"72";"52";"52";"52";"18.2";"9";"8.9";"10.8";"7.8";"9.2";"5.2";"4.5";"4.5";"4";"9.9";"25";"50";"0";"10";"10";"8.2";"4.9"
"Australia";"AUS";"New South Wales NPL 2";"04-07-2026 04:00";"FT";"Hills United";"1";"2";"Northern Tigers";"1";"0";"6";"6.3";"3";"4.1";"9.7";"72";"62";"50";"44";"22";"15.9";"10.4";"10.3";"7.3";"12";"8.7";"5";"6.2";"4";"9.9";"89";"67";"78";"67";"10";"7.2";"8"
"Australia";"AUS";"New South Wales NPL 2";"04-07-2026 04:00";"FT";"Bankstown City Lions";"2";"2";"Dulwich Hill";"2";"1";"4.4";"4.2";"4.2";"5.3";"9.1";"72";"50";"39";"28";"20.3";"10.7";"9.9";"11.6";"8.6";"10.1";"5.1";"5.4";"5.3";"4.3";"9.9";"44";"44";"44";"44";"9";"7.1";"9.9"
"Australia";"AUS";"New South Wales NPL 2";"04-07-2026 06:00";"TBA";"Bulls Academy";"";"";"Mt Druitt Town";"";"";"6.7";"5.1";"3";"6";"10.4";"84";"72";"67";"61";"22.6";"12.8";"8.5";"10.2";"13.8";"12.4";"6.4";"4.6";"5.2";"8.4";"9.9";"44";"22";"78";"67";"11";"7.5";"12.1"
"Australia";"AUS";"Western Australia State League 1 Reserves";"04-07-2026 02:00";"FT";"Curtin University Res.";"1";"7";"Cockburn City Res.";"1";"4";"4.8";"5.3";"6.3";"3.5";"10";"66";"66";"58";"50";"25.5";"9.2";"16.3";"12.3";"13.2";"14";"3.8";"9.3";"6.3";"8.5";"9.8";"33";"17";"50";"50";"10";"6.6";"9.1"
"Australia";"AUS";"Western Australia State League 1 Reserves";"04-07-2026 02:00";"DELAYED";"Mandurah City Res.";"";"";"Gwelup Croatia Res.";"";"";"3";"4.7";"2.7";"5.6";"8";"36";"36";"28";"22";"23.4";"8.3";"12.9";"11.7";"14";"14.2";"5.3";"7.3";"8";"7.7";"9.8";"33";"43";"33";"29";"9";"4";"4.3"
"Australia";"AUS";"Western Australia State League 1 Reserves";"04-07-2026 02:00";"DELAYED";"Joondalup City Res.";"";"";"Quinns Res.";"";"";"6.8";"5";"2.8";"4.8";"9.6";"50";"50";"50";"50";"25.2";"11.2";"13.8";"15.5";"9.7";"12.6";"4.8";"7.8";"7.2";"5.5";"9.8";"75";"33";"100";"33";"10";"6.2";"3.5"
"Australia";"AUS";"Western Australia State League 1 Reserves";"04-07-2026 02:00";"DELAYED";"Kingsley Westside Res.";"";"";"UWA Nedlands Res.";"";"";"4.7";"4.5";"7";"4.2";"10.2";"75";"58";"50";"50";"23";"11.3";"15.5";"12";"7.3";"11.6";"6.3";"7.7";"5.7";"3.5";"9.8";"67";"83";"33";"50";"10";"6.3";"8.2"
"Australia";"AUS";"Western Australia State League 1 Reserves";"04-07-2026 02:00";"DELAYED";"MUM Res.";"";"";"Floreat Athena Res.";"";"";"7.4";"5";"3.9";"3.8";"10";"48";"48";"41";"41";"24.8";"17.7";"11";"8.4";"12.5";"12.4";"8.9";"6";"4.9";"5.2";"9.8";"71";"75";"71";"75";"10";"10.4";"5.8"
"Australia";"AUS";"Western Australia State League 1 Reserves";"04-07-2026 02:00";"DELAYED";"Inglewood United Res.";"";"";"Subiaco Res.";"";"";"4";"3.1";"6.5";"6.3";"10";"66";"46";"46";"46";"25.7";"11.8";"6.1";"16.8";"16.7";"13.6";"7";"3.1";"9.2";"8";"9.8";"25";"43";"50";"14";"10";"14.8";"12.2"
"Australia";"AUS";"Northern NSW State League 1";"04-07-2026 05:00";"POSTPONED";"South Cardiff";"";"";"New Lambton";"";"";"";"";"";"";"";"";"";"";"";"";"";"";"";"";"";"";"";"";"";"0";"";"";"";"";"";"";""
"Australia";"AUS";"New South Wales NPL 3";"04-07-2026 04:00";"FT";"Gladesville Ryde Magic";"1";"2";"Parramatta";"0";"0";"3.9";"5";"6";"3.4";"9.2";"58";"58";"42";"34";"25";"12.4";"12";"16.9";"8.6";"15.6";"8.3";"6.6";"10";"6.2";"10";"29";"100";"29";"80";"9";"6.2";"6.3"
"Australia";"AUS";"New South Wales NPL 3";"04-07-2026 04:00";"FT";"South Coast Flame";"1";"0";"Central Coast United";"1";"0";"5.8";"4.5";"5.5";"3.8";"9.7";"82";"82";"75";"38";"27.2";"13.6";"13";"16.2";"11.5";"15.4";"6.9";"9.2";"9.1";"5.5";"10";"50";"50";"62";"50";"10";"10.5";"6.2"
"Australia";"AUS";"New South Wales NPL 3";"04-07-2026 04:00";"DELAYED";"Stanmore Hawks";"0";"0";"Camden Tigers";"0";"0";"3.6";"5";"7.1";"6";"10.9";"82";"82";"68";"62";"26.2";"8.5";"10";"16.9";"17";"15.3";"3.9";"5.8";"9.8";"11.2";"10";"50";"25";"25";"50";"11";"7.7";"9.1"
"Australia";"AUS";"New South Wales NPL 3";"04-07-2026 04:00";"DELAYED";"Hawkesbury City";"0";"0";"Bonnyrigg White Eagles";"0";"0";"3.5";"3.5";"5.3";"3.8";"8";"46";"29";"29";"29";"27.1";"14.8";"12.2";"12.8";"14.2";"15.4";"7.8";"8.8";"7.7";"6.5";"10";"33";"25";"33";"50";"9";"6.4";"6.8"
"Australia";"AUS";"New South Wales NPL 3";"04-07-2026 06:00";"TBA";"Granville Rage";"";"";"Dunbar Rovers";"";"";"3.7";"4";"4.5";"4";"8.1";"55";"55";"28";"18";"24.2";"11";"15";"11.3";"11.2";"13.8";"5";"9.2";"6.5";"7";"10";"50";"40";"33";"20";"9";"6.5";"9.4"
"Australia";"AUS";"New South Wales NPL 3 Youth";"04-07-2026 02:00";"AWAITING_UPDATES";"Gladesville Ryde U20";"";"";"Parramatta U20";"";"";"";"";"";"";"";"";"";"";"";"";"";"";"";"";"";"";"";"";"";"";"";"";"";"";"";"";""
"Australia";"AUS";"New South Wales NPL 3 Youth";"04-07-2026 02:00";"AWAITING_UPDATES";"Hawkesbury City U20";"";"";"Bonnyrigg WE U20";"";"";"";"";"";"";"";"";"";"";"";"";"";"";"";"";"";"";"";"";"";"";"";"";"";"";"";"";""
"Australia";"AUS";"New South Wales NPL 3 Youth";"04-07-2026 04:00";"AWAITING_UPDATES";"Western Rage U20";"";"";"Dunbar Rovers U20";"";"";"";"";"";"";"";"";"";"";"";"";"";"";"";"";"";"";"";"";"";"";"";"";"";"";"";"";""
"Australia";"AUS";"New South Wales NPL 3 Youth";"04-07-2026 06:00";"NS";"South Coast Flame U20";"";"";"Central Coast Utd U20";"";"";"";"";"";"";"";"";"";"";"";"";"";"";"";"";"";"";"";"";"";"";"";"";"";"";"";"";""
"Australia";"AUS";"New South Wales NPL 3 Youth";"04-07-2026 06:00";"NS";"Inner West Hawks U20";"";"";"Camden Tigers U20";"";"";"";"";"";"";"";"";"";"";"";"";"";"";"";"";"";"";"";"";"";"";"";"";"";"";"";"";""
"Australia";"AUS";"Queensland PL Youth";"04-07-2026 01:45";"FT";"Brisbane Strikers U23";"1";"1";"Logan Lightning U23";"0";"1";"6.6";"5.8";"4.5";"5";"11";"82";"82";"75";"56";"24.8";"10.4";"15.8";"11.8";"11.9";"11.8";"4.8";"7.9";"5.5";"5.5";"9.9";"38";"62";"62";"62";"10";"3.9";"5.1"
"Australia";"AUS";"Queensland PL Youth";"04-07-2026 02:30";"FT";"North Star U23";"1";"1";"Redlands United U23";"0";"0";"5.7";"5.1";"4.6";"5.1";"10.3";"71";"57";"57";"50";"23.9";"13.1";"12";"10.7";"11.9";"11.5";"5.9";"5.6";"5.4";"6.1";"9.9";"43";"86";"57";"57";"10";"6";"10.9"
"Australia";"AUS";"Queensland PL Youth";"04-07-2026 02:45";"FT";"Capalaba U23";"7";"0";"St George Willawong U23";"3";"0";"3.2";"1.7";"6.3";"7.9";"9.6";"67";"62";"50";"38";"21.5";"7.4";"5.8";"14.4";"15.4";"10.1";"3";"2.9";"7.1";"7.3";"9.9";"33";"22";"33";"0";"9";"6.7";"6.4"
"Australia";"AUS";"Tasmania Southern Championship";"04-07-2026 01:15";"FT";"Hobart City Beachside";"5";"2";"University of Tasmania";"3";"0";"4.7";"2.4";"2.3";"7.6";"8.5";"46";"30";"30";"20";"20.5";"12";"7.4";"9.3";"12.2";"13.6";"7.3";"4.2";"6.7";"9";"9.1";"67";"0";"67";"20";"9";"5";"3.2"
"Australia";"AUS";"Tasmania Southern Championship";"04-07-2026 01:30";"CANCELLED";"South East United II";"";"";"South Hobart II";"";"";"";"7.6";"";"3.8";"";"";"";"";"";"";"";"14.6";"";"9.6";"";"";"6.8";"";"4";"9.1";"";"60";"";"100";"";"";""
"Australia";"AUS";"Tasmania Southern Championship";"04-07-2026 01:30";"FT";"New Town Eagles";"0";"0";"Olympia FC";"0";"0";"6";"6.9";"6.2";"2.7";"10.9";"68";"62";"62";"44";"20";"15";"12.2";"6";"6.8";"9.1";"6.8";"6.5";"2.8";"2.2";"9.1";"0";"71";"20";"71";"10";"4.4";"4.7"
"Australia";"AUS";"TAS NPL Youth";"04-07-2026 01:30";"AWAITING_UPDATES";"Glenorchy Knights U21";"";"";"Clarence Zebras U21";"";"";"";"";"";"";"";"";"";"";"";"";"";"";"";"";"";"";"";"";"";"0";"";"";"";"";"";"";""
"Australia";"AUS";"TAS NPL Youth";"04-07-2026 23:15";"NS";"South East United U21";"";"";"South Hobart U21";"";"";"";"";"";"";"";"";"";"";"";"";"";"";"";"";"";"";"";"";"";"0";"";"";"";"";"";"";""
"Bhutan";"BHU";"Bhutan Premier League";"04-07-2026 09:00";"NS";"Thimphu City";"";"";"Tsirang";"";"";"7";"";"3.8";"";"";"";"";"";"";"";"20.4";"";"11.6";"";"";"7.2";"";"2.9";"";"9.8";"71";"";"75";"";"";"";""
"Belarus";"BLR";"Vysshaya Liga";"04-07-2026 10:00";"NS";"Vitebsk";"";"";"Dnepr Mogilev";"";"";"3.7";"4.9";"5.1";"4.4";"9";"70";"55";"40";"35";"14.4";"6.5";"6.6";"7.2";"8.5";"5.2";"2.4";"2.3";"3.3";"2.4";"9.9";"40";"60";"40";"50";"9";"6.5";"6.6"
"Belarus";"BLR";"Vysshaya Liga";"04-07-2026 12:00";"NS";"Neman Grodno";"";"";"Arsenal";"";"";"5.1";"3.5";"4.2";"6.2";"9.5";"70";"55";"45";"40";"16.2";"8.6";"6.3";"6.6";"10.9";"6.4";"2.7";"2.3";"3.8";"4.2";"9.9";"44";"30";"60";"20";"10";"9.6";"4.8"
"Belarus";"BLR";"Pershaya Liga";"04-07-2026 09:00";"NS";"Shakhtyor Soligorsk";"";"";"Dinamo Minsk II";"";"";"5.3";"4";"5.7";"5.9";"10.4";"75";"70";"65";"50";"15.9";"7.8";"8.5";"7.8";"7.8";"6.9";"3.7";"3.5";"3";"3.6";"10";"30";"33";"40";"40";"10";"3";"3.5"
"Belarus";"BLR";"Pershaya Liga";"04-07-2026 10:00";"NS";"Niva";"";"";"BATE II";"";"";"4.8";"4.7";"4";"4.8";"9.1";"56";"50";"39";"33";"18.5";"12.1";"9.8";"7";"8.1";"8.9";"5.4";"5";"3.7";"3.7";"10";"56";"67";"44";"44";"9";"5";"5.8"
"Belarus";"BLR";"Pershaya Liga";"04-07-2026 10:30";"NS";"Bumprom";"";"";"Orsha";"";"";"5.2";"3.1";"2.6";"5.9";"8.4";"58";"43";"26";"26";"15.4";"8.8";"3.1";"7";"11.7";"6.2";"3.6";"1.1";"2.9";"5";"10";"90";"33";"50";"11";"9";"3.7";"3.1"
"Belarus";"BLR";"Pershaya Liga";"04-07-2026 11:00";"NS";"Energetik-BGU";"";"";"Slonim";"";"";"5";"3.9";"5.6";"5.9";"10.1";"64";"64";"52";"46";"17.7";"10.6";"6.7";"11.1";"7";"8.4";"5.2";"3.2";"4.9";"3.7";"10";"60";"57";"30";"14";"10";"3.9";"3.5"
"Belarus";"BLR";"Pershaya Liga";"04-07-2026 12:00";"NS";"Slutsk";"";"";"FC Ostrovets";"";"";"3.6";"7.8";"4.7";"3.3";"9.7";"69";"59";"59";"54";"14.2";"6.3";"9.1";"6.8";"6.1";"7.1";"2.7";"4.6";"3.1";"3.8";"10";"40";"62";"30";"78";"9";"3.5";"8.3"
"Brazil";"BRA";"Serie C";"04-07-2026 17:00";"NS";"Maranhão";"";"";"Inter de Limeira";"";"";"4.3";"6.2";"5.8";"4.7";"10.5";"90";"80";"60";"55";"25.8";"12.6";"13.8";"13.7";"11.4";"8.2";"3.7";"5.3";"3.6";"3.8";"10.5";"50";"50";"30";"60";"11";"14";"11.5"
"Brazil";"BRA";"Serie C";"04-07-2026 19:00";"NS";"Maringá";"";"";"Volta Redonda";"";"";"5.5";"4.5";"4.3";"4.9";"9.6";"70";"70";"60";"40";"24.4";"15.4";"11.1";"10.1";"12.1";"9";"5";"4.2";"4.2";"4.6";"10.5";"70";"60";"60";"50";"11";"9.6";"11.1"
"Brazil";"BRA";"Serie C";"04-07-2026 19:00";"NS";"Confiança";"";"";"Barra FC";"";"";"6";"3.1";"4.9";"7.2";"10.6";"85";"65";"65";"45";"25";"12.3";"10";"13.3";"14.5";"8.7";"3.7";"3.9";"5.5";"4.3";"10.5";"40";"30";"70";"20";"11";"19.7";"9.9"
"Brazil";"BRA";"Serie C";"04-07-2026 19:30";"NS";"Santa Cruz";"";"";"Ituano";"";"";"4.4";"5.8";"6.2";"5.6";"11";"80";"70";"60";"45";"23.1";"7.9";"12.4";"12.1";"13.8";"8";"3.2";"4.6";"3.7";"4.4";"10.5";"40";"50";"40";"50";"11";"7.9";"9.5"
"Brazil";"BRA";"Serie C";"04-07-2026 20:30";"NS";"Guarani";"";"";"Floresta";"";"";"6.4";"4.3";"4.7";"5.5";"10.4";"70";"70";"60";"35";"23.5";"15.1";"11.5";"9.5";"10.8";"8.4";"5.8";"4.2";"3.7";"3.2";"10.5";"60";"40";"50";"10";"11";"7.6";"9.6"
"Brazil";"BRA";"Serie C";"04-07-2026 20:30";"NS";"Ferroviária";"";"";"Caxias";"";"";"5.8";"3.8";"3.4";"4.2";"8.6";"65";"50";"45";"40";"24.4";"13.9";"13.4";"10.7";"10.7";"8.4";"3.8";"5.9";"3.3";"3.9";"10.5";"70";"40";"70";"50";"9";"15.4";"12.2"
"Brazil";"BRA";"Serie D";"04-07-2026 16:00";"NS";"Maguary PE";"";"";"Iguatu";"";"";"5.4";"3.1";"5.4";"6";"10";"85";"74";"48";"26";"24.2";"15.9";"10.4";"11.8";"10.3";"10";"7";"5";"4.3";"3.8";"9.6";"33";"10";"33";"20";"10";"22.7";"6.9"
"Brazil";"BRA";"Serie D";"04-07-2026 16:00";"NS";"Trem";"";"";"América RN";"";"";"4.3";"8.1";"6.4";"3.8";"11.4";"78";"72";"62";"50";"25.8";"11.9";"16.7";"13.7";"9.4";"10.4";"5.2";"7.6";"5.1";"3";"9.6";"11";"78";"11";"67";"10";"7";"11.1"
"Brazil";"BRA";"Serie D";"04-07-2026 16:00";"NS";"Porto Velho";"";"";"Gama";"";"";"5.1";"5.8";"6.9";"3.9";"10.8";"83";"78";"73";"46";"20.8";"10.7";"13.5";"9.9";"7.6";"8.6";"4.7";"5.6";"4.1";"2.8";"9.6";"43";"70";"43";"50";"11";"4";"6.1"
"Brazil";"BRA";"Serie D";"04-07-2026 16:00";"NS";"Cianorte";"";"";"XV de Piracicaba";"";"";"5.7";"6.3";"3.5";"3.8";"9.6";"75";"70";"50";"45";"20.2";"10.6";"11.9";"8.9";"8.9";"6.8";"4";"3.8";"3.6";"2.2";"9.6";"60";"80";"50";"90";"10";"10.6";"10.8"
"Brazil";"BRA";"Serie D";"04-07-2026 16:00";"NS";"EC São José";"";"";"Portuguesa RJ";"";"";"5.1";"3.8";"5.5";"4.5";"9.4";"70";"55";"50";"30";"22.4";"12.7";"10.2";"9.3";"12.6";"8.4";"4.4";"4.2";"3.8";"4.5";"9.6";"50";"30";"50";"30";"10";"15.9";"7.8"
"Brazil";"BRA";"Serie D";"04-07-2026 16:00";"NS";"CRAC";"";"";"Treze";"";"";"4.6";"5.1";"5.8";"4.9";"10.2";"65";"65";"60";"55";"21.4";"8.2";"11.5";"12.6";"10.5";"7.6";"2.8";"4";"4.7";"3.8";"9.6";"30";"60";"40";"40";"10";"10.2";"8.2"
"Brazil";"BRA";"Serie D";"04-07-2026 16:00";"NS";"Nacional AM";"";"";"Capital Brasilia";"";"";"6.5";"4.4";"3.7";"3.7";"9.1";"75";"65";"40";"30";"21.6";"11.3";"12.8";"7.6";"11.6";"8.3";"4.7";"5.7";"2.9";"3.3";"9.6";"70";"80";"40";"50";"9";"10.3";"6.1"
"Brazil";"BRA";"Serie D";"04-07-2026 16:00";"NS";"Imperatriz";"";"";"Ferroviário";"";"";"3.6";"4.6";"5.1";"3.7";"8.5";"64";"53";"48";"6";"24.6";"10.2";"16.6";"11.8";"10.5";"8.6";"4";"4.7";"4.4";"4.2";"9.6";"44";"30";"22";"70";"9";"7.8";"11.1"
"Brazil";"BRA";"Serie D";"04-07-2026 16:30";"NS";"Serra Branca";"";"";"Uberlândia";"";"";"5.2";"4.8";"5.2";"3.7";"9.4";"64";"58";"46";"41";"21.2";"12.7";"12.2";"8.8";"8.6";"7";"4.3";"4.7";"2.5";"2.4";"9.6";"70";"67";"50";"67";"10";"10.6";"8.7"
"Brazil";"BRA";"Serie D";"04-07-2026 17:00";"NS";"Águia de Marabá";"";"";"ABC";"";"";"3.6";"5.5";"5";"5.1";"9.6";"63";"57";"46";"31";"25";"13.1";"12.8";"9.8";"14.3";"9.8";"6.4";"4.1";"4.1";"5";"9.6";"33";"50";"44";"50";"10";"6.9";"7.1"
"Brazil";"BRA";"Serie D";"04-07-2026 17:00";"NS";"Betim";"";"";"CSA";"";"";"4";"5.8";"3.7";"2.9";"8.2";"60";"40";"30";"30";"19.4";"10.7";"12.1";"11.2";"4.9";"7.3";"4";"5.5";"3.8";"1.3";"9.6";"40";"50";"50";"70";"9";"8.9";"5.5"
"Brazil";"BRA";"Serie D";"04-07-2026 18:00";"NS";"Luverdense";"";"";"Guaporé";"";"";"5.1";"5.2";"3.8";"3.5";"8.9";"71";"60";"39";"28";"19.7";"10.9";"11.1";"7.9";"9.4";"8.2";"4.2";"5.3";"2.9";"4";"9.6";"80";"75";"70";"75";"9";"9.1";"6.2"
"Brazil";"BRA";"Serie D";"04-07-2026 18:00";"NS";"Marcílio Dias";"";"";"Portuguesa";"";"";"6.5";"5.8";"4.4";"3.3";"10";"75";"70";"60";"60";"20.1";"8.5";"13.9";"11.5";"6.3";"7.8";"3.2";"5.9";"4.3";"2.1";"9.6";"40";"70";"60";"80";"10";"6.5";"9.9"
"Brazil";"BRA";"Serie D";"04-07-2026 18:30";"NS";"Goiatuba EC";"";"";"Manauara";"";"";"5.8";"6.8";"4.3";"3.5";"10.2";"74";"74";"64";"58";"21.4";"13.2";"13.6";"9";"6.9";"7.6";"4.8";"5.7";"2.9";"1.8";"9.6";"44";"50";"67";"90";"10";"12";"9.7"
"Brazil";"BRA";"Serie D";"04-07-2026 19:00";"NS";"Velo Clube";"";"";"São Luiz";"";"";"5.6";"2.8";"5.4";"6.2";"10";"78";"68";"56";"46";"23.4";"11.3";"11.1";"10";"14.3";"8.7";"3.4";"5.1";"3.1";"5.8";"9.6";"70";"33";"60";"22";"9";"14.1";"8.5"
"Brazil";"BRA";"Mineiro 2";"04-07-2026 16:00";"NS";"Villa Nova";"";"";"Aymorés";"";"";"5.1";"4.5";"4";"3.4";"8.5";"60";"48";"28";"20";"22";"11.6";"11.6";"10.3";"10.5";"8.1";"5.6";"4";"3.7";"2.9";"8.7";"71";"50";"43";"75";"8";"6.2";"7.4"
"Brazil";"BRA";"Mineiro 2";"04-07-2026 16:00";"NS";"Democrata SL";"";"";"Ipatinga";"";"";"4";"2.2";"5.7";"5.4";"8.6";"54";"54";"32";"32";"20.4";"9";"4.6";"12";"15.2";"9.5";"3.8";"2.2";"5";"8";"8.7";"44";"40";"33";"0";"9";"6.9";"11.5"
"Brazil";"BRA";"Mineiro 2";"04-07-2026 16:00";"NS";"CAP Patrocinense";"";"";"Guarani MG";"";"";"4";"4.3";"5.9";"4.8";"9.6";"72";"67";"62";"38";"22.2";"11.2";"12.8";"11";"9.3";"9.8";"6";"4.5";"4.2";"5";"8.7";"0";"50";"33";"50";"9";"10.2";"11.6"
"Brazil";"BRA";"Paulista Série B";"04-07-2026 15:00";"NS";"Mauá";"";"";"União Mogi";"";"";"4.5";"4.3";"4.7";"4.8";"9.1";"75";"65";"50";"40";"22.8";"11.7";"11.1";"11.3";"11.6";"10.8";"6.1";"5.2";"5.4";"4.9";"9.4";"50";"40";"40";"40";"10";"5.8";"7.9"
"Brazil";"BRA";"Paulista Série B";"04-07-2026 15:00";"NS";"América SP";"";"";"Santacruzense";"";"";"4.9";"2.4";"3.7";"4.9";"8";"56";"33";"22";"16";"23";"13.9";"9.6";"11.7";"10.9";"8.9";"5.3";"3.4";"4";"5";"9.4";"78";"22";"56";"11";"9";"11.6";"7.4"
"Brazil";"BRA";"Paulista Série B";"04-07-2026 15:00";"NS";"Matonense";"";"";"Assisense";"";"";"2.7";"6.6";"5";"4.6";"9.4";"67";"44";"39";"39";"22.2";"8.2";"13.1";"14.1";"8.9";"8.7";"2.8";"5.4";"5.4";"3.9";"9.4";"62";"44";"22";"67";"9";"2.8";"7.7"
"Brazil";"BRA";"Paulista Série B";"04-07-2026 15:00";"NS";"Flamengo SP";"";"";"Osasco Audax";"";"";"4.9";"7.2";"4.5";"4.7";"10.6";"85";"75";"65";"50";"19.7";"10.6";"10.7";"7.5";"10.7";"7.4";"3.7";"4.4";"2.9";"3.9";"9.4";"50";"56";"40";"80";"10";"8.8";"7.6"
"Brazil";"BRA";"Paulista Série B";"04-07-2026 15:00";"NS";"Itaquaquecetuba";"";"";"Paulínia FU";"";"";"7.4";"3.9";"2.7";"4.9";"9.4";"69";"59";"48";"43";"18.6";"12.4";"8.2";"5.9";"10.9";"8.8";"5.9";"3.4";"2.9";"5.4";"9.4";"75";"38";"89";"40";"10";"5.4";"8.2"
"Brazil";"BRA";"Paulista U20";"04-07-2026 15:00";"NS";"Sao Paulo U20";"";"";"XV de Piracicaba U20";"";"";"6.8";"4.5";"3";"4";"9.2";"80";"55";"40";"30";"22";"14.3";"9.5";"9.3";"10.9";"7.8";"5";"3.4";"3.5";"3.8";"9.1";"40";"50";"80";"50";"9";"8.4";"11.9"
"Brazil";"BRA";"Paulista U20";"04-07-2026 15:00";"NS";"Aguai U20";"";"";"Botafogo SP U20";"";"";"4.1";"4.6";"5.1";"4.4";"9.1";"70";"65";"30";"30";"23";"10.6";"12.2";"12.8";"10.4";"9";"3.3";"4.8";"5.8";"4.2";"9.1";"20";"60";"50";"50";"9";"13.2";"6.8"
"Brazil";"BRA";"Paulista U20";"04-07-2026 15:00";"NS";"Ponte Preta U20";"";"";"Santos U20";"";"";"4.9";"6.1";"4.2";"3.1";"9.1";"68";"64";"36";"26";"23.6";"10.2";"16.8";"10.6";"9.7";"8.9";"4.2";"5.6";"4.7";"3.2";"9.1";"44";"60";"44";"70";"9";"6.4";"12.9"
"Brazil";"BRA";"Catarinense 2";"04-07-2026 15:00";"NS";"Fluminense SC";"";"";"Blumenau";"";"";"4.3";"7.8";"5.6";"3.5";"10.6";"74";"66";"62";"56";"21.1";"8";"12.3";"12.3";"9.6";"8.2";"2.3";"5.1";"5.4";"3.6";"9.3";"29";"44";"43";"70";"10";"11.4";"4.7"
"Brazil";"BRA";"Catarinense 2";"04-07-2026 15:00";"NS";"Guarani de Palhoça";"";"";"Hercílio Luz";"";"";"4";"6.1";"3.9";"3";"8.5";"76";"53";"42";"30";"19.8";"9.8";"13.4";"8.8";"7.4";"8.2";"3.4";"6.9";"4";"2.3";"9.3";"44";"71";"44";"88";"9";"8.2";"6.1"
"Brazil";"BRA";"Catarinense 2";"04-07-2026 15:00";"NS";"Juventus SC";"";"";"Jaraguá";"";"";"5";"2";"4.4";"7";"9.2";"66";"58";"44";"27";"15.9";"7.6";"2.7";"8.6";"13";"6.6";"2.1";"1";"4";"6";"9.3";"57";"33";"71";"20";"10";"38";"13.5"
"Brazil";"BRA";"Copa Gaúcha";"04-07-2026 19:00";"NS";"Brasil de Pelotas";"";"";"Santa Cruz RS";"";"";"6.9";"3.4";"3.4";"4.3";"9";"53";"53";"42";"36";"21.4";"15.9";"8.4";"8.2";"10.1";"8.6";"7.2";"3.2";"2.5";"4.1";"9.2";"75";"44";"62";"22";"9";"12.2";"5.6"
"Brazil";"BRA";"Brasiliense U20";"04-07-2026 10:00";"NS";"Grêmio Valparaíso U20";"";"";"Santa Maria U20";"";"";"4.2";"3.6";"4.7";"4.2";"8.3";"64";"45";"26";"16";"25.1";"11";"12";"14";"13.2";"9.6";"4.2";"4";"6.3";"4.8";"10";"33";"40";"17";"40";"10";"7.3";"8.6"
"Brazil";"BRA";"Brasiliense U20";"04-07-2026 10:00";"NS";"Paranoá U20";"";"";"Real Brasília U20";"";"";"6";"4.8";"5.3";"4.3";"10.2";"62";"44";"38";"38";"22.8";"7";"14.8";"12.5";"11.2";"10.6";"3.5";"7.4";"5.5";"4.8";"10";"50";"56";"33";"56";"10";"4.4";"4.5"
"Brazil";"BRA";"Brasiliense U20";"04-07-2026 15:30";"NS";"Ceilandense U20";"";"";"Brasilia DF U20";"";"";"3.5";"7";"7";"6.7";"12.1";"88";"88";"88";"88";"25.8";"6.8";"14.3";"16.2";"14.3";"9";"2";"5.3";"5";"5.7";"10";"50";"67";"25";"67";"11";"7.6";"11"
"Brazil";"BRA";"Brasiliense U20";"04-07-2026 15:30";"NS";"EC Cruzeiro U20";"";"";"Canaã U20";"";"";"4.7";"5";"6.5";"6.4";"11.3";"92";"82";"72";"64";"26.8";"10.2";"16";"15.8";"11.6";"9.6";"3.8";"5.4";"6.7";"3.4";"10";"33";"60";"33";"20";"10";"11.3";"4.6"
"Brazil";"BRA";"Brasiliense U20";"04-07-2026 15:30";"NS";"Brasiliense U20";"";"";"Capital DF U20";"";"";"6";"7.8";"4.5";"3.8";"11";"84";"75";"65";"65";"26.1";"12.5";"22.2";"11.2";"6.2";"11.5";"3.2";"12.8";"3.8";"3.2";"10";"50";"80";"83";"80";"11";"4.5";"5.7"
"Brazil";"BRA";"Brasiliense U20";"04-07-2026 15:30";"NS";"Planaltina U20";"";"";"Sobradinho U20";"";"";"2.3";"5.1";"10.7";"4.4";"11.3";"100";"86";"62";"48";"23.5";"10.3";"8.7";"17";"11";"10.2";"3.7";"4.2";"8.3";"4.3";"10";"33";"29";"0";"43";"10";"12.9";"3.1"
"Brazil";"BRA";"Brasiliense U20";"04-07-2026 16:00";"NS";"Ceilândia U20";"";"";"Luziânia U20";"";"";"2";"";"5.5";"";"";"";"";"";"";"";"11.5";"";"17.7";"";"";"5.3";"";"8.7";"";"10";"67";"";"17";"";"";"";""
"Brazil";"BRA";"Baiano U20";"04-07-2026 09:00";"NS";"Vitoria U20";"";"";"Barcelona BA U20";"";"";"5.6";"5.8";"3.1";"3";"8.8";"71";"55";"32";"32";"25.8";"15";"17.6";"9.1";"9.8";"9.4";"4.9";"6.6";"3";"4.4";"10";"62";"80";"75";"40";"9";"6.8";"12.6"
"Brazil";"BRA";"Baiano U20";"04-07-2026 15:00";"NS";"Bahia U20";"";"";"Jacobina U20";"";"";"5.6";"4.5";"5";"6.5";"10.8";"68";"60";"54";"46";"24";"14";"9";"13.1";"12";"9";"5.9";"4";"4.1";"4";"10";"71";"100";"57";"0";"10";"7";"18"
"Brazil";"BRA";"Baiano U20";"04-07-2026 15:00";"NS";"Fluminense de Feira U20";"";"";"Jacuipense U20";"";"";"6";"6.4";"5.2";"6.6";"12.1";"83";"83";"73";"73";"19.2";"10";"11.8";"6.6";"9.8";"8.1";"4.4";"4.7";"4";"3.2";"10";"40";"83";"60";"43";"11";"4.3";"6.2"
"Brazil";"BRA";"Baiano U20";"04-07-2026 15:00";"NS";"Camaçariense U20";"";"";"SSA U20";"";"";"4.8";"5.3";"5.2";"3.5";"9.4";"65";"45";"45";"36";"21";"10.4";"9.2";"11.2";"11.2";"9.4";"4.2";"3.8";"5.2";"5.5";"10";"60";"67";"20";"67";"10";"6.1";"5.4"
"Brazil";"BRA";"Torneio Otavio Pinto Guimaraes U20";"04-07-2026 10:00";"NS";"Portuguesa RJ U20";"";"";"Vasco da Gama U20";"";"";"3.9";"5.6";"5.6";"4.3";"9.7";"64";"64";"53";"34";"23.3";"8";"14.8";"13";"10.8";"8.9";"2.5";"6.4";"4.4";"4.4";"10.6";"38";"44";"25";"67";"10";"6.2";"7.4"
"Brazil";"BRA";"Gaúcho - Estadual Junior U20";"04-07-2026 11:00";"NS";"Juventude U20";"";"";"Internacional U20";"";"";"3.4";"6.1";"6.4";"4.4";"10.2";"74";"68";"58";"43";"22.6";"11";"14.1";"11.8";"8.3";"9.2";"4.4";"6.9";"4";"3.1";"9.7";"50";"56";"30";"78";"10";"5.1";"5.4"
"Brazil";"BRA";"Carioca A2";"04-07-2026 14:45";"NS";"Resende";"";"";"Americano";"";"";"4.8";"6";"4.3";"3.7";"9.4";"70";"54";"48";"44";"19.4";"10.8";"11.7";"8.7";"7.7";"8.1";"4.8";"5.3";"3.4";"2.7";"9.5";"70";"71";"40";"57";"10";"5.1";"7.3"
"Brazil";"BRA";"Carioca A2";"04-07-2026 14:45";"NS";"São Gonçalo EC RJ";"";"";"Audax Rio";"";"";"4.8";"5.3";"2.9";"5.3";"9.2";"66";"56";"46";"36";"20.2";"14.6";"8.5";"8.1";"9.3";"7.1";"4.3";"2.6";"3.4";"3.8";"9.5";"67";"30";"56";"40";"9";"13.3";"9.4"
"Brazil";"BRA";"Carioca A2";"04-07-2026 14:45";"NS";"América RJ";"";"";"Serrano RJ";"";"";"5";"6";"6.2";"4.7";"11";"84";"84";"72";"50";"20.9";"11.9";"8";"10.1";"11.8";"6.9";"3.7";"3.2";"3.6";"3.3";"9.5";"56";"11";"33";"56";"10";"7.9";"8.9"
"Brazil";"BRA";"Carioca A2";"04-07-2026 14:45";"NS";"Olaria";"";"";"Bonsucesso";"";"";"6.2";"4.8";"3.9";"4.9";"9.9";"76";"66";"53";"29";"20.2";"12.4";"11.7";"8";"8.4";"7.3";"4";"3.3";"3.9";"3.3";"9.5";"75";"56";"62";"44";"10";"8.9";"11.7"
"Brazil";"BRA";"Carioca A2";"04-07-2026 14:45";"NS";"CEAC / Araruama";"";"";"Cabofriense";"";"";"3.1";"5";"4.2";"5.6";"9";"65";"42";"42";"32";"19.9";"7.2";"9.6";"12.2";"10.7";"6.6";"2.8";"3.1";"3.6";"3.7";"9.5";"50";"50";"25";"40";"10";"8";"8.7"
"Brazil";"BRA";"Carioca A2";"04-07-2026 14:45";"NS";"CFRJ / Marica";"";"";"Perolas Negras";"";"";"5.5";"4.2";"4.5";"5.3";"9.8";"60";"55";"50";"50";"23.8";"12.7";"13";"12.3";"9.7";"8.8";"4.2";"5.7";"4.3";"3.3";"9.5";"40";"70";"50";"40";"9";"12.7";"6.8"
"Brazil";"BRA";"Paraibano U20";"04-07-2026 16:00";"NS";"Cruzeiro Itaporanga U20";"";"";"Treze U20";"";"";"6.8";"5";"5.2";"3.2";"10.1";"65";"65";"55";"30";"21.6";"9.6";"19.5";"9.4";"4.8";"10";"3.6";"10.5";"4.4";"1.5";"9.5";"60";"50";"60";"50";"10";"4.5";"7.2"
"Brazil";"BRA";"Catarinense U20";"04-07-2026 15:00";"NS";"Nação U20";"";"";"Criciuma U20";"";"";"5.3";"5.9";"4.6";"5";"10.4";"78";"67";"56";"50";"25.9";"13";"15.7";"12.7";"10.4";"10.3";"5.8";"6";"5.6";"3.3";"9.2";"78";"56";"44";"67";"10";"5.4";"10.5"
"Brazil";"BRA";"Catarinense U20";"04-07-2026 15:00";"NS";"Chapecoense-SC U20";"";"";"Joinville U20";"";"";"5.4";"4.4";"5.1";"6.6";"10.8";"78";"78";"50";"44";"25.2";"13.1";"10.7";"13";"13.7";"10.4";"5.6";"4.2";"4.4";"6.7";"9.2";"56";"44";"56";"22";"10";"7.7";"13.4"
"Brazil";"BRA";"Catarinense U20";"04-07-2026 15:00";"NS";"Barra SC U20";"";"";"Brusque U20";"";"";"5.9";"3.4";"4.2";"5.9";"9.6";"82";"62";"62";"38";"23.2";"12.8";"7.5";"8.6";"17.5";"10";"6.5";"2.1";"3.6";"7.6";"9.2";"88";"38";"38";"38";"9";"4.9";"8.3"
"Brazil";"BRA";"Maranhense 2";"04-07-2026 16:00";"NS";"Cordino";"";"";"Balsas";"";"";"3.5";"";"4";"";"";"";"";"";"";"";"14";"";"8.5";"";"";"6.5";"";"4";"";"0";"50";"";"0";"";"";"";""
"Brazil";"BRA";"Maranhense 2";"04-07-2026 16:00";"NS";"Expressinho";"";"";"São José MA";"";"";"";"";"";"";"";"";"";"";"";"";"";"";"";"";"";"";"";"";"";"0";"";"";"";"";"";"";""
"Brazil";"BRA";"Cearense U20";"04-07-2026 09:30";"NS";"Anjos do Céu U20";"";"";"Floresta CE U20";"";"";"1.7";"3.5";"7";"5";"8.6";"42";"42";"29";"29";"21.9";"9";"10";"9";"15.8";"9.2";"3.7";"4.2";"4";"6.5";"9.6";"0";"50";"0";"50";"9";"8.2";"6.7"
"Brazil";"BRA";"Cearense U20";"04-07-2026 15:30";"FT";"Fortaleza U20";"0";"0";"Vila Real U20";"0";"0";"5";"";"5.4";"";"";"";"";"";"";"";"9.8";"";"14";"";"";"3.4";"";"4.7";"";"9.6";"30";"";"30";"";"";"";""
"Canada";"CAN";"PCSL";"04-07-2026 00:00";"AWAITING_UPDATES";"Mid Isle Highlanders";"";"";"Victoria United";"";"";"";"";"";"";"";"";"";"";"";"";"";"";"";"";"";"";"";"";"";"0";"";"";"";"";"";"";""
"Canada";"CAN";"PCSL";"04-07-2026 18:00";"NS";"Khalsa";"";"";"Victoria United";"";"";"";"";"";"";"";"";"";"";"";"";"";"";"";"";"";"";"";"";"";"0";"";"";"";"";"";"";""
"Canada";"CAN";"PCSL";"04-07-2026 18:00";"NS";"AFA";"";"";"Gorge";"";"";"";"";"";"";"";"";"";"";"";"";"";"";"";"";"";"";"";"";"";"0";"";"";"";"";"";"";""
"Canada";"CAN";"PCSL";"04-07-2026 20:00";"CANCELLED";"Kamloops Rivers II";"";"";"Mid Isle Highlanders";"";"";"";"";"";"";"";"";"";"";"";"";"";"";"";"";"";"";"";"";"";"0";"";"";"";"";"";"";""
"Chile";"CHI";"Tercera A";"04-07-2026 13:00";"NS";"Chimbarongo";"";"";"Naval";"";"";"5";"6.7";"5.6";"5.5";"11.4";"84";"84";"77";"70";"23.4";"10.9";"10";"13.6";"12.3";"9.5";"5.1";"4";"4.9";"5";"10";"29";"83";"43";"33";"11";"10.9";"6.7"
"Chile";"CHI";"Tercera A";"04-07-2026 13:00";"NS";"Rodelindo Román";"";"";"Constitución Unido";"";"";"4.8";"3.9";"4.2";"3.9";"8.4";"62";"48";"31";"24";"26.8";"11";"15";"15.5";"12.1";"12.1";"4.7";"7";"7";"5.6";"10";"67";"43";"67";"29";"10";"10";"7.9"
"Chile";"CHI";"Tercera A";"04-07-2026 13:00";"NS";"Lautaro de Buin";"";"";"Comunal Cabrero";"";"";"6.5";"6.8";"4.5";"3.2";"10.5";"83";"75";"50";"50";"26.2";"15.2";"15.7";"11.2";"10.5";"11.8";"7.8";"5.7";"6.2";"3.8";"10";"50";"50";"50";"100";"10";"10.1";"9.2"
"Chile";"CHI";"Tercera A";"04-07-2026 17:00";"NS";"Atlético Oriente";"";"";"Futuro";"";"";"6";"2.3";"3";"5";"8.2";"67";"58";"33";"25";"24";"13.7";"6.5";"14.7";"13.3";"10.2";"4.8";"2.7";"7.8";"5.2";"10";"100";"50";"67";"0";"10";"9.8";"6.5"
"China";"CHN";"Super League";"04-07-2026 08:00";"NS";"Qingdao West Coast";"";"";"Shanghai Port";"";"";"4.7";"4.5";"4.9";"3.3";"8.7";"65";"50";"30";"25";"22.2";"10.1";"9.7";"14";"10.6";"7.5";"3.8";"3.1";"4.1";"4";"10.4";"50";"50";"50";"70";"10";"4.4";"4.1"
"China";"CHN";"Super League";"04-07-2026 08:00";"NS";"Liaoning Tieren FC";"";"";"Chongqing Tonglianglong FC";"";"";"3.9";"3.1";"4.8";"6.5";"9.1";"75";"55";"40";"35";"21";"11.5";"7";"12.5";"11";"7.4";"3.9";"3";"4.5";"3.5";"10.4";"50";"40";"50";"20";"10";"6.9";"5"
"China";"CHN";"Super League";"04-07-2026 08:35";"NS";"Dalian Yingbo";"";"";"Wuhan Three Towns";"";"";"7.3";"4.7";"4.1";"4.7";"10.4";"85";"70";"60";"40";"24.8";"15.2";"11.2";"10.2";"12.9";"8.9";"4.5";"4.1";"4.5";"4.7";"10.4";"40";"60";"60";"30";"11";"11.2";"7.6"
"China";"CHN";"Super League";"04-07-2026 08:35";"NS";"Beijing Guoan";"";"";"Shandong Taishan";"";"";"7.9";"3.9";"2.8";"4.8";"9.7";"80";"60";"40";"35";"27.8";"18.2";"15.9";"8.7";"12.8";"10.5";"7.6";"5.2";"3.9";"4.3";"10.4";"70";"40";"80";"30";"10";"6.6";"4.7"
"China";"CHN";"Super League";"04-07-2026 09:00";"NS";"Tianjin Jinmen Tiger";"";"";"Shenzhen Peng City";"";"";"5";"6.4";"6.4";"6.1";"12";"90";"85";"70";"60";"23.5";"9.1";"12";"12.6";"13.4";"7.9";"3.3";"4.6";"3.9";"4";"10.4";"40";"60";"30";"50";"11";"5.4";"6.2"
"China";"CHN";"League Two";"04-07-2026 05:30";"FT";"Shanghai Port B";"5";"1";"Beijing BIT";"4";"1";"3.8";"3.8";"4.6";"8";"10.1";"70";"60";"45";"45";"23";"12";"5.3";"14";"14.8";"7";"3.5";"2.4";"4.2";"3.9";"8.8";"70";"10";"30";"0";"9";"7.7";"4.4"
"China";"CHN";"League Two";"04-07-2026 08:00";"NS";"Shandong Taishan II";"";"";"Lanzhou Longyuan";"";"";"6.6";"5.6";"4.2";"5.9";"11.2";"85";"75";"65";"50";"18.6";"11.5";"9.6";"7.3";"8.9";"5.8";"3.5";"2.8";"2.4";"2.8";"8.8";"60";"20";"70";"40";"10";"8.3";"14.8"
"China";"CHN";"League Two";"04-07-2026 08:00";"NS";"Guangzhou Dandelion";"";"";"Guangdong Mingtu";"";"";"4.4";"4.4";"2.6";"3.6";"7.5";"60";"35";"15";"0";"21.8";"9.7";"12";"11.8";"10.1";"7.4";"2.5";"4.2";"4.8";"3.3";"8.8";"60";"50";"70";"50";"8";"11.8";"10.3"
"China";"CHN";"League Two";"04-07-2026 08:30";"NS";"Haimen Codion";"";"";"Dalian Kewei";"";"";"6.4";"5.5";"3.7";"4.5";"10";"80";"60";"40";"30";"19";"10";"11.1";"8.8";"8.1";"5.4";"2.7";"3";"2.6";"2.5";"8.8";"80";"90";"70";"50";"9";"7.2";"8.9"
"China";"CHN";"League Two";"04-07-2026 08:30";"NS";"Ganzhou Ruishi";"";"";"Hubei Istar";"";"";"2.3";"3.5";"4.8";"3.8";"7.2";"65";"25";"15";"0";"20.3";"8.5";"8.9";"10.8";"12.4";"5.4";"2.6";"2.5";"2.2";"3.5";"8.8";"40";"30";"10";"30";"8";"7.2";"5"
"China";"CHN";"League Two";"04-07-2026 09:00";"NS";"Chengdu Rongcheng II";"";"";"Wuhan Three Towns II";"";"";"4.3";"4.4";"4.4";"3.5";"8.3";"65";"40";"30";"25";"20.2";"8.1";"11.4";"11.7";"9.1";"6.9";"2.2";"3.6";"4.4";"3.6";"8.8";"30";"60";"50";"40";"8";"15.2";"16"
"Ecuador";"ECU";"Liga Pro Serie B";"04-07-2026 18:30";"NS";"LDU Portoviejo";"";"";"9 de Octubre";"";"";"6.9";"5";"3";"2.6";"8.8";"63";"57";"52";"36";"18";"11.1";"10.1";"8.7";"6.2";"6.9";"3.6";"3.8";"3.6";"2.8";"8.8";"70";"44";"70";"89";"9";"11.1";"9.2"
"Estonia";"EST";"Meistriliiga";"04-07-2026 13:00";"NS";"Paide";"";"";"Vaprus";"";"";"4.5";"3.8";"5.7";"8.3";"11.1";"90";"75";"60";"60";"23.5";"13";"7.6";"11.8";"14.5";"9.6";"4.3";"3.9";"5";"6";"10.8";"40";"30";"30";"20";"11";"10";"5.4"
"Estonia";"EST";"Meistriliiga";"04-07-2026 13:00";"NS";"JK Trans Narva";"";"";"Levadia";"";"";"3.9";"8.4";"5.4";"2.5";"10.1";"78";"74";"62";"42";"25.4";"11";"19.6";"12.3";"7.9";"8.8";"3";"7.3";"3.9";"3.3";"10.8";"22";"70";"33";"100";"10";"9.2";"6.8"
"Estonia";"EST";"Esiliiga A";"04-07-2026 09:00";"NS";"FC Tallinn";"";"";"Nõmme United II";"";"";"3.7";"3.7";"5.3";"6.2";"9.4";"75";"70";"40";"30";"26.6";"11.1";"11.2";"13.8";"17.1";"11.9";"4.7";"5.1";"6.3";"7.7";"10.3";"30";"40";"30";"30";"10";"12.3";"6.6"
"Estonia";"EST";"Esiliiga B";"04-07-2026 09:00";"NS";"Phoenix";"";"";"Tartu Kalev";"";"";"5.8";"6.4";"5.1";"5.7";"11.5";"72";"72";"67";"61";"28.3";"15.9";"13.2";"12.3";"15.2";"14.5";"7.1";"7.2";"6.6";"8.1";"10.3";"33";"50";"56";"56";"10";"6.1";"5.7"
"Estonia";"EST";"Esiliiga B";"04-07-2026 09:00";"NS";"FCI Tallinn";"";"";"Tammeka II";"";"";"5.1";"6.9";"3.7";"4.2";"10";"61";"56";"50";"50";"30.5";"17.7";"19.6";"12.2";"11.6";"14.4";"8.7";"9.3";"5.4";"5.4";"10.3";"44";"78";"56";"56";"10";"6.3";"6.1"
"Fiji";"FIJ";"National Football League";"04-07-2026 21:00";"NS";"Tailevu Naitasiri";"";"";"Nasinu";"";"";"2.3";"1.8";"7";"9.4";"10.2";"64";"45";"36";"28";"14.8";"5";"3";"11.6";"10";"11.4";"4.6";"1.6";"9.2";"7.4";"8.6";"33";"40";"0";"40";"10";"5";"2.5"
"Fiji";"FIJ";"National Football League";"04-07-2026 22:00";"NS";"Lautoka";"";"";"Rewa";"";"";"5";"7.7";"3";"4.3";"10";"80";"56";"28";"22";"17";"11.5";"10.2";"6.2";"6.2";"9";"6";"5.3";"2.2";"4.5";"8.6";"75";"57";"50";"71";"9";"5.2";"7.3"
"Fiji";"FIJ";"National Football League";"04-07-2026 23:00";"NS";"Labasa";"";"";"Nadroga";"";"";"11";"2.5";"5.5";"3.5";"11.2";"50";"50";"50";"50";"14.5";"8";"9.3";"4.3";"7.3";"8.8";"5";"5.7";"2.7";"4.3";"8.6";"75";"50";"75";"25";"10";"4.4";"6.2"
"Finland";"FIN";"Veikkausliiga";"04-07-2026 09:00";"NS";"Lahti";"";"";"Gnistan";"";"";"4.5";"3";"3.8";"6.7";"9";"70";"55";"50";"35";"24.3";"13.5";"13.4";"10.6";"11.1";"8.7";"5.2";"4.7";"3.9";"3.6";"9.6";"40";"30";"60";"10";"9";"6.8";"6.2"
"Finland";"FIN";"Veikkausliiga";"04-07-2026 11:00";"NS";"SJK";"";"";"TPS";"";"";"6";"3.7";"3";"5.9";"9.3";"70";"50";"50";"35";"27.4";"18.5";"10.9";"10.5";"14.8";"10";"6.4";"4.3";"4.4";"4.8";"9.6";"40";"50";"70";"20";"10";"8.4";"8.7"
"Finland";"FIN";"Veikkausliiga";"04-07-2026 11:00";"NS";"Jaro";"";"";"Ilves";"";"";"4.9";"3.4";"5";"3.8";"8.6";"65";"60";"30";"15";"24.3";"12.9";"10.7";"14";"11";"10.6";"4.6";"5.6";"6.4";"4.5";"9.6";"30";"50";"30";"40";"9";"7.9";"4.5"
"Finland";"FIN";"Veikkausliiga";"04-07-2026 12:00";"NS";"VPS";"";"";"Mariehamn";"";"";"3.4";"4.9";"4.3";"5.8";"9.2";"65";"50";"45";"40";"25.9";"12.5";"8.9";"12.8";"17.6";"9.4";"5.5";"2.9";"3.2";"7.3";"9.6";"50";"40";"30";"40";"9";"5.6";"11.7"
"Finland";"FIN";"Ykkösliiga";"04-07-2026 10:00";"NS";"EIF";"";"";"PK-35";"";"";"5.1";"7";"5.7";"3.7";"10.8";"85";"70";"60";"40";"18";"8.2";"11.2";"7.3";"9.1";"7.4";"3.8";"3.6";"4.1";"3.3";"9.7";"50";"80";"40";"60";"11";"4.8";"4.6"
"Finland";"FIN";"Kakkonen";"04-07-2026 08:00";"NS";"Honka";"";"";"MuSa";"";"";"7";"2";"4.6";"9.9";"11.8";"85";"85";"80";"60";"23";"13.9";"6.1";"7.3";"18.6";"11.2";"6.2";"3.6";"3.7";"8.9";"11.1";"70";"30";"70";"10";"10";"5";"5.5"
"Finland";"FIN";"Kakkonen";"04-07-2026 08:00";"NS";"JS Hercules";"";"";"Vaajakoski";"";"";"4.8";"5.5";"6.9";"4.5";"10.8";"79";"74";"74";"50";"22.6";"8";"12.5";"13.4";"11.3";"11";"3.6";"5.2";"8.1";"5";"11.1";"25";"30";"38";"40";"11";"8";"6.9"
"Finland";"FIN";"Kakkonen";"04-07-2026 09:00";"NS";"HIFK";"";"";"MYPA";"";"";"5.3";"4.5";"5.3";"7.7";"11.4";"89";"79";"63";"58";"21.2";"9.1";"8.4";"9.8";"15.1";"10";"4.1";"4.2";"4.6";"7.1";"11.1";"44";"30";"33";"40";"11";"4.3";"8.4"
"Finland";"FIN";"Kakkonen";"04-07-2026 09:00";"NS";"Kraft";"";"";"Jaro II";"";"";"4.9";"6.5";"6.8";"4.8";"11.4";"68";"68";"62";"56";"25.4";"8.4";"16.6";"11.1";"14.6";"11";"3.6";"7.2";"4.4";"6.6";"11.1";"50";"38";"25";"75";"11";"3.2";"5"
"Finland";"FIN";"Kakkonen";"04-07-2026 10:00";"NS";"Atlantis";"";"";"PEPO";"";"";"6";"7.6";"4";"5.4";"11.5";"89";"72";"61";"56";"24.9";"13.3";"15.2";"8.9";"12.3";"11";"6.8";"5.6";"4.6";"5";"11.1";"44";"67";"78";"67";"12";"4.6";"10.9"
"Finland";"FIN";"Kakkonen";"04-07-2026 10:00";"NS";"Union Plaani";"";"";"PuiU Helsinki";"";"";"4.9";"5.9";"8";"5.3";"12";"94";"84";"72";"72";"26.2";"13";"10.9";"16.8";"11.8";"11.6";"5.1";"3.9";"7.8";"6.4";"11.1";"22";"67";"22";"44";"11";"13";"27.2"
"Finland";"FIN";"Kakkonen";"04-07-2026 10:00";"NS";"P-Iirot";"";"";"HJS Akatemia";"";"";"3.8";"4.8";"6";"6.4";"10.5";"79";"68";"57";"46";"21.4";"12.6";"7.8";"11.9";"10.7";"9.6";"4.9";"3.9";"6";"4.3";"11.1";"44";"30";"33";"20";"10";"7.9";"6"
"Finland";"FIN";"Kakkonen";"04-07-2026 11:00";"NS";"HPS";"";"";"Reipas";"";"";"5.2";"5";"6.8";"5.8";"11.4";"90";"84";"84";"74";"23.8";"8.7";"13.8";"15.4";"9.8";"10.6";"4.2";"6.7";"5.9";"4.4";"11.1";"33";"40";"22";"30";"12";"4.4";"6.3"
"Finland";"FIN";"Kakkonen";"04-07-2026 11:00";"NS";"TP-47";"";"";"GBK";"";"";"5";"5.6";"4.8";"6.7";"11";"67";"67";"67";"50";"24.8";"9.8";"13.6";"12.8";"13.3";"10.6";"4.4";"5.7";"5";"6.2";"11.1";"78";"44";"67";"22";"11";"5.2";"6.5"
"Finland";"FIN";"Kolmonen - Northern Group";"04-07-2026 11:00";"NS";"HauPa";"";"";"Villan Pojat";"";"";"8.2";"4";"4.2";"8";"12.2";"62";"62";"62";"62";"16.6";"7.3";"6.5";"4";"15.5";"8.5";"3.7";"3";"2.3";"8";"10.9";"100";"50";"75";"0";"11";"2.4";"3.8"
"Finland";"FIN";"Kolmonen - Western Group";"04-07-2026 08:00";"NS";"Tampere United II";"";"";"TPV II";"";"";"5.6";"7.2";"3.4";"5.7";"11";"78";"68";"52";"44";"26";"13.1";"16.2";"12";"10.6";"11.3";"6";"7.5";"3.9";"5.2";"10";"86";"60";"57";"70";"10";"6.9";"7.4"
"Finland";"FIN";"Kolmonen - Western Group";"04-07-2026 09:00";"NS";"NoPS";"";"";"Lasten";"";"";"5.6";"6.8";"4.6";"3.6";"10.2";"66";"60";"48";"48";"25.2";"11.6";"18.5";"11.4";"8.9";"11.4";"4.3";"9.1";"5.4";"3.9";"10";"43";"62";"71";"75";"11";"4";"3.9"
"Finland";"FIN";"Kolmonen - Western Group";"04-07-2026 09:00";"NS";"TP-49";"";"";"Loiske";"";"";"2.8";"5.6";"8.5";"4.4";"10.6";"88";"56";"44";"44";"28.2";"5.8";"13.1";"22";"15.4";"12.2";"2";"4.6";"11";"6.9";"10";"0";"38";"0";"50";"10";"11.6";"10.9"
"Finland";"FIN";"Kolmonen - Western Group";"04-07-2026 10:00";"NS";"Mariehamn II";"";"";"LTU";"";"";"4.3";"6.7";"3.7";"5.9";"10.3";"84";"66";"61";"28";"20.7";"11";"7.6";"10.3";"12.6";"11.2";"6.7";"4.2";"5.3";"6.2";"10";"100";"67";"67";"56";"10";"4.1";"9.5"
"Finland";"FIN";"Kolmonen - Southern Group";"04-07-2026 07:00";"TBA";"SibboV";"";"";"JäPS II";"";"";"4.4";"7.6";"6";"3.2";"10.6";"71";"64";"64";"64";"23.4";"14.6";"12.2";"11";"9";"11.8";"8.4";"5.8";"4.8";"4.8";"9.8";"56";"75";"33";"88";"10";"5.4";"5.5"
"Finland";"FIN";"Kolmonen - Southern Group";"04-07-2026 07:00";"INPLAY_1ST_HALF";"RiPS";"2";"1";"ToTe / Tapio";"2";"1";"4";"2.9";"5.4";"5.2";"8.8";"60";"46";"34";"27";"21.6";"8.7";"6.1";"12.6";"15.6";"12";"5.9";"3";"6.4";"8.6";"9.8";"14";"43";"29";"38";"9";"4.4";"6.1"
"Finland";"FIN";"Kolmonen - Southern Group";"04-07-2026 10:00";"NS";"Atlantis II";"";"";"Futura";"";"";"4.7";"";"5.4";"";"";"";"";"";"";"";"13.1";"";"8.7";"";"";"6.4";"";"4.3";"";"9.8";"57";"";"29";"";"";"";""
"Faroe Islands";"FRO";"1. Deild";"04-07-2026 09:00";"NS";"B71";"";"";"HB II";"";"";"6.7";"6.2";"3.1";"3.6";"9.9";"68";"58";"58";"48";"22.8";"14.7";"14.6";"6.1";"10";"9.8";"6.7";"6.4";"2.1";"4.2";"11";"43";"40";"71";"60";"11";"4.9";"12.2"
"Faroe Islands";"FRO";"1. Deild";"04-07-2026 09:00";"NS";"NSÍ II";"";"";"Suduroy";"";"";"6.2";"";"8";"";"";"";"";"";"";"";"9.3";"";"14.5";"";"";"4.2";"";"6.3";"";"11";"33";"";"50";"";"";"";""
"Faroe Islands";"FRO";"1. Deild";"04-07-2026 11:00";"NS";"TB";"";"";"EB / Streymur II";"";"";"3";"3.5";"6";"5.5";"9";"50";"50";"50";"50";"26";"7.5";"7.5";"14.5";"22.5";"10.5";"2";"3.5";"7";"8.5";"11";"100";"50";"0";"0";"10";"4.7";"12.5"
"Faroe Islands";"FRO";"1. Deild";"04-07-2026 13:30";"NS";"ÍF";"";"";"Víkingur II";"";"";"5.2";"7";"5.5";"4";"10.8";"84";"84";"75";"50";"23.1";"9.5";"10.5";"11.7";"14.5";"10";"4.5";"4";"5";"6.5";"11";"67";"100";"17";"50";"11";"5.3";"5.2"
"Faroe Islands";"FRO";"Meistaradeildin";"04-07-2026 10:30";"NS";"B36";"";"";"Víkingur";"";"";"4.7";"8.5";"6.2";"3.2";"11.3";"90";"85";"80";"70";"21";"10.7";"12.6";"9.8";"9";"9";"4.4";"6";"4.2";"3.4";"10.8";"20";"80";"50";"80";"11";"6.3";"6.6"
"Faroe Islands";"FRO";"Meistaradeildin";"04-07-2026 13:15";"NS";"AB Argir";"";"";"EB / Streymur";"";"";"3.5";"4.3";"6";"8.4";"11.1";"75";"65";"55";"50";"21.7";"8.6";"9.3";"11.9";"13.6";"8.6";"4";"3.4";"4.6";"5.1";"10.8";"20";"50";"20";"20";"11";"6.6";"7.8"
"Faroe Islands";"FRO";"Meistaradeildin";"04-07-2026 14:30";"NS";"Skála";"";"";"B68";"";"";"7.2";"4.9";"4.5";"4.3";"10.4";"70";"65";"60";"40";"20.9";"11.7";"7.2";"12.7";"10.2";"8.4";"3.8";"2.9";"5.6";"4.6";"10.8";"40";"60";"70";"60";"11";"10.6";"7.2"
"Gabon";"GAB";"Champoinnat D1";"04-07-2026 10:00";"NS";"Lozo";"";"";"Cercle Mbéri";"";"";"";"";"";"";"";"";"";"";"";"";"";"";"";"";"";"";"";"";"";"0";"";"";"";"";"";"";""
"Gabon";"GAB";"Champoinnat D1";"04-07-2026 11:30";"NS";"Stade Migovéen";"";"";"Dikaki";"";"";"";"";"";"";"";"";"";"";"";"";"";"";"";"";"";"";"";"";"";"0";"";"";"";"";"";"";""
"Gabon";"GAB";"Champoinnat D1";"04-07-2026 11:30";"NS";"Vautour Club";"";"";"FC 105";"";"";"";"";"";"";"";"";"";"";"";"";"";"";"";"";"";"";"";"";"";"0";"";"";"";"";"";"";""
"Gabon";"GAB";"Champoinnat D1";"04-07-2026 11:30";"NS";"Oyem";"";"";"Oyem AC";"";"";"";"";"";"";"";"";"";"";"";"";"";"";"";"";"";"";"";"";"";"0";"";"";"";"";"";"";""
"Gabon";"GAB";"Champoinnat D1";"04-07-2026 11:30";"NS";"Stade Mandji";"";"";"Mangasport";"";"";"";"";"";"";"";"";"";"";"";"";"";"";"";"";"";"";"";"";"";"0";"";"";"";"";"";"";""
"Gabon";"GAB";"Champoinnat D1";"04-07-2026 12:00";"NS";"Ogooue";"";"";"Bitam";"";"";"";"";"";"";"";"";"";"";"";"";"";"";"";"";"";"";"";"";"";"0";"";"";"";"";"";"";""
"Gabon";"GAB";"Champoinnat D1";"04-07-2026 12:00";"NS";"Bouenguidi";"";"";"Lambaréné";"";"";"";"";"";"";"";"";"";"";"";"";"";"";"";"";"";"";"";"";"";"0";"";"";"";"";"";"";""
"Germany";"GER";"Reg. Cup Bayern";"04-07-2026 06:00";"NS";"Kirchheimer SC";"";"";"Heimstetten";"";"";"";"";"";"";"";"";"";"";"";"";"";"";"";"";"";"";"";"";"";"0";"";"";"";"";"";"";""
"Germany";"GER";"Reg. Cup Bayern";"04-07-2026 09:00";"NS";"Buckenhofen";"";"";"Neudrossenfeld";"";"";"";"";"";"";"";"";"";"";"";"";"";"";"";"";"";"";"";"";"";"0";"";"";"";"";"";"";""
"Germany";"GER";"Reg. Cup Bayern";"04-07-2026 09:45";"NS";"Durach";"";"";"Kottern";"";"";"";"";"";"";"";"";"";"";"";"";"";"";"";"";"";"";"";"";"";"0";"";"";"";"";"";"";""
"Germany";"GER";"Reg. Cup Bayern";"04-07-2026 11:00";"NS";"Lichtenfels";"";"";"Coburg";"";"";"";"";"";"";"";"";"";"";"";"";"";"";"";"";"";"";"";"";"";"0";"";"";"";"";"";"";""
"Germany";"GER";"Reg. Cup Bayern";"04-07-2026 11:00";"NS";"Garmisch-Partenkirchen";"";"";"Ismaning";"";"";"";"";"";"";"";"";"";"";"";"";"";"";"";"";"";"";"";"";"";"0";"";"";"";"";"";"";""
"Germany";"GER";"Reg. Cup Bayern";"04-07-2026 11:00";"NS";"Manching";"";"";"Gundelfingen";"";"";"";"";"";"";"";"";"";"";"";"";"";"";"";"";"";"";"";"";"";"0";"";"";"";"";"";"";""
"Germany";"GER";"Reg. Cup Bayern";"04-07-2026 11:00";"NS";"Schwabmünchen";"";"";"Pipinsried";"";"";"";"";"";"";"";"";"";"";"";"";"";"";"";"";"";"";"";"";"";"0";"";"";"";"";"";"";""
"Germany";"GER";"Reg. Cup Bayern";"04-07-2026 14:30";"NS";"DJK Bamberg";"";"";"Eintracht Bamberg";"";"";"";"";"";"";"";"";"";"";"";"";"";"";"";"";"";"";"";"";"";"0";"";"";"";"";"";"";""
"Republic of Ireland";"IRL";"U20 National League";"04-07-2026 08:00";"NS";"Mayo U20";"";"";"Athlone Town U20";"";"";"3";"4";"5";"5.3";"8.6";"84";"50";"16";"16";"30.2";"9";"9";"24";"18.3";"14.2";"3.3";"2.7";"13";"9.3";"10";"0";"67";"33";"33";"10";"15";"3.8"
"Republic of Ireland";"IRL";"U20 National League";"04-07-2026 09:00";"NS";"Drogheda United U20";"";"";"Shelbourne U20";"";"";"6.1";"6.1";"6.6";"5";"11.9";"100";"93";"93";"57";"19.7";"10.1";"11.4";"8";"9.9";"9.2";"4.7";"6";"3.6";"4.1";"10";"57";"86";"43";"57";"11";"4.8";"3.3"
"Republic of Ireland";"IRL";"U20 National League";"04-07-2026 10:00";"NS";"Derry City U20";"";"";"Sligo Rovers U20";"";"";"5.2";"7.6";"4.3";"5.3";"11.2";"82";"76";"58";"52";"23.5";"10.1";"15.7";"9.6";"11.7";"11.6";"5";"7.7";"5";"5.6";"10";"33";"50";"33";"71";"10";"5.3";"6.8"
"Republic of Ireland";"IRL";"U20 National League";"04-07-2026 10:00";"NS";"Cork City U20";"";"";"Shamrock Rovers U20";"";"";"5.4";"3";"3.6";"2";"7";"30";"30";"20";"10";"20.6";"12.4";"10";"10.2";"8.5";"10.8";"6.4";"5";"4.6";"5.5";"10";"60";"100";"40";"50";"8";"6.2";"2.9"
"Republic of Ireland";"IRL";"U20 National League";"04-07-2026 10:30";"NS";"Klub Kildare U20";"";"";"Finn Harps U20";"";"";"3.3";"3.5";"6.3";"5.7";"9.4";"67";"50";"42";"33";"20.4";"9";"7.8";"13";"11";"10.4";"5";"3.7";"7.3";"4.8";"10";"0";"50";"0";"17";"10";"9";"3.4"
"Republic of Ireland";"IRL";"U20 National League";"04-07-2026 11:00";"NS";"Kerry FC U20";"";"";"Wexford U20";"";"";"3";"";"5.5";"";"";"";"";"";"";"";"11.5";"";"15";"";"";"4.5";"";"9";"";"10";"0";"";"0";"";"";"";""
"Republic of Ireland";"IRL";"U20 National League";"04-07-2026 11:00";"NS";"St Patrick's U20";"";"";"Bohemians U20";"";"";"";"4.4";"";"2.6";"";"";"";"";"";"";"";"9";"";"5.6";"";"";"5.3";"";"2";"10";"";"43";"";"43";"";"";""
"Republic of Ireland";"IRL";"U20 National League";"04-07-2026 12:30";"NS";"Dundalk U20";"";"";"Longford Town U20";"";"";"7.1";"2.3";"3.9";"8.3";"10.8";"86";"79";"56";"50";"24.1";"11.9";"10.7";"8.6";"17";"12";"5.6";"4.8";"4.6";"8.8";"10";"86";"33";"75";"17";"10";"5";"9.7"
"Republic of Ireland";"IRL";"U20 National League";"04-07-2026 12:30";"NS";"Treaty United U20";"";"";"Cobh Ramblers U20";"";"";"3.2";"3";"4.5";"6";"8.4";"50";"50";"38";"38";"26.4";"13.2";"14";"13";"12.5";"13.6";"7.8";"6.5";"6.5";"6.5";"10";"50";"50";"50";"50";"9";"8.2";"11.7"
"Republic of Ireland";"IRL";"U20 National League";"04-07-2026 13:00";"NS";"CK United U20";"";"";"Waterford U20";"";"";"";"";"";"";"";"";"";"";"";"";"";"";"";"";"";"";"";"";"";"10";"";"";"";"";"";"";""
"Iceland";"ISL";"Besta deild";"04-07-2026 11:00";"NS";"ÍA";"";"";"Breidablik";"";"";"7.2";"6.9";"7";"5.8";"13.4";"84";"84";"84";"79";"31.2";"15.4";"15.6";"15.7";"15.7";"11.1";"5.3";"6.3";"5";"5.6";"12.3";"50";"56";"40";"56";"13";"8.9";"4"
"Iceland";"ISL";"Besta deild";"04-07-2026 13:00";"NS";"ÍBV";"";"";"Valur";"";"";"3.6";"4.8";"6.6";"8.4";"11.7";"75";"75";"65";"60";"28.4";"10.3";"13.6";"12.9";"20.1";"10.6";"4.2";"5.3";"4.6";"7.1";"12.3";"30";"50";"0";"20";"12";"4.2";"6.1"
"Iceland";"ISL";"Inkasso-Deildin";"04-07-2026 11:00";"NS";"Grindavík";"";"";"Vestri";"";"";"6.4";"5";"9.6";"5.2";"13.1";"94";"89";"84";"66";"25.2";"11.3";"9.2";"15.9";"13.9";"11.4";"5.3";"4.9";"6.1";"6.6";"12.4";"44";"56";"11";"44";"13";"12.6";"5.4"
"Iceland";"ISL";"Inkasso-Deildin";"04-07-2026 13:00";"NS";"Leiknir Reykjavík";"";"";"Völsungur";"";"";"5.2";"4.9";"6";"8";"12";"78";"73";"73";"62";"20.8";"6.9";"8.2";"12.4";"14";"9.8";"2.4";"3.8";"5.6";"7.7";"12.4";"33";"30";"44";"20";"13";"5.3";"6.8"
"Iceland";"ISL";"2. Deild";"04-07-2026 11:00";"NS";"Fjölnir";"";"";"Kormákur / Hvöt";"";"";"5.7";"6";"7.1";"5.3";"12";"89";"79";"63";"63";"23.2";"13";"12.2";"10.3";"10.8";"11.5";"5.7";"7";"4.9";"5.4";"11.7";"40";"89";"10";"56";"12";"5.2";"4.9"
"Iceland";"ISL";"2. Deild";"04-07-2026 11:00";"NS";"KFA";"";"";"Víkingur Ólafsvík";"";"";"5.8";"5.8";"4.6";"5";"10.6";"94";"76";"53";"41";"19.8";"10.2";"10.3";"7.5";"11.4";"9.4";"6.1";"4.1";"3.8";"4.9";"11.7";"38";"44";"75";"56";"12";"4.2";"6.4"
"Iceland";"ISL";"2. Deild";"04-07-2026 13:00";"NS";"Magni";"";"";"Thróttur Vogar";"";"";"6";"5.6";"6.1";"5.7";"11.6";"94";"79";"74";"52";"21.4";"7.6";"12.1";"11.2";"11.8";"10.9";"3.7";"6.1";"6.2";"5.7";"11.7";"30";"56";"50";"22";"12";"6.3";"10.1"
"Iceland";"ISL";"3. Deild";"04-07-2026 11:00";"NS";"Árbær";"";"";"Höttur";"";"";"4.1";"8.3";"7.6";"4.7";"12.4";"78";"78";"71";"71";"25.7";"9.6";"12";"17.5";"12.3";"10.7";"3";"4.7";"6.1";"7.7";"12.2";"12";"0";"25";"100";"12";"6";"9.2"
"Iceland";"ISL";"3. Deild";"04-07-2026 13:00";"NS";"KH Hlidarendi";"";"";"KF";"";"";"5.7";"5.7";"6.7";"5.7";"11.9";"84";"84";"77";"62";"23.6";"13.3";"13.8";"10.3";"9.7";"10.7";"6.7";"5.8";"4.1";"4.7";"12.2";"14";"50";"29";"50";"12";"4.3";"9.2"
"Iceland";"ISL";"3. Deild";"04-07-2026 13:00";"NS";"Vídir";"";"";"Tindastóll";"";"";"6.5";"7";"5";"4.9";"11.7";"84";"76";"76";"60";"19";"14.8";"9.6";"5.8";"7.9";"9.4";"7.8";"4.9";"2.5";"3.7";"12.2";"33";"57";"50";"71";"12";"5.9";"3.8"
"Iceland";"ISL";"3. Deild";"04-07-2026 13:00";"NS";"Sindri";"";"";"Augnablik";"";"";"4.6";"5.6";"6.6";"6.9";"11.8";"84";"84";"69";"64";"21.7";"6.6";"11.4";"10.6";"14.8";"11";"2.6";"6.3";"5.6";"7.6";"12.2";"40";"78";"20";"22";"12";"4.4";"5"
"Japan";"JPN";"Regional Leagues: Kyushu";"04-07-2026 05:30";"FT";"Miyakonojo";"2";"1";"Kawasoe Club";"0";"0";"3.1";"4.4";"4.1";"3.9";"7.8";"50";"43";"36";"29";"22.1";"6.7";"10.4";"18.1";"8.9";"9.3";"2.7";"3.9";"8.1";"3.9";"9.8";"43";"57";"43";"29";"9";"4.5";"11.6"
"Japan";"JPN";"Regional Leagues: Kyushu";"04-07-2026 22:00";"NS";"Atletico Celeste";"";"";"Nippon Steel Oita";"";"";"2.2";"2.1";"7.8";"6.1";"9.2";"70";"70";"48";"40";"21.8";"5.3";"6.6";"19";"12.9";"8.1";"2";"1.9";"7.8";"4.6";"9.8";"33";"29";"17";"14";"10";"6.6";"8.2"
"Japan";"JPN";"Regional Leagues: Kyushu";"04-07-2026 22:00";"NS";"Brew Saga";"";"";"Nobeoka";"";"";"5";"8.5";"4.2";"2.5";"10.1";"92";"62";"50";"34";"28.7";"17";"19.2";"13.2";"8";"9.6";"6";"6";"4";"3.2";"9.8";"50";"100";"50";"100";"10";"14.2";"8"
"Japan";"JPN";"Regional Leagues: Kyushu";"04-07-2026 22:00";"NS";"Heavy Industries";"";"";"KMG Holdings";"";"";"5.8";"6";"3.4";"3.1";"9.1";"78";"61";"45";"32";"20";"10.6";"13.5";"9.4";"6.6";"6.8";"3";"5.4";"3.6";"1.8";"9.8";"60";"38";"80";"75";"10";"13.2";"5.4"
"Japan";"JPN";"Regional Leagues: Chugoku";"04-07-2026 04:00";"AWAITING_UPDATES";"Beluga Rosso Hamada";"";"";"Mizushima";"";"";"5.3";"2.6";"2";"3.9";"6.8";"31";"31";"24";"7";"22.6";"17.7";"9.3";"6.7";"11.6";"10.2";"9";"4.1";"2.3";"4.9";"";"67";"29";"67";"43";"";"6.8";"3.7"
"Japan";"JPN";"Regional Leagues: Chugoku";"04-07-2026 06:00";"INPLAY_2ND_HALF";"Hatsukaichi";"1";"1";"ENEOS Mizushima";"0";"1";"3";"3.2";"2.5";"5.6";"7.2";"44";"22";"16";"6";"22.4";"10";"7.7";"13.5";"13.8";"9.4";"3";"3.1";"6.5";"6.3";"";"50";"33";"50";"22";"";"12.5";"11"
"Japan";"JPN";"Regional Leagues: Chugoku";"04-07-2026 06:00";"INPLAY_2ND_HALF";"Fukuyama City";"3";"0";"SRC Hiroshima";"3";"0";"6.8";"3";"0.8";"3";"6.8";"42";"25";"12";"0";"22.8";"17";"12.7";"5.8";"10";"11.4";"8.2";"6.2";"3";"5.3";"";"100";"33";"100";"33";"";"5.3";"6.4"
"Japan";"JPN";"Regional Leagues: Kanto";"04-07-2026 03:00";"AWAITING_UPDATES";"Tokyo 23";"";"";"Toin Yokohama UFC";"";"";"";"";"";"";"";"";"";"";"";"";"";"";"";"";"";"";"";"";"";"0";"";"";"";"";"";"";""
"Japan";"JPN";"Regional Leagues: Kansai";"04-07-2026 02:00";"FT";"Velago Ikoma";"0";"1";"Asuka FC";"0";"0";"3";"3.8";"3.6";"4";"7.2";"41";"35";"22";"6";"22.7";"13";"11.2";"10.2";"11";"9.1";"5.4";"4.5";"3.2";"5.1";"";"20";"38";"20";"38";"";"7.6";"8.6"
"Japan";"JPN";"Regional Leagues: Kansai";"04-07-2026 06:30";"INPLAY_2ND_HALF";"Arterivo Wakayama";"2";"0";"Moriyama Samurai";"1";"0";"3.8";"2.8";"5.8";"3.2";"7.8";"48";"48";"48";"25";"21.9";"10.2";"7.4";"15";"11.2";"8.8";"3.5";"3.2";"6.5";"4.4";"";"75";"40";"50";"40";"";"5.1";"12.3"
"Japan";"JPN";"Regional Leagues: Kansai";"04-07-2026 06:30";"INPLAY_2ND_HALF";"Cento Cuore Harima";"0";"0";"Ococias Kyoto";"0";"0";"6.6";"3";"1.8";"4";"7.7";"46";"46";"36";"26";"22.8";"15.4";"12.7";"8.2";"9.3";"9.6";"7.4";"5";"3";"3.7";"";"100";"67";"100";"33";"";"8.1";"9.8"
"Japan";"JPN";"Regional Leagues: Kansai";"04-07-2026 22:30";"NS";"Basara Hyogo";"";"";"Laranja Kyoto";"";"";"5";"2.4";"3";"5.8";"8.1";"64";"64";"54";"10";"24";"15.7";"6.6";"10.3";"15.4";"9.6";"6.7";"2.2";"3";"7.4";"";"100";"0";"67";"20";"";"5.8";"11"
"Kazakhstan";"KAZ";"Premier League";"04-07-2026 09:00";"NS";"Altay";"";"";"Tobol";"";"";"2.9";"5.3";"5.5";"5.1";"9.4";"70";"50";"45";"35";"26.1";"12.4";"14.1";"14.2";"11.5";"12";"6.3";"5.1";"7.3";"5.3";"9.1";"10";"60";"10";"50";"9";"12.4";"11.8"
"Kazakhstan";"KAZ";"Premier League";"04-07-2026 10:00";"NS";"Kyzyl-Zhar";"";"";"Yelimay Semey";"";"";"3.2";"5.8";"4.5";"3.8";"8.6";"55";"40";"40";"30";"23.9";"7.8";"16";"13.9";"10.1";"10";"3.3";"5.6";"6";"5";"9.1";"40";"60";"40";"70";"9";"9.9";"10.1"
"Kyrgyzstan";"KGZ";"Top Liga";"04-07-2026 11:30";"NS";"Ozgon";"";"";"Alay";"";"";"7";"5.3";"3";"5";"10.2";"75";"75";"75";"42";"5.8";"2";"4.5";"2";"3";"3.8";"2";"2.5";"2";"1";"9.5";"50";"67";"100";"67";"9";"1.1";"3.8"
"Kyrgyzstan";"KGZ";"Top Liga";"04-07-2026 11:30";"NS";"Bishkek City";"";"";"Toktogul";"";"";"2.5";"7.7";"5";"3";"9.1";"62";"62";"46";"16";"11.1";"4.5";"4";"5.8";"8";"2.1";"1.2";"0";"1";"2";"9.5";"25";"33";"0";"100";"10";"5.6";"5"
"South Korea";"KOR";"Korean Cup";"04-07-2026 04:00";"FT_PEN";"Jincheon HR";"1";"1";"Siheung Citizen";"1";"0";"6.2";"4.5";"3.9";"3.2";"8.9";"75";"50";"40";"15";"19";"12.3";"9";"7.4";"9.4";"8.2";"5.8";"3.3";"4";"3.2";"10";"60";"40";"60";"60";"10";"7.2";"6.4"
"South Korea";"KOR";"Korean Cup";"04-07-2026 06:00";"INPLAY_2ND_HALF";"Pocheon";"1";"0";"Daejeon Korail";"1";"0";"5.5";"3.1";"2.9";"4.7";"8.1";"52";"32";"21";"16";"17.8";"12.7";"9.8";"6.7";"6.4";"7.2";"5.4";"4.7";"2.7";"1.8";"10";"50";"33";"70";"33";"9";"6";"4.9"
"South Korea";"KOR";"Korean Cup";"04-07-2026 06:00";"INPLAY_2ND_HALF";"Changwon City";"3";"0";"Geumsan Insam";"2";"0";"5.7";"4.7";"3.4";"4.9";"9.4";"74";"68";"52";"46";"20";"9.6";"11.4";"8.2";"10.8";"8.9";"3.8";"5.4";"4";"4.6";"10";"44";"20";"67";"50";"9";"8";"5.7"
"South Korea";"KOR";"Korean Cup";"04-07-2026 07:00";"INPLAY_1ST_HALF";"Gangneung City";"0";"0";"Jecheon Citizen";"0";"0";"3.2";"4.8";"4.7";"3.6";"8.2";"60";"35";"20";"15";"17.9";"7.7";"9.6";"9.6";"9";"9";"4.2";"4.3";"4.7";"4.7";"10";"70";"40";"20";"70";"9";"7";"7.4"
"South Korea";"KOR";"Korean Cup";"04-07-2026 07:00";"INPLAY_1ST_HALF";"Together";"1";"0";"Pyeongchang United";"1";"0";"7.7";"3.2";"4.3";"4.4";"9.8";"78";"66";"61";"61";"17.1";"8.5";"10.8";"4.5";"10.4";"7.4";"3";"4.2";"3.5";"4.2";"10";"67";"67";"67";"22";"10";"3.9";"7.7"
"South Korea";"KOR";"Korean Cup";"04-07-2026 07:00";"INPLAY_1ST_HALF";"Haman";"0";"0";"Dangjin Citizen";"0";"0";"3";"4.9";"7.4";"4.3";"9.8";"85";"80";"45";"35";"20.5";"8.8";"8.8";"15.7";"7.7";"8.4";"3.4";"3.7";"5.7";"4";"10";"30";"60";"10";"50";"10";"7.3";"5.2"
"South Korea";"KOR";"Korean Cup";"04-07-2026 07:00";"INPLAY_1ST_HALF";"Ulsan FC";"0";"0";"Yangpyeong";"0";"0";"";"4.8";"";"4.1";"";"";"";"";"";"";"";"11.7";"";"9.4";"";"";"4";"";"4.5";"";"";"80";"";"30";"";"";""
"South Korea";"KOR";"Korean Cup";"04-07-2026 07:00";"INPLAY_1ST_HALF";"Jinju Citizen";"0";"1";"Sejong SA";"0";"1";"5.2";"4.4";"2.9";"4.4";"8.4";"60";"50";"35";"15";"15.4";"7";"9.4";"3.2";"11.2";"8.1";"4.7";"4.6";"1.9";"5.1";"10";"70";"60";"70";"50";"9";"3";"6.7"
"South Korea";"KOR";"Korean Cup";"04-07-2026 07:00";"INPLAY_1ST_HALF";"Mokpo City";"1";"0";"Anseong Citizens";"1";"0";"2.4";"";"5.7";"";"";"";"";"";"";"";"6.3";"";"10.6";"";"";"2.5";"";"5.2";"";"";"50";"";"30";"";"";"";""
"South Korea";"KOR";"Korean Cup";"04-07-2026 07:00";"INPLAY_1ST_HALF";"Ulsan Citize";"1";"0";"Chuncheon";"1";"0";"4.4";"4.4";"4.5";"3.6";"8.4";"55";"45";"35";"25";"18.3";"5.9";"11.2";"10.6";"8.9";"7.6";"2.6";"4.6";"3.8";"4.2";"10";"60";"40";"40";"50";"9";"7.4";"5.9"
"South Korea";"KOR";"K League 2";"04-07-2026 07:30";"INPLAY_1ST_HALF";"Suwon Bluewings";"0";"0";"Seongnam";"0";"0";"5.4";"4.9";"3.7";"3.2";"8.6";"75";"50";"30";"15";"16.2";"7.6";"11.3";"4.9";"8.5";"6";"2.6";"4";"1.9";"3.4";"8.6";"70";"40";"60";"60";"9";"6.3";"12.6"
"South Korea";"KOR";"K League 2";"04-07-2026 07:30";"INPLAY_1ST_HALF";"Paju Citizen";"0";"0";"Yongin City";"0";"0";"3.7";"4.3";"5";"4";"8.5";"65";"55";"35";"25";"15.8";"7.3";"6.6";"9";"8.8";"7";"2.5";"2.9";"4.2";"4.4";"8.6";"60";"50";"40";"40";"8";"8.1";"4.7"
"South Korea";"KOR";"K League 2";"04-07-2026 07:30";"INPLAY_1ST_HALF";"Ansan Greeners";"1";"0";"Suwon";"1";"0";"2.9";"5.5";"4.1";"4.9";"8.7";"70";"50";"40";"25";"17.6";"5.8";"9.9";"10";"9.6";"7.2";"2.6";"3.3";"4.1";"4.4";"8.6";"50";"70";"40";"50";"9";"8.3";"6.6"
"South Korea";"KOR";"K League 2";"04-07-2026 07:30";"INPLAY_1ST_HALF";"Cheongju";"0";"0";"Daegu";"0";"0";"4.6";"5.7";"5";"3.7";"9.5";"90";"60";"50";"35";"15.2";"7.1";"10.2";"7";"6.1";"5.8";"2.1";"4.4";"2.3";"2.7";"8.6";"40";"70";"50";"50";"9";"6.5";"5.7"
"Lithuania";"LTU";"A Lyga";"04-07-2026 10:00";"NS";"Panevėžys";"";"";"Hegelmann Litauen";"";"";"4";"5.3";"5.5";"4.5";"9.6";"80";"70";"65";"40";"19.8";"8.6";"8.2";"11.5";"11.3";"7.8";"3.4";"3.5";"4.9";"3.7";"9.4";"30";"30";"40";"60";"9";"6.6";"6.8"
"Latvia";"LVA";"Virsliga";"04-07-2026 10:00";"NS";"FC Daugavpils";"";"";"Liepāja";"";"";"4.3";"6.5";"4.6";"4.3";"9.9";"65";"60";"55";"45";"27.8";"13.4";"14.2";"14.2";"13.7";"9.6";"4.8";"5.1";"4.5";"4.9";"9.6";"20";"50";"50";"60";"10";"11.6";"5.8"
"Latvia";"LVA";"Virsliga";"04-07-2026 12:00";"NS";"Rīgas FS";"";"";"Auda";"";"";"7.4";"5.9";"2.4";"4.6";"10.2";"80";"65";"60";"50";"24";"17.2";"14.1";"6.9";"9.7";"9.2";"6.5";"4.4";"3.1";"4.4";"9.6";"90";"60";"90";"60";"10";"4.6";"8.9"
"Latvia";"LVA";"First Liga";"04-07-2026 07:00";"INPLAY_1ST_HALF";"Riga FC II";"0";"0";"Tukums II";"0";"0";"4.4";"5.3";"8.8";"5";"11.7";"100";"94";"71";"54";"22.1";"7.6";"12.2";"12.5";"11.9";"10.6";"3.9";"5.3";"5.1";"6.8";"11.4";"50";"56";"25";"33";"12";"4.7";"8.1"
"Latvia";"LVA";"First Liga";"04-07-2026 08:00";"NS";"JDFS Alberts";"";"";"Beitar / Riga Mariners";"";"";"5.8";"5.2";"4.7";"4.1";"9.9";"82";"64";"53";"41";"23.6";"14.8";"13.5";"9";"9.9";"11";"7.1";"6";"4.2";"4.6";"11.4";"67";"12";"56";"62";"10";"5.7";"4.8"
"Latvia";"LVA";"First Liga";"04-07-2026 10:00";"NS";"Mārupe";"";"";"Smiltene";"";"";"5.6";"3.3";"3.9";"7.3";"10";"93";"78";"55";"44";"22.4";"9.6";"7.6";"9.6";"18.1";"9.9";"4.9";"2.8";"4.1";"8";"11.4";"57";"33";"57";"22";"10";"6";"6.9"
"Latvia";"LVA";"First Liga";"04-07-2026 11:00";"NS";"Rēzekne / BJSS";"";"";"JFK Ventspils";"";"";"3";"8.9";"7";"5.8";"12.3";"86";"72";"72";"66";"16.8";"3.9";"8.5";"13.3";"7.9";"8.9";"2.6";"3.2";"7.9";"4.1";"11.4";"29";"62";"14";"88";"12";"3.9";"7.1"
"Latvia";"LVA";"First Liga";"04-07-2026 13:00";"NS";"Metta / LU";"";"";"Skanste";"";"";"8.3";"5.8";"2.6";"5.4";"11";"84";"78";"59";"47";"25.5";"20.8";"12.2";"3.7";"14.4";"11.2";"9.3";"5.2";"1.2";"6.5";"11.4";"78";"50";"67";"50";"10";"5";"6.8"
"Macau";"MAC";"Primeira Division";"04-07-2026 08:00";"NS";"Jia Hua";"";"";"Gorila do Universo";"";"";"7";"4.2";"4.2";"7.6";"11.5";"90";"85";"65";"50";"26.2";"13.5";"10.4";"11.9";"16.7";"11.5";"5.7";"5.5";"4";"7.8";"10.4";"70";"20";"60";"30";"10";"4";"4.2"
"Macau";"MAC";"Primeira Division";"04-07-2026 10:00";"NS";"CPK";"";"";"Benfica de Macau";"";"";"9.3";"4.6";"1.8";"3.5";"9.6";"65";"55";"50";"40";"24.8";"19.3";"14.5";"6";"9.8";"10";"8.1";"5.8";"2.2";"3.9";"10.4";"100";"67";"100";"70";"10";"4.3";"5.8"
"Moldova";"MDA";"Super Liga";"04-07-2026 12:00";"NS";"FC Politehnica";"";"";"Sheriff";"";"";"4.6";"4.9";"4";"4.9";"9.2";"76";"62";"52";"32";"15.2";"7.3";"10.5";"7.3";"5.2";"6.2";"3.8";"4.9";"2.2";"1.6";"";"43";"22";"43";"50";"";"4.1";"7.5"
"Moldova";"MDA";"Super Liga";"04-07-2026 14:00";"NS";"Petrocub";"";"";"Milsami";"";"";"4.5";"4.1";"5.9";"4.9";"9.7";"80";"75";"60";"45";"14.2";"6.1";"5.9";"9.3";"7.2";"6.2";"2.7";"2.6";"3.8";"3.3";"";"60";"70";"40";"40";"";"3.6";"14.8"
"Mongolia";"MNG";"Premier League";"04-07-2026 05:00";"FT";"Khoromkhon Club";"1";"3";"Khovd Western";"0";"1";"4.7";"4.1";"4.6";"9.1";"11.2";"70";"65";"65";"60";"27.3";"11.9";"10.9";"15.6";"16.3";"13";"5.4";"5.3";"8.2";"7.1";"10.2";"60";"10";"40";"20";"11";"7.4";"6.8"
"Mongolia";"MNG";"Premier League";"04-07-2026 08:00";"NS";"Ulaangom City";"";"";"Hunters";"";"";"5.4";"4.7";"6";"5.2";"10.6";"80";"65";"55";"50";"26.6";"12";"14.4";"10.4";"16.2";"12.6";"5.8";"7.1";"5.7";"6.6";"10.2";"50";"60";"50";"40";"10";"4.4";"3.2"
"Malawi";"MWI";"Super League";"04-07-2026 09:30";"NS";"Karonga United";"";"";"Dedza Dynamos";"";"";"4.7";"4.9";"4.9";"3";"8.8";"68";"57";"42";"30";"18.4";"7.3";"8.9";"8.6";"12";"7.2";"3.1";"3.9";"3";"4.6";"8.1";"56";"33";"60";"67";"8";"7.3";"29.7"
"Malawi";"MWI";"Super League";"04-07-2026 09:30";"NS";"Blue eagles Malawi";"";"";"Moyale Barracks";"";"";"4.2";"3.1";"4.7";"5.7";"8.9";"72";"50";"38";"33";"18.5";"11.5";"7.1";"9.3";"9.1";"8";"5.7";"3";"3.8";"3.5";"8.1";"86";"44";"44";"11";"9";"7.7";"8.9"
"Malawi";"MWI";"Super League";"04-07-2026 09:30";"NS";"Big Bullets";"";"";"Creck";"";"";"7.1";"5.1";"2.1";"4.5";"9.4";"72";"59";"52";"46";"18.7";"11.2";"8.9";"7.2";"10.3";"7.4";"5";"3.1";"2.7";"4";"8.1";"57";"62";"71";"62";"8";"8";"8.9"
"Nicaragua";"NCA";"Copa Nicaragua";"04-07-2026 18:00";"NS";"Xilotepelt";"";"";"Real Estelí";"";"";"";"6";"";"3.1";"";"";"";"";"";"";"";"15.6";"";"5.7";"";"";"5.6";"";"3";"10.4";"";"78";"";"67";"";"";""
"Nicaragua";"NCA";"Copa Nicaragua";"04-07-2026 21:00";"NS";"Diriangén";"";"";"H&H Export";"";"";"5.1";"4.6";"4";"3.2";"8.4";"57";"52";"36";"36";"19";"9.6";"8";"12.4";"8.1";"8.5";"4.9";"3";"5.8";"3.4";"10.4";"50";"67";"40";"67";"9";"4.9";"4.4"
"Nicaragua";"NCA";"Copa Nicaragua";"04-07-2026 22:00";"NS";"Matagalpa";"";"";"Jalapa";"";"";"4";"6.1";"5.3";"2.9";"9.2";"80";"60";"54";"34";"20.5";"11.8";"10.6";"13.3";"5.1";"9.4";"6";"5.1";"5.8";"2";"10.4";"43";"62";"43";"75";"9";"6.9";"4.8"
"New Caledonia";"NCL";"Super Ligue";"04-07-2026 01:00";"AWAITING_UPDATES";"Gaïca";"";"";"Magenta";"";"";"";"";"";"";"";"";"";"";"";"";"";"";"";"";"";"";"";"";"";"0";"";"";"";"";"";"";""
"New Caledonia";"NCL";"Super Ligue";"04-07-2026 01:00";"AWAITING_UPDATES";"AS Mont-Dore";"";"";"Lössi";"";"";"";"";"";"";"";"";"";"";"";"";"";"";"";"";"";"";"";"";"";"0";"";"";"";"";"";"";""
"New Caledonia";"NCL";"Super Ligue";"04-07-2026 01:00";"AWAITING_UPDATES";"Hienghene Sport";"";"";"Kunié";"";"";"";"";"";"";"";"";"";"";"";"";"";"";"";"";"";"";"";"";"";"0";"";"";"";"";"";"";""
"New Caledonia";"NCL";"Super Ligue";"04-07-2026 03:30";"AWAITING_UPDATES";"Ne Drehu";"";"";"Horizon Patho";"";"";"";"";"";"";"";"";"";"";"";"";"";"";"";"";"";"";"";"";"";"0";"";"";"";"";"";"";""
"Norway";"NOR";"1. Division";"04-07-2026 09:00";"NS";"Egersund";"";"";"Moss";"";"";"5.2";"6.7";"4.2";"5.7";"10.9";"90";"80";"65";"40";"23.4";"9.8";"11.7";"12.7";"12.6";"10.4";"3.7";"5.2";"5.5";"6.4";"11";"70";"80";"70";"60";"10";"7";"6.5"
"Norway";"NOR";"1. Division";"04-07-2026 11:00";"NS";"Hødd";"";"";"Strømsgodset";"";"";"4.2";"7.5";"6.8";"5.4";"12";"90";"90";"75";"55";"26.3";"10.7";"17.7";"13.9";"10.3";"11.4";"4.7";"8.6";"5.3";"4.1";"11";"50";"50";"30";"50";"12";"6.7";"5.7"
"Norway";"NOR";"1. Division";"04-07-2026 13:00";"NS";"Bryne";"";"";"Sandnes Ulf";"";"";"5.4";"5.8";"5";"5.6";"10.9";"90";"85";"65";"55";"21.2";"11.5";"12";"9.8";"9.2";"8.4";"4.9";"4.9";"3.3";"3.8";"11";"70";"70";"60";"40";"10";"7.2";"7.1"
"New Zealand";"NZL";"National League";"04-07-2026 04:00";"FT";"Auckland II";"4";"1";"Bay Olympic";"3";"0";"6.4";"5.6";"5.1";"5.7";"11.4";"90";"84";"64";"52";"22.8";"9.9";"8";"12.9";"14.8";"11.6";"5.4";"3.4";"5.4";"8.8";"10.6";"67";"40";"56";"70";"11";"7.6";"11.4"
"New Zealand";"NZL";"Chatham Cup";"04-07-2026 00:00";"FT";"South City Royals";"0";"9";"Cashmere Technical";"0";"4";"4.2";"8.6";"4.8";"4.7";"11.2";"76";"68";"68";"60";"11.2";"1.7";"10.1";"5.8";"4.7";"7.1";"1.2";"6.6";"3.7";"2.9";"11";"50";"71";"33";"86";"11";"1.1";"1.9"
"New Zealand";"NZL";"Chatham Cup";"04-07-2026 00:00";"FT";"Melville United";"0";"1";"Hibiscus Coast";"0";"0";"3.8";"";"5.2";"";"";"";"";"";"";"";"10.3";"";"15.9";"";"";"4";"";"6.9";"";"11";"33";"";"56";"";"";"";""
"New Zealand";"NZL";"Chatham Cup";"04-07-2026 00:45";"FT";"Island Bay United";"1";"3";"Miramar";"0";"1";"4.2";"6.4";"6.7";"5.1";"11.2";"90";"74";"68";"52";"26.3";"11.7";"14.7";"15.2";"11";"13.5";"6.4";"7.2";"7.6";"5.8";"11";"33";"80";"22";"60";"11";"6.2";"5.4"
"New Zealand";"NZL";"Chatham Cup";"04-07-2026 03:00";"FT";"Fencibles United";"3";"0";"South Auckland Rangers";"2";"0";"4.2";"";"5.1";"";"";"";"";"";"";"";"12.9";"";"9.1";"";"";"7.7";"";"3";"";"11";"33";"";"44";"";"";"";""
"Russia";"RUS";"FNL 2 - Group 1";"04-07-2026 10:30";"NS";"Pobeda";"";"";"Rostov II";"";"";"5.4";"6.6";"4.1";"3.7";"9.8";"82";"59";"29";"22";"16.1";"9";"10.1";"7.1";"6";"6.3";"3";"5.6";"1.6";"2.4";"8.4";"62";"56";"88";"78";"9";"3.9";"4.4"
"Russia";"RUS";"FNL 2 - Group 1";"04-07-2026 11:00";"NS";"Nart Cherkessk";"";"";"Kyzyltash";"";"";"3.5";"6.3";"3.3";"4";"8.6";"60";"52";"28";"14";"12.4";"4.1";"9.5";"4.3";"7";"4.2";"1.3";"3.2";"1.4";"2.5";"8.4";"33";"100";"50";"71";"9";"3.4";"5"
"Russia";"RUS";"FNL 2 - Group 1";"04-07-2026 11:00";"NS";"Spartak Nal'chik";"";"";"Sevastopol";"";"";"4.7";"6.1";"3.3";"2.1";"8.2";"50";"31";"31";"26";"11.6";"7.7";"6.4";"6";"3.2";"2.9";"2";"1.2";"2";"0.6";"8.4";"33";"71";"56";"71";"8";"7";"5.3"
"Russia";"RUS";"FNL 2 - Group 1";"04-07-2026 11:00";"NS";"Neftyanik Ufa";"";"";"Chayka II";"";"";"3.5";"3";"5.4";"6";"9";"60";"52";"34";"27";"15.2";"6.7";"5.1";"9.6";"8.9";"5.7";"2.6";"1.3";"4.4";"3.1";"8.4";"50";"14";"38";"0";"9";"6.7";"7.3"
"Russia";"RUS";"FNL 2 - Group 1";"04-07-2026 11:30";"NS";"Astrakhan";"";"";"Zarya Lugansk";"";"";"4.8";"4.6";"5.2";"5.1";"9.8";"87";"66";"46";"40";"15.8";"5.4";"9.6";"8.7";"7.8";"5";"2";"2.2";"4";"1.8";"8.4";"75";"43";"50";"43";"9";"3.6";"8.7"
"Russia";"RUS";"FNL 2 - Group 1";"04-07-2026 12:00";"NS";"Druzhba";"";"";"Rubin Yalta";"";"";"2.3";"5.3";"4.3";"3.6";"7.8";"48";"42";"36";"24";"13.3";"7";"7";"7";"5.6";"3.6";"2";"2.9";"0.8";"1.5";"8.4";"57";"67";"29";"67";"8";"4.7";"5"
"Russia";"RUS";"FNL 2 - Group 2";"04-07-2026 07:00";"INPLAY_1ST_HALF";"Iskra Smolensk";"2";"0";"Tver";"2";"0";"2.1";"3";"4.9";"4.9";"7.4";"60";"35";"25";"25";"14";"4.8";"6.4";"8.5";"8.3";"4.2";"1.3";"1.9";"2.6";"2.6";"8.9";"30";"10";"10";"20";"8";"5.3";"7.1"
"Russia";"RUS";"FNL 2 - Group 2";"04-07-2026 08:00";"NS";"Zvezda Sint Petersburg";"";"";"FK Dinamo St. Petersburg";"";"";"4";"6.9";"4.1";"2.2";"8.6";"68";"52";"30";"20";"13.4";"6.6";"7.6";"7.4";"5.2";"4.8";"1.7";"3.1";"3.1";"1.6";"8.9";"67";"80";"56";"100";"9";"6";"4.2"
"Russia";"RUS";"FNL 2 - Group 3";"04-07-2026 07:00";"INPLAY_1ST_HALF";"Avangard Kursk";"0";"0";"Spartak Tambov";"0";"0";"4.2";"7.2";"3.7";"2.8";"9";"79";"51";"36";"20";"13.6";"8.2";"8";"6.9";"4.2";"4.4";"3";"2.6";"2.2";"1";"9.4";"44";"90";"44";"100";"9";"4.3";"4.7"
"Russia";"RUS";"FNL 2 - Group 3";"04-07-2026 09:00";"NS";"Volna Kovernino";"";"";"Shumbrat";"";"";"4.8";"5";"4.5";"4.4";"9.4";"83";"64";"48";"36";"13.4";"5.3";"7.9";"6.1";"7.6";"4.2";"2.4";"2.3";"1.4";"2.1";"9.4";"50";"43";"30";"57";"10";"2.5";"3.8"
"Russia";"RUS";"FNL 2 - Group 3";"04-07-2026 09:00";"NS";"Ryazan";"";"";"SKA-Energiya II";"";"";"3.8";"3.6";"4";"4.2";"7.8";"58";"41";"36";"12";"13.6";"6.5";"6.5";"5.9";"8.3";"4.5";"1.9";"2.5";"1.4";"3.3";"9.4";"44";"50";"33";"38";"9";"6.5";"3.2"
"Russia";"RUS";"FNL 2 - Group 3";"04-07-2026 09:00";"NS";"Kvant";"";"";"Arsenal Tula II";"";"";"3.5";"4";"6.4";"5.2";"9.6";"64";"47";"42";"42";"15";"5.3";"7.1";"10";"7.4";"4.9";"1";"2.6";"3.1";"3.1";"9.4";"25";"56";"12";"44";"10";"7.6";"5.1"
"Russia";"RUS";"FNL 2 - Group 3";"04-07-2026 11:00";"NS";"Rodina Moskva III";"";"";"Saturn Ramenskoye";"";"";"4";"5.8";"4.6";"4.2";"9.3";"57";"57";"52";"36";"14.2";"6.3";"10.1";"5.8";"6.2";"5.7";"3";"3.5";"1.8";"3.1";"9.4";"22";"50";"44";"50";"9";"3.2";"9.2"
"Russia";"RUS";"FNL 2 - Group 3";"04-07-2026 12:00";"NS";"Rotor-2";"";"";"Strogino";"";"";"2.4";"2.7";"7.6";"5.6";"9.2";"68";"51";"40";"35";"13.6";"5";"6.2";"7.7";"8.2";"4";"1.3";"1.7";"2.6";"2.3";"9.4";"25";"30";"12";"10";"9";"7.1";"4.8"
"Russia";"RUS";"FNL 2 - Group 3";"04-07-2026 12:00";"NS";"Orel";"";"";"Metallurg Lipetsk";"";"";"5";"6.8";"4.1";"3.8";"9.8";"79";"56";"56";"50";"15.8";"8.6";"8.3";"7.7";"7";"5.8";"2.8";"3.6";"2.9";"2.4";"9.4";"50";"62";"50";"62";"10";"7.2";"3.6"
"Sierra Leone";"SLE";"Premier League";"04-07-2026 13:30";"POSTPONED";"Freetown City";"";"";"Ports Authority";"";"";"3.4";"2.3";"4.2";"3.9";"6.9";"42";"36";"26";"18";"13.4";"6.9";"6";"9.6";"4.5";"4.8";"2.7";"2";"3.6";"1.2";"7.7";"75";"40";"22";"14";"8";"8.6";"6.7"
"Sierra Leone";"SLE";"Premier League";"04-07-2026 13:30";"POSTPONED";"Wilberforce Strikers";"";"";"Luawa";"";"";"4.7";"4.7";"4.3";"2.9";"8.3";"50";"38";"28";"22";"15.1";"6.8";"7.3";"9.5";"6.7";"5.1";"2.2";"1.6";"3.2";"3.1";"7.7";"33";"44";"67";"78";"8";"11.3";"18.2"
"Sierra Leone";"SLE";"Premier League";"04-07-2026 13:30";"POSTPONED";"Star Sport Academy";"";"";"Wusum Stars";"";"";"3.7";"5.4";"5.3";"3.9";"9.1";"78";"56";"56";"31";"17.6";"10.3";"7.7";"7.7";"9.6";"6.4";"3.3";"3.6";"2";"3.9";"7.7";"60";"50";"33";"38";"9";"8.6";"9.6"
"Sierra Leone";"SLE";"Premier League";"04-07-2026 13:30";"POSTPONED";"Old Edwardians";"";"";"SLIFA Mount Aureol";"";"";"4.2";"5.4";"5";"4.2";"9.4";"70";"70";"53";"42";"18.5";"6.8";"9.3";"9.3";"11.6";"7";"3.3";"3.9";"2.2";"4.6";"7.7";"62";"38";"50";"44";"9";"5.2";"6.6"
"Sierra Leone";"SLE";"Premier League";"04-07-2026 13:30";"POSTPONED";"Bai Bureh Warriors";"";"";"Diamond Stars";"";"";"4.1";"3.1";"4.9";"2.1";"7.1";"52";"46";"40";"7";"16.4";"10.6";"10.5";"6.6";"5";"6.6";"4.2";"4.5";"2.4";"2";"7.7";"71";"83";"57";"56";"7";"8.8";"11.7"
"Sierra Leone";"SLE";"Premier League";"04-07-2026 13:30";"POSTPONED";"East End Lions";"";"";"Bullom Stars";"";"";"4.2";"3.2";"4.1";"4.3";"8";"68";"51";"40";"22";"18.2";"10.3";"7.9";"9.6";"8.7";"7.4";"4.7";"3.3";"3.7";"3.1";"7.7";"29";"44";"38";"20";"8";"5.7";"6.1"
"Sierra Leone";"SLE";"Premier League";"04-07-2026 13:30";"POSTPONED";"Bhantal";"";"";"Kamboi Eagles";"";"";"4.5";"2";"2.6";"4.5";"6.8";"32";"25";"18";"12";"12.5";"6.7";"5.5";"4.6";"8.2";"4.5";"2.1";"2.2";"2.6";"2.2";"7.7";"62";"71";"62";"38";"7";"16.8";"5"
"Sierra Leone";"SLE";"Premier League";"04-07-2026 13:30";"POSTPONED";"Bo Rangers";"";"";"Mighty Blackpool";"";"";"5.4";"2.7";"3.6";"4.3";"8";"53";"42";"36";"18";"23";"17";"11.4";"8.3";"9.2";"8.2";"5.7";"3.4";"2.7";"4.6";"7.7";"29";"57";"50";"33";"8";"14.2";"16.3"
"Sierra Leone";"SLE";"Premier League";"04-07-2026 13:30";"POSTPONED";"Kallon";"";"";"Abacha City";"";"";"4";"6";"4.5";"3.6";"9";"64";"64";"41";"18";"20.8";"9.3";"10.5";"13.7";"8";"9.2";"3.3";"5.2";"6.3";"3.5";"7.7";"25";"44";"25";"67";"9";"31";"11.7"
"Syria";"SYR";"Premier League";"04-07-2026 11:00";"TBA";"Al Shorta";"";"";"Horriya";"";"";"";"4.8";"";"4.4";"";"";"";"";"";"";"";"11.2";"";"11.8";"";"";"1.6";"";"1.4";"9.4";"";"60";"";"60";"";"";""
"Syria";"SYR";"Premier League";"04-07-2026 11:00";"TBA";"Al Karama";"";"";"Umayya";"";"";"";"";"";"";"";"";"";"";"";"";"";"";"";"";"";"";"";"";"";"9.4";"";"";"";"";"";"";""
"Syria";"SYR";"Premier League";"04-07-2026 11:00";"NS";"Damascus Al Ahli";"";"";"Al Futuwa";"";"";"";"";"";"";"";"";"";"";"";"";"";"";"";"";"";"";"";"";"";"9.4";"";"";"";"";"";"";""
"Uruguay";"URU";"Primera División Amateur";"04-07-2026 10:00";"NS";"Deportivo Colonia";"";"";"Lito";"";"";"";"4.3";"";"5";"";"";"";"";"";"";"";"12.7";"";"11";"";"";"4";"";"2.3";"10.1";"";"67";"";"33";"";"";""
"United States";"USA";"USL Championship";"04-07-2026 17:00";"NS";"Indy Eleven";"";"";"Charleston Battery";"";"";"5.6";"5.1";"4.9";"3.8";"9.7";"85";"75";"50";"35";"24.6";"13.5";"13.1";"13";"9.7";"9.3";"5.2";"6.1";"3.9";"3.4";"9";"70";"40";"40";"50";"10";"7.8";"3.7"
"United States";"USA";"USL Championship";"04-07-2026 19:00";"NS";"Tampa Bay Rowdies";"";"";"Lexington";"";"";"6";"5.5";"3";"3.5";"9";"70";"50";"40";"30";"23.9";"15.6";"13.8";"8.9";"9.5";"8.2";"4.7";"5.4";"3.5";"2.8";"9";"70";"50";"80";"60";"9";"6.4";"6.1"
"United States";"USA";"USL Championship";"04-07-2026 20:00";"NS";"Pittsburgh Riverhounds";"";"";"Brooklyn FC";"";"";"3.5";"4.2";"6";"3.9";"8.8";"60";"45";"35";"30";"22.6";"9.9";"12.8";"10.7";"11.9";"8";"3.5";"5.3";"3.1";"4.1";"9";"40";"80";"30";"70";"9";"6.2";"6.3"
"United States";"USA";"USL Championship";"04-07-2026 20:30";"NS";"Rhode Island";"";"";"Orange County";"";"";"4.5";"3.7";"3.7";"6.1";"9";"60";"60";"40";"35";"26.4";"16.9";"12.3";"8.8";"14.7";"8.4";"6.1";"4.1";"2.5";"4.1";"9";"60";"40";"40";"30";"9";"6.7";"5"
"United States";"USA";"USL Championship";"04-07-2026 21:00";"NS";"Louisville City";"";"";"Hartford Athletic";"";"";"6.7";"4.7";"4.2";"5.3";"10.4";"90";"70";"50";"40";"25.8";"15.9";"11.2";"12";"12.5";"8.6";"5.4";"4.4";"4.1";"3.4";"9";"50";"70";"50";"50";"10";"8.1";"9.2"
"United States";"USA";"USL Championship";"04-07-2026 21:30";"NS";"Tulsa Roughnecks";"";"";"Sacramento Republic";"";"";"3.6";"5.5";"3.5";"3.6";"8.1";"45";"35";"30";"20";"22.2";"9.5";"11.8";"11.9";"11.3";"7.8";"3.9";"3.4";"4";"4.4";"9";"50";"50";"50";"60";"8";"5.5";"7.4"
"United States";"USA";"USL Championship";"04-07-2026 22:00";"NS";"San Antonio";"";"";"Monterey Bay";"";"";"4.6";"3.7";"4.6";"4";"8.4";"40";"35";"25";"20";"22.6";"12.4";"11.1";"11.8";"9.9";"8.6";"4.8";"4.2";"4.6";"3.7";"9";"60";"40";"50";"50";"8";"4.9";"5.1"
"United States";"USA";"USL Championship";"04-07-2026 22:00";"NS";"Colorado Springs";"";"";"Phoenix Rising";"";"";"4.8";"5.4";"2.4";"3.8";"8.2";"50";"45";"45";"35";"24.2";"14.2";"13.8";"9.4";"11.1";"7.4";"3.3";"4.3";"2.9";"4.3";"9";"80";"50";"70";"50";"9";"6.7";"10.2"
"United States";"USA";"USL Championship";"04-07-2026 22:30";"NS";"New Mexico United";"";"";"Oakland Roots";"";"";"3.3";"5.1";"6";"5";"9.7";"74";"68";"64";"41";"25";"11";"11.3";"15.1";"12.5";"7.6";"4.1";"3";"4.3";"3.7";"9";"56";"60";"0";"50";"9";"5.3";"6.3"
"United States";"USA";"USL Championship";"04-07-2026 23:30";"NS";"Las Vegas Lights";"";"";"El Paso Locomotive";"";"";"4.2";"4.1";"3.9";"4.5";"8.4";"55";"50";"35";"15";"25.2";"12.3";"11.9";"12.2";"14.1";"7.8";"3.8";"3.4";"3.9";"4.5";"9";"50";"20";"30";"40";"8";"7";"7.4"
"United States";"USA";"USL League Two";"04-07-2026 21:00";"NS";"Jackson Boom";"";"";"Mississippi Brilla";"";"";"";"";"";"";"";"";"";"";"";"";"";"";"";"";"";"";"";"";"";"8.7";"";"";"";"";"";"";""
"United States";"USA";"USL League Two";"04-07-2026 21:00";"NS";"Twin City Toucans";"";"";"Laredo Heat";"";"";"4.5";"5.5";"5.5";"2";"8.8";"50";"25";"25";"25";"30";"13.5";"20";"17";"9.5";"13.5";"6";"10.5";"8";"2.5";"8.7";"100";"50";"50";"100";"9";"10.4";"7.7"
"United States";"USA";"USL League Two";"04-07-2026 21:00";"NS";"GFI";"";"";"Houston Sur";"";"";"6";"2.7";"4";"5.3";"9";"58";"42";"25";"25";"29.6";"19.5";"6.3";"13";"20.3";"13.8";"8";"2.3";"8";"9.3";"8.7";"50";"0";"50";"0";"9";"6.7";"7"
"United States";"USA";"USL League Two";"04-07-2026 21:30";"NS";"McKinney Chupacabras";"";"";"Texoma";"";"";"4.2";"4.8";"3";"4.4";"8.2";"65";"56";"28";"18";"19.6";"11.2";"10.8";"8.7";"8.6";"8.6";"4.8";"4.8";"4.5";"3";"8.7";"67";"80";"50";"60";"8";"5.1";"5.1"
"United States";"USA";"USL League One";"04-07-2026 20:00";"NS";"NY Cosmos";"";"";"Greenville Triumph";"";"";"4.3";"4.6";"5.3";"4.3";"9.3";"80";"53";"42";"36";"25.7";"12.1";"10.2";"16";"13.1";"9.7";"3.6";"2.7";"6.8";"6.4";"9.9";"22";"50";"22";"40";"10";"8.6";"12.8"
"United States";"USA";"USL League One";"04-07-2026 20:30";"NS";"Fort Wayne";"";"";"Spokane Velocity";"";"";"4.8";"5.1";"4.7";"4.5";"9.6";"70";"55";"50";"35";"25.1";"13.1";"11.7";"14.7";"10.7";"7.8";"4.1";"3.6";"4.5";"3.4";"9.9";"50";"40";"60";"40";"10";"5.9";"9.7"
"United States";"USA";"USL League One";"04-07-2026 20:30";"NS";"Corpus Christi";"";"";"Chattanooga Red Wolves";"";"";"4.6";"6.7";"5.5";"4";"10.4";"75";"75";"70";"60";"25";"9.9";"13.3";"12.8";"14";"8.4";"3.9";"4.3";"4.8";"3.9";"9.9";"60";"40";"30";"70";"11";"6.5";"4.6"
"United States";"USA";"USL League One";"04-07-2026 20:30";"CANCELLED";"Forward Madison";"";"";"Tormenta";"";"";"5.8";"5.4";"5.4";"4.5";"10.6";"80";"75";"65";"55";"25.2";"13.2";"13.7";"12.2";"11.3";"9.2";"4.2";"5.8";"4.4";"4";"9.9";"70";"70";"40";"40";"10";"7.1";"4.8"
"United States";"USA";"NPSL";"04-07-2026 11:00";"NS";"WC Predators";"";"";"West Chester United";"";"";"3.7";"4.4";"3.7";"4";"7.8";"69";"38";"38";"24";"25.8";"7.5";"13.4";"16";"14.8";"13";"4";"7";"9.5";"5.4";"8.7";"50";"0";"67";"29";"9";"2.5";"2.4"
"United States";"USA";"NPSL";"04-07-2026 17:00";"NS";"Newport";"";"";"Osner’s";"";"";"";"2.3";"";"4";"";"";"";"";"";"";"";"11.3";"";"13";"";"";"3.7";"";"5.3";"8.7";"";"0";"";"0";"";"";""
"United States";"USA";"NPSL";"04-07-2026 20:00";"NS";"Bristol Rhythm";"";"";"Mint Hill";"";"";"";"";"";"";"";"";"";"";"";"";"";"";"";"";"";"";"";"";"";"8.7";"";"";"";"";"";"";""
"United States";"USA";"MLS Next Pro";"04-07-2026 20:00";"NS";"Atlanta United II";"";"";"Toronto II";"";"";"5.7";"4.3";"3.3";"5.7";"9.5";"75";"65";"55";"40";"26.8";"19.3";"10.4";"9.5";"14.5";"11.4";"7.6";"4.7";"4.3";"6.1";"9.7";"60";"50";"70";"30";"10";"5.7";"5.9"
"United States";"USA";"MLS Next Pro";"04-07-2026 20:30";"NS";"Chattanooga";"";"";"Inter Miami II";"";"";"5.5";"4.5";"4.7";"4.6";"9.6";"75";"70";"60";"50";"26.2";"14.3";"10.1";"11.8";"16.1";"10.5";"5.6";"4.5";"4.4";"6.5";"9.7";"60";"30";"60";"60";"9";"6.1";"9.8"
"United States";"USA";"MLS Next Pro";"04-07-2026 21:45";"NS";"North Texas";"";"";"St. Louis City II";"";"";"3.7";"8.3";"6.7";"3.6";"11.2";"75";"75";"70";"60";"26.7";"11.4";"13.1";"16.3";"12.6";"10";"4.5";"5.1";"5.2";"5.1";"9.7";"50";"70";"30";"80";"10";"4.4";"7.9"
"Yemen";"YEM";"Yemeni League";"04-07-2026 10:00";"NS";"Shaab Hadramout FC";"";"";"Shabab Al Bayda FC";"";"";"";"";"";"";"";"";"";"";"";"";"";"";"";"";"";"";"";"";"";"0";"";"";"";"";"";"";""
"Yemen";"YEM";"Yemeni League";"04-07-2026 10:00";"NS";"Al Yarmouk FC";"";"";"Salam Al Gharfa FC";"";"";"";"";"";"";"";"";"";"";"";"";"";"";"";"";"";"";"";"";"";"0";"";"";"";"";"";"";""
"Zimbabwe";"ZIM";"Premier Soccer League";"04-07-2026 10:00";"NS";"Ngezi Platinum";"";"";"Chicken Inn";"";"";"4.7";"3.5";"5.3";"4.2";"8.8";"58";"50";"42";"42";"12";"6";"3.8";"6";"8.2";"2.2";"1";"0.7";"1.3";"1.5";"7.4";"33";"17";"33";"50";"8";"5.5";"12.7"
"Zimbabwe";"ZIM";"Premier Soccer League";"04-07-2026 10:00";"NS";"Hunters";"";"";"Scotland Mabvuku";"";"";"3.3";"4";"3.8";"2";"6.6";"17";"8";"8";"8";"18";"8.8";"13.3";"8.5";"5.5";"6.1";"2.5";"5.8";"2.7";"1.2";"7.4";"67";"83";"50";"83";"7";"7.3";"6.6"
"Zimbabwe";"ZIM";"Premier Soccer League";"04-07-2026 10:00";"NS";"TelOne";"";"";"Platinum";"";"";"3";"";"4.7";"";"";"";"";"";"";"";"8";"";"11.7";"";"";"2";"";"4";"";"7.4";"33";"";"33";"";"";"";""
"Zimbabwe";"ZIM";"Premier Soccer League";"04-07-2026 10:00";"NS";"Bulawayo Chiefs";"";"";"MWOS";"";"";"2.6";"4.8";"4.8";"3.5";"7.8";"50";"44";"18";"12";"17.2";"8.1";"12.2";"7.5";"6.5";"4.7";"1.9";"3.8";"1.5";"2.2";"7.4";"25";"75";"50";"75";"7";"7.4";"12.2"
"Argentina";"ARG";"Primera Division Women";"04-07-2026 11:30";"NS";"Talleres de Córdoba W";"";"";"Unión W";"";"";"4.6";"3.1";"2.9";"5.2";"7.9";"60";"35";"25";"15";"18.8";"12.4";"4.3";"6.8";"14";"9";"6.1";"1.9";"3";"6.9";"7.7";"30";"60";"70";"20";"7";"7.3";"10.7"
"Argentina";"ARG";"Primera Division Women";"04-07-2026 12:00";"NS";"Gimnasia La Plata W";"";"";"River Plate W";"";"";"2.9";"3.8";"3.8";"3.5";"7";"45";"30";"20";"5";"17";"7.2";"9.1";"9";"8.6";"7.7";"3.6";"3.4";"4.5";"3.9";"7.7";"40";"50";"30";"60";"8";"5.5";"5.4"
"Argentina";"ARG";"Primera Division Women";"04-07-2026 15:00";"NS";"San Lorenzo W";"";"";"Independiente W";"";"";"3.3";"3.9";"4.7";"4.4";"8.2";"60";"45";"30";"15";"15.8";"9.3";"7.2";"5.9";"9.2";"6.9";"4.8";"3.4";"1.8";"3.8";"7.7";"60";"20";"30";"40";"8";"4.4";"10.3"
"Argentina";"ARG";"Primera Division Women";"04-07-2026 15:00";"NS";"Racing Club W";"";"";"Huracán W";"";"";"5.4";"3.7";"3.3";"4.4";"8.4";"70";"45";"35";"25";"19.4";"12.9";"8";"8.1";"9.7";"8.4";"6.3";"3.4";"3.6";"3.4";"7.7";"80";"30";"60";"30";"8";"6.4";"17.7"
"Argentina";"ARG";"Primera Division Women";"04-07-2026 15:30";"NS";"Newell's Old Boys W";"";"";"Belgrano W";"";"";"2.4";"4.2";"4.8";"3.7";"7.6";"50";"25";"20";"15";"15.6";"5.1";"8.9";"11";"6.2";"6.8";"2.7";"3.5";"4.8";"2.5";"7.7";"40";"30";"20";"50";"7";"17";"17.8"
"Australia";"AUS";"Western Australia NPL Women";"04-07-2026 02:00";"FT";"West NTC W";"1";"2";"Fremantle City W";"1";"0";"4.7";"5.1";"5";"3.3";"9";"74";"68";"47";"26";"20.6";"9.8";"11.7";"8.3";"11.3";"9";"4.3";"5.6";"3.3";"4.7";"9";"60";"44";"40";"67";"9";"8.2";"4.9"
"Australia";"AUS";"Queensland NPL Women";"04-07-2026 02:00";"FT";"Gold Coast United W";"12";"0";"Souths Strikers W";"7";"0";"3.1";"2.2";"4.9";"6.3";"8.2";"47";"47";"38";"33";"22.7";"8.2";"4.5";"10.2";"22.5";"11.3";"3.9";"2.7";"5.2";"10.8";"8.8";"56";"17";"33";"33";"8";"5.1";"4.5"
"Australia";"AUS";"Queensland NPL Women";"04-07-2026 04:15";"FT";"Lions W";"5";"0";"Brisbane Olympic W";"1";"0";"3.4";"4.2";"6.1";"4.1";"9";"56";"50";"44";"44";"25.2";"13.2";"12.5";"12.1";"12.6";"11.6";"6.2";"5.5";"5.2";"6.1";"8.8";"62";"38";"38";"38";"9";"5.9";"5.7"
"Australia";"AUS";"Queensland NPL Women";"04-07-2026 05:00";"FT";"FQ QAS W";"2";"3";"Sunshine Coast Wanderers W";"1";"2";"4.7";"3.8";"4.7";"5.6";"9.4";"50";"50";"50";"40";"22.4";"16.9";"6.6";"11.6";"9.9";"9.2";"5.1";"3.3";"5.1";"4.7";"8.8";"33";"29";"50";"38";"9";"5.4";"4.7"
"Australia";"AUS";"Queensland NPL Women";"04-07-2026 05:30";"FT";"Gold Coast Knights W";"5";"1";"Capalaba W";"2";"0";"7.4";"2.7";"2.1";"7.2";"9.7";"76";"64";"64";"47";"25.2";"18.7";"7.6";"5.4";"18.7";"10.5";"9.1";"2.9";"2";"7";"8.8";"71";"22";"100";"0";"8";"6.7";"5.2"
"Australia";"AUS";"South Australia NPL Women";"04-07-2026 02:45";"FT";"Modbury Vista W";"2";"2";"Salisbury Inter W";"2";"1";"4.6";"4.6";"3.9";"3.4";"8.2";"48";"27";"27";"27";"21.9";"11.3";"12.2";"12.7";"7.5";"11.2";"5.9";"6.8";"7.3";"2.6";"7.7";"29";"57";"43";"62";"7";"4.9";"3.9"
"Australia";"AUS";"South Australia NPL Women";"04-07-2026 04:00";"FT";"MetroStars";"0";"2";"WT Birkalla W";"0";"1";"3.2";"3";"5.6";"3.7";"7.8";"35";"35";"22";"11";"22.8";"8";"11.3";"14.9";"11.3";"12";"3.9";"6.1";"8";"5.9";"7.7";"38";"33";"33";"43";"7";"8";"5.6"
"Australia";"AUS";"Victoria NPL Women";"04-07-2026 02:00";"FT";"Keilor ParkW";"3";"1";"Melbourne City II";"2";"0";"2.9";"4.4";"5.6";"6.8";"9.8";"81";"70";"57";"34";"19.2";"4";"4.1";"12";"18.2";"10.4";"2.1";"2";"5";"11.6";"9";"50";"22";"25";"33";"9";"3.6";"2.9"
"Australia";"AUS";"Victoria NPL Women";"04-07-2026 02:00";"FT";"Alamein W";"2";"0";"Preston Lions W";"2";"0";"4.6";"6.1";"3.9";"4.6";"9.6";"76";"52";"52";"34";"22";"12.8";"11.6";"8.9";"10.9";"12.6";"6.2";"7.6";"4.8";"6.6";"9";"62";"38";"50";"44";"10";"8";"6.8"
"Australia";"AUS";"New South Wales NPL Women";"04-07-2026 05:30";"FT";"Northern Tigers W";"0";"0";"University of NSW W";"0";"0";"3.1";"6.1";"3.8";"2.6";"7.8";"60";"25";"20";"20";"23";"10.3";"13.4";"12.4";"9.9";"9.9";"5";"4.6";"5.9";"4.3";"8.6";"40";"70";"50";"90";"8";"5.7";"6.4"
"Australia";"AUS";"Tasmania Women's Super League";"04-07-2026 01:30";"FT";"Taroona W";"4";"1";"Riverside Olympic W";"1";"0";"1.9";"2.5";"6.3";"8.8";"9.7";"78";"66";"54";"42";"17.8";"7.4";"2.6";"10.7";"14.8";"11.5";"5";"1.8";"5.8";"10.4";"10.5";"33";"20";"0";"12";"10";"4.9";"4.3"
"Australia";"AUS";"Tasmania Women's Super League";"04-07-2026 01:30";"DELAYED";"Launceston City W";"";"";"South Hobart W";"";"";"4";"5.7";"6.6";"5";"10.6";"89";"82";"69";"56";"25";"7.1";"12.1";"17.2";"13.6";"14.2";"3.9";"7.1";"9.5";"7.7";"10.5";"25";"29";"33";"57";"10";"5.1";"3.6"
"Australia";"AUS";"QLD FQPL 1 Women";"04-07-2026 02:00";"FT";"The Gap W";"5";"3";"Palm Beach W";"4";"0";"4.7";"6";"5.6";"5.4";"10.9";"87";"80";"68";"54";"25.9";"14.1";"12.6";"15.6";"9.5";"15.5";"8.1";"7.5";"8.9";"6.5";"9.3";"14";"88";"29";"62";"10";"6.1";"9"
"Australia";"AUS";"QLD FQPL 1 Women";"04-07-2026 04:00";"FT";"Virginia United W";"1";"3";"Peninsula Power W";"0";"1";"4.4";"3.9";"5.9";"6";"10";"83";"76";"48";"48";"22.2";"7.4";"9.3";"13.1";"14.7";"11.6";"3.8";"5";"7.1";"7.2";"9.3";"88";"44";"25";"33";"10";"7.4";"6.2"
"Australia";"AUS";"QLD FQPL 1 Women";"04-07-2026 05:00";"FT";"Caboolture W";"5";"1";"Logan Lightning W";"4";"1";"6.8";"3.2";"2";"3.5";"7.8";"62";"62";"32";"18";"25.4";"18";"11.8";"6.4";"14.8";"14";"9.8";"6.4";"4";"7.9";"9.3";"50";"38";"88";"50";"9";"7.2";"7.9"
"Australia";"AUS";"QLD FQPL 1 Women";"04-07-2026 06:00";"TBA";"Grange Thistle W";"";"";"Mitchelton W";"";"";"5";"2.6";"5.1";"6.8";"9.8";"76";"70";"53";"47";"24.7";"12.7";"11.4";"14.6";"10.9";"14.2";"6.8";"6.1";"8.7";"6.8";"9.3";"44";"12";"33";"12";"9";"8.5";"6.3"
"Australia";"AUS";"VIC Premier League Womens";"04-07-2026 02:00";"AWAITING_UPDATES";"Manningham United Blues W";"";"";"Brunswick Juventus W";"";"";"4";"7.3";"8.7";"4.3";"12.2";"100";"84";"84";"67";"32.1";"4.7";"26.5";"18";"15";"21.8";"2.3";"19";"12.3";"10";"8.9";"0";"";"33";"67";"10";"2.4";"7.8"
"Australia";"AUS";"VIC Premier League Womens";"04-07-2026 02:00";"AWAITING_UPDATES";"Eltham Redbacks W";"";"";"Geelong Galaxy W";"";"";"3.3";"4.3";"4.3";"5";"8.5";"67";"50";"33";"33";"23.7";"13";"19";"7.7";"7.7";"16";"8";"13";"5.7";"5.3";"8.9";"";"";"33";"33";"8";"3.2";"9"
"Australia";"AUS";"VIC Premier League Womens";"04-07-2026 04:00";"AWAITING_UPDATES";"Ballarat City W";"";"";"Ringwood City W";"";"";"";"5.3";"";"4";"";"";"";"";"";"";"";"16";"";"17.3";"";"";"11.3";"";"10.7";"8.9";"";"";"";"67";"";"";""
"Australia";"AUS";"VIC Premier League Womens";"04-07-2026 05:00";"NS";"Southern United W";"";"";"Clifton Hill W";"";"";"";"1.3";"";"4.7";"";"";"";"";"";"";"";"6.5";"";"8";"";"";"5.5";"";"4.5";"8.9";"";"";"";"0";"";"";""
"Belarus";"BLR";"Women's Cup";"04-07-2026 10:00";"NS";"Dnepr Mogilev W";"";"";"Dinamo-BGU W";"";"";"";"3.7";"";"2.2";"";"";"";"";"";"";"";"7";"";"7";"";"";"1.7";"";"2";"0";"";"100";"";"67";"";"";""
"China";"CHN";"Super League Women";"04-07-2026 06:00";"INPLAY_2ND_HALF";"Jiangsu W";"1";"0";"Zhejiang Hangzhou W";"1";"0";"5.6";"2.1";"4.2";"6.2";"9.2";"63";"56";"50";"25";"17.4";"10.5";"4.9";"10.6";"8.8";"7.9";"5.1";"2";"5.2";"3.4";"10";"62";"38";"50";"0";"10";"6.6";"4.9"
"China";"CHN";"Super League Women";"04-07-2026 08:00";"NS";"Shanghai RCB W";"";"";"Sichuan W";"";"";"6.4";"2.8";"3.5";"5.6";"9.2";"60";"55";"30";"25";"20.8";"15.3";"7.6";"6.4";"12.4";"9.1";"7.5";"3.2";"2.7";"4.8";"10";"50";"40";"80";"20";"9";"8.5";"12.7"
"China";"CHN";"Super League Women";"04-07-2026 08:35";"NS";"Shandong Sports Lottery W";"";"";"Guangxi Pingguo W";"";"";"4.4";"4";"3.9";"4.6";"8.4";"58";"58";"38";"26";"16.2";"7.4";"7";"9.9";"8.2";"8";"3.7";"3";"4.9";"4.4";"10";"56";"80";"56";"60";"9";"4.9";"8.8"
"Europe";"EUR";"Euro U19 Women";"04-07-2026 12:00";"NS";"Iceland U19 W";"";"";"Switzerland U19 W";"";"";"5.2";"3.8";"5.6";"3";"8.8";"60";"50";"45";"30";"19";"8.4";"10.4";"9.7";"9.6";"8.6";"3.6";"5.3";"4";"4.2";"";"50";"60";"50";"40";"";"4.8";"5.2"
"Europe";"EUR";"Euro U19 Women";"04-07-2026 12:00";"NS";"Spain U19 W";"";"";"Austria U19 W";"";"";"7.9";"6.2";"0.8";"2.8";"8.8";"75";"50";"38";"25";"22.2";"21";"17.5";"1.9";"4";"9.8";"9.2";"7.2";"1.1";"2";"";"88";"62";"100";"50";"";"5";"5.3"
"Finland";"FIN";"Kansallinen Liiga Women";"04-07-2026 08:00";"NS";"PK-35 Vantaa W";"";"";"HPS W";"";"";"4.9";"5.4";"5.1";"5.1";"10.3";"83";"70";"64";"47";"21.2";"9.2";"15";"9.5";"8.6";"9.8";"5.1";"6.1";"6";"2.3";"11.1";"38";"67";"25";"56";"11";"3.4";"6.5"
"Finland";"FIN";"Kansallinen Liiga Women";"04-07-2026 09:00";"NS";"Ilves W";"";"";"Åland United W";"";"";"5.1";"5.4";"7";"3.6";"10.6";"74";"74";"74";"48";"23.9";"13";"14";"11.2";"9.6";"9.6";"6.3";"5.2";"5.2";"2.4";"11.1";"78";"80";"44";"40";"11";"7.2";"3.8"
"Finland";"FIN";"Kansallinen Liiga Women";"04-07-2026 11:00";"NS";"HJK W";"";"";"KuPS W";"";"";"7.7";"7.3";"3.1";"2.7";"10.4";"67";"62";"56";"38";"22.5";"17";"14.8";"4.9";"8.3";"10.6";"8.8";"6.3";"2.4";"3.6";"11.1";"44";"67";"67";"67";"10";"4.9";"5.3"
"Finland";"FIN";"Ykkönen Women";"04-07-2026 10:00";"NS";"KTP W";"";"";"PKKU W";"";"";"4.1";"5.1";"3.4";"5.6";"9.1";"65";"60";"60";"40";"21.2";"12.9";"10.4";"8.8";"10.1";"9.9";"6.3";"4.3";"4.3";"4.9";"8.9";"67";"43";"44";"57";"9";"8.1";"6.5"
"Republic of Ireland";"IRL";"FAI Women's Cup";"04-07-2026 11:00";"NS";"Waterford W";"";"";"Sligo Rovers W";"";"";"3.7";"4.5";"7.2";"4.5";"10";"74";"58";"54";"38";"20.3";"7.3";"11.3";"13.1";"8.9";"9.4";"2.4";"5.4";"6.1";"4.9";"";"22";"50";"22";"60";"";"9.1";"6.3"
"Republic of Ireland";"IRL";"FAI Women's Cup";"04-07-2026 11:00";"NS";"Bohemians WFC W";"";"";"Kerry FC W";"";"";"6.6";"";"3.6";"";"";"";"";"";"";"";"10.8";"";"9.9";"";"";"4.4";"";"5.6";"";"";"56";"";"67";"";"";"";""
"Republic of Ireland";"IRL";"FAI Women's Cup";"04-07-2026 12:00";"NS";"Shelbourne W";"";"";"Bray Wanderers W";"";"";"5.6";"";"3.6";"";"";"";"";"";"";"";"12.7";"";"8";"";"";"7.7";"";"3.7";"";"";"80";"";"70";"";"";"";""
"Republic of Ireland";"IRL";"FAI Women's Cup";"04-07-2026 13:00";"NS";"Peamount United W";"";"";"Athlone Town WFC W";"";"";"4.6";"5.3";"4.5";"4.3";"9.4";"60";"46";"34";"34";"18.4";"10.8";"11.7";"7.9";"6.4";"8.6";"4.8";"5.9";"4";"2.4";"";"50";"86";"38";"29";"";"5.7";"5.1"
"Republic of Ireland";"IRL";"FAI Women's Cup";"04-07-2026 13:00";"NS";"Galway United W";"";"";"Treaty United W";"";"";"7.3";"5.3";"2.8";"4.1";"9.8";"80";"60";"50";"31";"18.6";"11.6";"9.1";"7.4";"9.1";"8";"4.8";"4.1";"3.6";"3.6";"";"67";"43";"89";"29";"";"5.8";"10.1"
"Republic of Ireland";"IRL";"FAI Women's Cup";"04-07-2026 14:00";"NS";"Wexford Youths";"";"";"Shamrock Rovers W";"";"";"5.2";"6.2";"5.6";"3.1";"10.1";"71";"59";"53";"42";"21.4";"10.4";"13.1";"13.1";"6.2";"8.9";"4.6";"5.6";"4.6";"3";"";"75";"56";"38";"78";"";"4.7";"7.7"
"Iceland";"ISL";"1. Deild Women";"04-07-2026 11:00";"NS";"Volsungur Husavik W";"";"";"HK W";"";"";"5.8";"6.3";"4.2";"4.2";"10.2";"79";"71";"58";"46";"25";"11";"17.5";"12.8";"8.8";"10";"5";"5.5";"5";"4.5";"9.4";"50";"67";"50";"67";"10";"6.1";"7"
"Iceland";"ISL";"2. Deild Women";"04-07-2026 11:00";"NS";"Dalvík / Reynir W";"";"";"Álftanes W";"";"";"3.7";"2.6";"6.7";"6.2";"9.6";"74";"54";"54";"44";"28";"4.3";"7.2";"19";"25.6";"14.6";"3.3";"2.8";"9";"14";"9";"33";"20";"0";"0";"9";"2.5";"12"
"Iceland";"ISL";"2. Deild Women";"04-07-2026 11:00";"NS";"Augnablik W";"";"";"Vestri W";"";"";"5.3";"";"3";"";"";"";"";"";"";"";"14.3";"";"16";"";"";"9";"";"7";"";"9";"100";"";"67";"";"";"";""
"Latvia";"LVA";"Women League";"04-07-2026 08:00";"NS";"Iecava / Olaine W";"";"";"SFK Rīga W";"";"";"";"";"";"";"";"";"";"";"";"";"";"";"";"";"";"";"";"";"";"5";"";"";"";"";"";"";""
"New Zealand";"NZL";"National League Women";"04-07-2026 03:00";"AWAITING_UPDATES";"Palmerston North United W";"";"";"Victoria University W";"";"";"";"";"";"";"";"";"";"";"";"";"";"";"";"";"";"";"";"";"";"9.2";"";"";"";"";"";"";""
"New Zealand";"NZL";"National League Women";"04-07-2026 23:30";"AWARDED";"Miramar Rangers W";"";"";"Taradale W";"";"";"";"";"";"";"";"";"";"";"";"";"";"";"";"";"";"";"";"";"";"9.2";"";"";"";"";"";"";""
"New Zealand";"NZL";"Women's Cup";"04-07-2026 02:00";"FT";"Ellerslie W";"2";"1";"Western Springs W";"2";"0";"5.5";"";"3.5";"";"";"";"";"";"";"";"4.5";"";"14";"";"";"3.5";"";"9";"";"0";"50";"";"100";"";"";"";""
"New Zealand";"NZL";"Women's Cup";"04-07-2026 23:00";"NS";"Wellington Phoenix III W";"";"";"Waterside Karori W";"";"";"";"";"";"";"";"";"";"";"";"";"";"";"";"";"";"";"";"";"";"0";"";"";"";"";"";"";""
"Russia";"RUS";"Women's Cup";"04-07-2026 03:00";"FT";"Yenisey W";"2";"5";"Lokomotiv Moscow W";"1";"3";"2";"6.3";"6.5";"3.2";"9";"61";"44";"34";"28";"12.4";"2.1";"9.9";"7";"5.9";"5.6";"0.9";"4.6";"3.3";"2.4";"0";"14";"57";"0";"80";"3";"2.1";"4.8"
"Russia";"RUS";"Women's Cup";"04-07-2026 05:00";"FT";"OSSh Chelyabinsk";"0";"13";"CSKA Moscow W";"0";"7";"";"5.2";"";"3.2";"";"";"";"";"";"";"";"12.3";"";"9";"";"";"6.3";"";"4.1";"0";"";"43";"";"62";"";"";""
"Russia";"RUS";"Women's Cup";"04-07-2026 09:00";"NS";"Zvezda 2005 W";"";"";"Krylya Sovetov W";"";"";"2.6";"4.6";"6.7";"3.2";"8.5";"59";"48";"38";"26";"13.2";"5.1";"3.7";"9.5";"8";"6.3";"2.2";"1.6";"5";"3.9";"0";"20";"60";"11";"50";"4";"6.5";"2.8"
"Russia";"RUS";"Women's Cup";"04-07-2026 10:00";"NS";"ZhFK Nizhny Novgorod W";"";"";"Spartak Moskva W";"";"";"";"6.1";"";"1.9";"";"";"";"";"";"";"";"11";"";"5.4";"";"";"6.3";"";"2.6";"0";"";"100";"";"100";"";"";""
"Russia";"RUS";"Women's Cup";"04-07-2026 12:00";"NS";"Sochi W";"";"";"Zenit W";"";"";"";"5.1";"";"3";"";"";"";"";"";"";"";"12.2";"";"5";"";"";"7.4";"";"2.4";"";"";"67";"";"50";"";"";""
"Russia";"RUS";"Women's Cup";"04-07-2026 12:00";"NS";"Rostov W";"";"";"Krasnodar W";"";"";"3.8";"2.8";"5.3";"7.2";"9.6";"71";"66";"53";"42";"13.2";"4.6";"4.8";"7.8";"9.2";"6.9";"2";"3.3";"4.1";"4.3";"0";"50";"14";"22";"12";"4";"14";"11.4"
"Vietnam";"VIE";"Women's National League";"04-07-2026 06:00";"INPLAY_2ND_HALF";"Hà Nội II W";"0";"2";"GT Thai Nguyen W";"0";"1";"0.8";"4.8";"6.2";"2.2";"7";"35";"30";"15";"15";"20";"3.5";"13.6";"17";"5.8";"11";"1.2";"7.1";"10.5";"3";"8.4";"0";"78";"20";"70";"5";"7";"6.5"
"World";"WOR";"Club Friendlies 1";"04-07-2026 06:00";"INPLAY_2ND_HALF";"PSV";"1";"1";"Antwerp";"1";"0";"6.6";"6.5";"5";"3.6";"10.8";"85";"80";"75";"55";"29.2";"15.8";"15.8";"13.3";"13.5";"11.2";"7.2";"4.6";"5.7";"4.9";"8.1";"60";"90";"50";"70";"10";"4.1";"9"
"World";"WOR";"Club Friendlies 1";"04-07-2026 09:30";"NS";"FC Dordrecht";"";"";"Feyenoord";"";"";"5.7";"6.1";"4.9";"3.2";"10";"75";"70";"60";"40";"25.6";"13.1";"14.2";"12.5";"11.3";"9.2";"4";"5.4";"5.5";"3.4";"8.1";"40";"70";"50";"60";"9";"7.6";"6.8"
"World";"WOR";"Club Friendlies 1";"04-07-2026 12:00";"NS";"Ajax";"";"";"Panathinaikos";"";"";"4.3";"3.8";"5.3";"4.4";"8.9";"60";"55";"45";"35";"25.5";"15";"10.9";"12.8";"12.3";"8.8";"5.5";"4.1";"3.8";"4.1";"8.1";"60";"30";"40";"50";"8";"7.1";"9.1"
"World";"WOR";"Club Friendlies 3";"04-07-2026 04:00";"FT";"Botev Plovdiv";"1";"2";"Etar";"0";"1";"4.7";"4.9";"3";"4.4";"8.5";"50";"40";"35";"25";"20.4";"12.5";"9.3";"8.4";"10.6";"9.6";"6.4";"4.1";"3.8";"4.8";"9";"70";"67";"70";"60";"9";"5.7";"6.1"
"World";"WOR";"Club Friendlies 3";"04-07-2026 04:00";"DELAYED";"Blaublitz Akita";"0";"0";"Fujieda MYFC";"0";"0";"5.3";"5.7";"6.1";"3.1";"10.1";"70";"65";"55";"40";"20";"10";"11.8";"10.1";"8.1";"6.8";"3.5";"4.3";"3.3";"2.4";"9";"50";"80";"50";"80";"9";"9";"12.7"
"World";"WOR";"Club Friendlies 3";"04-07-2026 05:00";"TBA";"České Budějovice";"";"";"Slavia Praha B";"";"";"3.5";"4.4";"7";"6.1";"10.5";"80";"75";"65";"40";"20.5";"9.7";"10.1";"11.7";"9.5";"8.2";"4";"4.2";"4";"4.3";"9";"20";"40";"10";"40";"10";"8.8";"8.4"
"World";"WOR";"Club Friendlies 3";"04-07-2026 05:00";"FT";"Epitsentr Dunayivtsi";"4";"0";"Bukovyna Chernivtsi";"2";"0";"4.9";"6";"6.4";"6";"11.6";"100";"94";"64";"58";"18.6";"8.4";"11.3";"11.6";"6";"7";"3.4";"3.3";"5";"2.3";"9";"56";"75";"22";"25";"10";"6";"4.3"
"World";"WOR";"Club Friendlies 3";"04-07-2026 05:00";"NS";"Nieciecza";"";"";"Resovia Rzeszów";"";"";"3.9";"6.2";"6.4";"5.1";"10.8";"80";"74";"74";"69";"23.9";"10.4";"13.3";"15.1";"9";"9";"4.5";"4.4";"5.2";"3.8";"9";"30";"67";"30";"56";"10";"4.6";"8.9"
"World";"WOR";"Club Friendlies 3";"04-07-2026 05:00";"FT";"MTK";"2";"3";"Kecskemeti TE";"1";"1";"3.9";"5";"5.9";"3.9";"9.4";"76";"71";"59";"30";"22.9";"14.1";"9.8";"13.1";"8.8";"7.8";"5.2";"4";"3.4";"3.1";"9";"50";"56";"38";"56";"10";"5.9";"5.8"
"World";"WOR";"Club Friendlies 3";"04-07-2026 05:00";"FT";"Sigma Olomouc";"2";"1";"Banská Bystrica";"1";"0";"6.4";"7";"5.1";"5.3";"11.9";"95";"85";"70";"50";"24.6";"16.9";"11.8";"12.1";"8.3";"9.7";"6.6";"4.4";"4.3";"4.1";"9";"70";"50";"70";"60";"10";"8.2";"7.4"
"World";"WOR";"Club Friendlies 3";"04-07-2026 05:30";"FT";"Lugano";"1";"1";"Rapperswil-Jona";"0";"0";"4.3";"4.1";"4.5";"5.1";"9";"75";"55";"45";"20";"26.9";"13.5";"12";"13.1";"15.2";"10.4";"5.5";"4.5";"4.6";"6.1";"9";"40";"30";"30";"30";"9";"6.7";"4.6"
"World";"WOR";"Club Friendlies 3";"04-07-2026 05:30";"FT";"Ružomberok";"3";"3";"Lokomotíva Zvolen";"2";"1";"5.6";"4.2";"4.5";"5.5";"9.9";"80";"75";"60";"45";"23.4";"10.9";"10.5";"12";"13.5";"7.8";"2.9";"3.6";"4.2";"4.8";"9";"40";"20";"60";"40";"9";"8.4";"7"
"World";"WOR";"Club Friendlies 3";"04-07-2026 05:30";"FT";"Teplice";"0";"0";"Příbram";"0";"0";"3.7";"5.6";"5.5";"4.4";"9.6";"70";"55";"50";"35";"21.5";"10.1";"12";"13.8";"7.2";"7.8";"3.3";"4.8";"4.2";"3.2";"9";"70";"50";"30";"60";"10";"4.6";"15"
"World";"WOR";"Club Friendlies 3";"04-07-2026 06:00";"INPLAY_2ND_HALF";"Mladá Boleslav";"3";"0";"Viktoria Žižkov";"0";"0";"5.2";"4.8";"4.7";"5.7";"10.2";"70";"70";"50";"40";"23.2";"12.8";"9.1";"12.2";"12.3";"8.2";"3.7";"4";"3.7";"5.1";"9";"30";"70";"30";"50";"9";"8.4";"7"
"World";"WOR";"Club Friendlies 3";"04-07-2026 06:00";"INPLAY_2ND_HALF";"Mezőkövesd-Zsóry";"0";"0";"Diósgyőr";"0";"0";"3.1";"4";"4.8";"4.9";"8.4";"66";"38";"26";"26";"21";"8.8";"11";"10";"12.2";"7.6";"3.5";"3";"3.9";"4.7";"9";"50";"50";"25";"30";"8";"9.8";"10.2"
"World";"WOR";"Club Friendlies 3";"04-07-2026 06:00";"INPLAY_2ND_HALF";"Salzburg";"2";"1";"Górnik Zabrze";"1";"0";"6.3";"5.8";"3.6";"4.3";"10";"72";"72";"50";"38";"25";"14.2";"14.7";"10";"11.2";"8.2";"5.3";"4.4";"3.8";"3";"9";"78";"78";"78";"44";"10";"6";"5.9"
"World";"WOR";"Club Friendlies 3";"04-07-2026 06:00";"INPLAY_2ND_HALF";"Zagłębie Sosnowiec";"2";"2";"Podbeskidzie";"1";"1";"5.1";"4.5";"6.3";"4.7";"10.3";"90";"70";"45";"30";"24.3";"10.1";"12.9";"13.7";"11.9";"9.6";"3.8";"6.1";"5.6";"3.6";"9";"30";"50";"20";"50";"10";"14.4";"5.9"
"World";"WOR";"Club Friendlies 3";"04-07-2026 06:00";"INPLAY_2ND_HALF";"Slovan Liberec";"2";"2";"Dukla Praha";"1";"1";"4.9";"3.2";"4.4";"4.5";"8.5";"55";"50";"40";"25";"23.9";"12.5";"10.5";"11.6";"13.2";"8";"3.6";"3.5";"4.4";"4.4";"9";"50";"50";"40";"10";"9";"10.1";"11.3"
"World";"WOR";"Club Friendlies 3";"04-07-2026 06:00";"INPLAY_2ND_HALF";"Táborsko";"2";"4";"Bohemians 1905";"2";"1";"4.4";"5.3";"5";"4.9";"9.8";"68";"68";"64";"58";"22.5";"7.3";"12.2";"11.7";"13.8";"8.7";"3.1";"4";"4.9";"5.4";"9";"30";"67";"40";"56";"10";"8.1";"9.4"
"World";"WOR";"Club Friendlies 3";"04-07-2026 06:00";"INPLAY_2ND_HALF";"Petržalka akadémia";"0";"1";"Skalica";"0";"0";"5.5";"4.6";"5.3";"4.7";"10";"60";"60";"50";"35";"21.7";"10.4";"10";"9.9";"13.1";"8.3";"5.3";"3.9";"3.7";"3.7";"9";"50";"70";"50";"50";"10";"6.1";"5.2"
"World";"WOR";"Club Friendlies 3";"04-07-2026 06:00";"INPLAY_2ND_HALF";"Liefering";"4";"0";"Hallein";"1";"0";"6.1";"";"3.7";"";"";"";"";"";"";"";"17.3";"";"12.6";"";"";"5.9";"";"4.7";"";"9";"90";"";"70";"";"";"";""
"World";"WOR";"Club Friendlies 3";"04-07-2026 06:00";"INPLAY_2ND_HALF";"OH Leuven";"6";"0";"Schaerbeek-Evere";"4";"0";"4.4";"3.6";"6.4";"4.6";"9.4";"74";"63";"52";"36";"23.7";"10.1";"8.9";"15.1";"13.3";"9";"3.2";"3.4";"5.6";"5.7";"9";"60";"56";"30";"22";"9";"8";"5.9"
"World";"WOR";"Club Friendlies 3";"04-07-2026 06:00";"INPLAY_2ND_HALF";"Barockstadt Fulda-Lehnerz";"4";"1";"Hunfelder SV";"3";"1";"";"";"";"";"";"";"";"";"";"";"";"";"";"";"";"";"";"";"";"9";"";"";"";"";"";"";""
"World";"WOR";"Club Friendlies 3";"04-07-2026 06:00";"INPLAY_2ND_HALF";"Novi Pazar";"1";"1";"Akhmat Grozny";"1";"1";"3.5";"4.7";"3.5";"4.8";"8.2";"55";"40";"30";"20";"22.2";"11";"10.3";"11.4";"11.7";"7.4";"4.1";"2.7";"4.1";"3.9";"9";"40";"40";"40";"50";"8";"7.5";"7.5"
"World";"WOR";"Club Friendlies 3";"04-07-2026 06:00";"INPLAY_2ND_HALF";"Baník Lehota p.Vtáčnikom";"1";"1";"Třinec";"0";"0";"4.5";"3.6";"5";"4.3";"8.7";"70";"60";"45";"20";"17.5";"10";"8.5";"9.1";"7.4";"8.4";"4.7";"4";"5";"3.2";"9";"10";"40";"50";"20";"8";"6.2";"4.5"
"World";"WOR";"Club Friendlies 3";"04-07-2026 06:00";"CANCELLED";"Slovan Bratislava II";"";"";"Vysočina Jihlava";"";"";"4.5";"5.4";"5.7";"5.2";"10.4";"90";"75";"65";"35";"20";"11.5";"11.1";"9";"8.5";"9";"5.8";"4.6";"3.8";"3.7";"9";"44";"40";"20";"20";"10";"5";"6.5"
"World";"WOR";"Club Friendlies 3";"04-07-2026 06:00";"TBA";"Eintracht Trier";"";"";"Résidence Walferdange";"0";"0";"";"2.7";"";"7";"";"";"";"";"";"";"";"6.5";"";"16.5";"";"";"3.5";"";"8";"9";"";"33";"";"33";"";"";""
"World";"WOR";"Club Friendlies 3";"04-07-2026 06:00";"TBA";"Lausanne Sport";"";"";"Étoile Carouge";"0";"0";"5.1";"3.8";"4.7";"5.3";"9.4";"69";"69";"53";"53";"28.6";"14";"15.8";"10.6";"16.8";"10.3";"5.1";"5";"4.7";"5.8";"9";"56";"20";"56";"20";"9";"5.8";"7.5"
"World";"WOR";"Club Friendlies 3";"04-07-2026 06:00";"NS";"Astoria Walldorf";"";"";"Gimbsheim";"";"";"";"";"";"";"";"";"";"";"";"";"";"";"";"";"";"";"";"";"";"9";"";"";"";"";"";"";""
"World";"WOR";"Club Friendlies 3";"04-07-2026 06:00";"FT";"Unia Skierniewice";"0";"1";"Pogon Grodzisk Mazowiecki";"0";"1";"6.2";"6.8";"3.8";"6";"11.4";"89";"89";"72";"50";"22.2";"12.6";"10.9";"7.1";"13.8";"8.4";"4.8";"3.2";"3.2";"5.4";"9";"56";"67";"67";"44";"10";"7.4";"13.6"
"World";"WOR";"Club Friendlies 3";"04-07-2026 06:00";"FT";"Hradec Králové";"2";"1";"Sparta Praha B";"1";"0";"2.9";"5.2";"6.2";"5.5";"9.9";"80";"60";"50";"45";"21.5";"10";"7.9";"14.7";"10.5";"7.8";"4.3";"4.3";"3.7";"3.3";"9";"30";"50";"30";"60";"10";"5";"6.6"
"World";"WOR";"Club Friendlies 3";"04-07-2026 06:30";"HT";"Odra Opole";"0";"0";"GKS Tychy";"0";"0";"4.8";"4.6";"7.5";"4";"10.4";"85";"75";"65";"40";"22.6";"10.6";"8.5";"15.8";"10.3";"7.7";"3.6";"3.2";"4.1";"4.4";"9";"50";"40";"20";"50";"9";"11.8";"7.1"
"World";"WOR";"Club Friendlies 3";"04-07-2026 06:30";"INPLAY_2ND_HALF";"Lechia Gdańsk";"1";"3";"Olimpia Grudziądz";"1";"3";"6.8";"6";"3.9";"4";"10.4";"75";"75";"65";"60";"23.8";"16.9";"10.5";"12.9";"7.4";"8.8";"5";"4.8";"4.6";"3.3";"9";"70";"50";"50";"70";"10";"9.1";"5.2"
"World";"WOR";"Club Friendlies 3";"04-07-2026 06:30";"INPLAY_2ND_HALF";"Dunkerque";"0";"2";"Valenciennes";"0";"2";"4.6";"5.9";"3.6";"5";"9.6";"90";"55";"30";"25";"22";"10.8";"11.3";"12.5";"9.4";"7.8";"3.9";"3.2";"4.8";"3.8";"9";"40";"60";"40";"60";"10";"6.3";"9.8"
"World";"WOR";"Club Friendlies 3";"04-07-2026 07:00";"INPLAY_1ST_HALF";"De Treffers";"0";"1";"FC Eindhoven";"0";"1";"6";"5.8";"5.2";"4.1";"10.6";"80";"55";"55";"40";"25.6";"13";"15.4";"10.6";"12.3";"10.4";"6.2";"5.4";"4.5";"4.7";"9";"60";"30";"60";"40";"10";"5.4";"9.4"
"World";"WOR";"Club Friendlies 3";"04-07-2026 07:00";"INPLAY_1ST_HALF";"Stal Rzeszów";"0";"2";"Górnik Łęczna";"0";"2";"5.4";"4.4";"4.7";"8";"11.2";"80";"70";"60";"60";"23.4";"12";"8.6";"11.3";"14.8";"7.8";"4";"2.6";"4.7";"4.3";"9";"60";"30";"50";"20";"11";"12";"6.6"
"World";"WOR";"Club Friendlies 3";"04-07-2026 07:00";"INPLAY_1ST_HALF";"Wisła Płock";"1";"0";"Polonia Warszawa";"1";"0";"5.3";"7.7";"6.7";"6.3";"13";"94";"94";"89";"78";"27";"12.2";"14.4";"15.8";"11.4";"9.2";"3.7";"4.6";"5.4";"4.8";"9";"11";"44";"56";"56";"11";"8.9";"10.3"
"World";"WOR";"Club Friendlies 3";"04-07-2026 07:00";"INPLAY_1ST_HALF";"Korona Kielce";"3";"0";"Zemplín Michalovce";"3";"0";"4.2";"4.6";"4.8";"4.8";"9.2";"74";"58";"47";"36";"27.4";"14.3";"12.1";"14";"14.4";"8.2";"3.8";"3.2";"4.9";"4.4";"9";"40";"56";"40";"44";"9";"8.3";"7.9"
"World";"WOR";"Club Friendlies 3";"04-07-2026 07:00";"INPLAY_1ST_HALF";"Lyngby Boldklub";"3";"2";"B 93";"3";"2";"7.1";"5.6";"5";"4.3";"11";"70";"65";"55";"50";"26.7";"14.2";"13.1";"10.4";"15.7";"10.3";"6.5";"4.6";"3.3";"6.2";"9";"60";"50";"70";"60";"10";"5.4";"5.7"
"World";"WOR";"Club Friendlies 3";"04-07-2026 07:00";"INPLAY_1ST_HALF";"Wisła Kraków";"1";"0";"Karviná";"1";"0";"8.4";"4.5";"3.8";"6.1";"11.4";"75";"70";"60";"50";"25";"15.3";"13";"7.6";"14.2";"9.4";"6.3";"4.2";"2.5";"5.9";"9";"80";"30";"100";"40";"10";"7.5";"7"
"World";"WOR";"Club Friendlies 3";"04-07-2026 07:00";"INPLAY_1ST_HALF";"VVV-Venlo";"1";"2";"Borussia Mönchengladbach II";"1";"2";"4.6";"";"5.8";"";"";"";"";"";"";"";"11.3";"";"14.9";"";"";"3.7";"";"4.5";"";"9";"70";"";"30";"";"";"";""
"World";"WOR";"Club Friendlies 3";"04-07-2026 07:00";"AWAITING_UPDATES";"Oleksandria";"";"";"Chornomorets";"";"";"5.4";"5.2";"5.6";"6";"11.1";"95";"95";"70";"60";"16.6";"6.6";"7.8";"10.2";"8.8";"6.6";"2.5";"3";"5.1";"2.5";"9";"20";"60";"30";"60";"10";"8.2";"4.9"
"World";"WOR";"Club Friendlies 3";"04-07-2026 08:00";"NS";"FC Midtjylland";"";"";"Silkeborg IF";"";"";"5.7";"4";"4";"5.1";"9.4";"75";"55";"45";"40";"27";"13.1";"11.8";"11.6";"17.4";"11.2";"5";"5.3";"4.8";"7.3";"9";"70";"50";"60";"50";"9";"7.1";"5.6"
"World";"WOR";"Club Friendlies 3";"04-07-2026 08:00";"NS";"Rot-Weiß Erfurt";"";"";"Hannover 96 II";"";"";"";"";"";"";"";"";"";"";"";"";"";"";"";"";"";"";"";"";"";"9";"";"";"";"";"";"";""
"World";"WOR";"Club Friendlies 3";"04-07-2026 08:00";"NS";"Sparta Praha";"";"";"Opava";"";"";"6.6";"5.5";"4.7";"4.3";"10.6";"75";"65";"50";"50";"23.2";"13.1";"11.7";"11.8";"9.9";"7.9";"4.6";"3.3";"3.5";"4.4";"9";"50";"30";"70";"60";"9";"6.8";"19.5"
"World";"WOR";"Club Friendlies 3";"04-07-2026 08:00";"NS";"Esbjerg";"";"";"Aarhus Fremad";"";"";"6.4";"6.9";"5.6";"4.3";"11.6";"90";"85";"70";"65";"25.6";"14.6";"15.7";"13";"7.9";"10.5";"5.9";"6.4";"5.4";"3.3";"9";"80";"50";"60";"70";"10";"7.2";"5.6"
"World";"WOR";"Club Friendlies 3";"04-07-2026 08:00";"NS";"Horsens";"";"";"Hobro";"";"";"4.5";"4";"6";"4.4";"9.4";"70";"70";"45";"35";"24.5";"10.6";"13.3";"12.3";"12.8";"8.6";"3.9";"4.2";"3.9";"5.2";"9";"40";"50";"40";"50";"9";"4.9";"5.4"
"World";"WOR";"Club Friendlies 3";"04-07-2026 08:00";"NS";"TOP Oss";"";"";"Go Ahead Eagles";"";"";"4.6";"5.2";"7.3";"7.1";"12.1";"90";"85";"80";"70";"31.4";"11.9";"11.4";"17.5";"22.1";"9.6";"4";"4.8";"4.5";"6";"9";"20";"60";"30";"40";"10";"4";"4.7"
"World";"WOR";"Club Friendlies 3";"04-07-2026 08:00";"NS";"FC Kempten";"";"";"Illertissen";"";"";"";"";"";"";"";"";"";"";"";"";"";"";"";"";"";"";"";"";"";"9";"";"";"";"";"";"";""
"World";"WOR";"Club Friendlies 3";"04-07-2026 08:00";"NS";"Eintracht Braunschw. II";"";"";"HSC Hannover";"";"";"";"";"";"";"";"";"";"";"";"";"";"";"";"";"";"";"";"";"";"9";"";"";"";"";"";"";""
"World";"WOR";"Club Friendlies 3";"04-07-2026 08:00";"NS";"Brøndby IF";"";"";"Nordsjælland";"";"";"4.7";"5";"5.3";"4.1";"9.6";"70";"65";"55";"30";"28.4";"15.6";"15";"12.6";"13.6";"11";"5.8";"6.3";"5.4";"4.5";"9";"40";"60";"40";"60";"9";"5.5";"8.1"
"World";"WOR";"Club Friendlies 3";"04-07-2026 08:00";"NS";"Drochtersen / Assel";"";"";"Rödinghausen";"";"";"";"";"";"";"";"";"";"";"";"";"";"";"";"";"";"";"";"";"";"9";"";"";"";"";"";"";""
"World";"WOR";"Club Friendlies 3";"04-07-2026 08:00";"NS";"Wacker Innsbruck";"";"";"Bayern München II";"";"";"5";"";"3.5";"";"";"";"";"";"";"";"9";"";"11";"";"";"5";"";"4.5";"";"9";"50";"";"50";"";"";"";""
"World";"WOR";"Club Friendlies 3";"04-07-2026 08:00";"NS";"Magdeburg II";"";"";"Borussia Hildesheim";"";"";"";"";"";"";"";"";"";"";"";"";"";"";"";"";"";"";"";"";"";"9";"";"";"";"";"";"";""
"World";"WOR";"Club Friendlies 3";"04-07-2026 08:00";"NS";"Eendracht Termien";"";"";"Genk";"";"";"4";"6.7";"8";"2.9";"10.8";"90";"85";"70";"65";"26.2";"9";"18.5";"13";"11.9";"10.6";"4.5";"6";"7.5";"3.3";"9";"50";"40";"0";"70";"10";"4.5";"14.7"
"World";"WOR";"Club Friendlies 3";"04-07-2026 08:00";"NS";"Swindon Town";"";"";"Swindon Supermarine";"";"";"5";"6.5";"7.5";"2.5";"10.8";"100";"75";"75";"50";"23.2";"8.7";"12";"15.2";"10.5";"9.3";"3.5";"5";"5.1";"5";"9";"30";"100";"20";"100";"9";"5.8";"8"
"World";"WOR";"Club Friendlies 3";"04-07-2026 08:00";"NS";"Liptovský Mikuláš";"";"";"Banik Ostrava B";"";"";"5";"3.9";"4.6";"5.8";"9.6";"65";"65";"60";"45";"21.2";"12.3";"12";"8.9";"9.2";"8.6";"5.1";"4.6";"4";"3.5";"9";"60";"30";"40";"40";"10";"6.8";"7.5"
"World";"WOR";"Club Friendlies 3";"04-07-2026 08:00";"CANCELLED";"Basel";"";"";"Aarau";"";"";"5.2";"6";"5.1";"4.4";"10.4";"79";"74";"58";"36";"28.7";"11.8";"16";"14.8";"14.8";"10.1";"4.7";"5.3";"5.4";"4.9";"9";"44";"50";"56";"60";"10";"5.7";"6.4"
"World";"WOR";"Club Friendlies 3";"04-07-2026 08:00";"CANCELLED";"Crvena Zvezda";"";"";"Slavia Praha";"";"";"6.2";"7.8";"2.4";"3.7";"10";"80";"65";"50";"40";"26.4";"18.4";"15.8";"10";"8.6";"9.6";"6.6";"5.6";"3.6";"3.5";"9";"70";"100";"80";"80";"10";"10.2";"6"
"World";"WOR";"Club Friendlies 3";"04-07-2026 08:30";"NS";"Ballymena United";"";"";"Strabane Athletic";"";"";"4.9";"5.8";"3.2";"4.4";"9.1";"84";"68";"48";"26";"15.4";"6.5";"9.4";"7";"8";"5.6";"2.6";"3.2";"2.9";"2.6";"9";"78";"60";"56";"60";"9";"4.6";"5.2"
"World";"WOR";"Club Friendlies 3";"04-07-2026 09:00";"NS";"Energie Cottbus";"";"";"Hertha BSC II";"";"";"5.9";"";"3";"";"";"";"";"";"";"";"13.4";"";"9.4";"";"";"5";"";"3";"";"9";"75";"";"100";"";"";"";""
"World";"WOR";"Club Friendlies 3";"04-07-2026 09:00";"NS";"VfB Lübeck";"";"";"Jeddeloh";"";"";"";"";"";"";"";"";"";"";"";"";"";"";"";"";"";"";"";"";"";"9";"";"";"";"";"";"";""
"World";"WOR";"Club Friendlies 3";"04-07-2026 09:00";"NS";"Cove Rangers";"";"";"Huntly";"";"";"5.1";"";"4.1";"";"";"";"";"";"";"";"8.4";"";"10";"";"";"4.1";"";"4.1";"";"9";"50";"";"50";"";"";"";""
"World";"WOR";"Club Friendlies 3";"04-07-2026 09:00";"NS";"Holstein Kiel";"";"";"Fredericia";"";"";"6";"5.4";"3.3";"5.9";"10.3";"80";"70";"50";"35";"27.2";"11.7";"14.6";"12.6";"15.4";"8.5";"3.3";"4.7";"4.1";"4.9";"9";"40";"30";"70";"50";"9";"5.6";"7.3"
"World";"WOR";"Club Friendlies 3";"04-07-2026 09:00";"NS";"Cliftonville";"";"";"Hibernian";"";"";"3.5";"4";"5.4";"6";"9.4";"65";"65";"60";"50";"19.5";"6.7";"8.5";"9.5";"14.3";"7.2";"3";"2.4";"4.7";"4.2";"9";"40";"50";"20";"30";"10";"7.4";"6.6"
"World";"WOR";"Club Friendlies 3";"04-07-2026 09:00";"NS";"Willem II";"";"";"Quick Boys";"";"";"4.7";"5.6";"4.9";"3.8";"9.5";"71";"55";"50";"50";"21.8";"11.2";"10.5";"13.6";"8.4";"8";"4.3";"5.2";"2.8";"3.5";"9";"80";"75";"30";"75";"9";"5.4";"4.8"
"World";"WOR";"Club Friendlies 3";"04-07-2026 09:00";"NS";"Greifswalder FC";"";"";"Hamburger SV II";"";"";"";"";"";"";"";"";"";"";"";"";"";"";"";"";"";"";"";"";"";"9";"";"";"";"";"";"";""
"World";"WOR";"Club Friendlies 3";"04-07-2026 09:00";"NS";"Homburg";"";"";"Emmelshausen-Karbach";"";"";"";"";"";"";"";"";"";"";"";"";"";"";"";"";"";"";"";"";"";"9";"";"";"";"";"";"";""
"World";"WOR";"Club Friendlies 3";"04-07-2026 09:00";"NS";"SC Wiedenbrück";"";"";"Chemie Leipzig";"";"";"";"";"";"";"";"";"";"";"";"";"";"";"";"";"";"";"";"";"";"9";"";"";"";"";"";"";""
"World";"WOR";"Club Friendlies 3";"04-07-2026 09:00";"NS";"Club Brugge";"";"";"KV Kortrijk";"";"";"5.4";"7.5";"5.6";"3.8";"11.2";"80";"65";"60";"50";"30.4";"20.2";"17.1";"14.5";"8.9";"11";"7.6";"6.7";"3.8";"3.9";"9";"60";"30";"40";"60";"10";"4.3";"5"
"World";"WOR";"Club Friendlies 3";"04-07-2026 09:00";"NS";"Ingolstadt";"";"";"Eichstätt";"";"";"4.5";"";"6.9";"";"";"";"";"";"";"";"10.3";"";"13.2";"";"";"4.2";"";"4.9";"";"9";"40";"";"20";"";"";"";""
"World";"WOR";"Club Friendlies 3";"04-07-2026 09:00";"NS";"Sonnenhof Großaspach";"";"";"SGV Freiberg";"";"";"";"";"";"";"";"";"";"";"";"";"";"";"";"";"";"";"";"";"";"9";"";"";"";"";"";"";""
"World";"WOR";"Club Friendlies 3";"04-07-2026 09:00";"NS";"Melle 03";"";"";"Osnabrück";"";"";"";"5.6";"";"4.4";"";"";"";"";"";"";"";"10.8";"";"9.2";"";"";"5";"";"3.6";"9";"";"50";"";"50";"";"";""
"World";"WOR";"Club Friendlies 3";"04-07-2026 09:00";"NS";"Hollenbach";"";"";"Ansbach";"";"";"";"";"";"";"";"";"";"";"";"";"";"";"";"";"";"";"";"";"";"9";"";"";"";"";"";"";""
"World";"WOR";"Club Friendlies 3";"04-07-2026 09:00";"NS";"Ayr United";"";"";"Airdrieonians";"";"";"5.7";"4.2";"4.8";"5.9";"10.2";"90";"80";"74";"43";"19.9";"9.6";"10.7";"8.6";"11";"7.6";"3.6";"4.1";"3.4";"4.1";"9";"67";"20";"44";"20";"10";"7.6";"6.3"
"World";"WOR";"Club Friendlies 3";"04-07-2026 09:00";"NS";"Zürich";"";"";"Kriens";"";"";"4.4";"6.7";"6.8";"2";"10";"78";"62";"52";"42";"29.4";"12";"18.7";"13";"15";"10.1";"4.2";"6";"5.3";"4.7";"9";"40";"67";"30";"67";"9";"6";"6.4"
"World";"WOR";"Club Friendlies 3";"04-07-2026 09:00";"NS";"Servette";"";"";"Stade Nyonnais";"";"";"4.9";"4.6";"5";"4.5";"9.5";"85";"70";"50";"30";"28.1";"15.9";"15.1";"9.2";"16";"9.6";"6.3";"4.2";"3.1";"5.5";"9";"60";"20";"40";"40";"9";"4.6";"14"
"World";"WOR";"Club Friendlies 3";"04-07-2026 09:00";"NS";"FC Twente";"";"";"Aberdeen";"";"";"5.2";"4.1";"4.9";"4.9";"9.6";"63";"58";"42";"42";"24.2";"16";"9.8";"12.2";"10.4";"8.7";"6.4";"2.6";"4.6";"3.9";"9";"60";"44";"30";"44";"9";"5.9";"6"
"World";"WOR";"Club Friendlies 3";"04-07-2026 09:00";"NS";"Linfield";"";"";"Kilmarnock";"";"";"5.3";"4.4";"4.7";"4.9";"9.6";"74";"58";"58";"47";"20.4";"8.4";"12.8";"8.8";"10.8";"8.4";"4";"4.5";"5";"3.4";"9";"67";"60";"56";"40";"10";"7.6";"4"
"World";"WOR";"Club Friendlies 3";"04-07-2026 09:00";"NS";"Fortuna Köln";"";"";"TuS Koblenz";"";"";"";"";"";"";"";"";"";"";"";"";"";"";"";"";"";"";"";"";"";"9";"";"";"";"";"";"";""
"World";"WOR";"Club Friendlies 3";"04-07-2026 09:00";"NS";"Maribor";"";"";"Železničar Pančevo";"";"";"5.1";"3.9";"3.7";"3.3";"8";"50";"30";"20";"20";"20.8";"11.2";"10.5";"9";"11";"7.4";"3.7";"3.1";"4.9";"3.2";"9";"56";"50";"50";"40";"8";"9.3";"6.2"
"World";"WOR";"Club Friendlies 3";"04-07-2026 09:00";"NS";"FSV Frankfurt";"";"";"Aubstadt";"";"";"";"";"";"";"";"";"";"";"";"";"";"";"";"";"";"";"";"";"";"9";"";"";"";"";"";"";""
"World";"WOR";"Club Friendlies 3";"04-07-2026 09:00";"NS";"Carl Zeiss Jena";"";"";"Germania Halberstadt";"";"";"";"";"";"";"";"";"";"";"";"";"";"";"";"";"";"";"";"";"";"9";"";"";"";"";"";"";""
"World";"WOR";"Club Friendlies 3";"04-07-2026 09:00";"NS";"Stuttgarter Kickers";"";"";"Young Boys Reutlingen";"";"";"";"";"";"";"";"";"";"";"";"";"";"";"";"";"";"";"";"";"";"9";"";"";"";"";"";"";""
"World";"WOR";"Club Friendlies 3";"04-07-2026 09:00";"NS";"Würzburger Kickers";"";"";"Jahn Regensburg II";"";"";"3";"";"5.5";"";"";"";"";"";"";"";"13";"";"8.5";"";"";"5.5";"";"4.5";"";"9";"50";"";"0";"";"";"";""
"World";"WOR";"Club Friendlies 3";"04-07-2026 09:00";"NS";"LASK Linz";"";"";"Austria Salzburg";"";"";"4.3";"4.1";"4.6";"5.1";"9";"72";"67";"33";"28";"22";"16.7";"9.2";"8.7";"9.3";"8.9";"6.7";"4.2";"2.2";"4.6";"9";"44";"78";"33";"33";"9";"5.6";"5.4"
"World";"WOR";"Club Friendlies 3";"04-07-2026 09:00";"NS";"Mainz 05 II";"";"";"Progrès Niedercorn";"";"";"";"6.3";"";"3.6";"";"";"";"";"";"";"";"13.2";"";"11.1";"";"";"5";"";"4.8";"9";"";"89";"";"56";"";"";""
"World";"WOR";"Club Friendlies 3";"04-07-2026 09:00";"NS";"Quierschied";"";"";"Saarbrücken";"";"";"";"8.1";"";"4.1";"";"";"";"";"";"";"";"13.4";"";"10.5";"";"";"5";"";"5";"9";"";"50";"";"75";"";"";""
"World";"WOR";"Club Friendlies 3";"04-07-2026 09:00";"NS";"Vendsyssel";"";"";"KFUM";"";"";"6.3";"3.4";"4.9";"6.1";"10.4";"80";"75";"70";"55";"22";"12.1";"10";"8.1";"13.8";"9.6";"5.9";"4.4";"3.2";"5.7";"9";"70";"60";"40";"20";"10";"5";"8.1"
"World";"WOR";"Club Friendlies 3";"04-07-2026 09:00";"NS";"Marburg";"";"";"TSV Steinbach";"";"";"";"";"";"";"";"";"";"";"";"";"";"";"";"";"";"";"";"";"";"9";"";"";"";"";"";"";""
"World";"WOR";"Club Friendlies 3";"04-07-2026 09:00";"NS";"FSV Kuhlungsborn";"";"";"Hansa Rostock";"";"";"";"5.6";"";"5.4";"";"";"";"";"";"";"";"11.2";"";"12.4";"";"";"5.9";"";"5.2";"9";"";"62";"";"50";"";"";""
"World";"WOR";"Club Friendlies 3";"04-07-2026 09:00";"NS";"Sportfreunde Siegen";"";"";"Fernwald";"";"";"";"";"";"";"";"";"";"";"";"";"";"";"";"";"";"";"";"";"";"9";"";"";"";"";"";"";""
"World";"WOR";"Club Friendlies 3";"04-07-2026 09:00";"NS";"Köln II";"";"";"FV Engers 07";"";"";"";"";"";"";"";"";"";"";"";"";"";"";"";"";"";"";"";"";"";"9";"";"";"";"";"";"";""
"World";"WOR";"Club Friendlies 3";"04-07-2026 09:00";"AWAITING_UPDATES";"Viktoria Köln";"";"";"Bonner SC";"";"";"3.9";"";"5.5";"";"";"";"";"";"";"";"9.2";"";"11.8";"";"";"4";"";"4.6";"";"9";"38";"";"38";"";"";"";""
"World";"WOR";"Club Friendlies 3";"04-07-2026 09:00";"AWAITING_UPDATES";"Veres";"";"";"UCSA";"";"";"4.6";"3.7";"4.5";"5";"8.9";"64";"46";"28";"18";"18.9";"7.4";"9";"9.8";"11.6";"7.8";"3";"3.4";"4.4";"4.8";"9";"40";"50";"60";"33";"9";"6.7";"8.2"
"World";"WOR";"Club Friendlies 3";"04-07-2026 09:15";"NS";"Memmingen";"";"";"TSV Essingen";"";"";"";"";"";"";"";"";"";"";"";"";"";"";"";"";"";"";"";"";"";"9";"";"";"";"";"";"";""
"World";"WOR";"Club Friendlies 3";"04-07-2026 09:30";"NS";"Coleraine";"";"";"H&W Welders";"";"";"4.2";"6.3";"3.2";"3.3";"8.6";"75";"54";"36";"32";"15.4";"10.3";"6.3";"6.9";"7.3";"8.4";"5.7";"3";"3.8";"4.3";"9";"60";"100";"50";"100";"9";"3.8";"3.9"
"World";"WOR";"Club Friendlies 3";"04-07-2026 09:30";"NS";"Edinburgh City";"";"";"Bonnyrigg Rose Athletic";"";"";"3.4";"5";"7.4";"3.3";"9.6";"61";"56";"50";"38";"20.9";"7.4";"12.3";"11.3";"10.7";"8.4";"3.8";"3.3";"5.7";"4";"9";"0";"67";"11";"67";"9";"6.5";"5.9"
"World";"WOR";"Club Friendlies 3";"04-07-2026 09:30";"NS";"Ramlingen/Ehlershausen";"";"";"Hannover 96";"";"";"2.7";"7.4";"6.2";"4.4";"10.3";"74";"58";"58";"50";"20.2";"4.3";"13.2";"9.5";"13.5";"8.3";"2.2";"5.5";"4.3";"4.6";"9";"40";"50";"17";"70";"10";"2.9";"5.3"
"World";"WOR";"Club Friendlies 3";"04-07-2026 09:30";"NS";"PAOK";"";"";"Westerlo";"";"";"6";"4.5";"5.2";"5.2";"10.4";"80";"75";"55";"45";"25.8";"12.2";"14.3";"13";"12";"9";"3.5";"5.1";"4.1";"5.3";"9";"60";"40";"50";"30";"10";"5.5";"7.6"
"World";"WOR";"Club Friendlies 3";"04-07-2026 09:30";"NS";"Thun";"";"";"Neuchâtel Xamax";"";"";"5.8";"4.5";"4.5";"6";"10.4";"85";"75";"65";"50";"29.6";"15.6";"11.8";"17";"14.9";"10.4";"5";"4.5";"5.9";"5.5";"9";"90";"40";"70";"20";"10";"7.4";"4.5"
"World";"WOR";"Club Friendlies 3";"04-07-2026 10:00";"NS";"Odense BK";"";"";"Hillerød";"";"";"6.3";"4.7";"4.8";"5.6";"10.7";"80";"80";"65";"60";"24.9";"13.4";"9.2";"13.8";"13.4";"8.6";"4.9";"2.9";"4.6";"4.8";"9";"50";"20";"60";"30";"10";"6.7";"7.6"
"World";"WOR";"Club Friendlies 3";"04-07-2026 10:00";"NS";"VfB Bottrop 1900";"";"";"Rot-Weiss Essen";"";"";"";"7.4";"";"6.4";"";"";"";"";"";"";"";"16.4";"";"9.6";"";"";"5.7";"";"4.1";"9";"";"80";"";"50";"";"";""
"World";"WOR";"Club Friendlies 3";"04-07-2026 10:00";"NS";"Haverfordwest County";"";"";"Hamilton Academical";"";"";"5.2";"5.4";"3.1";"4.7";"9.2";"65";"45";"30";"20";"21.4";"12.8";"10.6";"8";"11.3";"9.6";"6.7";"5.3";"2.9";"4.2";"9";"70";"80";"70";"30";"9";"8.5";"4.8"
"World";"WOR";"Club Friendlies 3";"04-07-2026 10:00";"NS";"RKC Waalwijk";"";"";"Jong AZ";"";"";"4.6";"5.9";"4.6";"5.9";"10.5";"90";"65";"50";"50";"28.1";"14.9";"15.7";"10.7";"14.9";"10.7";"6.5";"5.9";"3.4";"5.6";"9";"60";"40";"50";"40";"10";"5.9";"10"
"World";"WOR";"Club Friendlies 3";"04-07-2026 10:00";"NS";"Inverness CT";"";"";"Ross County";"";"";"4.4";"6";"3.2";"4.4";"9";"72";"66";"48";"18";"18.4";"11.2";"11.5";"7.1";"6.9";"8.7";"4.9";"4.8";"4.7";"3";"9";"44";"62";"33";"62";"9";"6";"4.3"
"World";"WOR";"Club Friendlies 3";"04-07-2026 10:00";"NS";"Rutherglen Glencairn";"";"";"Clyde";"";"";"";"4.8";"";"4.4";"";"";"";"";"";"";"";"9.9";"";"11.4";"";"";"4";"";"5.5";"9";"";"60";"";"40";"";"";""
"World";"WOR";"Club Friendlies 3";"04-07-2026 10:00";"NS";"Arbroath";"";"";"Brechin City";"";"";"4.2";"8.2";"4.8";"3.5";"10.4";"66";"60";"60";"54";"18.8";"6.9";"12.8";"8.3";"9.8";"7.5";"2.9";"5.5";"3.3";"3.2";"9";"56";"75";"44";"75";"9";"4.6";"8"
"World";"WOR";"Club Friendlies 3";"04-07-2026 10:00";"NS";"Johnstone Burgh";"";"";"Elgin City";"";"";"";"4";"";"4.7";"";"";"";"";"";"";"";"9";"";"11";"";"";"3.7";"";"4.4";"9";"";"56";"";"22";"";"";""
"World";"WOR";"Club Friendlies 3";"04-07-2026 10:00";"NS";"Forfar Athletic";"";"";"Banks O Dee FC";"";"";"3.7";"4.5";"4.6";"9.5";"11.2";"75";"70";"70";"60";"18";"8.1";"7";"10.4";"10.5";"8.4";"4.9";"2";"4.5";"5.5";"9";"30";"0";"40";"50";"11";"5.1";"5"
"World";"WOR";"Club Friendlies 3";"04-07-2026 10:00";"NS";"Glentoran";"";"";"Dundela";"";"";"6.3";"3.5";"3.3";"4.5";"8.8";"85";"35";"35";"30";"11.8";"9.2";"5";"4.3";"5";"5";"3.4";"2.5";"2";"2";"9";"70";"100";"100";"50";"8";"5.7";"5"
"World";"WOR";"Club Friendlies 3";"04-07-2026 10:00";"NS";"La Louvière";"";"";"Rochefort";"";"";"6";"4";"4.2";"6.8";"10.5";"74";"68";"64";"53";"25.2";"14.4";"8";"12";"15.9";"10.4";"4.8";"3.1";"4.9";"8";"9";"30";"44";"80";"22";"10";"7.6";"6.7"
"World";"WOR";"Club Friendlies 3";"04-07-2026 10:00";"NS";"Mechelen";"";"";"Rupel Boom";"";"";"4.1";"5.3";"4.3";"5.3";"9.6";"64";"54";"54";"54";"22.1";"9.1";"14.3";"14.1";"6.7";"7.9";"2.7";"5.3";"6.4";"1.3";"9";"60";"33";"30";"33";"10";"7.1";"8.4"
"World";"WOR";"Club Friendlies 3";"04-07-2026 10:00";"NS";"Tranent Juniors";"";"";"Stirling Albion";"";"";"6.9";"3.4";"3.4";"7.9";"10.8";"84";"72";"61";"50";"21.2";"12.8";"7.7";"6.6";"15.2";"9.3";"5.9";"3.5";"2.5";"6.7";"9";"62";"40";"88";"20";"10";"7.1";"5.2"
"World";"WOR";"Club Friendlies 3";"04-07-2026 10:00";"NS";"Montrose";"";"";"St. Johnstone";"";"";"5.1";"7.2";"4.1";"2.9";"9.6";"70";"65";"60";"30";"19.7";"10.1";"13.5";"11.3";"4.5";"7.5";"3.8";"5.2";"4.8";"1.2";"9";"50";"60";"60";"100";"9";"5.9";"5.3"
"World";"WOR";"Club Friendlies 3";"04-07-2026 10:00";"NS";"Eintracht Rheine";"";"";"Preußen Münster";"";"";"";"4.5";"";"6.2";"";"";"";"";"";"";"";"10.8";"";"14.7";"";"";"3.4";"";"5.6";"9";"";"50";"";"30";"";"";""
"World";"WOR";"Club Friendlies 3";"04-07-2026 10:00";"NS";"Austria Wien";"";"";"Debrecen";"";"";"4.7";"4.7";"4";"2.5";"8";"50";"40";"25";"20";"23.4";"8.7";"15.9";"11.2";"11.1";"7.3";"3.1";"3.9";"4.2";"3.4";"9";"50";"80";"60";"80";"8";"6";"6.6"
"World";"WOR";"Club Friendlies 3";"04-07-2026 10:00";"NS";"Bangor";"";"";"Newington Youth";"";"";"2.3";"4.5";"4.3";"4";"7.6";"42";"36";"30";"25";"13.8";"3.9";"9.5";"7.1";"7";"6.6";"1.9";"4.5";"3.3";"3.5";"9";"22";"50";"11";"50";"8";"4.9";"5"
"World";"WOR";"Club Friendlies 3";"04-07-2026 10:00";"NS";"Zemun";"";"";"Borac Čačak";"";"";"3.8";"5.9";"5.6";"4.9";"10.1";"74";"62";"62";"51";"17.4";"6.2";"10.1";"10.4";"8.1";"6.6";"2.7";"3.7";"3.9";"3";"9";"56";"50";"30";"50";"9";"4.8";"7.2"
"World";"WOR";"Club Friendlies 3";"04-07-2026 10:30";"NS";"CSKA Moskva";"";"";"Arsenal Tula";"";"";"5.4";"3.2";"6";"4";"9.3";"80";"59";"48";"43";"19";"12.3";"5.4";"12.9";"7.5";"6.6";"4";"2.5";"4.2";"2.5";"9";"33";"43";"33";"30";"10";"6.6";"5.2"
"World";"WOR";"Club Friendlies 3";"04-07-2026 10:30";"NS";"Rot-Weiß Oberhausen";"";"";"VfL Bochum 1848";"";"";"";"4.2";"";"5.5";"";"";"";"";"";"";"";"12.9";"";"11.9";"";"";"4.5";"";"4.4";"9";"";"60";"";"30";"";"";""
"World";"WOR";"Club Friendlies 3";"04-07-2026 10:30";"NS";"FSV Optik Rathenow";"";"";"FC Union Berlin";"";"";"";"4.6";"";"6.1";"";"";"";"";"";"";"";"12.4";"";"13.9";"";"";"4.7";"";"4.7";"9";"";"60";"";"40";"";"";""
"World";"WOR";"Club Friendlies 3";"04-07-2026 10:30";"NS";"Auerbach";"";"";"Bayreuth";"";"";"";"";"";"";"";"";"";"";"";"";"";"";"";"";"";"";"";"";"";"9";"";"";"";"";"";"";""
"World";"WOR";"Club Friendlies 3";"04-07-2026 11:00";"NS";"Luzern";"";"";"Winterthur";"";"";"5.8";"4.6";"3.6";"5.1";"9.6";"74";"52";"46";"42";"27.6";"14.3";"12.3";"11.9";"16.6";"9.8";"5";"4";"3.5";"7";"9";"70";"56";"90";"33";"9";"4.9";"7.8"
"World";"WOR";"Club Friendlies 3";"04-07-2026 11:00";"NS";"Rheindorf Altach";"";"";"Heidenheim";"";"";"3.6";"4.1";"4.4";"5.3";"8.7";"75";"50";"25";"15";"24";"9.8";"10.5";"12.7";"15.1";"10";"4";"4";"6.6";"5.5";"9";"40";"60";"20";"30";"9";"5.7";"4.2"
"World";"WOR";"Club Friendlies 3";"04-07-2026 11:00";"NS";"Clay Cross Town";"";"";"Chesterfield";"";"";"";"5.9";"";"3.8";"";"";"";"";"";"";"";"11.8";"";"9.5";"";"";"3.2";"";"3.4";"9";"";"40";"";"60";"";"";""
"World";"WOR";"Club Friendlies 3";"04-07-2026 11:00";"NS";"Peterhead";"";"";"Celtic II";"";"";"4.9";"5.2";"5.1";"5.4";"10.3";"84";"84";"68";"36";"21.5";"8.2";"12.4";"10.9";"11.4";"9.9";"2.8";"6";"5.1";"5.8";"9";"22";"40";"56";"40";"10";"5.4";"5.4"
"World";"WOR";"Club Friendlies 3";"04-07-2026 11:00";"NS";"Verlaine";"";"";"Standard Liège";"";"";"";"3.5";"";"7";"";"";"";"";"";"";"";"10.8";"";"16.7";"";"";"4.4";"";"5";"9";"";"30";"";"20";"";"";""
"World";"WOR";"Club Friendlies 3";"04-07-2026 11:00";"NS";"Neftekhimik";"";"";"KAMAZ";"";"";"3.8";"5.1";"3.6";"5.8";"9.1";"61";"56";"50";"50";"14";"6.4";"6.6";"8";"6.9";"7.3";"4";"2.8";"4.6";"3.2";"9";"43";"50";"33";"33";"9";"4.6";"8.2"
"World";"WOR";"Club Friendlies 3";"04-07-2026 11:00";"NS";"Carshalton Athletic";"";"";"Bromley";"";"";"5";"5.9";"4";"4.9";"9.9";"62";"62";"56";"36";"22";"10.3";"14.2";"6.7";"12.8";"8.5";"4.7";"4.5";"3.7";"4.2";"9";"0";"40";"67";"40";"9";"5.7";"7.8"
"World";"WOR";"Club Friendlies 3";"04-07-2026 11:00";"NS";"BFC Preussen";"";"";"Reinickendorfer Fuchse";"";"";"";"";"";"";"";"";"";"";"";"";"";"";"";"";"";"";"";"";"";"9";"";"";"";"";"";"";""
"World";"WOR";"Club Friendlies 3";"04-07-2026 11:00";"CANCELLED";"East Kilbride";"";"";"Dumbarton";"";"";"5.1";"5.1";"3.9";"4.9";"9.5";"78";"67";"50";"28";"20.4";"14";"7.9";"5.9";"12.9";"8";"6.2";"2.2";"2.4";"5.1";"9";"62";"38";"22";"67";"10";"4.6";"5.3"
"World";"WOR";"Club Friendlies 3";"04-07-2026 11:00";"NS";"Spartak Moskva";"";"";"Krylya Sovetov";"";"";"5.4";"5.1";"2.6";"5.1";"9.1";"68";"63";"57";"36";"22.6";"13.6";"10.5";"7";"14";"8";"4.6";"4.5";"2.9";"4.1";"9";"100";"38";"78";"50";"9";"7.8";"4.6"
"World";"WOR";"Club Friendlies 3";"04-07-2026 11:00";"NS";"Ballymena United";"";"";"Loughgall";"";"";"4.9";"4.8";"3.2";"4.5";"8.6";"71";"66";"53";"30";"15.2";"6.5";"8";"7";"8.8";"6.2";"2.6";"3.2";"2.9";"3.8";"9";"78";"0";"56";"50";"9";"4.6";"13.3"
"World";"WOR";"Club Friendlies 3";"04-07-2026 11:00";"NS";"Alfreton Town";"";"";"Notts County";"";"";"2.3";"3.9";"4.4";"4.6";"7.6";"65";"30";"15";"10";"20.4";"8.1";"10.5";"12.1";"10.1";"7.9";"3.4";"4.3";"5";"3.1";"9";"40";"60";"10";"40";"9";"5.8";"5.9"
"World";"WOR";"Club Friendlies 3";"04-07-2026 11:00";"NS";"Excelsior";"";"";"SC Cambuur";"";"";"4";"6.2";"4.8";"4";"9.5";"65";"60";"50";"40";"26.6";"15.2";"14.3";"12";"11.6";"9.2";"5.1";"4.5";"4.4";"4.5";"9";"20";"70";"40";"50";"9";"6.3";"6.3"
"World";"WOR";"Club Friendlies 3";"04-07-2026 11:00";"NS";"Halifax Town";"";"";"Sheffield United";"";"";"3.8";"5.7";"4.9";"5.2";"9.8";"60";"55";"55";"40";"22";"8.7";"13.6";"8.7";"12.9";"9";"4";"5";"4.2";"4.9";"9";"40";"40";"50";"50";"9";"6.2";"6.6"
"World";"WOR";"Club Friendlies 3";"04-07-2026 11:00";"NS";"Norwich City";"";"";"King's Lynn Town";"";"";"6.6";"4.9";"3.3";"5.6";"10.2";"80";"65";"60";"50";"20.2";"13.4";"8.5";"9.7";"8.7";"8.1";"5.1";"3.5";"4";"3.6";"9";"70";"80";"70";"30";"9";"7.1";"6.5"
"World";"WOR";"Club Friendlies 3";"04-07-2026 11:00";"NS";"Helmond Sport";"";"";"AEK Larnaca";"";"";"5.1";"4.5";"3.6";"5.3";"9.2";"55";"45";"45";"30";"20.5";"10.3";"9.1";"10.1";"11.5";"7.4";"2.7";"4.3";"3.6";"4.2";"9";"50";"60";"50";"40";"10";"11.8";"7"
"World";"WOR";"Club Friendlies 3";"04-07-2026 11:00";"NS";"Zelzate";"";"";"Zulte-Waregem";"";"";"5.1";"6.2";"5.6";"4.2";"10.6";"85";"64";"64";"58";"26";"12.7";"12.6";"15.9";"10.9";"10.5";"5.4";"4.7";"7.2";"3.8";"9";"44";"67";"50";"67";"9";"9.1";"4.6"
"World";"WOR";"Club Friendlies 3";"04-07-2026 11:00";"NS";"Queen of the South";"";"";"Crusaders";"";"";"4.1";"6";"5.2";"5.9";"10.6";"85";"79";"69";"51";"20.4";"12.1";"9.7";"9.9";"9";"8";"4.9";"2.8";"4.7";"3.5";"9";"30";"62";"30";"38";"10";"6.4";"6.9"
"World";"WOR";"Club Friendlies 3";"04-07-2026 11:00";"NS";"Kelty Hearts";"";"";"Dunfermline Athletic";"";"";"5.8";"4.5";"6.1";"5.2";"10.8";"79";"74";"61";"45";"18.1";"8.6";"9.1";"9.4";"9.1";"7";"4.1";"2.7";"3.6";"3.6";"9";"62";"40";"50";"30";"10";"6.8";"9.1"
"World";"WOR";"Club Friendlies 3";"04-07-2026 11:00";"NS";"Greenock Morton";"";"";"Stranraer";"";"";"4.2";"8.1";"6.5";"3.5";"11.1";"89";"79";"72";"51";"22.9";"10.1";"12.5";"13.9";"9.2";"8.8";"4.1";"4.5";"5.6";"3.5";"9";"30";"62";"10";"88";"10";"8.4";"6.6"
"World";"WOR";"Club Friendlies 3";"04-07-2026 11:00";"NS";"United of Manchester";"";"";"Bradford City";"";"";"6.4";"5.8";"6.6";"3.9";"11.4";"80";"80";"60";"60";"20.6";"11.8";"11.1";"7.8";"10.4";"6.8";"4.2";"3.4";"3.4";"2.6";"9";"40";"40";"60";"80";"10";"5.6";"7.4"
"World";"WOR";"Club Friendlies 3";"04-07-2026 11:00";"NS";"FC Gießen";"";"";"Elversberg";"";"";"";"5.4";"";"3.3";"";"";"";"";"";"";"";"14.6";"";"8.9";"";"";"5.6";"";"3.4";"9";"";"44";"";"78";"";"";""
"World";"WOR";"Club Friendlies 3";"04-07-2026 11:00";"NS";"Badshot Lea";"";"";"Aldershot Town";"";"";"";"6.3";"";"3.4";"";"";"";"";"";"";"";"8.7";"";"7.5";"";"";"3.7";"";"4.3";"9";"";"40";"";"80";"";"";""
"World";"WOR";"Club Friendlies 3";"04-07-2026 11:00";"NS";"Lokomotive Leipzig";"";"";"Kladno";"";"";"5.3";"6.9";"3.3";"3.7";"9.6";"89";"72";"28";"28";"19.3";"8.5";"10.9";"13";"6.2";"8.3";"4.5";"4.4";"5.5";"2.1";"9";"33";"67";"100";"56";"10";"7.7";"6.1"
"World";"WOR";"Club Friendlies 3";"04-07-2026 11:00";"NS";"Limavady United";"";"";"Warrenpoint Town";"";"";"4.2";"";"4";"";"";"";"";"";"";"";"8.8";"";"9.5";"";"";"3.8";"";"5.8";"";"9";"50";"";"50";"";"";"";""
"World";"WOR";"Club Friendlies 3";"04-07-2026 11:00";"NS";"Metz";"";"";"Differdange 03";"";"";"4.7";"6.7";"6.2";"2.6";"10";"78";"61";"56";"44";"24.5";"12.3";"13.7";"16.4";"6.6";"9";"3.9";"5.4";"5.7";"2.9";"9";"56";"78";"33";"89";"9";"6.3";"8.6"
"World";"WOR";"Club Friendlies 3";"04-07-2026 11:00";"NS";"Bristol Manor Farm";"";"";"Newport County";"";"";"";"6.3";"";"4.9";"";"";"";"";"";"";"";"12.7";"";"12.3";"";"";"4.2";"";"4.2";"9";"";"60";"";"70";"";"";""
"World";"WOR";"Club Friendlies 3";"04-07-2026 11:00";"NS";"Ballyclare Comrades";"";"";"Portadown";"";"";"4";"3.9";"4.7";"5.7";"9.1";"72";"50";"38";"33";"19.5";"10.7";"6.7";"11.3";"10.3";"8.8";"4.7";"3.3";"5.3";"4.3";"9";"0";"33";"67";"22";"9";"8.2";"6.7"
"World";"WOR";"Club Friendlies 3";"04-07-2026 11:00";"NS";"Anderlecht";"";"";"Boulogne";"";"";"4.4";"3.2";"3.8";"6.3";"8.8";"70";"45";"35";"25";"24";"13.6";"6.7";"15.7";"12.1";"8.5";"5";"2.2";"5.6";"4.2";"9";"40";"20";"50";"20";"9";"6.3";"5.4"
"World";"WOR";"Club Friendlies 3";"04-07-2026 11:00";"NS";"Matlock Town";"";"";"Barnsley";"";"";"";"3.9";"";"7";"";"";"";"";"";"";"";"11.8";"";"12.4";"";"";"3.5";"";"4.4";"9";"";"40";"";"20";"";"";""
"World";"WOR";"Club Friendlies 3";"04-07-2026 11:00";"NS";"Todesfelde";"";"";"Paloma";"";"";"";"";"";"";"";"";"";"";"";"";"";"";"";"";"";"";"";"";"";"9";"";"";"";"";"";"";""
"World";"WOR";"Club Friendlies 3";"04-07-2026 11:00";"NS";"Sporting Club Jemappes";"";"";"Royal Francs Borains";"";"";"";"4.3";"";"5.1";"";"";"";"";"";"";"";"10.1";"";"14";"";"";"3";"";"5.1";"9";"";"40";"";"50";"";"";""
"World";"WOR";"Club Friendlies 3";"04-07-2026 11:00";"NS";"Bodø / Glimt";"";"";"Start";"";"";"7.2";"2.6";"3";"6.2";"9.5";"60";"50";"35";"35";"26.8";"18.2";"11.2";"9";"15.2";"10";"7.6";"3.7";"3.4";"5.3";"9";"60";"30";"80";"20";"10";"5.3";"7.2"
"World";"WOR";"Club Friendlies 3";"04-07-2026 11:00";"NS";"Bahia";"";"";"Montevideo City Torque";"";"";"6.7";"5.4";"5.8";"4.8";"11.4";"85";"75";"60";"50";"23.8";"15.1";"10";"13.1";"9.4";"9.6";"5.8";"3.7";"5.8";"3.8";"9";"60";"70";"60";"40";"10";"8.4";"4.8"
"World";"WOR";"Club Friendlies 3";"04-07-2026 11:00";"NS";"Lichfield City";"";"";"Tamworth";"";"";"";"5.4";"";"5.1";"";"";"";"";"";"";"";"11.2";"";"11.2";"";"";"5.1";"";"4.8";"9";"";"62";"";"50";"";"";""
"World";"WOR";"Club Friendlies 3";"04-07-2026 11:00";"NS";"AZ";"";"";"Gent";"";"";"5.9";"4.5";"5";"5.2";"10.3";"70";"70";"65";"50";"27.1";"15.4";"11.9";"11.9";"15";"9.2";"5.7";"2.4";"4.7";"5.7";"9";"60";"30";"60";"40";"10";"6.3";"26.3"
"World";"WOR";"Club Friendlies 3";"04-07-2026 11:30";"NS";"VELO";"";"";"Sparta Rotterdam";"";"";"";"4.1";"";"6.1";"";"";"";"";"";"";"";"13.4";"";"15.9";"";"";"3.8";"";"5.7";"9";"";"30";"";"30";"";"";""
"World";"WOR";"Club Friendlies 3";"04-07-2026 11:30";"NS";"Gurten";"";"";"WSPG Wels";"";"";"5.8";"3.9";"2.3";"5.3";"8.7";"70";"58";"53";"22";"18.8";"13.3";"8.2";"6.8";"9.1";"7.8";"5.5";"3.8";"3";"3.2";"9";"83";"33";"83";"33";"9";"7.8";"4.7"
"World";"WOR";"Club Friendlies 3";"04-07-2026 11:30";"NS";"Greifswalder FC";"";"";"Anker Wismar";"";"";"";"";"";"";"";"";"";"";"";"";"";"";"";"";"";"";"";"";"";"9";"";"";"";"";"";"";""
"World";"WOR";"Club Friendlies 3";"04-07-2026 11:30";"NS";"Blau-Weiß Linz";"";"";"Wiener Viktoria";"";"";"5.7";"4.2";"3.4";"4.1";"8.7";"55";"45";"30";"30";"23.8";"14.3";"13";"9.9";"10.3";"8.9";"5.2";"5.9";"2.5";"4.2";"9";"90";"50";"70";"70";"9";"5.8";"7.2"
"World";"WOR";"Club Friendlies 3";"04-07-2026 11:30";"NS";"Universitario";"";"";"Sport Boys";"";"";"6.3";"5.8";"3.6";"2.9";"9.3";"70";"55";"45";"40";"23.7";"11.8";"15.1";"9.2";"11.3";"7.8";"3.2";"5.5";"3.5";"3.5";"9";"60";"60";"60";"80";"9";"11.4";"9.4"
"World";"WOR";"Club Friendlies 3";"04-07-2026 11:30";"NS";"Nafta";"";"";"Honvéd";"";"";"5";"6.4";"3.8";"2.6";"8.9";"71";"56";"39";"18";"19.5";"9.9";"9.9";"8.9";"10.2";"8.3";"5";"3.9";"3.6";"4.1";"9";"50";"62";"60";"100";"9";"6.6";"9"
"World";"WOR";"Club Friendlies 3";"04-07-2026 11:30";"CANCELLED";"CSKA Moskva";"";"";"Botafogo";"";"";"5.4";"5.8";"6";"4.8";"11";"85";"74";"58";"53";"29";"12.3";"19.5";"12.9";"13.4";"10";"4";"7.5";"4.2";"4.2";"9";"33";"70";"33";"60";"10";"6.6";"8.9"
"World";"WOR";"Club Friendlies 3";"04-07-2026 12:00";"NS";"Vaduz";"";"";"Austria Lustenau";"";"";"4.3";"3.9";"5.4";"5.3";"9.4";"66";"66";"50";"44";"25.2";"14.1";"9.6";"16.4";"10.2";"8.4";"4.3";"4.1";"4.6";"3.9";"9";"71";"50";"29";"30";"10";"4.2";"6"
"World";"WOR";"Club Friendlies 3";"04-07-2026 12:00";"NS";"Piast Gliwice";"";"";"Baník Ostrava";"";"";"6.4";"6";"4.6";"4";"10.5";"85";"85";"75";"70";"23.4";"15.9";"14.8";"8.7";"7.3";"8.7";"5.1";"5.3";"4.1";"2.9";"9";"44";"60";"70";"80";"10";"10.6";"6.7"
"World";"WOR";"Club Friendlies 3";"04-07-2026 12:00";"NS";"Osijek";"";"";"Paksi SE";"";"";"5.7";"6.4";"5.4";"4.1";"10.8";"79";"79";"64";"52";"26";"13";"16.8";"11.9";"10.3";"10.1";"4.1";"8.2";"4.5";"3.4";"9";"40";"67";"40";"56";"10";"17.6";"4.7"
"World";"WOR";"Club Friendlies 3";"04-07-2026 12:00";"NS";"Slovácko";"";"";"Spartak Trnava";"";"";"3.9";"3.2";"4.2";"4.1";"7.7";"60";"45";"25";"10";"21.4";"12";"10.4";"9.8";"10.5";"7.6";"4.5";"3.7";"3.6";"3.5";"9";"20";"50";"30";"20";"8";"6.8";"5"
"World";"WOR";"Club Friendlies 3";"04-07-2026 12:00";"NS";"Zepperen-Brustem";"";"";"Sint-Truiden";"";"";"";"5.7";"";"4.4";"";"";"";"";"";"";"";"12.5";"";"12.3";"";"";"4.4";"";"3.3";"9";"";"80";"";"50";"";"";""
"World";"WOR";"Club Friendlies 3";"04-07-2026 12:00";"NS";"Zbrojovka Brno";"";"";"Csikszereda";"";"";"6.2";"3";"3.8";"6.8";"9.9";"85";"75";"55";"35";"22.6";"10.7";"12.6";"6.5";"15.5";"8.3";"4.6";"4.7";"3";"4.3";"9";"60";"10";"70";"10";"10";"5.1";"7.6"
"World";"WOR";"Club Friendlies 3";"04-07-2026 12:00";"NS";"Frohnauer";"";"";"Hertha BSC";"";"";"";"4";"";"6.6";"";"";"";"";"";"";"";"13.1";"";"14.4";"";"";"4.2";"";"4.1";"9";"";"60";"";"30";"";"";""
"World";"WOR";"Club Friendlies 3";"04-07-2026 12:00";"NS";"Jagiellonia Białystok";"";"";"Pogoń Siedlce";"";"";"5.5";"4";"3";"6.9";"9.7";"64";"53";"43";"22";"25.9";"15.9";"7.7";"14.6";"13.7";"9.2";"6.5";"2.4";"4.2";"5.3";"9";"40";"11";"60";"0";"10";"7.1";"11"
"World";"WOR";"Club Friendlies 3";"04-07-2026 12:00";"NS";"Puskás";"";"";"Slovan Bratislava";"";"";"5.7";"5.1";"4.3";"4.8";"10";"80";"65";"45";"30";"23.2";"12.7";"11.6";"11.1";"10.9";"7.8";"4.4";"3.8";"4.8";"2.7";"9";"50";"50";"80";"50";"10";"6.9";"6.2"
"World";"WOR";"Club Friendlies 3";"04-07-2026 12:00";"NS";"Várda SE";"";"";"Tatran Prešov";"";"";"3.8";"4.8";"5";"6.3";"10";"70";"65";"55";"50";"22.9";"9.2";"12.1";"12.6";"11.9";"7.8";"3";"3.9";"4.6";"4.2";"9";"50";"30";"30";"30";"9";"8.2";"11.2"
"World";"WOR";"Club Friendlies 3";"04-07-2026 12:00";"NS";"Sigma Olomouc";"";"";"Hanácká";"";"";"6.4";"4.7";"5.1";"5.1";"10.6";"80";"75";"70";"45";"23.2";"16.9";"8.9";"12.1";"8.4";"9";"6.6";"3.6";"4.3";"3.5";"9";"70";"70";"70";"30";"10";"8.2";"5.9"
"World";"WOR";"Club Friendlies 3";"04-07-2026 12:00";"NS";"Gievenbeck";"";"";"Schalke 04 II";"";"";"";"";"";"";"";"";"";"";"";"";"";"";"";"";"";"";"";"";"";"9";"";"";"";"";"";"";""
"World";"WOR";"Club Friendlies 3";"04-07-2026 12:00";"NS";"Prostějov";"";"";"Sigma Olomouc B";"";"";"4.4";"5.5";"5.9";"5";"10.4";"75";"70";"70";"50";"17";"5.6";"10.9";"10.4";"7.1";"7.6";"2.3";"6.4";"4";"2.6";"9";"40";"40";"30";"40";"10";"5.6";"4.4"
"World";"WOR";"Club Friendlies 3";"04-07-2026 12:00";"NS";"Beveren";"";"";"SK Beveren";"";"";"";"5.3";"";"4.6";"";"";"";"";"";"";"";"13.5";"";"9.4";"";"";"4.8";"";"3";"9";"";"70";"";"60";"";"";""
"World";"WOR";"Club Friendlies 3";"04-07-2026 12:00";"NS";"Radnički Niš";"";"";"UTA Arad";"";"";"3.7";"6.6";"4.4";"3.7";"9.2";"70";"65";"35";"30";"25.6";"11.9";"17.9";"11.3";"10.2";"8.2";"4.1";"6.4";"3.8";"2.1";"9";"70";"70";"40";"70";"9";"7.2";"7.7"
"World";"WOR";"Club Friendlies 3";"04-07-2026 12:30";"NS";"Dunajská Streda";"";"";"Widzew Lodz";"";"";"6";"3.6";"3.6";"3.6";"8.4";"60";"50";"40";"30";"22";"14.3";"11.4";"8.3";"9.9";"6.5";"4.5";"3.1";"3";"2.4";"9";"40";"60";"70";"30";"9";"6.8";"6.1"
"World";"WOR";"Club Friendlies 3";"04-07-2026 12:30";"NS";"WSG Tirol";"";"";"Górnik Zabrze";"";"";"3.9";"5.8";"4.3";"4.3";"9.1";"74";"64";"43";"22";"23.3";"10.3";"14.7";"10.4";"11.2";"7.7";"3.7";"4.4";"4.3";"3";"9";"20";"78";"30";"44";"9";"8.9";"5.9"
"World";"WOR";"Club Friendlies 3";"04-07-2026 12:30";"NS";"Újpest";"";"";"Hartberg";"";"";"4.5";"4.4";"5.3";"6.1";"10.2";"85";"65";"40";"40";"26.3";"11.8";"9.4";"15.4";"16";"8.6";"4.5";"3.1";"4.7";"4.9";"9";"10";"30";"30";"30";"10";"6.3";"4.5"
"World";"WOR";"Club Friendlies 3";"04-07-2026 12:30";"NS";"Sandhausen";"";"";"Karlsruher SC II";"";"";"";"";"";"";"";"";"";"";"";"";"";"";"";"";"";"";"";"";"";"9";"";"";"";"";"";"";""
"World";"WOR";"Club Friendlies 3";"04-07-2026 12:30";"NS";"Gorica";"";"";"Zorya Luhansk";"";"";"3.8";"4.2";"4.9";"6.4";"9.6";"70";"55";"50";"40";"19.7";"7.8";"8.1";"13.8";"9.7";"8.5";"3.5";"4.4";"5.1";"4";"9";"60";"20";"20";"20";"10";"5.9";"5.8"
"World";"WOR";"Club Friendlies 3";"04-07-2026 13:00";"NS";"Klagenfurter AC 1909";"";"";"Austria Klagenfurt";"";"";"5.6";"3.9";"5.3";"4.8";"9.8";"85";"60";"36";"32";"22.3";"10.4";"9";"14.9";"10.3";"9.4";"4.3";"3.8";"6.9";"3.8";"9";"86";"30";"43";"40";"9";"9.5";"7.2"
"World";"WOR";"Club Friendlies 3";"04-07-2026 13:00";"NS";"Olimpija";"";"";"CFR Cluj";"";"";"4.1";"4.5";"2.7";"3.9";"7.6";"45";"40";"20";"15";"22.2";"10.4";"13.5";"9.3";"11.2";"7.8";"3.9";"3.5";"4.3";"3.8";"9";"70";"50";"60";"50";"8";"8.7";"9"
"World";"WOR";"Club Friendlies 3";"04-07-2026 13:00";"NS";"St. Pauli";"";"";"Kickers Emden";"";"";"4.8";"";"4.9";"";"";"";"";"";"";"";"10.8";"";"14.3";"";"";"3.6";"";"6";"";"9";"80";"";"30";"";"";"";""
"World";"WOR";"Club Friendlies 3";"04-07-2026 13:00";"NS";"Mura";"";"";"Noah";"";"";"5.1";"4";"3.3";"3.6";"8";"62";"39";"28";"11";"21.1";"14.1";"10.1";"8.7";"9.3";"8";"4.9";"4.1";"3.5";"3.6";"9";"60";"100";"60";"25";"8";"14.1";"3.7"
"World";"WOR";"Club Friendlies 3";"04-07-2026 13:00";"NS";"CSKA 1948 Sofia";"";"";"Varaždin";"";"";"5.6";"3.2";"3.7";"5.8";"9.2";"70";"45";"35";"30";"19.8";"9.3";"9.8";"9.5";"11.1";"7.6";"3.5";"4.4";"3.2";"4.2";"9";"44";"40";"70";"10";"9";"7.8";"5.2"
"World";"WOR";"Club Friendlies 3";"04-07-2026 13:00";"NS";"Juárez";"";"";"Mineros de Zacatecas";"";"";"5.6";"4";"5.3";"5";"10";"67";"62";"62";"44";"25.4";"14.2";"10.8";"16.2";"9.7";"8.5";"4.1";"4.2";"5.1";"3.6";"9";"78";"44";"44";"33";"10";"7.4";"6"
"World";"WOR";"Club Friendlies 3";"04-07-2026 13:00";"NS";"Dundee";"";"";"Maccabi Haifa";"";"";"4.4";"3.1";"4.2";"3.2";"7.5";"54";"38";"27";"16";"25.7";"9.1";"13.2";"14";"15.1";"9.1";"3.4";"4.6";"5.2";"5";"9";"56";"50";"44";"40";"8";"4.9";"6.1"
"World";"WOR";"Club Friendlies 3";"04-07-2026 13:00";"NS";"Radnik Surdulica";"";"";"Budućnost";"";"";"3.8";"5.8";"5";"3.9";"9.2";"65";"55";"50";"35";"20.2";"8.9";"8.5";"12.6";"10.3";"7.5";"3.1";"2.9";"4.6";"4.4";"9";"50";"70";"40";"60";"9";"8.1";"14.2"
"World";"WOR";"Club Friendlies 3";"04-07-2026 13:30";"NS";"Slaven Koprivnica";"";"";"Zalaegerszegi TE";"";"";"4.3";"3.7";"5";"5.2";"9.1";"65";"55";"45";"30";"24";"12.4";"11.5";"12.9";"11.1";"8.6";"3.7";"4.5";"5";"3.9";"9";"60";"60";"40";"40";"9";"10.4";"7.8"
"World";"WOR";"Club Friendlies 3";"04-07-2026 14:00";"NS";"Amstetten";"";"";"SV Horn";"";"";"3.9";"5.7";"4.6";"4.4";"9.3";"58";"58";"48";"37";"19.6";"9.3";"11.4";"9.7";"8.7";"7.6";"3.6";"3.6";"4.3";"3.8";"9";"40";"33";"60";"33";"9";"7.7";"8.1"
"World";"WOR";"Club Friendlies 3";"04-07-2026 16:00";"NS";"Cruzeiro";"";"";"Defensor Sporting";"";"";"6";"4.6";"4.8";"4.5";"10";"70";"55";"50";"50";"22.2";"15.1";"9.6";"11";"8.6";"8";"4.6";"3.8";"3.6";"4.1";"9";"70";"50";"70";"50";"9";"8.1";"12"
"World";"WOR";"Club Friendlies 3";"04-07-2026 21:00";"NS";"Mačva Šabac";"";"";"Mladost Lučani";"";"";"3.4";"3.7";"3";"6.1";"8.1";"60";"45";"35";"30";"20.9";"9.5";"10";"6.8";"15.5";"8.2";"4.7";"3.8";"2.3";"5.7";"9";"12";"40";"50";"20";"9";"7.9";"5.3"
"World";"WOR";"Club Friendlies 3";"04-07-2026 21:00";"NS";"Wieczysta Kraków";"";"";"Slavia Praha";"";"";"6.2";"7.8";"4.8";"3.7";"11.2";"90";"84";"74";"52";"23.4";"13.2";"15.8";"9.2";"8.6";"9";"5.4";"5.6";"3.4";"3.5";"9";"89";"100";"56";"80";"10";"5.5";"6"
"World";"WOR";"Club Friendlies 3";"04-07-2026 21:00";"NS";"Koper";"";"";"LNZ Cherkasy";"";"";"5.2";"4.6";"4.3";"2.3";"8.2";"48";"32";"32";"22";"17.2";"10.2";"10.1";"8.9";"5.2";"7";"4.9";"3.6";"3.4";"2.1";"9";"67";"60";"56";"70";"8";"4.9";"8.4"
"World";"WOR";"Club Friendlies 3";"04-07-2026 21:00";"NS";"Cancún";"";"";"Pumas UNAM";"";"";"3.1";"3.4";"5.9";"7.2";"9.8";"74";"52";"36";"31";"26";"10";"11.8";"12.4";"17.8";"8.9";"5.4";"4.1";"3.9";"4.4";"9";"22";"60";"11";"20";"10";"6.7";"4.6"
"World";"WOR";"Club Friendlies 3";"04-07-2026 21:30";"NS";"Morelia";"";"";"Cruz Azul";"";"";"6";"6.4";"5";"3.6";"10.5";"80";"65";"55";"50";"25";"11.6";"17.5";"10.4";"10.6";"8.3";"4";"6";"3.7";"2.9";"9";"50";"80";"70";"60";"9";"11.6";"7.2"
"World";"WOR";"Club Friendlies 3";"04-07-2026 23:00";"NS";"Jaiba Brava";"";"";"América";"";"";"5.3";"6";"5.6";"3.6";"10.2";"75";"70";"55";"40";"22.4";"8";"14.7";"10.8";"11.3";"8.4";"3.2";"5.1";"4.5";"3.9";"9";"70";"40";"40";"70";"9";"6.2";"8.2"
"World";"WOR";"Club Friendlies 4";"04-07-2026 04:45";"FT";"Zrinjski";"2";"1";"Sarajevo";"2";"1";"5.8";"4.2";"3.1";"4.2";"8.6";"55";"50";"35";"25";"16.4";"7.7";"10.4";"6.4";"8.2";"7.2";"4";"4.6";"3";"2.7";"9.1";"60";"60";"80";"50";"9";"5.1";"5"
"World";"WOR";"Club Friendlies 4";"04-07-2026 05:00";"CANCELLED";"Kežmarok";"";"";"Spišská Nová Ves";"";"";"5";"3";"5";"6.8";"9.9";"78";"55";"45";"45";"16";"10";"5.5";"8.4";"8";"7";"4.2";"2.8";"4";"3";"9.1";"20";"50";"40";"25";"9";"7.1";"2.4"
"World";"WOR";"Club Friendlies 4";"04-07-2026 05:00";"FT";"FK Humenné";"3";"1";"MSK Tesla Stropkov";"0";"1";"6.2";"7";"4.8";"2.2";"10.1";"80";"70";"58";"45";"18.6";"12";"9.8";"5.5";"10";"8.8";"7";"4";"1.5";"5.2";"9.1";"75";"80";"50";"80";"9";"2.9";"7.5"
"World";"WOR";"Club Friendlies 4";"04-07-2026 06:00";"FT";"Lokomotíva Košice";"0";"3";"Lipany";"0";"1";"6.3";"7.7";"3.7";"1.7";"9.6";"76";"76";"62";"38";"12.2";"8.1";"8";"5.3";"3";"4";"2.9";"3";"1.9";"0.3";"9.1";"14";"67";"86";"100";"9";"6.2";"4.4"
"World";"WOR";"Club Friendlies 4";"04-07-2026 06:00";"TBA";"Bulle";"";"";"Chênois";"";"";"6.7";"3.1";"5";"6.9";"10.8";"84";"60";"46";"40";"27.2";"18.5";"11.4";"13.2";"11.1";"9.2";"6.5";"5";"4";"3";"9.1";"50";"29";"83";"0";"10";"7.7";"5"
"World";"WOR";"Club Friendlies 4";"04-07-2026 06:00";"INPLAY_2ND_HALF";"ASU Poli Timişoara";"1";"0";"Dumbrăviţa";"0";"0";"";"3.9";"";"6";"";"";"";"";"";"";"";"6.9";"";"12.2";"";"";"2.7";"";"3.9";"9.1";"";"60";"";"30";"";"";""
"World";"WOR";"Club Friendlies 4";"04-07-2026 06:00";"INPLAY_2ND_HALF";"Považská Bystrica";"3";"0";"Čadca";"1";"0";"4.5";"";"4.4";"";"";"";"";"";"";"";"9.8";"";"8.1";"";"";"3.4";"";"4";"";"9.1";"40";"";"40";"";"";"";""
"World";"WOR";"Club Friendlies 4";"04-07-2026 06:00";"INPLAY_2ND_HALF";"Polkowice";"1";"3";"Karkonosze Jelenia Góra";"0";"2";"5.2";"4.1";"5.1";"4.4";"9.5";"72";"59";"59";"34";"22.6";"10.5";"9.6";"14.4";"10.7";"9";"5.4";"3.7";"4.9";"4.1";"9.1";"25";"57";"50";"29";"10";"4.4";"5.1"
"World";"WOR";"Club Friendlies 4";"04-07-2026 09:00";"NS";"F91 Dudelange";"";"";"Rumelange";"";"";"4.7";"";"3.2";"";"";"";"";"";"";"";"13.3";"";"10.3";"";"";"5.2";"";"3.7";"";"9.1";"67";"";"83";"";"";"";""
"World";"WOR";"Club Friendlies 4";"04-07-2026 09:00";"NS";"Canvey Island";"";"";"Ebbsfleet United";"";"";"2.7";"6.3";"5.3";"3.9";"9.1";"52";"46";"42";"36";"21";"7.7";"10.8";"12.3";"11.1";"8";"2";"4.5";"4.7";"4.7";"9.1";"33";"100";"33";"70";"9";"6.4";"5.4"
"World";"WOR";"Club Friendlies 4";"04-07-2026 09:00";"NS";"Quorn";"";"";"Barwell";"";"";"3.8";"4";"4.7";"4.7";"8.6";"50";"42";"42";"33";"24.7";"10.8";"12.8";"13.3";"12.3";"11.6";"5.7";"4.5";"6.3";"6.8";"9.1";"33";"33";"33";"33";"8";"7.7";"12.8"
"World";"WOR";"Club Friendlies 4";"04-07-2026 09:30";"NS";"Bognor Regis Town";"";"";"Dorking Wanderers";"";"";"3.5";"6.6";"3.5";"4.3";"9";"70";"48";"35";"25";"23.1";"13.5";"14.2";"8";"10.5";"9.8";"5.2";"6.4";"2.8";"5.3";"9.1";"50";"60";"50";"70";"9";"7.9";"11.8"
"World";"WOR";"Club Friendlies 4";"04-07-2026 10:00";"NS";"Baden";"";"";"Muttenz";"";"";"3.2";"";"7";"";"";"";"";"";"";"";"13.5";"";"14.2";"";"";"5";"";"6";"";"9.1";"50";"";"25";"";"";"";""
"World";"WOR";"Club Friendlies 4";"04-07-2026 11:00";"NS";"Ashford Town (Middlesex)";"";"";"Farnham Town";"";"";"";"4.7";"";"5";"";"";"";"";"";"";"";"9";"";"12";"";"";"3.7";"";"3.7";"9.1";"";"0";"";"33";"";"";""
"World";"WOR";"Club Friendlies 4";"04-07-2026 11:00";"NS";"Hebburn Town";"";"";"Warrington Rylands";"";"";"3.8";"2.9";"4.3";"5.7";"8.4";"60";"52";"45";"38";"18.9";"8.5";"9.3";"6";"14";"7.4";"3.2";"5";"2";"4.7";"9.1";"50";"29";"33";"14";"9";"4.2";"6.2"
"World";"WOR";"Club Friendlies 4";"04-07-2026 11:00";"NS";"Bamber Bridge";"";"";"Chorley";"";"";"7.8";"3.7";"3.6";"4";"9.6";"69";"62";"52";"35";"18.2";"11";"9.7";"8.4";"7.4";"7.6";"3.8";"4.8";"3.8";"2.9";"9.1";"50";"50";"75";"50";"9";"18.3";"10.8"
"World";"WOR";"Club Friendlies 4";"04-07-2026 11:00";"NS";"Worksop Town";"";"";"Hallam";"";"";"6.1";"6.8";"4.9";"5";"11.4";"81";"68";"68";"50";"21";"11.9";"13.2";"8";"8.8";"11.7";"6.6";"8.5";"4.6";"3.8";"9.1";"62";"25";"62";"75";"10";"5";"18.9"
"World";"WOR";"Club Friendlies 4";"04-07-2026 11:00";"NS";"Harlow Town";"";"";"Bishop's Stortford";"";"";"";"2";"";"11";"";"";"";"";"";"";"";"11";"";"24.5";"";"";"4";"";"11";"9.1";"";"0";"";"0";"";"";""
"World";"WOR";"Club Friendlies 4";"04-07-2026 11:00";"NS";"Macclesfield";"";"";"Hyde United";"";"";"5.2";"3.6";"4.6";"6.1";"9.8";"72";"56";"56";"50";"19.2";"8.7";"10.1";"7.4";"12.1";"8.9";"3.7";"4.8";"3.9";"5.5";"9.1";"60";"25";"50";"25";"9";"6.2";"8.4"
"World";"WOR";"Club Friendlies 4";"04-07-2026 12:00";"NS";"Yantra 1919";"";"";"Ludogorets II";"";"";"4.7";"4.9";"5.3";"5.2";"10";"68";"58";"53";"42";"18.8";"8.3";"10.1";"10.6";"8.4";"7.9";"4.4";"4.3";"3.7";"3.3";"9.1";"80";"56";"50";"56";"10";"5.9";"6.7"
"World";"WOR";"Club Friendlies Women";"04-07-2026 09:00";"NS";"Bayer Leverkusen W";"";"";"Mainz 05 W";"";"";"8.5";"";"4.2";"";"";"";"";"";"";"";"18.3";"";"10.7";"";"";"6.9";"";"3.9";"";"8";"90";"";"80";"";"";"";""
"Australia";"AUS";"Tasmania Northern Championship";"04-07-2026 01:30";"FT";"Burnie United";"1";"0";"Riverside II";"0";"0";"";"";"";"";"";"";"";"";"";"";"";"";"";"";"";"";"";"";"";"";"";"";"";"";"";"";""
"Australia";"AUS";"Tasmania Northern Championship";"04-07-2026 03:45";"AWAITING_UPDATES";"Devonport City II";"";"";"Launceston United II";"";"";"";"";"";"";"";"";"";"";"";"";"";"";"";"";"";"";"";"";"";"";"";"";"";"";"";"";""
"Australia";"AUS";"Tasmania Northern Championship";"04-07-2026 03:45";"AWAITING_UPDATES";"Ulverstone II";"";"";"Northern Rangers";"";"";"";"";"";"";"";"";"";"";"";"";"";"";"";"";"";"";"";"";"";"";"";"";"";"";"";"";""
"South Africa";"RSA";"Super League Women";"04-07-2026 05:00";"TBA";"University of Fort Hare W";"";"";"Ezemvelo W";"";"";"5";"3.1";"1";"2.8";"6";"19";"19";"12";"6";"17.2";"10.7";"8.3";"6.3";"9";"8.4";"5.7";"4.2";"3";"3.8";"7.7";"100";"75";"100";"62";"7";"5.6";"8.3"
"South Africa";"RSA";"Super League Women";"04-07-2026 07:00";"INPLAY_1ST_HALF";"TUT Matsatsantsa W";"1";"0";"Ramatlaohle Ladies W";"1";"0";"3";"0";"3.2";"4";"5.1";"10";"10";"0";"0";"23.5";"11.6";"9";"14.4";"12";"12.3";"6.4";"5";"6.2";"7";"7.7";"60";"0";"40";"0";"7";"9.7";"6.9"
"South Africa";"RSA";"Super League Women";"04-07-2026 10:00";"NS";"UWC Ladies";"";"";"Mamelodi Sundowns W";"";"";"5.5";"7.5";"2";"0.2";"7.6";"75";"25";"0";"0";"18.6";"8.3";"21";"5";"3";"10.5";"5.3";"9";"4.3";"2.3";"7.7";"100";"100";"100";"100";"8";"6.9";"5"