"Country ";"Short";"League ";"Hour";"Status";"Home Team";"Result Home";"Result Visitor";"Visitor Team";"Odds";"Odds";"Casa | Fora";"Casa | Fora";"Global";"Casa | Fora";"Casa | Fora";"Casa | Fora";"Casa | Fora";"Global";"Casa | Fora";"Global";"Casa | Fora";"Casa | Fora";"Casa | Fora";"Casa | Fora";"Casa | Fora";"Casa | Fora";"Casa | Fora";"Casa | Fora";"Global";"Casa | Fora";"Casa | Fora";"Global";"Casa | Fora";"Casa | Fora";"Casa | Fora";"Casa | Fora";"Casa | Fora";"Global";"Casa | Fora";"Casa | Fora";"Casa | Fora";"Casa | Fora";"Global";"Global"
"World";"WOR";"World Cup";"05-07-2026 17:00";"NS";"Brazil";"";"";"Winner Match 78";"";"";"";"";"";"";"";"";"";"";"";"";"";"";"";"";"";"";"";" | ";"";"";"";"";"";"";"";"";"";"";"";"";"";"";"";""
"World";"WOR";"World Cup";"05-07-2026 21:00";"NS";"Winner Match 79";"";"";"Winner Match 80";"";"";"";"";"";"";"";"";"";"";"";"";"";"";"";"";"";"";"";" | ";"";"";"";"";"";"";"";"";"";"";"";"";"";"";"";""
"Brazil";"BRA";"Serie B";"05-07-2026 19:00";"NS";"Náutico";"";"";"Juventude";"2.17";"3.42";"60 | 84";"61 | 54";"5";"62 | 54";"1.4 | 2";"62 | 48";"7.7 | 8";"8";"25 | 25";"50";"40 | 60";"20 | 20";"40 | 20";"47 | 67";"60 | 80";"80 | 80";"60 | 40";"1x0 | 0x3";"28.6";"1.8 | 1.6";"1.3 | 0.6";"2.7";"59 | 50";"12 | 5";"10 | 10";"18.4 | 15.6";"10.8 | 12.5";"9.8";"4.6 | 4.1";"5.6 | 5.3";"2.4 | 1.9";"3.1 | 2.5";"5";"5.4"
"China";"CHN";"League One";"05-07-2026 08:30";"NS";"Meizhou Hakka";"";"";"Changchun Yatai";"";"";"38 | 38";"37 | 54";"";"47 | 52";"1.1 | 1.4";"47 | 45";"7.5 | 5.2";"10";"50 | 50";"0";"30 | 40";"20 | 20";"50 | 40";"37 | 47";"50 | 60";"80 | 80";"70 | 60";"0x3 | 2x1";"22.8";"1.1 | 1.6";"1.9 | 1.9";"3.2";"47 | 49";"11 | 9";"10 | 10";"10 | 10.3";"13.8 | 11.5";"8.5";"5 | 4.2";"3.6 | 4.2";"1.7 | 2.1";"1.3 | 1.4";"3.2";"3.8"
"China";"CHN";"League One";"05-07-2026 08:30";"NS";"Guangxi Hengchen";"";"";"Dalian Kuncheng City";"";"";"63 | 46";"51 | 44";"";"60 | 50";"1.6 | 0.9";"57 | 49";"6.3 | 7.4";"2";"0 | 100";"0";"40 | 20";"40 | 30";"20 | 50";"53 | 30";"80 | 50";"60 | 70";"60 | 80";"1x1 | 2x1";"22.4";"1.5 | 1.3";"1.2 | 1.7";"2.8";"60 | 45";"4 | 13";"10 | 10";"13.7 | 11.7";"7.4 | 12";"7.8";"2.9 | 4";"4.5 | 4.2";"0.9 | 1.9";"1.3 | 1.6";"2.8";"3.8"
"China";"CHN";"League One";"05-07-2026 08:30";"NS";"Nanjing City";"";"";"Foshan Nashi FC";"";"";"66 | 42";"31 | 41";"";"50 | 44";"1.1 | 1";"43 | 40";"10.8 | 6.8";"6";"33 | 0";"67";"30 | 20";"20 | 40";"50 | 40";"37 | 33";"50 | 60";"80 | 60";"70 | 80";"0x1 | 1x1";"23";"0.9 | 1.2";"1.1 | 1.8";"2.5";"50 | 41";"10 | 14";"10 | 10";"12.4 | 9.8";"11.5 | 12.3";"7.8";"4.5 | 4.4";"3.3 | 3.5";"2.1 | 2.2";"2.2 | 1.7";"4.1";"3.8"
"Finland";"FIN";"Ykkönen";"05-07-2026 09:00";"NS";"TPV";"";"";"JJK";"";"";"28 | 42";"31 | 85";"";"47 | 60";"0.3 | 1.2";"54 | 65";"11.9 | 6.4";"6";"0 | 67";"33";"0 | 30";"30 | 30";"70 | 40";"10 | 40";"30 | 60";"70 | 70";"100 | 70";"0x3 | 2x1";"24.6";"0.9 | 2.5";"2.2 | 1.8";"3.7";"42 | 53";"11 | 2";"10 | 10";"10.7 | 16";"12.8 | 9.6";"11.1";"6.1 | 4";"4.6 | 7.5";"2.3 | 2.6";"1.4 | 2";"4.2";"3.9"
"Finland";"FIN";"Ykkönen";"05-07-2026 10:00";"NS";"RoPS";"";"";"PKKU";"";"";"60 | 60";"41 | 54";"";"53 | 51";"1.5 | 1.4";"48 | 55";"7.4 | 8.1";"6";"33 | 50";"17";"40 | 40";"30 | 20";"30 | 40";"50 | 47";"70 | 60";"70 | 80";"60 | 60";"1x0 | 1x3";"19.7";"1.2 | 1.6";"1.3 | 1.3";"2.7";"48 | 50";"3 | 6";"10 | 10";"8.9 | 12.9";"7 | 10.6";"9.4";"3.6 | 5.1";"3.9 | 6.2";"1 | 2.3";"2.4 | 2.9";"4.3";"3.9"
"South Korea";"KOR";"K League 1";"05-07-2026 07:30";"NS";"Gwangju";"";"";"Ulsan HD";"6.90";"1.44";"4 | 49";"10 | 51";"2";"40 | 49";"0.1 | 1.6";"40 | 53";"16 | 6.1";"10";"30 | 50";"20";"0 | 50";"10 | 10";"90 | 40";"3 | 53";"10 | 60";"90 | 90";"100 | 50";"0x1 | 1x2";"15.5";"0.3 | 1.5";"2.9 | 1.6";"3.2";"42 | 47";"12 | 3";"10 | 10";"4.8 | 9.2";"9.9 | 7.1";"6.6";"4.8 | 3.3";"1.6 | 3.4";"3 | 1.2";"1.5 | 1.6";"3.6";"4.2"
"South Korea";"KOR";"K League 1";"05-07-2026 07:30";"NS";"Gimcheon Sangmu";"";"";"Jeju United";"2.39";"2.85";"46 | 74";"37 | 34";"5";"56 | 48";"0.9 | 1.6";"52 | 49";"6.8 | 9.7";"10";"50 | 30";"20";"20 | 50";"30 | 10";"50 | 40";"30 | 53";"50 | 60";"70 | 90";"80 | 50";"0x3 | 0x1";"15.4";"1.1 | 1";"1.7 | 0.9";"2.3";"54 | 49";"11 | 8";"10 | 10";"7.5 | 9.7";"7.3 | 6.3";"6.4";"2.9 | 2.4";"3.3 | 4.2";"2.4 | 1.8";"1.7 | 1.6";"3.8";"4.2"
"South Korea";"KOR";"K League 1";"05-07-2026 07:30";"NS";"Seoul";"";"";"Incheon United";"1.84";"4.11";"74 | 77";"54 | 51";"1";"53 | 49";"1.9 | 1.7";"56 | 48";"5.8 | 3.7";"10";"40 | 20";"40";"60 | 50";"10 | 20";"30 | 30";"63 | 57";"70 | 70";"90 | 80";"40 | 50";"1x0 | 1x0";"14.2";"1.6 | 1.5";"0.9 | 0.8";"2.4";"56 | 49";"1 | 6";"10 | 10";"9.3 | 5.6";"8.2 | 5.3";"5.8";"3.3 | 2.2";"3.6 | 2.5";"1.6 | 1.9";"3 | 1.6";"4";"4.2"
"Sweden";"SWE";"Allsvenskan";"05-07-2026 09:00";"NS";"Kalmar";"";"";"Örgryte";"1.50";"5.61";"52 | 21";"37 | 34";"1";"53 | 41";"1 | 0.7";"49 | 37";"9.4 | 7.5";"10";"60 | 20";"20";"30 | 10";"10 | 40";"60 | 50";"33 | 23";"40 | 50";"90 | 60";"70 | 90";"0x1 | 1x1";"27.8";"1.1 | 1";"1.5 | 2.4";"3";"50 | 45";"13 | 16";"10 | 10";"15 | 10.6";"12.3 | 17.6";"10.4";"5.1 | 6.3";"5.2 | 4.1";"1.3 | 1.7";"2.4 | 1.5";"3.4";"3.7"
"Sweden";"SWE";"Allsvenskan";"05-07-2026 09:00";"NS";"IFK Göteborg";"";"";"AIK";"2.25";"2.91";"32 | 46";"41 | 44";"5";"48 | 58";"0.8 | 1.2";"45 | 61";"8.4 | 7.4";"10";"30 | 50";"20";"10 | 30";"50 | 30";"40 | 40";"27 | 40";"60 | 60";"50 | 70";"90 | 70";"1x1 | 1x1";"26";"1.2 | 1.3";"2.1 | 1.7";"3.2";"48 | 54";"14 | 10";"10 | 10";"13.2 | 13.1";"12.9 | 12.9";"9.8";"5.4 | 4.3";"4.4 | 5.4";"2.4 | 3";"1.6 | 1.6";"4.3";"3.7"
"Sweden";"SWE";"Allsvenskan";"05-07-2026 11:30";"NS";"Elfsborg";"";"";"Hammarby";"3.65";"1.90";"66 | 60";"48 | 61";"2";"49 | 62";"1.5 | 1.4";"40 | 58";"4.9 | 8.1";"10";"20 | 60";"20";"30 | 40";"60 | 20";"10 | 40";"50 | 47";"90 | 60";"40 | 80";"70 | 60";"1x1 | 1x1";"25.4";"1.4 | 1.8";"1.1 | 1.3";"2.8";"47 | 57";"3 | 4";"10 | 10";"9.8 | 18.5";"12.4 | 10.1";"8.4";"3.5 | 3.8";"3.5 | 5.9";"1.9 | 1.1";"1.8 | 2.2";"3.5";"3.7"
"Uruguay";"URU";"Primera Division";"05-07-2026 14:00";"NS";"Danubio";"";"";"Juventud";"";"";"49 | 56";"27 | 61";"";"49 | 52";"0.7 | 1.6";"45 | 48";"10.9 | 5.2";"10";"40 | 30";"30";"10 | 40";"40 | 40";"50 | 20";"23 | 53";"50 | 80";"60 | 60";"90 | 60";"1x1 | 1x1";"19";"0.8 | 1.8";"1.6 | 1.4";"2.8";"50 | 52";"8 | 6";"10 | 10";"8.7 | 10.8";"10.5 | 8";"8.6";"3.8 | 3.7";"4 | 5.6";"2.5 | 2.4";"3 | 3.1";"5.5";"6.2"
"Uruguay";"URU";"Segunda Division";"05-07-2026 14:00";"NS";"Fénix";"";"";"Huracán";"";"";"63 | 70";"58 | 37";"";"54 | 48";"1.6 | 1.6";"60 | 45";"5.4 | 5.7";"";"";"";"40 | 40";"40 | 40";"20 | 20";"53 | 53";"80 | 80";"60 | 60";"60 | 60";"1x1 | 0x1";"15.3";"1.7 | 1.1";"1.2 | 1";"2.5";"54 | 51";"9 | 5";"10 | 10";"9.2 | 6.3";"7.1 | 8";"6.8";"3.8 | 3.2";"4 | 2.6";"4 | 3.9";"2.9 | 2.7";"6.8";"6.8"
"Uruguay";"URU";"Segunda Division";"05-07-2026 17:00";"NS";"Tacuarembó";"";"";"Cerrito";"";"";"70 | 56";"31 | 51";"";"46 | 52";"1.4 | 1.6";"49 | 49";"10.9 | 5.6";"10";"20 | 50";"30";"40 | 40";"20 | 40";"40 | 20";"47 | 53";"60 | 80";"80 | 60";"60 | 60";"0x2 | 0x1";"17.3";"0.9 | 1.5";"1 | 1.4";"2.4";"43 | 51";"3 | 2";"10 | 10";"9.8 | 8.4";"9.6 | 6.9";"7.2";"4.3 | 2.4";"3.2 | 4.3";"3.6 | 3.3";"2.9 | 4";"6.8";"6.8"
"Uruguay";"URU";"Segunda Division";"05-07-2026 20:00";"NS";"Colón";"";"";"Uruguay Montevideo";"";"";"66 | 56";"37 | 41";"";"50 | 47";"1.3 | 1.1";"50 | 49";"6.1 | 6.3";"4";"75 | 0";"25";"30 | 30";"40 | 20";"30 | 50";"43 | 37";"70 | 50";"60 | 80";"70 | 70";"1x1 | 0x2";"15.9";"1.1 | 1.2";"1.1 | 1.4";"2.4";"51 | 48";"12 | 13";"10 | 10";"6.7 | 7.6";"7.4 | 10.1";"6.9";"3.6 | 4.3";"2.7 | 3.2";"3.2 | 3.4";"2.7 | 4";"6.6";"6.8"
"Canada";"CAN";"Premier League";"05-07-2026 14:00";"NS";"Supra du Québec";"";"";"Forge";"4.52";"1.64";"52 | 100";"54 | 58";"2";"53 | 58";"1.4 | 2.5";"49 | 57";"6.9 | 6.4";"";"";"";"40 | 80";"20 | 10";"40 | 10";"47 | 83";"60 | 90";"80 | 90";"60 | 20";"0x1 | 0x1";"23.8";"1.6 | 1.7";"1.5 | 0.4";"2.6";"48 | 50";"6 | 1";"10 | 10";"14.6 | 14.3";"10.2 | 8.4";"8.6";"3.9 | 2.6";"5.5 | 5.1";"2.4 | 1.2";"1.6 | 2";"3.6";"4.2"
"Canada";"CAN";"Premier League";"05-07-2026 19:00";"NS";"Pacific";"";"";"HFX Wanderers";"";"";"25 | 42";"34 | 37";"";"41 | 41";"0.3 | 0.8";"40 | 40";"6.6 | 5.3";"10";"30 | 30";"40";"0 | 20";"30 | 20";"70 | 60";"10 | 27";"30 | 40";"70 | 80";"100 | 80";"0x1 | 1x0";"24.3";"1 | 1.1";"2.3 | 1.8";"3.1";"46 | 46";"8 | 4";"10 | 10";"8.6 | 8.6";"16.4 | 15";"7.6";"5.1 | 4.7";"2.8 | 2.7";"1.9 | 2.5";"1.8 | 1.7";"4";"4.2"
"Chile";"CHI";"Chilean Cup";"05-07-2026 13:30";"NS";"Santiago Wanderers";"";"";"Universidad Chile";"";"";"42 | 66";"65 | 75";"";"49 | 61";"1.4 | 1.8";"61 | 66";"7.4 | 5.6";"10";"30 | 60";"10";"40 | 50";"20 | 30";"40 | 20";"47 | 60";"60 | 80";"80 | 70";"60 | 50";"2x2 | 0x2";"26.5";"1.9 | 2.2";"1.8 | 1.1";"3.5";"57 | 57";"";"10 | 10";"14 | 15.1";"13.6 | 10.3";"10";"5.8 | 3.6";"5.3 | 5.4";"3 | 2.8";"3.5 | 2.6";"6";"4.5"
"Chile";"CHI";"Chilean Cup";"05-07-2026 13:30";"NS";"La Serena";"";"";"Antofagasta";"";"";"10 | 77";"48 | 44";"";"51 | 49";"0.8 | 1.8";"53 | 59";"9.1 | 10.5";"10";"30 | 20";"50";"20 | 50";"20 | 30";"60 | 20";"27 | 60";"40 | 80";"80 | 70";"80 | 50";"2x4 | 1x1";"27.4";"1.4 | 1.3";"2.7 | 0.8";"3.1";"43 | 54";"";"10 | 10";"14.3 | 13.7";"13.7 | 13.2";"10.8";"5.5 | 5.3";"5.1 | 5.8";"2.4 | 2.6";"2.3 | 3";"5.2";"4.5"
"Chile";"CHI";"Chilean Cup";"05-07-2026 16:00";"NS";"Ñublense";"";"";"Curicó Unido";"";"";"52 | 60";"58 | 41";"";"54 | 47";"1.8 | 1.6";"59 | 50";"6.5 | 9.6";"10";"60 | 30";"10";"50 | 40";"30 | 40";"20 | 20";"60 | 53";"80 | 80";"70 | 60";"50 | 60";"1x0 | 0x1";"23.8";"1.7 | 1.2";"1.5 | 1.3";"2.8";"53 | 47";"";"10 | 10";"12.7 | 11.5";"11 | 12.3";"9.6";"4 | 5";"5 | 5.1";"2.2 | 2.8";"2.2 | 2.5";"4.8";"4.5"
"Chile";"CHI";"Chilean Cup";"05-07-2026 16:00";"NS";"Univ. Concepción";"";"";"Rangers";"";"";"32 | 56";"44 | 20";"";"50 | 53";"0.7 | 0.5";"51 | 64";"7.7 | 20.2";"10";"50 | 40";"10";"10 | 10";"40 | 20";"50 | 70";"23 | 17";"50 | 30";"60 | 80";"90 | 90";"1x2 | 1x0";"24.4";"1.3 | 0.6";"2.1 | 1.4";"2.7";"53 | 47";"";"10 | 10";"12.6 | 12.1";"13.4 | 10.8";"9.8";"5.7 | 5";"4.5 | 4.4";"3.1 | 2.8";"2.9 | 2.2";"5.5";"4.5"
"Chile";"CHI";"Chilean Cup";"05-07-2026 16:00";"NS";"Puerto Montt";"";"";"Huachipato";"";"";"70 | 52";"37 | 44";"";"49 | 45";"1.6 | 1.4";"59 | 48";"13.2 | 6.8";"10";"40 | 50";"10";"50 | 40";"10 | 20";"40 | 40";"53 | 47";"60 | 60";"90 | 80";"50 | 60";"2x0 | 2x0";"26.9";"1.1 | 1.3";"1 | 1.5";"2.4";"47 | 49";"";"10 | 10";"14.5 | 10.8";"13.4 | 15.1";"9.1";"4.4 | 4.7";"5.1 | 4";"2.7 | 2.5";"2.5 | 2.8";"5.2";"4.5"
"Chile";"CHI";"Chilean Cup";"05-07-2026 16:00";"NS";"Cobresal";"";"";"Cobreloa";"";"";"46 | 56";"17 | 65";"";"43 | 47";"0.7 | 1.7";"45 | 57";"16.4 | 6.7";"10";"30 | 60";"10";"20 | 50";"10 | 20";"70 | 30";"23 | 57";"30 | 70";"90 | 80";"80 | 50";"0x1 | 0x2";"28.1";"0.5 | 1.9";"1.7 | 1.4";"2.8";"46 | 47";"";"10 | 10";"11.2 | 12.8";"16 | 16.2";"9.2";"5.1 | 4.9";"3.1 | 5.3";"2.2 | 3";"1.7 | 3.2";"5";"4.5"
"Chile";"CHI";"Chilean Cup";"05-07-2026 17:00";"NS";"Deportes Santa Cruz";"";"";"Audax Italiano";"";"";"60 | 60";"31 | 41";"";"55 | 46";"1 | 1.5";"70 | 49";"19.7 | 7.9";"3";"67 | 0";"33";"20 | 40";"40 | 30";"40 | 30";"33 | 50";"60 | 70";"60 | 70";"80 | 60";"1x0 | 1x2";"29";"0.9 | 1.2";"1.3 | 1.3";"2.4";"54 | 51";"";"10 | 10";"17.7 | 12";"12.6 | 15.6";"10.1";"5.4 | 4.6";"6.5 | 3.7";"2.4 | 2.5";"2.8 | 2.6";"5.2";"4.5"
"Chile";"CHI";"Chilean Cup";"05-07-2026 18:30";"NS";"Unión Española";"";"";"O'Higgins";"";"";"60 | 49";"48 | 41";"";"49 | 46";"1.6 | 0.9";"51 | 49";"6.5 | 8.4";"10";"20 | 30";"50";"40 | 20";"40 | 30";"20 | 50";"53 | 30";"80 | 50";"60 | 70";"60 | 80";"1x1 | 3x2";"23.6";"1.4 | 1.2";"1.3 | 1.6";"2.8";"49 | 49";"";"10 | 10";"9.1 | 12.2";"12 | 13.8";"9.8";"5.9 | 4.8";"4.5 | 4.4";"2.1 | 3";"2.3 | 1.8";"4.6";"4.5"
"Chile";"CHI";"Chilean Cup";"05-07-2026 21:00";"NS";"Deportes Limache";"";"";"San Marcos";"";"";"25 | 70";"44 | 41";"";"49 | 52";"0.5 | 1.4";"57 | 56";"7.8 | 8.8";"5";"60 | 40";"0";"10 | 40";"20 | 20";"70 | 40";"17 | 47";"30 | 60";"80 | 80";"90 | 60";"2x3 | 1x0";"22.8";"1.3 | 1.2";"2.3 | 1";"2.9";"45 | 54";"";"10 | 10";"12.4 | 10.5";"13.6 | 9.2";"9.2";"5.6 | 4.3";"4.7 | 3.9";"1.7 | 2.1";"1.9 | 2.8";"4.2";"4.5"
"Chile";"CHI";"Segunda División";"05-07-2026 13:00";"NS";"Brujas de Salamanca";"";"";"Concón National";"";"";"100 | 80";"27 | 41";"";"52 | 47";"1.6 | 1.8";"40 | 44";"9.6 | 6.8";"5";"40 | 40";"20";"30 | 50";"70 | 30";"0 | 20";"53 | 60";"100 | 80";"30 | 70";"70 | 50";"0x0 | 0x1";"16.6";"0.8 | 1.2";"0.4 | 0.7";"1.5";"52 | 46";"3 | 2";"10 | 10";"7.7 | 8.2";"8.2 | 9";"5.9";"2.5 | 3.6";"1.9 | 3.9";"3.4 | 3.5";"4.3 | 3.5";"7.4";"6.6"
"Chile";"CHI";"Segunda División";"05-07-2026 16:00";"NS";"Real San Joaquín";"";"";"Trasandino";"";"";"70 | 56";"48 | 54";"";"52 | 47";"1.3 | 1.5";"42 | 39";"7.1 | 5.9";"9";"67 | 22";"11";"30 | 40";"40 | 30";"30 | 30";"43 | 50";"70 | 70";"60 | 70";"70 | 60";"0x0 | 1x1";"19.2";"1.4 | 1.6";"1 | 1.4";"2.7";"49 | 51";"5 | 4";"10 | 10";"9.9 | 9.5";"9.6 | 9.4";"8.6";"4.5 | 4.4";"3.9 | 4.4";"3.1 | 3.7";"3.4 | 3.1";"6.6";"6.6"
"Chile";"CHI";"Segunda División";"05-07-2026 17:00";"NS";"Colchagua";"";"";"Lota Schwager";"";"";"88 | 66";"51 | 24";"";"55 | 55";"2.2 | 0.9";"50 | 48";"8.9 | 14.9";"5";"40 | 20";"40";"60 | 20";"40 | 30";"0 | 50";"73 | 30";"100 | 50";"60 | 70";"40 | 80";"0x0 | 1x1";"21.6";"1.5 | 0.7";"0.5 | 1.1";"1.9";"57 | 50";"1 | 6";"10 | 10";"13.3 | 10.4";"8.8 | 10.8";"8.8";"3.8 | 4.3";"5.4 | 4.2";"2.9 | 3.4";"3.2 | 2.9";"6.2";"6.6"
"Europe";"EUR";"Euro U19";"05-07-2026 12:00";"NS";"Ukraine U19";"";"";"Italy U19";"";"";"70 | 100";"65 | 68";"";"49 | 63";"1.9 | 2.1";"52 | 56";"4.9 | 6.6";"2";"50 | 50";"0";"60 | 60";"10 | 30";"30 | 10";"63 | 70";"70 | 90";"90 | 70";"40 | 40";"3x0 | 0x2";"18.1";"1.9 | 2";"1 | 0.2";"2.6";"49 | 49";"1 | 2";"10 | 10";"9.3 | 13.2";"7.9 | 5.8";"7.8";"3.7 | 2.3";"4 | 5.7";"1 | 2.8";"1.9 | 2.6";"4.2";""
"Europe";"EUR";"Euro U19";"05-07-2026 12:00";"NS";"Serbia U19";"";"";"Croatia U19";"";"";"46 | 84";"78 | 85";"";"49 | 58";"1.9 | 2.5";"54 | 56";"4.1 | 4.2";"3";"67 | 33";"0";"60 | 80";"10 | 10";"30 | 10";"63 | 83";"70 | 90";"90 | 90";"40 | 20";"1x4 | 0x1";"17.8";"2.3 | 2.5";"1.7 | 0.6";"3.6";"51 | 53";"4 | 3";"10 | 10";"9.4 | 10.6";"10.8 | 4.8";"8.7";"5.1 | 1.9";"5.4 | 4.9";"2.3 | 1.7";"3.1 | 1.8";"4.4";""
"United States";"USA";"NWSL";"05-07-2026 13:00";"NS";"Boston Legacy W";"";"";"Bay FC W";"";"";"52 | 60";"37 | 24";"";"50 | 46";"0.9 | 1.1";"47 | 43";"9.1 | 12";"";"";"";"20 | 30";"30 | 20";"50 | 50";"30 | 37";"50 | 50";"70 | 80";"80 | 70";"1x1 | 0x1";"25.8";"1.1 | 0.7";"1.5 | 1.3";"2.3";"51 | 48";"14 | 13";"10 | 10";"13.5 | 11.3";"12.1 | 14.7";"9.2";"4.3 | 6.1";"4.1 | 3.8";"2 | 1.9";"1.5 | 1.1";"3.2";"2.8"
"United States";"USA";"NWSL";"05-07-2026 18:00";"NS";"Chicago Stars W";"";"";"Utah Royals W";"5.87";"1.45";"38 | 84";"10 | 54";"2";"38 | 54";"0.6 | 2.4";"40 | 52";"22 | 7";"6";"50 | 33";"17";"20 | 70";"0 | 30";"80 | 0";"20 | 80";"20 | 100";"100 | 70";"80 | 30";"0x2 | 1x2";"25.6";"0.3 | 1.6";"1.9 | 0.6";"2.2";"47 | 53";"15 | 2";"10 | 10";"8.8 | 14.8";"18.3 | 9.3";"9";"6.9 | 3.2";"2.9 | 5";"1.1 | 1.7";"0.9 | 1.5";"2.6";"2.8"
"United States";"USA";"NWSL";"05-07-2026 20:00";"NS";"Portland Thorns W";"";"";"Racing Louisville W";"1.54";"4.94";"52 | 42";"58 | 48";"1";"46 | 47";"1.5 | 0.7";"48 | 45";"5.8 | 5.1";"10";"50 | 30";"20";"40 | 20";"30 | 10";"30 | 70";"50 | 23";"70 | 30";"70 | 90";"60 | 80";"2x0 | 2x1";"27.6";"1.7 | 1.4";"1.5 | 1.8";"3.2";"46 | 42";"3 | 16";"10 | 10";"12.9 | 11";"15.1 | 16.1";"9.4";"5.3 | 5.2";"5 | 3.3";"0.9 | 1.5";"1.2 | 1";"2.3";"2.8"
"Argentina";"ARG";"Primera B Nacional";"05-07-2026 15:00";"NS";"Deportivo Madryn";"";"";"Club Atletico Colón";"2.46";"2.92";"66 | 74";"44 | 34";"5";"47 | 52";"1.6 | 1.2";"47 | 55";"6.3 | 9.1";"3";"0 | 33";"67";"40 | 20";"40 | 60";"20 | 20";"53 | 40";"80 | 80";"60 | 40";"60 | 80";"2x1 | 1x1";"18.6";"1.3 | 1";"1.1 | 0.9";"2.2";"50 | 53";"5 | 4";"10 | 10";"8.2 | 9.1";"10.5 | 9.4";"7.4";"3.8 | 3.5";"3.4 | 4.1";"1.8 | 2.6";"3.7 | 2.6";"5.4";"5.2"
"Argentina";"ARG";"Primera B Nacional";"05-07-2026 15:00";"NS";"Estudiantes de Buenos Aires";"";"";"Racing de Córdoba";"2.19";"3.79";"80 | 60";"31 | 37";"5";"50 | 55";"1.7 | 0.9";"47 | 53";"7.3 | 9.3";"5";"60 | 20";"20";"40 | 20";"50 | 30";"10 | 50";"57 | 30";"90 | 50";"50 | 70";"60 | 80";"1x1 | 2x1";"14.5";"0.9 | 1.1";"0.7 | 1.3";"2";"50 | 51";"8 | 13";"10 | 10";"6.6 | 10.2";"5.4 | 6.8";"6.1";"2 | 3.2";"2.7 | 4.2";"3.2 | 3.8";"3 | 3.7";"6.8";"5.2"
"Argentina";"ARG";"Primera B Nacional";"05-07-2026 15:30";"NS";"Patronato";"";"";"San Martín de Tucumán";"2.34";"3.34";"84 | 66";"27 | 20";"5";"50 | 54";"1.3 | 0.9";"58 | 48";"12 | 15";"10";"20 | 60";"20";"20 | 20";"70 | 30";"10 | 50";"43 | 30";"90 | 50";"30 | 70";"80 | 80";"1x1 | 2x0";"17.1";"0.8 | 0.6";"0.6 | 1.1";"1.5";"52 | 54";"15 | 8";"10 | 10";"9.6 | 9.4";"9.6 | 5.6";"6.8";"4 | 2.4";"4.3 | 2.8";"2.3 | 3.5";"3.3 | 3.1";"6.1";"5.2"
"Argentina";"ARG";"Primera B Nacional";"05-07-2026 15:30";"NS";"Club Ferro Carril Oeste";"";"";"San Telmo";"1.54";"6.47";"84 | 100";"48 | 14";"1";"56 | 46";"2.5 | 1.2";"57 | 58";"6.9 | 18.8";"4";"50 | 50";"0";"80 | 20";"10 | 60";"10 | 20";"83 | 40";"90 | 80";"90 | 40";"20 | 80";"1x0 | 0x0";"15.2";"1.4 | 0.4";"0.6 | 0.3";"1.4";"52 | 50";"2 | 11";"10 | 10";"9.6 | 7.5";"4.8 | 8.5";"5.6";"2.2 | 2.9";"3.8 | 2.3";"2.3 | 2.4";"3.2 | 2.3";"5.1";"5.2"
"Argentina";"ARG";"Primera B Nacional";"05-07-2026 16:00";"NS";"San Martín San Juan";"";"";"Club Atlético Chacarita Juniors";"1.65";"5.70";"74 | 74";"37 | 20";"1";"54 | 52";"1.7 | 1.1";"56 | 41";"8.6 | 10";"10";"30 | 20";"50";"50 | 30";"20 | 20";"30 | 50";"57 | 37";"70 | 50";"80 | 80";"50 | 70";"1x0 | 0x0";"15.3";"1.1 | 0.6";"0.9 | 0.9";"1.8";"53 | 51";"9 | 16";"10 | 10";"9.5 | 5.7";"8.8 | 6.6";"6.8";"4.4 | 3.1";"3.9 | 2.2";"2.9 | 2.6";"1.6 | 2.7";"4.9";"5.2"
"Argentina";"ARG";"Primera B Nacional";"05-07-2026 16:00";"NS";"Midland";"";"";"Gimnasia Jujuy";"2.14";"3.40";"74 | 66";"44 | 48";"5";"49 | 50";"1.6 | 1.6";"57 | 55";"6.7 | 7.3";"";"";"";"50 | 40";"10 | 40";"40 | 20";"53 | 53";"60 | 80";"90 | 60";"50 | 60";"0x1 | 1x1";"18.6";"1.3 | 1.4";"0.9 | 1.1";"2.4";"49 | 51";"6 | 1";"10 | 10";"8.9 | 10.4";"8 | 9.9";"7.6";"3.7 | 3.8";"3.8 | 3.8";"2.1 | 1.9";"3.4 | 3.3";"5.4";"5.2"
"Argentina";"ARG";"Primera B Nacional";"05-07-2026 16:00";"NS";"Chaco For Ever";"";"";"Acassuso";"1.89";"4.59";"70 | 63";"17 | 14";"1";"54 | 42";"0.7 | 0.8";"44 | 48";"15 | 12";"";"";"";"10 | 20";"40 | 20";"50 | 60";"23 | 27";"50 | 40";"60 | 80";"90 | 80";"0x0 | 0x0";"14.7";"0.5 | 0.4";"1 | 1.2";"1.6";"53 | 46";"18 | 16";"10 | 10";"7.5 | 4.9";"7.4 | 9.6";"5.3";"3.9 | 3.2";"1.8 | 1.7";"3.3 | 3.5";"1.7 | 2.2";"5.4";"5.2"
"Argentina";"ARG";"Primera B Nacional";"05-07-2026 16:00";"NS";"CA Mitre";"";"";"All Boys";"2.30";"3.56";"56 | 63";"37 | 24";"5";"51 | 53";"0.9 | 1";"58 | 56";"7.3 | 11.7";"3";"33 | 67";"0";"20 | 20";"30 | 40";"50 | 40";"30 | 33";"50 | 60";"70 | 60";"80 | 80";"1x1 | 1x1";"18.2";"1.1 | 0.7";"1.4 | 1.2";"2.2";"49 | 51";"17 | 14";"10 | 10";"8 | 8.2";"10.3 | 9.8";"7.6";"4.2 | 4.8";"3.3 | 2.9";"2.1 | 3";"1.6 | 2.8";"4.8";"5.2"
"Argentina";"ARG";"Primera B Nacional";"05-07-2026 16:30";"NS";"Deportivo Maipú";"";"";"Agropecuario Argentino";"2.05";"3.64";"80 | 60";"41 | 27";"5";"46 | 50";"1.5 | 1";"50 | 50";"7.8 | 11.4";"6";"17 | 50";"33";"40 | 20";"30 | 40";"30 | 40";"50 | 33";"70 | 60";"70 | 60";"60 | 80";"0x0 | 0x0";"18.2";"1.2 | 0.8";"0.7 | 1.3";"2";"47 | 49";"10 | 18";"10 | 10";"9.4 | 9.1";"10.1 | 7.8";"8";"3.9 | 3.8";"5.2 | 3.2";"1.9 | 2.7";"2.7 | 2.6";"4.9";"5.2"
"Argentina";"ARG";"Primera B Nacional";"05-07-2026 16:30";"NS";"Central Norte de Salta";"";"";"San Miguel";"2.27";"3.59";"66 | 66";"27 | 27";"5";"49 | 49";"0.9 | 1.2";"45 | 53";"11.9 | 8.4";"";"";"";"20 | 20";"30 | 60";"50 | 20";"30 | 40";"50 | 80";"70 | 40";"80 | 80";"0x1 | 1x1";"15.3";"0.8 | 0.8";"1.1 | 1.1";"1.9";"48 | 47";"15 | 10";"10 | 10";"9.5 | 6.7";"7.8 | 6.6";"6.3";"3.6 | 2.5";"4.2 | 2.3";"3 | 2.7";"2 | 2.4";"5";"5.2"
"Argentina";"ARG";"Primera C";"05-07-2026 13:00";"NS";"Sacachispas";"";"";"Juventud Unida G.";"1.85";"4.32";"84 | 66";"34 | 48";"1";"51 | 49";"1.6 | 1.4";"56 | 52";"8.5 | 5.6";"3";"33 | 67";"0";"40 | 40";"40 | 20";"20 | 40";"53 | 47";"80 | 60";"60 | 80";"60 | 60";"0x0 | 1x0";"17";"1 | 1.4";"0.6 | 1.1";"2";"53 | 47";"3 | 18";"10 | 10";"9 | 7.9";"9 | 8.1";"6.7";"2.8 | 3.2";"3.5 | 3.9";"3.7 | 2.9";"2.5 | 2.2";"5.6";"6.4"
"Argentina";"ARG";"Primera C";"05-07-2026 13:00";"NS";"Victoriano Arenas";"";"";"Deportivo Paraguayo";"";"";"74 | 66";"44 | 17";"";"54 | 46";"1.6 | 0.8";"65 | 48";"7.7 | 13.6";"10";"40 | 10";"50";"40 | 10";"40 | 50";"20 | 40";"53 | 27";"80 | 60";"60 | 50";"60 | 90";"1x0 | 0x0";"18";"1.3 | 0.5";"0.9 | 1.1";"1.9";"52 | 48";"8 | 25";"10 | 10";"9.7 | 6.8";"9.9 | 9.5";"7.4";"4 | 3.4";"4.7 | 2.6";"2.6 | 3.2";"2.6 | 1.9";"5.2";"6.4"
"Argentina";"ARG";"Primera C";"05-07-2026 15:00";"NS";"Cañuelas";"";"";"Central Córdoba";"";"";"84 | 77";"44 | 27";"";"53 | 50";"1.9 | 1.3";"54 | 57";"6.6 | 10.2";"9";"33 | 33";"33";"50 | 30";"40 | 40";"10 | 30";"63 | 43";"90 | 70";"60 | 60";"50 | 70";"0x0 | 0x0";"16.2";"1.3 | 0.8";"0.6 | 0.8";"1.8";"52 | 53";"6 | 21";"10 | 10";"8.6 | 8.2";"7.3 | 8.3";"7.4";"3.6 | 3.8";"4.1 | 3.3";"3.1 | 2.3";"3.2 | 3.6";"6.1";"6.4"
"Argentina";"ARG";"Primera C";"05-07-2026 15:00";"NS";"Atlas";"";"";"Claypole";"";"";"70 | 60";"31 | 27";"";"53 | 54";"1.2 | 1.2";"56 | 60";"11.4 | 9.9";"10";"10 | 50";"40";"30 | 30";"30 | 30";"40 | 40";"40 | 40";"60 | 60";"70 | 70";"70 | 70";"0x1 | 0x0";"18.2";"0.9 | 0.8";"1 | 1.3";"2";"47 | 51";"23 | 20";"10 | 10";"10.3 | 8.4";"9.2 | 8.4";"7";"3.4 | 3.1";"4.3 | 3.1";"3.5 | 3";"3.7 | 3.7";"7";"6.4"
"Argentina";"ARG";"Primera C";"05-07-2026 15:00";"NS";"General Lamadrid";"";"";"El Porvenir";"";"";"66 | 88";"34 | 24";"";"47 | 53";"1.4 | 1.6";"55 | 53";"9.6 | 13.6";"10";"80 | 0";"20";"40 | 40";"20 | 40";"40 | 20";"47 | 53";"60 | 80";"80 | 60";"60 | 60";"1x0 | 0x0";"18.2";"1 | 0.7";"1.1 | 0.5";"1.6";"51 | 54";"7 | 14";"10 | 10";"9.6 | 9.5";"10.3 | 6.9";"7.4";"4.8 | 2.5";"4.1 | 3.3";"3.4 | 2.9";"3.4 | 3";"6.4";"6.4"
"Argentina";"ARG";"Primera C";"05-07-2026 15:00";"NS";"Berazategui";"";"";"Puerto Nuevo";"1.49";"6.40";"77 | 63";"37 | 24";"1";"50 | 50";"1.6 | 1.3";"56 | 52";"7.1 | 11.9";"10";"60 | 30";"10";"40 | 30";"40 | 40";"20 | 30";"53 | 43";"80 | 70";"60 | 60";"60 | 70";"1x0 | 0x0";"16.7";"1.1 | 0.7";"0.8 | 1.2";"1.9";"52 | 51";"5 | 15";"10 | 10";"7.8 | 8.3";"8.9 | 8.4";"7.4";"4 | 3.6";"3.8 | 3.4";"3.3 | 2.9";"3.4 | 3.7";"6.6";"6.4"
"Argentina";"ARG";"Primera B Metropolitana";"05-07-2026 13:00";"NS";"Argentino Quilmes";"";"";"Talleres Remedios de Escalada";"2.84";"2.52";"74 | 100";"41 | 48";"5";"45 | 52";"1.6 | 2.3";"54 | 63";"5 | 7.9";"10";"0 | 60";"40";"40 | 70";"40 | 20";"20 | 10";"53 | 77";"80 | 90";"60 | 80";"60 | 30";"1x0 | 0x1";"16.8";"1.2 | 1.4";"0.9 | 0.4";"2";"48 | 48";"14 | 2";"10 | 10";"6 | 11";"9.6 | 7.1";"6";"2.8 | 2.1";"2.7 | 4.4";"2.4 | 3.1";"3 | 2.9";"5.7";"5.9"
"Argentina";"ARG";"Primera B Metropolitana";"05-07-2026 13:00";"NS";"Sportivo Italiano";"";"";"Real Pilar";"2.70";"2.68";"74 | 66";"27 | 24";"5";"50 | 48";"1.2 | 1";"55 | 53";"10.1 | 10.7";"10";"20 | 10";"70";"30 | 20";"30 | 40";"40 | 40";"40 | 33";"60 | 60";"70 | 60";"70 | 80";"0x0 | 1x1";"16.1";"0.8 | 0.7";"0.9 | 1.1";"1.8";"50 | 47";"6 | 7";"10 | 10";"8.1 | 7.5";"7.7 | 8.9";"5.9";"3.1 | 3.1";"3.2 | 2.5";"2.7 | 3";"2.9 | 2.5";"5.6";"5.9"
"Argentina";"ARG";"Primera B Metropolitana";"05-07-2026 15:00";"NS";"Defensores Unidos";"";"";"Argentino Merlo";"2.99";"2.39";"63 | 70";"24 | 37";"5";"45 | 44";"1.1 | 1.3";"57 | 46";"11.6 | 6.3";"10";"30 | 30";"40";"30 | 30";"20 | 40";"50 | 30";"37 | 43";"50 | 70";"80 | 60";"70 | 70";"0x1 | 1x0";"17.8";"0.7 | 1.1";"1.2 | 1";"2";"49 | 47";"17 | 12";"10 | 10";"8.1 | 6.9";"12.4 | 8.1";"8.1";"4.9 | 4.1";"3.8 | 3.5";"2.9 | 3.8";"3.7 | 2.7";"6.6";"5.9"
"Argentina";"ARG";"Primera B Metropolitana";"05-07-2026 15:00";"NS";"San Martín Burzaco";"";"";"Liniers";"2.11";"3.68";"80 | 70";"24 | 20";"5";"50 | 52";"1.5 | 1";"58 | 65";"12.7 | 14.5";"10";"10 | 60";"30";"40 | 20";"30 | 40";"30 | 40";"50 | 33";"70 | 60";"70 | 60";"60 | 80";"0x0 | 0x0";"18";"0.7 | 0.6";"0.7 | 1";"1.5";"50 | 53";"11 | 15";"10 | 10";"8.9 | 8.7";"9.5 | 8.9";"6.3";"3.4 | 3.1";"3.1 | 3";"2.6 | 2.2";"2.9 | 2.8";"5.2";"5.9"
"Argentina";"ARG";"Torneo Federal A";"05-07-2026 14:00";"NS";"Sportivo Belgrano";"";"";"Independiente Chivilcoy";"";"";"100 | 60";"48 | 10";"";"45 | 45";"2.1 | 0.7";"48 | 44";"6.5 | 32.7";"10";"60 | 20";"20";"60 | 10";"30 | 40";"10 | 50";"70 | 23";"90 | 50";"70 | 60";"40 | 90";"1x0 | 0x0";"21.6";"1.4 | 0.3";"0.4 | 1.3";"1.7";"47 | 46";"1 | 7";"10 | 10";"9.1 | 9.8";"11.5 | 12.9";"8.4";"3.6 | 5.6";"4.7 | 3";"2.6 | 2";"2.3 | 2.2";"4.6";"4.7"
"Argentina";"ARG";"Torneo Federal A";"05-07-2026 14:00";"NS";"Douglas Haig";"";"";"Sportivo Las Parejas";"";"";"77 | 80";"31 | 24";"";"58 | 51";"1.2 | 1.6";"62 | 56";"13.2 | 13.1";"10";"50 | 20";"30";"30 | 40";"30 | 40";"40 | 20";"40 | 53";"60 | 80";"70 | 60";"70 | 60";"0x2 | 0x1";"18.8";"0.9 | 0.7";"0.8 | 0.7";"1.5";"57 | 52";"2 | 6";"10 | 10";"11.9 | 9.2";"7.7 | 8.9";"7.8";"3.5 | 4.3";"4.3 | 3.5";"2.3 | 2";"1.8 | 2.2";"4.2";"4.7"
"Argentina";"ARG";"Torneo Federal A";"05-07-2026 14:00";"NS";"Defensores Belgrano VR";"";"";"Escobar FC";"";"";"74 | 56";"34 | 41";"";"46 | 52";"1.4 | 1.6";"52 | 53";"10.1 | 8.2";"";"";"";"40 | 50";"20 | 10";"40 | 40";"47 | 53";"60 | 60";"80 | 90";"60 | 50";"2x0 | 1x2";"21.1";"1 | 1.2";"0.9 | 1.4";"2.2";"47 | 50";"5 | 8";"10 | 10";"10.1 | 9.9";"12.7 | 9.5";"8.6";"5 | 4.4";"3.7 | 4.1";"2.7 | 2";"1.9 | 3.2";"4.9";"4.7"
"Argentina";"ARG";"Torneo Federal A";"05-07-2026 14:00";"NS";"Gimnasia Concepción";"";"";"9 de Julio Rafaela";"";"";"74 | 66";"20 | 61";"";"51 | 48";"1.2 | 1.8";"47 | 52";"15 | 4.9";"10";"60 | 40";"0";"30 | 50";"30 | 30";"40 | 20";"40 | 60";"60 | 80";"70 | 70";"70 | 50";"0x0 | 0x2";"17.8";"0.6 | 1.8";"0.9 | 1.1";"2.2";"49 | 46";"10 | 3";"10 | 10";"9 | 8.8";"9.1 | 8.8";"7.2";"2.6 | 3.5";"3.6 | 4.8";"2.8 | 2";"2.2 | 2.5";"4.8";"4.7"
"Argentina";"ARG";"Torneo Federal A";"05-07-2026 14:00";"NS";"Gimnasia Chivilcoy";"";"";"El Linqueño";"";"";"88 | 66";"34 | 24";"";"53 | 52";"1.5 | 0.7";"44 | 50";"9.7 | 13.4";"5";"20 | 0";"80";"40 | 10";"30 | 40";"30 | 50";"50 | 23";"70 | 50";"70 | 60";"60 | 90";"0x0 | 1x0";"17.8";"1 | 0.7";"0.5 | 1.1";"1.6";"53 | 53";"4 | 9";"10 | 10";"9.7 | 9.4";"6.8 | 9.7";"6.8";"2.7 | 3.6";"3.9 | 3.3";"2.3 | 2.5";"3.3 | 1.6";"4.8";"4.7"
"Argentina";"ARG";"Torneo Federal A";"05-07-2026 14:00";"NS";"Boca Unidos";"";"";"Sarmiento Resistencia";"";"";"60 | 56";"34 | 20";"";"44 | 50";"1.2 | 0.9";"52 | 53";"9.4 | 18.2";"10";"30 | 20";"50";"30 | 20";"30 | 30";"40 | 50";"40 | 30";"60 | 50";"70 | 70";"70 | 80";"0x2 | 1x1";"23";"1 | 0.6";"1.3 | 1.4";"2.2";"46 | 51";"8 | 9";"10 | 10";"9.4 | 10.9";"14.9 | 10.9";"9.2";"6.2 | 4.5";"3.5 | 4.3";"3.4 | 2.5";"1.7 | 1.7";"4.6";"4.7"
"Argentina";"ARG";"Torneo Federal A";"05-07-2026 14:00";"NS";"Tucumán Central";"";"";"Sol de América";"";"";"60 | 77";"31 | 41";"";"46 | 49";"1 | 1.6";"52 | 52";"10.4 | 7.2";"";"";"";"30 | 50";"10 | 10";"60 | 40";"33 | 53";"40 | 60";"90 | 90";"70 | 50";"0x1 | 0x1";"19.6";"0.9 | 1.2";"1.3 | 0.8";"2.1";"48 | 47";"6 | 2";"10 | 10";"9.4 | 8.7";"11.2 | 10";"8";"4.1 | 4.6";"3 | 4.3";"3.3 | 2.1";"2.5 | 2.7";"5.3";"4.7"
"Argentina";"ARG";"Torneo Federal A";"05-07-2026 14:00";"NS";"San Martín Formosa";"";"";"Juventud Antoniana";"";"";"60 | 77";"71 | 27";"";"51 | 58";"2.2 | 1.1";"56 | 56";"6 | 15.9";"10";"40 | 30";"30";"70 | 30";"10 | 20";"20 | 50";"73 | 37";"80 | 50";"90 | 80";"30 | 70";"3x0 | 1x0";"22.3";"2.1 | 0.8";"1.3 | 0.8";"2.5";"53 | 56";"3 | 5";"10 | 10";"12.5 | 12.7";"11.3 | 8.1";"10.2";"5.2 | 3.4";"6.1 | 5.8";"2.1 | 2.9";"3.1 | 3.3";"5.7";"4.7"
"Argentina";"ARG";"Torneo Federal A";"05-07-2026 14:00";"NS";"Defensores Pto. Vilelas";"";"";"Sarmiento de La Banda";"";"";"38 | 84";"34 | 41";"";"47 | 51";"0.9 | 2";"50 | 53";"9.8 | 7.2";"";"";"";"30 | 60";"0 | 20";"70 | 20";"30 | 67";"30 | 80";"100 | 80";"70 | 40";"0x2 | 0x1";"18.2";"1 | 1.2";"1.9 | 0.6";"2.4";"49 | 50";"7 | 4";"10 | 10";"9.8 | 8.6";"10.7 | 7.2";"7.2";"5 | 2.7";"3.6 | 3.2";"2.3 | 1.9";"2.8 | 2.6";"4.8";"4.7"
"Argentina";"ARG";"Torneo Federal A";"05-07-2026 14:00";"NS";"Huracán Las Heras";"";"";"Costa Brava";"";"";"70 | 77";"24 | 24";"";"49 | 61";"1.4 | 1.2";"56 | 59";"14.7 | 18.3";"3";"33 | 33";"33";"40 | 30";"20 | 30";"40 | 40";"47 | 40";"60 | 60";"80 | 70";"60 | 70";"1x0 | 1x0";"19.1";"0.7 | 0.7";"1 | 0.8";"1.6";"48 | 57";"8 | 4";"10 | 10";"10.3 | 12.8";"9.2 | 5.9";"7.2";"3 | 2.8";"4.1 | 4.5";"2.7 | 2.6";"3.3 | 3.7";"6.2";"4.7"
"Argentina";"ARG";"Torneo Federal A";"05-07-2026 14:00";"NS";"San Martín Mendoza";"";"";"Deportivo Rincón";"";"";"66 | 63";"27 | 27";"";"50 | 51";"1 | 1.1";"52 | 42";"10.1 | 12.5";"2";"0 | 100";"0";"20 | 30";"40 | 20";"40 | 50";"33 | 37";"60 | 50";"60 | 80";"80 | 70";"1x1 | 0x1";"18.6";"0.8 | 0.8";"1.1 | 1.2";"2";"50 | 52";"9 | 7";"10 | 10";"8.1 | 10";"8.5 | 10.7";"8.6";"4.2 | 5.1";"3.1 | 4.8";"2.7 | 2.4";"2.1 | 1.9";"4.6";"4.7"
"Argentina";"ARG";"Torneo Federal A";"05-07-2026 14:00";"NS";"Atenas";"";"";"FADEP";"";"";"77 | 77";"27 | 41";"";"46 | 53";"1.7 | 1.4";"48 | 54";"10.9 | 7.8";"";"";"";"50 | 30";"20 | 50";"30 | 20";"57 | 47";"70 | 80";"80 | 50";"50 | 70";"1x0 | 0x0";"19.8";"0.8 | 1.2";"0.8 | 0.8";"1.8";"48 | 53";"2 | 6";"10 | 10";"8.7 | 9.4";"11 | 10.6";"7.9";"4.6 | 3.3";"3.6 | 4.3";"2.6 | 1.8";"2.6 | 1.4";"4.2";"4.7"
"Argentina";"ARG";"Torneo Federal A";"05-07-2026 14:00";"NS";"Cipolletti";"";"";"Argentino Monte Maíz";"";"";"77 | 80";"34 | 44";"";"48 | 51";"1.6 | 1.8";"48 | 56";"9.8 | 9.3";"5";"20 | 80";"0";"50 | 50";"10 | 30";"40 | 20";"53 | 60";"60 | 80";"90 | 70";"50 | 50";"0x1 | 0x2";"21.5";"1 | 1.3";"0.8 | 0.7";"1.9";"51 | 45";"1 | 3";"10 | 10";"9.8 | 12.1";"12.1 | 9.1";"9";"5.2 | 3.6";"4.9 | 4.3";"2.5 | 1.4";"1.9 | 2.2";"4.1";"4.7"
"Argentina";"ARG";"Torneo Federal A";"05-07-2026 14:00";"NS";"Sol de Mayo";"";"";"Kimberley Mar del Plata";"";"";"74 | 84";"24 | 37";"";"51 | 53";"1.2 | 1.7";"46 | 51";"9.4 | 8.5";"5";"20 | 40";"40";"30 | 40";"30 | 50";"40 | 10";"40 | 57";"60 | 90";"70 | 50";"70 | 60";"1x0 | 0x0";"17.6";"0.7 | 1.1";"0.9 | 0.6";"1.6";"47 | 54";"6 | 3";"10 | 10";"6.6 | 9.4";"10.4 | 8.8";"8.1";"5.1 | 3.7";"3.2 | 4.1";"3.1 | 2.5";"1.9 | 2.2";"4.8";"4.7"
"Argentina";"ARG";"Torneo Federal A";"05-07-2026 14:00";"NS";"Guillermo Brown";"";"";"Circulo Deportivo";"";"";"66 | 84";"27 | 7";"";"41 | 49";"1 | 0.6";"41 | 44";"8.9 | 50.5";"4";"0 | 25";"75";"20 | 0";"40 | 60";"40 | 40";"33 | 20";"60 | 60";"60 | 40";"80 | 100";"0x0 | 0x0";"18.4";"0.8 | 0.2";"1.1 | 0.6";"1.4";"46 | 51";"8 | 9";"10 | 10";"7.1 | 10.1";"10.8 | 8.6";"7";"4.6 | 2.9";"3.2 | 3.1";"1.6 | 2.9";"1.5 | 3.1";"4.6";"4.7"
"Argentina";"ARG";"Torneo Federal A";"05-07-2026 14:00";"NS";"Olimpo";"";"";"Villa Mitre";"";"";"100 | 100";"14 | 20";"";"50 | 57";"1.3 | 1.5";"43 | 45";"19.5 | 13.7";"10";"30 | 30";"40";"20 | 30";"70 | 60";"10 | 10";"43 | 50";"90 | 90";"30 | 40";"80 | 70";"0x0 | 0x0";"14.4";"0.4 | 0.6";"0.4 | 0.3";"0.8";"50 | 55";"1 | 4";"10 | 10";"7.8 | 8.2";"7.7 | 5.3";"6";"3 | 1.7";"3.6 | 3.8";"2.1 | 2";"2.7 | 3.5";"5.2";"4.7"
"Argentina";"ARG";"Torneo Federal A";"05-07-2026 14:00";"NS";"Alvarado";"";"";"Germinal de Rawson";"";"";"88 | 100";"41 | 17";"";"56 | 46";"1.8 | 1.6";"50 | 48";"9.9 | 15.4";"";"";"";"50 | 40";"30 | 40";"20 | 20";"60 | 53";"80 | 80";"70 | 60";"50 | 60";"0x1 | 0x1";"17.9";"1.2 | 0.5";"0.5 | 0.3";"1.2";"53 | 43";"2 | 5";"10 | 10";"11.9 | 7.7";"7 | 9.2";"7.1";"2.1 | 3.9";"5 | 3.2";"1.3 | 3.8";"3.6 | 2.1";"5.4";"4.7"
"Australia";"AUS";"Queensland Premier League 3 Metro";"05-07-2026 04:00";"NS";"Ipswich Knights";"";"";"Redcliffe PCYC";"";"";"32 | 2";"54 | 61";"";"50 | 43";"1.3 | 0.7";"49 | 59";"6.2 | 6.7";"3";"33 | 67";"0";"40 | 20";"10 | 10";"50 | 70";"43 | 23";"50 | 30";"90 | 90";"60 | 80";"0x2 | 4x2";"25.7";"1.6 | 1.8";"2.1 | 3.5";"4.5";"48 | 46";"11 | 13";"10 | 10";"9.9 | 12";"11.8 | 17.8";"14";"7.5 | 10.1";"4.9 | 5.4";"2 | 1.4";"2.1 | 1.7";"3.6";"3.7"
"Australia";"AUS";"Queensland Premier League 3 Metro";"05-07-2026 04:00";"NS";"Mt Gravatt Hawks";"";"";"North Pine";"";"";"21 | 42";"44 | 41";"";"48 | 48";"0.9 | 1.1";"54 | 53";"9.8 | 11";"9";"44 | 33";"22";"20 | 30";"30 | 20";"50 | 50";"30 | 37";"50 | 50";"70 | 80";"80 | 70";"1x2 | 0x1";"26.2";"1.3 | 1.2";"2.4 | 1.8";"3.4";"47 | 54";"10 | 12";"10 | 10";"12.7 | 13.2";"12.4 | 14";"14.1";"7 | 8.5";"5.4 | 7.3";"2.9 | 1.5";"1.7 | 2";"4";"3.7"
"Australia";"AUS";"Queensland Premier League 3 Metro";"05-07-2026 06:00";"NS";"Moggill";"";"";"Logan Roos";"";"";"46 | 2";"95 | 68";"";"59 | 46";"1.9 | 0.7";"78 | 57";"5.5 | 4.2";"";"";"";"60 | 20";"10 | 10";"30 | 70";"63 | 23";"70 | 30";"90 | 90";"40 | 80";"4x0 | 5x2";"22.4";"2.8 | 2";"1.7 | 3.6";"5";"50 | 46";"3 | 8";"10 | 10";"15.5 | 8.3";"8.3 | 12.7";"11.4";"5 | 6.4";"7.7 | 3.8";"1.3 | 2.4";"1.3 | 1.6";"3.4";"3.7"
"Australia";"AUS";"Capital Territory";"05-07-2026 02:00";"NS";"Canberra FC";"";"";"Canberra Olympic";"1.22";"7.50";"49 | 0";"85 | 71";"3";"60 | 54";"2 | 0.7";"68 | 58";"6 | 6";"10";"70 | 20";"10";"60 | 20";"20 | 10";"20 | 70";"67 | 23";"80 | 30";"80 | 90";"40 | 80";"4x1 | 3x2";"24";"2.5 | 2.1";"1.6 | 3";"4.6";"55 | 53";"";"10 | 10";"15 | 12.5";"9.8 | 10.6";"12.4";"6 | 5.1";"7.8 | 6";"1.5 | 3.1";"2.6 | 1.9";"4.6";"3.7"
"Australia";"AUS";"New South Wales";"05-07-2026 02:00";"NS";"Rockdale Ilinden FC";"";"";"NWS Spirit";"2.25";"2.63";"66 | 70";"58 | 27";"5";"54 | 56";"1.6 | 1";"57 | 55";"7 | 13.5";"9";"78 | 11";"11";"50 | 30";"10 | 10";"40 | 60";"53 | 33";"60 | 40";"90 | 90";"50 | 70";"0x1 | 1x0";"18.9";"1.7 | 0.8";"1.1 | 1";"2.3";"54 | 51";"4 | 8";"10 | 10";"11.9 | 10.8";"7.8 | 7.3";"7.4";"3.7 | 2.5";"5.3 | 3.4";"2 | 1.6";"1.4 | 2";"3.5";"3.7"
"Australia";"AUS";"New South Wales";"05-07-2026 02:00";"NS";"Blacktown City";"";"";"Sydney United 58 FC";"3.40";"1.89";"42 | 66";"37 | 68";"2";"48 | 57";"1.1 | 1.9";"48 | 54";"7.9 | 6.2";"10";"40 | 50";"10";"30 | 60";"20 | 10";"50 | 30";"37 | 63";"50 | 70";"80 | 90";"70 | 40";"0x2 | 1x0";"20.2";"1.1 | 2";"1.8 | 1.1";"3";"50 | 53";"15 | 3";"10 | 10";"8.7 | 12.3";"10.6 | 8.9";"8.6";"5 | 3.6";"4.2 | 4.6";"1.4 | 1.6";"1.6 | 2.1";"3.4";"3.7"
"Australia";"AUS";"New South Wales";"05-07-2026 02:00";"NS";"Marconi Stallions";"";"";"St. George Saints";"1.36";"6.40";"88 | 32";"51 | 27";"1";"57 | 49";"2.1 | 0.3";"56 | 57";"8.4 | 13.2";"8";"50 | 25";"25";"60 | 10";"30 | 0";"10 | 90";"70 | 10";"90 | 10";"70 | 100";"40 | 90";"1x0 | 2x0";"21";"1.5 | 0.8";"0.5 | 2.1";"2.4";"50 | 49";"1 | 14";"10 | 10";"12.6 | 10.6";"5.3 | 13.5";"9.3";"2.4 | 6";"5.7 | 4.5";"1.9 | 1.6";"2.2 | 2.1";"3.9";"3.7"
"Australia";"AUS";"New South Wales";"05-07-2026 02:00";"NS";"Wollongong Wolves";"";"";"St George City FA";"2.05";"3.05";"66 | 52";"27 | 34";"5";"44 | 41";"1.1 | 1.4";"50 | 47";"12 | 8.3";"7";"43 | 29";"29";"30 | 40";"20 | 20";"50 | 40";"37 | 47";"50 | 60";"80 | 80";"70 | 60";"0x1 | 0x1";"21.6";"0.8 | 1";"1.1 | 1.5";"2.2";"49 | 44";"7 | 12";"10 | 10";"9.6 | 8.3";"12.9 | 12.4";"10.4";"7.2 | 5.2";"4.6 | 3.9";"2 | 0.8";"1.7 | 1.1";"2.8";"3.7"
"Australia";"AUS";"Npl Tasmania";"05-07-2026 01:30";"NS";"South East United";"";"";"South Hobart";"";"";"2 | 66";"41 | 100";"";"38 | 70";"0.9 | 2.4";"45 | 114";"6.7 | 4.7";"2";"0 | 100";"0";"30 | 70";"0 | 30";"70 | 0";"30 | 80";"30 | 100";"100 | 70";"70 | 30";"1x4 | 1x4";"23.8";"1.2 | 3.8";"3.5 | 1.1";"4.8";"41 | 61";"8 | 1";"10 | 10";"8 | 17.7";"14.8 | 7.1";"10.4";"7.1 | 2.6";"3.5 | 7.6";"2.2 | 1.6";"1.4 | 1";"3.2";"3.5"
"Australia";"AUS";"Npl Queensland";"05-07-2026 02:00";"NS";"Gold Coast United";"";"";"Magic United";"";"";"42 | 4";"31 | 48";"";"48 | 43";"0.6 | 0.4";"47 | 55";"8.2 | 7.1";"";"";"";"20 | 10";"0 | 10";"80 | 80";"20 | 13";"20 | 20";"100 | 90";"80 | 90";"1x2 | 2x0";"23.1";"0.9 | 1.4";"1.8 | 2.9";"3.5";"50 | 45";"10 | 11";"10 | 10";"7.4 | 10";"12.8 | 16";"11.6";"6.6 | 7.7";"3.8 | 5";"1.3 | 1.7";"1.1 | 1.4";"2.8";"3.9"
"Australia";"AUS";"Npl Queensland";"05-07-2026 02:45";"NS";"Brisbane City";"";"";"Brisbane Roar II";"";"";"25 | 4";"82 | 48";"";"49 | 42";"1.6 | 0.6";"54 | 49";"5.3 | 5.4";"10";"90 | 10";"0";"50 | 20";"10 | 0";"40 | 80";"53 | 20";"60 | 20";"90 | 100";"50 | 80";"0x4 | 3x1";"22.6";"2.4 | 1.4";"2.3 | 2.9";"4.5";"48 | 49";"6 | 12";"10 | 10";"12.8 | 7.6";"13.4 | 11.5";"10";"5.2 | 5.6";"6 | 3.3";"2.1 | 2.5";"1.1 | 1.7";"3.7";"3.9"
"Australia";"AUS";"Npl Victoria";"05-07-2026 02:30";"NS";"South Melbourne";"";"";"Dandenong Thunder";"";"";"32 | 0";"75 | 31";"";"59 | 41";"1.3 | 0.4";"64 | 43";"5.4 | 7.6";"10";"50 | 40";"10";"40 | 10";"10 | 10";"50 | 80";"43 | 13";"50 | 20";"90 | 90";"60 | 90";"0x4 | 2x0";"20.7";"2.2 | 0.9";"2.1 | 3";"4.1";"55 | 47";"9 | 13";"10 | 10";"11.8 | 6.8";"7.9 | 14.9";"10.2";"4.2 | 7.3";"5.8 | 3";"1.3 | 1.7";"1.2 | 1.2";"2.7";"3.5"
"Australia";"AUS";"Victoria NPL Youth League";"05-07-2026 02:00";"NS";"Heidelberg United U23";"";"";"St. Albans Saints U23";"1.70";"3.50";"38 | 70";"100 | 41";"1";"52 | 54";"2.1 | 1.7";"53 | 58";"3.5 | 9.4";"5";"40 | 60";"0";"70 | 50";"0 | 20";"30 | 30";"70 | 57";"70 | 70";"100 | 80";"30 | 50";"2x1 | 0x1";"22.4";"3.5 | 1.2";"1.9 | 1";"3.8";"53 | 52";"3 | 10";"10 | 10";"12.3 | 11.8";"13.7 | 7";"11.4";"8.3 | 2.2";"7.9 | 4.3";"1.8 | 1.4";"2.3 | 1.8";"3.6";"3.7"
"Australia";"AUS";"Brisbane Reserves Premier League";"05-07-2026 00:00";"NS";"Ipswich Knights U23";"";"";"Redcliffe Dolphins U23";"";"";"28 | 2";"88 | 54";"";"";"1.6 | 0.9";"";"";"3";"100 | 0";"0";"50 | 30";"10 | 0";"40 | 70";"53 | 30";"60 | 30";"90 | 100";"50 | 70";"0x4 | 0x3";"";"2.6 | 1.6";"2.2 | 3.8";"5.1";"";"7 | 12";"10 | 10";"";"";"";"";"";"";"";"";"0"
"Australia";"AUS";"Brisbane Reserves Premier League";"05-07-2026 02:00";"NS";"Mt Gravatt U23";"";"";"North Pine U23";"";"";"2 | 49";"48 | 100";"";"";"0.5 | 2.2";"";"";"8";"0 | 100";"0";"10 | 70";"20 | 10";"70 | 20";"17 | 73";"30 | 80";"80 | 90";"90 | 30";"1x2 | 2x3";"";"1.4 | 3.1";"3.5 | 1.6";"4.8";"";"11 | 1";"10 | 10";"";"";"";"";"";"";"";"";"0"
"Australia";"AUS";"Brisbane Reserves Premier League";"05-07-2026 04:00";"NS";"Moggill U23";"";"";"Logan Roos U23";"";"";"100 | 2";"68 | 14";"";"";"2.2 | 0";"";"";"";"";"";"60 | 0";"40 | 0";"0 | 100";"73 | 0";"100 | 0";"60 | 100";"40 | 100";"1x1 | 10x0";"";"2 | 0.4";"0.4 | 9.7";"6.2";"";"2 | 13";"10 | 10";"";"";"";"";"";"";"";"";"0"
"Australia";"AUS";"Victoria Premier League 2";"05-07-2026 01:00";"NS";"Western United II";"";"";"Melbourne Victory II";"3.50";"1.73";"18 | 60";"71 | 95";"2";"49 | 58";"1.3 | 1.9";"53 | 72";"4.6 | 5";"5";"40 | 40";"20";"40 | 60";"10 | 10";"50 | 30";"43 | 63";"50 | 70";"90 | 90";"60 | 40";"2x3 | 1x4";"21.6";"2.1 | 2.8";"2.5 | 1.3";"4.4";"49 | 55";"12 | 4";"10 | 10";"9.6 | 14";"11.8 | 7.8";"10.9";"6.5 | 3.3";"5.3 | 6.6";"1.1 | 1.2";"1.7 | 2.9";"3.4";"4"
"Australia";"AUS";"New South Wales NPL Youth League";"05-07-2026 00:00";"NS";"Rockdale Ilinden U20";"";"";"NWS Spirit U20";"2.55";"2.23";"38 | 46";"71 | 85";"5";"40 | 52";"1.4 | 1.9";"45 | 61";"4.6 | 5.5";"7";"57 | 43";"0";"40 | 60";"20 | 10";"40 | 30";"47 | 63";"60 | 70";"80 | 90";"60 | 40";"1x2 | 2x1";"25.2";"2.1 | 2.5";"1.9 | 1.7";"4.1";"49 | 53";"11 | 3";"10 | 10";"9.6 | 13.8";"14.9 | 12";"11.3";"5.9 | 5.8";"4.2 | 6.7";"1.4 | 0.9";"1.6 | 0.9";"2.4";"3"
"Australia";"AUS";"New South Wales NPL Youth League";"05-07-2026 00:00";"NS";"Blacktown City U20";"";"";"Sydney United U20";"";"";"25 | 42";"65 | 100";"";"55 | 56";"1.3 | 1.9";"55 | 56";"6.8 | 4.2";"10";"60 | 40";"0";"40 | 50";"10 | 40";"50 | 10";"43 | 63";"50 | 90";"90 | 60";"60 | 50";"1x3 | 1x3";"23.8";"1.9 | 3.3";"2.3 | 1.8";"4.6";"50 | 53";"13 | 2";"10 | 10";"13 | 13.9";"10.3 | 10.6";"11";"5.3 | 5.2";"4.9 | 6.7";"1.4 | 0.6";"0.9 | 0.4";"1.6";"3"
"Australia";"AUS";"New South Wales NPL Youth League";"05-07-2026 00:00";"NS";"Marconi Stallions U20";"";"";"St. George Saints U20";"1.38";"5.80";"77 | 2";"58 | 44";"1";"61 | 44";"1.9 | 0.1";"64 | 53";"7.7 | 7.8";"5";"100 | 0";"0";"60 | 0";"10 | 10";"30 | 90";"63 | 3";"70 | 10";"90 | 90";"40 | 100";"1x2 | 5x1";"22.5";"1.7 | 1.3";"0.8 | 4.1";"4";"54 | 42";"6 | 15";"10 | 10";"13.1 | 10.2";"7.2 | 14.5";"10.9";"3.2 | 7.7";"6.3 | 4.6";"1.6 | 1.2";"1.4 | 1.1";"2.6";"3"
"Australia";"AUS";"New South Wales NPL Youth League";"05-07-2026 00:00";"NS";"Wollongong Wolves U20";"";"";"St. George City U20";"2.20";"2.55";"35 | 25";"68 | 75";"5";"46 | 52";"1.6 | 1.2";"54 | 68";"6.6 | 6.5";"7";"0 | 71";"29";"40 | 30";"40 | 30";"20 | 40";"53 | 40";"80 | 60";"60 | 70";"60 | 70";"1x0 | 2x2";"27.4";"2 | 2.2";"2 | 2.3";"4.2";"51 | 48";"8 | 10";"10 | 10";"13.3 | 14.4";"14 | 13.1";"13.8";"6.1 | 7.8";"7.2 | 6.4";"1.4 | 1.6";"0.6 | 1";"2.3";"3"
"Australia";"AUS";"Queensland Premier League 2";"05-07-2026 04:00";"NS";"Caloundra";"";"";"Samford Rangers";"";"";"7 | 2";"75 | 37";"";"56 | 41";"1.3 | 0.3";"65 | 48";"7.1 | 6.9";"";"";"";"40 | 10";"10 | 0";"50 | 90";"43 | 10";"50 | 10";"90 | 100";"60 | 90";"2x6 | 2x1";"27";"2.2 | 1.1";"2.8 | 3.2";"4.6";"49 | 44";"7 | 12";"10 | 10";"15.7 | 7.6";"13.7 | 17.1";"16.6";"9.1 | 9.6";"9.4 | 5.1";"2.4 | 1.7";"1.2 | 1.7";"3.6";"3.3"
"Australia";"AUS";"Queensland NPL Youth League";"05-07-2026 00:15";"NS";"Brisbane City U23";"";"";"Queensland U16";"";"";"4 | 2";"65 | 54";"";"";"1 | 1";"";"";"3";"100 | 0";"0";"30 | 30";"10 | 10";"60 | 60";"33 | 33";"40 | 40";"90 | 90";"70 | 70";"0x2 | 2x1";"";"1.9 | 1.6";"2.9 | 3.1";"4.8";"";"8 | 11";"10 | 10";"";"";"";"";"";"";"";"";"2.9"
"Australia";"AUS";"NSW League One Youth";"05-07-2026 04:00";"NS";"CC Mariners U20";"";"";"Rydalmere Lions U20";"";"";"42 | 0";"100 | 31";"";"";"1.8 | 0.4";"";"";"";"";"";"60 | 10";"0 | 10";"40 | 80";"60 | 13";"60 | 20";"100 | 90";"40 | 90";"0x3 | 2x0";"";"3.2 | 0.9";"1.8 | 3";"4.4";"";"7 | 14";"10 | 10";"";"";"";"";"";"";"";"";"3.1"
"Australia";"AUS";"New South Wales NPL 2";"05-07-2026 02:00";"NS";"Central Coast II";"";"";"Rydalmere Lions";"";"";"25 | 42";"65 | 31";"";"40 | 49";"1.1 | 0.6";"43 | 47";"5.3 | 10.4";"";"";"";"30 | 10";"20 | 30";"50 | 60";"37 | 20";"50 | 40";"80 | 70";"70 | 90";"0x1 | 1x0";"22.6";"1.9 | 0.9";"2.3 | 1.8";"3.4";"47 | 47";"9 | 12";"10 | 10";"10 | 9.4";"16 | 9.9";"11.4";"10.2 | 4.1";"5.4 | 3.2";"1.4 | 2.6";"2.2 | 1.9";"4";"3.6"
"Bhutan";"BHU";"Bhutan Premier League";"05-07-2026 07:00";"NS";"RTC";"";"";"Ugyen Academy";"";"";"56 | 2";"75 | 58";"";"50 | 46";"1.2 | 1.2";"59 | 62";"7 | 9.2";"8";"50 | 25";"25";"30 | 40";"30 | 0";"40 | 60";"40 | 40";"60 | 40";"70 | 100";"70 | 60";"1x1 | 0x1";"34.3";"2.2 | 1.7";"1.4 | 3.5";"4.4";"52 | 45";"8 | 10";"10 | 10";"15.5 | 15.7";"16.4 | 21.1";"9.2";"3.6 | 7.3";"3.6 | 3.9";"1.8 | 1.2";"2.9 | 1";"3.4";"3.4"
"Belarus";"BLR";"Vysshaya Liga";"05-07-2026 12:00";"NS";"Belshina";"";"";"Baranovichi";"2.67";"2.87";"32 | 49";"34 | 44";"5";"43 | 52";"0.7 | 1.2";"42 | 41";"7.8 | 6";"10";"70 | 20";"10";"20 | 30";"10 | 30";"70 | 40";"23 | 40";"30 | 60";"90 | 70";"80 | 70";"0x2 | 1x1";"16.4";"1 | 1.3";"2.1 | 1.6";"3";"46 | 51";"14 | 12";"10 | 10";"7.8 | 8.4";"9.7 | 6.8";"6.7";"4.4 | 2.1";"4 | 2.9";"1.9 | 2.3";"1.2 | 1.9";"3.6";"3.5"
"Belarus";"BLR";"Vysshaya Liga";"05-07-2026 14:55";"NS";"Torpedo BelAZ";"";"";"Isloch";"2.04";"3.60";"77 | 77";"71 | 65";"5";"52 | 56";"2 | 2.1";"47 | 55";"4.1 | 5.7";"10";"50 | 20";"30";"50 | 60";"50 | 30";"0 | 10";"67 | 70";"100 | 90";"50 | 70";"50 | 40";"1x1 | 1x1";"16.1";"2.1 | 1.9";"0.8 | 0.8";"2.8";"52 | 52";"4 | 3";"10 | 10";"8.6 | 10.8";"6.5 | 6.3";"6.6";"2.4 | 2.3";"3.3 | 5.2";"0.8 | 1.7";"2.4 | 1.2";"3";"3.5"
"Belarus";"BLR";"Pershaya Liga";"05-07-2026 09:00";"NS";"Osipovichy";"";"";"Molodechno-DYuSSh 4";"";"";"2 | 21";"37 | 37";"";"48 | 48";"0.3 | 1";"43 | 48";"8.1 | 6.9";"10";"10 | 90";"0";"10 | 30";"0 | 10";"90 | 60";"10 | 33";"10 | 40";"100 | 90";"90 | 70";"1x2 | 2x3";"17.8";"1.1 | 1.1";"3.4 | 2.4";"4";"48 | 51";"18 | 10";"10 | 10";"8.9 | 7.6";"8.2 | 10.9";"8.5";"4.2 | 4.9";"4.1 | 3.8";"2.5 | 2.1";"1.6 | 1.4";"3.8";"3.8"
"Belarus";"BLR";"Pershaya Liga";"05-07-2026 11:00";"NS";"Lida";"";"";"Uni Minsk";"";"";"46 | 28";"65 | 20";"";"51 | 56";"1.9 | 0.4";"58 | 60";"4.3 | 11.7";"2";"100 | 0";"0";"60 | 10";"10 | 10";"30 | 80";"63 | 13";"70 | 20";"90 | 90";"40 | 90";"2x1 | 3x0";"15.2";"1.9 | 0.6";"1.7 | 2.2";"3.2";"49 | 51";"6 | 16";"10 | 10";"8.1 | 7";"8.1 | 7.1";"6.4";"3.4 | 3.4";"3.6 | 2.4";"2.1 | 1.8";"1.2 | 2";"3.6";"3.8"
"Brazil";"BRA";"Serie C";"05-07-2026 11:00";"NS";"Ypiranga Erechim";"";"";"Paysandu";"";"";"52 | 52";"41 | 54";"";"52 | 56";"1.1 | 1.5";"60 | 69";"12.1 | 9.6";"6";"33 | 33";"33";"30 | 50";"20 | 0";"50 | 50";"37 | 50";"50 | 50";"80 | 100";"70 | 50";"1x2 | 0x1";"27.8";"1.2 | 1.6";"1.5 | 1.5";"2.9";"51 | 55";"13 | 3";"10 | 10";"14.5 | 15.3";"13.8 | 11.9";"10.7";"5.2 | 5.1";"5.8 | 5.3";"2.3 | 3";"3.2 | 3.8";"6.2";"5.5"
"Brazil";"BRA";"Serie C";"05-07-2026 20:00";"NS";"Amazonas";"";"";"Itabaiana";"";"";"52 | 56";"37 | 27";"";"49 | 47";"1.2 | 1";"51 | 53";"7.4 | 13";"";"";"";"30 | 20";"30 | 40";"40 | 40";"40 | 33";"60 | 60";"70 | 60";"70 | 80";"1x0 | 0x0";"20.6";"1.1 | 0.8";"1.5 | 1.4";"2.4";"50 | 50";"9 | 19";"10 | 10";"8.1 | 10.4";"11 | 11.8";"7.8";"4.4 | 4.6";"2.8 | 3.9";"3.5 | 2";"3.3 | 2.7";"5.8";"5.5"
"Brazil";"BRA";"Serie C";"05-07-2026 20:00";"NS";"Anápolis";"";"";"Botafogo PB";"";"";"66 | 46";"37 | 44";"";"49 | 51";"1.2 | 0.9";"58 | 58";"12.6 | 11.1";"";"";"";"30 | 20";"30 | 30";"40 | 50";"40 | 30";"60 | 50";"70 | 70";"70 | 80";"1x1 | 1x0";"26.8";"1.1 | 1.3";"1.1 | 1.7";"2.6";"46 | 51";"20 | 16";"10 | 10";"13.9 | 14.4";"12.2 | 13.1";"9.6";"4.3 | 5.3";"4.7 | 5";"3 | 2.5";"3 | 2.1";"5.3";"5.5"
"Brazil";"BRA";"Baiano 2";"05-07-2026 15:00";"NS";"Redenção BA";"";"";"Camaçari U20";"";"";"56 | 2";"51 | 20";"";"";"1.4 | 0.1";"";"";"";"";"";"38 | 0";"25 | 10";"38 | 90";"46 | 3";"62 | 10";"75 | 90";"62 | 100";"0x1 | 3x1";"";"1.5 | 0.6";"1.4 | 4.1";"3.8";"";"5 | 10";"8 | 10";"";"";"";"";"";"";"";"";"4.5"
"Brazil";"BRA";"Baiano 2";"05-07-2026 15:00";"NS";"Grapiuna Itabuna";"";"";"Leonico";"";"";"10 | 14";"31 | 48";"";"43 | 31";"0.7 | 1";"32 | 26";"8.6 | 4.4";"3";"67 | 33";"0";"20 | 30";"10 | 10";"70 | 60";"23 | 33";"30 | 40";"90 | 90";"80 | 70";"0x3 | 2x1";"20.2";"0.9 | 1.4";"2.7 | 2.6";"3.8";"46 | 39";"7 | 8";"10 | 10";"7.7 | 6.2";"11 | 15.4";"8.7";"5.7 | 6.6";"2.3 | 2.8";"2.8 | 4";"2.8 | 2";"5.8";"4.5"
"Brazil";"BRA";"Baiano 2";"05-07-2026 15:00";"NS";"Vitória da Conquista";"";"";"Fluminense de Feira";"";"";"46 | 80";"31 | 100";"";"";"0.8 | 2.5";"";"";"10";"40 | 50";"10";"20 | 80";"20 | 10";"60 | 10";"27 | 83";"40 | 90";"80 | 90";"80 | 20";"0x2 | 0x4";"";"0.9 | 3.2";"1.7 | 0.7";"3.2";"";"9 | 1";"10 | 10";"";"";"";"";"";"";"";"";"4.5"
"Brazil";"BRA";"Baiano 2";"05-07-2026 15:00";"NS";"SSA";"";"";"Barreiras";"";"";"84 | 74";"75 | 85";"";"53 | 56";"2.2 | 2.6";"43 | 50";"3.8 | 4.4";"";"";"";"70 | 88";"10 | 0";"20 | 12";"73 | 88";"80 | 88";"90 | 100";"30 | 12";"1x0 | 1x2";"19.3";"2.2 | 2.5";"0.6 | 0.9";"3.1";"57 | 58";"3 | 2";"10 | 8";"8.4 | 11";"8.2 | 11";"7.8";"2.6 | 4.5";"2.4 | 6";"1.8 | 3";"1.8 | 3.7";"5.2";"4.5"
"Brazil";"BRA";"Baiano 2";"05-07-2026 15:00";"NS";"Jacobina";"";"";"Feira";"";"";"28 | 88";"34 | 95";"";"45 | 53";"0.8 | 2";"36 | 48";"10.6 | 4.1";"";"";"";"20 | 62";"20 | 12";"60 | 25";"27 | 67";"40 | 75";"80 | 88";"80 | 38";"0x0 | 0x3";"22.5";"1 | 2.8";"2.2 | 0.5";"3.2";"47 | 55";"6 | 4";"10 | 8";"11.8 | 11.5";"10.2 | 11.5";"9.2";"5 | 4.5";"4 | 5";"2 | 0.8";"2 | 2.2";"3.5";"4.5"
"Brazil";"BRA";"Mineiro 2";"05-07-2026 10:00";"NS";"Coimbra";"";"";"Valeriodoce";"";"";"74 | 84";"48 | 34";"";"65 | 50";"1.5 | 1.8";"70 | 43";"10.3 | 10.5";"";"";"";"40 | 40";"30 | 60";"30 | 0";"50 | 60";"70 | 100";"70 | 40";"60 | 60";"0x0 | 0x0";"19.8";"1.4 | 1";"0.9 | 0.6";"2";"56 | 53";"1 | 2";"10 | 10";"14.4 | 10.5";"6.5 | 8.2";"7.3";"3.2 | 2.7";"5.1 | 3.5";"2.1 | 2.9";"2.9 | 2.9";"5.4";"5"
"Brazil";"BRA";"Mineiro 2";"05-07-2026 10:30";"NS";"Boa";"";"";"Caldense";"";"";"88 | 77";"44 | 17";"";"52 | 45";"2 | 1";"62 | 46";"8.9 | 19";"10";"30 | 40";"30";"60 | 20";"20 | 40";"20 | 40";"67 | 33";"80 | 60";"80 | 60";"40 | 80";"0x0 | 0x0";"21";"1.3 | 0.5";"0.5 | 0.8";"1.6";"52 | 47";"1 | 2";"10 | 10";"11.6 | 9.5";"9.6 | 11.2";"8.2";"4.4 | 4.2";"4 | 3.6";"2 | 2.9";"2.4 | 4";"5.6";"5"
"Brazil";"BRA";"Mineiro 2";"05-07-2026 10:30";"NS";"Uberaba";"";"";"Mamoré";"";"";"74 | 77";"51 | 17";"";"50 | 51";"1.8 | 0.9";"54 | 58";"7.1 | 24";"10";"40 | 30";"30";"50 | 20";"30 | 30";"20 | 50";"60 | 30";"80 | 50";"70 | 70";"50 | 80";"2x0 | 1x0";"23.4";"1.5 | 0.5";"0.9 | 0.8";"1.8";"46 | 54";"1 | 2";"10 | 10";"10.7 | 12";"9.8 | 14.5";"8.9";"3.3 | 5.3";"4.2 | 4.8";"3.3 | 2.5";"3.3 | 2.3";"5.8";"5"
"Brazil";"BRA";"Paulista Série B";"05-07-2026 10:00";"NS";"Paulinense";"";"";"São Carlos";"";"";"56 | 63";"34 | 58";"";"43 | 60";"1.8 | 1.2";"51 | 63";"7.1 | 7.4";"";"";"";"60 | 30";"0 | 30";"40 | 40";"60 | 40";"60 | 60";"100 | 70";"40 | 70";"1x0 | 1x1";"19.8";"1 | 1.7";"1.4 | 1.2";"2.6";"48 | 54";"1 | 2";"10 | 10";"7.1 | 12.6";"11.2 | 8.8";"8.2";"4 | 4.2";"2.2 | 6";"2.3 | 3.4";"3.6 | 2.4";"5.8";"5.8"
"Brazil";"BRA";"Paulista Série B";"05-07-2026 10:00";"NS";"José Bonifácio";"";"";"Manthiqueira";"";"";"84 | 52";"51 | 51";"";"50 | 45";"2.2 | 1.2";"50 | 61";"6.4 | 6.9";"";"";"";"60 | 30";"40 | 30";"0 | 40";"73 | 40";"100 | 60";"60 | 70";"40 | 70";"1x1 | 2x0";"21.7";"1.5 | 1.5";"0.6 | 1.5";"2.6";"48 | 50";"1 | 2";"10 | 10";"9.6 | 10.3";"9.1 | 14.4";"7.8";"3.1 | 4.6";"2.9 | 5";"3.6 | 1.8";"3.7 | 2.9";"5.9";"5.8"
"Brazil";"BRA";"Paulista Série B";"05-07-2026 10:00";"NS";"Independente SP";"";"";"Tupã";"";"";"80 | 49";"100 | 44";"";"56 | 50";"2.4 | 1";"57 | 46";"3.2 | 7.4";"";"";"";"80 | 30";"0 | 10";"20 | 60";"80 | 33";"80 | 40";"100 | 90";"20 | 70";"2x0 | 2x1";"19.9";"3.7 | 1.3";"0.7 | 1.6";"3.6";"56 | 52";"1 | 2";"10 | 10";"11.7 | 9.7";"8.7 | 9.7";"7.2";"2.6 | 2.8";"4.9 | 4.2";"2.7 | 2.4";"2.9 | 2.7";"5.4";"5.8"
"Brazil";"BRA";"Paulista U20";"05-07-2026 10:00";"NS";"Referência U20";"";"";"Bragantino U20";"";"";"46 | 56";"31 | 85";"";"50 | 60";"0.6 | 2.5";"59 | 73";"11.1 | 6.8";"3";"33 | 0";"67";"10 | 80";"30 | 10";"60 | 10";"20 | 83";"40 | 90";"70 | 90";"90 | 20";"1x1 | 1x3";"23.8";"0.9 | 2.5";"1.7 | 1.4";"3.2";"51 | 55";"14 | 2";"10 | 10";"10 | 16.9";"10.4 | 10.3";"9.9";"5 | 5";"3 | 6.8";"2.2 | 2.7";"3.3 | 2.1";"5.2";"6"
"Brazil";"BRA";"Paulista U20";"05-07-2026 10:00";"NS";"União Suzano U20";"";"";"Mirassol U20";"";"";"56 | 25";"44 | 31";"";"46 | 51";"1.8 | 0.6";"53 | 57";"8 | 13.6";"";"";"";"60 | 20";"0 | 0";"40 | 80";"60 | 20";"60 | 20";"100 | 100";"40 | 80";"1x0 | 1x0";"24.3";"1.3 | 0.9";"1.4 | 2.3";"3";"53 | 50";"11 | 13";"10 | 10";"10.4 | 12.2";"12.1 | 13.9";"8.8";"4.1 | 4.8";"4.4 | 4.2";"2.9 | 2";"3 | 1.8";"4.8";"6"
"Brazil";"BRA";"Paulista U20";"05-07-2026 10:00";"NS";"Porto Ferreira U20";"";"";"Palmeiras U20";"";"";"49 | 84";"24 | 100";"";"49 | 56";"0.5 | 2.6";"57 | 67";"11.4 | 4.5";"";"";"";"10 | 80";"20 | 20";"70 | 0";"17 | 87";"30 | 100";"80 | 80";"90 | 20";"0x1 | 0x2";"20.6";"0.7 | 3.1";"1.6 | 0.6";"3";"48 | 52";"15 | 1";"10 | 10";"8 | 13.9";"10.6 | 8.6";"7.3";"3.4 | 2.5";"2.1 | 6.5";"3 | 3.6";"3.6 | 2.5";"6.4";"6"
"Brazil";"BRA";"Paulista U20";"05-07-2026 10:00";"NS";"Novorizontino U20";"";"";"Velo Clube U20";"";"";"52 | 66";"37 | 24";"";"54 | 54";"0.9 | 0.9";"62 | 65";"9.5 | 17";"";"";"";"20 | 10";"30 | 60";"50 | 30";"30 | 30";"50 | 70";"70 | 40";"80 | 90";"1x2 | 0x0";"21.6";"1.1 | 0.7";"1.5 | 1.1";"2.2";"55 | 49";"14 | 9";"10 | 10";"10.5 | 11.9";"11.8 | 8.9";"7.5";"4.4 | 3.4";"3.9 | 3.3";"2.2 | 2.9";"2.3 | 3.3";"5.4";"6"
"Brazil";"BRA";"Paulista U20";"05-07-2026 11:00";"NS";"Corinthians U20";"";"";"Sertãozinho U20";"";"";"66 | 60";"61 | 17";"";"53 | 43";"1.8 | 1.3";"64 | 53";"6.7 | 17.6";"";"";"";"50 | 40";"30 | 10";"20 | 50";"60 | 43";"80 | 50";"70 | 90";"50 | 60";"2x1 | 0x1";"22.7";"1.8 | 0.5";"1.1 | 1.3";"2.4";"53 | 44";"5 | 7";"10 | 10";"12 | 8.8";"10.8 | 13.8";"8.7";"3.8 | 5.8";"4.4 | 3.4";"1.9 | 2.4";"2.4 | 2.7";"4.7";"6"
"Brazil";"BRA";"Catarinense 2";"05-07-2026 11:00";"NS";"Metropolitano";"";"";"Caravaggio";"";"";"70 | 70";"61 | 92";"";"58 | 48";"1.9 | 2.1";"61 | 52";"8.2 | 4";"4";"50 | 50";"0";"60 | 60";"10 | 30";"30 | 10";"63 | 70";"70 | 90";"90 | 70";"40 | 40";"3x1 | 2x2";"23.5";"1.8 | 2.7";"1 | 1";"3.2";"56 | 48";"";"10 | 10";"14.8 | 10.9";"8.7 | 12.8";"8.1";"2.8 | 3.7";"5.2 | 4.6";"3.1 | 2.9";"2.9 | 2.9";"5.9";"5.8"
"Brazil";"BRA";"Catarinense 2";"05-07-2026 15:00";"NS";"Atlético Tubarão";"";"";"Nação";"";"";"70 | 42";"51 | 34";"";"54 | 36";"1.6 | 1.2";"54 | 34";"7.1 | 7.9";"5";"20 | 60";"20";"40 | 30";"40 | 30";"20 | 40";"53 | 40";"80 | 60";"60 | 70";"60 | 70";"1x0 | 0x0";"20.8";"1.5 | 1";"1 | 1.8";"2.6";"53 | 40";"";"10 | 10";"10.7 | 7.9";"8.4 | 14.8";"7.6";"2.7 | 6";"3.8 | 2.9";"3.2 | 2.8";"3.6 | 3.1";"6.4";"5.8"
"Brazil";"BRA";"Catarinense 2";"05-07-2026 15:00";"NS";"Fluminense SC";"";"";"Blumenau";"";"";"63 | 70";"24 | 88";"";"44 | 57";"1 | 2";"49 | 60";"11.4 | 4.7";"5";"60 | 20";"20";"30 | 60";"10 | 20";"60 | 20";"33 | 67";"40 | 80";"90 | 80";"70 | 40";"0x1 | 1x1";"21.1";"0.7 | 2.6";"1.2 | 1";"2.8";"46 | 55";"";"10 | 10";"8 | 12.3";"12.3 | 9.6";"8.2";"5.4 | 3.6";"2.3 | 5.1";"1.6 | 3.2";"2.9 | 3";"5.3";"5.8"
"Brazil";"BRA";"Catarinense 2";"05-07-2026 15:00";"NS";"Juventus SC";"";"";"Jaraguá";"";"";"46 | 2";"7 | 10";"";"49 | 32";"0.6 | 0.1";"48 | 27";"38 | 10";"";"";"";"20 | 0";"0 | 10";"80 | 90";"20 | 3";"20 | 10";"100 | 90";"80 | 100";"0x1 | 1x0";"16.5";"0.2 | 0.3";"1.7 | 3.1";"2.6";"49 | 42";"";"10 | 10";"7.6 | 3";"8.6 | 13.8";"6.6";"4 | 5.5";"2.1 | 1.5";"3.1 | 3.5";"2.7 | 1.8";"5.6";"5.8"
"Brazil";"BRA";"Copa Gaúcha";"05-07-2026 15:00";"NS";"Brasil de Pelotas";"";"";"Santa Cruz RS";"";"";"77 | 74";"44 | 51";"";"60 | 47";"1.5 | 1.8";"53 | 44";"12.2 | 5.6";"2";"50 | 0";"50";"30 | 40";"60 | 60";"10 | 0";"50 | 60";"90 | 100";"40 | 40";"70 | 60";"1x1 | 1x1";"21.4";"1.3 | 1.5";"0.8 | 0.9";"2.2";"57 | 48";"";"10 | 10";"15.9 | 8.4";"8.2 | 10.1";"8.6";"2.5 | 4.1";"7.2 | 3.2";"2.9 | 1.4";"2.2 | 2.2";"4.4";"5.2"
"Brazil";"BRA";"Copa Gaúcha";"05-07-2026 15:00";"NS";"Gramadense";"";"";"Bage";"";"";"49 | 74";"37 | 20";"";"46 | 59";"1.5 | 1";"43 | 43";"7.5 | 21.5";"2";"50 | 50";"0";"40 | 20";"30 | 40";"30 | 40";"50 | 33";"70 | 60";"70 | 60";"60 | 80";"1x0 | 1x0";"19.2";"1.1 | 0.6";"1.6 | 0.9";"2.1";"48 | 56";"";"10 | 10";"8.3 | 12.9";"9.4 | 7.7";"8.1";"3.8 | 3.9";"3.4 | 5.1";"3.6 | 2.7";"2.1 | 3.9";"6.2";"5.2"
"Brazil";"BRA";"Brasiliense U20";"05-07-2026 10:00";"NS";"Brazlândia U20";"";"";"CFZ Brasilia U20";"";"";"46 | 2";"31 | 51";"";"";"0.5 | 1.2";"";"";"";"";"";"10 | 40";"20 | 0";"70 | 60";"17 | 40";"30 | 40";"80 | 100";"90 | 60";"0x1 | 0x1";"";"0.9 | 1.5";"1.7 | 3.5";"3.8";"";"10 | 8";"10 | 10";"";"";"";"";"";"";"";"";"5.8"
"Brazil";"BRA";"Brasiliense U20";"05-07-2026 15:30";"NS";"Ceilandense U20";"";"";"Brasilia DF U20";"";"";"7 | 14";"31 | 44";"";"39 | 50";"0.8 | 0.8";"48 | 60";"7.6 | 11";"";"";"";"20 | 20";"20 | 20";"60 | 60";"27 | 27";"40 | 40";"80 | 80";"80 | 80";"0x0 | 3x0";"25.8";"0.9 | 1.3";"2.8 | 2.6";"3.8";"44 | 50";"9 | 5";"10 | 10";"6.8 | 14.3";"16.2 | 14.3";"9";"5 | 5.7";"2 | 5.3";"3.5 | 4.7";"2.8 | 2.7";"6.8";"5.8"
"Brazil";"BRA";"Brasiliense U20";"05-07-2026 15:30";"NS";"CA Taguatinga U20";"";"";"Gama U20";"";"";"0 | 28";"58 | 99";"";"";"1 | 1.4";"";"";"";"";"";"33 | 40";"0 | 20";"67 | 40";"33 | 47";"33 | 60";"100 | 80";"67 | 60";"0x1 | 3x3";"";"1.7 | 2.9";"3 | 2.2";"4.9";"";"7 | 9";"6 | 10";"";"";"";"";"";"";"";"";"5.8"
"Brazil";"BRA";"Brasiliense U20";"05-07-2026 15:30";"NS";"Planaltina U20";"";"";"Sobradinho U20";"";"";"2 | 70";"27 | 88";"";"36 | 48";"0.7 | 1.5";"48 | 50";"12.9 | 3.3";"";"";"";"20 | 50";"10 | 0";"70 | 50";"23 | 50";"30 | 50";"90 | 100";"80 | 50";"0x4 | 1x0";"23.5";"0.8 | 2.6";"4.7 | 1";"4.6";"44 | 50";"5 | 6";"10 | 10";"10.3 | 8.7";"17 | 11";"10.2";"8.3 | 4.5";"3.7 | 4";"2 | 3.5";"3.3 | 2";"5.4";"5.8"
"Brazil";"BRA";"Catarinense U20";"05-07-2026 11:00";"NS";"Avaí U20";"";"";"Carlos Renaux U20";"";"";"52 | 32";"54 | 34";"";"52 | 47";"1.5 | 1.1";"56 | 237";"8.6 | 11";"";"";"";"40 | 30";"30 | 20";"30 | 50";"50 | 37";"70 | 50";"70 | 80";"60 | 70";"1x0 | 0x0";"25.2";"1.6 | 1";"1.5 | 2.1";"3.1";"52 | 48";"";"10 | 10";"13.8 | 11";"12.6 | 13.1";"9";"4.1 | 5.7";"4.7 | 3.6";"2 | 3.6";"2.7 | 4.2";"6.2";"7.1"
"Canada";"CAN";"PCSL";"05-07-2026 18:30";"NS";"Blues";"";"";"Mid Isle Highlanders";"";"";"32 | 21";"78 | 24";"";"";"1.7 | 0.1";"";"";"5";"60 | 20";"20";"50 | 0";"20 | 10";"30 | 90";"57 | 3";"70 | 10";"80 | 90";"50 | 100";"0x2 | 2x0";"";"2.3 | 0.7";"2.1 | 2.4";"3.8";"";"1 | 7";"10 | 10";"";"";"";"";"";"";"";"";"0"
"China";"CHN";"Super League";"05-07-2026 08:00";"NS";"Qingdao Hainiu";"";"";"Chengdu Rongcheng";"5.55";"1.52";"42 | 77";"82 | 71";"2";"45 | 58";"1.6 | 2.4";"39 | 55";"3.8 | 5";"8";"12 | 75";"12";"50 | 80";"10 | 0";"40 | 20";"53 | 80";"60 | 80";"90 | 100";"50 | 20";"3x1 | 0x4";"26";"2.4 | 2.1";"1.8 | 0.8";"3.6";"44 | 54";"14 | 1";"10 | 10";"11.7 | 14.5";"14.6 | 11.1";"9.2";"5.3 | 3.1";"4.5 | 5.5";"2.1 | 2.7";"2.2 | 3.6";"5.3";"4.4"
"China";"CHN";"Super League";"05-07-2026 08:35";"NS";"Shanghai Shenhua";"";"";"Zhejiang";"1.66";"4.22";"46 | 38";"65 | 51";"1";"52 | 54";"1.2 | 1.5";"48 | 47";"5.2 | 6.9";"10";"50 | 20";"30";"30 | 40";"30 | 30";"40 | 30";"40 | 50";"60 | 70";"70 | 70";"70 | 60";"2x2 | 1x1";"25.1";"1.9 | 1.5";"1.7 | 1.9";"3.5";"49 | 54";"11 | 8";"10 | 10";"13.1 | 13.4";"12 | 11.7";"9.2";"4.3 | 4.4";"4.8 | 5";"2.1 | 2.5";"1.7 | 1.8";"4";"4.4"
"China";"CHN";"League Two";"05-07-2026 05:00";"NS";"Shanxi Chongde Ronghai";"";"";"Shanghai Segenda";"";"";"70 | 66";"51 | 31";"";"47 | 44";"1.6 | 1.2";"46 | 51";"6.8 | 7.4";"";"";"";"40 | 30";"40 | 30";"20 | 40";"53 | 40";"80 | 60";"60 | 70";"60 | 70";"1x1 | 0x1";"20.8";"1.5 | 0.9";"1 | 1.1";"2.2";"50 | 45";"6 | 10";"10 | 10";"12.4 | 8.7";"9.7 | 10.8";"6.4";"3 | 2.6";"4.6 | 2.6";"1.7 | 2.1";"2.6 | 1.6";"4";"3.7"
"China";"CHN";"League Two";"05-07-2026 05:00";"NS";"Xiamen Feilu";"";"";"Shenzhen 2028";"";"";"74 | 63";"48 | 51";"";"48 | 52";"1.7 | 1.9";"39 | 50";"4.8 | 6";"";"";"";"50 | 60";"20 | 10";"30 | 30";"57 | 63";"70 | 70";"80 | 90";"50 | 40";"2x0 | 1x2";"20.8";"1.4 | 1.5";"0.9 | 1.2";"2.5";"49 | 54";"4 | 3";"10 | 10";"9.1 | 12.2";"9.4 | 10.8";"7.4";"3 | 3.6";"3.9 | 4.3";"2.1 | 1.5";"1.5 | 2.3";"3.7";"3.7"
"China";"CHN";"League Two";"05-07-2026 08:00";"NS";"Tai'an Tiankuang";"";"";"Changchun Xidu";"";"";"74 | 60";"31 | 17";"";"55 | 49";"1.3 | 0.6";"52 | 45";"10.4 | 14.8";"3";"0 | 100";"0";"30 | 0";"40 | 60";"30 | 40";"43 | 20";"70 | 60";"60 | 40";"70 | 100";"0x0 | 0x0";"20.6";"0.9 | 0.5";"0.9 | 1.3";"1.8";"55 | 48";"4 | 11";"10 | 10";"13.3 | 9.9";"7.3 | 10.7";"6.2";"2.6 | 3.8";"3.7 | 2.4";"2.3 | 1.4";"2.7 | 2.1";"4.2";"3.7"
"China";"CHN";"League Two";"05-07-2026 08:00";"NS";"Dalian Yingbo B";"";"";"Qingdao Red Lions";"";"";"77 | 80";"31 | 34";"";"52 | 46";"1.4 | 1.6";"52 | 40";"5.8 | 6.8";"";"";"";"30 | 40";"50 | 40";"20 | 20";"47 | 53";"80 | 80";"50 | 60";"70 | 60";"0x0 | 1x0";"17.2";"0.9 | 1";"0.8 | 0.7";"1.7";"46 | 46";"5 | 7";"10 | 10";"7.1 | 8.9";"8.1 | 10.2";"5";"2.9 | 2.4";"2 | 2.7";"1.7 | 2.6";"2.5 | 1.7";"4.2";"3.7"
"China";"CHN";"League Two";"05-07-2026 08:30";"NS";"Guizhou Zhucheng Athletic";"";"";"Jiangxi Lushan";"";"";"84 | 80";"61 | 41";"";"54 | 49";"2.2 | 1.9";"49 | 42";"6.2 | 6.1";"";"";"";"70 | 60";"10 | 10";"20 | 30";"73 | 63";"80 | 70";"90 | 90";"30 | 40";"1x0 | 0x2";"20.4";"1.8 | 1.2";"0.6 | 0.7";"2.2";"52 | 50";"1 | 6";"10 | 10";"13.7 | 9.1";"9.3 | 8.8";"6.8";"2.6 | 2.5";"5.1 | 3.5";"1.8 | 1.9";"1.5 | 0.8";"3";"3.7"
"China";"CHN";"League Two";"05-07-2026 08:30";"NS";"Hangzhou Linping Wuyue";"";"";"Wenzhou";"";"";"49 | 60";"31 | 27";"";"47 | 46";"1.3 | 1.2";"49 | 38";"8.7 | 9";"3";"67 | 33";"0";"30 | 30";"40 | 30";"30 | 40";"43 | 40";"70 | 60";"60 | 70";"70 | 70";"1x0 | 1x0";"21.5";"0.9 | 0.8";"1.6 | 1.3";"2.3";"45 | 44";"8 | 9";"10 | 10";"9.7 | 10.3";"12.1 | 10.9";"7.4";"4.8 | 4.1";"2.5 | 3.3";"1.5 | 1.4";"2 | 2";"3.4";"3.7"
"Ecuador";"ECU";"Superliga Femenina";"05-07-2026 12:30";"NS";"Independiente Valle W";"";"";"Macará W";"";"";"100 | 21";"100 | 54";"";"76 | 49";"2.8 | 1.2";"86 | 47";"3.2 | 8.4";"7";"86 | 0";"14";"90 | 40";"10 | 0";"0 | 60";"93 | 40";"100 | 40";"90 | 100";"10 | 60";"2x1 | 2x3";"24.7";"5.4 | 1.6";"0.4 | 2.4";"4.9";"64 | 47";"1 | 7";"10 | 10";"17.5 | 13.5";"4.2 | 14.2";"11.6";"1.7 | 7";"8.2 | 6.3";"0.7 | 2.2";"1.7 | 1.8";"3.2";"3.1"
"Ecuador";"ECU";"Superliga Femenina";"05-07-2026 14:00";"NS";"LDU Quito W";"";"";"Deportivo Ibarra W";"";"";"88 | 18";"100 | 65";"";"60 | 53";"2.5 | 1.6";"52 | 52";"3.8 | 6.6";"9";"56 | 22";"22";"80 | 50";"10 | 10";"10 | 40";"83 | 53";"90 | 60";"90 | 90";"20 | 50";"2x0 | 3x0";"23.4";"4 | 1.9";"0.5 | 2.5";"4.4";"55 | 53";"3 | 5";"10 | 10";"15 | 12.6";"8.5 | 10.8";"11.3";"4 | 5.4";"8.2 | 5";"1.8 | 1.5";"1.8 | 1.2";"3.2";"3.1"
"Ecuador";"ECU";"Superliga Femenina";"05-07-2026 16:30";"NS";"Universidad Católica W";"";"";"Quito FC W";"";"";"100 | 2";"100 | 44";"";"68 | 42";"2.5 | 0.6";"66 | 42";"6.3 | 8.5";"3";"67 | 0";"33";"80 | 20";"10 | 0";"10 | 80";"83 | 20";"90 | 20";"90 | 100";"20 | 80";"4x0 | 3x1";"24.2";"3.5 | 1.3";"0.3 | 4.1";"4.6";"60 | 36";"4 | 11";"10 | 10";"22 | 11";"5 | 10.5";"12.8";"4.2 | 5.5";"11 | 5";"1 | 1.2";"0.6 | 1.5";"2.2";"3.1"
"Estonia";"EST";"Meistriliiga";"05-07-2026 13:00";"NS";"Tammeka";"";"";"Harju Jalgpallikool";"";"";"84 | 35";"31 | 34";"";"48 | 47";"1.7 | 0.7";"51 | 53";"12.7 | 9.5";"10";"60 | 30";"10";"50 | 20";"20 | 10";"30 | 70";"57 | 23";"70 | 30";"80 | 90";"50 | 80";"1x0 | 1x0";"22.2";"0.9 | 1";"0.6 | 2";"2.2";"49 | 50";"5 | 8";"10 | 10";"11.4 | 9.5";"10.7 | 12.9";"8";"4.3 | 4.6";"4 | 3.2";"3.1 | 2.2";"2.6 | 2.4";"5.2";"4.5"
"Estonia";"EST";"Esiliiga A";"05-07-2026 09:00";"NS";"Flora II";"";"";"Levadia II";"";"";"56 | 42";"100 | 61";"";"51 | 58";"2.3 | 1.2";"61 | 76";"4.3 | 8.8";"10";"90 | 10";"0";"70 | 40";"20 | 0";"10 | 60";"77 | 40";"90 | 40";"80 | 100";"30 | 60";"3x1 | 2x1";"27";"3.1 | 1.8";"1.4 | 1.8";"4";"52 | 58";"3 | 7";"10 | 10";"13.3 | 15.8";"13 | 12";"12.4";"5.5 | 5.8";"7 | 6.5";"1.4 | 2.1";"2.3 | 2.9";"4.4";"4.4"
"Estonia";"EST";"Esiliiga A";"05-07-2026 09:00";"NS";"Nõmme Kalju U21";"";"";"Elva";"";"";"28 | 38";"61 | 58";"";"45 | 47";"1.3 | 1.3";"57 | 55";"6.7 | 6.8";"5";"40 | 40";"20";"40 | 40";"10 | 10";"50 | 50";"43 | 43";"50 | 50";"90 | 90";"60 | 60";"0x4 | 1x0";"25.8";"1.8 | 1.7";"2.2 | 1.9";"3.8";"48 | 48";"9 | 4";"10 | 10";"12.1 | 11.5";"16.2 | 11.9";"11.2";"7.2 | 5.4";"5.5 | 4.4";"1.8 | 1.7";"1.1 | 2.2";"3.4";"4.4"
"Estonia";"EST";"Esiliiga B";"05-07-2026 09:00";"NS";"Trans II";"";"";"Tulevik";"";"";"46 | 32";"88 | 100";"";"61 | 52";"1.7 | 2.2";"67 | 69";"7.9 | 4.8";"9";"44 | 33";"22";"50 | 70";"20 | 10";"30 | 20";"57 | 73";"70 | 80";"80 | 90";"50 | 30";"3x2 | 3x4";"28.8";"2.6 | 3.1";"1.7 | 2.1";"4.8";"56 | 52";"3 | 2";"10 | 10";"20.5 | 14.9";"9.5 | 12.8";"14";"5.4 | 6.1";"10.2 | 6.2";"1.6 | 2.8";"2.2 | 1.6";"4";"4.3"
"Estonia";"EST";"Esiliiga B";"05-07-2026 10:00";"NS";"Legion";"";"";"Tallinna Kalev II";"";"";"2 | 35";"31 | 75";"";"30 | 46";"0.6 | 0.8";"40 | 60";"9.6 | 5.1";"5";"80 | 20";"0";"20 | 20";"0 | 20";"80 | 60";"20 | 27";"20 | 40";"100 | 80";"80 | 80";"0x6 | 2x1";"30.2";"0.9 | 2.2";"4.8 | 2";"5";"38 | 48";"10 | 9";"10 | 10";"8.6 | 11.2";"24 | 16.6";"14.4";"12.4 | 6.9";"4.2 | 5.2";"2.6 | 1.9";"1 | 2.4";"4";"4.3"
"Estonia";"EST";"Esiliiga B";"05-07-2026 12:00";"NS";"Tabasalu";"";"";"Vaprus II";"";"";"28 | 35";"61 | 100";"";"46 | 47";"1.8 | 1.9";"60 | 51";"5.3 | 3.6";"";"";"";"60 | 60";"0 | 10";"40 | 30";"60 | 63";"60 | 70";"100 | 90";"40 | 40";"2x1 | 0x4";"23.7";"1.8 | 3.2";"2.2 | 2";"4.6";"44 | 48";"7 | 4";"10 | 10";"9.6 | 11.6";"12.1 | 14";"11.1";"5.5 | 6.4";"4.4 | 5.9";"1.7 | 2.8";"1.7 | 2.7";"4.4";"4.3"
"Fiji";"FIJ";"National Football League";"05-07-2026 00:00";"NS";"Navua";"";"";"Suva";"";"";"80 | 63";"37 | 54";"";"49 | 44";"1.4 | 1.3";"34 | 37";"4.4 | 6.3";"10";"40 | 30";"30";"30 | 30";"50 | 40";"20 | 30";"47 | 43";"80 | 70";"50 | 60";"70 | 70";"1x1 | 1x1";"15";"1.1 | 1.6";"0.7 | 1.2";"2.3";"46 | 47";"8 | 5";"10 | 10";"4.8 | 10.1";"4 | 11";"8.2";"2.8 | 4.3";"3.8 | 5.7";"2.6 | 2.6";"1.8 | 2.2";"4.6";"3.6"
"Fiji";"FIJ";"National Football League";"05-07-2026 00:00";"NS";"Ba";"";"";"Nadi";"";"";"77 | 42";"100 | 37";"";"";"1.7 | 0.7";"";"";"10";"50 | 0";"50";"50 | 20";"20 | 10";"30 | 70";"57 | 23";"70 | 30";"80 | 90";"50 | 80";"0x0 | 2x1";"";"3.2 | 1.1";"0.8 | 1.8";"3.4";"56 | 53";"1 | 7";"10 | 10";"";"";"";"";"";"";"";"";"3.6"
"Fiji";"FIJ";"National Football League";"05-07-2026 00:00";"NS";"Tailevu Naitasiri";"";"";"Nasinu";"";"";"2 | 2";"34 | 41";"";"29 | 34";"0.3 | 1.1";"23 | 26";"5 | 2.5";"5";"20 | 40";"40";"0 | 30";"30 | 20";"70 | 50";"10 | 37";"30 | 50";"70 | 80";"100 | 70";"3x3 | 1x2";"14.8";"1 | 1.2";"4.1 | 3.2";"4.8";"40 | 46";"10 | 6";"10 | 10";"5 | 3";"11.6 | 10";"11.4";"9.2 | 7.4";"4.6 | 1.6";"2.2 | 1.3";"1.7 | 1.2";"3.2";"3.6"
"Fiji";"FIJ";"National Football League";"05-07-2026 00:00";"NS";"Lautoka";"";"";"Rewa";"";"";"70 | 60";"75 | 48";"";"54 | 62";"2.1 | 1.4";"45 | 52";"5.2 | 7.3";"10";"40 | 40";"20";"60 | 40";"30 | 20";"10 | 40";"70 | 47";"90 | 60";"70 | 80";"40 | 60";"1x1 | 1x0";"17";"2.2 | 1.4";"1 | 1.3";"3";"50 | 56";"3 | 4";"10 | 10";"11.5 | 10.2";"6.2 | 6.2";"9";"2.2 | 4.5";"6 | 5.3";"1.2 | 1.4";"2.2 | 2.1";"3.5";"3.6"
"Finland";"FIN";"Ykkösliiga";"05-07-2026 12:30";"NS";"MP";"";"";"Haka";"4.32";"1.68";"46 | 60";"51 | 58";"2";"43 | 55";"1.3 | 1.9";"44 | 57";"6.9 | 6.4";"5";"20 | 80";"0";"40 | 60";"10 | 10";"50 | 30";"43 | 63";"50 | 70";"90 | 90";"60 | 40";"1x3 | 0x2";"21.6";"1.5 | 1.7";"1.7 | 1.3";"3.1";"49 | 54";"8 | 3";"10 | 10";"10.4 | 10.9";"12.2 | 9.8";"9.6";"5.5 | 4.1";"4.5 | 5.1";"1.4 | 2.7";"1.9 | 2.4";"4.2";"3.9"
"Finland";"FIN";"Kakkonen";"05-07-2026 08:00";"NS";"Ilves II";"";"";"EPS";"";"";"42 | 42";"92 | 65";"";"54 | 53";"1.9 | 1.3";"58 | 57";"4.3 | 5.5";"9";"33 | 56";"11";"50 | 40";"40 | 10";"10 | 50";"63 | 43";"90 | 50";"60 | 90";"50 | 60";"2x2 | 2x1";"21.2";"2.7 | 1.9";"1.8 | 1.8";"4.1";"53 | 54";"4 | 7";"10 | 10";"11.6 | 10.5";"10.6 | 9.8";"9.9";"4.8 | 5.1";"5 | 4.8";"1 | 1.6";"1.4 | 2.8";"3.4";"4.3"
"Finland";"FIN";"Kakkonen";"05-07-2026 12:00";"NS";"VPS II";"";"";"Huima / Urho";"";"";"18 | 28";"85 | 95";"";"54 | 53";"1.2 | 1.7";"57 | 59";"5.3 | 5.4";"";"";"";"30 | 50";"30 | 20";"40 | 30";"40 | 57";"60 | 70";"70 | 80";"70 | 50";"2x2 | 2x1";"26.8";"2.5 | 2.8";"2.5 | 2.2";"5";"51 | 50";"5 | 2";"10 | 10";"13.3 | 15.1";"13.4 | 11.8";"12.2";"6.1 | 5.8";"5.2 | 7.2";"1.3 | 2.4";"2 | 2";"3.8";"4.3"
"Finland";"FIN";"Kolmonen - Northern Group";"05-07-2026 10:00";"NS";"PonPa";"";"";"KaPa Kajaani";"";"";"2 | 66";"51 | 100";"";"38 | 51";"0.9 | 1.7";"51 | 47";"";"5";"40 | 60";"0";"20 | 50";"30 | 20";"50 | 30";"30 | 57";"50 | 70";"70 | 80";"80 | 50";"1x1 | 0x5";"";"1.5 | 3";"4.5 | 1.1";"5";"50 | 53";"9 | 7";"10 | 10";"";"";"";"";"";"1 | 1.3";"0.7 | 3";"3";"2.4"
"Finland";"FIN";"Kolmonen - Northern Group";"05-07-2026 11:00";"NS";"KePS";"";"";"KajHa";"";"";"52 | 56";"100 | 82";"";"52 | 52";"1.8 | 2.1";"39 | 48";"2.4 | 5.1";"6";"17 | 67";"17";"50 | 70";"30 | 0";"20 | 30";"60 | 70";"80 | 70";"70 | 100";"50 | 30";"0x3 | 1x2";"22";"3.4 | 2.4";"1.5 | 1.4";"4.4";"50 | 46";"4 | 2";"10 | 10";"8 | 12.2";"11.5 | 12.2";"8.2";"3.5 | 5.8";"3 | 4.2";"2 | 2.5";"1.5 | 0.8";"3.4";"2.4"
"Finland";"FIN";"Kolmonen - Southern Group";"05-07-2026 12:00";"NS";"VJS II";"";"";"Valtti";"";"";"32 | 38";"92 | 61";"";"49 | 42";"1.1 | 1.5";"57 | 45";"4.4 | 5.1";"";"";"";"30 | 50";"20 | 0";"50 | 50";"37 | 50";"50 | 50";"80 | 100";"70 | 50";"1x3 | 0x1";"23.8";"2.7 | 1.8";"2.1 | 1.9";"4.2";"52 | 49";"8 | 5";"10 | 10";"11.9 | 9.1";"12.5 | 14";"11.6";"6.3 | 5.4";"6.8 | 4.6";"1.8 | 3.8";"2.4 | 1.4";"4.7";"3.6"
"Faroe Islands";"FRO";"Meistaradeildin";"05-07-2026 11:00";"NS";"07 Vestur";"";"";"HB";"";"";"42 | 49";"31 | 54";"";"43 | 51";"1 | 1.4";"51 | 55";"10.3 | 7.3";"10";"0 | 90";"10";"30 | 40";"10 | 20";"60 | 40";"33 | 47";"40 | 60";"90 | 80";"70 | 60";"2x0 | 0x0";"22.5";"0.9 | 1.6";"1.8 | 1.6";"3";"45 | 52";"8 | 5";"10 | 10";"9.3 | 11.7";"14 | 10";"9.2";"5.6 | 4.1";"3.6 | 5.2";"2.1 | 1.9";"1 | 1.7";"3.4";"3.9"
"Germany";"GER";"Reg. Cup Bayern";"05-07-2026 08:00";"NS";"Kornburg";"";"";"Eltersdorf";"";"";"32 | 63";"44 | 54";"";"";"1.1 | 1.7";"";"";"8";"38 | 50";"12";"30 | 50";"20 | 20";"50 | 30";"37 | 57";"50 | 70";"80 | 80";"70 | 50";"0x4 | 0x0";"";"1.3 | 1.6";"2.1 | 1.2";"3.1";"";"";"10 | 10";"";"";"";"";"";"";"";"";""
"Germany";"GER";"Reg. Cup Bayern";"05-07-2026 10:00";"NS";"Aindling";"";"";"Landsberg";"";"";"35 | 63";"41 | 75";"";"";"0.9 | 1.9";"";"";"";"";"";"20 | 50";"30 | 40";"50 | 10";"30 | 63";"50 | 90";"70 | 60";"80 | 50";"0x1 | 1x1";"";"1.2 | 2.2";"2 | 1.2";"3.3";"";"";"10 | 10";"";"";"";"";"";"";"";"";""
"Iceland";"ISL";"U19 League B";"05-07-2026 15:00";"NS";"KA/D/KF/Hö/H U19 II";"";"";"Fjölnir / Vængir U19";"";"";"2 | 42";"37 | 100";"";"";"0.6 | 1.7";"";"";"";"";"";"20 | 50";"0 | 20";"80 | 30";"20 | 57";"20 | 70";"100 | 80";"80 | 50";"1x3 | 0x14";"";"1.1 | 4.3";"3.8 | 1.8";"5.5";"";"1 | 2";"10 | 10";"";"";"";"";"";"";"";"";"6"
"Iceland";"ISL";"U19 League C";"05-07-2026 10:00";"NS";"Breidablik II U19";"";"";"Austurland U19";"";"";"2 | 4";"82 | 61";"";"";"0.9 | 0.7";"";"";"";"";"";"22 | 20";"22 | 10";"56 | 70";"30 | 23";"44 | 30";"78 | 90";"78 | 80";"3x1 | 2x1";"";"2.4 | 1.8";"3.2 | 2.9";"5.2";"";"6 | 8";"9 | 10";"";"";"";"";"";"";"";"";"0"
"Iceland";"ISL";"U19 League C";"05-07-2026 10:00";"NS";"Selfoss Árb. Æ Stok U19";"";"";"Grotta / Kria U19";"";"";"";"";"";"";"";"";"";"";"";"";"";"";"";"";"";"";"";" | ";"";"";"";"";"";"";"";"";"";"";"";"";"";"";"";""
"Japan";"JPN";"Regional Leagues: Kyushu";"05-07-2026 03:30";"NS";"NIFS Kanoya FC";"";"";"Veroskronos Tsuno";"";"";"66 | 100";"27 | 100";"";"50 | 62";"0.9 | 3";"48 | 54";"14.4 | 4.9";"9";"0 | 100";"0";"20 | 100";"30 | 0";"50 | 0";"30 | 100";"50 | 100";"70 | 100";"80 | 0";"0x1 | 0x4";"22.5";"0.8 | 3.4";"1.1 | 0.2";"2.8";"54 | 60";"9 | 1";"10 | 10";"11.5 | 16.5";"9.5 | 7.5";"7.2";"2.5 | 1.2";"4.2 | 6.7";"0.7 | 0.8";"1.2 | 1.5";"2";"2"
"Japan";"JPN";"Regional Leagues: Chugoku";"05-07-2026 03:00";"NS";"Yonago Genki";"";"";"Variamore Aki";"";"";"42 | 18";"24 | 51";"";"";"0.8 | 1";"";"13.9 | 6.7";"";"";"";"20 | 30";"20 | 10";"60 | 60";"27 | 33";"40 | 40";"80 | 90";"80 | 70";"1x0 | 1x2";"23.2";"0.7 | 1.5";"1.8 | 2.5";"3.2";"52 | 43";"1 | 2";"10 | 10";"9.7 | 10";"13.3 | 13.5";"10.5";"5.7 | 6.8";"4 | 4.5";"1.3 | 2.3";"2.3 | 1";"3.5";""
"Japan";"JPN";"Regional Leagues: Chugoku";"05-07-2026 03:00";"NS";"Intl Pacific UFC";"";"";"Baleine Shimonoseki";"";"";"35 | 60";"27 | 51";"";"";"0.3 | 1.8";"";"12.2 | 9.3";"10";"30 | 50";"20";"10 | 50";"0 | 30";"90 | 20";"10 | 60";"10 | 80";"100 | 70";"90 | 50";"1x2 | 0x1";"22.2";"0.8 | 1.5";"2 | 1.3";"2.8";"56 | 61";"1 | 2";"10 | 10";"9.8 | 14";"11.8 | 9";"9.8";"4.8 | 3.3";"4 | 7.3";"0.8 | 0.7";"0.5 | 1.3";"1.6";""
"Japan";"JPN";"Regional Leagues: Kanto";"05-07-2026 03:00";"NS";"Aries Toshima";"";"";"Nihon University";"";"";"38 | 60";"27 | 31";"";"";"1 | 1.1";"";"";"2";"0 | 100";"0";"30 | 30";"10 | 20";"60 | 50";"33 | 37";"40 | 50";"90 | 80";"70 | 70";"0x2 | 2x0";"";"0.8 | 0.9";"1.9 | 1.3";"2.4";"";"4 | 9";"10 | 10";"";"";"";"";"";"";"";"";"0"
"Japan";"JPN";"Regional Leagues: Kanto";"05-07-2026 05:00";"NS";"Ryutsu Keizai Dragons";"";"";"Edo All United";"";"";"7 | 56";"31 | 48";"";"";"0.2 | 1.1";"";"";"";"";"";"0 | 25";"20 | 38";"80 | 38";"7 | 38";"20 | 62";"80 | 62";"100 | 75";"1x2 | 0x0";"";"0.9 | 1.4";"2.8 | 1.4";"3.2";"";"10 | 8";"10 | 8";"";"";"";"";"";"";"";"";"0"
"Japan";"JPN";"Regional Leagues: Kanto";"05-07-2026 06:00";"NS";"Toho Titanium";"";"";"Shibuya City";"";"";"88 | 74";"75 | 54";"";"";"2.6 | 1.3";"";"";"";"";"";"80 | 29";"20 | 43";"0 | 29";"87 | 43";"100 | 71";"80 | 57";"20 | 71";"2x1 | 0x0";"";"2.2 | 1.6";"0.5 | 0.9";"2.6";"";"1 | 5";"10 | 7";"";"";"";"";"";"";"";"";"0"
"Japan";"JPN";"Regional Leagues: Kanto";"05-07-2026 06:00";"NS";"Tokyo United";"";"";"Nankatsu";"";"";"80 | 70";"44 | 58";"";"";"2 | 1.9";"";"";"8";"62 | 38";"0";"60 | 50";"20 | 40";"20 | 10";"67 | 63";"80 | 90";"80 | 60";"40 | 50";"1x0 | 0x2";"";"1.3 | 1.7";"0.7 | 1";"2.4";"";"2 | 3";"10 | 10";"";"";"";"";"";"";"";"";"0"
"Japan";"JPN";"Regional Leagues: Tokai";"05-07-2026 01:00";"NS";"Yazaki Valente";"";"";"Mosuperio";"";"";"63 | 63";"27 | 65";"";"";"0.9 | 2.2";"";"";"2";"0 | 100";"0";"20 | 70";"30 | 10";"50 | 20";"30 | 73";"50 | 80";"70 | 90";"80 | 30";"1x1 | 1x2";"";"0.8 | 1.9";"1.2 | 1.2";"2.6";"";"5 | 3";"10 | 10";"";"";"";"";"";"";"";"";"3.4"
"Japan";"JPN";"Regional Leagues: Tokai";"05-07-2026 02:00";"NS";"Tokai";"";"";"Atletico";"";"";"38 | 66";"34 | 20";"";"36 | 47";"0.8 | 0.7";"32 | 41";"6.5 | 12.8";"";"";"";"25 | 10";"0 | 40";"75 | 50";"25 | 23";"25 | 50";"100 | 60";"75 | 90";"0x1 | 0x0";"18.5";"1 | 0.6";"1.9 | 1.1";"2.3";"37 | 47";"8 | 7";"8 | 10";"6.5 | 7.7";"13.5 | 9.3";"8.6";"6.5 | 4.1";"3.5 | 3";"3 | 1.4";"0.5 | 1.7";"3.3";"3.4"
"Japan";"JPN";"Regional Leagues: Tokai";"05-07-2026 05:00";"NS";"Fujieda City Hall";"";"";"Chukyo University FC II";"";"";"56 | 42";"37 | 34";"";"";"1.4 | 0.8";"";"";"9";"44 | 33";"22";"30 | 20";"50 | 20";"20 | 60";"47 | 27";"80 | 40";"50 | 80";"70 | 80";"1x1 | 1x1";"";"1.1 | 1";"1.4 | 1.8";"2.6";"";"4 | 9";"10 | 10";"";"";"";"";"";"";"";"";"3.4"
"Kazakhstan";"KAZ";"Premier League";"05-07-2026 11:00";"NS";"Aktobe";"";"";"Zhetysu";"1.60";"5.36";"77 | 52";"44 | 48";"1";"54 | 44";"1.6 | 1";"44 | 34";"10 | 7.2";"10";"60 | 30";"10";"40 | 20";"40 | 40";"20 | 40";"53 | 33";"80 | 60";"60 | 60";"60 | 80";"1x1 | 3x2";"22.5";"1.3 | 1.4";"0.8 | 1.5";"2.5";"55 | 48";"7 | 9";"10 | 10";"13 | 10.1";"11.3 | 10.6";"10.6";"5.8 | 4.2";"6.7 | 4.6";"3.1 | 2.9";"2.7 | 2.3";"5.5";"4.7"
"Kazakhstan";"KAZ";"Premier League";"05-07-2026 11:00";"NS";"Atyrau";"";"";"Kaspiy";"2.02";"3.52";"70 | 60";"24 | 27";"5";"38 | 36";"1.1 | 1";"30 | 26";"8.6 | 7.6";"7";"43 | 43";"14";"20 | 30";"50 | 10";"30 | 60";"37 | 33";"70 | 40";"50 | 90";"80 | 70";"1x1 | 0x1";"19.6";"0.7 | 0.8";"1 | 1.3";"1.9";"42 | 44";"8 | 14";"10 | 10";"6 | 8.1";"12.1 | 12.9";"6.8";"4.8 | 3.3";"2.8 | 2.6";"2 | 2.8";"1.9 | 2";"4.4";"4.7"
"Kazakhstan";"KAZ";"Premier League";"05-07-2026 12:00";"NS";"Kaisar";"";"";"Irtysh";"2.08";"3.39";"60 | 56";"37 | 24";"5";"48 | 48";"1.3 | 0.4";"38 | 46";"7.1 | 18.1";"10";"70 | 10";"20";"30 | 0";"40 | 40";"30 | 60";"43 | 13";"70 | 40";"60 | 60";"70 | 100";"2x1 | 1x0";"24.8";"1.1 | 0.7";"1.3 | 1.4";"2.2";"43 | 50";"11 | 15";"10 | 10";"8.3 | 12.7";"13.9 | 14.6";"10";"5.1 | 6.1";"3.8 | 5";"2.1 | 2";"3.1 | 2.4";"4.8";"4.7"
"Kazakhstan";"KAZ";"Premier League";"05-07-2026 12:00";"NS";"Ordabasy";"";"";"Ulytau";"1.35";"8.45";"100 | 66";"65 | 27";"1";"64 | 50";"2.8 | 1.3";"58 | 45";"7.5 | 16.1";"3";"33 | 67";"0";"90 | 30";"10 | 40";"0 | 30";"93 | 43";"100 | 70";"90 | 60";"10 | 70";"1x0 | 1x1";"24.2";"1.9 | 0.8";"0.3 | 1.1";"2";"57 | 50";"1 | 6";"10 | 10";"14.3 | 12.9";"7.5 | 13.8";"9.4";"2.3 | 5.8";"5.7 | 5";"2.6 | 2.5";"1.9 | 3";"5";"4.7"
"Kyrgyzstan";"KGZ";"Top Liga";"05-07-2026 21:00";"POSTPONED";"Bars";"";"";"FTs Bishkek";"";"";"56 | 63";"78 | 34";"";"52 | 47";"1.7 | 1.2";"50 | 45";"1 | 4.7";"";"";"";"50 | 20";"20 | 60";"30 | 20";"57 | 40";"70 | 80";"80 | 40";"50 | 80";"2x1 | 1x1";"7.5";"2.3 | 1";"1.4 | 1.2";"3";"51 | 50";"5 | 11";"10 | 10";"2.3 | 4.7";"3.7 | 4.3";"4.7";"3 | 2.3";"1.7 | 2.4";"2 | 1";"2.7 | 2.9";"4.3";"4"
"South Korea";"KOR";"Korean Cup";"05-07-2026 06:00";"NS";"Geoje Citizen";"";"";"Incheon Seogot";"";"";"49 | 2";"71 | 24";"";"";"1.4 | 1";"";"4.8 | 7.9";"";"";"";"40 | 33";"20 | 0";"40 | 67";"47 | 33";"60 | 33";"80 | 100";"60 | 67";"1x2 | 1x2";"17.6";"2.1 | 0.7";"1.6 | 5";"4.7";"";"";"10 | 3";"10.1 | 4";"8 | 13";"9";"4 | 6.5";"5.1 | 2.5";"";"";"";"2"
"South Korea";"KOR";"Korean Cup";"05-07-2026 06:00";"NS";"Namyangju";"";"";"Jungnang Chorus Mustang";"";"";"49 | 52";"48 | 48";"";"48 | 56";"1.2 | 1.2";"42 | 55";"7.5 | 10.2";"6";"33 | 17";"50";"30 | 30";"30 | 30";"40 | 40";"40 | 40";"60 | 60";"70 | 70";"70 | 70";"0x1 | 2x1";"23";"1.4 | 1.4";"1.6 | 1.5";"3";"41 | 57";"";"10 | 10";"10.5 | 14.3";"9.2 | 12";"10.9";"4.3 | 6.1";"4.5 | 6.8";"1.3 | 1.8";"1.7 | 1.1";"3";"2"
"South Korea";"KOR";"Korean Cup";"05-07-2026 07:00";"NS";"Pyeongtaek Citizen";"";"";"Yeoju Sejong";"";"";"25 | 56";"37 | 41";"";"46 | 46";"0.5 | 1.2";"47 | 42";"11.9 | 6.2";"4";"50 | 50";"0";"10 | 30";"20 | 30";"70 | 40";"17 | 40";"30 | 60";"80 | 70";"90 | 70";"0x2 | 0x1";"23.5";"1.1 | 1.2";"2.3 | 1.4";"3";"46 | 49";"";"10 | 10";"13.1 | 7.4";"15.8 | 10.7";"9.4";"6.8 | 4.4";"4.5 | 3.2";"2.3 | 2.4";"2.8 | 2.2";"4.8";"2"
"South Korea";"KOR";"Korean Cup";"05-07-2026 07:00";"NS";"Gyeongju HNP";"";"";"Seosan Pioneer";"";"";"49 | 28";"41 | 27";"";"53 | 43";"0.9 | 0.6";"44 | 36";"7.3 | 10.7";"";"";"";"10 | 20";"60 | 0";"30 | 80";"30 | 20";"70 | 20";"40 | 100";"90 | 80";"2x2 | 2x0";"18.6";"1.2 | 0.8";"1.6 | 2.2";"2.9";"55 | 44";"";"10 | 10";"8.8 | 8.6";"8.8 | 11";"8.4";"4.6 | 4.5";"4.2 | 3.6";"1.6 | 1.5";"2.4 | 1.9";"3.7";"2"
"South Korea";"KOR";"Korean Cup";"05-07-2026 07:00";"NS";"Busan Transportation";"";"";"Gijang United";"";"";"74 | 52";"61 | 44";"";"50 | 43";"1.8 | 1.4";"46 | 36";"5.8 | 5.5";"";"";"";"50 | 40";"30 | 20";"20 | 40";"60 | 47";"80 | 60";"70 | 80";"50 | 60";"1x1 | 2x0";"18.4";"1.8 | 1.3";"0.9 | 1.5";"2.8";"48 | 50";"";"10 | 10";"10.5 | 7.1";"8.1 | 11.1";"8.5";"2.9 | 5";"6 | 3.1";"1.4 | 1.7";"1.1 | 1.4";"2.8";"2"
"South Korea";"KOR";"K League 2";"05-07-2026 07:30";"NS";"Jeonnam Dragons";"";"";"Busan I'Park";"3.27";"2.01";"56 | 63";"31 | 68";"5";"49 | 44";"0.5 | 2.2";"55 | 44";"9 | 3.6";"10";"20 | 50";"30";"0 | 70";"50 | 10";"50 | 20";"17 | 73";"50 | 80";"50 | 90";"100 | 30";"0x1 | 1x2";"16.4";"0.9 | 2";"1.4 | 1.2";"2.8";"48 | 45";"16 | 1";"10 | 10";"8.1 | 7.1";"9.1 | 8.4";"6.9";"3.9 | 3.7";"2.8 | 3.4";"1.9 | 1.7";"2 | 1.5";"3.6";"4.2"
"South Korea";"KOR";"K League 2";"05-07-2026 07:30";"NS";"Gyeongnam";"";"";"Cheonan City";"2.54";"2.63";"49 | 66";"44 | 48";"5";"51 | 49";"1.2 | 1.6";"47 | 51";"6.5 | 5.6";"9";"44 | 22";"33";"30 | 40";"30 | 40";"40 | 20";"40 | 53";"60 | 80";"70 | 60";"70 | 60";"0x2 | 0x1";"16.2";"1.3 | 1.4";"1.6 | 1.1";"2.7";"50 | 49";"11 | 9";"10 | 10";"8.5 | 7.8";"7 | 9.2";"6.1";"2.4 | 3";"3.7 | 3.1";"3.2 | 2.1";"1.7 | 1.5";"4.2";"4.2"
"South Korea";"KOR";"K League 2";"05-07-2026 07:30";"NS";"Gimpo";"";"";"Chungnam Asan";"1.69";"4.55";"63 | 66";"51 | 48";"1";"52 | 49";"1.7 | 1.4";"52 | 50";"5.9 | 6.2";"10";"50 | 20";"30";"40 | 30";"50 | 50";"10 | 20";"57 | 47";"90 | 80";"50 | 50";"60 | 70";"1x0 | 0x0";"17.8";"1.5 | 1.4";"1.2 | 1.1";"2.6";"50 | 51";"6 | 8";"10 | 10";"8.9 | 8.7";"7.4 | 10.6";"7";"3.1 | 3.8";"3.3 | 3.8";"2.2 | 2";"1.8 | 1.4";"3.7";"4.2"
"South Korea";"KOR";"K League 2";"05-07-2026 07:30";"NS";"Gimhae City";"";"";"Seoul E.";"5.05";"1.56";"38 | 63";"31 | 61";"2";"43 | 56";"0.6 | 1.9";"45 | 53";"8.3 | 6.8";"";"";"";"10 | 60";"30 | 10";"60 | 30";"20 | 63";"40 | 70";"70 | 90";"90 | 40";"1x1 | 1x3";"19.2";"0.9 | 1.8";"1.9 | 1.2";"2.9";"46 | 54";"17 | 3";"10 | 10";"7.5 | 12.2";"11.8 | 7";"7.9";"4.4 | 2.5";"3.5 | 5.4";"2 | 2.1";"2.3 | 1.7";"4";"4.2"
"Lithuania";"LTU";"A Lyga";"05-07-2026 12:45";"NS";"FA Šiauliai";"";"";"Žalgiris";"";"";"28 | 60";"41 | 44";"";"45 | 53";"0.6 | 1.4";"43 | 47";"6.9 | 7.2";"10";"10 | 70";"20";"10 | 40";"30 | 20";"60 | 40";"20 | 47";"40 | 60";"70 | 80";"90 | 60";"1x1 | 0x0";"20";"1.2 | 1.3";"2.2 | 1.3";"3";"50 | 54";"9 | 6";"10 | 10";"8.3 | 9.3";"12.8 | 9.7";"8.2";"5.3 | 3.8";"4 | 3.4";"1.9 | 1.7";"1.6 | 2.1";"3.6";"4.1"
"Latvia";"LVA";"Virsliga";"05-07-2026 10:00";"NS";"Grobiņa";"";"";"Tukums";"";"";"56 | 25";"20 | 61";"";"46 | 44";"0.7 | 0.9";"47 | 43";"12 | 6";"10";"50 | 30";"20";"10 | 20";"40 | 30";"50 | 50";"23 | 30";"50 | 50";"60 | 70";"90 | 80";"0x2 | 1x1";"26";"0.6 | 1.8";"1.4 | 2.3";"3";"46 | 45";"9 | 8";"10 | 10";"9.2 | 14.2";"13.2 | 15.3";"9.3";"4.4 | 5.3";"3.1 | 5.8";"2.3 | 2";"2.1 | 2.1";"4.2";"4.4"
"Latvia";"LVA";"First Liga";"05-07-2026 09:00";"NS";"Rīgas FS II";"";"";"Super Nova II";"";"";"28 | 52";"37 | 54";"";"43 | 43";"0.7 | 1.5";"52 | 50";"7.8 | 6.1";"";"";"";"20 | 40";"10 | 30";"70 | 30";"23 | 50";"30 | 70";"90 | 70";"80 | 60";"1x2 | 1x1";"21.8";"1.1 | 1.6";"2.2 | 1.5";"3.2";"47 | 47";"10 | 6";"10 | 10";"8.6 | 9.8";"13.6 | 11.8";"8.8";"5.4 | 4.6";"3.3 | 4.1";"1.8 | 1.8";"2.1 | 2.2";"4";"4.4"
"Latvia";"LVA";"First Liga";"05-07-2026 09:00";"NS";"Valmiera";"";"";"Leevon / PPK";"";"";"70 | 56";"75 | 78";"";"55 | 54";"2.3 | 2.3";"66 | 64";"5.7 | 5.6";"";"";"";"70 | 70";"20 | 20";"10 | 10";"77 | 77";"90 | 90";"80 | 80";"30 | 30";"2x0 | 0x0";"24.1";"2.2 | 2.3";"1 | 1.4";"3.4";"54 | 53";"2 | 4";"10 | 10";"12.6 | 12.8";"11.2 | 11.6";"10.2";"3.8 | 4.5";"6.7 | 5.4";"2.7 | 2.6";"2.3 | 3.1";"5.4";"4.4"
"Macau";"MAC";"Primeira Division";"05-07-2026 08:00";"NS";"Chiba";"";"";"Cheng Fung";"";"";"38 | 28";"100 | 65";"";"55 | 42";"1.7 | 1.2";"55 | 42";"4.8 | 6.2";"3";"67 | 33";"0";"50 | 30";"20 | 30";"30 | 40";"57 | 40";"70 | 60";"80 | 70";"50 | 70";"0x0 | 0x0";"26.8";"3.1 | 1.9";"1.9 | 2.2";"4.6";"50 | 47";"4 | 5";"10 | 10";"14.8 | 11.8";"11.1 | 16";"11.8";"4.9 | 7.5";"6.4 | 4.7";"1.9 | 1.5";"1.8 | 2.7";"4";"3.9"
"Macau";"MAC";"Primeira Division";"05-07-2026 10:00";"NS";"Universidade de Macau";"";"";"Hang Sai SC";"";"";"2 | 7";"31 | 68";"";"31 | 45";"0 | 0.8";"32 | 47";"7.4 | 6.6";"4";"25 | 50";"25";"0 | 20";"0 | 20";"100 | 60";"0 | 27";"0 | 40";"100 | 80";"100 | 80";"0x3 | 2x1";"27.3";"0.9 | 2";"4.4 | 2.8";"5";"40 | 42";"10 | 8";"10 | 10";"6.7 | 13.1";"21 | 13.8";"12.9";"10.2 | 6.1";"3.5 | 6";"1.3 | 1.5";"0.7 | 2.1";"2.8";"3.9"
"Moldova";"MDA";"Super Liga";"05-07-2026 12:00";"NS";"Dacia-Buiucani";"";"";"Sireți";"";"";"42 | 49";"20 | 44";"";"38 | 49";"0.1 | 1.4";"43 | 55";"9.3 | 7.6";"3";"67 | 0";"33";"0 | 40";"10 | 20";"90 | 40";"3 | 47";"10 | 60";"90 | 80";"100 | 60";"1x2 | 0x1";"19.5";"0.6 | 1.3";"1.8 | 1.6";"2.6";"42 | 50";"6 | 7";"10 | 10";"5.6 | 10.6";"11.1 | 11.6";"7.3";"3.2 | 5.7";"2 | 3.7";"2.8 | 2.1";"2.7 | 2.4";"5";""
"Moldova";"MDA";"Super Liga";"05-07-2026 14:00";"NS";"Zimbru";"";"";"CSF Bălți";"";"";"84 | 52";"65 | 27";"";"58 | 49";"2 | 1.1";"52 | 49";"4.1 | 8.8";"10";"70 | 20";"10";"60 | 30";"20 | 20";"20 | 50";"67 | 37";"80 | 50";"80 | 80";"40 | 70";"0x0 | 2x0";"12.4";"1.9 | 0.8";"0.6 | 1.5";"2.4";"54 | 50";"4 | 1";"10 | 10";"7.7 | 7";"4.3 | 5.9";"5";"1.5 | 3.3";"2.8 | 2.5";"1.6 | 2.3";"2.3 | 1.9";"4";""
"Nicaragua";"NCA";"Copa Nicaragua";"05-07-2026 20:00";"NS";"Rancho Santana";"";"";"Managua";"";"";"28 | 60";"58 | 78";"";"45 | 51";"1.1 | 2";"47 | 47";"5.4 | 5";"8";"0 | 75";"25";"30 | 60";"20 | 20";"50 | 20";"37 | 67";"50 | 80";"80 | 80";"70 | 40";"0x0 | 1x2";"22.3";"1.7 | 2.3";"2.2 | 1.3";"3.8";"48 | 51";"";"10 | 10";"9.2 | 11.5";"13 | 10.9";"9.3";"5.5 | 3.9";"3.8 | 5.5";"3.6 | 3";"2 | 2.6";"5.6";"4.4"
"Norway";"NOR";"1. Division";"05-07-2026 14:15";"NS";"Odd";"";"";"Haugesund";"2.23";"2.65";"60 | 32";"58 | 100";"5";"56 | 58";"1.7 | 1.9";"58 | 61";"7.3 | 5";"10";"20 | 40";"40";"50 | 60";"20 | 10";"30 | 30";"57 | 63";"70 | 70";"80 | 90";"50 | 40";"1x0 | 0x2";"23.5";"1.7 | 3";"1.3 | 2.1";"4";"57 | 58";"5 | 2";"10 | 10";"12.4 | 15";"10.3 | 9.4";"10.8";"4.4 | 4.4";"5.4 | 7.3";"1.5 | 1.4";"1.8 | 2.2";"3.4";"3.4"
"Paraguay";"PAR";"Campeonato Femenino";"05-07-2026 15:00";"NS";"Sportivo Luqueño W";"";"";"2 de Mayo W";"";"";"2 | 2";"20 | 37";"";"40 | 36";"0.5 | 0.6";"43 | 36";"10 | 5";"4";"25 | 75";"0";"10 | 20";"20 | 0";"70 | 80";"17 | 20";"30 | 20";"80 | 100";"90 | 80";"1x1 | 3x1";"18.5";"0.6 | 1.1";"3.5 | 3.2";"4.2";"41 | 38";"11 | 10";"10 | 10";"6 | 6.8";"11.7 | 12.6";"8.4";"5.2 | 6.4";"2.6 | 2.5";"2.2 | 1.3";"2 | 2.2";"3.8";"3.9"
"Paraguay";"PAR";"Campeonato Femenino";"05-07-2026 17:15";"NS";"Sportivo Trinidense W";"";"";"Deportivo Recoleta W";"";"";"35 | 14";"44 | 48";"";"53 | 31";"1.4 | 1";"58 | 32";"7.5 | 4.4";"3";"33 | 0";"67";"40 | 30";"20 | 10";"40 | 60";"47 | 33";"60 | 40";"80 | 90";"60 | 70";"0x0 | 1x0";"22";"1.3 | 1.4";"2 | 2.6";"3.6";"47 | 39";"6 | 8";"10 | 10";"9.8 | 6.1";"7.1 | 21";"10.3";"3.6 | 9.6";"4.4 | 3";"2.8 | 2.2";"3.1 | 0.8";"4.4";"3.9"
"Paraguay";"PAR";"Campeonato Femenino";"05-07-2026 19:30";"NS";"Rubio Ñú";"";"";"Sportivo Ameliano W";"";"";"2 | 2";"31 | 31";"";"33 | 38";"0.8 | 0.4";"32 | 40";"5.8 | 3.6";"";"";"";"22 | 10";"11 | 10";"67 | 80";"26 | 13";"33 | 20";"89 | 90";"78 | 90";"0x1 | 2x0";"18";"0.9 | 0.9";"3.4 | 3.9";"4.6";"40 | 42";"9 | 12";"9 | 10";"5.2 | 4.5";"14 | 12.2";"8.9";"7.5 | 6";"2.5 | 1.8";"2.2 | 1.6";"2.6 | 1.6";"4.1";"3.9"
"Réunion";"REU";"Regionale 1";"05-07-2026 08:30";"NS";"Jeanne d'Arc";"";"";"Saint-Louisienne";"";"";"38 | 38";"61 | 41";"";"";"1.4 | 0.7";"";"";"5";"60 | 0";"40";"40 | 10";"20 | 40";"40 | 50";"47 | 23";"60 | 50";"80 | 60";"60 | 90";"0x0 | 2x2";"";"1.8 | 1.2";"1.9 | 1.9";"3.4";"";"7 | 13";"10 | 10";"";"";"";"";"";"";"";"";"0"
"Réunion";"REU";"Regionale 1";"05-07-2026 08:30";"NS";"Trois Bassins";"";"";"Saint-Denis";"";"";"84 | 63";"44 | 48";"";"";"1.7 | 1.3";"";"";"9";"11 | 78";"11";"40 | 30";"50 | 40";"10 | 30";"57 | 43";"90 | 70";"50 | 60";"60 | 70";"0x0 | 1x0";"";"1.3 | 1.4";"0.6 | 1.2";"2.2";"";"4 | 9";"10 | 10";"";"";"";"";"";"";"";"";"0"
"Réunion";"REU";"Regionale 1";"05-07-2026 08:30";"NS";"ES Dominicaine";"";"";"Stade Tamponnaise";"";"";"88 | 88";"37 | 41";"";"";"1.6 | 1.9";"";"";"3";"33 | 33";"33";"40 | 50";"40 | 40";"20 | 10";"53 | 63";"80 | 90";"60 | 60";"60 | 50";"0x0 | 0x0";"";"1.1 | 1.2";"0.5 | 0.5";"1.6";"";"6 | 1";"10 | 10";"";"";"";"";"";"";"";"";"0"
"Réunion";"REU";"Regionale 1";"05-07-2026 08:30";"NS";"Bagatelle Sainte-Suzanne";"";"";"Bénédictine";"";"";"46 | 46";"20 | 37";"";"";"0.5 | 1.1";"";"";"";"";"";"10 | 30";"20 | 20";"70 | 50";"17 | 37";"30 | 50";"80 | 80";"90 | 70";"1x3 | 2x1";"";"0.6 | 1.1";"1.7 | 1.7";"2.6";"";"14 | 10";"10 | 10";"";"";"";"";"";"";"";"";"0"
"Réunion";"REU";"Regionale 1";"05-07-2026 08:30";"NS";"Excelsior";"";"";"Ville Sainte-Suzanne";"";"";"88 | 49";"31 | 34";"";"";"1.7 | 0.9";"";"";"";"";"";"40 | 20";"50 | 30";"10 | 50";"57 | 30";"90 | 50";"50 | 70";"60 | 80";"1x0 | 0x0";"";"0.9 | 1";"0.5 | 1.6";"2";"";"2 | 12";"10 | 10";"";"";"";"";"";"";"";"";"0"
"Réunion";"REU";"Regionale 1";"05-07-2026 08:30";"NS";"Saint-Pierroise";"";"";"Sainte-Rose";"";"";"66 | 49";"34 | 37";"";"";"1.5 | 1.1";"";"";"7";"57 | 0";"43";"40 | 30";"30 | 20";"30 | 50";"50 | 37";"70 | 50";"70 | 80";"60 | 70";"0x0 | 2x1";"";"1 | 1.1";"1.1 | 1.6";"2.4";"";"5 | 11";"10 | 10";"";"";"";"";"";"";"";"";"0"
"Réunion";"REU";"Regionale 1";"05-07-2026 08:30";"NS";"Piton Saint-Leu";"";"";"St Pauloise FC";"";"";"70 | 77";"27 | 61";"";"";"1.1 | 1.7";"";"";"3";"33 | 33";"33";"20 | 40";"50 | 50";"30 | 10";"37 | 57";"70 | 90";"50 | 50";"80 | 60";"0x0 | 0x0";"";"0.8 | 1.8";"1 | 0.8";"2.2";"";"8 | 3";"10 | 10";"";"";"";"";"";"";"";"";"0"
"Russia";"RUS";"FNL 2 - Group 1";"05-07-2026 10:30";"NS";"Dinamo Makhachkala 2";"";"";"Shakhter Donetsk";"";"";"32 | 80";"20 | 68";"";"45 | 58";"0.5 | 2.3";"53 | 58";"12 | 3.5";"";"";"";"10 | 70";"20 | 20";"70 | 10";"17 | 77";"30 | 90";"80 | 80";"90 | 30";"0x3 | 0x3";"15.8";"0.6 | 2";"2.1 | 0.7";"2.7";"45 | 52";"15 | 3";"10 | 10";"7.2 | 7";"11.7 | 5.7";"5.2";"4.2 | 1.7";"1.8 | 2.7";"1.8 | 1.7";"1.7 | 1.8";"3.4";"3.8"
"Russia";"RUS";"FNL 2 - Group 2";"05-07-2026 10:00";"NS";"Luki-Energiya";"";"";"Cherepovets";"";"";"88 | 52";"58 | 41";"";"66 | 37";"2.4 | 1.3";"72 | 32";"3.5 | 4.1";"3";"0 | 67";"33";"70 | 40";"30 | 10";"0 | 50";"80 | 43";"100 | 50";"70 | 90";"30 | 60";"1x1 | 0x1";"10.8";"1.7 | 1.2";"0.5 | 1.5";"2.4";"55 | 37";"2 | 7";"10 | 10";"5.9 | 4.9";"4.8 | 6";"3";"0.7 | 1.4";"1.7 | 2.1";"1.9 | 2";"1.9 | 1";"3.4";"3.9"
"Russia";"RUS";"FNL 2 - Group 2";"05-07-2026 12:00";"NS";"Torpedo Vladimir";"";"";"Kosmos Dolgoprudny";"";"";"80 | 46";"37 | 41";"";"48 | 54";"1.8 | 1.1";"43 | 48";"7.9 | 4.8";"2";"0 | 50";"50";"50 | 30";"30 | 20";"20 | 50";"60 | 37";"80 | 50";"70 | 80";"50 | 70";"1x0 | 2x0";"14.4";"1.1 | 1.2";"0.7 | 1.7";"2.4";"50 | 52";"6 | 11";"10 | 10";"8.7 | 5.7";"8.1 | 6.3";"4.4";"2.7 | 2.4";"1.9 | 1.9";"1.8 | 2.9";"1.9 | 1.4";"4";"3.9"
"Russia";"RUS";"FNL 2 - Group 2";"05-07-2026 12:00";"NS";"Spartak Moskva II";"";"";"Murom";"";"";"52 | 84";"34 | 54";"";"52 | 66";"1.3 | 1.9";"64 | 47";"7.1 | 5.1";"";"";"";"40 | 60";"10 | 10";"50 | 30";"43 | 63";"50 | 70";"90 | 90";"60 | 40";"0x2 | 0x1";"13.1";"1 | 1.6";"1.5 | 0.6";"2.4";"52 | 62";"10 | 5";"10 | 10";"7.1 | 8.1";"6.9 | 4.1";"4.4";"2.3 | 1.1";"2.4 | 3";"2.2 | 1.5";"2.2 | 2.3";"4.1";"3.9"
"Russia";"RUS";"FNL 2 - Group 2";"05-07-2026 13:00";"NS";"Dinamo Vologda";"";"";"Yenisey II";"";"";"56 | 21";"34 | 31";"";"52 | 40";"0.9 | 0.4";"49 | 37";"7 | 3.1";"7";"57 | 14";"29";"20 | 10";"30 | 10";"50 | 80";"30 | 13";"50 | 20";"70 | 90";"80 | 90";"0x1 | 2x0";"10.3";"1 | 0.9";"1.4 | 2.4";"2.8";"53 | 44";"8 | 14";"10 | 10";"7 | 2.8";"5.9 | 4.9";"3.6";"2.3 | 2.2";"1.7 | 1";"2.3 | 1.8";"3.2 | 1.3";"4.3";"3.9"
"Russia";"RUS";"FNL 2 - Group 4";"05-07-2026 05:00";"NS";"Ural 2";"";"";"Chelyabinsk II";"";"";"42 | 66";"61 | 34";"";"41 | 39";"1.2 | 1.3";"44 | 33";"4.3 | 5.3";"3";"0 | 0";"100";"30 | 30";"30 | 40";"40 | 30";"40 | 43";"60 | 70";"70 | 60";"70 | 70";"1x1 | 1x1";"15.1";"1.8 | 1";"1.8 | 1.1";"2.8";"42 | 44";"7 | 10";"10 | 10";"7.7 | 5.8";"8.8 | 8";"5.8";"3.4 | 2.4";"4 | 1.8";"1.9 | 2.2";"2.1 | 2.2";"4.2";"4.3"
"Russia";"RUS";"FNL 2 - Group 4";"05-07-2026 07:00";"NS";"Dinamo Barnaul";"";"";"KDV";"";"";"42 | 60";"37 | 48";"";"45 | 62";"1 | 1.7";"35 | 81";"6.4 | 4.4";"3";"0 | 67";"33";"20 | 50";"40 | 20";"40 | 30";"33 | 57";"60 | 70";"60 | 80";"80 | 50";"1x1 | 0x0";"13.6";"1.1 | 1.4";"1.8 | 1.3";"2.8";"44 | 58";"11 | 3";"10 | 10";"7.2 | 6.1";"8.4 | 5.2";"4.6";"3.2 | 2";"2.4 | 1.6";"1.9 | 1.8";"1.6 | 1.8";"3.5";"4.3"
"Russia";"RUS";"FNL 2 - Group 4";"05-07-2026 07:00";"NS";"Akron II";"";"";"Zenit Izhevsk";"";"";"42 | 60";"58 | 48";"";"59 | 55";"1 | 1.4";"61 | 48";"4.1 | 4.4";"";"";"";"30 | 30";"10 | 50";"60 | 20";"33 | 47";"40 | 80";"90 | 50";"70 | 70";"1x2 | 1x1";"12";"1.7 | 1.4";"1.8 | 1.3";"3.1";"57 | 52";"6 | 8";"10 | 10";"7 | 6.2";"5.5 | 5.4";"4.7";"2.2 | 2.4";"2.4 | 2.4";"1.4 | 3.1";"2.2 | 2.3";"4.6";"4.3"
"Russia";"RUS";"FNL 2 - Group 4";"05-07-2026 09:00";"NS";"Nosta";"";"";"Orenburg II";"";"";"35 | 42";"14 | 44";"";"32 | 53";"0.3 | 1";"34 | 47";"13.2 | 5.8";"10";"30 | 50";"20";"0 | 20";"30 | 40";"70 | 40";"10 | 33";"30 | 60";"70 | 60";"100 | 80";"0x2 | 0x3";"14";"0.4 | 1.3";"2 | 1.8";"2.8";"39 | 52";"12 | 5";"10 | 10";"5.3 | 7.6";"7.1 | 8";"5";"2.3 | 3.4";"1.1 | 3.1";"1.8 | 2.3";"2.6 | 2.6";"4.6";"4.3"
"Russia";"RUS";"FNL 2 - Group 4";"05-07-2026 10:00";"NS";"Pobeda Nizhny Novgorod";"";"";"Khimik Dzerzhinsk";"";"";"66 | 84";"92 | 88";"";"49 | 70";"2.4 | 2.8";"43 | 89";"2.7 | 2.7";"";"";"";"80 | 90";"0 | 10";"20 | 0";"80 | 93";"80 | 100";"100 | 90";"20 | 10";"3x2 | 0x2";"11.5";"2.7 | 2.6";"1.1 | 0.6";"3.5";"51 | 62";"2 | 1";"10 | 10";"7.4 | 7.1";"4.7 | 3.8";"4.6";"1.4 | 1.3";"3.2 | 3.2";"2.3 | 1.7";"2 | 1.8";"3.8";"4.3"
"Russia";"RUS";"FNL 2 - Group 4";"05-07-2026 12:00";"NS";"Rubin Kazan' II";"";"";"Krylya Sovetov Samara II";"";"";"49 | 70";"37 | 24";"";"44 | 50";"1.2 | 1";"40 | 40";"6.1 | 11.3";"7";"57 | 0";"43";"30 | 20";"30 | 40";"40 | 40";"40 | 33";"60 | 60";"70 | 60";"70 | 80";"1x0 | 1x0";"15.8";"1.1 | 0.7";"1.6 | 1";"2.2";"46 | 51";"9 | 4";"10 | 10";"6.7 | 7.9";"8.7 | 8.4";"4.6";"3.4 | 1.9";"2.6 | 1.2";"2.4 | 1.7";"1.4 | 2";"3.8";"4.3"
"United States";"USA";"USL Championship";"05-07-2026 20:00";"NS";"Miami FC II";"";"";"Birmingham Legion";"";"";"42 | 74";"54 | 37";"";"44 | 48";"1.4 | 1.2";"41 | 48";"4.8 | 7";"10";"20 | 50";"30";"40 | 20";"20 | 60";"40 | 20";"47 | 40";"60 | 80";"80 | 40";"60 | 80";"0x0 | 1x1";"24";"1.6 | 1.1";"1.8 | 0.9";"2.7";"48 | 49";"14 | 22";"10 | 10";"9.9 | 11.5";"13.8 | 12.9";"7.6";"4.6 | 3.7";"3.4 | 3.4";"2.8 | 2.1";"1.8 | 2.1";"4.4";"4.6"
"United States";"USA";"USL League Two";"05-07-2026 16:00";"NS";"St. Croix";"";"";"Edgewater Castle";"";"";"7 | 0";"48 | 48";"";"43 | 49";"0.9 | 0.7";"49 | 50";"7.6 | 7.3";"";"";"";"30 | 22";"0 | 0";"70 | 78";"30 | 22";"30 | 22";"100 | 100";"70 | 78";"1x3 | 2x1";"23.7";"1.4 | 1.4";"2.8 | 3";"4.3";"47 | 49";"7 | 8";"10 | 9";"10.9 | 10.2";"15.9 | 10.5";"11.5";"8.1 | 5.5";"4.1 | 5.2";"1.6 | 2.5";"1.1 | 2.3";"3.8";"4"
"United States";"USA";"USL League Two";"05-07-2026 17:00";"NS";"Eagle FC";"";"";"West Chester United II";"";"";"10 | 42";"31 | 54";"";"";"0.4 | 1.3";"";"";"";"";"";"10 | 40";"10 | 10";"80 | 50";"13 | 43";"20 | 50";"90 | 90";"90 | 60";"1x3 | 1x3";"";"0.9 | 1.6";"2.7 | 1.8";"3.5";"";"9 | 6";"10 | 10";"";"";"";"";"";"";"";"";"4"
"United States";"USA";"USL League Two";"05-07-2026 17:00";"NS";"Project 51O";"";"";"Davis Legacy";"";"";"60 | 35";"75 | 54";"";"56 | 62";"2.2 | 0.9";"48 | 54";"5.7 | 7.1";"8";"88 | 12";"0";"70 | 20";"10 | 30";"20 | 50";"73 | 30";"80 | 50";"90 | 70";"30 | 80";"2x1 | 2x1";"19.7";"2.2 | 1.6";"1.3 | 2";"3.6";"53 | 53";"2 | 5";"10 | 10";"12.6 | 11.3";"6.8 | 8.7";"9.8";"3.8 | 5.2";"6.8 | 3.8";"2.7 | 1.5";"1.2 | 1.9";"3.6";"4"
"United States";"USA";"USL League Two";"05-07-2026 18:00";"NS";"Virginia Marauders";"";"";"Bethesda SC";"";"";"2 | 25";"10 | 68";"";"32 | 39";"0.3 | 1.4";"34 | 47";"22.7 | 2.6";"";"";"";"10 | 40";"0 | 20";"90 | 40";"10 | 47";"10 | 60";"100 | 80";"90 | 60";"0x3 | 0x1";"21.6";"0.3 | 2";"3.1 | 2.3";"3.8";"43 | 44";"10 | 9";"10 | 10";"6.8 | 5.2";"15.8 | 15.5";"10.5";"9.2 | 6.2";"2.2 | 3.2";"2.8 | 2";"1.2 | 1.8";"3.9";"4"
"United States";"USA";"USL League Two";"05-07-2026 18:00";"NS";"West Seattle Junction";"";"";"Oly Town";"";"";"42 | 28";"61 | 51";"";"52 | 45";"1 | 1.1";"58 | 48";"4.2 | 2.8";"5";"20 | 40";"40";"30 | 30";"10 | 20";"60 | 50";"33 | 37";"40 | 50";"90 | 80";"70 | 70";"1x2 | 0x0";"12.9";"1.8 | 1.5";"1.8 | 2.2";"3.6";"51 | 47";"7 | 6";"10 | 10";"7.6 | 4.2";"6.9 | 7.2";"6.6";"4.1 | 4.4";"2.9 | 1.8";"2.6 | 2";"3.4 | 1.6";"4.8";"4"
"United States";"USA";"USL League Two";"05-07-2026 18:00";"NS";"Ballard";"";"";"Tacoma Stars";"";"";"70 | 28";"82 | 68";"";"56 | 48";"2.5 | 1.1";"63 | 53";"3.8 | 2";"5";"40 | 20";"40";"80 | 30";"10 | 20";"10 | 50";"83 | 37";"90 | 50";"90 | 80";"20 | 70";"2x0 | 2x1";"11.8";"2.4 | 2";"1 | 2.2";"3.8";"56 | 45";"1 | 4";"10 | 10";"9 | 3.9";"6.2 | 4.4";"6.3";"2.8 | 2.1";"5.2 | 2.4";"1.5 | 2.4";"1.8 | 1.9";"3.7";"4"
"United States";"USA";"USL League Two";"05-07-2026 19:00";"NS";"North Carolina II";"";"";"Asheville City";"";"";"46 | 80";"58 | 68";"";"53 | 56";"1.7 | 2.1";"57 | 56";"6.3 | 7";"";"";"";"50 | 60";"20 | 30";"30 | 10";"57 | 70";"70 | 90";"80 | 70";"50 | 40";"3x2 | 0x2";"21";"1.7 | 2";"1.7 | 0.7";"3";"50 | 54";"6 | 4";"10 | 10";"10.7 | 14";"8.3 | 9";"9";"3.7 | 3.7";"4.7 | 6";"1.7 | 1.7";"2 | 1.7";"3.5";"4"
"United States";"USA";"USL League Two";"05-07-2026 19:00";"NS";"San Francisco City";"";"";"Academica";"";"";"66 | 18";"99 | 65";"";"53 | 44";"2.5 | 0.9";"38 | 42";"3.9 | 6.2";"7";"14 | 43";"43";"80 | 20";"10 | 30";"10 | 50";"83 | 30";"90 | 50";"90 | 70";"20 | 80";"2x0 | 5x3";"22.6";"2.9 | 1.9";"1.1 | 2.5";"4.2";"55 | 42";"1 | 6";"10 | 10";"11.2 | 11.7";"7.8 | 14.7";"12.4";"4.4 | 8.7";"6 | 5.7";"2 | 2.7";"2.8 | 2.3";"4.9";"4"
"United States";"USA";"USL League Two";"05-07-2026 20:00";"NS";"Pennsylvania Classics";"";"";"Reading United";"";"";"10 | 46";"48 | 58";"";"";"0.9 | 1.3";"";"";"";"";"";"20 | 40";"30 | 10";"50 | 50";"30 | 43";"50 | 50";"70 | 90";"80 | 60";"1x1 | 1x4";"";"1.4 | 1.7";"2.7 | 1.7";"3.8";"";"8 | 4";"10 | 10";"";"";"";"";"";"";"";"";"4"
"United States";"USA";"USL League Two";"05-07-2026 20:00";"NS";"Christos";"";"";"Loudoun United II";"";"";"10 | 32";"51 | 82";"";"46 | 48";"1.1 | 1.6";"56 | 54";"7.7 | 4.1";"";"";"";"30 | 50";"20 | 10";"50 | 40";"37 | 53";"50 | 60";"80 | 90";"70 | 50";"1x5 | 4x1";"23.6";"1.5 | 2.4";"2.7 | 2.1";"4.4";"45 | 46";"4 | 6";"10 | 10";"11.5 | 9.8";"13.6 | 12.2";"10.6";"5.8 | 4.7";"6.1 | 4.5";"1.9 | 2.2";"2.1 | 2";"4.1";"4"
"United States";"USA";"USL League Two";"05-07-2026 20:00";"NS";"Little Rock Rangers";"";"";"Louisiana Krewe";"";"";"77 | 49";"58 | 78";"";"";"2.2 | 1.9";"";"";"10";"40 | 20";"40";"70 | 60";"10 | 10";"20 | 30";"73 | 63";"80 | 70";"90 | 90";"30 | 40";"1x0 | 0x1";"";"1.7 | 2.3";"0.8 | 1.6";"3.2";"";"1 | 2";"10 | 10";"";"";"";"";"";"";"";"";"4"
"United States";"USA";"USL League Two";"05-07-2026 20:00";"NS";"Bigfoot";"";"";"Bangers";"";"";"2 | 52";"37 | 54";"";"44 | 55";"0.5 | 2.1";"54 | 58";"6.1 | 4.8";"3";"67 | 33";"0";"10 | 70";"20 | 0";"70 | 30";"17 | 70";"30 | 70";"80 | 100";"90 | 30";"0x3 | 1x2";"15.8";"1.1 | 1.6";"3.2 | 1.5";"3.7";"46 | 55";"8 | 3";"10 | 10";"6.7 | 7.7";"11.2 | 6";"8";"6.2 | 2.7";"3.1 | 4";"2.1 | 1.2";"1.9 | 1.8";"3.5";"4"
"United States";"USA";"USL League Two";"05-07-2026 20:00";"NS";"Miami";"";"";"Miami AC";"";"";"14 | 49";"54 | 54";"";"34 | 43";"1.1 | 1.5";"31 | 39";"4 | 5.6";"8";"25 | 38";"38";"30 | 40";"20 | 30";"50 | 30";"37 | 50";"50 | 70";"80 | 70";"70 | 60";"0x3 | 1x1";"20.2";"1.6 | 1.6";"2.6 | 1.6";"3.7";"43 | 53";"6 | 3";"10 | 10";"6.4 | 9";"13.6 | 11.3";"9";"6 | 4.7";"3.2 | 4";"3.8 | 2.5";"2.8 | 1.5";"5.3";"4"
"United States";"USA";"USL League Two";"05-07-2026 20:30";"NS";"Ironbound";"";"";"Staten Island Athletic";"";"";"66 | 18";"75 | 37";"";"62 | 40";"2.6 | 0.4";"67 | 41";"7.4 | 9.1";"4";"25 | 50";"25";"80 | 10";"20 | 10";"0 | 80";"87 | 13";"100 | 20";"80 | 90";"20 | 90";"1x0 | 1x0";"23.7";"2.2 | 1.1";"1.1 | 2.5";"3.4";"57 | 39";"2 | 9";"10 | 10";"16.3 | 10";"8.3 | 12.7";"10.4";"3.7 | 5.7";"7.3 | 4";"1.3 | 2";"1 | 2.3";"3.3";"4"
"United States";"USA";"USL League Two";"05-07-2026 20:30";"NS";"East Atlanta";"";"";"Birmingham Legion II";"";"";"14 | 28";"31 | 44";"";"50 | 47";"0.3 | 0.7";"47 | 44";"9.8 | 5.2";"4";"25 | 0";"75";"0 | 10";"30 | 40";"70 | 50";"10 | 23";"30 | 50";"70 | 60";"100 | 90";"1x1 | 2x2";"17.8";"0.9 | 1.3";"2.6 | 2.2";"3.5";"46 | 53";"7 | 6";"10 | 10";"8.8 | 6.8";"10 | 10";"7.2";"4.2 | 4.2";"3 | 3.2";"2 | 1.8";"1.8 | 2";"3.8";"4"
"United States";"USA";"USL League Two";"05-07-2026 21:00";"NS";"Northern Virginia";"";"";"Patuxent";"";"";"32 | 2";"88 | 10";"";"55 | 30";"1.2 | 0";"65 | 40";"4.9 | 13.3";"7";"86 | 14";"0";"30 | 0";"30 | 0";"40 | 100";"40 | 0";"60 | 0";"70 | 100";"70 | 100";"0x1 | 1x0";"23.9";"2.6 | 0.3";"2.1 | 4.2";"4.6";"53 | 36";"7 | 11";"10 | 10";"12.8 | 4";"12.2 | 18.8";"10.8";"6 | 9.8";"5 | 0.8";"1.2 | 3.2";"2.7 | 0.5";"3.8";"4"
"United States";"USA";"USL League Two";"05-07-2026 21:00";"NS";"Marin";"";"";"SF Glens";"";"";"2 | 56";"75 | 31";"";"45 | 49";"0.8 | 1.3";"40 | 38";"5.8 | 9";"9";"33 | 56";"11";"20 | 40";"20 | 10";"60 | 50";"27 | 43";"40 | 50";"80 | 90";"80 | 60";"1x3 | 1x2";"22.8";"2.2 | 0.9";"3.4 | 1.4";"4";"54 | 47";"7 | 4";"10 | 10";"12.8 | 8.1";"14.8 | 9.9";"12.9";"8.2 | 4.9";"8.6 | 4.1";"2 | 2";"1.7 | 3";"4.4";"4"
"United States";"USA";"USL League Two";"05-07-2026 22:00";"NS";"City SC";"";"";"Redlands";"";"";"21 | 56";"65 | 65";"";"46 | 53";"1.2 | 1.8";"43 | 52";"5.1 | 6.5";"2";"50 | 50";"0";"40 | 50";"0 | 30";"60 | 20";"40 | 60";"40 | 80";"100 | 70";"60 | 50";"1x3 | 1x1";"20.8";"1.9 | 1.9";"2.4 | 1.4";"3.8";"48 | 50";"";"10 | 10";"9.7 | 12.3";"9.3 | 10.3";"10.2";"4.5 | 6";"4 | 6";"1.8 | 1.5";"2.5 | 2";"3.9";"4"
"United States";"USA";"USL League One";"05-07-2026 20:00";"NS";"Westchester SC";"";"";"Athletic Club Boise";"";"";"52 | 38";"51 | 48";"";"47 | 54";"0.8 | 1.3";"53 | 52";"6.8 | 6.8";"";"";"";"20 | 40";"20 | 10";"60 | 50";"27 | 43";"40 | 50";"80 | 90";"80 | 60";"0x1 | 0x1";"26.2";"1.5 | 1.4";"1.5 | 1.9";"3.2";"50 | 54";"14 | 7";"10 | 10";"12.3 | 13.5";"13.9 | 12.7";"9.2";"4.8 | 4.3";"5.2 | 4.1";"1.9 | 2.5";"2.8 | 3.3";"5.2";"5.1"
"United States";"USA";"MLS Next Pro";"05-07-2026 18:00";"NS";"Connecticut United";"";"";"Carolina Core";"";"";"46 | 56";"58 | 37";"";"52 | 46";"1.1 | 1.1";"50 | 47";"6.2 | 7.8";"";"";"";"30 | 30";"20 | 20";"50 | 50";"37 | 37";"50 | 50";"80 | 80";"70 | 70";"1x2 | 3x2";"24.6";"1.7 | 1.1";"1.7 | 1.4";"3";"44 | 44";"12 | 14";"10 | 10";"12.9 | 11";"11.8 | 13.5";"10.2";"4.7 | 5.4";"6.2 | 4";"2.5 | 1.8";"2.8 | 2";"4.6";"4.5"
"United States";"USA";"MLS Next Pro";"05-07-2026 19:00";"NS";"FC Cincinnati II";"";"";"New York RB II";"";"";"38 | 49";"34 | 78";"";"48 | 56";"0.9 | 1.6";"48 | 58";"8 | 5.2";"8";"38 | 50";"12";"30 | 50";"0 | 10";"70 | 40";"30 | 53";"30 | 60";"100 | 90";"70 | 50";"0x1 | 1x2";"25.5";"1 | 2.3";"1.9 | 1.6";"3.4";"42 | 57";"15 | 3";"10 | 10";"10.3 | 15";"15.1 | 10.6";"11.2";"5.9 | 5.9";"3.9 | 6.6";"3.2 | 2.5";"2 | 2.1";"4.9";"4.5"
"United States";"USA";"MLS Next Pro";"05-07-2026 20:00";"NS";"New England II";"";"";"Philadelphia Union II";"";"";"70 | 49";"51 | 31";"";"56 | 45";"2 | 1";"58 | 40";"6.7 | 9.1";"10";"50 | 30";"20";"60 | 30";"20 | 10";"20 | 60";"67 | 33";"80 | 40";"80 | 90";"40 | 70";"1x0 | 1x0";"23.4";"1.5 | 0.9";"1 | 1.6";"2.5";"50 | 43";"4 | 11";"10 | 10";"12.8 | 10.5";"8.2 | 15.2";"9";"2.8 | 6.1";"5.5 | 3.5";"2.3 | 2.8";"3 | 2.3";"5.2";"4.5"
"United States";"USA";"MLS Next Pro";"05-07-2026 20:00";"NS";"Crown Legacy";"";"";"Orlando City II";"";"";"42 | 52";"71 | 78";"";"56 | 52";"1.4 | 1.8";"52 | 55";"4 | 5.1";"9";"22 | 44";"33";"30 | 50";"50 | 30";"20 | 20";"47 | 60";"80 | 80";"50 | 70";"70 | 50";"2x2 | 2x2";"26.3";"2.1 | 2.3";"1.8 | 1.5";"3.8";"55 | 59";"2 | 5";"10 | 10";"11.9 | 14.9";"12.2 | 13.6";"10.2";"4.8 | 4.8";"4.4 | 6.4";"2 | 1.9";"3.4 | 1.9";"4.6";"4.5"
"United States";"USA";"MLS Next Pro";"05-07-2026 20:00";"NS";"Houston Dynamo FC II";"";"";"Minnesota United II";"";"";"60 | 49";"61 | 54";"";"47 | 53";"1.7 | 1.2";"51 | 55";"6 | 6.3";"10";"50 | 20";"30";"50 | 30";"20 | 30";"30 | 40";"57 | 40";"70 | 60";"80 | 70";"50 | 70";"1x3 | 0x0";"27.4";"1.8 | 1.6";"1.3 | 1.6";"3.2";"49 | 50";"2 | 7";"10 | 10";"13.9 | 13.6";"15.5 | 11.7";"11.2";"5.7 | 5.8";"5.8 | 5";"3 | 1.8";"2.7 | 2.1";"4.8";"4.5"
"United States";"USA";"MLS Next Pro";"05-07-2026 21:00";"NS";"Huntsville City";"";"";"Chicago Fire II";"";"";"38 | 42";"65 | 61";"";"47 | 43";"1.3 | 1.4";"43 | 42";"4.6 | 4.8";"7";"29 | 29";"43";"40 | 40";"10 | 20";"50 | 40";"43 | 47";"50 | 60";"90 | 80";"60 | 60";"1x2 | 2x1";"24";"1.9 | 1.8";"1.9 | 1.8";"3.7";"45 | 49";"13 | 9";"10 | 10";"11.2 | 11.2";"13.5 | 12";"9.9";"5.4 | 5";"5.5 | 3.8";"2.3 | 2.2";"1.9 | 1.6";"4";"4.5"
"United States";"USA";"MLS Next Pro";"05-07-2026 21:30";"NS";"Austin II";"";"";"Colorado Rapids II";"";"";"100 | 46";"82 | 20";"";"48 | 47";"2.8 | 0.6";"44 | 50";"4 | 15";"10";"40 | 30";"30";"90 | 10";"10 | 30";"0 | 60";"93 | 20";"100 | 40";"90 | 70";"10 | 90";"2x0 | 2x0";"24";"2.4 | 0.6";"0.4 | 1.7";"2.6";"46 | 52";"";"10 | 10";"11.2 | 11.1";"11.6 | 14.2";"9.1";"3.3 | 5.3";"5.5 | 4.1";"2.4 | 2.8";"2.2 | 2";"4.7";"4.5"
"United States";"USA";"MLS Next Pro";"05-07-2026 22:00";"NS";"Los Angeles FC 2";"";"";"Real Monarchs";"";"";"56 | 38";"54 | 44";"";"53 | 51";"1.9 | 1";"56 | 50";"6.3 | 7.3";"10";"30 | 40";"30";"60 | 30";"10 | 10";"30 | 60";"63 | 33";"70 | 40";"90 | 90";"40 | 70";"2x1 | 3x1";"25.5";"1.6 | 1.3";"1.4 | 1.9";"3.1";"54 | 54";"";"10 | 10";"13.8 | 13.3";"12.1 | 11.8";"9.8";"4.4 | 5";"4.9 | 5.3";"2.4 | 3";"2.8 | 2.8";"5.5";"4.5"
"United States";"USA";"MLS Next Pro";"05-07-2026 23:00";"NS";"Tacoma Defiance";"";"";"Portland Timbers II";"";"";"63 | 56";"51 | 54";"";"47 | 54";"1.7 | 1.9";"46 | 55";"5.6 | 6.2";"10";"30 | 60";"10";"50 | 60";"20 | 10";"30 | 30";"57 | 63";"70 | 70";"80 | 90";"50 | 40";"1x0 | 0x1";"24.7";"1.5 | 1.6";"1.2 | 1.4";"2.8";"45 | 47";"";"10 | 10";"11.7 | 14.7";"12.6 | 10.4";"8.9";"3.9 | 4.4";"4.1 | 5.4";"2.1 | 2.7";"1.7 | 2.5";"4.5";"4.5"
"United States";"USA";"UWS";"05-07-2026 22:00";"NS";"San Fernando Valley W";"";"";"SoCal W";"";"";"2 | 52";"27 | 95";"";"";"0 | 2.4";"";"";"";"";"";"0 | 80";"0 | 0";"100 | 20";"0 | 80";"0 | 80";"100 | 100";"100 | 20";"0x3 | 0x1";"";"0.8 | 2.8";"4.4 | 1.5";"4.8";"";"";"5 | 10";"";"";"";"";"";"";"";"";"0"
"Vietnam";"VIE";"U21 Championship";"05-07-2026 04:30";"NS";"Đồng Nai U21";"";"";"Tây Ninh U21";"";"";"70 | 38";"20 | 34";"";"";"1 | 0.8";"32 | 25";"11.7 | 4.4";"4";"50 | 50";"0";"20 | 20";"40 | 20";"40 | 60";"33 | 27";"60 | 40";"60 | 80";"80 | 80";"0x0 | 1x0";"16.9";"0.6 | 1";"1 | 1.9";"2.2";"40 | 36";"1 | 2";"10 | 10";"7 | 4.4";"8 | 14.4";"7.4";"4.3 | 6.6";"2.7 | 1.2";"2 | 2";"1.3 | 1.4";"3.4";""
"Vietnam";"VIE";"U21 Championship";"05-07-2026 04:30";"NS";"Mê Kông Cần Thơ U21";"";"";"HV An Giang U21";"";"";"";"";"";"";"";"";"";"";"";"";"";"";"";"";"";"";"";" | ";"";"";"";"";"";"";"";"";"";"";"";"";"";"";"";""
"Vietnam";"VIE";"U21 Championship";"05-07-2026 05:00";"NS";"TP Hồ Chí Minh U21";"";"";"Đà Nẵng U21";"";"";"42 | 84";"44 | 34";"";"";"1 | 1.5";"26 | 39";"7.7 | 8.6";"2";"0 | 100";"0";"20 | 30";"40 | 60";"40 | 10";"33 | 50";"60 | 90";"60 | 40";"80 | 70";"0x0 | 0x0";"16";"1.3 | 1";"1.8 | 0.6";"2.4";"44 | 61";"1 | 2";"10 | 10";"10 | 8.6";"7.8 | 5.6";"8.8";"4.3 | 2.4";"6.2 | 4.6";"2.8 | 1.9";"1 | 1.9";"3.8";""
"Vietnam";"VIE";"U21 Championship";"05-07-2026 05:00";"NS";"Hoàng Anh Gia Lai U21 I";"";"";"TĐTT Gia Lai U21";"";"";"";"";"";"";"";"";"";"";"";"";"";"";"";"";"";"";"";" | ";"";"";"";"";"";"";"";"";"";"";"";"";"";"";"";""
"Vietnam";"VIE";"U21 Championship";"05-07-2026 05:30";"NS";"Thể Công – Viettel U21";"";"";"Hà Nội Bulls U21";"";"";"";"";"";"";"";"";"";"";"";"";"";"";"";"";"";"";"";" | ";"";"";"";"";"";"";"";"";"";"";"";"";"";"";"";""
"Vietnam";"VIE";"U21 Championship";"05-07-2026 05:30";"NS";"Hà Nội U21";"";"";"PVF Vietnam U21";"";"";"84 | 63";"61 | 41";"";"54 | 52";"1.9 | 1.2";"42 | 30";"6.7 | 6.2";"6";"67 | 17";"17";"50 | 20";"40 | 60";"10 | 20";"63 | 40";"90 | 80";"60 | 40";"50 | 80";"1x1 | 1x1";"16.6";"1.8 | 1.2";"0.6 | 1.2";"2.4";"55 | 44";"1 | 2";"10 | 10";"12.1 | 7.4";"6 | 7.6";"7.8";"2 | 3.9";"6.8 | 2.9";"2 | 1.8";"2 | 1";"3.4";""
"Vietnam";"VIE";"U21 Championship";"05-07-2026 06:00";"NS";"PVF-CAND U21";"";"";"Thanh Hóa U21";"";"";"84 | 66";"65 | 85";"";"";"2.3 | 1.7";"";"6 | 6.3";"3";"33 | 0";"67";"70 | 50";"20 | 20";"10 | 30";"77 | 57";"90 | 70";"80 | 80";"30 | 50";"1x0 | 2x0";"20.7";"1.9 | 2.5";"0.6 | 1.1";"3";"48 | 60";"1 | 2";"10 | 10";"11.4 | 15.8";"9.2 | 5";"10";"4 | 2.5";"5.8 | 7.7";"3.2 | 2";"3.2 | 1.8";"5.1";""
"Vietnam";"VIE";"U21 Championship";"05-07-2026 06:00";"NS";"Công An Hà Nội U21";"";"";"SLNA U21";"";"";"38 | 80";"34 | 65";"";"";"1 | 1.7";"";"8 | 5.2";"3";"67 | 33";"0";"30 | 40";"10 | 50";"60 | 10";"33 | 57";"40 | 90";"90 | 50";"70 | 60";"0x2 | 0x0";"18";"1 | 1.9";"1.9 | 0.7";"2.8";"46 | 53";"1 | 2";"10 | 10";"8 | 9.8";"12.5 | 5.6";"9.4";"8 | 2";"3.5 | 5.2";"3.5 | 2";"2 | 2.2";"4.8";""
"Argentina";"ARG";"Primera Division Women";"05-07-2026 14:00";"NS";"Boca Juniors W";"";"";"Lanús W";"";"";"77 | 60";"34 | 24";"";"62 | 45";"1.4 | 1.1";"65 | 53";"11.4 | 11.3";"3";"100 | 0";"0";"40 | 30";"20 | 20";"40 | 50";"47 | 37";"60 | 50";"80 | 80";"60 | 70";"0x1 | 1x0";"17.3";"1 | 0.7";"0.8 | 1.3";"1.9";"57 | 49";"8 | 13";"10 | 10";"11.4 | 7.9";"6 | 9.3";"8";"3.2 | 4.9";"4.4 | 3.5";"1.7 | 2.2";"2.1 | 1.1";"3.6";"4.4"
"Argentina";"ARG";"Primera Division Women";"05-07-2026 14:00";"NS";"Ferro Carril Oeste W";"";"";"San Luis W";"";"";"80 | 70";"34 | 41";"";"50 | 47";"1.4 | 1.2";"46 | 47";"6.3 | 7.5";"4";"25 | 50";"25";"40 | 20";"20 | 60";"40 | 20";"47 | 40";"60 | 80";"80 | 40";"60 | 80";"0x1 | 1x1";"17";"1 | 1.2";"0.7 | 1";"2";"50 | 49";"7 | 10";"10 | 10";"6.6 | 9";"7.6 | 10.7";"7";"3.1 | 4.4";"2.4 | 4.1";"2.4 | 2.1";"2.6 | 1.8";"4.4";"4.4"
"Argentina";"ARG";"Primera Division Women";"05-07-2026 14:00";"NS";"Talleres de Córdoba W";"";"";"Unión W";"";"";"80 | 21";"58 | 14";"";"58 | 40";"1.9 | 0.2";"69 | 39";"7.3 | 10.7";"";"";"";"50 | 0";"40 | 20";"10 | 80";"63 | 7";"90 | 20";"60 | 80";"50 | 100";"1x1 | 1x0";"18.8";"1.7 | 0.4";"0.7 | 2.4";"2.6";"55 | 50";"4 | 16";"10 | 10";"12.4 | 4.3";"6.8 | 14";"9";"3 | 6.9";"6.1 | 1.9";"2.3 | 2.9";"2.5 | 1.3";"4.5";"4.4"
"Argentina";"ARG";"Primera Division Women";"05-07-2026 14:00";"NS";"San Lorenzo W";"";"";"Independiente W";"";"";"100 | 49";"71 | 24";"";"52 | 47";"2.5 | 1";"55 | 49";"4.4 | 10.3";"6";"33 | 33";"33";"80 | 30";"10 | 10";"10 | 60";"83 | 33";"90 | 40";"90 | 90";"20 | 70";"1x0 | 0x1";"15.8";"2.1 | 0.7";"0.3 | 1.6";"2.3";"52 | 48";"2 | 14";"10 | 10";"9.3 | 7.2";"5.9 | 9.2";"6.9";"1.8 | 3.8";"4.8 | 3.4";"2.3 | 1";"2 | 3.2";"4.2";"4.4"
"Argentina";"ARG";"Primera Division Women";"05-07-2026 14:00";"NS";"Racing Club W";"";"";"Huracán W";"";"";"80 | 77";"68 | 14";"";"57 | 47";"2.3 | 1.1";"62 | 46";"6.4 | 17.7";"6";"67 | 0";"33";"70 | 20";"20 | 50";"10 | 30";"77 | 37";"90 | 70";"80 | 50";"30 | 80";"1x0 | 0x0";"19.4";"2 | 0.4";"0.7 | 0.8";"2";"50 | 45";"1 | 12";"10 | 10";"12.9 | 8";"8.1 | 9.7";"8.4";"3.6 | 3.4";"6.3 | 3.4";"2.2 | 1.2";"2.5 | 1.1";"3.5";"4.4"
"Argentina";"ARG";"Primera Division Women";"05-07-2026 14:00";"NS";"Newell's Old Boys W";"";"";"Belgrano W";"";"";"42 | 84";"10 | 17";"";"39 | 55";"0.4 | 1.3";"40 | 55";"17 | 17.8";"5";"40 | 20";"40";"10 | 30";"10 | 40";"80 | 30";"13 | 43";"20 | 70";"90 | 60";"90 | 70";"0x1 | 0x0";"15.6";"0.3 | 0.5";"1.8 | 0.6";"1.6";"46 | 51";"15 | 11";"10 | 10";"5.1 | 8.9";"11 | 6.2";"6.8";"4.8 | 2.5";"2.7 | 3.5";"2.6 | 2.4";"2.2 | 2.2";"4.7";"4.4"
"Argentina";"ARG";"Primera Division Women";"05-07-2026 14:00";"NS";"Gimnasia La Plata W";"";"";"River Plate W";"";"";"49 | 80";"44 | 58";"";"48 | 51";"1.3 | 2";"47 | 56";"5.5 | 5.4";"6";"33 | 50";"17";"30 | 60";"40 | 20";"30 | 20";"43 | 67";"70 | 80";"60 | 80";"70 | 40";"1x4 | 0x1";"17";"1.3 | 1.7";"1.6 | 0.7";"2.6";"52 | 53";"6 | 3";"10 | 10";"7.2 | 9.1";"9 | 8.6";"7.7";"4.5 | 3.9";"3.6 | 3.4";"2.7 | 2.5";"2.9 | 2.9";"5.5";"4.4"
"Argentina";"ARG";"Primera Division Women";"05-07-2026 14:00";"NS";"Banfield W";"";"";"SAT W";"";"";"63 | 63";"37 | 44";"";"50 | 52";"1.6 | 1.1";"59 | 53";"10.2 | 7.1";"5";"40 | 40";"20";"50 | 20";"10 | 50";"40 | 30";"53 | 37";"60 | 70";"90 | 50";"50 | 80";"2x0 | 1x1";"19";"1.1 | 1.3";"1.2 | 1.2";"2.4";"48 | 47";"5 | 9";"10 | 10";"11.2 | 9.2";"9 | 8.6";"8.6";"3.6 | 4.8";"5.2 | 3.5";"2 | 1.7";"2.1 | 1.7";"3.8";"4.4"
"Australia";"AUS";"Western Australia NPL Women";"05-07-2026 04:00";"NS";"UWA Nedlands W";"";"";"Subiaco W";"";"";"21 | 32";"14 | 48";"";"38 | 49";"0.4 | 0.8";"46 | 60";"17.5 | 7.8";"9";"11 | 78";"11";"10 | 20";"10 | 20";"80 | 60";"13 | 27";"20 | 40";"90 | 80";"90 | 80";"0x1 | 2x1";"21.1";"0.4 | 1.4";"2.4 | 2.1";"3.2";"43 | 47";"8 | 6";"10 | 10";"7 | 10.9";"11.6 | 12.7";"9.5";"4.9 | 6.5";"2.4 | 5.2";"0.8 | 0.9";"0.7 | 1.2";"1.8";"1.3"
"Australia";"AUS";"Western Australia NPL Women";"05-07-2026 04:00";"NS";"Perth RedStar W";"";"";"Perth W";"";"";"66 | 88";"44 | 100";"";"56 | 63";"1.5 | 2.8";"61 | 71";"7.4 | 3.7";"10";"20 | 50";"30";"40 | 90";"30 | 10";"30 | 0";"50 | 93";"70 | 100";"70 | 90";"60 | 10";"0x0 | 0x1";"17.2";"1.3 | 3";"1.1 | 0.5";"3";"54 | 54";"4 | 1";"10 | 10";"9.6 | 11.2";"7.4 | 6.2";"9";"4.2 | 2.7";"4.5 | 6.7";"0.8 | 0.8";"0.8 | 0.7";"1.4";"1.3"
"Australia";"AUS";"Western Australia NPL Women";"05-07-2026 04:00";"NS";"Balcatta W";"";"";"Sorrento W";"";"";"80 | 14";"75 | 37";"";"62 | 26";"2 | 0.8";"74 | 33";"6.9 | 4.5";"4";"100 | 0";"0";"60 | 20";"20 | 20";"20 | 60";"67 | 27";"80 | 40";"80 | 80";"40 | 80";"1x0 | 3x0";"22";"2.2 | 1.1";"0.7 | 2.6";"3.3";"57 | 39";"2 | 7";"10 | 10";"15.1 | 5";"6.3 | 17.7";"10.8";"3.1 | 8.7";"7.3 | 2.5";"1 | 0.9";"0.8 | 0.7";"1.7";"1.3"
"Australia";"AUS";"Capital Territory NPL Women";"05-07-2026 01:30";"NS";"Majura W";"";"";"Canberra W";"";"";"2 | 74";"7 | 100";"";"18 | 57";"0.2 | 2.2";"18 | 62";"9 | 4";"5";"0 | 80";"20";"0 | 70";"20 | 10";"80 | 20";"7 | 73";"20 | 80";"80 | 90";"100 | 30";"0x3 | 0x3";"20";"0.2 | 3.1";"4.4 | 0.9";"4.3";"44 | 54";"6 | 2";"10 | 10";"1.8 | 14.3";"17.4 | 6.3";"10.1";"8.4 | 3.3";"1.6 | 6.8";"0.2 | 1.2";"0.2 | 0.7";"1.1";"1"
"Australia";"AUS";"Capital Territory NPL Women";"05-07-2026 01:30";"NS";"Canberra Olympic W";"";"";"Belconnen United W";"";"";"60 | 100";"65 | 100";"";"58 | 73";"1.6 | 2.8";"62 | 88";"6.2 | 2.4";"10";"30 | 70";"0";"50 | 90";"10 | 10";"40 | 0";"53 | 93";"60 | 100";"90 | 90";"50 | 10";"3x0 | 0x4";"19";"1.9 | 6.7";"1.3 | 0.3";"5.1";"54 | 61";"3 | 1";"10 | 10";"11.8 | 16";"8.1 | 2";"10";"4.6 | 0.7";"5.6 | 9.3";"0.9 | 0.7";"0.7 | 1";"1.6";"1"
"Australia";"AUS";"Capital Territory NPL Women";"05-07-2026 03:00";"NS";"Tuggeranong United W";"";"";"Woden Weston W";"";"";"2 | 2";"17 | 20";"";"39 | 45";"0.5 | 0.7";"39 | 43";"17.6 | 8.3";"10";"20 | 60";"20";"10 | 20";"20 | 10";"70 | 70";"17 | 23";"30 | 30";"80 | 90";"90 | 80";"0x1 | 0x1";"20.8";"0.5 | 0.6";"3.1 | 3.7";"4";"41 | 43";"5 | 4";"10 | 10";"8.8 | 5.6";"14 | 13.1";"10.2";"7 | 6.3";"4.8 | 2.3";"0.4 | 0.3";"0.6 | 0.6";"1";"1"
"Australia";"AUS";"Queensland NPL Women";"05-07-2026 05:00";"NS";"Brisbane City W";"";"";"Eastern Suburbs NPL";"";"";"77 | 80";"100 | 99";"";"66 | 59";"2.1 | 2.3";"76 | 88";"4.4 | 5.2";"10";"10 | 50";"40";"60 | 70";"30 | 20";"10 | 10";"70 | 77";"90 | 90";"70 | 80";"40 | 30";"1x1 | 0x3";"23";"3.4 | 2.9";"0.8 | 0.7";"3.9";"57 | 53";"2 | 1";"10 | 10";"14.8 | 16";"6.5 | 8.8";"10.8";"3.2 | 3.6";"6.3 | 8.6";"0 | 0.3";"0.7 | 0.6";"0.8";"1.3"
"Australia";"AUS";"Victoria NPL Women";"05-07-2026 02:00";"NS";"Boroondara Eagles W";"";"";"South Melbourne W";"";"";"46 | 70";"58 | 99";"";"53 | 67";"1.2 | 2.1";"80 | 72";"7.8 | 6";"8";"12 | 75";"12";"40 | 60";"0 | 30";"60 | 10";"40 | 70";"40 | 90";"100 | 70";"60 | 40";"1x2 | 0x2";"23.6";"1.7 | 2.9";"1.7 | 1";"3.6";"49 | 53";"6 | 4";"10 | 10";"13.3 | 17.4";"10.9 | 5.8";"13.2";"5.8 | 4.1";"7 | 9.5";"0.3 | 1.1";"0.7 | 1.1";"1.6";"1.5"
"Australia";"AUS";"New South Wales NPL Women";"05-07-2026 02:00";"NS";"Illawarra Stingrays W";"";"";"Sydney University W";"";"";"42 | 38";"31 | 75";"";"44 | 48";"0.6 | 1.5";"58 | 56";"11.6 | 4.6";"9";"56 | 44";"0";"10 | 40";"30 | 30";"60 | 30";"20 | 50";"40 | 70";"70 | 70";"90 | 60";"0x1 | 1x1";"23.6";"0.9 | 2.2";"1.8 | 1.9";"3.4";"45 | 45";"12 | 5";"10 | 10";"10.4 | 10.2";"15 | 11.7";"12.1";"7.7 | 5.9";"5.1 | 5.5";"0.9 | 0.9";"0.6 | 0.8";"1.6";"1.8"
"Australia";"AUS";"New South Wales NPL Women";"05-07-2026 02:10";"NS";"Gladesville Ravens W";"";"";"Western Sydney II W";"";"";"35 | 63";"54 | 75";"";"40 | 56";"1.3 | 2.2";"48 | 64";"5.2 | 6.1";"3";"33 | 67";"0";"40 | 70";"10 | 10";"50 | 20";"43 | 73";"50 | 80";"90 | 90";"60 | 30";"0x3 | 2x3";"24.8";"1.6 | 2.2";"2 | 1.2";"3.5";"48 | 58";"9 | 4";"10 | 10";"8.4 | 13.4";"16.9 | 10.9";"12.9";"8.6 | 5.6";"4.7 | 6.9";"0.9 | 0.6";"0.9 | 0.4";"1.4";"1.8"
"Australia";"AUS";"New South Wales NPL Women";"05-07-2026 03:50";"NS";"APIA Leichhardt W";"";"";"NWS Spirit W";"";"";"42 | 2";"82 | 61";"";"55 | 37";"1.6 | 1.3";"66 | 48";"6 | 5.4";"9";"78 | 11";"11";"50 | 40";"10 | 10";"40 | 50";"53 | 43";"60 | 50";"90 | 90";"50 | 60";"2x3 | 5x0";"25.4";"2.4 | 1.8";"1.8 | 3.3";"4.6";"52 | 46";"3 | 13";"10 | 10";"14.3 | 9.7";"10.1 | 16.8";"13.2";"4.7 | 8.2";"8.4 | 5.1";"0.4 | 1.3";"1.1 | 1.1";"2";"1.8"
"Australia";"AUS";"New South Wales NPL Women";"05-07-2026 04:00";"NS";"Mt Druitt Town W";"";"";"Manly United W";"";"";"2 | 52";"24 | 51";"";"43 | 49";"0.1 | 1.1";"50 | 59";"16.4 | 8.3";"3";"33 | 33";"33";"0 | 20";"10 | 50";"90 | 30";"3 | 37";"10 | 70";"90 | 50";"100 | 80";"1x2 | 1x1";"24.8";"0.7 | 1.5";"3.2 | 1.5";"3.4";"49 | 51";"14 | 7";"10 | 10";"11.5 | 12.5";"15.3 | 10.4";"13";"9 | 6.3";"4.6 | 6";"1.3 | 0.6";"0.8 | 0.9";"1.8";"1.8"
"Australia";"AUS";"New South Wales NPL Women";"05-07-2026 04:30";"NS";"Hills United W";"";"";"Macarthur Rams W";"";"";"60 | 25";"44 | 44";"";"51 | 53";"1.3 | 1";"52 | 56";"9.7 | 8.5";"";"";"";"40 | 30";"10 | 10";"50 | 60";"43 | 33";"50 | 40";"90 | 90";"60 | 70";"1x0 | 1x2";"21.6";"1.3 | 1.3";"1.3 | 2.3";"3.1";"44 | 49";"11 | 10";"10 | 10";"12.6 | 11";"10.3 | 9.3";"10.8";"4.8 | 4.6";"6.5 | 5.7";"0.9 | 1.2";"0.8 | 0.7";"1.8";"1.8"
"Australia";"AUS";"New South Wales NPL Women";"05-07-2026 04:40";"NS";"Sydney Olympic W";"";"";"Bulls Academy W";"";"";"49 | 74";"68 | 100";"";"54 | 60";"1.4 | 2.6";"63 | 68";"6.8 | 4.9";"7";"29 | 71";"0";"40 | 80";"20 | 20";"40 | 0";"47 | 87";"60 | 100";"80 | 80";"60 | 20";"2x2 | 0x1";"23.4";"2 | 3.2";"1.6 | 0.9";"3.8";"52 | 54";"8 | 2";"10 | 10";"13.5 | 15.6";"9.7 | 7.9";"12.7";"5.2 | 3.6";"7.3 | 9.3";"1.1 | 0.5";"1.3 | 0.9";"1.9";"1.8"
"Australia";"AUS";"VIC Premier League Womens";"05-07-2026 02:00";"NS";"Melbourne University W";"";"";"Bundoora United W";"";"";"2 | 60";"44 | 100";"";"";"0.8 | 2.1";"";"6.9 | 2.7";"5";"40 | 20";"40";"20 | 60";"20 | 30";"60 | 10";"27 | 70";"40 | 90";"80 | 70";"80 | 40";"0x6 | 1x5";"20.9";"1.3 | 3";"3.6 | 1.3";"4.6";"45 | 49";"10 | 2";"10 | 10";"9 | 8";"14.5 | 10.3";"12.8";"10.5 | 6.3";"5.5 | 3.3";"";"";"";"1"
"Australia";"AUS";"VIC Premier League Womens";"05-07-2026 02:00";"NS";"Bayside Argonauts W";"";"";"Banyule City W";"";"";"35 | 4";"85 | 37";"";"";"1.2 | 0.7";"";"4 | 4.8";"3";"0 | 33";"67";"30 | 20";"30 | 10";"40 | 70";"40 | 23";"60 | 30";"70 | 90";"70 | 80";"2x3 | 3x1";"24.1";"2.5 | 1.1";"2 | 2.9";"4.2";"53 | 41";"8 | 12";"10 | 10";"10 | 5.3";"6.2 | 26.7";"14.9";"3.5 | 17.7";"5.2 | 3.3";"";"";"";"1"
"China";"CHN";"Super League Women";"05-07-2026 05:00";"NS";"Beijing BG Phoenix W";"";"";"Shaanxi Chang AN Athletic FC W";"";"";"70 | 56";"75 | 14";"";"67 | 42";"2.5 | 0.5";"61 | 31";"6.3 | 13.2";"2";"50 | 0";"50";"80 | 10";"10 | 20";"10 | 70";"83 | 17";"90 | 30";"90 | 80";"20 | 90";"3x1 | 0x0";"17.2";"2.2 | 0.4";"1 | 1.4";"2.5";"55 | 42";"1 | 10";"10 | 10";"13.9 | 5.3";"5.8 | 9.3";"8";"2.4 | 4.3";"7.3 | 2";"0.3 | 0.2";"1.2 | 0.3";"1";"1.3"
"China";"CHN";"Super League Women";"05-07-2026 06:00";"NS";"Changchun Dazhong Zhiye W";"";"";"Guangdong Meizhou Hakka W";"";"";"63 | 70";"51 | 41";"";"53 | 40";"1.4 | 1.3";"36 | 32";"3.8 | 5.7";"2";"100 | 0";"0";"40 | 20";"20 | 70";"40 | 10";"47 | 43";"60 | 90";"80 | 30";"60 | 80";"0x1 | 2x2";"15.1";"1.5 | 1.2";"1.2 | 1";"2.4";"53 | 45";"7 | 8";"10 | 10";"5.7 | 6.8";"5.8 | 11.9";"7.2";"2.6 | 5.6";"3.1 | 3.1";"1.1 | 1.1";"1.1 | 1";"2.2";"1.3"
"China";"CHN";"Super League Women";"05-07-2026 08:35";"NS";"Wuhan Jiangda W";"";"";"Liaoning Shenbei Hefeng W";"";"";"60 | 70";"48 | 54";"";"58 | 56";"1.6 | 2.3";"53 | 46";"8.4 | 7.5";"2";"0 | 100";"0";"40 | 70";"40 | 20";"20 | 10";"53 | 77";"80 | 90";"60 | 80";"60 | 30";"1x1 | 0x1";"21.4";"1.4 | 1.6";"1.3 | 1";"2.7";"61 | 56";"4 | 2";"10 | 10";"13 | 12";"8.6 | 9.2";"9.6";"4.8 | 4";"5.7 | 4.8";"0.8 | 0.9";"0.8 | 1";"1.7";"1.3"
"Finland";"FIN";"Kansallinen Liiga Women";"05-07-2026 10:00";"NS";"VIFK W";"";"";"Gnistan W";"";"";"2 | 35";"17 | 82";"";"33 | 46";"0 | 1.2";"36 | 46";"12.2 | 3.1";"";"";"";"0 | 40";"0 | 0";"100 | 60";"0 | 40";"0 | 40";"100 | 100";"100 | 60";"0x3 | 0x1";"23.8";"0.5 | 2.4";"3.1 | 2";"4";"42 | 43";"8 | 6";"10 | 10";"6.1 | 7.5";"19.1 | 14.9";"11.7";"9.1 | 7.4";"2.3 | 4.6";"1.2 | 1.6";"0.6 | 0.9";"2.2";"2.4"
"Finland";"FIN";"Ykkönen Women";"05-07-2026 07:00";"NS";"HJK II W";"";"";"ONS W";"";"";"52 | 60";"82 | 51";"";"54 | 53";"1.8 | 1.3";"56 | 50";"4.3 | 6.5";"5";"60 | 40";"0";"60 | 40";"0 | 10";"40 | 50";"60 | 43";"60 | 50";"100 | 90";"40 | 60";"4x1 | 1x0";"18.5";"2.4 | 1.5";"1.5 | 1.3";"3.4";"54 | 52";"4 | 5";"10 | 10";"10.4 | 9.7";"8.2 | 8.7";"10.3";"4.9 | 4.1";"6.2 | 5.4";"0.4 | 0.8";"0.7 | 1.1";"1.5";"1.7"
"Iceland";"ISL";"2. Deild Women";"05-07-2026 11:00";"NS";"KFR W";"";"";"Einherji W";"";"";"2 | 56";"20 | 100";"";"";"0.1 | 1.9";"";"";"";"";"";"0 | 60";"12 | 10";"88 | 30";"4 | 63";"12 | 70";"88 | 90";"100 | 40";"0x14 | 0x4";"";"0.6 | 4";"5.5 | 1.4";"5.8";"";"11 | 3";"8 | 10";"";"";"";"";"";"";"";"";"2.1"
"Latvia";"LVA";"Women League";"05-07-2026 13:00";"NS";"Metta W";"";"";"Riga W";"";"";"32 | 100";"100 | 100";"";"";"1.8 | 2.8";"";"";"8";"0 | 100";"0";"60 | 90";"0 | 10";"40 | 0";"60 | 93";"60 | 100";"100 | 90";"40 | 10";"0x2 | 0x9";"";"3.6 | 6.8";"2.1 | 0.3";"6.4";"";"3 | 1";"10 | 10";"";"";"";"";"";"";"";"";"2"
"Northern Ireland";"NIR";"Women's Premiership League Cup";"05-07-2026 11:00";"NS";"Cliftonville W";"";"";"Glentoran BU W";"";"";"63 | 60";"100 | 100";"";"64 | 69";"2.3 | 2.4";"71 | 78";"4.8 | 4.5";"10";"60 | 30";"10";"70 | 80";"20 | 0";"10 | 20";"77 | 80";"90 | 80";"80 | 100";"30 | 20";"3x2 | 1x3";"24.3";"3.9 | 3.5";"1.2 | 1.3";"4.9";"60 | 62";"";"10 | 10";"18.8 | 15.9";"5.2 | 8.7";"11.9";"3.8 | 3.6";"9.5 | 7";"0.5 | 0.6";"0.5 | 0.9";"1.2";"2.2"
"Russia";"RUS";"Women's Cup";"05-07-2026 07:00";"NS";"Rubin Kazan W";"";"";"Dinamo Moskva W";"";"";"60 | 77";"44 | 20";"";"55 | 46";"1.1 | 1.3";"41 | 35";"7.5 | 6.7";"7";"14 | 86";"0";"20 | 40";"50 | 10";"30 | 50";"37 | 43";"70 | 50";"50 | 90";"80 | 60";"0x0 | 0x1";"14.2";"1.3 | 0.6";"1.3 | 0.8";"2";"53 | 47";"";"10 | 10";"10.4 | 4";"6.7 | 7.2";"7.5";"4.6 | 3.6";"5 | 1.8";"1.7 | 0.8";"1.7 | 1.3";"2.8";"0"
"Vietnam";"VIE";"Women's National League";"05-07-2026 06:00";"NS";"Ha Noi W";"";"";"PP Ha Nam W";"";"";"80 | 60";"48 | 34";"";"58 | 47";"1.4 | 0.9";"49 | 39";"8 | 5";"10";"70 | 20";"10";"30 | 20";"50 | 30";"20 | 50";"47 | 30";"80 | 50";"50 | 70";"70 | 80";"0x0 | 1x0";"15.3";"1.4 | 1";"0.7 | 1.3";"2.2";"59 | 44";"1 | 4";"10 | 10";"11.2 | 5";"5.8 | 8.6";"7";"2.5 | 4.4";"4.5 | 2.6";"0.9 | 0.5";"1.3 | 0.4";"1.6";"0"
"Vietnam";"VIE";"Women's National League";"05-07-2026 06:00";"NS";"TKS Viet Nam W";"";"";"Ho Chi Minh City W";"";"";"74 | 74";"41 | 41";"";"41 | 54";"1.4 | 2";"31 | 46";"4.6 | 8.5";"10";"20 | 30";"50";"30 | 60";"50 | 20";"20 | 20";"47 | 67";"80 | 80";"50 | 80";"70 | 40";"0x0 | 0x2";"16.3";"1.2 | 1.2";"0.9 | 0.9";"2.1";"51 | 52";"5 | 2";"10 | 10";"5.5 | 11.3";"7.9 | 7.9";"7.4";"3.9 | 2.5";"3.6 | 4.9";"1 | 0.6";"1.2 | 0.2";"1.5";"0"
"World";"WOR";"Club Friendlies 1";"05-07-2026 12:00";"NS";"MTE 1904";"";"";"Beşiktaş";"";"";"56 | 66";"41 | 51";"";"52 | 55";"1 | 1.4";"51 | 49";"8.5 | 7.5";"";"";"";"30 | 40";"10 | 20";"60 | 40";"33 | 47";"40 | 60";"90 | 80";"70 | 60";"0x1 | 1x0";"24.3";"1.2 | 1.5";"1.4 | 1.1";"2.6";"51 | 58";"1 | 2";"10 | 10";"10.2 | 16.9";"9.4 | 12.1";"9.3";"4.3 | 3.7";"5.1 | 5.5";"2.8 | 2";"2.1 | 2.6";"4.8";"3.3"
"World";"WOR";"Club Friendlies 2";"05-07-2026 21:00";"NS";"Cracovia Kraków";"";"";"İstanbul Başakşehir";"";"";"49 | 74";"34 | 54";"";"53 | 54";"0.9 | 1.8";"56 | 46";"10.2 | 6.6";"";"";"";"10 | 50";"60 | 30";"30 | 20";"30 | 60";"70 | 80";"40 | 70";"90 | 50";"1x1 | 0x0";"26.5";"1 | 1.6";"1.6 | 0.9";"2.6";"48 | 54";"1 | 2";"10 | 10";"15.6 | 13.9";"10.5 | 13";"8.6";"3.6 | 4.2";"4.4 | 4.9";"2.2 | 2";"1.9 | 1.6";"3.8";"0.3"
"World";"WOR";"Club Friendlies 3";"05-07-2026 06:00";"CANCELLED";"Prostějov";"";"";"Skalica";"";"";"52 | 66";"34 | 51";"";"42 | 49";"1.2 | 1.9";"40 | 44";"5.6 | 5.3";"3";"33 | 33";"33";"20 | 60";"60 | 10";"20 | 30";"40 | 63";"80 | 70";"40 | 90";"80 | 40";"1x1 | 1x2";"19.8";"1 | 1.5";"1.5 | 1.1";"2.6";"42 | 43";"";"10 | 10";"5.6 | 11";"10.4 | 12.5";"7";"4 | 3.9";"2.3 | 3.8";"1.8 | 2.2";"1.1 | 1.7";"3.4";"2.1"
"World";"WOR";"Club Friendlies 3";"05-07-2026 08:00";"NS";"AGF";"";"";"Motherwell";"";"";"74 | 42";"54 | 41";"";"54 | 51";"1.7 | 0.8";"52 | 46";"7.7 | 7.8";"";"";"";"40 | 20";"50 | 20";"10 | 60";"57 | 27";"90 | 40";"50 | 80";"60 | 80";"1x1 | 3x1";"26.2";"1.6 | 1.2";"0.9 | 1.8";"2.8";"54 | 54";"1 | 2";"10 | 10";"15.2 | 12.6";"12.7 | 11.8";"9.6";"4.6 | 3.9";"6.2 | 4.5";"1.1 | 2.6";"2.7 | 3.2";"4.8";"2.1"
"World";"WOR";"Club Friendlies 3";"05-07-2026 09:00";"NS";"Altona 93";"";"";"Phönix Lübeck";"";"";"2 | 60";"48 | 75";"";"";"0.4 | 2.2";"";"";"5";"0 | 100";"0";"10 | 70";"10 | 10";"80 | 20";"13 | 73";"20 | 80";"90 | 90";"90 | 30";"1x3 | 0x1";"";"1.4 | 2.2";"3.2 | 1.3";"4";"";"1 | 2";"10 | 10";"";"";"";"";"";"";"";"";"2.1"
"World";"WOR";"Club Friendlies 3";"05-07-2026 09:30";"NS";"RKAV Volendam";"";"";"FC Volendam";"";"";"35 | 56";"37 | 31";"";"44 | 50";"1 | 0.8";"44 | 45";"7.3 | 10.6";"3";"33 | 67";"0";"30 | 20";"10 | 20";"60 | 60";"33 | 27";"40 | 40";"90 | 80";"70 | 80";"0x1 | 2x1";"23.1";"1.1 | 0.9";"2 | 1.4";"2.7";"48 | 48";"1 | 2";"10 | 10";"8 | 14.2";"11.2 | 12.8";"9.4";"5.4 | 4.5";"4.1 | 4.8";"1.1 | 1.7";"1 | 1.7";"2.8";"2.1"
"World";"WOR";"Club Friendlies 3";"05-07-2026 10:00";"NS";"SK Rapid";"";"";"Pardubice";"";"";"52 | 66";"44 | 44";"";"53 | 51";"1.1 | 1.7";"44 | 47";"5.6 | 7.7";"";"";"";"30 | 50";"20 | 20";"50 | 30";"37 | 57";"50 | 70";"80 | 80";"70 | 50";"0x2 | 1x2";"23";"1.3 | 1.3";"1.5 | 1.1";"2.6";"58 | 51";"1 | 2";"10 | 10";"10.4 | 11.8";"11.1 | 12.6";"7.4";"3.1 | 4.4";"3.1 | 4.3";"1.7 | 1.7";"1 | 1.9";"3.2";"2.1"
"World";"WOR";"Club Friendlies 3";"05-07-2026 10:30";"NS";"Rosenborg";"";"";"Molde";"";"";"52 | 60";"44 | 71";"";"46 | 50";"1.2 | 1.9";"40 | 45";"6.5 | 4.8";"10";"20 | 30";"50";"30 | 60";"30 | 10";"40 | 30";"40 | 63";"60 | 70";"70 | 90";"70 | 40";"0x2 | 0x1";"25.2";"1.3 | 2.1";"1.5 | 1.3";"3.1";"50 | 55";"1 | 2";"10 | 10";"12.1 | 12.2";"13.6 | 12.6";"9.5";"5.4 | 4.9";"4 | 4.7";"1.8 | 1.7";"2.2 | 1.4";"3.6";"2.1"
"World";"WOR";"Club Friendlies 3";"05-07-2026 11:00";"NS";"Metalist 1925 Kharkiv";"";"";"Young Boys";"";"";"84 | 49";"41 | 78";"";"58 | 54";"1.7 | 1.3";"47 | 57";"6.5 | 5.7";"";"";"";"40 | 30";"50 | 40";"10 | 30";"57 | 43";"90 | 70";"50 | 60";"60 | 70";"1x0 | 1x1";"22.4";"1.2 | 2.3";"0.6 | 1.6";"2.8";"59 | 55";"1 | 2";"10 | 10";"7.8 | 17.2";"6.2 | 13.7";"8.6";"2.1 | 5.3";"3.4 | 6.2";"1.6 | 2.3";"2.2 | 2.7";"4.4";"2.1"
"World";"WOR";"Club Friendlies 3";"05-07-2026 12:00";"NS";"FT Braunschweig";"";"";"Eintracht Braunschweig";"";"";"42 | 63";"100 | 31";"";"";"2.5 | 1.2";"";"";"";"";"";"80 | 30";"10 | 30";"10 | 40";"83 | 40";"90 | 60";"90 | 70";"20 | 70";"6x3 | 1x1";"";"4.2 | 0.9";"1.8 | 1.2";"4";"";"1 | 2";"10 | 10";"";"";"";"";"";"";"";"";"2.1"
"World";"WOR";"Club Friendlies 3";"05-07-2026 12:15";"NS";"SK Rapid";"";"";"Rapid Bucuresti";"";"";"52 | 56";"44 | 27";"";"53 | 51";"1.1 | 0.6";"44 | 44";"5.6 | 11.1";"";"";"";"30 | 10";"20 | 30";"50 | 60";"37 | 20";"50 | 40";"80 | 70";"70 | 90";"0x2 | 1x0";"23.2";"1.3 | 0.8";"1.5 | 1.4";"2.5";"58 | 52";"1 | 2";"10 | 10";"10.4 | 12.2";"11.1 | 12.7";"6.8";"3.1 | 4.1";"3.1 | 3.4";"1.7 | 2.2";"1 | 2.6";"3.8";"2.1"
"World";"WOR";"Hybrid Friendlies";"05-07-2026 19:00";"NS";"Los Angeles FC";"";"";"El Salvador";"";"";"35 | 56";"37 | 17";"";"51 | 44";"1.1 | 0.8";"48 | 36";"7.7 | 13.8";"";"";"";"30 | 20";"20 | 20";"50 | 60";"37 | 27";"50 | 40";"80 | 80";"70 | 80";"1x0 | 1x0";"22.1";"1.1 | 0.5";"2 | 1.4";"2.5";"46 | 42";"1 | 2";"10 | 10";"12.3 | 7.4";"12.9 | 11.6";"7.4";"4.8 | 4.1";"4 | 1.9";"2.3 | 1.8";"2.3 | 1.7";"4";"3"
"World";"WOR";"U17 National Team Friendlies";"05-07-2026 08:35";"NS";"China PR U17";"";"";"Australia U17";"";"";"56 | 46";"71 | 71";"";"";"1.5 | 1.8";"";"3.8 | 5.2";"3";"33 | 67";"0";"50 | 60";"0 | 0";"50 | 40";"50 | 60";"50 | 60";"100 | 100";"50 | 40";"1x2 | 2x0";"26.1";"2.1 | 2.1";"1.4 | 1.7";"3.6";"47 | 55";"1 | 2";"10 | 10";"11.1 | 13.9";"10.1 | 17.1";"10";"4.2 | 6.6";"3.6 | 5.4";"1.3 | 1";"1.3 | 1.6";"2.7";"0"
"South Africa";"RSA";"Super League Women";"05-07-2026 05:00";"NS";"University of JHB W";"";"";"City Lads W";"";"";"38 | 28";"41 | 14";"";"56 | 42";"1.2 | 0.2";"47 | 38";"10 | 24.2";"4";"75 | 0";"25";"40 | 0";"0 | 20";"60 | 80";"40 | 7";"40 | 20";"100 | 80";"60 | 100";"0x2 | 2x0";"22.1";"1.2 | 0.4";"1.9 | 2.2";"2.8";"55 | 47";"2 | 8";"10 | 10";"12 | 9.7";"9.2 | 13.3";"11";"5.8 | 6.3";"5.8 | 4";"1.2 | 1.3";"0.6 | 1.7";"2.4";"2.7"
"South Africa";"RSA";"Super League Women";"05-07-2026 07:30";"NS";"Stellenbosch W";"";"";"Diepkloof Ladies";"";"";"35 | 2";"10 | 24";"";"";"0 | 0";"";"";"";"";"";"0 | 0";"0 | 0";"100 | 100";"0 | 0";"0 | 0";"100 | 100";"100 | 100";"0x1 | 2x1";"";"0.3 | 0.7";"2 | 4";"3.5";"";"7 | 8";"3 | 3";"";"";"";"";"";"";"";"";"2.7"
"South Africa";"RSA";"Super League Women";"05-07-2026 10:30";"NS";"TS Galaxy Queens W";"";"";"Richmond United W";"";"";"70 | 35";"78 | 44";"";"50 | 30";"2.5 | 1.2";"44 | 27";"5.4 | 4.8";"4";"75 | 0";"25";"80 | 40";"10 | 0";"10 | 60";"83 | 40";"90 | 40";"90 | 100";"20 | 60";"1x0 | 3x1";"25.1";"2.3 | 1.3";"1 | 2";"3.3";"56 | 39";"2 | 6";"10 | 10";"12.5 | 6.3";"10 | 21.3";"12.5";"3.5 | 10.3";"7.5 | 3.7";"0.5 | 0.7";"1.5 | 1.3";"2";"2.7"