"Country ";"Short";"League ";"Hour";"Status";"Home Team";"Result Home";"Result Visitor";"Visitor Team";"Odds";"Odds";"Odds";"Odds";"Casa | Fora";"Casa | Fora";"Global";"Casa | Fora";"Global";"Global";"Global";"Global";"Casa | Fora";"Casa | Fora";"Global";"Global";"Global";"Global";"Global";"Global";"Global";"Global";"Casa | Fora";"Global";"Casa | Fora";"Casa | Fora";"Casa | Fora";"Casa | Fora";"Casa | Fora";"Global";"Global";"Casa | Fora";"Casa | Fora";"Global";"Casa | Fora";"Casa | Fora";"Casa | Fora";"Global";"Global";"Global"
"World";"WOR";"World Cup";"05-07-2026 17:00";"NS";"Brazil";"";"";"Winner Match 78";"";"";"";"";"";"";"";"";"";"";"";"";"";"";"";"";"";"";"";"";"";"";"";"";"";"";"";"";"";"";"";"";"";"";"";"";"";"";"";""
"World";"WOR";"World Cup";"05-07-2026 21:00";"NS";"Winner Match 79";"";"";"Winner Match 80";"";"";"";"";"";"";"";"";"";"";"";"";"";"";"";"";"";"";"";"";"";"";"";"";"";"";"";"";"";"";"";"";"";"";"";"";"";"";"";""
"Brazil";"BRA";"Serie B";"05-07-2026 19:00";"NS";"Náutico";"";"";"Juventude";"2.17";"3.42";"1.38";"1.21";"12 | 5";"43 | 38";"5";"31 | 24";"43";"";"1.7";"2";"0.9 | 0.7";"0.9 | 1";"22";"64";"29";"93";"2.3";"26";"8.2";"9.7";"1.3 | 1.1";"10";"74 | 70";"29 | 57";"";"0.3 | 0.1";"0.4 | 0.7";"1";"0.8";"0.4 | 0.3";"0.6 | 0.6";"";"43 | 29";"9.3 | 2.7";"3.4 | 4";"10.4";"50";"36"
"China";"CHN";"League One";"05-07-2026 08:30";"NS";"Meizhou Hakka";"";"";"Changchun Yatai";"";"";"";"";"11 | 9";"22 | 39";"";"34 | 58";"92";"";"3.5";"3";"1 | 1.7";"2.5 | 1.8";"75";"100";"92";"50";"2.4";"20.8";"7.6";"8.2";"0.7 | 1.2";"8";"18 | 42";"33 | 67";"";"0.3 | 0.8";"1.7 | 1.2";"1.5";"2";"0.8 | 0.7";"0.7 | 0.8";"";"17 | 33";"5.2 | 4";"4.5 | 2.8";"9.2";"50";"42"
"China";"CHN";"League One";"05-07-2026 08:30";"NS";"Guangxi Hengchen";"";"";"Dalian Kuncheng City";"";"";"";"";"4 | 13";"73 | 40";"";"48 | 41";"50";"";"2.4";"2";"1.4 | 1.2";"0.8 | 1.4";"50";"70";"50";"80";"2.4";"23.3";"7.5";"10.7";"2.2 | 1.2";"10";"77 | 56";"40 | 60";"";"0.8 | 1";"0.2 | 1";"0.9";"1.5";"0.6 | 0.4";"0.6 | 0.2";"";"60 | 40";"5.8 | 5.2";"5.8 | 4.6";"9.2";"100";"80"
"China";"CHN";"League One";"05-07-2026 08:30";"NS";"Nanjing City";"";"";"Foshan Nashi FC";"";"";"";"";"10 | 14";"56 | 53";"";"41 | 61";"74";"";"2.7";"2";"1.2 | 1.8";"1 | 1.4";"45";"92";"55";"72";"2.4";"22.8";"8";"9.4";"1.7 | 1.6";"9";"70 | 56";"50 | 40";"";"0.7 | 1";"0.7 | 0.8";"1.1";"1.6";"0.3 | 0.6";"0.5 | 0.8";"";"50 | 40";"3.3 | 4";"2.8 | 8.6";"9.2";"58";"50"
"Finland";"FIN";"Ykkönen";"05-07-2026 09:00";"NS";"TPV";"";"";"JJK";"";"";"";"";"11 | 2";"33 | 67";"";"34 | 75";"83";"";"3.1";"3";"1 | 2.2";"1.5 | 1.5";"58";"67";"58";"67";"3.4";"23.4";"10.8";"12";"1 | 2";"12";"52 | 52";"50 | 33";"";"0.5 | 0.8";"0.8 | 0.3";"1.8";"1.2";"0.7 | 1.2";"0.5 | 1.3";"";"17 | 67";"6 | 6.5";"6 | 5.5";"11";"100";"83"
"Finland";"FIN";"Ykkönen";"05-07-2026 10:00";"NS";"RoPS";"";"";"PKKU";"";"";"";"";"3 | 6";"61 | 56";"";"78 | 68";"75";"";"3.2";"4";"2.3 | 2";"1 | 1.2";"58";"58";"58";"50";"3.4";"23.6";"12.2";"11.2";"1.8 | 1.7";"11";"70 | 63";"50 | 50";"";"0.8 | 1";"0.3 | 0.2";"2.1";"1.2";"0.7 | 1";"1.5 | 1";"";"50 | 50";"6 | 7.2";"5 | 4.2";"11";"84";"71"
"South Korea";"KOR";"K League 1";"05-07-2026 07:30";"NS";"Gwangju";"";"";"Ulsan HD";"6.90";"1.44";"1.28";"1.29";"12 | 3";"24 | 62";"2";"24 | 44";"72";"";"2.6";"3";"0.7 | 1.3";"2 | 1.1";"43";"64";"43";"78";"2.3";"16.8";"5.9";"7";"0.7 | 1.9";"7";"35 | 66";"43 | 43";"";"0.1 | 0.4";"0.9 | 0.7";"1.5";"1";"1.1 | 0.4";"0.6 | 0.9";"";"14 | 57";"2.6 | 4";"3.9 | 3.7";"8.5";"50";"36"
"South Korea";"KOR";"K League 1";"05-07-2026 07:30";"NS";"Gimcheon Sangmu";"";"";"Jeju United";"2.39";"2.85";"1.32";"1.25";"11 | 8";"19 | 48";"5";"24 | 34";"78";"";"2.2";"2";"0.7 | 1";"1.7 | 0.9";"57";"57";"36";"100";"2.3";"11.5";"5.4";"8.8";"0.6 | 1.4";"9";"46 | 74";"43 | 57";"";"0.1 | 0.6";"0.7 | 0.3";"1.3";"0.9";"1 | 0.6";"0.6 | 0.4";"";"0 | 43";"5.6 | 3.4";"3.3 | 5.3";"8.5";"57";"43"
"South Korea";"KOR";"K League 1";"05-07-2026 07:30";"NS";"Seoul";"";"";"Incheon United";"1.84";"4.11";"1.33";"1.24";"1 | 6";"56 | 57";"1";"61 | 54";"60";"";"2.6";"3";"1.8 | 1.6";"0.7 | 1";"37";"69";"54";"69";"2.3";"14";"5.7";"7.2";"1.7 | 1.7";"8";"80 | 70";"50 | 57";"";"0.7 | 1";"0.3 | 0.3";"1.4";"1.2";"0.3 | 0.7";"1.2 | 0.6";"";"50 | 43";"3 | 4.3";"3.7 | 3.4";"8.5";"45";"31"
"Sweden";"SWE";"Allsvenskan";"05-07-2026 09:00";"NS";"Kalmar";"";"";"Örgryte";"1.50";"5.61";"1.19";"1.44";"13 | 16";"67 | 20";"1";"48 | 20";"90";"";"3";"3";"1.4 | 0.6";"0.8 | 3.2";"40";"90";"40";"80";"3.1";"29.2";"10.4";"11.9";"2 | 0.6";"10";"77 | 2";"40 | 40";"";"0.6 | 0.6";"0.6 | 1.4";"1.4";"1.6";"0.2 | 1.8";"0.8 | 0";"";"60 | 20";"8.2 | 4";"4.8 | 6.8";"9.8";"90";"80"
"Sweden";"SWE";"Allsvenskan";"05-07-2026 09:00";"NS";"IFK Göteborg";"";"";"AIK";"2.25";"2.91";"1.20";"1.44";"14 | 10";"17 | 40";"5";"27 | 48";"88";"";"2.5";"3";"0.8 | 1.4";"1.5 | 1.4";"75";"55";"42";"78";"3.1";"26.2";"9.1";"9.4";"0.5 | 1.2";"10";"52 | 56";"25 | 60";"";"0.2 | 0.6";"0.2 | 0.6";"1.7";"0.8";"1.2 | 0.8";"0.5 | 0.8";"";"0 | 20";"4.8 | 5.8";"3.8 | 4.6";"9.8";"75";"75"
"Sweden";"SWE";"Allsvenskan";"05-07-2026 11:30";"NS";"Elfsborg";"";"";"Hammarby";"3.65";"1.90";"1.20";"1.40";"3 | 4";"67 | 27";"2";"51 | 27";"90";"";"2.3";"3";"1.5 | 0.8";"0.7 | 1.6";"54";"74";"18";"90";"3.1";"27";"8.2";"8.6";"2 | 0.8";"9";"80 | 49";"17 | 20";"";"0.5 | 0.4";"0.5 | 0.6";"1.3";"1";"0.2 | 1";"1 | 0.4";"";"50 | 20";"3.7 | 4";"6 | 3.4";"9.8";"54";"54"
"Uruguay";"URU";"Primera Division";"05-07-2026 14:00";"NS";"Danubio";"";"";"Juventud";"";"";"";"";"8 | 6";"42 | 21";"";"48 | 41";"82";"";"2.8";"2";"1.4 | 1.2";"1 | 2";"75";"82";"63";"68";"2.5";"18";"8.8";"8.3";"1.2 | 0.6";"8";"70 | 35";"38 | 38";"";"0.8 | 0.8";"0.2 | 0.8";"1.6";"1.2";"0.8 | 1.2";"0.6 | 0.5";"";"25 | 12";"4.6 | 3.9";"3.8 | 4.4";"8.7";"62";"50"
"Uruguay";"URU";"Segunda Division";"05-07-2026 14:00";"NS";"Fénix";"";"";"Huracán";"";"";"";"";"9 | 5";"62 | 48";"";"65 | 37";"73";"";"2.6";"2";"1.9 | 1.1";"1.1 | 1";"59";"60";"46";"60";"2.4";"15.1";"6.6";"9.7";"1.9 | 1.4";"10";"66 | 70";"62 | 29";"";"0.6 | 0.7";"0.4 | 0.6";"1.4";"1.2";"0.8 | 0.4";"1.2 | 0.4";"";"50 | 29";"5.8 | 3.1";"5.2 | 5.3";"9.7";"72";"66"
"Uruguay";"URU";"Segunda Division";"05-07-2026 17:00";"NS";"Tacuarembó";"";"";"Cerrito";"";"";"";"";"3 | 2";"57 | 29";"";"34 | 51";"80";"";"2.8";"2";"1 | 1.5";"0.7 | 2.2";"59";"80";"25";"75";"2.4";"19.1";"7.7";"10.5";"1.7 | 0.9";"10";"80 | 28";"71 | 50";"";"0.9 | 0.8";"0.4 | 1.4";"1";"1.7";"0.3 | 0.9";"0.1 | 0.8";"";"43 | 12";"5.2 | 5.7";"5.4 | 4.7";"9.7";"83";"83"
"Uruguay";"URU";"Segunda Division";"05-07-2026 20:00";"NS";"Colón";"";"";"Uruguay Montevideo";"";"";"";"";"12 | 13";"38 | 29";"";"48 | 24";"72";"";"2.4";"2";"1.4 | 0.7";"1.6 | 1.1";"58";"86";"43";"86";"2.4";"15";"6.8";"10";"1.1 | 0.9";"10";"49 | 66";"57 | 57";"";"0.6 | 0.4";"1.1 | 0.3";"1.2";"1.2";"0.4 | 0.9";"0.9 | 0.3";"";"29 | 29";"4.4 | 5.9";"4.3 | 5.6";"9.7";"86";"78"
"Canada";"CAN";"Premier League";"05-07-2026 14:00";"NS";"Supra du Québec";"";"";"Forge";"4.52";"1.64";"";"";"6 | 1";"47 | 80";"2";"41 | 68";"60";"";"2.5";"3";"1.2 | 2";"1 | 0.8";"60";"40";"50";"70";"2.6";"24.2";"8.1";"9.4";"1.4 | 2.4";"9";"70 | 77";"40 | 60";"";"0.2 | 0.6";"0.4 | 0";"1.9";"0.6";"0.6 | 0.8";"1 | 1.4";"";"40 | 80";"7.4 | 4.2";"3 | 4.2";"9.1";"70";"70"
"Canada";"CAN";"Premier League";"05-07-2026 19:00";"NS";"Pacific";"";"";"HFX Wanderers";"";"";"";"";"8 | 4";"6 | 22";"";"34 | 24";"58";"";"2.5";"2";"1 | 0.7";"2 | 1.3";"50";"58";"50";"66";"2.6";"24.6";"7.8";"9.3";"0.2 | 0.7";"10";"35 | 60";"67 | 50";"";"0.2 | 0.2";"0.5 | 0.5";"1.8";"0.7";"1.5 | 0.8";"0.8 | 0.5";"";"0 | 17";"4.5 | 3.8";"5.3 | 5";"9.1";"75";"50"
"Chile";"CHI";"Chilean Cup";"05-07-2026 13:30";"NS";"Santiago Wanderers";"";"";"Universidad Chile";"";"";"";"";"";"";"";"";"";"";"";"";"";"";"";"";"";"";"";"";"";"";"";"";"";"";"";"";"";"";"";"";"";"";"";"";"";"";"";""
"Chile";"CHI";"Chilean Cup";"05-07-2026 13:30";"NS";"La Serena";"";"";"Antofagasta";"";"";"";"";"";"67 | 67";"";"34 | 17";"25";"";"1";"2";"1 | 0.5";"0.5 | 0";"25";"50";"25";"100";"2.7";"";"";"";"2 | 2";"";"88 | 100";"50 | 50";"";"1 | 0.5";"0 | 0";"0.2";"0.8";"0.5 | 0";"0 | 0";"";"50 | 50";"";"";"10.1";"";""
"Chile";"CHI";"Chilean Cup";"05-07-2026 16:00";"NS";"Ñublense";"";"";"Curicó Unido";"";"";"";"";"";"";"";"";"";"";"";"";"";"";"";"";"";"";"";"";"";"";"";"";"";"";"";"";"";"";"";"";"";"";"";"";"";"";"";""
"Chile";"CHI";"Chilean Cup";"05-07-2026 16:00";"NS";"Univ. Concepción";"";"";"Rangers";"";"";"";"";"";"";"";"";"";"";"";"";"";"";"";"";"";"";"";"";"";"";"";"";"";"";"";"";"";"";"";"";"";"";"";"";"";"";"";""
"Chile";"CHI";"Chilean Cup";"05-07-2026 16:00";"NS";"Puerto Montt";"";"";"Huachipato";"";"";"";"";"";"";"";"";"";"";"";"";"";"";"";"";"";"";"";"";"";"";"";"";"";"";"";"";"";"";"";"";"";"";"";"";"";"";"";""
"Chile";"CHI";"Chilean Cup";"05-07-2026 16:00";"NS";"Cobresal";"";"";"Cobreloa";"";"";"";"";"";"";"";"";"";"";"";"";"";"";"";"";"";"";"";"";"";"";"";"";"";"";"";"";"";"";"";"";"";"";"";"";"";"";"";""
"Chile";"CHI";"Chilean Cup";"05-07-2026 17:00";"NS";"Deportes Santa Cruz";"";"";"Audax Italiano";"";"";"";"";"";"";"";"";"";"";"";"";"";"";"";"";"";"";"";"";"";"";"";"";"";"";"";"";"";"";"";"";"";"";"";"";"";"";"";""
"Chile";"CHI";"Chilean Cup";"05-07-2026 18:30";"NS";"Unión Española";"";"";"O'Higgins";"";"";"";"";"";"";"";"";"";"";"";"";"";"";"";"";"";"";"";"";"";"";"";"";"";"";"";"";"";"";"";"";"";"";"";"";"";"";"";""
"Chile";"CHI";"Chilean Cup";"05-07-2026 21:00";"NS";"Deportes Limache";"";"";"San Marcos";"";"";"";"";"";"";"";"";"";"";"";"";"";"";"";"";"";"";"";"";"";"";"";"";"";"";"";"";"";"";"";"";"";"";"";"";"";"";"";""
"Chile";"CHI";"Segunda División";"05-07-2026 13:00";"NS";"Brujas de Salamanca";"";"";"Concón National";"";"";"";"";"3 | 2";"47 | 87";"";"20 | 54";"40";"";"1.4";"2";"0.6 | 1.6";"0.2 | 0.4";"30";"50";"10";"90";"2.1";"13.9";"4.9";"9.4";"1.4 | 2.6";"9";"100 | 100";"40 | 40";"";"0.2 | 0.8";"0.2 | 0";"0.8";"0.6";"0 | 0.4";"0.4 | 0.8";"";"20 | 80";"6.2 | 3.6";"3.2 | 5.8";"9.6";"80";"60"
"Chile";"CHI";"Segunda División";"05-07-2026 16:00";"NS";"Real San Joaquín";"";"";"Trasandino";"";"";"";"";"5 | 4";"27 | 33";"";"27 | 34";"70";"";"2.2";"2";"0.8 | 1";"1.2 | 1.4";"60";"80";"40";"90";"2.1";"21.8";"9.4";"8.4";"0.8 | 1";"9";"63 | 56";"40 | 40";"";"0.2 | 0.6";"0.6 | 0.6";"1.2";"1";"0.6 | 0.8";"0.6 | 0.4";"";"20 | 20";"5.2 | 2.6";"3 | 6";"9.6";"50";"40"
"Chile";"CHI";"Segunda División";"05-07-2026 17:00";"NS";"Colchagua";"";"";"Lota Schwager";"";"";"";"";"1 | 6";"73 | 33";"";"61 | 27";"70";"";"2";"2";"1.8 | 0.8";"0.4 | 1";"50";"70";"40";"100";"2.1";"23.8";"9.7";"9.3";"2.2 | 1";"9";"100 | 70";"60 | 60";"";"1.2 | 0.4";"0.4 | 0.6";"0.7";"1.3";"0 | 0.4";"0.6 | 0.4";"";"60 | 20";"5.6 | 4.2";"3.6 | 5.2";"9.6";"70";"60"
"Europe";"EUR";"Euro U19";"05-07-2026 12:00";"NS";"Ukraine U19";"";"";"Italy U19";"";"";"";"";"";"";"";"";"";"";"";"";"";"";"";"";"";"";"";"";"";"";"";"";"";"";"";"";"";"";"";"";"";"";"";"";"";"";"";""
"Europe";"EUR";"Euro U19";"05-07-2026 12:00";"NS";"Serbia U19";"";"";"Croatia U19";"";"";"";"";"";"";"";"";"";"";"";"";"";"";"";"";"";"";"";"";"";"";"";"";"";"";"";"";"";"";"";"";"";"";"";"";"";"";"";""
"United States";"USA";"NWSL";"05-07-2026 13:00";"NS";"Boston Legacy W";"";"";"Bay FC W";"";"";"";"";"14 | 13";"33 | 40";"";"44 | 34";"76";"";"2.8";"2";"1.3 | 1";"1.6 | 1.8";"56";"86";"66";"66";"2.5";"25.5";"8.8";"7.8";"1 | 1.2";"8";"49 | 42";"71 | 60";"";"0.4 | 1";"0.6 | 1";"1.4";"1.5";"1 | 0.8";"0.9 | 0";"";"29 | 40";"4.3 | 4";"3.7 | 3.6";"9.4";"42";"32"
"United States";"USA";"NWSL";"05-07-2026 18:00";"NS";"Chicago Stars W";"";"";"Utah Royals W";"5.87";"1.45";"1.22";"1.36";"15 | 2";"33 | 57";"2";"24 | 48";"86";"";"2.3";"3";"0.7 | 1.4";"1.7 | 0.9";"37";"93";"45";"93";"2.5";"24.3";"8";"9.6";"1 | 1.7";"10";"46 | 74";"33 | 57";"";"0.3 | 1";"1.2 | 0.3";"0.9";"1.4";"0.5 | 0.6";"0.3 | 0.4";"";"33 | 43";"4.2 | 4.4";"5 | 5.7";"9.4";"76";"45"
"United States";"USA";"NWSL";"05-07-2026 20:00";"NS";"Portland Thorns W";"";"";"Racing Louisville W";"1.54";"4.94";"1.17";"1.46";"3 | 16";"78 | 0";"1";"58 | 34";"75";"";"2.5";"3";"1.7 | 1";"0.3 | 2";"42";"84";"42";"83";"2.5";"25.8";"8";"10.1";"2.3 | 0";"10";"100 | 35";"83 | 67";"";"0.8 | 0.3";"0.2 | 1.2";"1.2";"1.2";"0.2 | 0.8";"0.8 | 0.7";"";"67 | 0";"5.2 | 4.7";"6.3 | 4";"9.4";"84";"58"
"Argentina";"ARG";"Primera B Nacional";"05-07-2026 15:00";"NS";"Deportivo Madryn";"";"";"Club Atletico Colón";"2.46";"2.92";"1.56";"1.11";"5 | 4";"59 | 37";"5";"48 | 34";"78";"";"2.2";"2";"1.4 | 1";"0.9 | 1";"56";"72";"39";"89";"1.9";"17.4";"6.9";"7.5";"1.8 | 1.1";"8";"74 | 70";"56 | 78";"";"0.9 | 0.4";"0.3 | 0.4";"1.1";"1";"0.6 | 0.6";"0.6 | 0.6";"";"44 | 22";"4.2 | 3.4";"3.8 | 3.6";"8.4";"62";"44"
"Argentina";"ARG";"Primera B Nacional";"05-07-2026 15:00";"NS";"Estudiantes de Buenos Aires";"";"";"Racing de Córdoba";"2.19";"3.79";"1.72";"1.08";"8 | 13";"50 | 19";"5";"27 | 20";"64";"";"1.8";"2";"0.8 | 0.6";"0.8 | 1.6";"41";"59";"28";"100";"1.9";"15.1";"5.4";"8.2";"1.5 | 0.6";"8";"77 | 49";"50 | 44";"";"0.5 | 0.3";"0.5 | 0.7";"0.8";"1";"0.2 | 0.9";"0.2 | 0.2";"";"38 | 11";"3.8 | 3.9";"3.2 | 5.4";"8.4";"52";"40"
"Argentina";"ARG";"Primera B Nacional";"05-07-2026 15:30";"NS";"Patronato";"";"";"San Martín de Tucumán";"2.34";"3.34";"1.68";"1.05";"15 | 8";"48 | 33";"5";"34 | 24";"78";"";"1.8";"2";"1 | 0.7";"0.8 | 1.1";"38";"72";"11";"100";"1.9";"17.7";"7";"7.9";"1.4 | 1";"8";"77 | 66";"78 | 78";"";"0.7 | 0.3";"0.2 | 0.6";"0.9";"0.9";"0.6 | 0.6";"0.3 | 0.3";"";"33 | 22";"5.4 | 2.6";"4.1 | 3.7";"8.4";"56";"39"
"Argentina";"ARG";"Primera B Nacional";"05-07-2026 15:30";"NS";"Club Ferro Carril Oeste";"";"";"San Telmo";"1.54";"6.47";"1.50";"1.13";"2 | 11";"54 | 25";"1";"31 | 17";"44";"";"1.5";"1";"0.9 | 0.5";"0.9 | 0.8";"38";"56";"18";"94";"1.9";"15";"5.5";"9.4";"1.6 | 0.8";"9";"74 | 77";"50 | 38";"";"0.1 | 0.4";"0.6 | 0.5";"0.7";"0.8";"0.2 | 0.2";"0.8 | 0.1";"";"50 | 0";"7.5 | 2.9";"2.2 | 6.1";"8.4";"75";"56"
"Argentina";"ARG";"Primera B Nacional";"05-07-2026 16:00";"NS";"San Martín San Juan";"";"";"Club Atlético Chacarita Juniors";"1.65";"5.70";"1.56";"1.12";"9 | 16";"62 | 8";"1";"41 | 17";"75";"";"2";"2";"1.2 | 0.5";"0.8 | 1.6";"50";"62";"32";"94";"1.9";"17.2";"8";"9.6";"1.9 | 0.2";"9";"77 | 49";"75 | 25";"";"0.8 | 0.1";"0 | 0.5";"1.4";"0.7";"0.8 | 1.1";"0.5 | 0.4";"";"50 | 0";"6.2 | 4.8";"3.8 | 4.4";"8.4";"56";"50"
"Argentina";"ARG";"Primera B Nacional";"05-07-2026 16:00";"NS";"Midland";"";"";"Gimnasia Jujuy";"2.14";"3.40";"1.44";"1.18";"6 | 1";"63 | 41";"5";"41 | 34";"78";"";"2.2";"2";"1.2 | 1";"0.6 | 1.7";"44";"62";"44";"89";"1.9";"17.3";"6.6";"7.8";"1.9 | 1.2";"8";"84 | 46";"67 | 67";"";"0.7 | 0.4";"0.1 | 0.4";"1.4";"0.8";"0.4 | 1.2";"0.6 | 0.6";"";"56 | 33";"4.8 | 5.1";"1.6 | 4.1";"8.4";"61";"44"
"Argentina";"ARG";"Primera B Nacional";"05-07-2026 16:00";"NS";"Chaco For Ever";"";"";"Acassuso";"1.89";"4.59";"1.63";"1.08";"18 | 16";"33 | 19";"1";"37 | 14";"61";"";"2";"2";"1.1 | 0.4";"1.2 | 1.2";"44";"39";"33";"89";"1.9";"17.8";"6.8";"8.8";"1 | 0.6";"8";"63 | 63";"44 | 44";"";"0.2 | 0.2";"0.7 | 0.3";"1.2";"0.8";"0.6 | 0.9";"0.9 | 0.2";"";"22 | 11";"5.1 | 2.1";"4.2 | 6.1";"8.4";"72";"62"
"Argentina";"ARG";"Primera B Nacional";"05-07-2026 16:00";"NS";"CA Mitre";"";"";"All Boys";"2.30";"3.56";"";"";"17 | 14";"42 | 15";"5";"41 | 20";"66";"";"2.4";"2";"1.2 | 0.6";"1.4 | 1.7";"36";"60";"47";"70";"1.9";"14.8";"6.6";"8";"1.2 | 0.4";"8";"56 | 46";"50 | 44";"";"0.2 | 0.1";"0.9 | 0.7";"1.4";"1";"0.5 | 1";"1 | 0.4";"";"38 | 11";"5.5 | 4.7";"2.2 | 3.7";"8.4";"53";"53"
"Argentina";"ARG";"Primera B Nacional";"05-07-2026 16:30";"NS";"Deportivo Maipú";"";"";"Agropecuario Argentino";"2.05";"3.64";"1.49";"1.14";"10 | 18";"59 | 22";"5";"37 | 24";"50";"";"2";"2";"1.1 | 0.7";"0.8 | 1.6";"38";"50";"33";"78";"1.9";"18.8";"7.7";"9.6";"1.8 | 0.7";"9";"77 | 49";"33 | 33";"";"0.3 | 0.1";"0.2 | 0.7";"1.4";"0.7";"0.6 | 0.9";"0.8 | 0.6";"";"56 | 11";"5.9 | 3.8";"4.4 | 5.2";"8.4";"72";"56"
"Argentina";"ARG";"Primera B Nacional";"05-07-2026 16:30";"NS";"Central Norte de Salta";"";"";"San Miguel";"2.27";"3.59";"";"";"15 | 10";"42 | 33";"5";"27 | 27";"58";"";"1.8";"2";"0.8 | 0.8";"0.8 | 1.3";"41";"58";"22";"83";"1.9";"16.1";"6.4";"8.2";"1.2 | 1";"9";"77 | 60";"38 | 33";"";"0.4 | 0.3";"0.4 | 0.6";"1";"0.8";"0.4 | 0.8";"0.4 | 0.4";"";"25 | 11";"3.9 | 3.4";"3.1 | 5.9";"8.4";"58";"52"
"Argentina";"ARG";"Primera C";"05-07-2026 13:00";"NS";"Sacachispas";"";"";"Juventud Unida G.";"1.85";"4.32";"1.52";"1.09";"3 | 18";"67 | 50";"1";"48 | 37";"61";"";"2.3";"2";"1.4 | 1.1";"0.8 | 1.2";"40";"58";"40";"82";"1.9";"21";"8.8";"7.8";"2 | 1.5";"8";"77 | 63";"30 | 50";"";"0.3 | 0.6";"0.1 | 0.4";"1.6";"0.7";"0.7 | 0.9";"1.1 | 0.5";"";"60 | 38";"3.8 | 2.6";"3.6 | 5.5";"7.8";"56";"40"
"Argentina";"ARG";"Primera C";"05-07-2026 13:00";"NS";"Victoriano Arenas";"";"";"Deportivo Paraguayo";"";"";"";"";"8 | 25";"59 | 37";"";"31 | 27";"33";"";"1.7";"2";"0.9 | 0.8";"0.3 | 1.4";"22";"50";"28";"78";"1.9";"16.2";"6.8";"7.3";"1.8 | 1.1";"7";"100 | 56";"22 | 33";"";"0.4 | 0.4";"0.1 | 0.8";"0.8";"0.9";"0.2 | 0.7";"0.4 | 0.3";"";"44 | 22";"4.8 | 2.9";"2.6 | 4.4";"7.8";"44";"33"
"Argentina";"ARG";"Primera C";"05-07-2026 15:00";"NS";"Cañuelas";"";"";"Central Córdoba";"";"";"";"";"6 | 21";"57 | 38";"";"34 | 27";"40";"";"1.6";"2";"1 | 0.8";"0.6 | 0.9";"40";"48";"34";"87";"1.9";"15.5";"6.4";"8.8";"1.7 | 1.1";"9";"84 | 74";"43 | 38";"";"0.7 | 0.4";"0.1 | 0.4";"0.8";"0.8";"0.4 | 0.5";"0.3 | 0.4";"";"43 | 25";"4.9 | 3.8";"3.6 | 5.4";"7.8";"66";"52"
"Argentina";"ARG";"Primera C";"05-07-2026 15:00";"NS";"Atlas";"";"";"Claypole";"";"";"";"";"23 | 20";"42 | 37";"";"34 | 17";"51";"";"1.8";"2";"1 | 0.5";"1.1 | 1.1";"30";"51";"28";"82";"1.9";"15.4";"6.8";"8.8";"1.2 | 1.1";"8";"66 | 66";"25 | 40";"";"0.8 | 0.1";"0.6 | 0.4";"1";"1";"0.5 | 0.7";"0.2 | 0.4";"";"25 | 30";"5.9 | 4.6";"3.8 | 3.5";"7.8";"64";"52"
"Argentina";"ARG";"Primera C";"05-07-2026 15:00";"NS";"General Lamadrid";"";"";"El Porvenir";"";"";"";"";"7 | 14";"77 | 50";"";"41 | 31";"40";"";"1.6";"2";"1.2 | 0.9";"0.4 | 0.6";"35";"44";"24";"89";"1.9";"17.5";"7.4";"8.4";"2.3 | 1.5";"8";"100 | 84";"30 | 50";"";"0.5 | 0.2";"0.1 | 0.1";"1";"0.5";"0.3 | 0.5";"0.7 | 0.6";"";"70 | 25";"5 | 3.1";"5.1 | 3.5";"7.8";"59";"49"
"Argentina";"ARG";"Primera C";"05-07-2026 15:00";"NS";"Berazategui";"";"";"Puerto Nuevo";"1.49";"6.40";"1.40";"1.16";"5 | 15";"57 | 59";"1";"68 | 27";"65";"";"2.2";"2";"2 | 0.8";"1.1 | 0.6";"46";"56";"34";"78";"1.9";"19.5";"9";"9.1";"1.7 | 1.8";"8";"66 | 84";"43 | 44";"";"0.9 | 0.4";"0.3 | 0.2";"1.4";"0.9";"0.9 | 0.3";"1.1 | 0.3";"";"43 | 44";"6 | 3.7";"3 | 5.6";"7.8";"69";"64"
"Argentina";"ARG";"Primera B Metropolitana";"05-07-2026 13:00";"NS";"Argentino Quilmes";"";"";"Talleres Remedios de Escalada";"2.84";"2.52";"1.61";"1.07";"14 | 2";"43 | 70";"5";"37 | 48";"65";"";"2";"2";"1.1 | 1.4";"0.9 | 0.5";"40";"60";"25";"90";"2";"15.6";"6.4";"8.6";"1.3 | 2.1";"9";"74 | 88";"70 | 60";"";"0.4 | 0.7";"0.1 | 0.3";"1.2";"0.8";"0.8 | 0.2";"0.7 | 0.7";"";"30 | 60";"4.5 | 4";"3.1 | 5.5";"8.6";"60";"50"
"Argentina";"ARG";"Primera B Metropolitana";"05-07-2026 13:00";"NS";"Sportivo Italiano";"";"";"Real Pilar";"2.70";"2.68";"1.63";"1.06";"6 | 7";"50 | 50";"5";"34 | 34";"70";"";"2";"2";"1 | 1";"1 | 1";"55";"70";"35";"95";"2";"16";"6.1";"8.2";"1.5 | 1.5";"8";"70 | 70";"70 | 70";"";"0.5 | 0.5";"0.3 | 0.3";"1.2";"0.8";"0.7 | 0.7";"0.5 | 0.5";"";"40 | 40";"4.5 | 3.4";"4 | 4.4";"8.6";"55";"40"
"Argentina";"ARG";"Primera B Metropolitana";"05-07-2026 15:00";"NS";"Defensores Unidos";"";"";"Argentino Merlo";"2.99";"2.39";"1.57";"1.07";"17 | 12";"63 | 50";"5";"48 | 34";"75";"";"2.1";"2";"1.4 | 1";"0.8 | 1";"50";"70";"30";"90";"2";"17.6";"7";"7.4";"1.9 | 1.5";"8";"77 | 70";"30 | 60";"";"0.5 | 0.6";"0.5 | 0.4";"1.1";"1";"0.3 | 0.6";"0.9 | 0.4";"";"50 | 40";"4.4 | 2";"4 | 4.5";"8.6";"55";"35"
"Argentina";"ARG";"Primera B Metropolitana";"05-07-2026 15:00";"NS";"San Martín Burzaco";"";"";"Liniers";"2.11";"3.68";"1.62";"1.07";"11 | 15";"37 | 30";"5";"34 | 24";"65";"";"2";"2";"1 | 0.7";"1 | 1.3";"40";"60";"30";"90";"2";"17.2";"7.2";"8.2";"1.1 | 0.9";"8";"70 | 60";"70 | 60";"";"0.4 | 0.2";"0.3 | 0.6";"1.2";"0.8";"0.7 | 0.7";"0.6 | 0.5";"";"20 | 20";"5.3 | 5.2";"2.4 | 3.5";"8.6";"50";"45"
"Argentina";"ARG";"Torneo Federal A";"05-07-2026 14:00";"NS";"Sportivo Belgrano";"";"";"Independiente Chivilcoy";"";"";"";"";"1 | 7";"67 | 24";"";"37 | 14";"36";"";"1.4";"2";"1.1 | 0.4";"0.3 | 1";"14";"50";"14";"93";"1.8";"19.1";"7";"9.6";"2 | 0.7";"9";"100 | 70";"43 | 29";"";"0.4 | 0.1";"0.1 | 0.6";"0.8";"0.6";"0.1 | 0.4";"0.7 | 0.3";"";"57 | 14";"5.2 | 2.3";"5 | 6.7";"8.9";"70";"62"
"Argentina";"ARG";"Torneo Federal A";"05-07-2026 14:00";"NS";"Douglas Haig";"";"";"Sportivo Las Parejas";"";"";"";"";"2 | 6";"81 | 24";"";"54 | 20";"50";"";"2";"2";"1.6 | 0.6";"0.6 | 1.3";"36";"64";"28";"78";"1.8";"21.4";"8.5";"10";"2.4 | 0.7";"10";"84 | 60";"43 | 57";"";"0.6 | 0.3";"0.3 | 0.6";"1.2";"0.9";"0.3 | 0.7";"1 | 0.3";"";"71 | 14";"6.9 | 6.3";"3.4 | 3.3";"8.9";"72";"57"
"Argentina";"ARG";"Torneo Federal A";"05-07-2026 14:00";"NS";"Defensores Belgrano VR";"";"";"Escobar FC";"";"";"";"";"5 | 8";"81 | 14";"";"54 | 31";"78";"";"2.6";"2";"1.6 | 0.9";"0.4 | 2.3";"57";"72";"50";"78";"1.8";"22.5";"9";"7.4";"2.4 | 0.4";"8";"100 | 25";"71 | 29";"";"0.9 | 0.7";"0.1 | 0.9";"1.3";"1.3";"0.3 | 1.4";"0.7 | 0.1";"";"71 | 14";"3.7 | 3.1";"4.3 | 3.7";"8.9";"43";"29"
"Argentina";"ARG";"Torneo Federal A";"05-07-2026 14:00";"NS";"Gimnasia Concepción";"";"";"9 de Julio Rafaela";"";"";"";"";"10 | 3";"43 | 29";"";"24 | 31";"50";"";"1.9";"2";"0.7 | 0.9";"1 | 1.3";"29";"64";"36";"86";"1.8";"17.1";"7.2";"7.7";"1.3 | 0.9";"8";"70 | 60";"29 | 43";"";"0.3 | 0.3";"0.9 | 0.6";"1";"1";"0.1 | 0.7";"0.4 | 0.6";"";"43 | 14";"3.7 | 2.9";"4.3 | 4.6";"8.9";"50";"36"
"Argentina";"ARG";"Torneo Federal A";"05-07-2026 14:00";"NS";"Gimnasia Chivilcoy";"";"";"El Linqueño";"";"";"";"";"4 | 9";"81 | 5";"";"44 | 20";"43";"";"1.7";"2";"1.3 | 0.6";"0 | 1.6";"22";"57";"22";"86";"1.8";"18.4";"6.8";"8.4";"2.4 | 0.1";"9";"100 | 49";"43 | 29";"";"0.6 | 0.1";"0 | 1";"0.8";"0.8";"0 | 0.6";"0.7 | 0.4";"";"71 | 0";"4 | 4";"3.3 | 5.6";"8.9";"64";"43"
"Argentina";"ARG";"Torneo Federal A";"05-07-2026 14:00";"NS";"Boca Unidos";"";"";"Sarmiento Resistencia";"";"";"";"";"8 | 9";"67 | 14";"";"75 | 20";"92";"";"3.2";"3";"2.2 | 0.6";"1.5 | 2";"63";"93";"63";"60";"1.8";"24.8";"10.4";"9.1";"2 | 0.4";"9";"52 | 35";"67 | 43";"";"1 | 0";"0.8 | 1.3";"1.6";"1.6";"0.7 | 0.7";"1.2 | 0.6";"";"67 | 0";"4.8 | 4";"5.8 | 3.6";"8.9";"63";"63"
"Argentina";"ARG";"Torneo Federal A";"05-07-2026 14:00";"NS";"Tucumán Central";"";"";"Sol de América";"";"";"";"";"6 | 2";"89 | 22";"";"51 | 17";"58";"";"1.7";"2";"1.5 | 0.5";"0.2 | 1.2";"25";"58";"16";"100";"1.8";"16.6";"5";"8.9";"2.7 | 0.7";"9";"100 | 63";"67 | 50";"";"0.7 | 0.5";"0 | 0.5";"0.8";"0.8";"0.2 | 0.7";"0.8 | 0";"";"83 | 17";"3.8 | 4.2";"4.2 | 5.7";"8.9";"50";"50"
"Argentina";"ARG";"Torneo Federal A";"05-07-2026 14:00";"NS";"San Martín Formosa";"";"";"Juventud Antoniana";"";"";"";"";"3 | 5";"89 | 44";"";"78 | 24";"50";"";"2.2";"2";"2.3 | 0.7";"1 | 0.5";"42";"58";"42";"75";"1.8";"22.2";"9.6";"8.2";"2.7 | 1.3";"8";"70 | 88";"33 | 17";"";"0.8 | 0.2";"0.3 | 0.3";"1.5";"0.8";"0.7 | 0.2";"1.5 | 0.5";"";"83 | 33";"4.3 | 5";"3 | 4.2";"8.9";"42";"42"
"Argentina";"ARG";"Torneo Federal A";"05-07-2026 14:00";"NS";"Defensores Pto. Vilelas";"";"";"Sarmiento de La Banda";"";"";"";"";"7 | 4";"48 | 39";"";"48 | 27";"52";"";"2.6";"2";"1.4 | 0.8";"1.4 | 1.3";"45";"60";"45";"62";"1.8";"23.6";"9.4";"9";"1.4 | 1.2";"9";"56 | 60";"57 | 33";"";"0.9 | 0.3";"0.3 | 0.3";"1.6";"0.9";"1.1 | 1";"0.6 | 0.5";"";"43 | 33";"3.9 | 2.3";"7.3 | 4.5";"8.9";"66";"66"
"Argentina";"ARG";"Torneo Federal A";"05-07-2026 14:00";"NS";"Huracán Las Heras";"";"";"Costa Brava";"";"";"";"";"8 | 4";"67 | 24";"";"27 | 10";"38";"";"1.1";"2";"0.8 | 0.3";"0.3 | 0.7";"31";"55";"0";"100";"1.8";"16.9";"6.4";"7.9";"2 | 0.7";"9";"100 | 80";"33 | 57";"";"0.5 | 0.3";"0.2 | 0.4";"0.4";"0.7";"0.2 | 0.3";"0.3 | 0";"";"50 | 0";"5.3 | 3.4";"2.8 | 4.1";"8.9";"54";"32"
"Argentina";"ARG";"Torneo Federal A";"05-07-2026 14:00";"NS";"San Martín Mendoza";"";"";"Deportivo Rincón";"";"";"";"";"9 | 7";"67 | 17";"";"34 | 27";"58";"";"1.9";"2";"1 | 0.8";"0.3 | 1.7";"50";"50";"34";"75";"1.8";"20.4";"7.5";"8.3";"2 | 0.5";"9";"100 | 46";"33 | 50";"";"0.2 | 0.3";"0.2 | 0.5";"1.4";"0.6";"0.2 | 1.2";"0.8 | 0.5";"";"50 | 0";"5 | 2.5";"2.8 | 6.3";"8.9";"58";"33"
"Argentina";"ARG";"Torneo Federal A";"05-07-2026 14:00";"NS";"Atenas";"";"";"FADEP";"";"";"";"";"2 | 6";"67 | 22";"";"44 | 10";"50";"";"1.6";"2";"1.3 | 0.3";"0.5 | 1";"42";"50";"33";"84";"1.8";"17.2";"6.8";"9.6";"2 | 0.7";"10";"88 | 70";"50 | 50";"";"0.5 | 0.2";"0.3 | 0.2";"1";"0.6";"0.2 | 0.8";"0.8 | 0.2";"";"50 | 0";"5 | 4.2";"5.2 | 4.8";"8.9";"75";"50"
"Argentina";"ARG";"Torneo Federal A";"05-07-2026 14:00";"NS";"Cipolletti";"";"";"Argentino Monte Maíz";"";"";"";"";"1 | 3";"76 | 28";"";"58 | 24";"69";"";"2.2";"2";"1.7 | 0.7";"0.6 | 1.3";"38";"84";"45";"92";"1.8";"20.8";"9.4";"8.9";"2.3 | 0.8";"9";"84 | 60";"57 | 67";"";"0.9 | 0.2";"0.4 | 0.8";"1";"1.2";"0.1 | 0.5";"0.9 | 0.5";"";"71 | 17";"5.6 | 3";"3.7 | 5.5";"8.9";"78";"46"
"Argentina";"ARG";"Torneo Federal A";"05-07-2026 14:00";"NS";"Sol de Mayo";"";"";"Kimberley Mar del Plata";"";"";"";"";"6 | 3";"56 | 48";"";"34 | 24";"32";"";"1.5";"2";"1 | 0.7";"0.7 | 0.6";"32";"48";"16";"84";"1.8";"17.8";"6.4";"7.8";"1.7 | 1.4";"8";"80 | 84";"50 | 14";"";"0.7 | 0.3";"0.3 | 0.1";"0.8";"0.7";"0.3 | 0.4";"0.3 | 0.4";"";"33 | 29";"3.8 | 4.7";"3.3 | 3.7";"8.9";"45";"37"
"Argentina";"ARG";"Torneo Federal A";"05-07-2026 14:00";"NS";"Guillermo Brown";"";"";"Circulo Deportivo";"";"";"";"";"8 | 9";"28 | 11";"";"34 | 0";"42";"";"1.9";"2";"1 | 0";"1.5 | 1.3";"16";"66";"25";"75";"1.8";"18.6";"6.9";"9";"0.8 | 0.3";"9";"52 | 60";"33 | 33";"";"0.5 | 0";"0.8 | 0.7";"1";"1";"0.7 | 0.7";"0.5 | 0";"";"17 | 0";"2.4 | 4.5";"4.2 | 7";"8.9";"62";"54"
"Argentina";"ARG";"Torneo Federal A";"05-07-2026 14:00";"NS";"Olimpo";"";"";"Villa Mitre";"";"";"";"";"1 | 4";"78 | 28";"";"27 | 17";"25";"";"1";"2";"0.8 | 0.5";"0 | 0.7";"8";"25";"0";"100";"1.8";"14.8";"5.9";"7.5";"2.3 | 0.8";"8";"100 | 80";"67 | 33";"";"0.3 | 0";"0 | 0.2";"0.8";"0.2";"0 | 0.5";"0.5 | 0.5";"";"67 | 17";"5.2 | 3.7";"2.7 | 3.5";"8.9";"42";"33"
"Argentina";"ARG";"Torneo Federal A";"05-07-2026 14:00";"NS";"Alvarado";"";"";"Germinal de Rawson";"";"";"";"";"2 | 5";"81 | 17";"";"54 | 10";"52";"";"1.4";"2";"1.6 | 0.3";"0.1 | 0.8";"24";"54";"16";"100";"1.8";"17.2";"7.4";"10";"2.4 | 0.5";"10";"100 | 77";"71 | 33";"";"1 | 0";"0 | 0.7";"0.6";"0.8";"0.1 | 0.2";"0.6 | 0.3";"";"71 | 0";"6.1 | 2.8";"3 | 8.2";"8.9";"62";"54"
"Australia";"AUS";"Queensland Premier League 3 Metro";"05-07-2026 04:00";"NS";"Ipswich Knights";"";"";"Redcliffe PCYC";"";"";"";"";"11 | 13";"38 | 29";"";"61 | 65";"94";"";"5";"5";"1.8 | 1.9";"2.2 | 4.1";"75";"88";"81";"38";"4.6";"26.8";"13.8";"11.2";"1.1 | 0.9";"11";"28 | 2";"38 | 71";"";"1 | 1";"1.4 | 2";"2.1";"2.5";"0.9 | 2.8";"0.8 | 1.2";"";"38 | 29";"5.3 | 4";"5.2 | 8";"10.4";"79";"79"
"Australia";"AUS";"Queensland Premier League 3 Metro";"05-07-2026 04:00";"NS";"Mt Gravatt Hawks";"";"";"North Pine";"";"";"";"";"10 | 12";"42 | 24";"";"61 | 24";"73";"";"3.2";"4";"1.8 | 0.7";"2.4 | 1.7";"52";"57";"52";"54";"4.6";"23.2";"12";"9";"1.2 | 0.7";"10";"21 | 46";"50 | 43";"";"0 | 0.3";"0.7 | 0.6";"2.2";"0.8";"2.6 | 1.1";"1.4 | 0.4";"";"25 | 14";"4.2 | 3.8";"4.5 | 5.5";"10.4";"62";"62"
"Australia";"AUS";"Queensland Premier League 3 Metro";"05-07-2026 06:00";"NS";"Moggill";"";"";"Logan Roos";"";"";"";"";"3 | 8";"100 | 43";"";"100 | 92";"100";"";"5.8";"5";"4.2 | 2.7";"0.9 | 3.7";"81";"93";"100";"13";"4.6";"24";"14.2";"10.6";"3 | 1.3";"11";"74 | 2";"38 | 43";"";"2.4 | 1";"0.4 | 2";"2.9";"2.9";"0.5 | 1.7";"1.9 | 1.7";"";"100 | 43";"6.8 | 5";"3.6 | 5.9";"10.4";"83";"66"
"Australia";"AUS";"Capital Territory";"05-07-2026 02:00";"NS";"Canberra FC";"";"";"Canberra Olympic";"1.22";"7.50";"";"";"";"80 | 38";"3";"100 | 75";"88";"";"4.5";"5";"3.2 | 2.2";"1.2 | 2.4";"71";"81";"88";"45";"4.3";"24";"10.6";"8.3";"2.4 | 1.1";"9";"63 | 21";"60 | 50";"";"1.8 | 1.1";"0.6 | 0.5";"2.5";"2";"0.6 | 1.9";"1.4 | 1.1";"";"80 | 38";"5.8 | 5";"2.4 | 3.4";"9.5";"51";"35"
"Australia";"AUS";"New South Wales";"05-07-2026 02:00";"NS";"Rockdale Ilinden FC";"";"";"NWS Spirit";"2.25";"2.63";"";"";"4 | 8";"50 | 30";"5";"54 | 27";"55";"";"2.4";"2";"1.6 | 0.8";"1.6 | 0.9";"35";"55";"50";"75";"2.7";"19.8";"8.8";"6.8";"1.5 | 0.9";"8";"49 | 74";"40 | 40";"";"0.8 | 0.2";"0.7 | 0.5";"1.4";"1.1";"0.9 | 0.4";"0.8 | 0.6";"";"50 | 20";"4.2 | 3.9";"2.4 | 3.1";"9.3";"35";"30"
"Australia";"AUS";"New South Wales";"05-07-2026 02:00";"NS";"Blacktown City";"";"";"Sydney United 58 FC";"3.40";"1.89";"";"";"15 | 3";"23 | 63";"2";"31 | 51";"75";"";"2.6";"2";"0.9 | 1.5";"1.7 | 1.1";"60";"80";"55";"75";"2.7";"19.6";"8.6";"9.5";"0.7 | 1.9";"10";"46 | 66";"60 | 50";"";"0.6 | 0.7";"0.7 | 0.4";"1.4";"1.2";"1 | 0.7";"0.3 | 0.8";"";"20 | 60";"5.9 | 4.8";"4.4 | 3.9";"9.3";"60";"45"
"Australia";"AUS";"New South Wales";"05-07-2026 02:00";"NS";"Marconi Stallions";"";"";"St. George Saints";"1.36";"6.40";"";"";"1 | 14";"85 | 30";"1";"71 | 37";"74";"";"2.7";"3";"2.1 | 1.1";"0.4 | 1.7";"42";"80";"42";"79";"2.7";"19.2";"8";"8.2";"2.6 | 0.9";"9";"100 | 46";"33 | 50";"";"1.1 | 0.4";"0.1 | 0.9";"1.4";"1.2";"0.3 | 0.8";"1 | 0.7";"";"78 | 30";"5 | 3.5";"3.3 | 4.5";"9.3";"52";"37"
"Australia";"AUS";"New South Wales";"05-07-2026 02:00";"NS";"Wollongong Wolves";"";"";"St George City FA";"2.05";"3.05";"";"";"7 | 12";"52 | 22";"5";"44 | 20";"67";"";"2.4";"2";"1.3 | 0.6";"1.2 | 1.7";"44";"66";"44";"72";"2.7";"20.6";"8.8";"8.6";"1.6 | 0.7";"9";"63 | 46";"56 | 33";"";"0.8 | 0.1";"0.8 | 0.6";"1.3";"1.2";"0.4 | 1.1";"0.6 | 0.4";"";"44 | 11";"4.3 | 3.1";"4.6 | 5.2";"9.3";"67";"50"
"Australia";"AUS";"Npl Tasmania";"05-07-2026 01:30";"NS";"South East United";"";"";"South Hobart";"";"";"";"";"8 | 1";"33 | 81";"";"34 | 100";"92";"";"4.6";"5";"1 | 3.7";"3.5 | 0.9";"68";"84";"69";"46";"4.1";"25.2";"11.8";"12.4";"1 | 2.4";"11";"2 | 74";"50 | 43";"";"0.5 | 1.3";"1.8 | 0.4";"2.6";"2";"1.7 | 0.4";"0.5 | 2.4";"";"33 | 71";"3.5 | 10";"8.3 | 2.9";"11.4";"92";"92"
"Australia";"AUS";"Npl Queensland";"05-07-2026 02:00";"NS";"Gold Coast United";"";"";"Magic United";"";"";"";"";"10 | 11";"17 | 19";"";"34 | 31";"84";"";"3.2";"4";"1 | 0.9";"2.2 | 2.4";"38";"84";"69";"46";"3.9";"21";"9.7";"9.7";"0.5 | 0.6";"11";"28 | 21";"50 | 57";"";"0.3 | 0.6";"1 | 0.9";"1.8";"1.4";"1.2 | 1.6";"0.7 | 0.3";"";"17 | 14";"4.7 | 3.6";"4.3 | 6.9";"10.4";"84";"76"
"Australia";"AUS";"Npl Queensland";"05-07-2026 02:45";"NS";"Brisbane City";"";"";"Brisbane Roar II";"";"";"";"";"6 | 12";"33 | 12";"";"61 | 48";"94";"";"4.3";"4";"1.8 | 1.4";"2.8 | 2.6";"71";"88";"94";"30";"3.9";"24.2";"10.1";"11.9";"1 | 0.4";"12";"7 | 14";"33 | 62";"";"0.3 | 0.9";"1.3 | 1.1";"2.4";"1.8";"1.4 | 1.5";"1.4 | 0.5";"";"22 | 12";"8 | 3.5";"4.3 | 8";"10.4";"94";"94"
"Australia";"AUS";"Npl Victoria";"05-07-2026 02:30";"NS";"South Melbourne";"";"";"Dandenong Thunder";"";"";"";"";"9 | 13";"22 | 22";"";"37 | 37";"89";"";"3.9";"4";"1.1 | 1.1";"2.4 | 3.1";"56";"84";"78";"56";"3.1";"20.7";"10.2";"10.9";"0.7 | 0.7";"11";"21 | 2";"44 | 33";"";"0.4 | 0.6";"1.2 | 1.1";"2.2";"1.7";"1.2 | 2";"0.7 | 0.6";"";"22 | 22";"5.3 | 5.2";"4.4 | 6.7";"10.2";"89";"67"
"Australia";"AUS";"Victoria NPL Youth League";"05-07-2026 02:00";"NS";"Heidelberg United U23";"";"";"St. Albans Saints U23";"1.70";"3.50";"";"";"3 | 10";"56 | 56";"1";"99 | 44";"84";"";"4.3";"4";"2.9 | 1.3";"2.6 | 1.9";"72";"89";"84";"39";"4.2";"20.4";"10";"9.3";"1.7 | 1.7";"10";"14 | 38";"44 | 33";"";"1.3 | 0.6";"1.1 | 1.2";"2.2";"2.1";"1.4 | 0.7";"1.6 | 0.8";"";"56 | 56";"6.5 | 4.8";"4.5 | 2.9";"8.9";"88";"63"
"Australia";"AUS";"Brisbane Reserves Premier League";"05-07-2026 00:00";"NS";"Ipswich Knights U23";"";"";"Redcliffe Dolphins U23";"";"";"";"";"7 | 12";"42 | 33";"";"71 | 54";"93";"";"4.3";"4";"2.1 | 1.6";"2.1 | 2.9";"59";"";"80";"34";"4.8";"";"";"";"1.2 | 1";"";"32 | 4";"50 | 43";"";"";"";"0";"0";"";"";"";"38 | 29";"";"";"0";"";""
"Australia";"AUS";"Brisbane Reserves Premier League";"05-07-2026 02:00";"NS";"Mt Gravatt U23";"";"";"North Pine U23";"";"";"";"";"11 | 1";"25 | 42";"";"34 | 65";"88";"";"4";"4";"1 | 1.9";"3.1 | 2";"62";"";"68";"38";"4.8";"";"";"";"0.8 | 1.2";"";"2 | 35";"38 | 50";"";"";"";"0";"0";"";"";"";"12 | 38";"";"";"0";"";""
"Australia";"AUS";"Brisbane Reserves Premier League";"05-07-2026 04:00";"NS";"Moggill U23";"";"";"Logan Roos U23";"";"";"";"";"2 | 13";"83 | 14";"";"82 | 31";"94";"";"5.6";"6";"2.4 | 0.9";"0.4 | 7.4";"48";"";"75";"44";"4.8";"";"";"";"2.5 | 0.4";"";"100 | 2";"50 | 29";"";"";"";"0";"0";"";"";"";"75 | 14";"";"";"0";"";""
"Australia";"AUS";"Victoria Premier League 2";"05-07-2026 01:00";"NS";"Western United II";"";"";"Melbourne Victory II";"3.50";"1.73";"";"";"12 | 4";"48 | 37";"2";"68 | 71";"84";"";"4";"4";"2 | 2.1";"2 | 2";"78";"84";"78";"38";"3.3";"19.8";"8.4";"10.5";"1.4 | 1.1";"11";"35 | 35";"56 | 44";"";"1.1 | 0.7";"0.9 | 1";"2.2";"1.8";"1.1 | 1";"0.9 | 1.4";"";"44 | 33";"3.2 | 6.9";"4.8 | 6.1";"10.5";"72";"66"
"Australia";"AUS";"New South Wales NPL Youth League";"05-07-2026 00:00";"NS";"Rockdale Ilinden U20";"";"";"NWS Spirit U20";"2.55";"2.23";"";"";"11 | 3";"50 | 73";"5";"61 | 68";"100";"";"3.6";"4";"1.8 | 2";"1.8 | 1.6";"80";"90";"80";"60";"3.8";"27.1";"14.6";"9.8";"1.5 | 2.2";"10";"42 | 49";"40 | 40";"";"0.4 | 1";"0.8 | 0.7";"2.2";"1.4";"1 | 0.9";"1.4 | 1";"";"40 | 70";"5 | 6.2";"3.2 | 5.1";"9.1";"70";"45"
"Australia";"AUS";"New South Wales NPL Youth League";"05-07-2026 00:00";"NS";"Blacktown City U20";"";"";"Sydney United U20";"";"";"";"";"13 | 2";"40 | 77";"";"71 | 100";"95";"";"5";"4";"2.1 | 3.9";"2.1 | 1.8";"80";"90";"90";"25";"3.8";"24.2";"13";"8.6";"1.2 | 2.3";"8";"32 | 42";"50 | 50";"";"1 | 1.9";"1.1 | 0.4";"2.8";"2.2";"1 | 1.4";"1.1 | 2";"";"40 | 70";"4.6 | 4.9";"3.7 | 4.1";"9.1";"67";"50"
"Australia";"AUS";"New South Wales NPL Youth League";"05-07-2026 00:00";"NS";"Marconi Stallions U20";"";"";"St. George Saints U20";"1.38";"5.80";"";"";"6 | 15";"67 | 10";"1";"65 | 37";"84";"";"3.3";"3";"1.9 | 1.1";"0.8 | 2.8";"62";"84";"69";"70";"3.8";"20.6";"10.4";"8";"2 | 0.3";"8";"77 | 7";"78 | 50";"";"0.9 | 0.6";"0.4 | 1.4";"1.6";"1.6";"0.3 | 1.4";"1 | 0.5";"";"67 | 0";"5.1 | 3.9";"2.1 | 5";"9.1";"68";"46"
"Australia";"AUS";"New South Wales NPL Youth League";"05-07-2026 00:00";"NS";"Wollongong Wolves U20";"";"";"St. George City U20";"2.20";"2.55";"";"";"8 | 10";"52 | 37";"5";"58 | 75";"89";"";"3.6";"4";"1.7 | 2.2";"1.2 | 2.1";"84";"84";"61";"50";"3.8";"24.3";"12.8";"8.8";"1.6 | 1.1";"9";"63 | 32";"44 | 33";"";"0.7 | 1.4";"0.4 | 0.8";"2";"1.6";"0.8 | 1.3";"1 | 0.8";"";"33 | 22";"5 | 4.7";"3 | 5";"9.1";"54";"41"
"Australia";"AUS";"Queensland Premier League 2";"05-07-2026 04:00";"NS";"Caloundra";"";"";"Samford Rangers";"";"";"";"";"7 | 12";"62 | 6";"";"99 | 41";"92";"";"4.6";"4";"2.9 | 1.2";"2.3 | 3";"76";"75";"75";"48";"3.7";"32.6";"22";"12.2";"1.9 | 0.2";"11";"25 | 0";"43 | 33";"";"1.7 | 0.5";"1.3 | 0.7";"2.6";"2.1";"1 | 2.3";"1.1 | 0.7";"";"57 | 0";"7.3 | 4";"6 | 7";"11.1";"88";"88"
"Australia";"AUS";"Queensland NPL Youth League";"05-07-2026 00:15";"NS";"Brisbane City U23";"";"";"Queensland U16";"";"";"";"";"8 | 11";"44 | 19";"";"92 | 44";"82";"";"5.1";"5";"2.7 | 1.3";"2.7 | 3.6";"64";"58";"76";"38";"4.2";"";"";"9.3";"1.3 | 0.6";"10";"10 | 2";"56 | 43";"";"1.3 | 0.5";"1 | 1";"2.2";"1.6";"1.7 | 5.2";"1.3 | 1.8";"";"33 | 14";"4.9 | 5";"4.7 | 4";"10.2";"58";"53"
"Australia";"AUS";"NSW League One Youth";"05-07-2026 04:00";"NS";"CC Mariners U20";"";"";"Rydalmere Lions U20";"";"";"";"";"7 | 14";"54 | 40";"";"100 | 58";"100";"";"5.4";"5";"3.9 | 1.7";"2.1 | 3";"61";"100";"95";"28";"3.8";"26";"17.6";"8.5";"1.6 | 1.2";"8";"32 | 0";"50 | 70";"";"2.3 | 0.9";"0.7 | 1.1";"2.4";"2";"2.8 | 2.2";"2.2 | 1";"";"50 | 40";"4 | 5.1";"3 | 4.9";"9";"45";"45"
"Australia";"AUS";"New South Wales NPL 2";"05-07-2026 02:00";"NS";"Central Coast II";"";"";"Rydalmere Lions";"";"";"";"";"9 | 12";"46 | 50";"";"71 | 54";"80";"";"3.8";"4";"2.1 | 1.6";"2.2 | 1.6";"74";"90";"68";"49";"3.2";"24.2";"15.8";"11.6";"1.4 | 1.5";"11";"28 | 49";"50 | 40";"";"1 | 0.8";"1.4 | 0.7";"1.8";"2";"0.9 | 0.9";"1.1 | 0.8";"";"38 | 40";"6.7 | 5.8";"5 | 5.7";"9.9";"100";"86"
"Bhutan";"BHU";"Bhutan Premier League";"05-07-2026 07:00";"NS";"RTC";"";"";"Ugyen Academy";"";"";"";"";"8 | 10";"33 | 25";"";"41 | 17";"75";"";"3.9";"3";"1.2 | 0.5";"1.5 | 4.5";"25";"50";"62";"38";"3.2";"32.2";"9.4";"8.5";"1 | 0.8";"10";"52 | 2";"50 | 25";"";"0.2 | 0";"0.2 | 1.8";"2.7";"1.2";"1.2 | 2.8";"1 | 0.5";"";"25 | 25";"3.8 | 4.2";"4 | 5";"9.9";"62";"50"
"Belarus";"BLR";"Vysshaya Liga";"05-07-2026 12:00";"NS";"Belshina";"";"";"Baranovichi";"2.67";"2.87";"";"";"14 | 12";"48 | 33";"5";"44 | 31";"71";"";"2.6";"2";"1.3 | 0.9";"1.1 | 1.9";"36";"86";"43";"78";"2.5";"15";"5.8";"11.4";"1.4 | 1";"10";"66 | 38";"29 | 57";"";"0.7 | 0.7";"0.4 | 0.7";"1.3";"1.2";"0.7 | 1.1";"0.6 | 0.1";"";"43 | 29";"5.4 | 4.7";"6.7 | 6";"9.9";"93";"86"
"Belarus";"BLR";"Vysshaya Liga";"05-07-2026 14:55";"NS";"Torpedo BelAZ";"";"";"Isloch";"2.04";"3.60";"1.28";"1.22";"4 | 3";"50 | 48";"5";"51 | 37";"74";"";"2.2";"2";"1.5 | 1.1";"0.9 | 1";"48";"60";"26";"87";"2.5";"16.2";"6.6";"8.8";"1.5 | 1.4";"9";"74 | 70";"38 | 14";"";"0.4 | 0.6";"0.4 | 0.4";"1.4";"0.9";"0.5 | 0.6";"1.1 | 0.6";"";"38 | 29";"4.6 | 5.1";"2.9 | 4.9";"9.9";"62";"62"
"Belarus";"BLR";"Pershaya Liga";"05-07-2026 09:00";"NS";"Osipovichy";"";"";"Molodechno-DYuSSh 4";"";"";"";"";"18 | 10";"19 | 43";"";"34 | 37";"86";"";"4";"4";"1 | 1.1";"3.1 | 2.7";"50";"72";"71";"43";"3.2";"16.9";"7.8";"8.6";"0.6 | 1.3";"10";"2 | 10";"57 | 57";"";"0.1 | 0.4";"0.9 | 1.7";"2.4";"1.6";"2.3 | 1";"0.9 | 0.7";"";"14 | 43";"5 | 3.9";"4.7 | 3.6";"10";"64";"58"
"Belarus";"BLR";"Pershaya Liga";"05-07-2026 11:00";"NS";"Lida";"";"";"Uni Minsk";"";"";"";"";"6 | 16";"62 | 29";"";"54 | 37";"94";"";"3.2";"3";"1.6 | 1.1";"1.6 | 2.1";"62";"93";"80";"74";"3.2";"14.5";"5.3";"8.6";"1.9 | 0.9";"9";"49 | 32";"14 | 38";"";"0.7 | 0.5";"0.3 | 1.4";"1.8";"1.4";"1.3 | 0.8";"0.9 | 0.6";"";"57 | 25";"5.9 | 4";"3.4 | 4";"10";"76";"54"
"Brazil";"BRA";"Serie C";"05-07-2026 11:00";"NS";"Ypiranga Erechim";"";"";"Paysandu";"";"";"";"";"13 | 3";"50 | 60";"";"51 | 48";"80";"";"2.6";"2";"1.5 | 1.4";"1.2 | 1";"54";"64";"36";"82";"2.3";"24.8";"10.6";"10.8";"1.5 | 1.8";"11";"63 | 70";"33 | 40";"";"0.5 | 0.4";"0.5 | 0.4";"1.6";"0.9";"0.7 | 0.6";"1 | 1";"";"33 | 60";"8 | 5";"3.5 | 5.2";"10.5";"90";"90"
"Brazil";"BRA";"Serie C";"05-07-2026 20:00";"NS";"Amazonas";"";"";"Itabaiana";"";"";"";"";"9 | 19";"56 | 28";"";"44 | 24";"58";"";"2";"2";"1.3 | 0.7";"0.7 | 1.3";"33";"50";"25";"92";"2.3";"20.9";"7.6";"7.6";"1.7 | 0.8";"9";"80 | 60";"67 | 50";"";"0.5 | 0.3";"0 | 0.3";"1.4";"0.6";"0.7 | 1";"0.8 | 0.3";"";"50 | 17";"3 | 4";"2.3 | 6";"10.5";"58";"34"
"Brazil";"BRA";"Serie C";"05-07-2026 20:00";"NS";"Anápolis";"";"";"Botafogo PB";"";"";"";"";"20 | 16";"53 | 22";"";"48 | 41";"82";"";"2.6";"2";"1.4 | 1.2";"0.8 | 1.8";"64";"74";"45";"74";"2.3";"25.7";"10";"10.6";"1.6 | 0.7";"10";"77 | 42";"40 | 50";"";"0.4 | 0.7";"0.6 | 1";"1.2";"1.4";"0.2 | 0.8";"1 | 0.5";"";"40 | 17";"5.8 | 3.7";"3.6 | 8";"10.5";"90";"72"
"Brazil";"BRA";"Baiano 2";"05-07-2026 15:00";"NS";"Redenção BA";"";"";"Camaçari U20";"";"";"";"";"5 | 10";"44 | 0";"";"58 | 7";"84";"";"4.6";"4";"1.7 | 0.2";"1.7 | 5.8";"46";"100";"71";"29";"3.6";"";"";"9.2";"1.3 | 0";"10";"46 | 2";"67 | 50";"";"0.7 | 0";"1 | 4";"1.8";"2.8";"0.7 | 1.8";"1 | 0.2";"";"33 | 0";"4 | 2";"3 | 9.5";"9.8";"75";"50"
"Brazil";"BRA";"Baiano 2";"05-07-2026 15:00";"NS";"Grapiuna Itabuna";"";"";"Leonico";"";"";"";"";"7 | 8";"0 | 44";"";"0 | 44";"84";"";"3.5";"3";"0 | 1.3";"4 | 1.7";"34";"67";"67";"50";"3.6";"";"";"9.2";"0 | 1.3";"9";"2 | 46";"67 | 67";"";"0 | 0.7";"1 | 0.7";"2.4";"1.2";"3 | 1";"0 | 0.7";"";"0 | 33";"4.5 | 2.5";"5.5 | 6";"9.8";"75";"75"
"Brazil";"BRA";"Baiano 2";"05-07-2026 15:00";"NS";"Vitória da Conquista";"";"";"Fluminense de Feira";"";"";"";"";"9 | 1";"8 | 100";"";"7 | 100";"88";"";"3";"3";"0.2 | 4";"1.5 | 0.3";"29";"75";"50";"66";"3.6";"";"";"";"0.2 | 3";"";"52 | 100";"75 | 33";"";"0 | 2.3";"0.5 | 0.3";"1.4";"1.6";"1 | 0";"0.2 | 1.7";"";"0 | 100";"";"";"9.8";"";""
"Brazil";"BRA";"Baiano 2";"05-07-2026 15:00";"NS";"SSA";"";"";"Barreiras";"";"";"";"";"3 | 2";"100 | 75";"";"100 | 41";"50";"";"2.7";"3";"3.2 | 1.2";"0 | 1";"25";"50";"50";"75";"3.6";"";"";"10.5";"3 | 2.2";"11";"100 | 70";"25 | 50";"";"1.8 | 0.2";"0 | 0.5";"1.5";"1.3";"0 | 0.5";"1.5 | 1";"";"100 | 75";"7 | 7.3";"1 | 5.7";"9.8";"75";"75"
"Brazil";"BRA";"Baiano 2";"05-07-2026 15:00";"NS";"Jacobina";"";"";"Feira";"";"";"";"";"6 | 4";"58 | 75";"";"34 | 100";"88";"";"3.8";"3";"1 | 4.2";"1.8 | 0.5";"25";"88";"75";"62";"3.6";"";"";"7.2";"1.8 | 2.2";"8";"42 | 88";"50 | 50";"";"0.5 | 1.5";"1.5 | 0.2";"1.9";"1.9";"0.2 | 0.2";"0.5 | 2.8";"";"50 | 75";"1.5 | 7";"4.5 | 1.5";"9.8";"25";"25"
"Brazil";"BRA";"Mineiro 2";"05-07-2026 10:00";"NS";"Coimbra";"";"";"Valeriodoce";"";"";"";"";"1 | 2";"56 | 83";"";"58 | 51";"58";"";"2.1";"2";"1.7 | 1.5";"0.3 | 0.8";"42";"71";"42";"71";"2.4";"19.1";"6.9";"9.2";"1.7 | 2.5";"9";"100 | 77";"67 | 50";"";"1.3 | 0.5";"0.3 | 0.5";"0.8";"1.4";"0 | 0.2";"0.3 | 1";"";"33 | 75";"6 | 3.5";"1.3 | 7.5";"9";"66";"66"
"Brazil";"BRA";"Mineiro 2";"05-07-2026 10:30";"NS";"Boa";"";"";"Caldense";"";"";"";"";"1 | 2";"58 | 8";"";"27 | 7";"62";"";"1.5";"2";"0.8 | 0.2";"0.5 | 1.5";"12";"38";"0";"100";"2.4";"18.7";"8.6";"10.8";"1.8 | 0.2";"10";"88 | 52";"50 | 75";"";"0.5 | 0";"0.2 | 0.2";"1";"0.5";"0.2 | 1.2";"0.2 | 0.2";"";"50 | 0";"8 | 4";"5.7 | 4";"9";"84";"66"
"Brazil";"BRA";"Mineiro 2";"05-07-2026 10:30";"NS";"Uberaba";"";"";"Mamoré";"";"";"";"";"1 | 2";"78 | 42";"";"58 | 34";"75";"";"2";"2";"1.7 | 1";"0.7 | 0.8";"58";"75";"42";"88";"2.4";"25.8";"9.8";"7";"2.3 | 1.2";"8";"80 | 77";"33 | 50";"";"1 | 0.5";"0.7 | 0.2";"0.8";"1.2";"0 | 0.5";"0.7 | 0.5";"";"67 | 25";"4 | 2.5";"4 | 3.5";"9";"34";"16"
"Brazil";"BRA";"Paulista Série B";"05-07-2026 10:00";"NS";"Paulinense";"";"";"São Carlos";"";"";"";"";"1 | 2";"60 | 33";"";"34 | 41";"70";"";"2.8";"3";"1 | 1.2";"1.8 | 1.6";"70";"50";"50";"80";"3";"19";"9.2";"8.1";"1.8 | 1";"9";"42 | 49";"40 | 60";"";"0.6 | 0.6";"0.6 | 0.2";"1.8";"1";"1.2 | 1.4";"0.4 | 0.6";"";"60 | 20";"4.5 | 4.5";"5.5 | 1.8";"9.4";"50";"38"
"Brazil";"BRA";"Paulista Série B";"05-07-2026 10:00";"NS";"José Bonifácio";"";"";"Manthiqueira";"";"";"";"";"1 | 2";"73 | 27";"";"48 | 48";"80";"";"2.6";"3";"1.4 | 1.4";"0.6 | 1.8";"50";"80";"40";"80";"3";"22";"7.8";"8";"2.2 | 0.8";"9";"84 | 42";"80 | 40";"";"0.6 | 0.2";"0.6 | 0.8";"1.5";"1.1";"0 | 1";"0.8 | 1.2";"";"60 | 20";"2.7 | 4.8";"2.7 | 6";"9.4";"40";"40"
"Brazil";"BRA";"Paulista Série B";"05-07-2026 10:00";"NS";"Independente SP";"";"";"Tupã";"";"";"";"";"1 | 2";"80 | 40";"";"100 | 54";"80";"";"4.5";"3";"5 | 1.6";"0.6 | 1.8";"60";"70";"70";"50";"3";"19.5";"8";"8.5";"2.4 | 1.2";"9";"84 | 42";"20 | 60";"";"2.8 | 0.4";"0 | 0.8";"2.5";"2";"0.6 | 1";"2.2 | 1.2";"";"80 | 40";"6 | 4.6";"2.8 | 3.6";"9.4";"55";"45"
"Brazil";"BRA";"Paulista U20";"05-07-2026 10:00";"NS";"Referência U20";"";"";"Bragantino U20";"";"";"";"";"";"";"";"";"";"";"";"";"";"";"";"";"";"";"";"";"";"";"";"";"";"";"";"";"";"";"";"";"";"";"";"";"";"";"";""
"Brazil";"BRA";"Paulista U20";"05-07-2026 10:00";"NS";"União Suzano U20";"";"";"Mirassol U20";"";"";"";"";"";"";"";"";"";"";"";"";"";"";"";"";"";"";"";"";"";"";"";"";"";"";"";"";"";"";"";"";"";"";"";"";"";"";"";""
"Brazil";"BRA";"Paulista U20";"05-07-2026 10:00";"NS";"Porto Ferreira U20";"";"";"Palmeiras U20";"";"";"";"";"";"";"";"";"";"";"";"";"";"";"";"";"";"";"";"";"";"";"";"";"";"";"";"";"";"";"";"";"";"";"";"";"";"";"";""
"Brazil";"BRA";"Paulista U20";"05-07-2026 10:00";"NS";"Novorizontino U20";"";"";"Velo Clube U20";"";"";"";"";"14 | 9";"0 | 17";"";"17 | 0";"25";"";"1.5";"2";"0.5 | 0";"2 | 0.5";"25";"25";"25";"75";"2.4";"19";"5.5";"13";"0 | 0.5";"11";"35 | 88";"50 | 50";"";"0 | 0";"1 | 0";"1";"0.5";"1 | 0.5";"0.5 | 0";"";"0 | 0";"8 | 8";"5.5 | 4.5";"9.1";"100";"100"
"Brazil";"BRA";"Paulista U20";"05-07-2026 11:00";"NS";"Corinthians U20";"";"";"Sertãozinho U20";"";"";"";"";"";"";"";"";"";"";"";"";"";"";"";"";"";"";"";"";"";"";"";"";"";"";"";"";"";"";"";"";"";"";"";"";"";"";"";""
"Brazil";"BRA";"Catarinense 2";"05-07-2026 11:00";"NS";"Metropolitano";"";"";"Caravaggio";"";"";"";"";"";"72 | 78";"";"61 | 100";"75";"";"3.2";"3";"1.8 | 3";"0.7 | 0.8";"50";"75";"58";"67";"2.6";"21.2";"7";"7.8";"2.2 | 2.3";"9";"80 | 77";"33 | 33";"";"1.2 | 1.7";"0.3 | 0.2";"1.5";"1.6";"0.3 | 0.7";"0.7 | 1.3";"";"67 | 67";"5.3 | 3.5";"3.2 | 3.5";"9.3";"50";"50"
"Brazil";"BRA";"Catarinense 2";"05-07-2026 15:00";"NS";"Atlético Tubarão";"";"";"Nação";"";"";"";"";"";"53 | 17";"";"68 | 34";"82";"";"3.2";"3";"2 | 1";"1.2 | 2.2";"72";"74";"55";"54";"2.6";"20";"7.5";"8.3";"1.6 | 0.5";"9";"63 | 28";"60 | 33";"";"0.8 | 0.3";"0.4 | 0.8";"2";"1.2";"0.8 | 1.3";"1.2 | 0.7";"";"40 | 0";"5.8 | 3";"3 | 4.8";"9.3";"36";"28"
"Brazil";"BRA";"Catarinense 2";"05-07-2026 15:00";"NS";"Fluminense SC";"";"";"Blumenau";"";"";"";"";"";"39 | 83";"";"27 | 92";"58";"";"2.6";"3";"0.8 | 2.7";"1.2 | 0.7";"42";"83";"50";"66";"2.6";"18.6";"7.6";"11";"1.2 | 2.5";"10";"63 | 80";"50 | 50";"";"0.5 | 1";"0.8 | 0.3";"1.4";"1.3";"0.3 | 0.3";"0.3 | 1.7";"";"33 | 83";"6 | 8.2";"4 | 3.8";"9.3";"56";"56"
"Brazil";"BRA";"Catarinense 2";"05-07-2026 15:00";"NS";"Juventus SC";"";"";"Jaraguá";"";"";"";"";"";"7 | 7";"";"7 | 14";"80";"";"2.8";"2";"0.2 | 0.4";"2 | 3";"30";"80";"50";"80";"2.6";"";"";"9";"0.2 | 0.2";"10";"35 | 0";"40 | 40";"";"0 | 0";"0.8 | 1.8";"1.5";"1.3";"1.2 | 1.2";"0.2 | 0.4";"";"0 | 0";"3 | 1";"4.3 | 9.7";"9.3";"67";"50"
"Brazil";"BRA";"Copa Gaúcha";"05-07-2026 15:00";"NS";"Brasil de Pelotas";"";"";"Santa Cruz RS";"";"";"";"";"";"100 | 56";"";"78 | 44";"84";"";"2.3";"2";"2.3 | 1.3";"0 | 1";"50";"84";"33";"84";"2.3";"22.5";"10.7";"6.2";"3 | 1.7";"7";"100 | 70";"33 | 33";"";"1.7 | 0";"0 | 0.7";"1.2";"1.2";"0 | 0.3";"0.7 | 1.3";"";"100 | 33";"5.3 | 2";"2 | 3";"9.2";"16";"16"
"Brazil";"BRA";"Copa Gaúcha";"05-07-2026 15:00";"NS";"Gramadense";"";"";"Bage";"";"";"";"";"";"44 | 67";"";"44 | 34";"50";"";"2.2";"2";"1.3 | 1";"1.3 | 0.7";"50";"84";"50";"84";"2.3";"24";"11.6";"10.3";"1.3 | 2";"10";"60 | 80";"67 | 33";"";"1.3 | 0.3";"0 | 0.7";"1";"1.2";"1.3 | 0";"0 | 0.7";"";"33 | 67";"4 | 8.3";"5.3 | 3";"9.2";"67";"67"
"Brazil";"BRA";"Brasiliense U20";"05-07-2026 10:00";"NS";"Brazlândia U20";"";"";"CFZ Brasilia U20";"";"";"";"";"10 | 8";"11 | 33";"";"34 | 10";"33";"";"2.7";"4";"1 | 0.3";"1.7 | 2.3";"16";"66";"33";"67";"4.3";"";"";"";"0.3 | 1";"";"46 | 25";"33 | 33";"";"0.3 | 0";"0.7 | 1.5";"1.5";"1";"1 | 2";"0.7 | 0.5";"";"0 | 33";"";"";"10.1";"";""
"Brazil";"BRA";"Brasiliense U20";"05-07-2026 15:30";"NS";"Ceilandense U20";"";"";"Brasilia DF U20";"";"";"";"";"9 | 5";"22 | 33";"";"0 | 78";"66";"";"3.2";"4";"0 | 2.3";"1.3 | 2.7";"50";"42";"66";"50";"4.3";"";"";"";"0.7 | 1";"";"60 | 10";"33 | 67";"";"0 | 0.5";"1 | 1";"1.2";"1";"0.3 | 3";"0 | 3";"";"0 | 33";"";"";"10.1";"";""
"Brazil";"BRA";"Brasiliense U20";"05-07-2026 15:30";"NS";"CA Taguatinga U20";"";"";"Gama U20";"";"";"";"";"7 | 9";"0 | 17";"";"10 | 68";"84";"";"3.6";"4";"0.3 | 2";"2.3 | 2.5";"66";"";"84";"58";"4.3";"";"";"";"0 | 0.5";"";"25 | 18";"67 | 50";"";"";"";"1.2";"1";"";"";"";"0 | 0";"";"";"10.1";"";""
"Brazil";"BRA";"Brasiliense U20";"05-07-2026 15:30";"NS";"Planaltina U20";"";"";"Sobradinho U20";"";"";"";"";"5 | 6";"33 | 50";"";"24 | 100";"58";"";"4.4";"4";"0.7 | 4.5";"3 | 0.5";"16";"";"58";"42";"4.3";"";"";"";"1 | 1.5";"";"0 | 88";"67 | 50";"";"";"";"0.2";"0.2";"";"";"";"33 | 50";"";"";"10.1";"";""
"Brazil";"BRA";"Catarinense U20";"05-07-2026 11:00";"NS";"Avaí U20";"";"";"Carlos Renaux U20";"";"";"";"";"";"87 | 47";"";"75 | 27";"60";"";"2.2";"3";"2.2 | 0.8";"0.6 | 0.8";"50";"40";"50";"80";"3.2";"20.8";"7.5";"9";"2.6 | 1.4";"9";"84 | 77";"60 | 40";"";"1 | 0";"0.2 | 0.2";"1.5";"0.7";"0.4 | 0.6";"1.2 | 0.8";"";"80 | 40";"3.6 | 4";"4.6 | 5.8";"9.1";"68";"68"
"Canada";"CAN";"PCSL";"05-07-2026 18:30";"NS";"Blues";"";"";"Mid Isle Highlanders";"";"";"";"";"1 | 7";"60 | 0";"";"82 | 27";"100";"";"4.1";"4";"2.4 | 0.8";"2 | 3";"65";"";"78";"22";"3.2";"";"";"";"1.8 | 0";"";"35 | 0";"60 | 75";"";"";"";"0";"0";"";"";"";"60 | 0";"";"";"0";"";""
"China";"CHN";"Super League";"05-07-2026 08:00";"NS";"Qingdao Hainiu";"";"";"Chengdu Rongcheng";"5.55";"1.52";"1.18";"1.50";"14 | 1";"67 | 79";"2";"68 | 65";"68";"";"3.2";"3";"2 | 1.9";"1.2 | 1.4";"62";"56";"62";"50";"3";"23.8";"8";"10.8";"2 | 2.4";"11";"63 | 56";"62 | 38";"";"1.2 | 0.6";"0.2 | 0.4";"2";"1.2";"1 | 1";"0.8 | 1.2";"";"62 | 75";"4.6 | 6.9";"5.2 | 4.8";"10.4";"81";"68"
"China";"CHN";"Super League";"05-07-2026 08:35";"NS";"Shanghai Shenhua";"";"";"Zhejiang";"1.66";"4.22";"1.10";"1.84";"11 | 8";"58 | 42";"1";"75 | 48";"94";"";"3.6";"3";"2.2 | 1.4";"1.6 | 2";"62";"88";"75";"44";"3";"27.9";"10";"10.4";"1.8 | 1.2";"10";"49 | 35";"62 | 50";"";"1.4 | 0.4";"0.9 | 1.1";"1.8";"1.8";"0.8 | 0.9";"0.9 | 1";"";"50 | 38";"7.6 | 4";"4.1 | 5";"10.4";"69";"56"
"China";"CHN";"League Two";"05-07-2026 05:00";"NS";"Shanxi Chongde Ronghai";"";"";"Shanghai Segenda";"";"";"";"";"6 | 10";"50 | 40";"";"58 | 48";"82";"";"3";"2";"1.7 | 1.4";"1.5 | 1.4";"56";"72";"64";"64";"2.2";"20.9";"6.6";"8.3";"1.5 | 1.2";"8";"52 | 56";"33 | 60";"";"0.7 | 0.6";"1 | 0.4";"1.6";"1.4";"0.5 | 1";"1 | 0.8";"";"50 | 20";"3.8 | 2.4";"5.2 | 5.2";"8.8";"55";"45"
"China";"CHN";"League Two";"05-07-2026 05:00";"NS";"Xiamen Feilu";"";"";"Shenzhen 2028";"";"";"";"";"4 | 3";"78 | 44";"";"61 | 34";"83";"";"2.5";"2";"1.8 | 1";"0.7 | 1.5";"50";"75";"50";"83";"2.2";"22.4";"7.8";"10.8";"2.3 | 1.3";"10";"80 | 52";"33 | 67";"";"1 | 0.7";"0.3 | 0.8";"1.1";"1.4";"0.3 | 0.7";"0.8 | 0.3";"";"67 | 33";"3.7 | 6.8";"6.5 | 4.5";"8.8";"92";"58"
"China";"CHN";"League Two";"05-07-2026 08:00";"NS";"Tai'an Tiankuang";"";"";"Changchun Xidu";"";"";"";"";"4 | 11";"62 | 14";"";"37 | 20";"72";"";"2.4";"2";"1.1 | 0.6";"0.9 | 2.1";"50";"57";"64";"86";"2.2";"20.4";"7.3";"7.4";"1.9 | 0.4";"9";"74 | 32";"57 | 71";"";"0.6 | 0.1";"0.3 | 0.7";"1.5";"0.9";"0.6 | 1.4";"0.6 | 0.4";"";"57 | 0";"4.6 | 2.4";"3 | 4.9";"8.8";"43";"36"
"China";"CHN";"League Two";"05-07-2026 08:00";"NS";"Dalian Yingbo B";"";"";"Qingdao Red Lions";"";"";"";"";"5 | 7";"57 | 38";"";"48 | 34";"64";"";"2.2";"2";"1.4 | 1";"1 | 1";"50";"71";"28";"78";"2.2";"17.6";"5.8";"8.6";"1.7 | 1.1";"8";"70 | 70";"43 | 57";"";"0.6 | 0.6";"0.4 | 0.3";"1.2";"1";"0.6 | 0.7";"0.9 | 0.4";"";"43 | 29";"4 | 4";"5 | 4.1";"8.8";"64";"50"
"China";"CHN";"League Two";"05-07-2026 08:30";"NS";"Guizhou Zhucheng Athletic";"";"";"Jiangxi Lushan";"";"";"";"";"1 | 6";"100 | 33";"";"82 | 27";"68";"";"2.2";"2";"2.4 | 0.8";"0.3 | 1";"34";"76";"32";"86";"2.2";"19.6";"6.2";"8.1";"3 | 1";"8";"100 | 70";"43 | 80";"";"1 | 0.8";"0.1 | 0.6";"1";"1.2";"0.1 | 0.4";"1.4 | 0";"";"100 | 20";"4.9 | 4.6";"2.7 | 4";"8.8";"42";"42"
"China";"CHN";"League Two";"05-07-2026 08:30";"NS";"Hangzhou Linping Wuyue";"";"";"Wenzhou";"";"";"";"";"8 | 9";"33 | 29";"";"34 | 31";"68";"";"2.4";"2";"1 | 0.9";"1.2 | 1.7";"60";"69";"38";"69";"2.2";"20.4";"6.8";"8.8";"1 | 0.9";"9";"63 | 46";"33 | 43";"";"0.8 | 0.6";"0.2 | 0.4";"1.4";"1";"1 | 1.3";"0.2 | 0.3";"";"17 | 14";"5.3 | 3.3";"3.8 | 5.1";"8.8";"78";"55"
"Ecuador";"ECU";"Superliga Femenina";"05-07-2026 12:30";"NS";"Independiente Valle W";"";"";"Macará W";"";"";"";"";"1 | 7";"92 | 17";"";"100 | 17";"92";"";"4.4";"4";"5.6 | 0.5";"0.2 | 2.5";"21";"79";"62";"58";"3.9";"24.7";"11.3";"8.5";"2.8 | 0.5";"8";"100 | 18";"38 | 50";"";"2.5 | 0.5";"0.1 | 1.2";"2.2";"2.2";"0.1 | 1.3";"3.1 | 0";"";"88 | 17";"7 | 2.4";"0.6 | 7";"7.8";"60";"60"
"Ecuador";"ECU";"Superliga Femenina";"05-07-2026 14:00";"NS";"LDU Quito W";"";"";"Deportivo Ibarra W";"";"";"";"";"3 | 5";"76 | 54";"";"100 | 48";"93";"";"4.6";"5";"4.4 | 1.4";"0.7 | 2.6";"46";"87";"73";"54";"3.9";"25.2";"11.5";"6.4";"2.3 | 1.6";"7";"80 | 14";"29 | 50";"";"2.1 | 0.9";"0.4 | 0.8";"2.5";"2.1";"0.3 | 1.9";"2.3 | 0.5";"";"71 | 50";"3 | 4";"3.7 | 2";"7.8";"12";"12"
"Ecuador";"ECU";"Superliga Femenina";"05-07-2026 16:30";"NS";"Universidad Católica W";"";"";"Quito FC W";"";"";"";"";"4 | 11";"87 | 40";"";"100 | 54";"100";"";"4.2";"4";"3.6 | 1.6";"0.2 | 3";"50";"80";"70";"50";"3.9";"22.7";"11.8";"9.5";"2.6 | 1.2";"9";"100 | 0";"40 | 60";"";"1 | 0.6";"0.2 | 1.2";"2.7";"1.5";"0 | 1.8";"2.6 | 1";"";"80 | 40";"6.3 | 5.3";"3 | 4.3";"7.8";"100";"84"
"Estonia";"EST";"Meistriliiga";"05-07-2026 13:00";"NS";"Tammeka";"";"";"Harju Jalgpallikool";"";"";"";"";"5 | 8";"48 | 38";"";"37 | 34";"60";"";"2.6";"3";"1.1 | 1";"1.1 | 1.9";"41";"60";"53";"71";"3";"23";"8.6";"9.6";"1.4 | 1.1";"10";"66 | 38";"44 | 62";"";"0.1 | 0.4";"0.7 | 1.1";"1.4";"1.2";"0.4 | 0.8";"1 | 0.6";"";"44 | 38";"3.6 | 3.6";"6.7 | 5.5";"10.8";"82";"76"
"Estonia";"EST";"Esiliiga A";"05-07-2026 09:00";"NS";"Flora II";"";"";"Levadia II";"";"";"";"";"3 | 7";"67 | 17";"";"95 | 58";"92";"";"4.5";"4";"2.8 | 1.7";"2 | 2.5";"72";"71";"92";"16";"3.8";"29.2";"14.4";"11";"2 | 0.5";"11";"35 | 18";"50 | 67";"";"1 | 0.3";"0.9 | 0.8";"3";"1.5";"1.1 | 1.7";"1.8 | 1.3";"";"62 | 17";"5.2 | 7.8";"5.6 | 3.2";"10.2";"72";"72"
"Estonia";"EST";"Esiliiga A";"05-07-2026 09:00";"NS";"Nõmme Kalju U21";"";"";"Elva";"";"";"";"";"9 | 4";"46 | 38";"";"48 | 65";"80";"";"3.4";"4";"1.4 | 1.9";"2 | 1.6";"66";"80";"66";"48";"3.8";"26.3";"11.8";"11.4";"1.4 | 1.1";"11";"35 | 49";"62 | 43";"";"0.8 | 1.1";"0.9 | 0.7";"1.7";"1.8";"1.1 | 0.9";"0.6 | 0.7";"";"38 | 29";"3.9 | 6.1";"5.9 | 6.7";"10.2";"81";"81"
"Estonia";"EST";"Esiliiga B";"05-07-2026 09:00";"NS";"Trans II";"";"";"Tulevik";"";"";"";"";"3 | 2";"83 | 67";"";"100 | 100";"100";"";"5.2";"5";"3.8 | 3.2";"1.1 | 2.3";"72";"92";"94";"22";"4.6";"29.6";"15.5";"10.2";"2.5 | 2";"10";"66 | 25";"75 | 50";"";"1.9 | 1.2";"0.1 | 1.5";"2.8";"2.4";"1 | 0.8";"1.9 | 2";"";"75 | 67";"7.5 | 3.8";"5.4 | 3.6";"10.4";"80";"70"
"Estonia";"EST";"Esiliiga B";"05-07-2026 10:00";"NS";"Legion";"";"";"Tallinna Kalev II";"";"";"";"";"10 | 9";"17 | 19";"";"27 | 65";"100";"";"4.2";"4";"0.8 | 1.9";"3.2 | 2.4";"75";"92";"92";"40";"4.6";"31.2";"15.5";"10.6";"0.5 | 0.6";"10";"2 | 21";"50 | 29";"";"0.2 | 0.7";"1.3 | 1.4";"2.3";"1.8";"1.8 | 1";"0.7 | 1.1";"";"17 | 14";"3 | 4.6";"6 | 7.7";"10.4";"83";"73"
"Estonia";"EST";"Esiliiga B";"05-07-2026 12:00";"NS";"Tabasalu";"";"";"Vaprus II";"";"";"";"";"7 | 4";"57 | 40";"";"54 | 68";"93";"";"4";"4";"1.6 | 2";"1.9 | 2.7";"76";"83";"88";"44";"4.6";"22.6";"10.7";"11.1";"1.7 | 1.2";"11";"38 | 10";"43 | 60";"";"0.7 | 0.8";"0.6 | 0.8";"2.6";"1.5";"1.3 | 1.9";"0.9 | 1.2";"";"57 | 40";"6.9 | 5";"5.4 | 4.9";"10.4";"90";"80"
"Fiji";"FIJ";"National Football League";"05-07-2026 00:00";"NS";"Navua";"";"";"Suva";"";"";"";"";"8 | 5";"44 | 39";"";"41 | 78";"84";"";"3.1";"4";"1.2 | 2.3";"1 | 1.7";"58";"75";"42";"66";"3.4";"";"";"6";"1.3 | 1.2";"8";"70 | 46";"17 | 50";"";"0.8 | 1.2";"0.3 | 0.7";"1.6";"1.5";"0.7 | 1";"0.3 | 1.2";"";"33 | 33";"3.7 | 4";"2.3 | 2";"8.6";"16";"16"
"Fiji";"FIJ";"National Football League";"05-07-2026 00:00";"NS";"Ba";"";"";"Nadi";"";"";"";"";"1 | 7";"60 | 20";"";"100 | 27";"90";"";"4";"3";"3.4 | 0.8";"1.6 | 2.2";"70";"88";"80";"50";"3.4";"";"";"5.8";"1.8 | 0.6";"7";"49 | 28";"60 | 60";"";"1 | 0.5";"0.4 | 1.5";"2.3";"1.5";"1.2 | 1.2";"2.4 | 0.5";"";"60 | 20";"3.3 | 3.5";"1.7 | 3";"8.6";"16";"16"
"Fiji";"FIJ";"National Football League";"05-07-2026 00:00";"NS";"Tailevu Naitasiri";"";"";"Nasinu";"";"";"";"";"10 | 6";"13 | 33";"";"41 | 27";"90";"";"4.8";"4";"1.2 | 0.8";"5.4 | 2.2";"50";"80";"80";"40";"3.4";"16";"11.5";"7.6";"0.4 | 1";"8";"2 | 28";"40 | 60";"";"0.8 | 0.2";"2.6 | 0.6";"2.7";"2.1";"2.8 | 1.6";"0.4 | 0.6";"";"0 | 20";"2.4 | 3.5";"6.4 | 3";"8.6";"65";"30"
"Fiji";"FIJ";"National Football League";"05-07-2026 00:00";"NS";"Lautoka";"";"";"Rewa";"";"";"";"";"3 | 4";"40 | 39";"";"61 | 44";"75";"";"2.6";"3";"1.8 | 1.3";"1.2 | 1";"66";"74";"45";"74";"3.4";"";"";"";"1.2 | 1.2";"";"63 | 70";"40 | 50";"";"0.4 | 0.5";"0.8 | 0.5";"1.6";"1.1";"0.4 | 0.5";"1.4 | 0.8";"";"20 | 33";"";"";"8.6";"";""
"Finland";"FIN";"Ykkösliiga";"05-07-2026 12:30";"NS";"MP";"";"";"Haka";"4.32";"1.68";"1.19";"1.40";"8 | 3";"47 | 67";"2";"34 | 34";"40";"";"1.7";"2";"1 | 1";"1.2 | 0.2";"20";"80";"20";"80";"2.3";"21.3";"7.2";"10.4";"1.4 | 2";"11";"63 | 100";"40 | 40";"";"0.6 | 0.4";"0.4 | 0.2";"0.9";"0.8";"0.8 | 0";"0.4 | 0.6";"";"40 | 60";"4.8 | 7";"4.6 | 4.4";"9.7";"60";"60"
"Finland";"FIN";"Kakkonen";"05-07-2026 08:00";"NS";"Ilves II";"";"";"EPS";"";"";"";"";"4 | 7";"58 | 40";"";"61 | 48";"78";"";"3";"4";"1.8 | 1.4";"1.5 | 1.4";"78";"88";"78";"65";"3.7";"21.3";"8.9";"11.6";"1.8 | 1.2";"11";"52 | 56";"50 | 80";"";"0.5 | 0.4";"0.8 | 0.8";"1.8";"1.2";"0.8 | 0.6";"1.2 | 1";"";"50 | 40";"6 | 6.4";"6.2 | 4.6";"11.1";"90";"78"
"Finland";"FIN";"Kakkonen";"05-07-2026 12:00";"NS";"VPS II";"";"";"Huima / Urho";"";"";"";"";"5 | 2";"40 | 47";"";"68 | 61";"90";"";"3.8";"4";"2 | 1.8";"2 | 1.8";"80";"80";"70";"50";"3.7";"23";"9.1";"11.9";"1.2 | 1.4";"11";"35 | 42";"60 | 40";"";"1 | 1";"0.6 | 1";"2";"1.8";"1.4 | 0.8";"1 | 0.8";"";"20 | 40";"7.2 | 6.4";"3.2 | 7";"11.1";"80";"80"
"Finland";"FIN";"Kolmonen - Northern Group";"05-07-2026 10:00";"NS";"PonPa";"";"";"KaPa Kajaani";"";"";"";"";"9 | 7";"0 | 11";"";"24 | 58";"100";"";"5.6";"5";"0.7 | 1.7";"6.7 | 2.3";"66";"";"100";"16";"4";"";"";"";"0 | 0.3";"";"2 | 25";"33 | 67";"";"";"";"0.7";"0.8";"";"";"";"0 | 0";"";"";"11.4";"";""
"Finland";"FIN";"Kolmonen - Northern Group";"05-07-2026 11:00";"NS";"KePS";"";"";"KajHa";"";"";"";"";"4 | 2";"67 | 33";"";"68 | 68";"84";"";"3.4";"4";"2 | 2";"1.5 | 1.3";"66";"";"58";"42";"4";"";"";"";"2 | 1";"";"52 | 60";"50 | 67";"";"";"";"0";"0";"";"";"";"50 | 33";"";"";"11.4";"";""
"Finland";"FIN";"Kolmonen - Southern Group";"05-07-2026 12:00";"NS";"VJS II";"";"";"Valtti";"";"";"";"";"8 | 5";"33 | 25";"";"100 | 68";"100";"";"5.1";"5";"3.8 | 2";"1.5 | 3";"75";"100";"100";"50";"4.1";"21.9";"11";"10.6";"1 | 0.8";"10";"52 | 0";"25 | 25";"";"1.8 | 0.8";"0.8 | 1.2";"2.9";"2.2";"0.8 | 1.8";"2 | 1.2";"";"25 | 25";"6.5 | 4.3";"5 | 5.3";"9.8";"84";"71"
"Faroe Islands";"FRO";"Meistaradeildin";"05-07-2026 11:00";"NS";"07 Vestur";"";"";"HB";"";"";"";"";"8 | 5";"29 | 50";"";"34 | 51";"80";"";"3.2";"3";"1 | 1.5";"2.4 | 1.5";"59";"66";"66";"66";"2.8";"21.8";"9.8";"9.1";"0.9 | 1.5";"10";"21 | 52";"43 | 88";"";"0.4 | 0.6";"0.7 | 0.4";"2.2";"1";"1.7 | 1.1";"0.6 | 0.9";"";"29 | 50";"3.9 | 4";"5.3 | 5.2";"10.8";"59";"59"
"Germany";"GER";"Reg. Cup Bayern";"05-07-2026 08:00";"NS";"Kornburg";"";"";"Eltersdorf";"";"";"";"";"";"";"";"";"";"";"";"";"";"";"";"";"";"";"";"";"";"";"";"";"";"";"";"";"";"";"";"";"";"";"";"";"";"";"";""
"Germany";"GER";"Reg. Cup Bayern";"05-07-2026 10:00";"NS";"Aindling";"";"";"Landsberg";"";"";"";"";"";"";"";"";"";"";"";"";"";"";"";"";"";"";"";"";"";"";"";"";"";"";"";"";"";"";"";"";"";"";"";"";"";"";"";""
"Iceland";"ISL";"U19 League B";"05-07-2026 15:00";"NS";"KA/D/KF/Hö/H U19 II";"";"";"Fjölnir / Vængir U19";"";"";"";"";"1 | 2";"60 | 22";"";"82 | 78";"100";"";"4.8";"6";"2.4 | 2.3";"2 | 3";"100";"";"100";"10";"5.8";"";"";"";"1.8 | 0.7";"";"35 | 0";"60 | 67";"";"";"";"0";"0";"";"";"";"60 | 0";"";"";"11.7";"";""
"Iceland";"ISL";"U19 League C";"05-07-2026 10:00";"NS";"Breidablik II U19";"";"";"Austurland U19";"";"";"";"";"";"";"";"";"";"";"";"";"";"";"";"";"";"";"";"";"";"";"";"";"";"";"";"";"";"";"";"";"";"";"";"";"";"";"";""
"Iceland";"ISL";"U19 League C";"05-07-2026 10:00";"NS";"Selfoss Árb. Æ Stok U19";"";"";"Grotta / Kria U19";"";"";"";"";"";"";"";"";"";"";"";"";"";"";"";"";"";"";"";"";"";"";"";"";"";"";"";"";"";"";"";"";"";"";"";"";"";"";"";""
"Japan";"JPN";"Regional Leagues: Kyushu";"05-07-2026 03:30";"NS";"NIFS Kanoya FC";"";"";"Veroskronos Tsuno";"";"";"";"";"9 | 1";"28 | 100";"";"24 | 100";"65";"";"3.2";"3";"0.7 | 4.2";"1.3 | 0.2";"35";"50";"56";"52";"3.1";"21.3";"6.6";"8.8";"0.8 | 3";"9";"60 | 100";"50 | 40";"";"0.2 | 1.8";"0.5 | 0";"1.2";"1";"0.8 | 0.2";"1.5 | 3.5";"";"17 | 100";"3.8 | 5.5";"5.8 | 2.8";"9.8";"62";"62"
"Japan";"JPN";"Regional Leagues: Chugoku";"05-07-2026 03:00";"NS";"Yonago Genki";"";"";"Variamore Aki";"";"";"";"";"1 | 2";"17 | 33";"";"10 | 54";"66";"";"3.2";"";"0.3 | 1.6";"1.7 | 2.9";"52";"";"60";"48";"";"";"";"";"0.5 | 1";"";"46 | 4";"33 | 29";"";"";"";"0.8";"0.5";"";"";"";"17 | 29";"";"";"";"";""
"Japan";"JPN";"Regional Leagues: Chugoku";"05-07-2026 03:00";"NS";"Intl Pacific UFC";"";"";"Baleine Shimonoseki";"";"";"";"";"1 | 2";"27 | 72";"";"34 | 75";"82";"";"2.8";"";"1 | 2.2";"1.2 | 1.2";"64";"";"54";"84";"";"";"";"";"0.8 | 2.2";"";"63 | 63";"40 | 33";"";"";"";"1";"0.6";"";"";"";"20 | 67";"";"";"";"";""
"Japan";"JPN";"Regional Leagues: Kanto";"05-07-2026 03:00";"NS";"Aries Toshima";"";"";"Nihon University";"";"";"";"";"4 | 9";"58 | 11";"";"41 | 24";"100";"";"2.6";"2";"1.2 | 0.7";"1.2 | 2";"54";"75";"42";"84";"2.7";"";"";"";"1.8 | 0.3";"";"63 | 35";"50 | 33";"";"0.5 | 0";"0.2 | 1";"1.8";"0.9";"1 | 1";"0.8 | 0.7";"";"50 | 0";"";"";"0";"";""
"Japan";"JPN";"Regional Leagues: Kanto";"05-07-2026 05:00";"NS";"Ryutsu Keizai Dragons";"";"";"Edo All United";"";"";"";"";"10 | 8";"17 | 33";"";"34 | 34";"88";"";"3.1";"3";"1 | 1";"3 | 1.2";"50";"25";"62";"50";"2.7";"";"";"";"0.5 | 1";"";"0 | 63";"75 | 50";"";"0 | 0";"0.5 | 0";"1.3";"0.1";"5.5 | 2.5";"2 | 2";"";"0 | 25";"";"";"0";"";""
"Japan";"JPN";"Regional Leagues: Kanto";"05-07-2026 06:00";"NS";"Toho Titanium";"";"";"Shibuya City";"";"";"";"";"1 | 5";"87 | 50";"";"88 | 68";"88";"";"2.9";"3";"2.6 | 2";"0.4 | 0.8";"20";"25";"42";"68";"2.7";"";"";"";"2.6 | 1.5";"";"100 | 77";"60 | 25";"";"0.2 | 0.2";"0 | 0";"2.2";"0.2";"1.5 | 0.8";"2 | 1.8";"";"80 | 50";"";"";"0";"";""
"Japan";"JPN";"Regional Leagues: Kanto";"05-07-2026 06:00";"NS";"Tokyo United";"";"";"Nankatsu";"";"";"";"";"2 | 3";"100 | 25";"";"78 | 34";"71";"";"2.6";"3";"2.3 | 1";"0.7 | 1.2";"54";"50";"42";"71";"2.7";"";"";"";"3 | 0.8";"";"80 | 63";"33 | 50";"";"1 | 0";"0.3 | 0.3";"1.4";"0.8";"0.3 | 1.3";"1.3 | 1.3";"";"100 | 0";"";"";"0";"";""
"Japan";"JPN";"Regional Leagues: Tokai";"05-07-2026 01:00";"NS";"Yazaki Valente";"";"";"Mosuperio";"";"";"";"";"5 | 3";"56 | 75";"";"34 | 61";"84";"";"2.4";"2";"1 | 1.8";"0.7 | 1.2";"71";"";"38";"88";"2.9";"";"";"";"1.7 | 2.2";"";"80 | 63";"67 | 75";"";"";"";"0.4";"0.5";"";"";"";"33 | 75";"";"";"9";"";""
"Japan";"JPN";"Regional Leagues: Tokai";"05-07-2026 02:00";"NS";"Tokai";"";"";"Atletico";"";"";"";"";"8 | 7";"40 | 40";"";"34 | 20";"60";"";"1.7";"2";"1 | 0.6";"1.2 | 0.6";"30";"50";"30";"100";"2.9";"";"";"";"1.2 | 1.2";"";"63 | 84";"40 | 40";"";"1 | 0.3";"0 | 0";"0.4";"0.4";"0.7 | 1";"2 | 0.7";"";"40 | 20";"";"";"9";"";""
"Japan";"JPN";"Regional Leagues: Tokai";"05-07-2026 05:00";"NS";"Fujieda City Hall";"";"";"Chukyo University FC II";"";"";"";"";"4 | 9";"67 | 33";"";"41 | 34";"88";"";"2.2";"2";"1.2 | 1";"0.8 | 1.5";"75";"75";"50";"100";"2.9";"";"";"";"2 | 1";"";"77 | 52";"75 | 50";"";"0.5 | 0.5";"0 | 1.5";"0.4";"0.6";"2 | 1.5";"1.5 | 1.5";"";"50 | 25";"";"";"9";"";""
"Kazakhstan";"KAZ";"Premier League";"05-07-2026 11:00";"NS";"Aktobe";"";"";"Zhetysu";"1.60";"5.36";"1.25";"1.28";"7 | 9";"74 | 38";"1";"58 | 54";"78";"";"3";"3";"1.7 | 1.6";"0.7 | 2";"60";"66";"54";"64";"2.2";"22.8";"11.6";"8";"2.2 | 1.1";"9";"80 | 35";"33 | 50";"";"0.4 | 0.8";"0 | 0.6";"2";"0.9";"0.7 | 1.4";"1.2 | 0.9";"";"67 | 25";"5.4 | 3.9";"3.6 | 3.2";"9.1";"64";"52"
"Kazakhstan";"KAZ";"Premier League";"05-07-2026 11:00";"NS";"Atyrau";"";"";"Kaspiy";"2.02";"3.52";"1.31";"1.20";"8 | 14";"50 | 15";"5";"24 | 10";"38";"";"1.3";"2";"0.7 | 0.3";"0.3 | 1.2";"20";"44";"11";"100";"2.2";"15.6";"5.4";"8.4";"1.5 | 0.4";"9";"100 | 63";"67 | 44";"";"0.2 | 0.2";"0.2 | 0.7";"0.7";"0.6";"0.2 | 0.6";"0.5 | 0.1";"";"33 | 11";"3 | 3";"3.3 | 7.4";"9.1";"61";"48"
"Kazakhstan";"KAZ";"Premier League";"05-07-2026 12:00";"NS";"Kaisar";"";"";"Irtysh";"2.08";"3.39";"1.30";"1.21";"11 | 15";"33 | 17";"5";"31 | 31";"64";"";"2.2";"2";"0.9 | 0.9";"1 | 1.5";"58";"52";"42";"76";"2.2";"19.9";"8";"9.3";"1 | 0.5";"10";"70 | 52";"67 | 50";"";"0.7 | 0.1";"0.4 | 0.5";"1.3";"0.8";"0.6 | 1";"0.2 | 0.8";"";"11 | 0";"3.7 | 4.8";"4.6 | 5.6";"9.1";"60";"48"
"Kazakhstan";"KAZ";"Premier League";"05-07-2026 12:00";"NS";"Ordabasy";"";"";"Ulytau";"1.35";"8.45";"1.26";"1.26";"1 | 6";"83 | 29";"1";"65 | 20";"86";"";"2.2";"2";"1.9 | 0.6";"0.8 | 1.3";"52";"80";"46";"94";"2.2";"22.9";"8.8";"9";"2.5 | 0.9";"9";"77 | 60";"50 | 71";"";"0.9 | 0.4";"0.5 | 0.6";"1";"1.2";"0.2 | 0.7";"1 | 0.1";"";"75 | 14";"6 | 5.6";"1.9 | 4.4";"9.1";"54";"54"
"Kyrgyzstan";"KGZ";"Top Liga";"05-07-2026 21:00";"POSTPONED";"Bars";"";"";"FTs Bishkek";"";"";"";"";"5 | 11";"100 | 33";"";"100 | 41";"90";"";"3.9";"3";"4.5 | 1.2";"0.5 | 1.6";"55";"90";"70";"55";"2.8";"";"";"";"3 | 1";"";"88 | 49";"50 | 40";"";"3 | 0.4";"0.5 | 0.4";"1.8";"2.2";"0 | 1.2";"1.5 | 0.8";"";"100 | 20";"";"";"9.5";"";""
"South Korea";"KOR";"Korean Cup";"05-07-2026 06:00";"NS";"Geoje Citizen";"";"";"Incheon Seogot";"";"";"";"";"";"";"";"";"";"";"";"";"";"";"";"";"";"";"";"";"";"";"";"";"";"";"";"";"";"";"";"";"";"";"";"";"";"";"";""
"South Korea";"KOR";"Korean Cup";"05-07-2026 06:00";"NS";"Namyangju";"";"";"Jungnang Chorus Mustang";"";"";"";"";"";"";"";"";"";"";"";"";"";"";"";"";"";"";"";"";"";"";"";"";"";"";"";"";"";"";"";"";"";"";"";"";"";"";"";""
"South Korea";"KOR";"Korean Cup";"05-07-2026 07:00";"NS";"Pyeongtaek Citizen";"";"";"Yeoju Sejong";"";"";"";"";"";"";"";"";"";"";"";"";"";"";"";"";"";"";"";"";"";"";"";"";"";"";"";"";"";"";"";"";"";"";"";"";"";"";"";""
"South Korea";"KOR";"Korean Cup";"05-07-2026 07:00";"NS";"Gyeongju HNP";"";"";"Seosan Pioneer";"";"";"";"";"";"";"";"";"";"";"";"";"";"";"";"";"";"";"";"";"";"";"";"";"";"";"";"";"";"";"";"";"";"";"";"";"";"";"";""
"South Korea";"KOR";"Korean Cup";"05-07-2026 07:00";"NS";"Busan Transportation";"";"";"Gijang United";"";"";"";"";"";"";"";"";"";"";"";"";"";"";"";"";"";"";"";"";"";"";"";"";"";"";"";"";"";"";"";"";"";"";"";"";"";"";"";""
"South Korea";"KOR";"K League 2";"05-07-2026 07:30";"NS";"Jeonnam Dragons";"";"";"Busan I'Park";"3.27";"2.01";"";"";"16 | 1";"11 | 71";"5";"24 | 71";"60";"";"2.8";"3";"0.7 | 2.1";"1.3 | 1.6";"60";"66";"60";"55";"2.7";"17.3";"7";"10.3";"0.3 | 2.1";"10";"60 | 49";"33 | 57";"";"0 | 1";"0.3 | 0.7";"1.8";"1";"1 | 0.9";"0.7 | 1.1";"";"0 | 71";"9.7 | 4.7";"1.3 | 4.9";"8.6";"76";"76"
"South Korea";"KOR";"K League 2";"05-07-2026 07:30";"NS";"Gyeongnam";"";"";"Cheonan City";"2.54";"2.63";"";"";"11 | 9";"46 | 44";"5";"51 | 61";"79";"";"3.4";"3";"1.5 | 1.8";"1.8 | 1.7";"79";"81";"79";"42";"2.7";"14";"6.2";"8.2";"1.4 | 1.3";"8";"42 | 46";"50 | 67";"";"0.5 | 0.5";"0.8 | 0.8";"2.1";"1.2";"1 | 0.8";"1 | 1.3";"";"38 | 33";"3.2 | 3.7";"4 | 5.5";"8.6";"38";"38"
"South Korea";"KOR";"K League 2";"05-07-2026 07:30";"NS";"Gimpo";"";"";"Chungnam Asan";"1.69";"4.55";"1.28";"1.28";"";"";"";"";"";"";"";"";"";"";"";"";"";"";"";"";"";"";"";"";"";"";"";"";"";"";"";"";"";"";"";"";"";"";"";""
"South Korea";"KOR";"K League 2";"05-07-2026 07:30";"NS";"Gimhae City";"";"";"Seoul E.";"5.05";"1.56";"1.24";"1.34";"17 | 3";"0 | 62";"2";"24 | 48";"77";"";"2.8";"3";"0.7 | 1.4";"2.7 | 1";"55";"78";"70";"69";"2.7";"18.8";"7.8";"7.8";"0 | 1.9";"8";"10 | 70";"33 | 57";"";"0.3 | 0.6";"0.8 | 0.6";"1.8";"1.2";"1.8 | 0.4";"0.3 | 0.9";"";"0 | 57";"2.7 | 5";"4.5 | 3.3";"8.6";"54";"38"
"Lithuania";"LTU";"A Lyga";"05-07-2026 12:45";"NS";"FA Šiauliai";"";"";"Žalgiris";"";"";"";"";"9 | 6";"42 | 43";"";"34 | 27";"69";"";"2.2";"2";"1 | 0.8";"2 | 0.7";"29";"69";"46";"75";"2.6";"17.8";"7";"9.8";"1.2 | 1.3";"9";"35 | 80";"62 | 50";"";"0.2 | 0.4";"1.1 | 0.2";"1.2";"1";"0.9 | 0.5";"0.8 | 0.4";"";"38 | 30";"4.5 | 6.5";"5.4 | 3.1";"9.4";"62";"62"
"Latvia";"LVA";"Virsliga";"05-07-2026 10:00";"NS";"Grobiņa";"";"";"Tukums";"";"";"";"";"9 | 8";"23 | 13";"";"20 | 48";"75";"";"3";"3";"0.6 | 1.4";"1.4 | 2.5";"60";"70";"55";"65";"3";"25.8";"8.5";"10";"0.7 | 0.4";"10";"56 | 18";"50 | 50";"";"0.3 | 0.8";"0.7 | 1.4";"1.4";"1.6";"0.7 | 1.1";"0.3 | 0.6";"";"10 | 0";"3.3 | 4";"6.8 | 5.8";"9.6";"85";"75"
"Latvia";"LVA";"First Liga";"05-07-2026 09:00";"NS";"Rīgas FS II";"";"";"Super Nova II";"";"";"";"";"10 | 6";"19 | 42";"";"48 | 61";"100";"";"4";"4";"1.4 | 1.8";"2.6 | 2.2";"73";"75";"62";"66";"3.5";"24.6";"10";"11.9";"0.6 | 1.2";"12";"14 | 28";"43 | 25";"";"1 | 0.2";"0.4 | 1.2";"2.6";"1.4";"2.1 | 1";"0.4 | 1.5";"";"14 | 25";"6.3 | 4.2";"7 | 6.2";"11.4";"92";"92"
"Latvia";"LVA";"First Liga";"05-07-2026 09:00";"NS";"Valmiera";"";"";"Leevon / PPK";"";"";"";"";"2 | 4";"78 | 78";"";"92 | 51";"84";"";"2.8";"3";"2.7 | 1.5";"0.7 | 0.7";"58";"42";"58";"58";"3.5";"26.1";"12.5";"11";"2.3 | 2.3";"12";"80 | 80";"67 | 50";"";"0.3 | 0.7";"0 | 0.7";"1.9";"0.8";"0.7 | 0";"2.3 | 0.8";"";"67 | 67";"8.7 | 7.5";"3.7 | 2.3";"11.4";"84";"75"
"Macau";"MAC";"Primeira Division";"05-07-2026 08:00";"NS";"Chiba";"";"";"Cheng Fung";"";"";"";"";"4 | 5";"56 | 62";"";"92 | 54";"94";"";"3.4";"4";"2.7 | 1.6";"1.7 | 1";"71";"58";"71";"60";"4.9";"24.1";"10.2";"9.4";"1.7 | 1.9";"10";"46 | 70";"33 | 75";"";"1.2 | 0.4";"0.3 | 0.2";"2.4";"1";"1.3 | 0.8";"1.5 | 1.2";"";"50 | 50";"6.5 | 2.8";"4.3 | 5.4";"10.4";"60";"46"
"Macau";"MAC";"Primeira Division";"05-07-2026 10:00";"NS";"Universidade de Macau";"";"";"Hang Sai SC";"";"";"";"";"10 | 8";"4 | 7";"";"17 | 14";"94";"";"3.2";"4";"0.5 | 0.4";"3.4 | 2.2";"39";"81";"68";"75";"4.9";"26.3";"11";"10";"0.1 | 0.2";"10";"2 | 28";"50 | 60";"";"0.2 | 0.2";"1.1 | 1";"2";"1.3";"2.2 | 1.2";"0.2 | 0.2";"";"0 | 0";"2.5 | 2.6";"7.6 | 7.4";"10.4";"94";"68"
"Moldova";"MDA";"Super Liga";"05-07-2026 12:00";"NS";"Dacia-Buiucani";"";"";"Sireți";"";"";"";"";"";"";"";"";"";"";"";"";"";"";"";"";"";"";"";"";"";"";"";"";"";"";"";"";"";"";"";"";"";"";"";"";"";"";"";""
"Moldova";"MDA";"Super Liga";"05-07-2026 14:00";"NS";"Zimbru";"";"";"CSF Bălți";"";"";"";"";"";"";"";"";"";"";"";"";"";"";"";"";"";"";"";"";"";"";"";"";"";"";"";"";"";"";"";"";"";"";"";"";"";"";"";""
"Nicaragua";"NCA";"Copa Nicaragua";"05-07-2026 20:00";"NS";"Rancho Santana";"";"";"Managua";"";"";"";"";"";"";"";"";"";"";"";"";"";"";"";"";"";"";"";"";"";"";"";"";"";"";"";"";"";"";"";"";"";"";"";"";"";"";"";""
"Norway";"NOR";"1. Division";"05-07-2026 14:15";"NS";"Odd";"";"";"Haugesund";"2.23";"2.65";"1.08";"1.87";"5 | 2";"67 | 57";"5";"71 | 100";"86";"";"4.4";"4";"2.1 | 3.1";"0.9 | 2.6";"57";"93";"78";"28";"3.6";"23.4";"11.4";"9.8";"2 | 1.7";"10";"74 | 14";"71 | 71";"";"1.3 | 1.7";"0.3 | 1";"2.2";"2.2";"0.6 | 1.6";"0.9 | 1.4";"";"57 | 57";"6 | 5.4";"5 | 3.3";"11";"78";"72"
"Paraguay";"PAR";"Campeonato Femenino";"05-07-2026 15:00";"NS";"Sportivo Luqueño W";"";"";"2 de Mayo W";"";"";"";"";"11 | 10";"13 | 25";"";"20 | 51";"100";"";"3.8";"4";"0.6 | 1.5";"3 | 2.5";"68";"90";"58";"42";"4.2";"16.6";"7";"6.3";"0.4 | 0.8";"7";"0 | 18";"40 | 75";"";"0.4 | 0.5";"1.6 | 0.5";"2.3";"1.5";"1.4 | 2";"0.2 | 1";"";"0 | 25";"2.6 | 2.5";"3.2 | 4.2";"7.9";"22";"10"
"Paraguay";"PAR";"Campeonato Femenino";"05-07-2026 17:15";"NS";"Sportivo Trinidense W";"";"";"Deportivo Recoleta W";"";"";"";"";"6 | 8";"40 | 20";"";"27 | 41";"60";"";"3";"4";"0.8 | 1.2";"1.6 | 2.4";"30";"100";"50";"70";"4.2";"22.5";"9.1";"8.7";"1.2 | 0.6";"9";"49 | 21";"40 | 40";"";"0.2 | 0.6";"0.8 | 1";"1.7";"1.3";"0.8 | 1.4";"0.6 | 0.6";"";"40 | 20";"3.4 | 1.6";"5 | 7.4";"7.9";"70";"70"
"Paraguay";"PAR";"Campeonato Femenino";"05-07-2026 19:30";"NS";"Rubio Ñú";"";"";"Sportivo Ameliano W";"";"";"";"";"9 | 12";"25 | 7";"";"34 | 41";"100";"";"5.3";"4";"1 | 1.2";"4.2 | 4.2";"65";"100";"90";"10";"4.2";"17.8";"9.2";"7.2";"0.8 | 0.2";"7";"2 | 2";"50 | 40";"";"0 | 0.6";"1.8 | 1.8";"3.2";"2.1";"2.5 | 2.4";"1 | 0.6";"";"25 | 0";"1 | 2.6";"6 | 4.8";"7.9";"45";"10"
"Réunion";"REU";"Regionale 1";"05-07-2026 08:30";"NS";"Jeanne d'Arc";"";"";"Saint-Louisienne";"";"";"";"";"7 | 13";"56 | 40";"";"78 | 54";"92";"";"4";"4";"2.3 | 1.6";"2.3 | 1.6";"84";"";"82";"38";"2.6";"";"";"";"1.7 | 1.2";"";"25 | 49";"67 | 40";"";"";"";"0";"0";"";"";"";"50 | 20";"";"";"0";"";""
"Réunion";"REU";"Regionale 1";"05-07-2026 08:30";"NS";"Trois Bassins";"";"";"Saint-Denis";"";"";"";"";"4 | 9";"50 | 43";"";"41 | 65";"60";"";"2.4";"2";"1.2 | 1.9";"0.7 | 1.1";"38";"";"38";"77";"2.6";"";"";"";"1.5 | 1.3";"";"80 | 66";"50 | 43";"";"";"";"0";"0";"";"";"";"33 | 29";"";"";"0";"";""
"Réunion";"REU";"Regionale 1";"05-07-2026 08:30";"NS";"ES Dominicaine";"";"";"Stade Tamponnaise";"";"";"";"";"6 | 1";"62 | 81";"";"48 | 54";"57";"";"2.2";"2";"1.4 | 1.6";"0.9 | 0.4";"43";"";"50";"78";"2.6";"";"";"";"1.9 | 2.4";"";"74 | 100";"57 | 43";"";"";"";"0";"0";"";"";"";"57 | 71";"";"";"0";"";""
"Réunion";"REU";"Regionale 1";"05-07-2026 08:30";"NS";"Bagatelle Sainte-Suzanne";"";"";"Bénédictine";"";"";"";"";"14 | 10";"24 | 33";"";"34 | 31";"93";"";"2.8";"2";"1 | 0.9";"1.7 | 2";"64";"";"50";"71";"2.6";"";"";"";"0.7 | 1";"";"46 | 35";"43 | 57";"";"";"";"0";"0";"";"";"";"14 | 29";"";"";"0";"";""
"Réunion";"REU";"Regionale 1";"05-07-2026 08:30";"NS";"Excelsior";"";"";"Ville Sainte-Suzanne";"";"";"";"";"2 | 12";"57 | 38";"";"37 | 54";"78";"";"2.8";"2";"1.1 | 1.6";"0.7 | 2";"64";"";"42";"78";"2.6";"";"";"";"1.7 | 1.1";"";"80 | 35";"71 | 43";"";"";"";"0";"0";"";"";"";"43 | 29";"";"";"0";"";""
"Réunion";"REU";"Regionale 1";"05-07-2026 08:30";"NS";"Saint-Pierroise";"";"";"Sainte-Rose";"";"";"";"";"5 | 11";"43 | 38";"";"31 | 24";"57";"";"2";"2";"0.9 | 0.7";"1.1 | 1.1";"43";"";"50";"93";"2.6";"";"";"";"1.3 | 1.1";"";"66 | 66";"57 | 57";"";"";"";"0";"0";"";"";"";"29 | 29";"";"";"0";"";""
"Réunion";"REU";"Regionale 1";"05-07-2026 08:30";"NS";"Piton Saint-Leu";"";"";"St Pauloise FC";"";"";"";"";"8 | 3";"62 | 67";"";"37 | 75";"70";"";"2.4";"2";"1.1 | 2.2";"0.7 | 0.8";"54";"";"56";"68";"2.6";"";"";"";"1.9 | 2";"";"80 | 77";"57 | 83";"";"";"";"0";"0";"";"";"";"43 | 50";"";"";"0";"";""
"Russia";"RUS";"FNL 2 - Group 1";"05-07-2026 10:30";"NS";"Dinamo Makhachkala 2";"";"";"Shakhter Donetsk";"";"";"";"";"15 | 3";"39 | 89";"";"34 | 68";"67";"";"2.3";"2";"1 | 2";"1.3 | 0.3";"42";"66";"33";"83";"2.5";"15.3";"4.5";"9.8";"1.2 | 2.7";"9";"60 | 100";"33 | 33";"";"0.3 | 0.8";"0.8 | 0.2";"1.2";"1.1";"0.5 | 0.2";"0.7 | 1.2";"";"33 | 83";"4.2 | 5.8";"6.3 | 3.2";"8.4";"82";"65"
"Russia";"RUS";"FNL 2 - Group 2";"05-07-2026 10:00";"NS";"Luki-Energiya";"";"";"Cherepovets";"";"";"";"";"2 | 7";"81 | 56";"";"65 | 58";"76";"";"2.8";"2";"1.9 | 1.7";"0.6 | 1.5";"62";"76";"62";"75";"2.5";"12";"3.4";"8.6";"2.4 | 1.7";"9";"84 | 52";"57 | 50";"";"1 | 0.5";"0.1 | 0.2";"1.9";"0.9";"0.4 | 1.3";"0.9 | 1.2";"";"71 | 50";"4.9 | 4.6";"2.6 | 5.2";"8.9";"52";"52"
"Russia";"RUS";"FNL 2 - Group 2";"05-07-2026 12:00";"NS";"Torpedo Vladimir";"";"";"Kosmos Dolgoprudny";"";"";"";"";"6 | 11";"72 | 50";"";"44 | 51";"84";"";"2.4";"2";"1.3 | 1.5";"0.7 | 1.3";"66";"50";"33";"92";"2.5";"13.2";"3.6";"9";"2.2 | 1.5";"9";"80 | 60";"67 | 33";"";"0.5 | 0.5";"0.5 | 0.5";"1.4";"1";"0.2 | 0.8";"0.8 | 1";"";"67 | 33";"6.2 | 4.2";"3.8 | 3.8";"8.9";"84";"36"
"Russia";"RUS";"FNL 2 - Group 2";"05-07-2026 12:00";"NS";"Spartak Moskva II";"";"";"Murom";"";"";"";"";"10 | 5";"33 | 57";"";"31 | 31";"52";"";"1.8";"2";"0.9 | 0.9";"1.2 | 0.6";"38";"52";"26";"100";"2.5";"12";"3.3";"9.2";"1 | 1.7";"9";"63 | 84";"38 | 29";"";"0.2 | 0.1";"0.9 | 0.1";"1";"0.7";"0.4 | 0.4";"0.6 | 0.7";"";"25 | 57";"5.3 | 6";"3 | 4";"8.9";"77";"54"
"Russia";"RUS";"FNL 2 - Group 2";"05-07-2026 13:00";"NS";"Dinamo Vologda";"";"";"Yenisey II";"";"";"";"";"8 | 14";"44 | 0";"";"51 | 17";"84";"";"2.8";"3";"1.5 | 0.5";"1.3 | 2.3";"50";"58";"67";"75";"2.5";"12.8";"4";"9.4";"1.3 | 0";"9";"60 | 25";"67 | 67";"";"0.8 | 0.2";"0.5 | 1.3";"1.4";"1.4";"0.8 | 1";"0.7 | 0.3";"";"33 | 0";"4.5 | 3.7";"4 | 6.5";"8.9";"75";"50"
"Russia";"RUS";"FNL 2 - Group 4";"05-07-2026 05:00";"NS";"Ural 2";"";"";"Chelyabinsk II";"";"";"";"";"7 | 10";"38 | 22";"";"61 | 24";"78";"";"3";"3";"1.8 | 0.7";"1.6 | 2";"42";"86";"58";"64";"3.1";"14.6";"5.6";"8.7";"1.1 | 0.7";"8";"49 | 35";"38 | 67";"";"1 | 0.3";"0.9 | 0.8";"1.5";"1.5";"0.8 | 1.2";"0.8 | 0.3";"";"25 | 17";"4 | 2.7";"6.1 | 4.7";"8.5";"69";"54"
"Russia";"RUS";"FNL 2 - Group 4";"05-07-2026 07:00";"NS";"Dinamo Barnaul";"";"";"KDV";"";"";"";"";"11 | 3";"33 | 54";"";"34 | 41";"86";"";"2.5";"2";"1 | 1.2";"1.2 | 1.5";"44";"64";"40";"79";"3.1";"12.6";"3.8";"8.7";"1 | 1.6";"8";"63 | 52";"17 | 62";"";"0.5 | 0.4";"0.8 | 0.6";"1.3";"1.2";"0.3 | 0.9";"0.5 | 0.9";"";"17 | 50";"5 | 6";"3.3 | 3.1";"8.5";"72";"48"
"Russia";"RUS";"FNL 2 - Group 4";"05-07-2026 07:00";"NS";"Akron II";"";"";"Zenit Izhevsk";"";"";"";"";"6 | 8";"62 | 29";"";"82 | 37";"87";"";"3.2";"3";"2.4 | 1.1";"1.3 | 1.5";"60";"80";"54";"52";"3.1";"10.9";"4.4";"8.9";"1.9 | 0.9";"8";"60 | 52";"57 | 38";"";"1.4 | 0.6";"0.4 | 0.6";"1.6";"1.5";"0.9 | 0.9";"1 | 0.5";"";"57 | 12";"4.9 | 4.3";"5 | 3.6";"8.5";"64";"57"
"Russia";"RUS";"FNL 2 - Group 4";"05-07-2026 09:00";"NS";"Nosta";"";"";"Orenburg II";"";"";"";"";"12 | 5";"14 | 33";"";"24 | 31";"71";"";"2.5";"2";"0.7 | 0.9";"1.6 | 1.9";"43";"72";"43";"64";"3.1";"15.4";"5.9";"11.3";"0.4 | 1";"10";"49 | 38";"29 | 57";"";"0.4 | 0.3";"0.7 | 0.9";"1.4";"1.1";"0.9 | 1";"0.3 | 0.6";"";"0 | 14";"4.1 | 4.7";"7.7 | 6";"8.5";"93";"57"
"Russia";"RUS";"FNL 2 - Group 4";"05-07-2026 10:00";"NS";"Pobeda Nizhny Novgorod";"";"";"Khimik Dzerzhinsk";"";"";"";"";"2 | 1";"79 | 100";"";"100 | 88";"87";"";"3.6";"4";"3 | 2.6";"1.2 | 0.6";"60";"94";"80";"42";"3.1";"12.4";"4.6";"8";"2.4 | 3";"8";"63 | 84";"50 | 29";"";"1.1 | 1.1";"0.6 | 0.3";"2.1";"1.6";"0.6 | 0.3";"1.9 | 1.4";"";"75 | 100";"4.8 | 6";"3.1 | 2.1";"8.5";"52";"34"
"Russia";"RUS";"FNL 2 - Group 4";"05-07-2026 12:00";"NS";"Rubin Kazan' II";"";"";"Krylya Sovetov Samara II";"";"";"";"";"9 | 4";"44 | 17";"";"44 | 24";"75";"";"2.2";"2";"1.3 | 0.7";"1.2 | 1.2";"58";"83";"34";"92";"3.1";"13.3";"4.9";"7.5";"1.3 | 0.5";"8";"63 | 63";"50 | 67";"";"0.7 | 0.7";"0.7 | 0.3";"1";"1.2";"0.5 | 0.8";"0.7 | 0";"";"33 | 0";"3 | 4.7";"3 | 4.3";"8.5";"58";"25"
"United States";"USA";"USL Championship";"05-07-2026 20:00";"NS";"Miami FC II";"";"";"Birmingham Legion";"";"";"";"";"14 | 22";"56 | 33";"";"61 | 54";"92";"";"3.7";"4";"1.8 | 1.6";"2.2 | 1.8";"74";"82";"72";"45";"2.8";"25.4";"9.2";"9.9";"1.7 | 1";"10";"28 | 42";"50 | 60";"";"0.8 | 1";"0.7 | 0.4";"2.2";"1.4";"1.5 | 1.4";"1 | 0.6";"";"50 | 20";"4 | 4";"6 | 5.8";"9";"82";"62"
"United States";"USA";"USL League Two";"05-07-2026 16:00";"NS";"St. Croix";"";"";"Edgewater Castle";"";"";"";"";"7 | 8";"50 | 0";"";"51 | 34";"100";"";"4.1";"4";"1.5 | 1";"2.8 | 3";"62";"75";"100";"38";"3.6";"23.6";"12.4";"8.5";"1.5 | 0";"9";"7 | 0";"50 | 75";"";"0.2 | 0.2";"1 | 1.8";"2.5";"1.6";"1.8 | 1.2";"1.2 | 0.8";"";"50 | 0";"4.5 | 4.7";"5.5 | 2.3";"8.7";"42";"25"
"United States";"USA";"USL League Two";"05-07-2026 17:00";"NS";"Eagle FC";"";"";"West Chester United II";"";"";"";"";"9 | 6";"17 | 25";"";"34 | 51";"100";"";"3.8";"4";"1 | 1.5";"2.5 | 2.8";"75";"84";"100";"25";"3.6";"";"";"";"0.5 | 0.8";"";"18 | 7";"50 | 25";"";"0 | 0.8";"0.8 | 1.2";"2.4";"1.4";"1.7 | 1.5";"1 | 0.8";"";"17 | 25";"";"";"8.7";"";""
"United States";"USA";"USL League Two";"05-07-2026 17:00";"NS";"Project 51O";"";"";"Davis Legacy";"";"";"";"";"2 | 5";"58 | 27";"";"41 | 48";"78";"";"2.8";"3";"1.2 | 1.4";"0.8 | 2.2";"45";"75";"42";"80";"3.6";"18";"9.2";"8.2";"1.8 | 0.8";"9";"77 | 28";"75 | 40";"";"0.5 | 0.8";"0.2 | 1.4";"1.3";"1.5";"0.5 | 0.8";"0.8 | 0.6";"";"50 | 20";"2.7 | 7.5";"3.7 | 2.8";"8.7";"54";"42"
"United States";"USA";"USL League Two";"05-07-2026 18:00";"NS";"Virginia Marauders";"";"";"Bethesda SC";"";"";"";"";"10 | 9";"20 | 33";"";"20 | 61";"90";"";"3.8";"4";"0.6 | 1.8";"2.8 | 2.5";"58";"80";"80";"32";"3.6";"21.8";"11.2";"9";"0.6 | 1";"9";"7 | 18";"60 | 50";"";"0.2 | 0.5";"1 | 1";"2.5";"1.4";"1.8 | 1.5";"0.4 | 1.2";"";"20 | 25";"2.5 | 2";"9 | 4.5";"8.7";"75";"75"
"United States";"USA";"USL League Two";"05-07-2026 18:00";"NS";"West Seattle Junction";"";"";"Oly Town";"";"";"";"";"7 | 6";"67 | 7";"";"92 | 14";"100";"";"3.4";"3";"2.7 | 0.4";"0.7 | 3.2";"36";"80";"90";"64";"3.6";"";"";"";"2 | 0.2";"";"80 | 2";"33 | 40";"";"1 | 0.2";"0 | 1";"2.3";"1.1";"0.7 | 2.2";"1.7 | 0.2";"";"67 | 0";"";"";"8.7";"";""
"United States";"USA";"USL League Two";"05-07-2026 18:00";"NS";"Ballard";"";"";"Tacoma Stars";"";"";"";"";"1 | 4";"100 | 27";"";"100 | 54";"100";"";"4.2";"3";"3.4 | 1.6";"0.6 | 2.8";"70";"100";"80";"40";"3.6";"14.6";"7.4";"9";"3 | 0.8";"9";"84 | 7";"60 | 20";"";"2.2 | 0.8";"0.2 | 0.8";"2.2";"2";"0.4 | 2";"1.2 | 0.8";"";"100 | 20";"4 | 4.5";"3.4 | 6";"8.7";"70";"45"
"United States";"USA";"USL League Two";"05-07-2026 19:00";"NS";"North Carolina II";"";"";"Asheville City";"";"";"";"";"6 | 4";"33 | 60";"";"41 | 75";"78";"";"3";"3";"1.2 | 2.2";"1.5 | 1";"68";"78";"65";"45";"3.6";"22.8";"10.2";"8.2";"1 | 1.8";"8";"52 | 70";"50 | 60";"";"0.5 | 1.2";"0.5 | 0.8";"1.5";"1.5";"1 | 0.2";"0.8 | 1";"";"25 | 40";"4.5 | 2.5";"5.5 | 4";"8.7";"50";"25"
"United States";"USA";"USL League Two";"05-07-2026 19:00";"NS";"San Francisco City";"";"";"Academica";"";"";"";"";"1 | 6";"87 | 27";"";"88 | 48";"80";"";"3.5";"3";"2.6 | 1.4";"0.8 | 2.2";"40";"60";"60";"70";"3.6";"22.8";"12.2";"8.6";"2.6 | 0.8";"9";"77 | 28";"20 | 40";"";"1.4 | 1";"0.2 | 0.6";"1.9";"1.6";"0.6 | 1.6";"1.2 | 0.4";"";"80 | 20";"3.2 | 4.7";"5.5 | 3.7";"8.7";"71";"58"
"United States";"USA";"USL League Two";"05-07-2026 20:00";"NS";"Pennsylvania Classics";"";"";"Reading United";"";"";"";"";"8 | 4";"40 | 33";"";"61 | 41";"92";"";"3.3";"4";"1.8 | 1.2";"1.8 | 1.8";"75";"74";"72";"54";"3.6";"";"";"";"1.2 | 1";"";"42 | 42";"60 | 83";"";"1 | 0.7";"0.2 | 0.5";"2.1";"1.2";"1.6 | 1.3";"0.8 | 0.5";"";"20 | 33";"";"";"8.7";"";""
"United States";"USA";"USL League Two";"05-07-2026 20:00";"NS";"Christos";"";"";"Loudoun United II";"";"";"";"";"4 | 6";"44 | 47";"";"51 | 95";"92";"";"4.2";"4";"1.5 | 2.8";"1.8 | 2.2";"74";"92";"74";"35";"3.6";"23.6";"9.9";"9.6";"1.3 | 1.4";"9";"42 | 28";"50 | 60";"";"1 | 1.4";"0.8 | 1";"2";"2.1";"1 | 1.2";"0.5 | 1.4";"";"33 | 40";"3.2 | 5.5";"5.5 | 5";"8.7";"84";"84"
"United States";"USA";"USL League Two";"05-07-2026 20:00";"NS";"Little Rock Rangers";"";"";"Louisiana Krewe";"";"";"";"";"1 | 2";"100 | 67";"";"68 | 100";"88";"";"4.1";"4";"2 | 3.7";"0.5 | 2";"58";"100";"75";"38";"3.6";"";"";"";"3 | 2";"";"88 | 35";"50 | 33";"";"1 | 0.7";"0.5 | 1";"2.5";"1.6";"0 | 1";"1 | 3";"";"100 | 67";"";"";"8.7";"";""
"United States";"USA";"USL League Two";"05-07-2026 20:00";"NS";"Bigfoot";"";"";"Bangers";"";"";"";"";"8 | 3";"42 | 33";"";"75 | 58";"100";"";"4.8";"4";"2.2 | 1.7";"2.2 | 3.3";"84";"88";"88";"12";"3.6";"9.1";"5.8";"9.4";"1.2 | 1";"9";"28 | 2";"25 | 33";"";"1.5 | 0.3";"0.5 | 1.3";"2.9";"1.8";"1.8 | 2";"0.8 | 1.3";"";"25 | 33";"4 | 6";"5.2 | 3.5";"8.7";"62";"50"
"United States";"USA";"USL League Two";"05-07-2026 20:00";"NS";"Miami";"";"";"Miami AC";"";"";"";"";"6 | 3";"0 | 67";"";"34 | 41";"75";"";"3.2";"3";"1 | 1.2";"3.7 | 0.5";"58";"42";"62";"54";"3.6";"";"";"";"0 | 2";"";"2 | 88";"67 | 50";"";"0.7 | 0.8";"0.3 | 0";"2.4";"0.9";"3.3 | 0.5";"0.3 | 0.5";"";"0 | 50";"";"";"8.7";"";""
"United States";"USA";"USL League Two";"05-07-2026 20:30";"NS";"Ironbound";"";"";"Staten Island Athletic";"";"";"";"";"2 | 9";"83 | 20";"";"68 | 41";"65";"";"3";"3";"2 | 1.2";"0.8 | 2";"55";"78";"65";"55";"3.6";"";"";"";"2.5 | 0.6";"";"77 | 35";"50 | 40";"";"1.2 | 0.8";"0.8 | 0.4";"1.4";"1.6";"0 | 1.6";"0.8 | 0.4";"";"75 | 20";"";"";"8.7";"";""
"United States";"USA";"USL League Two";"05-07-2026 20:30";"NS";"East Atlanta";"";"";"Birmingham Legion II";"";"";"";"";"7 | 6";"7 | 33";"";"34 | 48";"80";"";"3.7";"4";"1 | 1.4";"2.6 | 2.4";"70";"80";"80";"30";"3.6";"19.4";"7.6";"9.6";"0.2 | 1";"9";"14 | 21";"60 | 80";"";"0 | 1";"0.8 | 1.2";"2.2";"1.5";"1.8 | 1.2";"1 | 0.4";"";"0 | 20";"6 | 4";"5 | 4.3";"8.7";"66";"66"
"United States";"USA";"USL League Two";"05-07-2026 21:00";"NS";"Northern Virginia";"";"";"Patuxent";"";"";"";"";"7 | 11";"33 | 0";"";"75 | 7";"74";"";"4.1";"3";"2.2 | 0.2";"2 | 3.8";"38";"92";"65";"45";"3.6";"21.9";"9";"9.6";"1 | 0";"10";"35 | 2";"40 | 50";"";"1.6 | 0";"1 | 2.2";"1.7";"2.4";"1 | 1.7";"0.6 | 0.2";"";"20 | 0";"6.2 | 2";"3.5 | 7.5";"8.7";"88";"88"
"United States";"USA";"USL League Two";"05-07-2026 21:00";"NS";"Marin";"";"";"SF Glens";"";"";"";"";"7 | 4";"27 | 47";"";"82 | 34";"100";"";"4.5";"4";"2.4 | 1";"4 | 1.6";"70";"70";"80";"50";"3.6";"23.1";"13";"8.1";"0.8 | 1.4";"8";"2 | 49";"40 | 60";"";"0.8 | 0.4";"2.4 | 0.6";"2.4";"2.1";"1.6 | 1";"1.6 | 0.6";"";"20 | 40";"3.7 | 4.5";"4 | 4";"8.7";"42";"29"
"United States";"USA";"USL League Two";"05-07-2026 22:00";"NS";"City SC";"";"";"Redlands";"";"";"";"";"";"50 | 53";"";"41 | 54";"80";"";"3";"4";"1.2 | 1.6";"1.8 | 1.4";"68";"90";"58";"68";"3.6";"20.4";"9.5";"8.2";"1.5 | 1.6";"8";"42 | 56";"75 | 40";"";"0.5 | 0.6";"0.5 | 1.4";"1.5";"1.5";"1.2 | 0";"0.8 | 1";"";"50 | 40";"4.2 | 3.7";"5 | 3.7";"8.7";"71";"54"
"United States";"USA";"USL League One";"05-07-2026 20:00";"NS";"Westchester SC";"";"";"Athletic Club Boise";"";"";"";"";"14 | 7";"67 | 28";"";"99 | 44";"84";"";"3.7";"3";"2.9 | 1.3";"1 | 2.2";"69";"76";"62";"38";"2.9";"27";"9.5";"10.4";"2 | 0.8";"10";"70 | 28";"57 | 67";"";"1.4 | 0.3";"0.6 | 0.7";"2.2";"1.5";"0.4 | 1.5";"1.4 | 1";"";"57 | 17";"2.6 | 6.8";"6.3 | 5.2";"10";"70";"70"
"United States";"USA";"MLS Next Pro";"05-07-2026 18:00";"NS";"Connecticut United";"";"";"Carolina Core";"";"";"";"";"12 | 14";"22 | 11";"";"41 | 31";"75";"";"3";"3";"1.2 | 0.9";"1.8 | 2";"53";"67";"67";"53";"3.3";"24";"10";"9.6";"0.7 | 0.3";"10";"42 | 35";"67 | 67";"";"1 | 0.2";"0.8 | 1";"1.4";"1.5";"1 | 1";"0.2 | 0.7";"";"17 | 0";"4.5 | 4.7";"4.7 | 5.2";"9.7";"78";"64"
"United States";"USA";"MLS Next Pro";"05-07-2026 19:00";"NS";"FC Cincinnati II";"";"";"New York RB II";"";"";"";"";"15 | 3";"50 | 52";"";"48 | 44";"75";"";"2.7";"3";"1.4 | 1.3";"1.1 | 1.6";"62";"66";"60";"74";"3.3";"23.5";"9.4";"8.6";"1.5 | 1.6";"10";"66 | 49";"50 | 71";"";"0.4 | 0.4";"0.6 | 0.9";"1.6";"1.2";"0.5 | 0.7";"1 | 0.9";"";"50 | 43";"4.6 | 3.9";"4.6 | 4";"9.7";"66";"52"
"United States";"USA";"MLS Next Pro";"05-07-2026 20:00";"NS";"New England II";"";"";"Philadelphia Union II";"";"";"";"";"4 | 11";"63 | 33";"";"48 | 31";"74";"";"2.5";"3";"1.4 | 0.9";"1 | 1.7";"62";"74";"56";"88";"3.3";"23.9";"8.4";"8.3";"1.9 | 1";"9";"70 | 46";"56 | 57";"";"0.4 | 0.1";"0.6 | 0.7";"1.5";"1";"0.4 | 1";"1 | 0.7";"";"56 | 29";"5.4 | 3";"3.9 | 4.3";"9.7";"54";"46"
"United States";"USA";"MLS Next Pro";"05-07-2026 20:00";"NS";"Crown Legacy";"";"";"Orlando City II";"";"";"";"";"2 | 5";"90 | 56";"";"92 | 58";"77";"";"3.2";"3";"2.7 | 1.7";"0.6 | 1.5";"48";"77";"62";"60";"3.3";"26.3";"9.3";"10.1";"2.7 | 1.7";"10";"84 | 52";"29 | 50";"";"1.3 | 0.2";"0.6 | 0.8";"1.8";"1.4";"0 | 0.7";"1.4 | 1.5";"";"86 | 50";"7.9 | 4.5";"2.9 | 5";"9.7";"76";"68"
"United States";"USA";"MLS Next Pro";"05-07-2026 20:00";"NS";"Houston Dynamo FC II";"";"";"Minnesota United II";"";"";"";"";"2 | 7";"100 | 38";"";"100 | 37";"81";"";"2.9";"3";"3.2 | 1.1";"0 | 1.5";"25";"62";"56";"69";"3.3";"24.3";"7.6";"8.6";"3 | 1.1";"9";"100 | 52";"50 | 62";"";"1.2 | 0.5";"0 | 0.8";"1.7";"1.2";"0 | 0.8";"2 | 0.6";"";"100 | 38";"5.2 | 6";"2 | 3.9";"9.7";"50";"44"
"United States";"USA";"MLS Next Pro";"05-07-2026 21:00";"NS";"Huntsville City";"";"";"Chicago Fire II";"";"";"";"";"13 | 9";"43 | 25";"";"68 | 34";"87";"";"3.2";"3";"2 | 1";"1.7 | 1.6";"66";"74";"80";"66";"3.3";"24.6";"10.2";"9.6";"1.3 | 0.8";"9";"46 | 49";"57 | 75";"";"1.1 | 0.5";"0.3 | 0.4";"2";"1.2";"1.4 | 1.2";"0.9 | 0.5";"";"29 | 12";"3 | 5.8";"5.3 | 5.1";"9.7";"66";"59"
"United States";"USA";"MLS Next Pro";"05-07-2026 21:30";"NS";"Austin II";"";"";"Colorado Rapids II";"";"";"";"";"";"71 | 14";"";"71 | 24";"94";"";"2.9";"3";"2.1 | 0.7";"1.1 | 1.9";"60";"74";"46";"66";"3.3";"23.1";"8.6";"8.2";"2.1 | 0.4";"9";"66 | 38";"38 | 29";"";"0.9 | 0.6";"0.4 | 1";"1.5";"1.4";"0.8 | 0.9";"1.2 | 0.1";"";"62 | 0";"4.5 | 2.6";"5.1 | 4.3";"9.7";"46";"40"
"United States";"USA";"MLS Next Pro";"05-07-2026 22:00";"NS";"Los Angeles FC 2";"";"";"Real Monarchs";"";"";"";"";"";"79 | 29";"";"65 | 48";"80";"";"3.1";"3";"1.9 | 1.4";"1 | 1.9";"59";"80";"66";"52";"3.3";"24.8";"9.4";"9";"2.4 | 0.9";"10";"70 | 38";"62 | 57";"";"0.8 | 0.7";"0.9 | 0.7";"1.5";"1.5";"0.1 | 1.1";"1.1 | 0.7";"";"75 | 29";"4.4 | 4.3";"5.2 | 4.1";"9.7";"66";"60"
"United States";"USA";"MLS Next Pro";"05-07-2026 23:00";"NS";"Tacoma Defiance";"";"";"Portland Timbers II";"";"";"";"";"";"52 | 71";"";"41 | 44";"50";"";"2.4";"2";"1.2 | 1.3";"0.9 | 1.3";"29";"56";"44";"74";"3.3";"23.3";"8.8";"8.5";"1.6 | 2.1";"9";"74 | 60";"44 | 43";"";"0.4 | 0.4";"0.4 | 0.6";"1.4";"1";"0.4 | 0.7";"0.8 | 0.9";"";"44 | 71";"4.1 | 4.1";"3.8 | 5";"9.7";"64";"58"
"United States";"USA";"UWS";"05-07-2026 22:00";"NS";"San Fernando Valley W";"";"";"SoCal W";"";"";"";"";"";"0 | 67";"";"34 | 78";"84";"";"4.8";"5";"1 | 2.3";"4.5 | 1.7";"58";"";"84";"16";"4.6";"";"";"";"0 | 2";"";"2 | 46";"50 | 67";"";"";"";"0";"0";"";"";"";"0 | 67";"";"";"0";"";""
"Vietnam";"VIE";"U21 Championship";"05-07-2026 04:30";"NS";"Đồng Nai U21";"";"";"Tây Ninh U21";"";"";"";"";"";"";"";"";"";"";"";"";"";"";"";"";"";"";"";"";"";"";"";"";"";"";"";"";"";"";"";"";"";"";"";"";"";"";"";""
"Vietnam";"VIE";"U21 Championship";"05-07-2026 04:30";"NS";"Mê Kông Cần Thơ U21";"";"";"HV An Giang U21";"";"";"";"";"";"";"";"";"";"";"";"";"";"";"";"";"";"";"";"";"";"";"";"";"";"";"";"";"";"";"";"";"";"";"";"";"";"";"";""
"Vietnam";"VIE";"U21 Championship";"05-07-2026 05:00";"NS";"TP Hồ Chí Minh U21";"";"";"Đà Nẵng U21";"";"";"";"";"";"";"";"";"";"";"";"";"";"";"";"";"";"";"";"";"";"";"";"";"";"";"";"";"";"";"";"";"";"";"";"";"";"";"";""
"Vietnam";"VIE";"U21 Championship";"05-07-2026 05:00";"NS";"Hoàng Anh Gia Lai U21 I";"";"";"TĐTT Gia Lai U21";"";"";"";"";"";"";"";"";"";"";"";"";"";"";"";"";"";"";"";"";"";"";"";"";"";"";"";"";"";"";"";"";"";"";"";"";"";"";"";""
"Vietnam";"VIE";"U21 Championship";"05-07-2026 05:30";"NS";"Thể Công – Viettel U21";"";"";"Hà Nội Bulls U21";"";"";"";"";"";"";"";"";"";"";"";"";"";"";"";"";"";"";"";"";"";"";"";"";"";"";"";"";"";"";"";"";"";"";"";"";"";"";"";""
"Vietnam";"VIE";"U21 Championship";"05-07-2026 05:30";"NS";"Hà Nội U21";"";"";"PVF Vietnam U21";"";"";"";"";"";"";"";"";"";"";"";"";"";"";"";"";"";"";"";"";"";"";"";"";"";"";"";"";"";"";"";"";"";"";"";"";"";"";"";""
"Vietnam";"VIE";"U21 Championship";"05-07-2026 06:00";"NS";"PVF-CAND U21";"";"";"Thanh Hóa U21";"";"";"";"";"";"";"";"";"";"";"";"";"";"";"";"";"";"";"";"";"";"";"";"";"";"";"";"";"";"";"";"";"";"";"";"";"";"";"";""
"Vietnam";"VIE";"U21 Championship";"05-07-2026 06:00";"NS";"Công An Hà Nội U21";"";"";"SLNA U21";"";"";"";"";"";"";"";"";"";"";"";"";"";"";"";"";"";"";"";"";"";"";"";"";"";"";"";"";"";"";"";"";"";"";"";"";"";"";"";""
"Argentina";"ARG";"Primera Division Women";"05-07-2026 14:00";"NS";"Boca Juniors W";"";"";"Lanús W";"";"";"";"";"8 | 13";"27 | 39";"";"34 | 17";"54";"";"2.2";"2";"1 | 0.5";"1 | 2";"10";"54";"45";"82";"2.3";"18.3";"8.6";"8.5";"0.8 | 1.2";"8";"70 | 35";"40 | 50";"";"0.6 | 0.5";"0.2 | 0.3";"1.4";"0.8";"0.8 | 1.7";"0.4 | 0";"";"20 | 33";"5.8 | 2.8";"3 | 5.3";"7.7";"54";"36"
"Argentina";"ARG";"Primera Division Women";"05-07-2026 14:00";"NS";"Ferro Carril Oeste W";"";"";"San Luis W";"";"";"";"";"7 | 10";"60 | 33";"";"54 | 27";"44";"";"2";"2";"1.6 | 0.8";"0.6 | 1";"26";"36";"18";"82";"2.3";"17.3";"7.1";"7.2";"1.8 | 1";"7";"84 | 70";"20 | 67";"";"0.6 | 0.2";"0.2 | 0.2";"1.4";"0.6";"0.4 | 0.8";"1 | 0.7";"";"60 | 17";"4.6 | 2.7";"1.6 | 5.5";"7.7";"25";"25"
"Argentina";"ARG";"Primera Division Women";"05-07-2026 14:00";"NS";"Talleres de Córdoba W";"";"";"Unión W";"";"";"";"";"4 | 16";"56 | 0";"";"51 | 24";"83";"";"3.2";"3";"1.5 | 0.7";"0.5 | 3.7";"42";"58";"50";"66";"2.3";"24.2";"11.6";"7.3";"1.7 | 0";"8";"88 | 2";"83 | 50";"";"0.3 | 0.3";"0.2 | 1.3";"2.1";"1.1";"0.3 | 2.3";"1.2 | 0.3";"";"33 | 0";"6 | 1.3";"1.8 | 5.5";"7.7";"58";"25"
"Argentina";"ARG";"Primera Division Women";"05-07-2026 14:00";"NS";"San Lorenzo W";"";"";"Independiente W";"";"";"";"";"2 | 14";"78 | 39";"";"85 | 34";"66";"";"2.8";"3";"2.5 | 1";"0.3 | 1.8";"42";"83";"58";"67";"2.3";"17.2";"8.6";"8.8";"2.3 | 1.2";"8";"100 | 42";"67 | 50";"";"1.3 | 0.5";"0.2 | 1";"1.3";"1.5";"0.2 | 0.8";"1.2 | 0.5";"";"67 | 33";"4.8 | 3.3";"4 | 5.5";"7.7";"58";"50"
"Argentina";"ARG";"Primera Division Women";"05-07-2026 14:00";"NS";"Racing Club W";"";"";"Huracán W";"";"";"";"";"1 | 12";"83 | 33";"";"95 | 24";"75";"";"2.8";"3";"2.8 | 0.7";"0.7 | 1.5";"50";"66";"50";"58";"2.3";"18.5";"8";"8";"2.5 | 1";"8";"80 | 52";"50 | 33";"";"1 | 0.3";"0.2 | 0.7";"1.8";"1.1";"0.5 | 0.8";"1.8 | 0.3";"";"83 | 17";"6.3 | 1.8";"2 | 5.8";"7.7";"66";"42"
"Argentina";"ARG";"Primera Division Women";"05-07-2026 14:00";"NS";"Newell's Old Boys W";"";"";"Belgrano W";"";"";"";"";"15 | 11";"11 | 28";"";"7 | 17";"34";"";"1.5";"2";"0.2 | 0.5";"1.5 | 0.8";"17";"42";"25";"83";"2.3";"16.6";"7.2";"8.2";"0.3 | 0.8";"8";"52 | 77";"50 | 17";"";"0 | 0.2";"0.5 | 0.5";"1";"0.6";"1 | 0.3";"0.2 | 0.3";"";"0 | 17";"3.5 | 4.5";"4.5 | 3.8";"7.7";"50";"50"
"Argentina";"ARG";"Primera Division Women";"05-07-2026 14:00";"NS";"Gimnasia La Plata W";"";"";"River Plate W";"";"";"";"";"6 | 3";"61 | 53";"";"61 | 41";"82";"";"2.8";"2";"1.8 | 1.2";"1.5 | 1";"64";"45";"44";"74";"2.3";"18.2";"7.6";"6.8";"1.8 | 1.6";"7";"52 | 70";"33 | 20";"";"0.5 | 0.4";"0.7 | 0";"2";"0.8";"0.8 | 1";"1.3 | 0.8";"";"50 | 40";"4 | 2.4";"2.3 | 4.8";"7.7";"45";"20"
"Argentina";"ARG";"Primera Division Women";"05-07-2026 14:00";"NS";"Banfield W";"";"";"SAT W";"";"";"";"";"5 | 9";"39 | 40";"";"41 | 34";"82";"";"2.5";"2";"1.2 | 1";"1.7 | 1.2";"65";"74";"54";"74";"2.3";"21.1";"9.5";"7.2";"1.2 | 1.2";"7";"46 | 63";"67 | 40";"";"0.5 | 0.2";"0.3 | 0.6";"1.7";"0.8";"1.3 | 0.6";"0.7 | 0.8";"";"33 | 20";"4.7 | 1.8";"3 | 4.8";"7.7";"45";"25"
"Australia";"AUS";"Western Australia NPL Women";"05-07-2026 04:00";"NS";"UWA Nedlands W";"";"";"Subiaco W";"";"";"";"";"8 | 6";"11 | 33";"";"24 | 54";"93";"";"3.6";"4";"0.7 | 1.6";"2.7 | 2.4";"55";"78";"62";"60";"3.2";"21.8";"10.3";"8.6";"0.3 | 1";"9";"10 | 21";"50 | 29";"";"0.5 | 0.4";"1.3 | 1.3";"1.9";"1.8";"1.3 | 1.1";"0.2 | 1.1";"";"0 | 29";"2.5 | 4.4";"7.7 | 2.7";"9";"63";"56"
"Australia";"AUS";"Western Australia NPL Women";"05-07-2026 04:00";"NS";"Perth RedStar W";"";"";"Perth W";"";"";"";"";"4 | 1";"56 | 100";"";"75 | 82";"72";"";"3.2";"3";"2.2 | 2.4";"1.5 | 0.2";"44";"54";"62";"46";"3.2";"19";"10.2";"10.2";"1.7 | 3";"10";"52 | 100";"67 | 40";"";"0.8 | 0.6";"0.2 | 0.2";"2.2";"0.9";"1.3 | 0";"1.3 | 1.8";"";"50 | 100";"7.8 | 7.4";"2.8 | 2.4";"9";"82";"72"
"Australia";"AUS";"Western Australia NPL Women";"05-07-2026 04:00";"NS";"Balcatta W";"";"";"Sorrento W";"";"";"";"";"2 | 7";"58 | 33";"";"88 | 48";"94";"";"4.2";"3";"2.6 | 1.4";"1.1 | 3.1";"54";"94";"88";"40";"3.2";"21";"10.5";"9";"1.8 | 1";"9";"66 | 2";"50 | 29";"";"1.8 | 0.6";"0.6 | 1.9";"1.8";"2.4";"0.5 | 1.3";"0.9 | 0.9";"";"50 | 29";"3.8 | 2.4";"3.6 | 8.1";"9";"60";"54"
"Australia";"AUS";"Capital Territory NPL Women";"05-07-2026 01:30";"NS";"Majura W";"";"";"Canberra W";"";"";"";"";"6 | 2";"5 | 83";"";"0 | 100";"93";"";"5.6";"5";"0 | 4.3";"6.3 | 0.7";"16";"77";"84";"38";"4.4";"18.6";"10.5";"11.5";"0.1 | 2.5";"11";"2 | 80";"29 | 50";"";"0 | 2";"3.3 | 0.5";"2.8";"2.9";"3 | 0.2";"0 | 2.3";"";"0 | 83";"0.2 | 7.5";"14 | 1.3";"9.7";"66";"66"
"Australia";"AUS";"Capital Territory NPL Women";"05-07-2026 01:30";"NS";"Canberra Olympic W";"";"";"Belconnen United W";"";"";"";"";"3 | 1";"56 | 89";"";"85 | 100";"100";"";"5.4";"5";"2.5 | 6.8";"1.2 | 0.2";"34";"100";"67";"50";"4.4";"16.9";"9.5";"9.2";"1.7 | 2.7";"10";"63 | 100";"33 | 50";"";"0.8 | 4";"1.2 | 0.2";"2.2";"3.1";"0 | 0";"1.7 | 2.8";"";"50 | 83";"5.7 | 10";"2.7 | 0.2";"9.7";"45";"36"
"Australia";"AUS";"Capital Territory NPL Women";"05-07-2026 03:00";"NS";"Tuggeranong United W";"";"";"Woden Weston W";"";"";"";"";"5 | 4";"29 | 15";"";"20 | 20";"82";"";"3.7";"4";"0.6 | 0.6";"2.4 | 3.9";"24";"64";"58";"59";"4.4";"18.5";"9.2";"9.9";"0.9 | 0.4";"10";"21 | 2";"50 | 44";"";"0.1 | 0.2";"0.9 | 1.8";"2.2";"1.5";"1.5 | 2.1";"0.5 | 0.3";"";"25 | 11";"4.2 | 3.6";"5.6 | 6.3";"9.7";"76";"71"
"Australia";"AUS";"Queensland NPL Women";"05-07-2026 05:00";"NS";"Brisbane City W";"";"";"Eastern Suburbs NPL";"";"";"";"";"2 | 1";"73 | 79";"";"78 | 75";"90";"";"2.9";"3";"2.3 | 2.2";"0.4 | 0.9";"51";"64";"51";"72";"3.3";"23.6";"11.5";"10.2";"2.2 | 2.4";"10";"100 | 74";"40 | 25";"";"0.7 | 1.1";"0.2 | 0.6";"1.6";"1.4";"0.2 | 0.2";"1.6 | 1.1";"";"60 | 75";"6.3 | 8.1";"2.7 | 3.4";"8.8";"70";"58"
"Australia";"AUS";"Victoria NPL Women";"05-07-2026 02:00";"NS";"Boroondara Eagles W";"";"";"South Melbourne W";"";"";"";"";"6 | 4";"62 | 38";"";"65 | 41";"81";"";"3";"4";"1.9 | 1.2";"1.6 | 1.2";"66";"81";"69";"66";"3.6";"21.8";"11";"9.8";"1.9 | 1.1";"9";"49 | 63";"43 | 38";"";"1.1 | 0.1";"0.4 | 0.8";"1.8";"1.2";"1.1 | 0.5";"0.7 | 1.1";"";"57 | 25";"5.7 | 6.4";"4.7 | 2.8";"9";"60";"54"
"Australia";"AUS";"New South Wales NPL Women";"05-07-2026 02:00";"NS";"Illawarra Stingrays W";"";"";"Sydney University W";"";"";"";"";"12 | 5";"21 | 52";"";"20 | 78";"81";"";"3";"3";"0.6 | 2.3";"1.4 | 1.6";"57";"76";"58";"66";"3.5";"22.8";"10.4";"8.8";"0.6 | 1.6";"8";"56 | 49";"62 | 56";"";"0.4 | 1.1";"0.6 | 0.8";"1.5";"1.4";"0.8 | 0.8";"0.2 | 1.2";"";"12 | 44";"5.1 | 4";"5 | 3.6";"8.6";"59";"42"
"Australia";"AUS";"New South Wales NPL Women";"05-07-2026 02:10";"NS";"Gladesville Ravens W";"";"";"Western Sydney II W";"";"";"";"";"9 | 4";"54 | 71";"";"61 | 61";"82";"";"3.2";"4";"1.8 | 1.8";"1.9 | 1";"50";"82";"62";"62";"3.5";"22.7";"11.8";"7.8";"1.6 | 2.1";"8";"38 | 70";"50 | 50";"";"1.1 | 1";"0.8 | 0.4";"1.6";"1.6";"1.1 | 0.6";"0.6 | 0.8";"";"50 | 62";"3.5 | 3";"6.1 | 3";"8.6";"44";"31"
"Australia";"AUS";"New South Wales NPL Women";"05-07-2026 03:50";"NS";"APIA Leichhardt W";"";"";"NWS Spirit W";"";"";"";"";"3 | 13";"79 | 17";"";"82 | 34";"94";"";"4.3";"3";"2.4 | 1";"1.1 | 4.1";"62";"82";"75";"37";"3.5";"25.5";"13.2";"7.9";"2.4 | 0.5";"8";"66 | 2";"38 | 38";"";"0.9 | 0.5";"0.2 | 2.1";"2.4";"1.8";"0.9 | 2";"1.5 | 0.5";"";"75 | 12";"5.5 | 1.9";"2.2 | 6.1";"8.6";"56";"44"
"Australia";"AUS";"New South Wales NPL Women";"05-07-2026 04:00";"NS";"Mt Druitt Town W";"";"";"Manly United W";"";"";"";"";"14 | 7";"22 | 38";"";"41 | 51";"78";"";"3.2";"4";"1.2 | 1.5";"2.1 | 1.6";"71";"76";"64";"59";"3.5";"23.5";"11.3";"8";"0.7 | 1.1";"8";"32 | 49";"44 | 38";"";"0.7 | 0.2";"1.1 | 1";"1.8";"1.5";"1 | 0.6";"0.6 | 1.2";"";"22 | 25";"2.3 | 4.6";"4 | 5";"8.6";"60";"42"
"Australia";"AUS";"New South Wales NPL Women";"05-07-2026 04:30";"NS";"Hills United W";"";"";"Macarthur Rams W";"";"";"";"";"11 | 10";"37 | 21";"";"44 | 31";"76";"";"2.8";"4";"1.3 | 0.9";"1.6 | 1.8";"66";"83";"59";"71";"3.5";"20.8";"9.7";"7.6";"1.1 | 0.6";"8";"49 | 42";"56 | 62";"";"0.7 | 0.2";"0.7 | 1.4";"1.3";"1.5";"0.9 | 0.4";"0.7 | 0.6";"";"33 | 12";"2.1 | 4";"4.1 | 5";"8.6";"54";"48"
"Australia";"AUS";"New South Wales NPL Women";"05-07-2026 04:40";"NS";"Sydney Olympic W";"";"";"Bulls Academy W";"";"";"";"";"8 | 2";"37 | 79";"";"58 | 100";"94";"";"3.6";"3";"1.7 | 3";"2 | 0.6";"40";"78";"70";"47";"3.5";"22.4";"11.4";"10.4";"1.1 | 2.4";"10";"35 | 84";"56 | 50";"";"1 | 1.2";"0.4 | 0.2";"2.2";"1.4";"1.6 | 0.4";"0.7 | 1.8";"";"33 | 75";"4.9 | 7";"4.2 | 4.6";"8.6";"78";"66"
"Australia";"AUS";"VIC Premier League Womens";"05-07-2026 02:00";"NS";"Melbourne University W";"";"";"Bundoora United W";"";"";"";"";"10 | 2";"28 | 78";"";"34 | 100";"92";"";"4.2";"5";"1 | 3";"3.3 | 1";"58";"";"83";"34";"4.2";"";"";"";"0.8 | 2.3";"";"2 | 70";"50 | 50";"";"";"";"1.2";"0.6";"";"";"";"17 | 67";"";"";"8.9";"";""
"Australia";"AUS";"VIC Premier League Womens";"05-07-2026 02:00";"NS";"Bayside Argonauts W";"";"";"Banyule City W";"";"";"";"";"8 | 12";"39 | 17";"";"100 | 27";"100";"";"5.1";"5";"3 | 0.8";"2.5 | 3.8";"84";"100";"100";"25";"4.2";"25.5";"15.4";"9.6";"1.2 | 0.5";"10";"18 | 2";"33 | 33";"";"1.8 | 0.3";"0.6 | 1.7";"1.8";"1.5";"2.2 | 6";"2 | 1.3";"";"33 | 17";"6.8 | 1.7";"4 | 6.7";"8.9";"100";"54"
"China";"CHN";"Super League Women";"05-07-2026 05:00";"NS";"Beijing BG Phoenix W";"";"";"Shaanxi Chang AN Athletic FC W";"";"";"";"";"1 | 10";"100 | 0";"";"100 | 17";"75";"";"3.2";"3";"3 | 0.5";"1.5 | 1.5";"75";"50";"75";"50";"2.7";"13.2";"6.8";"9.2";"3 | 0";"10";"52 | 52";"50 | 50";"";"0.5 | 0";"0 | 1";"2.5";"0.8";"1.5 | 0.5";"2.5 | 0.5";"";"100 | 0";"7.5 | 3.5";"2.5 | 5";"9.8";"75";"75"
"China";"CHN";"Super League Women";"05-07-2026 06:00";"NS";"Changchun Dazhong Zhiye W";"";"";"Guangdong Meizhou Hakka W";"";"";"";"";"7 | 8";"67 | 33";"";"51 | 68";"100";"";"3.2";"3";"1.5 | 2";"1 | 2";"100";"100";"75";"50";"2.7";"11.8";"6";"9.5";"2 | 1";"10";"70 | 35";"50 | 100";"";"1.5 | 1";"0.5 | 0.5";"1.5";"1.8";"0.5 | 1.5";"0 | 1";"";"50 | 0";"4 | 4.5";"4 | 6.5";"9.8";"75";"75"
"China";"CHN";"Super League Women";"05-07-2026 08:35";"NS";"Wuhan Jiangda W";"";"";"Liaoning Shenbei Hefeng W";"";"";"";"";"4 | 2";"50 | 100";"";"17 | 44";"42";"";"2.4";"3";"0.5 | 1.3";"2.5 | 0.3";"16";"25";"42";"75";"2.7";"21.8";"8.6";"13.1";"1.5 | 3";"11";"18 | 100";"50 | 33";"";"0 | 0";"0.5 | 0";"2.1";"0.2";"2 | 0.3";"0.5 | 1.3";"";"50 | 100";"6.5 | 7.7";"7 | 5";"9.8";"100";"100"
"Finland";"FIN";"Kansallinen Liiga Women";"05-07-2026 10:00";"NS";"VIFK W";"";"";"Gnistan W";"";"";"";"";"8 | 6";"0 | 20";"";"20 | 34";"90";"";"3.8";"4";"0.6 | 1";"2.2 | 3.8";"50";"70";"80";"50";"3.8";"24";"10";"13.2";"0 | 0.6";"12";"28 | 2";"60 | 60";"";"0 | 0.6";"0.6 | 1.4";"2.5";"1.3";"1.6 | 2.4";"0.6 | 0.4";"";"0 | 20";"3.4 | 3.8";"9.4 | 9.8";"11.1";"100";"100"
"Finland";"FIN";"Ykkönen Women";"05-07-2026 07:00";"NS";"HJK II W";"";"";"ONS W";"";"";"";"";"4 | 5";"89 | 33";"";"100 | 48";"77";"";"3.4";"3";"3.2 | 1.4";"0.7 | 1.4";"55";"70";"62";"45";"3.4";"18";"9";"8.4";"2.7 | 1";"9";"80 | 56";"67 | 57";"";"1.8 | 0.6";"0.2 | 0.7";"1.7";"1.6";"0.5 | 0.7";"1.3 | 0.9";"";"83 | 29";"5.5 | 3.5";"2.5 | 5.3";"9.1";"75";"50"
"Iceland";"ISL";"2. Deild Women";"05-07-2026 11:00";"NS";"KFR W";"";"";"Einherji W";"";"";"";"";"11 | 3";"8 | 67";"";"17 | 100";"100";"";"6";"6";"0.5 | 6.3";"3.5 | 1.7";"42";"100";"75";"25";"5.6";"";"";"";"0.2 | 2";"";"2 | 46";"50 | 33";"";"0.5 | 3.3";"1.5 | 0.7";"2.6";"2.5";"2 | 1";"4 | 3";"";"0 | 67";"";"";"9";"";""
"Latvia";"LVA";"Women League";"05-07-2026 13:00";"NS";"Metta W";"";"";"Riga W";"";"";"";"";"3 | 1";"60 | 100";"";"100 | 100";"100";"";"8.6";"8";"5.2 | 10.3";"1.8 | 0";"20";"100";"90";"10";"6.8";"";"";"";"1.8 | 3";"";"42 | 100";"40 | 33";"";"2.8 | 4.7";"1.4 | 0";"4.2";"4.4";"0.4 | 0";"2.4 | 5.7";"";"60 | 100";"";"";"5";"";""
"Northern Ireland";"NIR";"Women's Premiership League Cup";"05-07-2026 11:00";"NS";"Cliftonville W";"";"";"Glentoran BU W";"";"";"";"";"";"";"";"";"";"";"";"";"";"";"";"";"";"";"";"";"";"";"";"";"";"";"";"";"";"";"";"";"";"";"";"";"";"";"";""
"Russia";"RUS";"Women's Cup";"05-07-2026 07:00";"NS";"Rubin Kazan W";"";"";"Dinamo Moskva W";"";"";"";"";"";"";"";"";"";"";"";"";"";"";"";"";"";"";"";"";"";"";"";"";"";"";"";"";"";"";"";"";"";"";"";"";"";"";"";""
"Vietnam";"VIE";"Women's National League";"05-07-2026 06:00";"NS";"Ha Noi W";"";"";"PP Ha Nam W";"";"";"";"";"";"";"";"";"";"";"";"";"";"";"";"";"";"";"";"";"";"";"";"";"";"";"";"";"";"";"";"";"";"";"";"";"";"";"";""
"Vietnam";"VIE";"Women's National League";"05-07-2026 06:00";"NS";"TKS Viet Nam W";"";"";"Ho Chi Minh City W";"";"";"";"";"";"";"";"";"";"";"";"";"";"";"";"";"";"";"";"";"";"";"";"";"";"";"";"";"";"";"";"";"";"";"";"";"";"";"";""
"World";"WOR";"Club Friendlies 1";"05-07-2026 12:00";"NS";"MTE 1904";"";"";"Beşiktaş";"";"";"";"";"";"";"";"";"";"";"";"";"";"";"";"";"";"";"";"";"";"";"";"";"";"";"";"";"";"";"";"";"";"";"";"";"";"";"";""
"World";"WOR";"Club Friendlies 2";"05-07-2026 21:00";"NS";"Cracovia Kraków";"";"";"İstanbul Başakşehir";"";"";"";"";"";"";"";"";"";"";"";"";"";"";"";"";"";"";"";"";"";"";"";"";"";"";"";"";"";"";"";"";"";"";"";"";"";"";"";""
"World";"WOR";"Club Friendlies 3";"05-07-2026 06:00";"CANCELLED";"Prostějov";"";"";"Skalica";"";"";"";"";"";"67 | 100";"";"54 | 68";"90";"";"2.7";"3";"1.6 | 2";"0.8 | 1";"80";"38";"80";"100";"3.4";"15.5";"6.8";"12.4";"2 | 3";"11";"77 | 70";"60 | 100";"";"0.8 | 0";"0.2 | 0";"2";"0.4";"1 | 1";"1 | 2";"";"60 | 100";"6 | 6";"7.2 | 5.5";"9";"75";"75"
"World";"WOR";"Club Friendlies 3";"05-07-2026 08:00";"NS";"AGF";"";"";"Motherwell";"";"";"";"";"";"";"";"";"";"";"";"";"";"";"";"";"";"";"";"";"";"";"";"";"";"";"";"";"";"";"";"";"";"";"";"";"";"";"";""
"World";"WOR";"Club Friendlies 3";"05-07-2026 09:00";"NS";"Altona 93";"";"";"Phönix Lübeck";"";"";"";"";"";"";"";"";"";"";"";"";"";"";"";"";"";"";"";"";"";"";"";"";"";"";"";"";"";"";"";"";"";"";"";"";"";"";"";""
"World";"WOR";"Club Friendlies 3";"05-07-2026 09:30";"NS";"RKAV Volendam";"";"";"FC Volendam";"";"";"";"";"";"";"";"";"";"";"";"";"";"";"";"";"";"";"";"";"";"";"";"";"";"";"";"";"";"";"";"";"";"";"";"";"";"";"";""
"World";"WOR";"Club Friendlies 3";"05-07-2026 10:00";"NS";"SK Rapid";"";"";"Pardubice";"";"";"";"";"1 | 2";"100 | 67";"";"95 | 17";"25";"";"2";"3";"2.8 | 0.5";"0.8 | 0";"25";"50";"25";"75";"3.4";"";"";"";"3 | 2";"";"77 | 100";"50 | 50";"";"1.2 | 0.5";"0.2 | 0";"1";"1";"0.5 | 0";"1.5 | 0";"";"100 | 50";"";"";"9";"";""
"World";"WOR";"Club Friendlies 3";"05-07-2026 10:30";"NS";"Rosenborg";"";"";"Molde";"";"";"";"";"1 | 2";"78 | 67";"";"58 | 34";"42";"";"1.8";"2";"1.7 | 1";"0.3 | 0.5";"42";"58";"42";"84";"3.4";"";"";"";"2.3 | 2";"";"100 | 88";"33 | 50";"";"0.7 | 0.5";"0.3 | 0";"1";"0.8";"0 | 0.5";"1 | 0.5";"";"67 | 50";"";"";"9";"";""
"World";"WOR";"Club Friendlies 3";"05-07-2026 11:00";"NS";"Metalist 1925 Kharkiv";"";"";"Young Boys";"";"";"";"";"";"";"";"";"";"";"";"";"";"";"";"";"";"";"";"";"";"";"";"";"";"";"";"";"";"";"";"";"";"";"";"";"";"";"";""
"World";"WOR";"Club Friendlies 3";"05-07-2026 12:00";"NS";"FT Braunschweig";"";"";"Eintracht Braunschweig";"";"";"";"";"";"";"";"";"";"";"";"";"";"";"";"";"";"";"";"";"";"";"";"";"";"";"";"";"";"";"";"";"";"";"";"";"";"";"";""
"World";"WOR";"Club Friendlies 3";"05-07-2026 12:15";"NS";"SK Rapid";"";"";"Rapid Bucuresti";"";"";"";"";"1 | 2";"100 | 0";"";"95 | 34";"75";"";"3.2";"3";"2.8 | 1";"0.8 | 2";"75";"75";"75";"75";"3.4";"";"";"";"3 | 0";"";"77 | 35";"50 | 100";"";"1.2 | 0.5";"0.2 | 1";"1.8";"1.5";"0.5 | 1";"1.5 | 0.5";"";"100 | 0";"";"";"9";"";""
"World";"WOR";"Hybrid Friendlies";"05-07-2026 19:00";"NS";"Los Angeles FC";"";"";"El Salvador";"";"";"";"";"";"";"";"";"";"";"";"";"";"";"";"";"";"";"";"";"";"";"";"";"";"";"";"";"";"";"";"";"";"";"";"";"";"";"";""
"World";"WOR";"U17 National Team Friendlies";"05-07-2026 08:35";"NS";"China PR U17";"";"";"Australia U17";"";"";"";"";"";"";"";"";"";"";"";"";"";"";"";"";"";"";"";"";"";"";"";"";"";"";"";"";"";"";"";"";"";"";"";"";"";"";"";""
"South Africa";"RSA";"Super League Women";"05-07-2026 05:00";"NS";"University of JHB W";"";"";"City Lads W";"";"";"";"";"";"";"";"";"";"";"";"";"";"";"";"";"";"";"";"";"";"";"";"";"";"";"";"";"";"";"";"";"";"";"";"";"";"";"";""
"South Africa";"RSA";"Super League Women";"05-07-2026 07:30";"NS";"Stellenbosch W";"";"";"Diepkloof Ladies";"";"";"";"";"7 | 8";"0 | 0";"";"17 | 17";"100";"";"3.8";"4";"0.5 | 0.5";"2.5 | 4";"50";"";"100";"75";"3.1";"";"";"";"0 | 0";"";"18 | 2";"100 | 50";"";"";"";"1.2";"1";"";"";"";"0 | 0";"";"";"7.7";"";""
"South Africa";"RSA";"Super League Women";"05-07-2026 10:30";"NS";"TS Galaxy Queens W";"";"";"Richmond United W";"";"";"";"";"2 | 6";"67 | 0";"";"100 | 17";"100";"";"4.5";"4";"3 | 0.5";"1.5 | 4";"75";"100";"100";"0";"3.1";"";"";"8.5";"2 | 0";"8";"52 | 2";"50 | 50";"";"1.5 | 0";"0.5 | 2";"2.5";"2";"1 | 2";"1.5 | 0.5";"";"50 | 0";"3.5 | 1.5";"5.5 | 6.5";"7.7";"100";"25"